group_desc,domaincat_desc,commodity_desc,CV (%),statisticcat_desc,short_desc,source_desc,zip_5,watershed_desc,agg_level_desc,class_desc,watershed_code,state_name,country_code,sector_desc,prodn_practice_desc,asd_desc,load_time,county_code,begin_code,week_ending,state_ansi,county_name,Value,end_code,country_name,asd_code,county_ansi,state_fips_code,state_alpha,location_desc,reference_period_desc,freq_desc,congr_district_code,util_practice_desc,domain_desc,region_desc,year,unit_desc
CROP TOTALS,IRRIGATION STATUS: (ANY ON OPERATION),CROP TOTALS,(D),SALES,"CROP TOTALS - SALES, MEASURED IN $",CENSUS,,,STATE,ALL CLASSES,00000000,NEVADA,9000,CROPS,ALL PRODUCTION PRACTICES,,2024-07-02 12:00:00.000,,00,,32,,                 (D),00,UNITED STATES,,,32,NV,NEVADA,YEAR,ANNUAL,,ALL UTILIZATION PRACTICES,IRRIGATION STATUS,,2022,$
CROP TOTALS,IRRIGATION STATUS: (ANY ON OPERATION),CROP TOTALS,41.0,SALES,"CROP TOTALS - SALES, MEASURED IN $",CENSUS,,,STATE,ALL CLASSES,00000000,NEVADA,9000,CROPS,ALL PRODUCTION PRACTICES,,2018-02-01 00:00:00.000,,00,,32,,"276,077,000",00,UNITED STATES,,,32,NV,NEVADA,YEAR,ANNUAL,,ALL UTILIZATION PRACTICES,IRRIGATION STATUS,,2017,$
CROP TOTALS,IRRIGATION STATUS: (ANY ON OPERATION),CROP TOTALS,42.9,SALES,"CROP TOTALS - SALES, MEASURED IN $",CENSUS,,,STATE,ALL CLASSES,00000000,NEVADA,9000,CROPS,ALL PRODUCTION PRACTICES,,2012-12-31 00:00:00.000,,00,,32,,"362,018,000",00,UNITED STATES,,,32,NV,NEVADA,YEAR,ANNUAL,,ALL UTILIZATION PRACTICES,IRRIGATION STATUS,,2012,$
CROP TOTALS,IRRIGATION STATUS: (ANY ON OPERATION),CROP TOTALS,,SALES,"CROP TOTALS - SALES, MEASURED IN $",CENSUS,,,STATE,ALL CLASSES,00000000,NEVADA,9000,CROPS,ALL PRODUCTION PRACTICES,,2012-01-01 00:00:00.000,,00,,32,,"219,341,000",00,UNITED STATES,,,32,NV,NEVADA,YEAR,ANNUAL,,ALL UTILIZATION PRACTICES,IRRIGATION STATUS,,2007,$
CROP TOTALS,IRRIGATION STATUS: (ANY ON OPERATION),CROP TOTALS,,SALES,"CROP TOTALS - SALES, MEASURED IN $",CENSUS,,,STATE,ALL CLASSES,00000000,NEVADA,9000,CROPS,ALL PRODUCTION PRACTICES,,2012-01-01 00:00:00.000,,00,,32,,"157,681,000",00,UNITED STATES,,,32,NV,NEVADA,YEAR,ANNUAL,,ALL UTILIZATION PRACTICES,IRRIGATION STATUS,,2002,$
CROP TOTALS,IRRIGATION STATUS: (ANY ON OPERATION),CROP TOTALS,,SALES,"CROP TOTALS - SALES, MEASURED IN $",CENSUS,,,STATE,ALL CLASSES,00000000,NEVADA,9000,CROPS,ALL PRODUCTION PRACTICES,,2012-01-01 00:00:00.000,,00,,32,,"153,225,000",00,UNITED STATES,,,32,NV,NEVADA,YEAR,ANNUAL,,ALL UTILIZATION PRACTICES,IRRIGATION STATUS,,1997,$
CROP TOTALS,IRRIGATION STATUS: (HARVESTED CROPLAND IS ENTIRELY IRRIGATED),CROP TOTALS,4.9,SALES,"CROP TOTALS - SALES, MEASURED IN $",CENSUS,,,STATE,ALL CLASSES,00000000,NEVADA,9000,CROPS,ALL PRODUCTION PRACTICES,,2024-07-02 12:00:00.000,,00,,32,,"438,265,000",00,UNITED STATES,,,32,NV,NEVADA,YEAR,ANNUAL,,ALL UTILIZATION PRACTICES,IRRIGATION STATUS,,2022,$
CROP TOTALS,IRRIGATION STATUS: (HARVESTED CROPLAND IS ENTIRELY IRRIGATED),CROP TOTALS,47.5,SALES,"CROP TOTALS - SALES, MEASURED IN $",CENSUS,,,STATE,ALL CLASSES,00000000,NEVADA,9000,CROPS,ALL PRODUCTION PRACTICES,,2018-02-01 00:00:00.000,,00,,32,,"238,435,000",00,UNITED STATES,,,32,NV,NEVADA,YEAR,ANNUAL,,ALL UTILIZATION PRACTICES,IRRIGATION STATUS,,2017,$
CROP TOTALS,IRRIGATION STATUS: (HARVESTED CROPLAND IS ENTIRELY IRRIGATED),CROP TOTALS,42.5,SALES,"CROP TOTALS - SALES, MEASURED IN $",CENSUS,,,STATE,ALL CLASSES,00000000,NEVADA,9000,CROPS,ALL PRODUCTION PRACTICES,,2012-12-31 00:00:00.000,,00,,32,,"336,382,000",00,UNITED STATES,,,32,NV,NEVADA,YEAR,ANNUAL,,ALL UTILIZATION PRACTICES,IRRIGATION STATUS,,2012,$
CROP TOTALS,IRRIGATION STATUS: (HARVESTED CROPLAND IS ENTIRELY IRRIGATED),CROP TOTALS,,SALES,"CROP TOTALS - SALES, MEASURED IN $",CENSUS,,,STATE,ALL CLASSES,00000000,NEVADA,9000,CROPS,ALL PRODUCTION PRACTICES,,2012-01-01 00:00:00.000,,00,,32,,"215,394,000",00,UNITED STATES,,,32,NV,NEVADA,YEAR,ANNUAL,,ALL UTILIZATION PRACTICES,IRRIGATION STATUS,,2007,$
CROP TOTALS,IRRIGATION STATUS: (HARVESTED CROPLAND IS ENTIRELY IRRIGATED),CROP TOTALS,,SALES,"CROP TOTALS - SALES, MEASURED IN $",CENSUS,,,STATE,ALL CLASSES,00000000,NEVADA,9000,CROPS,ALL PRODUCTION PRACTICES,,2012-01-01 00:00:00.000,,00,,32,,"145,979,000",00,UNITED STATES,,,32,NV,NEVADA,YEAR,ANNUAL,,ALL UTILIZATION PRACTICES,IRRIGATION STATUS,,2002,$
CROP TOTALS,IRRIGATION STATUS: (HARVESTED CROPLAND IS ENTIRELY IRRIGATED),CROP TOTALS,,SALES,"CROP TOTALS - SALES, MEASURED IN $",CENSUS,,,STATE,ALL CLASSES,00000000,NEVADA,9000,CROPS,ALL PRODUCTION PRACTICES,,2012-01-01 00:00:00.000,,00,,32,,"153,216,000",00,UNITED STATES,,,32,NV,NEVADA,YEAR,ANNUAL,,ALL UTILIZATION PRACTICES,IRRIGATION STATUS,,1997,$
CROP TOTALS,IRRIGATION STATUS: (NONE ON OPERATION),CROP TOTALS,(D),SALES,"CROP TOTALS - SALES, MEASURED IN $",CENSUS,,,STATE,ALL CLASSES,00000000,NEVADA,9000,CROPS,ALL PRODUCTION PRACTICES,,2024-07-02 12:00:00.000,,00,,32,,                 (D),00,UNITED STATES,,,32,NV,NEVADA,YEAR,ANNUAL,,ALL UTILIZATION PRACTICES,IRRIGATION STATUS,,2022,$
CROP TOTALS,IRRIGATION STATUS: (NONE ON OPERATION),CROP TOTALS,58.2,SALES,"CROP TOTALS - SALES, MEASURED IN $",CENSUS,,,STATE,ALL CLASSES,00000000,NEVADA,9000,CROPS,ALL PRODUCTION PRACTICES,,2012-12-31 00:00:00.000,,00,,32,,"3,992,000",00,UNITED STATES,,,32,NV,NEVADA,YEAR,ANNUAL,,ALL UTILIZATION PRACTICES,IRRIGATION STATUS,,2012,$
CROP TOTALS,IRRIGATION STATUS: (NONE ON OPERATION),CROP TOTALS,,SALES,"CROP TOTALS - SALES, MEASURED IN $",CENSUS,,,STATE,ALL CLASSES,00000000,NEVADA,9000,CROPS,ALL PRODUCTION PRACTICES,,2012-01-01 00:00:00.000,,00,,32,,"49,000",00,UNITED STATES,,,32,NV,NEVADA,YEAR,ANNUAL,,ALL UTILIZATION PRACTICES,IRRIGATION STATUS,,2002,$
CROP TOTALS,NAICS CLASSIFICATION: (111),CROP TOTALS,5.2,SALES,"CROP TOTALS - SALES, MEASURED IN $",CENSUS,,,STATE,ALL CLASSES,00000000,NEVADA,9000,CROPS,ALL PRODUCTION PRACTICES,,2024-07-02 12:00:00.000,,00,,32,,"419,524,000",00,UNITED STATES,,,32,NV,NEVADA,YEAR,ANNUAL,,ALL UTILIZATION PRACTICES,NAICS CLASSIFICATION,,2022,$
CROP TOTALS,NAICS CLASSIFICATION: (111),CROP TOTALS,44.4,SALES,"CROP TOTALS - SALES, MEASURED IN $",CENSUS,,,STATE,ALL CLASSES,00000000,NEVADA,9000,CROPS,ALL PRODUCTION PRACTICES,,2018-02-01 00:00:00.000,,00,,32,,"255,258,000",00,UNITED STATES,,,32,NV,NEVADA,YEAR,ANNUAL,,ALL UTILIZATION PRACTICES,NAICS CLASSIFICATION,,2017,$
CROP TOTALS,NAICS CLASSIFICATION: (111),CROP TOTALS,46.5,SALES,"CROP TOTALS - SALES, MEASURED IN $",CENSUS,,,STATE,ALL CLASSES,00000000,NEVADA,9000,CROPS,ALL PRODUCTION PRACTICES,,2012-12-31 00:00:00.000,,00,,32,,"336,293,000",00,UNITED STATES,,,32,NV,NEVADA,YEAR,ANNUAL,,ALL UTILIZATION PRACTICES,NAICS CLASSIFICATION,,2012,$
CROP TOTALS,NAICS CLASSIFICATION: (111),CROP TOTALS,,SALES,"CROP TOTALS - SALES, MEASURED IN $",CENSUS,,,STATE,ALL CLASSES,00000000,NEVADA,9000,CROPS,ALL PRODUCTION PRACTICES,,2012-01-01 00:00:00.000,,00,,32,,"209,537,000",00,UNITED STATES,,,32,NV,NEVADA,YEAR,ANNUAL,,ALL UTILIZATION PRACTICES,NAICS CLASSIFICATION,,2007,$
CROP TOTALS,NAICS CLASSIFICATION: (111),CROP TOTALS,,SALES,"CROP TOTALS - SALES, MEASURED IN $",CENSUS,,,STATE,ALL CLASSES,00000000,NEVADA,9000,CROPS,ALL PRODUCTION PRACTICES,,2012-01-01 00:00:00.000,,00,,32,,"146,817,000",00,UNITED STATES,,,32,NV,NEVADA,YEAR,ANNUAL,,ALL UTILIZATION PRACTICES,NAICS CLASSIFICATION,,2002,$
CROP TOTALS,NAICS CLASSIFICATION: (1111),CROP TOTALS,(D),SALES,"CROP TOTALS - SALES, MEASURED IN $",CENSUS,,,STATE,ALL CLASSES,00000000,NEVADA,9000,CROPS,ALL PRODUCTION PRACTICES,,2024-07-02 12:00:00.000,,00,,32,,                 (D),00,UNITED STATES,,,32,NV,NEVADA,YEAR,ANNUAL,,ALL UTILIZATION PRACTICES,NAICS CLASSIFICATION,,2022,$
CROP TOTALS,NAICS CLASSIFICATION: (1111),CROP TOTALS,(D),SALES,"CROP TOTALS - SALES, MEASURED IN $",CENSUS,,,STATE,ALL CLASSES,00000000,NEVADA,9000,CROPS,ALL PRODUCTION PRACTICES,,2018-02-01 00:00:00.000,,00,,32,,                 (D),00,UNITED STATES,,,32,NV,NEVADA,YEAR,ANNUAL,,ALL UTILIZATION PRACTICES,NAICS CLASSIFICATION,,2017,$
CROP TOTALS,NAICS CLASSIFICATION: (1111),CROP TOTALS,(D),SALES,"CROP TOTALS - SALES, MEASURED IN $",CENSUS,,,STATE,ALL CLASSES,00000000,NEVADA,9000,CROPS,ALL PRODUCTION PRACTICES,,2012-12-31 00:00:00.000,,00,,32,,                 (D),00,UNITED STATES,,,32,NV,NEVADA,YEAR,ANNUAL,,ALL UTILIZATION PRACTICES,NAICS CLASSIFICATION,,2012,$
CROP TOTALS,NAICS CLASSIFICATION: (1111),CROP TOTALS,,SALES,"CROP TOTALS - SALES, MEASURED IN $",CENSUS,,,STATE,ALL CLASSES,00000000,NEVADA,9000,CROPS,ALL PRODUCTION PRACTICES,,2012-01-01 00:00:00.000,,00,,32,,                 (D),00,UNITED STATES,,,32,NV,NEVADA,YEAR,ANNUAL,,ALL UTILIZATION PRACTICES,NAICS CLASSIFICATION,,2007,$
CROP TOTALS,NAICS CLASSIFICATION: (1111),CROP TOTALS,,SALES,"CROP TOTALS - SALES, MEASURED IN $",CENSUS,,,STATE,ALL CLASSES,00000000,NEVADA,9000,CROPS,ALL PRODUCTION PRACTICES,,2012-01-01 00:00:00.000,,00,,32,,                 (D),00,UNITED STATES,,,32,NV,NEVADA,YEAR,ANNUAL,,ALL UTILIZATION PRACTICES,NAICS CLASSIFICATION,,2002,$
CROP TOTALS,NAICS CLASSIFICATION: (11113),CROP TOTALS,90.8,SALES,"CROP TOTALS - SALES, MEASURED IN $",CENSUS,,,STATE,ALL CLASSES,00000000,NEVADA,9000,CROPS,ALL PRODUCTION PRACTICES,,2018-02-01 00:00:00.000,,00,,32,,"700,000",00,UNITED STATES,,,32,NV,NEVADA,YEAR,ANNUAL,,ALL UTILIZATION PRACTICES,NAICS CLASSIFICATION,,2017,$
CROP TOTALS,NAICS CLASSIFICATION: (11114),CROP TOTALS,(D),SALES,"CROP TOTALS - SALES, MEASURED IN $",CENSUS,,,STATE,ALL CLASSES,00000000,NEVADA,9000,CROPS,ALL PRODUCTION PRACTICES,,2024-07-02 12:00:00.000,,00,,32,,                 (D),00,UNITED STATES,,,32,NV,NEVADA,YEAR,ANNUAL,,ALL UTILIZATION PRACTICES,NAICS CLASSIFICATION,,2022,$
CROP TOTALS,NAICS CLASSIFICATION: (11114),CROP TOTALS,(D),SALES,"CROP TOTALS - SALES, MEASURED IN $",CENSUS,,,STATE,ALL CLASSES,00000000,NEVADA,9000,CROPS,ALL PRODUCTION PRACTICES,,2018-02-01 00:00:00.000,,00,,32,,                 (D),00,UNITED STATES,,,32,NV,NEVADA,YEAR,ANNUAL,,ALL UTILIZATION PRACTICES,NAICS CLASSIFICATION,,2017,$
CROP TOTALS,NAICS CLASSIFICATION: (11114),CROP TOTALS,(D),SALES,"CROP TOTALS - SALES, MEASURED IN $",CENSUS,,,STATE,ALL CLASSES,00000000,NEVADA,9000,CROPS,ALL PRODUCTION PRACTICES,,2012-12-31 00:00:00.000,,00,,32,,                 (D),00,UNITED STATES,,,32,NV,NEVADA,YEAR,ANNUAL,,ALL UTILIZATION PRACTICES,NAICS CLASSIFICATION,,2012,$
CROP TOTALS,NAICS CLASSIFICATION: (11114),CROP TOTALS,,SALES,"CROP TOTALS - SALES, MEASURED IN $",CENSUS,,,STATE,ALL CLASSES,00000000,NEVADA,9000,CROPS,ALL PRODUCTION PRACTICES,,2012-01-01 00:00:00.000,,00,,32,,                 (D),00,UNITED STATES,,,32,NV,NEVADA,YEAR,ANNUAL,,ALL UTILIZATION PRACTICES,NAICS CLASSIFICATION,,2002,$
CROP TOTALS,NAICS CLASSIFICATION: (11115),CROP TOTALS,(D),SALES,"CROP TOTALS - SALES, MEASURED IN $",CENSUS,,,STATE,ALL CLASSES,00000000,NEVADA,9000,CROPS,ALL PRODUCTION PRACTICES,,2024-07-02 12:00:00.000,,00,,32,,                 (D),00,UNITED STATES,,,32,NV,NEVADA,YEAR,ANNUAL,,ALL UTILIZATION PRACTICES,NAICS CLASSIFICATION,,2022,$
CROP TOTALS,NAICS CLASSIFICATION: (11115),CROP TOTALS,(D),SALES,"CROP TOTALS - SALES, MEASURED IN $",CENSUS,,,STATE,ALL CLASSES,00000000,NEVADA,9000,CROPS,ALL PRODUCTION PRACTICES,,2018-02-01 00:00:00.000,,00,,32,,                 (D),00,UNITED STATES,,,32,NV,NEVADA,YEAR,ANNUAL,,ALL UTILIZATION PRACTICES,NAICS CLASSIFICATION,,2017,$
CROP TOTALS,NAICS CLASSIFICATION: (11115),CROP TOTALS,(D),SALES,"CROP TOTALS - SALES, MEASURED IN $",CENSUS,,,STATE,ALL CLASSES,00000000,NEVADA,9000,CROPS,ALL PRODUCTION PRACTICES,,2012-12-31 00:00:00.000,,00,,32,,                 (D),00,UNITED STATES,,,32,NV,NEVADA,YEAR,ANNUAL,,ALL UTILIZATION PRACTICES,NAICS CLASSIFICATION,,2012,$
CROP TOTALS,NAICS CLASSIFICATION: (11115),CROP TOTALS,,SALES,"CROP TOTALS - SALES, MEASURED IN $",CENSUS,,,STATE,ALL CLASSES,00000000,NEVADA,9000,CROPS,ALL PRODUCTION PRACTICES,,2012-01-01 00:00:00.000,,00,,32,,                 (D),00,UNITED STATES,,,32,NV,NEVADA,YEAR,ANNUAL,,ALL UTILIZATION PRACTICES,NAICS CLASSIFICATION,,2007,$
CROP TOTALS,NAICS CLASSIFICATION: (11115),CROP TOTALS,,SALES,"CROP TOTALS - SALES, MEASURED IN $",CENSUS,,,STATE,ALL CLASSES,00000000,NEVADA,9000,CROPS,ALL PRODUCTION PRACTICES,,2012-01-01 00:00:00.000,,00,,32,,"30,000",00,UNITED STATES,,,32,NV,NEVADA,YEAR,ANNUAL,,ALL UTILIZATION PRACTICES,NAICS CLASSIFICATION,,2002,$
CROP TOTALS,NAICS CLASSIFICATION: (11119),CROP TOTALS,(D),SALES,"CROP TOTALS - SALES, MEASURED IN $",CENSUS,,,STATE,ALL CLASSES,00000000,NEVADA,9000,CROPS,ALL PRODUCTION PRACTICES,,2024-07-02 12:00:00.000,,00,,32,,                 (D),00,UNITED STATES,,,32,NV,NEVADA,YEAR,ANNUAL,,ALL UTILIZATION PRACTICES,NAICS CLASSIFICATION,,2022,$
CROP TOTALS,NAICS CLASSIFICATION: (11119),CROP TOTALS,(D),SALES,"CROP TOTALS - SALES, MEASURED IN $",CENSUS,,,STATE,ALL CLASSES,00000000,NEVADA,9000,CROPS,ALL PRODUCTION PRACTICES,,2018-02-01 00:00:00.000,,00,,32,,                 (D),00,UNITED STATES,,,32,NV,NEVADA,YEAR,ANNUAL,,ALL UTILIZATION PRACTICES,NAICS CLASSIFICATION,,2017,$
CROP TOTALS,NAICS CLASSIFICATION: (11119),CROP TOTALS,(D),SALES,"CROP TOTALS - SALES, MEASURED IN $",CENSUS,,,STATE,ALL CLASSES,00000000,NEVADA,9000,CROPS,ALL PRODUCTION PRACTICES,,2012-12-31 00:00:00.000,,00,,32,,                 (D),00,UNITED STATES,,,32,NV,NEVADA,YEAR,ANNUAL,,ALL UTILIZATION PRACTICES,NAICS CLASSIFICATION,,2012,$
CROP TOTALS,NAICS CLASSIFICATION: (11119),CROP TOTALS,,SALES,"CROP TOTALS - SALES, MEASURED IN $",CENSUS,,,STATE,ALL CLASSES,00000000,NEVADA,9000,CROPS,ALL PRODUCTION PRACTICES,,2012-01-01 00:00:00.000,,00,,32,,                 (D),00,UNITED STATES,,,32,NV,NEVADA,YEAR,ANNUAL,,ALL UTILIZATION PRACTICES,NAICS CLASSIFICATION,,2007,$
CROP TOTALS,NAICS CLASSIFICATION: (1112),CROP TOTALS,1.0,SALES,"CROP TOTALS - SALES, MEASURED IN $",CENSUS,,,STATE,ALL CLASSES,00000000,NEVADA,9000,CROPS,ALL PRODUCTION PRACTICES,,2024-07-02 12:00:00.000,,00,,32,,"118,666,000",00,UNITED STATES,,,32,NV,NEVADA,YEAR,ANNUAL,,ALL UTILIZATION PRACTICES,NAICS CLASSIFICATION,,2022,$
CROP TOTALS,NAICS CLASSIFICATION: (1112),CROP TOTALS,8.0,SALES,"CROP TOTALS - SALES, MEASURED IN $",CENSUS,,,STATE,ALL CLASSES,00000000,NEVADA,9000,CROPS,ALL PRODUCTION PRACTICES,,2018-02-01 00:00:00.000,,00,,32,,"25,855,000",00,UNITED STATES,,,32,NV,NEVADA,YEAR,ANNUAL,,ALL UTILIZATION PRACTICES,NAICS CLASSIFICATION,,2017,$
CROP TOTALS,NAICS CLASSIFICATION: (1112),CROP TOTALS,7.7,SALES,"CROP TOTALS - SALES, MEASURED IN $",CENSUS,,,STATE,ALL CLASSES,00000000,NEVADA,9000,CROPS,ALL PRODUCTION PRACTICES,,2012-12-31 00:00:00.000,,00,,32,,"47,876,000",00,UNITED STATES,,,32,NV,NEVADA,YEAR,ANNUAL,,ALL UTILIZATION PRACTICES,NAICS CLASSIFICATION,,2012,$
CROP TOTALS,NAICS CLASSIFICATION: (1112),CROP TOTALS,,SALES,"CROP TOTALS - SALES, MEASURED IN $",CENSUS,,,STATE,ALL CLASSES,00000000,NEVADA,9000,CROPS,ALL PRODUCTION PRACTICES,,2012-01-01 00:00:00.000,,00,,32,,                 (D),00,UNITED STATES,,,32,NV,NEVADA,YEAR,ANNUAL,,ALL UTILIZATION PRACTICES,NAICS CLASSIFICATION,,2007,$
CROP TOTALS,NAICS CLASSIFICATION: (1112),CROP TOTALS,,SALES,"CROP TOTALS - SALES, MEASURED IN $",CENSUS,,,STATE,ALL CLASSES,00000000,NEVADA,9000,CROPS,ALL PRODUCTION PRACTICES,,2012-01-01 00:00:00.000,,00,,32,,                 (D),00,UNITED STATES,,,32,NV,NEVADA,YEAR,ANNUAL,,ALL UTILIZATION PRACTICES,NAICS CLASSIFICATION,,2002,$
CROP TOTALS,NAICS CLASSIFICATION: (111211),CROP TOTALS,(D),SALES,"CROP TOTALS - SALES, MEASURED IN $",CENSUS,,,STATE,ALL CLASSES,00000000,NEVADA,9000,CROPS,ALL PRODUCTION PRACTICES,,2024-07-02 12:00:00.000,,00,,32,,                 (D),00,UNITED STATES,,,32,NV,NEVADA,YEAR,ANNUAL,,ALL UTILIZATION PRACTICES,NAICS CLASSIFICATION,,2022,$
CROP TOTALS,NAICS CLASSIFICATION: (111211),CROP TOTALS,(D),SALES,"CROP TOTALS - SALES, MEASURED IN $",CENSUS,,,STATE,ALL CLASSES,00000000,NEVADA,9000,CROPS,ALL PRODUCTION PRACTICES,,2012-12-31 00:00:00.000,,00,,32,,                 (D),00,UNITED STATES,,,32,NV,NEVADA,YEAR,ANNUAL,,ALL UTILIZATION PRACTICES,NAICS CLASSIFICATION,,2012,$
CROP TOTALS,NAICS CLASSIFICATION: (111211),CROP TOTALS,,SALES,"CROP TOTALS - SALES, MEASURED IN $",CENSUS,,,STATE,ALL CLASSES,00000000,NEVADA,9000,CROPS,ALL PRODUCTION PRACTICES,,2012-01-01 00:00:00.000,,00,,32,,                 (D),00,UNITED STATES,,,32,NV,NEVADA,YEAR,ANNUAL,,ALL UTILIZATION PRACTICES,NAICS CLASSIFICATION,,2007,$
CROP TOTALS,NAICS CLASSIFICATION: (111211),CROP TOTALS,,SALES,"CROP TOTALS - SALES, MEASURED IN $",CENSUS,,,STATE,ALL CLASSES,00000000,NEVADA,9000,CROPS,ALL PRODUCTION PRACTICES,,2012-01-01 00:00:00.000,,00,,32,,                 (D),00,UNITED STATES,,,32,NV,NEVADA,YEAR,ANNUAL,,ALL UTILIZATION PRACTICES,NAICS CLASSIFICATION,,2002,$
CROP TOTALS,NAICS CLASSIFICATION: (111219),CROP TOTALS,(D),SALES,"CROP TOTALS - SALES, MEASURED IN $",CENSUS,,,STATE,ALL CLASSES,00000000,NEVADA,9000,CROPS,ALL PRODUCTION PRACTICES,,2024-07-02 12:00:00.000,,00,,32,,                 (D),00,UNITED STATES,,,32,NV,NEVADA,YEAR,ANNUAL,,ALL UTILIZATION PRACTICES,NAICS CLASSIFICATION,,2022,$
CROP TOTALS,NAICS CLASSIFICATION: (111219),CROP TOTALS,8.0,SALES,"CROP TOTALS - SALES, MEASURED IN $",CENSUS,,,STATE,ALL CLASSES,00000000,NEVADA,9000,CROPS,ALL PRODUCTION PRACTICES,,2018-02-01 00:00:00.000,,00,,32,,"25,855,000",00,UNITED STATES,,,32,NV,NEVADA,YEAR,ANNUAL,,ALL UTILIZATION PRACTICES,NAICS CLASSIFICATION,,2017,$
CROP TOTALS,NAICS CLASSIFICATION: (111219),CROP TOTALS,(D),SALES,"CROP TOTALS - SALES, MEASURED IN $",CENSUS,,,STATE,ALL CLASSES,00000000,NEVADA,9000,CROPS,ALL PRODUCTION PRACTICES,,2012-12-31 00:00:00.000,,00,,32,,                 (D),00,UNITED STATES,,,32,NV,NEVADA,YEAR,ANNUAL,,ALL UTILIZATION PRACTICES,NAICS CLASSIFICATION,,2012,$
CROP TOTALS,NAICS CLASSIFICATION: (111219),CROP TOTALS,,SALES,"CROP TOTALS - SALES, MEASURED IN $",CENSUS,,,STATE,ALL CLASSES,00000000,NEVADA,9000,CROPS,ALL PRODUCTION PRACTICES,,2012-01-01 00:00:00.000,,00,,32,,                 (D),00,UNITED STATES,,,32,NV,NEVADA,YEAR,ANNUAL,,ALL UTILIZATION PRACTICES,NAICS CLASSIFICATION,,2007,$
CROP TOTALS,NAICS CLASSIFICATION: (111219),CROP TOTALS,,SALES,"CROP TOTALS - SALES, MEASURED IN $",CENSUS,,,STATE,ALL CLASSES,00000000,NEVADA,9000,CROPS,ALL PRODUCTION PRACTICES,,2012-01-01 00:00:00.000,,00,,32,,                 (D),00,UNITED STATES,,,32,NV,NEVADA,YEAR,ANNUAL,,ALL UTILIZATION PRACTICES,NAICS CLASSIFICATION,,2002,$
CROP TOTALS,NAICS CLASSIFICATION: (1113),CROP TOTALS,23.6,SALES,"CROP TOTALS - SALES, MEASURED IN $",CENSUS,,,STATE,ALL CLASSES,00000000,NEVADA,9000,CROPS,ALL PRODUCTION PRACTICES,,2024-07-02 12:00:00.000,,00,,32,,"1,952,000",00,UNITED STATES,,,32,NV,NEVADA,YEAR,ANNUAL,,ALL UTILIZATION PRACTICES,NAICS CLASSIFICATION,,2022,$
CROP TOTALS,NAICS CLASSIFICATION: (1113),CROP TOTALS,(D),SALES,"CROP TOTALS - SALES, MEASURED IN $",CENSUS,,,STATE,ALL CLASSES,00000000,NEVADA,9000,CROPS,ALL PRODUCTION PRACTICES,,2018-02-01 00:00:00.000,,00,,32,,                 (D),00,UNITED STATES,,,32,NV,NEVADA,YEAR,ANNUAL,,ALL UTILIZATION PRACTICES,NAICS CLASSIFICATION,,2017,$
CROP TOTALS,NAICS CLASSIFICATION: (1113),CROP TOTALS,(D),SALES,"CROP TOTALS - SALES, MEASURED IN $",CENSUS,,,STATE,ALL CLASSES,00000000,NEVADA,9000,CROPS,ALL PRODUCTION PRACTICES,,2012-12-31 00:00:00.000,,00,,32,,                 (D),00,UNITED STATES,,,32,NV,NEVADA,YEAR,ANNUAL,,ALL UTILIZATION PRACTICES,NAICS CLASSIFICATION,,2012,$
CROP TOTALS,NAICS CLASSIFICATION: (1113),CROP TOTALS,,SALES,"CROP TOTALS - SALES, MEASURED IN $",CENSUS,,,STATE,ALL CLASSES,00000000,NEVADA,9000,CROPS,ALL PRODUCTION PRACTICES,,2012-01-01 00:00:00.000,,00,,32,,                 (D),00,UNITED STATES,,,32,NV,NEVADA,YEAR,ANNUAL,,ALL UTILIZATION PRACTICES,NAICS CLASSIFICATION,,2007,$
CROP TOTALS,NAICS CLASSIFICATION: (1113),CROP TOTALS,,SALES,"CROP TOTALS - SALES, MEASURED IN $",CENSUS,,,STATE,ALL CLASSES,00000000,NEVADA,9000,CROPS,ALL PRODUCTION PRACTICES,,2012-01-01 00:00:00.000,,00,,32,,                 (D),00,UNITED STATES,,,32,NV,NEVADA,YEAR,ANNUAL,,ALL UTILIZATION PRACTICES,NAICS CLASSIFICATION,,2002,$
CROP TOTALS,NAICS CLASSIFICATION: (11133),CROP TOTALS,23.6,SALES,"CROP TOTALS - SALES, MEASURED IN $",CENSUS,,,STATE,ALL CLASSES,00000000,NEVADA,9000,CROPS,ALL PRODUCTION PRACTICES,,2024-07-02 12:00:00.000,,00,,32,,"1,952,000",00,UNITED STATES,,,32,NV,NEVADA,YEAR,ANNUAL,,ALL UTILIZATION PRACTICES,NAICS CLASSIFICATION,,2022,$
CROP TOTALS,NAICS CLASSIFICATION: (11133),CROP TOTALS,(D),SALES,"CROP TOTALS - SALES, MEASURED IN $",CENSUS,,,STATE,ALL CLASSES,00000000,NEVADA,9000,CROPS,ALL PRODUCTION PRACTICES,,2018-02-01 00:00:00.000,,00,,32,,                 (D),00,UNITED STATES,,,32,NV,NEVADA,YEAR,ANNUAL,,ALL UTILIZATION PRACTICES,NAICS CLASSIFICATION,,2017,$
CROP TOTALS,NAICS CLASSIFICATION: (11133),CROP TOTALS,(D),SALES,"CROP TOTALS - SALES, MEASURED IN $",CENSUS,,,STATE,ALL CLASSES,00000000,NEVADA,9000,CROPS,ALL PRODUCTION PRACTICES,,2012-12-31 00:00:00.000,,00,,32,,                 (D),00,UNITED STATES,,,32,NV,NEVADA,YEAR,ANNUAL,,ALL UTILIZATION PRACTICES,NAICS CLASSIFICATION,,2012,$
CROP TOTALS,NAICS CLASSIFICATION: (11133),CROP TOTALS,,SALES,"CROP TOTALS - SALES, MEASURED IN $",CENSUS,,,STATE,ALL CLASSES,00000000,NEVADA,9000,CROPS,ALL PRODUCTION PRACTICES,,2012-01-01 00:00:00.000,,00,,32,,                 (D),00,UNITED STATES,,,32,NV,NEVADA,YEAR,ANNUAL,,ALL UTILIZATION PRACTICES,NAICS CLASSIFICATION,,2007,$
CROP TOTALS,NAICS CLASSIFICATION: (11133),CROP TOTALS,,SALES,"CROP TOTALS - SALES, MEASURED IN $",CENSUS,,,STATE,ALL CLASSES,00000000,NEVADA,9000,CROPS,ALL PRODUCTION PRACTICES,,2012-01-01 00:00:00.000,,00,,32,,                 (D),00,UNITED STATES,,,32,NV,NEVADA,YEAR,ANNUAL,,ALL UTILIZATION PRACTICES,NAICS CLASSIFICATION,,2002,$
CROP TOTALS,NAICS CLASSIFICATION: (111331),CROP TOTALS,59.0,SALES,"CROP TOTALS - SALES, MEASURED IN $",CENSUS,,,STATE,ALL CLASSES,00000000,NEVADA,9000,CROPS,ALL PRODUCTION PRACTICES,,2024-07-02 12:00:00.000,,00,,32,,"652,000",00,UNITED STATES,,,32,NV,NEVADA,YEAR,ANNUAL,,ALL UTILIZATION PRACTICES,NAICS CLASSIFICATION,,2022,$
CROP TOTALS,NAICS CLASSIFICATION: (111331),CROP TOTALS,(D),SALES,"CROP TOTALS - SALES, MEASURED IN $",CENSUS,,,STATE,ALL CLASSES,00000000,NEVADA,9000,CROPS,ALL PRODUCTION PRACTICES,,2018-02-01 00:00:00.000,,00,,32,,                 (D),00,UNITED STATES,,,32,NV,NEVADA,YEAR,ANNUAL,,ALL UTILIZATION PRACTICES,NAICS CLASSIFICATION,,2017,$
CROP TOTALS,NAICS CLASSIFICATION: (111331),CROP TOTALS,(D),SALES,"CROP TOTALS - SALES, MEASURED IN $",CENSUS,,,STATE,ALL CLASSES,00000000,NEVADA,9000,CROPS,ALL PRODUCTION PRACTICES,,2012-12-31 00:00:00.000,,00,,32,,                 (D),00,UNITED STATES,,,32,NV,NEVADA,YEAR,ANNUAL,,ALL UTILIZATION PRACTICES,NAICS CLASSIFICATION,,2012,$
CROP TOTALS,NAICS CLASSIFICATION: (111331),CROP TOTALS,,SALES,"CROP TOTALS - SALES, MEASURED IN $",CENSUS,,,STATE,ALL CLASSES,00000000,NEVADA,9000,CROPS,ALL PRODUCTION PRACTICES,,2012-01-01 00:00:00.000,,00,,32,,                 (D),00,UNITED STATES,,,32,NV,NEVADA,YEAR,ANNUAL,,ALL UTILIZATION PRACTICES,NAICS CLASSIFICATION,,2007,$
CROP TOTALS,NAICS CLASSIFICATION: (111331),CROP TOTALS,,SALES,"CROP TOTALS - SALES, MEASURED IN $",CENSUS,,,STATE,ALL CLASSES,00000000,NEVADA,9000,CROPS,ALL PRODUCTION PRACTICES,,2012-01-01 00:00:00.000,,00,,32,,                 (D),00,UNITED STATES,,,32,NV,NEVADA,YEAR,ANNUAL,,ALL UTILIZATION PRACTICES,NAICS CLASSIFICATION,,2002,$
CROP TOTALS,NAICS CLASSIFICATION: (111332),CROP TOTALS,14.0,SALES,"CROP TOTALS - SALES, MEASURED IN $",CENSUS,,,STATE,ALL CLASSES,00000000,NEVADA,9000,CROPS,ALL PRODUCTION PRACTICES,,2024-07-02 12:00:00.000,,00,,32,,"233,000",00,UNITED STATES,,,32,NV,NEVADA,YEAR,ANNUAL,,ALL UTILIZATION PRACTICES,NAICS CLASSIFICATION,,2022,$
CROP TOTALS,NAICS CLASSIFICATION: (111332),CROP TOTALS,(D),SALES,"CROP TOTALS - SALES, MEASURED IN $",CENSUS,,,STATE,ALL CLASSES,00000000,NEVADA,9000,CROPS,ALL PRODUCTION PRACTICES,,2018-02-01 00:00:00.000,,00,,32,,                 (D),00,UNITED STATES,,,32,NV,NEVADA,YEAR,ANNUAL,,ALL UTILIZATION PRACTICES,NAICS CLASSIFICATION,,2017,$
CROP TOTALS,NAICS CLASSIFICATION: (111332),CROP TOTALS,30.8,SALES,"CROP TOTALS - SALES, MEASURED IN $",CENSUS,,,STATE,ALL CLASSES,00000000,NEVADA,9000,CROPS,ALL PRODUCTION PRACTICES,,2012-12-31 00:00:00.000,,00,,32,,"102,000",00,UNITED STATES,,,32,NV,NEVADA,YEAR,ANNUAL,,ALL UTILIZATION PRACTICES,NAICS CLASSIFICATION,,2012,$
CROP TOTALS,NAICS CLASSIFICATION: (111332),CROP TOTALS,,SALES,"CROP TOTALS - SALES, MEASURED IN $",CENSUS,,,STATE,ALL CLASSES,00000000,NEVADA,9000,CROPS,ALL PRODUCTION PRACTICES,,2012-01-01 00:00:00.000,,00,,32,,                 (D),00,UNITED STATES,,,32,NV,NEVADA,YEAR,ANNUAL,,ALL UTILIZATION PRACTICES,NAICS CLASSIFICATION,,2007,$
CROP TOTALS,NAICS CLASSIFICATION: (111332),CROP TOTALS,,SALES,"CROP TOTALS - SALES, MEASURED IN $",CENSUS,,,STATE,ALL CLASSES,00000000,NEVADA,9000,CROPS,ALL PRODUCTION PRACTICES,,2012-01-01 00:00:00.000,,00,,32,,                 (D),00,UNITED STATES,,,32,NV,NEVADA,YEAR,ANNUAL,,ALL UTILIZATION PRACTICES,NAICS CLASSIFICATION,,2002,$
CROP TOTALS,NAICS CLASSIFICATION: (111333),CROP TOTALS,,SALES,"CROP TOTALS - SALES, MEASURED IN $",CENSUS,,,STATE,ALL CLASSES,00000000,NEVADA,9000,CROPS,ALL PRODUCTION PRACTICES,,2012-01-01 00:00:00.000,,00,,32,,                 (D),00,UNITED STATES,,,32,NV,NEVADA,YEAR,ANNUAL,,ALL UTILIZATION PRACTICES,NAICS CLASSIFICATION,,2002,$
CROP TOTALS,NAICS CLASSIFICATION: (111334),CROP TOTALS,72.9,SALES,"CROP TOTALS - SALES, MEASURED IN $",CENSUS,,,STATE,ALL CLASSES,00000000,NEVADA,9000,CROPS,ALL PRODUCTION PRACTICES,,2024-07-02 12:00:00.000,,00,,32,,"24,000",00,UNITED STATES,,,32,NV,NEVADA,YEAR,ANNUAL,,ALL UTILIZATION PRACTICES,NAICS CLASSIFICATION,,2022,$
CROP TOTALS,NAICS CLASSIFICATION: (111334),CROP TOTALS,(D),SALES,"CROP TOTALS - SALES, MEASURED IN $",CENSUS,,,STATE,ALL CLASSES,00000000,NEVADA,9000,CROPS,ALL PRODUCTION PRACTICES,,2018-02-01 00:00:00.000,,00,,32,,                 (D),00,UNITED STATES,,,32,NV,NEVADA,YEAR,ANNUAL,,ALL UTILIZATION PRACTICES,NAICS CLASSIFICATION,,2017,$
CROP TOTALS,NAICS CLASSIFICATION: (111335),CROP TOTALS,(L),SALES,"CROP TOTALS - SALES, MEASURED IN $",CENSUS,,,STATE,ALL CLASSES,00000000,NEVADA,9000,CROPS,ALL PRODUCTION PRACTICES,,2024-07-02 12:00:00.000,,00,,32,,"484,000",00,UNITED STATES,,,32,NV,NEVADA,YEAR,ANNUAL,,ALL UTILIZATION PRACTICES,NAICS CLASSIFICATION,,2022,$
CROP TOTALS,NAICS CLASSIFICATION: (111335),CROP TOTALS,65.9,SALES,"CROP TOTALS - SALES, MEASURED IN $",CENSUS,,,STATE,ALL CLASSES,00000000,NEVADA,9000,CROPS,ALL PRODUCTION PRACTICES,,2018-02-01 00:00:00.000,,00,,32,,"155,000",00,UNITED STATES,,,32,NV,NEVADA,YEAR,ANNUAL,,ALL UTILIZATION PRACTICES,NAICS CLASSIFICATION,,2017,$
CROP TOTALS,NAICS CLASSIFICATION: (111335),CROP TOTALS,(D),SALES,"CROP TOTALS - SALES, MEASURED IN $",CENSUS,,,STATE,ALL CLASSES,00000000,NEVADA,9000,CROPS,ALL PRODUCTION PRACTICES,,2012-12-31 00:00:00.000,,00,,32,,                 (D),00,UNITED STATES,,,32,NV,NEVADA,YEAR,ANNUAL,,ALL UTILIZATION PRACTICES,NAICS CLASSIFICATION,,2012,$
CROP TOTALS,NAICS CLASSIFICATION: (111335),CROP TOTALS,,SALES,"CROP TOTALS - SALES, MEASURED IN $",CENSUS,,,STATE,ALL CLASSES,00000000,NEVADA,9000,CROPS,ALL PRODUCTION PRACTICES,,2012-01-01 00:00:00.000,,00,,32,,"270,000",00,UNITED STATES,,,32,NV,NEVADA,YEAR,ANNUAL,,ALL UTILIZATION PRACTICES,NAICS CLASSIFICATION,,2007,$
CROP TOTALS,NAICS CLASSIFICATION: (111335),CROP TOTALS,,SALES,"CROP TOTALS - SALES, MEASURED IN $",CENSUS,,,STATE,ALL CLASSES,00000000,NEVADA,9000,CROPS,ALL PRODUCTION PRACTICES,,2012-01-01 00:00:00.000,,00,,32,,"58,000",00,UNITED STATES,,,32,NV,NEVADA,YEAR,ANNUAL,,ALL UTILIZATION PRACTICES,NAICS CLASSIFICATION,,2002,$
CROP TOTALS,NAICS CLASSIFICATION: (111336),CROP TOTALS,(D),SALES,"CROP TOTALS - SALES, MEASURED IN $",CENSUS,,,STATE,ALL CLASSES,00000000,NEVADA,9000,CROPS,ALL PRODUCTION PRACTICES,,2012-12-31 00:00:00.000,,00,,32,,                 (D),00,UNITED STATES,,,32,NV,NEVADA,YEAR,ANNUAL,,ALL UTILIZATION PRACTICES,NAICS CLASSIFICATION,,2012,$
CROP TOTALS,NAICS CLASSIFICATION: (111336),CROP TOTALS,,SALES,"CROP TOTALS - SALES, MEASURED IN $",CENSUS,,,STATE,ALL CLASSES,00000000,NEVADA,9000,CROPS,ALL PRODUCTION PRACTICES,,2012-01-01 00:00:00.000,,00,,32,,                 (D),00,UNITED STATES,,,32,NV,NEVADA,YEAR,ANNUAL,,ALL UTILIZATION PRACTICES,NAICS CLASSIFICATION,,2007,$
CROP TOTALS,NAICS CLASSIFICATION: (111339),CROP TOTALS,15.8,SALES,"CROP TOTALS - SALES, MEASURED IN $",CENSUS,,,STATE,ALL CLASSES,00000000,NEVADA,9000,CROPS,ALL PRODUCTION PRACTICES,,2024-07-02 12:00:00.000,,00,,32,,"559,000",00,UNITED STATES,,,32,NV,NEVADA,YEAR,ANNUAL,,ALL UTILIZATION PRACTICES,NAICS CLASSIFICATION,,2022,$
CROP TOTALS,NAICS CLASSIFICATION: (111339),CROP TOTALS,(D),SALES,"CROP TOTALS - SALES, MEASURED IN $",CENSUS,,,STATE,ALL CLASSES,00000000,NEVADA,9000,CROPS,ALL PRODUCTION PRACTICES,,2018-02-01 00:00:00.000,,00,,32,,                 (D),00,UNITED STATES,,,32,NV,NEVADA,YEAR,ANNUAL,,ALL UTILIZATION PRACTICES,NAICS CLASSIFICATION,,2017,$
CROP TOTALS,NAICS CLASSIFICATION: (111339),CROP TOTALS,(D),SALES,"CROP TOTALS - SALES, MEASURED IN $",CENSUS,,,STATE,ALL CLASSES,00000000,NEVADA,9000,CROPS,ALL PRODUCTION PRACTICES,,2012-12-31 00:00:00.000,,00,,32,,                 (D),00,UNITED STATES,,,32,NV,NEVADA,YEAR,ANNUAL,,ALL UTILIZATION PRACTICES,NAICS CLASSIFICATION,,2012,$
CROP TOTALS,NAICS CLASSIFICATION: (111339),CROP TOTALS,,SALES,"CROP TOTALS - SALES, MEASURED IN $",CENSUS,,,STATE,ALL CLASSES,00000000,NEVADA,9000,CROPS,ALL PRODUCTION PRACTICES,,2012-01-01 00:00:00.000,,00,,32,,                 (D),00,UNITED STATES,,,32,NV,NEVADA,YEAR,ANNUAL,,ALL UTILIZATION PRACTICES,NAICS CLASSIFICATION,,2007,$
CROP TOTALS,NAICS CLASSIFICATION: (111339),CROP TOTALS,,SALES,"CROP TOTALS - SALES, MEASURED IN $",CENSUS,,,STATE,ALL CLASSES,00000000,NEVADA,9000,CROPS,ALL PRODUCTION PRACTICES,,2012-01-01 00:00:00.000,,00,,32,,"56,000",00,UNITED STATES,,,32,NV,NEVADA,YEAR,ANNUAL,,ALL UTILIZATION PRACTICES,NAICS CLASSIFICATION,,2002,$
CROP TOTALS,NAICS CLASSIFICATION: (1114),CROP TOTALS,(D),SALES,"CROP TOTALS - SALES, MEASURED IN $",CENSUS,,,STATE,ALL CLASSES,00000000,NEVADA,9000,CROPS,ALL PRODUCTION PRACTICES,,2024-07-02 12:00:00.000,,00,,32,,                 (D),00,UNITED STATES,,,32,NV,NEVADA,YEAR,ANNUAL,,ALL UTILIZATION PRACTICES,NAICS CLASSIFICATION,,2022,$
CROP TOTALS,NAICS CLASSIFICATION: (1114),CROP TOTALS,(D),SALES,"CROP TOTALS - SALES, MEASURED IN $",CENSUS,,,STATE,ALL CLASSES,00000000,NEVADA,9000,CROPS,ALL PRODUCTION PRACTICES,,2018-02-01 00:00:00.000,,00,,32,,                 (D),00,UNITED STATES,,,32,NV,NEVADA,YEAR,ANNUAL,,ALL UTILIZATION PRACTICES,NAICS CLASSIFICATION,,2017,$
CROP TOTALS,NAICS CLASSIFICATION: (1114),CROP TOTALS,(H),SALES,"CROP TOTALS - SALES, MEASURED IN $",CENSUS,,,STATE,ALL CLASSES,00000000,NEVADA,9000,CROPS,ALL PRODUCTION PRACTICES,,2012-12-31 00:00:00.000,,00,,32,,"19,147,000",00,UNITED STATES,,,32,NV,NEVADA,YEAR,ANNUAL,,ALL UTILIZATION PRACTICES,NAICS CLASSIFICATION,,2012,$
CROP TOTALS,NAICS CLASSIFICATION: (1114),CROP TOTALS,,SALES,"CROP TOTALS - SALES, MEASURED IN $",CENSUS,,,STATE,ALL CLASSES,00000000,NEVADA,9000,CROPS,ALL PRODUCTION PRACTICES,,2012-01-01 00:00:00.000,,00,,32,,                 (D),00,UNITED STATES,,,32,NV,NEVADA,YEAR,ANNUAL,,ALL UTILIZATION PRACTICES,NAICS CLASSIFICATION,,2007,$
CROP TOTALS,NAICS CLASSIFICATION: (1114),CROP TOTALS,,SALES,"CROP TOTALS - SALES, MEASURED IN $",CENSUS,,,STATE,ALL CLASSES,00000000,NEVADA,9000,CROPS,ALL PRODUCTION PRACTICES,,2012-01-01 00:00:00.000,,00,,32,,                 (D),00,UNITED STATES,,,32,NV,NEVADA,YEAR,ANNUAL,,ALL UTILIZATION PRACTICES,NAICS CLASSIFICATION,,2002,$
CROP TOTALS,NAICS CLASSIFICATION: (11141),CROP TOTALS,(D),SALES,"CROP TOTALS - SALES, MEASURED IN $",CENSUS,,,STATE,ALL CLASSES,00000000,NEVADA,9000,CROPS,ALL PRODUCTION PRACTICES,,2024-07-02 12:00:00.000,,00,,32,,                 (D),00,UNITED STATES,,,32,NV,NEVADA,YEAR,ANNUAL,,ALL UTILIZATION PRACTICES,NAICS CLASSIFICATION,,2022,$
CROP TOTALS,NAICS CLASSIFICATION: (11141),CROP TOTALS,(D),SALES,"CROP TOTALS - SALES, MEASURED IN $",CENSUS,,,STATE,ALL CLASSES,00000000,NEVADA,9000,CROPS,ALL PRODUCTION PRACTICES,,2018-02-01 00:00:00.000,,00,,32,,                 (D),00,UNITED STATES,,,32,NV,NEVADA,YEAR,ANNUAL,,ALL UTILIZATION PRACTICES,NAICS CLASSIFICATION,,2017,$
CROP TOTALS,NAICS CLASSIFICATION: (11141),CROP TOTALS,72.5,SALES,"CROP TOTALS - SALES, MEASURED IN $",CENSUS,,,STATE,ALL CLASSES,00000000,NEVADA,9000,CROPS,ALL PRODUCTION PRACTICES,,2012-12-31 00:00:00.000,,00,,32,,"235,000",00,UNITED STATES,,,32,NV,NEVADA,YEAR,ANNUAL,,ALL UTILIZATION PRACTICES,NAICS CLASSIFICATION,,2012,$
CROP TOTALS,NAICS CLASSIFICATION: (11141),CROP TOTALS,,SALES,"CROP TOTALS - SALES, MEASURED IN $",CENSUS,,,STATE,ALL CLASSES,00000000,NEVADA,9000,CROPS,ALL PRODUCTION PRACTICES,,2012-01-01 00:00:00.000,,00,,32,,                 (D),00,UNITED STATES,,,32,NV,NEVADA,YEAR,ANNUAL,,ALL UTILIZATION PRACTICES,NAICS CLASSIFICATION,,2007,$
CROP TOTALS,NAICS CLASSIFICATION: (11141),CROP TOTALS,,SALES,"CROP TOTALS - SALES, MEASURED IN $",CENSUS,,,STATE,ALL CLASSES,00000000,NEVADA,9000,CROPS,ALL PRODUCTION PRACTICES,,2012-01-01 00:00:00.000,,00,,32,,                 (D),00,UNITED STATES,,,32,NV,NEVADA,YEAR,ANNUAL,,ALL UTILIZATION PRACTICES,NAICS CLASSIFICATION,,2002,$
CROP TOTALS,NAICS CLASSIFICATION: (11142),CROP TOTALS,(D),SALES,"CROP TOTALS - SALES, MEASURED IN $",CENSUS,,,STATE,ALL CLASSES,00000000,NEVADA,9000,CROPS,ALL PRODUCTION PRACTICES,,2024-07-02 12:00:00.000,,00,,32,,                 (D),00,UNITED STATES,,,32,NV,NEVADA,YEAR,ANNUAL,,ALL UTILIZATION PRACTICES,NAICS CLASSIFICATION,,2022,$
CROP TOTALS,NAICS CLASSIFICATION: (11142),CROP TOTALS,(D),SALES,"CROP TOTALS - SALES, MEASURED IN $",CENSUS,,,STATE,ALL CLASSES,00000000,NEVADA,9000,CROPS,ALL PRODUCTION PRACTICES,,2018-02-01 00:00:00.000,,00,,32,,                 (D),00,UNITED STATES,,,32,NV,NEVADA,YEAR,ANNUAL,,ALL UTILIZATION PRACTICES,NAICS CLASSIFICATION,,2017,$
CROP TOTALS,NAICS CLASSIFICATION: (11142),CROP TOTALS,(H),SALES,"CROP TOTALS - SALES, MEASURED IN $",CENSUS,,,STATE,ALL CLASSES,00000000,NEVADA,9000,CROPS,ALL PRODUCTION PRACTICES,,2012-12-31 00:00:00.000,,00,,32,,"18,912,000",00,UNITED STATES,,,32,NV,NEVADA,YEAR,ANNUAL,,ALL UTILIZATION PRACTICES,NAICS CLASSIFICATION,,2012,$
CROP TOTALS,NAICS CLASSIFICATION: (11142),CROP TOTALS,,SALES,"CROP TOTALS - SALES, MEASURED IN $",CENSUS,,,STATE,ALL CLASSES,00000000,NEVADA,9000,CROPS,ALL PRODUCTION PRACTICES,,2012-01-01 00:00:00.000,,00,,32,,                 (D),00,UNITED STATES,,,32,NV,NEVADA,YEAR,ANNUAL,,ALL UTILIZATION PRACTICES,NAICS CLASSIFICATION,,2007,$
CROP TOTALS,NAICS CLASSIFICATION: (11142),CROP TOTALS,,SALES,"CROP TOTALS - SALES, MEASURED IN $",CENSUS,,,STATE,ALL CLASSES,00000000,NEVADA,9000,CROPS,ALL PRODUCTION PRACTICES,,2012-01-01 00:00:00.000,,00,,32,,                 (D),00,UNITED STATES,,,32,NV,NEVADA,YEAR,ANNUAL,,ALL UTILIZATION PRACTICES,NAICS CLASSIFICATION,,2002,$
CROP TOTALS,NAICS CLASSIFICATION: (111421),CROP TOTALS,(D),SALES,"CROP TOTALS - SALES, MEASURED IN $",CENSUS,,,STATE,ALL CLASSES,00000000,NEVADA,9000,CROPS,ALL PRODUCTION PRACTICES,,2024-07-02 12:00:00.000,,00,,32,,                 (D),00,UNITED STATES,,,32,NV,NEVADA,YEAR,ANNUAL,,ALL UTILIZATION PRACTICES,NAICS CLASSIFICATION,,2022,$
CROP TOTALS,NAICS CLASSIFICATION: (111421),CROP TOTALS,(D),SALES,"CROP TOTALS - SALES, MEASURED IN $",CENSUS,,,STATE,ALL CLASSES,00000000,NEVADA,9000,CROPS,ALL PRODUCTION PRACTICES,,2018-02-01 00:00:00.000,,00,,32,,                 (D),00,UNITED STATES,,,32,NV,NEVADA,YEAR,ANNUAL,,ALL UTILIZATION PRACTICES,NAICS CLASSIFICATION,,2017,$
CROP TOTALS,NAICS CLASSIFICATION: (111421),CROP TOTALS,(H),SALES,"CROP TOTALS - SALES, MEASURED IN $",CENSUS,,,STATE,ALL CLASSES,00000000,NEVADA,9000,CROPS,ALL PRODUCTION PRACTICES,,2012-12-31 00:00:00.000,,00,,32,,"16,116,000",00,UNITED STATES,,,32,NV,NEVADA,YEAR,ANNUAL,,ALL UTILIZATION PRACTICES,NAICS CLASSIFICATION,,2012,$
CROP TOTALS,NAICS CLASSIFICATION: (111421),CROP TOTALS,,SALES,"CROP TOTALS - SALES, MEASURED IN $",CENSUS,,,STATE,ALL CLASSES,00000000,NEVADA,9000,CROPS,ALL PRODUCTION PRACTICES,,2012-01-01 00:00:00.000,,00,,32,,                 (D),00,UNITED STATES,,,32,NV,NEVADA,YEAR,ANNUAL,,ALL UTILIZATION PRACTICES,NAICS CLASSIFICATION,,2007,$
CROP TOTALS,NAICS CLASSIFICATION: (111421),CROP TOTALS,,SALES,"CROP TOTALS - SALES, MEASURED IN $",CENSUS,,,STATE,ALL CLASSES,00000000,NEVADA,9000,CROPS,ALL PRODUCTION PRACTICES,,2012-01-01 00:00:00.000,,00,,32,,                 (D),00,UNITED STATES,,,32,NV,NEVADA,YEAR,ANNUAL,,ALL UTILIZATION PRACTICES,NAICS CLASSIFICATION,,2002,$
CROP TOTALS,NAICS CLASSIFICATION: (111422),CROP TOTALS,(D),SALES,"CROP TOTALS - SALES, MEASURED IN $",CENSUS,,,STATE,ALL CLASSES,00000000,NEVADA,9000,CROPS,ALL PRODUCTION PRACTICES,,2024-07-02 12:00:00.000,,00,,32,,                 (D),00,UNITED STATES,,,32,NV,NEVADA,YEAR,ANNUAL,,ALL UTILIZATION PRACTICES,NAICS CLASSIFICATION,,2022,$
CROP TOTALS,NAICS CLASSIFICATION: (111422),CROP TOTALS,(D),SALES,"CROP TOTALS - SALES, MEASURED IN $",CENSUS,,,STATE,ALL CLASSES,00000000,NEVADA,9000,CROPS,ALL PRODUCTION PRACTICES,,2018-02-01 00:00:00.000,,00,,32,,                 (D),00,UNITED STATES,,,32,NV,NEVADA,YEAR,ANNUAL,,ALL UTILIZATION PRACTICES,NAICS CLASSIFICATION,,2017,$
CROP TOTALS,NAICS CLASSIFICATION: (111422),CROP TOTALS,94.1,SALES,"CROP TOTALS - SALES, MEASURED IN $",CENSUS,,,STATE,ALL CLASSES,00000000,NEVADA,9000,CROPS,ALL PRODUCTION PRACTICES,,2012-12-31 00:00:00.000,,00,,32,,"2,796,000",00,UNITED STATES,,,32,NV,NEVADA,YEAR,ANNUAL,,ALL UTILIZATION PRACTICES,NAICS CLASSIFICATION,,2012,$
CROP TOTALS,NAICS CLASSIFICATION: (111422),CROP TOTALS,,SALES,"CROP TOTALS - SALES, MEASURED IN $",CENSUS,,,STATE,ALL CLASSES,00000000,NEVADA,9000,CROPS,ALL PRODUCTION PRACTICES,,2012-01-01 00:00:00.000,,00,,32,,                 (D),00,UNITED STATES,,,32,NV,NEVADA,YEAR,ANNUAL,,ALL UTILIZATION PRACTICES,NAICS CLASSIFICATION,,2007,$
CROP TOTALS,NAICS CLASSIFICATION: (111422),CROP TOTALS,,SALES,"CROP TOTALS - SALES, MEASURED IN $",CENSUS,,,STATE,ALL CLASSES,00000000,NEVADA,9000,CROPS,ALL PRODUCTION PRACTICES,,2012-01-01 00:00:00.000,,00,,32,,                 (D),00,UNITED STATES,,,32,NV,NEVADA,YEAR,ANNUAL,,ALL UTILIZATION PRACTICES,NAICS CLASSIFICATION,,2002,$
CROP TOTALS,NAICS CLASSIFICATION: (1119),CROP TOTALS,6.9,SALES,"CROP TOTALS - SALES, MEASURED IN $",CENSUS,,,STATE,ALL CLASSES,00000000,NEVADA,9000,CROPS,ALL PRODUCTION PRACTICES,,2024-07-02 12:00:00.000,,00,,32,,"280,199,000",00,UNITED STATES,,,32,NV,NEVADA,YEAR,ANNUAL,,ALL UTILIZATION PRACTICES,NAICS CLASSIFICATION,,2022,$
CROP TOTALS,NAICS CLASSIFICATION: (1119),CROP TOTALS,54.8,SALES,"CROP TOTALS - SALES, MEASURED IN $",CENSUS,,,STATE,ALL CLASSES,00000000,NEVADA,9000,CROPS,ALL PRODUCTION PRACTICES,,2018-02-01 00:00:00.000,,00,,32,,"204,802,000",00,UNITED STATES,,,32,NV,NEVADA,YEAR,ANNUAL,,ALL UTILIZATION PRACTICES,NAICS CLASSIFICATION,,2017,$
CROP TOTALS,NAICS CLASSIFICATION: (1119),CROP TOTALS,50.5,SALES,"CROP TOTALS - SALES, MEASURED IN $",CENSUS,,,STATE,ALL CLASSES,00000000,NEVADA,9000,CROPS,ALL PRODUCTION PRACTICES,,2012-12-31 00:00:00.000,,00,,32,,"266,907,000",00,UNITED STATES,,,32,NV,NEVADA,YEAR,ANNUAL,,ALL UTILIZATION PRACTICES,NAICS CLASSIFICATION,,2012,$
CROP TOTALS,NAICS CLASSIFICATION: (1119),CROP TOTALS,,SALES,"CROP TOTALS - SALES, MEASURED IN $",CENSUS,,,STATE,ALL CLASSES,00000000,NEVADA,9000,CROPS,ALL PRODUCTION PRACTICES,,2012-01-01 00:00:00.000,,00,,32,,                 (D),00,UNITED STATES,,,32,NV,NEVADA,YEAR,ANNUAL,,ALL UTILIZATION PRACTICES,NAICS CLASSIFICATION,,2007,$
CROP TOTALS,NAICS CLASSIFICATION: (1119),CROP TOTALS,,SALES,"CROP TOTALS - SALES, MEASURED IN $",CENSUS,,,STATE,ALL CLASSES,00000000,NEVADA,9000,CROPS,ALL PRODUCTION PRACTICES,,2012-01-01 00:00:00.000,,00,,32,,"99,102,000",00,UNITED STATES,,,32,NV,NEVADA,YEAR,ANNUAL,,ALL UTILIZATION PRACTICES,NAICS CLASSIFICATION,,2002,$
CROP TOTALS,NAICS CLASSIFICATION: (11194),CROP TOTALS,(D),SALES,"CROP TOTALS - SALES, MEASURED IN $",CENSUS,,,STATE,ALL CLASSES,00000000,NEVADA,9000,CROPS,ALL PRODUCTION PRACTICES,,2024-07-02 12:00:00.000,,00,,32,,                 (D),00,UNITED STATES,,,32,NV,NEVADA,YEAR,ANNUAL,,ALL UTILIZATION PRACTICES,NAICS CLASSIFICATION,,2022,$
CROP TOTALS,NAICS CLASSIFICATION: (11194),CROP TOTALS,57.6,SALES,"CROP TOTALS - SALES, MEASURED IN $",CENSUS,,,STATE,ALL CLASSES,00000000,NEVADA,9000,CROPS,ALL PRODUCTION PRACTICES,,2018-02-01 00:00:00.000,,00,,32,,"194,500,000",00,UNITED STATES,,,32,NV,NEVADA,YEAR,ANNUAL,,ALL UTILIZATION PRACTICES,NAICS CLASSIFICATION,,2017,$
CROP TOTALS,NAICS CLASSIFICATION: (11194),CROP TOTALS,51.9,SALES,"CROP TOTALS - SALES, MEASURED IN $",CENSUS,,,STATE,ALL CLASSES,00000000,NEVADA,9000,CROPS,ALL PRODUCTION PRACTICES,,2012-12-31 00:00:00.000,,00,,32,,"249,371,000",00,UNITED STATES,,,32,NV,NEVADA,YEAR,ANNUAL,,ALL UTILIZATION PRACTICES,NAICS CLASSIFICATION,,2012,$
CROP TOTALS,NAICS CLASSIFICATION: (11194),CROP TOTALS,,SALES,"CROP TOTALS - SALES, MEASURED IN $",CENSUS,,,STATE,ALL CLASSES,00000000,NEVADA,9000,CROPS,ALL PRODUCTION PRACTICES,,2012-01-01 00:00:00.000,,00,,32,,"127,874,000",00,UNITED STATES,,,32,NV,NEVADA,YEAR,ANNUAL,,ALL UTILIZATION PRACTICES,NAICS CLASSIFICATION,,2007,$
CROP TOTALS,NAICS CLASSIFICATION: (11194),CROP TOTALS,,SALES,"CROP TOTALS - SALES, MEASURED IN $",CENSUS,,,STATE,ALL CLASSES,00000000,NEVADA,9000,CROPS,ALL PRODUCTION PRACTICES,,2012-01-01 00:00:00.000,,00,,32,,                 (D),00,UNITED STATES,,,32,NV,NEVADA,YEAR,ANNUAL,,ALL UTILIZATION PRACTICES,NAICS CLASSIFICATION,,2002,$
CROP TOTALS,NAICS CLASSIFICATION: (11199),CROP TOTALS,(D),SALES,"CROP TOTALS - SALES, MEASURED IN $",CENSUS,,,STATE,ALL CLASSES,00000000,NEVADA,9000,CROPS,ALL PRODUCTION PRACTICES,,2024-07-02 12:00:00.000,,00,,32,,                 (D),00,UNITED STATES,,,32,NV,NEVADA,YEAR,ANNUAL,,ALL UTILIZATION PRACTICES,NAICS CLASSIFICATION,,2022,$
CROP TOTALS,NAICS CLASSIFICATION: (11199),CROP TOTALS,6.0,SALES,"CROP TOTALS - SALES, MEASURED IN $",CENSUS,,,STATE,ALL CLASSES,00000000,NEVADA,9000,CROPS,ALL PRODUCTION PRACTICES,,2018-02-01 00:00:00.000,,00,,32,,"10,303,000",00,UNITED STATES,,,32,NV,NEVADA,YEAR,ANNUAL,,ALL UTILIZATION PRACTICES,NAICS CLASSIFICATION,,2017,$
CROP TOTALS,NAICS CLASSIFICATION: (11199),CROP TOTALS,33.6,SALES,"CROP TOTALS - SALES, MEASURED IN $",CENSUS,,,STATE,ALL CLASSES,00000000,NEVADA,9000,CROPS,ALL PRODUCTION PRACTICES,,2012-12-31 00:00:00.000,,00,,32,,"17,536,000",00,UNITED STATES,,,32,NV,NEVADA,YEAR,ANNUAL,,ALL UTILIZATION PRACTICES,NAICS CLASSIFICATION,,2012,$
CROP TOTALS,NAICS CLASSIFICATION: (11199),CROP TOTALS,,SALES,"CROP TOTALS - SALES, MEASURED IN $",CENSUS,,,STATE,ALL CLASSES,00000000,NEVADA,9000,CROPS,ALL PRODUCTION PRACTICES,,2012-01-01 00:00:00.000,,00,,32,,                 (D),00,UNITED STATES,,,32,NV,NEVADA,YEAR,ANNUAL,,ALL UTILIZATION PRACTICES,NAICS CLASSIFICATION,,2007,$
CROP TOTALS,NAICS CLASSIFICATION: (11199),CROP TOTALS,,SALES,"CROP TOTALS - SALES, MEASURED IN $",CENSUS,,,STATE,ALL CLASSES,00000000,NEVADA,9000,CROPS,ALL PRODUCTION PRACTICES,,2012-01-01 00:00:00.000,,00,,32,,                 (D),00,UNITED STATES,,,32,NV,NEVADA,YEAR,ANNUAL,,ALL UTILIZATION PRACTICES,NAICS CLASSIFICATION,,2002,$
CROP TOTALS,NAICS CLASSIFICATION: (112),CROP TOTALS,12.6,SALES,"CROP TOTALS - SALES, MEASURED IN $",CENSUS,,,STATE,ALL CLASSES,00000000,NEVADA,9000,CROPS,ALL PRODUCTION PRACTICES,,2024-07-02 12:00:00.000,,00,,32,,"21,547,000",00,UNITED STATES,,,32,NV,NEVADA,YEAR,ANNUAL,,ALL UTILIZATION PRACTICES,NAICS CLASSIFICATION,,2022,$
CROP TOTALS,NAICS CLASSIFICATION: (112),CROP TOTALS,29.4,SALES,"CROP TOTALS - SALES, MEASURED IN $",CENSUS,,,STATE,ALL CLASSES,00000000,NEVADA,9000,CROPS,ALL PRODUCTION PRACTICES,,2018-02-01 00:00:00.000,,00,,32,,"20,819,000",00,UNITED STATES,,,32,NV,NEVADA,YEAR,ANNUAL,,ALL UTILIZATION PRACTICES,NAICS CLASSIFICATION,,2017,$
CROP TOTALS,NAICS CLASSIFICATION: (112),CROP TOTALS,20.0,SALES,"CROP TOTALS - SALES, MEASURED IN $",CENSUS,,,STATE,ALL CLASSES,00000000,NEVADA,9000,CROPS,ALL PRODUCTION PRACTICES,,2012-12-31 00:00:00.000,,00,,32,,"29,717,000",00,UNITED STATES,,,32,NV,NEVADA,YEAR,ANNUAL,,ALL UTILIZATION PRACTICES,NAICS CLASSIFICATION,,2012,$
CROP TOTALS,NAICS CLASSIFICATION: (112),CROP TOTALS,,SALES,"CROP TOTALS - SALES, MEASURED IN $",CENSUS,,,STATE,ALL CLASSES,00000000,NEVADA,9000,CROPS,ALL PRODUCTION PRACTICES,,2012-01-01 00:00:00.000,,00,,32,,"9,804,000",00,UNITED STATES,,,32,NV,NEVADA,YEAR,ANNUAL,,ALL UTILIZATION PRACTICES,NAICS CLASSIFICATION,,2007,$
CROP TOTALS,NAICS CLASSIFICATION: (112),CROP TOTALS,,SALES,"CROP TOTALS - SALES, MEASURED IN $",CENSUS,,,STATE,ALL CLASSES,00000000,NEVADA,9000,CROPS,ALL PRODUCTION PRACTICES,,2012-01-01 00:00:00.000,,00,,32,,"10,913,000",00,UNITED STATES,,,32,NV,NEVADA,YEAR,ANNUAL,,ALL UTILIZATION PRACTICES,NAICS CLASSIFICATION,,2002,$
CROP TOTALS,NAICS CLASSIFICATION: (1121),CROP TOTALS,13.7,SALES,"CROP TOTALS - SALES, MEASURED IN $",CENSUS,,,STATE,ALL CLASSES,00000000,NEVADA,9000,CROPS,ALL PRODUCTION PRACTICES,,2024-07-02 12:00:00.000,,00,,32,,"19,720,000",00,UNITED STATES,,,32,NV,NEVADA,YEAR,ANNUAL,,ALL UTILIZATION PRACTICES,NAICS CLASSIFICATION,,2022,$
CROP TOTALS,NAICS CLASSIFICATION: (1121),CROP TOTALS,37.5,SALES,"CROP TOTALS - SALES, MEASURED IN $",CENSUS,,,STATE,ALL CLASSES,00000000,NEVADA,9000,CROPS,ALL PRODUCTION PRACTICES,,2018-02-01 00:00:00.000,,00,,32,,"17,664,000",00,UNITED STATES,,,32,NV,NEVADA,YEAR,ANNUAL,,ALL UTILIZATION PRACTICES,NAICS CLASSIFICATION,,2017,$
CROP TOTALS,NAICS CLASSIFICATION: (1121),CROP TOTALS,20.2,SALES,"CROP TOTALS - SALES, MEASURED IN $",CENSUS,,,STATE,ALL CLASSES,00000000,NEVADA,9000,CROPS,ALL PRODUCTION PRACTICES,,2012-12-31 00:00:00.000,,00,,32,,"28,649,000",00,UNITED STATES,,,32,NV,NEVADA,YEAR,ANNUAL,,ALL UTILIZATION PRACTICES,NAICS CLASSIFICATION,,2012,$
CROP TOTALS,NAICS CLASSIFICATION: (1121),CROP TOTALS,,SALES,"CROP TOTALS - SALES, MEASURED IN $",CENSUS,,,STATE,ALL CLASSES,00000000,NEVADA,9000,CROPS,ALL PRODUCTION PRACTICES,,2012-01-01 00:00:00.000,,00,,32,,"9,295,000",00,UNITED STATES,,,32,NV,NEVADA,YEAR,ANNUAL,,ALL UTILIZATION PRACTICES,NAICS CLASSIFICATION,,2007,$
CROP TOTALS,NAICS CLASSIFICATION: (1121),CROP TOTALS,,SALES,"CROP TOTALS - SALES, MEASURED IN $",CENSUS,,,STATE,ALL CLASSES,00000000,NEVADA,9000,CROPS,ALL PRODUCTION PRACTICES,,2012-01-01 00:00:00.000,,00,,32,,"10,404,000",00,UNITED STATES,,,32,NV,NEVADA,YEAR,ANNUAL,,ALL UTILIZATION PRACTICES,NAICS CLASSIFICATION,,2002,$
CROP TOTALS,NAICS CLASSIFICATION: (11211),CROP TOTALS,18.8,SALES,"CROP TOTALS - SALES, MEASURED IN $",CENSUS,,,STATE,ALL CLASSES,00000000,NEVADA,9000,CROPS,ALL PRODUCTION PRACTICES,,2024-07-02 12:00:00.000,,00,,32,,"14,409,000",00,UNITED STATES,,,32,NV,NEVADA,YEAR,ANNUAL,,ALL UTILIZATION PRACTICES,NAICS CLASSIFICATION,,2022,$
CROP TOTALS,NAICS CLASSIFICATION: (11211),CROP TOTALS,40.5,SALES,"CROP TOTALS - SALES, MEASURED IN $",CENSUS,,,STATE,ALL CLASSES,00000000,NEVADA,9000,CROPS,ALL PRODUCTION PRACTICES,,2018-02-01 00:00:00.000,,00,,32,,"16,349,000",00,UNITED STATES,,,32,NV,NEVADA,YEAR,ANNUAL,,ALL UTILIZATION PRACTICES,NAICS CLASSIFICATION,,2017,$
CROP TOTALS,NAICS CLASSIFICATION: (11211),CROP TOTALS,21.3,SALES,"CROP TOTALS - SALES, MEASURED IN $",CENSUS,,,STATE,ALL CLASSES,00000000,NEVADA,9000,CROPS,ALL PRODUCTION PRACTICES,,2012-12-31 00:00:00.000,,00,,32,,"27,115,000",00,UNITED STATES,,,32,NV,NEVADA,YEAR,ANNUAL,,ALL UTILIZATION PRACTICES,NAICS CLASSIFICATION,,2012,$
CROP TOTALS,NAICS CLASSIFICATION: (11211),CROP TOTALS,,SALES,"CROP TOTALS - SALES, MEASURED IN $",CENSUS,,,STATE,ALL CLASSES,00000000,NEVADA,9000,CROPS,ALL PRODUCTION PRACTICES,,2012-01-01 00:00:00.000,,00,,32,,"8,891,000",00,UNITED STATES,,,32,NV,NEVADA,YEAR,ANNUAL,,ALL UTILIZATION PRACTICES,NAICS CLASSIFICATION,,2007,$
CROP TOTALS,NAICS CLASSIFICATION: (11211),CROP TOTALS,,SALES,"CROP TOTALS - SALES, MEASURED IN $",CENSUS,,,STATE,ALL CLASSES,00000000,NEVADA,9000,CROPS,ALL PRODUCTION PRACTICES,,2012-01-01 00:00:00.000,,00,,32,,"9,860,000",00,UNITED STATES,,,32,NV,NEVADA,YEAR,ANNUAL,,ALL UTILIZATION PRACTICES,NAICS CLASSIFICATION,,2002,$
CROP TOTALS,NAICS CLASSIFICATION: (112111),CROP TOTALS,(D),SALES,"CROP TOTALS - SALES, MEASURED IN $",CENSUS,,,STATE,ALL CLASSES,00000000,NEVADA,9000,CROPS,ALL PRODUCTION PRACTICES,,2024-07-02 12:00:00.000,,00,,32,,                 (D),00,UNITED STATES,,,32,NV,NEVADA,YEAR,ANNUAL,,ALL UTILIZATION PRACTICES,NAICS CLASSIFICATION,,2022,$
CROP TOTALS,NAICS CLASSIFICATION: (112111),CROP TOTALS,(D),SALES,"CROP TOTALS - SALES, MEASURED IN $",CENSUS,,,STATE,ALL CLASSES,00000000,NEVADA,9000,CROPS,ALL PRODUCTION PRACTICES,,2018-02-01 00:00:00.000,,00,,32,,                 (D),00,UNITED STATES,,,32,NV,NEVADA,YEAR,ANNUAL,,ALL UTILIZATION PRACTICES,NAICS CLASSIFICATION,,2017,$
CROP TOTALS,NAICS CLASSIFICATION: (112111),CROP TOTALS,(D),SALES,"CROP TOTALS - SALES, MEASURED IN $",CENSUS,,,STATE,ALL CLASSES,00000000,NEVADA,9000,CROPS,ALL PRODUCTION PRACTICES,,2012-12-31 00:00:00.000,,00,,32,,                 (D),00,UNITED STATES,,,32,NV,NEVADA,YEAR,ANNUAL,,ALL UTILIZATION PRACTICES,NAICS CLASSIFICATION,,2012,$
CROP TOTALS,NAICS CLASSIFICATION: (112111),CROP TOTALS,,SALES,"CROP TOTALS - SALES, MEASURED IN $",CENSUS,,,STATE,ALL CLASSES,00000000,NEVADA,9000,CROPS,ALL PRODUCTION PRACTICES,,2012-01-01 00:00:00.000,,00,,32,,                 (D),00,UNITED STATES,,,32,NV,NEVADA,YEAR,ANNUAL,,ALL UTILIZATION PRACTICES,NAICS CLASSIFICATION,,2007,$
CROP TOTALS,NAICS CLASSIFICATION: (112111),CROP TOTALS,,SALES,"CROP TOTALS - SALES, MEASURED IN $",CENSUS,,,STATE,ALL CLASSES,00000000,NEVADA,9000,CROPS,ALL PRODUCTION PRACTICES,,2012-01-01 00:00:00.000,,00,,32,,"6,352,000",00,UNITED STATES,,,32,NV,NEVADA,YEAR,ANNUAL,,ALL UTILIZATION PRACTICES,NAICS CLASSIFICATION,,2002,$
CROP TOTALS,NAICS CLASSIFICATION: (112112),CROP TOTALS,(D),SALES,"CROP TOTALS - SALES, MEASURED IN $",CENSUS,,,STATE,ALL CLASSES,00000000,NEVADA,9000,CROPS,ALL PRODUCTION PRACTICES,,2024-07-02 12:00:00.000,,00,,32,,                 (D),00,UNITED STATES,,,32,NV,NEVADA,YEAR,ANNUAL,,ALL UTILIZATION PRACTICES,NAICS CLASSIFICATION,,2022,$
CROP TOTALS,NAICS CLASSIFICATION: (112112),CROP TOTALS,(D),SALES,"CROP TOTALS - SALES, MEASURED IN $",CENSUS,,,STATE,ALL CLASSES,00000000,NEVADA,9000,CROPS,ALL PRODUCTION PRACTICES,,2018-02-01 00:00:00.000,,00,,32,,                 (D),00,UNITED STATES,,,32,NV,NEVADA,YEAR,ANNUAL,,ALL UTILIZATION PRACTICES,NAICS CLASSIFICATION,,2017,$
CROP TOTALS,NAICS CLASSIFICATION: (112112),CROP TOTALS,(D),SALES,"CROP TOTALS - SALES, MEASURED IN $",CENSUS,,,STATE,ALL CLASSES,00000000,NEVADA,9000,CROPS,ALL PRODUCTION PRACTICES,,2012-12-31 00:00:00.000,,00,,32,,                 (D),00,UNITED STATES,,,32,NV,NEVADA,YEAR,ANNUAL,,ALL UTILIZATION PRACTICES,NAICS CLASSIFICATION,,2012,$
CROP TOTALS,NAICS CLASSIFICATION: (112112),CROP TOTALS,,SALES,"CROP TOTALS - SALES, MEASURED IN $",CENSUS,,,STATE,ALL CLASSES,00000000,NEVADA,9000,CROPS,ALL PRODUCTION PRACTICES,,2012-01-01 00:00:00.000,,00,,32,,                 (D),00,UNITED STATES,,,32,NV,NEVADA,YEAR,ANNUAL,,ALL UTILIZATION PRACTICES,NAICS CLASSIFICATION,,2007,$
CROP TOTALS,NAICS CLASSIFICATION: (112112),CROP TOTALS,,SALES,"CROP TOTALS - SALES, MEASURED IN $",CENSUS,,,STATE,ALL CLASSES,00000000,NEVADA,9000,CROPS,ALL PRODUCTION PRACTICES,,2012-01-01 00:00:00.000,,00,,32,,"3,509,000",00,UNITED STATES,,,32,NV,NEVADA,YEAR,ANNUAL,,ALL UTILIZATION PRACTICES,NAICS CLASSIFICATION,,2002,$
CROP TOTALS,NAICS CLASSIFICATION: (11212),CROP TOTALS,(L),SALES,"CROP TOTALS - SALES, MEASURED IN $",CENSUS,,,STATE,ALL CLASSES,00000000,NEVADA,9000,CROPS,ALL PRODUCTION PRACTICES,,2024-07-02 12:00:00.000,,00,,32,,"5,311,000",00,UNITED STATES,,,32,NV,NEVADA,YEAR,ANNUAL,,ALL UTILIZATION PRACTICES,NAICS CLASSIFICATION,,2022,$
CROP TOTALS,NAICS CLASSIFICATION: (11212),CROP TOTALS,0.7,SALES,"CROP TOTALS - SALES, MEASURED IN $",CENSUS,,,STATE,ALL CLASSES,00000000,NEVADA,9000,CROPS,ALL PRODUCTION PRACTICES,,2018-02-01 00:00:00.000,,00,,32,,"1,315,000",00,UNITED STATES,,,32,NV,NEVADA,YEAR,ANNUAL,,ALL UTILIZATION PRACTICES,NAICS CLASSIFICATION,,2017,$
CROP TOTALS,NAICS CLASSIFICATION: (11212),CROP TOTALS,0.5,SALES,"CROP TOTALS - SALES, MEASURED IN $",CENSUS,,,STATE,ALL CLASSES,00000000,NEVADA,9000,CROPS,ALL PRODUCTION PRACTICES,,2012-12-31 00:00:00.000,,00,,32,,"1,534,000",00,UNITED STATES,,,32,NV,NEVADA,YEAR,ANNUAL,,ALL UTILIZATION PRACTICES,NAICS CLASSIFICATION,,2012,$
CROP TOTALS,NAICS CLASSIFICATION: (11212),CROP TOTALS,,SALES,"CROP TOTALS - SALES, MEASURED IN $",CENSUS,,,STATE,ALL CLASSES,00000000,NEVADA,9000,CROPS,ALL PRODUCTION PRACTICES,,2012-01-01 00:00:00.000,,00,,32,,"403,000",00,UNITED STATES,,,32,NV,NEVADA,YEAR,ANNUAL,,ALL UTILIZATION PRACTICES,NAICS CLASSIFICATION,,2007,$
CROP TOTALS,NAICS CLASSIFICATION: (11212),CROP TOTALS,,SALES,"CROP TOTALS - SALES, MEASURED IN $",CENSUS,,,STATE,ALL CLASSES,00000000,NEVADA,9000,CROPS,ALL PRODUCTION PRACTICES,,2012-01-01 00:00:00.000,,00,,32,,"544,000",00,UNITED STATES,,,32,NV,NEVADA,YEAR,ANNUAL,,ALL UTILIZATION PRACTICES,NAICS CLASSIFICATION,,2002,$
CROP TOTALS,NAICS CLASSIFICATION: (1122),CROP TOTALS,(D),SALES,"CROP TOTALS - SALES, MEASURED IN $",CENSUS,,,STATE,ALL CLASSES,00000000,NEVADA,9000,CROPS,ALL PRODUCTION PRACTICES,,2018-02-01 00:00:00.000,,00,,32,,                 (D),00,UNITED STATES,,,32,NV,NEVADA,YEAR,ANNUAL,,ALL UTILIZATION PRACTICES,NAICS CLASSIFICATION,,2017,$
CROP TOTALS,NAICS CLASSIFICATION: (1122),CROP TOTALS,(D),SALES,"CROP TOTALS - SALES, MEASURED IN $",CENSUS,,,STATE,ALL CLASSES,00000000,NEVADA,9000,CROPS,ALL PRODUCTION PRACTICES,,2012-12-31 00:00:00.000,,00,,32,,                 (D),00,UNITED STATES,,,32,NV,NEVADA,YEAR,ANNUAL,,ALL UTILIZATION PRACTICES,NAICS CLASSIFICATION,,2012,$
CROP TOTALS,NAICS CLASSIFICATION: (1123),CROP TOTALS,(D),SALES,"CROP TOTALS - SALES, MEASURED IN $",CENSUS,,,STATE,ALL CLASSES,00000000,NEVADA,9000,CROPS,ALL PRODUCTION PRACTICES,,2024-07-02 12:00:00.000,,00,,32,,                 (D),00,UNITED STATES,,,32,NV,NEVADA,YEAR,ANNUAL,,ALL UTILIZATION PRACTICES,NAICS CLASSIFICATION,,2022,$
CROP TOTALS,NAICS CLASSIFICATION: (1123),CROP TOTALS,(D),SALES,"CROP TOTALS - SALES, MEASURED IN $",CENSUS,,,STATE,ALL CLASSES,00000000,NEVADA,9000,CROPS,ALL PRODUCTION PRACTICES,,2018-02-01 00:00:00.000,,00,,32,,                 (D),00,UNITED STATES,,,32,NV,NEVADA,YEAR,ANNUAL,,ALL UTILIZATION PRACTICES,NAICS CLASSIFICATION,,2017,$
CROP TOTALS,NAICS CLASSIFICATION: (1123),CROP TOTALS,(D),SALES,"CROP TOTALS - SALES, MEASURED IN $",CENSUS,,,STATE,ALL CLASSES,00000000,NEVADA,9000,CROPS,ALL PRODUCTION PRACTICES,,2012-12-31 00:00:00.000,,00,,32,,                 (D),00,UNITED STATES,,,32,NV,NEVADA,YEAR,ANNUAL,,ALL UTILIZATION PRACTICES,NAICS CLASSIFICATION,,2012,$
CROP TOTALS,NAICS CLASSIFICATION: (1123),CROP TOTALS,,SALES,"CROP TOTALS - SALES, MEASURED IN $",CENSUS,,,STATE,ALL CLASSES,00000000,NEVADA,9000,CROPS,ALL PRODUCTION PRACTICES,,2012-01-01 00:00:00.000,,00,,32,,                 (D),00,UNITED STATES,,,32,NV,NEVADA,YEAR,ANNUAL,,ALL UTILIZATION PRACTICES,NAICS CLASSIFICATION,,2007,$
CROP TOTALS,NAICS CLASSIFICATION: (1123),CROP TOTALS,,SALES,"CROP TOTALS - SALES, MEASURED IN $",CENSUS,,,STATE,ALL CLASSES,00000000,NEVADA,9000,CROPS,ALL PRODUCTION PRACTICES,,2012-01-01 00:00:00.000,,00,,32,,                 (D),00,UNITED STATES,,,32,NV,NEVADA,YEAR,ANNUAL,,ALL UTILIZATION PRACTICES,NAICS CLASSIFICATION,,2002,$
CROP TOTALS,NAICS CLASSIFICATION: (11231),CROP TOTALS,(D),SALES,"CROP TOTALS - SALES, MEASURED IN $",CENSUS,,,STATE,ALL CLASSES,00000000,NEVADA,9000,CROPS,ALL PRODUCTION PRACTICES,,2024-07-02 12:00:00.000,,00,,32,,                 (D),00,UNITED STATES,,,32,NV,NEVADA,YEAR,ANNUAL,,ALL UTILIZATION PRACTICES,NAICS CLASSIFICATION,,2022,$
CROP TOTALS,NAICS CLASSIFICATION: (11231),CROP TOTALS,53.4,SALES,"CROP TOTALS - SALES, MEASURED IN $",CENSUS,,,STATE,ALL CLASSES,00000000,NEVADA,9000,CROPS,ALL PRODUCTION PRACTICES,,2018-02-01 00:00:00.000,,00,,32,,"5,000",00,UNITED STATES,,,32,NV,NEVADA,YEAR,ANNUAL,,ALL UTILIZATION PRACTICES,NAICS CLASSIFICATION,,2017,$
CROP TOTALS,NAICS CLASSIFICATION: (11231),CROP TOTALS,(D),SALES,"CROP TOTALS - SALES, MEASURED IN $",CENSUS,,,STATE,ALL CLASSES,00000000,NEVADA,9000,CROPS,ALL PRODUCTION PRACTICES,,2012-12-31 00:00:00.000,,00,,32,,                 (D),00,UNITED STATES,,,32,NV,NEVADA,YEAR,ANNUAL,,ALL UTILIZATION PRACTICES,NAICS CLASSIFICATION,,2012,$
CROP TOTALS,NAICS CLASSIFICATION: (11232),CROP TOTALS,(D),SALES,"CROP TOTALS - SALES, MEASURED IN $",CENSUS,,,STATE,ALL CLASSES,00000000,NEVADA,9000,CROPS,ALL PRODUCTION PRACTICES,,2018-02-01 00:00:00.000,,00,,32,,                 (D),00,UNITED STATES,,,32,NV,NEVADA,YEAR,ANNUAL,,ALL UTILIZATION PRACTICES,NAICS CLASSIFICATION,,2017,$
CROP TOTALS,NAICS CLASSIFICATION: (11239),CROP TOTALS,(D),SALES,"CROP TOTALS - SALES, MEASURED IN $",CENSUS,,,STATE,ALL CLASSES,00000000,NEVADA,9000,CROPS,ALL PRODUCTION PRACTICES,,2012-12-31 00:00:00.000,,00,,32,,                 (D),00,UNITED STATES,,,32,NV,NEVADA,YEAR,ANNUAL,,ALL UTILIZATION PRACTICES,NAICS CLASSIFICATION,,2012,$
CROP TOTALS,NAICS CLASSIFICATION: (11239),CROP TOTALS,,SALES,"CROP TOTALS - SALES, MEASURED IN $",CENSUS,,,STATE,ALL CLASSES,00000000,NEVADA,9000,CROPS,ALL PRODUCTION PRACTICES,,2012-01-01 00:00:00.000,,00,,32,,                 (D),00,UNITED STATES,,,32,NV,NEVADA,YEAR,ANNUAL,,ALL UTILIZATION PRACTICES,NAICS CLASSIFICATION,,2007,$
CROP TOTALS,NAICS CLASSIFICATION: (11239),CROP TOTALS,,SALES,"CROP TOTALS - SALES, MEASURED IN $",CENSUS,,,STATE,ALL CLASSES,00000000,NEVADA,9000,CROPS,ALL PRODUCTION PRACTICES,,2012-01-01 00:00:00.000,,00,,32,,                 (D),00,UNITED STATES,,,32,NV,NEVADA,YEAR,ANNUAL,,ALL UTILIZATION PRACTICES,NAICS CLASSIFICATION,,2002,$
CROP TOTALS,NAICS CLASSIFICATION: (1124),CROP TOTALS,(D),SALES,"CROP TOTALS - SALES, MEASURED IN $",CENSUS,,,STATE,ALL CLASSES,00000000,NEVADA,9000,CROPS,ALL PRODUCTION PRACTICES,,2024-07-02 12:00:00.000,,00,,32,,                 (D),00,UNITED STATES,,,32,NV,NEVADA,YEAR,ANNUAL,,ALL UTILIZATION PRACTICES,NAICS CLASSIFICATION,,2022,$
CROP TOTALS,NAICS CLASSIFICATION: (1124),CROP TOTALS,83.2,SALES,"CROP TOTALS - SALES, MEASURED IN $",CENSUS,,,STATE,ALL CLASSES,00000000,NEVADA,9000,CROPS,ALL PRODUCTION PRACTICES,,2018-02-01 00:00:00.000,,00,,32,,"2,375,000",00,UNITED STATES,,,32,NV,NEVADA,YEAR,ANNUAL,,ALL UTILIZATION PRACTICES,NAICS CLASSIFICATION,,2017,$
CROP TOTALS,NAICS CLASSIFICATION: (1124),CROP TOTALS,(D),SALES,"CROP TOTALS - SALES, MEASURED IN $",CENSUS,,,STATE,ALL CLASSES,00000000,NEVADA,9000,CROPS,ALL PRODUCTION PRACTICES,,2012-12-31 00:00:00.000,,00,,32,,                 (D),00,UNITED STATES,,,32,NV,NEVADA,YEAR,ANNUAL,,ALL UTILIZATION PRACTICES,NAICS CLASSIFICATION,,2012,$
CROP TOTALS,NAICS CLASSIFICATION: (1124),CROP TOTALS,,SALES,"CROP TOTALS - SALES, MEASURED IN $",CENSUS,,,STATE,ALL CLASSES,00000000,NEVADA,9000,CROPS,ALL PRODUCTION PRACTICES,,2012-01-01 00:00:00.000,,00,,32,,                 (D),00,UNITED STATES,,,32,NV,NEVADA,YEAR,ANNUAL,,ALL UTILIZATION PRACTICES,NAICS CLASSIFICATION,,2007,$
CROP TOTALS,NAICS CLASSIFICATION: (1124),CROP TOTALS,,SALES,"CROP TOTALS - SALES, MEASURED IN $",CENSUS,,,STATE,ALL CLASSES,00000000,NEVADA,9000,CROPS,ALL PRODUCTION PRACTICES,,2012-01-01 00:00:00.000,,00,,32,,                 (D),00,UNITED STATES,,,32,NV,NEVADA,YEAR,ANNUAL,,ALL UTILIZATION PRACTICES,NAICS CLASSIFICATION,,2002,$
CROP TOTALS,NAICS CLASSIFICATION: (11241),CROP TOTALS,(D),SALES,"CROP TOTALS - SALES, MEASURED IN $",CENSUS,,,STATE,ALL CLASSES,00000000,NEVADA,9000,CROPS,ALL PRODUCTION PRACTICES,,2024-07-02 12:00:00.000,,00,,32,,                 (D),00,UNITED STATES,,,32,NV,NEVADA,YEAR,ANNUAL,,ALL UTILIZATION PRACTICES,NAICS CLASSIFICATION,,2022,$
CROP TOTALS,NAICS CLASSIFICATION: (11241),CROP TOTALS,(D),SALES,"CROP TOTALS - SALES, MEASURED IN $",CENSUS,,,STATE,ALL CLASSES,00000000,NEVADA,9000,CROPS,ALL PRODUCTION PRACTICES,,2018-02-01 00:00:00.000,,00,,32,,                 (D),00,UNITED STATES,,,32,NV,NEVADA,YEAR,ANNUAL,,ALL UTILIZATION PRACTICES,NAICS CLASSIFICATION,,2017,$
CROP TOTALS,NAICS CLASSIFICATION: (11241),CROP TOTALS,(H),SALES,"CROP TOTALS - SALES, MEASURED IN $",CENSUS,,,STATE,ALL CLASSES,00000000,NEVADA,9000,CROPS,ALL PRODUCTION PRACTICES,,2012-12-31 00:00:00.000,,00,,32,,"639,000",00,UNITED STATES,,,32,NV,NEVADA,YEAR,ANNUAL,,ALL UTILIZATION PRACTICES,NAICS CLASSIFICATION,,2012,$
CROP TOTALS,NAICS CLASSIFICATION: (11241),CROP TOTALS,,SALES,"CROP TOTALS - SALES, MEASURED IN $",CENSUS,,,STATE,ALL CLASSES,00000000,NEVADA,9000,CROPS,ALL PRODUCTION PRACTICES,,2012-01-01 00:00:00.000,,00,,32,,                 (D),00,UNITED STATES,,,32,NV,NEVADA,YEAR,ANNUAL,,ALL UTILIZATION PRACTICES,NAICS CLASSIFICATION,,2007,$
CROP TOTALS,NAICS CLASSIFICATION: (11241),CROP TOTALS,,SALES,"CROP TOTALS - SALES, MEASURED IN $",CENSUS,,,STATE,ALL CLASSES,00000000,NEVADA,9000,CROPS,ALL PRODUCTION PRACTICES,,2012-01-01 00:00:00.000,,00,,32,,                 (D),00,UNITED STATES,,,32,NV,NEVADA,YEAR,ANNUAL,,ALL UTILIZATION PRACTICES,NAICS CLASSIFICATION,,2002,$
CROP TOTALS,NAICS CLASSIFICATION: (11242),CROP TOTALS,(D),SALES,"CROP TOTALS - SALES, MEASURED IN $",CENSUS,,,STATE,ALL CLASSES,00000000,NEVADA,9000,CROPS,ALL PRODUCTION PRACTICES,,2024-07-02 12:00:00.000,,00,,32,,                 (D),00,UNITED STATES,,,32,NV,NEVADA,YEAR,ANNUAL,,ALL UTILIZATION PRACTICES,NAICS CLASSIFICATION,,2022,$
CROP TOTALS,NAICS CLASSIFICATION: (11242),CROP TOTALS,(D),SALES,"CROP TOTALS - SALES, MEASURED IN $",CENSUS,,,STATE,ALL CLASSES,00000000,NEVADA,9000,CROPS,ALL PRODUCTION PRACTICES,,2018-02-01 00:00:00.000,,00,,32,,                 (D),00,UNITED STATES,,,32,NV,NEVADA,YEAR,ANNUAL,,ALL UTILIZATION PRACTICES,NAICS CLASSIFICATION,,2017,$
CROP TOTALS,NAICS CLASSIFICATION: (11242),CROP TOTALS,(D),SALES,"CROP TOTALS - SALES, MEASURED IN $",CENSUS,,,STATE,ALL CLASSES,00000000,NEVADA,9000,CROPS,ALL PRODUCTION PRACTICES,,2012-12-31 00:00:00.000,,00,,32,,                 (D),00,UNITED STATES,,,32,NV,NEVADA,YEAR,ANNUAL,,ALL UTILIZATION PRACTICES,NAICS CLASSIFICATION,,2012,$
CROP TOTALS,NAICS CLASSIFICATION: (1129),CROP TOTALS,(D),SALES,"CROP TOTALS - SALES, MEASURED IN $",CENSUS,,,STATE,ALL CLASSES,00000000,NEVADA,9000,CROPS,ALL PRODUCTION PRACTICES,,2024-07-02 12:00:00.000,,00,,32,,                 (D),00,UNITED STATES,,,32,NV,NEVADA,YEAR,ANNUAL,,ALL UTILIZATION PRACTICES,NAICS CLASSIFICATION,,2022,$
CROP TOTALS,NAICS CLASSIFICATION: (1129),CROP TOTALS,65.1,SALES,"CROP TOTALS - SALES, MEASURED IN $",CENSUS,,,STATE,ALL CLASSES,00000000,NEVADA,9000,CROPS,ALL PRODUCTION PRACTICES,,2018-02-01 00:00:00.000,,00,,32,,"772,000",00,UNITED STATES,,,32,NV,NEVADA,YEAR,ANNUAL,,ALL UTILIZATION PRACTICES,NAICS CLASSIFICATION,,2017,$
CROP TOTALS,NAICS CLASSIFICATION: (1129),CROP TOTALS,(D),SALES,"CROP TOTALS - SALES, MEASURED IN $",CENSUS,,,STATE,ALL CLASSES,00000000,NEVADA,9000,CROPS,ALL PRODUCTION PRACTICES,,2012-12-31 00:00:00.000,,00,,32,,                 (D),00,UNITED STATES,,,32,NV,NEVADA,YEAR,ANNUAL,,ALL UTILIZATION PRACTICES,NAICS CLASSIFICATION,,2012,$
CROP TOTALS,NAICS CLASSIFICATION: (1129),CROP TOTALS,,SALES,"CROP TOTALS - SALES, MEASURED IN $",CENSUS,,,STATE,ALL CLASSES,00000000,NEVADA,9000,CROPS,ALL PRODUCTION PRACTICES,,2012-01-01 00:00:00.000,,00,,32,,                 (D),00,UNITED STATES,,,32,NV,NEVADA,YEAR,ANNUAL,,ALL UTILIZATION PRACTICES,NAICS CLASSIFICATION,,2007,$
CROP TOTALS,NAICS CLASSIFICATION: (1129),CROP TOTALS,,SALES,"CROP TOTALS - SALES, MEASURED IN $",CENSUS,,,STATE,ALL CLASSES,00000000,NEVADA,9000,CROPS,ALL PRODUCTION PRACTICES,,2012-01-01 00:00:00.000,,00,,32,,                 (D),00,UNITED STATES,,,32,NV,NEVADA,YEAR,ANNUAL,,ALL UTILIZATION PRACTICES,NAICS CLASSIFICATION,,2002,$
CROP TOTALS,NAICS CLASSIFICATION: (11291),CROP TOTALS,(D),SALES,"CROP TOTALS - SALES, MEASURED IN $",CENSUS,,,STATE,ALL CLASSES,00000000,NEVADA,9000,CROPS,ALL PRODUCTION PRACTICES,,2024-07-02 12:00:00.000,,00,,32,,                 (D),00,UNITED STATES,,,32,NV,NEVADA,YEAR,ANNUAL,,ALL UTILIZATION PRACTICES,NAICS CLASSIFICATION,,2022,$
CROP TOTALS,NAICS CLASSIFICATION: (11291),CROP TOTALS,(H),SALES,"CROP TOTALS - SALES, MEASURED IN $",CENSUS,,,STATE,ALL CLASSES,00000000,NEVADA,9000,CROPS,ALL PRODUCTION PRACTICES,,2018-02-01 00:00:00.000,,00,,32,,"7,000",00,UNITED STATES,,,32,NV,NEVADA,YEAR,ANNUAL,,ALL UTILIZATION PRACTICES,NAICS CLASSIFICATION,,2017,$
CROP TOTALS,NAICS CLASSIFICATION: (11291),CROP TOTALS,(D),SALES,"CROP TOTALS - SALES, MEASURED IN $",CENSUS,,,STATE,ALL CLASSES,00000000,NEVADA,9000,CROPS,ALL PRODUCTION PRACTICES,,2012-12-31 00:00:00.000,,00,,32,,                 (D),00,UNITED STATES,,,32,NV,NEVADA,YEAR,ANNUAL,,ALL UTILIZATION PRACTICES,NAICS CLASSIFICATION,,2012,$
CROP TOTALS,NAICS CLASSIFICATION: (11291),CROP TOTALS,,SALES,"CROP TOTALS - SALES, MEASURED IN $",CENSUS,,,STATE,ALL CLASSES,00000000,NEVADA,9000,CROPS,ALL PRODUCTION PRACTICES,,2012-01-01 00:00:00.000,,00,,32,,                 (D),00,UNITED STATES,,,32,NV,NEVADA,YEAR,ANNUAL,,ALL UTILIZATION PRACTICES,NAICS CLASSIFICATION,,2007,$
CROP TOTALS,NAICS CLASSIFICATION: (11292),CROP TOTALS,(H),SALES,"CROP TOTALS - SALES, MEASURED IN $",CENSUS,,,STATE,ALL CLASSES,00000000,NEVADA,9000,CROPS,ALL PRODUCTION PRACTICES,,2024-07-02 12:00:00.000,,00,,32,,"392,000",00,UNITED STATES,,,32,NV,NEVADA,YEAR,ANNUAL,,ALL UTILIZATION PRACTICES,NAICS CLASSIFICATION,,2022,$
CROP TOTALS,NAICS CLASSIFICATION: (11292),CROP TOTALS,(H),SALES,"CROP TOTALS - SALES, MEASURED IN $",CENSUS,,,STATE,ALL CLASSES,00000000,NEVADA,9000,CROPS,ALL PRODUCTION PRACTICES,,2018-02-01 00:00:00.000,,00,,32,,"60,000",00,UNITED STATES,,,32,NV,NEVADA,YEAR,ANNUAL,,ALL UTILIZATION PRACTICES,NAICS CLASSIFICATION,,2017,$
CROP TOTALS,NAICS CLASSIFICATION: (11292),CROP TOTALS,52.1,SALES,"CROP TOTALS - SALES, MEASURED IN $",CENSUS,,,STATE,ALL CLASSES,00000000,NEVADA,9000,CROPS,ALL PRODUCTION PRACTICES,,2012-12-31 00:00:00.000,,00,,32,,"326,000",00,UNITED STATES,,,32,NV,NEVADA,YEAR,ANNUAL,,ALL UTILIZATION PRACTICES,NAICS CLASSIFICATION,,2012,$
CROP TOTALS,NAICS CLASSIFICATION: (11292),CROP TOTALS,,SALES,"CROP TOTALS - SALES, MEASURED IN $",CENSUS,,,STATE,ALL CLASSES,00000000,NEVADA,9000,CROPS,ALL PRODUCTION PRACTICES,,2012-01-01 00:00:00.000,,00,,32,,"21,000",00,UNITED STATES,,,32,NV,NEVADA,YEAR,ANNUAL,,ALL UTILIZATION PRACTICES,NAICS CLASSIFICATION,,2007,$
CROP TOTALS,NAICS CLASSIFICATION: (11292),CROP TOTALS,,SALES,"CROP TOTALS - SALES, MEASURED IN $",CENSUS,,,STATE,ALL CLASSES,00000000,NEVADA,9000,CROPS,ALL PRODUCTION PRACTICES,,2012-01-01 00:00:00.000,,00,,32,,"6,000",00,UNITED STATES,,,32,NV,NEVADA,YEAR,ANNUAL,,ALL UTILIZATION PRACTICES,NAICS CLASSIFICATION,,2002,$
CROP TOTALS,NAICS CLASSIFICATION: (11299),CROP TOTALS,(D),SALES,"CROP TOTALS - SALES, MEASURED IN $",CENSUS,,,STATE,ALL CLASSES,00000000,NEVADA,9000,CROPS,ALL PRODUCTION PRACTICES,,2024-07-02 12:00:00.000,,00,,32,,                 (D),00,UNITED STATES,,,32,NV,NEVADA,YEAR,ANNUAL,,ALL UTILIZATION PRACTICES,NAICS CLASSIFICATION,,2022,$
CROP TOTALS,NAICS CLASSIFICATION: (11299),CROP TOTALS,71.4,SALES,"CROP TOTALS - SALES, MEASURED IN $",CENSUS,,,STATE,ALL CLASSES,00000000,NEVADA,9000,CROPS,ALL PRODUCTION PRACTICES,,2018-02-01 00:00:00.000,,00,,32,,"705,000",00,UNITED STATES,,,32,NV,NEVADA,YEAR,ANNUAL,,ALL UTILIZATION PRACTICES,NAICS CLASSIFICATION,,2017,$
CROP TOTALS,NAICS CLASSIFICATION: (11299),CROP TOTALS,(D),SALES,"CROP TOTALS - SALES, MEASURED IN $",CENSUS,,,STATE,ALL CLASSES,00000000,NEVADA,9000,CROPS,ALL PRODUCTION PRACTICES,,2012-12-31 00:00:00.000,,00,,32,,                 (D),00,UNITED STATES,,,32,NV,NEVADA,YEAR,ANNUAL,,ALL UTILIZATION PRACTICES,NAICS CLASSIFICATION,,2012,$
CROP TOTALS,NAICS CLASSIFICATION: (11299),CROP TOTALS,,SALES,"CROP TOTALS - SALES, MEASURED IN $",CENSUS,,,STATE,ALL CLASSES,00000000,NEVADA,9000,CROPS,ALL PRODUCTION PRACTICES,,2012-01-01 00:00:00.000,,00,,32,,"61,000",00,UNITED STATES,,,32,NV,NEVADA,YEAR,ANNUAL,,ALL UTILIZATION PRACTICES,NAICS CLASSIFICATION,,2007,$
CROP TOTALS,NAICS CLASSIFICATION: (11299),CROP TOTALS,,SALES,"CROP TOTALS - SALES, MEASURED IN $",CENSUS,,,STATE,ALL CLASSES,00000000,NEVADA,9000,CROPS,ALL PRODUCTION PRACTICES,,2012-01-01 00:00:00.000,,00,,32,,                 (D),00,UNITED STATES,,,32,NV,NEVADA,YEAR,ANNUAL,,ALL UTILIZATION PRACTICES,NAICS CLASSIFICATION,,2002,$
CROP TOTALS,NOT SPECIFIED,CROP TOTALS,(L),SALES,"CROP TOTALS - SALES, MEASURED IN $",CENSUS,,,COUNTY,ALL CLASSES,00000000,NEVADA,9000,CROPS,ALL PRODUCTION PRACTICES,NORTHWEST,2024-07-02 12:00:00.000,001,00,,32,CHURCHILL,"21,635,000",00,UNITED STATES,10,001,32,NV,"NEVADA, NORTHWEST, CHURCHILL",YEAR,ANNUAL,,ALL UTILIZATION PRACTICES,TOTAL,,2022,$
CROP TOTALS,NOT SPECIFIED,CROP TOTALS,38.3,SALES,"CROP TOTALS - SALES, MEASURED IN $",CENSUS,,,COUNTY,ALL CLASSES,00000000,NEVADA,9000,CROPS,ALL PRODUCTION PRACTICES,NORTHWEST,2018-02-01 00:00:00.000,001,00,,32,CHURCHILL,"19,873,000",00,UNITED STATES,10,001,32,NV,"NEVADA, NORTHWEST, CHURCHILL",YEAR,ANNUAL,,ALL UTILIZATION PRACTICES,TOTAL,,2017,$
CROP TOTALS,NOT SPECIFIED,CROP TOTALS,38.2,SALES,"CROP TOTALS - SALES, MEASURED IN $",CENSUS,,,COUNTY,ALL CLASSES,00000000,NEVADA,9000,CROPS,ALL PRODUCTION PRACTICES,NORTHWEST,2012-12-31 00:00:00.000,001,00,,32,CHURCHILL,"31,004,000",00,UNITED STATES,10,001,32,NV,"NEVADA, NORTHWEST, CHURCHILL",YEAR,ANNUAL,,ALL UTILIZATION PRACTICES,TOTAL,,2012,$
CROP TOTALS,NOT SPECIFIED,CROP TOTALS,,SALES,"CROP TOTALS - SALES, MEASURED IN $",CENSUS,,,COUNTY,ALL CLASSES,00000000,NEVADA,9000,CROPS,ALL PRODUCTION PRACTICES,NORTHWEST,2012-01-01 00:00:00.000,001,00,,32,CHURCHILL,"13,496,000",00,UNITED STATES,10,001,32,NV,"NEVADA, NORTHWEST, CHURCHILL",YEAR,ANNUAL,,ALL UTILIZATION PRACTICES,TOTAL,,2007,$
CROP TOTALS,NOT SPECIFIED,CROP TOTALS,,SALES,"CROP TOTALS - SALES, MEASURED IN $",CENSUS,,,COUNTY,ALL CLASSES,00000000,NEVADA,9000,CROPS,ALL PRODUCTION PRACTICES,NORTHWEST,2012-01-01 00:00:00.000,001,00,,32,CHURCHILL,"11,261,000",00,UNITED STATES,10,001,32,NV,"NEVADA, NORTHWEST, CHURCHILL",YEAR,ANNUAL,,ALL UTILIZATION PRACTICES,TOTAL,,2002,$
CROP TOTALS,NOT SPECIFIED,CROP TOTALS,,SALES,"CROP TOTALS - SALES, MEASURED IN $",CENSUS,,,COUNTY,ALL CLASSES,00000000,NEVADA,9000,CROPS,ALL PRODUCTION PRACTICES,NORTHWEST,2012-01-01 00:00:00.000,001,00,,32,CHURCHILL,"11,754,000",00,UNITED STATES,10,001,32,NV,"NEVADA, NORTHWEST, CHURCHILL",YEAR,ANNUAL,,ALL UTILIZATION PRACTICES,TOTAL,,1997,$
CROP TOTALS,NOT SPECIFIED,CROP TOTALS,(L),SALES,"CROP TOTALS - SALES, MEASURED IN $",CENSUS,,,COUNTY,ALL CLASSES,00000000,NEVADA,9000,CROPS,ALL PRODUCTION PRACTICES,NORTHWEST,2024-07-02 12:00:00.000,005,00,,32,DOUGLAS,"6,614,000",00,UNITED STATES,10,005,32,NV,"NEVADA, NORTHWEST, DOUGLAS",YEAR,ANNUAL,,ALL UTILIZATION PRACTICES,TOTAL,,2022,$
CROP TOTALS,NOT SPECIFIED,CROP TOTALS,38.3,SALES,"CROP TOTALS - SALES, MEASURED IN $",CENSUS,,,COUNTY,ALL CLASSES,00000000,NEVADA,9000,CROPS,ALL PRODUCTION PRACTICES,NORTHWEST,2018-02-01 00:00:00.000,005,00,,32,DOUGLAS,"6,023,000",00,UNITED STATES,10,005,32,NV,"NEVADA, NORTHWEST, DOUGLAS",YEAR,ANNUAL,,ALL UTILIZATION PRACTICES,TOTAL,,2017,$
CROP TOTALS,NOT SPECIFIED,CROP TOTALS,(D),SALES,"CROP TOTALS - SALES, MEASURED IN $",CENSUS,,,COUNTY,ALL CLASSES,00000000,NEVADA,9000,CROPS,ALL PRODUCTION PRACTICES,NORTHWEST,2012-12-31 00:00:00.000,005,00,,32,DOUGLAS,                 (D),00,UNITED STATES,10,005,32,NV,"NEVADA, NORTHWEST, DOUGLAS",YEAR,ANNUAL,,ALL UTILIZATION PRACTICES,TOTAL,,2012,$
CROP TOTALS,NOT SPECIFIED,CROP TOTALS,,SALES,"CROP TOTALS - SALES, MEASURED IN $",CENSUS,,,COUNTY,ALL CLASSES,00000000,NEVADA,9000,CROPS,ALL PRODUCTION PRACTICES,NORTHWEST,2012-01-01 00:00:00.000,005,00,,32,DOUGLAS,                 (D),00,UNITED STATES,10,005,32,NV,"NEVADA, NORTHWEST, DOUGLAS",YEAR,ANNUAL,,ALL UTILIZATION PRACTICES,TOTAL,,2007,$
CROP TOTALS,NOT SPECIFIED,CROP TOTALS,,SALES,"CROP TOTALS - SALES, MEASURED IN $",CENSUS,,,COUNTY,ALL CLASSES,00000000,NEVADA,9000,CROPS,ALL PRODUCTION PRACTICES,NORTHWEST,2012-01-01 00:00:00.000,005,00,,32,DOUGLAS,"4,233,000",00,UNITED STATES,10,005,32,NV,"NEVADA, NORTHWEST, DOUGLAS",YEAR,ANNUAL,,ALL UTILIZATION PRACTICES,TOTAL,,2002,$
CROP TOTALS,NOT SPECIFIED,CROP TOTALS,,SALES,"CROP TOTALS - SALES, MEASURED IN $",CENSUS,,,COUNTY,ALL CLASSES,00000000,NEVADA,9000,CROPS,ALL PRODUCTION PRACTICES,NORTHWEST,2012-01-01 00:00:00.000,005,00,,32,DOUGLAS,"2,153,000",00,UNITED STATES,10,005,32,NV,"NEVADA, NORTHWEST, DOUGLAS",YEAR,ANNUAL,,ALL UTILIZATION PRACTICES,TOTAL,,1997,$
CROP TOTALS,NOT SPECIFIED,CROP TOTALS,(L),SALES,"CROP TOTALS - SALES, MEASURED IN $",CENSUS,,,COUNTY,ALL CLASSES,00000000,NEVADA,9000,CROPS,ALL PRODUCTION PRACTICES,NORTHWEST,2024-07-02 12:00:00.000,013,00,,32,HUMBOLDT,"103,396,000",00,UNITED STATES,10,013,32,NV,"NEVADA, NORTHWEST, HUMBOLDT",YEAR,ANNUAL,,ALL UTILIZATION PRACTICES,TOTAL,,2022,$
CROP TOTALS,NOT SPECIFIED,CROP TOTALS,38.3,SALES,"CROP TOTALS - SALES, MEASURED IN $",CENSUS,,,COUNTY,ALL CLASSES,00000000,NEVADA,9000,CROPS,ALL PRODUCTION PRACTICES,NORTHWEST,2018-02-01 00:00:00.000,013,00,,32,HUMBOLDT,"75,242,000",00,UNITED STATES,10,013,32,NV,"NEVADA, NORTHWEST, HUMBOLDT",YEAR,ANNUAL,,ALL UTILIZATION PRACTICES,TOTAL,,2017,$
CROP TOTALS,NOT SPECIFIED,CROP TOTALS,38.2,SALES,"CROP TOTALS - SALES, MEASURED IN $",CENSUS,,,COUNTY,ALL CLASSES,00000000,NEVADA,9000,CROPS,ALL PRODUCTION PRACTICES,NORTHWEST,2012-12-31 00:00:00.000,013,00,,32,HUMBOLDT,"102,440,000",00,UNITED STATES,10,013,32,NV,"NEVADA, NORTHWEST, HUMBOLDT",YEAR,ANNUAL,,ALL UTILIZATION PRACTICES,TOTAL,,2012,$
CROP TOTALS,NOT SPECIFIED,CROP TOTALS,,SALES,"CROP TOTALS - SALES, MEASURED IN $",CENSUS,,,COUNTY,ALL CLASSES,00000000,NEVADA,9000,CROPS,ALL PRODUCTION PRACTICES,NORTHWEST,2012-01-01 00:00:00.000,013,00,,32,HUMBOLDT,"46,545,000",00,UNITED STATES,10,013,32,NV,"NEVADA, NORTHWEST, HUMBOLDT",YEAR,ANNUAL,,ALL UTILIZATION PRACTICES,TOTAL,,2007,$
CROP TOTALS,NOT SPECIFIED,CROP TOTALS,,SALES,"CROP TOTALS - SALES, MEASURED IN $",CENSUS,,,COUNTY,ALL CLASSES,00000000,NEVADA,9000,CROPS,ALL PRODUCTION PRACTICES,NORTHWEST,2012-01-01 00:00:00.000,013,00,,32,HUMBOLDT,"37,599,000",00,UNITED STATES,10,013,32,NV,"NEVADA, NORTHWEST, HUMBOLDT",YEAR,ANNUAL,,ALL UTILIZATION PRACTICES,TOTAL,,2002,$
CROP TOTALS,NOT SPECIFIED,CROP TOTALS,,SALES,"CROP TOTALS - SALES, MEASURED IN $",CENSUS,,,COUNTY,ALL CLASSES,00000000,NEVADA,9000,CROPS,ALL PRODUCTION PRACTICES,NORTHWEST,2012-01-01 00:00:00.000,013,00,,32,HUMBOLDT,"39,190,000",00,UNITED STATES,10,013,32,NV,"NEVADA, NORTHWEST, HUMBOLDT",YEAR,ANNUAL,,ALL UTILIZATION PRACTICES,TOTAL,,1997,$
CROP TOTALS,NOT SPECIFIED,CROP TOTALS,(L),SALES,"CROP TOTALS - SALES, MEASURED IN $",CENSUS,,,COUNTY,ALL CLASSES,00000000,NEVADA,9000,CROPS,ALL PRODUCTION PRACTICES,NORTHWEST,2024-07-02 12:00:00.000,019,00,,32,LYON,"117,790,000",00,UNITED STATES,10,019,32,NV,"NEVADA, NORTHWEST, LYON",YEAR,ANNUAL,,ALL UTILIZATION PRACTICES,TOTAL,,2022,$
CROP TOTALS,NOT SPECIFIED,CROP TOTALS,38.3,SALES,"CROP TOTALS - SALES, MEASURED IN $",CENSUS,,,COUNTY,ALL CLASSES,00000000,NEVADA,9000,CROPS,ALL PRODUCTION PRACTICES,NORTHWEST,2018-02-01 00:00:00.000,019,00,,32,LYON,"29,097,000",00,UNITED STATES,10,019,32,NV,"NEVADA, NORTHWEST, LYON",YEAR,ANNUAL,,ALL UTILIZATION PRACTICES,TOTAL,,2017,$
CROP TOTALS,NOT SPECIFIED,CROP TOTALS,38.2,SALES,"CROP TOTALS - SALES, MEASURED IN $",CENSUS,,,COUNTY,ALL CLASSES,00000000,NEVADA,9000,CROPS,ALL PRODUCTION PRACTICES,NORTHWEST,2012-12-31 00:00:00.000,019,00,,32,LYON,"58,229,000",00,UNITED STATES,10,019,32,NV,"NEVADA, NORTHWEST, LYON",YEAR,ANNUAL,,ALL UTILIZATION PRACTICES,TOTAL,,2012,$
CROP TOTALS,NOT SPECIFIED,CROP TOTALS,,SALES,"CROP TOTALS - SALES, MEASURED IN $",CENSUS,,,COUNTY,ALL CLASSES,00000000,NEVADA,9000,CROPS,ALL PRODUCTION PRACTICES,NORTHWEST,2012-01-01 00:00:00.000,019,00,,32,LYON,"62,158,000",00,UNITED STATES,10,019,32,NV,"NEVADA, NORTHWEST, LYON",YEAR,ANNUAL,,ALL UTILIZATION PRACTICES,TOTAL,,2007,$
CROP TOTALS,NOT SPECIFIED,CROP TOTALS,,SALES,"CROP TOTALS - SALES, MEASURED IN $",CENSUS,,,COUNTY,ALL CLASSES,00000000,NEVADA,9000,CROPS,ALL PRODUCTION PRACTICES,NORTHWEST,2012-01-01 00:00:00.000,019,00,,32,LYON,"36,723,000",00,UNITED STATES,10,019,32,NV,"NEVADA, NORTHWEST, LYON",YEAR,ANNUAL,,ALL UTILIZATION PRACTICES,TOTAL,,2002,$
CROP TOTALS,NOT SPECIFIED,CROP TOTALS,,SALES,"CROP TOTALS - SALES, MEASURED IN $",CENSUS,,,COUNTY,ALL CLASSES,00000000,NEVADA,9000,CROPS,ALL PRODUCTION PRACTICES,NORTHWEST,2012-01-01 00:00:00.000,019,00,,32,LYON,"29,703,000",00,UNITED STATES,10,019,32,NV,"NEVADA, NORTHWEST, LYON",YEAR,ANNUAL,,ALL UTILIZATION PRACTICES,TOTAL,,1997,$
CROP TOTALS,NOT SPECIFIED,CROP TOTALS,(L),SALES,"CROP TOTALS - SALES, MEASURED IN $",CENSUS,,,COUNTY,ALL CLASSES,00000000,NEVADA,9000,CROPS,ALL PRODUCTION PRACTICES,NORTHWEST,2024-07-02 12:00:00.000,027,00,,32,PERSHING,"33,091,000",00,UNITED STATES,10,027,32,NV,"NEVADA, NORTHWEST, PERSHING",YEAR,ANNUAL,,ALL UTILIZATION PRACTICES,TOTAL,,2022,$
CROP TOTALS,NOT SPECIFIED,CROP TOTALS,38.3,SALES,"CROP TOTALS - SALES, MEASURED IN $",CENSUS,,,COUNTY,ALL CLASSES,00000000,NEVADA,9000,CROPS,ALL PRODUCTION PRACTICES,NORTHWEST,2018-02-01 00:00:00.000,027,00,,32,PERSHING,"19,720,000",00,UNITED STATES,10,027,32,NV,"NEVADA, NORTHWEST, PERSHING",YEAR,ANNUAL,,ALL UTILIZATION PRACTICES,TOTAL,,2017,$
CROP TOTALS,NOT SPECIFIED,CROP TOTALS,38.2,SALES,"CROP TOTALS - SALES, MEASURED IN $",CENSUS,,,COUNTY,ALL CLASSES,00000000,NEVADA,9000,CROPS,ALL PRODUCTION PRACTICES,NORTHWEST,2012-12-31 00:00:00.000,027,00,,32,PERSHING,"32,934,000",00,UNITED STATES,10,027,32,NV,"NEVADA, NORTHWEST, PERSHING",YEAR,ANNUAL,,ALL UTILIZATION PRACTICES,TOTAL,,2012,$
CROP TOTALS,NOT SPECIFIED,CROP TOTALS,,SALES,"CROP TOTALS - SALES, MEASURED IN $",CENSUS,,,COUNTY,ALL CLASSES,00000000,NEVADA,9000,CROPS,ALL PRODUCTION PRACTICES,NORTHWEST,2012-01-01 00:00:00.000,027,00,,32,PERSHING,"23,017,000",00,UNITED STATES,10,027,32,NV,"NEVADA, NORTHWEST, PERSHING",YEAR,ANNUAL,,ALL UTILIZATION PRACTICES,TOTAL,,2007,$
CROP TOTALS,NOT SPECIFIED,CROP TOTALS,,SALES,"CROP TOTALS - SALES, MEASURED IN $",CENSUS,,,COUNTY,ALL CLASSES,00000000,NEVADA,9000,CROPS,ALL PRODUCTION PRACTICES,NORTHWEST,2012-01-01 00:00:00.000,027,00,,32,PERSHING,"8,609,000",00,UNITED STATES,10,027,32,NV,"NEVADA, NORTHWEST, PERSHING",YEAR,ANNUAL,,ALL UTILIZATION PRACTICES,TOTAL,,2002,$
CROP TOTALS,NOT SPECIFIED,CROP TOTALS,,SALES,"CROP TOTALS - SALES, MEASURED IN $",CENSUS,,,COUNTY,ALL CLASSES,00000000,NEVADA,9000,CROPS,ALL PRODUCTION PRACTICES,NORTHWEST,2012-01-01 00:00:00.000,027,00,,32,PERSHING,"14,547,000",00,UNITED STATES,10,027,32,NV,"NEVADA, NORTHWEST, PERSHING",YEAR,ANNUAL,,ALL UTILIZATION PRACTICES,TOTAL,,1997,$
CROP TOTALS,NOT SPECIFIED,CROP TOTALS,(D),SALES,"CROP TOTALS - SALES, MEASURED IN $",CENSUS,,,COUNTY,ALL CLASSES,00000000,NEVADA,9000,CROPS,ALL PRODUCTION PRACTICES,NORTHWEST,2012-12-31 00:00:00.000,029,00,,32,STOREY,                 (D),00,UNITED STATES,10,029,32,NV,"NEVADA, NORTHWEST, STOREY",YEAR,ANNUAL,,ALL UTILIZATION PRACTICES,TOTAL,,2012,$
CROP TOTALS,NOT SPECIFIED,CROP TOTALS,,SALES,"CROP TOTALS - SALES, MEASURED IN $",CENSUS,,,COUNTY,ALL CLASSES,00000000,NEVADA,9000,CROPS,ALL PRODUCTION PRACTICES,NORTHWEST,2012-01-01 00:00:00.000,029,00,,32,STOREY,                 (D),00,UNITED STATES,10,029,32,NV,"NEVADA, NORTHWEST, STOREY",YEAR,ANNUAL,,ALL UTILIZATION PRACTICES,TOTAL,,2007,$
CROP TOTALS,NOT SPECIFIED,CROP TOTALS,,SALES,"CROP TOTALS - SALES, MEASURED IN $",CENSUS,,,COUNTY,ALL CLASSES,00000000,NEVADA,9000,CROPS,ALL PRODUCTION PRACTICES,NORTHWEST,2012-01-01 00:00:00.000,029,00,,32,STOREY,                 (D),00,UNITED STATES,10,029,32,NV,"NEVADA, NORTHWEST, STOREY",YEAR,ANNUAL,,ALL UTILIZATION PRACTICES,TOTAL,,1997,$
CROP TOTALS,NOT SPECIFIED,CROP TOTALS,(L),SALES,"CROP TOTALS - SALES, MEASURED IN $",CENSUS,,,COUNTY,ALL CLASSES,00000000,NEVADA,9000,CROPS,ALL PRODUCTION PRACTICES,NORTHWEST,2024-07-02 12:00:00.000,031,00,,32,WASHOE,"8,960,000",00,UNITED STATES,10,031,32,NV,"NEVADA, NORTHWEST, WASHOE",YEAR,ANNUAL,,ALL UTILIZATION PRACTICES,TOTAL,,2022,$
CROP TOTALS,NOT SPECIFIED,CROP TOTALS,38.3,SALES,"CROP TOTALS - SALES, MEASURED IN $",CENSUS,,,COUNTY,ALL CLASSES,00000000,NEVADA,9000,CROPS,ALL PRODUCTION PRACTICES,NORTHWEST,2018-02-01 00:00:00.000,031,00,,32,WASHOE,"9,129,000",00,UNITED STATES,10,031,32,NV,"NEVADA, NORTHWEST, WASHOE",YEAR,ANNUAL,,ALL UTILIZATION PRACTICES,TOTAL,,2017,$
CROP TOTALS,NOT SPECIFIED,CROP TOTALS,38.2,SALES,"CROP TOTALS - SALES, MEASURED IN $",CENSUS,,,COUNTY,ALL CLASSES,00000000,NEVADA,9000,CROPS,ALL PRODUCTION PRACTICES,NORTHWEST,2012-12-31 00:00:00.000,031,00,,32,WASHOE,"8,205,000",00,UNITED STATES,10,031,32,NV,"NEVADA, NORTHWEST, WASHOE",YEAR,ANNUAL,,ALL UTILIZATION PRACTICES,TOTAL,,2012,$
CROP TOTALS,NOT SPECIFIED,CROP TOTALS,,SALES,"CROP TOTALS - SALES, MEASURED IN $",CENSUS,,,COUNTY,ALL CLASSES,00000000,NEVADA,9000,CROPS,ALL PRODUCTION PRACTICES,NORTHWEST,2012-01-01 00:00:00.000,031,00,,32,WASHOE,"10,167,000",00,UNITED STATES,10,031,32,NV,"NEVADA, NORTHWEST, WASHOE",YEAR,ANNUAL,,ALL UTILIZATION PRACTICES,TOTAL,,2007,$
CROP TOTALS,NOT SPECIFIED,CROP TOTALS,,SALES,"CROP TOTALS - SALES, MEASURED IN $",CENSUS,,,COUNTY,ALL CLASSES,00000000,NEVADA,9000,CROPS,ALL PRODUCTION PRACTICES,NORTHWEST,2012-01-01 00:00:00.000,031,00,,32,WASHOE,"9,900,000",00,UNITED STATES,10,031,32,NV,"NEVADA, NORTHWEST, WASHOE",YEAR,ANNUAL,,ALL UTILIZATION PRACTICES,TOTAL,,2002,$
CROP TOTALS,NOT SPECIFIED,CROP TOTALS,,SALES,"CROP TOTALS - SALES, MEASURED IN $",CENSUS,,,COUNTY,ALL CLASSES,00000000,NEVADA,9000,CROPS,ALL PRODUCTION PRACTICES,NORTHWEST,2012-01-01 00:00:00.000,031,00,,32,WASHOE,"15,172,000",00,UNITED STATES,10,031,32,NV,"NEVADA, NORTHWEST, WASHOE",YEAR,ANNUAL,,ALL UTILIZATION PRACTICES,TOTAL,,1997,$
CROP TOTALS,NOT SPECIFIED,CROP TOTALS,(D),SALES,"CROP TOTALS - SALES, MEASURED IN $",CENSUS,,,COUNTY,ALL CLASSES,00000000,NEVADA,9000,CROPS,ALL PRODUCTION PRACTICES,NORTHWEST,2024-07-02 12:00:00.000,510,00,,32,CARSON CITY,                 (D),00,UNITED STATES,10,510,32,NV,"NEVADA, NORTHWEST, CARSON CITY",YEAR,ANNUAL,,ALL UTILIZATION PRACTICES,TOTAL,,2022,$
CROP TOTALS,NOT SPECIFIED,CROP TOTALS,(D),SALES,"CROP TOTALS - SALES, MEASURED IN $",CENSUS,,,COUNTY,ALL CLASSES,00000000,NEVADA,9000,CROPS,ALL PRODUCTION PRACTICES,NORTHWEST,2018-02-01 00:00:00.000,510,00,,32,CARSON CITY,                 (D),00,UNITED STATES,10,510,32,NV,"NEVADA, NORTHWEST, CARSON CITY",YEAR,ANNUAL,,ALL UTILIZATION PRACTICES,TOTAL,,2017,$
CROP TOTALS,NOT SPECIFIED,CROP TOTALS,(D),SALES,"CROP TOTALS - SALES, MEASURED IN $",CENSUS,,,COUNTY,ALL CLASSES,00000000,NEVADA,9000,CROPS,ALL PRODUCTION PRACTICES,NORTHWEST,2012-12-31 00:00:00.000,510,00,,32,CARSON CITY,                 (D),00,UNITED STATES,10,510,32,NV,"NEVADA, NORTHWEST, CARSON CITY",YEAR,ANNUAL,,ALL UTILIZATION PRACTICES,TOTAL,,2012,$
CROP TOTALS,NOT SPECIFIED,CROP TOTALS,,SALES,"CROP TOTALS - SALES, MEASURED IN $",CENSUS,,,COUNTY,ALL CLASSES,00000000,NEVADA,9000,CROPS,ALL PRODUCTION PRACTICES,NORTHWEST,2012-01-01 00:00:00.000,510,00,,32,CARSON CITY,                 (D),00,UNITED STATES,10,510,32,NV,"NEVADA, NORTHWEST, CARSON CITY",YEAR,ANNUAL,,ALL UTILIZATION PRACTICES,TOTAL,,2007,$
CROP TOTALS,NOT SPECIFIED,CROP TOTALS,,SALES,"CROP TOTALS - SALES, MEASURED IN $",CENSUS,,,COUNTY,ALL CLASSES,00000000,NEVADA,9000,CROPS,ALL PRODUCTION PRACTICES,NORTHWEST,2012-01-01 00:00:00.000,510,00,,32,CARSON CITY,"202,000",00,UNITED STATES,10,510,32,NV,"NEVADA, NORTHWEST, CARSON CITY",YEAR,ANNUAL,,ALL UTILIZATION PRACTICES,TOTAL,,2002,$
CROP TOTALS,NOT SPECIFIED,CROP TOTALS,,SALES,"CROP TOTALS - SALES, MEASURED IN $",CENSUS,,,COUNTY,ALL CLASSES,00000000,NEVADA,9000,CROPS,ALL PRODUCTION PRACTICES,NORTHWEST,2012-01-01 00:00:00.000,510,00,,32,CARSON CITY,                 (D),00,UNITED STATES,10,510,32,NV,"NEVADA, NORTHWEST, CARSON CITY",YEAR,ANNUAL,,ALL UTILIZATION PRACTICES,TOTAL,,1997,$
CROP TOTALS,NOT SPECIFIED,CROP TOTALS,(L),SALES,"CROP TOTALS - SALES, MEASURED IN $",CENSUS,,,COUNTY,ALL CLASSES,00000000,NEVADA,9000,CROPS,ALL PRODUCTION PRACTICES,NORTHEAST,2024-07-02 12:00:00.000,007,00,,32,ELKO,"8,739,000",00,UNITED STATES,30,007,32,NV,"NEVADA, NORTHEAST, ELKO",YEAR,ANNUAL,,ALL UTILIZATION PRACTICES,TOTAL,,2022,$
CROP TOTALS,NOT SPECIFIED,CROP TOTALS,38.3,SALES,"CROP TOTALS - SALES, MEASURED IN $",CENSUS,,,COUNTY,ALL CLASSES,00000000,NEVADA,9000,CROPS,ALL PRODUCTION PRACTICES,NORTHEAST,2018-02-01 00:00:00.000,007,00,,32,ELKO,"11,094,000",00,UNITED STATES,30,007,32,NV,"NEVADA, NORTHEAST, ELKO",YEAR,ANNUAL,,ALL UTILIZATION PRACTICES,TOTAL,,2017,$
CROP TOTALS,NOT SPECIFIED,CROP TOTALS,38.2,SALES,"CROP TOTALS - SALES, MEASURED IN $",CENSUS,,,COUNTY,ALL CLASSES,00000000,NEVADA,9000,CROPS,ALL PRODUCTION PRACTICES,NORTHEAST,2012-12-31 00:00:00.000,007,00,,32,ELKO,"14,642,000",00,UNITED STATES,30,007,32,NV,"NEVADA, NORTHEAST, ELKO",YEAR,ANNUAL,,ALL UTILIZATION PRACTICES,TOTAL,,2012,$
CROP TOTALS,NOT SPECIFIED,CROP TOTALS,,SALES,"CROP TOTALS - SALES, MEASURED IN $",CENSUS,,,COUNTY,ALL CLASSES,00000000,NEVADA,9000,CROPS,ALL PRODUCTION PRACTICES,NORTHEAST,2012-01-01 00:00:00.000,007,00,,32,ELKO,"2,422,000",00,UNITED STATES,30,007,32,NV,"NEVADA, NORTHEAST, ELKO",YEAR,ANNUAL,,ALL UTILIZATION PRACTICES,TOTAL,,2007,$
CROP TOTALS,NOT SPECIFIED,CROP TOTALS,,SALES,"CROP TOTALS - SALES, MEASURED IN $",CENSUS,,,COUNTY,ALL CLASSES,00000000,NEVADA,9000,CROPS,ALL PRODUCTION PRACTICES,NORTHEAST,2012-01-01 00:00:00.000,007,00,,32,ELKO,"1,680,000",00,UNITED STATES,30,007,32,NV,"NEVADA, NORTHEAST, ELKO",YEAR,ANNUAL,,ALL UTILIZATION PRACTICES,TOTAL,,2002,$
CROP TOTALS,NOT SPECIFIED,CROP TOTALS,,SALES,"CROP TOTALS - SALES, MEASURED IN $",CENSUS,,,COUNTY,ALL CLASSES,00000000,NEVADA,9000,CROPS,ALL PRODUCTION PRACTICES,NORTHEAST,2012-01-01 00:00:00.000,007,00,,32,ELKO,"4,230,000",00,UNITED STATES,30,007,32,NV,"NEVADA, NORTHEAST, ELKO",YEAR,ANNUAL,,ALL UTILIZATION PRACTICES,TOTAL,,1997,$
CROP TOTALS,NOT SPECIFIED,CROP TOTALS,(L),SALES,"CROP TOTALS - SALES, MEASURED IN $",CENSUS,,,COUNTY,ALL CLASSES,00000000,NEVADA,9000,CROPS,ALL PRODUCTION PRACTICES,NORTHEAST,2024-07-02 12:00:00.000,011,00,,32,EUREKA,"28,792,000",00,UNITED STATES,30,011,32,NV,"NEVADA, NORTHEAST, EUREKA",YEAR,ANNUAL,,ALL UTILIZATION PRACTICES,TOTAL,,2022,$
CROP TOTALS,NOT SPECIFIED,CROP TOTALS,38.3,SALES,"CROP TOTALS - SALES, MEASURED IN $",CENSUS,,,COUNTY,ALL CLASSES,00000000,NEVADA,9000,CROPS,ALL PRODUCTION PRACTICES,NORTHEAST,2018-02-01 00:00:00.000,011,00,,32,EUREKA,"29,611,000",00,UNITED STATES,30,011,32,NV,"NEVADA, NORTHEAST, EUREKA",YEAR,ANNUAL,,ALL UTILIZATION PRACTICES,TOTAL,,2017,$
CROP TOTALS,NOT SPECIFIED,CROP TOTALS,38.2,SALES,"CROP TOTALS - SALES, MEASURED IN $",CENSUS,,,COUNTY,ALL CLASSES,00000000,NEVADA,9000,CROPS,ALL PRODUCTION PRACTICES,NORTHEAST,2012-12-31 00:00:00.000,011,00,,32,EUREKA,"29,246,000",00,UNITED STATES,30,011,32,NV,"NEVADA, NORTHEAST, EUREKA",YEAR,ANNUAL,,ALL UTILIZATION PRACTICES,TOTAL,,2012,$
CROP TOTALS,NOT SPECIFIED,CROP TOTALS,,SALES,"CROP TOTALS - SALES, MEASURED IN $",CENSUS,,,COUNTY,ALL CLASSES,00000000,NEVADA,9000,CROPS,ALL PRODUCTION PRACTICES,NORTHEAST,2012-01-01 00:00:00.000,011,00,,32,EUREKA,                 (D),00,UNITED STATES,30,011,32,NV,"NEVADA, NORTHEAST, EUREKA",YEAR,ANNUAL,,ALL UTILIZATION PRACTICES,TOTAL,,2007,$
CROP TOTALS,NOT SPECIFIED,CROP TOTALS,,SALES,"CROP TOTALS - SALES, MEASURED IN $",CENSUS,,,COUNTY,ALL CLASSES,00000000,NEVADA,9000,CROPS,ALL PRODUCTION PRACTICES,NORTHEAST,2012-01-01 00:00:00.000,011,00,,32,EUREKA,"8,945,000",00,UNITED STATES,30,011,32,NV,"NEVADA, NORTHEAST, EUREKA",YEAR,ANNUAL,,ALL UTILIZATION PRACTICES,TOTAL,,2002,$
CROP TOTALS,NOT SPECIFIED,CROP TOTALS,,SALES,"CROP TOTALS - SALES, MEASURED IN $",CENSUS,,,COUNTY,ALL CLASSES,00000000,NEVADA,9000,CROPS,ALL PRODUCTION PRACTICES,NORTHEAST,2012-01-01 00:00:00.000,011,00,,32,EUREKA,"7,106,000",00,UNITED STATES,30,011,32,NV,"NEVADA, NORTHEAST, EUREKA",YEAR,ANNUAL,,ALL UTILIZATION PRACTICES,TOTAL,,1997,$
CROP TOTALS,NOT SPECIFIED,CROP TOTALS,(L),SALES,"CROP TOTALS - SALES, MEASURED IN $",CENSUS,,,COUNTY,ALL CLASSES,00000000,NEVADA,9000,CROPS,ALL PRODUCTION PRACTICES,NORTHEAST,2024-07-02 12:00:00.000,015,00,,32,LANDER,"36,205,000",00,UNITED STATES,30,015,32,NV,"NEVADA, NORTHEAST, LANDER",YEAR,ANNUAL,,ALL UTILIZATION PRACTICES,TOTAL,,2022,$
CROP TOTALS,NOT SPECIFIED,CROP TOTALS,38.3,SALES,"CROP TOTALS - SALES, MEASURED IN $",CENSUS,,,COUNTY,ALL CLASSES,00000000,NEVADA,9000,CROPS,ALL PRODUCTION PRACTICES,NORTHEAST,2018-02-01 00:00:00.000,015,00,,32,LANDER,"21,369,000",00,UNITED STATES,30,015,32,NV,"NEVADA, NORTHEAST, LANDER",YEAR,ANNUAL,,ALL UTILIZATION PRACTICES,TOTAL,,2017,$
CROP TOTALS,NOT SPECIFIED,CROP TOTALS,38.2,SALES,"CROP TOTALS - SALES, MEASURED IN $",CENSUS,,,COUNTY,ALL CLASSES,00000000,NEVADA,9000,CROPS,ALL PRODUCTION PRACTICES,NORTHEAST,2012-12-31 00:00:00.000,015,00,,32,LANDER,"27,028,000",00,UNITED STATES,30,015,32,NV,"NEVADA, NORTHEAST, LANDER",YEAR,ANNUAL,,ALL UTILIZATION PRACTICES,TOTAL,,2012,$
CROP TOTALS,NOT SPECIFIED,CROP TOTALS,,SALES,"CROP TOTALS - SALES, MEASURED IN $",CENSUS,,,COUNTY,ALL CLASSES,00000000,NEVADA,9000,CROPS,ALL PRODUCTION PRACTICES,NORTHEAST,2012-01-01 00:00:00.000,015,00,,32,LANDER,"10,444,000",00,UNITED STATES,30,015,32,NV,"NEVADA, NORTHEAST, LANDER",YEAR,ANNUAL,,ALL UTILIZATION PRACTICES,TOTAL,,2007,$
CROP TOTALS,NOT SPECIFIED,CROP TOTALS,,SALES,"CROP TOTALS - SALES, MEASURED IN $",CENSUS,,,COUNTY,ALL CLASSES,00000000,NEVADA,9000,CROPS,ALL PRODUCTION PRACTICES,NORTHEAST,2012-01-01 00:00:00.000,015,00,,32,LANDER,"10,263,000",00,UNITED STATES,30,015,32,NV,"NEVADA, NORTHEAST, LANDER",YEAR,ANNUAL,,ALL UTILIZATION PRACTICES,TOTAL,,2002,$
CROP TOTALS,NOT SPECIFIED,CROP TOTALS,,SALES,"CROP TOTALS - SALES, MEASURED IN $",CENSUS,,,COUNTY,ALL CLASSES,00000000,NEVADA,9000,CROPS,ALL PRODUCTION PRACTICES,NORTHEAST,2012-01-01 00:00:00.000,015,00,,32,LANDER,"5,421,000",00,UNITED STATES,30,015,32,NV,"NEVADA, NORTHEAST, LANDER",YEAR,ANNUAL,,ALL UTILIZATION PRACTICES,TOTAL,,1997,$
CROP TOTALS,NOT SPECIFIED,CROP TOTALS,(L),SALES,"CROP TOTALS - SALES, MEASURED IN $",CENSUS,,,COUNTY,ALL CLASSES,00000000,NEVADA,9000,CROPS,ALL PRODUCTION PRACTICES,NORTHEAST,2024-07-02 12:00:00.000,033,00,,32,WHITE PINE,"19,103,000",00,UNITED STATES,30,033,32,NV,"NEVADA, NORTHEAST, WHITE PINE",YEAR,ANNUAL,,ALL UTILIZATION PRACTICES,TOTAL,,2022,$
CROP TOTALS,NOT SPECIFIED,CROP TOTALS,38.3,SALES,"CROP TOTALS - SALES, MEASURED IN $",CENSUS,,,COUNTY,ALL CLASSES,00000000,NEVADA,9000,CROPS,ALL PRODUCTION PRACTICES,NORTHEAST,2018-02-01 00:00:00.000,033,00,,32,WHITE PINE,"11,657,000",00,UNITED STATES,30,033,32,NV,"NEVADA, NORTHEAST, WHITE PINE",YEAR,ANNUAL,,ALL UTILIZATION PRACTICES,TOTAL,,2017,$
CROP TOTALS,NOT SPECIFIED,CROP TOTALS,38.2,SALES,"CROP TOTALS - SALES, MEASURED IN $",CENSUS,,,COUNTY,ALL CLASSES,00000000,NEVADA,9000,CROPS,ALL PRODUCTION PRACTICES,NORTHEAST,2012-12-31 00:00:00.000,033,00,,32,WHITE PINE,"9,057,000",00,UNITED STATES,30,033,32,NV,"NEVADA, NORTHEAST, WHITE PINE",YEAR,ANNUAL,,ALL UTILIZATION PRACTICES,TOTAL,,2012,$
CROP TOTALS,NOT SPECIFIED,CROP TOTALS,,SALES,"CROP TOTALS - SALES, MEASURED IN $",CENSUS,,,COUNTY,ALL CLASSES,00000000,NEVADA,9000,CROPS,ALL PRODUCTION PRACTICES,NORTHEAST,2012-01-01 00:00:00.000,033,00,,32,WHITE PINE,"4,336,000",00,UNITED STATES,30,033,32,NV,"NEVADA, NORTHEAST, WHITE PINE",YEAR,ANNUAL,,ALL UTILIZATION PRACTICES,TOTAL,,2007,$
CROP TOTALS,NOT SPECIFIED,CROP TOTALS,,SALES,"CROP TOTALS - SALES, MEASURED IN $",CENSUS,,,COUNTY,ALL CLASSES,00000000,NEVADA,9000,CROPS,ALL PRODUCTION PRACTICES,NORTHEAST,2012-01-01 00:00:00.000,033,00,,32,WHITE PINE,"3,938,000",00,UNITED STATES,30,033,32,NV,"NEVADA, NORTHEAST, WHITE PINE",YEAR,ANNUAL,,ALL UTILIZATION PRACTICES,TOTAL,,2002,$
CROP TOTALS,NOT SPECIFIED,CROP TOTALS,,SALES,"CROP TOTALS - SALES, MEASURED IN $",CENSUS,,,COUNTY,ALL CLASSES,00000000,NEVADA,9000,CROPS,ALL PRODUCTION PRACTICES,NORTHEAST,2012-01-01 00:00:00.000,033,00,,32,WHITE PINE,"1,840,000",00,UNITED STATES,30,033,32,NV,"NEVADA, NORTHEAST, WHITE PINE",YEAR,ANNUAL,,ALL UTILIZATION PRACTICES,TOTAL,,1997,$
CROP TOTALS,NOT SPECIFIED,CROP TOTALS,(L),SALES,"CROP TOTALS - SALES, MEASURED IN $",CENSUS,,,COUNTY,ALL CLASSES,00000000,NEVADA,9000,CROPS,ALL PRODUCTION PRACTICES,SOUTH,2024-07-02 12:00:00.000,003,00,,32,CLARK,"5,167,000",00,UNITED STATES,80,003,32,NV,"NEVADA, SOUTH, CLARK",YEAR,ANNUAL,,ALL UTILIZATION PRACTICES,TOTAL,,2022,$
CROP TOTALS,NOT SPECIFIED,CROP TOTALS,38.3,SALES,"CROP TOTALS - SALES, MEASURED IN $",CENSUS,,,COUNTY,ALL CLASSES,00000000,NEVADA,9000,CROPS,ALL PRODUCTION PRACTICES,SOUTH,2018-02-01 00:00:00.000,003,00,,32,CLARK,"11,416,000",00,UNITED STATES,80,003,32,NV,"NEVADA, SOUTH, CLARK",YEAR,ANNUAL,,ALL UTILIZATION PRACTICES,TOTAL,,2017,$
CROP TOTALS,NOT SPECIFIED,CROP TOTALS,38.2,SALES,"CROP TOTALS - SALES, MEASURED IN $",CENSUS,,,COUNTY,ALL CLASSES,00000000,NEVADA,9000,CROPS,ALL PRODUCTION PRACTICES,SOUTH,2012-12-31 00:00:00.000,003,00,,32,CLARK,"3,291,000",00,UNITED STATES,80,003,32,NV,"NEVADA, SOUTH, CLARK",YEAR,ANNUAL,,ALL UTILIZATION PRACTICES,TOTAL,,2012,$
CROP TOTALS,NOT SPECIFIED,CROP TOTALS,,SALES,"CROP TOTALS - SALES, MEASURED IN $",CENSUS,,,COUNTY,ALL CLASSES,00000000,NEVADA,9000,CROPS,ALL PRODUCTION PRACTICES,SOUTH,2012-01-01 00:00:00.000,003,00,,32,CLARK,"4,723,000",00,UNITED STATES,80,003,32,NV,"NEVADA, SOUTH, CLARK",YEAR,ANNUAL,,ALL UTILIZATION PRACTICES,TOTAL,,2007,$
CROP TOTALS,NOT SPECIFIED,CROP TOTALS,,SALES,"CROP TOTALS - SALES, MEASURED IN $",CENSUS,,,COUNTY,ALL CLASSES,00000000,NEVADA,9000,CROPS,ALL PRODUCTION PRACTICES,SOUTH,2012-01-01 00:00:00.000,003,00,,32,CLARK,"6,626,000",00,UNITED STATES,80,003,32,NV,"NEVADA, SOUTH, CLARK",YEAR,ANNUAL,,ALL UTILIZATION PRACTICES,TOTAL,,2002,$
CROP TOTALS,NOT SPECIFIED,CROP TOTALS,,SALES,"CROP TOTALS - SALES, MEASURED IN $",CENSUS,,,COUNTY,ALL CLASSES,00000000,NEVADA,9000,CROPS,ALL PRODUCTION PRACTICES,SOUTH,2012-01-01 00:00:00.000,003,00,,32,CLARK,"6,357,000",00,UNITED STATES,80,003,32,NV,"NEVADA, SOUTH, CLARK",YEAR,ANNUAL,,ALL UTILIZATION PRACTICES,TOTAL,,1997,$
CROP TOTALS,NOT SPECIFIED,CROP TOTALS,(L),SALES,"CROP TOTALS - SALES, MEASURED IN $",CENSUS,,,COUNTY,ALL CLASSES,00000000,NEVADA,9000,CROPS,ALL PRODUCTION PRACTICES,SOUTH,2024-07-02 12:00:00.000,009,00,,32,ESMERALDA,"13,724,000",00,UNITED STATES,80,009,32,NV,"NEVADA, SOUTH, ESMERALDA",YEAR,ANNUAL,,ALL UTILIZATION PRACTICES,TOTAL,,2022,$
CROP TOTALS,NOT SPECIFIED,CROP TOTALS,38.3,SALES,"CROP TOTALS - SALES, MEASURED IN $",CENSUS,,,COUNTY,ALL CLASSES,00000000,NEVADA,9000,CROPS,ALL PRODUCTION PRACTICES,SOUTH,2018-02-01 00:00:00.000,009,00,,32,ESMERALDA,"11,500,000",00,UNITED STATES,80,009,32,NV,"NEVADA, SOUTH, ESMERALDA",YEAR,ANNUAL,,ALL UTILIZATION PRACTICES,TOTAL,,2017,$
CROP TOTALS,NOT SPECIFIED,CROP TOTALS,38.2,SALES,"CROP TOTALS - SALES, MEASURED IN $",CENSUS,,,COUNTY,ALL CLASSES,00000000,NEVADA,9000,CROPS,ALL PRODUCTION PRACTICES,SOUTH,2012-12-31 00:00:00.000,009,00,,32,ESMERALDA,"12,907,000",00,UNITED STATES,80,009,32,NV,"NEVADA, SOUTH, ESMERALDA",YEAR,ANNUAL,,ALL UTILIZATION PRACTICES,TOTAL,,2012,$
CROP TOTALS,NOT SPECIFIED,CROP TOTALS,,SALES,"CROP TOTALS - SALES, MEASURED IN $",CENSUS,,,COUNTY,ALL CLASSES,00000000,NEVADA,9000,CROPS,ALL PRODUCTION PRACTICES,SOUTH,2012-01-01 00:00:00.000,009,00,,32,ESMERALDA,                 (D),00,UNITED STATES,80,009,32,NV,"NEVADA, SOUTH, ESMERALDA",YEAR,ANNUAL,,ALL UTILIZATION PRACTICES,TOTAL,,2007,$
CROP TOTALS,NOT SPECIFIED,CROP TOTALS,,SALES,"CROP TOTALS - SALES, MEASURED IN $",CENSUS,,,COUNTY,ALL CLASSES,00000000,NEVADA,9000,CROPS,ALL PRODUCTION PRACTICES,SOUTH,2012-01-01 00:00:00.000,009,00,,32,ESMERALDA,                 (D),00,UNITED STATES,80,009,32,NV,"NEVADA, SOUTH, ESMERALDA",YEAR,ANNUAL,,ALL UTILIZATION PRACTICES,TOTAL,,2002,$
CROP TOTALS,NOT SPECIFIED,CROP TOTALS,,SALES,"CROP TOTALS - SALES, MEASURED IN $",CENSUS,,,COUNTY,ALL CLASSES,00000000,NEVADA,9000,CROPS,ALL PRODUCTION PRACTICES,SOUTH,2012-01-01 00:00:00.000,009,00,,32,ESMERALDA,"3,417,000",00,UNITED STATES,80,009,32,NV,"NEVADA, SOUTH, ESMERALDA",YEAR,ANNUAL,,ALL UTILIZATION PRACTICES,TOTAL,,1997,$
CROP TOTALS,NOT SPECIFIED,CROP TOTALS,(L),SALES,"CROP TOTALS - SALES, MEASURED IN $",CENSUS,,,COUNTY,ALL CLASSES,00000000,NEVADA,9000,CROPS,ALL PRODUCTION PRACTICES,SOUTH,2024-07-02 12:00:00.000,017,00,,32,LINCOLN,"18,801,000",00,UNITED STATES,80,017,32,NV,"NEVADA, SOUTH, LINCOLN",YEAR,ANNUAL,,ALL UTILIZATION PRACTICES,TOTAL,,2022,$
CROP TOTALS,NOT SPECIFIED,CROP TOTALS,38.3,SALES,"CROP TOTALS - SALES, MEASURED IN $",CENSUS,,,COUNTY,ALL CLASSES,00000000,NEVADA,9000,CROPS,ALL PRODUCTION PRACTICES,SOUTH,2018-02-01 00:00:00.000,017,00,,32,LINCOLN,"12,880,000",00,UNITED STATES,80,017,32,NV,"NEVADA, SOUTH, LINCOLN",YEAR,ANNUAL,,ALL UTILIZATION PRACTICES,TOTAL,,2017,$
CROP TOTALS,NOT SPECIFIED,CROP TOTALS,38.2,SALES,"CROP TOTALS - SALES, MEASURED IN $",CENSUS,,,COUNTY,ALL CLASSES,00000000,NEVADA,9000,CROPS,ALL PRODUCTION PRACTICES,SOUTH,2012-12-31 00:00:00.000,017,00,,32,LINCOLN,"13,986,000",00,UNITED STATES,80,017,32,NV,"NEVADA, SOUTH, LINCOLN",YEAR,ANNUAL,,ALL UTILIZATION PRACTICES,TOTAL,,2012,$
CROP TOTALS,NOT SPECIFIED,CROP TOTALS,,SALES,"CROP TOTALS - SALES, MEASURED IN $",CENSUS,,,COUNTY,ALL CLASSES,00000000,NEVADA,9000,CROPS,ALL PRODUCTION PRACTICES,SOUTH,2012-01-01 00:00:00.000,017,00,,32,LINCOLN,"7,690,000",00,UNITED STATES,80,017,32,NV,"NEVADA, SOUTH, LINCOLN",YEAR,ANNUAL,,ALL UTILIZATION PRACTICES,TOTAL,,2007,$
CROP TOTALS,NOT SPECIFIED,CROP TOTALS,,SALES,"CROP TOTALS - SALES, MEASURED IN $",CENSUS,,,COUNTY,ALL CLASSES,00000000,NEVADA,9000,CROPS,ALL PRODUCTION PRACTICES,SOUTH,2012-01-01 00:00:00.000,017,00,,32,LINCOLN,"7,096,000",00,UNITED STATES,80,017,32,NV,"NEVADA, SOUTH, LINCOLN",YEAR,ANNUAL,,ALL UTILIZATION PRACTICES,TOTAL,,2002,$
CROP TOTALS,NOT SPECIFIED,CROP TOTALS,,SALES,"CROP TOTALS - SALES, MEASURED IN $",CENSUS,,,COUNTY,ALL CLASSES,00000000,NEVADA,9000,CROPS,ALL PRODUCTION PRACTICES,SOUTH,2012-01-01 00:00:00.000,017,00,,32,LINCOLN,"4,049,000",00,UNITED STATES,80,017,32,NV,"NEVADA, SOUTH, LINCOLN",YEAR,ANNUAL,,ALL UTILIZATION PRACTICES,TOTAL,,1997,$
CROP TOTALS,NOT SPECIFIED,CROP TOTALS,(L),SALES,"CROP TOTALS - SALES, MEASURED IN $",CENSUS,,,COUNTY,ALL CLASSES,00000000,NEVADA,9000,CROPS,ALL PRODUCTION PRACTICES,SOUTH,2024-07-02 12:00:00.000,021,00,,32,MINERAL,"3,185,000",00,UNITED STATES,80,021,32,NV,"NEVADA, SOUTH, MINERAL",YEAR,ANNUAL,,ALL UTILIZATION PRACTICES,TOTAL,,2022,$
CROP TOTALS,NOT SPECIFIED,CROP TOTALS,(D),SALES,"CROP TOTALS - SALES, MEASURED IN $",CENSUS,,,COUNTY,ALL CLASSES,00000000,NEVADA,9000,CROPS,ALL PRODUCTION PRACTICES,SOUTH,2018-02-01 00:00:00.000,021,00,,32,MINERAL,                 (D),00,UNITED STATES,80,021,32,NV,"NEVADA, SOUTH, MINERAL",YEAR,ANNUAL,,ALL UTILIZATION PRACTICES,TOTAL,,2017,$
CROP TOTALS,NOT SPECIFIED,CROP TOTALS,38.2,SALES,"CROP TOTALS - SALES, MEASURED IN $",CENSUS,,,COUNTY,ALL CLASSES,00000000,NEVADA,9000,CROPS,ALL PRODUCTION PRACTICES,SOUTH,2012-12-31 00:00:00.000,021,00,,32,MINERAL,"499,000",00,UNITED STATES,80,021,32,NV,"NEVADA, SOUTH, MINERAL",YEAR,ANNUAL,,ALL UTILIZATION PRACTICES,TOTAL,,2012,$
CROP TOTALS,NOT SPECIFIED,CROP TOTALS,,SALES,"CROP TOTALS - SALES, MEASURED IN $",CENSUS,,,COUNTY,ALL CLASSES,00000000,NEVADA,9000,CROPS,ALL PRODUCTION PRACTICES,SOUTH,2012-01-01 00:00:00.000,021,00,,32,MINERAL,                 (D),00,UNITED STATES,80,021,32,NV,"NEVADA, SOUTH, MINERAL",YEAR,ANNUAL,,ALL UTILIZATION PRACTICES,TOTAL,,2007,$
CROP TOTALS,NOT SPECIFIED,CROP TOTALS,,SALES,"CROP TOTALS - SALES, MEASURED IN $",CENSUS,,,COUNTY,ALL CLASSES,00000000,NEVADA,9000,CROPS,ALL PRODUCTION PRACTICES,SOUTH,2012-01-01 00:00:00.000,021,00,,32,MINERAL,                 (D),00,UNITED STATES,80,021,32,NV,"NEVADA, SOUTH, MINERAL",YEAR,ANNUAL,,ALL UTILIZATION PRACTICES,TOTAL,,2002,$
CROP TOTALS,NOT SPECIFIED,CROP TOTALS,,SALES,"CROP TOTALS - SALES, MEASURED IN $",CENSUS,,,COUNTY,ALL CLASSES,00000000,NEVADA,9000,CROPS,ALL PRODUCTION PRACTICES,SOUTH,2012-01-01 00:00:00.000,021,00,,32,MINERAL,"783,000",00,UNITED STATES,80,021,32,NV,"NEVADA, SOUTH, MINERAL",YEAR,ANNUAL,,ALL UTILIZATION PRACTICES,TOTAL,,1997,$
CROP TOTALS,NOT SPECIFIED,CROP TOTALS,(D),SALES,"CROP TOTALS - SALES, MEASURED IN $",CENSUS,,,COUNTY,ALL CLASSES,00000000,NEVADA,9000,CROPS,ALL PRODUCTION PRACTICES,SOUTH,2024-07-02 12:00:00.000,023,00,,32,NYE,                 (D),00,UNITED STATES,80,023,32,NV,"NEVADA, SOUTH, NYE",YEAR,ANNUAL,,ALL UTILIZATION PRACTICES,TOTAL,,2022,$
CROP TOTALS,NOT SPECIFIED,CROP TOTALS,38.3,SALES,"CROP TOTALS - SALES, MEASURED IN $",CENSUS,,,COUNTY,ALL CLASSES,00000000,NEVADA,9000,CROPS,ALL PRODUCTION PRACTICES,SOUTH,2018-02-01 00:00:00.000,023,00,,32,NYE,"5,192,000",00,UNITED STATES,80,023,32,NV,"NEVADA, SOUTH, NYE",YEAR,ANNUAL,,ALL UTILIZATION PRACTICES,TOTAL,,2017,$
CROP TOTALS,NOT SPECIFIED,CROP TOTALS,(D),SALES,"CROP TOTALS - SALES, MEASURED IN $",CENSUS,,,COUNTY,ALL CLASSES,00000000,NEVADA,9000,CROPS,ALL PRODUCTION PRACTICES,SOUTH,2012-12-31 00:00:00.000,023,00,,32,NYE,                 (D),00,UNITED STATES,80,023,32,NV,"NEVADA, SOUTH, NYE",YEAR,ANNUAL,,ALL UTILIZATION PRACTICES,TOTAL,,2012,$
CROP TOTALS,NOT SPECIFIED,CROP TOTALS,,SALES,"CROP TOTALS - SALES, MEASURED IN $",CENSUS,,,COUNTY,ALL CLASSES,00000000,NEVADA,9000,CROPS,ALL PRODUCTION PRACTICES,SOUTH,2012-01-01 00:00:00.000,023,00,,32,NYE,"3,267,000",00,UNITED STATES,80,023,32,NV,"NEVADA, SOUTH, NYE",YEAR,ANNUAL,,ALL UTILIZATION PRACTICES,TOTAL,,2007,$
CROP TOTALS,NOT SPECIFIED,CROP TOTALS,,SALES,"CROP TOTALS - SALES, MEASURED IN $",CENSUS,,,COUNTY,ALL CLASSES,00000000,NEVADA,9000,CROPS,ALL PRODUCTION PRACTICES,SOUTH,2012-01-01 00:00:00.000,023,00,,32,NYE,"4,370,000",00,UNITED STATES,80,023,32,NV,"NEVADA, SOUTH, NYE",YEAR,ANNUAL,,ALL UTILIZATION PRACTICES,TOTAL,,2002,$
CROP TOTALS,NOT SPECIFIED,CROP TOTALS,,SALES,"CROP TOTALS - SALES, MEASURED IN $",CENSUS,,,COUNTY,ALL CLASSES,00000000,NEVADA,9000,CROPS,ALL PRODUCTION PRACTICES,SOUTH,2012-01-01 00:00:00.000,023,00,,32,NYE,"7,421,000",00,UNITED STATES,80,023,32,NV,"NEVADA, SOUTH, NYE",YEAR,ANNUAL,,ALL UTILIZATION PRACTICES,TOTAL,,1997,$
CROP TOTALS,NOT SPECIFIED,CROP TOTALS,4.9,SALES,"CROP TOTALS - SALES, MEASURED IN $",CENSUS,,,STATE,ALL CLASSES,00000000,NEVADA,9000,CROPS,ALL PRODUCTION PRACTICES,,2024-07-02 12:00:00.000,,00,,32,,"441,071,000",00,UNITED STATES,,,32,NV,NEVADA,YEAR,ANNUAL,,ALL UTILIZATION PRACTICES,TOTAL,,2022,$
CROP TOTALS,NOT SPECIFIED,CROP TOTALS,41.0,SALES,"CROP TOTALS - SALES, MEASURED IN $",CENSUS,,,STATE,ALL CLASSES,00000000,NEVADA,9000,CROPS,ALL PRODUCTION PRACTICES,,2018-02-01 00:00:00.000,,00,,32,,"276,077,000",00,UNITED STATES,,,32,NV,NEVADA,YEAR,ANNUAL,,ALL UTILIZATION PRACTICES,TOTAL,,2017,$
CROP TOTALS,NOT SPECIFIED,CROP TOTALS,43.0,SALES,"CROP TOTALS - SALES, MEASURED IN $",CENSUS,,,STATE,ALL CLASSES,00000000,NEVADA,9000,CROPS,ALL PRODUCTION PRACTICES,,2012-12-31 00:00:00.000,,00,,32,,"366,010,000",00,UNITED STATES,,,32,NV,NEVADA,YEAR,ANNUAL,,ALL UTILIZATION PRACTICES,TOTAL,,2012,$
CROP TOTALS,NOT SPECIFIED,CROP TOTALS,,SALES,"CROP TOTALS - SALES, MEASURED IN $",CENSUS,,,STATE,ALL CLASSES,00000000,NEVADA,9000,CROPS,ALL PRODUCTION PRACTICES,,2012-01-01 00:00:00.000,,00,,32,,"219,341,000",00,UNITED STATES,,,32,NV,NEVADA,YEAR,ANNUAL,,ALL UTILIZATION PRACTICES,TOTAL,,2007,$
CROP TOTALS,NOT SPECIFIED,CROP TOTALS,,SALES,"CROP TOTALS - SALES, MEASURED IN $",CENSUS,,,STATE,ALL CLASSES,00000000,NEVADA,9000,CROPS,ALL PRODUCTION PRACTICES,,2012-01-01 00:00:00.000,,00,,32,,"157,730,000",00,UNITED STATES,,,32,NV,NEVADA,YEAR,ANNUAL,,ALL UTILIZATION PRACTICES,TOTAL,,2002,$
CROP TOTALS,NOT SPECIFIED,CROP TOTALS,,SALES,"CROP TOTALS - SALES, MEASURED IN $",CENSUS,,,STATE,ALL CLASSES,00000000,NEVADA,9000,CROPS,ALL PRODUCTION PRACTICES,,2012-01-01 00:00:00.000,,00,,32,,"153,225,000",00,UNITED STATES,,,32,NV,NEVADA,YEAR,ANNUAL,,ALL UTILIZATION PRACTICES,TOTAL,,1997,$
CROP TOTALS,IRRIGATION STATUS: (ANY ON OPERATION),CROP TOTALS,7.5,SALES,CROP TOTALS - OPERATIONS WITH SALES,CENSUS,,,STATE,ALL CLASSES,00000000,NEVADA,9000,CROPS,ALL PRODUCTION PRACTICES,,2024-07-02 12:00:00.000,,00,,32,,"1,187",00,UNITED STATES,,,32,NV,NEVADA,YEAR,ANNUAL,,ALL UTILIZATION PRACTICES,IRRIGATION STATUS,,2022,OPERATIONS
CROP TOTALS,IRRIGATION STATUS: (ANY ON OPERATION),CROP TOTALS,12.4,SALES,CROP TOTALS - OPERATIONS WITH SALES,CENSUS,,,STATE,ALL CLASSES,00000000,NEVADA,9000,CROPS,ALL PRODUCTION PRACTICES,,2018-02-01 00:00:00.000,,00,,32,,"1,344",00,UNITED STATES,,,32,NV,NEVADA,YEAR,ANNUAL,,ALL UTILIZATION PRACTICES,IRRIGATION STATUS,,2017,OPERATIONS
CROP TOTALS,IRRIGATION STATUS: (ANY ON OPERATION),CROP TOTALS,35.8,SALES,CROP TOTALS - OPERATIONS WITH SALES,CENSUS,,,STATE,ALL CLASSES,00000000,NEVADA,9000,CROPS,ALL PRODUCTION PRACTICES,,2012-12-31 00:00:00.000,,00,,32,,"1,413",00,UNITED STATES,,,32,NV,NEVADA,YEAR,ANNUAL,,ALL UTILIZATION PRACTICES,IRRIGATION STATUS,,2012,OPERATIONS
CROP TOTALS,IRRIGATION STATUS: (ANY ON OPERATION),CROP TOTALS,,SALES,CROP TOTALS - OPERATIONS WITH SALES,CENSUS,,,STATE,ALL CLASSES,00000000,NEVADA,9000,CROPS,ALL PRODUCTION PRACTICES,,2012-01-01 00:00:00.000,,00,,32,,"1,051",00,UNITED STATES,,,32,NV,NEVADA,YEAR,ANNUAL,,ALL UTILIZATION PRACTICES,IRRIGATION STATUS,,2007,OPERATIONS
CROP TOTALS,IRRIGATION STATUS: (ANY ON OPERATION),CROP TOTALS,,SALES,CROP TOTALS - OPERATIONS WITH SALES,CENSUS,,,STATE,ALL CLASSES,00000000,NEVADA,9000,CROPS,ALL PRODUCTION PRACTICES,,2012-01-01 00:00:00.000,,00,,32,,963,00,UNITED STATES,,,32,NV,NEVADA,YEAR,ANNUAL,,ALL UTILIZATION PRACTICES,IRRIGATION STATUS,,2002,OPERATIONS
CROP TOTALS,IRRIGATION STATUS: (ANY ON OPERATION),CROP TOTALS,,SALES,CROP TOTALS - OPERATIONS WITH SALES,CENSUS,,,STATE,ALL CLASSES,00000000,NEVADA,9000,CROPS,ALL PRODUCTION PRACTICES,,2012-01-01 00:00:00.000,,00,,32,,"1,203",00,UNITED STATES,,,32,NV,NEVADA,YEAR,ANNUAL,,ALL UTILIZATION PRACTICES,IRRIGATION STATUS,,1997,OPERATIONS
CROP TOTALS,IRRIGATION STATUS: (HARVESTED CROPLAND IS ENTIRELY IRRIGATED),CROP TOTALS,7.7,SALES,CROP TOTALS - OPERATIONS WITH SALES,CENSUS,,,STATE,ALL CLASSES,00000000,NEVADA,9000,CROPS,ALL PRODUCTION PRACTICES,,2024-07-02 12:00:00.000,,00,,32,,"1,165",00,UNITED STATES,,,32,NV,NEVADA,YEAR,ANNUAL,,ALL UTILIZATION PRACTICES,IRRIGATION STATUS,,2022,OPERATIONS
CROP TOTALS,IRRIGATION STATUS: (HARVESTED CROPLAND IS ENTIRELY IRRIGATED),CROP TOTALS,12.9,SALES,CROP TOTALS - OPERATIONS WITH SALES,CENSUS,,,STATE,ALL CLASSES,00000000,NEVADA,9000,CROPS,ALL PRODUCTION PRACTICES,,2018-02-01 00:00:00.000,,00,,32,,"1,262",00,UNITED STATES,,,32,NV,NEVADA,YEAR,ANNUAL,,ALL UTILIZATION PRACTICES,IRRIGATION STATUS,,2017,OPERATIONS
CROP TOTALS,IRRIGATION STATUS: (HARVESTED CROPLAND IS ENTIRELY IRRIGATED),CROP TOTALS,35.6,SALES,CROP TOTALS - OPERATIONS WITH SALES,CENSUS,,,STATE,ALL CLASSES,00000000,NEVADA,9000,CROPS,ALL PRODUCTION PRACTICES,,2012-12-31 00:00:00.000,,00,,32,,"1,350",00,UNITED STATES,,,32,NV,NEVADA,YEAR,ANNUAL,,ALL UTILIZATION PRACTICES,IRRIGATION STATUS,,2012,OPERATIONS
CROP TOTALS,IRRIGATION STATUS: (HARVESTED CROPLAND IS ENTIRELY IRRIGATED),CROP TOTALS,,SALES,CROP TOTALS - OPERATIONS WITH SALES,CENSUS,,,STATE,ALL CLASSES,00000000,NEVADA,9000,CROPS,ALL PRODUCTION PRACTICES,,2012-01-01 00:00:00.000,,00,,32,,"1,038",00,UNITED STATES,,,32,NV,NEVADA,YEAR,ANNUAL,,ALL UTILIZATION PRACTICES,IRRIGATION STATUS,,2007,OPERATIONS
CROP TOTALS,IRRIGATION STATUS: (HARVESTED CROPLAND IS ENTIRELY IRRIGATED),CROP TOTALS,,SALES,CROP TOTALS - OPERATIONS WITH SALES,CENSUS,,,STATE,ALL CLASSES,00000000,NEVADA,9000,CROPS,ALL PRODUCTION PRACTICES,,2012-01-01 00:00:00.000,,00,,32,,893,00,UNITED STATES,,,32,NV,NEVADA,YEAR,ANNUAL,,ALL UTILIZATION PRACTICES,IRRIGATION STATUS,,2002,OPERATIONS
CROP TOTALS,IRRIGATION STATUS: (HARVESTED CROPLAND IS ENTIRELY IRRIGATED),CROP TOTALS,,SALES,CROP TOTALS - OPERATIONS WITH SALES,CENSUS,,,STATE,ALL CLASSES,00000000,NEVADA,9000,CROPS,ALL PRODUCTION PRACTICES,,2012-01-01 00:00:00.000,,00,,32,,"1,200",00,UNITED STATES,,,32,NV,NEVADA,YEAR,ANNUAL,,ALL UTILIZATION PRACTICES,IRRIGATION STATUS,,1997,OPERATIONS
CROP TOTALS,IRRIGATION STATUS: (NONE ON OPERATION),CROP TOTALS,(H),SALES,CROP TOTALS - OPERATIONS WITH SALES,CENSUS,,,STATE,ALL CLASSES,00000000,NEVADA,9000,CROPS,ALL PRODUCTION PRACTICES,,2024-07-02 12:00:00.000,,00,,32,,3,00,UNITED STATES,,,32,NV,NEVADA,YEAR,ANNUAL,,ALL UTILIZATION PRACTICES,IRRIGATION STATUS,,2022,OPERATIONS
CROP TOTALS,IRRIGATION STATUS: (NONE ON OPERATION),CROP TOTALS,31.3,SALES,CROP TOTALS - OPERATIONS WITH SALES,CENSUS,,,STATE,ALL CLASSES,00000000,NEVADA,9000,CROPS,ALL PRODUCTION PRACTICES,,2012-12-31 00:00:00.000,,00,,32,,81,00,UNITED STATES,,,32,NV,NEVADA,YEAR,ANNUAL,,ALL UTILIZATION PRACTICES,IRRIGATION STATUS,,2012,OPERATIONS
CROP TOTALS,IRRIGATION STATUS: (NONE ON OPERATION),CROP TOTALS,,SALES,CROP TOTALS - OPERATIONS WITH SALES,CENSUS,,,STATE,ALL CLASSES,00000000,NEVADA,9000,CROPS,ALL PRODUCTION PRACTICES,,2012-01-01 00:00:00.000,,00,,32,,5,00,UNITED STATES,,,32,NV,NEVADA,YEAR,ANNUAL,,ALL UTILIZATION PRACTICES,IRRIGATION STATUS,,2002,OPERATIONS
CROP TOTALS,"SALES: (250,000 OR MORE $)",CROP TOTALS,,SALES,CROP TOTALS - OPERATIONS WITH SALES,CENSUS,,,STATE,ALL CLASSES,00000000,NEVADA,9000,CROPS,ALL PRODUCTION PRACTICES,,2012-01-01 00:00:00.000,,00,,32,,170,00,UNITED STATES,,,32,NV,NEVADA,YEAR,ANNUAL,,ALL UTILIZATION PRACTICES,SALES,,2007,OPERATIONS
CROP TOTALS,"SALES: (250,000 OR MORE $)",CROP TOTALS,,SALES,CROP TOTALS - OPERATIONS WITH SALES,CENSUS,89001,,ZIP CODE,ALL CLASSES,00000000,NEVADA,9000,CROPS,ALL PRODUCTION PRACTICES,,2024-11-07 12:00:00.000,,00,,32,,1,00,UNITED STATES,,,32,NV,89001,YEAR,ANNUAL,,ALL UTILIZATION PRACTICES,SALES,,2022,OPERATIONS
CROP TOTALS,"SALES: (250,000 OR MORE $)",CROP TOTALS,,SALES,CROP TOTALS - OPERATIONS WITH SALES,CENSUS,89001,,ZIP CODE,ALL CLASSES,00000000,NEVADA,9000,CROPS,ALL PRODUCTION PRACTICES,,2018-02-01 12:00:00.000,,00,,32,,3,00,UNITED STATES,,,32,NV,89001,YEAR,ANNUAL,,ALL UTILIZATION PRACTICES,SALES,,2017,OPERATIONS
CROP TOTALS,"SALES: (250,000 OR MORE $)",CROP TOTALS,,SALES,CROP TOTALS - OPERATIONS WITH SALES,CENSUS,89001,,ZIP CODE,ALL CLASSES,00000000,NEVADA,9000,CROPS,ALL PRODUCTION PRACTICES,,2012-01-01 00:00:00.000,,00,,32,,2,00,UNITED STATES,,,32,NV,89001,YEAR,ANNUAL,,ALL UTILIZATION PRACTICES,SALES,,2007,OPERATIONS
CROP TOTALS,"SALES: (250,000 OR MORE $)",CROP TOTALS,,SALES,CROP TOTALS - OPERATIONS WITH SALES,CENSUS,89010,,ZIP CODE,ALL CLASSES,00000000,NEVADA,9000,CROPS,ALL PRODUCTION PRACTICES,,2024-11-07 12:00:00.000,,00,,32,,11,00,UNITED STATES,,,32,NV,89010,YEAR,ANNUAL,,ALL UTILIZATION PRACTICES,SALES,,2022,OPERATIONS
CROP TOTALS,"SALES: (250,000 OR MORE $)",CROP TOTALS,,SALES,CROP TOTALS - OPERATIONS WITH SALES,CENSUS,89010,,ZIP CODE,ALL CLASSES,00000000,NEVADA,9000,CROPS,ALL PRODUCTION PRACTICES,,2018-02-01 12:00:00.000,,00,,32,,8,00,UNITED STATES,,,32,NV,89010,YEAR,ANNUAL,,ALL UTILIZATION PRACTICES,SALES,,2017,OPERATIONS
CROP TOTALS,"SALES: (250,000 OR MORE $)",CROP TOTALS,,SALES,CROP TOTALS - OPERATIONS WITH SALES,CENSUS,89010,,ZIP CODE,ALL CLASSES,00000000,NEVADA,9000,CROPS,ALL PRODUCTION PRACTICES,,2012-01-01 00:00:00.000,,00,,32,,7,00,UNITED STATES,,,32,NV,89010,YEAR,ANNUAL,,ALL UTILIZATION PRACTICES,SALES,,2007,OPERATIONS
CROP TOTALS,"SALES: (250,000 OR MORE $)",CROP TOTALS,,SALES,CROP TOTALS - OPERATIONS WITH SALES,CENSUS,89015,,ZIP CODE,ALL CLASSES,00000000,NEVADA,9000,CROPS,ALL PRODUCTION PRACTICES,,2012-01-01 00:00:00.000,,00,,32,,1,00,UNITED STATES,,,32,NV,89015,YEAR,ANNUAL,,ALL UTILIZATION PRACTICES,SALES,,2007,OPERATIONS
CROP TOTALS,"SALES: (250,000 OR MORE $)",CROP TOTALS,,SALES,CROP TOTALS - OPERATIONS WITH SALES,CENSUS,89019,,ZIP CODE,ALL CLASSES,00000000,NEVADA,9000,CROPS,ALL PRODUCTION PRACTICES,,2024-11-07 12:00:00.000,,00,,32,,1,00,UNITED STATES,,,32,NV,89019,YEAR,ANNUAL,,ALL UTILIZATION PRACTICES,SALES,,2022,OPERATIONS
CROP TOTALS,"SALES: (250,000 OR MORE $)",CROP TOTALS,,SALES,CROP TOTALS - OPERATIONS WITH SALES,CENSUS,89020,,ZIP CODE,ALL CLASSES,00000000,NEVADA,9000,CROPS,ALL PRODUCTION PRACTICES,,2024-11-07 12:00:00.000,,00,,32,,1,00,UNITED STATES,,,32,NV,89020,YEAR,ANNUAL,,ALL UTILIZATION PRACTICES,SALES,,2022,OPERATIONS
CROP TOTALS,"SALES: (250,000 OR MORE $)",CROP TOTALS,,SALES,CROP TOTALS - OPERATIONS WITH SALES,CENSUS,89021,,ZIP CODE,ALL CLASSES,00000000,NEVADA,9000,CROPS,ALL PRODUCTION PRACTICES,,2024-11-07 12:00:00.000,,00,,32,,1,00,UNITED STATES,,,32,NV,89021,YEAR,ANNUAL,,ALL UTILIZATION PRACTICES,SALES,,2022,OPERATIONS
CROP TOTALS,"SALES: (250,000 OR MORE $)",CROP TOTALS,,SALES,CROP TOTALS - OPERATIONS WITH SALES,CENSUS,89021,,ZIP CODE,ALL CLASSES,00000000,NEVADA,9000,CROPS,ALL PRODUCTION PRACTICES,,2018-02-01 12:00:00.000,,00,,32,,3,00,UNITED STATES,,,32,NV,89021,YEAR,ANNUAL,,ALL UTILIZATION PRACTICES,SALES,,2017,OPERATIONS
CROP TOTALS,"SALES: (250,000 OR MORE $)",CROP TOTALS,,SALES,CROP TOTALS - OPERATIONS WITH SALES,CENSUS,89025,,ZIP CODE,ALL CLASSES,00000000,NEVADA,9000,CROPS,ALL PRODUCTION PRACTICES,,2024-11-07 12:00:00.000,,00,,32,,1,00,UNITED STATES,,,32,NV,89025,YEAR,ANNUAL,,ALL UTILIZATION PRACTICES,SALES,,2022,OPERATIONS
CROP TOTALS,"SALES: (250,000 OR MORE $)",CROP TOTALS,,SALES,CROP TOTALS - OPERATIONS WITH SALES,CENSUS,89030,,ZIP CODE,ALL CLASSES,00000000,NEVADA,9000,CROPS,ALL PRODUCTION PRACTICES,,2018-02-01 12:00:00.000,,00,,32,,1,00,UNITED STATES,,,32,NV,89030,YEAR,ANNUAL,,ALL UTILIZATION PRACTICES,SALES,,2017,OPERATIONS
CROP TOTALS,"SALES: (250,000 OR MORE $)",CROP TOTALS,,SALES,CROP TOTALS - OPERATIONS WITH SALES,CENSUS,89042,,ZIP CODE,ALL CLASSES,00000000,NEVADA,9000,CROPS,ALL PRODUCTION PRACTICES,,2024-11-07 12:00:00.000,,00,,32,,1,00,UNITED STATES,,,32,NV,89042,YEAR,ANNUAL,,ALL UTILIZATION PRACTICES,SALES,,2022,OPERATIONS
CROP TOTALS,"SALES: (250,000 OR MORE $)",CROP TOTALS,,SALES,CROP TOTALS - OPERATIONS WITH SALES,CENSUS,89042,,ZIP CODE,ALL CLASSES,00000000,NEVADA,9000,CROPS,ALL PRODUCTION PRACTICES,,2018-02-01 12:00:00.000,,00,,32,,2,00,UNITED STATES,,,32,NV,89042,YEAR,ANNUAL,,ALL UTILIZATION PRACTICES,SALES,,2017,OPERATIONS
CROP TOTALS,"SALES: (250,000 OR MORE $)",CROP TOTALS,,SALES,CROP TOTALS - OPERATIONS WITH SALES,CENSUS,89042,,ZIP CODE,ALL CLASSES,00000000,NEVADA,9000,CROPS,ALL PRODUCTION PRACTICES,,2012-01-01 00:00:00.000,,00,,32,,1,00,UNITED STATES,,,32,NV,89042,YEAR,ANNUAL,,ALL UTILIZATION PRACTICES,SALES,,2007,OPERATIONS
CROP TOTALS,"SALES: (250,000 OR MORE $)",CROP TOTALS,,SALES,CROP TOTALS - OPERATIONS WITH SALES,CENSUS,89043,,ZIP CODE,ALL CLASSES,00000000,NEVADA,9000,CROPS,ALL PRODUCTION PRACTICES,,2024-11-07 12:00:00.000,,00,,32,,5,00,UNITED STATES,,,32,NV,89043,YEAR,ANNUAL,,ALL UTILIZATION PRACTICES,SALES,,2022,OPERATIONS
CROP TOTALS,"SALES: (250,000 OR MORE $)",CROP TOTALS,,SALES,CROP TOTALS - OPERATIONS WITH SALES,CENSUS,89043,,ZIP CODE,ALL CLASSES,00000000,NEVADA,9000,CROPS,ALL PRODUCTION PRACTICES,,2018-02-01 12:00:00.000,,00,,32,,2,00,UNITED STATES,,,32,NV,89043,YEAR,ANNUAL,,ALL UTILIZATION PRACTICES,SALES,,2017,OPERATIONS
CROP TOTALS,"SALES: (250,000 OR MORE $)",CROP TOTALS,,SALES,CROP TOTALS - OPERATIONS WITH SALES,CENSUS,89043,,ZIP CODE,ALL CLASSES,00000000,NEVADA,9000,CROPS,ALL PRODUCTION PRACTICES,,2012-01-01 00:00:00.000,,00,,32,,3,00,UNITED STATES,,,32,NV,89043,YEAR,ANNUAL,,ALL UTILIZATION PRACTICES,SALES,,2007,OPERATIONS
CROP TOTALS,"SALES: (250,000 OR MORE $)",CROP TOTALS,,SALES,CROP TOTALS - OPERATIONS WITH SALES,CENSUS,89045,,ZIP CODE,ALL CLASSES,00000000,NEVADA,9000,CROPS,ALL PRODUCTION PRACTICES,,2012-01-01 00:00:00.000,,00,,32,,1,00,UNITED STATES,,,32,NV,89045,YEAR,ANNUAL,,ALL UTILIZATION PRACTICES,SALES,,2007,OPERATIONS
CROP TOTALS,"SALES: (250,000 OR MORE $)",CROP TOTALS,,SALES,CROP TOTALS - OPERATIONS WITH SALES,CENSUS,89049,,ZIP CODE,ALL CLASSES,00000000,NEVADA,9000,CROPS,ALL PRODUCTION PRACTICES,,2024-11-07 12:00:00.000,,00,,32,,8,00,UNITED STATES,,,32,NV,89049,YEAR,ANNUAL,,ALL UTILIZATION PRACTICES,SALES,,2022,OPERATIONS
CROP TOTALS,"SALES: (250,000 OR MORE $)",CROP TOTALS,,SALES,CROP TOTALS - OPERATIONS WITH SALES,CENSUS,89049,,ZIP CODE,ALL CLASSES,00000000,NEVADA,9000,CROPS,ALL PRODUCTION PRACTICES,,2018-02-01 12:00:00.000,,00,,32,,1,00,UNITED STATES,,,32,NV,89049,YEAR,ANNUAL,,ALL UTILIZATION PRACTICES,SALES,,2017,OPERATIONS
CROP TOTALS,"SALES: (250,000 OR MORE $)",CROP TOTALS,,SALES,CROP TOTALS - OPERATIONS WITH SALES,CENSUS,89108,,ZIP CODE,ALL CLASSES,00000000,NEVADA,9000,CROPS,ALL PRODUCTION PRACTICES,,2024-11-07 12:00:00.000,,00,,32,,1,00,UNITED STATES,,,32,NV,89108,YEAR,ANNUAL,,ALL UTILIZATION PRACTICES,SALES,,2022,OPERATIONS
CROP TOTALS,"SALES: (250,000 OR MORE $)",CROP TOTALS,,SALES,CROP TOTALS - OPERATIONS WITH SALES,CENSUS,89113,,ZIP CODE,ALL CLASSES,00000000,NEVADA,9000,CROPS,ALL PRODUCTION PRACTICES,,2012-01-01 00:00:00.000,,00,,32,,6,00,UNITED STATES,,,32,NV,89113,YEAR,ANNUAL,,ALL UTILIZATION PRACTICES,SALES,,2007,OPERATIONS
CROP TOTALS,"SALES: (250,000 OR MORE $)",CROP TOTALS,,SALES,CROP TOTALS - OPERATIONS WITH SALES,CENSUS,89118,,ZIP CODE,ALL CLASSES,00000000,NEVADA,9000,CROPS,ALL PRODUCTION PRACTICES,,2018-02-01 12:00:00.000,,00,,32,,2,00,UNITED STATES,,,32,NV,89118,YEAR,ANNUAL,,ALL UTILIZATION PRACTICES,SALES,,2017,OPERATIONS
CROP TOTALS,"SALES: (250,000 OR MORE $)",CROP TOTALS,,SALES,CROP TOTALS - OPERATIONS WITH SALES,CENSUS,89122,,ZIP CODE,ALL CLASSES,00000000,NEVADA,9000,CROPS,ALL PRODUCTION PRACTICES,,2012-01-01 00:00:00.000,,00,,32,,1,00,UNITED STATES,,,32,NV,89122,YEAR,ANNUAL,,ALL UTILIZATION PRACTICES,SALES,,2007,OPERATIONS
CROP TOTALS,"SALES: (250,000 OR MORE $)",CROP TOTALS,,SALES,CROP TOTALS - OPERATIONS WITH SALES,CENSUS,89133,,ZIP CODE,ALL CLASSES,00000000,NEVADA,9000,CROPS,ALL PRODUCTION PRACTICES,,2024-11-07 12:00:00.000,,00,,32,,1,00,UNITED STATES,,,32,NV,89133,YEAR,ANNUAL,,ALL UTILIZATION PRACTICES,SALES,,2022,OPERATIONS
CROP TOTALS,"SALES: (250,000 OR MORE $)",CROP TOTALS,,SALES,CROP TOTALS - OPERATIONS WITH SALES,CENSUS,89133,,ZIP CODE,ALL CLASSES,00000000,NEVADA,9000,CROPS,ALL PRODUCTION PRACTICES,,2018-02-01 12:00:00.000,,00,,32,,1,00,UNITED STATES,,,32,NV,89133,YEAR,ANNUAL,,ALL UTILIZATION PRACTICES,SALES,,2017,OPERATIONS
CROP TOTALS,"SALES: (250,000 OR MORE $)",CROP TOTALS,,SALES,CROP TOTALS - OPERATIONS WITH SALES,CENSUS,89136,,ZIP CODE,ALL CLASSES,00000000,NEVADA,9000,CROPS,ALL PRODUCTION PRACTICES,,2012-01-01 00:00:00.000,,00,,32,,1,00,UNITED STATES,,,32,NV,89136,YEAR,ANNUAL,,ALL UTILIZATION PRACTICES,SALES,,2007,OPERATIONS
CROP TOTALS,"SALES: (250,000 OR MORE $)",CROP TOTALS,,SALES,CROP TOTALS - OPERATIONS WITH SALES,CENSUS,89301,,ZIP CODE,ALL CLASSES,00000000,NEVADA,9000,CROPS,ALL PRODUCTION PRACTICES,,2024-11-07 12:00:00.000,,00,,32,,2,00,UNITED STATES,,,32,NV,89301,YEAR,ANNUAL,,ALL UTILIZATION PRACTICES,SALES,,2022,OPERATIONS
CROP TOTALS,"SALES: (250,000 OR MORE $)",CROP TOTALS,,SALES,CROP TOTALS - OPERATIONS WITH SALES,CENSUS,89301,,ZIP CODE,ALL CLASSES,00000000,NEVADA,9000,CROPS,ALL PRODUCTION PRACTICES,,2018-02-01 12:00:00.000,,00,,32,,2,00,UNITED STATES,,,32,NV,89301,YEAR,ANNUAL,,ALL UTILIZATION PRACTICES,SALES,,2017,OPERATIONS
CROP TOTALS,"SALES: (250,000 OR MORE $)",CROP TOTALS,,SALES,CROP TOTALS - OPERATIONS WITH SALES,CENSUS,89310,,ZIP CODE,ALL CLASSES,00000000,NEVADA,9000,CROPS,ALL PRODUCTION PRACTICES,,2024-11-07 12:00:00.000,,00,,32,,5,00,UNITED STATES,,,32,NV,89310,YEAR,ANNUAL,,ALL UTILIZATION PRACTICES,SALES,,2022,OPERATIONS
CROP TOTALS,"SALES: (250,000 OR MORE $)",CROP TOTALS,,SALES,CROP TOTALS - OPERATIONS WITH SALES,CENSUS,89310,,ZIP CODE,ALL CLASSES,00000000,NEVADA,9000,CROPS,ALL PRODUCTION PRACTICES,,2018-02-01 12:00:00.000,,00,,32,,2,00,UNITED STATES,,,32,NV,89310,YEAR,ANNUAL,,ALL UTILIZATION PRACTICES,SALES,,2017,OPERATIONS
CROP TOTALS,"SALES: (250,000 OR MORE $)",CROP TOTALS,,SALES,CROP TOTALS - OPERATIONS WITH SALES,CENSUS,89310,,ZIP CODE,ALL CLASSES,00000000,NEVADA,9000,CROPS,ALL PRODUCTION PRACTICES,,2012-01-01 00:00:00.000,,00,,32,,3,00,UNITED STATES,,,32,NV,89310,YEAR,ANNUAL,,ALL UTILIZATION PRACTICES,SALES,,2007,OPERATIONS
CROP TOTALS,"SALES: (250,000 OR MORE $)",CROP TOTALS,,SALES,CROP TOTALS - OPERATIONS WITH SALES,CENSUS,89311,,ZIP CODE,ALL CLASSES,00000000,NEVADA,9000,CROPS,ALL PRODUCTION PRACTICES,,2024-11-07 12:00:00.000,,00,,32,,1,00,UNITED STATES,,,32,NV,89311,YEAR,ANNUAL,,ALL UTILIZATION PRACTICES,SALES,,2022,OPERATIONS
CROP TOTALS,"SALES: (250,000 OR MORE $)",CROP TOTALS,,SALES,CROP TOTALS - OPERATIONS WITH SALES,CENSUS,89311,,ZIP CODE,ALL CLASSES,00000000,NEVADA,9000,CROPS,ALL PRODUCTION PRACTICES,,2018-02-01 12:00:00.000,,00,,32,,1,00,UNITED STATES,,,32,NV,89311,YEAR,ANNUAL,,ALL UTILIZATION PRACTICES,SALES,,2017,OPERATIONS
CROP TOTALS,"SALES: (250,000 OR MORE $)",CROP TOTALS,,SALES,CROP TOTALS - OPERATIONS WITH SALES,CENSUS,89311,,ZIP CODE,ALL CLASSES,00000000,NEVADA,9000,CROPS,ALL PRODUCTION PRACTICES,,2012-01-01 00:00:00.000,,00,,32,,1,00,UNITED STATES,,,32,NV,89311,YEAR,ANNUAL,,ALL UTILIZATION PRACTICES,SALES,,2007,OPERATIONS
CROP TOTALS,"SALES: (250,000 OR MORE $)",CROP TOTALS,,SALES,CROP TOTALS - OPERATIONS WITH SALES,CENSUS,89316,,ZIP CODE,ALL CLASSES,00000000,NEVADA,9000,CROPS,ALL PRODUCTION PRACTICES,,2024-11-07 12:00:00.000,,00,,32,,36,00,UNITED STATES,,,32,NV,89316,YEAR,ANNUAL,,ALL UTILIZATION PRACTICES,SALES,,2022,OPERATIONS
CROP TOTALS,"SALES: (250,000 OR MORE $)",CROP TOTALS,,SALES,CROP TOTALS - OPERATIONS WITH SALES,CENSUS,89316,,ZIP CODE,ALL CLASSES,00000000,NEVADA,9000,CROPS,ALL PRODUCTION PRACTICES,,2018-02-01 12:00:00.000,,00,,32,,34,00,UNITED STATES,,,32,NV,89316,YEAR,ANNUAL,,ALL UTILIZATION PRACTICES,SALES,,2017,OPERATIONS
CROP TOTALS,"SALES: (250,000 OR MORE $)",CROP TOTALS,,SALES,CROP TOTALS - OPERATIONS WITH SALES,CENSUS,89316,,ZIP CODE,ALL CLASSES,00000000,NEVADA,9000,CROPS,ALL PRODUCTION PRACTICES,,2012-01-01 00:00:00.000,,00,,32,,18,00,UNITED STATES,,,32,NV,89316,YEAR,ANNUAL,,ALL UTILIZATION PRACTICES,SALES,,2007,OPERATIONS
CROP TOTALS,"SALES: (250,000 OR MORE $)",CROP TOTALS,,SALES,CROP TOTALS - OPERATIONS WITH SALES,CENSUS,89317,,ZIP CODE,ALL CLASSES,00000000,NEVADA,9000,CROPS,ALL PRODUCTION PRACTICES,,2024-11-07 12:00:00.000,,00,,32,,3,00,UNITED STATES,,,32,NV,89317,YEAR,ANNUAL,,ALL UTILIZATION PRACTICES,SALES,,2022,OPERATIONS
CROP TOTALS,"SALES: (250,000 OR MORE $)",CROP TOTALS,,SALES,CROP TOTALS - OPERATIONS WITH SALES,CENSUS,89317,,ZIP CODE,ALL CLASSES,00000000,NEVADA,9000,CROPS,ALL PRODUCTION PRACTICES,,2018-02-01 12:00:00.000,,00,,32,,3,00,UNITED STATES,,,32,NV,89317,YEAR,ANNUAL,,ALL UTILIZATION PRACTICES,SALES,,2017,OPERATIONS
CROP TOTALS,"SALES: (250,000 OR MORE $)",CROP TOTALS,,SALES,CROP TOTALS - OPERATIONS WITH SALES,CENSUS,89318,,ZIP CODE,ALL CLASSES,00000000,NEVADA,9000,CROPS,ALL PRODUCTION PRACTICES,,2024-11-07 12:00:00.000,,00,,32,,1,00,UNITED STATES,,,32,NV,89318,YEAR,ANNUAL,,ALL UTILIZATION PRACTICES,SALES,,2022,OPERATIONS
CROP TOTALS,"SALES: (250,000 OR MORE $)",CROP TOTALS,,SALES,CROP TOTALS - OPERATIONS WITH SALES,CENSUS,89318,,ZIP CODE,ALL CLASSES,00000000,NEVADA,9000,CROPS,ALL PRODUCTION PRACTICES,,2018-02-01 12:00:00.000,,00,,32,,5,00,UNITED STATES,,,32,NV,89318,YEAR,ANNUAL,,ALL UTILIZATION PRACTICES,SALES,,2017,OPERATIONS
CROP TOTALS,"SALES: (250,000 OR MORE $)",CROP TOTALS,,SALES,CROP TOTALS - OPERATIONS WITH SALES,CENSUS,89404,,ZIP CODE,ALL CLASSES,00000000,NEVADA,9000,CROPS,ALL PRODUCTION PRACTICES,,2024-11-07 12:00:00.000,,00,,32,,2,00,UNITED STATES,,,32,NV,89404,YEAR,ANNUAL,,ALL UTILIZATION PRACTICES,SALES,,2022,OPERATIONS
CROP TOTALS,"SALES: (250,000 OR MORE $)",CROP TOTALS,,SALES,CROP TOTALS - OPERATIONS WITH SALES,CENSUS,89404,,ZIP CODE,ALL CLASSES,00000000,NEVADA,9000,CROPS,ALL PRODUCTION PRACTICES,,2018-02-01 12:00:00.000,,00,,32,,1,00,UNITED STATES,,,32,NV,89404,YEAR,ANNUAL,,ALL UTILIZATION PRACTICES,SALES,,2017,OPERATIONS
CROP TOTALS,"SALES: (250,000 OR MORE $)",CROP TOTALS,,SALES,CROP TOTALS - OPERATIONS WITH SALES,CENSUS,89405,,ZIP CODE,ALL CLASSES,00000000,NEVADA,9000,CROPS,ALL PRODUCTION PRACTICES,,2012-01-01 00:00:00.000,,00,,32,,1,00,UNITED STATES,,,32,NV,89405,YEAR,ANNUAL,,ALL UTILIZATION PRACTICES,SALES,,2007,OPERATIONS
CROP TOTALS,"SALES: (250,000 OR MORE $)",CROP TOTALS,,SALES,CROP TOTALS - OPERATIONS WITH SALES,CENSUS,89406,,ZIP CODE,ALL CLASSES,00000000,NEVADA,9000,CROPS,ALL PRODUCTION PRACTICES,,2024-11-07 12:00:00.000,,00,,32,,26,00,UNITED STATES,,,32,NV,89406,YEAR,ANNUAL,,ALL UTILIZATION PRACTICES,SALES,,2022,OPERATIONS
CROP TOTALS,"SALES: (250,000 OR MORE $)",CROP TOTALS,,SALES,CROP TOTALS - OPERATIONS WITH SALES,CENSUS,89406,,ZIP CODE,ALL CLASSES,00000000,NEVADA,9000,CROPS,ALL PRODUCTION PRACTICES,,2018-02-01 12:00:00.000,,00,,32,,15,00,UNITED STATES,,,32,NV,89406,YEAR,ANNUAL,,ALL UTILIZATION PRACTICES,SALES,,2017,OPERATIONS
CROP TOTALS,"SALES: (250,000 OR MORE $)",CROP TOTALS,,SALES,CROP TOTALS - OPERATIONS WITH SALES,CENSUS,89406,,ZIP CODE,ALL CLASSES,00000000,NEVADA,9000,CROPS,ALL PRODUCTION PRACTICES,,2012-01-01 00:00:00.000,,00,,32,,11,00,UNITED STATES,,,32,NV,89406,YEAR,ANNUAL,,ALL UTILIZATION PRACTICES,SALES,,2007,OPERATIONS
CROP TOTALS,"SALES: (250,000 OR MORE $)",CROP TOTALS,,SALES,CROP TOTALS - OPERATIONS WITH SALES,CENSUS,89407,,ZIP CODE,ALL CLASSES,00000000,NEVADA,9000,CROPS,ALL PRODUCTION PRACTICES,,2024-11-07 12:00:00.000,,00,,32,,4,00,UNITED STATES,,,32,NV,89407,YEAR,ANNUAL,,ALL UTILIZATION PRACTICES,SALES,,2022,OPERATIONS
CROP TOTALS,"SALES: (250,000 OR MORE $)",CROP TOTALS,,SALES,CROP TOTALS - OPERATIONS WITH SALES,CENSUS,89407,,ZIP CODE,ALL CLASSES,00000000,NEVADA,9000,CROPS,ALL PRODUCTION PRACTICES,,2018-02-01 12:00:00.000,,00,,32,,4,00,UNITED STATES,,,32,NV,89407,YEAR,ANNUAL,,ALL UTILIZATION PRACTICES,SALES,,2017,OPERATIONS
CROP TOTALS,"SALES: (250,000 OR MORE $)",CROP TOTALS,,SALES,CROP TOTALS - OPERATIONS WITH SALES,CENSUS,89407,,ZIP CODE,ALL CLASSES,00000000,NEVADA,9000,CROPS,ALL PRODUCTION PRACTICES,,2012-01-01 00:00:00.000,,00,,32,,2,00,UNITED STATES,,,32,NV,89407,YEAR,ANNUAL,,ALL UTILIZATION PRACTICES,SALES,,2007,OPERATIONS
CROP TOTALS,"SALES: (250,000 OR MORE $)",CROP TOTALS,,SALES,CROP TOTALS - OPERATIONS WITH SALES,CENSUS,89408,,ZIP CODE,ALL CLASSES,00000000,NEVADA,9000,CROPS,ALL PRODUCTION PRACTICES,,2024-11-07 12:00:00.000,,00,,32,,1,00,UNITED STATES,,,32,NV,89408,YEAR,ANNUAL,,ALL UTILIZATION PRACTICES,SALES,,2022,OPERATIONS
CROP TOTALS,"SALES: (250,000 OR MORE $)",CROP TOTALS,,SALES,CROP TOTALS - OPERATIONS WITH SALES,CENSUS,89409,,ZIP CODE,ALL CLASSES,00000000,NEVADA,9000,CROPS,ALL PRODUCTION PRACTICES,,2012-01-01 00:00:00.000,,00,,32,,1,00,UNITED STATES,,,32,NV,89409,YEAR,ANNUAL,,ALL UTILIZATION PRACTICES,SALES,,2007,OPERATIONS
CROP TOTALS,"SALES: (250,000 OR MORE $)",CROP TOTALS,,SALES,CROP TOTALS - OPERATIONS WITH SALES,CENSUS,89411,,ZIP CODE,ALL CLASSES,00000000,NEVADA,9000,CROPS,ALL PRODUCTION PRACTICES,,2024-11-07 12:00:00.000,,00,,32,,1,00,UNITED STATES,,,32,NV,89411,YEAR,ANNUAL,,ALL UTILIZATION PRACTICES,SALES,,2022,OPERATIONS
CROP TOTALS,"SALES: (250,000 OR MORE $)",CROP TOTALS,,SALES,CROP TOTALS - OPERATIONS WITH SALES,CENSUS,89418,,ZIP CODE,ALL CLASSES,00000000,NEVADA,9000,CROPS,ALL PRODUCTION PRACTICES,,2024-11-07 12:00:00.000,,00,,32,,3,00,UNITED STATES,,,32,NV,89418,YEAR,ANNUAL,,ALL UTILIZATION PRACTICES,SALES,,2022,OPERATIONS
CROP TOTALS,"SALES: (250,000 OR MORE $)",CROP TOTALS,,SALES,CROP TOTALS - OPERATIONS WITH SALES,CENSUS,89418,,ZIP CODE,ALL CLASSES,00000000,NEVADA,9000,CROPS,ALL PRODUCTION PRACTICES,,2012-01-01 00:00:00.000,,00,,32,,2,00,UNITED STATES,,,32,NV,89418,YEAR,ANNUAL,,ALL UTILIZATION PRACTICES,SALES,,2007,OPERATIONS
CROP TOTALS,"SALES: (250,000 OR MORE $)",CROP TOTALS,,SALES,CROP TOTALS - OPERATIONS WITH SALES,CENSUS,89419,,ZIP CODE,ALL CLASSES,00000000,NEVADA,9000,CROPS,ALL PRODUCTION PRACTICES,,2024-11-07 12:00:00.000,,00,,32,,11,00,UNITED STATES,,,32,NV,89419,YEAR,ANNUAL,,ALL UTILIZATION PRACTICES,SALES,,2022,OPERATIONS
CROP TOTALS,"SALES: (250,000 OR MORE $)",CROP TOTALS,,SALES,CROP TOTALS - OPERATIONS WITH SALES,CENSUS,89419,,ZIP CODE,ALL CLASSES,00000000,NEVADA,9000,CROPS,ALL PRODUCTION PRACTICES,,2018-02-01 12:00:00.000,,00,,32,,14,00,UNITED STATES,,,32,NV,89419,YEAR,ANNUAL,,ALL UTILIZATION PRACTICES,SALES,,2017,OPERATIONS
CROP TOTALS,"SALES: (250,000 OR MORE $)",CROP TOTALS,,SALES,CROP TOTALS - OPERATIONS WITH SALES,CENSUS,89419,,ZIP CODE,ALL CLASSES,00000000,NEVADA,9000,CROPS,ALL PRODUCTION PRACTICES,,2012-01-01 00:00:00.000,,00,,32,,23,00,UNITED STATES,,,32,NV,89419,YEAR,ANNUAL,,ALL UTILIZATION PRACTICES,SALES,,2007,OPERATIONS
CROP TOTALS,"SALES: (250,000 OR MORE $)",CROP TOTALS,,SALES,CROP TOTALS - OPERATIONS WITH SALES,CENSUS,89423,,ZIP CODE,ALL CLASSES,00000000,NEVADA,9000,CROPS,ALL PRODUCTION PRACTICES,,2024-11-07 12:00:00.000,,00,,32,,3,00,UNITED STATES,,,32,NV,89423,YEAR,ANNUAL,,ALL UTILIZATION PRACTICES,SALES,,2022,OPERATIONS
CROP TOTALS,"SALES: (250,000 OR MORE $)",CROP TOTALS,,SALES,CROP TOTALS - OPERATIONS WITH SALES,CENSUS,89423,,ZIP CODE,ALL CLASSES,00000000,NEVADA,9000,CROPS,ALL PRODUCTION PRACTICES,,2018-02-01 12:00:00.000,,00,,32,,5,00,UNITED STATES,,,32,NV,89423,YEAR,ANNUAL,,ALL UTILIZATION PRACTICES,SALES,,2017,OPERATIONS
CROP TOTALS,"SALES: (250,000 OR MORE $)",CROP TOTALS,,SALES,CROP TOTALS - OPERATIONS WITH SALES,CENSUS,89423,,ZIP CODE,ALL CLASSES,00000000,NEVADA,9000,CROPS,ALL PRODUCTION PRACTICES,,2012-01-01 00:00:00.000,,00,,32,,4,00,UNITED STATES,,,32,NV,89423,YEAR,ANNUAL,,ALL UTILIZATION PRACTICES,SALES,,2007,OPERATIONS
CROP TOTALS,"SALES: (250,000 OR MORE $)",CROP TOTALS,,SALES,CROP TOTALS - OPERATIONS WITH SALES,CENSUS,89425,,ZIP CODE,ALL CLASSES,00000000,NEVADA,9000,CROPS,ALL PRODUCTION PRACTICES,,2024-11-07 12:00:00.000,,00,,32,,24,00,UNITED STATES,,,32,NV,89425,YEAR,ANNUAL,,ALL UTILIZATION PRACTICES,SALES,,2022,OPERATIONS
CROP TOTALS,"SALES: (250,000 OR MORE $)",CROP TOTALS,,SALES,CROP TOTALS - OPERATIONS WITH SALES,CENSUS,89425,,ZIP CODE,ALL CLASSES,00000000,NEVADA,9000,CROPS,ALL PRODUCTION PRACTICES,,2018-02-01 12:00:00.000,,00,,32,,36,00,UNITED STATES,,,32,NV,89425,YEAR,ANNUAL,,ALL UTILIZATION PRACTICES,SALES,,2017,OPERATIONS
CROP TOTALS,"SALES: (250,000 OR MORE $)",CROP TOTALS,,SALES,CROP TOTALS - OPERATIONS WITH SALES,CENSUS,89425,,ZIP CODE,ALL CLASSES,00000000,NEVADA,9000,CROPS,ALL PRODUCTION PRACTICES,,2012-01-01 00:00:00.000,,00,,32,,13,00,UNITED STATES,,,32,NV,89425,YEAR,ANNUAL,,ALL UTILIZATION PRACTICES,SALES,,2007,OPERATIONS
CROP TOTALS,"SALES: (250,000 OR MORE $)",CROP TOTALS,,SALES,CROP TOTALS - OPERATIONS WITH SALES,CENSUS,89426,,ZIP CODE,ALL CLASSES,00000000,NEVADA,9000,CROPS,ALL PRODUCTION PRACTICES,,2024-11-07 12:00:00.000,,00,,32,,1,00,UNITED STATES,,,32,NV,89426,YEAR,ANNUAL,,ALL UTILIZATION PRACTICES,SALES,,2022,OPERATIONS
CROP TOTALS,"SALES: (250,000 OR MORE $)",CROP TOTALS,,SALES,CROP TOTALS - OPERATIONS WITH SALES,CENSUS,89426,,ZIP CODE,ALL CLASSES,00000000,NEVADA,9000,CROPS,ALL PRODUCTION PRACTICES,,2018-02-01 12:00:00.000,,00,,32,,1,00,UNITED STATES,,,32,NV,89426,YEAR,ANNUAL,,ALL UTILIZATION PRACTICES,SALES,,2017,OPERATIONS
CROP TOTALS,"SALES: (250,000 OR MORE $)",CROP TOTALS,,SALES,CROP TOTALS - OPERATIONS WITH SALES,CENSUS,89426,,ZIP CODE,ALL CLASSES,00000000,NEVADA,9000,CROPS,ALL PRODUCTION PRACTICES,,2012-01-01 00:00:00.000,,00,,32,,1,00,UNITED STATES,,,32,NV,89426,YEAR,ANNUAL,,ALL UTILIZATION PRACTICES,SALES,,2007,OPERATIONS
CROP TOTALS,"SALES: (250,000 OR MORE $)",CROP TOTALS,,SALES,CROP TOTALS - OPERATIONS WITH SALES,CENSUS,89427,,ZIP CODE,ALL CLASSES,00000000,NEVADA,9000,CROPS,ALL PRODUCTION PRACTICES,,2024-11-07 12:00:00.000,,00,,32,,3,00,UNITED STATES,,,32,NV,89427,YEAR,ANNUAL,,ALL UTILIZATION PRACTICES,SALES,,2022,OPERATIONS
CROP TOTALS,"SALES: (250,000 OR MORE $)",CROP TOTALS,,SALES,CROP TOTALS - OPERATIONS WITH SALES,CENSUS,89429,,ZIP CODE,ALL CLASSES,00000000,NEVADA,9000,CROPS,ALL PRODUCTION PRACTICES,,2018-02-01 12:00:00.000,,00,,32,,1,00,UNITED STATES,,,32,NV,89429,YEAR,ANNUAL,,ALL UTILIZATION PRACTICES,SALES,,2017,OPERATIONS
CROP TOTALS,"SALES: (250,000 OR MORE $)",CROP TOTALS,,SALES,CROP TOTALS - OPERATIONS WITH SALES,CENSUS,89430,,ZIP CODE,ALL CLASSES,00000000,NEVADA,9000,CROPS,ALL PRODUCTION PRACTICES,,2024-11-07 12:00:00.000,,00,,32,,10,00,UNITED STATES,,,32,NV,89430,YEAR,ANNUAL,,ALL UTILIZATION PRACTICES,SALES,,2022,OPERATIONS
CROP TOTALS,"SALES: (250,000 OR MORE $)",CROP TOTALS,,SALES,CROP TOTALS - OPERATIONS WITH SALES,CENSUS,89430,,ZIP CODE,ALL CLASSES,00000000,NEVADA,9000,CROPS,ALL PRODUCTION PRACTICES,,2018-02-01 12:00:00.000,,00,,32,,5,00,UNITED STATES,,,32,NV,89430,YEAR,ANNUAL,,ALL UTILIZATION PRACTICES,SALES,,2017,OPERATIONS
CROP TOTALS,"SALES: (250,000 OR MORE $)",CROP TOTALS,,SALES,CROP TOTALS - OPERATIONS WITH SALES,CENSUS,89430,,ZIP CODE,ALL CLASSES,00000000,NEVADA,9000,CROPS,ALL PRODUCTION PRACTICES,,2012-01-01 00:00:00.000,,00,,32,,7,00,UNITED STATES,,,32,NV,89430,YEAR,ANNUAL,,ALL UTILIZATION PRACTICES,SALES,,2007,OPERATIONS
CROP TOTALS,"SALES: (250,000 OR MORE $)",CROP TOTALS,,SALES,CROP TOTALS - OPERATIONS WITH SALES,CENSUS,89431,,ZIP CODE,ALL CLASSES,00000000,NEVADA,9000,CROPS,ALL PRODUCTION PRACTICES,,2012-01-01 00:00:00.000,,00,,32,,1,00,UNITED STATES,,,32,NV,89431,YEAR,ANNUAL,,ALL UTILIZATION PRACTICES,SALES,,2007,OPERATIONS
CROP TOTALS,"SALES: (250,000 OR MORE $)",CROP TOTALS,,SALES,CROP TOTALS - OPERATIONS WITH SALES,CENSUS,89432,,ZIP CODE,ALL CLASSES,00000000,NEVADA,9000,CROPS,ALL PRODUCTION PRACTICES,,2024-11-07 12:00:00.000,,00,,32,,1,00,UNITED STATES,,,32,NV,89432,YEAR,ANNUAL,,ALL UTILIZATION PRACTICES,SALES,,2022,OPERATIONS
CROP TOTALS,"SALES: (250,000 OR MORE $)",CROP TOTALS,,SALES,CROP TOTALS - OPERATIONS WITH SALES,CENSUS,89434,,ZIP CODE,ALL CLASSES,00000000,NEVADA,9000,CROPS,ALL PRODUCTION PRACTICES,,2018-02-01 12:00:00.000,,00,,32,,6,00,UNITED STATES,,,32,NV,89434,YEAR,ANNUAL,,ALL UTILIZATION PRACTICES,SALES,,2017,OPERATIONS
CROP TOTALS,"SALES: (250,000 OR MORE $)",CROP TOTALS,,SALES,CROP TOTALS - OPERATIONS WITH SALES,CENSUS,89444,,ZIP CODE,ALL CLASSES,00000000,NEVADA,9000,CROPS,ALL PRODUCTION PRACTICES,,2012-01-01 00:00:00.000,,00,,32,,3,00,UNITED STATES,,,32,NV,89444,YEAR,ANNUAL,,ALL UTILIZATION PRACTICES,SALES,,2007,OPERATIONS
CROP TOTALS,"SALES: (250,000 OR MORE $)",CROP TOTALS,,SALES,CROP TOTALS - OPERATIONS WITH SALES,CENSUS,89445,,ZIP CODE,ALL CLASSES,00000000,NEVADA,9000,CROPS,ALL PRODUCTION PRACTICES,,2024-11-07 12:00:00.000,,00,,32,,19,00,UNITED STATES,,,32,NV,89445,YEAR,ANNUAL,,ALL UTILIZATION PRACTICES,SALES,,2022,OPERATIONS
CROP TOTALS,"SALES: (250,000 OR MORE $)",CROP TOTALS,,SALES,CROP TOTALS - OPERATIONS WITH SALES,CENSUS,89445,,ZIP CODE,ALL CLASSES,00000000,NEVADA,9000,CROPS,ALL PRODUCTION PRACTICES,,2018-02-01 12:00:00.000,,00,,32,,17,00,UNITED STATES,,,32,NV,89445,YEAR,ANNUAL,,ALL UTILIZATION PRACTICES,SALES,,2017,OPERATIONS
CROP TOTALS,"SALES: (250,000 OR MORE $)",CROP TOTALS,,SALES,CROP TOTALS - OPERATIONS WITH SALES,CENSUS,89445,,ZIP CODE,ALL CLASSES,00000000,NEVADA,9000,CROPS,ALL PRODUCTION PRACTICES,,2012-01-01 00:00:00.000,,00,,32,,10,00,UNITED STATES,,,32,NV,89445,YEAR,ANNUAL,,ALL UTILIZATION PRACTICES,SALES,,2007,OPERATIONS
CROP TOTALS,"SALES: (250,000 OR MORE $)",CROP TOTALS,,SALES,CROP TOTALS - OPERATIONS WITH SALES,CENSUS,89446,,ZIP CODE,ALL CLASSES,00000000,NEVADA,9000,CROPS,ALL PRODUCTION PRACTICES,,2024-11-07 12:00:00.000,,00,,32,,8,00,UNITED STATES,,,32,NV,89446,YEAR,ANNUAL,,ALL UTILIZATION PRACTICES,SALES,,2022,OPERATIONS
CROP TOTALS,"SALES: (250,000 OR MORE $)",CROP TOTALS,,SALES,CROP TOTALS - OPERATIONS WITH SALES,CENSUS,89446,,ZIP CODE,ALL CLASSES,00000000,NEVADA,9000,CROPS,ALL PRODUCTION PRACTICES,,2018-02-01 12:00:00.000,,00,,32,,9,00,UNITED STATES,,,32,NV,89446,YEAR,ANNUAL,,ALL UTILIZATION PRACTICES,SALES,,2017,OPERATIONS
CROP TOTALS,"SALES: (250,000 OR MORE $)",CROP TOTALS,,SALES,CROP TOTALS - OPERATIONS WITH SALES,CENSUS,89446,,ZIP CODE,ALL CLASSES,00000000,NEVADA,9000,CROPS,ALL PRODUCTION PRACTICES,,2012-01-01 00:00:00.000,,00,,32,,8,00,UNITED STATES,,,32,NV,89446,YEAR,ANNUAL,,ALL UTILIZATION PRACTICES,SALES,,2007,OPERATIONS
CROP TOTALS,"SALES: (250,000 OR MORE $)",CROP TOTALS,,SALES,CROP TOTALS - OPERATIONS WITH SALES,CENSUS,89447,,ZIP CODE,ALL CLASSES,00000000,NEVADA,9000,CROPS,ALL PRODUCTION PRACTICES,,2024-11-07 12:00:00.000,,00,,32,,28,00,UNITED STATES,,,32,NV,89447,YEAR,ANNUAL,,ALL UTILIZATION PRACTICES,SALES,,2022,OPERATIONS
CROP TOTALS,"SALES: (250,000 OR MORE $)",CROP TOTALS,,SALES,CROP TOTALS - OPERATIONS WITH SALES,CENSUS,89447,,ZIP CODE,ALL CLASSES,00000000,NEVADA,9000,CROPS,ALL PRODUCTION PRACTICES,,2018-02-01 12:00:00.000,,00,,32,,15,00,UNITED STATES,,,32,NV,89447,YEAR,ANNUAL,,ALL UTILIZATION PRACTICES,SALES,,2017,OPERATIONS
CROP TOTALS,"SALES: (250,000 OR MORE $)",CROP TOTALS,,SALES,CROP TOTALS - OPERATIONS WITH SALES,CENSUS,89447,,ZIP CODE,ALL CLASSES,00000000,NEVADA,9000,CROPS,ALL PRODUCTION PRACTICES,,2012-01-01 00:00:00.000,,00,,32,,16,00,UNITED STATES,,,32,NV,89447,YEAR,ANNUAL,,ALL UTILIZATION PRACTICES,SALES,,2007,OPERATIONS
CROP TOTALS,"SALES: (250,000 OR MORE $)",CROP TOTALS,,SALES,CROP TOTALS - OPERATIONS WITH SALES,CENSUS,89460,,ZIP CODE,ALL CLASSES,00000000,NEVADA,9000,CROPS,ALL PRODUCTION PRACTICES,,2024-11-07 12:00:00.000,,00,,32,,7,00,UNITED STATES,,,32,NV,89460,YEAR,ANNUAL,,ALL UTILIZATION PRACTICES,SALES,,2022,OPERATIONS
CROP TOTALS,"SALES: (250,000 OR MORE $)",CROP TOTALS,,SALES,CROP TOTALS - OPERATIONS WITH SALES,CENSUS,89502,,ZIP CODE,ALL CLASSES,00000000,NEVADA,9000,CROPS,ALL PRODUCTION PRACTICES,,2024-11-07 12:00:00.000,,00,,32,,2,00,UNITED STATES,,,32,NV,89502,YEAR,ANNUAL,,ALL UTILIZATION PRACTICES,SALES,,2022,OPERATIONS
CROP TOTALS,"SALES: (250,000 OR MORE $)",CROP TOTALS,,SALES,CROP TOTALS - OPERATIONS WITH SALES,CENSUS,89502,,ZIP CODE,ALL CLASSES,00000000,NEVADA,9000,CROPS,ALL PRODUCTION PRACTICES,,2018-02-01 12:00:00.000,,00,,32,,1,00,UNITED STATES,,,32,NV,89502,YEAR,ANNUAL,,ALL UTILIZATION PRACTICES,SALES,,2017,OPERATIONS
CROP TOTALS,"SALES: (250,000 OR MORE $)",CROP TOTALS,,SALES,CROP TOTALS - OPERATIONS WITH SALES,CENSUS,89502,,ZIP CODE,ALL CLASSES,00000000,NEVADA,9000,CROPS,ALL PRODUCTION PRACTICES,,2012-01-01 00:00:00.000,,00,,32,,2,00,UNITED STATES,,,32,NV,89502,YEAR,ANNUAL,,ALL UTILIZATION PRACTICES,SALES,,2007,OPERATIONS
CROP TOTALS,"SALES: (250,000 OR MORE $)",CROP TOTALS,,SALES,CROP TOTALS - OPERATIONS WITH SALES,CENSUS,89503,,ZIP CODE,ALL CLASSES,00000000,NEVADA,9000,CROPS,ALL PRODUCTION PRACTICES,,2018-02-01 12:00:00.000,,00,,32,,2,00,UNITED STATES,,,32,NV,89503,YEAR,ANNUAL,,ALL UTILIZATION PRACTICES,SALES,,2017,OPERATIONS
CROP TOTALS,"SALES: (250,000 OR MORE $)",CROP TOTALS,,SALES,CROP TOTALS - OPERATIONS WITH SALES,CENSUS,89509,,ZIP CODE,ALL CLASSES,00000000,NEVADA,9000,CROPS,ALL PRODUCTION PRACTICES,,2024-11-07 12:00:00.000,,00,,32,,1,00,UNITED STATES,,,32,NV,89509,YEAR,ANNUAL,,ALL UTILIZATION PRACTICES,SALES,,2022,OPERATIONS
CROP TOTALS,"SALES: (250,000 OR MORE $)",CROP TOTALS,,SALES,CROP TOTALS - OPERATIONS WITH SALES,CENSUS,89509,,ZIP CODE,ALL CLASSES,00000000,NEVADA,9000,CROPS,ALL PRODUCTION PRACTICES,,2012-01-01 00:00:00.000,,00,,32,,1,00,UNITED STATES,,,32,NV,89509,YEAR,ANNUAL,,ALL UTILIZATION PRACTICES,SALES,,2007,OPERATIONS
CROP TOTALS,"SALES: (250,000 OR MORE $)",CROP TOTALS,,SALES,CROP TOTALS - OPERATIONS WITH SALES,CENSUS,89511,,ZIP CODE,ALL CLASSES,00000000,NEVADA,9000,CROPS,ALL PRODUCTION PRACTICES,,2024-11-07 12:00:00.000,,00,,32,,3,00,UNITED STATES,,,32,NV,89511,YEAR,ANNUAL,,ALL UTILIZATION PRACTICES,SALES,,2022,OPERATIONS
CROP TOTALS,"SALES: (250,000 OR MORE $)",CROP TOTALS,,SALES,CROP TOTALS - OPERATIONS WITH SALES,CENSUS,89511,,ZIP CODE,ALL CLASSES,00000000,NEVADA,9000,CROPS,ALL PRODUCTION PRACTICES,,2018-02-01 12:00:00.000,,00,,32,,1,00,UNITED STATES,,,32,NV,89511,YEAR,ANNUAL,,ALL UTILIZATION PRACTICES,SALES,,2017,OPERATIONS
CROP TOTALS,"SALES: (250,000 OR MORE $)",CROP TOTALS,,SALES,CROP TOTALS - OPERATIONS WITH SALES,CENSUS,89515,,ZIP CODE,ALL CLASSES,00000000,NEVADA,9000,CROPS,ALL PRODUCTION PRACTICES,,2024-11-07 12:00:00.000,,00,,32,,1,00,UNITED STATES,,,32,NV,89515,YEAR,ANNUAL,,ALL UTILIZATION PRACTICES,SALES,,2022,OPERATIONS
CROP TOTALS,"SALES: (250,000 OR MORE $)",CROP TOTALS,,SALES,CROP TOTALS - OPERATIONS WITH SALES,CENSUS,89515,,ZIP CODE,ALL CLASSES,00000000,NEVADA,9000,CROPS,ALL PRODUCTION PRACTICES,,2018-02-01 12:00:00.000,,00,,32,,1,00,UNITED STATES,,,32,NV,89515,YEAR,ANNUAL,,ALL UTILIZATION PRACTICES,SALES,,2017,OPERATIONS
CROP TOTALS,"SALES: (250,000 OR MORE $)",CROP TOTALS,,SALES,CROP TOTALS - OPERATIONS WITH SALES,CENSUS,89515,,ZIP CODE,ALL CLASSES,00000000,NEVADA,9000,CROPS,ALL PRODUCTION PRACTICES,,2012-01-01 00:00:00.000,,00,,32,,1,00,UNITED STATES,,,32,NV,89515,YEAR,ANNUAL,,ALL UTILIZATION PRACTICES,SALES,,2007,OPERATIONS
CROP TOTALS,"SALES: (250,000 OR MORE $)",CROP TOTALS,,SALES,CROP TOTALS - OPERATIONS WITH SALES,CENSUS,89521,,ZIP CODE,ALL CLASSES,00000000,NEVADA,9000,CROPS,ALL PRODUCTION PRACTICES,,2024-11-07 12:00:00.000,,00,,32,,2,00,UNITED STATES,,,32,NV,89521,YEAR,ANNUAL,,ALL UTILIZATION PRACTICES,SALES,,2022,OPERATIONS
CROP TOTALS,"SALES: (250,000 OR MORE $)",CROP TOTALS,,SALES,CROP TOTALS - OPERATIONS WITH SALES,CENSUS,89521,,ZIP CODE,ALL CLASSES,00000000,NEVADA,9000,CROPS,ALL PRODUCTION PRACTICES,,2018-02-01 12:00:00.000,,00,,32,,2,00,UNITED STATES,,,32,NV,89521,YEAR,ANNUAL,,ALL UTILIZATION PRACTICES,SALES,,2017,OPERATIONS
CROP TOTALS,"SALES: (250,000 OR MORE $)",CROP TOTALS,,SALES,CROP TOTALS - OPERATIONS WITH SALES,CENSUS,89521,,ZIP CODE,ALL CLASSES,00000000,NEVADA,9000,CROPS,ALL PRODUCTION PRACTICES,,2012-01-01 00:00:00.000,,00,,32,,1,00,UNITED STATES,,,32,NV,89521,YEAR,ANNUAL,,ALL UTILIZATION PRACTICES,SALES,,2007,OPERATIONS
CROP TOTALS,"SALES: (250,000 OR MORE $)",CROP TOTALS,,SALES,CROP TOTALS - OPERATIONS WITH SALES,CENSUS,89701,,ZIP CODE,ALL CLASSES,00000000,NEVADA,9000,CROPS,ALL PRODUCTION PRACTICES,,2024-11-07 12:00:00.000,,00,,32,,2,00,UNITED STATES,,,32,NV,89701,YEAR,ANNUAL,,ALL UTILIZATION PRACTICES,SALES,,2022,OPERATIONS
CROP TOTALS,"SALES: (250,000 OR MORE $)",CROP TOTALS,,SALES,CROP TOTALS - OPERATIONS WITH SALES,CENSUS,89702,,ZIP CODE,ALL CLASSES,00000000,NEVADA,9000,CROPS,ALL PRODUCTION PRACTICES,,2024-11-07 12:00:00.000,,00,,32,,1,00,UNITED STATES,,,32,NV,89702,YEAR,ANNUAL,,ALL UTILIZATION PRACTICES,SALES,,2022,OPERATIONS
CROP TOTALS,"SALES: (250,000 OR MORE $)",CROP TOTALS,,SALES,CROP TOTALS - OPERATIONS WITH SALES,CENSUS,89703,,ZIP CODE,ALL CLASSES,00000000,NEVADA,9000,CROPS,ALL PRODUCTION PRACTICES,,2024-11-07 12:00:00.000,,00,,32,,2,00,UNITED STATES,,,32,NV,89703,YEAR,ANNUAL,,ALL UTILIZATION PRACTICES,SALES,,2022,OPERATIONS
CROP TOTALS,"SALES: (250,000 OR MORE $)",CROP TOTALS,,SALES,CROP TOTALS - OPERATIONS WITH SALES,CENSUS,89703,,ZIP CODE,ALL CLASSES,00000000,NEVADA,9000,CROPS,ALL PRODUCTION PRACTICES,,2018-02-01 12:00:00.000,,00,,32,,3,00,UNITED STATES,,,32,NV,89703,YEAR,ANNUAL,,ALL UTILIZATION PRACTICES,SALES,,2017,OPERATIONS
CROP TOTALS,"SALES: (250,000 OR MORE $)",CROP TOTALS,,SALES,CROP TOTALS - OPERATIONS WITH SALES,CENSUS,89703,,ZIP CODE,ALL CLASSES,00000000,NEVADA,9000,CROPS,ALL PRODUCTION PRACTICES,,2012-01-01 00:00:00.000,,00,,32,,2,00,UNITED STATES,,,32,NV,89703,YEAR,ANNUAL,,ALL UTILIZATION PRACTICES,SALES,,2007,OPERATIONS
CROP TOTALS,"SALES: (250,000 OR MORE $)",CROP TOTALS,,SALES,CROP TOTALS - OPERATIONS WITH SALES,CENSUS,89706,,ZIP CODE,ALL CLASSES,00000000,NEVADA,9000,CROPS,ALL PRODUCTION PRACTICES,,2024-11-07 12:00:00.000,,00,,32,,1,00,UNITED STATES,,,32,NV,89706,YEAR,ANNUAL,,ALL UTILIZATION PRACTICES,SALES,,2022,OPERATIONS
CROP TOTALS,"SALES: (250,000 OR MORE $)",CROP TOTALS,,SALES,CROP TOTALS - OPERATIONS WITH SALES,CENSUS,89706,,ZIP CODE,ALL CLASSES,00000000,NEVADA,9000,CROPS,ALL PRODUCTION PRACTICES,,2018-02-01 12:00:00.000,,00,,32,,1,00,UNITED STATES,,,32,NV,89706,YEAR,ANNUAL,,ALL UTILIZATION PRACTICES,SALES,,2017,OPERATIONS
CROP TOTALS,"SALES: (250,000 OR MORE $)",CROP TOTALS,,SALES,CROP TOTALS - OPERATIONS WITH SALES,CENSUS,89801,,ZIP CODE,ALL CLASSES,00000000,NEVADA,9000,CROPS,ALL PRODUCTION PRACTICES,,2024-11-07 12:00:00.000,,00,,32,,1,00,UNITED STATES,,,32,NV,89801,YEAR,ANNUAL,,ALL UTILIZATION PRACTICES,SALES,,2022,OPERATIONS
CROP TOTALS,"SALES: (250,000 OR MORE $)",CROP TOTALS,,SALES,CROP TOTALS - OPERATIONS WITH SALES,CENSUS,89801,,ZIP CODE,ALL CLASSES,00000000,NEVADA,9000,CROPS,ALL PRODUCTION PRACTICES,,2018-02-01 12:00:00.000,,00,,32,,2,00,UNITED STATES,,,32,NV,89801,YEAR,ANNUAL,,ALL UTILIZATION PRACTICES,SALES,,2017,OPERATIONS
CROP TOTALS,"SALES: (250,000 OR MORE $)",CROP TOTALS,,SALES,CROP TOTALS - OPERATIONS WITH SALES,CENSUS,89803,,ZIP CODE,ALL CLASSES,00000000,NEVADA,9000,CROPS,ALL PRODUCTION PRACTICES,,2018-02-01 12:00:00.000,,00,,32,,2,00,UNITED STATES,,,32,NV,89803,YEAR,ANNUAL,,ALL UTILIZATION PRACTICES,SALES,,2017,OPERATIONS
CROP TOTALS,"SALES: (250,000 OR MORE $)",CROP TOTALS,,SALES,CROP TOTALS - OPERATIONS WITH SALES,CENSUS,89803,,ZIP CODE,ALL CLASSES,00000000,NEVADA,9000,CROPS,ALL PRODUCTION PRACTICES,,2012-01-01 00:00:00.000,,00,,32,,1,00,UNITED STATES,,,32,NV,89803,YEAR,ANNUAL,,ALL UTILIZATION PRACTICES,SALES,,2007,OPERATIONS
CROP TOTALS,"SALES: (250,000 OR MORE $)",CROP TOTALS,,SALES,CROP TOTALS - OPERATIONS WITH SALES,CENSUS,89815,,ZIP CODE,ALL CLASSES,00000000,NEVADA,9000,CROPS,ALL PRODUCTION PRACTICES,,2024-11-07 12:00:00.000,,00,,32,,3,00,UNITED STATES,,,32,NV,89815,YEAR,ANNUAL,,ALL UTILIZATION PRACTICES,SALES,,2022,OPERATIONS
CROP TOTALS,"SALES: (250,000 OR MORE $)",CROP TOTALS,,SALES,CROP TOTALS - OPERATIONS WITH SALES,CENSUS,89815,,ZIP CODE,ALL CLASSES,00000000,NEVADA,9000,CROPS,ALL PRODUCTION PRACTICES,,2018-02-01 12:00:00.000,,00,,32,,2,00,UNITED STATES,,,32,NV,89815,YEAR,ANNUAL,,ALL UTILIZATION PRACTICES,SALES,,2017,OPERATIONS
CROP TOTALS,"SALES: (250,000 OR MORE $)",CROP TOTALS,,SALES,CROP TOTALS - OPERATIONS WITH SALES,CENSUS,89820,,ZIP CODE,ALL CLASSES,00000000,NEVADA,9000,CROPS,ALL PRODUCTION PRACTICES,,2024-11-07 12:00:00.000,,00,,32,,19,00,UNITED STATES,,,32,NV,89820,YEAR,ANNUAL,,ALL UTILIZATION PRACTICES,SALES,,2022,OPERATIONS
CROP TOTALS,"SALES: (250,000 OR MORE $)",CROP TOTALS,,SALES,CROP TOTALS - OPERATIONS WITH SALES,CENSUS,89820,,ZIP CODE,ALL CLASSES,00000000,NEVADA,9000,CROPS,ALL PRODUCTION PRACTICES,,2018-02-01 12:00:00.000,,00,,32,,12,00,UNITED STATES,,,32,NV,89820,YEAR,ANNUAL,,ALL UTILIZATION PRACTICES,SALES,,2017,OPERATIONS
CROP TOTALS,"SALES: (250,000 OR MORE $)",CROP TOTALS,,SALES,CROP TOTALS - OPERATIONS WITH SALES,CENSUS,89820,,ZIP CODE,ALL CLASSES,00000000,NEVADA,9000,CROPS,ALL PRODUCTION PRACTICES,,2012-01-01 00:00:00.000,,00,,32,,7,00,UNITED STATES,,,32,NV,89820,YEAR,ANNUAL,,ALL UTILIZATION PRACTICES,SALES,,2007,OPERATIONS
CROP TOTALS,"SALES: (250,000 OR MORE $)",CROP TOTALS,,SALES,CROP TOTALS - OPERATIONS WITH SALES,CENSUS,89822,,ZIP CODE,ALL CLASSES,00000000,NEVADA,9000,CROPS,ALL PRODUCTION PRACTICES,,2024-11-07 12:00:00.000,,00,,32,,1,00,UNITED STATES,,,32,NV,89822,YEAR,ANNUAL,,ALL UTILIZATION PRACTICES,SALES,,2022,OPERATIONS
CROP TOTALS,"SALES: (250,000 OR MORE $)",CROP TOTALS,,SALES,CROP TOTALS - OPERATIONS WITH SALES,CENSUS,89823,,ZIP CODE,ALL CLASSES,00000000,NEVADA,9000,CROPS,ALL PRODUCTION PRACTICES,,2012-01-01 00:00:00.000,,00,,32,,1,00,UNITED STATES,,,32,NV,89823,YEAR,ANNUAL,,ALL UTILIZATION PRACTICES,SALES,,2007,OPERATIONS
CROP TOTALS,"SALES: (250,000 OR MORE $)",CROP TOTALS,,SALES,CROP TOTALS - OPERATIONS WITH SALES,CENSUS,89833,,ZIP CODE,ALL CLASSES,00000000,NEVADA,9000,CROPS,ALL PRODUCTION PRACTICES,,2024-11-07 12:00:00.000,,00,,32,,1,00,UNITED STATES,,,32,NV,89833,YEAR,ANNUAL,,ALL UTILIZATION PRACTICES,SALES,,2022,OPERATIONS
CROP TOTALS,"SALES: (250,000 OR MORE $)",CROP TOTALS,,SALES,CROP TOTALS - OPERATIONS WITH SALES,CENSUS,89834,,ZIP CODE,ALL CLASSES,00000000,NEVADA,9000,CROPS,ALL PRODUCTION PRACTICES,,2024-11-07 12:00:00.000,,00,,32,,2,00,UNITED STATES,,,32,NV,89834,YEAR,ANNUAL,,ALL UTILIZATION PRACTICES,SALES,,2022,OPERATIONS
CROP TOTALS,"SALES: (250,000 OR MORE $)",CROP TOTALS,,SALES,CROP TOTALS - OPERATIONS WITH SALES,CENSUS,89834,,ZIP CODE,ALL CLASSES,00000000,NEVADA,9000,CROPS,ALL PRODUCTION PRACTICES,,2018-02-01 12:00:00.000,,00,,32,,3,00,UNITED STATES,,,32,NV,89834,YEAR,ANNUAL,,ALL UTILIZATION PRACTICES,SALES,,2017,OPERATIONS
CROP TOTALS,"SALES: (250,000 OR MORE $)",CROP TOTALS,,SALES,CROP TOTALS - OPERATIONS WITH SALES,CENSUS,89835,,ZIP CODE,ALL CLASSES,00000000,NEVADA,9000,CROPS,ALL PRODUCTION PRACTICES,,2024-11-07 12:00:00.000,,00,,32,,2,00,UNITED STATES,,,32,NV,89835,YEAR,ANNUAL,,ALL UTILIZATION PRACTICES,SALES,,2022,OPERATIONS
CROP TOTALS,"SALES: (250,000 OR MORE $)",CROP TOTALS,,SALES,CROP TOTALS - OPERATIONS WITH SALES,CENSUS,89835,,ZIP CODE,ALL CLASSES,00000000,NEVADA,9000,CROPS,ALL PRODUCTION PRACTICES,,2018-02-01 12:00:00.000,,00,,32,,1,00,UNITED STATES,,,32,NV,89835,YEAR,ANNUAL,,ALL UTILIZATION PRACTICES,SALES,,2017,OPERATIONS
CROP TOTALS,"SALES: (250,000 OR MORE $)",CROP TOTALS,,SALES,CROP TOTALS - OPERATIONS WITH SALES,CENSUS,99999,,ZIP CODE,ALL CLASSES,00000000,NEVADA,9000,CROPS,ALL PRODUCTION PRACTICES,,2024-11-07 12:00:00.000,,00,,32,,31,00,UNITED STATES,,,32,NV,99999,YEAR,ANNUAL,,ALL UTILIZATION PRACTICES,SALES,,2022,OPERATIONS
CROP TOTALS,"SALES: (250,000 OR MORE $)",CROP TOTALS,,SALES,CROP TOTALS - OPERATIONS WITH SALES,CENSUS,99999,,ZIP CODE,ALL CLASSES,00000000,NEVADA,9000,CROPS,ALL PRODUCTION PRACTICES,,2018-02-01 12:00:00.000,,00,,32,,14,00,UNITED STATES,,,32,NV,99999,YEAR,ANNUAL,,ALL UTILIZATION PRACTICES,SALES,,2017,OPERATIONS
CROP TOTALS,"SALES: (250,000 OR MORE $)",CROP TOTALS,,SALES,CROP TOTALS - OPERATIONS WITH SALES,CENSUS,99999,,ZIP CODE,ALL CLASSES,00000000,NEVADA,9000,CROPS,ALL PRODUCTION PRACTICES,,2012-01-01 00:00:00.000,,00,,32,,6,00,UNITED STATES,,,32,NV,99999,YEAR,ANNUAL,,ALL UTILIZATION PRACTICES,SALES,,2007,OPERATIONS
CROP TOTALS,"SALES: (50,000 TO 249,999 $)",CROP TOTALS,,SALES,CROP TOTALS - OPERATIONS WITH SALES,CENSUS,,,STATE,ALL CLASSES,00000000,NEVADA,9000,CROPS,ALL PRODUCTION PRACTICES,,2012-01-01 00:00:00.000,,00,,32,,207,00,UNITED STATES,,,32,NV,NEVADA,YEAR,ANNUAL,,ALL UTILIZATION PRACTICES,SALES,,2007,OPERATIONS
CROP TOTALS,"SALES: (50,000 TO 249,999 $)",CROP TOTALS,,SALES,CROP TOTALS - OPERATIONS WITH SALES,CENSUS,89001,,ZIP CODE,ALL CLASSES,00000000,NEVADA,9000,CROPS,ALL PRODUCTION PRACTICES,,2018-02-01 12:00:00.000,,00,,32,,2,00,UNITED STATES,,,32,NV,89001,YEAR,ANNUAL,,ALL UTILIZATION PRACTICES,SALES,,2017,OPERATIONS
CROP TOTALS,"SALES: (50,000 TO 249,999 $)",CROP TOTALS,,SALES,CROP TOTALS - OPERATIONS WITH SALES,CENSUS,89005,,ZIP CODE,ALL CLASSES,00000000,NEVADA,9000,CROPS,ALL PRODUCTION PRACTICES,,2024-11-07 12:00:00.000,,00,,32,,1,00,UNITED STATES,,,32,NV,89005,YEAR,ANNUAL,,ALL UTILIZATION PRACTICES,SALES,,2022,OPERATIONS
CROP TOTALS,"SALES: (50,000 TO 249,999 $)",CROP TOTALS,,SALES,CROP TOTALS - OPERATIONS WITH SALES,CENSUS,89005,,ZIP CODE,ALL CLASSES,00000000,NEVADA,9000,CROPS,ALL PRODUCTION PRACTICES,,2018-02-01 12:00:00.000,,00,,32,,1,00,UNITED STATES,,,32,NV,89005,YEAR,ANNUAL,,ALL UTILIZATION PRACTICES,SALES,,2017,OPERATIONS
CROP TOTALS,"SALES: (50,000 TO 249,999 $)",CROP TOTALS,,SALES,CROP TOTALS - OPERATIONS WITH SALES,CENSUS,89007,,ZIP CODE,ALL CLASSES,00000000,NEVADA,9000,CROPS,ALL PRODUCTION PRACTICES,,2012-01-01 00:00:00.000,,00,,32,,2,00,UNITED STATES,,,32,NV,89007,YEAR,ANNUAL,,ALL UTILIZATION PRACTICES,SALES,,2007,OPERATIONS
CROP TOTALS,"SALES: (50,000 TO 249,999 $)",CROP TOTALS,,SALES,CROP TOTALS - OPERATIONS WITH SALES,CENSUS,89008,,ZIP CODE,ALL CLASSES,00000000,NEVADA,9000,CROPS,ALL PRODUCTION PRACTICES,,2024-11-07 12:00:00.000,,00,,32,,2,00,UNITED STATES,,,32,NV,89008,YEAR,ANNUAL,,ALL UTILIZATION PRACTICES,SALES,,2022,OPERATIONS
CROP TOTALS,"SALES: (50,000 TO 249,999 $)",CROP TOTALS,,SALES,CROP TOTALS - OPERATIONS WITH SALES,CENSUS,89008,,ZIP CODE,ALL CLASSES,00000000,NEVADA,9000,CROPS,ALL PRODUCTION PRACTICES,,2018-02-01 12:00:00.000,,00,,32,,3,00,UNITED STATES,,,32,NV,89008,YEAR,ANNUAL,,ALL UTILIZATION PRACTICES,SALES,,2017,OPERATIONS
CROP TOTALS,"SALES: (50,000 TO 249,999 $)",CROP TOTALS,,SALES,CROP TOTALS - OPERATIONS WITH SALES,CENSUS,89010,,ZIP CODE,ALL CLASSES,00000000,NEVADA,9000,CROPS,ALL PRODUCTION PRACTICES,,2018-02-01 12:00:00.000,,00,,32,,3,00,UNITED STATES,,,32,NV,89010,YEAR,ANNUAL,,ALL UTILIZATION PRACTICES,SALES,,2017,OPERATIONS
CROP TOTALS,"SALES: (50,000 TO 249,999 $)",CROP TOTALS,,SALES,CROP TOTALS - OPERATIONS WITH SALES,CENSUS,89010,,ZIP CODE,ALL CLASSES,00000000,NEVADA,9000,CROPS,ALL PRODUCTION PRACTICES,,2012-01-01 00:00:00.000,,00,,32,,4,00,UNITED STATES,,,32,NV,89010,YEAR,ANNUAL,,ALL UTILIZATION PRACTICES,SALES,,2007,OPERATIONS
CROP TOTALS,"SALES: (50,000 TO 249,999 $)",CROP TOTALS,,SALES,CROP TOTALS - OPERATIONS WITH SALES,CENSUS,89017,,ZIP CODE,ALL CLASSES,00000000,NEVADA,9000,CROPS,ALL PRODUCTION PRACTICES,,2012-01-01 00:00:00.000,,00,,32,,1,00,UNITED STATES,,,32,NV,89017,YEAR,ANNUAL,,ALL UTILIZATION PRACTICES,SALES,,2007,OPERATIONS
CROP TOTALS,"SALES: (50,000 TO 249,999 $)",CROP TOTALS,,SALES,CROP TOTALS - OPERATIONS WITH SALES,CENSUS,89020,,ZIP CODE,ALL CLASSES,00000000,NEVADA,9000,CROPS,ALL PRODUCTION PRACTICES,,2018-02-01 12:00:00.000,,00,,32,,1,00,UNITED STATES,,,32,NV,89020,YEAR,ANNUAL,,ALL UTILIZATION PRACTICES,SALES,,2017,OPERATIONS
CROP TOTALS,"SALES: (50,000 TO 249,999 $)",CROP TOTALS,,SALES,CROP TOTALS - OPERATIONS WITH SALES,CENSUS,89020,,ZIP CODE,ALL CLASSES,00000000,NEVADA,9000,CROPS,ALL PRODUCTION PRACTICES,,2012-01-01 00:00:00.000,,00,,32,,2,00,UNITED STATES,,,32,NV,89020,YEAR,ANNUAL,,ALL UTILIZATION PRACTICES,SALES,,2007,OPERATIONS
CROP TOTALS,"SALES: (50,000 TO 249,999 $)",CROP TOTALS,,SALES,CROP TOTALS - OPERATIONS WITH SALES,CENSUS,89021,,ZIP CODE,ALL CLASSES,00000000,NEVADA,9000,CROPS,ALL PRODUCTION PRACTICES,,2012-01-01 00:00:00.000,,00,,32,,1,00,UNITED STATES,,,32,NV,89021,YEAR,ANNUAL,,ALL UTILIZATION PRACTICES,SALES,,2007,OPERATIONS
CROP TOTALS,"SALES: (50,000 TO 249,999 $)",CROP TOTALS,,SALES,CROP TOTALS - OPERATIONS WITH SALES,CENSUS,89025,,ZIP CODE,ALL CLASSES,00000000,NEVADA,9000,CROPS,ALL PRODUCTION PRACTICES,,2018-02-01 12:00:00.000,,00,,32,,2,00,UNITED STATES,,,32,NV,89025,YEAR,ANNUAL,,ALL UTILIZATION PRACTICES,SALES,,2017,OPERATIONS
CROP TOTALS,"SALES: (50,000 TO 249,999 $)",CROP TOTALS,,SALES,CROP TOTALS - OPERATIONS WITH SALES,CENSUS,89025,,ZIP CODE,ALL CLASSES,00000000,NEVADA,9000,CROPS,ALL PRODUCTION PRACTICES,,2012-01-01 00:00:00.000,,00,,32,,2,00,UNITED STATES,,,32,NV,89025,YEAR,ANNUAL,,ALL UTILIZATION PRACTICES,SALES,,2007,OPERATIONS
CROP TOTALS,"SALES: (50,000 TO 249,999 $)",CROP TOTALS,,SALES,CROP TOTALS - OPERATIONS WITH SALES,CENSUS,89041,,ZIP CODE,ALL CLASSES,00000000,NEVADA,9000,CROPS,ALL PRODUCTION PRACTICES,,2024-11-07 12:00:00.000,,00,,32,,2,00,UNITED STATES,,,32,NV,89041,YEAR,ANNUAL,,ALL UTILIZATION PRACTICES,SALES,,2022,OPERATIONS
CROP TOTALS,"SALES: (50,000 TO 249,999 $)",CROP TOTALS,,SALES,CROP TOTALS - OPERATIONS WITH SALES,CENSUS,89042,,ZIP CODE,ALL CLASSES,00000000,NEVADA,9000,CROPS,ALL PRODUCTION PRACTICES,,2018-02-01 12:00:00.000,,00,,32,,1,00,UNITED STATES,,,32,NV,89042,YEAR,ANNUAL,,ALL UTILIZATION PRACTICES,SALES,,2017,OPERATIONS
CROP TOTALS,"SALES: (50,000 TO 249,999 $)",CROP TOTALS,,SALES,CROP TOTALS - OPERATIONS WITH SALES,CENSUS,89043,,ZIP CODE,ALL CLASSES,00000000,NEVADA,9000,CROPS,ALL PRODUCTION PRACTICES,,2024-11-07 12:00:00.000,,00,,32,,3,00,UNITED STATES,,,32,NV,89043,YEAR,ANNUAL,,ALL UTILIZATION PRACTICES,SALES,,2022,OPERATIONS
CROP TOTALS,"SALES: (50,000 TO 249,999 $)",CROP TOTALS,,SALES,CROP TOTALS - OPERATIONS WITH SALES,CENSUS,89043,,ZIP CODE,ALL CLASSES,00000000,NEVADA,9000,CROPS,ALL PRODUCTION PRACTICES,,2018-02-01 12:00:00.000,,00,,32,,2,00,UNITED STATES,,,32,NV,89043,YEAR,ANNUAL,,ALL UTILIZATION PRACTICES,SALES,,2017,OPERATIONS
CROP TOTALS,"SALES: (50,000 TO 249,999 $)",CROP TOTALS,,SALES,CROP TOTALS - OPERATIONS WITH SALES,CENSUS,89043,,ZIP CODE,ALL CLASSES,00000000,NEVADA,9000,CROPS,ALL PRODUCTION PRACTICES,,2012-01-01 00:00:00.000,,00,,32,,1,00,UNITED STATES,,,32,NV,89043,YEAR,ANNUAL,,ALL UTILIZATION PRACTICES,SALES,,2007,OPERATIONS
CROP TOTALS,"SALES: (50,000 TO 249,999 $)",CROP TOTALS,,SALES,CROP TOTALS - OPERATIONS WITH SALES,CENSUS,89045,,ZIP CODE,ALL CLASSES,00000000,NEVADA,9000,CROPS,ALL PRODUCTION PRACTICES,,2024-11-07 12:00:00.000,,00,,32,,5,00,UNITED STATES,,,32,NV,89045,YEAR,ANNUAL,,ALL UTILIZATION PRACTICES,SALES,,2022,OPERATIONS
CROP TOTALS,"SALES: (50,000 TO 249,999 $)",CROP TOTALS,,SALES,CROP TOTALS - OPERATIONS WITH SALES,CENSUS,89045,,ZIP CODE,ALL CLASSES,00000000,NEVADA,9000,CROPS,ALL PRODUCTION PRACTICES,,2018-02-01 12:00:00.000,,00,,32,,4,00,UNITED STATES,,,32,NV,89045,YEAR,ANNUAL,,ALL UTILIZATION PRACTICES,SALES,,2017,OPERATIONS
CROP TOTALS,"SALES: (50,000 TO 249,999 $)",CROP TOTALS,,SALES,CROP TOTALS - OPERATIONS WITH SALES,CENSUS,89045,,ZIP CODE,ALL CLASSES,00000000,NEVADA,9000,CROPS,ALL PRODUCTION PRACTICES,,2012-01-01 00:00:00.000,,00,,32,,4,00,UNITED STATES,,,32,NV,89045,YEAR,ANNUAL,,ALL UTILIZATION PRACTICES,SALES,,2007,OPERATIONS
CROP TOTALS,"SALES: (50,000 TO 249,999 $)",CROP TOTALS,,SALES,CROP TOTALS - OPERATIONS WITH SALES,CENSUS,89048,,ZIP CODE,ALL CLASSES,00000000,NEVADA,9000,CROPS,ALL PRODUCTION PRACTICES,,2024-11-07 12:00:00.000,,00,,32,,4,00,UNITED STATES,,,32,NV,89048,YEAR,ANNUAL,,ALL UTILIZATION PRACTICES,SALES,,2022,OPERATIONS
CROP TOTALS,"SALES: (50,000 TO 249,999 $)",CROP TOTALS,,SALES,CROP TOTALS - OPERATIONS WITH SALES,CENSUS,89049,,ZIP CODE,ALL CLASSES,00000000,NEVADA,9000,CROPS,ALL PRODUCTION PRACTICES,,2018-02-01 12:00:00.000,,00,,32,,2,00,UNITED STATES,,,32,NV,89049,YEAR,ANNUAL,,ALL UTILIZATION PRACTICES,SALES,,2017,OPERATIONS
CROP TOTALS,"SALES: (50,000 TO 249,999 $)",CROP TOTALS,,SALES,CROP TOTALS - OPERATIONS WITH SALES,CENSUS,89049,,ZIP CODE,ALL CLASSES,00000000,NEVADA,9000,CROPS,ALL PRODUCTION PRACTICES,,2012-01-01 00:00:00.000,,00,,32,,3,00,UNITED STATES,,,32,NV,89049,YEAR,ANNUAL,,ALL UTILIZATION PRACTICES,SALES,,2007,OPERATIONS
CROP TOTALS,"SALES: (50,000 TO 249,999 $)",CROP TOTALS,,SALES,CROP TOTALS - OPERATIONS WITH SALES,CENSUS,89052,,ZIP CODE,ALL CLASSES,00000000,NEVADA,9000,CROPS,ALL PRODUCTION PRACTICES,,2024-11-07 12:00:00.000,,00,,32,,1,00,UNITED STATES,,,32,NV,89052,YEAR,ANNUAL,,ALL UTILIZATION PRACTICES,SALES,,2022,OPERATIONS
CROP TOTALS,"SALES: (50,000 TO 249,999 $)",CROP TOTALS,,SALES,CROP TOTALS - OPERATIONS WITH SALES,CENSUS,89061,,ZIP CODE,ALL CLASSES,00000000,NEVADA,9000,CROPS,ALL PRODUCTION PRACTICES,,2024-11-07 12:00:00.000,,00,,32,,2,00,UNITED STATES,,,32,NV,89061,YEAR,ANNUAL,,ALL UTILIZATION PRACTICES,SALES,,2022,OPERATIONS
CROP TOTALS,"SALES: (50,000 TO 249,999 $)",CROP TOTALS,,SALES,CROP TOTALS - OPERATIONS WITH SALES,CENSUS,89104,,ZIP CODE,ALL CLASSES,00000000,NEVADA,9000,CROPS,ALL PRODUCTION PRACTICES,,2024-11-07 12:00:00.000,,00,,32,,1,00,UNITED STATES,,,32,NV,89104,YEAR,ANNUAL,,ALL UTILIZATION PRACTICES,SALES,,2022,OPERATIONS
CROP TOTALS,"SALES: (50,000 TO 249,999 $)",CROP TOTALS,,SALES,CROP TOTALS - OPERATIONS WITH SALES,CENSUS,89104,,ZIP CODE,ALL CLASSES,00000000,NEVADA,9000,CROPS,ALL PRODUCTION PRACTICES,,2018-02-01 12:00:00.000,,00,,32,,1,00,UNITED STATES,,,32,NV,89104,YEAR,ANNUAL,,ALL UTILIZATION PRACTICES,SALES,,2017,OPERATIONS
CROP TOTALS,"SALES: (50,000 TO 249,999 $)",CROP TOTALS,,SALES,CROP TOTALS - OPERATIONS WITH SALES,CENSUS,89108,,ZIP CODE,ALL CLASSES,00000000,NEVADA,9000,CROPS,ALL PRODUCTION PRACTICES,,2018-02-01 12:00:00.000,,00,,32,,1,00,UNITED STATES,,,32,NV,89108,YEAR,ANNUAL,,ALL UTILIZATION PRACTICES,SALES,,2017,OPERATIONS
CROP TOTALS,"SALES: (50,000 TO 249,999 $)",CROP TOTALS,,SALES,CROP TOTALS - OPERATIONS WITH SALES,CENSUS,89110,,ZIP CODE,ALL CLASSES,00000000,NEVADA,9000,CROPS,ALL PRODUCTION PRACTICES,,2024-11-07 12:00:00.000,,00,,32,,2,00,UNITED STATES,,,32,NV,89110,YEAR,ANNUAL,,ALL UTILIZATION PRACTICES,SALES,,2022,OPERATIONS
CROP TOTALS,"SALES: (50,000 TO 249,999 $)",CROP TOTALS,,SALES,CROP TOTALS - OPERATIONS WITH SALES,CENSUS,89117,,ZIP CODE,ALL CLASSES,00000000,NEVADA,9000,CROPS,ALL PRODUCTION PRACTICES,,2018-02-01 12:00:00.000,,00,,32,,1,00,UNITED STATES,,,32,NV,89117,YEAR,ANNUAL,,ALL UTILIZATION PRACTICES,SALES,,2017,OPERATIONS
CROP TOTALS,"SALES: (50,000 TO 249,999 $)",CROP TOTALS,,SALES,CROP TOTALS - OPERATIONS WITH SALES,CENSUS,89122,,ZIP CODE,ALL CLASSES,00000000,NEVADA,9000,CROPS,ALL PRODUCTION PRACTICES,,2024-11-07 12:00:00.000,,00,,32,,1,00,UNITED STATES,,,32,NV,89122,YEAR,ANNUAL,,ALL UTILIZATION PRACTICES,SALES,,2022,OPERATIONS
CROP TOTALS,"SALES: (50,000 TO 249,999 $)",CROP TOTALS,,SALES,CROP TOTALS - OPERATIONS WITH SALES,CENSUS,89122,,ZIP CODE,ALL CLASSES,00000000,NEVADA,9000,CROPS,ALL PRODUCTION PRACTICES,,2018-02-01 12:00:00.000,,00,,32,,1,00,UNITED STATES,,,32,NV,89122,YEAR,ANNUAL,,ALL UTILIZATION PRACTICES,SALES,,2017,OPERATIONS
CROP TOTALS,"SALES: (50,000 TO 249,999 $)",CROP TOTALS,,SALES,CROP TOTALS - OPERATIONS WITH SALES,CENSUS,89131,,ZIP CODE,ALL CLASSES,00000000,NEVADA,9000,CROPS,ALL PRODUCTION PRACTICES,,2012-01-01 00:00:00.000,,00,,32,,1,00,UNITED STATES,,,32,NV,89131,YEAR,ANNUAL,,ALL UTILIZATION PRACTICES,SALES,,2007,OPERATIONS
CROP TOTALS,"SALES: (50,000 TO 249,999 $)",CROP TOTALS,,SALES,CROP TOTALS - OPERATIONS WITH SALES,CENSUS,89301,,ZIP CODE,ALL CLASSES,00000000,NEVADA,9000,CROPS,ALL PRODUCTION PRACTICES,,2024-11-07 12:00:00.000,,00,,32,,2,00,UNITED STATES,,,32,NV,89301,YEAR,ANNUAL,,ALL UTILIZATION PRACTICES,SALES,,2022,OPERATIONS
CROP TOTALS,"SALES: (50,000 TO 249,999 $)",CROP TOTALS,,SALES,CROP TOTALS - OPERATIONS WITH SALES,CENSUS,89301,,ZIP CODE,ALL CLASSES,00000000,NEVADA,9000,CROPS,ALL PRODUCTION PRACTICES,,2018-02-01 12:00:00.000,,00,,32,,4,00,UNITED STATES,,,32,NV,89301,YEAR,ANNUAL,,ALL UTILIZATION PRACTICES,SALES,,2017,OPERATIONS
CROP TOTALS,"SALES: (50,000 TO 249,999 $)",CROP TOTALS,,SALES,CROP TOTALS - OPERATIONS WITH SALES,CENSUS,89301,,ZIP CODE,ALL CLASSES,00000000,NEVADA,9000,CROPS,ALL PRODUCTION PRACTICES,,2012-01-01 00:00:00.000,,00,,32,,2,00,UNITED STATES,,,32,NV,89301,YEAR,ANNUAL,,ALL UTILIZATION PRACTICES,SALES,,2007,OPERATIONS
CROP TOTALS,"SALES: (50,000 TO 249,999 $)",CROP TOTALS,,SALES,CROP TOTALS - OPERATIONS WITH SALES,CENSUS,89310,,ZIP CODE,ALL CLASSES,00000000,NEVADA,9000,CROPS,ALL PRODUCTION PRACTICES,,2018-02-01 12:00:00.000,,00,,32,,4,00,UNITED STATES,,,32,NV,89310,YEAR,ANNUAL,,ALL UTILIZATION PRACTICES,SALES,,2017,OPERATIONS
CROP TOTALS,"SALES: (50,000 TO 249,999 $)",CROP TOTALS,,SALES,CROP TOTALS - OPERATIONS WITH SALES,CENSUS,89310,,ZIP CODE,ALL CLASSES,00000000,NEVADA,9000,CROPS,ALL PRODUCTION PRACTICES,,2012-01-01 00:00:00.000,,00,,32,,3,00,UNITED STATES,,,32,NV,89310,YEAR,ANNUAL,,ALL UTILIZATION PRACTICES,SALES,,2007,OPERATIONS
CROP TOTALS,"SALES: (50,000 TO 249,999 $)",CROP TOTALS,,SALES,CROP TOTALS - OPERATIONS WITH SALES,CENSUS,89311,,ZIP CODE,ALL CLASSES,00000000,NEVADA,9000,CROPS,ALL PRODUCTION PRACTICES,,2024-11-07 12:00:00.000,,00,,32,,4,00,UNITED STATES,,,32,NV,89311,YEAR,ANNUAL,,ALL UTILIZATION PRACTICES,SALES,,2022,OPERATIONS
CROP TOTALS,"SALES: (50,000 TO 249,999 $)",CROP TOTALS,,SALES,CROP TOTALS - OPERATIONS WITH SALES,CENSUS,89314,,ZIP CODE,ALL CLASSES,00000000,NEVADA,9000,CROPS,ALL PRODUCTION PRACTICES,,2018-02-01 12:00:00.000,,00,,32,,3,00,UNITED STATES,,,32,NV,89314,YEAR,ANNUAL,,ALL UTILIZATION PRACTICES,SALES,,2017,OPERATIONS
CROP TOTALS,"SALES: (50,000 TO 249,999 $)",CROP TOTALS,,SALES,CROP TOTALS - OPERATIONS WITH SALES,CENSUS,89314,,ZIP CODE,ALL CLASSES,00000000,NEVADA,9000,CROPS,ALL PRODUCTION PRACTICES,,2012-01-01 00:00:00.000,,00,,32,,1,00,UNITED STATES,,,32,NV,89314,YEAR,ANNUAL,,ALL UTILIZATION PRACTICES,SALES,,2007,OPERATIONS
CROP TOTALS,"SALES: (50,000 TO 249,999 $)",CROP TOTALS,,SALES,CROP TOTALS - OPERATIONS WITH SALES,CENSUS,89315,,ZIP CODE,ALL CLASSES,00000000,NEVADA,9000,CROPS,ALL PRODUCTION PRACTICES,,2024-11-07 12:00:00.000,,00,,32,,2,00,UNITED STATES,,,32,NV,89315,YEAR,ANNUAL,,ALL UTILIZATION PRACTICES,SALES,,2022,OPERATIONS
CROP TOTALS,"SALES: (50,000 TO 249,999 $)",CROP TOTALS,,SALES,CROP TOTALS - OPERATIONS WITH SALES,CENSUS,89315,,ZIP CODE,ALL CLASSES,00000000,NEVADA,9000,CROPS,ALL PRODUCTION PRACTICES,,2018-02-01 12:00:00.000,,00,,32,,7,00,UNITED STATES,,,32,NV,89315,YEAR,ANNUAL,,ALL UTILIZATION PRACTICES,SALES,,2017,OPERATIONS
CROP TOTALS,"SALES: (50,000 TO 249,999 $)",CROP TOTALS,,SALES,CROP TOTALS - OPERATIONS WITH SALES,CENSUS,89315,,ZIP CODE,ALL CLASSES,00000000,NEVADA,9000,CROPS,ALL PRODUCTION PRACTICES,,2012-01-01 00:00:00.000,,00,,32,,1,00,UNITED STATES,,,32,NV,89315,YEAR,ANNUAL,,ALL UTILIZATION PRACTICES,SALES,,2007,OPERATIONS
CROP TOTALS,"SALES: (50,000 TO 249,999 $)",CROP TOTALS,,SALES,CROP TOTALS - OPERATIONS WITH SALES,CENSUS,89316,,ZIP CODE,ALL CLASSES,00000000,NEVADA,9000,CROPS,ALL PRODUCTION PRACTICES,,2024-11-07 12:00:00.000,,00,,32,,7,00,UNITED STATES,,,32,NV,89316,YEAR,ANNUAL,,ALL UTILIZATION PRACTICES,SALES,,2022,OPERATIONS
CROP TOTALS,"SALES: (50,000 TO 249,999 $)",CROP TOTALS,,SALES,CROP TOTALS - OPERATIONS WITH SALES,CENSUS,89316,,ZIP CODE,ALL CLASSES,00000000,NEVADA,9000,CROPS,ALL PRODUCTION PRACTICES,,2018-02-01 12:00:00.000,,00,,32,,11,00,UNITED STATES,,,32,NV,89316,YEAR,ANNUAL,,ALL UTILIZATION PRACTICES,SALES,,2017,OPERATIONS
CROP TOTALS,"SALES: (50,000 TO 249,999 $)",CROP TOTALS,,SALES,CROP TOTALS - OPERATIONS WITH SALES,CENSUS,89316,,ZIP CODE,ALL CLASSES,00000000,NEVADA,9000,CROPS,ALL PRODUCTION PRACTICES,,2012-01-01 00:00:00.000,,00,,32,,27,00,UNITED STATES,,,32,NV,89316,YEAR,ANNUAL,,ALL UTILIZATION PRACTICES,SALES,,2007,OPERATIONS
CROP TOTALS,"SALES: (50,000 TO 249,999 $)",CROP TOTALS,,SALES,CROP TOTALS - OPERATIONS WITH SALES,CENSUS,89317,,ZIP CODE,ALL CLASSES,00000000,NEVADA,9000,CROPS,ALL PRODUCTION PRACTICES,,2024-11-07 12:00:00.000,,00,,32,,1,00,UNITED STATES,,,32,NV,89317,YEAR,ANNUAL,,ALL UTILIZATION PRACTICES,SALES,,2022,OPERATIONS
CROP TOTALS,"SALES: (50,000 TO 249,999 $)",CROP TOTALS,,SALES,CROP TOTALS - OPERATIONS WITH SALES,CENSUS,89317,,ZIP CODE,ALL CLASSES,00000000,NEVADA,9000,CROPS,ALL PRODUCTION PRACTICES,,2018-02-01 12:00:00.000,,00,,32,,2,00,UNITED STATES,,,32,NV,89317,YEAR,ANNUAL,,ALL UTILIZATION PRACTICES,SALES,,2017,OPERATIONS
CROP TOTALS,"SALES: (50,000 TO 249,999 $)",CROP TOTALS,,SALES,CROP TOTALS - OPERATIONS WITH SALES,CENSUS,89317,,ZIP CODE,ALL CLASSES,00000000,NEVADA,9000,CROPS,ALL PRODUCTION PRACTICES,,2012-01-01 00:00:00.000,,00,,32,,4,00,UNITED STATES,,,32,NV,89317,YEAR,ANNUAL,,ALL UTILIZATION PRACTICES,SALES,,2007,OPERATIONS
CROP TOTALS,"SALES: (50,000 TO 249,999 $)",CROP TOTALS,,SALES,CROP TOTALS - OPERATIONS WITH SALES,CENSUS,89318,,ZIP CODE,ALL CLASSES,00000000,NEVADA,9000,CROPS,ALL PRODUCTION PRACTICES,,2018-02-01 12:00:00.000,,00,,32,,3,00,UNITED STATES,,,32,NV,89318,YEAR,ANNUAL,,ALL UTILIZATION PRACTICES,SALES,,2017,OPERATIONS
CROP TOTALS,"SALES: (50,000 TO 249,999 $)",CROP TOTALS,,SALES,CROP TOTALS - OPERATIONS WITH SALES,CENSUS,89318,,ZIP CODE,ALL CLASSES,00000000,NEVADA,9000,CROPS,ALL PRODUCTION PRACTICES,,2012-01-01 00:00:00.000,,00,,32,,1,00,UNITED STATES,,,32,NV,89318,YEAR,ANNUAL,,ALL UTILIZATION PRACTICES,SALES,,2007,OPERATIONS
CROP TOTALS,"SALES: (50,000 TO 249,999 $)",CROP TOTALS,,SALES,CROP TOTALS - OPERATIONS WITH SALES,CENSUS,89403,,ZIP CODE,ALL CLASSES,00000000,NEVADA,9000,CROPS,ALL PRODUCTION PRACTICES,,2024-11-07 12:00:00.000,,00,,32,,1,00,UNITED STATES,,,32,NV,89403,YEAR,ANNUAL,,ALL UTILIZATION PRACTICES,SALES,,2022,OPERATIONS
CROP TOTALS,"SALES: (50,000 TO 249,999 $)",CROP TOTALS,,SALES,CROP TOTALS - OPERATIONS WITH SALES,CENSUS,89403,,ZIP CODE,ALL CLASSES,00000000,NEVADA,9000,CROPS,ALL PRODUCTION PRACTICES,,2018-02-01 12:00:00.000,,00,,32,,1,00,UNITED STATES,,,32,NV,89403,YEAR,ANNUAL,,ALL UTILIZATION PRACTICES,SALES,,2017,OPERATIONS
CROP TOTALS,"SALES: (50,000 TO 249,999 $)",CROP TOTALS,,SALES,CROP TOTALS - OPERATIONS WITH SALES,CENSUS,89404,,ZIP CODE,ALL CLASSES,00000000,NEVADA,9000,CROPS,ALL PRODUCTION PRACTICES,,2018-02-01 12:00:00.000,,00,,32,,1,00,UNITED STATES,,,32,NV,89404,YEAR,ANNUAL,,ALL UTILIZATION PRACTICES,SALES,,2017,OPERATIONS
CROP TOTALS,"SALES: (50,000 TO 249,999 $)",CROP TOTALS,,SALES,CROP TOTALS - OPERATIONS WITH SALES,CENSUS,89406,,ZIP CODE,ALL CLASSES,00000000,NEVADA,9000,CROPS,ALL PRODUCTION PRACTICES,,2024-11-07 12:00:00.000,,00,,32,,44,00,UNITED STATES,,,32,NV,89406,YEAR,ANNUAL,,ALL UTILIZATION PRACTICES,SALES,,2022,OPERATIONS
CROP TOTALS,"SALES: (50,000 TO 249,999 $)",CROP TOTALS,,SALES,CROP TOTALS - OPERATIONS WITH SALES,CENSUS,89406,,ZIP CODE,ALL CLASSES,00000000,NEVADA,9000,CROPS,ALL PRODUCTION PRACTICES,,2018-02-01 12:00:00.000,,00,,32,,67,00,UNITED STATES,,,32,NV,89406,YEAR,ANNUAL,,ALL UTILIZATION PRACTICES,SALES,,2017,OPERATIONS
CROP TOTALS,"SALES: (50,000 TO 249,999 $)",CROP TOTALS,,SALES,CROP TOTALS - OPERATIONS WITH SALES,CENSUS,89406,,ZIP CODE,ALL CLASSES,00000000,NEVADA,9000,CROPS,ALL PRODUCTION PRACTICES,,2012-01-01 00:00:00.000,,00,,32,,43,00,UNITED STATES,,,32,NV,89406,YEAR,ANNUAL,,ALL UTILIZATION PRACTICES,SALES,,2007,OPERATIONS
CROP TOTALS,"SALES: (50,000 TO 249,999 $)",CROP TOTALS,,SALES,CROP TOTALS - OPERATIONS WITH SALES,CENSUS,89407,,ZIP CODE,ALL CLASSES,00000000,NEVADA,9000,CROPS,ALL PRODUCTION PRACTICES,,2018-02-01 12:00:00.000,,00,,32,,1,00,UNITED STATES,,,32,NV,89407,YEAR,ANNUAL,,ALL UTILIZATION PRACTICES,SALES,,2017,OPERATIONS
CROP TOTALS,"SALES: (50,000 TO 249,999 $)",CROP TOTALS,,SALES,CROP TOTALS - OPERATIONS WITH SALES,CENSUS,89408,,ZIP CODE,ALL CLASSES,00000000,NEVADA,9000,CROPS,ALL PRODUCTION PRACTICES,,2024-11-07 12:00:00.000,,00,,32,,1,00,UNITED STATES,,,32,NV,89408,YEAR,ANNUAL,,ALL UTILIZATION PRACTICES,SALES,,2022,OPERATIONS
CROP TOTALS,"SALES: (50,000 TO 249,999 $)",CROP TOTALS,,SALES,CROP TOTALS - OPERATIONS WITH SALES,CENSUS,89408,,ZIP CODE,ALL CLASSES,00000000,NEVADA,9000,CROPS,ALL PRODUCTION PRACTICES,,2018-02-01 12:00:00.000,,00,,32,,3,00,UNITED STATES,,,32,NV,89408,YEAR,ANNUAL,,ALL UTILIZATION PRACTICES,SALES,,2017,OPERATIONS
CROP TOTALS,"SALES: (50,000 TO 249,999 $)",CROP TOTALS,,SALES,CROP TOTALS - OPERATIONS WITH SALES,CENSUS,89410,,ZIP CODE,ALL CLASSES,00000000,NEVADA,9000,CROPS,ALL PRODUCTION PRACTICES,,2024-11-07 12:00:00.000,,00,,32,,2,00,UNITED STATES,,,32,NV,89410,YEAR,ANNUAL,,ALL UTILIZATION PRACTICES,SALES,,2022,OPERATIONS
CROP TOTALS,"SALES: (50,000 TO 249,999 $)",CROP TOTALS,,SALES,CROP TOTALS - OPERATIONS WITH SALES,CENSUS,89410,,ZIP CODE,ALL CLASSES,00000000,NEVADA,9000,CROPS,ALL PRODUCTION PRACTICES,,2018-02-01 12:00:00.000,,00,,32,,11,00,UNITED STATES,,,32,NV,89410,YEAR,ANNUAL,,ALL UTILIZATION PRACTICES,SALES,,2017,OPERATIONS
CROP TOTALS,"SALES: (50,000 TO 249,999 $)",CROP TOTALS,,SALES,CROP TOTALS - OPERATIONS WITH SALES,CENSUS,89410,,ZIP CODE,ALL CLASSES,00000000,NEVADA,9000,CROPS,ALL PRODUCTION PRACTICES,,2012-01-01 00:00:00.000,,00,,32,,2,00,UNITED STATES,,,32,NV,89410,YEAR,ANNUAL,,ALL UTILIZATION PRACTICES,SALES,,2007,OPERATIONS
CROP TOTALS,"SALES: (50,000 TO 249,999 $)",CROP TOTALS,,SALES,CROP TOTALS - OPERATIONS WITH SALES,CENSUS,89411,,ZIP CODE,ALL CLASSES,00000000,NEVADA,9000,CROPS,ALL PRODUCTION PRACTICES,,2018-02-01 12:00:00.000,,00,,32,,1,00,UNITED STATES,,,32,NV,89411,YEAR,ANNUAL,,ALL UTILIZATION PRACTICES,SALES,,2017,OPERATIONS
CROP TOTALS,"SALES: (50,000 TO 249,999 $)",CROP TOTALS,,SALES,CROP TOTALS - OPERATIONS WITH SALES,CENSUS,89412,,ZIP CODE,ALL CLASSES,00000000,NEVADA,9000,CROPS,ALL PRODUCTION PRACTICES,,2024-11-07 12:00:00.000,,00,,32,,1,00,UNITED STATES,,,32,NV,89412,YEAR,ANNUAL,,ALL UTILIZATION PRACTICES,SALES,,2022,OPERATIONS
CROP TOTALS,"SALES: (50,000 TO 249,999 $)",CROP TOTALS,,SALES,CROP TOTALS - OPERATIONS WITH SALES,CENSUS,89413,,ZIP CODE,ALL CLASSES,00000000,NEVADA,9000,CROPS,ALL PRODUCTION PRACTICES,,2018-02-01 12:00:00.000,,00,,32,,2,00,UNITED STATES,,,32,NV,89413,YEAR,ANNUAL,,ALL UTILIZATION PRACTICES,SALES,,2017,OPERATIONS
CROP TOTALS,"SALES: (50,000 TO 249,999 $)",CROP TOTALS,,SALES,CROP TOTALS - OPERATIONS WITH SALES,CENSUS,89414,,ZIP CODE,ALL CLASSES,00000000,NEVADA,9000,CROPS,ALL PRODUCTION PRACTICES,,2012-01-01 00:00:00.000,,00,,32,,1,00,UNITED STATES,,,32,NV,89414,YEAR,ANNUAL,,ALL UTILIZATION PRACTICES,SALES,,2007,OPERATIONS
CROP TOTALS,"SALES: (50,000 TO 249,999 $)",CROP TOTALS,,SALES,CROP TOTALS - OPERATIONS WITH SALES,CENSUS,89418,,ZIP CODE,ALL CLASSES,00000000,NEVADA,9000,CROPS,ALL PRODUCTION PRACTICES,,2024-11-07 12:00:00.000,,00,,32,,1,00,UNITED STATES,,,32,NV,89418,YEAR,ANNUAL,,ALL UTILIZATION PRACTICES,SALES,,2022,OPERATIONS
CROP TOTALS,"SALES: (50,000 TO 249,999 $)",CROP TOTALS,,SALES,CROP TOTALS - OPERATIONS WITH SALES,CENSUS,89418,,ZIP CODE,ALL CLASSES,00000000,NEVADA,9000,CROPS,ALL PRODUCTION PRACTICES,,2018-02-01 12:00:00.000,,00,,32,,2,00,UNITED STATES,,,32,NV,89418,YEAR,ANNUAL,,ALL UTILIZATION PRACTICES,SALES,,2017,OPERATIONS
CROP TOTALS,"SALES: (50,000 TO 249,999 $)",CROP TOTALS,,SALES,CROP TOTALS - OPERATIONS WITH SALES,CENSUS,89418,,ZIP CODE,ALL CLASSES,00000000,NEVADA,9000,CROPS,ALL PRODUCTION PRACTICES,,2012-01-01 00:00:00.000,,00,,32,,1,00,UNITED STATES,,,32,NV,89418,YEAR,ANNUAL,,ALL UTILIZATION PRACTICES,SALES,,2007,OPERATIONS
CROP TOTALS,"SALES: (50,000 TO 249,999 $)",CROP TOTALS,,SALES,CROP TOTALS - OPERATIONS WITH SALES,CENSUS,89419,,ZIP CODE,ALL CLASSES,00000000,NEVADA,9000,CROPS,ALL PRODUCTION PRACTICES,,2024-11-07 12:00:00.000,,00,,32,,6,00,UNITED STATES,,,32,NV,89419,YEAR,ANNUAL,,ALL UTILIZATION PRACTICES,SALES,,2022,OPERATIONS
CROP TOTALS,"SALES: (50,000 TO 249,999 $)",CROP TOTALS,,SALES,CROP TOTALS - OPERATIONS WITH SALES,CENSUS,89419,,ZIP CODE,ALL CLASSES,00000000,NEVADA,9000,CROPS,ALL PRODUCTION PRACTICES,,2018-02-01 12:00:00.000,,00,,32,,12,00,UNITED STATES,,,32,NV,89419,YEAR,ANNUAL,,ALL UTILIZATION PRACTICES,SALES,,2017,OPERATIONS
CROP TOTALS,"SALES: (50,000 TO 249,999 $)",CROP TOTALS,,SALES,CROP TOTALS - OPERATIONS WITH SALES,CENSUS,89419,,ZIP CODE,ALL CLASSES,00000000,NEVADA,9000,CROPS,ALL PRODUCTION PRACTICES,,2012-01-01 00:00:00.000,,00,,32,,13,00,UNITED STATES,,,32,NV,89419,YEAR,ANNUAL,,ALL UTILIZATION PRACTICES,SALES,,2007,OPERATIONS
CROP TOTALS,"SALES: (50,000 TO 249,999 $)",CROP TOTALS,,SALES,CROP TOTALS - OPERATIONS WITH SALES,CENSUS,89421,,ZIP CODE,ALL CLASSES,00000000,NEVADA,9000,CROPS,ALL PRODUCTION PRACTICES,,2024-11-07 12:00:00.000,,00,,32,,2,00,UNITED STATES,,,32,NV,89421,YEAR,ANNUAL,,ALL UTILIZATION PRACTICES,SALES,,2022,OPERATIONS
CROP TOTALS,"SALES: (50,000 TO 249,999 $)",CROP TOTALS,,SALES,CROP TOTALS - OPERATIONS WITH SALES,CENSUS,89421,,ZIP CODE,ALL CLASSES,00000000,NEVADA,9000,CROPS,ALL PRODUCTION PRACTICES,,2018-02-01 12:00:00.000,,00,,32,,1,00,UNITED STATES,,,32,NV,89421,YEAR,ANNUAL,,ALL UTILIZATION PRACTICES,SALES,,2017,OPERATIONS
CROP TOTALS,"SALES: (50,000 TO 249,999 $)",CROP TOTALS,,SALES,CROP TOTALS - OPERATIONS WITH SALES,CENSUS,89423,,ZIP CODE,ALL CLASSES,00000000,NEVADA,9000,CROPS,ALL PRODUCTION PRACTICES,,2024-11-07 12:00:00.000,,00,,32,,4,00,UNITED STATES,,,32,NV,89423,YEAR,ANNUAL,,ALL UTILIZATION PRACTICES,SALES,,2022,OPERATIONS
CROP TOTALS,"SALES: (50,000 TO 249,999 $)",CROP TOTALS,,SALES,CROP TOTALS - OPERATIONS WITH SALES,CENSUS,89423,,ZIP CODE,ALL CLASSES,00000000,NEVADA,9000,CROPS,ALL PRODUCTION PRACTICES,,2018-02-01 12:00:00.000,,00,,32,,4,00,UNITED STATES,,,32,NV,89423,YEAR,ANNUAL,,ALL UTILIZATION PRACTICES,SALES,,2017,OPERATIONS
CROP TOTALS,"SALES: (50,000 TO 249,999 $)",CROP TOTALS,,SALES,CROP TOTALS - OPERATIONS WITH SALES,CENSUS,89423,,ZIP CODE,ALL CLASSES,00000000,NEVADA,9000,CROPS,ALL PRODUCTION PRACTICES,,2012-01-01 00:00:00.000,,00,,32,,4,00,UNITED STATES,,,32,NV,89423,YEAR,ANNUAL,,ALL UTILIZATION PRACTICES,SALES,,2007,OPERATIONS
CROP TOTALS,"SALES: (50,000 TO 249,999 $)",CROP TOTALS,,SALES,CROP TOTALS - OPERATIONS WITH SALES,CENSUS,89424,,ZIP CODE,ALL CLASSES,00000000,NEVADA,9000,CROPS,ALL PRODUCTION PRACTICES,,2024-11-07 12:00:00.000,,00,,32,,1,00,UNITED STATES,,,32,NV,89424,YEAR,ANNUAL,,ALL UTILIZATION PRACTICES,SALES,,2022,OPERATIONS
CROP TOTALS,"SALES: (50,000 TO 249,999 $)",CROP TOTALS,,SALES,CROP TOTALS - OPERATIONS WITH SALES,CENSUS,89425,,ZIP CODE,ALL CLASSES,00000000,NEVADA,9000,CROPS,ALL PRODUCTION PRACTICES,,2024-11-07 12:00:00.000,,00,,32,,6,00,UNITED STATES,,,32,NV,89425,YEAR,ANNUAL,,ALL UTILIZATION PRACTICES,SALES,,2022,OPERATIONS
CROP TOTALS,"SALES: (50,000 TO 249,999 $)",CROP TOTALS,,SALES,CROP TOTALS - OPERATIONS WITH SALES,CENSUS,89425,,ZIP CODE,ALL CLASSES,00000000,NEVADA,9000,CROPS,ALL PRODUCTION PRACTICES,,2018-02-01 12:00:00.000,,00,,32,,10,00,UNITED STATES,,,32,NV,89425,YEAR,ANNUAL,,ALL UTILIZATION PRACTICES,SALES,,2017,OPERATIONS
CROP TOTALS,"SALES: (50,000 TO 249,999 $)",CROP TOTALS,,SALES,CROP TOTALS - OPERATIONS WITH SALES,CENSUS,89425,,ZIP CODE,ALL CLASSES,00000000,NEVADA,9000,CROPS,ALL PRODUCTION PRACTICES,,2012-01-01 00:00:00.000,,00,,32,,10,00,UNITED STATES,,,32,NV,89425,YEAR,ANNUAL,,ALL UTILIZATION PRACTICES,SALES,,2007,OPERATIONS
CROP TOTALS,"SALES: (50,000 TO 249,999 $)",CROP TOTALS,,SALES,CROP TOTALS - OPERATIONS WITH SALES,CENSUS,89426,,ZIP CODE,ALL CLASSES,00000000,NEVADA,9000,CROPS,ALL PRODUCTION PRACTICES,,2024-11-07 12:00:00.000,,00,,32,,3,00,UNITED STATES,,,32,NV,89426,YEAR,ANNUAL,,ALL UTILIZATION PRACTICES,SALES,,2022,OPERATIONS
CROP TOTALS,"SALES: (50,000 TO 249,999 $)",CROP TOTALS,,SALES,CROP TOTALS - OPERATIONS WITH SALES,CENSUS,89426,,ZIP CODE,ALL CLASSES,00000000,NEVADA,9000,CROPS,ALL PRODUCTION PRACTICES,,2018-02-01 12:00:00.000,,00,,32,,2,00,UNITED STATES,,,32,NV,89426,YEAR,ANNUAL,,ALL UTILIZATION PRACTICES,SALES,,2017,OPERATIONS
CROP TOTALS,"SALES: (50,000 TO 249,999 $)",CROP TOTALS,,SALES,CROP TOTALS - OPERATIONS WITH SALES,CENSUS,89426,,ZIP CODE,ALL CLASSES,00000000,NEVADA,9000,CROPS,ALL PRODUCTION PRACTICES,,2012-01-01 00:00:00.000,,00,,32,,3,00,UNITED STATES,,,32,NV,89426,YEAR,ANNUAL,,ALL UTILIZATION PRACTICES,SALES,,2007,OPERATIONS
CROP TOTALS,"SALES: (50,000 TO 249,999 $)",CROP TOTALS,,SALES,CROP TOTALS - OPERATIONS WITH SALES,CENSUS,89427,,ZIP CODE,ALL CLASSES,00000000,NEVADA,9000,CROPS,ALL PRODUCTION PRACTICES,,2024-11-07 12:00:00.000,,00,,32,,4,00,UNITED STATES,,,32,NV,89427,YEAR,ANNUAL,,ALL UTILIZATION PRACTICES,SALES,,2022,OPERATIONS
CROP TOTALS,"SALES: (50,000 TO 249,999 $)",CROP TOTALS,,SALES,CROP TOTALS - OPERATIONS WITH SALES,CENSUS,89427,,ZIP CODE,ALL CLASSES,00000000,NEVADA,9000,CROPS,ALL PRODUCTION PRACTICES,,2018-02-01 12:00:00.000,,00,,32,,5,00,UNITED STATES,,,32,NV,89427,YEAR,ANNUAL,,ALL UTILIZATION PRACTICES,SALES,,2017,OPERATIONS
CROP TOTALS,"SALES: (50,000 TO 249,999 $)",CROP TOTALS,,SALES,CROP TOTALS - OPERATIONS WITH SALES,CENSUS,89430,,ZIP CODE,ALL CLASSES,00000000,NEVADA,9000,CROPS,ALL PRODUCTION PRACTICES,,2024-11-07 12:00:00.000,,00,,32,,3,00,UNITED STATES,,,32,NV,89430,YEAR,ANNUAL,,ALL UTILIZATION PRACTICES,SALES,,2022,OPERATIONS
CROP TOTALS,"SALES: (50,000 TO 249,999 $)",CROP TOTALS,,SALES,CROP TOTALS - OPERATIONS WITH SALES,CENSUS,89430,,ZIP CODE,ALL CLASSES,00000000,NEVADA,9000,CROPS,ALL PRODUCTION PRACTICES,,2018-02-01 12:00:00.000,,00,,32,,4,00,UNITED STATES,,,32,NV,89430,YEAR,ANNUAL,,ALL UTILIZATION PRACTICES,SALES,,2017,OPERATIONS
CROP TOTALS,"SALES: (50,000 TO 249,999 $)",CROP TOTALS,,SALES,CROP TOTALS - OPERATIONS WITH SALES,CENSUS,89430,,ZIP CODE,ALL CLASSES,00000000,NEVADA,9000,CROPS,ALL PRODUCTION PRACTICES,,2012-01-01 00:00:00.000,,00,,32,,3,00,UNITED STATES,,,32,NV,89430,YEAR,ANNUAL,,ALL UTILIZATION PRACTICES,SALES,,2007,OPERATIONS
CROP TOTALS,"SALES: (50,000 TO 249,999 $)",CROP TOTALS,,SALES,CROP TOTALS - OPERATIONS WITH SALES,CENSUS,89431,,ZIP CODE,ALL CLASSES,00000000,NEVADA,9000,CROPS,ALL PRODUCTION PRACTICES,,2012-01-01 00:00:00.000,,00,,32,,1,00,UNITED STATES,,,32,NV,89431,YEAR,ANNUAL,,ALL UTILIZATION PRACTICES,SALES,,2007,OPERATIONS
CROP TOTALS,"SALES: (50,000 TO 249,999 $)",CROP TOTALS,,SALES,CROP TOTALS - OPERATIONS WITH SALES,CENSUS,89436,,ZIP CODE,ALL CLASSES,00000000,NEVADA,9000,CROPS,ALL PRODUCTION PRACTICES,,2024-11-07 12:00:00.000,,00,,32,,1,00,UNITED STATES,,,32,NV,89436,YEAR,ANNUAL,,ALL UTILIZATION PRACTICES,SALES,,2022,OPERATIONS
CROP TOTALS,"SALES: (50,000 TO 249,999 $)",CROP TOTALS,,SALES,CROP TOTALS - OPERATIONS WITH SALES,CENSUS,89436,,ZIP CODE,ALL CLASSES,00000000,NEVADA,9000,CROPS,ALL PRODUCTION PRACTICES,,2018-02-01 12:00:00.000,,00,,32,,3,00,UNITED STATES,,,32,NV,89436,YEAR,ANNUAL,,ALL UTILIZATION PRACTICES,SALES,,2017,OPERATIONS
CROP TOTALS,"SALES: (50,000 TO 249,999 $)",CROP TOTALS,,SALES,CROP TOTALS - OPERATIONS WITH SALES,CENSUS,89438,,ZIP CODE,ALL CLASSES,00000000,NEVADA,9000,CROPS,ALL PRODUCTION PRACTICES,,2018-02-01 12:00:00.000,,00,,32,,1,00,UNITED STATES,,,32,NV,89438,YEAR,ANNUAL,,ALL UTILIZATION PRACTICES,SALES,,2017,OPERATIONS
CROP TOTALS,"SALES: (50,000 TO 249,999 $)",CROP TOTALS,,SALES,CROP TOTALS - OPERATIONS WITH SALES,CENSUS,89444,,ZIP CODE,ALL CLASSES,00000000,NEVADA,9000,CROPS,ALL PRODUCTION PRACTICES,,2024-11-07 12:00:00.000,,00,,32,,4,00,UNITED STATES,,,32,NV,89444,YEAR,ANNUAL,,ALL UTILIZATION PRACTICES,SALES,,2022,OPERATIONS
CROP TOTALS,"SALES: (50,000 TO 249,999 $)",CROP TOTALS,,SALES,CROP TOTALS - OPERATIONS WITH SALES,CENSUS,89444,,ZIP CODE,ALL CLASSES,00000000,NEVADA,9000,CROPS,ALL PRODUCTION PRACTICES,,2018-02-01 12:00:00.000,,00,,32,,4,00,UNITED STATES,,,32,NV,89444,YEAR,ANNUAL,,ALL UTILIZATION PRACTICES,SALES,,2017,OPERATIONS
CROP TOTALS,"SALES: (50,000 TO 249,999 $)",CROP TOTALS,,SALES,CROP TOTALS - OPERATIONS WITH SALES,CENSUS,89444,,ZIP CODE,ALL CLASSES,00000000,NEVADA,9000,CROPS,ALL PRODUCTION PRACTICES,,2012-01-01 00:00:00.000,,00,,32,,6,00,UNITED STATES,,,32,NV,89444,YEAR,ANNUAL,,ALL UTILIZATION PRACTICES,SALES,,2007,OPERATIONS
CROP TOTALS,"SALES: (50,000 TO 249,999 $)",CROP TOTALS,,SALES,CROP TOTALS - OPERATIONS WITH SALES,CENSUS,89445,,ZIP CODE,ALL CLASSES,00000000,NEVADA,9000,CROPS,ALL PRODUCTION PRACTICES,,2024-11-07 12:00:00.000,,00,,32,,5,00,UNITED STATES,,,32,NV,89445,YEAR,ANNUAL,,ALL UTILIZATION PRACTICES,SALES,,2022,OPERATIONS
CROP TOTALS,"SALES: (50,000 TO 249,999 $)",CROP TOTALS,,SALES,CROP TOTALS - OPERATIONS WITH SALES,CENSUS,89445,,ZIP CODE,ALL CLASSES,00000000,NEVADA,9000,CROPS,ALL PRODUCTION PRACTICES,,2018-02-01 12:00:00.000,,00,,32,,7,00,UNITED STATES,,,32,NV,89445,YEAR,ANNUAL,,ALL UTILIZATION PRACTICES,SALES,,2017,OPERATIONS
CROP TOTALS,"SALES: (50,000 TO 249,999 $)",CROP TOTALS,,SALES,CROP TOTALS - OPERATIONS WITH SALES,CENSUS,89445,,ZIP CODE,ALL CLASSES,00000000,NEVADA,9000,CROPS,ALL PRODUCTION PRACTICES,,2012-01-01 00:00:00.000,,00,,32,,10,00,UNITED STATES,,,32,NV,89445,YEAR,ANNUAL,,ALL UTILIZATION PRACTICES,SALES,,2007,OPERATIONS
CROP TOTALS,"SALES: (50,000 TO 249,999 $)",CROP TOTALS,,SALES,CROP TOTALS - OPERATIONS WITH SALES,CENSUS,89446,,ZIP CODE,ALL CLASSES,00000000,NEVADA,9000,CROPS,ALL PRODUCTION PRACTICES,,2024-11-07 12:00:00.000,,00,,32,,2,00,UNITED STATES,,,32,NV,89446,YEAR,ANNUAL,,ALL UTILIZATION PRACTICES,SALES,,2022,OPERATIONS
CROP TOTALS,"SALES: (50,000 TO 249,999 $)",CROP TOTALS,,SALES,CROP TOTALS - OPERATIONS WITH SALES,CENSUS,89446,,ZIP CODE,ALL CLASSES,00000000,NEVADA,9000,CROPS,ALL PRODUCTION PRACTICES,,2018-02-01 12:00:00.000,,00,,32,,5,00,UNITED STATES,,,32,NV,89446,YEAR,ANNUAL,,ALL UTILIZATION PRACTICES,SALES,,2017,OPERATIONS
CROP TOTALS,"SALES: (50,000 TO 249,999 $)",CROP TOTALS,,SALES,CROP TOTALS - OPERATIONS WITH SALES,CENSUS,89446,,ZIP CODE,ALL CLASSES,00000000,NEVADA,9000,CROPS,ALL PRODUCTION PRACTICES,,2012-01-01 00:00:00.000,,00,,32,,4,00,UNITED STATES,,,32,NV,89446,YEAR,ANNUAL,,ALL UTILIZATION PRACTICES,SALES,,2007,OPERATIONS
CROP TOTALS,"SALES: (50,000 TO 249,999 $)",CROP TOTALS,,SALES,CROP TOTALS - OPERATIONS WITH SALES,CENSUS,89447,,ZIP CODE,ALL CLASSES,00000000,NEVADA,9000,CROPS,ALL PRODUCTION PRACTICES,,2024-11-07 12:00:00.000,,00,,32,,5,00,UNITED STATES,,,32,NV,89447,YEAR,ANNUAL,,ALL UTILIZATION PRACTICES,SALES,,2022,OPERATIONS
CROP TOTALS,"SALES: (50,000 TO 249,999 $)",CROP TOTALS,,SALES,CROP TOTALS - OPERATIONS WITH SALES,CENSUS,89447,,ZIP CODE,ALL CLASSES,00000000,NEVADA,9000,CROPS,ALL PRODUCTION PRACTICES,,2018-02-01 12:00:00.000,,00,,32,,8,00,UNITED STATES,,,32,NV,89447,YEAR,ANNUAL,,ALL UTILIZATION PRACTICES,SALES,,2017,OPERATIONS
CROP TOTALS,"SALES: (50,000 TO 249,999 $)",CROP TOTALS,,SALES,CROP TOTALS - OPERATIONS WITH SALES,CENSUS,89447,,ZIP CODE,ALL CLASSES,00000000,NEVADA,9000,CROPS,ALL PRODUCTION PRACTICES,,2012-01-01 00:00:00.000,,00,,32,,13,00,UNITED STATES,,,32,NV,89447,YEAR,ANNUAL,,ALL UTILIZATION PRACTICES,SALES,,2007,OPERATIONS
CROP TOTALS,"SALES: (50,000 TO 249,999 $)",CROP TOTALS,,SALES,CROP TOTALS - OPERATIONS WITH SALES,CENSUS,89451,,ZIP CODE,ALL CLASSES,00000000,NEVADA,9000,CROPS,ALL PRODUCTION PRACTICES,,2024-11-07 12:00:00.000,,00,,32,,1,00,UNITED STATES,,,32,NV,89451,YEAR,ANNUAL,,ALL UTILIZATION PRACTICES,SALES,,2022,OPERATIONS
CROP TOTALS,"SALES: (50,000 TO 249,999 $)",CROP TOTALS,,SALES,CROP TOTALS - OPERATIONS WITH SALES,CENSUS,89451,,ZIP CODE,ALL CLASSES,00000000,NEVADA,9000,CROPS,ALL PRODUCTION PRACTICES,,2018-02-01 12:00:00.000,,00,,32,,1,00,UNITED STATES,,,32,NV,89451,YEAR,ANNUAL,,ALL UTILIZATION PRACTICES,SALES,,2017,OPERATIONS
CROP TOTALS,"SALES: (50,000 TO 249,999 $)",CROP TOTALS,,SALES,CROP TOTALS - OPERATIONS WITH SALES,CENSUS,89460,,ZIP CODE,ALL CLASSES,00000000,NEVADA,9000,CROPS,ALL PRODUCTION PRACTICES,,2024-11-07 12:00:00.000,,00,,32,,2,00,UNITED STATES,,,32,NV,89460,YEAR,ANNUAL,,ALL UTILIZATION PRACTICES,SALES,,2022,OPERATIONS
CROP TOTALS,"SALES: (50,000 TO 249,999 $)",CROP TOTALS,,SALES,CROP TOTALS - OPERATIONS WITH SALES,CENSUS,89460,,ZIP CODE,ALL CLASSES,00000000,NEVADA,9000,CROPS,ALL PRODUCTION PRACTICES,,2018-02-01 12:00:00.000,,00,,32,,4,00,UNITED STATES,,,32,NV,89460,YEAR,ANNUAL,,ALL UTILIZATION PRACTICES,SALES,,2017,OPERATIONS
CROP TOTALS,"SALES: (50,000 TO 249,999 $)",CROP TOTALS,,SALES,CROP TOTALS - OPERATIONS WITH SALES,CENSUS,89460,,ZIP CODE,ALL CLASSES,00000000,NEVADA,9000,CROPS,ALL PRODUCTION PRACTICES,,2012-01-01 00:00:00.000,,00,,32,,1,00,UNITED STATES,,,32,NV,89460,YEAR,ANNUAL,,ALL UTILIZATION PRACTICES,SALES,,2007,OPERATIONS
CROP TOTALS,"SALES: (50,000 TO 249,999 $)",CROP TOTALS,,SALES,CROP TOTALS - OPERATIONS WITH SALES,CENSUS,89501,,ZIP CODE,ALL CLASSES,00000000,NEVADA,9000,CROPS,ALL PRODUCTION PRACTICES,,2018-02-01 12:00:00.000,,00,,32,,3,00,UNITED STATES,,,32,NV,89501,YEAR,ANNUAL,,ALL UTILIZATION PRACTICES,SALES,,2017,OPERATIONS
CROP TOTALS,"SALES: (50,000 TO 249,999 $)",CROP TOTALS,,SALES,CROP TOTALS - OPERATIONS WITH SALES,CENSUS,89502,,ZIP CODE,ALL CLASSES,00000000,NEVADA,9000,CROPS,ALL PRODUCTION PRACTICES,,2024-11-07 12:00:00.000,,00,,32,,1,00,UNITED STATES,,,32,NV,89502,YEAR,ANNUAL,,ALL UTILIZATION PRACTICES,SALES,,2022,OPERATIONS
CROP TOTALS,"SALES: (50,000 TO 249,999 $)",CROP TOTALS,,SALES,CROP TOTALS - OPERATIONS WITH SALES,CENSUS,89502,,ZIP CODE,ALL CLASSES,00000000,NEVADA,9000,CROPS,ALL PRODUCTION PRACTICES,,2018-02-01 12:00:00.000,,00,,32,,3,00,UNITED STATES,,,32,NV,89502,YEAR,ANNUAL,,ALL UTILIZATION PRACTICES,SALES,,2017,OPERATIONS
CROP TOTALS,"SALES: (50,000 TO 249,999 $)",CROP TOTALS,,SALES,CROP TOTALS - OPERATIONS WITH SALES,CENSUS,89503,,ZIP CODE,ALL CLASSES,00000000,NEVADA,9000,CROPS,ALL PRODUCTION PRACTICES,,2018-02-01 12:00:00.000,,00,,32,,1,00,UNITED STATES,,,32,NV,89503,YEAR,ANNUAL,,ALL UTILIZATION PRACTICES,SALES,,2017,OPERATIONS
CROP TOTALS,"SALES: (50,000 TO 249,999 $)",CROP TOTALS,,SALES,CROP TOTALS - OPERATIONS WITH SALES,CENSUS,89506,,ZIP CODE,ALL CLASSES,00000000,NEVADA,9000,CROPS,ALL PRODUCTION PRACTICES,,2018-02-01 12:00:00.000,,00,,32,,2,00,UNITED STATES,,,32,NV,89506,YEAR,ANNUAL,,ALL UTILIZATION PRACTICES,SALES,,2017,OPERATIONS
CROP TOTALS,"SALES: (50,000 TO 249,999 $)",CROP TOTALS,,SALES,CROP TOTALS - OPERATIONS WITH SALES,CENSUS,89509,,ZIP CODE,ALL CLASSES,00000000,NEVADA,9000,CROPS,ALL PRODUCTION PRACTICES,,2024-11-07 12:00:00.000,,00,,32,,1,00,UNITED STATES,,,32,NV,89509,YEAR,ANNUAL,,ALL UTILIZATION PRACTICES,SALES,,2022,OPERATIONS
CROP TOTALS,"SALES: (50,000 TO 249,999 $)",CROP TOTALS,,SALES,CROP TOTALS - OPERATIONS WITH SALES,CENSUS,89509,,ZIP CODE,ALL CLASSES,00000000,NEVADA,9000,CROPS,ALL PRODUCTION PRACTICES,,2018-02-01 12:00:00.000,,00,,32,,1,00,UNITED STATES,,,32,NV,89509,YEAR,ANNUAL,,ALL UTILIZATION PRACTICES,SALES,,2017,OPERATIONS
CROP TOTALS,"SALES: (50,000 TO 249,999 $)",CROP TOTALS,,SALES,CROP TOTALS - OPERATIONS WITH SALES,CENSUS,89509,,ZIP CODE,ALL CLASSES,00000000,NEVADA,9000,CROPS,ALL PRODUCTION PRACTICES,,2012-01-01 00:00:00.000,,00,,32,,2,00,UNITED STATES,,,32,NV,89509,YEAR,ANNUAL,,ALL UTILIZATION PRACTICES,SALES,,2007,OPERATIONS
CROP TOTALS,"SALES: (50,000 TO 249,999 $)",CROP TOTALS,,SALES,CROP TOTALS - OPERATIONS WITH SALES,CENSUS,89510,,ZIP CODE,ALL CLASSES,00000000,NEVADA,9000,CROPS,ALL PRODUCTION PRACTICES,,2024-11-07 12:00:00.000,,00,,32,,2,00,UNITED STATES,,,32,NV,89510,YEAR,ANNUAL,,ALL UTILIZATION PRACTICES,SALES,,2022,OPERATIONS
CROP TOTALS,"SALES: (50,000 TO 249,999 $)",CROP TOTALS,,SALES,CROP TOTALS - OPERATIONS WITH SALES,CENSUS,89510,,ZIP CODE,ALL CLASSES,00000000,NEVADA,9000,CROPS,ALL PRODUCTION PRACTICES,,2018-02-01 12:00:00.000,,00,,32,,5,00,UNITED STATES,,,32,NV,89510,YEAR,ANNUAL,,ALL UTILIZATION PRACTICES,SALES,,2017,OPERATIONS
CROP TOTALS,"SALES: (50,000 TO 249,999 $)",CROP TOTALS,,SALES,CROP TOTALS - OPERATIONS WITH SALES,CENSUS,89519,,ZIP CODE,ALL CLASSES,00000000,NEVADA,9000,CROPS,ALL PRODUCTION PRACTICES,,2024-11-07 12:00:00.000,,00,,32,,1,00,UNITED STATES,,,32,NV,89519,YEAR,ANNUAL,,ALL UTILIZATION PRACTICES,SALES,,2022,OPERATIONS
CROP TOTALS,"SALES: (50,000 TO 249,999 $)",CROP TOTALS,,SALES,CROP TOTALS - OPERATIONS WITH SALES,CENSUS,89519,,ZIP CODE,ALL CLASSES,00000000,NEVADA,9000,CROPS,ALL PRODUCTION PRACTICES,,2018-02-01 12:00:00.000,,00,,32,,1,00,UNITED STATES,,,32,NV,89519,YEAR,ANNUAL,,ALL UTILIZATION PRACTICES,SALES,,2017,OPERATIONS
CROP TOTALS,"SALES: (50,000 TO 249,999 $)",CROP TOTALS,,SALES,CROP TOTALS - OPERATIONS WITH SALES,CENSUS,89521,,ZIP CODE,ALL CLASSES,00000000,NEVADA,9000,CROPS,ALL PRODUCTION PRACTICES,,2018-02-01 12:00:00.000,,00,,32,,1,00,UNITED STATES,,,32,NV,89521,YEAR,ANNUAL,,ALL UTILIZATION PRACTICES,SALES,,2017,OPERATIONS
CROP TOTALS,"SALES: (50,000 TO 249,999 $)",CROP TOTALS,,SALES,CROP TOTALS - OPERATIONS WITH SALES,CENSUS,89557,,ZIP CODE,ALL CLASSES,00000000,NEVADA,9000,CROPS,ALL PRODUCTION PRACTICES,,2024-11-07 12:00:00.000,,00,,32,,3,00,UNITED STATES,,,32,NV,89557,YEAR,ANNUAL,,ALL UTILIZATION PRACTICES,SALES,,2022,OPERATIONS
CROP TOTALS,"SALES: (50,000 TO 249,999 $)",CROP TOTALS,,SALES,CROP TOTALS - OPERATIONS WITH SALES,CENSUS,89701,,ZIP CODE,ALL CLASSES,00000000,NEVADA,9000,CROPS,ALL PRODUCTION PRACTICES,,2024-11-07 12:00:00.000,,00,,32,,1,00,UNITED STATES,,,32,NV,89701,YEAR,ANNUAL,,ALL UTILIZATION PRACTICES,SALES,,2022,OPERATIONS
CROP TOTALS,"SALES: (50,000 TO 249,999 $)",CROP TOTALS,,SALES,CROP TOTALS - OPERATIONS WITH SALES,CENSUS,89702,,ZIP CODE,ALL CLASSES,00000000,NEVADA,9000,CROPS,ALL PRODUCTION PRACTICES,,2024-11-07 12:00:00.000,,00,,32,,1,00,UNITED STATES,,,32,NV,89702,YEAR,ANNUAL,,ALL UTILIZATION PRACTICES,SALES,,2022,OPERATIONS
CROP TOTALS,"SALES: (50,000 TO 249,999 $)",CROP TOTALS,,SALES,CROP TOTALS - OPERATIONS WITH SALES,CENSUS,89702,,ZIP CODE,ALL CLASSES,00000000,NEVADA,9000,CROPS,ALL PRODUCTION PRACTICES,,2018-02-01 12:00:00.000,,00,,32,,2,00,UNITED STATES,,,32,NV,89702,YEAR,ANNUAL,,ALL UTILIZATION PRACTICES,SALES,,2017,OPERATIONS
CROP TOTALS,"SALES: (50,000 TO 249,999 $)",CROP TOTALS,,SALES,CROP TOTALS - OPERATIONS WITH SALES,CENSUS,89703,,ZIP CODE,ALL CLASSES,00000000,NEVADA,9000,CROPS,ALL PRODUCTION PRACTICES,,2018-02-01 12:00:00.000,,00,,32,,3,00,UNITED STATES,,,32,NV,89703,YEAR,ANNUAL,,ALL UTILIZATION PRACTICES,SALES,,2017,OPERATIONS
CROP TOTALS,"SALES: (50,000 TO 249,999 $)",CROP TOTALS,,SALES,CROP TOTALS - OPERATIONS WITH SALES,CENSUS,89704,,ZIP CODE,ALL CLASSES,00000000,NEVADA,9000,CROPS,ALL PRODUCTION PRACTICES,,2024-11-07 12:00:00.000,,00,,32,,2,00,UNITED STATES,,,32,NV,89704,YEAR,ANNUAL,,ALL UTILIZATION PRACTICES,SALES,,2022,OPERATIONS
CROP TOTALS,"SALES: (50,000 TO 249,999 $)",CROP TOTALS,,SALES,CROP TOTALS - OPERATIONS WITH SALES,CENSUS,89704,,ZIP CODE,ALL CLASSES,00000000,NEVADA,9000,CROPS,ALL PRODUCTION PRACTICES,,2018-02-01 12:00:00.000,,00,,32,,2,00,UNITED STATES,,,32,NV,89704,YEAR,ANNUAL,,ALL UTILIZATION PRACTICES,SALES,,2017,OPERATIONS
CROP TOTALS,"SALES: (50,000 TO 249,999 $)",CROP TOTALS,,SALES,CROP TOTALS - OPERATIONS WITH SALES,CENSUS,89704,,ZIP CODE,ALL CLASSES,00000000,NEVADA,9000,CROPS,ALL PRODUCTION PRACTICES,,2012-01-01 00:00:00.000,,00,,32,,1,00,UNITED STATES,,,32,NV,89704,YEAR,ANNUAL,,ALL UTILIZATION PRACTICES,SALES,,2007,OPERATIONS
CROP TOTALS,"SALES: (50,000 TO 249,999 $)",CROP TOTALS,,SALES,CROP TOTALS - OPERATIONS WITH SALES,CENSUS,89705,,ZIP CODE,ALL CLASSES,00000000,NEVADA,9000,CROPS,ALL PRODUCTION PRACTICES,,2024-11-07 12:00:00.000,,00,,32,,2,00,UNITED STATES,,,32,NV,89705,YEAR,ANNUAL,,ALL UTILIZATION PRACTICES,SALES,,2022,OPERATIONS
CROP TOTALS,"SALES: (50,000 TO 249,999 $)",CROP TOTALS,,SALES,CROP TOTALS - OPERATIONS WITH SALES,CENSUS,89706,,ZIP CODE,ALL CLASSES,00000000,NEVADA,9000,CROPS,ALL PRODUCTION PRACTICES,,2024-11-07 12:00:00.000,,00,,32,,1,00,UNITED STATES,,,32,NV,89706,YEAR,ANNUAL,,ALL UTILIZATION PRACTICES,SALES,,2022,OPERATIONS
CROP TOTALS,"SALES: (50,000 TO 249,999 $)",CROP TOTALS,,SALES,CROP TOTALS - OPERATIONS WITH SALES,CENSUS,89801,,ZIP CODE,ALL CLASSES,00000000,NEVADA,9000,CROPS,ALL PRODUCTION PRACTICES,,2024-11-07 12:00:00.000,,00,,32,,8,00,UNITED STATES,,,32,NV,89801,YEAR,ANNUAL,,ALL UTILIZATION PRACTICES,SALES,,2022,OPERATIONS
CROP TOTALS,"SALES: (50,000 TO 249,999 $)",CROP TOTALS,,SALES,CROP TOTALS - OPERATIONS WITH SALES,CENSUS,89815,,ZIP CODE,ALL CLASSES,00000000,NEVADA,9000,CROPS,ALL PRODUCTION PRACTICES,,2024-11-07 12:00:00.000,,00,,32,,3,00,UNITED STATES,,,32,NV,89815,YEAR,ANNUAL,,ALL UTILIZATION PRACTICES,SALES,,2022,OPERATIONS
CROP TOTALS,"SALES: (50,000 TO 249,999 $)",CROP TOTALS,,SALES,CROP TOTALS - OPERATIONS WITH SALES,CENSUS,89815,,ZIP CODE,ALL CLASSES,00000000,NEVADA,9000,CROPS,ALL PRODUCTION PRACTICES,,2018-02-01 12:00:00.000,,00,,32,,2,00,UNITED STATES,,,32,NV,89815,YEAR,ANNUAL,,ALL UTILIZATION PRACTICES,SALES,,2017,OPERATIONS
CROP TOTALS,"SALES: (50,000 TO 249,999 $)",CROP TOTALS,,SALES,CROP TOTALS - OPERATIONS WITH SALES,CENSUS,89815,,ZIP CODE,ALL CLASSES,00000000,NEVADA,9000,CROPS,ALL PRODUCTION PRACTICES,,2012-01-01 00:00:00.000,,00,,32,,1,00,UNITED STATES,,,32,NV,89815,YEAR,ANNUAL,,ALL UTILIZATION PRACTICES,SALES,,2007,OPERATIONS
CROP TOTALS,"SALES: (50,000 TO 249,999 $)",CROP TOTALS,,SALES,CROP TOTALS - OPERATIONS WITH SALES,CENSUS,89820,,ZIP CODE,ALL CLASSES,00000000,NEVADA,9000,CROPS,ALL PRODUCTION PRACTICES,,2024-11-07 12:00:00.000,,00,,32,,1,00,UNITED STATES,,,32,NV,89820,YEAR,ANNUAL,,ALL UTILIZATION PRACTICES,SALES,,2022,OPERATIONS
CROP TOTALS,"SALES: (50,000 TO 249,999 $)",CROP TOTALS,,SALES,CROP TOTALS - OPERATIONS WITH SALES,CENSUS,89820,,ZIP CODE,ALL CLASSES,00000000,NEVADA,9000,CROPS,ALL PRODUCTION PRACTICES,,2018-02-01 12:00:00.000,,00,,32,,2,00,UNITED STATES,,,32,NV,89820,YEAR,ANNUAL,,ALL UTILIZATION PRACTICES,SALES,,2017,OPERATIONS
CROP TOTALS,"SALES: (50,000 TO 249,999 $)",CROP TOTALS,,SALES,CROP TOTALS - OPERATIONS WITH SALES,CENSUS,89820,,ZIP CODE,ALL CLASSES,00000000,NEVADA,9000,CROPS,ALL PRODUCTION PRACTICES,,2012-01-01 00:00:00.000,,00,,32,,10,00,UNITED STATES,,,32,NV,89820,YEAR,ANNUAL,,ALL UTILIZATION PRACTICES,SALES,,2007,OPERATIONS
CROP TOTALS,"SALES: (50,000 TO 249,999 $)",CROP TOTALS,,SALES,CROP TOTALS - OPERATIONS WITH SALES,CENSUS,89822,,ZIP CODE,ALL CLASSES,00000000,NEVADA,9000,CROPS,ALL PRODUCTION PRACTICES,,2024-11-07 12:00:00.000,,00,,32,,1,00,UNITED STATES,,,32,NV,89822,YEAR,ANNUAL,,ALL UTILIZATION PRACTICES,SALES,,2022,OPERATIONS
CROP TOTALS,"SALES: (50,000 TO 249,999 $)",CROP TOTALS,,SALES,CROP TOTALS - OPERATIONS WITH SALES,CENSUS,89822,,ZIP CODE,ALL CLASSES,00000000,NEVADA,9000,CROPS,ALL PRODUCTION PRACTICES,,2018-02-01 12:00:00.000,,00,,32,,2,00,UNITED STATES,,,32,NV,89822,YEAR,ANNUAL,,ALL UTILIZATION PRACTICES,SALES,,2017,OPERATIONS
CROP TOTALS,"SALES: (50,000 TO 249,999 $)",CROP TOTALS,,SALES,CROP TOTALS - OPERATIONS WITH SALES,CENSUS,89823,,ZIP CODE,ALL CLASSES,00000000,NEVADA,9000,CROPS,ALL PRODUCTION PRACTICES,,2024-11-07 12:00:00.000,,00,,32,,1,00,UNITED STATES,,,32,NV,89823,YEAR,ANNUAL,,ALL UTILIZATION PRACTICES,SALES,,2022,OPERATIONS
CROP TOTALS,"SALES: (50,000 TO 249,999 $)",CROP TOTALS,,SALES,CROP TOTALS - OPERATIONS WITH SALES,CENSUS,89823,,ZIP CODE,ALL CLASSES,00000000,NEVADA,9000,CROPS,ALL PRODUCTION PRACTICES,,2018-02-01 12:00:00.000,,00,,32,,3,00,UNITED STATES,,,32,NV,89823,YEAR,ANNUAL,,ALL UTILIZATION PRACTICES,SALES,,2017,OPERATIONS
CROP TOTALS,"SALES: (50,000 TO 249,999 $)",CROP TOTALS,,SALES,CROP TOTALS - OPERATIONS WITH SALES,CENSUS,89823,,ZIP CODE,ALL CLASSES,00000000,NEVADA,9000,CROPS,ALL PRODUCTION PRACTICES,,2012-01-01 00:00:00.000,,00,,32,,3,00,UNITED STATES,,,32,NV,89823,YEAR,ANNUAL,,ALL UTILIZATION PRACTICES,SALES,,2007,OPERATIONS
CROP TOTALS,"SALES: (50,000 TO 249,999 $)",CROP TOTALS,,SALES,CROP TOTALS - OPERATIONS WITH SALES,CENSUS,89825,,ZIP CODE,ALL CLASSES,00000000,NEVADA,9000,CROPS,ALL PRODUCTION PRACTICES,,2024-11-07 12:00:00.000,,00,,32,,1,00,UNITED STATES,,,32,NV,89825,YEAR,ANNUAL,,ALL UTILIZATION PRACTICES,SALES,,2022,OPERATIONS
CROP TOTALS,"SALES: (50,000 TO 249,999 $)",CROP TOTALS,,SALES,CROP TOTALS - OPERATIONS WITH SALES,CENSUS,89828,,ZIP CODE,ALL CLASSES,00000000,NEVADA,9000,CROPS,ALL PRODUCTION PRACTICES,,2024-11-07 12:00:00.000,,00,,32,,1,00,UNITED STATES,,,32,NV,89828,YEAR,ANNUAL,,ALL UTILIZATION PRACTICES,SALES,,2022,OPERATIONS
CROP TOTALS,"SALES: (50,000 TO 249,999 $)",CROP TOTALS,,SALES,CROP TOTALS - OPERATIONS WITH SALES,CENSUS,89831,,ZIP CODE,ALL CLASSES,00000000,NEVADA,9000,CROPS,ALL PRODUCTION PRACTICES,,2024-11-07 12:00:00.000,,00,,32,,2,00,UNITED STATES,,,32,NV,89831,YEAR,ANNUAL,,ALL UTILIZATION PRACTICES,SALES,,2022,OPERATIONS
CROP TOTALS,"SALES: (50,000 TO 249,999 $)",CROP TOTALS,,SALES,CROP TOTALS - OPERATIONS WITH SALES,CENSUS,89831,,ZIP CODE,ALL CLASSES,00000000,NEVADA,9000,CROPS,ALL PRODUCTION PRACTICES,,2018-02-01 12:00:00.000,,00,,32,,3,00,UNITED STATES,,,32,NV,89831,YEAR,ANNUAL,,ALL UTILIZATION PRACTICES,SALES,,2017,OPERATIONS
CROP TOTALS,"SALES: (50,000 TO 249,999 $)",CROP TOTALS,,SALES,CROP TOTALS - OPERATIONS WITH SALES,CENSUS,89832,,ZIP CODE,ALL CLASSES,00000000,NEVADA,9000,CROPS,ALL PRODUCTION PRACTICES,,2024-11-07 12:00:00.000,,00,,32,,6,00,UNITED STATES,,,32,NV,89832,YEAR,ANNUAL,,ALL UTILIZATION PRACTICES,SALES,,2022,OPERATIONS
CROP TOTALS,"SALES: (50,000 TO 249,999 $)",CROP TOTALS,,SALES,CROP TOTALS - OPERATIONS WITH SALES,CENSUS,89833,,ZIP CODE,ALL CLASSES,00000000,NEVADA,9000,CROPS,ALL PRODUCTION PRACTICES,,2024-11-07 12:00:00.000,,00,,32,,1,00,UNITED STATES,,,32,NV,89833,YEAR,ANNUAL,,ALL UTILIZATION PRACTICES,SALES,,2022,OPERATIONS
CROP TOTALS,"SALES: (50,000 TO 249,999 $)",CROP TOTALS,,SALES,CROP TOTALS - OPERATIONS WITH SALES,CENSUS,89833,,ZIP CODE,ALL CLASSES,00000000,NEVADA,9000,CROPS,ALL PRODUCTION PRACTICES,,2018-02-01 12:00:00.000,,00,,32,,3,00,UNITED STATES,,,32,NV,89833,YEAR,ANNUAL,,ALL UTILIZATION PRACTICES,SALES,,2017,OPERATIONS
CROP TOTALS,"SALES: (50,000 TO 249,999 $)",CROP TOTALS,,SALES,CROP TOTALS - OPERATIONS WITH SALES,CENSUS,89834,,ZIP CODE,ALL CLASSES,00000000,NEVADA,9000,CROPS,ALL PRODUCTION PRACTICES,,2024-11-07 12:00:00.000,,00,,32,,1,00,UNITED STATES,,,32,NV,89834,YEAR,ANNUAL,,ALL UTILIZATION PRACTICES,SALES,,2022,OPERATIONS
CROP TOTALS,"SALES: (50,000 TO 249,999 $)",CROP TOTALS,,SALES,CROP TOTALS - OPERATIONS WITH SALES,CENSUS,89834,,ZIP CODE,ALL CLASSES,00000000,NEVADA,9000,CROPS,ALL PRODUCTION PRACTICES,,2018-02-01 12:00:00.000,,00,,32,,1,00,UNITED STATES,,,32,NV,89834,YEAR,ANNUAL,,ALL UTILIZATION PRACTICES,SALES,,2017,OPERATIONS
CROP TOTALS,"SALES: (50,000 TO 249,999 $)",CROP TOTALS,,SALES,CROP TOTALS - OPERATIONS WITH SALES,CENSUS,89835,,ZIP CODE,ALL CLASSES,00000000,NEVADA,9000,CROPS,ALL PRODUCTION PRACTICES,,2024-11-07 12:00:00.000,,00,,32,,6,00,UNITED STATES,,,32,NV,89835,YEAR,ANNUAL,,ALL UTILIZATION PRACTICES,SALES,,2022,OPERATIONS
CROP TOTALS,"SALES: (50,000 TO 249,999 $)",CROP TOTALS,,SALES,CROP TOTALS - OPERATIONS WITH SALES,CENSUS,89835,,ZIP CODE,ALL CLASSES,00000000,NEVADA,9000,CROPS,ALL PRODUCTION PRACTICES,,2018-02-01 12:00:00.000,,00,,32,,6,00,UNITED STATES,,,32,NV,89835,YEAR,ANNUAL,,ALL UTILIZATION PRACTICES,SALES,,2017,OPERATIONS
CROP TOTALS,"SALES: (50,000 TO 249,999 $)",CROP TOTALS,,SALES,CROP TOTALS - OPERATIONS WITH SALES,CENSUS,89835,,ZIP CODE,ALL CLASSES,00000000,NEVADA,9000,CROPS,ALL PRODUCTION PRACTICES,,2012-01-01 00:00:00.000,,00,,32,,4,00,UNITED STATES,,,32,NV,89835,YEAR,ANNUAL,,ALL UTILIZATION PRACTICES,SALES,,2007,OPERATIONS
CROP TOTALS,"SALES: (50,000 TO 249,999 $)",CROP TOTALS,,SALES,CROP TOTALS - OPERATIONS WITH SALES,CENSUS,99999,,ZIP CODE,ALL CLASSES,00000000,NEVADA,9000,CROPS,ALL PRODUCTION PRACTICES,,2024-11-07 12:00:00.000,,00,,32,,6,00,UNITED STATES,,,32,NV,99999,YEAR,ANNUAL,,ALL UTILIZATION PRACTICES,SALES,,2022,OPERATIONS
CROP TOTALS,"SALES: (50,000 TO 249,999 $)",CROP TOTALS,,SALES,CROP TOTALS - OPERATIONS WITH SALES,CENSUS,99999,,ZIP CODE,ALL CLASSES,00000000,NEVADA,9000,CROPS,ALL PRODUCTION PRACTICES,,2018-02-01 12:00:00.000,,00,,32,,6,00,UNITED STATES,,,32,NV,99999,YEAR,ANNUAL,,ALL UTILIZATION PRACTICES,SALES,,2017,OPERATIONS
CROP TOTALS,"SALES: (50,000 TO 249,999 $)",CROP TOTALS,,SALES,CROP TOTALS - OPERATIONS WITH SALES,CENSUS,99999,,ZIP CODE,ALL CLASSES,00000000,NEVADA,9000,CROPS,ALL PRODUCTION PRACTICES,,2012-01-01 00:00:00.000,,00,,32,,11,00,UNITED STATES,,,32,NV,99999,YEAR,ANNUAL,,ALL UTILIZATION PRACTICES,SALES,,2007,OPERATIONS
CROP TOTALS,"SALES: (LESS THAN 50,000 $)",CROP TOTALS,,SALES,CROP TOTALS - OPERATIONS WITH SALES,CENSUS,,,STATE,ALL CLASSES,00000000,NEVADA,9000,CROPS,ALL PRODUCTION PRACTICES,,2012-01-01 00:00:00.000,,00,,32,,674,00,UNITED STATES,,,32,NV,NEVADA,YEAR,ANNUAL,,ALL UTILIZATION PRACTICES,SALES,,2007,OPERATIONS
CROP TOTALS,"SALES: (LESS THAN 50,000 $)",CROP TOTALS,,SALES,CROP TOTALS - OPERATIONS WITH SALES,CENSUS,89001,,ZIP CODE,ALL CLASSES,00000000,NEVADA,9000,CROPS,ALL PRODUCTION PRACTICES,,2024-11-07 12:00:00.000,,00,,32,,11,00,UNITED STATES,,,32,NV,89001,YEAR,ANNUAL,,ALL UTILIZATION PRACTICES,SALES,,2022,OPERATIONS
CROP TOTALS,"SALES: (LESS THAN 50,000 $)",CROP TOTALS,,SALES,CROP TOTALS - OPERATIONS WITH SALES,CENSUS,89001,,ZIP CODE,ALL CLASSES,00000000,NEVADA,9000,CROPS,ALL PRODUCTION PRACTICES,,2018-02-01 12:00:00.000,,00,,32,,11,00,UNITED STATES,,,32,NV,89001,YEAR,ANNUAL,,ALL UTILIZATION PRACTICES,SALES,,2017,OPERATIONS
CROP TOTALS,"SALES: (LESS THAN 50,000 $)",CROP TOTALS,,SALES,CROP TOTALS - OPERATIONS WITH SALES,CENSUS,89001,,ZIP CODE,ALL CLASSES,00000000,NEVADA,9000,CROPS,ALL PRODUCTION PRACTICES,,2012-01-01 00:00:00.000,,00,,32,,3,00,UNITED STATES,,,32,NV,89001,YEAR,ANNUAL,,ALL UTILIZATION PRACTICES,SALES,,2007,OPERATIONS
CROP TOTALS,"SALES: (LESS THAN 50,000 $)",CROP TOTALS,,SALES,CROP TOTALS - OPERATIONS WITH SALES,CENSUS,89002,,ZIP CODE,ALL CLASSES,00000000,NEVADA,9000,CROPS,ALL PRODUCTION PRACTICES,,2018-02-01 12:00:00.000,,00,,32,,3,00,UNITED STATES,,,32,NV,89002,YEAR,ANNUAL,,ALL UTILIZATION PRACTICES,SALES,,2017,OPERATIONS
CROP TOTALS,"SALES: (LESS THAN 50,000 $)",CROP TOTALS,,SALES,CROP TOTALS - OPERATIONS WITH SALES,CENSUS,89002,,ZIP CODE,ALL CLASSES,00000000,NEVADA,9000,CROPS,ALL PRODUCTION PRACTICES,,2012-01-01 00:00:00.000,,00,,32,,1,00,UNITED STATES,,,32,NV,89002,YEAR,ANNUAL,,ALL UTILIZATION PRACTICES,SALES,,2007,OPERATIONS
CROP TOTALS,"SALES: (LESS THAN 50,000 $)",CROP TOTALS,,SALES,CROP TOTALS - OPERATIONS WITH SALES,CENSUS,89005,,ZIP CODE,ALL CLASSES,00000000,NEVADA,9000,CROPS,ALL PRODUCTION PRACTICES,,2018-02-01 12:00:00.000,,00,,32,,3,00,UNITED STATES,,,32,NV,89005,YEAR,ANNUAL,,ALL UTILIZATION PRACTICES,SALES,,2017,OPERATIONS
CROP TOTALS,"SALES: (LESS THAN 50,000 $)",CROP TOTALS,,SALES,CROP TOTALS - OPERATIONS WITH SALES,CENSUS,89006,,ZIP CODE,ALL CLASSES,00000000,NEVADA,9000,CROPS,ALL PRODUCTION PRACTICES,,2018-02-01 12:00:00.000,,00,,32,,3,00,UNITED STATES,,,32,NV,89006,YEAR,ANNUAL,,ALL UTILIZATION PRACTICES,SALES,,2017,OPERATIONS
CROP TOTALS,"SALES: (LESS THAN 50,000 $)",CROP TOTALS,,SALES,CROP TOTALS - OPERATIONS WITH SALES,CENSUS,89007,,ZIP CODE,ALL CLASSES,00000000,NEVADA,9000,CROPS,ALL PRODUCTION PRACTICES,,2024-11-07 12:00:00.000,,00,,32,,2,00,UNITED STATES,,,32,NV,89007,YEAR,ANNUAL,,ALL UTILIZATION PRACTICES,SALES,,2022,OPERATIONS
CROP TOTALS,"SALES: (LESS THAN 50,000 $)",CROP TOTALS,,SALES,CROP TOTALS - OPERATIONS WITH SALES,CENSUS,89007,,ZIP CODE,ALL CLASSES,00000000,NEVADA,9000,CROPS,ALL PRODUCTION PRACTICES,,2018-02-01 12:00:00.000,,00,,32,,3,00,UNITED STATES,,,32,NV,89007,YEAR,ANNUAL,,ALL UTILIZATION PRACTICES,SALES,,2017,OPERATIONS
CROP TOTALS,"SALES: (LESS THAN 50,000 $)",CROP TOTALS,,SALES,CROP TOTALS - OPERATIONS WITH SALES,CENSUS,89007,,ZIP CODE,ALL CLASSES,00000000,NEVADA,9000,CROPS,ALL PRODUCTION PRACTICES,,2012-01-01 00:00:00.000,,00,,32,,2,00,UNITED STATES,,,32,NV,89007,YEAR,ANNUAL,,ALL UTILIZATION PRACTICES,SALES,,2007,OPERATIONS
CROP TOTALS,"SALES: (LESS THAN 50,000 $)",CROP TOTALS,,SALES,CROP TOTALS - OPERATIONS WITH SALES,CENSUS,89008,,ZIP CODE,ALL CLASSES,00000000,NEVADA,9000,CROPS,ALL PRODUCTION PRACTICES,,2024-11-07 12:00:00.000,,00,,32,,2,00,UNITED STATES,,,32,NV,89008,YEAR,ANNUAL,,ALL UTILIZATION PRACTICES,SALES,,2022,OPERATIONS
CROP TOTALS,"SALES: (LESS THAN 50,000 $)",CROP TOTALS,,SALES,CROP TOTALS - OPERATIONS WITH SALES,CENSUS,89008,,ZIP CODE,ALL CLASSES,00000000,NEVADA,9000,CROPS,ALL PRODUCTION PRACTICES,,2018-02-01 12:00:00.000,,00,,32,,4,00,UNITED STATES,,,32,NV,89008,YEAR,ANNUAL,,ALL UTILIZATION PRACTICES,SALES,,2017,OPERATIONS
CROP TOTALS,"SALES: (LESS THAN 50,000 $)",CROP TOTALS,,SALES,CROP TOTALS - OPERATIONS WITH SALES,CENSUS,89008,,ZIP CODE,ALL CLASSES,00000000,NEVADA,9000,CROPS,ALL PRODUCTION PRACTICES,,2012-01-01 00:00:00.000,,00,,32,,6,00,UNITED STATES,,,32,NV,89008,YEAR,ANNUAL,,ALL UTILIZATION PRACTICES,SALES,,2007,OPERATIONS
CROP TOTALS,"SALES: (LESS THAN 50,000 $)",CROP TOTALS,,SALES,CROP TOTALS - OPERATIONS WITH SALES,CENSUS,89010,,ZIP CODE,ALL CLASSES,00000000,NEVADA,9000,CROPS,ALL PRODUCTION PRACTICES,,2024-11-07 12:00:00.000,,00,,32,,2,00,UNITED STATES,,,32,NV,89010,YEAR,ANNUAL,,ALL UTILIZATION PRACTICES,SALES,,2022,OPERATIONS
CROP TOTALS,"SALES: (LESS THAN 50,000 $)",CROP TOTALS,,SALES,CROP TOTALS - OPERATIONS WITH SALES,CENSUS,89010,,ZIP CODE,ALL CLASSES,00000000,NEVADA,9000,CROPS,ALL PRODUCTION PRACTICES,,2012-01-01 00:00:00.000,,00,,32,,1,00,UNITED STATES,,,32,NV,89010,YEAR,ANNUAL,,ALL UTILIZATION PRACTICES,SALES,,2007,OPERATIONS
CROP TOTALS,"SALES: (LESS THAN 50,000 $)",CROP TOTALS,,SALES,CROP TOTALS - OPERATIONS WITH SALES,CENSUS,89011,,ZIP CODE,ALL CLASSES,00000000,NEVADA,9000,CROPS,ALL PRODUCTION PRACTICES,,2024-11-07 12:00:00.000,,00,,32,,2,00,UNITED STATES,,,32,NV,89011,YEAR,ANNUAL,,ALL UTILIZATION PRACTICES,SALES,,2022,OPERATIONS
CROP TOTALS,"SALES: (LESS THAN 50,000 $)",CROP TOTALS,,SALES,CROP TOTALS - OPERATIONS WITH SALES,CENSUS,89011,,ZIP CODE,ALL CLASSES,00000000,NEVADA,9000,CROPS,ALL PRODUCTION PRACTICES,,2018-02-01 12:00:00.000,,00,,32,,1,00,UNITED STATES,,,32,NV,89011,YEAR,ANNUAL,,ALL UTILIZATION PRACTICES,SALES,,2017,OPERATIONS
CROP TOTALS,"SALES: (LESS THAN 50,000 $)",CROP TOTALS,,SALES,CROP TOTALS - OPERATIONS WITH SALES,CENSUS,89012,,ZIP CODE,ALL CLASSES,00000000,NEVADA,9000,CROPS,ALL PRODUCTION PRACTICES,,2018-02-01 12:00:00.000,,00,,32,,1,00,UNITED STATES,,,32,NV,89012,YEAR,ANNUAL,,ALL UTILIZATION PRACTICES,SALES,,2017,OPERATIONS
CROP TOTALS,"SALES: (LESS THAN 50,000 $)",CROP TOTALS,,SALES,CROP TOTALS - OPERATIONS WITH SALES,CENSUS,89013,,ZIP CODE,ALL CLASSES,00000000,NEVADA,9000,CROPS,ALL PRODUCTION PRACTICES,,2024-11-07 12:00:00.000,,00,,32,,1,00,UNITED STATES,,,32,NV,89013,YEAR,ANNUAL,,ALL UTILIZATION PRACTICES,SALES,,2022,OPERATIONS
CROP TOTALS,"SALES: (LESS THAN 50,000 $)",CROP TOTALS,,SALES,CROP TOTALS - OPERATIONS WITH SALES,CENSUS,89015,,ZIP CODE,ALL CLASSES,00000000,NEVADA,9000,CROPS,ALL PRODUCTION PRACTICES,,2024-11-07 12:00:00.000,,00,,32,,2,00,UNITED STATES,,,32,NV,89015,YEAR,ANNUAL,,ALL UTILIZATION PRACTICES,SALES,,2022,OPERATIONS
CROP TOTALS,"SALES: (LESS THAN 50,000 $)",CROP TOTALS,,SALES,CROP TOTALS - OPERATIONS WITH SALES,CENSUS,89017,,ZIP CODE,ALL CLASSES,00000000,NEVADA,9000,CROPS,ALL PRODUCTION PRACTICES,,2024-11-07 12:00:00.000,,00,,32,,1,00,UNITED STATES,,,32,NV,89017,YEAR,ANNUAL,,ALL UTILIZATION PRACTICES,SALES,,2022,OPERATIONS
CROP TOTALS,"SALES: (LESS THAN 50,000 $)",CROP TOTALS,,SALES,CROP TOTALS - OPERATIONS WITH SALES,CENSUS,89017,,ZIP CODE,ALL CLASSES,00000000,NEVADA,9000,CROPS,ALL PRODUCTION PRACTICES,,2018-02-01 12:00:00.000,,00,,32,,1,00,UNITED STATES,,,32,NV,89017,YEAR,ANNUAL,,ALL UTILIZATION PRACTICES,SALES,,2017,OPERATIONS
CROP TOTALS,"SALES: (LESS THAN 50,000 $)",CROP TOTALS,,SALES,CROP TOTALS - OPERATIONS WITH SALES,CENSUS,89017,,ZIP CODE,ALL CLASSES,00000000,NEVADA,9000,CROPS,ALL PRODUCTION PRACTICES,,2012-01-01 00:00:00.000,,00,,32,,4,00,UNITED STATES,,,32,NV,89017,YEAR,ANNUAL,,ALL UTILIZATION PRACTICES,SALES,,2007,OPERATIONS
CROP TOTALS,"SALES: (LESS THAN 50,000 $)",CROP TOTALS,,SALES,CROP TOTALS - OPERATIONS WITH SALES,CENSUS,89018,,ZIP CODE,ALL CLASSES,00000000,NEVADA,9000,CROPS,ALL PRODUCTION PRACTICES,,2012-01-01 00:00:00.000,,00,,32,,2,00,UNITED STATES,,,32,NV,89018,YEAR,ANNUAL,,ALL UTILIZATION PRACTICES,SALES,,2007,OPERATIONS
CROP TOTALS,"SALES: (LESS THAN 50,000 $)",CROP TOTALS,,SALES,CROP TOTALS - OPERATIONS WITH SALES,CENSUS,89020,,ZIP CODE,ALL CLASSES,00000000,NEVADA,9000,CROPS,ALL PRODUCTION PRACTICES,,2024-11-07 12:00:00.000,,00,,32,,1,00,UNITED STATES,,,32,NV,89020,YEAR,ANNUAL,,ALL UTILIZATION PRACTICES,SALES,,2022,OPERATIONS
CROP TOTALS,"SALES: (LESS THAN 50,000 $)",CROP TOTALS,,SALES,CROP TOTALS - OPERATIONS WITH SALES,CENSUS,89020,,ZIP CODE,ALL CLASSES,00000000,NEVADA,9000,CROPS,ALL PRODUCTION PRACTICES,,2018-02-01 12:00:00.000,,00,,32,,11,00,UNITED STATES,,,32,NV,89020,YEAR,ANNUAL,,ALL UTILIZATION PRACTICES,SALES,,2017,OPERATIONS
CROP TOTALS,"SALES: (LESS THAN 50,000 $)",CROP TOTALS,,SALES,CROP TOTALS - OPERATIONS WITH SALES,CENSUS,89020,,ZIP CODE,ALL CLASSES,00000000,NEVADA,9000,CROPS,ALL PRODUCTION PRACTICES,,2012-01-01 00:00:00.000,,00,,32,,7,00,UNITED STATES,,,32,NV,89020,YEAR,ANNUAL,,ALL UTILIZATION PRACTICES,SALES,,2007,OPERATIONS
CROP TOTALS,"SALES: (LESS THAN 50,000 $)",CROP TOTALS,,SALES,CROP TOTALS - OPERATIONS WITH SALES,CENSUS,89021,,ZIP CODE,ALL CLASSES,00000000,NEVADA,9000,CROPS,ALL PRODUCTION PRACTICES,,2024-11-07 12:00:00.000,,00,,32,,6,00,UNITED STATES,,,32,NV,89021,YEAR,ANNUAL,,ALL UTILIZATION PRACTICES,SALES,,2022,OPERATIONS
CROP TOTALS,"SALES: (LESS THAN 50,000 $)",CROP TOTALS,,SALES,CROP TOTALS - OPERATIONS WITH SALES,CENSUS,89021,,ZIP CODE,ALL CLASSES,00000000,NEVADA,9000,CROPS,ALL PRODUCTION PRACTICES,,2018-02-01 12:00:00.000,,00,,32,,6,00,UNITED STATES,,,32,NV,89021,YEAR,ANNUAL,,ALL UTILIZATION PRACTICES,SALES,,2017,OPERATIONS
CROP TOTALS,"SALES: (LESS THAN 50,000 $)",CROP TOTALS,,SALES,CROP TOTALS - OPERATIONS WITH SALES,CENSUS,89021,,ZIP CODE,ALL CLASSES,00000000,NEVADA,9000,CROPS,ALL PRODUCTION PRACTICES,,2012-01-01 00:00:00.000,,00,,32,,6,00,UNITED STATES,,,32,NV,89021,YEAR,ANNUAL,,ALL UTILIZATION PRACTICES,SALES,,2007,OPERATIONS
CROP TOTALS,"SALES: (LESS THAN 50,000 $)",CROP TOTALS,,SALES,CROP TOTALS - OPERATIONS WITH SALES,CENSUS,89024,,ZIP CODE,ALL CLASSES,00000000,NEVADA,9000,CROPS,ALL PRODUCTION PRACTICES,,2012-01-01 00:00:00.000,,00,,32,,8,00,UNITED STATES,,,32,NV,89024,YEAR,ANNUAL,,ALL UTILIZATION PRACTICES,SALES,,2007,OPERATIONS
CROP TOTALS,"SALES: (LESS THAN 50,000 $)",CROP TOTALS,,SALES,CROP TOTALS - OPERATIONS WITH SALES,CENSUS,89025,,ZIP CODE,ALL CLASSES,00000000,NEVADA,9000,CROPS,ALL PRODUCTION PRACTICES,,2024-11-07 12:00:00.000,,00,,32,,2,00,UNITED STATES,,,32,NV,89025,YEAR,ANNUAL,,ALL UTILIZATION PRACTICES,SALES,,2022,OPERATIONS
CROP TOTALS,"SALES: (LESS THAN 50,000 $)",CROP TOTALS,,SALES,CROP TOTALS - OPERATIONS WITH SALES,CENSUS,89027,,ZIP CODE,ALL CLASSES,00000000,NEVADA,9000,CROPS,ALL PRODUCTION PRACTICES,,2018-02-01 12:00:00.000,,00,,32,,1,00,UNITED STATES,,,32,NV,89027,YEAR,ANNUAL,,ALL UTILIZATION PRACTICES,SALES,,2017,OPERATIONS
CROP TOTALS,"SALES: (LESS THAN 50,000 $)",CROP TOTALS,,SALES,CROP TOTALS - OPERATIONS WITH SALES,CENSUS,89030,,ZIP CODE,ALL CLASSES,00000000,NEVADA,9000,CROPS,ALL PRODUCTION PRACTICES,,2024-11-07 12:00:00.000,,00,,32,,1,00,UNITED STATES,,,32,NV,89030,YEAR,ANNUAL,,ALL UTILIZATION PRACTICES,SALES,,2022,OPERATIONS
CROP TOTALS,"SALES: (LESS THAN 50,000 $)",CROP TOTALS,,SALES,CROP TOTALS - OPERATIONS WITH SALES,CENSUS,89040,,ZIP CODE,ALL CLASSES,00000000,NEVADA,9000,CROPS,ALL PRODUCTION PRACTICES,,2024-11-07 12:00:00.000,,00,,32,,1,00,UNITED STATES,,,32,NV,89040,YEAR,ANNUAL,,ALL UTILIZATION PRACTICES,SALES,,2022,OPERATIONS
CROP TOTALS,"SALES: (LESS THAN 50,000 $)",CROP TOTALS,,SALES,CROP TOTALS - OPERATIONS WITH SALES,CENSUS,89040,,ZIP CODE,ALL CLASSES,00000000,NEVADA,9000,CROPS,ALL PRODUCTION PRACTICES,,2018-02-01 12:00:00.000,,00,,32,,5,00,UNITED STATES,,,32,NV,89040,YEAR,ANNUAL,,ALL UTILIZATION PRACTICES,SALES,,2017,OPERATIONS
CROP TOTALS,"SALES: (LESS THAN 50,000 $)",CROP TOTALS,,SALES,CROP TOTALS - OPERATIONS WITH SALES,CENSUS,89040,,ZIP CODE,ALL CLASSES,00000000,NEVADA,9000,CROPS,ALL PRODUCTION PRACTICES,,2012-01-01 00:00:00.000,,00,,32,,3,00,UNITED STATES,,,32,NV,89040,YEAR,ANNUAL,,ALL UTILIZATION PRACTICES,SALES,,2007,OPERATIONS
CROP TOTALS,"SALES: (LESS THAN 50,000 $)",CROP TOTALS,,SALES,CROP TOTALS - OPERATIONS WITH SALES,CENSUS,89041,,ZIP CODE,ALL CLASSES,00000000,NEVADA,9000,CROPS,ALL PRODUCTION PRACTICES,,2018-02-01 12:00:00.000,,00,,32,,3,00,UNITED STATES,,,32,NV,89041,YEAR,ANNUAL,,ALL UTILIZATION PRACTICES,SALES,,2017,OPERATIONS
CROP TOTALS,"SALES: (LESS THAN 50,000 $)",CROP TOTALS,,SALES,CROP TOTALS - OPERATIONS WITH SALES,CENSUS,89041,,ZIP CODE,ALL CLASSES,00000000,NEVADA,9000,CROPS,ALL PRODUCTION PRACTICES,,2012-01-01 00:00:00.000,,00,,32,,3,00,UNITED STATES,,,32,NV,89041,YEAR,ANNUAL,,ALL UTILIZATION PRACTICES,SALES,,2007,OPERATIONS
CROP TOTALS,"SALES: (LESS THAN 50,000 $)",CROP TOTALS,,SALES,CROP TOTALS - OPERATIONS WITH SALES,CENSUS,89042,,ZIP CODE,ALL CLASSES,00000000,NEVADA,9000,CROPS,ALL PRODUCTION PRACTICES,,2024-11-07 12:00:00.000,,00,,32,,3,00,UNITED STATES,,,32,NV,89042,YEAR,ANNUAL,,ALL UTILIZATION PRACTICES,SALES,,2022,OPERATIONS
CROP TOTALS,"SALES: (LESS THAN 50,000 $)",CROP TOTALS,,SALES,CROP TOTALS - OPERATIONS WITH SALES,CENSUS,89042,,ZIP CODE,ALL CLASSES,00000000,NEVADA,9000,CROPS,ALL PRODUCTION PRACTICES,,2018-02-01 12:00:00.000,,00,,32,,2,00,UNITED STATES,,,32,NV,89042,YEAR,ANNUAL,,ALL UTILIZATION PRACTICES,SALES,,2017,OPERATIONS
CROP TOTALS,"SALES: (LESS THAN 50,000 $)",CROP TOTALS,,SALES,CROP TOTALS - OPERATIONS WITH SALES,CENSUS,89042,,ZIP CODE,ALL CLASSES,00000000,NEVADA,9000,CROPS,ALL PRODUCTION PRACTICES,,2012-01-01 00:00:00.000,,00,,32,,6,00,UNITED STATES,,,32,NV,89042,YEAR,ANNUAL,,ALL UTILIZATION PRACTICES,SALES,,2007,OPERATIONS
CROP TOTALS,"SALES: (LESS THAN 50,000 $)",CROP TOTALS,,SALES,CROP TOTALS - OPERATIONS WITH SALES,CENSUS,89043,,ZIP CODE,ALL CLASSES,00000000,NEVADA,9000,CROPS,ALL PRODUCTION PRACTICES,,2018-02-01 12:00:00.000,,00,,32,,1,00,UNITED STATES,,,32,NV,89043,YEAR,ANNUAL,,ALL UTILIZATION PRACTICES,SALES,,2017,OPERATIONS
CROP TOTALS,"SALES: (LESS THAN 50,000 $)",CROP TOTALS,,SALES,CROP TOTALS - OPERATIONS WITH SALES,CENSUS,89043,,ZIP CODE,ALL CLASSES,00000000,NEVADA,9000,CROPS,ALL PRODUCTION PRACTICES,,2012-01-01 00:00:00.000,,00,,32,,4,00,UNITED STATES,,,32,NV,89043,YEAR,ANNUAL,,ALL UTILIZATION PRACTICES,SALES,,2007,OPERATIONS
CROP TOTALS,"SALES: (LESS THAN 50,000 $)",CROP TOTALS,,SALES,CROP TOTALS - OPERATIONS WITH SALES,CENSUS,89045,,ZIP CODE,ALL CLASSES,00000000,NEVADA,9000,CROPS,ALL PRODUCTION PRACTICES,,2024-11-07 12:00:00.000,,00,,32,,2,00,UNITED STATES,,,32,NV,89045,YEAR,ANNUAL,,ALL UTILIZATION PRACTICES,SALES,,2022,OPERATIONS
CROP TOTALS,"SALES: (LESS THAN 50,000 $)",CROP TOTALS,,SALES,CROP TOTALS - OPERATIONS WITH SALES,CENSUS,89045,,ZIP CODE,ALL CLASSES,00000000,NEVADA,9000,CROPS,ALL PRODUCTION PRACTICES,,2018-02-01 12:00:00.000,,00,,32,,15,00,UNITED STATES,,,32,NV,89045,YEAR,ANNUAL,,ALL UTILIZATION PRACTICES,SALES,,2017,OPERATIONS
CROP TOTALS,"SALES: (LESS THAN 50,000 $)",CROP TOTALS,,SALES,CROP TOTALS - OPERATIONS WITH SALES,CENSUS,89045,,ZIP CODE,ALL CLASSES,00000000,NEVADA,9000,CROPS,ALL PRODUCTION PRACTICES,,2012-01-01 00:00:00.000,,00,,32,,3,00,UNITED STATES,,,32,NV,89045,YEAR,ANNUAL,,ALL UTILIZATION PRACTICES,SALES,,2007,OPERATIONS
CROP TOTALS,"SALES: (LESS THAN 50,000 $)",CROP TOTALS,,SALES,CROP TOTALS - OPERATIONS WITH SALES,CENSUS,89048,,ZIP CODE,ALL CLASSES,00000000,NEVADA,9000,CROPS,ALL PRODUCTION PRACTICES,,2024-11-07 12:00:00.000,,00,,32,,7,00,UNITED STATES,,,32,NV,89048,YEAR,ANNUAL,,ALL UTILIZATION PRACTICES,SALES,,2022,OPERATIONS
CROP TOTALS,"SALES: (LESS THAN 50,000 $)",CROP TOTALS,,SALES,CROP TOTALS - OPERATIONS WITH SALES,CENSUS,89048,,ZIP CODE,ALL CLASSES,00000000,NEVADA,9000,CROPS,ALL PRODUCTION PRACTICES,,2018-02-01 12:00:00.000,,00,,32,,9,00,UNITED STATES,,,32,NV,89048,YEAR,ANNUAL,,ALL UTILIZATION PRACTICES,SALES,,2017,OPERATIONS
CROP TOTALS,"SALES: (LESS THAN 50,000 $)",CROP TOTALS,,SALES,CROP TOTALS - OPERATIONS WITH SALES,CENSUS,89048,,ZIP CODE,ALL CLASSES,00000000,NEVADA,9000,CROPS,ALL PRODUCTION PRACTICES,,2012-01-01 00:00:00.000,,00,,32,,8,00,UNITED STATES,,,32,NV,89048,YEAR,ANNUAL,,ALL UTILIZATION PRACTICES,SALES,,2007,OPERATIONS
CROP TOTALS,"SALES: (LESS THAN 50,000 $)",CROP TOTALS,,SALES,CROP TOTALS - OPERATIONS WITH SALES,CENSUS,89049,,ZIP CODE,ALL CLASSES,00000000,NEVADA,9000,CROPS,ALL PRODUCTION PRACTICES,,2018-02-01 12:00:00.000,,00,,32,,1,00,UNITED STATES,,,32,NV,89049,YEAR,ANNUAL,,ALL UTILIZATION PRACTICES,SALES,,2017,OPERATIONS
CROP TOTALS,"SALES: (LESS THAN 50,000 $)",CROP TOTALS,,SALES,CROP TOTALS - OPERATIONS WITH SALES,CENSUS,89049,,ZIP CODE,ALL CLASSES,00000000,NEVADA,9000,CROPS,ALL PRODUCTION PRACTICES,,2012-01-01 00:00:00.000,,00,,32,,1,00,UNITED STATES,,,32,NV,89049,YEAR,ANNUAL,,ALL UTILIZATION PRACTICES,SALES,,2007,OPERATIONS
CROP TOTALS,"SALES: (LESS THAN 50,000 $)",CROP TOTALS,,SALES,CROP TOTALS - OPERATIONS WITH SALES,CENSUS,89052,,ZIP CODE,ALL CLASSES,00000000,NEVADA,9000,CROPS,ALL PRODUCTION PRACTICES,,2018-02-01 12:00:00.000,,00,,32,,3,00,UNITED STATES,,,32,NV,89052,YEAR,ANNUAL,,ALL UTILIZATION PRACTICES,SALES,,2017,OPERATIONS
CROP TOTALS,"SALES: (LESS THAN 50,000 $)",CROP TOTALS,,SALES,CROP TOTALS - OPERATIONS WITH SALES,CENSUS,89052,,ZIP CODE,ALL CLASSES,00000000,NEVADA,9000,CROPS,ALL PRODUCTION PRACTICES,,2012-01-01 00:00:00.000,,00,,32,,2,00,UNITED STATES,,,32,NV,89052,YEAR,ANNUAL,,ALL UTILIZATION PRACTICES,SALES,,2007,OPERATIONS
CROP TOTALS,"SALES: (LESS THAN 50,000 $)",CROP TOTALS,,SALES,CROP TOTALS - OPERATIONS WITH SALES,CENSUS,89060,,ZIP CODE,ALL CLASSES,00000000,NEVADA,9000,CROPS,ALL PRODUCTION PRACTICES,,2024-11-07 12:00:00.000,,00,,32,,4,00,UNITED STATES,,,32,NV,89060,YEAR,ANNUAL,,ALL UTILIZATION PRACTICES,SALES,,2022,OPERATIONS
CROP TOTALS,"SALES: (LESS THAN 50,000 $)",CROP TOTALS,,SALES,CROP TOTALS - OPERATIONS WITH SALES,CENSUS,89060,,ZIP CODE,ALL CLASSES,00000000,NEVADA,9000,CROPS,ALL PRODUCTION PRACTICES,,2018-02-01 12:00:00.000,,00,,32,,7,00,UNITED STATES,,,32,NV,89060,YEAR,ANNUAL,,ALL UTILIZATION PRACTICES,SALES,,2017,OPERATIONS
CROP TOTALS,"SALES: (LESS THAN 50,000 $)",CROP TOTALS,,SALES,CROP TOTALS - OPERATIONS WITH SALES,CENSUS,89060,,ZIP CODE,ALL CLASSES,00000000,NEVADA,9000,CROPS,ALL PRODUCTION PRACTICES,,2012-01-01 00:00:00.000,,00,,32,,1,00,UNITED STATES,,,32,NV,89060,YEAR,ANNUAL,,ALL UTILIZATION PRACTICES,SALES,,2007,OPERATIONS
CROP TOTALS,"SALES: (LESS THAN 50,000 $)",CROP TOTALS,,SALES,CROP TOTALS - OPERATIONS WITH SALES,CENSUS,89061,,ZIP CODE,ALL CLASSES,00000000,NEVADA,9000,CROPS,ALL PRODUCTION PRACTICES,,2024-11-07 12:00:00.000,,00,,32,,1,00,UNITED STATES,,,32,NV,89061,YEAR,ANNUAL,,ALL UTILIZATION PRACTICES,SALES,,2022,OPERATIONS
CROP TOTALS,"SALES: (LESS THAN 50,000 $)",CROP TOTALS,,SALES,CROP TOTALS - OPERATIONS WITH SALES,CENSUS,89061,,ZIP CODE,ALL CLASSES,00000000,NEVADA,9000,CROPS,ALL PRODUCTION PRACTICES,,2018-02-01 12:00:00.000,,00,,32,,2,00,UNITED STATES,,,32,NV,89061,YEAR,ANNUAL,,ALL UTILIZATION PRACTICES,SALES,,2017,OPERATIONS
CROP TOTALS,"SALES: (LESS THAN 50,000 $)",CROP TOTALS,,SALES,CROP TOTALS - OPERATIONS WITH SALES,CENSUS,89061,,ZIP CODE,ALL CLASSES,00000000,NEVADA,9000,CROPS,ALL PRODUCTION PRACTICES,,2012-01-01 00:00:00.000,,00,,32,,2,00,UNITED STATES,,,32,NV,89061,YEAR,ANNUAL,,ALL UTILIZATION PRACTICES,SALES,,2007,OPERATIONS
CROP TOTALS,"SALES: (LESS THAN 50,000 $)",CROP TOTALS,,SALES,CROP TOTALS - OPERATIONS WITH SALES,CENSUS,89084,,ZIP CODE,ALL CLASSES,00000000,NEVADA,9000,CROPS,ALL PRODUCTION PRACTICES,,2024-11-07 12:00:00.000,,00,,32,,2,00,UNITED STATES,,,32,NV,89084,YEAR,ANNUAL,,ALL UTILIZATION PRACTICES,SALES,,2022,OPERATIONS
CROP TOTALS,"SALES: (LESS THAN 50,000 $)",CROP TOTALS,,SALES,CROP TOTALS - OPERATIONS WITH SALES,CENSUS,89101,,ZIP CODE,ALL CLASSES,00000000,NEVADA,9000,CROPS,ALL PRODUCTION PRACTICES,,2024-11-07 12:00:00.000,,00,,32,,3,00,UNITED STATES,,,32,NV,89101,YEAR,ANNUAL,,ALL UTILIZATION PRACTICES,SALES,,2022,OPERATIONS
CROP TOTALS,"SALES: (LESS THAN 50,000 $)",CROP TOTALS,,SALES,CROP TOTALS - OPERATIONS WITH SALES,CENSUS,89102,,ZIP CODE,ALL CLASSES,00000000,NEVADA,9000,CROPS,ALL PRODUCTION PRACTICES,,2012-01-01 00:00:00.000,,00,,32,,1,00,UNITED STATES,,,32,NV,89102,YEAR,ANNUAL,,ALL UTILIZATION PRACTICES,SALES,,2007,OPERATIONS
CROP TOTALS,"SALES: (LESS THAN 50,000 $)",CROP TOTALS,,SALES,CROP TOTALS - OPERATIONS WITH SALES,CENSUS,89105,,ZIP CODE,ALL CLASSES,00000000,NEVADA,9000,CROPS,ALL PRODUCTION PRACTICES,,2024-11-07 12:00:00.000,,00,,32,,2,00,UNITED STATES,,,32,NV,89105,YEAR,ANNUAL,,ALL UTILIZATION PRACTICES,SALES,,2022,OPERATIONS
CROP TOTALS,"SALES: (LESS THAN 50,000 $)",CROP TOTALS,,SALES,CROP TOTALS - OPERATIONS WITH SALES,CENSUS,89107,,ZIP CODE,ALL CLASSES,00000000,NEVADA,9000,CROPS,ALL PRODUCTION PRACTICES,,2024-11-07 12:00:00.000,,00,,32,,2,00,UNITED STATES,,,32,NV,89107,YEAR,ANNUAL,,ALL UTILIZATION PRACTICES,SALES,,2022,OPERATIONS
CROP TOTALS,"SALES: (LESS THAN 50,000 $)",CROP TOTALS,,SALES,CROP TOTALS - OPERATIONS WITH SALES,CENSUS,89107,,ZIP CODE,ALL CLASSES,00000000,NEVADA,9000,CROPS,ALL PRODUCTION PRACTICES,,2018-02-01 12:00:00.000,,00,,32,,2,00,UNITED STATES,,,32,NV,89107,YEAR,ANNUAL,,ALL UTILIZATION PRACTICES,SALES,,2017,OPERATIONS
CROP TOTALS,"SALES: (LESS THAN 50,000 $)",CROP TOTALS,,SALES,CROP TOTALS - OPERATIONS WITH SALES,CENSUS,89107,,ZIP CODE,ALL CLASSES,00000000,NEVADA,9000,CROPS,ALL PRODUCTION PRACTICES,,2012-01-01 00:00:00.000,,00,,32,,1,00,UNITED STATES,,,32,NV,89107,YEAR,ANNUAL,,ALL UTILIZATION PRACTICES,SALES,,2007,OPERATIONS
CROP TOTALS,"SALES: (LESS THAN 50,000 $)",CROP TOTALS,,SALES,CROP TOTALS - OPERATIONS WITH SALES,CENSUS,89113,,ZIP CODE,ALL CLASSES,00000000,NEVADA,9000,CROPS,ALL PRODUCTION PRACTICES,,2024-11-07 12:00:00.000,,00,,32,,5,00,UNITED STATES,,,32,NV,89113,YEAR,ANNUAL,,ALL UTILIZATION PRACTICES,SALES,,2022,OPERATIONS
CROP TOTALS,"SALES: (LESS THAN 50,000 $)",CROP TOTALS,,SALES,CROP TOTALS - OPERATIONS WITH SALES,CENSUS,89113,,ZIP CODE,ALL CLASSES,00000000,NEVADA,9000,CROPS,ALL PRODUCTION PRACTICES,,2018-02-01 12:00:00.000,,00,,32,,3,00,UNITED STATES,,,32,NV,89113,YEAR,ANNUAL,,ALL UTILIZATION PRACTICES,SALES,,2017,OPERATIONS
CROP TOTALS,"SALES: (LESS THAN 50,000 $)",CROP TOTALS,,SALES,CROP TOTALS - OPERATIONS WITH SALES,CENSUS,89115,,ZIP CODE,ALL CLASSES,00000000,NEVADA,9000,CROPS,ALL PRODUCTION PRACTICES,,2018-02-01 12:00:00.000,,00,,32,,1,00,UNITED STATES,,,32,NV,89115,YEAR,ANNUAL,,ALL UTILIZATION PRACTICES,SALES,,2017,OPERATIONS
CROP TOTALS,"SALES: (LESS THAN 50,000 $)",CROP TOTALS,,SALES,CROP TOTALS - OPERATIONS WITH SALES,CENSUS,89117,,ZIP CODE,ALL CLASSES,00000000,NEVADA,9000,CROPS,ALL PRODUCTION PRACTICES,,2024-11-07 12:00:00.000,,00,,32,,4,00,UNITED STATES,,,32,NV,89117,YEAR,ANNUAL,,ALL UTILIZATION PRACTICES,SALES,,2022,OPERATIONS
CROP TOTALS,"SALES: (LESS THAN 50,000 $)",CROP TOTALS,,SALES,CROP TOTALS - OPERATIONS WITH SALES,CENSUS,89117,,ZIP CODE,ALL CLASSES,00000000,NEVADA,9000,CROPS,ALL PRODUCTION PRACTICES,,2012-01-01 00:00:00.000,,00,,32,,1,00,UNITED STATES,,,32,NV,89117,YEAR,ANNUAL,,ALL UTILIZATION PRACTICES,SALES,,2007,OPERATIONS
CROP TOTALS,"SALES: (LESS THAN 50,000 $)",CROP TOTALS,,SALES,CROP TOTALS - OPERATIONS WITH SALES,CENSUS,89119,,ZIP CODE,ALL CLASSES,00000000,NEVADA,9000,CROPS,ALL PRODUCTION PRACTICES,,2024-11-07 12:00:00.000,,00,,32,,2,00,UNITED STATES,,,32,NV,89119,YEAR,ANNUAL,,ALL UTILIZATION PRACTICES,SALES,,2022,OPERATIONS
CROP TOTALS,"SALES: (LESS THAN 50,000 $)",CROP TOTALS,,SALES,CROP TOTALS - OPERATIONS WITH SALES,CENSUS,89119,,ZIP CODE,ALL CLASSES,00000000,NEVADA,9000,CROPS,ALL PRODUCTION PRACTICES,,2018-02-01 12:00:00.000,,00,,32,,1,00,UNITED STATES,,,32,NV,89119,YEAR,ANNUAL,,ALL UTILIZATION PRACTICES,SALES,,2017,OPERATIONS
CROP TOTALS,"SALES: (LESS THAN 50,000 $)",CROP TOTALS,,SALES,CROP TOTALS - OPERATIONS WITH SALES,CENSUS,89119,,ZIP CODE,ALL CLASSES,00000000,NEVADA,9000,CROPS,ALL PRODUCTION PRACTICES,,2012-01-01 00:00:00.000,,00,,32,,1,00,UNITED STATES,,,32,NV,89119,YEAR,ANNUAL,,ALL UTILIZATION PRACTICES,SALES,,2007,OPERATIONS
CROP TOTALS,"SALES: (LESS THAN 50,000 $)",CROP TOTALS,,SALES,CROP TOTALS - OPERATIONS WITH SALES,CENSUS,89123,,ZIP CODE,ALL CLASSES,00000000,NEVADA,9000,CROPS,ALL PRODUCTION PRACTICES,,2024-11-07 12:00:00.000,,00,,32,,8,00,UNITED STATES,,,32,NV,89123,YEAR,ANNUAL,,ALL UTILIZATION PRACTICES,SALES,,2022,OPERATIONS
CROP TOTALS,"SALES: (LESS THAN 50,000 $)",CROP TOTALS,,SALES,CROP TOTALS - OPERATIONS WITH SALES,CENSUS,89129,,ZIP CODE,ALL CLASSES,00000000,NEVADA,9000,CROPS,ALL PRODUCTION PRACTICES,,2024-11-07 12:00:00.000,,00,,32,,3,00,UNITED STATES,,,32,NV,89129,YEAR,ANNUAL,,ALL UTILIZATION PRACTICES,SALES,,2022,OPERATIONS
CROP TOTALS,"SALES: (LESS THAN 50,000 $)",CROP TOTALS,,SALES,CROP TOTALS - OPERATIONS WITH SALES,CENSUS,89129,,ZIP CODE,ALL CLASSES,00000000,NEVADA,9000,CROPS,ALL PRODUCTION PRACTICES,,2012-01-01 00:00:00.000,,00,,32,,1,00,UNITED STATES,,,32,NV,89129,YEAR,ANNUAL,,ALL UTILIZATION PRACTICES,SALES,,2007,OPERATIONS
CROP TOTALS,"SALES: (LESS THAN 50,000 $)",CROP TOTALS,,SALES,CROP TOTALS - OPERATIONS WITH SALES,CENSUS,89130,,ZIP CODE,ALL CLASSES,00000000,NEVADA,9000,CROPS,ALL PRODUCTION PRACTICES,,2024-11-07 12:00:00.000,,00,,32,,3,00,UNITED STATES,,,32,NV,89130,YEAR,ANNUAL,,ALL UTILIZATION PRACTICES,SALES,,2022,OPERATIONS
CROP TOTALS,"SALES: (LESS THAN 50,000 $)",CROP TOTALS,,SALES,CROP TOTALS - OPERATIONS WITH SALES,CENSUS,89130,,ZIP CODE,ALL CLASSES,00000000,NEVADA,9000,CROPS,ALL PRODUCTION PRACTICES,,2012-01-01 00:00:00.000,,00,,32,,1,00,UNITED STATES,,,32,NV,89130,YEAR,ANNUAL,,ALL UTILIZATION PRACTICES,SALES,,2007,OPERATIONS
CROP TOTALS,"SALES: (LESS THAN 50,000 $)",CROP TOTALS,,SALES,CROP TOTALS - OPERATIONS WITH SALES,CENSUS,89131,,ZIP CODE,ALL CLASSES,00000000,NEVADA,9000,CROPS,ALL PRODUCTION PRACTICES,,2018-02-01 12:00:00.000,,00,,32,,3,00,UNITED STATES,,,32,NV,89131,YEAR,ANNUAL,,ALL UTILIZATION PRACTICES,SALES,,2017,OPERATIONS
CROP TOTALS,"SALES: (LESS THAN 50,000 $)",CROP TOTALS,,SALES,CROP TOTALS - OPERATIONS WITH SALES,CENSUS,89131,,ZIP CODE,ALL CLASSES,00000000,NEVADA,9000,CROPS,ALL PRODUCTION PRACTICES,,2012-01-01 00:00:00.000,,00,,32,,2,00,UNITED STATES,,,32,NV,89131,YEAR,ANNUAL,,ALL UTILIZATION PRACTICES,SALES,,2007,OPERATIONS
CROP TOTALS,"SALES: (LESS THAN 50,000 $)",CROP TOTALS,,SALES,CROP TOTALS - OPERATIONS WITH SALES,CENSUS,89134,,ZIP CODE,ALL CLASSES,00000000,NEVADA,9000,CROPS,ALL PRODUCTION PRACTICES,,2024-11-07 12:00:00.000,,00,,32,,3,00,UNITED STATES,,,32,NV,89134,YEAR,ANNUAL,,ALL UTILIZATION PRACTICES,SALES,,2022,OPERATIONS
CROP TOTALS,"SALES: (LESS THAN 50,000 $)",CROP TOTALS,,SALES,CROP TOTALS - OPERATIONS WITH SALES,CENSUS,89141,,ZIP CODE,ALL CLASSES,00000000,NEVADA,9000,CROPS,ALL PRODUCTION PRACTICES,,2012-01-01 00:00:00.000,,00,,32,,1,00,UNITED STATES,,,32,NV,89141,YEAR,ANNUAL,,ALL UTILIZATION PRACTICES,SALES,,2007,OPERATIONS
CROP TOTALS,"SALES: (LESS THAN 50,000 $)",CROP TOTALS,,SALES,CROP TOTALS - OPERATIONS WITH SALES,CENSUS,89144,,ZIP CODE,ALL CLASSES,00000000,NEVADA,9000,CROPS,ALL PRODUCTION PRACTICES,,2024-11-07 12:00:00.000,,00,,32,,3,00,UNITED STATES,,,32,NV,89144,YEAR,ANNUAL,,ALL UTILIZATION PRACTICES,SALES,,2022,OPERATIONS
CROP TOTALS,"SALES: (LESS THAN 50,000 $)",CROP TOTALS,,SALES,CROP TOTALS - OPERATIONS WITH SALES,CENSUS,89146,,ZIP CODE,ALL CLASSES,00000000,NEVADA,9000,CROPS,ALL PRODUCTION PRACTICES,,2024-11-07 12:00:00.000,,00,,32,,1,00,UNITED STATES,,,32,NV,89146,YEAR,ANNUAL,,ALL UTILIZATION PRACTICES,SALES,,2022,OPERATIONS
CROP TOTALS,"SALES: (LESS THAN 50,000 $)",CROP TOTALS,,SALES,CROP TOTALS - OPERATIONS WITH SALES,CENSUS,89147,,ZIP CODE,ALL CLASSES,00000000,NEVADA,9000,CROPS,ALL PRODUCTION PRACTICES,,2012-01-01 00:00:00.000,,00,,32,,1,00,UNITED STATES,,,32,NV,89147,YEAR,ANNUAL,,ALL UTILIZATION PRACTICES,SALES,,2007,OPERATIONS
CROP TOTALS,"SALES: (LESS THAN 50,000 $)",CROP TOTALS,,SALES,CROP TOTALS - OPERATIONS WITH SALES,CENSUS,89149,,ZIP CODE,ALL CLASSES,00000000,NEVADA,9000,CROPS,ALL PRODUCTION PRACTICES,,2012-01-01 00:00:00.000,,00,,32,,1,00,UNITED STATES,,,32,NV,89149,YEAR,ANNUAL,,ALL UTILIZATION PRACTICES,SALES,,2007,OPERATIONS
CROP TOTALS,"SALES: (LESS THAN 50,000 $)",CROP TOTALS,,SALES,CROP TOTALS - OPERATIONS WITH SALES,CENSUS,89301,,ZIP CODE,ALL CLASSES,00000000,NEVADA,9000,CROPS,ALL PRODUCTION PRACTICES,,2024-11-07 12:00:00.000,,00,,32,,4,00,UNITED STATES,,,32,NV,89301,YEAR,ANNUAL,,ALL UTILIZATION PRACTICES,SALES,,2022,OPERATIONS
CROP TOTALS,"SALES: (LESS THAN 50,000 $)",CROP TOTALS,,SALES,CROP TOTALS - OPERATIONS WITH SALES,CENSUS,89301,,ZIP CODE,ALL CLASSES,00000000,NEVADA,9000,CROPS,ALL PRODUCTION PRACTICES,,2018-02-01 12:00:00.000,,00,,32,,18,00,UNITED STATES,,,32,NV,89301,YEAR,ANNUAL,,ALL UTILIZATION PRACTICES,SALES,,2017,OPERATIONS
CROP TOTALS,"SALES: (LESS THAN 50,000 $)",CROP TOTALS,,SALES,CROP TOTALS - OPERATIONS WITH SALES,CENSUS,89301,,ZIP CODE,ALL CLASSES,00000000,NEVADA,9000,CROPS,ALL PRODUCTION PRACTICES,,2012-01-01 00:00:00.000,,00,,32,,11,00,UNITED STATES,,,32,NV,89301,YEAR,ANNUAL,,ALL UTILIZATION PRACTICES,SALES,,2007,OPERATIONS
CROP TOTALS,"SALES: (LESS THAN 50,000 $)",CROP TOTALS,,SALES,CROP TOTALS - OPERATIONS WITH SALES,CENSUS,89310,,ZIP CODE,ALL CLASSES,00000000,NEVADA,9000,CROPS,ALL PRODUCTION PRACTICES,,2024-11-07 12:00:00.000,,00,,32,,3,00,UNITED STATES,,,32,NV,89310,YEAR,ANNUAL,,ALL UTILIZATION PRACTICES,SALES,,2022,OPERATIONS
CROP TOTALS,"SALES: (LESS THAN 50,000 $)",CROP TOTALS,,SALES,CROP TOTALS - OPERATIONS WITH SALES,CENSUS,89310,,ZIP CODE,ALL CLASSES,00000000,NEVADA,9000,CROPS,ALL PRODUCTION PRACTICES,,2018-02-01 12:00:00.000,,00,,32,,5,00,UNITED STATES,,,32,NV,89310,YEAR,ANNUAL,,ALL UTILIZATION PRACTICES,SALES,,2017,OPERATIONS
CROP TOTALS,"SALES: (LESS THAN 50,000 $)",CROP TOTALS,,SALES,CROP TOTALS - OPERATIONS WITH SALES,CENSUS,89310,,ZIP CODE,ALL CLASSES,00000000,NEVADA,9000,CROPS,ALL PRODUCTION PRACTICES,,2012-01-01 00:00:00.000,,00,,32,,4,00,UNITED STATES,,,32,NV,89310,YEAR,ANNUAL,,ALL UTILIZATION PRACTICES,SALES,,2007,OPERATIONS
CROP TOTALS,"SALES: (LESS THAN 50,000 $)",CROP TOTALS,,SALES,CROP TOTALS - OPERATIONS WITH SALES,CENSUS,89311,,ZIP CODE,ALL CLASSES,00000000,NEVADA,9000,CROPS,ALL PRODUCTION PRACTICES,,2018-02-01 12:00:00.000,,00,,32,,2,00,UNITED STATES,,,32,NV,89311,YEAR,ANNUAL,,ALL UTILIZATION PRACTICES,SALES,,2017,OPERATIONS
CROP TOTALS,"SALES: (LESS THAN 50,000 $)",CROP TOTALS,,SALES,CROP TOTALS - OPERATIONS WITH SALES,CENSUS,89314,,ZIP CODE,ALL CLASSES,00000000,NEVADA,9000,CROPS,ALL PRODUCTION PRACTICES,,2024-11-07 12:00:00.000,,00,,32,,8,00,UNITED STATES,,,32,NV,89314,YEAR,ANNUAL,,ALL UTILIZATION PRACTICES,SALES,,2022,OPERATIONS
CROP TOTALS,"SALES: (LESS THAN 50,000 $)",CROP TOTALS,,SALES,CROP TOTALS - OPERATIONS WITH SALES,CENSUS,89314,,ZIP CODE,ALL CLASSES,00000000,NEVADA,9000,CROPS,ALL PRODUCTION PRACTICES,,2018-02-01 12:00:00.000,,00,,32,,4,00,UNITED STATES,,,32,NV,89314,YEAR,ANNUAL,,ALL UTILIZATION PRACTICES,SALES,,2017,OPERATIONS
CROP TOTALS,"SALES: (LESS THAN 50,000 $)",CROP TOTALS,,SALES,CROP TOTALS - OPERATIONS WITH SALES,CENSUS,89314,,ZIP CODE,ALL CLASSES,00000000,NEVADA,9000,CROPS,ALL PRODUCTION PRACTICES,,2012-01-01 00:00:00.000,,00,,32,,8,00,UNITED STATES,,,32,NV,89314,YEAR,ANNUAL,,ALL UTILIZATION PRACTICES,SALES,,2007,OPERATIONS
CROP TOTALS,"SALES: (LESS THAN 50,000 $)",CROP TOTALS,,SALES,CROP TOTALS - OPERATIONS WITH SALES,CENSUS,89315,,ZIP CODE,ALL CLASSES,00000000,NEVADA,9000,CROPS,ALL PRODUCTION PRACTICES,,2024-11-07 12:00:00.000,,00,,32,,4,00,UNITED STATES,,,32,NV,89315,YEAR,ANNUAL,,ALL UTILIZATION PRACTICES,SALES,,2022,OPERATIONS
CROP TOTALS,"SALES: (LESS THAN 50,000 $)",CROP TOTALS,,SALES,CROP TOTALS - OPERATIONS WITH SALES,CENSUS,89315,,ZIP CODE,ALL CLASSES,00000000,NEVADA,9000,CROPS,ALL PRODUCTION PRACTICES,,2018-02-01 12:00:00.000,,00,,32,,2,00,UNITED STATES,,,32,NV,89315,YEAR,ANNUAL,,ALL UTILIZATION PRACTICES,SALES,,2017,OPERATIONS
CROP TOTALS,"SALES: (LESS THAN 50,000 $)",CROP TOTALS,,SALES,CROP TOTALS - OPERATIONS WITH SALES,CENSUS,89315,,ZIP CODE,ALL CLASSES,00000000,NEVADA,9000,CROPS,ALL PRODUCTION PRACTICES,,2012-01-01 00:00:00.000,,00,,32,,3,00,UNITED STATES,,,32,NV,89315,YEAR,ANNUAL,,ALL UTILIZATION PRACTICES,SALES,,2007,OPERATIONS
CROP TOTALS,"SALES: (LESS THAN 50,000 $)",CROP TOTALS,,SALES,CROP TOTALS - OPERATIONS WITH SALES,CENSUS,89316,,ZIP CODE,ALL CLASSES,00000000,NEVADA,9000,CROPS,ALL PRODUCTION PRACTICES,,2024-11-07 12:00:00.000,,00,,32,,6,00,UNITED STATES,,,32,NV,89316,YEAR,ANNUAL,,ALL UTILIZATION PRACTICES,SALES,,2022,OPERATIONS
CROP TOTALS,"SALES: (LESS THAN 50,000 $)",CROP TOTALS,,SALES,CROP TOTALS - OPERATIONS WITH SALES,CENSUS,89316,,ZIP CODE,ALL CLASSES,00000000,NEVADA,9000,CROPS,ALL PRODUCTION PRACTICES,,2018-02-01 12:00:00.000,,00,,32,,6,00,UNITED STATES,,,32,NV,89316,YEAR,ANNUAL,,ALL UTILIZATION PRACTICES,SALES,,2017,OPERATIONS
CROP TOTALS,"SALES: (LESS THAN 50,000 $)",CROP TOTALS,,SALES,CROP TOTALS - OPERATIONS WITH SALES,CENSUS,89316,,ZIP CODE,ALL CLASSES,00000000,NEVADA,9000,CROPS,ALL PRODUCTION PRACTICES,,2012-01-01 00:00:00.000,,00,,32,,3,00,UNITED STATES,,,32,NV,89316,YEAR,ANNUAL,,ALL UTILIZATION PRACTICES,SALES,,2007,OPERATIONS
CROP TOTALS,"SALES: (LESS THAN 50,000 $)",CROP TOTALS,,SALES,CROP TOTALS - OPERATIONS WITH SALES,CENSUS,89317,,ZIP CODE,ALL CLASSES,00000000,NEVADA,9000,CROPS,ALL PRODUCTION PRACTICES,,2024-11-07 12:00:00.000,,00,,32,,8,00,UNITED STATES,,,32,NV,89317,YEAR,ANNUAL,,ALL UTILIZATION PRACTICES,SALES,,2022,OPERATIONS
CROP TOTALS,"SALES: (LESS THAN 50,000 $)",CROP TOTALS,,SALES,CROP TOTALS - OPERATIONS WITH SALES,CENSUS,89317,,ZIP CODE,ALL CLASSES,00000000,NEVADA,9000,CROPS,ALL PRODUCTION PRACTICES,,2018-02-01 12:00:00.000,,00,,32,,6,00,UNITED STATES,,,32,NV,89317,YEAR,ANNUAL,,ALL UTILIZATION PRACTICES,SALES,,2017,OPERATIONS
CROP TOTALS,"SALES: (LESS THAN 50,000 $)",CROP TOTALS,,SALES,CROP TOTALS - OPERATIONS WITH SALES,CENSUS,89317,,ZIP CODE,ALL CLASSES,00000000,NEVADA,9000,CROPS,ALL PRODUCTION PRACTICES,,2012-01-01 00:00:00.000,,00,,32,,7,00,UNITED STATES,,,32,NV,89317,YEAR,ANNUAL,,ALL UTILIZATION PRACTICES,SALES,,2007,OPERATIONS
CROP TOTALS,"SALES: (LESS THAN 50,000 $)",CROP TOTALS,,SALES,CROP TOTALS - OPERATIONS WITH SALES,CENSUS,89318,,ZIP CODE,ALL CLASSES,00000000,NEVADA,9000,CROPS,ALL PRODUCTION PRACTICES,,2024-11-07 12:00:00.000,,00,,32,,4,00,UNITED STATES,,,32,NV,89318,YEAR,ANNUAL,,ALL UTILIZATION PRACTICES,SALES,,2022,OPERATIONS
CROP TOTALS,"SALES: (LESS THAN 50,000 $)",CROP TOTALS,,SALES,CROP TOTALS - OPERATIONS WITH SALES,CENSUS,89318,,ZIP CODE,ALL CLASSES,00000000,NEVADA,9000,CROPS,ALL PRODUCTION PRACTICES,,2018-02-01 12:00:00.000,,00,,32,,4,00,UNITED STATES,,,32,NV,89318,YEAR,ANNUAL,,ALL UTILIZATION PRACTICES,SALES,,2017,OPERATIONS
CROP TOTALS,"SALES: (LESS THAN 50,000 $)",CROP TOTALS,,SALES,CROP TOTALS - OPERATIONS WITH SALES,CENSUS,89403,,ZIP CODE,ALL CLASSES,00000000,NEVADA,9000,CROPS,ALL PRODUCTION PRACTICES,,2024-11-07 12:00:00.000,,00,,32,,4,00,UNITED STATES,,,32,NV,89403,YEAR,ANNUAL,,ALL UTILIZATION PRACTICES,SALES,,2022,OPERATIONS
CROP TOTALS,"SALES: (LESS THAN 50,000 $)",CROP TOTALS,,SALES,CROP TOTALS - OPERATIONS WITH SALES,CENSUS,89403,,ZIP CODE,ALL CLASSES,00000000,NEVADA,9000,CROPS,ALL PRODUCTION PRACTICES,,2018-02-01 12:00:00.000,,00,,32,,7,00,UNITED STATES,,,32,NV,89403,YEAR,ANNUAL,,ALL UTILIZATION PRACTICES,SALES,,2017,OPERATIONS
CROP TOTALS,"SALES: (LESS THAN 50,000 $)",CROP TOTALS,,SALES,CROP TOTALS - OPERATIONS WITH SALES,CENSUS,89403,,ZIP CODE,ALL CLASSES,00000000,NEVADA,9000,CROPS,ALL PRODUCTION PRACTICES,,2012-01-01 00:00:00.000,,00,,32,,6,00,UNITED STATES,,,32,NV,89403,YEAR,ANNUAL,,ALL UTILIZATION PRACTICES,SALES,,2007,OPERATIONS
CROP TOTALS,"SALES: (LESS THAN 50,000 $)",CROP TOTALS,,SALES,CROP TOTALS - OPERATIONS WITH SALES,CENSUS,89404,,ZIP CODE,ALL CLASSES,00000000,NEVADA,9000,CROPS,ALL PRODUCTION PRACTICES,,2024-11-07 12:00:00.000,,00,,32,,1,00,UNITED STATES,,,32,NV,89404,YEAR,ANNUAL,,ALL UTILIZATION PRACTICES,SALES,,2022,OPERATIONS
CROP TOTALS,"SALES: (LESS THAN 50,000 $)",CROP TOTALS,,SALES,CROP TOTALS - OPERATIONS WITH SALES,CENSUS,89404,,ZIP CODE,ALL CLASSES,00000000,NEVADA,9000,CROPS,ALL PRODUCTION PRACTICES,,2018-02-01 12:00:00.000,,00,,32,,1,00,UNITED STATES,,,32,NV,89404,YEAR,ANNUAL,,ALL UTILIZATION PRACTICES,SALES,,2017,OPERATIONS
CROP TOTALS,"SALES: (LESS THAN 50,000 $)",CROP TOTALS,,SALES,CROP TOTALS - OPERATIONS WITH SALES,CENSUS,89404,,ZIP CODE,ALL CLASSES,00000000,NEVADA,9000,CROPS,ALL PRODUCTION PRACTICES,,2012-01-01 00:00:00.000,,00,,32,,2,00,UNITED STATES,,,32,NV,89404,YEAR,ANNUAL,,ALL UTILIZATION PRACTICES,SALES,,2007,OPERATIONS
CROP TOTALS,"SALES: (LESS THAN 50,000 $)",CROP TOTALS,,SALES,CROP TOTALS - OPERATIONS WITH SALES,CENSUS,89406,,ZIP CODE,ALL CLASSES,00000000,NEVADA,9000,CROPS,ALL PRODUCTION PRACTICES,,2024-11-07 12:00:00.000,,00,,32,,159,00,UNITED STATES,,,32,NV,89406,YEAR,ANNUAL,,ALL UTILIZATION PRACTICES,SALES,,2022,OPERATIONS
CROP TOTALS,"SALES: (LESS THAN 50,000 $)",CROP TOTALS,,SALES,CROP TOTALS - OPERATIONS WITH SALES,CENSUS,89406,,ZIP CODE,ALL CLASSES,00000000,NEVADA,9000,CROPS,ALL PRODUCTION PRACTICES,,2018-02-01 12:00:00.000,,00,,32,,160,00,UNITED STATES,,,32,NV,89406,YEAR,ANNUAL,,ALL UTILIZATION PRACTICES,SALES,,2017,OPERATIONS
CROP TOTALS,"SALES: (LESS THAN 50,000 $)",CROP TOTALS,,SALES,CROP TOTALS - OPERATIONS WITH SALES,CENSUS,89406,,ZIP CODE,ALL CLASSES,00000000,NEVADA,9000,CROPS,ALL PRODUCTION PRACTICES,,2012-01-01 00:00:00.000,,00,,32,,170,00,UNITED STATES,,,32,NV,89406,YEAR,ANNUAL,,ALL UTILIZATION PRACTICES,SALES,,2007,OPERATIONS
CROP TOTALS,"SALES: (LESS THAN 50,000 $)",CROP TOTALS,,SALES,CROP TOTALS - OPERATIONS WITH SALES,CENSUS,89407,,ZIP CODE,ALL CLASSES,00000000,NEVADA,9000,CROPS,ALL PRODUCTION PRACTICES,,2024-11-07 12:00:00.000,,00,,32,,11,00,UNITED STATES,,,32,NV,89407,YEAR,ANNUAL,,ALL UTILIZATION PRACTICES,SALES,,2022,OPERATIONS
CROP TOTALS,"SALES: (LESS THAN 50,000 $)",CROP TOTALS,,SALES,CROP TOTALS - OPERATIONS WITH SALES,CENSUS,89407,,ZIP CODE,ALL CLASSES,00000000,NEVADA,9000,CROPS,ALL PRODUCTION PRACTICES,,2018-02-01 12:00:00.000,,00,,32,,17,00,UNITED STATES,,,32,NV,89407,YEAR,ANNUAL,,ALL UTILIZATION PRACTICES,SALES,,2017,OPERATIONS
CROP TOTALS,"SALES: (LESS THAN 50,000 $)",CROP TOTALS,,SALES,CROP TOTALS - OPERATIONS WITH SALES,CENSUS,89407,,ZIP CODE,ALL CLASSES,00000000,NEVADA,9000,CROPS,ALL PRODUCTION PRACTICES,,2012-01-01 00:00:00.000,,00,,32,,8,00,UNITED STATES,,,32,NV,89407,YEAR,ANNUAL,,ALL UTILIZATION PRACTICES,SALES,,2007,OPERATIONS
CROP TOTALS,"SALES: (LESS THAN 50,000 $)",CROP TOTALS,,SALES,CROP TOTALS - OPERATIONS WITH SALES,CENSUS,89408,,ZIP CODE,ALL CLASSES,00000000,NEVADA,9000,CROPS,ALL PRODUCTION PRACTICES,,2024-11-07 12:00:00.000,,00,,32,,24,00,UNITED STATES,,,32,NV,89408,YEAR,ANNUAL,,ALL UTILIZATION PRACTICES,SALES,,2022,OPERATIONS
CROP TOTALS,"SALES: (LESS THAN 50,000 $)",CROP TOTALS,,SALES,CROP TOTALS - OPERATIONS WITH SALES,CENSUS,89408,,ZIP CODE,ALL CLASSES,00000000,NEVADA,9000,CROPS,ALL PRODUCTION PRACTICES,,2018-02-01 12:00:00.000,,00,,32,,10,00,UNITED STATES,,,32,NV,89408,YEAR,ANNUAL,,ALL UTILIZATION PRACTICES,SALES,,2017,OPERATIONS
CROP TOTALS,"SALES: (LESS THAN 50,000 $)",CROP TOTALS,,SALES,CROP TOTALS - OPERATIONS WITH SALES,CENSUS,89408,,ZIP CODE,ALL CLASSES,00000000,NEVADA,9000,CROPS,ALL PRODUCTION PRACTICES,,2012-01-01 00:00:00.000,,00,,32,,17,00,UNITED STATES,,,32,NV,89408,YEAR,ANNUAL,,ALL UTILIZATION PRACTICES,SALES,,2007,OPERATIONS
CROP TOTALS,"SALES: (LESS THAN 50,000 $)",CROP TOTALS,,SALES,CROP TOTALS - OPERATIONS WITH SALES,CENSUS,89409,,ZIP CODE,ALL CLASSES,00000000,NEVADA,9000,CROPS,ALL PRODUCTION PRACTICES,,2024-11-07 12:00:00.000,,00,,32,,3,00,UNITED STATES,,,32,NV,89409,YEAR,ANNUAL,,ALL UTILIZATION PRACTICES,SALES,,2022,OPERATIONS
CROP TOTALS,"SALES: (LESS THAN 50,000 $)",CROP TOTALS,,SALES,CROP TOTALS - OPERATIONS WITH SALES,CENSUS,89409,,ZIP CODE,ALL CLASSES,00000000,NEVADA,9000,CROPS,ALL PRODUCTION PRACTICES,,2018-02-01 12:00:00.000,,00,,32,,5,00,UNITED STATES,,,32,NV,89409,YEAR,ANNUAL,,ALL UTILIZATION PRACTICES,SALES,,2017,OPERATIONS
CROP TOTALS,"SALES: (LESS THAN 50,000 $)",CROP TOTALS,,SALES,CROP TOTALS - OPERATIONS WITH SALES,CENSUS,89410,,ZIP CODE,ALL CLASSES,00000000,NEVADA,9000,CROPS,ALL PRODUCTION PRACTICES,,2024-11-07 12:00:00.000,,00,,32,,21,00,UNITED STATES,,,32,NV,89410,YEAR,ANNUAL,,ALL UTILIZATION PRACTICES,SALES,,2022,OPERATIONS
CROP TOTALS,"SALES: (LESS THAN 50,000 $)",CROP TOTALS,,SALES,CROP TOTALS - OPERATIONS WITH SALES,CENSUS,89410,,ZIP CODE,ALL CLASSES,00000000,NEVADA,9000,CROPS,ALL PRODUCTION PRACTICES,,2018-02-01 12:00:00.000,,00,,32,,32,00,UNITED STATES,,,32,NV,89410,YEAR,ANNUAL,,ALL UTILIZATION PRACTICES,SALES,,2017,OPERATIONS
CROP TOTALS,"SALES: (LESS THAN 50,000 $)",CROP TOTALS,,SALES,CROP TOTALS - OPERATIONS WITH SALES,CENSUS,89410,,ZIP CODE,ALL CLASSES,00000000,NEVADA,9000,CROPS,ALL PRODUCTION PRACTICES,,2012-01-01 00:00:00.000,,00,,32,,28,00,UNITED STATES,,,32,NV,89410,YEAR,ANNUAL,,ALL UTILIZATION PRACTICES,SALES,,2007,OPERATIONS
CROP TOTALS,"SALES: (LESS THAN 50,000 $)",CROP TOTALS,,SALES,CROP TOTALS - OPERATIONS WITH SALES,CENSUS,89411,,ZIP CODE,ALL CLASSES,00000000,NEVADA,9000,CROPS,ALL PRODUCTION PRACTICES,,2024-11-07 12:00:00.000,,00,,32,,7,00,UNITED STATES,,,32,NV,89411,YEAR,ANNUAL,,ALL UTILIZATION PRACTICES,SALES,,2022,OPERATIONS
CROP TOTALS,"SALES: (LESS THAN 50,000 $)",CROP TOTALS,,SALES,CROP TOTALS - OPERATIONS WITH SALES,CENSUS,89411,,ZIP CODE,ALL CLASSES,00000000,NEVADA,9000,CROPS,ALL PRODUCTION PRACTICES,,2018-02-01 12:00:00.000,,00,,32,,3,00,UNITED STATES,,,32,NV,89411,YEAR,ANNUAL,,ALL UTILIZATION PRACTICES,SALES,,2017,OPERATIONS
CROP TOTALS,"SALES: (LESS THAN 50,000 $)",CROP TOTALS,,SALES,CROP TOTALS - OPERATIONS WITH SALES,CENSUS,89411,,ZIP CODE,ALL CLASSES,00000000,NEVADA,9000,CROPS,ALL PRODUCTION PRACTICES,,2012-01-01 00:00:00.000,,00,,32,,2,00,UNITED STATES,,,32,NV,89411,YEAR,ANNUAL,,ALL UTILIZATION PRACTICES,SALES,,2007,OPERATIONS
CROP TOTALS,"SALES: (LESS THAN 50,000 $)",CROP TOTALS,,SALES,CROP TOTALS - OPERATIONS WITH SALES,CENSUS,89414,,ZIP CODE,ALL CLASSES,00000000,NEVADA,9000,CROPS,ALL PRODUCTION PRACTICES,,2024-11-07 12:00:00.000,,00,,32,,1,00,UNITED STATES,,,32,NV,89414,YEAR,ANNUAL,,ALL UTILIZATION PRACTICES,SALES,,2022,OPERATIONS
CROP TOTALS,"SALES: (LESS THAN 50,000 $)",CROP TOTALS,,SALES,CROP TOTALS - OPERATIONS WITH SALES,CENSUS,89414,,ZIP CODE,ALL CLASSES,00000000,NEVADA,9000,CROPS,ALL PRODUCTION PRACTICES,,2018-02-01 12:00:00.000,,00,,32,,4,00,UNITED STATES,,,32,NV,89414,YEAR,ANNUAL,,ALL UTILIZATION PRACTICES,SALES,,2017,OPERATIONS
CROP TOTALS,"SALES: (LESS THAN 50,000 $)",CROP TOTALS,,SALES,CROP TOTALS - OPERATIONS WITH SALES,CENSUS,89415,,ZIP CODE,ALL CLASSES,00000000,NEVADA,9000,CROPS,ALL PRODUCTION PRACTICES,,2024-11-07 12:00:00.000,,00,,32,,2,00,UNITED STATES,,,32,NV,89415,YEAR,ANNUAL,,ALL UTILIZATION PRACTICES,SALES,,2022,OPERATIONS
CROP TOTALS,"SALES: (LESS THAN 50,000 $)",CROP TOTALS,,SALES,CROP TOTALS - OPERATIONS WITH SALES,CENSUS,89415,,ZIP CODE,ALL CLASSES,00000000,NEVADA,9000,CROPS,ALL PRODUCTION PRACTICES,,2018-02-01 12:00:00.000,,00,,32,,2,00,UNITED STATES,,,32,NV,89415,YEAR,ANNUAL,,ALL UTILIZATION PRACTICES,SALES,,2017,OPERATIONS
CROP TOTALS,"SALES: (LESS THAN 50,000 $)",CROP TOTALS,,SALES,CROP TOTALS - OPERATIONS WITH SALES,CENSUS,89418,,ZIP CODE,ALL CLASSES,00000000,NEVADA,9000,CROPS,ALL PRODUCTION PRACTICES,,2018-02-01 12:00:00.000,,00,,32,,3,00,UNITED STATES,,,32,NV,89418,YEAR,ANNUAL,,ALL UTILIZATION PRACTICES,SALES,,2017,OPERATIONS
CROP TOTALS,"SALES: (LESS THAN 50,000 $)",CROP TOTALS,,SALES,CROP TOTALS - OPERATIONS WITH SALES,CENSUS,89418,,ZIP CODE,ALL CLASSES,00000000,NEVADA,9000,CROPS,ALL PRODUCTION PRACTICES,,2012-01-01 00:00:00.000,,00,,32,,3,00,UNITED STATES,,,32,NV,89418,YEAR,ANNUAL,,ALL UTILIZATION PRACTICES,SALES,,2007,OPERATIONS
CROP TOTALS,"SALES: (LESS THAN 50,000 $)",CROP TOTALS,,SALES,CROP TOTALS - OPERATIONS WITH SALES,CENSUS,89419,,ZIP CODE,ALL CLASSES,00000000,NEVADA,9000,CROPS,ALL PRODUCTION PRACTICES,,2024-11-07 12:00:00.000,,00,,32,,17,00,UNITED STATES,,,32,NV,89419,YEAR,ANNUAL,,ALL UTILIZATION PRACTICES,SALES,,2022,OPERATIONS
CROP TOTALS,"SALES: (LESS THAN 50,000 $)",CROP TOTALS,,SALES,CROP TOTALS - OPERATIONS WITH SALES,CENSUS,89419,,ZIP CODE,ALL CLASSES,00000000,NEVADA,9000,CROPS,ALL PRODUCTION PRACTICES,,2018-02-01 12:00:00.000,,00,,32,,19,00,UNITED STATES,,,32,NV,89419,YEAR,ANNUAL,,ALL UTILIZATION PRACTICES,SALES,,2017,OPERATIONS
CROP TOTALS,"SALES: (LESS THAN 50,000 $)",CROP TOTALS,,SALES,CROP TOTALS - OPERATIONS WITH SALES,CENSUS,89419,,ZIP CODE,ALL CLASSES,00000000,NEVADA,9000,CROPS,ALL PRODUCTION PRACTICES,,2012-01-01 00:00:00.000,,00,,32,,10,00,UNITED STATES,,,32,NV,89419,YEAR,ANNUAL,,ALL UTILIZATION PRACTICES,SALES,,2007,OPERATIONS
CROP TOTALS,"SALES: (LESS THAN 50,000 $)",CROP TOTALS,,SALES,CROP TOTALS - OPERATIONS WITH SALES,CENSUS,89421,,ZIP CODE,ALL CLASSES,00000000,NEVADA,9000,CROPS,ALL PRODUCTION PRACTICES,,2018-02-01 12:00:00.000,,00,,32,,1,00,UNITED STATES,,,32,NV,89421,YEAR,ANNUAL,,ALL UTILIZATION PRACTICES,SALES,,2017,OPERATIONS
CROP TOTALS,"SALES: (LESS THAN 50,000 $)",CROP TOTALS,,SALES,CROP TOTALS - OPERATIONS WITH SALES,CENSUS,89421,,ZIP CODE,ALL CLASSES,00000000,NEVADA,9000,CROPS,ALL PRODUCTION PRACTICES,,2012-01-01 00:00:00.000,,00,,32,,4,00,UNITED STATES,,,32,NV,89421,YEAR,ANNUAL,,ALL UTILIZATION PRACTICES,SALES,,2007,OPERATIONS
CROP TOTALS,"SALES: (LESS THAN 50,000 $)",CROP TOTALS,,SALES,CROP TOTALS - OPERATIONS WITH SALES,CENSUS,89423,,ZIP CODE,ALL CLASSES,00000000,NEVADA,9000,CROPS,ALL PRODUCTION PRACTICES,,2024-11-07 12:00:00.000,,00,,32,,9,00,UNITED STATES,,,32,NV,89423,YEAR,ANNUAL,,ALL UTILIZATION PRACTICES,SALES,,2022,OPERATIONS
CROP TOTALS,"SALES: (LESS THAN 50,000 $)",CROP TOTALS,,SALES,CROP TOTALS - OPERATIONS WITH SALES,CENSUS,89423,,ZIP CODE,ALL CLASSES,00000000,NEVADA,9000,CROPS,ALL PRODUCTION PRACTICES,,2018-02-01 12:00:00.000,,00,,32,,17,00,UNITED STATES,,,32,NV,89423,YEAR,ANNUAL,,ALL UTILIZATION PRACTICES,SALES,,2017,OPERATIONS
CROP TOTALS,"SALES: (LESS THAN 50,000 $)",CROP TOTALS,,SALES,CROP TOTALS - OPERATIONS WITH SALES,CENSUS,89423,,ZIP CODE,ALL CLASSES,00000000,NEVADA,9000,CROPS,ALL PRODUCTION PRACTICES,,2012-01-01 00:00:00.000,,00,,32,,13,00,UNITED STATES,,,32,NV,89423,YEAR,ANNUAL,,ALL UTILIZATION PRACTICES,SALES,,2007,OPERATIONS
CROP TOTALS,"SALES: (LESS THAN 50,000 $)",CROP TOTALS,,SALES,CROP TOTALS - OPERATIONS WITH SALES,CENSUS,89424,,ZIP CODE,ALL CLASSES,00000000,NEVADA,9000,CROPS,ALL PRODUCTION PRACTICES,,2024-11-07 12:00:00.000,,00,,32,,12,00,UNITED STATES,,,32,NV,89424,YEAR,ANNUAL,,ALL UTILIZATION PRACTICES,SALES,,2022,OPERATIONS
CROP TOTALS,"SALES: (LESS THAN 50,000 $)",CROP TOTALS,,SALES,CROP TOTALS - OPERATIONS WITH SALES,CENSUS,89424,,ZIP CODE,ALL CLASSES,00000000,NEVADA,9000,CROPS,ALL PRODUCTION PRACTICES,,2018-02-01 12:00:00.000,,00,,32,,10,00,UNITED STATES,,,32,NV,89424,YEAR,ANNUAL,,ALL UTILIZATION PRACTICES,SALES,,2017,OPERATIONS
CROP TOTALS,"SALES: (LESS THAN 50,000 $)",CROP TOTALS,,SALES,CROP TOTALS - OPERATIONS WITH SALES,CENSUS,89424,,ZIP CODE,ALL CLASSES,00000000,NEVADA,9000,CROPS,ALL PRODUCTION PRACTICES,,2012-01-01 00:00:00.000,,00,,32,,36,00,UNITED STATES,,,32,NV,89424,YEAR,ANNUAL,,ALL UTILIZATION PRACTICES,SALES,,2007,OPERATIONS
CROP TOTALS,"SALES: (LESS THAN 50,000 $)",CROP TOTALS,,SALES,CROP TOTALS - OPERATIONS WITH SALES,CENSUS,89425,,ZIP CODE,ALL CLASSES,00000000,NEVADA,9000,CROPS,ALL PRODUCTION PRACTICES,,2024-11-07 12:00:00.000,,00,,32,,1,00,UNITED STATES,,,32,NV,89425,YEAR,ANNUAL,,ALL UTILIZATION PRACTICES,SALES,,2022,OPERATIONS
CROP TOTALS,"SALES: (LESS THAN 50,000 $)",CROP TOTALS,,SALES,CROP TOTALS - OPERATIONS WITH SALES,CENSUS,89425,,ZIP CODE,ALL CLASSES,00000000,NEVADA,9000,CROPS,ALL PRODUCTION PRACTICES,,2018-02-01 12:00:00.000,,00,,32,,5,00,UNITED STATES,,,32,NV,89425,YEAR,ANNUAL,,ALL UTILIZATION PRACTICES,SALES,,2017,OPERATIONS
CROP TOTALS,"SALES: (LESS THAN 50,000 $)",CROP TOTALS,,SALES,CROP TOTALS - OPERATIONS WITH SALES,CENSUS,89426,,ZIP CODE,ALL CLASSES,00000000,NEVADA,9000,CROPS,ALL PRODUCTION PRACTICES,,2018-02-01 12:00:00.000,,00,,32,,5,00,UNITED STATES,,,32,NV,89426,YEAR,ANNUAL,,ALL UTILIZATION PRACTICES,SALES,,2017,OPERATIONS
CROP TOTALS,"SALES: (LESS THAN 50,000 $)",CROP TOTALS,,SALES,CROP TOTALS - OPERATIONS WITH SALES,CENSUS,89426,,ZIP CODE,ALL CLASSES,00000000,NEVADA,9000,CROPS,ALL PRODUCTION PRACTICES,,2012-01-01 00:00:00.000,,00,,32,,2,00,UNITED STATES,,,32,NV,89426,YEAR,ANNUAL,,ALL UTILIZATION PRACTICES,SALES,,2007,OPERATIONS
CROP TOTALS,"SALES: (LESS THAN 50,000 $)",CROP TOTALS,,SALES,CROP TOTALS - OPERATIONS WITH SALES,CENSUS,89427,,ZIP CODE,ALL CLASSES,00000000,NEVADA,9000,CROPS,ALL PRODUCTION PRACTICES,,2024-11-07 12:00:00.000,,00,,32,,28,00,UNITED STATES,,,32,NV,89427,YEAR,ANNUAL,,ALL UTILIZATION PRACTICES,SALES,,2022,OPERATIONS
CROP TOTALS,"SALES: (LESS THAN 50,000 $)",CROP TOTALS,,SALES,CROP TOTALS - OPERATIONS WITH SALES,CENSUS,89427,,ZIP CODE,ALL CLASSES,00000000,NEVADA,9000,CROPS,ALL PRODUCTION PRACTICES,,2018-02-01 12:00:00.000,,00,,32,,22,00,UNITED STATES,,,32,NV,89427,YEAR,ANNUAL,,ALL UTILIZATION PRACTICES,SALES,,2017,OPERATIONS
CROP TOTALS,"SALES: (LESS THAN 50,000 $)",CROP TOTALS,,SALES,CROP TOTALS - OPERATIONS WITH SALES,CENSUS,89427,,ZIP CODE,ALL CLASSES,00000000,NEVADA,9000,CROPS,ALL PRODUCTION PRACTICES,,2012-01-01 00:00:00.000,,00,,32,,1,00,UNITED STATES,,,32,NV,89427,YEAR,ANNUAL,,ALL UTILIZATION PRACTICES,SALES,,2007,OPERATIONS
CROP TOTALS,"SALES: (LESS THAN 50,000 $)",CROP TOTALS,,SALES,CROP TOTALS - OPERATIONS WITH SALES,CENSUS,89429,,ZIP CODE,ALL CLASSES,00000000,NEVADA,9000,CROPS,ALL PRODUCTION PRACTICES,,2024-11-07 12:00:00.000,,00,,32,,8,00,UNITED STATES,,,32,NV,89429,YEAR,ANNUAL,,ALL UTILIZATION PRACTICES,SALES,,2022,OPERATIONS
CROP TOTALS,"SALES: (LESS THAN 50,000 $)",CROP TOTALS,,SALES,CROP TOTALS - OPERATIONS WITH SALES,CENSUS,89429,,ZIP CODE,ALL CLASSES,00000000,NEVADA,9000,CROPS,ALL PRODUCTION PRACTICES,,2018-02-01 12:00:00.000,,00,,32,,13,00,UNITED STATES,,,32,NV,89429,YEAR,ANNUAL,,ALL UTILIZATION PRACTICES,SALES,,2017,OPERATIONS
CROP TOTALS,"SALES: (LESS THAN 50,000 $)",CROP TOTALS,,SALES,CROP TOTALS - OPERATIONS WITH SALES,CENSUS,89429,,ZIP CODE,ALL CLASSES,00000000,NEVADA,9000,CROPS,ALL PRODUCTION PRACTICES,,2012-01-01 00:00:00.000,,00,,32,,6,00,UNITED STATES,,,32,NV,89429,YEAR,ANNUAL,,ALL UTILIZATION PRACTICES,SALES,,2007,OPERATIONS
CROP TOTALS,"SALES: (LESS THAN 50,000 $)",CROP TOTALS,,SALES,CROP TOTALS - OPERATIONS WITH SALES,CENSUS,89430,,ZIP CODE,ALL CLASSES,00000000,NEVADA,9000,CROPS,ALL PRODUCTION PRACTICES,,2024-11-07 12:00:00.000,,00,,32,,13,00,UNITED STATES,,,32,NV,89430,YEAR,ANNUAL,,ALL UTILIZATION PRACTICES,SALES,,2022,OPERATIONS
CROP TOTALS,"SALES: (LESS THAN 50,000 $)",CROP TOTALS,,SALES,CROP TOTALS - OPERATIONS WITH SALES,CENSUS,89430,,ZIP CODE,ALL CLASSES,00000000,NEVADA,9000,CROPS,ALL PRODUCTION PRACTICES,,2018-02-01 12:00:00.000,,00,,32,,7,00,UNITED STATES,,,32,NV,89430,YEAR,ANNUAL,,ALL UTILIZATION PRACTICES,SALES,,2017,OPERATIONS
CROP TOTALS,"SALES: (LESS THAN 50,000 $)",CROP TOTALS,,SALES,CROP TOTALS - OPERATIONS WITH SALES,CENSUS,89430,,ZIP CODE,ALL CLASSES,00000000,NEVADA,9000,CROPS,ALL PRODUCTION PRACTICES,,2012-01-01 00:00:00.000,,00,,32,,5,00,UNITED STATES,,,32,NV,89430,YEAR,ANNUAL,,ALL UTILIZATION PRACTICES,SALES,,2007,OPERATIONS
CROP TOTALS,"SALES: (LESS THAN 50,000 $)",CROP TOTALS,,SALES,CROP TOTALS - OPERATIONS WITH SALES,CENSUS,89431,,ZIP CODE,ALL CLASSES,00000000,NEVADA,9000,CROPS,ALL PRODUCTION PRACTICES,,2024-11-07 12:00:00.000,,00,,32,,1,00,UNITED STATES,,,32,NV,89431,YEAR,ANNUAL,,ALL UTILIZATION PRACTICES,SALES,,2022,OPERATIONS
CROP TOTALS,"SALES: (LESS THAN 50,000 $)",CROP TOTALS,,SALES,CROP TOTALS - OPERATIONS WITH SALES,CENSUS,89431,,ZIP CODE,ALL CLASSES,00000000,NEVADA,9000,CROPS,ALL PRODUCTION PRACTICES,,2012-01-01 00:00:00.000,,00,,32,,1,00,UNITED STATES,,,32,NV,89431,YEAR,ANNUAL,,ALL UTILIZATION PRACTICES,SALES,,2007,OPERATIONS
CROP TOTALS,"SALES: (LESS THAN 50,000 $)",CROP TOTALS,,SALES,CROP TOTALS - OPERATIONS WITH SALES,CENSUS,89432,,ZIP CODE,ALL CLASSES,00000000,NEVADA,9000,CROPS,ALL PRODUCTION PRACTICES,,2012-01-01 00:00:00.000,,00,,32,,3,00,UNITED STATES,,,32,NV,89432,YEAR,ANNUAL,,ALL UTILIZATION PRACTICES,SALES,,2007,OPERATIONS
CROP TOTALS,"SALES: (LESS THAN 50,000 $)",CROP TOTALS,,SALES,CROP TOTALS - OPERATIONS WITH SALES,CENSUS,89434,,ZIP CODE,ALL CLASSES,00000000,NEVADA,9000,CROPS,ALL PRODUCTION PRACTICES,,2018-02-01 12:00:00.000,,00,,32,,2,00,UNITED STATES,,,32,NV,89434,YEAR,ANNUAL,,ALL UTILIZATION PRACTICES,SALES,,2017,OPERATIONS
CROP TOTALS,"SALES: (LESS THAN 50,000 $)",CROP TOTALS,,SALES,CROP TOTALS - OPERATIONS WITH SALES,CENSUS,89436,,ZIP CODE,ALL CLASSES,00000000,NEVADA,9000,CROPS,ALL PRODUCTION PRACTICES,,2024-11-07 12:00:00.000,,00,,32,,1,00,UNITED STATES,,,32,NV,89436,YEAR,ANNUAL,,ALL UTILIZATION PRACTICES,SALES,,2022,OPERATIONS
CROP TOTALS,"SALES: (LESS THAN 50,000 $)",CROP TOTALS,,SALES,CROP TOTALS - OPERATIONS WITH SALES,CENSUS,89436,,ZIP CODE,ALL CLASSES,00000000,NEVADA,9000,CROPS,ALL PRODUCTION PRACTICES,,2018-02-01 12:00:00.000,,00,,32,,2,00,UNITED STATES,,,32,NV,89436,YEAR,ANNUAL,,ALL UTILIZATION PRACTICES,SALES,,2017,OPERATIONS
CROP TOTALS,"SALES: (LESS THAN 50,000 $)",CROP TOTALS,,SALES,CROP TOTALS - OPERATIONS WITH SALES,CENSUS,89436,,ZIP CODE,ALL CLASSES,00000000,NEVADA,9000,CROPS,ALL PRODUCTION PRACTICES,,2012-01-01 00:00:00.000,,00,,32,,2,00,UNITED STATES,,,32,NV,89436,YEAR,ANNUAL,,ALL UTILIZATION PRACTICES,SALES,,2007,OPERATIONS
CROP TOTALS,"SALES: (LESS THAN 50,000 $)",CROP TOTALS,,SALES,CROP TOTALS - OPERATIONS WITH SALES,CENSUS,89439,,ZIP CODE,ALL CLASSES,00000000,NEVADA,9000,CROPS,ALL PRODUCTION PRACTICES,,2024-11-07 12:00:00.000,,00,,32,,2,00,UNITED STATES,,,32,NV,89439,YEAR,ANNUAL,,ALL UTILIZATION PRACTICES,SALES,,2022,OPERATIONS
CROP TOTALS,"SALES: (LESS THAN 50,000 $)",CROP TOTALS,,SALES,CROP TOTALS - OPERATIONS WITH SALES,CENSUS,89441,,ZIP CODE,ALL CLASSES,00000000,NEVADA,9000,CROPS,ALL PRODUCTION PRACTICES,,2024-11-07 12:00:00.000,,00,,32,,4,00,UNITED STATES,,,32,NV,89441,YEAR,ANNUAL,,ALL UTILIZATION PRACTICES,SALES,,2022,OPERATIONS
CROP TOTALS,"SALES: (LESS THAN 50,000 $)",CROP TOTALS,,SALES,CROP TOTALS - OPERATIONS WITH SALES,CENSUS,89441,,ZIP CODE,ALL CLASSES,00000000,NEVADA,9000,CROPS,ALL PRODUCTION PRACTICES,,2018-02-01 12:00:00.000,,00,,32,,2,00,UNITED STATES,,,32,NV,89441,YEAR,ANNUAL,,ALL UTILIZATION PRACTICES,SALES,,2017,OPERATIONS
CROP TOTALS,"SALES: (LESS THAN 50,000 $)",CROP TOTALS,,SALES,CROP TOTALS - OPERATIONS WITH SALES,CENSUS,89441,,ZIP CODE,ALL CLASSES,00000000,NEVADA,9000,CROPS,ALL PRODUCTION PRACTICES,,2012-01-01 00:00:00.000,,00,,32,,1,00,UNITED STATES,,,32,NV,89441,YEAR,ANNUAL,,ALL UTILIZATION PRACTICES,SALES,,2007,OPERATIONS
CROP TOTALS,"SALES: (LESS THAN 50,000 $)",CROP TOTALS,,SALES,CROP TOTALS - OPERATIONS WITH SALES,CENSUS,89442,,ZIP CODE,ALL CLASSES,00000000,NEVADA,9000,CROPS,ALL PRODUCTION PRACTICES,,2024-11-07 12:00:00.000,,00,,32,,3,00,UNITED STATES,,,32,NV,89442,YEAR,ANNUAL,,ALL UTILIZATION PRACTICES,SALES,,2022,OPERATIONS
CROP TOTALS,"SALES: (LESS THAN 50,000 $)",CROP TOTALS,,SALES,CROP TOTALS - OPERATIONS WITH SALES,CENSUS,89442,,ZIP CODE,ALL CLASSES,00000000,NEVADA,9000,CROPS,ALL PRODUCTION PRACTICES,,2018-02-01 12:00:00.000,,00,,32,,8,00,UNITED STATES,,,32,NV,89442,YEAR,ANNUAL,,ALL UTILIZATION PRACTICES,SALES,,2017,OPERATIONS
CROP TOTALS,"SALES: (LESS THAN 50,000 $)",CROP TOTALS,,SALES,CROP TOTALS - OPERATIONS WITH SALES,CENSUS,89442,,ZIP CODE,ALL CLASSES,00000000,NEVADA,9000,CROPS,ALL PRODUCTION PRACTICES,,2012-01-01 00:00:00.000,,00,,32,,22,00,UNITED STATES,,,32,NV,89442,YEAR,ANNUAL,,ALL UTILIZATION PRACTICES,SALES,,2007,OPERATIONS
CROP TOTALS,"SALES: (LESS THAN 50,000 $)",CROP TOTALS,,SALES,CROP TOTALS - OPERATIONS WITH SALES,CENSUS,89444,,ZIP CODE,ALL CLASSES,00000000,NEVADA,9000,CROPS,ALL PRODUCTION PRACTICES,,2024-11-07 12:00:00.000,,00,,32,,6,00,UNITED STATES,,,32,NV,89444,YEAR,ANNUAL,,ALL UTILIZATION PRACTICES,SALES,,2022,OPERATIONS
CROP TOTALS,"SALES: (LESS THAN 50,000 $)",CROP TOTALS,,SALES,CROP TOTALS - OPERATIONS WITH SALES,CENSUS,89444,,ZIP CODE,ALL CLASSES,00000000,NEVADA,9000,CROPS,ALL PRODUCTION PRACTICES,,2018-02-01 12:00:00.000,,00,,32,,11,00,UNITED STATES,,,32,NV,89444,YEAR,ANNUAL,,ALL UTILIZATION PRACTICES,SALES,,2017,OPERATIONS
CROP TOTALS,"SALES: (LESS THAN 50,000 $)",CROP TOTALS,,SALES,CROP TOTALS - OPERATIONS WITH SALES,CENSUS,89444,,ZIP CODE,ALL CLASSES,00000000,NEVADA,9000,CROPS,ALL PRODUCTION PRACTICES,,2012-01-01 00:00:00.000,,00,,32,,11,00,UNITED STATES,,,32,NV,89444,YEAR,ANNUAL,,ALL UTILIZATION PRACTICES,SALES,,2007,OPERATIONS
CROP TOTALS,"SALES: (LESS THAN 50,000 $)",CROP TOTALS,,SALES,CROP TOTALS - OPERATIONS WITH SALES,CENSUS,89445,,ZIP CODE,ALL CLASSES,00000000,NEVADA,9000,CROPS,ALL PRODUCTION PRACTICES,,2024-11-07 12:00:00.000,,00,,32,,11,00,UNITED STATES,,,32,NV,89445,YEAR,ANNUAL,,ALL UTILIZATION PRACTICES,SALES,,2022,OPERATIONS
CROP TOTALS,"SALES: (LESS THAN 50,000 $)",CROP TOTALS,,SALES,CROP TOTALS - OPERATIONS WITH SALES,CENSUS,89445,,ZIP CODE,ALL CLASSES,00000000,NEVADA,9000,CROPS,ALL PRODUCTION PRACTICES,,2018-02-01 12:00:00.000,,00,,32,,27,00,UNITED STATES,,,32,NV,89445,YEAR,ANNUAL,,ALL UTILIZATION PRACTICES,SALES,,2017,OPERATIONS
CROP TOTALS,"SALES: (LESS THAN 50,000 $)",CROP TOTALS,,SALES,CROP TOTALS - OPERATIONS WITH SALES,CENSUS,89445,,ZIP CODE,ALL CLASSES,00000000,NEVADA,9000,CROPS,ALL PRODUCTION PRACTICES,,2012-01-01 00:00:00.000,,00,,32,,14,00,UNITED STATES,,,32,NV,89445,YEAR,ANNUAL,,ALL UTILIZATION PRACTICES,SALES,,2007,OPERATIONS
CROP TOTALS,"SALES: (LESS THAN 50,000 $)",CROP TOTALS,,SALES,CROP TOTALS - OPERATIONS WITH SALES,CENSUS,89446,,ZIP CODE,ALL CLASSES,00000000,NEVADA,9000,CROPS,ALL PRODUCTION PRACTICES,,2024-11-07 12:00:00.000,,00,,32,,3,00,UNITED STATES,,,32,NV,89446,YEAR,ANNUAL,,ALL UTILIZATION PRACTICES,SALES,,2022,OPERATIONS
CROP TOTALS,"SALES: (LESS THAN 50,000 $)",CROP TOTALS,,SALES,CROP TOTALS - OPERATIONS WITH SALES,CENSUS,89446,,ZIP CODE,ALL CLASSES,00000000,NEVADA,9000,CROPS,ALL PRODUCTION PRACTICES,,2018-02-01 12:00:00.000,,00,,32,,8,00,UNITED STATES,,,32,NV,89446,YEAR,ANNUAL,,ALL UTILIZATION PRACTICES,SALES,,2017,OPERATIONS
CROP TOTALS,"SALES: (LESS THAN 50,000 $)",CROP TOTALS,,SALES,CROP TOTALS - OPERATIONS WITH SALES,CENSUS,89446,,ZIP CODE,ALL CLASSES,00000000,NEVADA,9000,CROPS,ALL PRODUCTION PRACTICES,,2012-01-01 00:00:00.000,,00,,32,,7,00,UNITED STATES,,,32,NV,89446,YEAR,ANNUAL,,ALL UTILIZATION PRACTICES,SALES,,2007,OPERATIONS
CROP TOTALS,"SALES: (LESS THAN 50,000 $)",CROP TOTALS,,SALES,CROP TOTALS - OPERATIONS WITH SALES,CENSUS,89447,,ZIP CODE,ALL CLASSES,00000000,NEVADA,9000,CROPS,ALL PRODUCTION PRACTICES,,2024-11-07 12:00:00.000,,00,,32,,38,00,UNITED STATES,,,32,NV,89447,YEAR,ANNUAL,,ALL UTILIZATION PRACTICES,SALES,,2022,OPERATIONS
CROP TOTALS,"SALES: (LESS THAN 50,000 $)",CROP TOTALS,,SALES,CROP TOTALS - OPERATIONS WITH SALES,CENSUS,89447,,ZIP CODE,ALL CLASSES,00000000,NEVADA,9000,CROPS,ALL PRODUCTION PRACTICES,,2018-02-01 12:00:00.000,,00,,32,,58,00,UNITED STATES,,,32,NV,89447,YEAR,ANNUAL,,ALL UTILIZATION PRACTICES,SALES,,2017,OPERATIONS
CROP TOTALS,"SALES: (LESS THAN 50,000 $)",CROP TOTALS,,SALES,CROP TOTALS - OPERATIONS WITH SALES,CENSUS,89447,,ZIP CODE,ALL CLASSES,00000000,NEVADA,9000,CROPS,ALL PRODUCTION PRACTICES,,2012-01-01 00:00:00.000,,00,,32,,36,00,UNITED STATES,,,32,NV,89447,YEAR,ANNUAL,,ALL UTILIZATION PRACTICES,SALES,,2007,OPERATIONS
CROP TOTALS,"SALES: (LESS THAN 50,000 $)",CROP TOTALS,,SALES,CROP TOTALS - OPERATIONS WITH SALES,CENSUS,89450,,ZIP CODE,ALL CLASSES,00000000,NEVADA,9000,CROPS,ALL PRODUCTION PRACTICES,,2012-01-01 00:00:00.000,,00,,32,,2,00,UNITED STATES,,,32,NV,89450,YEAR,ANNUAL,,ALL UTILIZATION PRACTICES,SALES,,2007,OPERATIONS
CROP TOTALS,"SALES: (LESS THAN 50,000 $)",CROP TOTALS,,SALES,CROP TOTALS - OPERATIONS WITH SALES,CENSUS,89460,,ZIP CODE,ALL CLASSES,00000000,NEVADA,9000,CROPS,ALL PRODUCTION PRACTICES,,2024-11-07 12:00:00.000,,00,,32,,31,00,UNITED STATES,,,32,NV,89460,YEAR,ANNUAL,,ALL UTILIZATION PRACTICES,SALES,,2022,OPERATIONS
CROP TOTALS,"SALES: (LESS THAN 50,000 $)",CROP TOTALS,,SALES,CROP TOTALS - OPERATIONS WITH SALES,CENSUS,89460,,ZIP CODE,ALL CLASSES,00000000,NEVADA,9000,CROPS,ALL PRODUCTION PRACTICES,,2018-02-01 12:00:00.000,,00,,32,,19,00,UNITED STATES,,,32,NV,89460,YEAR,ANNUAL,,ALL UTILIZATION PRACTICES,SALES,,2017,OPERATIONS
CROP TOTALS,"SALES: (LESS THAN 50,000 $)",CROP TOTALS,,SALES,CROP TOTALS - OPERATIONS WITH SALES,CENSUS,89460,,ZIP CODE,ALL CLASSES,00000000,NEVADA,9000,CROPS,ALL PRODUCTION PRACTICES,,2012-01-01 00:00:00.000,,00,,32,,9,00,UNITED STATES,,,32,NV,89460,YEAR,ANNUAL,,ALL UTILIZATION PRACTICES,SALES,,2007,OPERATIONS
CROP TOTALS,"SALES: (LESS THAN 50,000 $)",CROP TOTALS,,SALES,CROP TOTALS - OPERATIONS WITH SALES,CENSUS,89501,,ZIP CODE,ALL CLASSES,00000000,NEVADA,9000,CROPS,ALL PRODUCTION PRACTICES,,2024-11-07 12:00:00.000,,00,,32,,3,00,UNITED STATES,,,32,NV,89501,YEAR,ANNUAL,,ALL UTILIZATION PRACTICES,SALES,,2022,OPERATIONS
CROP TOTALS,"SALES: (LESS THAN 50,000 $)",CROP TOTALS,,SALES,CROP TOTALS - OPERATIONS WITH SALES,CENSUS,89501,,ZIP CODE,ALL CLASSES,00000000,NEVADA,9000,CROPS,ALL PRODUCTION PRACTICES,,2018-02-01 12:00:00.000,,00,,32,,2,00,UNITED STATES,,,32,NV,89501,YEAR,ANNUAL,,ALL UTILIZATION PRACTICES,SALES,,2017,OPERATIONS
CROP TOTALS,"SALES: (LESS THAN 50,000 $)",CROP TOTALS,,SALES,CROP TOTALS - OPERATIONS WITH SALES,CENSUS,89501,,ZIP CODE,ALL CLASSES,00000000,NEVADA,9000,CROPS,ALL PRODUCTION PRACTICES,,2012-01-01 00:00:00.000,,00,,32,,1,00,UNITED STATES,,,32,NV,89501,YEAR,ANNUAL,,ALL UTILIZATION PRACTICES,SALES,,2007,OPERATIONS
CROP TOTALS,"SALES: (LESS THAN 50,000 $)",CROP TOTALS,,SALES,CROP TOTALS - OPERATIONS WITH SALES,CENSUS,89502,,ZIP CODE,ALL CLASSES,00000000,NEVADA,9000,CROPS,ALL PRODUCTION PRACTICES,,2018-02-01 12:00:00.000,,00,,32,,2,00,UNITED STATES,,,32,NV,89502,YEAR,ANNUAL,,ALL UTILIZATION PRACTICES,SALES,,2017,OPERATIONS
CROP TOTALS,"SALES: (LESS THAN 50,000 $)",CROP TOTALS,,SALES,CROP TOTALS - OPERATIONS WITH SALES,CENSUS,89502,,ZIP CODE,ALL CLASSES,00000000,NEVADA,9000,CROPS,ALL PRODUCTION PRACTICES,,2012-01-01 00:00:00.000,,00,,32,,1,00,UNITED STATES,,,32,NV,89502,YEAR,ANNUAL,,ALL UTILIZATION PRACTICES,SALES,,2007,OPERATIONS
CROP TOTALS,"SALES: (LESS THAN 50,000 $)",CROP TOTALS,,SALES,CROP TOTALS - OPERATIONS WITH SALES,CENSUS,89503,,ZIP CODE,ALL CLASSES,00000000,NEVADA,9000,CROPS,ALL PRODUCTION PRACTICES,,2018-02-01 12:00:00.000,,00,,32,,4,00,UNITED STATES,,,32,NV,89503,YEAR,ANNUAL,,ALL UTILIZATION PRACTICES,SALES,,2017,OPERATIONS
CROP TOTALS,"SALES: (LESS THAN 50,000 $)",CROP TOTALS,,SALES,CROP TOTALS - OPERATIONS WITH SALES,CENSUS,89505,,ZIP CODE,ALL CLASSES,00000000,NEVADA,9000,CROPS,ALL PRODUCTION PRACTICES,,2012-01-01 00:00:00.000,,00,,32,,2,00,UNITED STATES,,,32,NV,89505,YEAR,ANNUAL,,ALL UTILIZATION PRACTICES,SALES,,2007,OPERATIONS
CROP TOTALS,"SALES: (LESS THAN 50,000 $)",CROP TOTALS,,SALES,CROP TOTALS - OPERATIONS WITH SALES,CENSUS,89506,,ZIP CODE,ALL CLASSES,00000000,NEVADA,9000,CROPS,ALL PRODUCTION PRACTICES,,2024-11-07 12:00:00.000,,00,,32,,9,00,UNITED STATES,,,32,NV,89506,YEAR,ANNUAL,,ALL UTILIZATION PRACTICES,SALES,,2022,OPERATIONS
CROP TOTALS,"SALES: (LESS THAN 50,000 $)",CROP TOTALS,,SALES,CROP TOTALS - OPERATIONS WITH SALES,CENSUS,89506,,ZIP CODE,ALL CLASSES,00000000,NEVADA,9000,CROPS,ALL PRODUCTION PRACTICES,,2018-02-01 12:00:00.000,,00,,32,,5,00,UNITED STATES,,,32,NV,89506,YEAR,ANNUAL,,ALL UTILIZATION PRACTICES,SALES,,2017,OPERATIONS
CROP TOTALS,"SALES: (LESS THAN 50,000 $)",CROP TOTALS,,SALES,CROP TOTALS - OPERATIONS WITH SALES,CENSUS,89506,,ZIP CODE,ALL CLASSES,00000000,NEVADA,9000,CROPS,ALL PRODUCTION PRACTICES,,2012-01-01 00:00:00.000,,00,,32,,4,00,UNITED STATES,,,32,NV,89506,YEAR,ANNUAL,,ALL UTILIZATION PRACTICES,SALES,,2007,OPERATIONS
CROP TOTALS,"SALES: (LESS THAN 50,000 $)",CROP TOTALS,,SALES,CROP TOTALS - OPERATIONS WITH SALES,CENSUS,89508,,ZIP CODE,ALL CLASSES,00000000,NEVADA,9000,CROPS,ALL PRODUCTION PRACTICES,,2024-11-07 12:00:00.000,,00,,32,,2,00,UNITED STATES,,,32,NV,89508,YEAR,ANNUAL,,ALL UTILIZATION PRACTICES,SALES,,2022,OPERATIONS
CROP TOTALS,"SALES: (LESS THAN 50,000 $)",CROP TOTALS,,SALES,CROP TOTALS - OPERATIONS WITH SALES,CENSUS,89508,,ZIP CODE,ALL CLASSES,00000000,NEVADA,9000,CROPS,ALL PRODUCTION PRACTICES,,2018-02-01 12:00:00.000,,00,,32,,1,00,UNITED STATES,,,32,NV,89508,YEAR,ANNUAL,,ALL UTILIZATION PRACTICES,SALES,,2017,OPERATIONS
CROP TOTALS,"SALES: (LESS THAN 50,000 $)",CROP TOTALS,,SALES,CROP TOTALS - OPERATIONS WITH SALES,CENSUS,89509,,ZIP CODE,ALL CLASSES,00000000,NEVADA,9000,CROPS,ALL PRODUCTION PRACTICES,,2024-11-07 12:00:00.000,,00,,32,,4,00,UNITED STATES,,,32,NV,89509,YEAR,ANNUAL,,ALL UTILIZATION PRACTICES,SALES,,2022,OPERATIONS
CROP TOTALS,"SALES: (LESS THAN 50,000 $)",CROP TOTALS,,SALES,CROP TOTALS - OPERATIONS WITH SALES,CENSUS,89509,,ZIP CODE,ALL CLASSES,00000000,NEVADA,9000,CROPS,ALL PRODUCTION PRACTICES,,2018-02-01 12:00:00.000,,00,,32,,7,00,UNITED STATES,,,32,NV,89509,YEAR,ANNUAL,,ALL UTILIZATION PRACTICES,SALES,,2017,OPERATIONS
CROP TOTALS,"SALES: (LESS THAN 50,000 $)",CROP TOTALS,,SALES,CROP TOTALS - OPERATIONS WITH SALES,CENSUS,89509,,ZIP CODE,ALL CLASSES,00000000,NEVADA,9000,CROPS,ALL PRODUCTION PRACTICES,,2012-01-01 00:00:00.000,,00,,32,,5,00,UNITED STATES,,,32,NV,89509,YEAR,ANNUAL,,ALL UTILIZATION PRACTICES,SALES,,2007,OPERATIONS
CROP TOTALS,"SALES: (LESS THAN 50,000 $)",CROP TOTALS,,SALES,CROP TOTALS - OPERATIONS WITH SALES,CENSUS,89510,,ZIP CODE,ALL CLASSES,00000000,NEVADA,9000,CROPS,ALL PRODUCTION PRACTICES,,2024-11-07 12:00:00.000,,00,,32,,5,00,UNITED STATES,,,32,NV,89510,YEAR,ANNUAL,,ALL UTILIZATION PRACTICES,SALES,,2022,OPERATIONS
CROP TOTALS,"SALES: (LESS THAN 50,000 $)",CROP TOTALS,,SALES,CROP TOTALS - OPERATIONS WITH SALES,CENSUS,89510,,ZIP CODE,ALL CLASSES,00000000,NEVADA,9000,CROPS,ALL PRODUCTION PRACTICES,,2018-02-01 12:00:00.000,,00,,32,,5,00,UNITED STATES,,,32,NV,89510,YEAR,ANNUAL,,ALL UTILIZATION PRACTICES,SALES,,2017,OPERATIONS
CROP TOTALS,"SALES: (LESS THAN 50,000 $)",CROP TOTALS,,SALES,CROP TOTALS - OPERATIONS WITH SALES,CENSUS,89510,,ZIP CODE,ALL CLASSES,00000000,NEVADA,9000,CROPS,ALL PRODUCTION PRACTICES,,2012-01-01 00:00:00.000,,00,,32,,11,00,UNITED STATES,,,32,NV,89510,YEAR,ANNUAL,,ALL UTILIZATION PRACTICES,SALES,,2007,OPERATIONS
CROP TOTALS,"SALES: (LESS THAN 50,000 $)",CROP TOTALS,,SALES,CROP TOTALS - OPERATIONS WITH SALES,CENSUS,89511,,ZIP CODE,ALL CLASSES,00000000,NEVADA,9000,CROPS,ALL PRODUCTION PRACTICES,,2024-11-07 12:00:00.000,,00,,32,,7,00,UNITED STATES,,,32,NV,89511,YEAR,ANNUAL,,ALL UTILIZATION PRACTICES,SALES,,2022,OPERATIONS
CROP TOTALS,"SALES: (LESS THAN 50,000 $)",CROP TOTALS,,SALES,CROP TOTALS - OPERATIONS WITH SALES,CENSUS,89511,,ZIP CODE,ALL CLASSES,00000000,NEVADA,9000,CROPS,ALL PRODUCTION PRACTICES,,2018-02-01 12:00:00.000,,00,,32,,4,00,UNITED STATES,,,32,NV,89511,YEAR,ANNUAL,,ALL UTILIZATION PRACTICES,SALES,,2017,OPERATIONS
CROP TOTALS,"SALES: (LESS THAN 50,000 $)",CROP TOTALS,,SALES,CROP TOTALS - OPERATIONS WITH SALES,CENSUS,89511,,ZIP CODE,ALL CLASSES,00000000,NEVADA,9000,CROPS,ALL PRODUCTION PRACTICES,,2012-01-01 00:00:00.000,,00,,32,,9,00,UNITED STATES,,,32,NV,89511,YEAR,ANNUAL,,ALL UTILIZATION PRACTICES,SALES,,2007,OPERATIONS
CROP TOTALS,"SALES: (LESS THAN 50,000 $)",CROP TOTALS,,SALES,CROP TOTALS - OPERATIONS WITH SALES,CENSUS,89512,,ZIP CODE,ALL CLASSES,00000000,NEVADA,9000,CROPS,ALL PRODUCTION PRACTICES,,2024-11-07 12:00:00.000,,00,,32,,1,00,UNITED STATES,,,32,NV,89512,YEAR,ANNUAL,,ALL UTILIZATION PRACTICES,SALES,,2022,OPERATIONS
CROP TOTALS,"SALES: (LESS THAN 50,000 $)",CROP TOTALS,,SALES,CROP TOTALS - OPERATIONS WITH SALES,CENSUS,89519,,ZIP CODE,ALL CLASSES,00000000,NEVADA,9000,CROPS,ALL PRODUCTION PRACTICES,,2024-11-07 12:00:00.000,,00,,32,,5,00,UNITED STATES,,,32,NV,89519,YEAR,ANNUAL,,ALL UTILIZATION PRACTICES,SALES,,2022,OPERATIONS
CROP TOTALS,"SALES: (LESS THAN 50,000 $)",CROP TOTALS,,SALES,CROP TOTALS - OPERATIONS WITH SALES,CENSUS,89519,,ZIP CODE,ALL CLASSES,00000000,NEVADA,9000,CROPS,ALL PRODUCTION PRACTICES,,2018-02-01 12:00:00.000,,00,,32,,5,00,UNITED STATES,,,32,NV,89519,YEAR,ANNUAL,,ALL UTILIZATION PRACTICES,SALES,,2017,OPERATIONS
CROP TOTALS,"SALES: (LESS THAN 50,000 $)",CROP TOTALS,,SALES,CROP TOTALS - OPERATIONS WITH SALES,CENSUS,89521,,ZIP CODE,ALL CLASSES,00000000,NEVADA,9000,CROPS,ALL PRODUCTION PRACTICES,,2024-11-07 12:00:00.000,,00,,32,,4,00,UNITED STATES,,,32,NV,89521,YEAR,ANNUAL,,ALL UTILIZATION PRACTICES,SALES,,2022,OPERATIONS
CROP TOTALS,"SALES: (LESS THAN 50,000 $)",CROP TOTALS,,SALES,CROP TOTALS - OPERATIONS WITH SALES,CENSUS,89521,,ZIP CODE,ALL CLASSES,00000000,NEVADA,9000,CROPS,ALL PRODUCTION PRACTICES,,2018-02-01 12:00:00.000,,00,,32,,1,00,UNITED STATES,,,32,NV,89521,YEAR,ANNUAL,,ALL UTILIZATION PRACTICES,SALES,,2017,OPERATIONS
CROP TOTALS,"SALES: (LESS THAN 50,000 $)",CROP TOTALS,,SALES,CROP TOTALS - OPERATIONS WITH SALES,CENSUS,89521,,ZIP CODE,ALL CLASSES,00000000,NEVADA,9000,CROPS,ALL PRODUCTION PRACTICES,,2012-01-01 00:00:00.000,,00,,32,,2,00,UNITED STATES,,,32,NV,89521,YEAR,ANNUAL,,ALL UTILIZATION PRACTICES,SALES,,2007,OPERATIONS
CROP TOTALS,"SALES: (LESS THAN 50,000 $)",CROP TOTALS,,SALES,CROP TOTALS - OPERATIONS WITH SALES,CENSUS,89523,,ZIP CODE,ALL CLASSES,00000000,NEVADA,9000,CROPS,ALL PRODUCTION PRACTICES,,2024-11-07 12:00:00.000,,00,,32,,5,00,UNITED STATES,,,32,NV,89523,YEAR,ANNUAL,,ALL UTILIZATION PRACTICES,SALES,,2022,OPERATIONS
CROP TOTALS,"SALES: (LESS THAN 50,000 $)",CROP TOTALS,,SALES,CROP TOTALS - OPERATIONS WITH SALES,CENSUS,89523,,ZIP CODE,ALL CLASSES,00000000,NEVADA,9000,CROPS,ALL PRODUCTION PRACTICES,,2018-02-01 12:00:00.000,,00,,32,,1,00,UNITED STATES,,,32,NV,89523,YEAR,ANNUAL,,ALL UTILIZATION PRACTICES,SALES,,2017,OPERATIONS
CROP TOTALS,"SALES: (LESS THAN 50,000 $)",CROP TOTALS,,SALES,CROP TOTALS - OPERATIONS WITH SALES,CENSUS,89523,,ZIP CODE,ALL CLASSES,00000000,NEVADA,9000,CROPS,ALL PRODUCTION PRACTICES,,2012-01-01 00:00:00.000,,00,,32,,2,00,UNITED STATES,,,32,NV,89523,YEAR,ANNUAL,,ALL UTILIZATION PRACTICES,SALES,,2007,OPERATIONS
CROP TOTALS,"SALES: (LESS THAN 50,000 $)",CROP TOTALS,,SALES,CROP TOTALS - OPERATIONS WITH SALES,CENSUS,89701,,ZIP CODE,ALL CLASSES,00000000,NEVADA,9000,CROPS,ALL PRODUCTION PRACTICES,,2024-11-07 12:00:00.000,,00,,32,,4,00,UNITED STATES,,,32,NV,89701,YEAR,ANNUAL,,ALL UTILIZATION PRACTICES,SALES,,2022,OPERATIONS
CROP TOTALS,"SALES: (LESS THAN 50,000 $)",CROP TOTALS,,SALES,CROP TOTALS - OPERATIONS WITH SALES,CENSUS,89701,,ZIP CODE,ALL CLASSES,00000000,NEVADA,9000,CROPS,ALL PRODUCTION PRACTICES,,2018-02-01 12:00:00.000,,00,,32,,5,00,UNITED STATES,,,32,NV,89701,YEAR,ANNUAL,,ALL UTILIZATION PRACTICES,SALES,,2017,OPERATIONS
CROP TOTALS,"SALES: (LESS THAN 50,000 $)",CROP TOTALS,,SALES,CROP TOTALS - OPERATIONS WITH SALES,CENSUS,89701,,ZIP CODE,ALL CLASSES,00000000,NEVADA,9000,CROPS,ALL PRODUCTION PRACTICES,,2012-01-01 00:00:00.000,,00,,32,,3,00,UNITED STATES,,,32,NV,89701,YEAR,ANNUAL,,ALL UTILIZATION PRACTICES,SALES,,2007,OPERATIONS
CROP TOTALS,"SALES: (LESS THAN 50,000 $)",CROP TOTALS,,SALES,CROP TOTALS - OPERATIONS WITH SALES,CENSUS,89702,,ZIP CODE,ALL CLASSES,00000000,NEVADA,9000,CROPS,ALL PRODUCTION PRACTICES,,2012-01-01 00:00:00.000,,00,,32,,3,00,UNITED STATES,,,32,NV,89702,YEAR,ANNUAL,,ALL UTILIZATION PRACTICES,SALES,,2007,OPERATIONS
CROP TOTALS,"SALES: (LESS THAN 50,000 $)",CROP TOTALS,,SALES,CROP TOTALS - OPERATIONS WITH SALES,CENSUS,89703,,ZIP CODE,ALL CLASSES,00000000,NEVADA,9000,CROPS,ALL PRODUCTION PRACTICES,,2024-11-07 12:00:00.000,,00,,32,,5,00,UNITED STATES,,,32,NV,89703,YEAR,ANNUAL,,ALL UTILIZATION PRACTICES,SALES,,2022,OPERATIONS
CROP TOTALS,"SALES: (LESS THAN 50,000 $)",CROP TOTALS,,SALES,CROP TOTALS - OPERATIONS WITH SALES,CENSUS,89703,,ZIP CODE,ALL CLASSES,00000000,NEVADA,9000,CROPS,ALL PRODUCTION PRACTICES,,2012-01-01 00:00:00.000,,00,,32,,2,00,UNITED STATES,,,32,NV,89703,YEAR,ANNUAL,,ALL UTILIZATION PRACTICES,SALES,,2007,OPERATIONS
CROP TOTALS,"SALES: (LESS THAN 50,000 $)",CROP TOTALS,,SALES,CROP TOTALS - OPERATIONS WITH SALES,CENSUS,89704,,ZIP CODE,ALL CLASSES,00000000,NEVADA,9000,CROPS,ALL PRODUCTION PRACTICES,,2024-11-07 12:00:00.000,,00,,32,,13,00,UNITED STATES,,,32,NV,89704,YEAR,ANNUAL,,ALL UTILIZATION PRACTICES,SALES,,2022,OPERATIONS
CROP TOTALS,"SALES: (LESS THAN 50,000 $)",CROP TOTALS,,SALES,CROP TOTALS - OPERATIONS WITH SALES,CENSUS,89704,,ZIP CODE,ALL CLASSES,00000000,NEVADA,9000,CROPS,ALL PRODUCTION PRACTICES,,2018-02-01 12:00:00.000,,00,,32,,26,00,UNITED STATES,,,32,NV,89704,YEAR,ANNUAL,,ALL UTILIZATION PRACTICES,SALES,,2017,OPERATIONS
CROP TOTALS,"SALES: (LESS THAN 50,000 $)",CROP TOTALS,,SALES,CROP TOTALS - OPERATIONS WITH SALES,CENSUS,89704,,ZIP CODE,ALL CLASSES,00000000,NEVADA,9000,CROPS,ALL PRODUCTION PRACTICES,,2012-01-01 00:00:00.000,,00,,32,,9,00,UNITED STATES,,,32,NV,89704,YEAR,ANNUAL,,ALL UTILIZATION PRACTICES,SALES,,2007,OPERATIONS
CROP TOTALS,"SALES: (LESS THAN 50,000 $)",CROP TOTALS,,SALES,CROP TOTALS - OPERATIONS WITH SALES,CENSUS,89705,,ZIP CODE,ALL CLASSES,00000000,NEVADA,9000,CROPS,ALL PRODUCTION PRACTICES,,2012-01-01 00:00:00.000,,00,,32,,1,00,UNITED STATES,,,32,NV,89705,YEAR,ANNUAL,,ALL UTILIZATION PRACTICES,SALES,,2007,OPERATIONS
CROP TOTALS,"SALES: (LESS THAN 50,000 $)",CROP TOTALS,,SALES,CROP TOTALS - OPERATIONS WITH SALES,CENSUS,89706,,ZIP CODE,ALL CLASSES,00000000,NEVADA,9000,CROPS,ALL PRODUCTION PRACTICES,,2018-02-01 12:00:00.000,,00,,32,,1,00,UNITED STATES,,,32,NV,89706,YEAR,ANNUAL,,ALL UTILIZATION PRACTICES,SALES,,2017,OPERATIONS
CROP TOTALS,"SALES: (LESS THAN 50,000 $)",CROP TOTALS,,SALES,CROP TOTALS - OPERATIONS WITH SALES,CENSUS,89706,,ZIP CODE,ALL CLASSES,00000000,NEVADA,9000,CROPS,ALL PRODUCTION PRACTICES,,2012-01-01 00:00:00.000,,00,,32,,1,00,UNITED STATES,,,32,NV,89706,YEAR,ANNUAL,,ALL UTILIZATION PRACTICES,SALES,,2007,OPERATIONS
CROP TOTALS,"SALES: (LESS THAN 50,000 $)",CROP TOTALS,,SALES,CROP TOTALS - OPERATIONS WITH SALES,CENSUS,89801,,ZIP CODE,ALL CLASSES,00000000,NEVADA,9000,CROPS,ALL PRODUCTION PRACTICES,,2024-11-07 12:00:00.000,,00,,32,,8,00,UNITED STATES,,,32,NV,89801,YEAR,ANNUAL,,ALL UTILIZATION PRACTICES,SALES,,2022,OPERATIONS
CROP TOTALS,"SALES: (LESS THAN 50,000 $)",CROP TOTALS,,SALES,CROP TOTALS - OPERATIONS WITH SALES,CENSUS,89801,,ZIP CODE,ALL CLASSES,00000000,NEVADA,9000,CROPS,ALL PRODUCTION PRACTICES,,2018-02-01 12:00:00.000,,00,,32,,18,00,UNITED STATES,,,32,NV,89801,YEAR,ANNUAL,,ALL UTILIZATION PRACTICES,SALES,,2017,OPERATIONS
CROP TOTALS,"SALES: (LESS THAN 50,000 $)",CROP TOTALS,,SALES,CROP TOTALS - OPERATIONS WITH SALES,CENSUS,89801,,ZIP CODE,ALL CLASSES,00000000,NEVADA,9000,CROPS,ALL PRODUCTION PRACTICES,,2012-01-01 00:00:00.000,,00,,32,,2,00,UNITED STATES,,,32,NV,89801,YEAR,ANNUAL,,ALL UTILIZATION PRACTICES,SALES,,2007,OPERATIONS
CROP TOTALS,"SALES: (LESS THAN 50,000 $)",CROP TOTALS,,SALES,CROP TOTALS - OPERATIONS WITH SALES,CENSUS,89802,,ZIP CODE,ALL CLASSES,00000000,NEVADA,9000,CROPS,ALL PRODUCTION PRACTICES,,2012-01-01 00:00:00.000,,00,,32,,1,00,UNITED STATES,,,32,NV,89802,YEAR,ANNUAL,,ALL UTILIZATION PRACTICES,SALES,,2007,OPERATIONS
CROP TOTALS,"SALES: (LESS THAN 50,000 $)",CROP TOTALS,,SALES,CROP TOTALS - OPERATIONS WITH SALES,CENSUS,89803,,ZIP CODE,ALL CLASSES,00000000,NEVADA,9000,CROPS,ALL PRODUCTION PRACTICES,,2024-11-07 12:00:00.000,,00,,32,,5,00,UNITED STATES,,,32,NV,89803,YEAR,ANNUAL,,ALL UTILIZATION PRACTICES,SALES,,2022,OPERATIONS
CROP TOTALS,"SALES: (LESS THAN 50,000 $)",CROP TOTALS,,SALES,CROP TOTALS - OPERATIONS WITH SALES,CENSUS,89803,,ZIP CODE,ALL CLASSES,00000000,NEVADA,9000,CROPS,ALL PRODUCTION PRACTICES,,2018-02-01 12:00:00.000,,00,,32,,6,00,UNITED STATES,,,32,NV,89803,YEAR,ANNUAL,,ALL UTILIZATION PRACTICES,SALES,,2017,OPERATIONS
CROP TOTALS,"SALES: (LESS THAN 50,000 $)",CROP TOTALS,,SALES,CROP TOTALS - OPERATIONS WITH SALES,CENSUS,89803,,ZIP CODE,ALL CLASSES,00000000,NEVADA,9000,CROPS,ALL PRODUCTION PRACTICES,,2012-01-01 00:00:00.000,,00,,32,,3,00,UNITED STATES,,,32,NV,89803,YEAR,ANNUAL,,ALL UTILIZATION PRACTICES,SALES,,2007,OPERATIONS
CROP TOTALS,"SALES: (LESS THAN 50,000 $)",CROP TOTALS,,SALES,CROP TOTALS - OPERATIONS WITH SALES,CENSUS,89815,,ZIP CODE,ALL CLASSES,00000000,NEVADA,9000,CROPS,ALL PRODUCTION PRACTICES,,2024-11-07 12:00:00.000,,00,,32,,14,00,UNITED STATES,,,32,NV,89815,YEAR,ANNUAL,,ALL UTILIZATION PRACTICES,SALES,,2022,OPERATIONS
CROP TOTALS,"SALES: (LESS THAN 50,000 $)",CROP TOTALS,,SALES,CROP TOTALS - OPERATIONS WITH SALES,CENSUS,89815,,ZIP CODE,ALL CLASSES,00000000,NEVADA,9000,CROPS,ALL PRODUCTION PRACTICES,,2018-02-01 12:00:00.000,,00,,32,,11,00,UNITED STATES,,,32,NV,89815,YEAR,ANNUAL,,ALL UTILIZATION PRACTICES,SALES,,2017,OPERATIONS
CROP TOTALS,"SALES: (LESS THAN 50,000 $)",CROP TOTALS,,SALES,CROP TOTALS - OPERATIONS WITH SALES,CENSUS,89815,,ZIP CODE,ALL CLASSES,00000000,NEVADA,9000,CROPS,ALL PRODUCTION PRACTICES,,2012-01-01 00:00:00.000,,00,,32,,7,00,UNITED STATES,,,32,NV,89815,YEAR,ANNUAL,,ALL UTILIZATION PRACTICES,SALES,,2007,OPERATIONS
CROP TOTALS,"SALES: (LESS THAN 50,000 $)",CROP TOTALS,,SALES,CROP TOTALS - OPERATIONS WITH SALES,CENSUS,89820,,ZIP CODE,ALL CLASSES,00000000,NEVADA,9000,CROPS,ALL PRODUCTION PRACTICES,,2024-11-07 12:00:00.000,,00,,32,,1,00,UNITED STATES,,,32,NV,89820,YEAR,ANNUAL,,ALL UTILIZATION PRACTICES,SALES,,2022,OPERATIONS
CROP TOTALS,"SALES: (LESS THAN 50,000 $)",CROP TOTALS,,SALES,CROP TOTALS - OPERATIONS WITH SALES,CENSUS,89820,,ZIP CODE,ALL CLASSES,00000000,NEVADA,9000,CROPS,ALL PRODUCTION PRACTICES,,2018-02-01 12:00:00.000,,00,,32,,7,00,UNITED STATES,,,32,NV,89820,YEAR,ANNUAL,,ALL UTILIZATION PRACTICES,SALES,,2017,OPERATIONS
CROP TOTALS,"SALES: (LESS THAN 50,000 $)",CROP TOTALS,,SALES,CROP TOTALS - OPERATIONS WITH SALES,CENSUS,89820,,ZIP CODE,ALL CLASSES,00000000,NEVADA,9000,CROPS,ALL PRODUCTION PRACTICES,,2012-01-01 00:00:00.000,,00,,32,,4,00,UNITED STATES,,,32,NV,89820,YEAR,ANNUAL,,ALL UTILIZATION PRACTICES,SALES,,2007,OPERATIONS
CROP TOTALS,"SALES: (LESS THAN 50,000 $)",CROP TOTALS,,SALES,CROP TOTALS - OPERATIONS WITH SALES,CENSUS,89822,,ZIP CODE,ALL CLASSES,00000000,NEVADA,9000,CROPS,ALL PRODUCTION PRACTICES,,2024-11-07 12:00:00.000,,00,,32,,3,00,UNITED STATES,,,32,NV,89822,YEAR,ANNUAL,,ALL UTILIZATION PRACTICES,SALES,,2022,OPERATIONS
CROP TOTALS,"SALES: (LESS THAN 50,000 $)",CROP TOTALS,,SALES,CROP TOTALS - OPERATIONS WITH SALES,CENSUS,89822,,ZIP CODE,ALL CLASSES,00000000,NEVADA,9000,CROPS,ALL PRODUCTION PRACTICES,,2012-01-01 00:00:00.000,,00,,32,,3,00,UNITED STATES,,,32,NV,89822,YEAR,ANNUAL,,ALL UTILIZATION PRACTICES,SALES,,2007,OPERATIONS
CROP TOTALS,"SALES: (LESS THAN 50,000 $)",CROP TOTALS,,SALES,CROP TOTALS - OPERATIONS WITH SALES,CENSUS,89823,,ZIP CODE,ALL CLASSES,00000000,NEVADA,9000,CROPS,ALL PRODUCTION PRACTICES,,2024-11-07 12:00:00.000,,00,,32,,3,00,UNITED STATES,,,32,NV,89823,YEAR,ANNUAL,,ALL UTILIZATION PRACTICES,SALES,,2022,OPERATIONS
CROP TOTALS,"SALES: (LESS THAN 50,000 $)",CROP TOTALS,,SALES,CROP TOTALS - OPERATIONS WITH SALES,CENSUS,89823,,ZIP CODE,ALL CLASSES,00000000,NEVADA,9000,CROPS,ALL PRODUCTION PRACTICES,,2018-02-01 12:00:00.000,,00,,32,,4,00,UNITED STATES,,,32,NV,89823,YEAR,ANNUAL,,ALL UTILIZATION PRACTICES,SALES,,2017,OPERATIONS
CROP TOTALS,"SALES: (LESS THAN 50,000 $)",CROP TOTALS,,SALES,CROP TOTALS - OPERATIONS WITH SALES,CENSUS,89823,,ZIP CODE,ALL CLASSES,00000000,NEVADA,9000,CROPS,ALL PRODUCTION PRACTICES,,2012-01-01 00:00:00.000,,00,,32,,3,00,UNITED STATES,,,32,NV,89823,YEAR,ANNUAL,,ALL UTILIZATION PRACTICES,SALES,,2007,OPERATIONS
CROP TOTALS,"SALES: (LESS THAN 50,000 $)",CROP TOTALS,,SALES,CROP TOTALS - OPERATIONS WITH SALES,CENSUS,89824,,ZIP CODE,ALL CLASSES,00000000,NEVADA,9000,CROPS,ALL PRODUCTION PRACTICES,,2012-01-01 00:00:00.000,,00,,32,,2,00,UNITED STATES,,,32,NV,89824,YEAR,ANNUAL,,ALL UTILIZATION PRACTICES,SALES,,2007,OPERATIONS
CROP TOTALS,"SALES: (LESS THAN 50,000 $)",CROP TOTALS,,SALES,CROP TOTALS - OPERATIONS WITH SALES,CENSUS,89828,,ZIP CODE,ALL CLASSES,00000000,NEVADA,9000,CROPS,ALL PRODUCTION PRACTICES,,2024-11-07 12:00:00.000,,00,,32,,13,00,UNITED STATES,,,32,NV,89828,YEAR,ANNUAL,,ALL UTILIZATION PRACTICES,SALES,,2022,OPERATIONS
CROP TOTALS,"SALES: (LESS THAN 50,000 $)",CROP TOTALS,,SALES,CROP TOTALS - OPERATIONS WITH SALES,CENSUS,89828,,ZIP CODE,ALL CLASSES,00000000,NEVADA,9000,CROPS,ALL PRODUCTION PRACTICES,,2018-02-01 12:00:00.000,,00,,32,,13,00,UNITED STATES,,,32,NV,89828,YEAR,ANNUAL,,ALL UTILIZATION PRACTICES,SALES,,2017,OPERATIONS
CROP TOTALS,"SALES: (LESS THAN 50,000 $)",CROP TOTALS,,SALES,CROP TOTALS - OPERATIONS WITH SALES,CENSUS,89828,,ZIP CODE,ALL CLASSES,00000000,NEVADA,9000,CROPS,ALL PRODUCTION PRACTICES,,2012-01-01 00:00:00.000,,00,,32,,7,00,UNITED STATES,,,32,NV,89828,YEAR,ANNUAL,,ALL UTILIZATION PRACTICES,SALES,,2007,OPERATIONS
CROP TOTALS,"SALES: (LESS THAN 50,000 $)",CROP TOTALS,,SALES,CROP TOTALS - OPERATIONS WITH SALES,CENSUS,89831,,ZIP CODE,ALL CLASSES,00000000,NEVADA,9000,CROPS,ALL PRODUCTION PRACTICES,,2018-02-01 12:00:00.000,,00,,32,,1,00,UNITED STATES,,,32,NV,89831,YEAR,ANNUAL,,ALL UTILIZATION PRACTICES,SALES,,2017,OPERATIONS
CROP TOTALS,"SALES: (LESS THAN 50,000 $)",CROP TOTALS,,SALES,CROP TOTALS - OPERATIONS WITH SALES,CENSUS,89832,,ZIP CODE,ALL CLASSES,00000000,NEVADA,9000,CROPS,ALL PRODUCTION PRACTICES,,2024-11-07 12:00:00.000,,00,,32,,12,00,UNITED STATES,,,32,NV,89832,YEAR,ANNUAL,,ALL UTILIZATION PRACTICES,SALES,,2022,OPERATIONS
CROP TOTALS,"SALES: (LESS THAN 50,000 $)",CROP TOTALS,,SALES,CROP TOTALS - OPERATIONS WITH SALES,CENSUS,89832,,ZIP CODE,ALL CLASSES,00000000,NEVADA,9000,CROPS,ALL PRODUCTION PRACTICES,,2018-02-01 12:00:00.000,,00,,32,,18,00,UNITED STATES,,,32,NV,89832,YEAR,ANNUAL,,ALL UTILIZATION PRACTICES,SALES,,2017,OPERATIONS
CROP TOTALS,"SALES: (LESS THAN 50,000 $)",CROP TOTALS,,SALES,CROP TOTALS - OPERATIONS WITH SALES,CENSUS,89832,,ZIP CODE,ALL CLASSES,00000000,NEVADA,9000,CROPS,ALL PRODUCTION PRACTICES,,2012-01-01 00:00:00.000,,00,,32,,19,00,UNITED STATES,,,32,NV,89832,YEAR,ANNUAL,,ALL UTILIZATION PRACTICES,SALES,,2007,OPERATIONS
CROP TOTALS,"SALES: (LESS THAN 50,000 $)",CROP TOTALS,,SALES,CROP TOTALS - OPERATIONS WITH SALES,CENSUS,89833,,ZIP CODE,ALL CLASSES,00000000,NEVADA,9000,CROPS,ALL PRODUCTION PRACTICES,,2018-02-01 12:00:00.000,,00,,32,,4,00,UNITED STATES,,,32,NV,89833,YEAR,ANNUAL,,ALL UTILIZATION PRACTICES,SALES,,2017,OPERATIONS
CROP TOTALS,"SALES: (LESS THAN 50,000 $)",CROP TOTALS,,SALES,CROP TOTALS - OPERATIONS WITH SALES,CENSUS,89833,,ZIP CODE,ALL CLASSES,00000000,NEVADA,9000,CROPS,ALL PRODUCTION PRACTICES,,2012-01-01 00:00:00.000,,00,,32,,2,00,UNITED STATES,,,32,NV,89833,YEAR,ANNUAL,,ALL UTILIZATION PRACTICES,SALES,,2007,OPERATIONS
CROP TOTALS,"SALES: (LESS THAN 50,000 $)",CROP TOTALS,,SALES,CROP TOTALS - OPERATIONS WITH SALES,CENSUS,89834,,ZIP CODE,ALL CLASSES,00000000,NEVADA,9000,CROPS,ALL PRODUCTION PRACTICES,,2018-02-01 12:00:00.000,,00,,32,,2,00,UNITED STATES,,,32,NV,89834,YEAR,ANNUAL,,ALL UTILIZATION PRACTICES,SALES,,2017,OPERATIONS
CROP TOTALS,"SALES: (LESS THAN 50,000 $)",CROP TOTALS,,SALES,CROP TOTALS - OPERATIONS WITH SALES,CENSUS,89834,,ZIP CODE,ALL CLASSES,00000000,NEVADA,9000,CROPS,ALL PRODUCTION PRACTICES,,2012-01-01 00:00:00.000,,00,,32,,2,00,UNITED STATES,,,32,NV,89834,YEAR,ANNUAL,,ALL UTILIZATION PRACTICES,SALES,,2007,OPERATIONS
CROP TOTALS,"SALES: (LESS THAN 50,000 $)",CROP TOTALS,,SALES,CROP TOTALS - OPERATIONS WITH SALES,CENSUS,89835,,ZIP CODE,ALL CLASSES,00000000,NEVADA,9000,CROPS,ALL PRODUCTION PRACTICES,,2018-02-01 12:00:00.000,,00,,32,,9,00,UNITED STATES,,,32,NV,89835,YEAR,ANNUAL,,ALL UTILIZATION PRACTICES,SALES,,2017,OPERATIONS
CROP TOTALS,"SALES: (LESS THAN 50,000 $)",CROP TOTALS,,SALES,CROP TOTALS - OPERATIONS WITH SALES,CENSUS,89835,,ZIP CODE,ALL CLASSES,00000000,NEVADA,9000,CROPS,ALL PRODUCTION PRACTICES,,2012-01-01 00:00:00.000,,00,,32,,9,00,UNITED STATES,,,32,NV,89835,YEAR,ANNUAL,,ALL UTILIZATION PRACTICES,SALES,,2007,OPERATIONS
CROP TOTALS,"SALES: (LESS THAN 50,000 $)",CROP TOTALS,,SALES,CROP TOTALS - OPERATIONS WITH SALES,CENSUS,89883,,ZIP CODE,ALL CLASSES,00000000,NEVADA,9000,CROPS,ALL PRODUCTION PRACTICES,,2018-02-01 12:00:00.000,,00,,32,,2,00,UNITED STATES,,,32,NV,89883,YEAR,ANNUAL,,ALL UTILIZATION PRACTICES,SALES,,2017,OPERATIONS
CROP TOTALS,"SALES: (LESS THAN 50,000 $)",CROP TOTALS,,SALES,CROP TOTALS - OPERATIONS WITH SALES,CENSUS,99999,,ZIP CODE,ALL CLASSES,00000000,NEVADA,9000,CROPS,ALL PRODUCTION PRACTICES,,2024-11-07 12:00:00.000,,00,,32,,15,00,UNITED STATES,,,32,NV,99999,YEAR,ANNUAL,,ALL UTILIZATION PRACTICES,SALES,,2022,OPERATIONS
CROP TOTALS,"SALES: (LESS THAN 50,000 $)",CROP TOTALS,,SALES,CROP TOTALS - OPERATIONS WITH SALES,CENSUS,99999,,ZIP CODE,ALL CLASSES,00000000,NEVADA,9000,CROPS,ALL PRODUCTION PRACTICES,,2018-02-01 12:00:00.000,,00,,32,,30,00,UNITED STATES,,,32,NV,99999,YEAR,ANNUAL,,ALL UTILIZATION PRACTICES,SALES,,2017,OPERATIONS
CROP TOTALS,"SALES: (LESS THAN 50,000 $)",CROP TOTALS,,SALES,CROP TOTALS - OPERATIONS WITH SALES,CENSUS,99999,,ZIP CODE,ALL CLASSES,00000000,NEVADA,9000,CROPS,ALL PRODUCTION PRACTICES,,2012-01-01 00:00:00.000,,00,,32,,13,00,UNITED STATES,,,32,NV,99999,YEAR,ANNUAL,,ALL UTILIZATION PRACTICES,SALES,,2007,OPERATIONS
CROP TOTALS,NOT SPECIFIED,CROP TOTALS,17.6,SALES,CROP TOTALS - OPERATIONS WITH SALES,CENSUS,,,COUNTY,ALL CLASSES,00000000,NEVADA,9000,CROPS,ALL PRODUCTION PRACTICES,NORTHWEST,2024-07-02 12:00:00.000,001,00,,32,CHURCHILL,250,00,UNITED STATES,10,001,32,NV,"NEVADA, NORTHWEST, CHURCHILL",YEAR,ANNUAL,,ALL UTILIZATION PRACTICES,TOTAL,,2022,OPERATIONS
CROP TOTALS,NOT SPECIFIED,CROP TOTALS,31.9,SALES,CROP TOTALS - OPERATIONS WITH SALES,CENSUS,,,COUNTY,ALL CLASSES,00000000,NEVADA,9000,CROPS,ALL PRODUCTION PRACTICES,NORTHWEST,2018-02-01 00:00:00.000,001,00,,32,CHURCHILL,263,00,UNITED STATES,10,001,32,NV,"NEVADA, NORTHWEST, CHURCHILL",YEAR,ANNUAL,,ALL UTILIZATION PRACTICES,TOTAL,,2017,OPERATIONS
CROP TOTALS,NOT SPECIFIED,CROP TOTALS,40.7,SALES,CROP TOTALS - OPERATIONS WITH SALES,CENSUS,,,COUNTY,ALL CLASSES,00000000,NEVADA,9000,CROPS,ALL PRODUCTION PRACTICES,NORTHWEST,2012-12-31 00:00:00.000,001,00,,32,CHURCHILL,299,00,UNITED STATES,10,001,32,NV,"NEVADA, NORTHWEST, CHURCHILL",YEAR,ANNUAL,,ALL UTILIZATION PRACTICES,TOTAL,,2012,OPERATIONS
CROP TOTALS,NOT SPECIFIED,CROP TOTALS,,SALES,CROP TOTALS - OPERATIONS WITH SALES,CENSUS,,,COUNTY,ALL CLASSES,00000000,NEVADA,9000,CROPS,ALL PRODUCTION PRACTICES,NORTHWEST,2012-01-01 00:00:00.000,001,00,,32,CHURCHILL,249,00,UNITED STATES,10,001,32,NV,"NEVADA, NORTHWEST, CHURCHILL",YEAR,ANNUAL,,ALL UTILIZATION PRACTICES,TOTAL,,2007,OPERATIONS
CROP TOTALS,NOT SPECIFIED,CROP TOTALS,,SALES,CROP TOTALS - OPERATIONS WITH SALES,CENSUS,,,COUNTY,ALL CLASSES,00000000,NEVADA,9000,CROPS,ALL PRODUCTION PRACTICES,NORTHWEST,2012-01-01 00:00:00.000,001,00,,32,CHURCHILL,230,00,UNITED STATES,10,001,32,NV,"NEVADA, NORTHWEST, CHURCHILL",YEAR,ANNUAL,,ALL UTILIZATION PRACTICES,TOTAL,,2002,OPERATIONS
CROP TOTALS,NOT SPECIFIED,CROP TOTALS,,SALES,CROP TOTALS - OPERATIONS WITH SALES,CENSUS,,,COUNTY,ALL CLASSES,00000000,NEVADA,9000,CROPS,ALL PRODUCTION PRACTICES,NORTHWEST,2012-01-01 00:00:00.000,001,00,,32,CHURCHILL,311,00,UNITED STATES,10,001,32,NV,"NEVADA, NORTHWEST, CHURCHILL",YEAR,ANNUAL,,ALL UTILIZATION PRACTICES,TOTAL,,1997,OPERATIONS
CROP TOTALS,NOT SPECIFIED,CROP TOTALS,17.6,SALES,CROP TOTALS - OPERATIONS WITH SALES,CENSUS,,,COUNTY,ALL CLASSES,00000000,NEVADA,9000,CROPS,ALL PRODUCTION PRACTICES,NORTHWEST,2024-07-02 12:00:00.000,005,00,,32,DOUGLAS,94,00,UNITED STATES,10,005,32,NV,"NEVADA, NORTHWEST, DOUGLAS",YEAR,ANNUAL,,ALL UTILIZATION PRACTICES,TOTAL,,2022,OPERATIONS
CROP TOTALS,NOT SPECIFIED,CROP TOTALS,31.9,SALES,CROP TOTALS - OPERATIONS WITH SALES,CENSUS,,,COUNTY,ALL CLASSES,00000000,NEVADA,9000,CROPS,ALL PRODUCTION PRACTICES,NORTHWEST,2018-02-01 00:00:00.000,005,00,,32,DOUGLAS,100,00,UNITED STATES,10,005,32,NV,"NEVADA, NORTHWEST, DOUGLAS",YEAR,ANNUAL,,ALL UTILIZATION PRACTICES,TOTAL,,2017,OPERATIONS
CROP TOTALS,NOT SPECIFIED,CROP TOTALS,40.7,SALES,CROP TOTALS - OPERATIONS WITH SALES,CENSUS,,,COUNTY,ALL CLASSES,00000000,NEVADA,9000,CROPS,ALL PRODUCTION PRACTICES,NORTHWEST,2012-12-31 00:00:00.000,005,00,,32,DOUGLAS,68,00,UNITED STATES,10,005,32,NV,"NEVADA, NORTHWEST, DOUGLAS",YEAR,ANNUAL,,ALL UTILIZATION PRACTICES,TOTAL,,2012,OPERATIONS
CROP TOTALS,NOT SPECIFIED,CROP TOTALS,,SALES,CROP TOTALS - OPERATIONS WITH SALES,CENSUS,,,COUNTY,ALL CLASSES,00000000,NEVADA,9000,CROPS,ALL PRODUCTION PRACTICES,NORTHWEST,2012-01-01 00:00:00.000,005,00,,32,DOUGLAS,59,00,UNITED STATES,10,005,32,NV,"NEVADA, NORTHWEST, DOUGLAS",YEAR,ANNUAL,,ALL UTILIZATION PRACTICES,TOTAL,,2007,OPERATIONS
CROP TOTALS,NOT SPECIFIED,CROP TOTALS,,SALES,CROP TOTALS - OPERATIONS WITH SALES,CENSUS,,,COUNTY,ALL CLASSES,00000000,NEVADA,9000,CROPS,ALL PRODUCTION PRACTICES,NORTHWEST,2012-01-01 00:00:00.000,005,00,,32,DOUGLAS,44,00,UNITED STATES,10,005,32,NV,"NEVADA, NORTHWEST, DOUGLAS",YEAR,ANNUAL,,ALL UTILIZATION PRACTICES,TOTAL,,2002,OPERATIONS
CROP TOTALS,NOT SPECIFIED,CROP TOTALS,,SALES,CROP TOTALS - OPERATIONS WITH SALES,CENSUS,,,COUNTY,ALL CLASSES,00000000,NEVADA,9000,CROPS,ALL PRODUCTION PRACTICES,NORTHWEST,2012-01-01 00:00:00.000,005,00,,32,DOUGLAS,56,00,UNITED STATES,10,005,32,NV,"NEVADA, NORTHWEST, DOUGLAS",YEAR,ANNUAL,,ALL UTILIZATION PRACTICES,TOTAL,,1997,OPERATIONS
CROP TOTALS,NOT SPECIFIED,CROP TOTALS,17.6,SALES,CROP TOTALS - OPERATIONS WITH SALES,CENSUS,,,COUNTY,ALL CLASSES,00000000,NEVADA,9000,CROPS,ALL PRODUCTION PRACTICES,NORTHWEST,2024-07-02 12:00:00.000,013,00,,32,HUMBOLDT,95,00,UNITED STATES,10,013,32,NV,"NEVADA, NORTHWEST, HUMBOLDT",YEAR,ANNUAL,,ALL UTILIZATION PRACTICES,TOTAL,,2022,OPERATIONS
CROP TOTALS,NOT SPECIFIED,CROP TOTALS,31.9,SALES,CROP TOTALS - OPERATIONS WITH SALES,CENSUS,,,COUNTY,ALL CLASSES,00000000,NEVADA,9000,CROPS,ALL PRODUCTION PRACTICES,NORTHWEST,2018-02-01 00:00:00.000,013,00,,32,HUMBOLDT,143,00,UNITED STATES,10,013,32,NV,"NEVADA, NORTHWEST, HUMBOLDT",YEAR,ANNUAL,,ALL UTILIZATION PRACTICES,TOTAL,,2017,OPERATIONS
CROP TOTALS,NOT SPECIFIED,CROP TOTALS,40.7,SALES,CROP TOTALS - OPERATIONS WITH SALES,CENSUS,,,COUNTY,ALL CLASSES,00000000,NEVADA,9000,CROPS,ALL PRODUCTION PRACTICES,NORTHWEST,2012-12-31 00:00:00.000,013,00,,32,HUMBOLDT,139,00,UNITED STATES,10,013,32,NV,"NEVADA, NORTHWEST, HUMBOLDT",YEAR,ANNUAL,,ALL UTILIZATION PRACTICES,TOTAL,,2012,OPERATIONS
CROP TOTALS,NOT SPECIFIED,CROP TOTALS,,SALES,CROP TOTALS - OPERATIONS WITH SALES,CENSUS,,,COUNTY,ALL CLASSES,00000000,NEVADA,9000,CROPS,ALL PRODUCTION PRACTICES,NORTHWEST,2012-01-01 00:00:00.000,013,00,,32,HUMBOLDT,83,00,UNITED STATES,10,013,32,NV,"NEVADA, NORTHWEST, HUMBOLDT",YEAR,ANNUAL,,ALL UTILIZATION PRACTICES,TOTAL,,2007,OPERATIONS
CROP TOTALS,NOT SPECIFIED,CROP TOTALS,,SALES,CROP TOTALS - OPERATIONS WITH SALES,CENSUS,,,COUNTY,ALL CLASSES,00000000,NEVADA,9000,CROPS,ALL PRODUCTION PRACTICES,NORTHWEST,2012-01-01 00:00:00.000,013,00,,32,HUMBOLDT,89,00,UNITED STATES,10,013,32,NV,"NEVADA, NORTHWEST, HUMBOLDT",YEAR,ANNUAL,,ALL UTILIZATION PRACTICES,TOTAL,,2002,OPERATIONS
CROP TOTALS,NOT SPECIFIED,CROP TOTALS,,SALES,CROP TOTALS - OPERATIONS WITH SALES,CENSUS,,,COUNTY,ALL CLASSES,00000000,NEVADA,9000,CROPS,ALL PRODUCTION PRACTICES,NORTHWEST,2012-01-01 00:00:00.000,013,00,,32,HUMBOLDT,100,00,UNITED STATES,10,013,32,NV,"NEVADA, NORTHWEST, HUMBOLDT",YEAR,ANNUAL,,ALL UTILIZATION PRACTICES,TOTAL,,1997,OPERATIONS
CROP TOTALS,NOT SPECIFIED,CROP TOTALS,17.6,SALES,CROP TOTALS - OPERATIONS WITH SALES,CENSUS,,,COUNTY,ALL CLASSES,00000000,NEVADA,9000,CROPS,ALL PRODUCTION PRACTICES,NORTHWEST,2024-07-02 12:00:00.000,019,00,,32,LYON,132,00,UNITED STATES,10,019,32,NV,"NEVADA, NORTHWEST, LYON",YEAR,ANNUAL,,ALL UTILIZATION PRACTICES,TOTAL,,2022,OPERATIONS
CROP TOTALS,NOT SPECIFIED,CROP TOTALS,31.9,SALES,CROP TOTALS - OPERATIONS WITH SALES,CENSUS,,,COUNTY,ALL CLASSES,00000000,NEVADA,9000,CROPS,ALL PRODUCTION PRACTICES,NORTHWEST,2018-02-01 00:00:00.000,019,00,,32,LYON,159,00,UNITED STATES,10,019,32,NV,"NEVADA, NORTHWEST, LYON",YEAR,ANNUAL,,ALL UTILIZATION PRACTICES,TOTAL,,2017,OPERATIONS
CROP TOTALS,NOT SPECIFIED,CROP TOTALS,40.7,SALES,CROP TOTALS - OPERATIONS WITH SALES,CENSUS,,,COUNTY,ALL CLASSES,00000000,NEVADA,9000,CROPS,ALL PRODUCTION PRACTICES,NORTHWEST,2012-12-31 00:00:00.000,019,00,,32,LYON,199,00,UNITED STATES,10,019,32,NV,"NEVADA, NORTHWEST, LYON",YEAR,ANNUAL,,ALL UTILIZATION PRACTICES,TOTAL,,2012,OPERATIONS
CROP TOTALS,NOT SPECIFIED,CROP TOTALS,,SALES,CROP TOTALS - OPERATIONS WITH SALES,CENSUS,,,COUNTY,ALL CLASSES,00000000,NEVADA,9000,CROPS,ALL PRODUCTION PRACTICES,NORTHWEST,2012-01-01 00:00:00.000,019,00,,32,LYON,144,00,UNITED STATES,10,019,32,NV,"NEVADA, NORTHWEST, LYON",YEAR,ANNUAL,,ALL UTILIZATION PRACTICES,TOTAL,,2007,OPERATIONS
CROP TOTALS,NOT SPECIFIED,CROP TOTALS,,SALES,CROP TOTALS - OPERATIONS WITH SALES,CENSUS,,,COUNTY,ALL CLASSES,00000000,NEVADA,9000,CROPS,ALL PRODUCTION PRACTICES,NORTHWEST,2012-01-01 00:00:00.000,019,00,,32,LYON,143,00,UNITED STATES,10,019,32,NV,"NEVADA, NORTHWEST, LYON",YEAR,ANNUAL,,ALL UTILIZATION PRACTICES,TOTAL,,2002,OPERATIONS
CROP TOTALS,NOT SPECIFIED,CROP TOTALS,,SALES,CROP TOTALS - OPERATIONS WITH SALES,CENSUS,,,COUNTY,ALL CLASSES,00000000,NEVADA,9000,CROPS,ALL PRODUCTION PRACTICES,NORTHWEST,2012-01-01 00:00:00.000,019,00,,32,LYON,197,00,UNITED STATES,10,019,32,NV,"NEVADA, NORTHWEST, LYON",YEAR,ANNUAL,,ALL UTILIZATION PRACTICES,TOTAL,,1997,OPERATIONS
CROP TOTALS,NOT SPECIFIED,CROP TOTALS,17.6,SALES,CROP TOTALS - OPERATIONS WITH SALES,CENSUS,,,COUNTY,ALL CLASSES,00000000,NEVADA,9000,CROPS,ALL PRODUCTION PRACTICES,NORTHWEST,2024-07-02 12:00:00.000,027,00,,32,PERSHING,54,00,UNITED STATES,10,027,32,NV,"NEVADA, NORTHWEST, PERSHING",YEAR,ANNUAL,,ALL UTILIZATION PRACTICES,TOTAL,,2022,OPERATIONS
CROP TOTALS,NOT SPECIFIED,CROP TOTALS,31.9,SALES,CROP TOTALS - OPERATIONS WITH SALES,CENSUS,,,COUNTY,ALL CLASSES,00000000,NEVADA,9000,CROPS,ALL PRODUCTION PRACTICES,NORTHWEST,2018-02-01 00:00:00.000,027,00,,32,PERSHING,69,00,UNITED STATES,10,027,32,NV,"NEVADA, NORTHWEST, PERSHING",YEAR,ANNUAL,,ALL UTILIZATION PRACTICES,TOTAL,,2017,OPERATIONS
CROP TOTALS,NOT SPECIFIED,CROP TOTALS,40.7,SALES,CROP TOTALS - OPERATIONS WITH SALES,CENSUS,,,COUNTY,ALL CLASSES,00000000,NEVADA,9000,CROPS,ALL PRODUCTION PRACTICES,NORTHWEST,2012-12-31 00:00:00.000,027,00,,32,PERSHING,80,00,UNITED STATES,10,027,32,NV,"NEVADA, NORTHWEST, PERSHING",YEAR,ANNUAL,,ALL UTILIZATION PRACTICES,TOTAL,,2012,OPERATIONS
CROP TOTALS,NOT SPECIFIED,CROP TOTALS,,SALES,CROP TOTALS - OPERATIONS WITH SALES,CENSUS,,,COUNTY,ALL CLASSES,00000000,NEVADA,9000,CROPS,ALL PRODUCTION PRACTICES,NORTHWEST,2012-01-01 00:00:00.000,027,00,,32,PERSHING,70,00,UNITED STATES,10,027,32,NV,"NEVADA, NORTHWEST, PERSHING",YEAR,ANNUAL,,ALL UTILIZATION PRACTICES,TOTAL,,2007,OPERATIONS
CROP TOTALS,NOT SPECIFIED,CROP TOTALS,,SALES,CROP TOTALS - OPERATIONS WITH SALES,CENSUS,,,COUNTY,ALL CLASSES,00000000,NEVADA,9000,CROPS,ALL PRODUCTION PRACTICES,NORTHWEST,2012-01-01 00:00:00.000,027,00,,32,PERSHING,58,00,UNITED STATES,10,027,32,NV,"NEVADA, NORTHWEST, PERSHING",YEAR,ANNUAL,,ALL UTILIZATION PRACTICES,TOTAL,,2002,OPERATIONS
CROP TOTALS,NOT SPECIFIED,CROP TOTALS,,SALES,CROP TOTALS - OPERATIONS WITH SALES,CENSUS,,,COUNTY,ALL CLASSES,00000000,NEVADA,9000,CROPS,ALL PRODUCTION PRACTICES,NORTHWEST,2012-01-01 00:00:00.000,027,00,,32,PERSHING,68,00,UNITED STATES,10,027,32,NV,"NEVADA, NORTHWEST, PERSHING",YEAR,ANNUAL,,ALL UTILIZATION PRACTICES,TOTAL,,1997,OPERATIONS
CROP TOTALS,NOT SPECIFIED,CROP TOTALS,40.7,SALES,CROP TOTALS - OPERATIONS WITH SALES,CENSUS,,,COUNTY,ALL CLASSES,00000000,NEVADA,9000,CROPS,ALL PRODUCTION PRACTICES,NORTHWEST,2012-12-31 00:00:00.000,029,00,,32,STOREY,1,00,UNITED STATES,10,029,32,NV,"NEVADA, NORTHWEST, STOREY",YEAR,ANNUAL,,ALL UTILIZATION PRACTICES,TOTAL,,2012,OPERATIONS
CROP TOTALS,NOT SPECIFIED,CROP TOTALS,,SALES,CROP TOTALS - OPERATIONS WITH SALES,CENSUS,,,COUNTY,ALL CLASSES,00000000,NEVADA,9000,CROPS,ALL PRODUCTION PRACTICES,NORTHWEST,2012-01-01 00:00:00.000,029,00,,32,STOREY,1,00,UNITED STATES,10,029,32,NV,"NEVADA, NORTHWEST, STOREY",YEAR,ANNUAL,,ALL UTILIZATION PRACTICES,TOTAL,,2007,OPERATIONS
CROP TOTALS,NOT SPECIFIED,CROP TOTALS,,SALES,CROP TOTALS - OPERATIONS WITH SALES,CENSUS,,,COUNTY,ALL CLASSES,00000000,NEVADA,9000,CROPS,ALL PRODUCTION PRACTICES,NORTHWEST,2012-01-01 00:00:00.000,029,00,,32,STOREY,2,00,UNITED STATES,10,029,32,NV,"NEVADA, NORTHWEST, STOREY",YEAR,ANNUAL,,ALL UTILIZATION PRACTICES,TOTAL,,1997,OPERATIONS
CROP TOTALS,NOT SPECIFIED,CROP TOTALS,17.6,SALES,CROP TOTALS - OPERATIONS WITH SALES,CENSUS,,,COUNTY,ALL CLASSES,00000000,NEVADA,9000,CROPS,ALL PRODUCTION PRACTICES,NORTHWEST,2024-07-02 12:00:00.000,031,00,,32,WASHOE,92,00,UNITED STATES,10,031,32,NV,"NEVADA, NORTHWEST, WASHOE",YEAR,ANNUAL,,ALL UTILIZATION PRACTICES,TOTAL,,2022,OPERATIONS
CROP TOTALS,NOT SPECIFIED,CROP TOTALS,31.9,SALES,CROP TOTALS - OPERATIONS WITH SALES,CENSUS,,,COUNTY,ALL CLASSES,00000000,NEVADA,9000,CROPS,ALL PRODUCTION PRACTICES,NORTHWEST,2018-02-01 00:00:00.000,031,00,,32,WASHOE,101,00,UNITED STATES,10,031,32,NV,"NEVADA, NORTHWEST, WASHOE",YEAR,ANNUAL,,ALL UTILIZATION PRACTICES,TOTAL,,2017,OPERATIONS
CROP TOTALS,NOT SPECIFIED,CROP TOTALS,40.7,SALES,CROP TOTALS - OPERATIONS WITH SALES,CENSUS,,,COUNTY,ALL CLASSES,00000000,NEVADA,9000,CROPS,ALL PRODUCTION PRACTICES,NORTHWEST,2012-12-31 00:00:00.000,031,00,,32,WASHOE,103,00,UNITED STATES,10,031,32,NV,"NEVADA, NORTHWEST, WASHOE",YEAR,ANNUAL,,ALL UTILIZATION PRACTICES,TOTAL,,2012,OPERATIONS
CROP TOTALS,NOT SPECIFIED,CROP TOTALS,,SALES,CROP TOTALS - OPERATIONS WITH SALES,CENSUS,,,COUNTY,ALL CLASSES,00000000,NEVADA,9000,CROPS,ALL PRODUCTION PRACTICES,NORTHWEST,2012-01-01 00:00:00.000,031,00,,32,WASHOE,104,00,UNITED STATES,10,031,32,NV,"NEVADA, NORTHWEST, WASHOE",YEAR,ANNUAL,,ALL UTILIZATION PRACTICES,TOTAL,,2007,OPERATIONS
CROP TOTALS,NOT SPECIFIED,CROP TOTALS,,SALES,CROP TOTALS - OPERATIONS WITH SALES,CENSUS,,,COUNTY,ALL CLASSES,00000000,NEVADA,9000,CROPS,ALL PRODUCTION PRACTICES,NORTHWEST,2012-01-01 00:00:00.000,031,00,,32,WASHOE,50,00,UNITED STATES,10,031,32,NV,"NEVADA, NORTHWEST, WASHOE",YEAR,ANNUAL,,ALL UTILIZATION PRACTICES,TOTAL,,2002,OPERATIONS
CROP TOTALS,NOT SPECIFIED,CROP TOTALS,,SALES,CROP TOTALS - OPERATIONS WITH SALES,CENSUS,,,COUNTY,ALL CLASSES,00000000,NEVADA,9000,CROPS,ALL PRODUCTION PRACTICES,NORTHWEST,2012-01-01 00:00:00.000,031,00,,32,WASHOE,63,00,UNITED STATES,10,031,32,NV,"NEVADA, NORTHWEST, WASHOE",YEAR,ANNUAL,,ALL UTILIZATION PRACTICES,TOTAL,,1997,OPERATIONS
CROP TOTALS,NOT SPECIFIED,CROP TOTALS,17.6,SALES,CROP TOTALS - OPERATIONS WITH SALES,CENSUS,,,COUNTY,ALL CLASSES,00000000,NEVADA,9000,CROPS,ALL PRODUCTION PRACTICES,NORTHWEST,2024-07-02 12:00:00.000,510,00,,32,CARSON CITY,7,00,UNITED STATES,10,510,32,NV,"NEVADA, NORTHWEST, CARSON CITY",YEAR,ANNUAL,,ALL UTILIZATION PRACTICES,TOTAL,,2022,OPERATIONS
CROP TOTALS,NOT SPECIFIED,CROP TOTALS,31.9,SALES,CROP TOTALS - OPERATIONS WITH SALES,CENSUS,,,COUNTY,ALL CLASSES,00000000,NEVADA,9000,CROPS,ALL PRODUCTION PRACTICES,NORTHWEST,2018-02-01 00:00:00.000,510,00,,32,CARSON CITY,2,00,UNITED STATES,10,510,32,NV,"NEVADA, NORTHWEST, CARSON CITY",YEAR,ANNUAL,,ALL UTILIZATION PRACTICES,TOTAL,,2017,OPERATIONS
CROP TOTALS,NOT SPECIFIED,CROP TOTALS,40.7,SALES,CROP TOTALS - OPERATIONS WITH SALES,CENSUS,,,COUNTY,ALL CLASSES,00000000,NEVADA,9000,CROPS,ALL PRODUCTION PRACTICES,NORTHWEST,2012-12-31 00:00:00.000,510,00,,32,CARSON CITY,4,00,UNITED STATES,10,510,32,NV,"NEVADA, NORTHWEST, CARSON CITY",YEAR,ANNUAL,,ALL UTILIZATION PRACTICES,TOTAL,,2012,OPERATIONS
CROP TOTALS,NOT SPECIFIED,CROP TOTALS,,SALES,CROP TOTALS - OPERATIONS WITH SALES,CENSUS,,,COUNTY,ALL CLASSES,00000000,NEVADA,9000,CROPS,ALL PRODUCTION PRACTICES,NORTHWEST,2012-01-01 00:00:00.000,510,00,,32,CARSON CITY,5,00,UNITED STATES,10,510,32,NV,"NEVADA, NORTHWEST, CARSON CITY",YEAR,ANNUAL,,ALL UTILIZATION PRACTICES,TOTAL,,2007,OPERATIONS
CROP TOTALS,NOT SPECIFIED,CROP TOTALS,,SALES,CROP TOTALS - OPERATIONS WITH SALES,CENSUS,,,COUNTY,ALL CLASSES,00000000,NEVADA,9000,CROPS,ALL PRODUCTION PRACTICES,NORTHWEST,2012-01-01 00:00:00.000,510,00,,32,CARSON CITY,8,00,UNITED STATES,10,510,32,NV,"NEVADA, NORTHWEST, CARSON CITY",YEAR,ANNUAL,,ALL UTILIZATION PRACTICES,TOTAL,,2002,OPERATIONS
CROP TOTALS,NOT SPECIFIED,CROP TOTALS,,SALES,CROP TOTALS - OPERATIONS WITH SALES,CENSUS,,,COUNTY,ALL CLASSES,00000000,NEVADA,9000,CROPS,ALL PRODUCTION PRACTICES,NORTHWEST,2012-01-01 00:00:00.000,510,00,,32,CARSON CITY,6,00,UNITED STATES,10,510,32,NV,"NEVADA, NORTHWEST, CARSON CITY",YEAR,ANNUAL,,ALL UTILIZATION PRACTICES,TOTAL,,1997,OPERATIONS
CROP TOTALS,NOT SPECIFIED,CROP TOTALS,17.6,SALES,CROP TOTALS - OPERATIONS WITH SALES,CENSUS,,,COUNTY,ALL CLASSES,00000000,NEVADA,9000,CROPS,ALL PRODUCTION PRACTICES,NORTHEAST,2024-07-02 12:00:00.000,007,00,,32,ELKO,88,00,UNITED STATES,30,007,32,NV,"NEVADA, NORTHEAST, ELKO",YEAR,ANNUAL,,ALL UTILIZATION PRACTICES,TOTAL,,2022,OPERATIONS
CROP TOTALS,NOT SPECIFIED,CROP TOTALS,31.9,SALES,CROP TOTALS - OPERATIONS WITH SALES,CENSUS,,,COUNTY,ALL CLASSES,00000000,NEVADA,9000,CROPS,ALL PRODUCTION PRACTICES,NORTHEAST,2018-02-01 00:00:00.000,007,00,,32,ELKO,121,00,UNITED STATES,30,007,32,NV,"NEVADA, NORTHEAST, ELKO",YEAR,ANNUAL,,ALL UTILIZATION PRACTICES,TOTAL,,2017,OPERATIONS
CROP TOTALS,NOT SPECIFIED,CROP TOTALS,40.7,SALES,CROP TOTALS - OPERATIONS WITH SALES,CENSUS,,,COUNTY,ALL CLASSES,00000000,NEVADA,9000,CROPS,ALL PRODUCTION PRACTICES,NORTHEAST,2012-12-31 00:00:00.000,007,00,,32,ELKO,137,00,UNITED STATES,30,007,32,NV,"NEVADA, NORTHEAST, ELKO",YEAR,ANNUAL,,ALL UTILIZATION PRACTICES,TOTAL,,2012,OPERATIONS
CROP TOTALS,NOT SPECIFIED,CROP TOTALS,,SALES,CROP TOTALS - OPERATIONS WITH SALES,CENSUS,,,COUNTY,ALL CLASSES,00000000,NEVADA,9000,CROPS,ALL PRODUCTION PRACTICES,NORTHEAST,2012-01-01 00:00:00.000,007,00,,32,ELKO,69,00,UNITED STATES,30,007,32,NV,"NEVADA, NORTHEAST, ELKO",YEAR,ANNUAL,,ALL UTILIZATION PRACTICES,TOTAL,,2007,OPERATIONS
CROP TOTALS,NOT SPECIFIED,CROP TOTALS,,SALES,CROP TOTALS - OPERATIONS WITH SALES,CENSUS,,,COUNTY,ALL CLASSES,00000000,NEVADA,9000,CROPS,ALL PRODUCTION PRACTICES,NORTHEAST,2012-01-01 00:00:00.000,007,00,,32,ELKO,39,00,UNITED STATES,30,007,32,NV,"NEVADA, NORTHEAST, ELKO",YEAR,ANNUAL,,ALL UTILIZATION PRACTICES,TOTAL,,2002,OPERATIONS
CROP TOTALS,NOT SPECIFIED,CROP TOTALS,,SALES,CROP TOTALS - OPERATIONS WITH SALES,CENSUS,,,COUNTY,ALL CLASSES,00000000,NEVADA,9000,CROPS,ALL PRODUCTION PRACTICES,NORTHEAST,2012-01-01 00:00:00.000,007,00,,32,ELKO,70,00,UNITED STATES,30,007,32,NV,"NEVADA, NORTHEAST, ELKO",YEAR,ANNUAL,,ALL UTILIZATION PRACTICES,TOTAL,,1997,OPERATIONS
CROP TOTALS,NOT SPECIFIED,CROP TOTALS,17.6,SALES,CROP TOTALS - OPERATIONS WITH SALES,CENSUS,,,COUNTY,ALL CLASSES,00000000,NEVADA,9000,CROPS,ALL PRODUCTION PRACTICES,NORTHEAST,2024-07-02 12:00:00.000,011,00,,32,EUREKA,62,00,UNITED STATES,30,011,32,NV,"NEVADA, NORTHEAST, EUREKA",YEAR,ANNUAL,,ALL UTILIZATION PRACTICES,TOTAL,,2022,OPERATIONS
CROP TOTALS,NOT SPECIFIED,CROP TOTALS,31.9,SALES,CROP TOTALS - OPERATIONS WITH SALES,CENSUS,,,COUNTY,ALL CLASSES,00000000,NEVADA,9000,CROPS,ALL PRODUCTION PRACTICES,NORTHEAST,2018-02-01 00:00:00.000,011,00,,32,EUREKA,54,00,UNITED STATES,30,011,32,NV,"NEVADA, NORTHEAST, EUREKA",YEAR,ANNUAL,,ALL UTILIZATION PRACTICES,TOTAL,,2017,OPERATIONS
CROP TOTALS,NOT SPECIFIED,CROP TOTALS,40.7,SALES,CROP TOTALS - OPERATIONS WITH SALES,CENSUS,,,COUNTY,ALL CLASSES,00000000,NEVADA,9000,CROPS,ALL PRODUCTION PRACTICES,NORTHEAST,2012-12-31 00:00:00.000,011,00,,32,EUREKA,68,00,UNITED STATES,30,011,32,NV,"NEVADA, NORTHEAST, EUREKA",YEAR,ANNUAL,,ALL UTILIZATION PRACTICES,TOTAL,,2012,OPERATIONS
CROP TOTALS,NOT SPECIFIED,CROP TOTALS,,SALES,CROP TOTALS - OPERATIONS WITH SALES,CENSUS,,,COUNTY,ALL CLASSES,00000000,NEVADA,9000,CROPS,ALL PRODUCTION PRACTICES,NORTHEAST,2012-01-01 00:00:00.000,011,00,,32,EUREKA,46,00,UNITED STATES,30,011,32,NV,"NEVADA, NORTHEAST, EUREKA",YEAR,ANNUAL,,ALL UTILIZATION PRACTICES,TOTAL,,2007,OPERATIONS
CROP TOTALS,NOT SPECIFIED,CROP TOTALS,,SALES,CROP TOTALS - OPERATIONS WITH SALES,CENSUS,,,COUNTY,ALL CLASSES,00000000,NEVADA,9000,CROPS,ALL PRODUCTION PRACTICES,NORTHEAST,2012-01-01 00:00:00.000,011,00,,32,EUREKA,41,00,UNITED STATES,30,011,32,NV,"NEVADA, NORTHEAST, EUREKA",YEAR,ANNUAL,,ALL UTILIZATION PRACTICES,TOTAL,,2002,OPERATIONS
CROP TOTALS,NOT SPECIFIED,CROP TOTALS,,SALES,CROP TOTALS - OPERATIONS WITH SALES,CENSUS,,,COUNTY,ALL CLASSES,00000000,NEVADA,9000,CROPS,ALL PRODUCTION PRACTICES,NORTHEAST,2012-01-01 00:00:00.000,011,00,,32,EUREKA,45,00,UNITED STATES,30,011,32,NV,"NEVADA, NORTHEAST, EUREKA",YEAR,ANNUAL,,ALL UTILIZATION PRACTICES,TOTAL,,1997,OPERATIONS
CROP TOTALS,NOT SPECIFIED,CROP TOTALS,17.6,SALES,CROP TOTALS - OPERATIONS WITH SALES,CENSUS,,,COUNTY,ALL CLASSES,00000000,NEVADA,9000,CROPS,ALL PRODUCTION PRACTICES,NORTHEAST,2024-07-02 12:00:00.000,015,00,,32,LANDER,40,00,UNITED STATES,30,015,32,NV,"NEVADA, NORTHEAST, LANDER",YEAR,ANNUAL,,ALL UTILIZATION PRACTICES,TOTAL,,2022,OPERATIONS
CROP TOTALS,NOT SPECIFIED,CROP TOTALS,31.9,SALES,CROP TOTALS - OPERATIONS WITH SALES,CENSUS,,,COUNTY,ALL CLASSES,00000000,NEVADA,9000,CROPS,ALL PRODUCTION PRACTICES,NORTHEAST,2018-02-01 00:00:00.000,015,00,,32,LANDER,44,00,UNITED STATES,30,015,32,NV,"NEVADA, NORTHEAST, LANDER",YEAR,ANNUAL,,ALL UTILIZATION PRACTICES,TOTAL,,2017,OPERATIONS
CROP TOTALS,NOT SPECIFIED,CROP TOTALS,40.7,SALES,CROP TOTALS - OPERATIONS WITH SALES,CENSUS,,,COUNTY,ALL CLASSES,00000000,NEVADA,9000,CROPS,ALL PRODUCTION PRACTICES,NORTHEAST,2012-12-31 00:00:00.000,015,00,,32,LANDER,60,00,UNITED STATES,30,015,32,NV,"NEVADA, NORTHEAST, LANDER",YEAR,ANNUAL,,ALL UTILIZATION PRACTICES,TOTAL,,2012,OPERATIONS
CROP TOTALS,NOT SPECIFIED,CROP TOTALS,,SALES,CROP TOTALS - OPERATIONS WITH SALES,CENSUS,,,COUNTY,ALL CLASSES,00000000,NEVADA,9000,CROPS,ALL PRODUCTION PRACTICES,NORTHEAST,2012-01-01 00:00:00.000,015,00,,32,LANDER,38,00,UNITED STATES,30,015,32,NV,"NEVADA, NORTHEAST, LANDER",YEAR,ANNUAL,,ALL UTILIZATION PRACTICES,TOTAL,,2007,OPERATIONS
CROP TOTALS,NOT SPECIFIED,CROP TOTALS,,SALES,CROP TOTALS - OPERATIONS WITH SALES,CENSUS,,,COUNTY,ALL CLASSES,00000000,NEVADA,9000,CROPS,ALL PRODUCTION PRACTICES,NORTHEAST,2012-01-01 00:00:00.000,015,00,,32,LANDER,41,00,UNITED STATES,30,015,32,NV,"NEVADA, NORTHEAST, LANDER",YEAR,ANNUAL,,ALL UTILIZATION PRACTICES,TOTAL,,2002,OPERATIONS
CROP TOTALS,NOT SPECIFIED,CROP TOTALS,,SALES,CROP TOTALS - OPERATIONS WITH SALES,CENSUS,,,COUNTY,ALL CLASSES,00000000,NEVADA,9000,CROPS,ALL PRODUCTION PRACTICES,NORTHEAST,2012-01-01 00:00:00.000,015,00,,32,LANDER,34,00,UNITED STATES,30,015,32,NV,"NEVADA, NORTHEAST, LANDER",YEAR,ANNUAL,,ALL UTILIZATION PRACTICES,TOTAL,,1997,OPERATIONS
CROP TOTALS,NOT SPECIFIED,CROP TOTALS,17.6,SALES,CROP TOTALS - OPERATIONS WITH SALES,CENSUS,,,COUNTY,ALL CLASSES,00000000,NEVADA,9000,CROPS,ALL PRODUCTION PRACTICES,NORTHEAST,2024-07-02 12:00:00.000,033,00,,32,WHITE PINE,49,00,UNITED STATES,30,033,32,NV,"NEVADA, NORTHEAST, WHITE PINE",YEAR,ANNUAL,,ALL UTILIZATION PRACTICES,TOTAL,,2022,OPERATIONS
CROP TOTALS,NOT SPECIFIED,CROP TOTALS,31.9,SALES,CROP TOTALS - OPERATIONS WITH SALES,CENSUS,,,COUNTY,ALL CLASSES,00000000,NEVADA,9000,CROPS,ALL PRODUCTION PRACTICES,NORTHEAST,2018-02-01 00:00:00.000,033,00,,32,WHITE PINE,69,00,UNITED STATES,30,033,32,NV,"NEVADA, NORTHEAST, WHITE PINE",YEAR,ANNUAL,,ALL UTILIZATION PRACTICES,TOTAL,,2017,OPERATIONS
CROP TOTALS,NOT SPECIFIED,CROP TOTALS,40.7,SALES,CROP TOTALS - OPERATIONS WITH SALES,CENSUS,,,COUNTY,ALL CLASSES,00000000,NEVADA,9000,CROPS,ALL PRODUCTION PRACTICES,NORTHEAST,2012-12-31 00:00:00.000,033,00,,32,WHITE PINE,70,00,UNITED STATES,30,033,32,NV,"NEVADA, NORTHEAST, WHITE PINE",YEAR,ANNUAL,,ALL UTILIZATION PRACTICES,TOTAL,,2012,OPERATIONS
CROP TOTALS,NOT SPECIFIED,CROP TOTALS,,SALES,CROP TOTALS - OPERATIONS WITH SALES,CENSUS,,,COUNTY,ALL CLASSES,00000000,NEVADA,9000,CROPS,ALL PRODUCTION PRACTICES,NORTHEAST,2012-01-01 00:00:00.000,033,00,,32,WHITE PINE,40,00,UNITED STATES,30,033,32,NV,"NEVADA, NORTHEAST, WHITE PINE",YEAR,ANNUAL,,ALL UTILIZATION PRACTICES,TOTAL,,2007,OPERATIONS
CROP TOTALS,NOT SPECIFIED,CROP TOTALS,,SALES,CROP TOTALS - OPERATIONS WITH SALES,CENSUS,,,COUNTY,ALL CLASSES,00000000,NEVADA,9000,CROPS,ALL PRODUCTION PRACTICES,NORTHEAST,2012-01-01 00:00:00.000,033,00,,32,WHITE PINE,46,00,UNITED STATES,30,033,32,NV,"NEVADA, NORTHEAST, WHITE PINE",YEAR,ANNUAL,,ALL UTILIZATION PRACTICES,TOTAL,,2002,OPERATIONS
CROP TOTALS,NOT SPECIFIED,CROP TOTALS,,SALES,CROP TOTALS - OPERATIONS WITH SALES,CENSUS,,,COUNTY,ALL CLASSES,00000000,NEVADA,9000,CROPS,ALL PRODUCTION PRACTICES,NORTHEAST,2012-01-01 00:00:00.000,033,00,,32,WHITE PINE,53,00,UNITED STATES,30,033,32,NV,"NEVADA, NORTHEAST, WHITE PINE",YEAR,ANNUAL,,ALL UTILIZATION PRACTICES,TOTAL,,1997,OPERATIONS
CROP TOTALS,NOT SPECIFIED,CROP TOTALS,17.6,SALES,CROP TOTALS - OPERATIONS WITH SALES,CENSUS,,,COUNTY,ALL CLASSES,00000000,NEVADA,9000,CROPS,ALL PRODUCTION PRACTICES,SOUTH,2024-07-02 12:00:00.000,003,00,,32,CLARK,52,00,UNITED STATES,80,003,32,NV,"NEVADA, SOUTH, CLARK",YEAR,ANNUAL,,ALL UTILIZATION PRACTICES,TOTAL,,2022,OPERATIONS
CROP TOTALS,NOT SPECIFIED,CROP TOTALS,31.9,SALES,CROP TOTALS - OPERATIONS WITH SALES,CENSUS,,,COUNTY,ALL CLASSES,00000000,NEVADA,9000,CROPS,ALL PRODUCTION PRACTICES,SOUTH,2018-02-01 00:00:00.000,003,00,,32,CLARK,42,00,UNITED STATES,80,003,32,NV,"NEVADA, SOUTH, CLARK",YEAR,ANNUAL,,ALL UTILIZATION PRACTICES,TOTAL,,2017,OPERATIONS
CROP TOTALS,NOT SPECIFIED,CROP TOTALS,40.7,SALES,CROP TOTALS - OPERATIONS WITH SALES,CENSUS,,,COUNTY,ALL CLASSES,00000000,NEVADA,9000,CROPS,ALL PRODUCTION PRACTICES,SOUTH,2012-12-31 00:00:00.000,003,00,,32,CLARK,71,00,UNITED STATES,80,003,32,NV,"NEVADA, SOUTH, CLARK",YEAR,ANNUAL,,ALL UTILIZATION PRACTICES,TOTAL,,2012,OPERATIONS
CROP TOTALS,NOT SPECIFIED,CROP TOTALS,,SALES,CROP TOTALS - OPERATIONS WITH SALES,CENSUS,,,COUNTY,ALL CLASSES,00000000,NEVADA,9000,CROPS,ALL PRODUCTION PRACTICES,SOUTH,2012-01-01 00:00:00.000,003,00,,32,CLARK,41,00,UNITED STATES,80,003,32,NV,"NEVADA, SOUTH, CLARK",YEAR,ANNUAL,,ALL UTILIZATION PRACTICES,TOTAL,,2007,OPERATIONS
CROP TOTALS,NOT SPECIFIED,CROP TOTALS,,SALES,CROP TOTALS - OPERATIONS WITH SALES,CENSUS,,,COUNTY,ALL CLASSES,00000000,NEVADA,9000,CROPS,ALL PRODUCTION PRACTICES,SOUTH,2012-01-01 00:00:00.000,003,00,,32,CLARK,59,00,UNITED STATES,80,003,32,NV,"NEVADA, SOUTH, CLARK",YEAR,ANNUAL,,ALL UTILIZATION PRACTICES,TOTAL,,2002,OPERATIONS
CROP TOTALS,NOT SPECIFIED,CROP TOTALS,,SALES,CROP TOTALS - OPERATIONS WITH SALES,CENSUS,,,COUNTY,ALL CLASSES,00000000,NEVADA,9000,CROPS,ALL PRODUCTION PRACTICES,SOUTH,2012-01-01 00:00:00.000,003,00,,32,CLARK,69,00,UNITED STATES,80,003,32,NV,"NEVADA, SOUTH, CLARK",YEAR,ANNUAL,,ALL UTILIZATION PRACTICES,TOTAL,,1997,OPERATIONS
CROP TOTALS,NOT SPECIFIED,CROP TOTALS,17.6,SALES,CROP TOTALS - OPERATIONS WITH SALES,CENSUS,,,COUNTY,ALL CLASSES,00000000,NEVADA,9000,CROPS,ALL PRODUCTION PRACTICES,SOUTH,2024-07-02 12:00:00.000,009,00,,32,ESMERALDA,15,00,UNITED STATES,80,009,32,NV,"NEVADA, SOUTH, ESMERALDA",YEAR,ANNUAL,,ALL UTILIZATION PRACTICES,TOTAL,,2022,OPERATIONS
CROP TOTALS,NOT SPECIFIED,CROP TOTALS,31.9,SALES,CROP TOTALS - OPERATIONS WITH SALES,CENSUS,,,COUNTY,ALL CLASSES,00000000,NEVADA,9000,CROPS,ALL PRODUCTION PRACTICES,SOUTH,2018-02-01 00:00:00.000,009,00,,32,ESMERALDA,15,00,UNITED STATES,80,009,32,NV,"NEVADA, SOUTH, ESMERALDA",YEAR,ANNUAL,,ALL UTILIZATION PRACTICES,TOTAL,,2017,OPERATIONS
CROP TOTALS,NOT SPECIFIED,CROP TOTALS,40.7,SALES,CROP TOTALS - OPERATIONS WITH SALES,CENSUS,,,COUNTY,ALL CLASSES,00000000,NEVADA,9000,CROPS,ALL PRODUCTION PRACTICES,SOUTH,2012-12-31 00:00:00.000,009,00,,32,ESMERALDA,23,00,UNITED STATES,80,009,32,NV,"NEVADA, SOUTH, ESMERALDA",YEAR,ANNUAL,,ALL UTILIZATION PRACTICES,TOTAL,,2012,OPERATIONS
CROP TOTALS,NOT SPECIFIED,CROP TOTALS,,SALES,CROP TOTALS - OPERATIONS WITH SALES,CENSUS,,,COUNTY,ALL CLASSES,00000000,NEVADA,9000,CROPS,ALL PRODUCTION PRACTICES,SOUTH,2012-01-01 00:00:00.000,009,00,,32,ESMERALDA,14,00,UNITED STATES,80,009,32,NV,"NEVADA, SOUTH, ESMERALDA",YEAR,ANNUAL,,ALL UTILIZATION PRACTICES,TOTAL,,2007,OPERATIONS
CROP TOTALS,NOT SPECIFIED,CROP TOTALS,,SALES,CROP TOTALS - OPERATIONS WITH SALES,CENSUS,,,COUNTY,ALL CLASSES,00000000,NEVADA,9000,CROPS,ALL PRODUCTION PRACTICES,SOUTH,2012-01-01 00:00:00.000,009,00,,32,ESMERALDA,11,00,UNITED STATES,80,009,32,NV,"NEVADA, SOUTH, ESMERALDA",YEAR,ANNUAL,,ALL UTILIZATION PRACTICES,TOTAL,,2002,OPERATIONS
CROP TOTALS,NOT SPECIFIED,CROP TOTALS,,SALES,CROP TOTALS - OPERATIONS WITH SALES,CENSUS,,,COUNTY,ALL CLASSES,00000000,NEVADA,9000,CROPS,ALL PRODUCTION PRACTICES,SOUTH,2012-01-01 00:00:00.000,009,00,,32,ESMERALDA,16,00,UNITED STATES,80,009,32,NV,"NEVADA, SOUTH, ESMERALDA",YEAR,ANNUAL,,ALL UTILIZATION PRACTICES,TOTAL,,1997,OPERATIONS
CROP TOTALS,NOT SPECIFIED,CROP TOTALS,17.6,SALES,CROP TOTALS - OPERATIONS WITH SALES,CENSUS,,,COUNTY,ALL CLASSES,00000000,NEVADA,9000,CROPS,ALL PRODUCTION PRACTICES,SOUTH,2024-07-02 12:00:00.000,017,00,,32,LINCOLN,45,00,UNITED STATES,80,017,32,NV,"NEVADA, SOUTH, LINCOLN",YEAR,ANNUAL,,ALL UTILIZATION PRACTICES,TOTAL,,2022,OPERATIONS
CROP TOTALS,NOT SPECIFIED,CROP TOTALS,31.9,SALES,CROP TOTALS - OPERATIONS WITH SALES,CENSUS,,,COUNTY,ALL CLASSES,00000000,NEVADA,9000,CROPS,ALL PRODUCTION PRACTICES,SOUTH,2018-02-01 00:00:00.000,017,00,,32,LINCOLN,44,00,UNITED STATES,80,017,32,NV,"NEVADA, SOUTH, LINCOLN",YEAR,ANNUAL,,ALL UTILIZATION PRACTICES,TOTAL,,2017,OPERATIONS
CROP TOTALS,NOT SPECIFIED,CROP TOTALS,40.7,SALES,CROP TOTALS - OPERATIONS WITH SALES,CENSUS,,,COUNTY,ALL CLASSES,00000000,NEVADA,9000,CROPS,ALL PRODUCTION PRACTICES,SOUTH,2012-12-31 00:00:00.000,017,00,,32,LINCOLN,63,00,UNITED STATES,80,017,32,NV,"NEVADA, SOUTH, LINCOLN",YEAR,ANNUAL,,ALL UTILIZATION PRACTICES,TOTAL,,2012,OPERATIONS
CROP TOTALS,NOT SPECIFIED,CROP TOTALS,,SALES,CROP TOTALS - OPERATIONS WITH SALES,CENSUS,,,COUNTY,ALL CLASSES,00000000,NEVADA,9000,CROPS,ALL PRODUCTION PRACTICES,SOUTH,2012-01-01 00:00:00.000,017,00,,32,LINCOLN,34,00,UNITED STATES,80,017,32,NV,"NEVADA, SOUTH, LINCOLN",YEAR,ANNUAL,,ALL UTILIZATION PRACTICES,TOTAL,,2007,OPERATIONS
CROP TOTALS,NOT SPECIFIED,CROP TOTALS,,SALES,CROP TOTALS - OPERATIONS WITH SALES,CENSUS,,,COUNTY,ALL CLASSES,00000000,NEVADA,9000,CROPS,ALL PRODUCTION PRACTICES,SOUTH,2012-01-01 00:00:00.000,017,00,,32,LINCOLN,27,00,UNITED STATES,80,017,32,NV,"NEVADA, SOUTH, LINCOLN",YEAR,ANNUAL,,ALL UTILIZATION PRACTICES,TOTAL,,2002,OPERATIONS
CROP TOTALS,NOT SPECIFIED,CROP TOTALS,,SALES,CROP TOTALS - OPERATIONS WITH SALES,CENSUS,,,COUNTY,ALL CLASSES,00000000,NEVADA,9000,CROPS,ALL PRODUCTION PRACTICES,SOUTH,2012-01-01 00:00:00.000,017,00,,32,LINCOLN,35,00,UNITED STATES,80,017,32,NV,"NEVADA, SOUTH, LINCOLN",YEAR,ANNUAL,,ALL UTILIZATION PRACTICES,TOTAL,,1997,OPERATIONS
CROP TOTALS,NOT SPECIFIED,CROP TOTALS,17.6,SALES,CROP TOTALS - OPERATIONS WITH SALES,CENSUS,,,COUNTY,ALL CLASSES,00000000,NEVADA,9000,CROPS,ALL PRODUCTION PRACTICES,SOUTH,2024-07-02 12:00:00.000,021,00,,32,MINERAL,50,00,UNITED STATES,80,021,32,NV,"NEVADA, SOUTH, MINERAL",YEAR,ANNUAL,,ALL UTILIZATION PRACTICES,TOTAL,,2022,OPERATIONS
CROP TOTALS,NOT SPECIFIED,CROP TOTALS,31.9,SALES,CROP TOTALS - OPERATIONS WITH SALES,CENSUS,,,COUNTY,ALL CLASSES,00000000,NEVADA,9000,CROPS,ALL PRODUCTION PRACTICES,SOUTH,2018-02-01 00:00:00.000,021,00,,32,MINERAL,37,00,UNITED STATES,80,021,32,NV,"NEVADA, SOUTH, MINERAL",YEAR,ANNUAL,,ALL UTILIZATION PRACTICES,TOTAL,,2017,OPERATIONS
CROP TOTALS,NOT SPECIFIED,CROP TOTALS,40.7,SALES,CROP TOTALS - OPERATIONS WITH SALES,CENSUS,,,COUNTY,ALL CLASSES,00000000,NEVADA,9000,CROPS,ALL PRODUCTION PRACTICES,SOUTH,2012-12-31 00:00:00.000,021,00,,32,MINERAL,55,00,UNITED STATES,80,021,32,NV,"NEVADA, SOUTH, MINERAL",YEAR,ANNUAL,,ALL UTILIZATION PRACTICES,TOTAL,,2012,OPERATIONS
CROP TOTALS,NOT SPECIFIED,CROP TOTALS,,SALES,CROP TOTALS - OPERATIONS WITH SALES,CENSUS,,,COUNTY,ALL CLASSES,00000000,NEVADA,9000,CROPS,ALL PRODUCTION PRACTICES,SOUTH,2012-01-01 00:00:00.000,021,00,,32,MINERAL,3,00,UNITED STATES,80,021,32,NV,"NEVADA, SOUTH, MINERAL",YEAR,ANNUAL,,ALL UTILIZATION PRACTICES,TOTAL,,2007,OPERATIONS
CROP TOTALS,NOT SPECIFIED,CROP TOTALS,,SALES,CROP TOTALS - OPERATIONS WITH SALES,CENSUS,,,COUNTY,ALL CLASSES,00000000,NEVADA,9000,CROPS,ALL PRODUCTION PRACTICES,SOUTH,2012-01-01 00:00:00.000,021,00,,32,MINERAL,8,00,UNITED STATES,80,021,32,NV,"NEVADA, SOUTH, MINERAL",YEAR,ANNUAL,,ALL UTILIZATION PRACTICES,TOTAL,,2002,OPERATIONS
CROP TOTALS,NOT SPECIFIED,CROP TOTALS,,SALES,CROP TOTALS - OPERATIONS WITH SALES,CENSUS,,,COUNTY,ALL CLASSES,00000000,NEVADA,9000,CROPS,ALL PRODUCTION PRACTICES,SOUTH,2012-01-01 00:00:00.000,021,00,,32,MINERAL,19,00,UNITED STATES,80,021,32,NV,"NEVADA, SOUTH, MINERAL",YEAR,ANNUAL,,ALL UTILIZATION PRACTICES,TOTAL,,1997,OPERATIONS
CROP TOTALS,NOT SPECIFIED,CROP TOTALS,17.6,SALES,CROP TOTALS - OPERATIONS WITH SALES,CENSUS,,,COUNTY,ALL CLASSES,00000000,NEVADA,9000,CROPS,ALL PRODUCTION PRACTICES,SOUTH,2024-07-02 12:00:00.000,023,00,,32,NYE,65,00,UNITED STATES,80,023,32,NV,"NEVADA, SOUTH, NYE",YEAR,ANNUAL,,ALL UTILIZATION PRACTICES,TOTAL,,2022,OPERATIONS
CROP TOTALS,NOT SPECIFIED,CROP TOTALS,31.9,SALES,CROP TOTALS - OPERATIONS WITH SALES,CENSUS,,,COUNTY,ALL CLASSES,00000000,NEVADA,9000,CROPS,ALL PRODUCTION PRACTICES,SOUTH,2018-02-01 00:00:00.000,023,00,,32,NYE,81,00,UNITED STATES,80,023,32,NV,"NEVADA, SOUTH, NYE",YEAR,ANNUAL,,ALL UTILIZATION PRACTICES,TOTAL,,2017,OPERATIONS
CROP TOTALS,NOT SPECIFIED,CROP TOTALS,40.7,SALES,CROP TOTALS - OPERATIONS WITH SALES,CENSUS,,,COUNTY,ALL CLASSES,00000000,NEVADA,9000,CROPS,ALL PRODUCTION PRACTICES,SOUTH,2012-12-31 00:00:00.000,023,00,,32,NYE,54,00,UNITED STATES,80,023,32,NV,"NEVADA, SOUTH, NYE",YEAR,ANNUAL,,ALL UTILIZATION PRACTICES,TOTAL,,2012,OPERATIONS
CROP TOTALS,NOT SPECIFIED,CROP TOTALS,,SALES,CROP TOTALS - OPERATIONS WITH SALES,CENSUS,,,COUNTY,ALL CLASSES,00000000,NEVADA,9000,CROPS,ALL PRODUCTION PRACTICES,SOUTH,2012-01-01 00:00:00.000,023,00,,32,NYE,51,00,UNITED STATES,80,023,32,NV,"NEVADA, SOUTH, NYE",YEAR,ANNUAL,,ALL UTILIZATION PRACTICES,TOTAL,,2007,OPERATIONS
CROP TOTALS,NOT SPECIFIED,CROP TOTALS,,SALES,CROP TOTALS - OPERATIONS WITH SALES,CENSUS,,,COUNTY,ALL CLASSES,00000000,NEVADA,9000,CROPS,ALL PRODUCTION PRACTICES,SOUTH,2012-01-01 00:00:00.000,023,00,,32,NYE,74,00,UNITED STATES,80,023,32,NV,"NEVADA, SOUTH, NYE",YEAR,ANNUAL,,ALL UTILIZATION PRACTICES,TOTAL,,2002,OPERATIONS
CROP TOTALS,NOT SPECIFIED,CROP TOTALS,,SALES,CROP TOTALS - OPERATIONS WITH SALES,CENSUS,,,COUNTY,ALL CLASSES,00000000,NEVADA,9000,CROPS,ALL PRODUCTION PRACTICES,SOUTH,2012-01-01 00:00:00.000,023,00,,32,NYE,59,00,UNITED STATES,80,023,32,NV,"NEVADA, SOUTH, NYE",YEAR,ANNUAL,,ALL UTILIZATION PRACTICES,TOTAL,,1997,OPERATIONS
CROP TOTALS,NOT SPECIFIED,CROP TOTALS,7.4,SALES,CROP TOTALS - OPERATIONS WITH SALES,CENSUS,,,STATE,ALL CLASSES,00000000,NEVADA,9000,CROPS,ALL PRODUCTION PRACTICES,,2024-07-02 12:00:00.000,,00,,32,,"1,190",00,UNITED STATES,,,32,NV,NEVADA,YEAR,ANNUAL,,ALL UTILIZATION PRACTICES,TOTAL,,2022,OPERATIONS
CROP TOTALS,NOT SPECIFIED,CROP TOTALS,12.4,SALES,CROP TOTALS - OPERATIONS WITH SALES,CENSUS,,,STATE,ALL CLASSES,00000000,NEVADA,9000,CROPS,ALL PRODUCTION PRACTICES,,2018-02-01 00:00:00.000,,00,,32,,"1,344",00,UNITED STATES,,,32,NV,NEVADA,YEAR,ANNUAL,,ALL UTILIZATION PRACTICES,TOTAL,,2017,OPERATIONS
CROP TOTALS,NOT SPECIFIED,CROP TOTALS,35.5,SALES,CROP TOTALS - OPERATIONS WITH SALES,CENSUS,,,STATE,ALL CLASSES,00000000,NEVADA,9000,CROPS,ALL PRODUCTION PRACTICES,,2012-12-31 00:00:00.000,,00,,32,,"1,494",00,UNITED STATES,,,32,NV,NEVADA,YEAR,ANNUAL,,ALL UTILIZATION PRACTICES,TOTAL,,2012,OPERATIONS
CROP TOTALS,NOT SPECIFIED,CROP TOTALS,,SALES,CROP TOTALS - OPERATIONS WITH SALES,CENSUS,,,STATE,ALL CLASSES,00000000,NEVADA,9000,CROPS,ALL PRODUCTION PRACTICES,,2012-01-01 00:00:00.000,,00,,32,,"1,051",00,UNITED STATES,,,32,NV,NEVADA,YEAR,ANNUAL,,ALL UTILIZATION PRACTICES,TOTAL,,2007,OPERATIONS
CROP TOTALS,NOT SPECIFIED,CROP TOTALS,,SALES,CROP TOTALS - OPERATIONS WITH SALES,CENSUS,,,STATE,ALL CLASSES,00000000,NEVADA,9000,CROPS,ALL PRODUCTION PRACTICES,,2012-01-01 00:00:00.000,,00,,32,,968,00,UNITED STATES,,,32,NV,NEVADA,YEAR,ANNUAL,,ALL UTILIZATION PRACTICES,TOTAL,,2002,OPERATIONS
CROP TOTALS,NOT SPECIFIED,CROP TOTALS,,SALES,CROP TOTALS - OPERATIONS WITH SALES,CENSUS,,,STATE,ALL CLASSES,00000000,NEVADA,9000,CROPS,ALL PRODUCTION PRACTICES,,2012-01-01 00:00:00.000,,00,,32,,"1,203",00,UNITED STATES,,,32,NV,NEVADA,YEAR,ANNUAL,,ALL UTILIZATION PRACTICES,TOTAL,,1997,OPERATIONS
CROP TOTALS,NOT SPECIFIED,CROP TOTALS,,SALES,CROP TOTALS - OPERATIONS WITH SALES,CENSUS,89001,,ZIP CODE,ALL CLASSES,00000000,NEVADA,9000,CROPS,ALL PRODUCTION PRACTICES,,2024-11-07 12:00:00.000,,00,,32,,12,00,UNITED STATES,,,32,NV,89001,YEAR,ANNUAL,,ALL UTILIZATION PRACTICES,TOTAL,,2022,OPERATIONS
CROP TOTALS,NOT SPECIFIED,CROP TOTALS,,SALES,CROP TOTALS - OPERATIONS WITH SALES,CENSUS,89001,,ZIP CODE,ALL CLASSES,00000000,NEVADA,9000,CROPS,ALL PRODUCTION PRACTICES,,2018-02-01 12:00:00.000,,00,,32,,16,00,UNITED STATES,,,32,NV,89001,YEAR,ANNUAL,,ALL UTILIZATION PRACTICES,TOTAL,,2017,OPERATIONS
CROP TOTALS,NOT SPECIFIED,CROP TOTALS,,SALES,CROP TOTALS - OPERATIONS WITH SALES,CENSUS,89001,,ZIP CODE,ALL CLASSES,00000000,NEVADA,9000,CROPS,ALL PRODUCTION PRACTICES,,2012-01-01 00:00:00.000,,00,,32,,5,00,UNITED STATES,,,32,NV,89001,YEAR,ANNUAL,,ALL UTILIZATION PRACTICES,TOTAL,,2007,OPERATIONS
CROP TOTALS,NOT SPECIFIED,CROP TOTALS,,SALES,CROP TOTALS - OPERATIONS WITH SALES,CENSUS,89002,,ZIP CODE,ALL CLASSES,00000000,NEVADA,9000,CROPS,ALL PRODUCTION PRACTICES,,2018-02-01 12:00:00.000,,00,,32,,3,00,UNITED STATES,,,32,NV,89002,YEAR,ANNUAL,,ALL UTILIZATION PRACTICES,TOTAL,,2017,OPERATIONS
CROP TOTALS,NOT SPECIFIED,CROP TOTALS,,SALES,CROP TOTALS - OPERATIONS WITH SALES,CENSUS,89002,,ZIP CODE,ALL CLASSES,00000000,NEVADA,9000,CROPS,ALL PRODUCTION PRACTICES,,2012-01-01 00:00:00.000,,00,,32,,1,00,UNITED STATES,,,32,NV,89002,YEAR,ANNUAL,,ALL UTILIZATION PRACTICES,TOTAL,,2007,OPERATIONS
CROP TOTALS,NOT SPECIFIED,CROP TOTALS,,SALES,CROP TOTALS - OPERATIONS WITH SALES,CENSUS,89005,,ZIP CODE,ALL CLASSES,00000000,NEVADA,9000,CROPS,ALL PRODUCTION PRACTICES,,2024-11-07 12:00:00.000,,00,,32,,1,00,UNITED STATES,,,32,NV,89005,YEAR,ANNUAL,,ALL UTILIZATION PRACTICES,TOTAL,,2022,OPERATIONS
CROP TOTALS,NOT SPECIFIED,CROP TOTALS,,SALES,CROP TOTALS - OPERATIONS WITH SALES,CENSUS,89005,,ZIP CODE,ALL CLASSES,00000000,NEVADA,9000,CROPS,ALL PRODUCTION PRACTICES,,2018-02-01 12:00:00.000,,00,,32,,4,00,UNITED STATES,,,32,NV,89005,YEAR,ANNUAL,,ALL UTILIZATION PRACTICES,TOTAL,,2017,OPERATIONS
CROP TOTALS,NOT SPECIFIED,CROP TOTALS,,SALES,CROP TOTALS - OPERATIONS WITH SALES,CENSUS,89006,,ZIP CODE,ALL CLASSES,00000000,NEVADA,9000,CROPS,ALL PRODUCTION PRACTICES,,2018-02-01 12:00:00.000,,00,,32,,3,00,UNITED STATES,,,32,NV,89006,YEAR,ANNUAL,,ALL UTILIZATION PRACTICES,TOTAL,,2017,OPERATIONS
CROP TOTALS,NOT SPECIFIED,CROP TOTALS,,SALES,CROP TOTALS - OPERATIONS WITH SALES,CENSUS,89007,,ZIP CODE,ALL CLASSES,00000000,NEVADA,9000,CROPS,ALL PRODUCTION PRACTICES,,2024-11-07 12:00:00.000,,00,,32,,2,00,UNITED STATES,,,32,NV,89007,YEAR,ANNUAL,,ALL UTILIZATION PRACTICES,TOTAL,,2022,OPERATIONS
CROP TOTALS,NOT SPECIFIED,CROP TOTALS,,SALES,CROP TOTALS - OPERATIONS WITH SALES,CENSUS,89007,,ZIP CODE,ALL CLASSES,00000000,NEVADA,9000,CROPS,ALL PRODUCTION PRACTICES,,2018-02-01 12:00:00.000,,00,,32,,3,00,UNITED STATES,,,32,NV,89007,YEAR,ANNUAL,,ALL UTILIZATION PRACTICES,TOTAL,,2017,OPERATIONS
CROP TOTALS,NOT SPECIFIED,CROP TOTALS,,SALES,CROP TOTALS - OPERATIONS WITH SALES,CENSUS,89007,,ZIP CODE,ALL CLASSES,00000000,NEVADA,9000,CROPS,ALL PRODUCTION PRACTICES,,2012-01-01 00:00:00.000,,00,,32,,4,00,UNITED STATES,,,32,NV,89007,YEAR,ANNUAL,,ALL UTILIZATION PRACTICES,TOTAL,,2007,OPERATIONS
CROP TOTALS,NOT SPECIFIED,CROP TOTALS,,SALES,CROP TOTALS - OPERATIONS WITH SALES,CENSUS,89008,,ZIP CODE,ALL CLASSES,00000000,NEVADA,9000,CROPS,ALL PRODUCTION PRACTICES,,2024-11-07 12:00:00.000,,00,,32,,4,00,UNITED STATES,,,32,NV,89008,YEAR,ANNUAL,,ALL UTILIZATION PRACTICES,TOTAL,,2022,OPERATIONS
CROP TOTALS,NOT SPECIFIED,CROP TOTALS,,SALES,CROP TOTALS - OPERATIONS WITH SALES,CENSUS,89008,,ZIP CODE,ALL CLASSES,00000000,NEVADA,9000,CROPS,ALL PRODUCTION PRACTICES,,2018-02-01 12:00:00.000,,00,,32,,7,00,UNITED STATES,,,32,NV,89008,YEAR,ANNUAL,,ALL UTILIZATION PRACTICES,TOTAL,,2017,OPERATIONS
CROP TOTALS,NOT SPECIFIED,CROP TOTALS,,SALES,CROP TOTALS - OPERATIONS WITH SALES,CENSUS,89008,,ZIP CODE,ALL CLASSES,00000000,NEVADA,9000,CROPS,ALL PRODUCTION PRACTICES,,2012-01-01 00:00:00.000,,00,,32,,6,00,UNITED STATES,,,32,NV,89008,YEAR,ANNUAL,,ALL UTILIZATION PRACTICES,TOTAL,,2007,OPERATIONS
CROP TOTALS,NOT SPECIFIED,CROP TOTALS,,SALES,CROP TOTALS - OPERATIONS WITH SALES,CENSUS,89010,,ZIP CODE,ALL CLASSES,00000000,NEVADA,9000,CROPS,ALL PRODUCTION PRACTICES,,2024-11-07 12:00:00.000,,00,,32,,13,00,UNITED STATES,,,32,NV,89010,YEAR,ANNUAL,,ALL UTILIZATION PRACTICES,TOTAL,,2022,OPERATIONS
CROP TOTALS,NOT SPECIFIED,CROP TOTALS,,SALES,CROP TOTALS - OPERATIONS WITH SALES,CENSUS,89010,,ZIP CODE,ALL CLASSES,00000000,NEVADA,9000,CROPS,ALL PRODUCTION PRACTICES,,2018-02-01 12:00:00.000,,00,,32,,11,00,UNITED STATES,,,32,NV,89010,YEAR,ANNUAL,,ALL UTILIZATION PRACTICES,TOTAL,,2017,OPERATIONS
CROP TOTALS,NOT SPECIFIED,CROP TOTALS,,SALES,CROP TOTALS - OPERATIONS WITH SALES,CENSUS,89010,,ZIP CODE,ALL CLASSES,00000000,NEVADA,9000,CROPS,ALL PRODUCTION PRACTICES,,2012-01-01 00:00:00.000,,00,,32,,12,00,UNITED STATES,,,32,NV,89010,YEAR,ANNUAL,,ALL UTILIZATION PRACTICES,TOTAL,,2007,OPERATIONS
CROP TOTALS,NOT SPECIFIED,CROP TOTALS,,SALES,CROP TOTALS - OPERATIONS WITH SALES,CENSUS,89011,,ZIP CODE,ALL CLASSES,00000000,NEVADA,9000,CROPS,ALL PRODUCTION PRACTICES,,2024-11-07 12:00:00.000,,00,,32,,2,00,UNITED STATES,,,32,NV,89011,YEAR,ANNUAL,,ALL UTILIZATION PRACTICES,TOTAL,,2022,OPERATIONS
CROP TOTALS,NOT SPECIFIED,CROP TOTALS,,SALES,CROP TOTALS - OPERATIONS WITH SALES,CENSUS,89011,,ZIP CODE,ALL CLASSES,00000000,NEVADA,9000,CROPS,ALL PRODUCTION PRACTICES,,2018-02-01 12:00:00.000,,00,,32,,1,00,UNITED STATES,,,32,NV,89011,YEAR,ANNUAL,,ALL UTILIZATION PRACTICES,TOTAL,,2017,OPERATIONS
CROP TOTALS,NOT SPECIFIED,CROP TOTALS,,SALES,CROP TOTALS - OPERATIONS WITH SALES,CENSUS,89012,,ZIP CODE,ALL CLASSES,00000000,NEVADA,9000,CROPS,ALL PRODUCTION PRACTICES,,2018-02-01 12:00:00.000,,00,,32,,1,00,UNITED STATES,,,32,NV,89012,YEAR,ANNUAL,,ALL UTILIZATION PRACTICES,TOTAL,,2017,OPERATIONS
CROP TOTALS,NOT SPECIFIED,CROP TOTALS,,SALES,CROP TOTALS - OPERATIONS WITH SALES,CENSUS,89013,,ZIP CODE,ALL CLASSES,00000000,NEVADA,9000,CROPS,ALL PRODUCTION PRACTICES,,2024-11-07 12:00:00.000,,00,,32,,1,00,UNITED STATES,,,32,NV,89013,YEAR,ANNUAL,,ALL UTILIZATION PRACTICES,TOTAL,,2022,OPERATIONS
CROP TOTALS,NOT SPECIFIED,CROP TOTALS,,SALES,CROP TOTALS - OPERATIONS WITH SALES,CENSUS,89015,,ZIP CODE,ALL CLASSES,00000000,NEVADA,9000,CROPS,ALL PRODUCTION PRACTICES,,2024-11-07 12:00:00.000,,00,,32,,2,00,UNITED STATES,,,32,NV,89015,YEAR,ANNUAL,,ALL UTILIZATION PRACTICES,TOTAL,,2022,OPERATIONS
CROP TOTALS,NOT SPECIFIED,CROP TOTALS,,SALES,CROP TOTALS - OPERATIONS WITH SALES,CENSUS,89015,,ZIP CODE,ALL CLASSES,00000000,NEVADA,9000,CROPS,ALL PRODUCTION PRACTICES,,2012-01-01 00:00:00.000,,00,,32,,1,00,UNITED STATES,,,32,NV,89015,YEAR,ANNUAL,,ALL UTILIZATION PRACTICES,TOTAL,,2007,OPERATIONS
CROP TOTALS,NOT SPECIFIED,CROP TOTALS,,SALES,CROP TOTALS - OPERATIONS WITH SALES,CENSUS,89017,,ZIP CODE,ALL CLASSES,00000000,NEVADA,9000,CROPS,ALL PRODUCTION PRACTICES,,2024-11-07 12:00:00.000,,00,,32,,1,00,UNITED STATES,,,32,NV,89017,YEAR,ANNUAL,,ALL UTILIZATION PRACTICES,TOTAL,,2022,OPERATIONS
CROP TOTALS,NOT SPECIFIED,CROP TOTALS,,SALES,CROP TOTALS - OPERATIONS WITH SALES,CENSUS,89017,,ZIP CODE,ALL CLASSES,00000000,NEVADA,9000,CROPS,ALL PRODUCTION PRACTICES,,2018-02-01 12:00:00.000,,00,,32,,1,00,UNITED STATES,,,32,NV,89017,YEAR,ANNUAL,,ALL UTILIZATION PRACTICES,TOTAL,,2017,OPERATIONS
CROP TOTALS,NOT SPECIFIED,CROP TOTALS,,SALES,CROP TOTALS - OPERATIONS WITH SALES,CENSUS,89017,,ZIP CODE,ALL CLASSES,00000000,NEVADA,9000,CROPS,ALL PRODUCTION PRACTICES,,2012-01-01 00:00:00.000,,00,,32,,5,00,UNITED STATES,,,32,NV,89017,YEAR,ANNUAL,,ALL UTILIZATION PRACTICES,TOTAL,,2007,OPERATIONS
CROP TOTALS,NOT SPECIFIED,CROP TOTALS,,SALES,CROP TOTALS - OPERATIONS WITH SALES,CENSUS,89018,,ZIP CODE,ALL CLASSES,00000000,NEVADA,9000,CROPS,ALL PRODUCTION PRACTICES,,2012-01-01 00:00:00.000,,00,,32,,2,00,UNITED STATES,,,32,NV,89018,YEAR,ANNUAL,,ALL UTILIZATION PRACTICES,TOTAL,,2007,OPERATIONS
CROP TOTALS,NOT SPECIFIED,CROP TOTALS,,SALES,CROP TOTALS - OPERATIONS WITH SALES,CENSUS,89019,,ZIP CODE,ALL CLASSES,00000000,NEVADA,9000,CROPS,ALL PRODUCTION PRACTICES,,2024-11-07 12:00:00.000,,00,,32,,1,00,UNITED STATES,,,32,NV,89019,YEAR,ANNUAL,,ALL UTILIZATION PRACTICES,TOTAL,,2022,OPERATIONS
CROP TOTALS,NOT SPECIFIED,CROP TOTALS,,SALES,CROP TOTALS - OPERATIONS WITH SALES,CENSUS,89020,,ZIP CODE,ALL CLASSES,00000000,NEVADA,9000,CROPS,ALL PRODUCTION PRACTICES,,2024-11-07 12:00:00.000,,00,,32,,2,00,UNITED STATES,,,32,NV,89020,YEAR,ANNUAL,,ALL UTILIZATION PRACTICES,TOTAL,,2022,OPERATIONS
CROP TOTALS,NOT SPECIFIED,CROP TOTALS,,SALES,CROP TOTALS - OPERATIONS WITH SALES,CENSUS,89020,,ZIP CODE,ALL CLASSES,00000000,NEVADA,9000,CROPS,ALL PRODUCTION PRACTICES,,2018-02-01 12:00:00.000,,00,,32,,12,00,UNITED STATES,,,32,NV,89020,YEAR,ANNUAL,,ALL UTILIZATION PRACTICES,TOTAL,,2017,OPERATIONS
CROP TOTALS,NOT SPECIFIED,CROP TOTALS,,SALES,CROP TOTALS - OPERATIONS WITH SALES,CENSUS,89020,,ZIP CODE,ALL CLASSES,00000000,NEVADA,9000,CROPS,ALL PRODUCTION PRACTICES,,2012-01-01 00:00:00.000,,00,,32,,9,00,UNITED STATES,,,32,NV,89020,YEAR,ANNUAL,,ALL UTILIZATION PRACTICES,TOTAL,,2007,OPERATIONS
CROP TOTALS,NOT SPECIFIED,CROP TOTALS,,SALES,CROP TOTALS - OPERATIONS WITH SALES,CENSUS,89021,,ZIP CODE,ALL CLASSES,00000000,NEVADA,9000,CROPS,ALL PRODUCTION PRACTICES,,2024-11-07 12:00:00.000,,00,,32,,7,00,UNITED STATES,,,32,NV,89021,YEAR,ANNUAL,,ALL UTILIZATION PRACTICES,TOTAL,,2022,OPERATIONS
CROP TOTALS,NOT SPECIFIED,CROP TOTALS,,SALES,CROP TOTALS - OPERATIONS WITH SALES,CENSUS,89021,,ZIP CODE,ALL CLASSES,00000000,NEVADA,9000,CROPS,ALL PRODUCTION PRACTICES,,2018-02-01 12:00:00.000,,00,,32,,9,00,UNITED STATES,,,32,NV,89021,YEAR,ANNUAL,,ALL UTILIZATION PRACTICES,TOTAL,,2017,OPERATIONS
CROP TOTALS,NOT SPECIFIED,CROP TOTALS,,SALES,CROP TOTALS - OPERATIONS WITH SALES,CENSUS,89021,,ZIP CODE,ALL CLASSES,00000000,NEVADA,9000,CROPS,ALL PRODUCTION PRACTICES,,2012-01-01 00:00:00.000,,00,,32,,7,00,UNITED STATES,,,32,NV,89021,YEAR,ANNUAL,,ALL UTILIZATION PRACTICES,TOTAL,,2007,OPERATIONS
CROP TOTALS,NOT SPECIFIED,CROP TOTALS,,SALES,CROP TOTALS - OPERATIONS WITH SALES,CENSUS,89024,,ZIP CODE,ALL CLASSES,00000000,NEVADA,9000,CROPS,ALL PRODUCTION PRACTICES,,2012-01-01 00:00:00.000,,00,,32,,8,00,UNITED STATES,,,32,NV,89024,YEAR,ANNUAL,,ALL UTILIZATION PRACTICES,TOTAL,,2007,OPERATIONS
CROP TOTALS,NOT SPECIFIED,CROP TOTALS,,SALES,CROP TOTALS - OPERATIONS WITH SALES,CENSUS,89025,,ZIP CODE,ALL CLASSES,00000000,NEVADA,9000,CROPS,ALL PRODUCTION PRACTICES,,2024-11-07 12:00:00.000,,00,,32,,3,00,UNITED STATES,,,32,NV,89025,YEAR,ANNUAL,,ALL UTILIZATION PRACTICES,TOTAL,,2022,OPERATIONS
CROP TOTALS,NOT SPECIFIED,CROP TOTALS,,SALES,CROP TOTALS - OPERATIONS WITH SALES,CENSUS,89025,,ZIP CODE,ALL CLASSES,00000000,NEVADA,9000,CROPS,ALL PRODUCTION PRACTICES,,2018-02-01 12:00:00.000,,00,,32,,2,00,UNITED STATES,,,32,NV,89025,YEAR,ANNUAL,,ALL UTILIZATION PRACTICES,TOTAL,,2017,OPERATIONS
CROP TOTALS,NOT SPECIFIED,CROP TOTALS,,SALES,CROP TOTALS - OPERATIONS WITH SALES,CENSUS,89025,,ZIP CODE,ALL CLASSES,00000000,NEVADA,9000,CROPS,ALL PRODUCTION PRACTICES,,2012-01-01 00:00:00.000,,00,,32,,2,00,UNITED STATES,,,32,NV,89025,YEAR,ANNUAL,,ALL UTILIZATION PRACTICES,TOTAL,,2007,OPERATIONS
CROP TOTALS,NOT SPECIFIED,CROP TOTALS,,SALES,CROP TOTALS - OPERATIONS WITH SALES,CENSUS,89027,,ZIP CODE,ALL CLASSES,00000000,NEVADA,9000,CROPS,ALL PRODUCTION PRACTICES,,2018-02-01 12:00:00.000,,00,,32,,1,00,UNITED STATES,,,32,NV,89027,YEAR,ANNUAL,,ALL UTILIZATION PRACTICES,TOTAL,,2017,OPERATIONS
CROP TOTALS,NOT SPECIFIED,CROP TOTALS,,SALES,CROP TOTALS - OPERATIONS WITH SALES,CENSUS,89030,,ZIP CODE,ALL CLASSES,00000000,NEVADA,9000,CROPS,ALL PRODUCTION PRACTICES,,2024-11-07 12:00:00.000,,00,,32,,1,00,UNITED STATES,,,32,NV,89030,YEAR,ANNUAL,,ALL UTILIZATION PRACTICES,TOTAL,,2022,OPERATIONS
CROP TOTALS,NOT SPECIFIED,CROP TOTALS,,SALES,CROP TOTALS - OPERATIONS WITH SALES,CENSUS,89030,,ZIP CODE,ALL CLASSES,00000000,NEVADA,9000,CROPS,ALL PRODUCTION PRACTICES,,2018-02-01 12:00:00.000,,00,,32,,1,00,UNITED STATES,,,32,NV,89030,YEAR,ANNUAL,,ALL UTILIZATION PRACTICES,TOTAL,,2017,OPERATIONS
CROP TOTALS,NOT SPECIFIED,CROP TOTALS,,SALES,CROP TOTALS - OPERATIONS WITH SALES,CENSUS,89040,,ZIP CODE,ALL CLASSES,00000000,NEVADA,9000,CROPS,ALL PRODUCTION PRACTICES,,2024-11-07 12:00:00.000,,00,,32,,1,00,UNITED STATES,,,32,NV,89040,YEAR,ANNUAL,,ALL UTILIZATION PRACTICES,TOTAL,,2022,OPERATIONS
CROP TOTALS,NOT SPECIFIED,CROP TOTALS,,SALES,CROP TOTALS - OPERATIONS WITH SALES,CENSUS,89040,,ZIP CODE,ALL CLASSES,00000000,NEVADA,9000,CROPS,ALL PRODUCTION PRACTICES,,2018-02-01 12:00:00.000,,00,,32,,5,00,UNITED STATES,,,32,NV,89040,YEAR,ANNUAL,,ALL UTILIZATION PRACTICES,TOTAL,,2017,OPERATIONS
CROP TOTALS,NOT SPECIFIED,CROP TOTALS,,SALES,CROP TOTALS - OPERATIONS WITH SALES,CENSUS,89040,,ZIP CODE,ALL CLASSES,00000000,NEVADA,9000,CROPS,ALL PRODUCTION PRACTICES,,2012-01-01 00:00:00.000,,00,,32,,3,00,UNITED STATES,,,32,NV,89040,YEAR,ANNUAL,,ALL UTILIZATION PRACTICES,TOTAL,,2007,OPERATIONS
CROP TOTALS,NOT SPECIFIED,CROP TOTALS,,SALES,CROP TOTALS - OPERATIONS WITH SALES,CENSUS,89041,,ZIP CODE,ALL CLASSES,00000000,NEVADA,9000,CROPS,ALL PRODUCTION PRACTICES,,2024-11-07 12:00:00.000,,00,,32,,2,00,UNITED STATES,,,32,NV,89041,YEAR,ANNUAL,,ALL UTILIZATION PRACTICES,TOTAL,,2022,OPERATIONS
CROP TOTALS,NOT SPECIFIED,CROP TOTALS,,SALES,CROP TOTALS - OPERATIONS WITH SALES,CENSUS,89041,,ZIP CODE,ALL CLASSES,00000000,NEVADA,9000,CROPS,ALL PRODUCTION PRACTICES,,2018-02-01 12:00:00.000,,00,,32,,3,00,UNITED STATES,,,32,NV,89041,YEAR,ANNUAL,,ALL UTILIZATION PRACTICES,TOTAL,,2017,OPERATIONS
CROP TOTALS,NOT SPECIFIED,CROP TOTALS,,SALES,CROP TOTALS - OPERATIONS WITH SALES,CENSUS,89041,,ZIP CODE,ALL CLASSES,00000000,NEVADA,9000,CROPS,ALL PRODUCTION PRACTICES,,2012-01-01 00:00:00.000,,00,,32,,3,00,UNITED STATES,,,32,NV,89041,YEAR,ANNUAL,,ALL UTILIZATION PRACTICES,TOTAL,,2007,OPERATIONS
CROP TOTALS,NOT SPECIFIED,CROP TOTALS,,SALES,CROP TOTALS - OPERATIONS WITH SALES,CENSUS,89042,,ZIP CODE,ALL CLASSES,00000000,NEVADA,9000,CROPS,ALL PRODUCTION PRACTICES,,2024-11-07 12:00:00.000,,00,,32,,4,00,UNITED STATES,,,32,NV,89042,YEAR,ANNUAL,,ALL UTILIZATION PRACTICES,TOTAL,,2022,OPERATIONS
CROP TOTALS,NOT SPECIFIED,CROP TOTALS,,SALES,CROP TOTALS - OPERATIONS WITH SALES,CENSUS,89042,,ZIP CODE,ALL CLASSES,00000000,NEVADA,9000,CROPS,ALL PRODUCTION PRACTICES,,2018-02-01 12:00:00.000,,00,,32,,5,00,UNITED STATES,,,32,NV,89042,YEAR,ANNUAL,,ALL UTILIZATION PRACTICES,TOTAL,,2017,OPERATIONS
CROP TOTALS,NOT SPECIFIED,CROP TOTALS,,SALES,CROP TOTALS - OPERATIONS WITH SALES,CENSUS,89042,,ZIP CODE,ALL CLASSES,00000000,NEVADA,9000,CROPS,ALL PRODUCTION PRACTICES,,2012-01-01 00:00:00.000,,00,,32,,7,00,UNITED STATES,,,32,NV,89042,YEAR,ANNUAL,,ALL UTILIZATION PRACTICES,TOTAL,,2007,OPERATIONS
CROP TOTALS,NOT SPECIFIED,CROP TOTALS,,SALES,CROP TOTALS - OPERATIONS WITH SALES,CENSUS,89043,,ZIP CODE,ALL CLASSES,00000000,NEVADA,9000,CROPS,ALL PRODUCTION PRACTICES,,2024-11-07 12:00:00.000,,00,,32,,8,00,UNITED STATES,,,32,NV,89043,YEAR,ANNUAL,,ALL UTILIZATION PRACTICES,TOTAL,,2022,OPERATIONS
CROP TOTALS,NOT SPECIFIED,CROP TOTALS,,SALES,CROP TOTALS - OPERATIONS WITH SALES,CENSUS,89043,,ZIP CODE,ALL CLASSES,00000000,NEVADA,9000,CROPS,ALL PRODUCTION PRACTICES,,2018-02-01 12:00:00.000,,00,,32,,5,00,UNITED STATES,,,32,NV,89043,YEAR,ANNUAL,,ALL UTILIZATION PRACTICES,TOTAL,,2017,OPERATIONS
CROP TOTALS,NOT SPECIFIED,CROP TOTALS,,SALES,CROP TOTALS - OPERATIONS WITH SALES,CENSUS,89043,,ZIP CODE,ALL CLASSES,00000000,NEVADA,9000,CROPS,ALL PRODUCTION PRACTICES,,2012-01-01 00:00:00.000,,00,,32,,8,00,UNITED STATES,,,32,NV,89043,YEAR,ANNUAL,,ALL UTILIZATION PRACTICES,TOTAL,,2007,OPERATIONS
CROP TOTALS,NOT SPECIFIED,CROP TOTALS,,SALES,CROP TOTALS - OPERATIONS WITH SALES,CENSUS,89045,,ZIP CODE,ALL CLASSES,00000000,NEVADA,9000,CROPS,ALL PRODUCTION PRACTICES,,2024-11-07 12:00:00.000,,00,,32,,7,00,UNITED STATES,,,32,NV,89045,YEAR,ANNUAL,,ALL UTILIZATION PRACTICES,TOTAL,,2022,OPERATIONS
CROP TOTALS,NOT SPECIFIED,CROP TOTALS,,SALES,CROP TOTALS - OPERATIONS WITH SALES,CENSUS,89045,,ZIP CODE,ALL CLASSES,00000000,NEVADA,9000,CROPS,ALL PRODUCTION PRACTICES,,2018-02-01 12:00:00.000,,00,,32,,19,00,UNITED STATES,,,32,NV,89045,YEAR,ANNUAL,,ALL UTILIZATION PRACTICES,TOTAL,,2017,OPERATIONS
CROP TOTALS,NOT SPECIFIED,CROP TOTALS,,SALES,CROP TOTALS - OPERATIONS WITH SALES,CENSUS,89045,,ZIP CODE,ALL CLASSES,00000000,NEVADA,9000,CROPS,ALL PRODUCTION PRACTICES,,2012-01-01 00:00:00.000,,00,,32,,8,00,UNITED STATES,,,32,NV,89045,YEAR,ANNUAL,,ALL UTILIZATION PRACTICES,TOTAL,,2007,OPERATIONS
CROP TOTALS,NOT SPECIFIED,CROP TOTALS,,SALES,CROP TOTALS - OPERATIONS WITH SALES,CENSUS,89048,,ZIP CODE,ALL CLASSES,00000000,NEVADA,9000,CROPS,ALL PRODUCTION PRACTICES,,2024-11-07 12:00:00.000,,00,,32,,11,00,UNITED STATES,,,32,NV,89048,YEAR,ANNUAL,,ALL UTILIZATION PRACTICES,TOTAL,,2022,OPERATIONS
CROP TOTALS,NOT SPECIFIED,CROP TOTALS,,SALES,CROP TOTALS - OPERATIONS WITH SALES,CENSUS,89048,,ZIP CODE,ALL CLASSES,00000000,NEVADA,9000,CROPS,ALL PRODUCTION PRACTICES,,2018-02-01 12:00:00.000,,00,,32,,9,00,UNITED STATES,,,32,NV,89048,YEAR,ANNUAL,,ALL UTILIZATION PRACTICES,TOTAL,,2017,OPERATIONS
CROP TOTALS,NOT SPECIFIED,CROP TOTALS,,SALES,CROP TOTALS - OPERATIONS WITH SALES,CENSUS,89048,,ZIP CODE,ALL CLASSES,00000000,NEVADA,9000,CROPS,ALL PRODUCTION PRACTICES,,2012-01-01 00:00:00.000,,00,,32,,8,00,UNITED STATES,,,32,NV,89048,YEAR,ANNUAL,,ALL UTILIZATION PRACTICES,TOTAL,,2007,OPERATIONS
CROP TOTALS,NOT SPECIFIED,CROP TOTALS,,SALES,CROP TOTALS - OPERATIONS WITH SALES,CENSUS,89049,,ZIP CODE,ALL CLASSES,00000000,NEVADA,9000,CROPS,ALL PRODUCTION PRACTICES,,2024-11-07 12:00:00.000,,00,,32,,8,00,UNITED STATES,,,32,NV,89049,YEAR,ANNUAL,,ALL UTILIZATION PRACTICES,TOTAL,,2022,OPERATIONS
CROP TOTALS,NOT SPECIFIED,CROP TOTALS,,SALES,CROP TOTALS - OPERATIONS WITH SALES,CENSUS,89049,,ZIP CODE,ALL CLASSES,00000000,NEVADA,9000,CROPS,ALL PRODUCTION PRACTICES,,2018-02-01 12:00:00.000,,00,,32,,4,00,UNITED STATES,,,32,NV,89049,YEAR,ANNUAL,,ALL UTILIZATION PRACTICES,TOTAL,,2017,OPERATIONS
CROP TOTALS,NOT SPECIFIED,CROP TOTALS,,SALES,CROP TOTALS - OPERATIONS WITH SALES,CENSUS,89049,,ZIP CODE,ALL CLASSES,00000000,NEVADA,9000,CROPS,ALL PRODUCTION PRACTICES,,2012-01-01 00:00:00.000,,00,,32,,4,00,UNITED STATES,,,32,NV,89049,YEAR,ANNUAL,,ALL UTILIZATION PRACTICES,TOTAL,,2007,OPERATIONS
CROP TOTALS,NOT SPECIFIED,CROP TOTALS,,SALES,CROP TOTALS - OPERATIONS WITH SALES,CENSUS,89052,,ZIP CODE,ALL CLASSES,00000000,NEVADA,9000,CROPS,ALL PRODUCTION PRACTICES,,2024-11-07 12:00:00.000,,00,,32,,1,00,UNITED STATES,,,32,NV,89052,YEAR,ANNUAL,,ALL UTILIZATION PRACTICES,TOTAL,,2022,OPERATIONS
CROP TOTALS,NOT SPECIFIED,CROP TOTALS,,SALES,CROP TOTALS - OPERATIONS WITH SALES,CENSUS,89052,,ZIP CODE,ALL CLASSES,00000000,NEVADA,9000,CROPS,ALL PRODUCTION PRACTICES,,2018-02-01 12:00:00.000,,00,,32,,3,00,UNITED STATES,,,32,NV,89052,YEAR,ANNUAL,,ALL UTILIZATION PRACTICES,TOTAL,,2017,OPERATIONS
CROP TOTALS,NOT SPECIFIED,CROP TOTALS,,SALES,CROP TOTALS - OPERATIONS WITH SALES,CENSUS,89052,,ZIP CODE,ALL CLASSES,00000000,NEVADA,9000,CROPS,ALL PRODUCTION PRACTICES,,2012-01-01 00:00:00.000,,00,,32,,2,00,UNITED STATES,,,32,NV,89052,YEAR,ANNUAL,,ALL UTILIZATION PRACTICES,TOTAL,,2007,OPERATIONS
CROP TOTALS,NOT SPECIFIED,CROP TOTALS,,SALES,CROP TOTALS - OPERATIONS WITH SALES,CENSUS,89060,,ZIP CODE,ALL CLASSES,00000000,NEVADA,9000,CROPS,ALL PRODUCTION PRACTICES,,2024-11-07 12:00:00.000,,00,,32,,4,00,UNITED STATES,,,32,NV,89060,YEAR,ANNUAL,,ALL UTILIZATION PRACTICES,TOTAL,,2022,OPERATIONS
CROP TOTALS,NOT SPECIFIED,CROP TOTALS,,SALES,CROP TOTALS - OPERATIONS WITH SALES,CENSUS,89060,,ZIP CODE,ALL CLASSES,00000000,NEVADA,9000,CROPS,ALL PRODUCTION PRACTICES,,2018-02-01 12:00:00.000,,00,,32,,7,00,UNITED STATES,,,32,NV,89060,YEAR,ANNUAL,,ALL UTILIZATION PRACTICES,TOTAL,,2017,OPERATIONS
CROP TOTALS,NOT SPECIFIED,CROP TOTALS,,SALES,CROP TOTALS - OPERATIONS WITH SALES,CENSUS,89060,,ZIP CODE,ALL CLASSES,00000000,NEVADA,9000,CROPS,ALL PRODUCTION PRACTICES,,2012-01-01 00:00:00.000,,00,,32,,1,00,UNITED STATES,,,32,NV,89060,YEAR,ANNUAL,,ALL UTILIZATION PRACTICES,TOTAL,,2007,OPERATIONS
CROP TOTALS,NOT SPECIFIED,CROP TOTALS,,SALES,CROP TOTALS - OPERATIONS WITH SALES,CENSUS,89061,,ZIP CODE,ALL CLASSES,00000000,NEVADA,9000,CROPS,ALL PRODUCTION PRACTICES,,2024-11-07 12:00:00.000,,00,,32,,3,00,UNITED STATES,,,32,NV,89061,YEAR,ANNUAL,,ALL UTILIZATION PRACTICES,TOTAL,,2022,OPERATIONS
CROP TOTALS,NOT SPECIFIED,CROP TOTALS,,SALES,CROP TOTALS - OPERATIONS WITH SALES,CENSUS,89061,,ZIP CODE,ALL CLASSES,00000000,NEVADA,9000,CROPS,ALL PRODUCTION PRACTICES,,2018-02-01 12:00:00.000,,00,,32,,2,00,UNITED STATES,,,32,NV,89061,YEAR,ANNUAL,,ALL UTILIZATION PRACTICES,TOTAL,,2017,OPERATIONS
CROP TOTALS,NOT SPECIFIED,CROP TOTALS,,SALES,CROP TOTALS - OPERATIONS WITH SALES,CENSUS,89061,,ZIP CODE,ALL CLASSES,00000000,NEVADA,9000,CROPS,ALL PRODUCTION PRACTICES,,2012-01-01 00:00:00.000,,00,,32,,2,00,UNITED STATES,,,32,NV,89061,YEAR,ANNUAL,,ALL UTILIZATION PRACTICES,TOTAL,,2007,OPERATIONS
CROP TOTALS,NOT SPECIFIED,CROP TOTALS,,SALES,CROP TOTALS - OPERATIONS WITH SALES,CENSUS,89084,,ZIP CODE,ALL CLASSES,00000000,NEVADA,9000,CROPS,ALL PRODUCTION PRACTICES,,2024-11-07 12:00:00.000,,00,,32,,2,00,UNITED STATES,,,32,NV,89084,YEAR,ANNUAL,,ALL UTILIZATION PRACTICES,TOTAL,,2022,OPERATIONS
CROP TOTALS,NOT SPECIFIED,CROP TOTALS,,SALES,CROP TOTALS - OPERATIONS WITH SALES,CENSUS,89101,,ZIP CODE,ALL CLASSES,00000000,NEVADA,9000,CROPS,ALL PRODUCTION PRACTICES,,2024-11-07 12:00:00.000,,00,,32,,3,00,UNITED STATES,,,32,NV,89101,YEAR,ANNUAL,,ALL UTILIZATION PRACTICES,TOTAL,,2022,OPERATIONS
CROP TOTALS,NOT SPECIFIED,CROP TOTALS,,SALES,CROP TOTALS - OPERATIONS WITH SALES,CENSUS,89102,,ZIP CODE,ALL CLASSES,00000000,NEVADA,9000,CROPS,ALL PRODUCTION PRACTICES,,2012-01-01 00:00:00.000,,00,,32,,1,00,UNITED STATES,,,32,NV,89102,YEAR,ANNUAL,,ALL UTILIZATION PRACTICES,TOTAL,,2007,OPERATIONS
CROP TOTALS,NOT SPECIFIED,CROP TOTALS,,SALES,CROP TOTALS - OPERATIONS WITH SALES,CENSUS,89104,,ZIP CODE,ALL CLASSES,00000000,NEVADA,9000,CROPS,ALL PRODUCTION PRACTICES,,2024-11-07 12:00:00.000,,00,,32,,1,00,UNITED STATES,,,32,NV,89104,YEAR,ANNUAL,,ALL UTILIZATION PRACTICES,TOTAL,,2022,OPERATIONS
CROP TOTALS,NOT SPECIFIED,CROP TOTALS,,SALES,CROP TOTALS - OPERATIONS WITH SALES,CENSUS,89104,,ZIP CODE,ALL CLASSES,00000000,NEVADA,9000,CROPS,ALL PRODUCTION PRACTICES,,2018-02-01 12:00:00.000,,00,,32,,1,00,UNITED STATES,,,32,NV,89104,YEAR,ANNUAL,,ALL UTILIZATION PRACTICES,TOTAL,,2017,OPERATIONS
CROP TOTALS,NOT SPECIFIED,CROP TOTALS,,SALES,CROP TOTALS - OPERATIONS WITH SALES,CENSUS,89105,,ZIP CODE,ALL CLASSES,00000000,NEVADA,9000,CROPS,ALL PRODUCTION PRACTICES,,2024-11-07 12:00:00.000,,00,,32,,2,00,UNITED STATES,,,32,NV,89105,YEAR,ANNUAL,,ALL UTILIZATION PRACTICES,TOTAL,,2022,OPERATIONS
CROP TOTALS,NOT SPECIFIED,CROP TOTALS,,SALES,CROP TOTALS - OPERATIONS WITH SALES,CENSUS,89107,,ZIP CODE,ALL CLASSES,00000000,NEVADA,9000,CROPS,ALL PRODUCTION PRACTICES,,2024-11-07 12:00:00.000,,00,,32,,2,00,UNITED STATES,,,32,NV,89107,YEAR,ANNUAL,,ALL UTILIZATION PRACTICES,TOTAL,,2022,OPERATIONS
CROP TOTALS,NOT SPECIFIED,CROP TOTALS,,SALES,CROP TOTALS - OPERATIONS WITH SALES,CENSUS,89107,,ZIP CODE,ALL CLASSES,00000000,NEVADA,9000,CROPS,ALL PRODUCTION PRACTICES,,2018-02-01 12:00:00.000,,00,,32,,2,00,UNITED STATES,,,32,NV,89107,YEAR,ANNUAL,,ALL UTILIZATION PRACTICES,TOTAL,,2017,OPERATIONS
CROP TOTALS,NOT SPECIFIED,CROP TOTALS,,SALES,CROP TOTALS - OPERATIONS WITH SALES,CENSUS,89107,,ZIP CODE,ALL CLASSES,00000000,NEVADA,9000,CROPS,ALL PRODUCTION PRACTICES,,2012-01-01 00:00:00.000,,00,,32,,1,00,UNITED STATES,,,32,NV,89107,YEAR,ANNUAL,,ALL UTILIZATION PRACTICES,TOTAL,,2007,OPERATIONS
CROP TOTALS,NOT SPECIFIED,CROP TOTALS,,SALES,CROP TOTALS - OPERATIONS WITH SALES,CENSUS,89108,,ZIP CODE,ALL CLASSES,00000000,NEVADA,9000,CROPS,ALL PRODUCTION PRACTICES,,2024-11-07 12:00:00.000,,00,,32,,1,00,UNITED STATES,,,32,NV,89108,YEAR,ANNUAL,,ALL UTILIZATION PRACTICES,TOTAL,,2022,OPERATIONS
CROP TOTALS,NOT SPECIFIED,CROP TOTALS,,SALES,CROP TOTALS - OPERATIONS WITH SALES,CENSUS,89108,,ZIP CODE,ALL CLASSES,00000000,NEVADA,9000,CROPS,ALL PRODUCTION PRACTICES,,2018-02-01 12:00:00.000,,00,,32,,1,00,UNITED STATES,,,32,NV,89108,YEAR,ANNUAL,,ALL UTILIZATION PRACTICES,TOTAL,,2017,OPERATIONS
CROP TOTALS,NOT SPECIFIED,CROP TOTALS,,SALES,CROP TOTALS - OPERATIONS WITH SALES,CENSUS,89110,,ZIP CODE,ALL CLASSES,00000000,NEVADA,9000,CROPS,ALL PRODUCTION PRACTICES,,2024-11-07 12:00:00.000,,00,,32,,2,00,UNITED STATES,,,32,NV,89110,YEAR,ANNUAL,,ALL UTILIZATION PRACTICES,TOTAL,,2022,OPERATIONS
CROP TOTALS,NOT SPECIFIED,CROP TOTALS,,SALES,CROP TOTALS - OPERATIONS WITH SALES,CENSUS,89113,,ZIP CODE,ALL CLASSES,00000000,NEVADA,9000,CROPS,ALL PRODUCTION PRACTICES,,2024-11-07 12:00:00.000,,00,,32,,5,00,UNITED STATES,,,32,NV,89113,YEAR,ANNUAL,,ALL UTILIZATION PRACTICES,TOTAL,,2022,OPERATIONS
CROP TOTALS,NOT SPECIFIED,CROP TOTALS,,SALES,CROP TOTALS - OPERATIONS WITH SALES,CENSUS,89113,,ZIP CODE,ALL CLASSES,00000000,NEVADA,9000,CROPS,ALL PRODUCTION PRACTICES,,2018-02-01 12:00:00.000,,00,,32,,3,00,UNITED STATES,,,32,NV,89113,YEAR,ANNUAL,,ALL UTILIZATION PRACTICES,TOTAL,,2017,OPERATIONS
CROP TOTALS,NOT SPECIFIED,CROP TOTALS,,SALES,CROP TOTALS - OPERATIONS WITH SALES,CENSUS,89113,,ZIP CODE,ALL CLASSES,00000000,NEVADA,9000,CROPS,ALL PRODUCTION PRACTICES,,2012-01-01 00:00:00.000,,00,,32,,6,00,UNITED STATES,,,32,NV,89113,YEAR,ANNUAL,,ALL UTILIZATION PRACTICES,TOTAL,,2007,OPERATIONS
CROP TOTALS,NOT SPECIFIED,CROP TOTALS,,SALES,CROP TOTALS - OPERATIONS WITH SALES,CENSUS,89115,,ZIP CODE,ALL CLASSES,00000000,NEVADA,9000,CROPS,ALL PRODUCTION PRACTICES,,2018-02-01 12:00:00.000,,00,,32,,1,00,UNITED STATES,,,32,NV,89115,YEAR,ANNUAL,,ALL UTILIZATION PRACTICES,TOTAL,,2017,OPERATIONS
CROP TOTALS,NOT SPECIFIED,CROP TOTALS,,SALES,CROP TOTALS - OPERATIONS WITH SALES,CENSUS,89117,,ZIP CODE,ALL CLASSES,00000000,NEVADA,9000,CROPS,ALL PRODUCTION PRACTICES,,2024-11-07 12:00:00.000,,00,,32,,4,00,UNITED STATES,,,32,NV,89117,YEAR,ANNUAL,,ALL UTILIZATION PRACTICES,TOTAL,,2022,OPERATIONS
CROP TOTALS,NOT SPECIFIED,CROP TOTALS,,SALES,CROP TOTALS - OPERATIONS WITH SALES,CENSUS,89117,,ZIP CODE,ALL CLASSES,00000000,NEVADA,9000,CROPS,ALL PRODUCTION PRACTICES,,2018-02-01 12:00:00.000,,00,,32,,1,00,UNITED STATES,,,32,NV,89117,YEAR,ANNUAL,,ALL UTILIZATION PRACTICES,TOTAL,,2017,OPERATIONS
CROP TOTALS,NOT SPECIFIED,CROP TOTALS,,SALES,CROP TOTALS - OPERATIONS WITH SALES,CENSUS,89117,,ZIP CODE,ALL CLASSES,00000000,NEVADA,9000,CROPS,ALL PRODUCTION PRACTICES,,2012-01-01 00:00:00.000,,00,,32,,1,00,UNITED STATES,,,32,NV,89117,YEAR,ANNUAL,,ALL UTILIZATION PRACTICES,TOTAL,,2007,OPERATIONS
CROP TOTALS,NOT SPECIFIED,CROP TOTALS,,SALES,CROP TOTALS - OPERATIONS WITH SALES,CENSUS,89118,,ZIP CODE,ALL CLASSES,00000000,NEVADA,9000,CROPS,ALL PRODUCTION PRACTICES,,2018-02-01 12:00:00.000,,00,,32,,2,00,UNITED STATES,,,32,NV,89118,YEAR,ANNUAL,,ALL UTILIZATION PRACTICES,TOTAL,,2017,OPERATIONS
CROP TOTALS,NOT SPECIFIED,CROP TOTALS,,SALES,CROP TOTALS - OPERATIONS WITH SALES,CENSUS,89119,,ZIP CODE,ALL CLASSES,00000000,NEVADA,9000,CROPS,ALL PRODUCTION PRACTICES,,2024-11-07 12:00:00.000,,00,,32,,2,00,UNITED STATES,,,32,NV,89119,YEAR,ANNUAL,,ALL UTILIZATION PRACTICES,TOTAL,,2022,OPERATIONS
CROP TOTALS,NOT SPECIFIED,CROP TOTALS,,SALES,CROP TOTALS - OPERATIONS WITH SALES,CENSUS,89119,,ZIP CODE,ALL CLASSES,00000000,NEVADA,9000,CROPS,ALL PRODUCTION PRACTICES,,2018-02-01 12:00:00.000,,00,,32,,1,00,UNITED STATES,,,32,NV,89119,YEAR,ANNUAL,,ALL UTILIZATION PRACTICES,TOTAL,,2017,OPERATIONS
CROP TOTALS,NOT SPECIFIED,CROP TOTALS,,SALES,CROP TOTALS - OPERATIONS WITH SALES,CENSUS,89119,,ZIP CODE,ALL CLASSES,00000000,NEVADA,9000,CROPS,ALL PRODUCTION PRACTICES,,2012-01-01 00:00:00.000,,00,,32,,1,00,UNITED STATES,,,32,NV,89119,YEAR,ANNUAL,,ALL UTILIZATION PRACTICES,TOTAL,,2007,OPERATIONS
CROP TOTALS,NOT SPECIFIED,CROP TOTALS,,SALES,CROP TOTALS - OPERATIONS WITH SALES,CENSUS,89122,,ZIP CODE,ALL CLASSES,00000000,NEVADA,9000,CROPS,ALL PRODUCTION PRACTICES,,2024-11-07 12:00:00.000,,00,,32,,1,00,UNITED STATES,,,32,NV,89122,YEAR,ANNUAL,,ALL UTILIZATION PRACTICES,TOTAL,,2022,OPERATIONS
CROP TOTALS,NOT SPECIFIED,CROP TOTALS,,SALES,CROP TOTALS - OPERATIONS WITH SALES,CENSUS,89122,,ZIP CODE,ALL CLASSES,00000000,NEVADA,9000,CROPS,ALL PRODUCTION PRACTICES,,2018-02-01 12:00:00.000,,00,,32,,1,00,UNITED STATES,,,32,NV,89122,YEAR,ANNUAL,,ALL UTILIZATION PRACTICES,TOTAL,,2017,OPERATIONS
CROP TOTALS,NOT SPECIFIED,CROP TOTALS,,SALES,CROP TOTALS - OPERATIONS WITH SALES,CENSUS,89122,,ZIP CODE,ALL CLASSES,00000000,NEVADA,9000,CROPS,ALL PRODUCTION PRACTICES,,2012-01-01 00:00:00.000,,00,,32,,1,00,UNITED STATES,,,32,NV,89122,YEAR,ANNUAL,,ALL UTILIZATION PRACTICES,TOTAL,,2007,OPERATIONS
CROP TOTALS,NOT SPECIFIED,CROP TOTALS,,SALES,CROP TOTALS - OPERATIONS WITH SALES,CENSUS,89123,,ZIP CODE,ALL CLASSES,00000000,NEVADA,9000,CROPS,ALL PRODUCTION PRACTICES,,2024-11-07 12:00:00.000,,00,,32,,8,00,UNITED STATES,,,32,NV,89123,YEAR,ANNUAL,,ALL UTILIZATION PRACTICES,TOTAL,,2022,OPERATIONS
CROP TOTALS,NOT SPECIFIED,CROP TOTALS,,SALES,CROP TOTALS - OPERATIONS WITH SALES,CENSUS,89129,,ZIP CODE,ALL CLASSES,00000000,NEVADA,9000,CROPS,ALL PRODUCTION PRACTICES,,2024-11-07 12:00:00.000,,00,,32,,3,00,UNITED STATES,,,32,NV,89129,YEAR,ANNUAL,,ALL UTILIZATION PRACTICES,TOTAL,,2022,OPERATIONS
CROP TOTALS,NOT SPECIFIED,CROP TOTALS,,SALES,CROP TOTALS - OPERATIONS WITH SALES,CENSUS,89129,,ZIP CODE,ALL CLASSES,00000000,NEVADA,9000,CROPS,ALL PRODUCTION PRACTICES,,2012-01-01 00:00:00.000,,00,,32,,1,00,UNITED STATES,,,32,NV,89129,YEAR,ANNUAL,,ALL UTILIZATION PRACTICES,TOTAL,,2007,OPERATIONS
CROP TOTALS,NOT SPECIFIED,CROP TOTALS,,SALES,CROP TOTALS - OPERATIONS WITH SALES,CENSUS,89130,,ZIP CODE,ALL CLASSES,00000000,NEVADA,9000,CROPS,ALL PRODUCTION PRACTICES,,2024-11-07 12:00:00.000,,00,,32,,3,00,UNITED STATES,,,32,NV,89130,YEAR,ANNUAL,,ALL UTILIZATION PRACTICES,TOTAL,,2022,OPERATIONS
CROP TOTALS,NOT SPECIFIED,CROP TOTALS,,SALES,CROP TOTALS - OPERATIONS WITH SALES,CENSUS,89130,,ZIP CODE,ALL CLASSES,00000000,NEVADA,9000,CROPS,ALL PRODUCTION PRACTICES,,2012-01-01 00:00:00.000,,00,,32,,1,00,UNITED STATES,,,32,NV,89130,YEAR,ANNUAL,,ALL UTILIZATION PRACTICES,TOTAL,,2007,OPERATIONS
CROP TOTALS,NOT SPECIFIED,CROP TOTALS,,SALES,CROP TOTALS - OPERATIONS WITH SALES,CENSUS,89131,,ZIP CODE,ALL CLASSES,00000000,NEVADA,9000,CROPS,ALL PRODUCTION PRACTICES,,2018-02-01 12:00:00.000,,00,,32,,3,00,UNITED STATES,,,32,NV,89131,YEAR,ANNUAL,,ALL UTILIZATION PRACTICES,TOTAL,,2017,OPERATIONS
CROP TOTALS,NOT SPECIFIED,CROP TOTALS,,SALES,CROP TOTALS - OPERATIONS WITH SALES,CENSUS,89131,,ZIP CODE,ALL CLASSES,00000000,NEVADA,9000,CROPS,ALL PRODUCTION PRACTICES,,2012-01-01 00:00:00.000,,00,,32,,3,00,UNITED STATES,,,32,NV,89131,YEAR,ANNUAL,,ALL UTILIZATION PRACTICES,TOTAL,,2007,OPERATIONS
CROP TOTALS,NOT SPECIFIED,CROP TOTALS,,SALES,CROP TOTALS - OPERATIONS WITH SALES,CENSUS,89133,,ZIP CODE,ALL CLASSES,00000000,NEVADA,9000,CROPS,ALL PRODUCTION PRACTICES,,2024-11-07 12:00:00.000,,00,,32,,1,00,UNITED STATES,,,32,NV,89133,YEAR,ANNUAL,,ALL UTILIZATION PRACTICES,TOTAL,,2022,OPERATIONS
CROP TOTALS,NOT SPECIFIED,CROP TOTALS,,SALES,CROP TOTALS - OPERATIONS WITH SALES,CENSUS,89133,,ZIP CODE,ALL CLASSES,00000000,NEVADA,9000,CROPS,ALL PRODUCTION PRACTICES,,2018-02-01 12:00:00.000,,00,,32,,1,00,UNITED STATES,,,32,NV,89133,YEAR,ANNUAL,,ALL UTILIZATION PRACTICES,TOTAL,,2017,OPERATIONS
CROP TOTALS,NOT SPECIFIED,CROP TOTALS,,SALES,CROP TOTALS - OPERATIONS WITH SALES,CENSUS,89134,,ZIP CODE,ALL CLASSES,00000000,NEVADA,9000,CROPS,ALL PRODUCTION PRACTICES,,2024-11-07 12:00:00.000,,00,,32,,3,00,UNITED STATES,,,32,NV,89134,YEAR,ANNUAL,,ALL UTILIZATION PRACTICES,TOTAL,,2022,OPERATIONS
CROP TOTALS,NOT SPECIFIED,CROP TOTALS,,SALES,CROP TOTALS - OPERATIONS WITH SALES,CENSUS,89136,,ZIP CODE,ALL CLASSES,00000000,NEVADA,9000,CROPS,ALL PRODUCTION PRACTICES,,2012-01-01 00:00:00.000,,00,,32,,1,00,UNITED STATES,,,32,NV,89136,YEAR,ANNUAL,,ALL UTILIZATION PRACTICES,TOTAL,,2007,OPERATIONS
CROP TOTALS,NOT SPECIFIED,CROP TOTALS,,SALES,CROP TOTALS - OPERATIONS WITH SALES,CENSUS,89141,,ZIP CODE,ALL CLASSES,00000000,NEVADA,9000,CROPS,ALL PRODUCTION PRACTICES,,2012-01-01 00:00:00.000,,00,,32,,1,00,UNITED STATES,,,32,NV,89141,YEAR,ANNUAL,,ALL UTILIZATION PRACTICES,TOTAL,,2007,OPERATIONS
CROP TOTALS,NOT SPECIFIED,CROP TOTALS,,SALES,CROP TOTALS - OPERATIONS WITH SALES,CENSUS,89144,,ZIP CODE,ALL CLASSES,00000000,NEVADA,9000,CROPS,ALL PRODUCTION PRACTICES,,2024-11-07 12:00:00.000,,00,,32,,3,00,UNITED STATES,,,32,NV,89144,YEAR,ANNUAL,,ALL UTILIZATION PRACTICES,TOTAL,,2022,OPERATIONS
CROP TOTALS,NOT SPECIFIED,CROP TOTALS,,SALES,CROP TOTALS - OPERATIONS WITH SALES,CENSUS,89146,,ZIP CODE,ALL CLASSES,00000000,NEVADA,9000,CROPS,ALL PRODUCTION PRACTICES,,2024-11-07 12:00:00.000,,00,,32,,1,00,UNITED STATES,,,32,NV,89146,YEAR,ANNUAL,,ALL UTILIZATION PRACTICES,TOTAL,,2022,OPERATIONS
CROP TOTALS,NOT SPECIFIED,CROP TOTALS,,SALES,CROP TOTALS - OPERATIONS WITH SALES,CENSUS,89147,,ZIP CODE,ALL CLASSES,00000000,NEVADA,9000,CROPS,ALL PRODUCTION PRACTICES,,2012-01-01 00:00:00.000,,00,,32,,1,00,UNITED STATES,,,32,NV,89147,YEAR,ANNUAL,,ALL UTILIZATION PRACTICES,TOTAL,,2007,OPERATIONS
CROP TOTALS,NOT SPECIFIED,CROP TOTALS,,SALES,CROP TOTALS - OPERATIONS WITH SALES,CENSUS,89149,,ZIP CODE,ALL CLASSES,00000000,NEVADA,9000,CROPS,ALL PRODUCTION PRACTICES,,2012-01-01 00:00:00.000,,00,,32,,1,00,UNITED STATES,,,32,NV,89149,YEAR,ANNUAL,,ALL UTILIZATION PRACTICES,TOTAL,,2007,OPERATIONS
CROP TOTALS,NOT SPECIFIED,CROP TOTALS,,SALES,CROP TOTALS - OPERATIONS WITH SALES,CENSUS,89301,,ZIP CODE,ALL CLASSES,00000000,NEVADA,9000,CROPS,ALL PRODUCTION PRACTICES,,2024-11-07 12:00:00.000,,00,,32,,8,00,UNITED STATES,,,32,NV,89301,YEAR,ANNUAL,,ALL UTILIZATION PRACTICES,TOTAL,,2022,OPERATIONS
CROP TOTALS,NOT SPECIFIED,CROP TOTALS,,SALES,CROP TOTALS - OPERATIONS WITH SALES,CENSUS,89301,,ZIP CODE,ALL CLASSES,00000000,NEVADA,9000,CROPS,ALL PRODUCTION PRACTICES,,2018-02-01 12:00:00.000,,00,,32,,24,00,UNITED STATES,,,32,NV,89301,YEAR,ANNUAL,,ALL UTILIZATION PRACTICES,TOTAL,,2017,OPERATIONS
CROP TOTALS,NOT SPECIFIED,CROP TOTALS,,SALES,CROP TOTALS - OPERATIONS WITH SALES,CENSUS,89301,,ZIP CODE,ALL CLASSES,00000000,NEVADA,9000,CROPS,ALL PRODUCTION PRACTICES,,2012-01-01 00:00:00.000,,00,,32,,13,00,UNITED STATES,,,32,NV,89301,YEAR,ANNUAL,,ALL UTILIZATION PRACTICES,TOTAL,,2007,OPERATIONS
CROP TOTALS,NOT SPECIFIED,CROP TOTALS,,SALES,CROP TOTALS - OPERATIONS WITH SALES,CENSUS,89310,,ZIP CODE,ALL CLASSES,00000000,NEVADA,9000,CROPS,ALL PRODUCTION PRACTICES,,2024-11-07 12:00:00.000,,00,,32,,8,00,UNITED STATES,,,32,NV,89310,YEAR,ANNUAL,,ALL UTILIZATION PRACTICES,TOTAL,,2022,OPERATIONS
CROP TOTALS,NOT SPECIFIED,CROP TOTALS,,SALES,CROP TOTALS - OPERATIONS WITH SALES,CENSUS,89310,,ZIP CODE,ALL CLASSES,00000000,NEVADA,9000,CROPS,ALL PRODUCTION PRACTICES,,2018-02-01 12:00:00.000,,00,,32,,11,00,UNITED STATES,,,32,NV,89310,YEAR,ANNUAL,,ALL UTILIZATION PRACTICES,TOTAL,,2017,OPERATIONS
CROP TOTALS,NOT SPECIFIED,CROP TOTALS,,SALES,CROP TOTALS - OPERATIONS WITH SALES,CENSUS,89310,,ZIP CODE,ALL CLASSES,00000000,NEVADA,9000,CROPS,ALL PRODUCTION PRACTICES,,2012-01-01 00:00:00.000,,00,,32,,10,00,UNITED STATES,,,32,NV,89310,YEAR,ANNUAL,,ALL UTILIZATION PRACTICES,TOTAL,,2007,OPERATIONS
CROP TOTALS,NOT SPECIFIED,CROP TOTALS,,SALES,CROP TOTALS - OPERATIONS WITH SALES,CENSUS,89311,,ZIP CODE,ALL CLASSES,00000000,NEVADA,9000,CROPS,ALL PRODUCTION PRACTICES,,2024-11-07 12:00:00.000,,00,,32,,5,00,UNITED STATES,,,32,NV,89311,YEAR,ANNUAL,,ALL UTILIZATION PRACTICES,TOTAL,,2022,OPERATIONS
CROP TOTALS,NOT SPECIFIED,CROP TOTALS,,SALES,CROP TOTALS - OPERATIONS WITH SALES,CENSUS,89311,,ZIP CODE,ALL CLASSES,00000000,NEVADA,9000,CROPS,ALL PRODUCTION PRACTICES,,2018-02-01 12:00:00.000,,00,,32,,3,00,UNITED STATES,,,32,NV,89311,YEAR,ANNUAL,,ALL UTILIZATION PRACTICES,TOTAL,,2017,OPERATIONS
CROP TOTALS,NOT SPECIFIED,CROP TOTALS,,SALES,CROP TOTALS - OPERATIONS WITH SALES,CENSUS,89311,,ZIP CODE,ALL CLASSES,00000000,NEVADA,9000,CROPS,ALL PRODUCTION PRACTICES,,2012-01-01 00:00:00.000,,00,,32,,1,00,UNITED STATES,,,32,NV,89311,YEAR,ANNUAL,,ALL UTILIZATION PRACTICES,TOTAL,,2007,OPERATIONS
CROP TOTALS,NOT SPECIFIED,CROP TOTALS,,SALES,CROP TOTALS - OPERATIONS WITH SALES,CENSUS,89314,,ZIP CODE,ALL CLASSES,00000000,NEVADA,9000,CROPS,ALL PRODUCTION PRACTICES,,2024-11-07 12:00:00.000,,00,,32,,8,00,UNITED STATES,,,32,NV,89314,YEAR,ANNUAL,,ALL UTILIZATION PRACTICES,TOTAL,,2022,OPERATIONS
CROP TOTALS,NOT SPECIFIED,CROP TOTALS,,SALES,CROP TOTALS - OPERATIONS WITH SALES,CENSUS,89314,,ZIP CODE,ALL CLASSES,00000000,NEVADA,9000,CROPS,ALL PRODUCTION PRACTICES,,2018-02-01 12:00:00.000,,00,,32,,7,00,UNITED STATES,,,32,NV,89314,YEAR,ANNUAL,,ALL UTILIZATION PRACTICES,TOTAL,,2017,OPERATIONS
CROP TOTALS,NOT SPECIFIED,CROP TOTALS,,SALES,CROP TOTALS - OPERATIONS WITH SALES,CENSUS,89314,,ZIP CODE,ALL CLASSES,00000000,NEVADA,9000,CROPS,ALL PRODUCTION PRACTICES,,2012-01-01 00:00:00.000,,00,,32,,9,00,UNITED STATES,,,32,NV,89314,YEAR,ANNUAL,,ALL UTILIZATION PRACTICES,TOTAL,,2007,OPERATIONS
CROP TOTALS,NOT SPECIFIED,CROP TOTALS,,SALES,CROP TOTALS - OPERATIONS WITH SALES,CENSUS,89315,,ZIP CODE,ALL CLASSES,00000000,NEVADA,9000,CROPS,ALL PRODUCTION PRACTICES,,2024-11-07 12:00:00.000,,00,,32,,6,00,UNITED STATES,,,32,NV,89315,YEAR,ANNUAL,,ALL UTILIZATION PRACTICES,TOTAL,,2022,OPERATIONS
CROP TOTALS,NOT SPECIFIED,CROP TOTALS,,SALES,CROP TOTALS - OPERATIONS WITH SALES,CENSUS,89315,,ZIP CODE,ALL CLASSES,00000000,NEVADA,9000,CROPS,ALL PRODUCTION PRACTICES,,2018-02-01 12:00:00.000,,00,,32,,9,00,UNITED STATES,,,32,NV,89315,YEAR,ANNUAL,,ALL UTILIZATION PRACTICES,TOTAL,,2017,OPERATIONS
CROP TOTALS,NOT SPECIFIED,CROP TOTALS,,SALES,CROP TOTALS - OPERATIONS WITH SALES,CENSUS,89315,,ZIP CODE,ALL CLASSES,00000000,NEVADA,9000,CROPS,ALL PRODUCTION PRACTICES,,2012-01-01 00:00:00.000,,00,,32,,4,00,UNITED STATES,,,32,NV,89315,YEAR,ANNUAL,,ALL UTILIZATION PRACTICES,TOTAL,,2007,OPERATIONS
CROP TOTALS,NOT SPECIFIED,CROP TOTALS,,SALES,CROP TOTALS - OPERATIONS WITH SALES,CENSUS,89316,,ZIP CODE,ALL CLASSES,00000000,NEVADA,9000,CROPS,ALL PRODUCTION PRACTICES,,2024-11-07 12:00:00.000,,00,,32,,49,00,UNITED STATES,,,32,NV,89316,YEAR,ANNUAL,,ALL UTILIZATION PRACTICES,TOTAL,,2022,OPERATIONS
CROP TOTALS,NOT SPECIFIED,CROP TOTALS,,SALES,CROP TOTALS - OPERATIONS WITH SALES,CENSUS,89316,,ZIP CODE,ALL CLASSES,00000000,NEVADA,9000,CROPS,ALL PRODUCTION PRACTICES,,2018-02-01 12:00:00.000,,00,,32,,51,00,UNITED STATES,,,32,NV,89316,YEAR,ANNUAL,,ALL UTILIZATION PRACTICES,TOTAL,,2017,OPERATIONS
CROP TOTALS,NOT SPECIFIED,CROP TOTALS,,SALES,CROP TOTALS - OPERATIONS WITH SALES,CENSUS,89316,,ZIP CODE,ALL CLASSES,00000000,NEVADA,9000,CROPS,ALL PRODUCTION PRACTICES,,2012-01-01 00:00:00.000,,00,,32,,48,00,UNITED STATES,,,32,NV,89316,YEAR,ANNUAL,,ALL UTILIZATION PRACTICES,TOTAL,,2007,OPERATIONS
CROP TOTALS,NOT SPECIFIED,CROP TOTALS,,SALES,CROP TOTALS - OPERATIONS WITH SALES,CENSUS,89317,,ZIP CODE,ALL CLASSES,00000000,NEVADA,9000,CROPS,ALL PRODUCTION PRACTICES,,2024-11-07 12:00:00.000,,00,,32,,12,00,UNITED STATES,,,32,NV,89317,YEAR,ANNUAL,,ALL UTILIZATION PRACTICES,TOTAL,,2022,OPERATIONS
CROP TOTALS,NOT SPECIFIED,CROP TOTALS,,SALES,CROP TOTALS - OPERATIONS WITH SALES,CENSUS,89317,,ZIP CODE,ALL CLASSES,00000000,NEVADA,9000,CROPS,ALL PRODUCTION PRACTICES,,2018-02-01 12:00:00.000,,00,,32,,11,00,UNITED STATES,,,32,NV,89317,YEAR,ANNUAL,,ALL UTILIZATION PRACTICES,TOTAL,,2017,OPERATIONS
CROP TOTALS,NOT SPECIFIED,CROP TOTALS,,SALES,CROP TOTALS - OPERATIONS WITH SALES,CENSUS,89317,,ZIP CODE,ALL CLASSES,00000000,NEVADA,9000,CROPS,ALL PRODUCTION PRACTICES,,2012-01-01 00:00:00.000,,00,,32,,11,00,UNITED STATES,,,32,NV,89317,YEAR,ANNUAL,,ALL UTILIZATION PRACTICES,TOTAL,,2007,OPERATIONS
CROP TOTALS,NOT SPECIFIED,CROP TOTALS,,SALES,CROP TOTALS - OPERATIONS WITH SALES,CENSUS,89318,,ZIP CODE,ALL CLASSES,00000000,NEVADA,9000,CROPS,ALL PRODUCTION PRACTICES,,2024-11-07 12:00:00.000,,00,,32,,5,00,UNITED STATES,,,32,NV,89318,YEAR,ANNUAL,,ALL UTILIZATION PRACTICES,TOTAL,,2022,OPERATIONS
CROP TOTALS,NOT SPECIFIED,CROP TOTALS,,SALES,CROP TOTALS - OPERATIONS WITH SALES,CENSUS,89318,,ZIP CODE,ALL CLASSES,00000000,NEVADA,9000,CROPS,ALL PRODUCTION PRACTICES,,2018-02-01 12:00:00.000,,00,,32,,12,00,UNITED STATES,,,32,NV,89318,YEAR,ANNUAL,,ALL UTILIZATION PRACTICES,TOTAL,,2017,OPERATIONS
CROP TOTALS,NOT SPECIFIED,CROP TOTALS,,SALES,CROP TOTALS - OPERATIONS WITH SALES,CENSUS,89318,,ZIP CODE,ALL CLASSES,00000000,NEVADA,9000,CROPS,ALL PRODUCTION PRACTICES,,2012-01-01 00:00:00.000,,00,,32,,1,00,UNITED STATES,,,32,NV,89318,YEAR,ANNUAL,,ALL UTILIZATION PRACTICES,TOTAL,,2007,OPERATIONS
CROP TOTALS,NOT SPECIFIED,CROP TOTALS,,SALES,CROP TOTALS - OPERATIONS WITH SALES,CENSUS,89403,,ZIP CODE,ALL CLASSES,00000000,NEVADA,9000,CROPS,ALL PRODUCTION PRACTICES,,2024-11-07 12:00:00.000,,00,,32,,5,00,UNITED STATES,,,32,NV,89403,YEAR,ANNUAL,,ALL UTILIZATION PRACTICES,TOTAL,,2022,OPERATIONS
CROP TOTALS,NOT SPECIFIED,CROP TOTALS,,SALES,CROP TOTALS - OPERATIONS WITH SALES,CENSUS,89403,,ZIP CODE,ALL CLASSES,00000000,NEVADA,9000,CROPS,ALL PRODUCTION PRACTICES,,2018-02-01 12:00:00.000,,00,,32,,8,00,UNITED STATES,,,32,NV,89403,YEAR,ANNUAL,,ALL UTILIZATION PRACTICES,TOTAL,,2017,OPERATIONS
CROP TOTALS,NOT SPECIFIED,CROP TOTALS,,SALES,CROP TOTALS - OPERATIONS WITH SALES,CENSUS,89403,,ZIP CODE,ALL CLASSES,00000000,NEVADA,9000,CROPS,ALL PRODUCTION PRACTICES,,2012-01-01 00:00:00.000,,00,,32,,6,00,UNITED STATES,,,32,NV,89403,YEAR,ANNUAL,,ALL UTILIZATION PRACTICES,TOTAL,,2007,OPERATIONS
CROP TOTALS,NOT SPECIFIED,CROP TOTALS,,SALES,CROP TOTALS - OPERATIONS WITH SALES,CENSUS,89404,,ZIP CODE,ALL CLASSES,00000000,NEVADA,9000,CROPS,ALL PRODUCTION PRACTICES,,2024-11-07 12:00:00.000,,00,,32,,3,00,UNITED STATES,,,32,NV,89404,YEAR,ANNUAL,,ALL UTILIZATION PRACTICES,TOTAL,,2022,OPERATIONS
CROP TOTALS,NOT SPECIFIED,CROP TOTALS,,SALES,CROP TOTALS - OPERATIONS WITH SALES,CENSUS,89404,,ZIP CODE,ALL CLASSES,00000000,NEVADA,9000,CROPS,ALL PRODUCTION PRACTICES,,2018-02-01 12:00:00.000,,00,,32,,3,00,UNITED STATES,,,32,NV,89404,YEAR,ANNUAL,,ALL UTILIZATION PRACTICES,TOTAL,,2017,OPERATIONS
CROP TOTALS,NOT SPECIFIED,CROP TOTALS,,SALES,CROP TOTALS - OPERATIONS WITH SALES,CENSUS,89404,,ZIP CODE,ALL CLASSES,00000000,NEVADA,9000,CROPS,ALL PRODUCTION PRACTICES,,2012-01-01 00:00:00.000,,00,,32,,2,00,UNITED STATES,,,32,NV,89404,YEAR,ANNUAL,,ALL UTILIZATION PRACTICES,TOTAL,,2007,OPERATIONS
CROP TOTALS,NOT SPECIFIED,CROP TOTALS,,SALES,CROP TOTALS - OPERATIONS WITH SALES,CENSUS,89405,,ZIP CODE,ALL CLASSES,00000000,NEVADA,9000,CROPS,ALL PRODUCTION PRACTICES,,2012-01-01 00:00:00.000,,00,,32,,1,00,UNITED STATES,,,32,NV,89405,YEAR,ANNUAL,,ALL UTILIZATION PRACTICES,TOTAL,,2007,OPERATIONS
CROP TOTALS,NOT SPECIFIED,CROP TOTALS,,SALES,CROP TOTALS - OPERATIONS WITH SALES,CENSUS,89406,,ZIP CODE,ALL CLASSES,00000000,NEVADA,9000,CROPS,ALL PRODUCTION PRACTICES,,2024-11-07 12:00:00.000,,00,,32,,229,00,UNITED STATES,,,32,NV,89406,YEAR,ANNUAL,,ALL UTILIZATION PRACTICES,TOTAL,,2022,OPERATIONS
CROP TOTALS,NOT SPECIFIED,CROP TOTALS,,SALES,CROP TOTALS - OPERATIONS WITH SALES,CENSUS,89406,,ZIP CODE,ALL CLASSES,00000000,NEVADA,9000,CROPS,ALL PRODUCTION PRACTICES,,2018-02-01 12:00:00.000,,00,,32,,242,00,UNITED STATES,,,32,NV,89406,YEAR,ANNUAL,,ALL UTILIZATION PRACTICES,TOTAL,,2017,OPERATIONS
CROP TOTALS,NOT SPECIFIED,CROP TOTALS,,SALES,CROP TOTALS - OPERATIONS WITH SALES,CENSUS,89406,,ZIP CODE,ALL CLASSES,00000000,NEVADA,9000,CROPS,ALL PRODUCTION PRACTICES,,2012-01-01 00:00:00.000,,00,,32,,224,00,UNITED STATES,,,32,NV,89406,YEAR,ANNUAL,,ALL UTILIZATION PRACTICES,TOTAL,,2007,OPERATIONS
CROP TOTALS,NOT SPECIFIED,CROP TOTALS,,SALES,CROP TOTALS - OPERATIONS WITH SALES,CENSUS,89407,,ZIP CODE,ALL CLASSES,00000000,NEVADA,9000,CROPS,ALL PRODUCTION PRACTICES,,2024-11-07 12:00:00.000,,00,,32,,15,00,UNITED STATES,,,32,NV,89407,YEAR,ANNUAL,,ALL UTILIZATION PRACTICES,TOTAL,,2022,OPERATIONS
CROP TOTALS,NOT SPECIFIED,CROP TOTALS,,SALES,CROP TOTALS - OPERATIONS WITH SALES,CENSUS,89407,,ZIP CODE,ALL CLASSES,00000000,NEVADA,9000,CROPS,ALL PRODUCTION PRACTICES,,2018-02-01 12:00:00.000,,00,,32,,22,00,UNITED STATES,,,32,NV,89407,YEAR,ANNUAL,,ALL UTILIZATION PRACTICES,TOTAL,,2017,OPERATIONS
CROP TOTALS,NOT SPECIFIED,CROP TOTALS,,SALES,CROP TOTALS - OPERATIONS WITH SALES,CENSUS,89407,,ZIP CODE,ALL CLASSES,00000000,NEVADA,9000,CROPS,ALL PRODUCTION PRACTICES,,2012-01-01 00:00:00.000,,00,,32,,10,00,UNITED STATES,,,32,NV,89407,YEAR,ANNUAL,,ALL UTILIZATION PRACTICES,TOTAL,,2007,OPERATIONS
CROP TOTALS,NOT SPECIFIED,CROP TOTALS,,SALES,CROP TOTALS - OPERATIONS WITH SALES,CENSUS,89408,,ZIP CODE,ALL CLASSES,00000000,NEVADA,9000,CROPS,ALL PRODUCTION PRACTICES,,2024-11-07 12:00:00.000,,00,,32,,26,00,UNITED STATES,,,32,NV,89408,YEAR,ANNUAL,,ALL UTILIZATION PRACTICES,TOTAL,,2022,OPERATIONS
CROP TOTALS,NOT SPECIFIED,CROP TOTALS,,SALES,CROP TOTALS - OPERATIONS WITH SALES,CENSUS,89408,,ZIP CODE,ALL CLASSES,00000000,NEVADA,9000,CROPS,ALL PRODUCTION PRACTICES,,2018-02-01 12:00:00.000,,00,,32,,13,00,UNITED STATES,,,32,NV,89408,YEAR,ANNUAL,,ALL UTILIZATION PRACTICES,TOTAL,,2017,OPERATIONS
CROP TOTALS,NOT SPECIFIED,CROP TOTALS,,SALES,CROP TOTALS - OPERATIONS WITH SALES,CENSUS,89408,,ZIP CODE,ALL CLASSES,00000000,NEVADA,9000,CROPS,ALL PRODUCTION PRACTICES,,2012-01-01 00:00:00.000,,00,,32,,17,00,UNITED STATES,,,32,NV,89408,YEAR,ANNUAL,,ALL UTILIZATION PRACTICES,TOTAL,,2007,OPERATIONS
CROP TOTALS,NOT SPECIFIED,CROP TOTALS,,SALES,CROP TOTALS - OPERATIONS WITH SALES,CENSUS,89409,,ZIP CODE,ALL CLASSES,00000000,NEVADA,9000,CROPS,ALL PRODUCTION PRACTICES,,2024-11-07 12:00:00.000,,00,,32,,3,00,UNITED STATES,,,32,NV,89409,YEAR,ANNUAL,,ALL UTILIZATION PRACTICES,TOTAL,,2022,OPERATIONS
CROP TOTALS,NOT SPECIFIED,CROP TOTALS,,SALES,CROP TOTALS - OPERATIONS WITH SALES,CENSUS,89409,,ZIP CODE,ALL CLASSES,00000000,NEVADA,9000,CROPS,ALL PRODUCTION PRACTICES,,2018-02-01 12:00:00.000,,00,,32,,5,00,UNITED STATES,,,32,NV,89409,YEAR,ANNUAL,,ALL UTILIZATION PRACTICES,TOTAL,,2017,OPERATIONS
CROP TOTALS,NOT SPECIFIED,CROP TOTALS,,SALES,CROP TOTALS - OPERATIONS WITH SALES,CENSUS,89409,,ZIP CODE,ALL CLASSES,00000000,NEVADA,9000,CROPS,ALL PRODUCTION PRACTICES,,2012-01-01 00:00:00.000,,00,,32,,1,00,UNITED STATES,,,32,NV,89409,YEAR,ANNUAL,,ALL UTILIZATION PRACTICES,TOTAL,,2007,OPERATIONS
CROP TOTALS,NOT SPECIFIED,CROP TOTALS,,SALES,CROP TOTALS - OPERATIONS WITH SALES,CENSUS,89410,,ZIP CODE,ALL CLASSES,00000000,NEVADA,9000,CROPS,ALL PRODUCTION PRACTICES,,2024-11-07 12:00:00.000,,00,,32,,23,00,UNITED STATES,,,32,NV,89410,YEAR,ANNUAL,,ALL UTILIZATION PRACTICES,TOTAL,,2022,OPERATIONS
CROP TOTALS,NOT SPECIFIED,CROP TOTALS,,SALES,CROP TOTALS - OPERATIONS WITH SALES,CENSUS,89410,,ZIP CODE,ALL CLASSES,00000000,NEVADA,9000,CROPS,ALL PRODUCTION PRACTICES,,2018-02-01 12:00:00.000,,00,,32,,43,00,UNITED STATES,,,32,NV,89410,YEAR,ANNUAL,,ALL UTILIZATION PRACTICES,TOTAL,,2017,OPERATIONS
CROP TOTALS,NOT SPECIFIED,CROP TOTALS,,SALES,CROP TOTALS - OPERATIONS WITH SALES,CENSUS,89410,,ZIP CODE,ALL CLASSES,00000000,NEVADA,9000,CROPS,ALL PRODUCTION PRACTICES,,2012-01-01 00:00:00.000,,00,,32,,30,00,UNITED STATES,,,32,NV,89410,YEAR,ANNUAL,,ALL UTILIZATION PRACTICES,TOTAL,,2007,OPERATIONS
CROP TOTALS,NOT SPECIFIED,CROP TOTALS,,SALES,CROP TOTALS - OPERATIONS WITH SALES,CENSUS,89411,,ZIP CODE,ALL CLASSES,00000000,NEVADA,9000,CROPS,ALL PRODUCTION PRACTICES,,2024-11-07 12:00:00.000,,00,,32,,8,00,UNITED STATES,,,32,NV,89411,YEAR,ANNUAL,,ALL UTILIZATION PRACTICES,TOTAL,,2022,OPERATIONS
CROP TOTALS,NOT SPECIFIED,CROP TOTALS,,SALES,CROP TOTALS - OPERATIONS WITH SALES,CENSUS,89411,,ZIP CODE,ALL CLASSES,00000000,NEVADA,9000,CROPS,ALL PRODUCTION PRACTICES,,2018-02-01 12:00:00.000,,00,,32,,4,00,UNITED STATES,,,32,NV,89411,YEAR,ANNUAL,,ALL UTILIZATION PRACTICES,TOTAL,,2017,OPERATIONS
CROP TOTALS,NOT SPECIFIED,CROP TOTALS,,SALES,CROP TOTALS - OPERATIONS WITH SALES,CENSUS,89411,,ZIP CODE,ALL CLASSES,00000000,NEVADA,9000,CROPS,ALL PRODUCTION PRACTICES,,2012-01-01 00:00:00.000,,00,,32,,2,00,UNITED STATES,,,32,NV,89411,YEAR,ANNUAL,,ALL UTILIZATION PRACTICES,TOTAL,,2007,OPERATIONS
CROP TOTALS,NOT SPECIFIED,CROP TOTALS,,SALES,CROP TOTALS - OPERATIONS WITH SALES,CENSUS,89412,,ZIP CODE,ALL CLASSES,00000000,NEVADA,9000,CROPS,ALL PRODUCTION PRACTICES,,2024-11-07 12:00:00.000,,00,,32,,1,00,UNITED STATES,,,32,NV,89412,YEAR,ANNUAL,,ALL UTILIZATION PRACTICES,TOTAL,,2022,OPERATIONS
CROP TOTALS,NOT SPECIFIED,CROP TOTALS,,SALES,CROP TOTALS - OPERATIONS WITH SALES,CENSUS,89413,,ZIP CODE,ALL CLASSES,00000000,NEVADA,9000,CROPS,ALL PRODUCTION PRACTICES,,2018-02-01 12:00:00.000,,00,,32,,2,00,UNITED STATES,,,32,NV,89413,YEAR,ANNUAL,,ALL UTILIZATION PRACTICES,TOTAL,,2017,OPERATIONS
CROP TOTALS,NOT SPECIFIED,CROP TOTALS,,SALES,CROP TOTALS - OPERATIONS WITH SALES,CENSUS,89414,,ZIP CODE,ALL CLASSES,00000000,NEVADA,9000,CROPS,ALL PRODUCTION PRACTICES,,2024-11-07 12:00:00.000,,00,,32,,1,00,UNITED STATES,,,32,NV,89414,YEAR,ANNUAL,,ALL UTILIZATION PRACTICES,TOTAL,,2022,OPERATIONS
CROP TOTALS,NOT SPECIFIED,CROP TOTALS,,SALES,CROP TOTALS - OPERATIONS WITH SALES,CENSUS,89414,,ZIP CODE,ALL CLASSES,00000000,NEVADA,9000,CROPS,ALL PRODUCTION PRACTICES,,2018-02-01 12:00:00.000,,00,,32,,4,00,UNITED STATES,,,32,NV,89414,YEAR,ANNUAL,,ALL UTILIZATION PRACTICES,TOTAL,,2017,OPERATIONS
CROP TOTALS,NOT SPECIFIED,CROP TOTALS,,SALES,CROP TOTALS - OPERATIONS WITH SALES,CENSUS,89414,,ZIP CODE,ALL CLASSES,00000000,NEVADA,9000,CROPS,ALL PRODUCTION PRACTICES,,2012-01-01 00:00:00.000,,00,,32,,1,00,UNITED STATES,,,32,NV,89414,YEAR,ANNUAL,,ALL UTILIZATION PRACTICES,TOTAL,,2007,OPERATIONS
CROP TOTALS,NOT SPECIFIED,CROP TOTALS,,SALES,CROP TOTALS - OPERATIONS WITH SALES,CENSUS,89415,,ZIP CODE,ALL CLASSES,00000000,NEVADA,9000,CROPS,ALL PRODUCTION PRACTICES,,2024-11-07 12:00:00.000,,00,,32,,2,00,UNITED STATES,,,32,NV,89415,YEAR,ANNUAL,,ALL UTILIZATION PRACTICES,TOTAL,,2022,OPERATIONS
CROP TOTALS,NOT SPECIFIED,CROP TOTALS,,SALES,CROP TOTALS - OPERATIONS WITH SALES,CENSUS,89415,,ZIP CODE,ALL CLASSES,00000000,NEVADA,9000,CROPS,ALL PRODUCTION PRACTICES,,2018-02-01 12:00:00.000,,00,,32,,2,00,UNITED STATES,,,32,NV,89415,YEAR,ANNUAL,,ALL UTILIZATION PRACTICES,TOTAL,,2017,OPERATIONS
CROP TOTALS,NOT SPECIFIED,CROP TOTALS,,SALES,CROP TOTALS - OPERATIONS WITH SALES,CENSUS,89418,,ZIP CODE,ALL CLASSES,00000000,NEVADA,9000,CROPS,ALL PRODUCTION PRACTICES,,2024-11-07 12:00:00.000,,00,,32,,4,00,UNITED STATES,,,32,NV,89418,YEAR,ANNUAL,,ALL UTILIZATION PRACTICES,TOTAL,,2022,OPERATIONS
CROP TOTALS,NOT SPECIFIED,CROP TOTALS,,SALES,CROP TOTALS - OPERATIONS WITH SALES,CENSUS,89418,,ZIP CODE,ALL CLASSES,00000000,NEVADA,9000,CROPS,ALL PRODUCTION PRACTICES,,2018-02-01 12:00:00.000,,00,,32,,5,00,UNITED STATES,,,32,NV,89418,YEAR,ANNUAL,,ALL UTILIZATION PRACTICES,TOTAL,,2017,OPERATIONS
CROP TOTALS,NOT SPECIFIED,CROP TOTALS,,SALES,CROP TOTALS - OPERATIONS WITH SALES,CENSUS,89418,,ZIP CODE,ALL CLASSES,00000000,NEVADA,9000,CROPS,ALL PRODUCTION PRACTICES,,2012-01-01 00:00:00.000,,00,,32,,6,00,UNITED STATES,,,32,NV,89418,YEAR,ANNUAL,,ALL UTILIZATION PRACTICES,TOTAL,,2007,OPERATIONS
CROP TOTALS,NOT SPECIFIED,CROP TOTALS,,SALES,CROP TOTALS - OPERATIONS WITH SALES,CENSUS,89419,,ZIP CODE,ALL CLASSES,00000000,NEVADA,9000,CROPS,ALL PRODUCTION PRACTICES,,2024-11-07 12:00:00.000,,00,,32,,34,00,UNITED STATES,,,32,NV,89419,YEAR,ANNUAL,,ALL UTILIZATION PRACTICES,TOTAL,,2022,OPERATIONS
CROP TOTALS,NOT SPECIFIED,CROP TOTALS,,SALES,CROP TOTALS - OPERATIONS WITH SALES,CENSUS,89419,,ZIP CODE,ALL CLASSES,00000000,NEVADA,9000,CROPS,ALL PRODUCTION PRACTICES,,2018-02-01 12:00:00.000,,00,,32,,45,00,UNITED STATES,,,32,NV,89419,YEAR,ANNUAL,,ALL UTILIZATION PRACTICES,TOTAL,,2017,OPERATIONS
CROP TOTALS,NOT SPECIFIED,CROP TOTALS,,SALES,CROP TOTALS - OPERATIONS WITH SALES,CENSUS,89419,,ZIP CODE,ALL CLASSES,00000000,NEVADA,9000,CROPS,ALL PRODUCTION PRACTICES,,2012-01-01 00:00:00.000,,00,,32,,46,00,UNITED STATES,,,32,NV,89419,YEAR,ANNUAL,,ALL UTILIZATION PRACTICES,TOTAL,,2007,OPERATIONS
CROP TOTALS,NOT SPECIFIED,CROP TOTALS,,SALES,CROP TOTALS - OPERATIONS WITH SALES,CENSUS,89421,,ZIP CODE,ALL CLASSES,00000000,NEVADA,9000,CROPS,ALL PRODUCTION PRACTICES,,2024-11-07 12:00:00.000,,00,,32,,2,00,UNITED STATES,,,32,NV,89421,YEAR,ANNUAL,,ALL UTILIZATION PRACTICES,TOTAL,,2022,OPERATIONS
CROP TOTALS,NOT SPECIFIED,CROP TOTALS,,SALES,CROP TOTALS - OPERATIONS WITH SALES,CENSUS,89421,,ZIP CODE,ALL CLASSES,00000000,NEVADA,9000,CROPS,ALL PRODUCTION PRACTICES,,2018-02-01 12:00:00.000,,00,,32,,2,00,UNITED STATES,,,32,NV,89421,YEAR,ANNUAL,,ALL UTILIZATION PRACTICES,TOTAL,,2017,OPERATIONS
CROP TOTALS,NOT SPECIFIED,CROP TOTALS,,SALES,CROP TOTALS - OPERATIONS WITH SALES,CENSUS,89421,,ZIP CODE,ALL CLASSES,00000000,NEVADA,9000,CROPS,ALL PRODUCTION PRACTICES,,2012-01-01 00:00:00.000,,00,,32,,4,00,UNITED STATES,,,32,NV,89421,YEAR,ANNUAL,,ALL UTILIZATION PRACTICES,TOTAL,,2007,OPERATIONS
CROP TOTALS,NOT SPECIFIED,CROP TOTALS,,SALES,CROP TOTALS - OPERATIONS WITH SALES,CENSUS,89423,,ZIP CODE,ALL CLASSES,00000000,NEVADA,9000,CROPS,ALL PRODUCTION PRACTICES,,2024-11-07 12:00:00.000,,00,,32,,16,00,UNITED STATES,,,32,NV,89423,YEAR,ANNUAL,,ALL UTILIZATION PRACTICES,TOTAL,,2022,OPERATIONS
CROP TOTALS,NOT SPECIFIED,CROP TOTALS,,SALES,CROP TOTALS - OPERATIONS WITH SALES,CENSUS,89423,,ZIP CODE,ALL CLASSES,00000000,NEVADA,9000,CROPS,ALL PRODUCTION PRACTICES,,2018-02-01 12:00:00.000,,00,,32,,26,00,UNITED STATES,,,32,NV,89423,YEAR,ANNUAL,,ALL UTILIZATION PRACTICES,TOTAL,,2017,OPERATIONS
CROP TOTALS,NOT SPECIFIED,CROP TOTALS,,SALES,CROP TOTALS - OPERATIONS WITH SALES,CENSUS,89423,,ZIP CODE,ALL CLASSES,00000000,NEVADA,9000,CROPS,ALL PRODUCTION PRACTICES,,2012-01-01 00:00:00.000,,00,,32,,21,00,UNITED STATES,,,32,NV,89423,YEAR,ANNUAL,,ALL UTILIZATION PRACTICES,TOTAL,,2007,OPERATIONS
CROP TOTALS,NOT SPECIFIED,CROP TOTALS,,SALES,CROP TOTALS - OPERATIONS WITH SALES,CENSUS,89424,,ZIP CODE,ALL CLASSES,00000000,NEVADA,9000,CROPS,ALL PRODUCTION PRACTICES,,2024-11-07 12:00:00.000,,00,,32,,13,00,UNITED STATES,,,32,NV,89424,YEAR,ANNUAL,,ALL UTILIZATION PRACTICES,TOTAL,,2022,OPERATIONS
CROP TOTALS,NOT SPECIFIED,CROP TOTALS,,SALES,CROP TOTALS - OPERATIONS WITH SALES,CENSUS,89424,,ZIP CODE,ALL CLASSES,00000000,NEVADA,9000,CROPS,ALL PRODUCTION PRACTICES,,2018-02-01 12:00:00.000,,00,,32,,10,00,UNITED STATES,,,32,NV,89424,YEAR,ANNUAL,,ALL UTILIZATION PRACTICES,TOTAL,,2017,OPERATIONS
CROP TOTALS,NOT SPECIFIED,CROP TOTALS,,SALES,CROP TOTALS - OPERATIONS WITH SALES,CENSUS,89424,,ZIP CODE,ALL CLASSES,00000000,NEVADA,9000,CROPS,ALL PRODUCTION PRACTICES,,2012-01-01 00:00:00.000,,00,,32,,36,00,UNITED STATES,,,32,NV,89424,YEAR,ANNUAL,,ALL UTILIZATION PRACTICES,TOTAL,,2007,OPERATIONS
CROP TOTALS,NOT SPECIFIED,CROP TOTALS,,SALES,CROP TOTALS - OPERATIONS WITH SALES,CENSUS,89425,,ZIP CODE,ALL CLASSES,00000000,NEVADA,9000,CROPS,ALL PRODUCTION PRACTICES,,2024-11-07 12:00:00.000,,00,,32,,31,00,UNITED STATES,,,32,NV,89425,YEAR,ANNUAL,,ALL UTILIZATION PRACTICES,TOTAL,,2022,OPERATIONS
CROP TOTALS,NOT SPECIFIED,CROP TOTALS,,SALES,CROP TOTALS - OPERATIONS WITH SALES,CENSUS,89425,,ZIP CODE,ALL CLASSES,00000000,NEVADA,9000,CROPS,ALL PRODUCTION PRACTICES,,2018-02-01 12:00:00.000,,00,,32,,51,00,UNITED STATES,,,32,NV,89425,YEAR,ANNUAL,,ALL UTILIZATION PRACTICES,TOTAL,,2017,OPERATIONS
CROP TOTALS,NOT SPECIFIED,CROP TOTALS,,SALES,CROP TOTALS - OPERATIONS WITH SALES,CENSUS,89425,,ZIP CODE,ALL CLASSES,00000000,NEVADA,9000,CROPS,ALL PRODUCTION PRACTICES,,2012-01-01 00:00:00.000,,00,,32,,23,00,UNITED STATES,,,32,NV,89425,YEAR,ANNUAL,,ALL UTILIZATION PRACTICES,TOTAL,,2007,OPERATIONS
CROP TOTALS,NOT SPECIFIED,CROP TOTALS,,SALES,CROP TOTALS - OPERATIONS WITH SALES,CENSUS,89426,,ZIP CODE,ALL CLASSES,00000000,NEVADA,9000,CROPS,ALL PRODUCTION PRACTICES,,2024-11-07 12:00:00.000,,00,,32,,4,00,UNITED STATES,,,32,NV,89426,YEAR,ANNUAL,,ALL UTILIZATION PRACTICES,TOTAL,,2022,OPERATIONS
CROP TOTALS,NOT SPECIFIED,CROP TOTALS,,SALES,CROP TOTALS - OPERATIONS WITH SALES,CENSUS,89426,,ZIP CODE,ALL CLASSES,00000000,NEVADA,9000,CROPS,ALL PRODUCTION PRACTICES,,2018-02-01 12:00:00.000,,00,,32,,8,00,UNITED STATES,,,32,NV,89426,YEAR,ANNUAL,,ALL UTILIZATION PRACTICES,TOTAL,,2017,OPERATIONS
CROP TOTALS,NOT SPECIFIED,CROP TOTALS,,SALES,CROP TOTALS - OPERATIONS WITH SALES,CENSUS,89426,,ZIP CODE,ALL CLASSES,00000000,NEVADA,9000,CROPS,ALL PRODUCTION PRACTICES,,2012-01-01 00:00:00.000,,00,,32,,6,00,UNITED STATES,,,32,NV,89426,YEAR,ANNUAL,,ALL UTILIZATION PRACTICES,TOTAL,,2007,OPERATIONS
CROP TOTALS,NOT SPECIFIED,CROP TOTALS,,SALES,CROP TOTALS - OPERATIONS WITH SALES,CENSUS,89427,,ZIP CODE,ALL CLASSES,00000000,NEVADA,9000,CROPS,ALL PRODUCTION PRACTICES,,2024-11-07 12:00:00.000,,00,,32,,35,00,UNITED STATES,,,32,NV,89427,YEAR,ANNUAL,,ALL UTILIZATION PRACTICES,TOTAL,,2022,OPERATIONS
CROP TOTALS,NOT SPECIFIED,CROP TOTALS,,SALES,CROP TOTALS - OPERATIONS WITH SALES,CENSUS,89427,,ZIP CODE,ALL CLASSES,00000000,NEVADA,9000,CROPS,ALL PRODUCTION PRACTICES,,2018-02-01 12:00:00.000,,00,,32,,27,00,UNITED STATES,,,32,NV,89427,YEAR,ANNUAL,,ALL UTILIZATION PRACTICES,TOTAL,,2017,OPERATIONS
CROP TOTALS,NOT SPECIFIED,CROP TOTALS,,SALES,CROP TOTALS - OPERATIONS WITH SALES,CENSUS,89427,,ZIP CODE,ALL CLASSES,00000000,NEVADA,9000,CROPS,ALL PRODUCTION PRACTICES,,2012-01-01 00:00:00.000,,00,,32,,1,00,UNITED STATES,,,32,NV,89427,YEAR,ANNUAL,,ALL UTILIZATION PRACTICES,TOTAL,,2007,OPERATIONS
CROP TOTALS,NOT SPECIFIED,CROP TOTALS,,SALES,CROP TOTALS - OPERATIONS WITH SALES,CENSUS,89429,,ZIP CODE,ALL CLASSES,00000000,NEVADA,9000,CROPS,ALL PRODUCTION PRACTICES,,2024-11-07 12:00:00.000,,00,,32,,8,00,UNITED STATES,,,32,NV,89429,YEAR,ANNUAL,,ALL UTILIZATION PRACTICES,TOTAL,,2022,OPERATIONS
CROP TOTALS,NOT SPECIFIED,CROP TOTALS,,SALES,CROP TOTALS - OPERATIONS WITH SALES,CENSUS,89429,,ZIP CODE,ALL CLASSES,00000000,NEVADA,9000,CROPS,ALL PRODUCTION PRACTICES,,2018-02-01 12:00:00.000,,00,,32,,14,00,UNITED STATES,,,32,NV,89429,YEAR,ANNUAL,,ALL UTILIZATION PRACTICES,TOTAL,,2017,OPERATIONS
CROP TOTALS,NOT SPECIFIED,CROP TOTALS,,SALES,CROP TOTALS - OPERATIONS WITH SALES,CENSUS,89429,,ZIP CODE,ALL CLASSES,00000000,NEVADA,9000,CROPS,ALL PRODUCTION PRACTICES,,2012-01-01 00:00:00.000,,00,,32,,6,00,UNITED STATES,,,32,NV,89429,YEAR,ANNUAL,,ALL UTILIZATION PRACTICES,TOTAL,,2007,OPERATIONS
CROP TOTALS,NOT SPECIFIED,CROP TOTALS,,SALES,CROP TOTALS - OPERATIONS WITH SALES,CENSUS,89430,,ZIP CODE,ALL CLASSES,00000000,NEVADA,9000,CROPS,ALL PRODUCTION PRACTICES,,2024-11-07 12:00:00.000,,00,,32,,26,00,UNITED STATES,,,32,NV,89430,YEAR,ANNUAL,,ALL UTILIZATION PRACTICES,TOTAL,,2022,OPERATIONS
CROP TOTALS,NOT SPECIFIED,CROP TOTALS,,SALES,CROP TOTALS - OPERATIONS WITH SALES,CENSUS,89430,,ZIP CODE,ALL CLASSES,00000000,NEVADA,9000,CROPS,ALL PRODUCTION PRACTICES,,2018-02-01 12:00:00.000,,00,,32,,16,00,UNITED STATES,,,32,NV,89430,YEAR,ANNUAL,,ALL UTILIZATION PRACTICES,TOTAL,,2017,OPERATIONS
CROP TOTALS,NOT SPECIFIED,CROP TOTALS,,SALES,CROP TOTALS - OPERATIONS WITH SALES,CENSUS,89430,,ZIP CODE,ALL CLASSES,00000000,NEVADA,9000,CROPS,ALL PRODUCTION PRACTICES,,2012-01-01 00:00:00.000,,00,,32,,15,00,UNITED STATES,,,32,NV,89430,YEAR,ANNUAL,,ALL UTILIZATION PRACTICES,TOTAL,,2007,OPERATIONS
CROP TOTALS,NOT SPECIFIED,CROP TOTALS,,SALES,CROP TOTALS - OPERATIONS WITH SALES,CENSUS,89431,,ZIP CODE,ALL CLASSES,00000000,NEVADA,9000,CROPS,ALL PRODUCTION PRACTICES,,2024-11-07 12:00:00.000,,00,,32,,1,00,UNITED STATES,,,32,NV,89431,YEAR,ANNUAL,,ALL UTILIZATION PRACTICES,TOTAL,,2022,OPERATIONS
CROP TOTALS,NOT SPECIFIED,CROP TOTALS,,SALES,CROP TOTALS - OPERATIONS WITH SALES,CENSUS,89431,,ZIP CODE,ALL CLASSES,00000000,NEVADA,9000,CROPS,ALL PRODUCTION PRACTICES,,2012-01-01 00:00:00.000,,00,,32,,3,00,UNITED STATES,,,32,NV,89431,YEAR,ANNUAL,,ALL UTILIZATION PRACTICES,TOTAL,,2007,OPERATIONS
CROP TOTALS,NOT SPECIFIED,CROP TOTALS,,SALES,CROP TOTALS - OPERATIONS WITH SALES,CENSUS,89432,,ZIP CODE,ALL CLASSES,00000000,NEVADA,9000,CROPS,ALL PRODUCTION PRACTICES,,2024-11-07 12:00:00.000,,00,,32,,1,00,UNITED STATES,,,32,NV,89432,YEAR,ANNUAL,,ALL UTILIZATION PRACTICES,TOTAL,,2022,OPERATIONS
CROP TOTALS,NOT SPECIFIED,CROP TOTALS,,SALES,CROP TOTALS - OPERATIONS WITH SALES,CENSUS,89432,,ZIP CODE,ALL CLASSES,00000000,NEVADA,9000,CROPS,ALL PRODUCTION PRACTICES,,2012-01-01 00:00:00.000,,00,,32,,3,00,UNITED STATES,,,32,NV,89432,YEAR,ANNUAL,,ALL UTILIZATION PRACTICES,TOTAL,,2007,OPERATIONS
CROP TOTALS,NOT SPECIFIED,CROP TOTALS,,SALES,CROP TOTALS - OPERATIONS WITH SALES,CENSUS,89434,,ZIP CODE,ALL CLASSES,00000000,NEVADA,9000,CROPS,ALL PRODUCTION PRACTICES,,2018-02-01 12:00:00.000,,00,,32,,8,00,UNITED STATES,,,32,NV,89434,YEAR,ANNUAL,,ALL UTILIZATION PRACTICES,TOTAL,,2017,OPERATIONS
CROP TOTALS,NOT SPECIFIED,CROP TOTALS,,SALES,CROP TOTALS - OPERATIONS WITH SALES,CENSUS,89436,,ZIP CODE,ALL CLASSES,00000000,NEVADA,9000,CROPS,ALL PRODUCTION PRACTICES,,2024-11-07 12:00:00.000,,00,,32,,2,00,UNITED STATES,,,32,NV,89436,YEAR,ANNUAL,,ALL UTILIZATION PRACTICES,TOTAL,,2022,OPERATIONS
CROP TOTALS,NOT SPECIFIED,CROP TOTALS,,SALES,CROP TOTALS - OPERATIONS WITH SALES,CENSUS,89436,,ZIP CODE,ALL CLASSES,00000000,NEVADA,9000,CROPS,ALL PRODUCTION PRACTICES,,2018-02-01 12:00:00.000,,00,,32,,5,00,UNITED STATES,,,32,NV,89436,YEAR,ANNUAL,,ALL UTILIZATION PRACTICES,TOTAL,,2017,OPERATIONS
CROP TOTALS,NOT SPECIFIED,CROP TOTALS,,SALES,CROP TOTALS - OPERATIONS WITH SALES,CENSUS,89436,,ZIP CODE,ALL CLASSES,00000000,NEVADA,9000,CROPS,ALL PRODUCTION PRACTICES,,2012-01-01 00:00:00.000,,00,,32,,2,00,UNITED STATES,,,32,NV,89436,YEAR,ANNUAL,,ALL UTILIZATION PRACTICES,TOTAL,,2007,OPERATIONS
CROP TOTALS,NOT SPECIFIED,CROP TOTALS,,SALES,CROP TOTALS - OPERATIONS WITH SALES,CENSUS,89438,,ZIP CODE,ALL CLASSES,00000000,NEVADA,9000,CROPS,ALL PRODUCTION PRACTICES,,2018-02-01 12:00:00.000,,00,,32,,1,00,UNITED STATES,,,32,NV,89438,YEAR,ANNUAL,,ALL UTILIZATION PRACTICES,TOTAL,,2017,OPERATIONS
CROP TOTALS,NOT SPECIFIED,CROP TOTALS,,SALES,CROP TOTALS - OPERATIONS WITH SALES,CENSUS,89439,,ZIP CODE,ALL CLASSES,00000000,NEVADA,9000,CROPS,ALL PRODUCTION PRACTICES,,2024-11-07 12:00:00.000,,00,,32,,2,00,UNITED STATES,,,32,NV,89439,YEAR,ANNUAL,,ALL UTILIZATION PRACTICES,TOTAL,,2022,OPERATIONS
CROP TOTALS,NOT SPECIFIED,CROP TOTALS,,SALES,CROP TOTALS - OPERATIONS WITH SALES,CENSUS,89441,,ZIP CODE,ALL CLASSES,00000000,NEVADA,9000,CROPS,ALL PRODUCTION PRACTICES,,2024-11-07 12:00:00.000,,00,,32,,4,00,UNITED STATES,,,32,NV,89441,YEAR,ANNUAL,,ALL UTILIZATION PRACTICES,TOTAL,,2022,OPERATIONS
CROP TOTALS,NOT SPECIFIED,CROP TOTALS,,SALES,CROP TOTALS - OPERATIONS WITH SALES,CENSUS,89441,,ZIP CODE,ALL CLASSES,00000000,NEVADA,9000,CROPS,ALL PRODUCTION PRACTICES,,2018-02-01 12:00:00.000,,00,,32,,2,00,UNITED STATES,,,32,NV,89441,YEAR,ANNUAL,,ALL UTILIZATION PRACTICES,TOTAL,,2017,OPERATIONS
CROP TOTALS,NOT SPECIFIED,CROP TOTALS,,SALES,CROP TOTALS - OPERATIONS WITH SALES,CENSUS,89441,,ZIP CODE,ALL CLASSES,00000000,NEVADA,9000,CROPS,ALL PRODUCTION PRACTICES,,2012-01-01 00:00:00.000,,00,,32,,1,00,UNITED STATES,,,32,NV,89441,YEAR,ANNUAL,,ALL UTILIZATION PRACTICES,TOTAL,,2007,OPERATIONS
CROP TOTALS,NOT SPECIFIED,CROP TOTALS,,SALES,CROP TOTALS - OPERATIONS WITH SALES,CENSUS,89442,,ZIP CODE,ALL CLASSES,00000000,NEVADA,9000,CROPS,ALL PRODUCTION PRACTICES,,2024-11-07 12:00:00.000,,00,,32,,3,00,UNITED STATES,,,32,NV,89442,YEAR,ANNUAL,,ALL UTILIZATION PRACTICES,TOTAL,,2022,OPERATIONS
CROP TOTALS,NOT SPECIFIED,CROP TOTALS,,SALES,CROP TOTALS - OPERATIONS WITH SALES,CENSUS,89442,,ZIP CODE,ALL CLASSES,00000000,NEVADA,9000,CROPS,ALL PRODUCTION PRACTICES,,2018-02-01 12:00:00.000,,00,,32,,8,00,UNITED STATES,,,32,NV,89442,YEAR,ANNUAL,,ALL UTILIZATION PRACTICES,TOTAL,,2017,OPERATIONS
CROP TOTALS,NOT SPECIFIED,CROP TOTALS,,SALES,CROP TOTALS - OPERATIONS WITH SALES,CENSUS,89442,,ZIP CODE,ALL CLASSES,00000000,NEVADA,9000,CROPS,ALL PRODUCTION PRACTICES,,2012-01-01 00:00:00.000,,00,,32,,22,00,UNITED STATES,,,32,NV,89442,YEAR,ANNUAL,,ALL UTILIZATION PRACTICES,TOTAL,,2007,OPERATIONS
CROP TOTALS,NOT SPECIFIED,CROP TOTALS,,SALES,CROP TOTALS - OPERATIONS WITH SALES,CENSUS,89444,,ZIP CODE,ALL CLASSES,00000000,NEVADA,9000,CROPS,ALL PRODUCTION PRACTICES,,2024-11-07 12:00:00.000,,00,,32,,10,00,UNITED STATES,,,32,NV,89444,YEAR,ANNUAL,,ALL UTILIZATION PRACTICES,TOTAL,,2022,OPERATIONS
CROP TOTALS,NOT SPECIFIED,CROP TOTALS,,SALES,CROP TOTALS - OPERATIONS WITH SALES,CENSUS,89444,,ZIP CODE,ALL CLASSES,00000000,NEVADA,9000,CROPS,ALL PRODUCTION PRACTICES,,2018-02-01 12:00:00.000,,00,,32,,15,00,UNITED STATES,,,32,NV,89444,YEAR,ANNUAL,,ALL UTILIZATION PRACTICES,TOTAL,,2017,OPERATIONS
CROP TOTALS,NOT SPECIFIED,CROP TOTALS,,SALES,CROP TOTALS - OPERATIONS WITH SALES,CENSUS,89444,,ZIP CODE,ALL CLASSES,00000000,NEVADA,9000,CROPS,ALL PRODUCTION PRACTICES,,2012-01-01 00:00:00.000,,00,,32,,20,00,UNITED STATES,,,32,NV,89444,YEAR,ANNUAL,,ALL UTILIZATION PRACTICES,TOTAL,,2007,OPERATIONS
CROP TOTALS,NOT SPECIFIED,CROP TOTALS,,SALES,CROP TOTALS - OPERATIONS WITH SALES,CENSUS,89445,,ZIP CODE,ALL CLASSES,00000000,NEVADA,9000,CROPS,ALL PRODUCTION PRACTICES,,2024-11-07 12:00:00.000,,00,,32,,35,00,UNITED STATES,,,32,NV,89445,YEAR,ANNUAL,,ALL UTILIZATION PRACTICES,TOTAL,,2022,OPERATIONS
CROP TOTALS,NOT SPECIFIED,CROP TOTALS,,SALES,CROP TOTALS - OPERATIONS WITH SALES,CENSUS,89445,,ZIP CODE,ALL CLASSES,00000000,NEVADA,9000,CROPS,ALL PRODUCTION PRACTICES,,2018-02-01 12:00:00.000,,00,,32,,51,00,UNITED STATES,,,32,NV,89445,YEAR,ANNUAL,,ALL UTILIZATION PRACTICES,TOTAL,,2017,OPERATIONS
CROP TOTALS,NOT SPECIFIED,CROP TOTALS,,SALES,CROP TOTALS - OPERATIONS WITH SALES,CENSUS,89445,,ZIP CODE,ALL CLASSES,00000000,NEVADA,9000,CROPS,ALL PRODUCTION PRACTICES,,2012-01-01 00:00:00.000,,00,,32,,34,00,UNITED STATES,,,32,NV,89445,YEAR,ANNUAL,,ALL UTILIZATION PRACTICES,TOTAL,,2007,OPERATIONS
CROP TOTALS,NOT SPECIFIED,CROP TOTALS,,SALES,CROP TOTALS - OPERATIONS WITH SALES,CENSUS,89446,,ZIP CODE,ALL CLASSES,00000000,NEVADA,9000,CROPS,ALL PRODUCTION PRACTICES,,2024-11-07 12:00:00.000,,00,,32,,13,00,UNITED STATES,,,32,NV,89446,YEAR,ANNUAL,,ALL UTILIZATION PRACTICES,TOTAL,,2022,OPERATIONS
CROP TOTALS,NOT SPECIFIED,CROP TOTALS,,SALES,CROP TOTALS - OPERATIONS WITH SALES,CENSUS,89446,,ZIP CODE,ALL CLASSES,00000000,NEVADA,9000,CROPS,ALL PRODUCTION PRACTICES,,2018-02-01 12:00:00.000,,00,,32,,22,00,UNITED STATES,,,32,NV,89446,YEAR,ANNUAL,,ALL UTILIZATION PRACTICES,TOTAL,,2017,OPERATIONS
CROP TOTALS,NOT SPECIFIED,CROP TOTALS,,SALES,CROP TOTALS - OPERATIONS WITH SALES,CENSUS,89446,,ZIP CODE,ALL CLASSES,00000000,NEVADA,9000,CROPS,ALL PRODUCTION PRACTICES,,2012-01-01 00:00:00.000,,00,,32,,19,00,UNITED STATES,,,32,NV,89446,YEAR,ANNUAL,,ALL UTILIZATION PRACTICES,TOTAL,,2007,OPERATIONS
CROP TOTALS,NOT SPECIFIED,CROP TOTALS,,SALES,CROP TOTALS - OPERATIONS WITH SALES,CENSUS,89447,,ZIP CODE,ALL CLASSES,00000000,NEVADA,9000,CROPS,ALL PRODUCTION PRACTICES,,2024-11-07 12:00:00.000,,00,,32,,71,00,UNITED STATES,,,32,NV,89447,YEAR,ANNUAL,,ALL UTILIZATION PRACTICES,TOTAL,,2022,OPERATIONS
CROP TOTALS,NOT SPECIFIED,CROP TOTALS,,SALES,CROP TOTALS - OPERATIONS WITH SALES,CENSUS,89447,,ZIP CODE,ALL CLASSES,00000000,NEVADA,9000,CROPS,ALL PRODUCTION PRACTICES,,2018-02-01 12:00:00.000,,00,,32,,81,00,UNITED STATES,,,32,NV,89447,YEAR,ANNUAL,,ALL UTILIZATION PRACTICES,TOTAL,,2017,OPERATIONS
CROP TOTALS,NOT SPECIFIED,CROP TOTALS,,SALES,CROP TOTALS - OPERATIONS WITH SALES,CENSUS,89447,,ZIP CODE,ALL CLASSES,00000000,NEVADA,9000,CROPS,ALL PRODUCTION PRACTICES,,2012-01-01 00:00:00.000,,00,,32,,65,00,UNITED STATES,,,32,NV,89447,YEAR,ANNUAL,,ALL UTILIZATION PRACTICES,TOTAL,,2007,OPERATIONS
CROP TOTALS,NOT SPECIFIED,CROP TOTALS,,SALES,CROP TOTALS - OPERATIONS WITH SALES,CENSUS,89450,,ZIP CODE,ALL CLASSES,00000000,NEVADA,9000,CROPS,ALL PRODUCTION PRACTICES,,2012-01-01 00:00:00.000,,00,,32,,2,00,UNITED STATES,,,32,NV,89450,YEAR,ANNUAL,,ALL UTILIZATION PRACTICES,TOTAL,,2007,OPERATIONS
CROP TOTALS,NOT SPECIFIED,CROP TOTALS,,SALES,CROP TOTALS - OPERATIONS WITH SALES,CENSUS,89451,,ZIP CODE,ALL CLASSES,00000000,NEVADA,9000,CROPS,ALL PRODUCTION PRACTICES,,2024-11-07 12:00:00.000,,00,,32,,1,00,UNITED STATES,,,32,NV,89451,YEAR,ANNUAL,,ALL UTILIZATION PRACTICES,TOTAL,,2022,OPERATIONS
CROP TOTALS,NOT SPECIFIED,CROP TOTALS,,SALES,CROP TOTALS - OPERATIONS WITH SALES,CENSUS,89451,,ZIP CODE,ALL CLASSES,00000000,NEVADA,9000,CROPS,ALL PRODUCTION PRACTICES,,2018-02-01 12:00:00.000,,00,,32,,1,00,UNITED STATES,,,32,NV,89451,YEAR,ANNUAL,,ALL UTILIZATION PRACTICES,TOTAL,,2017,OPERATIONS
CROP TOTALS,NOT SPECIFIED,CROP TOTALS,,SALES,CROP TOTALS - OPERATIONS WITH SALES,CENSUS,89460,,ZIP CODE,ALL CLASSES,00000000,NEVADA,9000,CROPS,ALL PRODUCTION PRACTICES,,2024-11-07 12:00:00.000,,00,,32,,40,00,UNITED STATES,,,32,NV,89460,YEAR,ANNUAL,,ALL UTILIZATION PRACTICES,TOTAL,,2022,OPERATIONS
CROP TOTALS,NOT SPECIFIED,CROP TOTALS,,SALES,CROP TOTALS - OPERATIONS WITH SALES,CENSUS,89460,,ZIP CODE,ALL CLASSES,00000000,NEVADA,9000,CROPS,ALL PRODUCTION PRACTICES,,2018-02-01 12:00:00.000,,00,,32,,23,00,UNITED STATES,,,32,NV,89460,YEAR,ANNUAL,,ALL UTILIZATION PRACTICES,TOTAL,,2017,OPERATIONS
CROP TOTALS,NOT SPECIFIED,CROP TOTALS,,SALES,CROP TOTALS - OPERATIONS WITH SALES,CENSUS,89460,,ZIP CODE,ALL CLASSES,00000000,NEVADA,9000,CROPS,ALL PRODUCTION PRACTICES,,2012-01-01 00:00:00.000,,00,,32,,10,00,UNITED STATES,,,32,NV,89460,YEAR,ANNUAL,,ALL UTILIZATION PRACTICES,TOTAL,,2007,OPERATIONS
CROP TOTALS,NOT SPECIFIED,CROP TOTALS,,SALES,CROP TOTALS - OPERATIONS WITH SALES,CENSUS,89501,,ZIP CODE,ALL CLASSES,00000000,NEVADA,9000,CROPS,ALL PRODUCTION PRACTICES,,2024-11-07 12:00:00.000,,00,,32,,3,00,UNITED STATES,,,32,NV,89501,YEAR,ANNUAL,,ALL UTILIZATION PRACTICES,TOTAL,,2022,OPERATIONS
CROP TOTALS,NOT SPECIFIED,CROP TOTALS,,SALES,CROP TOTALS - OPERATIONS WITH SALES,CENSUS,89501,,ZIP CODE,ALL CLASSES,00000000,NEVADA,9000,CROPS,ALL PRODUCTION PRACTICES,,2018-02-01 12:00:00.000,,00,,32,,5,00,UNITED STATES,,,32,NV,89501,YEAR,ANNUAL,,ALL UTILIZATION PRACTICES,TOTAL,,2017,OPERATIONS
CROP TOTALS,NOT SPECIFIED,CROP TOTALS,,SALES,CROP TOTALS - OPERATIONS WITH SALES,CENSUS,89501,,ZIP CODE,ALL CLASSES,00000000,NEVADA,9000,CROPS,ALL PRODUCTION PRACTICES,,2012-01-01 00:00:00.000,,00,,32,,1,00,UNITED STATES,,,32,NV,89501,YEAR,ANNUAL,,ALL UTILIZATION PRACTICES,TOTAL,,2007,OPERATIONS
CROP TOTALS,NOT SPECIFIED,CROP TOTALS,,SALES,CROP TOTALS - OPERATIONS WITH SALES,CENSUS,89502,,ZIP CODE,ALL CLASSES,00000000,NEVADA,9000,CROPS,ALL PRODUCTION PRACTICES,,2024-11-07 12:00:00.000,,00,,32,,3,00,UNITED STATES,,,32,NV,89502,YEAR,ANNUAL,,ALL UTILIZATION PRACTICES,TOTAL,,2022,OPERATIONS
CROP TOTALS,NOT SPECIFIED,CROP TOTALS,,SALES,CROP TOTALS - OPERATIONS WITH SALES,CENSUS,89502,,ZIP CODE,ALL CLASSES,00000000,NEVADA,9000,CROPS,ALL PRODUCTION PRACTICES,,2018-02-01 12:00:00.000,,00,,32,,6,00,UNITED STATES,,,32,NV,89502,YEAR,ANNUAL,,ALL UTILIZATION PRACTICES,TOTAL,,2017,OPERATIONS
CROP TOTALS,NOT SPECIFIED,CROP TOTALS,,SALES,CROP TOTALS - OPERATIONS WITH SALES,CENSUS,89502,,ZIP CODE,ALL CLASSES,00000000,NEVADA,9000,CROPS,ALL PRODUCTION PRACTICES,,2012-01-01 00:00:00.000,,00,,32,,3,00,UNITED STATES,,,32,NV,89502,YEAR,ANNUAL,,ALL UTILIZATION PRACTICES,TOTAL,,2007,OPERATIONS
CROP TOTALS,NOT SPECIFIED,CROP TOTALS,,SALES,CROP TOTALS - OPERATIONS WITH SALES,CENSUS,89503,,ZIP CODE,ALL CLASSES,00000000,NEVADA,9000,CROPS,ALL PRODUCTION PRACTICES,,2018-02-01 12:00:00.000,,00,,32,,7,00,UNITED STATES,,,32,NV,89503,YEAR,ANNUAL,,ALL UTILIZATION PRACTICES,TOTAL,,2017,OPERATIONS
CROP TOTALS,NOT SPECIFIED,CROP TOTALS,,SALES,CROP TOTALS - OPERATIONS WITH SALES,CENSUS,89505,,ZIP CODE,ALL CLASSES,00000000,NEVADA,9000,CROPS,ALL PRODUCTION PRACTICES,,2012-01-01 00:00:00.000,,00,,32,,2,00,UNITED STATES,,,32,NV,89505,YEAR,ANNUAL,,ALL UTILIZATION PRACTICES,TOTAL,,2007,OPERATIONS
CROP TOTALS,NOT SPECIFIED,CROP TOTALS,,SALES,CROP TOTALS - OPERATIONS WITH SALES,CENSUS,89506,,ZIP CODE,ALL CLASSES,00000000,NEVADA,9000,CROPS,ALL PRODUCTION PRACTICES,,2024-11-07 12:00:00.000,,00,,32,,9,00,UNITED STATES,,,32,NV,89506,YEAR,ANNUAL,,ALL UTILIZATION PRACTICES,TOTAL,,2022,OPERATIONS
CROP TOTALS,NOT SPECIFIED,CROP TOTALS,,SALES,CROP TOTALS - OPERATIONS WITH SALES,CENSUS,89506,,ZIP CODE,ALL CLASSES,00000000,NEVADA,9000,CROPS,ALL PRODUCTION PRACTICES,,2018-02-01 12:00:00.000,,00,,32,,7,00,UNITED STATES,,,32,NV,89506,YEAR,ANNUAL,,ALL UTILIZATION PRACTICES,TOTAL,,2017,OPERATIONS
CROP TOTALS,NOT SPECIFIED,CROP TOTALS,,SALES,CROP TOTALS - OPERATIONS WITH SALES,CENSUS,89506,,ZIP CODE,ALL CLASSES,00000000,NEVADA,9000,CROPS,ALL PRODUCTION PRACTICES,,2012-01-01 00:00:00.000,,00,,32,,4,00,UNITED STATES,,,32,NV,89506,YEAR,ANNUAL,,ALL UTILIZATION PRACTICES,TOTAL,,2007,OPERATIONS
CROP TOTALS,NOT SPECIFIED,CROP TOTALS,,SALES,CROP TOTALS - OPERATIONS WITH SALES,CENSUS,89508,,ZIP CODE,ALL CLASSES,00000000,NEVADA,9000,CROPS,ALL PRODUCTION PRACTICES,,2024-11-07 12:00:00.000,,00,,32,,2,00,UNITED STATES,,,32,NV,89508,YEAR,ANNUAL,,ALL UTILIZATION PRACTICES,TOTAL,,2022,OPERATIONS
CROP TOTALS,NOT SPECIFIED,CROP TOTALS,,SALES,CROP TOTALS - OPERATIONS WITH SALES,CENSUS,89508,,ZIP CODE,ALL CLASSES,00000000,NEVADA,9000,CROPS,ALL PRODUCTION PRACTICES,,2018-02-01 12:00:00.000,,00,,32,,1,00,UNITED STATES,,,32,NV,89508,YEAR,ANNUAL,,ALL UTILIZATION PRACTICES,TOTAL,,2017,OPERATIONS
CROP TOTALS,NOT SPECIFIED,CROP TOTALS,,SALES,CROP TOTALS - OPERATIONS WITH SALES,CENSUS,89509,,ZIP CODE,ALL CLASSES,00000000,NEVADA,9000,CROPS,ALL PRODUCTION PRACTICES,,2024-11-07 12:00:00.000,,00,,32,,6,00,UNITED STATES,,,32,NV,89509,YEAR,ANNUAL,,ALL UTILIZATION PRACTICES,TOTAL,,2022,OPERATIONS
CROP TOTALS,NOT SPECIFIED,CROP TOTALS,,SALES,CROP TOTALS - OPERATIONS WITH SALES,CENSUS,89509,,ZIP CODE,ALL CLASSES,00000000,NEVADA,9000,CROPS,ALL PRODUCTION PRACTICES,,2018-02-01 12:00:00.000,,00,,32,,8,00,UNITED STATES,,,32,NV,89509,YEAR,ANNUAL,,ALL UTILIZATION PRACTICES,TOTAL,,2017,OPERATIONS
CROP TOTALS,NOT SPECIFIED,CROP TOTALS,,SALES,CROP TOTALS - OPERATIONS WITH SALES,CENSUS,89509,,ZIP CODE,ALL CLASSES,00000000,NEVADA,9000,CROPS,ALL PRODUCTION PRACTICES,,2012-01-01 00:00:00.000,,00,,32,,8,00,UNITED STATES,,,32,NV,89509,YEAR,ANNUAL,,ALL UTILIZATION PRACTICES,TOTAL,,2007,OPERATIONS
CROP TOTALS,NOT SPECIFIED,CROP TOTALS,,SALES,CROP TOTALS - OPERATIONS WITH SALES,CENSUS,89510,,ZIP CODE,ALL CLASSES,00000000,NEVADA,9000,CROPS,ALL PRODUCTION PRACTICES,,2024-11-07 12:00:00.000,,00,,32,,7,00,UNITED STATES,,,32,NV,89510,YEAR,ANNUAL,,ALL UTILIZATION PRACTICES,TOTAL,,2022,OPERATIONS
CROP TOTALS,NOT SPECIFIED,CROP TOTALS,,SALES,CROP TOTALS - OPERATIONS WITH SALES,CENSUS,89510,,ZIP CODE,ALL CLASSES,00000000,NEVADA,9000,CROPS,ALL PRODUCTION PRACTICES,,2018-02-01 12:00:00.000,,00,,32,,10,00,UNITED STATES,,,32,NV,89510,YEAR,ANNUAL,,ALL UTILIZATION PRACTICES,TOTAL,,2017,OPERATIONS
CROP TOTALS,NOT SPECIFIED,CROP TOTALS,,SALES,CROP TOTALS - OPERATIONS WITH SALES,CENSUS,89510,,ZIP CODE,ALL CLASSES,00000000,NEVADA,9000,CROPS,ALL PRODUCTION PRACTICES,,2012-01-01 00:00:00.000,,00,,32,,11,00,UNITED STATES,,,32,NV,89510,YEAR,ANNUAL,,ALL UTILIZATION PRACTICES,TOTAL,,2007,OPERATIONS
CROP TOTALS,NOT SPECIFIED,CROP TOTALS,,SALES,CROP TOTALS - OPERATIONS WITH SALES,CENSUS,89511,,ZIP CODE,ALL CLASSES,00000000,NEVADA,9000,CROPS,ALL PRODUCTION PRACTICES,,2024-11-07 12:00:00.000,,00,,32,,10,00,UNITED STATES,,,32,NV,89511,YEAR,ANNUAL,,ALL UTILIZATION PRACTICES,TOTAL,,2022,OPERATIONS
CROP TOTALS,NOT SPECIFIED,CROP TOTALS,,SALES,CROP TOTALS - OPERATIONS WITH SALES,CENSUS,89511,,ZIP CODE,ALL CLASSES,00000000,NEVADA,9000,CROPS,ALL PRODUCTION PRACTICES,,2018-02-01 12:00:00.000,,00,,32,,5,00,UNITED STATES,,,32,NV,89511,YEAR,ANNUAL,,ALL UTILIZATION PRACTICES,TOTAL,,2017,OPERATIONS
CROP TOTALS,NOT SPECIFIED,CROP TOTALS,,SALES,CROP TOTALS - OPERATIONS WITH SALES,CENSUS,89511,,ZIP CODE,ALL CLASSES,00000000,NEVADA,9000,CROPS,ALL PRODUCTION PRACTICES,,2012-01-01 00:00:00.000,,00,,32,,9,00,UNITED STATES,,,32,NV,89511,YEAR,ANNUAL,,ALL UTILIZATION PRACTICES,TOTAL,,2007,OPERATIONS
CROP TOTALS,NOT SPECIFIED,CROP TOTALS,,SALES,CROP TOTALS - OPERATIONS WITH SALES,CENSUS,89512,,ZIP CODE,ALL CLASSES,00000000,NEVADA,9000,CROPS,ALL PRODUCTION PRACTICES,,2024-11-07 12:00:00.000,,00,,32,,1,00,UNITED STATES,,,32,NV,89512,YEAR,ANNUAL,,ALL UTILIZATION PRACTICES,TOTAL,,2022,OPERATIONS
CROP TOTALS,NOT SPECIFIED,CROP TOTALS,,SALES,CROP TOTALS - OPERATIONS WITH SALES,CENSUS,89515,,ZIP CODE,ALL CLASSES,00000000,NEVADA,9000,CROPS,ALL PRODUCTION PRACTICES,,2024-11-07 12:00:00.000,,00,,32,,1,00,UNITED STATES,,,32,NV,89515,YEAR,ANNUAL,,ALL UTILIZATION PRACTICES,TOTAL,,2022,OPERATIONS
CROP TOTALS,NOT SPECIFIED,CROP TOTALS,,SALES,CROP TOTALS - OPERATIONS WITH SALES,CENSUS,89515,,ZIP CODE,ALL CLASSES,00000000,NEVADA,9000,CROPS,ALL PRODUCTION PRACTICES,,2018-02-01 12:00:00.000,,00,,32,,1,00,UNITED STATES,,,32,NV,89515,YEAR,ANNUAL,,ALL UTILIZATION PRACTICES,TOTAL,,2017,OPERATIONS
CROP TOTALS,NOT SPECIFIED,CROP TOTALS,,SALES,CROP TOTALS - OPERATIONS WITH SALES,CENSUS,89515,,ZIP CODE,ALL CLASSES,00000000,NEVADA,9000,CROPS,ALL PRODUCTION PRACTICES,,2012-01-01 00:00:00.000,,00,,32,,1,00,UNITED STATES,,,32,NV,89515,YEAR,ANNUAL,,ALL UTILIZATION PRACTICES,TOTAL,,2007,OPERATIONS
CROP TOTALS,NOT SPECIFIED,CROP TOTALS,,SALES,CROP TOTALS - OPERATIONS WITH SALES,CENSUS,89519,,ZIP CODE,ALL CLASSES,00000000,NEVADA,9000,CROPS,ALL PRODUCTION PRACTICES,,2024-11-07 12:00:00.000,,00,,32,,6,00,UNITED STATES,,,32,NV,89519,YEAR,ANNUAL,,ALL UTILIZATION PRACTICES,TOTAL,,2022,OPERATIONS
CROP TOTALS,NOT SPECIFIED,CROP TOTALS,,SALES,CROP TOTALS - OPERATIONS WITH SALES,CENSUS,89519,,ZIP CODE,ALL CLASSES,00000000,NEVADA,9000,CROPS,ALL PRODUCTION PRACTICES,,2018-02-01 12:00:00.000,,00,,32,,6,00,UNITED STATES,,,32,NV,89519,YEAR,ANNUAL,,ALL UTILIZATION PRACTICES,TOTAL,,2017,OPERATIONS
CROP TOTALS,NOT SPECIFIED,CROP TOTALS,,SALES,CROP TOTALS - OPERATIONS WITH SALES,CENSUS,89521,,ZIP CODE,ALL CLASSES,00000000,NEVADA,9000,CROPS,ALL PRODUCTION PRACTICES,,2024-11-07 12:00:00.000,,00,,32,,6,00,UNITED STATES,,,32,NV,89521,YEAR,ANNUAL,,ALL UTILIZATION PRACTICES,TOTAL,,2022,OPERATIONS
CROP TOTALS,NOT SPECIFIED,CROP TOTALS,,SALES,CROP TOTALS - OPERATIONS WITH SALES,CENSUS,89521,,ZIP CODE,ALL CLASSES,00000000,NEVADA,9000,CROPS,ALL PRODUCTION PRACTICES,,2018-02-01 12:00:00.000,,00,,32,,4,00,UNITED STATES,,,32,NV,89521,YEAR,ANNUAL,,ALL UTILIZATION PRACTICES,TOTAL,,2017,OPERATIONS
CROP TOTALS,NOT SPECIFIED,CROP TOTALS,,SALES,CROP TOTALS - OPERATIONS WITH SALES,CENSUS,89521,,ZIP CODE,ALL CLASSES,00000000,NEVADA,9000,CROPS,ALL PRODUCTION PRACTICES,,2012-01-01 00:00:00.000,,00,,32,,3,00,UNITED STATES,,,32,NV,89521,YEAR,ANNUAL,,ALL UTILIZATION PRACTICES,TOTAL,,2007,OPERATIONS
CROP TOTALS,NOT SPECIFIED,CROP TOTALS,,SALES,CROP TOTALS - OPERATIONS WITH SALES,CENSUS,89523,,ZIP CODE,ALL CLASSES,00000000,NEVADA,9000,CROPS,ALL PRODUCTION PRACTICES,,2024-11-07 12:00:00.000,,00,,32,,5,00,UNITED STATES,,,32,NV,89523,YEAR,ANNUAL,,ALL UTILIZATION PRACTICES,TOTAL,,2022,OPERATIONS
CROP TOTALS,NOT SPECIFIED,CROP TOTALS,,SALES,CROP TOTALS - OPERATIONS WITH SALES,CENSUS,89523,,ZIP CODE,ALL CLASSES,00000000,NEVADA,9000,CROPS,ALL PRODUCTION PRACTICES,,2018-02-01 12:00:00.000,,00,,32,,1,00,UNITED STATES,,,32,NV,89523,YEAR,ANNUAL,,ALL UTILIZATION PRACTICES,TOTAL,,2017,OPERATIONS
CROP TOTALS,NOT SPECIFIED,CROP TOTALS,,SALES,CROP TOTALS - OPERATIONS WITH SALES,CENSUS,89523,,ZIP CODE,ALL CLASSES,00000000,NEVADA,9000,CROPS,ALL PRODUCTION PRACTICES,,2012-01-01 00:00:00.000,,00,,32,,2,00,UNITED STATES,,,32,NV,89523,YEAR,ANNUAL,,ALL UTILIZATION PRACTICES,TOTAL,,2007,OPERATIONS
CROP TOTALS,NOT SPECIFIED,CROP TOTALS,,SALES,CROP TOTALS - OPERATIONS WITH SALES,CENSUS,89557,,ZIP CODE,ALL CLASSES,00000000,NEVADA,9000,CROPS,ALL PRODUCTION PRACTICES,,2024-11-07 12:00:00.000,,00,,32,,3,00,UNITED STATES,,,32,NV,89557,YEAR,ANNUAL,,ALL UTILIZATION PRACTICES,TOTAL,,2022,OPERATIONS
CROP TOTALS,NOT SPECIFIED,CROP TOTALS,,SALES,CROP TOTALS - OPERATIONS WITH SALES,CENSUS,89701,,ZIP CODE,ALL CLASSES,00000000,NEVADA,9000,CROPS,ALL PRODUCTION PRACTICES,,2024-11-07 12:00:00.000,,00,,32,,7,00,UNITED STATES,,,32,NV,89701,YEAR,ANNUAL,,ALL UTILIZATION PRACTICES,TOTAL,,2022,OPERATIONS
CROP TOTALS,NOT SPECIFIED,CROP TOTALS,,SALES,CROP TOTALS - OPERATIONS WITH SALES,CENSUS,89701,,ZIP CODE,ALL CLASSES,00000000,NEVADA,9000,CROPS,ALL PRODUCTION PRACTICES,,2018-02-01 12:00:00.000,,00,,32,,5,00,UNITED STATES,,,32,NV,89701,YEAR,ANNUAL,,ALL UTILIZATION PRACTICES,TOTAL,,2017,OPERATIONS
CROP TOTALS,NOT SPECIFIED,CROP TOTALS,,SALES,CROP TOTALS - OPERATIONS WITH SALES,CENSUS,89701,,ZIP CODE,ALL CLASSES,00000000,NEVADA,9000,CROPS,ALL PRODUCTION PRACTICES,,2012-01-01 00:00:00.000,,00,,32,,3,00,UNITED STATES,,,32,NV,89701,YEAR,ANNUAL,,ALL UTILIZATION PRACTICES,TOTAL,,2007,OPERATIONS
CROP TOTALS,NOT SPECIFIED,CROP TOTALS,,SALES,CROP TOTALS - OPERATIONS WITH SALES,CENSUS,89702,,ZIP CODE,ALL CLASSES,00000000,NEVADA,9000,CROPS,ALL PRODUCTION PRACTICES,,2024-11-07 12:00:00.000,,00,,32,,2,00,UNITED STATES,,,32,NV,89702,YEAR,ANNUAL,,ALL UTILIZATION PRACTICES,TOTAL,,2022,OPERATIONS
CROP TOTALS,NOT SPECIFIED,CROP TOTALS,,SALES,CROP TOTALS - OPERATIONS WITH SALES,CENSUS,89702,,ZIP CODE,ALL CLASSES,00000000,NEVADA,9000,CROPS,ALL PRODUCTION PRACTICES,,2018-02-01 12:00:00.000,,00,,32,,2,00,UNITED STATES,,,32,NV,89702,YEAR,ANNUAL,,ALL UTILIZATION PRACTICES,TOTAL,,2017,OPERATIONS
CROP TOTALS,NOT SPECIFIED,CROP TOTALS,,SALES,CROP TOTALS - OPERATIONS WITH SALES,CENSUS,89702,,ZIP CODE,ALL CLASSES,00000000,NEVADA,9000,CROPS,ALL PRODUCTION PRACTICES,,2012-01-01 00:00:00.000,,00,,32,,3,00,UNITED STATES,,,32,NV,89702,YEAR,ANNUAL,,ALL UTILIZATION PRACTICES,TOTAL,,2007,OPERATIONS
CROP TOTALS,NOT SPECIFIED,CROP TOTALS,,SALES,CROP TOTALS - OPERATIONS WITH SALES,CENSUS,89703,,ZIP CODE,ALL CLASSES,00000000,NEVADA,9000,CROPS,ALL PRODUCTION PRACTICES,,2024-11-07 12:00:00.000,,00,,32,,7,00,UNITED STATES,,,32,NV,89703,YEAR,ANNUAL,,ALL UTILIZATION PRACTICES,TOTAL,,2022,OPERATIONS
CROP TOTALS,NOT SPECIFIED,CROP TOTALS,,SALES,CROP TOTALS - OPERATIONS WITH SALES,CENSUS,89703,,ZIP CODE,ALL CLASSES,00000000,NEVADA,9000,CROPS,ALL PRODUCTION PRACTICES,,2018-02-01 12:00:00.000,,00,,32,,6,00,UNITED STATES,,,32,NV,89703,YEAR,ANNUAL,,ALL UTILIZATION PRACTICES,TOTAL,,2017,OPERATIONS
CROP TOTALS,NOT SPECIFIED,CROP TOTALS,,SALES,CROP TOTALS - OPERATIONS WITH SALES,CENSUS,89703,,ZIP CODE,ALL CLASSES,00000000,NEVADA,9000,CROPS,ALL PRODUCTION PRACTICES,,2012-01-01 00:00:00.000,,00,,32,,4,00,UNITED STATES,,,32,NV,89703,YEAR,ANNUAL,,ALL UTILIZATION PRACTICES,TOTAL,,2007,OPERATIONS
CROP TOTALS,NOT SPECIFIED,CROP TOTALS,,SALES,CROP TOTALS - OPERATIONS WITH SALES,CENSUS,89704,,ZIP CODE,ALL CLASSES,00000000,NEVADA,9000,CROPS,ALL PRODUCTION PRACTICES,,2024-11-07 12:00:00.000,,00,,32,,15,00,UNITED STATES,,,32,NV,89704,YEAR,ANNUAL,,ALL UTILIZATION PRACTICES,TOTAL,,2022,OPERATIONS
CROP TOTALS,NOT SPECIFIED,CROP TOTALS,,SALES,CROP TOTALS - OPERATIONS WITH SALES,CENSUS,89704,,ZIP CODE,ALL CLASSES,00000000,NEVADA,9000,CROPS,ALL PRODUCTION PRACTICES,,2018-02-01 12:00:00.000,,00,,32,,28,00,UNITED STATES,,,32,NV,89704,YEAR,ANNUAL,,ALL UTILIZATION PRACTICES,TOTAL,,2017,OPERATIONS
CROP TOTALS,NOT SPECIFIED,CROP TOTALS,,SALES,CROP TOTALS - OPERATIONS WITH SALES,CENSUS,89704,,ZIP CODE,ALL CLASSES,00000000,NEVADA,9000,CROPS,ALL PRODUCTION PRACTICES,,2012-01-01 00:00:00.000,,00,,32,,10,00,UNITED STATES,,,32,NV,89704,YEAR,ANNUAL,,ALL UTILIZATION PRACTICES,TOTAL,,2007,OPERATIONS
CROP TOTALS,NOT SPECIFIED,CROP TOTALS,,SALES,CROP TOTALS - OPERATIONS WITH SALES,CENSUS,89705,,ZIP CODE,ALL CLASSES,00000000,NEVADA,9000,CROPS,ALL PRODUCTION PRACTICES,,2024-11-07 12:00:00.000,,00,,32,,2,00,UNITED STATES,,,32,NV,89705,YEAR,ANNUAL,,ALL UTILIZATION PRACTICES,TOTAL,,2022,OPERATIONS
CROP TOTALS,NOT SPECIFIED,CROP TOTALS,,SALES,CROP TOTALS - OPERATIONS WITH SALES,CENSUS,89705,,ZIP CODE,ALL CLASSES,00000000,NEVADA,9000,CROPS,ALL PRODUCTION PRACTICES,,2012-01-01 00:00:00.000,,00,,32,,1,00,UNITED STATES,,,32,NV,89705,YEAR,ANNUAL,,ALL UTILIZATION PRACTICES,TOTAL,,2007,OPERATIONS
CROP TOTALS,NOT SPECIFIED,CROP TOTALS,,SALES,CROP TOTALS - OPERATIONS WITH SALES,CENSUS,89706,,ZIP CODE,ALL CLASSES,00000000,NEVADA,9000,CROPS,ALL PRODUCTION PRACTICES,,2024-11-07 12:00:00.000,,00,,32,,2,00,UNITED STATES,,,32,NV,89706,YEAR,ANNUAL,,ALL UTILIZATION PRACTICES,TOTAL,,2022,OPERATIONS
CROP TOTALS,NOT SPECIFIED,CROP TOTALS,,SALES,CROP TOTALS - OPERATIONS WITH SALES,CENSUS,89706,,ZIP CODE,ALL CLASSES,00000000,NEVADA,9000,CROPS,ALL PRODUCTION PRACTICES,,2018-02-01 12:00:00.000,,00,,32,,2,00,UNITED STATES,,,32,NV,89706,YEAR,ANNUAL,,ALL UTILIZATION PRACTICES,TOTAL,,2017,OPERATIONS
CROP TOTALS,NOT SPECIFIED,CROP TOTALS,,SALES,CROP TOTALS - OPERATIONS WITH SALES,CENSUS,89706,,ZIP CODE,ALL CLASSES,00000000,NEVADA,9000,CROPS,ALL PRODUCTION PRACTICES,,2012-01-01 00:00:00.000,,00,,32,,1,00,UNITED STATES,,,32,NV,89706,YEAR,ANNUAL,,ALL UTILIZATION PRACTICES,TOTAL,,2007,OPERATIONS
CROP TOTALS,NOT SPECIFIED,CROP TOTALS,,SALES,CROP TOTALS - OPERATIONS WITH SALES,CENSUS,89801,,ZIP CODE,ALL CLASSES,00000000,NEVADA,9000,CROPS,ALL PRODUCTION PRACTICES,,2024-11-07 12:00:00.000,,00,,32,,17,00,UNITED STATES,,,32,NV,89801,YEAR,ANNUAL,,ALL UTILIZATION PRACTICES,TOTAL,,2022,OPERATIONS
CROP TOTALS,NOT SPECIFIED,CROP TOTALS,,SALES,CROP TOTALS - OPERATIONS WITH SALES,CENSUS,89801,,ZIP CODE,ALL CLASSES,00000000,NEVADA,9000,CROPS,ALL PRODUCTION PRACTICES,,2018-02-01 12:00:00.000,,00,,32,,20,00,UNITED STATES,,,32,NV,89801,YEAR,ANNUAL,,ALL UTILIZATION PRACTICES,TOTAL,,2017,OPERATIONS
CROP TOTALS,NOT SPECIFIED,CROP TOTALS,,SALES,CROP TOTALS - OPERATIONS WITH SALES,CENSUS,89801,,ZIP CODE,ALL CLASSES,00000000,NEVADA,9000,CROPS,ALL PRODUCTION PRACTICES,,2012-01-01 00:00:00.000,,00,,32,,2,00,UNITED STATES,,,32,NV,89801,YEAR,ANNUAL,,ALL UTILIZATION PRACTICES,TOTAL,,2007,OPERATIONS
CROP TOTALS,NOT SPECIFIED,CROP TOTALS,,SALES,CROP TOTALS - OPERATIONS WITH SALES,CENSUS,89802,,ZIP CODE,ALL CLASSES,00000000,NEVADA,9000,CROPS,ALL PRODUCTION PRACTICES,,2012-01-01 00:00:00.000,,00,,32,,1,00,UNITED STATES,,,32,NV,89802,YEAR,ANNUAL,,ALL UTILIZATION PRACTICES,TOTAL,,2007,OPERATIONS
CROP TOTALS,NOT SPECIFIED,CROP TOTALS,,SALES,CROP TOTALS - OPERATIONS WITH SALES,CENSUS,89803,,ZIP CODE,ALL CLASSES,00000000,NEVADA,9000,CROPS,ALL PRODUCTION PRACTICES,,2024-11-07 12:00:00.000,,00,,32,,5,00,UNITED STATES,,,32,NV,89803,YEAR,ANNUAL,,ALL UTILIZATION PRACTICES,TOTAL,,2022,OPERATIONS
CROP TOTALS,NOT SPECIFIED,CROP TOTALS,,SALES,CROP TOTALS - OPERATIONS WITH SALES,CENSUS,89803,,ZIP CODE,ALL CLASSES,00000000,NEVADA,9000,CROPS,ALL PRODUCTION PRACTICES,,2018-02-01 12:00:00.000,,00,,32,,8,00,UNITED STATES,,,32,NV,89803,YEAR,ANNUAL,,ALL UTILIZATION PRACTICES,TOTAL,,2017,OPERATIONS
CROP TOTALS,NOT SPECIFIED,CROP TOTALS,,SALES,CROP TOTALS - OPERATIONS WITH SALES,CENSUS,89803,,ZIP CODE,ALL CLASSES,00000000,NEVADA,9000,CROPS,ALL PRODUCTION PRACTICES,,2012-01-01 00:00:00.000,,00,,32,,4,00,UNITED STATES,,,32,NV,89803,YEAR,ANNUAL,,ALL UTILIZATION PRACTICES,TOTAL,,2007,OPERATIONS
CROP TOTALS,NOT SPECIFIED,CROP TOTALS,,SALES,CROP TOTALS - OPERATIONS WITH SALES,CENSUS,89815,,ZIP CODE,ALL CLASSES,00000000,NEVADA,9000,CROPS,ALL PRODUCTION PRACTICES,,2024-11-07 12:00:00.000,,00,,32,,20,00,UNITED STATES,,,32,NV,89815,YEAR,ANNUAL,,ALL UTILIZATION PRACTICES,TOTAL,,2022,OPERATIONS
CROP TOTALS,NOT SPECIFIED,CROP TOTALS,,SALES,CROP TOTALS - OPERATIONS WITH SALES,CENSUS,89815,,ZIP CODE,ALL CLASSES,00000000,NEVADA,9000,CROPS,ALL PRODUCTION PRACTICES,,2018-02-01 12:00:00.000,,00,,32,,15,00,UNITED STATES,,,32,NV,89815,YEAR,ANNUAL,,ALL UTILIZATION PRACTICES,TOTAL,,2017,OPERATIONS
CROP TOTALS,NOT SPECIFIED,CROP TOTALS,,SALES,CROP TOTALS - OPERATIONS WITH SALES,CENSUS,89815,,ZIP CODE,ALL CLASSES,00000000,NEVADA,9000,CROPS,ALL PRODUCTION PRACTICES,,2012-01-01 00:00:00.000,,00,,32,,8,00,UNITED STATES,,,32,NV,89815,YEAR,ANNUAL,,ALL UTILIZATION PRACTICES,TOTAL,,2007,OPERATIONS
CROP TOTALS,NOT SPECIFIED,CROP TOTALS,,SALES,CROP TOTALS - OPERATIONS WITH SALES,CENSUS,89820,,ZIP CODE,ALL CLASSES,00000000,NEVADA,9000,CROPS,ALL PRODUCTION PRACTICES,,2024-11-07 12:00:00.000,,00,,32,,21,00,UNITED STATES,,,32,NV,89820,YEAR,ANNUAL,,ALL UTILIZATION PRACTICES,TOTAL,,2022,OPERATIONS
CROP TOTALS,NOT SPECIFIED,CROP TOTALS,,SALES,CROP TOTALS - OPERATIONS WITH SALES,CENSUS,89820,,ZIP CODE,ALL CLASSES,00000000,NEVADA,9000,CROPS,ALL PRODUCTION PRACTICES,,2018-02-01 12:00:00.000,,00,,32,,21,00,UNITED STATES,,,32,NV,89820,YEAR,ANNUAL,,ALL UTILIZATION PRACTICES,TOTAL,,2017,OPERATIONS
CROP TOTALS,NOT SPECIFIED,CROP TOTALS,,SALES,CROP TOTALS - OPERATIONS WITH SALES,CENSUS,89820,,ZIP CODE,ALL CLASSES,00000000,NEVADA,9000,CROPS,ALL PRODUCTION PRACTICES,,2012-01-01 00:00:00.000,,00,,32,,21,00,UNITED STATES,,,32,NV,89820,YEAR,ANNUAL,,ALL UTILIZATION PRACTICES,TOTAL,,2007,OPERATIONS
CROP TOTALS,NOT SPECIFIED,CROP TOTALS,,SALES,CROP TOTALS - OPERATIONS WITH SALES,CENSUS,89822,,ZIP CODE,ALL CLASSES,00000000,NEVADA,9000,CROPS,ALL PRODUCTION PRACTICES,,2024-11-07 12:00:00.000,,00,,32,,5,00,UNITED STATES,,,32,NV,89822,YEAR,ANNUAL,,ALL UTILIZATION PRACTICES,TOTAL,,2022,OPERATIONS
CROP TOTALS,NOT SPECIFIED,CROP TOTALS,,SALES,CROP TOTALS - OPERATIONS WITH SALES,CENSUS,89822,,ZIP CODE,ALL CLASSES,00000000,NEVADA,9000,CROPS,ALL PRODUCTION PRACTICES,,2018-02-01 12:00:00.000,,00,,32,,2,00,UNITED STATES,,,32,NV,89822,YEAR,ANNUAL,,ALL UTILIZATION PRACTICES,TOTAL,,2017,OPERATIONS
CROP TOTALS,NOT SPECIFIED,CROP TOTALS,,SALES,CROP TOTALS - OPERATIONS WITH SALES,CENSUS,89822,,ZIP CODE,ALL CLASSES,00000000,NEVADA,9000,CROPS,ALL PRODUCTION PRACTICES,,2012-01-01 00:00:00.000,,00,,32,,3,00,UNITED STATES,,,32,NV,89822,YEAR,ANNUAL,,ALL UTILIZATION PRACTICES,TOTAL,,2007,OPERATIONS
CROP TOTALS,NOT SPECIFIED,CROP TOTALS,,SALES,CROP TOTALS - OPERATIONS WITH SALES,CENSUS,89823,,ZIP CODE,ALL CLASSES,00000000,NEVADA,9000,CROPS,ALL PRODUCTION PRACTICES,,2024-11-07 12:00:00.000,,00,,32,,4,00,UNITED STATES,,,32,NV,89823,YEAR,ANNUAL,,ALL UTILIZATION PRACTICES,TOTAL,,2022,OPERATIONS
CROP TOTALS,NOT SPECIFIED,CROP TOTALS,,SALES,CROP TOTALS - OPERATIONS WITH SALES,CENSUS,89823,,ZIP CODE,ALL CLASSES,00000000,NEVADA,9000,CROPS,ALL PRODUCTION PRACTICES,,2018-02-01 12:00:00.000,,00,,32,,7,00,UNITED STATES,,,32,NV,89823,YEAR,ANNUAL,,ALL UTILIZATION PRACTICES,TOTAL,,2017,OPERATIONS
CROP TOTALS,NOT SPECIFIED,CROP TOTALS,,SALES,CROP TOTALS - OPERATIONS WITH SALES,CENSUS,89823,,ZIP CODE,ALL CLASSES,00000000,NEVADA,9000,CROPS,ALL PRODUCTION PRACTICES,,2012-01-01 00:00:00.000,,00,,32,,7,00,UNITED STATES,,,32,NV,89823,YEAR,ANNUAL,,ALL UTILIZATION PRACTICES,TOTAL,,2007,OPERATIONS
CROP TOTALS,NOT SPECIFIED,CROP TOTALS,,SALES,CROP TOTALS - OPERATIONS WITH SALES,CENSUS,89824,,ZIP CODE,ALL CLASSES,00000000,NEVADA,9000,CROPS,ALL PRODUCTION PRACTICES,,2012-01-01 00:00:00.000,,00,,32,,2,00,UNITED STATES,,,32,NV,89824,YEAR,ANNUAL,,ALL UTILIZATION PRACTICES,TOTAL,,2007,OPERATIONS
CROP TOTALS,NOT SPECIFIED,CROP TOTALS,,SALES,CROP TOTALS - OPERATIONS WITH SALES,CENSUS,89825,,ZIP CODE,ALL CLASSES,00000000,NEVADA,9000,CROPS,ALL PRODUCTION PRACTICES,,2024-11-07 12:00:00.000,,00,,32,,1,00,UNITED STATES,,,32,NV,89825,YEAR,ANNUAL,,ALL UTILIZATION PRACTICES,TOTAL,,2022,OPERATIONS
CROP TOTALS,NOT SPECIFIED,CROP TOTALS,,SALES,CROP TOTALS - OPERATIONS WITH SALES,CENSUS,89828,,ZIP CODE,ALL CLASSES,00000000,NEVADA,9000,CROPS,ALL PRODUCTION PRACTICES,,2024-11-07 12:00:00.000,,00,,32,,14,00,UNITED STATES,,,32,NV,89828,YEAR,ANNUAL,,ALL UTILIZATION PRACTICES,TOTAL,,2022,OPERATIONS
CROP TOTALS,NOT SPECIFIED,CROP TOTALS,,SALES,CROP TOTALS - OPERATIONS WITH SALES,CENSUS,89828,,ZIP CODE,ALL CLASSES,00000000,NEVADA,9000,CROPS,ALL PRODUCTION PRACTICES,,2018-02-01 12:00:00.000,,00,,32,,13,00,UNITED STATES,,,32,NV,89828,YEAR,ANNUAL,,ALL UTILIZATION PRACTICES,TOTAL,,2017,OPERATIONS
CROP TOTALS,NOT SPECIFIED,CROP TOTALS,,SALES,CROP TOTALS - OPERATIONS WITH SALES,CENSUS,89828,,ZIP CODE,ALL CLASSES,00000000,NEVADA,9000,CROPS,ALL PRODUCTION PRACTICES,,2012-01-01 00:00:00.000,,00,,32,,7,00,UNITED STATES,,,32,NV,89828,YEAR,ANNUAL,,ALL UTILIZATION PRACTICES,TOTAL,,2007,OPERATIONS
CROP TOTALS,NOT SPECIFIED,CROP TOTALS,,SALES,CROP TOTALS - OPERATIONS WITH SALES,CENSUS,89831,,ZIP CODE,ALL CLASSES,00000000,NEVADA,9000,CROPS,ALL PRODUCTION PRACTICES,,2024-11-07 12:00:00.000,,00,,32,,2,00,UNITED STATES,,,32,NV,89831,YEAR,ANNUAL,,ALL UTILIZATION PRACTICES,TOTAL,,2022,OPERATIONS
CROP TOTALS,NOT SPECIFIED,CROP TOTALS,,SALES,CROP TOTALS - OPERATIONS WITH SALES,CENSUS,89831,,ZIP CODE,ALL CLASSES,00000000,NEVADA,9000,CROPS,ALL PRODUCTION PRACTICES,,2018-02-01 12:00:00.000,,00,,32,,4,00,UNITED STATES,,,32,NV,89831,YEAR,ANNUAL,,ALL UTILIZATION PRACTICES,TOTAL,,2017,OPERATIONS
CROP TOTALS,NOT SPECIFIED,CROP TOTALS,,SALES,CROP TOTALS - OPERATIONS WITH SALES,CENSUS,89832,,ZIP CODE,ALL CLASSES,00000000,NEVADA,9000,CROPS,ALL PRODUCTION PRACTICES,,2024-11-07 12:00:00.000,,00,,32,,18,00,UNITED STATES,,,32,NV,89832,YEAR,ANNUAL,,ALL UTILIZATION PRACTICES,TOTAL,,2022,OPERATIONS
CROP TOTALS,NOT SPECIFIED,CROP TOTALS,,SALES,CROP TOTALS - OPERATIONS WITH SALES,CENSUS,89832,,ZIP CODE,ALL CLASSES,00000000,NEVADA,9000,CROPS,ALL PRODUCTION PRACTICES,,2018-02-01 12:00:00.000,,00,,32,,18,00,UNITED STATES,,,32,NV,89832,YEAR,ANNUAL,,ALL UTILIZATION PRACTICES,TOTAL,,2017,OPERATIONS
CROP TOTALS,NOT SPECIFIED,CROP TOTALS,,SALES,CROP TOTALS - OPERATIONS WITH SALES,CENSUS,89832,,ZIP CODE,ALL CLASSES,00000000,NEVADA,9000,CROPS,ALL PRODUCTION PRACTICES,,2012-01-01 00:00:00.000,,00,,32,,19,00,UNITED STATES,,,32,NV,89832,YEAR,ANNUAL,,ALL UTILIZATION PRACTICES,TOTAL,,2007,OPERATIONS
CROP TOTALS,NOT SPECIFIED,CROP TOTALS,,SALES,CROP TOTALS - OPERATIONS WITH SALES,CENSUS,89833,,ZIP CODE,ALL CLASSES,00000000,NEVADA,9000,CROPS,ALL PRODUCTION PRACTICES,,2024-11-07 12:00:00.000,,00,,32,,2,00,UNITED STATES,,,32,NV,89833,YEAR,ANNUAL,,ALL UTILIZATION PRACTICES,TOTAL,,2022,OPERATIONS
CROP TOTALS,NOT SPECIFIED,CROP TOTALS,,SALES,CROP TOTALS - OPERATIONS WITH SALES,CENSUS,89833,,ZIP CODE,ALL CLASSES,00000000,NEVADA,9000,CROPS,ALL PRODUCTION PRACTICES,,2018-02-01 12:00:00.000,,00,,32,,7,00,UNITED STATES,,,32,NV,89833,YEAR,ANNUAL,,ALL UTILIZATION PRACTICES,TOTAL,,2017,OPERATIONS
CROP TOTALS,NOT SPECIFIED,CROP TOTALS,,SALES,CROP TOTALS - OPERATIONS WITH SALES,CENSUS,89833,,ZIP CODE,ALL CLASSES,00000000,NEVADA,9000,CROPS,ALL PRODUCTION PRACTICES,,2012-01-01 00:00:00.000,,00,,32,,2,00,UNITED STATES,,,32,NV,89833,YEAR,ANNUAL,,ALL UTILIZATION PRACTICES,TOTAL,,2007,OPERATIONS
CROP TOTALS,NOT SPECIFIED,CROP TOTALS,,SALES,CROP TOTALS - OPERATIONS WITH SALES,CENSUS,89834,,ZIP CODE,ALL CLASSES,00000000,NEVADA,9000,CROPS,ALL PRODUCTION PRACTICES,,2024-11-07 12:00:00.000,,00,,32,,3,00,UNITED STATES,,,32,NV,89834,YEAR,ANNUAL,,ALL UTILIZATION PRACTICES,TOTAL,,2022,OPERATIONS
CROP TOTALS,NOT SPECIFIED,CROP TOTALS,,SALES,CROP TOTALS - OPERATIONS WITH SALES,CENSUS,89834,,ZIP CODE,ALL CLASSES,00000000,NEVADA,9000,CROPS,ALL PRODUCTION PRACTICES,,2018-02-01 12:00:00.000,,00,,32,,6,00,UNITED STATES,,,32,NV,89834,YEAR,ANNUAL,,ALL UTILIZATION PRACTICES,TOTAL,,2017,OPERATIONS
CROP TOTALS,NOT SPECIFIED,CROP TOTALS,,SALES,CROP TOTALS - OPERATIONS WITH SALES,CENSUS,89834,,ZIP CODE,ALL CLASSES,00000000,NEVADA,9000,CROPS,ALL PRODUCTION PRACTICES,,2012-01-01 00:00:00.000,,00,,32,,2,00,UNITED STATES,,,32,NV,89834,YEAR,ANNUAL,,ALL UTILIZATION PRACTICES,TOTAL,,2007,OPERATIONS
CROP TOTALS,NOT SPECIFIED,CROP TOTALS,,SALES,CROP TOTALS - OPERATIONS WITH SALES,CENSUS,89835,,ZIP CODE,ALL CLASSES,00000000,NEVADA,9000,CROPS,ALL PRODUCTION PRACTICES,,2024-11-07 12:00:00.000,,00,,32,,8,00,UNITED STATES,,,32,NV,89835,YEAR,ANNUAL,,ALL UTILIZATION PRACTICES,TOTAL,,2022,OPERATIONS
CROP TOTALS,NOT SPECIFIED,CROP TOTALS,,SALES,CROP TOTALS - OPERATIONS WITH SALES,CENSUS,89835,,ZIP CODE,ALL CLASSES,00000000,NEVADA,9000,CROPS,ALL PRODUCTION PRACTICES,,2018-02-01 12:00:00.000,,00,,32,,16,00,UNITED STATES,,,32,NV,89835,YEAR,ANNUAL,,ALL UTILIZATION PRACTICES,TOTAL,,2017,OPERATIONS
CROP TOTALS,NOT SPECIFIED,CROP TOTALS,,SALES,CROP TOTALS - OPERATIONS WITH SALES,CENSUS,89835,,ZIP CODE,ALL CLASSES,00000000,NEVADA,9000,CROPS,ALL PRODUCTION PRACTICES,,2012-01-01 00:00:00.000,,00,,32,,13,00,UNITED STATES,,,32,NV,89835,YEAR,ANNUAL,,ALL UTILIZATION PRACTICES,TOTAL,,2007,OPERATIONS
CROP TOTALS,NOT SPECIFIED,CROP TOTALS,,SALES,CROP TOTALS - OPERATIONS WITH SALES,CENSUS,89883,,ZIP CODE,ALL CLASSES,00000000,NEVADA,9000,CROPS,ALL PRODUCTION PRACTICES,,2018-02-01 12:00:00.000,,00,,32,,2,00,UNITED STATES,,,32,NV,89883,YEAR,ANNUAL,,ALL UTILIZATION PRACTICES,TOTAL,,2017,OPERATIONS
CROP TOTALS,NOT SPECIFIED,CROP TOTALS,,SALES,CROP TOTALS - OPERATIONS WITH SALES,CENSUS,99999,,ZIP CODE,ALL CLASSES,00000000,NEVADA,9000,CROPS,ALL PRODUCTION PRACTICES,,2024-11-07 12:00:00.000,,00,,32,,52,00,UNITED STATES,,,32,NV,99999,YEAR,ANNUAL,,ALL UTILIZATION PRACTICES,TOTAL,,2022,OPERATIONS
CROP TOTALS,NOT SPECIFIED,CROP TOTALS,,SALES,CROP TOTALS - OPERATIONS WITH SALES,CENSUS,99999,,ZIP CODE,ALL CLASSES,00000000,NEVADA,9000,CROPS,ALL PRODUCTION PRACTICES,,2018-02-01 12:00:00.000,,00,,32,,50,00,UNITED STATES,,,32,NV,99999,YEAR,ANNUAL,,ALL UTILIZATION PRACTICES,TOTAL,,2017,OPERATIONS
CROP TOTALS,NOT SPECIFIED,CROP TOTALS,,SALES,CROP TOTALS - OPERATIONS WITH SALES,CENSUS,99999,,ZIP CODE,ALL CLASSES,00000000,NEVADA,9000,CROPS,ALL PRODUCTION PRACTICES,,2012-01-01 00:00:00.000,,00,,32,,30,00,UNITED STATES,,,32,NV,99999,YEAR,ANNUAL,,ALL UTILIZATION PRACTICES,TOTAL,,2007,OPERATIONS
CROP TOTALS,NOT SPECIFIED,CROP TOTALS,4.6,SALES,"CROP TOTALS - SALES, MEASURED IN PCT OF FARM OPERATIONS",CENSUS,,,STATE,ALL CLASSES,00000000,NEVADA,9000,CROPS,ALL PRODUCTION PRACTICES,,2024-07-02 12:00:00.000,,00,,32,,38.1,00,UNITED STATES,,,32,NV,NEVADA,YEAR,ANNUAL,,ALL UTILIZATION PRACTICES,TOTAL,,2022,PCT OF FARM OPERATIONS
CROP TOTALS,NOT SPECIFIED,CROP TOTALS,13.0,SALES,"CROP TOTALS - SALES, MEASURED IN PCT OF FARM OPERATIONS",CENSUS,,,STATE,ALL CLASSES,00000000,NEVADA,9000,CROPS,ALL PRODUCTION PRACTICES,,2018-02-01 00:00:00.000,,00,,32,,39.3,00,UNITED STATES,,,32,NV,NEVADA,YEAR,ANNUAL,,ALL UTILIZATION PRACTICES,TOTAL,,2017,PCT OF FARM OPERATIONS
CROP TOTALS,NOT SPECIFIED,CROP TOTALS,27.5,SALES,"CROP TOTALS - SALES, MEASURED IN PCT OF FARM OPERATIONS",CENSUS,,,STATE,ALL CLASSES,00000000,NEVADA,9000,CROPS,ALL PRODUCTION PRACTICES,,2012-12-31 00:00:00.000,,00,,32,,36.1,00,UNITED STATES,,,32,NV,NEVADA,YEAR,ANNUAL,,ALL UTILIZATION PRACTICES,TOTAL,,2012,PCT OF FARM OPERATIONS
CROP TOTALS,NOT SPECIFIED,CROP TOTALS,3.5,SALES,"CROP TOTALS - SALES, MEASURED IN PCT OF FARM SALES",CENSUS,,,STATE,ALL CLASSES,00000000,NEVADA,9000,CROPS,ALL PRODUCTION PRACTICES,,2024-07-02 12:00:00.000,,00,,32,,46,00,UNITED STATES,,,32,NV,NEVADA,YEAR,ANNUAL,,ALL UTILIZATION PRACTICES,TOTAL,,2022,PCT OF FARM SALES
CROP TOTALS,NOT SPECIFIED,CROP TOTALS,25.5,SALES,"CROP TOTALS - SALES, MEASURED IN PCT OF FARM SALES",CENSUS,,,STATE,ALL CLASSES,00000000,NEVADA,9000,CROPS,ALL PRODUCTION PRACTICES,,2018-02-01 00:00:00.000,,00,,32,,41.5,00,UNITED STATES,,,32,NV,NEVADA,YEAR,ANNUAL,,ALL UTILIZATION PRACTICES,TOTAL,,2017,PCT OF FARM SALES
CROP TOTALS,NOT SPECIFIED,CROP TOTALS,24.4,SALES,"CROP TOTALS - SALES, MEASURED IN PCT OF FARM SALES",CENSUS,,,STATE,ALL CLASSES,00000000,NEVADA,9000,CROPS,ALL PRODUCTION PRACTICES,,2012-12-31 00:00:00.000,,00,,32,,47.9,00,UNITED STATES,,,32,NV,NEVADA,YEAR,ANNUAL,,ALL UTILIZATION PRACTICES,TOTAL,,2012,PCT OF FARM SALES
CROP TOTALS,NOT SPECIFIED,CROP TOTALS,,SALES,"CROP TOTALS - SALES, MEASURED IN PCT OF FARM SALES",CENSUS,,,STATE,ALL CLASSES,00000000,NEVADA,9000,CROPS,ALL PRODUCTION PRACTICES,,2012-01-01 00:00:00.000,,00,,32,,42.7,00,UNITED STATES,,,32,NV,NEVADA,YEAR,ANNUAL,,ALL UTILIZATION PRACTICES,TOTAL,,2007,PCT OF FARM SALES
CROP TOTALS,NOT SPECIFIED,CROP TOTALS,,SALES,"CROP TOTALS - SALES, MEASURED IN PCT OF FARM SALES",CENSUS,,,STATE,ALL CLASSES,00000000,NEVADA,9000,CROPS,ALL PRODUCTION PRACTICES,,2012-01-01 00:00:00.000,,00,,32,,35.3,00,UNITED STATES,,,32,NV,NEVADA,YEAR,ANNUAL,,ALL UTILIZATION PRACTICES,TOTAL,,2002,PCT OF FARM SALES
CROP TOTALS,ORGANIC STATUS: (NOP STANDARDS),CROP TOTALS,,SALES,"CROP TOTALS, ORGANIC - SALES, MEASURED IN $",CENSUS,,,COUNTY,ALL CLASSES,00000000,NEVADA,9000,CROPS,ORGANIC,NORTHWEST,2012-01-01 00:00:00.000,001,00,,32,CHURCHILL,                 (D),00,UNITED STATES,10,001,32,NV,"NEVADA, NORTHWEST, CHURCHILL",YEAR,ANNUAL,,ALL UTILIZATION PRACTICES,ORGANIC STATUS,,2007,$
CROP TOTALS,ORGANIC STATUS: (NOP STANDARDS),CROP TOTALS,,SALES,"CROP TOTALS, ORGANIC - SALES, MEASURED IN $",CENSUS,,,COUNTY,ALL CLASSES,00000000,NEVADA,9000,CROPS,ORGANIC,NORTHWEST,2012-01-01 00:00:00.000,013,00,,32,HUMBOLDT,                 (D),00,UNITED STATES,10,013,32,NV,"NEVADA, NORTHWEST, HUMBOLDT",YEAR,ANNUAL,,ALL UTILIZATION PRACTICES,ORGANIC STATUS,,2007,$
CROP TOTALS,ORGANIC STATUS: (NOP STANDARDS),CROP TOTALS,,SALES,"CROP TOTALS, ORGANIC - SALES, MEASURED IN $",CENSUS,,,COUNTY,ALL CLASSES,00000000,NEVADA,9000,CROPS,ORGANIC,NORTHWEST,2012-01-01 00:00:00.000,019,00,,32,LYON,                 (D),00,UNITED STATES,10,019,32,NV,"NEVADA, NORTHWEST, LYON",YEAR,ANNUAL,,ALL UTILIZATION PRACTICES,ORGANIC STATUS,,2007,$
CROP TOTALS,ORGANIC STATUS: (NOP STANDARDS),CROP TOTALS,,SALES,"CROP TOTALS, ORGANIC - SALES, MEASURED IN $",CENSUS,,,COUNTY,ALL CLASSES,00000000,NEVADA,9000,CROPS,ORGANIC,NORTHWEST,2012-01-01 00:00:00.000,031,00,,32,WASHOE,                 (D),00,UNITED STATES,10,031,32,NV,"NEVADA, NORTHWEST, WASHOE",YEAR,ANNUAL,,ALL UTILIZATION PRACTICES,ORGANIC STATUS,,2007,$
CROP TOTALS,ORGANIC STATUS: (NOP STANDARDS),CROP TOTALS,,SALES,"CROP TOTALS, ORGANIC - SALES, MEASURED IN $",CENSUS,,,COUNTY,ALL CLASSES,00000000,NEVADA,9000,CROPS,ORGANIC,NORTHEAST,2012-01-01 00:00:00.000,011,00,,32,EUREKA,"440,000",00,UNITED STATES,30,011,32,NV,"NEVADA, NORTHEAST, EUREKA",YEAR,ANNUAL,,ALL UTILIZATION PRACTICES,ORGANIC STATUS,,2007,$
CROP TOTALS,ORGANIC STATUS: (NOP STANDARDS),CROP TOTALS,,SALES,"CROP TOTALS, ORGANIC - SALES, MEASURED IN $",CENSUS,,,COUNTY,ALL CLASSES,00000000,NEVADA,9000,CROPS,ORGANIC,NORTHEAST,2012-01-01 00:00:00.000,015,00,,32,LANDER,                 (D),00,UNITED STATES,30,015,32,NV,"NEVADA, NORTHEAST, LANDER",YEAR,ANNUAL,,ALL UTILIZATION PRACTICES,ORGANIC STATUS,,2007,$
CROP TOTALS,ORGANIC STATUS: (NOP STANDARDS),CROP TOTALS,,SALES,"CROP TOTALS, ORGANIC - SALES, MEASURED IN $",CENSUS,,,COUNTY,ALL CLASSES,00000000,NEVADA,9000,CROPS,ORGANIC,SOUTH,2012-01-01 00:00:00.000,009,00,,32,ESMERALDA,                 (D),00,UNITED STATES,80,009,32,NV,"NEVADA, SOUTH, ESMERALDA",YEAR,ANNUAL,,ALL UTILIZATION PRACTICES,ORGANIC STATUS,,2007,$
CROP TOTALS,ORGANIC STATUS: (NOP STANDARDS),CROP TOTALS,,SALES,"CROP TOTALS, ORGANIC - SALES, MEASURED IN $",CENSUS,,,COUNTY,ALL CLASSES,00000000,NEVADA,9000,CROPS,ORGANIC,SOUTH,2012-01-01 00:00:00.000,017,00,,32,LINCOLN,                 (D),00,UNITED STATES,80,017,32,NV,"NEVADA, SOUTH, LINCOLN",YEAR,ANNUAL,,ALL UTILIZATION PRACTICES,ORGANIC STATUS,,2007,$
CROP TOTALS,ORGANIC STATUS: (NOP STANDARDS),CROP TOTALS,,SALES,"CROP TOTALS, ORGANIC - SALES, MEASURED IN $",CENSUS,,,COUNTY,ALL CLASSES,00000000,NEVADA,9000,CROPS,ORGANIC,SOUTH,2012-01-01 00:00:00.000,023,00,,32,NYE,                 (D),00,UNITED STATES,80,023,32,NV,"NEVADA, SOUTH, NYE",YEAR,ANNUAL,,ALL UTILIZATION PRACTICES,ORGANIC STATUS,,2007,$
CROP TOTALS,ORGANIC STATUS: (NOP STANDARDS),CROP TOTALS,,SALES,"CROP TOTALS, ORGANIC - SALES, MEASURED IN $",CENSUS,,,STATE,ALL CLASSES,00000000,NEVADA,9000,CROPS,ORGANIC,,2012-01-01 00:00:00.000,,00,,32,,                 (D),00,UNITED STATES,,,32,NV,NEVADA,YEAR,ANNUAL,,ALL UTILIZATION PRACTICES,ORGANIC STATUS,,2007,$
CROP TOTALS,ORGANIC STATUS: (NOP USDA CERTIFIED & EXEMPT),CROP TOTALS,(D),SALES,"CROP TOTALS, ORGANIC - SALES, MEASURED IN $",CENSUS,,,STATE,ALL CLASSES,00000000,NEVADA,9000,CROPS,ORGANIC,,2015-01-31 00:00:00.000,,00,,32,,                 (D),00,UNITED STATES,,,32,NV,NEVADA,YEAR,ANNUAL,,ALL UTILIZATION PRACTICES,ORGANIC STATUS,,2014,$
CROP TOTALS,ORGANIC STATUS: (NOP USDA CERTIFIED & EXEMPT),CROP TOTALS,,SALES,"CROP TOTALS, ORGANIC - SALES, MEASURED IN $",CENSUS,,,STATE,ALL CLASSES,00000000,NEVADA,9000,CROPS,ORGANIC,,2012-01-01 00:00:00.000,,00,,32,,"2,749,410",00,UNITED STATES,,,32,NV,NEVADA,YEAR,ANNUAL,,ALL UTILIZATION PRACTICES,ORGANIC STATUS,,2008,$
CROP TOTALS,ORGANIC STATUS: (NOP USDA CERTIFIED),CROP TOTALS,(H),SALES,"CROP TOTALS, ORGANIC - SALES, MEASURED IN $",CENSUS,,,STATE,ALL CLASSES,00000000,NEVADA,9000,CROPS,ORGANIC,,2022-12-15 12:00:00.000,,00,,32,,"52,799,000",00,UNITED STATES,,,32,NV,NEVADA,YEAR,ANNUAL,,ALL UTILIZATION PRACTICES,ORGANIC STATUS,,2021,$
CROP TOTALS,ORGANIC STATUS: (NOP USDA CERTIFIED),CROP TOTALS,(D),SALES,"CROP TOTALS, ORGANIC - SALES, MEASURED IN $",CENSUS,,,STATE,ALL CLASSES,00000000,NEVADA,9000,CROPS,ORGANIC,,2018-02-01 00:00:00.000,,00,,32,,                 (D),00,UNITED STATES,,,32,NV,NEVADA,YEAR,ANNUAL,,ALL UTILIZATION PRACTICES,ORGANIC STATUS,,2019,$
CROP TOTALS,ORGANIC STATUS: (NOP USDA CERTIFIED),CROP TOTALS,(D),SALES,"CROP TOTALS, ORGANIC - SALES, MEASURED IN $",CENSUS,,,STATE,ALL CLASSES,00000000,NEVADA,9000,CROPS,ORGANIC,,2016-01-31 00:00:00.000,,00,,32,,                 (D),00,UNITED STATES,,,32,NV,NEVADA,YEAR,ANNUAL,,ALL UTILIZATION PRACTICES,ORGANIC STATUS,,2016,$
CROP TOTALS,ORGANIC STATUS: (NOP USDA CERTIFIED),CROP TOTALS,(D),SALES,"CROP TOTALS, ORGANIC - SALES, MEASURED IN $",CENSUS,,,STATE,ALL CLASSES,00000000,NEVADA,9000,CROPS,ORGANIC,,2015-01-31 00:00:00.000,,00,,32,,                 (D),00,UNITED STATES,,,32,NV,NEVADA,YEAR,ANNUAL,,ALL UTILIZATION PRACTICES,ORGANIC STATUS,,2015,$
CROP TOTALS,ORGANIC STATUS: (NOP USDA CERTIFIED),CROP TOTALS,,SALES,"CROP TOTALS, ORGANIC - SALES, MEASURED IN $",CENSUS,,,STATE,ALL CLASSES,00000000,NEVADA,9000,CROPS,ORGANIC,,2012-12-31 00:00:00.000,,00,,32,,"1,949,179",00,UNITED STATES,,,32,NV,NEVADA,YEAR,ANNUAL,,ALL UTILIZATION PRACTICES,ORGANIC STATUS,,2011,$
CROP TOTALS,"ORGANIC STATUS: (NOP STANDARDS) AND SALES: (50,000 OR MORE $)",CROP TOTALS,,SALES,"CROP TOTALS, ORGANIC - SALES, MEASURED IN $",CENSUS,,,STATE,ALL CLASSES,00000000,NEVADA,9000,CROPS,ORGANIC,,2012-01-01 00:00:00.000,,00,,32,,                 (D),00,UNITED STATES,,,32,NV,NEVADA,YEAR,ANNUAL,,ALL UTILIZATION PRACTICES,ORGANIC STATUS AND SALES,,2007,$
CROP TOTALS,"ORGANIC STATUS: (NOP STANDARDS) AND SALES: (LESS THAN 50,000 $)",CROP TOTALS,,SALES,"CROP TOTALS, ORGANIC - SALES, MEASURED IN $",CENSUS,,,STATE,ALL CLASSES,00000000,NEVADA,9000,CROPS,ORGANIC,,2012-01-01 00:00:00.000,,00,,32,,                 (D),00,UNITED STATES,,,32,NV,NEVADA,YEAR,ANNUAL,,ALL UTILIZATION PRACTICES,ORGANIC STATUS AND SALES,,2007,$
CROP TOTALS,ORGANIC STATUS: (NOP STANDARDS),CROP TOTALS,,SALES,"CROP TOTALS, ORGANIC - OPERATIONS WITH SALES",CENSUS,,,COUNTY,ALL CLASSES,00000000,NEVADA,9000,CROPS,ORGANIC,NORTHWEST,2012-01-01 00:00:00.000,001,00,,32,CHURCHILL,4,00,UNITED STATES,10,001,32,NV,"NEVADA, NORTHWEST, CHURCHILL",YEAR,ANNUAL,,ALL UTILIZATION PRACTICES,ORGANIC STATUS,,2007,OPERATIONS
CROP TOTALS,ORGANIC STATUS: (NOP STANDARDS),CROP TOTALS,,SALES,"CROP TOTALS, ORGANIC - OPERATIONS WITH SALES",CENSUS,,,COUNTY,ALL CLASSES,00000000,NEVADA,9000,CROPS,ORGANIC,NORTHWEST,2012-01-01 00:00:00.000,013,00,,32,HUMBOLDT,1,00,UNITED STATES,10,013,32,NV,"NEVADA, NORTHWEST, HUMBOLDT",YEAR,ANNUAL,,ALL UTILIZATION PRACTICES,ORGANIC STATUS,,2007,OPERATIONS
CROP TOTALS,ORGANIC STATUS: (NOP STANDARDS),CROP TOTALS,,SALES,"CROP TOTALS, ORGANIC - OPERATIONS WITH SALES",CENSUS,,,COUNTY,ALL CLASSES,00000000,NEVADA,9000,CROPS,ORGANIC,NORTHWEST,2012-01-01 00:00:00.000,019,00,,32,LYON,4,00,UNITED STATES,10,019,32,NV,"NEVADA, NORTHWEST, LYON",YEAR,ANNUAL,,ALL UTILIZATION PRACTICES,ORGANIC STATUS,,2007,OPERATIONS
CROP TOTALS,ORGANIC STATUS: (NOP STANDARDS),CROP TOTALS,,SALES,"CROP TOTALS, ORGANIC - OPERATIONS WITH SALES",CENSUS,,,COUNTY,ALL CLASSES,00000000,NEVADA,9000,CROPS,ORGANIC,NORTHWEST,2012-01-01 00:00:00.000,031,00,,32,WASHOE,2,00,UNITED STATES,10,031,32,NV,"NEVADA, NORTHWEST, WASHOE",YEAR,ANNUAL,,ALL UTILIZATION PRACTICES,ORGANIC STATUS,,2007,OPERATIONS
CROP TOTALS,ORGANIC STATUS: (NOP STANDARDS),CROP TOTALS,,SALES,"CROP TOTALS, ORGANIC - OPERATIONS WITH SALES",CENSUS,,,COUNTY,ALL CLASSES,00000000,NEVADA,9000,CROPS,ORGANIC,NORTHEAST,2012-01-01 00:00:00.000,011,00,,32,EUREKA,4,00,UNITED STATES,30,011,32,NV,"NEVADA, NORTHEAST, EUREKA",YEAR,ANNUAL,,ALL UTILIZATION PRACTICES,ORGANIC STATUS,,2007,OPERATIONS
CROP TOTALS,ORGANIC STATUS: (NOP STANDARDS),CROP TOTALS,,SALES,"CROP TOTALS, ORGANIC - OPERATIONS WITH SALES",CENSUS,,,COUNTY,ALL CLASSES,00000000,NEVADA,9000,CROPS,ORGANIC,NORTHEAST,2012-01-01 00:00:00.000,015,00,,32,LANDER,2,00,UNITED STATES,30,015,32,NV,"NEVADA, NORTHEAST, LANDER",YEAR,ANNUAL,,ALL UTILIZATION PRACTICES,ORGANIC STATUS,,2007,OPERATIONS
CROP TOTALS,ORGANIC STATUS: (NOP STANDARDS),CROP TOTALS,,SALES,"CROP TOTALS, ORGANIC - OPERATIONS WITH SALES",CENSUS,,,COUNTY,ALL CLASSES,00000000,NEVADA,9000,CROPS,ORGANIC,SOUTH,2012-01-01 00:00:00.000,009,00,,32,ESMERALDA,1,00,UNITED STATES,80,009,32,NV,"NEVADA, SOUTH, ESMERALDA",YEAR,ANNUAL,,ALL UTILIZATION PRACTICES,ORGANIC STATUS,,2007,OPERATIONS
CROP TOTALS,ORGANIC STATUS: (NOP STANDARDS),CROP TOTALS,,SALES,"CROP TOTALS, ORGANIC - OPERATIONS WITH SALES",CENSUS,,,COUNTY,ALL CLASSES,00000000,NEVADA,9000,CROPS,ORGANIC,SOUTH,2012-01-01 00:00:00.000,017,00,,32,LINCOLN,2,00,UNITED STATES,80,017,32,NV,"NEVADA, SOUTH, LINCOLN",YEAR,ANNUAL,,ALL UTILIZATION PRACTICES,ORGANIC STATUS,,2007,OPERATIONS
CROP TOTALS,ORGANIC STATUS: (NOP STANDARDS),CROP TOTALS,,SALES,"CROP TOTALS, ORGANIC - OPERATIONS WITH SALES",CENSUS,,,COUNTY,ALL CLASSES,00000000,NEVADA,9000,CROPS,ORGANIC,SOUTH,2012-01-01 00:00:00.000,023,00,,32,NYE,1,00,UNITED STATES,80,023,32,NV,"NEVADA, SOUTH, NYE",YEAR,ANNUAL,,ALL UTILIZATION PRACTICES,ORGANIC STATUS,,2007,OPERATIONS
CROP TOTALS,ORGANIC STATUS: (NOP STANDARDS),CROP TOTALS,,SALES,"CROP TOTALS, ORGANIC - OPERATIONS WITH SALES",CENSUS,,,STATE,ALL CLASSES,00000000,NEVADA,9000,CROPS,ORGANIC,,2012-01-01 00:00:00.000,,00,,32,,21,00,UNITED STATES,,,32,NV,NEVADA,YEAR,ANNUAL,,ALL UTILIZATION PRACTICES,ORGANIC STATUS,,2007,OPERATIONS
CROP TOTALS,ORGANIC STATUS: (NOP USDA CERTIFIED & EXEMPT),CROP TOTALS,5.4,SALES,"CROP TOTALS, ORGANIC - OPERATIONS WITH SALES",CENSUS,,,STATE,ALL CLASSES,00000000,NEVADA,9000,CROPS,ORGANIC,,2015-01-31 00:00:00.000,,00,,32,,49,00,UNITED STATES,,,32,NV,NEVADA,YEAR,ANNUAL,,ALL UTILIZATION PRACTICES,ORGANIC STATUS,,2014,OPERATIONS
CROP TOTALS,ORGANIC STATUS: (NOP USDA CERTIFIED & EXEMPT),CROP TOTALS,,SALES,"CROP TOTALS, ORGANIC - OPERATIONS WITH SALES",CENSUS,,,STATE,ALL CLASSES,00000000,NEVADA,9000,CROPS,ORGANIC,,2012-01-01 00:00:00.000,,00,,32,,22,00,UNITED STATES,,,32,NV,NEVADA,YEAR,ANNUAL,,ALL UTILIZATION PRACTICES,ORGANIC STATUS,,2008,OPERATIONS
CROP TOTALS,ORGANIC STATUS: (NOP USDA CERTIFIED),CROP TOTALS,34.6,SALES,"CROP TOTALS, ORGANIC - OPERATIONS WITH SALES",CENSUS,,,STATE,ALL CLASSES,00000000,NEVADA,9000,CROPS,ORGANIC,,2022-12-15 12:00:00.000,,00,,32,,32,00,UNITED STATES,,,32,NV,NEVADA,YEAR,ANNUAL,,ALL UTILIZATION PRACTICES,ORGANIC STATUS,,2021,OPERATIONS
CROP TOTALS,ORGANIC STATUS: (NOP USDA CERTIFIED),CROP TOTALS,2.7,SALES,"CROP TOTALS, ORGANIC - OPERATIONS WITH SALES",CENSUS,,,STATE,ALL CLASSES,00000000,NEVADA,9000,CROPS,ORGANIC,,2018-02-01 00:00:00.000,,00,,32,,36,00,UNITED STATES,,,32,NV,NEVADA,YEAR,ANNUAL,,ALL UTILIZATION PRACTICES,ORGANIC STATUS,,2019,OPERATIONS
CROP TOTALS,ORGANIC STATUS: (NOP USDA CERTIFIED),CROP TOTALS,2.5,SALES,"CROP TOTALS, ORGANIC - OPERATIONS WITH SALES",CENSUS,,,STATE,ALL CLASSES,00000000,NEVADA,9000,CROPS,ORGANIC,,2016-01-31 00:00:00.000,,00,,32,,31,00,UNITED STATES,,,32,NV,NEVADA,YEAR,ANNUAL,,ALL UTILIZATION PRACTICES,ORGANIC STATUS,,2016,OPERATIONS
CROP TOTALS,ORGANIC STATUS: (NOP USDA CERTIFIED),CROP TOTALS,7.6,SALES,"CROP TOTALS, ORGANIC - OPERATIONS WITH SALES",CENSUS,,,STATE,ALL CLASSES,00000000,NEVADA,9000,CROPS,ORGANIC,,2015-01-31 00:00:00.000,,00,,32,,30,00,UNITED STATES,,,32,NV,NEVADA,YEAR,ANNUAL,,ALL UTILIZATION PRACTICES,ORGANIC STATUS,,2015,OPERATIONS
CROP TOTALS,ORGANIC STATUS: (NOP USDA CERTIFIED),CROP TOTALS,,SALES,"CROP TOTALS, ORGANIC - OPERATIONS WITH SALES",CENSUS,,,STATE,ALL CLASSES,00000000,NEVADA,9000,CROPS,ORGANIC,,2012-12-31 00:00:00.000,,00,,32,,24,00,UNITED STATES,,,32,NV,NEVADA,YEAR,ANNUAL,,ALL UTILIZATION PRACTICES,ORGANIC STATUS,,2011,OPERATIONS
CROP TOTALS,"ORGANIC STATUS: (NOP STANDARDS) AND SALES: (50,000 OR MORE $)",CROP TOTALS,,SALES,"CROP TOTALS, ORGANIC - OPERATIONS WITH SALES",CENSUS,,,STATE,ALL CLASSES,00000000,NEVADA,9000,CROPS,ORGANIC,,2012-01-01 00:00:00.000,,00,,32,,8,00,UNITED STATES,,,32,NV,NEVADA,YEAR,ANNUAL,,ALL UTILIZATION PRACTICES,ORGANIC STATUS AND SALES,,2007,OPERATIONS
CROP TOTALS,"ORGANIC STATUS: (NOP STANDARDS) AND SALES: (LESS THAN 50,000 $)",CROP TOTALS,,SALES,"CROP TOTALS, ORGANIC - OPERATIONS WITH SALES",CENSUS,,,STATE,ALL CLASSES,00000000,NEVADA,9000,CROPS,ORGANIC,,2012-01-01 00:00:00.000,,00,,32,,13,00,UNITED STATES,,,32,NV,NEVADA,YEAR,ANNUAL,,ALL UTILIZATION PRACTICES,ORGANIC STATUS AND SALES,,2007,OPERATIONS
CROP TOTALS,ORGANIC STATUS: (NOP USDA CERTIFIED),CROP TOTALS,23.1,LOSS,"CROP TOTALS, ORGANIC, LOSS DUE TO GMO MATERIAL, NONE - OPERATIONS WITH LOSS",CENSUS,,,STATE,ALL CLASSES,00000000,NEVADA,9000,CROPS,"ORGANIC, LOSS DUE TO GMO MATERIAL, NONE",,2022-12-15 12:00:00.000,,00,,32,,41,00,UNITED STATES,,,32,NV,NEVADA,YEAR,ANNUAL,,ALL UTILIZATION PRACTICES,ORGANIC STATUS,,2021,OPERATIONS
CROP TOTALS,ORGANIC STATUS: (NOP USDA CERTIFIED),CROP TOTALS,2.5,LOSS,"CROP TOTALS, ORGANIC, LOSS DUE TO GMO MATERIAL, NONE - OPERATIONS WITH LOSS",CENSUS,,,STATE,ALL CLASSES,00000000,NEVADA,9000,CROPS,"ORGANIC, LOSS DUE TO GMO MATERIAL, NONE",,2018-02-01 00:00:00.000,,00,,32,,38,00,UNITED STATES,,,32,NV,NEVADA,YEAR,ANNUAL,,ALL UTILIZATION PRACTICES,ORGANIC STATUS,,2019,OPERATIONS
CROP TOTALS,ORGANIC STATUS: (NOP USDA CERTIFIED),CROP TOTALS,74.3,LOSS,"CROP TOTALS, ORGANIC, LOSS DUE TO GMO MATERIAL, PREVIOUS YEAR - OPERATIONS WITH LOSS",CENSUS,,,STATE,ALL CLASSES,00000000,NEVADA,9000,CROPS,"ORGANIC, LOSS DUE TO GMO MATERIAL, PREVIOUS YEAR",,2018-02-01 00:00:00.000,,00,,32,,2,00,UNITED STATES,,,32,NV,NEVADA,YEAR,ANNUAL,,ALL UTILIZATION PRACTICES,ORGANIC STATUS,,2019,OPERATIONS
CROP TOTALS,ORGANIC STATUS: (NOP USDA CERTIFIED),CROP TOTALS,(H),LOSS,"CROP TOTALS, ORGANIC, LOSS DUE TO GMO MATERIAL, UNKNOWN - OPERATIONS WITH LOSS",CENSUS,,,STATE,ALL CLASSES,00000000,NEVADA,9000,CROPS,"ORGANIC, LOSS DUE TO GMO MATERIAL, UNKNOWN",,2022-12-15 12:00:00.000,,00,,32,,2,00,UNITED STATES,,,32,NV,NEVADA,YEAR,ANNUAL,,ALL UTILIZATION PRACTICES,ORGANIC STATUS,,2021,OPERATIONS
CROP TOTALS,ORGANIC STATUS: (NOP USDA CERTIFIED),CROP TOTALS,35.7,LOSS,"CROP TOTALS, ORGANIC, LOSS DUE TO NON-NOP PESTICIDES, CURRENT YEAR - OPERATIONS WITH LOSS",CENSUS,,,STATE,ALL CLASSES,00000000,NEVADA,9000,CROPS,"ORGANIC, LOSS DUE TO NON-NOP PESTICIDES, CURRENT YEAR",,2018-02-01 00:00:00.000,,00,,32,,1,00,UNITED STATES,,,32,NV,NEVADA,YEAR,ANNUAL,,ALL UTILIZATION PRACTICES,ORGANIC STATUS,,2019,OPERATIONS
CROP TOTALS,ORGANIC STATUS: (NOP USDA CERTIFIED),CROP TOTALS,24.4,LOSS,"CROP TOTALS, ORGANIC, LOSS DUE TO NON-NOP PESTICIDES, NONE - OPERATIONS WITH LOSS",CENSUS,,,STATE,ALL CLASSES,00000000,NEVADA,9000,CROPS,"ORGANIC, LOSS DUE TO NON-NOP PESTICIDES, NONE",,2022-12-15 12:00:00.000,,00,,32,,40,00,UNITED STATES,,,32,NV,NEVADA,YEAR,ANNUAL,,ALL UTILIZATION PRACTICES,ORGANIC STATUS,,2021,OPERATIONS
CROP TOTALS,ORGANIC STATUS: (NOP USDA CERTIFIED),CROP TOTALS,2.7,LOSS,"CROP TOTALS, ORGANIC, LOSS DUE TO NON-NOP PESTICIDES, NONE - OPERATIONS WITH LOSS",CENSUS,,,STATE,ALL CLASSES,00000000,NEVADA,9000,CROPS,"ORGANIC, LOSS DUE TO NON-NOP PESTICIDES, NONE",,2018-02-01 00:00:00.000,,00,,32,,39,00,UNITED STATES,,,32,NV,NEVADA,YEAR,ANNUAL,,ALL UTILIZATION PRACTICES,ORGANIC STATUS,,2019,OPERATIONS
CROP TOTALS,ORGANIC STATUS: (NOP USDA CERTIFIED),CROP TOTALS,95.0,LOSS,"CROP TOTALS, ORGANIC, LOSS DUE TO NON-NOP PESTICIDES, PREVIOUS YEAR - OPERATIONS WITH LOSS",CENSUS,,,STATE,ALL CLASSES,00000000,NEVADA,9000,CROPS,"ORGANIC, LOSS DUE TO NON-NOP PESTICIDES, PREVIOUS YEAR",,2022-12-15 12:00:00.000,,00,,32,,2,00,UNITED STATES,,,32,NV,NEVADA,YEAR,ANNUAL,,ALL UTILIZATION PRACTICES,ORGANIC STATUS,,2021,OPERATIONS
CROP TOTALS,ORGANIC STATUS: (NOP USDA CERTIFIED),CROP TOTALS,(H),LOSS,"CROP TOTALS, ORGANIC, LOSS DUE TO NON-NOP PESTICIDES, YEARS 2017 AND PRIOR - OPERATIONS WITH LOSS",CENSUS,,,STATE,ALL CLASSES,00000000,NEVADA,9000,CROPS,"ORGANIC, LOSS DUE TO NON-NOP PESTICIDES, YEARS 2017 AND PRIOR",,2022-12-15 12:00:00.000,,00,,32,,1,00,UNITED STATES,,,32,NV,NEVADA,YEAR,ANNUAL,,ALL UTILIZATION PRACTICES,ORGANIC STATUS,,2021,OPERATIONS
CROP TOTALS,NOT SPECIFIED,CROP TOTALS,,PRODUCTION,"CROP TOTALS, (EXCL HORTICULTURE) - PRODUCTION, MEASURED IN $",SURVEY,,,STATE,(EXCL HORTICULTURE),00000000,NEVADA,9000,CROPS,ALL PRODUCTION PRACTICES,,2025-02-26 15:00:00.000,,00,,32,,"268,812,000",00,UNITED STATES,,,32,NV,NEVADA,YEAR,ANNUAL,,ALL UTILIZATION PRACTICES,TOTAL,,2023,$
CROP TOTALS,NOT SPECIFIED,CROP TOTALS,,PRODUCTION,"CROP TOTALS, (EXCL HORTICULTURE) - PRODUCTION, MEASURED IN $",SURVEY,,,STATE,(EXCL HORTICULTURE),00000000,NEVADA,9000,CROPS,ALL PRODUCTION PRACTICES,,2024-02-16 15:00:00.000,,00,,32,,"459,892,000",00,UNITED STATES,,,32,NV,NEVADA,YEAR,ANNUAL,,ALL UTILIZATION PRACTICES,TOTAL,,2022,$
CROP TOTALS,NOT SPECIFIED,CROP TOTALS,,PRODUCTION,"CROP TOTALS, (EXCL HORTICULTURE) - PRODUCTION, MEASURED IN $",SURVEY,,,STATE,(EXCL HORTICULTURE),00000000,NEVADA,9000,CROPS,ALL PRODUCTION PRACTICES,,2024-02-16 15:00:00.000,,00,,32,,"307,035,000",00,UNITED STATES,,,32,NV,NEVADA,YEAR,ANNUAL,,ALL UTILIZATION PRACTICES,TOTAL,,2021,$
CROP TOTALS,NOT SPECIFIED,CROP TOTALS,,PRODUCTION,"CROP TOTALS, (EXCL HORTICULTURE) - PRODUCTION, MEASURED IN $",SURVEY,,,STATE,(EXCL HORTICULTURE),00000000,NEVADA,9000,CROPS,ALL PRODUCTION PRACTICES,,2024-02-16 15:00:00.000,,00,,32,,"209,901,000",00,UNITED STATES,,,32,NV,NEVADA,YEAR,ANNUAL,,ALL UTILIZATION PRACTICES,TOTAL,,2020,$
CROP TOTALS,NOT SPECIFIED,CROP TOTALS,,PRODUCTION,"CROP TOTALS, (EXCL HORTICULTURE) - PRODUCTION, MEASURED IN $",SURVEY,,,STATE,(EXCL HORTICULTURE),00000000,NEVADA,9000,CROPS,ALL PRODUCTION PRACTICES,,2024-02-16 15:00:00.000,,00,,32,,"272,027,000",00,UNITED STATES,,,32,NV,NEVADA,YEAR,ANNUAL,,ALL UTILIZATION PRACTICES,TOTAL,,2019,$
CROP TOTALS,NOT SPECIFIED,CROP TOTALS,,PRODUCTION,"CROP TOTALS, (EXCL HORTICULTURE) - PRODUCTION, MEASURED IN $",SURVEY,,,STATE,(EXCL HORTICULTURE),00000000,NEVADA,9000,CROPS,ALL PRODUCTION PRACTICES,,2024-02-16 15:00:00.000,,00,,32,,"207,393,000",00,UNITED STATES,,,32,NV,NEVADA,YEAR,ANNUAL,,ALL UTILIZATION PRACTICES,TOTAL,,2018,$
CROP TOTALS,NOT SPECIFIED,CROP TOTALS,,PRODUCTION,"CROP TOTALS, (EXCL HORTICULTURE) - PRODUCTION, MEASURED IN $",SURVEY,,,STATE,(EXCL HORTICULTURE),00000000,NEVADA,9000,CROPS,ALL PRODUCTION PRACTICES,,2020-02-24 15:05:49.000,,00,,32,,"226,561,000",00,UNITED STATES,,,32,NV,NEVADA,YEAR,ANNUAL,,ALL UTILIZATION PRACTICES,TOTAL,,2017,$
CROP TOTALS,NOT SPECIFIED,CROP TOTALS,,PRODUCTION,"CROP TOTALS, (EXCL HORTICULTURE) - PRODUCTION, MEASURED IN $",SURVEY,,,STATE,(EXCL HORTICULTURE),00000000,NEVADA,9000,CROPS,ALL PRODUCTION PRACTICES,,2019-04-12 16:46:44.000,,00,,32,,"172,307,000",00,UNITED STATES,,,32,NV,NEVADA,YEAR,ANNUAL,,ALL UTILIZATION PRACTICES,TOTAL,,2016,$
CROP TOTALS,NOT SPECIFIED,CROP TOTALS,,PRODUCTION,"CROP TOTALS, (EXCL HORTICULTURE) - PRODUCTION, MEASURED IN $",SURVEY,,,STATE,(EXCL HORTICULTURE),00000000,NEVADA,9000,CROPS,ALL PRODUCTION PRACTICES,,2019-04-05 15:00:25.000,,00,,32,,"236,279,000",00,UNITED STATES,,,32,NV,NEVADA,YEAR,ANNUAL,,ALL UTILIZATION PRACTICES,TOTAL,,2015,$
CROP TOTALS,NOT SPECIFIED,CROP TOTALS,,PRODUCTION,"CROP TOTALS, (EXCL HORTICULTURE) - PRODUCTION, MEASURED IN $",SURVEY,,,STATE,(EXCL HORTICULTURE),00000000,NEVADA,9000,CROPS,ALL PRODUCTION PRACTICES,,2019-04-05 15:00:25.000,,00,,32,,"387,654,000",00,UNITED STATES,,,32,NV,NEVADA,YEAR,ANNUAL,,ALL UTILIZATION PRACTICES,TOTAL,,2014,$
CROP TOTALS,NOT SPECIFIED,CROP TOTALS,,PRODUCTION,"CROP TOTALS, (EXCL HORTICULTURE) - PRODUCTION, MEASURED IN $",SURVEY,,,STATE,(EXCL HORTICULTURE),00000000,NEVADA,9000,CROPS,ALL PRODUCTION PRACTICES,,2019-04-05 15:00:25.000,,00,,32,,"318,778,000",00,UNITED STATES,,,32,NV,NEVADA,YEAR,ANNUAL,,ALL UTILIZATION PRACTICES,TOTAL,,2013,$
CROP TOTALS,NOT SPECIFIED,CROP TOTALS,,PRODUCTION,"CROP TOTALS, (EXCL HORTICULTURE) - PRODUCTION, MEASURED IN $",SURVEY,,,STATE,(EXCL HORTICULTURE),00000000,NEVADA,9000,CROPS,ALL PRODUCTION PRACTICES,,2015-02-25 16:30:07.000,,00,,32,,"361,737,000",00,UNITED STATES,,,32,NV,NEVADA,YEAR,ANNUAL,,ALL UTILIZATION PRACTICES,TOTAL,,2012,$
CROP TOTALS,NOT SPECIFIED,CROP TOTALS,,PRODUCTION,"CROP TOTALS, (EXCL HORTICULTURE) - PRODUCTION, MEASURED IN $",SURVEY,,,STATE,(EXCL HORTICULTURE),00000000,NEVADA,9000,CROPS,ALL PRODUCTION PRACTICES,,2014-11-06 10:31:04.000,,00,,32,,"375,959,000",00,UNITED STATES,,,32,NV,NEVADA,YEAR,ANNUAL,,ALL UTILIZATION PRACTICES,TOTAL,,2011,$
CROP TOTALS,NOT SPECIFIED,CROP TOTALS,,PRODUCTION,"CROP TOTALS, (EXCL HORTICULTURE) - PRODUCTION, MEASURED IN $",SURVEY,,,STATE,(EXCL HORTICULTURE),00000000,NEVADA,9000,CROPS,ALL PRODUCTION PRACTICES,,2014-11-06 10:31:04.000,,00,,32,,"264,681,000",00,UNITED STATES,,,32,NV,NEVADA,YEAR,ANNUAL,,ALL UTILIZATION PRACTICES,TOTAL,,2010,$
CROP TOTALS,NOT SPECIFIED,CROP TOTALS,,PRODUCTION,"CROP TOTALS, (EXCL HORTICULTURE) - PRODUCTION, MEASURED IN $",SURVEY,,,STATE,(EXCL HORTICULTURE),00000000,NEVADA,9000,CROPS,ALL PRODUCTION PRACTICES,,2014-11-06 10:31:04.000,,00,,32,,"298,282,000",00,UNITED STATES,,,32,NV,NEVADA,YEAR,ANNUAL,,ALL UTILIZATION PRACTICES,TOTAL,,2009,$
CROP TOTALS,NOT SPECIFIED,CROP TOTALS,,PRODUCTION,"CROP TOTALS, (EXCL HORTICULTURE) - PRODUCTION, MEASURED IN $",SURVEY,,,STATE,(EXCL HORTICULTURE),00000000,NEVADA,9000,CROPS,ALL PRODUCTION PRACTICES,,2014-11-06 10:31:04.000,,00,,32,,"377,370,000",00,UNITED STATES,,,32,NV,NEVADA,YEAR,ANNUAL,,ALL UTILIZATION PRACTICES,TOTAL,,2008,$
CROP TOTALS,NOT SPECIFIED,CROP TOTALS,,PRODUCTION,"CROP TOTALS, (EXCL HORTICULTURE) - PRODUCTION, MEASURED IN $",SURVEY,,,STATE,(EXCL HORTICULTURE),00000000,NEVADA,9000,CROPS,ALL PRODUCTION PRACTICES,,2014-11-06 10:31:04.000,,00,,32,,"292,769,000",00,UNITED STATES,,,32,NV,NEVADA,YEAR,ANNUAL,,ALL UTILIZATION PRACTICES,TOTAL,,2007,$
