commodity_desc,CV (%),domaincat_desc,group_desc,source_desc,short_desc,statisticcat_desc,class_desc,watershed_code,agg_level_desc,watershed_desc,zip_5,load_time,asd_desc,prodn_practice_desc,sector_desc,country_code,state_name,county_name,state_ansi,week_ending,begin_code,county_code,end_code,Value,state_alpha,location_desc,reference_period_desc,state_fips_code,county_ansi,country_name,asd_code,unit_desc,year,region_desc,domain_desc,util_practice_desc,congr_district_code,freq_desc
CROP TOTALS,0.1,IRRIGATION STATUS: (ANY ON OPERATION),CROP TOTALS,CENSUS,"CROP TOTALS - SALES, MEASURED IN $",SALES,ALL CLASSES,00000000,STATE,,,2024-07-02 12:00:00.000,,ALL PRODUCTION PRACTICES,CROPS,9000,ALASKA,,02,,00,,00,"27,899,000",AK,ALASKA,YEAR,02,,UNITED STATES,,$,2022,,IRRIGATION STATUS,ALL UTILIZATION PRACTICES,,ANNUAL
CROP TOTALS,0.2,IRRIGATION STATUS: (ANY ON OPERATION),CROP TOTALS,CENSUS,"CROP TOTALS - SALES, MEASURED IN $",SALES,ALL CLASSES,00000000,STATE,,,2018-02-01 00:00:00.000,,ALL PRODUCTION PRACTICES,CROPS,9000,ALASKA,,02,,00,,00,"21,642,000",AK,ALASKA,YEAR,02,,UNITED STATES,,$,2017,,IRRIGATION STATUS,ALL UTILIZATION PRACTICES,,ANNUAL
CROP TOTALS,0.4,IRRIGATION STATUS: (ANY ON OPERATION),CROP TOTALS,CENSUS,"CROP TOTALS - SALES, MEASURED IN $",SALES,ALL CLASSES,00000000,STATE,,,2012-12-31 00:00:00.000,,ALL PRODUCTION PRACTICES,CROPS,9000,ALASKA,,02,,00,,00,"17,909,000",AK,ALASKA,YEAR,02,,UNITED STATES,,$,2012,,IRRIGATION STATUS,ALL UTILIZATION PRACTICES,,ANNUAL
CROP TOTALS,,IRRIGATION STATUS: (ANY ON OPERATION),CROP TOTALS,CENSUS,"CROP TOTALS - SALES, MEASURED IN $",SALES,ALL CLASSES,00000000,STATE,,,2012-01-01 00:00:00.000,,ALL PRODUCTION PRACTICES,CROPS,9000,ALASKA,,02,,00,,00,"20,210,000",AK,ALASKA,YEAR,02,,UNITED STATES,,$,2007,,IRRIGATION STATUS,ALL UTILIZATION PRACTICES,,ANNUAL
CROP TOTALS,,IRRIGATION STATUS: (ANY ON OPERATION),CROP TOTALS,CENSUS,"CROP TOTALS - SALES, MEASURED IN $",SALES,ALL CLASSES,00000000,STATE,,,2012-01-01 00:00:00.000,,ALL PRODUCTION PRACTICES,CROPS,9000,ALASKA,,02,,00,,00,"16,047,000",AK,ALASKA,YEAR,02,,UNITED STATES,,$,2002,,IRRIGATION STATUS,ALL UTILIZATION PRACTICES,,ANNUAL
CROP TOTALS,,IRRIGATION STATUS: (ANY ON OPERATION),CROP TOTALS,CENSUS,"CROP TOTALS - SALES, MEASURED IN $",SALES,ALL CLASSES,00000000,STATE,,,2012-01-01 00:00:00.000,,ALL PRODUCTION PRACTICES,CROPS,9000,ALASKA,,02,,00,,00,"11,982,000",AK,ALASKA,YEAR,02,,UNITED STATES,,$,1997,,IRRIGATION STATUS,ALL UTILIZATION PRACTICES,,ANNUAL
CROP TOTALS,0.1,IRRIGATION STATUS: (HARVESTED CROPLAND IS ENTIRELY IRRIGATED),CROP TOTALS,CENSUS,"CROP TOTALS - SALES, MEASURED IN $",SALES,ALL CLASSES,00000000,STATE,,,2024-07-02 12:00:00.000,,ALL PRODUCTION PRACTICES,CROPS,9000,ALASKA,,02,,00,,00,"22,069,000",AK,ALASKA,YEAR,02,,UNITED STATES,,$,2022,,IRRIGATION STATUS,ALL UTILIZATION PRACTICES,,ANNUAL
CROP TOTALS,0.3,IRRIGATION STATUS: (HARVESTED CROPLAND IS ENTIRELY IRRIGATED),CROP TOTALS,CENSUS,"CROP TOTALS - SALES, MEASURED IN $",SALES,ALL CLASSES,00000000,STATE,,,2018-02-01 00:00:00.000,,ALL PRODUCTION PRACTICES,CROPS,9000,ALASKA,,02,,00,,00,"16,314,000",AK,ALASKA,YEAR,02,,UNITED STATES,,$,2017,,IRRIGATION STATUS,ALL UTILIZATION PRACTICES,,ANNUAL
CROP TOTALS,0.7,IRRIGATION STATUS: (HARVESTED CROPLAND IS ENTIRELY IRRIGATED),CROP TOTALS,CENSUS,"CROP TOTALS - SALES, MEASURED IN $",SALES,ALL CLASSES,00000000,STATE,,,2012-12-31 00:00:00.000,,ALL PRODUCTION PRACTICES,CROPS,9000,ALASKA,,02,,00,,00,"11,560,000",AK,ALASKA,YEAR,02,,UNITED STATES,,$,2012,,IRRIGATION STATUS,ALL UTILIZATION PRACTICES,,ANNUAL
CROP TOTALS,,IRRIGATION STATUS: (HARVESTED CROPLAND IS ENTIRELY IRRIGATED),CROP TOTALS,CENSUS,"CROP TOTALS - SALES, MEASURED IN $",SALES,ALL CLASSES,00000000,STATE,,,2012-01-01 00:00:00.000,,ALL PRODUCTION PRACTICES,CROPS,9000,ALASKA,,02,,00,,00,"15,963,000",AK,ALASKA,YEAR,02,,UNITED STATES,,$,2007,,IRRIGATION STATUS,ALL UTILIZATION PRACTICES,,ANNUAL
CROP TOTALS,,IRRIGATION STATUS: (HARVESTED CROPLAND IS ENTIRELY IRRIGATED),CROP TOTALS,CENSUS,"CROP TOTALS - SALES, MEASURED IN $",SALES,ALL CLASSES,00000000,STATE,,,2012-01-01 00:00:00.000,,ALL PRODUCTION PRACTICES,CROPS,9000,ALASKA,,02,,00,,00,"12,052,000",AK,ALASKA,YEAR,02,,UNITED STATES,,$,2002,,IRRIGATION STATUS,ALL UTILIZATION PRACTICES,,ANNUAL
CROP TOTALS,,IRRIGATION STATUS: (HARVESTED CROPLAND IS ENTIRELY IRRIGATED),CROP TOTALS,CENSUS,"CROP TOTALS - SALES, MEASURED IN $",SALES,ALL CLASSES,00000000,STATE,,,2012-01-01 00:00:00.000,,ALL PRODUCTION PRACTICES,CROPS,9000,ALASKA,,02,,00,,00,                 (D),AK,ALASKA,YEAR,02,,UNITED STATES,,$,1997,,IRRIGATION STATUS,ALL UTILIZATION PRACTICES,,ANNUAL
CROP TOTALS,(L),IRRIGATION STATUS: (NONE ON OPERATION),CROP TOTALS,CENSUS,"CROP TOTALS - SALES, MEASURED IN $",SALES,ALL CLASSES,00000000,STATE,,,2024-07-02 12:00:00.000,,ALL PRODUCTION PRACTICES,CROPS,9000,ALASKA,,02,,00,,00,"11,795,000",AK,ALASKA,YEAR,02,,UNITED STATES,,$,2022,,IRRIGATION STATUS,ALL UTILIZATION PRACTICES,,ANNUAL
CROP TOTALS,1.0,IRRIGATION STATUS: (NONE ON OPERATION),CROP TOTALS,CENSUS,"CROP TOTALS - SALES, MEASURED IN $",SALES,ALL CLASSES,00000000,STATE,,,2018-02-01 00:00:00.000,,ALL PRODUCTION PRACTICES,CROPS,9000,ALASKA,,02,,00,,00,"8,000,000",AK,ALASKA,YEAR,02,,UNITED STATES,,$,2017,,IRRIGATION STATUS,ALL UTILIZATION PRACTICES,,ANNUAL
CROP TOTALS,5.0,IRRIGATION STATUS: (NONE ON OPERATION),CROP TOTALS,CENSUS,"CROP TOTALS - SALES, MEASURED IN $",SALES,ALL CLASSES,00000000,STATE,,,2012-12-31 00:00:00.000,,ALL PRODUCTION PRACTICES,CROPS,9000,ALASKA,,02,,00,,00,"6,948,000",AK,ALASKA,YEAR,02,,UNITED STATES,,$,2012,,IRRIGATION STATUS,ALL UTILIZATION PRACTICES,,ANNUAL
CROP TOTALS,,IRRIGATION STATUS: (NONE ON OPERATION),CROP TOTALS,CENSUS,"CROP TOTALS - SALES, MEASURED IN $",SALES,ALL CLASSES,00000000,STATE,,,2012-01-01 00:00:00.000,,ALL PRODUCTION PRACTICES,CROPS,9000,ALASKA,,02,,00,,00,"4,539,000",AK,ALASKA,YEAR,02,,UNITED STATES,,$,2007,,IRRIGATION STATUS,ALL UTILIZATION PRACTICES,,ANNUAL
CROP TOTALS,,IRRIGATION STATUS: (NONE ON OPERATION),CROP TOTALS,CENSUS,"CROP TOTALS - SALES, MEASURED IN $",SALES,ALL CLASSES,00000000,STATE,,,2012-01-01 00:00:00.000,,ALL PRODUCTION PRACTICES,CROPS,9000,ALASKA,,02,,00,,00,"4,496,000",AK,ALASKA,YEAR,02,,UNITED STATES,,$,2002,,IRRIGATION STATUS,ALL UTILIZATION PRACTICES,,ANNUAL
CROP TOTALS,,IRRIGATION STATUS: (NONE ON OPERATION),CROP TOTALS,CENSUS,"CROP TOTALS - SALES, MEASURED IN $",SALES,ALL CLASSES,00000000,STATE,,,2012-01-01 00:00:00.000,,ALL PRODUCTION PRACTICES,CROPS,9000,ALASKA,,02,,00,,00,"3,986,000",AK,ALASKA,YEAR,02,,UNITED STATES,,$,1997,,IRRIGATION STATUS,ALL UTILIZATION PRACTICES,,ANNUAL
CROP TOTALS,(D),NAICS CLASSIFICATION: (111),CROP TOTALS,CENSUS,"CROP TOTALS - SALES, MEASURED IN $",SALES,ALL CLASSES,00000000,STATE,,,2024-07-02 12:00:00.000,,ALL PRODUCTION PRACTICES,CROPS,9000,ALASKA,,02,,00,,00,                 (D),AK,ALASKA,YEAR,02,,UNITED STATES,,$,2022,,NAICS CLASSIFICATION,ALL UTILIZATION PRACTICES,,ANNUAL
CROP TOTALS,0.4,NAICS CLASSIFICATION: (111),CROP TOTALS,CENSUS,"CROP TOTALS - SALES, MEASURED IN $",SALES,ALL CLASSES,00000000,STATE,,,2018-02-01 00:00:00.000,,ALL PRODUCTION PRACTICES,CROPS,9000,ALASKA,,02,,00,,00,"29,127,000",AK,ALASKA,YEAR,02,,UNITED STATES,,$,2017,,NAICS CLASSIFICATION,ALL UTILIZATION PRACTICES,,ANNUAL
CROP TOTALS,1.6,NAICS CLASSIFICATION: (111),CROP TOTALS,CENSUS,"CROP TOTALS - SALES, MEASURED IN $",SALES,ALL CLASSES,00000000,STATE,,,2012-12-31 00:00:00.000,,ALL PRODUCTION PRACTICES,CROPS,9000,ALASKA,,02,,00,,00,"24,556,000",AK,ALASKA,YEAR,02,,UNITED STATES,,$,2012,,NAICS CLASSIFICATION,ALL UTILIZATION PRACTICES,,ANNUAL
CROP TOTALS,,NAICS CLASSIFICATION: (111),CROP TOTALS,CENSUS,"CROP TOTALS - SALES, MEASURED IN $",SALES,ALL CLASSES,00000000,STATE,,,2012-01-01 00:00:00.000,,ALL PRODUCTION PRACTICES,CROPS,9000,ALASKA,,02,,00,,00,"24,507,000",AK,ALASKA,YEAR,02,,UNITED STATES,,$,2007,,NAICS CLASSIFICATION,ALL UTILIZATION PRACTICES,,ANNUAL
CROP TOTALS,,NAICS CLASSIFICATION: (111),CROP TOTALS,CENSUS,"CROP TOTALS - SALES, MEASURED IN $",SALES,ALL CLASSES,00000000,STATE,,,2012-01-01 00:00:00.000,,ALL PRODUCTION PRACTICES,CROPS,9000,ALASKA,,02,,00,,00,"20,487,000",AK,ALASKA,YEAR,02,,UNITED STATES,,$,2002,,NAICS CLASSIFICATION,ALL UTILIZATION PRACTICES,,ANNUAL
CROP TOTALS,(D),NAICS CLASSIFICATION: (1111),CROP TOTALS,CENSUS,"CROP TOTALS - SALES, MEASURED IN $",SALES,ALL CLASSES,00000000,STATE,,,2024-07-02 12:00:00.000,,ALL PRODUCTION PRACTICES,CROPS,9000,ALASKA,,02,,00,,00,                 (D),AK,ALASKA,YEAR,02,,UNITED STATES,,$,2022,,NAICS CLASSIFICATION,ALL UTILIZATION PRACTICES,,ANNUAL
CROP TOTALS,(D),NAICS CLASSIFICATION: (1111),CROP TOTALS,CENSUS,"CROP TOTALS - SALES, MEASURED IN $",SALES,ALL CLASSES,00000000,STATE,,,2018-02-01 00:00:00.000,,ALL PRODUCTION PRACTICES,CROPS,9000,ALASKA,,02,,00,,00,                 (D),AK,ALASKA,YEAR,02,,UNITED STATES,,$,2017,,NAICS CLASSIFICATION,ALL UTILIZATION PRACTICES,,ANNUAL
CROP TOTALS,(D),NAICS CLASSIFICATION: (1111),CROP TOTALS,CENSUS,"CROP TOTALS - SALES, MEASURED IN $",SALES,ALL CLASSES,00000000,STATE,,,2012-12-31 00:00:00.000,,ALL PRODUCTION PRACTICES,CROPS,9000,ALASKA,,02,,00,,00,                 (D),AK,ALASKA,YEAR,02,,UNITED STATES,,$,2012,,NAICS CLASSIFICATION,ALL UTILIZATION PRACTICES,,ANNUAL
CROP TOTALS,,NAICS CLASSIFICATION: (1111),CROP TOTALS,CENSUS,"CROP TOTALS - SALES, MEASURED IN $",SALES,ALL CLASSES,00000000,STATE,,,2012-01-01 00:00:00.000,,ALL PRODUCTION PRACTICES,CROPS,9000,ALASKA,,02,,00,,00,                 (D),AK,ALASKA,YEAR,02,,UNITED STATES,,$,2007,,NAICS CLASSIFICATION,ALL UTILIZATION PRACTICES,,ANNUAL
CROP TOTALS,,NAICS CLASSIFICATION: (1111),CROP TOTALS,CENSUS,"CROP TOTALS - SALES, MEASURED IN $",SALES,ALL CLASSES,00000000,STATE,,,2012-01-01 00:00:00.000,,ALL PRODUCTION PRACTICES,CROPS,9000,ALASKA,,02,,00,,00,                 (D),AK,ALASKA,YEAR,02,,UNITED STATES,,$,2002,,NAICS CLASSIFICATION,ALL UTILIZATION PRACTICES,,ANNUAL
CROP TOTALS,(D),NAICS CLASSIFICATION: (11114),CROP TOTALS,CENSUS,"CROP TOTALS - SALES, MEASURED IN $",SALES,ALL CLASSES,00000000,STATE,,,2012-12-31 00:00:00.000,,ALL PRODUCTION PRACTICES,CROPS,9000,ALASKA,,02,,00,,00,                 (D),AK,ALASKA,YEAR,02,,UNITED STATES,,$,2012,,NAICS CLASSIFICATION,ALL UTILIZATION PRACTICES,,ANNUAL
CROP TOTALS,(D),NAICS CLASSIFICATION: (11119),CROP TOTALS,CENSUS,"CROP TOTALS - SALES, MEASURED IN $",SALES,ALL CLASSES,00000000,STATE,,,2024-07-02 12:00:00.000,,ALL PRODUCTION PRACTICES,CROPS,9000,ALASKA,,02,,00,,00,                 (D),AK,ALASKA,YEAR,02,,UNITED STATES,,$,2022,,NAICS CLASSIFICATION,ALL UTILIZATION PRACTICES,,ANNUAL
CROP TOTALS,(D),NAICS CLASSIFICATION: (11119),CROP TOTALS,CENSUS,"CROP TOTALS - SALES, MEASURED IN $",SALES,ALL CLASSES,00000000,STATE,,,2018-02-01 00:00:00.000,,ALL PRODUCTION PRACTICES,CROPS,9000,ALASKA,,02,,00,,00,                 (D),AK,ALASKA,YEAR,02,,UNITED STATES,,$,2017,,NAICS CLASSIFICATION,ALL UTILIZATION PRACTICES,,ANNUAL
CROP TOTALS,(D),NAICS CLASSIFICATION: (11119),CROP TOTALS,CENSUS,"CROP TOTALS - SALES, MEASURED IN $",SALES,ALL CLASSES,00000000,STATE,,,2012-12-31 00:00:00.000,,ALL PRODUCTION PRACTICES,CROPS,9000,ALASKA,,02,,00,,00,                 (D),AK,ALASKA,YEAR,02,,UNITED STATES,,$,2012,,NAICS CLASSIFICATION,ALL UTILIZATION PRACTICES,,ANNUAL
CROP TOTALS,,NAICS CLASSIFICATION: (11119),CROP TOTALS,CENSUS,"CROP TOTALS - SALES, MEASURED IN $",SALES,ALL CLASSES,00000000,STATE,,,2012-01-01 00:00:00.000,,ALL PRODUCTION PRACTICES,CROPS,9000,ALASKA,,02,,00,,00,                 (D),AK,ALASKA,YEAR,02,,UNITED STATES,,$,2007,,NAICS CLASSIFICATION,ALL UTILIZATION PRACTICES,,ANNUAL
CROP TOTALS,,NAICS CLASSIFICATION: (11119),CROP TOTALS,CENSUS,"CROP TOTALS - SALES, MEASURED IN $",SALES,ALL CLASSES,00000000,STATE,,,2012-01-01 00:00:00.000,,ALL PRODUCTION PRACTICES,CROPS,9000,ALASKA,,02,,00,,00,                 (D),AK,ALASKA,YEAR,02,,UNITED STATES,,$,2002,,NAICS CLASSIFICATION,ALL UTILIZATION PRACTICES,,ANNUAL
CROP TOTALS,(D),NAICS CLASSIFICATION: (1112),CROP TOTALS,CENSUS,"CROP TOTALS - SALES, MEASURED IN $",SALES,ALL CLASSES,00000000,STATE,,,2024-07-02 12:00:00.000,,ALL PRODUCTION PRACTICES,CROPS,9000,ALASKA,,02,,00,,00,                 (D),AK,ALASKA,YEAR,02,,UNITED STATES,,$,2022,,NAICS CLASSIFICATION,ALL UTILIZATION PRACTICES,,ANNUAL
CROP TOTALS,0.6,NAICS CLASSIFICATION: (1112),CROP TOTALS,CENSUS,"CROP TOTALS - SALES, MEASURED IN $",SALES,ALL CLASSES,00000000,STATE,,,2018-02-01 00:00:00.000,,ALL PRODUCTION PRACTICES,CROPS,9000,ALASKA,,02,,00,,00,"5,927,000",AK,ALASKA,YEAR,02,,UNITED STATES,,$,2017,,NAICS CLASSIFICATION,ALL UTILIZATION PRACTICES,,ANNUAL
CROP TOTALS,(D),NAICS CLASSIFICATION: (1112),CROP TOTALS,CENSUS,"CROP TOTALS - SALES, MEASURED IN $",SALES,ALL CLASSES,00000000,STATE,,,2012-12-31 00:00:00.000,,ALL PRODUCTION PRACTICES,CROPS,9000,ALASKA,,02,,00,,00,                 (D),AK,ALASKA,YEAR,02,,UNITED STATES,,$,2012,,NAICS CLASSIFICATION,ALL UTILIZATION PRACTICES,,ANNUAL
CROP TOTALS,,NAICS CLASSIFICATION: (1112),CROP TOTALS,CENSUS,"CROP TOTALS - SALES, MEASURED IN $",SALES,ALL CLASSES,00000000,STATE,,,2012-01-01 00:00:00.000,,ALL PRODUCTION PRACTICES,CROPS,9000,ALASKA,,02,,00,,00,"4,389,000",AK,ALASKA,YEAR,02,,UNITED STATES,,$,2007,,NAICS CLASSIFICATION,ALL UTILIZATION PRACTICES,,ANNUAL
CROP TOTALS,,NAICS CLASSIFICATION: (1112),CROP TOTALS,CENSUS,"CROP TOTALS - SALES, MEASURED IN $",SALES,ALL CLASSES,00000000,STATE,,,2012-01-01 00:00:00.000,,ALL PRODUCTION PRACTICES,CROPS,9000,ALASKA,,02,,00,,00,                 (D),AK,ALASKA,YEAR,02,,UNITED STATES,,$,2002,,NAICS CLASSIFICATION,ALL UTILIZATION PRACTICES,,ANNUAL
CROP TOTALS,(L),NAICS CLASSIFICATION: (111211),CROP TOTALS,CENSUS,"CROP TOTALS - SALES, MEASURED IN $",SALES,ALL CLASSES,00000000,STATE,,,2024-07-02 12:00:00.000,,ALL PRODUCTION PRACTICES,CROPS,9000,ALASKA,,02,,00,,00,"997,000",AK,ALASKA,YEAR,02,,UNITED STATES,,$,2022,,NAICS CLASSIFICATION,ALL UTILIZATION PRACTICES,,ANNUAL
CROP TOTALS,(D),NAICS CLASSIFICATION: (111211),CROP TOTALS,CENSUS,"CROP TOTALS - SALES, MEASURED IN $",SALES,ALL CLASSES,00000000,STATE,,,2018-02-01 00:00:00.000,,ALL PRODUCTION PRACTICES,CROPS,9000,ALASKA,,02,,00,,00,                 (D),AK,ALASKA,YEAR,02,,UNITED STATES,,$,2017,,NAICS CLASSIFICATION,ALL UTILIZATION PRACTICES,,ANNUAL
CROP TOTALS,(D),NAICS CLASSIFICATION: (111211),CROP TOTALS,CENSUS,"CROP TOTALS - SALES, MEASURED IN $",SALES,ALL CLASSES,00000000,STATE,,,2012-12-31 00:00:00.000,,ALL PRODUCTION PRACTICES,CROPS,9000,ALASKA,,02,,00,,00,                 (D),AK,ALASKA,YEAR,02,,UNITED STATES,,$,2012,,NAICS CLASSIFICATION,ALL UTILIZATION PRACTICES,,ANNUAL
CROP TOTALS,,NAICS CLASSIFICATION: (111211),CROP TOTALS,CENSUS,"CROP TOTALS - SALES, MEASURED IN $",SALES,ALL CLASSES,00000000,STATE,,,2012-01-01 00:00:00.000,,ALL PRODUCTION PRACTICES,CROPS,9000,ALASKA,,02,,00,,00,                 (D),AK,ALASKA,YEAR,02,,UNITED STATES,,$,2007,,NAICS CLASSIFICATION,ALL UTILIZATION PRACTICES,,ANNUAL
CROP TOTALS,,NAICS CLASSIFICATION: (111211),CROP TOTALS,CENSUS,"CROP TOTALS - SALES, MEASURED IN $",SALES,ALL CLASSES,00000000,STATE,,,2012-01-01 00:00:00.000,,ALL PRODUCTION PRACTICES,CROPS,9000,ALASKA,,02,,00,,00,"2,641,000",AK,ALASKA,YEAR,02,,UNITED STATES,,$,2002,,NAICS CLASSIFICATION,ALL UTILIZATION PRACTICES,,ANNUAL
CROP TOTALS,(D),NAICS CLASSIFICATION: (111219),CROP TOTALS,CENSUS,"CROP TOTALS - SALES, MEASURED IN $",SALES,ALL CLASSES,00000000,STATE,,,2024-07-02 12:00:00.000,,ALL PRODUCTION PRACTICES,CROPS,9000,ALASKA,,02,,00,,00,                 (D),AK,ALASKA,YEAR,02,,UNITED STATES,,$,2022,,NAICS CLASSIFICATION,ALL UTILIZATION PRACTICES,,ANNUAL
CROP TOTALS,(D),NAICS CLASSIFICATION: (111219),CROP TOTALS,CENSUS,"CROP TOTALS - SALES, MEASURED IN $",SALES,ALL CLASSES,00000000,STATE,,,2018-02-01 00:00:00.000,,ALL PRODUCTION PRACTICES,CROPS,9000,ALASKA,,02,,00,,00,                 (D),AK,ALASKA,YEAR,02,,UNITED STATES,,$,2017,,NAICS CLASSIFICATION,ALL UTILIZATION PRACTICES,,ANNUAL
CROP TOTALS,(D),NAICS CLASSIFICATION: (111219),CROP TOTALS,CENSUS,"CROP TOTALS - SALES, MEASURED IN $",SALES,ALL CLASSES,00000000,STATE,,,2012-12-31 00:00:00.000,,ALL PRODUCTION PRACTICES,CROPS,9000,ALASKA,,02,,00,,00,                 (D),AK,ALASKA,YEAR,02,,UNITED STATES,,$,2012,,NAICS CLASSIFICATION,ALL UTILIZATION PRACTICES,,ANNUAL
CROP TOTALS,,NAICS CLASSIFICATION: (111219),CROP TOTALS,CENSUS,"CROP TOTALS - SALES, MEASURED IN $",SALES,ALL CLASSES,00000000,STATE,,,2012-01-01 00:00:00.000,,ALL PRODUCTION PRACTICES,CROPS,9000,ALASKA,,02,,00,,00,                 (D),AK,ALASKA,YEAR,02,,UNITED STATES,,$,2007,,NAICS CLASSIFICATION,ALL UTILIZATION PRACTICES,,ANNUAL
CROP TOTALS,,NAICS CLASSIFICATION: (111219),CROP TOTALS,CENSUS,"CROP TOTALS - SALES, MEASURED IN $",SALES,ALL CLASSES,00000000,STATE,,,2012-01-01 00:00:00.000,,ALL PRODUCTION PRACTICES,CROPS,9000,ALASKA,,02,,00,,00,                 (D),AK,ALASKA,YEAR,02,,UNITED STATES,,$,2002,,NAICS CLASSIFICATION,ALL UTILIZATION PRACTICES,,ANNUAL
CROP TOTALS,(D),NAICS CLASSIFICATION: (1113),CROP TOTALS,CENSUS,"CROP TOTALS - SALES, MEASURED IN $",SALES,ALL CLASSES,00000000,STATE,,,2024-07-02 12:00:00.000,,ALL PRODUCTION PRACTICES,CROPS,9000,ALASKA,,02,,00,,00,                 (D),AK,ALASKA,YEAR,02,,UNITED STATES,,$,2022,,NAICS CLASSIFICATION,ALL UTILIZATION PRACTICES,,ANNUAL
CROP TOTALS,(D),NAICS CLASSIFICATION: (1113),CROP TOTALS,CENSUS,"CROP TOTALS - SALES, MEASURED IN $",SALES,ALL CLASSES,00000000,STATE,,,2018-02-01 00:00:00.000,,ALL PRODUCTION PRACTICES,CROPS,9000,ALASKA,,02,,00,,00,                 (D),AK,ALASKA,YEAR,02,,UNITED STATES,,$,2017,,NAICS CLASSIFICATION,ALL UTILIZATION PRACTICES,,ANNUAL
CROP TOTALS,(D),NAICS CLASSIFICATION: (1113),CROP TOTALS,CENSUS,"CROP TOTALS - SALES, MEASURED IN $",SALES,ALL CLASSES,00000000,STATE,,,2012-12-31 00:00:00.000,,ALL PRODUCTION PRACTICES,CROPS,9000,ALASKA,,02,,00,,00,                 (D),AK,ALASKA,YEAR,02,,UNITED STATES,,$,2012,,NAICS CLASSIFICATION,ALL UTILIZATION PRACTICES,,ANNUAL
CROP TOTALS,,NAICS CLASSIFICATION: (1113),CROP TOTALS,CENSUS,"CROP TOTALS - SALES, MEASURED IN $",SALES,ALL CLASSES,00000000,STATE,,,2012-01-01 00:00:00.000,,ALL PRODUCTION PRACTICES,CROPS,9000,ALASKA,,02,,00,,00,                 (D),AK,ALASKA,YEAR,02,,UNITED STATES,,$,2007,,NAICS CLASSIFICATION,ALL UTILIZATION PRACTICES,,ANNUAL
CROP TOTALS,,NAICS CLASSIFICATION: (1113),CROP TOTALS,CENSUS,"CROP TOTALS - SALES, MEASURED IN $",SALES,ALL CLASSES,00000000,STATE,,,2012-01-01 00:00:00.000,,ALL PRODUCTION PRACTICES,CROPS,9000,ALASKA,,02,,00,,00,                 (D),AK,ALASKA,YEAR,02,,UNITED STATES,,$,2002,,NAICS CLASSIFICATION,ALL UTILIZATION PRACTICES,,ANNUAL
CROP TOTALS,(D),NAICS CLASSIFICATION: (11133),CROP TOTALS,CENSUS,"CROP TOTALS - SALES, MEASURED IN $",SALES,ALL CLASSES,00000000,STATE,,,2024-07-02 12:00:00.000,,ALL PRODUCTION PRACTICES,CROPS,9000,ALASKA,,02,,00,,00,                 (D),AK,ALASKA,YEAR,02,,UNITED STATES,,$,2022,,NAICS CLASSIFICATION,ALL UTILIZATION PRACTICES,,ANNUAL
CROP TOTALS,(D),NAICS CLASSIFICATION: (11133),CROP TOTALS,CENSUS,"CROP TOTALS - SALES, MEASURED IN $",SALES,ALL CLASSES,00000000,STATE,,,2018-02-01 00:00:00.000,,ALL PRODUCTION PRACTICES,CROPS,9000,ALASKA,,02,,00,,00,                 (D),AK,ALASKA,YEAR,02,,UNITED STATES,,$,2017,,NAICS CLASSIFICATION,ALL UTILIZATION PRACTICES,,ANNUAL
CROP TOTALS,(D),NAICS CLASSIFICATION: (11133),CROP TOTALS,CENSUS,"CROP TOTALS - SALES, MEASURED IN $",SALES,ALL CLASSES,00000000,STATE,,,2012-12-31 00:00:00.000,,ALL PRODUCTION PRACTICES,CROPS,9000,ALASKA,,02,,00,,00,                 (D),AK,ALASKA,YEAR,02,,UNITED STATES,,$,2012,,NAICS CLASSIFICATION,ALL UTILIZATION PRACTICES,,ANNUAL
CROP TOTALS,,NAICS CLASSIFICATION: (11133),CROP TOTALS,CENSUS,"CROP TOTALS - SALES, MEASURED IN $",SALES,ALL CLASSES,00000000,STATE,,,2012-01-01 00:00:00.000,,ALL PRODUCTION PRACTICES,CROPS,9000,ALASKA,,02,,00,,00,                 (D),AK,ALASKA,YEAR,02,,UNITED STATES,,$,2007,,NAICS CLASSIFICATION,ALL UTILIZATION PRACTICES,,ANNUAL
CROP TOTALS,,NAICS CLASSIFICATION: (11133),CROP TOTALS,CENSUS,"CROP TOTALS - SALES, MEASURED IN $",SALES,ALL CLASSES,00000000,STATE,,,2012-01-01 00:00:00.000,,ALL PRODUCTION PRACTICES,CROPS,9000,ALASKA,,02,,00,,00,                 (D),AK,ALASKA,YEAR,02,,UNITED STATES,,$,2002,,NAICS CLASSIFICATION,ALL UTILIZATION PRACTICES,,ANNUAL
CROP TOTALS,(D),NAICS CLASSIFICATION: (111331),CROP TOTALS,CENSUS,"CROP TOTALS - SALES, MEASURED IN $",SALES,ALL CLASSES,00000000,STATE,,,2024-07-02 12:00:00.000,,ALL PRODUCTION PRACTICES,CROPS,9000,ALASKA,,02,,00,,00,                 (D),AK,ALASKA,YEAR,02,,UNITED STATES,,$,2022,,NAICS CLASSIFICATION,ALL UTILIZATION PRACTICES,,ANNUAL
CROP TOTALS,(L),NAICS CLASSIFICATION: (111331),CROP TOTALS,CENSUS,"CROP TOTALS - SALES, MEASURED IN $",SALES,ALL CLASSES,00000000,STATE,,,2018-02-01 00:00:00.000,,ALL PRODUCTION PRACTICES,CROPS,9000,ALASKA,,02,,00,,00,"50,000",AK,ALASKA,YEAR,02,,UNITED STATES,,$,2017,,NAICS CLASSIFICATION,ALL UTILIZATION PRACTICES,,ANNUAL
CROP TOTALS,(D),NAICS CLASSIFICATION: (111331),CROP TOTALS,CENSUS,"CROP TOTALS - SALES, MEASURED IN $",SALES,ALL CLASSES,00000000,STATE,,,2012-12-31 00:00:00.000,,ALL PRODUCTION PRACTICES,CROPS,9000,ALASKA,,02,,00,,00,                 (D),AK,ALASKA,YEAR,02,,UNITED STATES,,$,2012,,NAICS CLASSIFICATION,ALL UTILIZATION PRACTICES,,ANNUAL
CROP TOTALS,,NAICS CLASSIFICATION: (111331),CROP TOTALS,CENSUS,"CROP TOTALS - SALES, MEASURED IN $",SALES,ALL CLASSES,00000000,STATE,,,2012-01-01 00:00:00.000,,ALL PRODUCTION PRACTICES,CROPS,9000,ALASKA,,02,,00,,00,                 (D),AK,ALASKA,YEAR,02,,UNITED STATES,,$,2007,,NAICS CLASSIFICATION,ALL UTILIZATION PRACTICES,,ANNUAL
CROP TOTALS,,NAICS CLASSIFICATION: (111331),CROP TOTALS,CENSUS,"CROP TOTALS - SALES, MEASURED IN $",SALES,ALL CLASSES,00000000,STATE,,,2012-01-01 00:00:00.000,,ALL PRODUCTION PRACTICES,CROPS,9000,ALASKA,,02,,00,,00,                 (D),AK,ALASKA,YEAR,02,,UNITED STATES,,$,2002,,NAICS CLASSIFICATION,ALL UTILIZATION PRACTICES,,ANNUAL
CROP TOTALS,(D),NAICS CLASSIFICATION: (111333),CROP TOTALS,CENSUS,"CROP TOTALS - SALES, MEASURED IN $",SALES,ALL CLASSES,00000000,STATE,,,2024-07-02 12:00:00.000,,ALL PRODUCTION PRACTICES,CROPS,9000,ALASKA,,02,,00,,00,                 (D),AK,ALASKA,YEAR,02,,UNITED STATES,,$,2022,,NAICS CLASSIFICATION,ALL UTILIZATION PRACTICES,,ANNUAL
CROP TOTALS,(D),NAICS CLASSIFICATION: (111333),CROP TOTALS,CENSUS,"CROP TOTALS - SALES, MEASURED IN $",SALES,ALL CLASSES,00000000,STATE,,,2018-02-01 00:00:00.000,,ALL PRODUCTION PRACTICES,CROPS,9000,ALASKA,,02,,00,,00,                 (D),AK,ALASKA,YEAR,02,,UNITED STATES,,$,2017,,NAICS CLASSIFICATION,ALL UTILIZATION PRACTICES,,ANNUAL
CROP TOTALS,(D),NAICS CLASSIFICATION: (111333),CROP TOTALS,CENSUS,"CROP TOTALS - SALES, MEASURED IN $",SALES,ALL CLASSES,00000000,STATE,,,2012-12-31 00:00:00.000,,ALL PRODUCTION PRACTICES,CROPS,9000,ALASKA,,02,,00,,00,                 (D),AK,ALASKA,YEAR,02,,UNITED STATES,,$,2012,,NAICS CLASSIFICATION,ALL UTILIZATION PRACTICES,,ANNUAL
CROP TOTALS,,NAICS CLASSIFICATION: (111333),CROP TOTALS,CENSUS,"CROP TOTALS - SALES, MEASURED IN $",SALES,ALL CLASSES,00000000,STATE,,,2012-01-01 00:00:00.000,,ALL PRODUCTION PRACTICES,CROPS,9000,ALASKA,,02,,00,,00,                 (D),AK,ALASKA,YEAR,02,,UNITED STATES,,$,2007,,NAICS CLASSIFICATION,ALL UTILIZATION PRACTICES,,ANNUAL
CROP TOTALS,(D),NAICS CLASSIFICATION: (111334),CROP TOTALS,CENSUS,"CROP TOTALS - SALES, MEASURED IN $",SALES,ALL CLASSES,00000000,STATE,,,2024-07-02 12:00:00.000,,ALL PRODUCTION PRACTICES,CROPS,9000,ALASKA,,02,,00,,00,                 (D),AK,ALASKA,YEAR,02,,UNITED STATES,,$,2022,,NAICS CLASSIFICATION,ALL UTILIZATION PRACTICES,,ANNUAL
CROP TOTALS,(D),NAICS CLASSIFICATION: (111334),CROP TOTALS,CENSUS,"CROP TOTALS - SALES, MEASURED IN $",SALES,ALL CLASSES,00000000,STATE,,,2018-02-01 00:00:00.000,,ALL PRODUCTION PRACTICES,CROPS,9000,ALASKA,,02,,00,,00,                 (D),AK,ALASKA,YEAR,02,,UNITED STATES,,$,2017,,NAICS CLASSIFICATION,ALL UTILIZATION PRACTICES,,ANNUAL
CROP TOTALS,(D),NAICS CLASSIFICATION: (111334),CROP TOTALS,CENSUS,"CROP TOTALS - SALES, MEASURED IN $",SALES,ALL CLASSES,00000000,STATE,,,2012-12-31 00:00:00.000,,ALL PRODUCTION PRACTICES,CROPS,9000,ALASKA,,02,,00,,00,                 (D),AK,ALASKA,YEAR,02,,UNITED STATES,,$,2012,,NAICS CLASSIFICATION,ALL UTILIZATION PRACTICES,,ANNUAL
CROP TOTALS,,NAICS CLASSIFICATION: (111334),CROP TOTALS,CENSUS,"CROP TOTALS - SALES, MEASURED IN $",SALES,ALL CLASSES,00000000,STATE,,,2012-01-01 00:00:00.000,,ALL PRODUCTION PRACTICES,CROPS,9000,ALASKA,,02,,00,,00,                 (D),AK,ALASKA,YEAR,02,,UNITED STATES,,$,2007,,NAICS CLASSIFICATION,ALL UTILIZATION PRACTICES,,ANNUAL
CROP TOTALS,,NAICS CLASSIFICATION: (111334),CROP TOTALS,CENSUS,"CROP TOTALS - SALES, MEASURED IN $",SALES,ALL CLASSES,00000000,STATE,,,2012-01-01 00:00:00.000,,ALL PRODUCTION PRACTICES,CROPS,9000,ALASKA,,02,,00,,00,                 (D),AK,ALASKA,YEAR,02,,UNITED STATES,,$,2002,,NAICS CLASSIFICATION,ALL UTILIZATION PRACTICES,,ANNUAL
CROP TOTALS,(L),NAICS CLASSIFICATION: (111339),CROP TOTALS,CENSUS,"CROP TOTALS - SALES, MEASURED IN $",SALES,ALL CLASSES,00000000,STATE,,,2024-07-02 12:00:00.000,,ALL PRODUCTION PRACTICES,CROPS,9000,ALASKA,,02,,00,,00,"221,000",AK,ALASKA,YEAR,02,,UNITED STATES,,$,2022,,NAICS CLASSIFICATION,ALL UTILIZATION PRACTICES,,ANNUAL
CROP TOTALS,(D),NAICS CLASSIFICATION: (111339),CROP TOTALS,CENSUS,"CROP TOTALS - SALES, MEASURED IN $",SALES,ALL CLASSES,00000000,STATE,,,2018-02-01 00:00:00.000,,ALL PRODUCTION PRACTICES,CROPS,9000,ALASKA,,02,,00,,00,                 (D),AK,ALASKA,YEAR,02,,UNITED STATES,,$,2017,,NAICS CLASSIFICATION,ALL UTILIZATION PRACTICES,,ANNUAL
CROP TOTALS,(D),NAICS CLASSIFICATION: (111339),CROP TOTALS,CENSUS,"CROP TOTALS - SALES, MEASURED IN $",SALES,ALL CLASSES,00000000,STATE,,,2012-12-31 00:00:00.000,,ALL PRODUCTION PRACTICES,CROPS,9000,ALASKA,,02,,00,,00,                 (D),AK,ALASKA,YEAR,02,,UNITED STATES,,$,2012,,NAICS CLASSIFICATION,ALL UTILIZATION PRACTICES,,ANNUAL
CROP TOTALS,,NAICS CLASSIFICATION: (111339),CROP TOTALS,CENSUS,"CROP TOTALS - SALES, MEASURED IN $",SALES,ALL CLASSES,00000000,STATE,,,2012-01-01 00:00:00.000,,ALL PRODUCTION PRACTICES,CROPS,9000,ALASKA,,02,,00,,00,                 (D),AK,ALASKA,YEAR,02,,UNITED STATES,,$,2007,,NAICS CLASSIFICATION,ALL UTILIZATION PRACTICES,,ANNUAL
CROP TOTALS,0.1,NAICS CLASSIFICATION: (1114),CROP TOTALS,CENSUS,"CROP TOTALS - SALES, MEASURED IN $",SALES,ALL CLASSES,00000000,STATE,,,2024-07-02 12:00:00.000,,ALL PRODUCTION PRACTICES,CROPS,9000,ALASKA,,02,,00,,00,"21,708,000",AK,ALASKA,YEAR,02,,UNITED STATES,,$,2022,,NAICS CLASSIFICATION,ALL UTILIZATION PRACTICES,,ANNUAL
CROP TOTALS,(D),NAICS CLASSIFICATION: (1114),CROP TOTALS,CENSUS,"CROP TOTALS - SALES, MEASURED IN $",SALES,ALL CLASSES,00000000,STATE,,,2018-02-01 00:00:00.000,,ALL PRODUCTION PRACTICES,CROPS,9000,ALASKA,,02,,00,,00,                 (D),AK,ALASKA,YEAR,02,,UNITED STATES,,$,2017,,NAICS CLASSIFICATION,ALL UTILIZATION PRACTICES,,ANNUAL
CROP TOTALS,(D),NAICS CLASSIFICATION: (1114),CROP TOTALS,CENSUS,"CROP TOTALS - SALES, MEASURED IN $",SALES,ALL CLASSES,00000000,STATE,,,2012-12-31 00:00:00.000,,ALL PRODUCTION PRACTICES,CROPS,9000,ALASKA,,02,,00,,00,                 (D),AK,ALASKA,YEAR,02,,UNITED STATES,,$,2012,,NAICS CLASSIFICATION,ALL UTILIZATION PRACTICES,,ANNUAL
CROP TOTALS,,NAICS CLASSIFICATION: (1114),CROP TOTALS,CENSUS,"CROP TOTALS - SALES, MEASURED IN $",SALES,ALL CLASSES,00000000,STATE,,,2012-01-01 00:00:00.000,,ALL PRODUCTION PRACTICES,CROPS,9000,ALASKA,,02,,00,,00,                 (D),AK,ALASKA,YEAR,02,,UNITED STATES,,$,2007,,NAICS CLASSIFICATION,ALL UTILIZATION PRACTICES,,ANNUAL
CROP TOTALS,,NAICS CLASSIFICATION: (1114),CROP TOTALS,CENSUS,"CROP TOTALS - SALES, MEASURED IN $",SALES,ALL CLASSES,00000000,STATE,,,2012-01-01 00:00:00.000,,ALL PRODUCTION PRACTICES,CROPS,9000,ALASKA,,02,,00,,00,                 (D),AK,ALASKA,YEAR,02,,UNITED STATES,,$,2002,,NAICS CLASSIFICATION,ALL UTILIZATION PRACTICES,,ANNUAL
CROP TOTALS,0.4,NAICS CLASSIFICATION: (11141),CROP TOTALS,CENSUS,"CROP TOTALS - SALES, MEASURED IN $",SALES,ALL CLASSES,00000000,STATE,,,2024-07-02 12:00:00.000,,ALL PRODUCTION PRACTICES,CROPS,9000,ALASKA,,02,,00,,00,"1,788,000",AK,ALASKA,YEAR,02,,UNITED STATES,,$,2022,,NAICS CLASSIFICATION,ALL UTILIZATION PRACTICES,,ANNUAL
CROP TOTALS,(D),NAICS CLASSIFICATION: (11141),CROP TOTALS,CENSUS,"CROP TOTALS - SALES, MEASURED IN $",SALES,ALL CLASSES,00000000,STATE,,,2018-02-01 00:00:00.000,,ALL PRODUCTION PRACTICES,CROPS,9000,ALASKA,,02,,00,,00,                 (D),AK,ALASKA,YEAR,02,,UNITED STATES,,$,2017,,NAICS CLASSIFICATION,ALL UTILIZATION PRACTICES,,ANNUAL
CROP TOTALS,(D),NAICS CLASSIFICATION: (11141),CROP TOTALS,CENSUS,"CROP TOTALS - SALES, MEASURED IN $",SALES,ALL CLASSES,00000000,STATE,,,2012-12-31 00:00:00.000,,ALL PRODUCTION PRACTICES,CROPS,9000,ALASKA,,02,,00,,00,                 (D),AK,ALASKA,YEAR,02,,UNITED STATES,,$,2012,,NAICS CLASSIFICATION,ALL UTILIZATION PRACTICES,,ANNUAL
CROP TOTALS,,NAICS CLASSIFICATION: (11141),CROP TOTALS,CENSUS,"CROP TOTALS - SALES, MEASURED IN $",SALES,ALL CLASSES,00000000,STATE,,,2012-01-01 00:00:00.000,,ALL PRODUCTION PRACTICES,CROPS,9000,ALASKA,,02,,00,,00,                 (D),AK,ALASKA,YEAR,02,,UNITED STATES,,$,2007,,NAICS CLASSIFICATION,ALL UTILIZATION PRACTICES,,ANNUAL
CROP TOTALS,,NAICS CLASSIFICATION: (11141),CROP TOTALS,CENSUS,"CROP TOTALS - SALES, MEASURED IN $",SALES,ALL CLASSES,00000000,STATE,,,2012-01-01 00:00:00.000,,ALL PRODUCTION PRACTICES,CROPS,9000,ALASKA,,02,,00,,00,                 (D),AK,ALASKA,YEAR,02,,UNITED STATES,,$,2002,,NAICS CLASSIFICATION,ALL UTILIZATION PRACTICES,,ANNUAL
CROP TOTALS,0.1,NAICS CLASSIFICATION: (11142),CROP TOTALS,CENSUS,"CROP TOTALS - SALES, MEASURED IN $",SALES,ALL CLASSES,00000000,STATE,,,2024-07-02 12:00:00.000,,ALL PRODUCTION PRACTICES,CROPS,9000,ALASKA,,02,,00,,00,"19,920,000",AK,ALASKA,YEAR,02,,UNITED STATES,,$,2022,,NAICS CLASSIFICATION,ALL UTILIZATION PRACTICES,,ANNUAL
CROP TOTALS,0.4,NAICS CLASSIFICATION: (11142),CROP TOTALS,CENSUS,"CROP TOTALS - SALES, MEASURED IN $",SALES,ALL CLASSES,00000000,STATE,,,2018-02-01 00:00:00.000,,ALL PRODUCTION PRACTICES,CROPS,9000,ALASKA,,02,,00,,00,"15,738,000",AK,ALASKA,YEAR,02,,UNITED STATES,,$,2017,,NAICS CLASSIFICATION,ALL UTILIZATION PRACTICES,,ANNUAL
CROP TOTALS,0.3,NAICS CLASSIFICATION: (11142),CROP TOTALS,CENSUS,"CROP TOTALS - SALES, MEASURED IN $",SALES,ALL CLASSES,00000000,STATE,,,2012-12-31 00:00:00.000,,ALL PRODUCTION PRACTICES,CROPS,9000,ALASKA,,02,,00,,00,"12,115,000",AK,ALASKA,YEAR,02,,UNITED STATES,,$,2012,,NAICS CLASSIFICATION,ALL UTILIZATION PRACTICES,,ANNUAL
CROP TOTALS,,NAICS CLASSIFICATION: (11142),CROP TOTALS,CENSUS,"CROP TOTALS - SALES, MEASURED IN $",SALES,ALL CLASSES,00000000,STATE,,,2012-01-01 00:00:00.000,,ALL PRODUCTION PRACTICES,CROPS,9000,ALASKA,,02,,00,,00,"15,193,000",AK,ALASKA,YEAR,02,,UNITED STATES,,$,2007,,NAICS CLASSIFICATION,ALL UTILIZATION PRACTICES,,ANNUAL
CROP TOTALS,,NAICS CLASSIFICATION: (11142),CROP TOTALS,CENSUS,"CROP TOTALS - SALES, MEASURED IN $",SALES,ALL CLASSES,00000000,STATE,,,2012-01-01 00:00:00.000,,ALL PRODUCTION PRACTICES,CROPS,9000,ALASKA,,02,,00,,00,                 (D),AK,ALASKA,YEAR,02,,UNITED STATES,,$,2002,,NAICS CLASSIFICATION,ALL UTILIZATION PRACTICES,,ANNUAL
CROP TOTALS,0.6,NAICS CLASSIFICATION: (111421),CROP TOTALS,CENSUS,"CROP TOTALS - SALES, MEASURED IN $",SALES,ALL CLASSES,00000000,STATE,,,2024-07-02 12:00:00.000,,ALL PRODUCTION PRACTICES,CROPS,9000,ALASKA,,02,,00,,00,"2,178,000",AK,ALASKA,YEAR,02,,UNITED STATES,,$,2022,,NAICS CLASSIFICATION,ALL UTILIZATION PRACTICES,,ANNUAL
CROP TOTALS,0.8,NAICS CLASSIFICATION: (111421),CROP TOTALS,CENSUS,"CROP TOTALS - SALES, MEASURED IN $",SALES,ALL CLASSES,00000000,STATE,,,2018-02-01 00:00:00.000,,ALL PRODUCTION PRACTICES,CROPS,9000,ALASKA,,02,,00,,00,"1,524,000",AK,ALASKA,YEAR,02,,UNITED STATES,,$,2017,,NAICS CLASSIFICATION,ALL UTILIZATION PRACTICES,,ANNUAL
CROP TOTALS,1.4,NAICS CLASSIFICATION: (111421),CROP TOTALS,CENSUS,"CROP TOTALS - SALES, MEASURED IN $",SALES,ALL CLASSES,00000000,STATE,,,2012-12-31 00:00:00.000,,ALL PRODUCTION PRACTICES,CROPS,9000,ALASKA,,02,,00,,00,"1,486,000",AK,ALASKA,YEAR,02,,UNITED STATES,,$,2012,,NAICS CLASSIFICATION,ALL UTILIZATION PRACTICES,,ANNUAL
CROP TOTALS,,NAICS CLASSIFICATION: (111421),CROP TOTALS,CENSUS,"CROP TOTALS - SALES, MEASURED IN $",SALES,ALL CLASSES,00000000,STATE,,,2012-01-01 00:00:00.000,,ALL PRODUCTION PRACTICES,CROPS,9000,ALASKA,,02,,00,,00,                 (D),AK,ALASKA,YEAR,02,,UNITED STATES,,$,2007,,NAICS CLASSIFICATION,ALL UTILIZATION PRACTICES,,ANNUAL
CROP TOTALS,,NAICS CLASSIFICATION: (111421),CROP TOTALS,CENSUS,"CROP TOTALS - SALES, MEASURED IN $",SALES,ALL CLASSES,00000000,STATE,,,2012-01-01 00:00:00.000,,ALL PRODUCTION PRACTICES,CROPS,9000,ALASKA,,02,,00,,00,"1,338,000",AK,ALASKA,YEAR,02,,UNITED STATES,,$,2002,,NAICS CLASSIFICATION,ALL UTILIZATION PRACTICES,,ANNUAL
CROP TOTALS,(L),NAICS CLASSIFICATION: (111422),CROP TOTALS,CENSUS,"CROP TOTALS - SALES, MEASURED IN $",SALES,ALL CLASSES,00000000,STATE,,,2024-07-02 12:00:00.000,,ALL PRODUCTION PRACTICES,CROPS,9000,ALASKA,,02,,00,,00,"17,742,000",AK,ALASKA,YEAR,02,,UNITED STATES,,$,2022,,NAICS CLASSIFICATION,ALL UTILIZATION PRACTICES,,ANNUAL
CROP TOTALS,0.4,NAICS CLASSIFICATION: (111422),CROP TOTALS,CENSUS,"CROP TOTALS - SALES, MEASURED IN $",SALES,ALL CLASSES,00000000,STATE,,,2018-02-01 00:00:00.000,,ALL PRODUCTION PRACTICES,CROPS,9000,ALASKA,,02,,00,,00,"14,214,000",AK,ALASKA,YEAR,02,,UNITED STATES,,$,2017,,NAICS CLASSIFICATION,ALL UTILIZATION PRACTICES,,ANNUAL
CROP TOTALS,0.2,NAICS CLASSIFICATION: (111422),CROP TOTALS,CENSUS,"CROP TOTALS - SALES, MEASURED IN $",SALES,ALL CLASSES,00000000,STATE,,,2012-12-31 00:00:00.000,,ALL PRODUCTION PRACTICES,CROPS,9000,ALASKA,,02,,00,,00,"10,628,000",AK,ALASKA,YEAR,02,,UNITED STATES,,$,2012,,NAICS CLASSIFICATION,ALL UTILIZATION PRACTICES,,ANNUAL
CROP TOTALS,,NAICS CLASSIFICATION: (111422),CROP TOTALS,CENSUS,"CROP TOTALS - SALES, MEASURED IN $",SALES,ALL CLASSES,00000000,STATE,,,2012-01-01 00:00:00.000,,ALL PRODUCTION PRACTICES,CROPS,9000,ALASKA,,02,,00,,00,                 (D),AK,ALASKA,YEAR,02,,UNITED STATES,,$,2007,,NAICS CLASSIFICATION,ALL UTILIZATION PRACTICES,,ANNUAL
CROP TOTALS,,NAICS CLASSIFICATION: (111422),CROP TOTALS,CENSUS,"CROP TOTALS - SALES, MEASURED IN $",SALES,ALL CLASSES,00000000,STATE,,,2012-01-01 00:00:00.000,,ALL PRODUCTION PRACTICES,CROPS,9000,ALASKA,,02,,00,,00,                 (D),AK,ALASKA,YEAR,02,,UNITED STATES,,$,2002,,NAICS CLASSIFICATION,ALL UTILIZATION PRACTICES,,ANNUAL
CROP TOTALS,(L),NAICS CLASSIFICATION: (1119),CROP TOTALS,CENSUS,"CROP TOTALS - SALES, MEASURED IN $",SALES,ALL CLASSES,00000000,STATE,,,2024-07-02 12:00:00.000,,ALL PRODUCTION PRACTICES,CROPS,9000,ALASKA,,02,,00,,00,"8,831,000",AK,ALASKA,YEAR,02,,UNITED STATES,,$,2022,,NAICS CLASSIFICATION,ALL UTILIZATION PRACTICES,,ANNUAL
CROP TOTALS,(D),NAICS CLASSIFICATION: (1119),CROP TOTALS,CENSUS,"CROP TOTALS - SALES, MEASURED IN $",SALES,ALL CLASSES,00000000,STATE,,,2018-02-01 00:00:00.000,,ALL PRODUCTION PRACTICES,CROPS,9000,ALASKA,,02,,00,,00,                 (D),AK,ALASKA,YEAR,02,,UNITED STATES,,$,2017,,NAICS CLASSIFICATION,ALL UTILIZATION PRACTICES,,ANNUAL
CROP TOTALS,(D),NAICS CLASSIFICATION: (1119),CROP TOTALS,CENSUS,"CROP TOTALS - SALES, MEASURED IN $",SALES,ALL CLASSES,00000000,STATE,,,2012-12-31 00:00:00.000,,ALL PRODUCTION PRACTICES,CROPS,9000,ALASKA,,02,,00,,00,                 (D),AK,ALASKA,YEAR,02,,UNITED STATES,,$,2012,,NAICS CLASSIFICATION,ALL UTILIZATION PRACTICES,,ANNUAL
CROP TOTALS,,NAICS CLASSIFICATION: (1119),CROP TOTALS,CENSUS,"CROP TOTALS - SALES, MEASURED IN $",SALES,ALL CLASSES,00000000,STATE,,,2012-01-01 00:00:00.000,,ALL PRODUCTION PRACTICES,CROPS,9000,ALASKA,,02,,00,,00,"4,112,000",AK,ALASKA,YEAR,02,,UNITED STATES,,$,2007,,NAICS CLASSIFICATION,ALL UTILIZATION PRACTICES,,ANNUAL
CROP TOTALS,,NAICS CLASSIFICATION: (1119),CROP TOTALS,CENSUS,"CROP TOTALS - SALES, MEASURED IN $",SALES,ALL CLASSES,00000000,STATE,,,2012-01-01 00:00:00.000,,ALL PRODUCTION PRACTICES,CROPS,9000,ALASKA,,02,,00,,00,"2,883,000",AK,ALASKA,YEAR,02,,UNITED STATES,,$,2002,,NAICS CLASSIFICATION,ALL UTILIZATION PRACTICES,,ANNUAL
CROP TOTALS,(L),NAICS CLASSIFICATION: (11194),CROP TOTALS,CENSUS,"CROP TOTALS - SALES, MEASURED IN $",SALES,ALL CLASSES,00000000,STATE,,,2024-07-02 12:00:00.000,,ALL PRODUCTION PRACTICES,CROPS,9000,ALASKA,,02,,00,,00,"8,380,000",AK,ALASKA,YEAR,02,,UNITED STATES,,$,2022,,NAICS CLASSIFICATION,ALL UTILIZATION PRACTICES,,ANNUAL
CROP TOTALS,(D),NAICS CLASSIFICATION: (11194),CROP TOTALS,CENSUS,"CROP TOTALS - SALES, MEASURED IN $",SALES,ALL CLASSES,00000000,STATE,,,2018-02-01 00:00:00.000,,ALL PRODUCTION PRACTICES,CROPS,9000,ALASKA,,02,,00,,00,                 (D),AK,ALASKA,YEAR,02,,UNITED STATES,,$,2017,,NAICS CLASSIFICATION,ALL UTILIZATION PRACTICES,,ANNUAL
CROP TOTALS,(D),NAICS CLASSIFICATION: (11194),CROP TOTALS,CENSUS,"CROP TOTALS - SALES, MEASURED IN $",SALES,ALL CLASSES,00000000,STATE,,,2012-12-31 00:00:00.000,,ALL PRODUCTION PRACTICES,CROPS,9000,ALASKA,,02,,00,,00,                 (D),AK,ALASKA,YEAR,02,,UNITED STATES,,$,2012,,NAICS CLASSIFICATION,ALL UTILIZATION PRACTICES,,ANNUAL
CROP TOTALS,,NAICS CLASSIFICATION: (11194),CROP TOTALS,CENSUS,"CROP TOTALS - SALES, MEASURED IN $",SALES,ALL CLASSES,00000000,STATE,,,2012-01-01 00:00:00.000,,ALL PRODUCTION PRACTICES,CROPS,9000,ALASKA,,02,,00,,00,                 (D),AK,ALASKA,YEAR,02,,UNITED STATES,,$,2007,,NAICS CLASSIFICATION,ALL UTILIZATION PRACTICES,,ANNUAL
CROP TOTALS,,NAICS CLASSIFICATION: (11194),CROP TOTALS,CENSUS,"CROP TOTALS - SALES, MEASURED IN $",SALES,ALL CLASSES,00000000,STATE,,,2012-01-01 00:00:00.000,,ALL PRODUCTION PRACTICES,CROPS,9000,ALASKA,,02,,00,,00,                 (D),AK,ALASKA,YEAR,02,,UNITED STATES,,$,2002,,NAICS CLASSIFICATION,ALL UTILIZATION PRACTICES,,ANNUAL
CROP TOTALS,(L),NAICS CLASSIFICATION: (11199),CROP TOTALS,CENSUS,"CROP TOTALS - SALES, MEASURED IN $",SALES,ALL CLASSES,00000000,STATE,,,2024-07-02 12:00:00.000,,ALL PRODUCTION PRACTICES,CROPS,9000,ALASKA,,02,,00,,00,"452,000",AK,ALASKA,YEAR,02,,UNITED STATES,,$,2022,,NAICS CLASSIFICATION,ALL UTILIZATION PRACTICES,,ANNUAL
CROP TOTALS,(D),NAICS CLASSIFICATION: (11199),CROP TOTALS,CENSUS,"CROP TOTALS - SALES, MEASURED IN $",SALES,ALL CLASSES,00000000,STATE,,,2018-02-01 00:00:00.000,,ALL PRODUCTION PRACTICES,CROPS,9000,ALASKA,,02,,00,,00,                 (D),AK,ALASKA,YEAR,02,,UNITED STATES,,$,2017,,NAICS CLASSIFICATION,ALL UTILIZATION PRACTICES,,ANNUAL
CROP TOTALS,1.8,NAICS CLASSIFICATION: (11199),CROP TOTALS,CENSUS,"CROP TOTALS - SALES, MEASURED IN $",SALES,ALL CLASSES,00000000,STATE,,,2012-12-31 00:00:00.000,,ALL PRODUCTION PRACTICES,CROPS,9000,ALASKA,,02,,00,,00,"290,000",AK,ALASKA,YEAR,02,,UNITED STATES,,$,2012,,NAICS CLASSIFICATION,ALL UTILIZATION PRACTICES,,ANNUAL
CROP TOTALS,,NAICS CLASSIFICATION: (11199),CROP TOTALS,CENSUS,"CROP TOTALS - SALES, MEASURED IN $",SALES,ALL CLASSES,00000000,STATE,,,2012-01-01 00:00:00.000,,ALL PRODUCTION PRACTICES,CROPS,9000,ALASKA,,02,,00,,00,                 (D),AK,ALASKA,YEAR,02,,UNITED STATES,,$,2007,,NAICS CLASSIFICATION,ALL UTILIZATION PRACTICES,,ANNUAL
CROP TOTALS,,NAICS CLASSIFICATION: (11199),CROP TOTALS,CENSUS,"CROP TOTALS - SALES, MEASURED IN $",SALES,ALL CLASSES,00000000,STATE,,,2012-01-01 00:00:00.000,,ALL PRODUCTION PRACTICES,CROPS,9000,ALASKA,,02,,00,,00,                 (D),AK,ALASKA,YEAR,02,,UNITED STATES,,$,2002,,NAICS CLASSIFICATION,ALL UTILIZATION PRACTICES,,ANNUAL
CROP TOTALS,(D),NAICS CLASSIFICATION: (112),CROP TOTALS,CENSUS,"CROP TOTALS - SALES, MEASURED IN $",SALES,ALL CLASSES,00000000,STATE,,,2024-07-02 12:00:00.000,,ALL PRODUCTION PRACTICES,CROPS,9000,ALASKA,,02,,00,,00,                 (D),AK,ALASKA,YEAR,02,,UNITED STATES,,$,2022,,NAICS CLASSIFICATION,ALL UTILIZATION PRACTICES,,ANNUAL
CROP TOTALS,0.4,NAICS CLASSIFICATION: (112),CROP TOTALS,CENSUS,"CROP TOTALS - SALES, MEASURED IN $",SALES,ALL CLASSES,00000000,STATE,,,2018-02-01 00:00:00.000,,ALL PRODUCTION PRACTICES,CROPS,9000,ALASKA,,02,,00,,00,"515,000",AK,ALASKA,YEAR,02,,UNITED STATES,,$,2017,,NAICS CLASSIFICATION,ALL UTILIZATION PRACTICES,,ANNUAL
CROP TOTALS,3.5,NAICS CLASSIFICATION: (112),CROP TOTALS,CENSUS,"CROP TOTALS - SALES, MEASURED IN $",SALES,ALL CLASSES,00000000,STATE,,,2012-12-31 00:00:00.000,,ALL PRODUCTION PRACTICES,CROPS,9000,ALASKA,,02,,00,,00,"302,000",AK,ALASKA,YEAR,02,,UNITED STATES,,$,2012,,NAICS CLASSIFICATION,ALL UTILIZATION PRACTICES,,ANNUAL
CROP TOTALS,,NAICS CLASSIFICATION: (112),CROP TOTALS,CENSUS,"CROP TOTALS - SALES, MEASURED IN $",SALES,ALL CLASSES,00000000,STATE,,,2012-01-01 00:00:00.000,,ALL PRODUCTION PRACTICES,CROPS,9000,ALASKA,,02,,00,,00,"242,000",AK,ALASKA,YEAR,02,,UNITED STATES,,$,2007,,NAICS CLASSIFICATION,ALL UTILIZATION PRACTICES,,ANNUAL
CROP TOTALS,,NAICS CLASSIFICATION: (112),CROP TOTALS,CENSUS,"CROP TOTALS - SALES, MEASURED IN $",SALES,ALL CLASSES,00000000,STATE,,,2012-01-01 00:00:00.000,,ALL PRODUCTION PRACTICES,CROPS,9000,ALASKA,,02,,00,,00,"55,000",AK,ALASKA,YEAR,02,,UNITED STATES,,$,2002,,NAICS CLASSIFICATION,ALL UTILIZATION PRACTICES,,ANNUAL
CROP TOTALS,(D),NAICS CLASSIFICATION: (1121),CROP TOTALS,CENSUS,"CROP TOTALS - SALES, MEASURED IN $",SALES,ALL CLASSES,00000000,STATE,,,2024-07-02 12:00:00.000,,ALL PRODUCTION PRACTICES,CROPS,9000,ALASKA,,02,,00,,00,                 (D),AK,ALASKA,YEAR,02,,UNITED STATES,,$,2022,,NAICS CLASSIFICATION,ALL UTILIZATION PRACTICES,,ANNUAL
CROP TOTALS,(L),NAICS CLASSIFICATION: (1121),CROP TOTALS,CENSUS,"CROP TOTALS - SALES, MEASURED IN $",SALES,ALL CLASSES,00000000,STATE,,,2018-02-01 00:00:00.000,,ALL PRODUCTION PRACTICES,CROPS,9000,ALASKA,,02,,00,,00,"228,000",AK,ALASKA,YEAR,02,,UNITED STATES,,$,2017,,NAICS CLASSIFICATION,ALL UTILIZATION PRACTICES,,ANNUAL
CROP TOTALS,(D),NAICS CLASSIFICATION: (1121),CROP TOTALS,CENSUS,"CROP TOTALS - SALES, MEASURED IN $",SALES,ALL CLASSES,00000000,STATE,,,2012-12-31 00:00:00.000,,ALL PRODUCTION PRACTICES,CROPS,9000,ALASKA,,02,,00,,00,                 (D),AK,ALASKA,YEAR,02,,UNITED STATES,,$,2012,,NAICS CLASSIFICATION,ALL UTILIZATION PRACTICES,,ANNUAL
CROP TOTALS,,NAICS CLASSIFICATION: (1121),CROP TOTALS,CENSUS,"CROP TOTALS - SALES, MEASURED IN $",SALES,ALL CLASSES,00000000,STATE,,,2012-01-01 00:00:00.000,,ALL PRODUCTION PRACTICES,CROPS,9000,ALASKA,,02,,00,,00,                 (D),AK,ALASKA,YEAR,02,,UNITED STATES,,$,2007,,NAICS CLASSIFICATION,ALL UTILIZATION PRACTICES,,ANNUAL
CROP TOTALS,,NAICS CLASSIFICATION: (1121),CROP TOTALS,CENSUS,"CROP TOTALS - SALES, MEASURED IN $",SALES,ALL CLASSES,00000000,STATE,,,2012-01-01 00:00:00.000,,ALL PRODUCTION PRACTICES,CROPS,9000,ALASKA,,02,,00,,00,"48,000",AK,ALASKA,YEAR,02,,UNITED STATES,,$,2002,,NAICS CLASSIFICATION,ALL UTILIZATION PRACTICES,,ANNUAL
CROP TOTALS,(D),NAICS CLASSIFICATION: (11211),CROP TOTALS,CENSUS,"CROP TOTALS - SALES, MEASURED IN $",SALES,ALL CLASSES,00000000,STATE,,,2024-07-02 12:00:00.000,,ALL PRODUCTION PRACTICES,CROPS,9000,ALASKA,,02,,00,,00,                 (D),AK,ALASKA,YEAR,02,,UNITED STATES,,$,2022,,NAICS CLASSIFICATION,ALL UTILIZATION PRACTICES,,ANNUAL
CROP TOTALS,(D),NAICS CLASSIFICATION: (11211),CROP TOTALS,CENSUS,"CROP TOTALS - SALES, MEASURED IN $",SALES,ALL CLASSES,00000000,STATE,,,2018-02-01 00:00:00.000,,ALL PRODUCTION PRACTICES,CROPS,9000,ALASKA,,02,,00,,00,                 (D),AK,ALASKA,YEAR,02,,UNITED STATES,,$,2017,,NAICS CLASSIFICATION,ALL UTILIZATION PRACTICES,,ANNUAL
CROP TOTALS,(D),NAICS CLASSIFICATION: (11211),CROP TOTALS,CENSUS,"CROP TOTALS - SALES, MEASURED IN $",SALES,ALL CLASSES,00000000,STATE,,,2012-12-31 00:00:00.000,,ALL PRODUCTION PRACTICES,CROPS,9000,ALASKA,,02,,00,,00,                 (D),AK,ALASKA,YEAR,02,,UNITED STATES,,$,2012,,NAICS CLASSIFICATION,ALL UTILIZATION PRACTICES,,ANNUAL
CROP TOTALS,,NAICS CLASSIFICATION: (11211),CROP TOTALS,CENSUS,"CROP TOTALS - SALES, MEASURED IN $",SALES,ALL CLASSES,00000000,STATE,,,2012-01-01 00:00:00.000,,ALL PRODUCTION PRACTICES,CROPS,9000,ALASKA,,02,,00,,00,"78,000",AK,ALASKA,YEAR,02,,UNITED STATES,,$,2007,,NAICS CLASSIFICATION,ALL UTILIZATION PRACTICES,,ANNUAL
CROP TOTALS,,NAICS CLASSIFICATION: (11211),CROP TOTALS,CENSUS,"CROP TOTALS - SALES, MEASURED IN $",SALES,ALL CLASSES,00000000,STATE,,,2012-01-01 00:00:00.000,,ALL PRODUCTION PRACTICES,CROPS,9000,ALASKA,,02,,00,,00,                 (D),AK,ALASKA,YEAR,02,,UNITED STATES,,$,2002,,NAICS CLASSIFICATION,ALL UTILIZATION PRACTICES,,ANNUAL
CROP TOTALS,(D),NAICS CLASSIFICATION: (112111),CROP TOTALS,CENSUS,"CROP TOTALS - SALES, MEASURED IN $",SALES,ALL CLASSES,00000000,STATE,,,2024-07-02 12:00:00.000,,ALL PRODUCTION PRACTICES,CROPS,9000,ALASKA,,02,,00,,00,                 (D),AK,ALASKA,YEAR,02,,UNITED STATES,,$,2022,,NAICS CLASSIFICATION,ALL UTILIZATION PRACTICES,,ANNUAL
CROP TOTALS,(D),NAICS CLASSIFICATION: (112111),CROP TOTALS,CENSUS,"CROP TOTALS - SALES, MEASURED IN $",SALES,ALL CLASSES,00000000,STATE,,,2018-02-01 00:00:00.000,,ALL PRODUCTION PRACTICES,CROPS,9000,ALASKA,,02,,00,,00,                 (D),AK,ALASKA,YEAR,02,,UNITED STATES,,$,2017,,NAICS CLASSIFICATION,ALL UTILIZATION PRACTICES,,ANNUAL
CROP TOTALS,2.5,NAICS CLASSIFICATION: (112111),CROP TOTALS,CENSUS,"CROP TOTALS - SALES, MEASURED IN $",SALES,ALL CLASSES,00000000,STATE,,,2012-12-31 00:00:00.000,,ALL PRODUCTION PRACTICES,CROPS,9000,ALASKA,,02,,00,,00,"141,000",AK,ALASKA,YEAR,02,,UNITED STATES,,$,2012,,NAICS CLASSIFICATION,ALL UTILIZATION PRACTICES,,ANNUAL
CROP TOTALS,,NAICS CLASSIFICATION: (112111),CROP TOTALS,CENSUS,"CROP TOTALS - SALES, MEASURED IN $",SALES,ALL CLASSES,00000000,STATE,,,2012-01-01 00:00:00.000,,ALL PRODUCTION PRACTICES,CROPS,9000,ALASKA,,02,,00,,00,                 (D),AK,ALASKA,YEAR,02,,UNITED STATES,,$,2007,,NAICS CLASSIFICATION,ALL UTILIZATION PRACTICES,,ANNUAL
CROP TOTALS,,NAICS CLASSIFICATION: (112111),CROP TOTALS,CENSUS,"CROP TOTALS - SALES, MEASURED IN $",SALES,ALL CLASSES,00000000,STATE,,,2012-01-01 00:00:00.000,,ALL PRODUCTION PRACTICES,CROPS,9000,ALASKA,,02,,00,,00,                 (D),AK,ALASKA,YEAR,02,,UNITED STATES,,$,2002,,NAICS CLASSIFICATION,ALL UTILIZATION PRACTICES,,ANNUAL
CROP TOTALS,(D),NAICS CLASSIFICATION: (112112),CROP TOTALS,CENSUS,"CROP TOTALS - SALES, MEASURED IN $",SALES,ALL CLASSES,00000000,STATE,,,2024-07-02 12:00:00.000,,ALL PRODUCTION PRACTICES,CROPS,9000,ALASKA,,02,,00,,00,                 (D),AK,ALASKA,YEAR,02,,UNITED STATES,,$,2022,,NAICS CLASSIFICATION,ALL UTILIZATION PRACTICES,,ANNUAL
CROP TOTALS,(D),NAICS CLASSIFICATION: (112112),CROP TOTALS,CENSUS,"CROP TOTALS - SALES, MEASURED IN $",SALES,ALL CLASSES,00000000,STATE,,,2012-12-31 00:00:00.000,,ALL PRODUCTION PRACTICES,CROPS,9000,ALASKA,,02,,00,,00,                 (D),AK,ALASKA,YEAR,02,,UNITED STATES,,$,2012,,NAICS CLASSIFICATION,ALL UTILIZATION PRACTICES,,ANNUAL
CROP TOTALS,,NAICS CLASSIFICATION: (112112),CROP TOTALS,CENSUS,"CROP TOTALS - SALES, MEASURED IN $",SALES,ALL CLASSES,00000000,STATE,,,2012-01-01 00:00:00.000,,ALL PRODUCTION PRACTICES,CROPS,9000,ALASKA,,02,,00,,00,                 (D),AK,ALASKA,YEAR,02,,UNITED STATES,,$,2007,,NAICS CLASSIFICATION,ALL UTILIZATION PRACTICES,,ANNUAL
CROP TOTALS,(D),NAICS CLASSIFICATION: (11212),CROP TOTALS,CENSUS,"CROP TOTALS - SALES, MEASURED IN $",SALES,ALL CLASSES,00000000,STATE,,,2024-07-02 12:00:00.000,,ALL PRODUCTION PRACTICES,CROPS,9000,ALASKA,,02,,00,,00,                 (D),AK,ALASKA,YEAR,02,,UNITED STATES,,$,2022,,NAICS CLASSIFICATION,ALL UTILIZATION PRACTICES,,ANNUAL
CROP TOTALS,(D),NAICS CLASSIFICATION: (11212),CROP TOTALS,CENSUS,"CROP TOTALS - SALES, MEASURED IN $",SALES,ALL CLASSES,00000000,STATE,,,2018-02-01 00:00:00.000,,ALL PRODUCTION PRACTICES,CROPS,9000,ALASKA,,02,,00,,00,                 (D),AK,ALASKA,YEAR,02,,UNITED STATES,,$,2017,,NAICS CLASSIFICATION,ALL UTILIZATION PRACTICES,,ANNUAL
CROP TOTALS,(D),NAICS CLASSIFICATION: (11212),CROP TOTALS,CENSUS,"CROP TOTALS - SALES, MEASURED IN $",SALES,ALL CLASSES,00000000,STATE,,,2012-12-31 00:00:00.000,,ALL PRODUCTION PRACTICES,CROPS,9000,ALASKA,,02,,00,,00,                 (D),AK,ALASKA,YEAR,02,,UNITED STATES,,$,2012,,NAICS CLASSIFICATION,ALL UTILIZATION PRACTICES,,ANNUAL
CROP TOTALS,,NAICS CLASSIFICATION: (11212),CROP TOTALS,CENSUS,"CROP TOTALS - SALES, MEASURED IN $",SALES,ALL CLASSES,00000000,STATE,,,2012-01-01 00:00:00.000,,ALL PRODUCTION PRACTICES,CROPS,9000,ALASKA,,02,,00,,00,                 (D),AK,ALASKA,YEAR,02,,UNITED STATES,,$,2007,,NAICS CLASSIFICATION,ALL UTILIZATION PRACTICES,,ANNUAL
CROP TOTALS,,NAICS CLASSIFICATION: (11212),CROP TOTALS,CENSUS,"CROP TOTALS - SALES, MEASURED IN $",SALES,ALL CLASSES,00000000,STATE,,,2012-01-01 00:00:00.000,,ALL PRODUCTION PRACTICES,CROPS,9000,ALASKA,,02,,00,,00,                 (D),AK,ALASKA,YEAR,02,,UNITED STATES,,$,2002,,NAICS CLASSIFICATION,ALL UTILIZATION PRACTICES,,ANNUAL
CROP TOTALS,(D),NAICS CLASSIFICATION: (1122),CROP TOTALS,CENSUS,"CROP TOTALS - SALES, MEASURED IN $",SALES,ALL CLASSES,00000000,STATE,,,2024-07-02 12:00:00.000,,ALL PRODUCTION PRACTICES,CROPS,9000,ALASKA,,02,,00,,00,                 (D),AK,ALASKA,YEAR,02,,UNITED STATES,,$,2022,,NAICS CLASSIFICATION,ALL UTILIZATION PRACTICES,,ANNUAL
CROP TOTALS,(D),NAICS CLASSIFICATION: (1122),CROP TOTALS,CENSUS,"CROP TOTALS - SALES, MEASURED IN $",SALES,ALL CLASSES,00000000,STATE,,,2018-02-01 00:00:00.000,,ALL PRODUCTION PRACTICES,CROPS,9000,ALASKA,,02,,00,,00,                 (D),AK,ALASKA,YEAR,02,,UNITED STATES,,$,2017,,NAICS CLASSIFICATION,ALL UTILIZATION PRACTICES,,ANNUAL
CROP TOTALS,(D),NAICS CLASSIFICATION: (1122),CROP TOTALS,CENSUS,"CROP TOTALS - SALES, MEASURED IN $",SALES,ALL CLASSES,00000000,STATE,,,2012-12-31 00:00:00.000,,ALL PRODUCTION PRACTICES,CROPS,9000,ALASKA,,02,,00,,00,                 (D),AK,ALASKA,YEAR,02,,UNITED STATES,,$,2012,,NAICS CLASSIFICATION,ALL UTILIZATION PRACTICES,,ANNUAL
CROP TOTALS,,NAICS CLASSIFICATION: (1122),CROP TOTALS,CENSUS,"CROP TOTALS - SALES, MEASURED IN $",SALES,ALL CLASSES,00000000,STATE,,,2012-01-01 00:00:00.000,,ALL PRODUCTION PRACTICES,CROPS,9000,ALASKA,,02,,00,,00,                 (D),AK,ALASKA,YEAR,02,,UNITED STATES,,$,2007,,NAICS CLASSIFICATION,ALL UTILIZATION PRACTICES,,ANNUAL
CROP TOTALS,,NAICS CLASSIFICATION: (1122),CROP TOTALS,CENSUS,"CROP TOTALS - SALES, MEASURED IN $",SALES,ALL CLASSES,00000000,STATE,,,2012-01-01 00:00:00.000,,ALL PRODUCTION PRACTICES,CROPS,9000,ALASKA,,02,,00,,00,                 (D),AK,ALASKA,YEAR,02,,UNITED STATES,,$,2002,,NAICS CLASSIFICATION,ALL UTILIZATION PRACTICES,,ANNUAL
CROP TOTALS,(L),NAICS CLASSIFICATION: (1123),CROP TOTALS,CENSUS,"CROP TOTALS - SALES, MEASURED IN $",SALES,ALL CLASSES,00000000,STATE,,,2024-07-02 12:00:00.000,,ALL PRODUCTION PRACTICES,CROPS,9000,ALASKA,,02,,00,,00,"10,000",AK,ALASKA,YEAR,02,,UNITED STATES,,$,2022,,NAICS CLASSIFICATION,ALL UTILIZATION PRACTICES,,ANNUAL
CROP TOTALS,(D),NAICS CLASSIFICATION: (1123),CROP TOTALS,CENSUS,"CROP TOTALS - SALES, MEASURED IN $",SALES,ALL CLASSES,00000000,STATE,,,2018-02-01 00:00:00.000,,ALL PRODUCTION PRACTICES,CROPS,9000,ALASKA,,02,,00,,00,                 (D),AK,ALASKA,YEAR,02,,UNITED STATES,,$,2017,,NAICS CLASSIFICATION,ALL UTILIZATION PRACTICES,,ANNUAL
CROP TOTALS,(D),NAICS CLASSIFICATION: (1123),CROP TOTALS,CENSUS,"CROP TOTALS - SALES, MEASURED IN $",SALES,ALL CLASSES,00000000,STATE,,,2012-12-31 00:00:00.000,,ALL PRODUCTION PRACTICES,CROPS,9000,ALASKA,,02,,00,,00,                 (D),AK,ALASKA,YEAR,02,,UNITED STATES,,$,2012,,NAICS CLASSIFICATION,ALL UTILIZATION PRACTICES,,ANNUAL
CROP TOTALS,,NAICS CLASSIFICATION: (1123),CROP TOTALS,CENSUS,"CROP TOTALS - SALES, MEASURED IN $",SALES,ALL CLASSES,00000000,STATE,,,2012-01-01 00:00:00.000,,ALL PRODUCTION PRACTICES,CROPS,9000,ALASKA,,02,,00,,00,                 (D),AK,ALASKA,YEAR,02,,UNITED STATES,,$,2007,,NAICS CLASSIFICATION,ALL UTILIZATION PRACTICES,,ANNUAL
CROP TOTALS,(L),NAICS CLASSIFICATION: (11231),CROP TOTALS,CENSUS,"CROP TOTALS - SALES, MEASURED IN $",SALES,ALL CLASSES,00000000,STATE,,,2024-07-02 12:00:00.000,,ALL PRODUCTION PRACTICES,CROPS,9000,ALASKA,,02,,00,,00,"6,000",AK,ALASKA,YEAR,02,,UNITED STATES,,$,2022,,NAICS CLASSIFICATION,ALL UTILIZATION PRACTICES,,ANNUAL
CROP TOTALS,(D),NAICS CLASSIFICATION: (11231),CROP TOTALS,CENSUS,"CROP TOTALS - SALES, MEASURED IN $",SALES,ALL CLASSES,00000000,STATE,,,2012-12-31 00:00:00.000,,ALL PRODUCTION PRACTICES,CROPS,9000,ALASKA,,02,,00,,00,                 (D),AK,ALASKA,YEAR,02,,UNITED STATES,,$,2012,,NAICS CLASSIFICATION,ALL UTILIZATION PRACTICES,,ANNUAL
CROP TOTALS,,NAICS CLASSIFICATION: (11231),CROP TOTALS,CENSUS,"CROP TOTALS - SALES, MEASURED IN $",SALES,ALL CLASSES,00000000,STATE,,,2012-01-01 00:00:00.000,,ALL PRODUCTION PRACTICES,CROPS,9000,ALASKA,,02,,00,,00,                 (D),AK,ALASKA,YEAR,02,,UNITED STATES,,$,2007,,NAICS CLASSIFICATION,ALL UTILIZATION PRACTICES,,ANNUAL
CROP TOTALS,,NAICS CLASSIFICATION: (11233),CROP TOTALS,CENSUS,"CROP TOTALS - SALES, MEASURED IN $",SALES,ALL CLASSES,00000000,STATE,,,2012-01-01 00:00:00.000,,ALL PRODUCTION PRACTICES,CROPS,9000,ALASKA,,02,,00,,00,                 (D),AK,ALASKA,YEAR,02,,UNITED STATES,,$,2007,,NAICS CLASSIFICATION,ALL UTILIZATION PRACTICES,,ANNUAL
CROP TOTALS,(L),NAICS CLASSIFICATION: (11239),CROP TOTALS,CENSUS,"CROP TOTALS - SALES, MEASURED IN $",SALES,ALL CLASSES,00000000,STATE,,,2024-07-02 12:00:00.000,,ALL PRODUCTION PRACTICES,CROPS,9000,ALASKA,,02,,00,,00,"4,000",AK,ALASKA,YEAR,02,,UNITED STATES,,$,2022,,NAICS CLASSIFICATION,ALL UTILIZATION PRACTICES,,ANNUAL
CROP TOTALS,(D),NAICS CLASSIFICATION: (11239),CROP TOTALS,CENSUS,"CROP TOTALS - SALES, MEASURED IN $",SALES,ALL CLASSES,00000000,STATE,,,2018-02-01 00:00:00.000,,ALL PRODUCTION PRACTICES,CROPS,9000,ALASKA,,02,,00,,00,                 (D),AK,ALASKA,YEAR,02,,UNITED STATES,,$,2017,,NAICS CLASSIFICATION,ALL UTILIZATION PRACTICES,,ANNUAL
CROP TOTALS,(D),NAICS CLASSIFICATION: (11239),CROP TOTALS,CENSUS,"CROP TOTALS - SALES, MEASURED IN $",SALES,ALL CLASSES,00000000,STATE,,,2012-12-31 00:00:00.000,,ALL PRODUCTION PRACTICES,CROPS,9000,ALASKA,,02,,00,,00,                 (D),AK,ALASKA,YEAR,02,,UNITED STATES,,$,2012,,NAICS CLASSIFICATION,ALL UTILIZATION PRACTICES,,ANNUAL
CROP TOTALS,(D),NAICS CLASSIFICATION: (1124),CROP TOTALS,CENSUS,"CROP TOTALS - SALES, MEASURED IN $",SALES,ALL CLASSES,00000000,STATE,,,2024-07-02 12:00:00.000,,ALL PRODUCTION PRACTICES,CROPS,9000,ALASKA,,02,,00,,00,                 (D),AK,ALASKA,YEAR,02,,UNITED STATES,,$,2022,,NAICS CLASSIFICATION,ALL UTILIZATION PRACTICES,,ANNUAL
CROP TOTALS,(L),NAICS CLASSIFICATION: (1124),CROP TOTALS,CENSUS,"CROP TOTALS - SALES, MEASURED IN $",SALES,ALL CLASSES,00000000,STATE,,,2018-02-01 00:00:00.000,,ALL PRODUCTION PRACTICES,CROPS,9000,ALASKA,,02,,00,,00,"14,000",AK,ALASKA,YEAR,02,,UNITED STATES,,$,2017,,NAICS CLASSIFICATION,ALL UTILIZATION PRACTICES,,ANNUAL
CROP TOTALS,(L),NAICS CLASSIFICATION: (1124),CROP TOTALS,CENSUS,"CROP TOTALS - SALES, MEASURED IN $",SALES,ALL CLASSES,00000000,STATE,,,2012-12-31 00:00:00.000,,ALL PRODUCTION PRACTICES,CROPS,9000,ALASKA,,02,,00,,00,"12,000",AK,ALASKA,YEAR,02,,UNITED STATES,,$,2012,,NAICS CLASSIFICATION,ALL UTILIZATION PRACTICES,,ANNUAL
CROP TOTALS,,NAICS CLASSIFICATION: (1124),CROP TOTALS,CENSUS,"CROP TOTALS - SALES, MEASURED IN $",SALES,ALL CLASSES,00000000,STATE,,,2012-01-01 00:00:00.000,,ALL PRODUCTION PRACTICES,CROPS,9000,ALASKA,,02,,00,,00,                 (D),AK,ALASKA,YEAR,02,,UNITED STATES,,$,2007,,NAICS CLASSIFICATION,ALL UTILIZATION PRACTICES,,ANNUAL
CROP TOTALS,(D),NAICS CLASSIFICATION: (11241),CROP TOTALS,CENSUS,"CROP TOTALS - SALES, MEASURED IN $",SALES,ALL CLASSES,00000000,STATE,,,2024-07-02 12:00:00.000,,ALL PRODUCTION PRACTICES,CROPS,9000,ALASKA,,02,,00,,00,                 (D),AK,ALASKA,YEAR,02,,UNITED STATES,,$,2022,,NAICS CLASSIFICATION,ALL UTILIZATION PRACTICES,,ANNUAL
CROP TOTALS,(D),NAICS CLASSIFICATION: (11241),CROP TOTALS,CENSUS,"CROP TOTALS - SALES, MEASURED IN $",SALES,ALL CLASSES,00000000,STATE,,,2018-02-01 00:00:00.000,,ALL PRODUCTION PRACTICES,CROPS,9000,ALASKA,,02,,00,,00,                 (D),AK,ALASKA,YEAR,02,,UNITED STATES,,$,2017,,NAICS CLASSIFICATION,ALL UTILIZATION PRACTICES,,ANNUAL
CROP TOTALS,,NAICS CLASSIFICATION: (11241),CROP TOTALS,CENSUS,"CROP TOTALS - SALES, MEASURED IN $",SALES,ALL CLASSES,00000000,STATE,,,2012-01-01 00:00:00.000,,ALL PRODUCTION PRACTICES,CROPS,9000,ALASKA,,02,,00,,00,                 (D),AK,ALASKA,YEAR,02,,UNITED STATES,,$,2007,,NAICS CLASSIFICATION,ALL UTILIZATION PRACTICES,,ANNUAL
CROP TOTALS,(D),NAICS CLASSIFICATION: (11242),CROP TOTALS,CENSUS,"CROP TOTALS - SALES, MEASURED IN $",SALES,ALL CLASSES,00000000,STATE,,,2018-02-01 00:00:00.000,,ALL PRODUCTION PRACTICES,CROPS,9000,ALASKA,,02,,00,,00,                 (D),AK,ALASKA,YEAR,02,,UNITED STATES,,$,2017,,NAICS CLASSIFICATION,ALL UTILIZATION PRACTICES,,ANNUAL
CROP TOTALS,(L),NAICS CLASSIFICATION: (11242),CROP TOTALS,CENSUS,"CROP TOTALS - SALES, MEASURED IN $",SALES,ALL CLASSES,00000000,STATE,,,2012-12-31 00:00:00.000,,ALL PRODUCTION PRACTICES,CROPS,9000,ALASKA,,02,,00,,00,"12,000",AK,ALASKA,YEAR,02,,UNITED STATES,,$,2012,,NAICS CLASSIFICATION,ALL UTILIZATION PRACTICES,,ANNUAL
CROP TOTALS,(D),NAICS CLASSIFICATION: (1129),CROP TOTALS,CENSUS,"CROP TOTALS - SALES, MEASURED IN $",SALES,ALL CLASSES,00000000,STATE,,,2024-07-02 12:00:00.000,,ALL PRODUCTION PRACTICES,CROPS,9000,ALASKA,,02,,00,,00,                 (D),AK,ALASKA,YEAR,02,,UNITED STATES,,$,2022,,NAICS CLASSIFICATION,ALL UTILIZATION PRACTICES,,ANNUAL
CROP TOTALS,0.8,NAICS CLASSIFICATION: (1129),CROP TOTALS,CENSUS,"CROP TOTALS - SALES, MEASURED IN $",SALES,ALL CLASSES,00000000,STATE,,,2018-02-01 00:00:00.000,,ALL PRODUCTION PRACTICES,CROPS,9000,ALASKA,,02,,00,,00,"243,000",AK,ALASKA,YEAR,02,,UNITED STATES,,$,2017,,NAICS CLASSIFICATION,ALL UTILIZATION PRACTICES,,ANNUAL
CROP TOTALS,(D),NAICS CLASSIFICATION: (1129),CROP TOTALS,CENSUS,"CROP TOTALS - SALES, MEASURED IN $",SALES,ALL CLASSES,00000000,STATE,,,2012-12-31 00:00:00.000,,ALL PRODUCTION PRACTICES,CROPS,9000,ALASKA,,02,,00,,00,                 (D),AK,ALASKA,YEAR,02,,UNITED STATES,,$,2012,,NAICS CLASSIFICATION,ALL UTILIZATION PRACTICES,,ANNUAL
CROP TOTALS,,NAICS CLASSIFICATION: (1129),CROP TOTALS,CENSUS,"CROP TOTALS - SALES, MEASURED IN $",SALES,ALL CLASSES,00000000,STATE,,,2012-01-01 00:00:00.000,,ALL PRODUCTION PRACTICES,CROPS,9000,ALASKA,,02,,00,,00,"37,000",AK,ALASKA,YEAR,02,,UNITED STATES,,$,2007,,NAICS CLASSIFICATION,ALL UTILIZATION PRACTICES,,ANNUAL
CROP TOTALS,,NAICS CLASSIFICATION: (1129),CROP TOTALS,CENSUS,"CROP TOTALS - SALES, MEASURED IN $",SALES,ALL CLASSES,00000000,STATE,,,2012-01-01 00:00:00.000,,ALL PRODUCTION PRACTICES,CROPS,9000,ALASKA,,02,,00,,00,                 (D),AK,ALASKA,YEAR,02,,UNITED STATES,,$,2002,,NAICS CLASSIFICATION,ALL UTILIZATION PRACTICES,,ANNUAL
CROP TOTALS,(D),NAICS CLASSIFICATION: (11291),CROP TOTALS,CENSUS,"CROP TOTALS - SALES, MEASURED IN $",SALES,ALL CLASSES,00000000,STATE,,,2024-07-02 12:00:00.000,,ALL PRODUCTION PRACTICES,CROPS,9000,ALASKA,,02,,00,,00,                 (D),AK,ALASKA,YEAR,02,,UNITED STATES,,$,2022,,NAICS CLASSIFICATION,ALL UTILIZATION PRACTICES,,ANNUAL
CROP TOTALS,(D),NAICS CLASSIFICATION: (11291),CROP TOTALS,CENSUS,"CROP TOTALS - SALES, MEASURED IN $",SALES,ALL CLASSES,00000000,STATE,,,2018-02-01 00:00:00.000,,ALL PRODUCTION PRACTICES,CROPS,9000,ALASKA,,02,,00,,00,                 (D),AK,ALASKA,YEAR,02,,UNITED STATES,,$,2017,,NAICS CLASSIFICATION,ALL UTILIZATION PRACTICES,,ANNUAL
CROP TOTALS,(D),NAICS CLASSIFICATION: (11291),CROP TOTALS,CENSUS,"CROP TOTALS - SALES, MEASURED IN $",SALES,ALL CLASSES,00000000,STATE,,,2012-12-31 00:00:00.000,,ALL PRODUCTION PRACTICES,CROPS,9000,ALASKA,,02,,00,,00,                 (D),AK,ALASKA,YEAR,02,,UNITED STATES,,$,2012,,NAICS CLASSIFICATION,ALL UTILIZATION PRACTICES,,ANNUAL
CROP TOTALS,,NAICS CLASSIFICATION: (11291),CROP TOTALS,CENSUS,"CROP TOTALS - SALES, MEASURED IN $",SALES,ALL CLASSES,00000000,STATE,,,2012-01-01 00:00:00.000,,ALL PRODUCTION PRACTICES,CROPS,9000,ALASKA,,02,,00,,00,                 (D),AK,ALASKA,YEAR,02,,UNITED STATES,,$,2007,,NAICS CLASSIFICATION,ALL UTILIZATION PRACTICES,,ANNUAL
CROP TOTALS,,NAICS CLASSIFICATION: (11291),CROP TOTALS,CENSUS,"CROP TOTALS - SALES, MEASURED IN $",SALES,ALL CLASSES,00000000,STATE,,,2012-01-01 00:00:00.000,,ALL PRODUCTION PRACTICES,CROPS,9000,ALASKA,,02,,00,,00,                 (D),AK,ALASKA,YEAR,02,,UNITED STATES,,$,2002,,NAICS CLASSIFICATION,ALL UTILIZATION PRACTICES,,ANNUAL
CROP TOTALS,(D),NAICS CLASSIFICATION: (11292),CROP TOTALS,CENSUS,"CROP TOTALS - SALES, MEASURED IN $",SALES,ALL CLASSES,00000000,STATE,,,2024-07-02 12:00:00.000,,ALL PRODUCTION PRACTICES,CROPS,9000,ALASKA,,02,,00,,00,                 (D),AK,ALASKA,YEAR,02,,UNITED STATES,,$,2022,,NAICS CLASSIFICATION,ALL UTILIZATION PRACTICES,,ANNUAL
CROP TOTALS,(D),NAICS CLASSIFICATION: (11292),CROP TOTALS,CENSUS,"CROP TOTALS - SALES, MEASURED IN $",SALES,ALL CLASSES,00000000,STATE,,,2018-02-01 00:00:00.000,,ALL PRODUCTION PRACTICES,CROPS,9000,ALASKA,,02,,00,,00,                 (D),AK,ALASKA,YEAR,02,,UNITED STATES,,$,2017,,NAICS CLASSIFICATION,ALL UTILIZATION PRACTICES,,ANNUAL
CROP TOTALS,(D),NAICS CLASSIFICATION: (11292),CROP TOTALS,CENSUS,"CROP TOTALS - SALES, MEASURED IN $",SALES,ALL CLASSES,00000000,STATE,,,2012-12-31 00:00:00.000,,ALL PRODUCTION PRACTICES,CROPS,9000,ALASKA,,02,,00,,00,                 (D),AK,ALASKA,YEAR,02,,UNITED STATES,,$,2012,,NAICS CLASSIFICATION,ALL UTILIZATION PRACTICES,,ANNUAL
CROP TOTALS,,NAICS CLASSIFICATION: (11292),CROP TOTALS,CENSUS,"CROP TOTALS - SALES, MEASURED IN $",SALES,ALL CLASSES,00000000,STATE,,,2012-01-01 00:00:00.000,,ALL PRODUCTION PRACTICES,CROPS,9000,ALASKA,,02,,00,,00,                 (D),AK,ALASKA,YEAR,02,,UNITED STATES,,$,2007,,NAICS CLASSIFICATION,ALL UTILIZATION PRACTICES,,ANNUAL
CROP TOTALS,,NAICS CLASSIFICATION: (11292),CROP TOTALS,CENSUS,"CROP TOTALS - SALES, MEASURED IN $",SALES,ALL CLASSES,00000000,STATE,,,2012-01-01 00:00:00.000,,ALL PRODUCTION PRACTICES,CROPS,9000,ALASKA,,02,,00,,00,                 (D),AK,ALASKA,YEAR,02,,UNITED STATES,,$,2002,,NAICS CLASSIFICATION,ALL UTILIZATION PRACTICES,,ANNUAL
CROP TOTALS,,NAICS CLASSIFICATION: (11293),CROP TOTALS,CENSUS,"CROP TOTALS - SALES, MEASURED IN $",SALES,ALL CLASSES,00000000,STATE,,,2012-01-01 00:00:00.000,,ALL PRODUCTION PRACTICES,CROPS,9000,ALASKA,,02,,00,,00,                 (D),AK,ALASKA,YEAR,02,,UNITED STATES,,$,2007,,NAICS CLASSIFICATION,ALL UTILIZATION PRACTICES,,ANNUAL
CROP TOTALS,(L),NAICS CLASSIFICATION: (11299),CROP TOTALS,CENSUS,"CROP TOTALS - SALES, MEASURED IN $",SALES,ALL CLASSES,00000000,STATE,,,2024-07-02 12:00:00.000,,ALL PRODUCTION PRACTICES,CROPS,9000,ALASKA,,02,,00,,00,"53,000",AK,ALASKA,YEAR,02,,UNITED STATES,,$,2022,,NAICS CLASSIFICATION,ALL UTILIZATION PRACTICES,,ANNUAL
CROP TOTALS,(L),NAICS CLASSIFICATION: (11299),CROP TOTALS,CENSUS,"CROP TOTALS - SALES, MEASURED IN $",SALES,ALL CLASSES,00000000,STATE,,,2018-02-01 00:00:00.000,,ALL PRODUCTION PRACTICES,CROPS,9000,ALASKA,,02,,00,,00,"236,000",AK,ALASKA,YEAR,02,,UNITED STATES,,$,2017,,NAICS CLASSIFICATION,ALL UTILIZATION PRACTICES,,ANNUAL
CROP TOTALS,(D),NAICS CLASSIFICATION: (11299),CROP TOTALS,CENSUS,"CROP TOTALS - SALES, MEASURED IN $",SALES,ALL CLASSES,00000000,STATE,,,2012-12-31 00:00:00.000,,ALL PRODUCTION PRACTICES,CROPS,9000,ALASKA,,02,,00,,00,                 (D),AK,ALASKA,YEAR,02,,UNITED STATES,,$,2012,,NAICS CLASSIFICATION,ALL UTILIZATION PRACTICES,,ANNUAL
CROP TOTALS,,NAICS CLASSIFICATION: (11299),CROP TOTALS,CENSUS,"CROP TOTALS - SALES, MEASURED IN $",SALES,ALL CLASSES,00000000,STATE,,,2012-01-01 00:00:00.000,,ALL PRODUCTION PRACTICES,CROPS,9000,ALASKA,,02,,00,,00,                 (D),AK,ALASKA,YEAR,02,,UNITED STATES,,$,2007,,NAICS CLASSIFICATION,ALL UTILIZATION PRACTICES,,ANNUAL
CROP TOTALS,,NAICS CLASSIFICATION: (11299),CROP TOTALS,CENSUS,"CROP TOTALS - SALES, MEASURED IN $",SALES,ALL CLASSES,00000000,STATE,,,2012-01-01 00:00:00.000,,ALL PRODUCTION PRACTICES,CROPS,9000,ALASKA,,02,,00,,00,                 (D),AK,ALASKA,YEAR,02,,UNITED STATES,,$,2002,,NAICS CLASSIFICATION,ALL UTILIZATION PRACTICES,,ANNUAL
CROP TOTALS,(L),NOT SPECIFIED,CROP TOTALS,CENSUS,"CROP TOTALS - SALES, MEASURED IN $",SALES,ALL CLASSES,00000000,COUNTY,,,2024-07-02 12:00:00.000,TANANA VALLEY,ALL PRODUCTION PRACTICES,CROPS,9000,ALASKA,FAIRBANKS NORTH STAR,02,,00,090,00,"10,570,000",AK,"ALASKA, TANANA VALLEY, FAIRBANKS NORTH STAR",YEAR,02,,UNITED STATES,10,$,2022,,TOTAL,ALL UTILIZATION PRACTICES,,ANNUAL
CROP TOTALS,0.4,NOT SPECIFIED,CROP TOTALS,CENSUS,"CROP TOTALS - SALES, MEASURED IN $",SALES,ALL CLASSES,00000000,COUNTY,,,2018-02-01 00:00:00.000,TANANA VALLEY,ALL PRODUCTION PRACTICES,CROPS,9000,ALASKA,FAIRBANKS NORTH STAR,02,,00,090,00,"8,485,000",AK,"ALASKA, TANANA VALLEY, FAIRBANKS NORTH STAR",YEAR,02,,UNITED STATES,10,$,2017,,TOTAL,ALL UTILIZATION PRACTICES,,ANNUAL
CROP TOTALS,2.0,NOT SPECIFIED,CROP TOTALS,CENSUS,"CROP TOTALS - SALES, MEASURED IN $",SALES,ALL CLASSES,00000000,COUNTY,,,2012-12-31 00:00:00.000,TANANA VALLEY,ALL PRODUCTION PRACTICES,CROPS,9000,ALASKA,FAIRBANKS NORTH STAR,02,,00,090,00,"7,749,000",AK,"ALASKA, TANANA VALLEY, FAIRBANKS NORTH STAR",YEAR,02,,UNITED STATES,10,$,2012,,TOTAL,ALL UTILIZATION PRACTICES,,ANNUAL
CROP TOTALS,,NOT SPECIFIED,CROP TOTALS,CENSUS,"CROP TOTALS - SALES, MEASURED IN $",SALES,ALL CLASSES,00000000,COUNTY,,,2012-01-01 00:00:00.000,TANANA VALLEY,ALL PRODUCTION PRACTICES,CROPS,9000,ALASKA,FAIRBANKS NORTH STAR,02,,00,090,00,"5,889,000",AK,"ALASKA, TANANA VALLEY, FAIRBANKS NORTH STAR",YEAR,02,,UNITED STATES,10,$,2007,,TOTAL,ALL UTILIZATION PRACTICES,,ANNUAL
CROP TOTALS,,NOT SPECIFIED,CROP TOTALS,CENSUS,"CROP TOTALS - SALES, MEASURED IN $",SALES,ALL CLASSES,00000000,COUNTY,,,2012-01-01 00:00:00.000,TANANA VALLEY,ALL PRODUCTION PRACTICES,CROPS,9000,ALASKA,FAIRBANKS NORTH STAR,02,,00,090,00,"4,349,000",AK,"ALASKA, TANANA VALLEY, FAIRBANKS NORTH STAR",YEAR,02,,UNITED STATES,10,$,2002,,TOTAL,ALL UTILIZATION PRACTICES,,ANNUAL
CROP TOTALS,,NOT SPECIFIED,CROP TOTALS,CENSUS,"CROP TOTALS - SALES, MEASURED IN $",SALES,ALL CLASSES,00000000,COUNTY,,,2012-01-01 00:00:00.000,TANANA VALLEY,ALL PRODUCTION PRACTICES,CROPS,9000,ALASKA,FAIRBANKS NORTH STAR,02,,00,090,00,"4,233,000",AK,"ALASKA, TANANA VALLEY, FAIRBANKS NORTH STAR",YEAR,02,,UNITED STATES,10,$,1997,,TOTAL,ALL UTILIZATION PRACTICES,,ANNUAL
CROP TOTALS,(L),NOT SPECIFIED,CROP TOTALS,CENSUS,"CROP TOTALS - SALES, MEASURED IN $",SALES,ALL CLASSES,00000000,COUNTY,,,2024-07-02 12:00:00.000,MATANUSKA-SUSITNA-ANCHORAGE,ALL PRODUCTION PRACTICES,CROPS,9000,ALASKA,ANCHORAGE,02,,00,020,00,"22,495,000",AK,"ALASKA, MATANUSKA-SUSITNA-ANCHORAGE, ANCHORAGE",YEAR,02,,UNITED STATES,20,$,2022,,TOTAL,ALL UTILIZATION PRACTICES,,ANNUAL
CROP TOTALS,0.4,NOT SPECIFIED,CROP TOTALS,CENSUS,"CROP TOTALS - SALES, MEASURED IN $",SALES,ALL CLASSES,00000000,COUNTY,,,2018-02-01 00:00:00.000,MATANUSKA-SUSITNA-ANCHORAGE,ALL PRODUCTION PRACTICES,CROPS,9000,ALASKA,ANCHORAGE,02,,00,020,00,"17,133,000",AK,"ALASKA, MATANUSKA-SUSITNA-ANCHORAGE, ANCHORAGE",YEAR,02,,UNITED STATES,20,$,2017,,TOTAL,ALL UTILIZATION PRACTICES,,ANNUAL
CROP TOTALS,2.0,NOT SPECIFIED,CROP TOTALS,CENSUS,"CROP TOTALS - SALES, MEASURED IN $",SALES,ALL CLASSES,00000000,COUNTY,,,2012-12-31 00:00:00.000,MATANUSKA-SUSITNA-ANCHORAGE,ALL PRODUCTION PRACTICES,CROPS,9000,ALASKA,ANCHORAGE,02,,00,020,00,"14,205,000",AK,"ALASKA, MATANUSKA-SUSITNA-ANCHORAGE, ANCHORAGE",YEAR,02,,UNITED STATES,20,$,2012,,TOTAL,ALL UTILIZATION PRACTICES,,ANNUAL
CROP TOTALS,,NOT SPECIFIED,CROP TOTALS,CENSUS,"CROP TOTALS - SALES, MEASURED IN $",SALES,ALL CLASSES,00000000,COUNTY,,,2012-01-01 00:00:00.000,MATANUSKA-SUSITNA-ANCHORAGE,ALL PRODUCTION PRACTICES,CROPS,9000,ALASKA,ANCHORAGE,02,,00,020,00,"15,735,000",AK,"ALASKA, MATANUSKA-SUSITNA-ANCHORAGE, ANCHORAGE",YEAR,02,,UNITED STATES,20,$,2007,,TOTAL,ALL UTILIZATION PRACTICES,,ANNUAL
CROP TOTALS,,NOT SPECIFIED,CROP TOTALS,CENSUS,"CROP TOTALS - SALES, MEASURED IN $",SALES,ALL CLASSES,00000000,COUNTY,,,2012-01-01 00:00:00.000,MATANUSKA-SUSITNA-ANCHORAGE,ALL PRODUCTION PRACTICES,CROPS,9000,ALASKA,ANCHORAGE,02,,00,020,00,"14,189,000",AK,"ALASKA, MATANUSKA-SUSITNA-ANCHORAGE, ANCHORAGE",YEAR,02,,UNITED STATES,20,$,2002,,TOTAL,ALL UTILIZATION PRACTICES,,ANNUAL
CROP TOTALS,,NOT SPECIFIED,CROP TOTALS,CENSUS,"CROP TOTALS - SALES, MEASURED IN $",SALES,ALL CLASSES,00000000,COUNTY,,,2012-01-01 00:00:00.000,MATANUSKA-SUSITNA-ANCHORAGE,ALL PRODUCTION PRACTICES,CROPS,9000,ALASKA,ANCHORAGE,02,,00,020,00,"10,542,000",AK,"ALASKA, MATANUSKA-SUSITNA-ANCHORAGE, ANCHORAGE",YEAR,02,,UNITED STATES,20,$,1997,,TOTAL,ALL UTILIZATION PRACTICES,,ANNUAL
CROP TOTALS,(L),NOT SPECIFIED,CROP TOTALS,CENSUS,"CROP TOTALS - SALES, MEASURED IN $",SALES,ALL CLASSES,00000000,COUNTY,,,2024-07-02 12:00:00.000,KENAI PENINSULA,ALL PRODUCTION PRACTICES,CROPS,9000,ALASKA,KENAI PENINSULA,02,,00,122,00,"4,238,000",AK,"ALASKA, KENAI PENINSULA, KENAI PENINSULA",YEAR,02,,UNITED STATES,30,$,2022,,TOTAL,ALL UTILIZATION PRACTICES,,ANNUAL
CROP TOTALS,0.4,NOT SPECIFIED,CROP TOTALS,CENSUS,"CROP TOTALS - SALES, MEASURED IN $",SALES,ALL CLASSES,00000000,COUNTY,,,2018-02-01 00:00:00.000,KENAI PENINSULA,ALL PRODUCTION PRACTICES,CROPS,9000,ALASKA,KENAI PENINSULA,02,,00,122,00,"2,711,000",AK,"ALASKA, KENAI PENINSULA, KENAI PENINSULA",YEAR,02,,UNITED STATES,30,$,2017,,TOTAL,ALL UTILIZATION PRACTICES,,ANNUAL
CROP TOTALS,2.0,NOT SPECIFIED,CROP TOTALS,CENSUS,"CROP TOTALS - SALES, MEASURED IN $",SALES,ALL CLASSES,00000000,COUNTY,,,2012-12-31 00:00:00.000,KENAI PENINSULA,ALL PRODUCTION PRACTICES,CROPS,9000,ALASKA,KENAI PENINSULA,02,,00,122,00,"1,647,000",AK,"ALASKA, KENAI PENINSULA, KENAI PENINSULA",YEAR,02,,UNITED STATES,30,$,2012,,TOTAL,ALL UTILIZATION PRACTICES,,ANNUAL
CROP TOTALS,,NOT SPECIFIED,CROP TOTALS,CENSUS,"CROP TOTALS - SALES, MEASURED IN $",SALES,ALL CLASSES,00000000,COUNTY,,,2012-01-01 00:00:00.000,KENAI PENINSULA,ALL PRODUCTION PRACTICES,CROPS,9000,ALASKA,KENAI PENINSULA,02,,00,122,00,                 (D),AK,"ALASKA, KENAI PENINSULA, KENAI PENINSULA",YEAR,02,,UNITED STATES,30,$,2007,,TOTAL,ALL UTILIZATION PRACTICES,,ANNUAL
CROP TOTALS,,NOT SPECIFIED,CROP TOTALS,CENSUS,"CROP TOTALS - SALES, MEASURED IN $",SALES,ALL CLASSES,00000000,COUNTY,,,2012-01-01 00:00:00.000,KENAI PENINSULA,ALL PRODUCTION PRACTICES,CROPS,9000,ALASKA,KENAI PENINSULA,02,,00,122,00,                 (D),AK,"ALASKA, KENAI PENINSULA, KENAI PENINSULA",YEAR,02,,UNITED STATES,30,$,2002,,TOTAL,ALL UTILIZATION PRACTICES,,ANNUAL
CROP TOTALS,,NOT SPECIFIED,CROP TOTALS,CENSUS,"CROP TOTALS - SALES, MEASURED IN $",SALES,ALL CLASSES,00000000,COUNTY,,,2012-01-01 00:00:00.000,KENAI PENINSULA,ALL PRODUCTION PRACTICES,CROPS,9000,ALASKA,KENAI PENINSULA,02,,00,122,00,"904,000",AK,"ALASKA, KENAI PENINSULA, KENAI PENINSULA",YEAR,02,,UNITED STATES,30,$,1997,,TOTAL,ALL UTILIZATION PRACTICES,,ANNUAL
CROP TOTALS,(L),NOT SPECIFIED,CROP TOTALS,CENSUS,"CROP TOTALS - SALES, MEASURED IN $",SALES,ALL CLASSES,00000000,COUNTY,,,2024-07-02 12:00:00.000,SOUTHEAST,ALL PRODUCTION PRACTICES,CROPS,9000,ALASKA,JUNEAU,02,,00,110,00,"1,145,000",AK,"ALASKA, SOUTHEAST, JUNEAU",YEAR,02,,UNITED STATES,40,$,2022,,TOTAL,ALL UTILIZATION PRACTICES,,ANNUAL
CROP TOTALS,0.4,NOT SPECIFIED,CROP TOTALS,CENSUS,"CROP TOTALS - SALES, MEASURED IN $",SALES,ALL CLASSES,00000000,COUNTY,,,2018-02-01 00:00:00.000,SOUTHEAST,ALL PRODUCTION PRACTICES,CROPS,9000,ALASKA,JUNEAU,02,,00,110,00,"923,000",AK,"ALASKA, SOUTHEAST, JUNEAU",YEAR,02,,UNITED STATES,40,$,2017,,TOTAL,ALL UTILIZATION PRACTICES,,ANNUAL
CROP TOTALS,2.0,NOT SPECIFIED,CROP TOTALS,CENSUS,"CROP TOTALS - SALES, MEASURED IN $",SALES,ALL CLASSES,00000000,COUNTY,,,2012-12-31 00:00:00.000,SOUTHEAST,ALL PRODUCTION PRACTICES,CROPS,9000,ALASKA,JUNEAU,02,,00,110,00,"917,000",AK,"ALASKA, SOUTHEAST, JUNEAU",YEAR,02,,UNITED STATES,40,$,2012,,TOTAL,ALL UTILIZATION PRACTICES,,ANNUAL
CROP TOTALS,,NOT SPECIFIED,CROP TOTALS,CENSUS,"CROP TOTALS - SALES, MEASURED IN $",SALES,ALL CLASSES,00000000,COUNTY,,,2012-01-01 00:00:00.000,SOUTHEAST,ALL PRODUCTION PRACTICES,CROPS,9000,ALASKA,JUNEAU,02,,00,110,00,"908,000",AK,"ALASKA, SOUTHEAST, JUNEAU",YEAR,02,,UNITED STATES,40,$,2007,,TOTAL,ALL UTILIZATION PRACTICES,,ANNUAL
CROP TOTALS,,NOT SPECIFIED,CROP TOTALS,CENSUS,"CROP TOTALS - SALES, MEASURED IN $",SALES,ALL CLASSES,00000000,COUNTY,,,2012-01-01 00:00:00.000,SOUTHEAST,ALL PRODUCTION PRACTICES,CROPS,9000,ALASKA,JUNEAU,02,,00,110,00,"588,000",AK,"ALASKA, SOUTHEAST, JUNEAU",YEAR,02,,UNITED STATES,40,$,2002,,TOTAL,ALL UTILIZATION PRACTICES,,ANNUAL
CROP TOTALS,,NOT SPECIFIED,CROP TOTALS,CENSUS,"CROP TOTALS - SALES, MEASURED IN $",SALES,ALL CLASSES,00000000,COUNTY,,,2012-01-01 00:00:00.000,SOUTHEAST,ALL PRODUCTION PRACTICES,CROPS,9000,ALASKA,JUNEAU,02,,00,110,00,                 (D),AK,"ALASKA, SOUTHEAST, JUNEAU",YEAR,02,,UNITED STATES,40,$,1997,,TOTAL,ALL UTILIZATION PRACTICES,,ANNUAL
CROP TOTALS,(L),NOT SPECIFIED,CROP TOTALS,CENSUS,"CROP TOTALS - SALES, MEASURED IN $",SALES,ALL CLASSES,00000000,COUNTY,,,2024-07-02 12:00:00.000,SOUTHWEST & WEST,ALL PRODUCTION PRACTICES,CROPS,9000,ALASKA,ALEUTIAN ISLANDS,02,,00,010,00,"1,247,000",AK,"ALASKA, SOUTHWEST & WEST, ALEUTIAN ISLANDS",YEAR,02,,UNITED STATES,50,$,2022,,TOTAL,ALL UTILIZATION PRACTICES,,ANNUAL
CROP TOTALS,(L),NOT SPECIFIED,CROP TOTALS,CENSUS,"CROP TOTALS - SALES, MEASURED IN $",SALES,ALL CLASSES,00000000,COUNTY,,,2018-02-01 00:00:00.000,SOUTHWEST & WEST,ALL PRODUCTION PRACTICES,CROPS,9000,ALASKA,ALEUTIAN ISLANDS,02,,00,010,00,"390,000",AK,"ALASKA, SOUTHWEST & WEST, ALEUTIAN ISLANDS",YEAR,02,,UNITED STATES,50,$,2017,,TOTAL,ALL UTILIZATION PRACTICES,,ANNUAL
CROP TOTALS,2.0,NOT SPECIFIED,CROP TOTALS,CENSUS,"CROP TOTALS - SALES, MEASURED IN $",SALES,ALL CLASSES,00000000,COUNTY,,,2012-12-31 00:00:00.000,SOUTHWEST & WEST,ALL PRODUCTION PRACTICES,CROPS,9000,ALASKA,ALEUTIAN ISLANDS,02,,00,010,00,"338,000",AK,"ALASKA, SOUTHWEST & WEST, ALEUTIAN ISLANDS",YEAR,02,,UNITED STATES,50,$,2012,,TOTAL,ALL UTILIZATION PRACTICES,,ANNUAL
CROP TOTALS,,NOT SPECIFIED,CROP TOTALS,CENSUS,"CROP TOTALS - SALES, MEASURED IN $",SALES,ALL CLASSES,00000000,COUNTY,,,2012-01-01 00:00:00.000,SOUTHWEST & WEST,ALL PRODUCTION PRACTICES,CROPS,9000,ALASKA,ALEUTIAN ISLANDS,02,,00,010,00,                 (D),AK,"ALASKA, SOUTHWEST & WEST, ALEUTIAN ISLANDS",YEAR,02,,UNITED STATES,50,$,2007,,TOTAL,ALL UTILIZATION PRACTICES,,ANNUAL
CROP TOTALS,,NOT SPECIFIED,CROP TOTALS,CENSUS,"CROP TOTALS - SALES, MEASURED IN $",SALES,ALL CLASSES,00000000,COUNTY,,,2012-01-01 00:00:00.000,SOUTHWEST & WEST,ALL PRODUCTION PRACTICES,CROPS,9000,ALASKA,ALEUTIAN ISLANDS,02,,00,010,00,                 (D),AK,"ALASKA, SOUTHWEST & WEST, ALEUTIAN ISLANDS",YEAR,02,,UNITED STATES,50,$,2002,,TOTAL,ALL UTILIZATION PRACTICES,,ANNUAL
CROP TOTALS,,NOT SPECIFIED,CROP TOTALS,CENSUS,"CROP TOTALS - SALES, MEASURED IN $",SALES,ALL CLASSES,00000000,COUNTY,,,2012-01-01 00:00:00.000,SOUTHWEST & WEST,ALL PRODUCTION PRACTICES,CROPS,9000,ALASKA,ALEUTIAN ISLANDS,02,,00,010,00,                 (D),AK,"ALASKA, SOUTHWEST & WEST, ALEUTIAN ISLANDS",YEAR,02,,UNITED STATES,50,$,1997,,TOTAL,ALL UTILIZATION PRACTICES,,ANNUAL
CROP TOTALS,(L),NOT SPECIFIED,CROP TOTALS,CENSUS,"CROP TOTALS - SALES, MEASURED IN $",SALES,ALL CLASSES,00000000,STATE,,,2024-07-02 12:00:00.000,,ALL PRODUCTION PRACTICES,CROPS,9000,ALASKA,,02,,00,,00,"39,693,000",AK,ALASKA,YEAR,02,,UNITED STATES,,$,2022,,TOTAL,ALL UTILIZATION PRACTICES,,ANNUAL
CROP TOTALS,0.4,NOT SPECIFIED,CROP TOTALS,CENSUS,"CROP TOTALS - SALES, MEASURED IN $",SALES,ALL CLASSES,00000000,STATE,,,2018-02-01 00:00:00.000,,ALL PRODUCTION PRACTICES,CROPS,9000,ALASKA,,02,,00,,00,"29,642,000",AK,ALASKA,YEAR,02,,UNITED STATES,,$,2017,,TOTAL,ALL UTILIZATION PRACTICES,,ANNUAL
CROP TOTALS,1.6,NOT SPECIFIED,CROP TOTALS,CENSUS,"CROP TOTALS - SALES, MEASURED IN $",SALES,ALL CLASSES,00000000,STATE,,,2012-12-31 00:00:00.000,,ALL PRODUCTION PRACTICES,CROPS,9000,ALASKA,,02,,00,,00,"24,857,000",AK,ALASKA,YEAR,02,,UNITED STATES,,$,2012,,TOTAL,ALL UTILIZATION PRACTICES,,ANNUAL
CROP TOTALS,,NOT SPECIFIED,CROP TOTALS,CENSUS,"CROP TOTALS - SALES, MEASURED IN $",SALES,ALL CLASSES,00000000,STATE,,,2012-01-01 00:00:00.000,,ALL PRODUCTION PRACTICES,CROPS,9000,ALASKA,,02,,00,,00,"24,749,000",AK,ALASKA,YEAR,02,,UNITED STATES,,$,2007,,TOTAL,ALL UTILIZATION PRACTICES,,ANNUAL
CROP TOTALS,,NOT SPECIFIED,CROP TOTALS,CENSUS,"CROP TOTALS - SALES, MEASURED IN $",SALES,ALL CLASSES,00000000,STATE,,,2012-01-01 00:00:00.000,,ALL PRODUCTION PRACTICES,CROPS,9000,ALASKA,,02,,00,,00,"20,543,000",AK,ALASKA,YEAR,02,,UNITED STATES,,$,2002,,TOTAL,ALL UTILIZATION PRACTICES,,ANNUAL
CROP TOTALS,,NOT SPECIFIED,CROP TOTALS,CENSUS,"CROP TOTALS - SALES, MEASURED IN $",SALES,ALL CLASSES,00000000,STATE,,,2012-01-01 00:00:00.000,,ALL PRODUCTION PRACTICES,CROPS,9000,ALASKA,,02,,00,,00,"15,968,000",AK,ALASKA,YEAR,02,,UNITED STATES,,$,1997,,TOTAL,ALL UTILIZATION PRACTICES,,ANNUAL
CROP TOTALS,0.4,IRRIGATION STATUS: (ANY ON OPERATION),CROP TOTALS,CENSUS,CROP TOTALS - OPERATIONS WITH SALES,SALES,ALL CLASSES,00000000,STATE,,,2024-07-02 12:00:00.000,,ALL PRODUCTION PRACTICES,CROPS,9000,ALASKA,,02,,00,,00,454,AK,ALASKA,YEAR,02,,UNITED STATES,,OPERATIONS,2022,,IRRIGATION STATUS,ALL UTILIZATION PRACTICES,,ANNUAL
CROP TOTALS,1.6,IRRIGATION STATUS: (ANY ON OPERATION),CROP TOTALS,CENSUS,CROP TOTALS - OPERATIONS WITH SALES,SALES,ALL CLASSES,00000000,STATE,,,2018-02-01 00:00:00.000,,ALL PRODUCTION PRACTICES,CROPS,9000,ALASKA,,02,,00,,00,368,AK,ALASKA,YEAR,02,,UNITED STATES,,OPERATIONS,2017,,IRRIGATION STATUS,ALL UTILIZATION PRACTICES,,ANNUAL
CROP TOTALS,4.1,IRRIGATION STATUS: (ANY ON OPERATION),CROP TOTALS,CENSUS,CROP TOTALS - OPERATIONS WITH SALES,SALES,ALL CLASSES,00000000,STATE,,,2012-12-31 00:00:00.000,,ALL PRODUCTION PRACTICES,CROPS,9000,ALASKA,,02,,00,,00,226,AK,ALASKA,YEAR,02,,UNITED STATES,,OPERATIONS,2012,,IRRIGATION STATUS,ALL UTILIZATION PRACTICES,,ANNUAL
CROP TOTALS,,IRRIGATION STATUS: (ANY ON OPERATION),CROP TOTALS,CENSUS,CROP TOTALS - OPERATIONS WITH SALES,SALES,ALL CLASSES,00000000,STATE,,,2012-01-01 00:00:00.000,,ALL PRODUCTION PRACTICES,CROPS,9000,ALASKA,,02,,00,,00,172,AK,ALASKA,YEAR,02,,UNITED STATES,,OPERATIONS,2007,,IRRIGATION STATUS,ALL UTILIZATION PRACTICES,,ANNUAL
CROP TOTALS,,IRRIGATION STATUS: (ANY ON OPERATION),CROP TOTALS,CENSUS,CROP TOTALS - OPERATIONS WITH SALES,SALES,ALL CLASSES,00000000,STATE,,,2012-01-01 00:00:00.000,,ALL PRODUCTION PRACTICES,CROPS,9000,ALASKA,,02,,00,,00,140,AK,ALASKA,YEAR,02,,UNITED STATES,,OPERATIONS,2002,,IRRIGATION STATUS,ALL UTILIZATION PRACTICES,,ANNUAL
CROP TOTALS,,IRRIGATION STATUS: (ANY ON OPERATION),CROP TOTALS,CENSUS,CROP TOTALS - OPERATIONS WITH SALES,SALES,ALL CLASSES,00000000,STATE,,,2012-01-01 00:00:00.000,,ALL PRODUCTION PRACTICES,CROPS,9000,ALASKA,,02,,00,,00,105,AK,ALASKA,YEAR,02,,UNITED STATES,,OPERATIONS,1997,,IRRIGATION STATUS,ALL UTILIZATION PRACTICES,,ANNUAL
CROP TOTALS,0.5,IRRIGATION STATUS: (HARVESTED CROPLAND IS ENTIRELY IRRIGATED),CROP TOTALS,CENSUS,CROP TOTALS - OPERATIONS WITH SALES,SALES,ALL CLASSES,00000000,STATE,,,2024-07-02 12:00:00.000,,ALL PRODUCTION PRACTICES,CROPS,9000,ALASKA,,02,,00,,00,349,AK,ALASKA,YEAR,02,,UNITED STATES,,OPERATIONS,2022,,IRRIGATION STATUS,ALL UTILIZATION PRACTICES,,ANNUAL
CROP TOTALS,1.9,IRRIGATION STATUS: (HARVESTED CROPLAND IS ENTIRELY IRRIGATED),CROP TOTALS,CENSUS,CROP TOTALS - OPERATIONS WITH SALES,SALES,ALL CLASSES,00000000,STATE,,,2018-02-01 00:00:00.000,,ALL PRODUCTION PRACTICES,CROPS,9000,ALASKA,,02,,00,,00,286,AK,ALASKA,YEAR,02,,UNITED STATES,,OPERATIONS,2017,,IRRIGATION STATUS,ALL UTILIZATION PRACTICES,,ANNUAL
CROP TOTALS,4.9,IRRIGATION STATUS: (HARVESTED CROPLAND IS ENTIRELY IRRIGATED),CROP TOTALS,CENSUS,CROP TOTALS - OPERATIONS WITH SALES,SALES,ALL CLASSES,00000000,STATE,,,2012-12-31 00:00:00.000,,ALL PRODUCTION PRACTICES,CROPS,9000,ALASKA,,02,,00,,00,173,AK,ALASKA,YEAR,02,,UNITED STATES,,OPERATIONS,2012,,IRRIGATION STATUS,ALL UTILIZATION PRACTICES,,ANNUAL
CROP TOTALS,,IRRIGATION STATUS: (HARVESTED CROPLAND IS ENTIRELY IRRIGATED),CROP TOTALS,CENSUS,CROP TOTALS - OPERATIONS WITH SALES,SALES,ALL CLASSES,00000000,STATE,,,2012-01-01 00:00:00.000,,ALL PRODUCTION PRACTICES,CROPS,9000,ALASKA,,02,,00,,00,124,AK,ALASKA,YEAR,02,,UNITED STATES,,OPERATIONS,2007,,IRRIGATION STATUS,ALL UTILIZATION PRACTICES,,ANNUAL
CROP TOTALS,,IRRIGATION STATUS: (HARVESTED CROPLAND IS ENTIRELY IRRIGATED),CROP TOTALS,CENSUS,CROP TOTALS - OPERATIONS WITH SALES,SALES,ALL CLASSES,00000000,STATE,,,2012-01-01 00:00:00.000,,ALL PRODUCTION PRACTICES,CROPS,9000,ALASKA,,02,,00,,00,89,AK,ALASKA,YEAR,02,,UNITED STATES,,OPERATIONS,2002,,IRRIGATION STATUS,ALL UTILIZATION PRACTICES,,ANNUAL
CROP TOTALS,,IRRIGATION STATUS: (HARVESTED CROPLAND IS ENTIRELY IRRIGATED),CROP TOTALS,CENSUS,CROP TOTALS - OPERATIONS WITH SALES,SALES,ALL CLASSES,00000000,STATE,,,2012-01-01 00:00:00.000,,ALL PRODUCTION PRACTICES,CROPS,9000,ALASKA,,02,,00,,00,70,AK,ALASKA,YEAR,02,,UNITED STATES,,OPERATIONS,1997,,IRRIGATION STATUS,ALL UTILIZATION PRACTICES,,ANNUAL
CROP TOTALS,(L),IRRIGATION STATUS: (NONE ON OPERATION),CROP TOTALS,CENSUS,CROP TOTALS - OPERATIONS WITH SALES,SALES,ALL CLASSES,00000000,STATE,,,2024-07-02 12:00:00.000,,ALL PRODUCTION PRACTICES,CROPS,9000,ALASKA,,02,,00,,00,314,AK,ALASKA,YEAR,02,,UNITED STATES,,OPERATIONS,2022,,IRRIGATION STATUS,ALL UTILIZATION PRACTICES,,ANNUAL
CROP TOTALS,2.3,IRRIGATION STATUS: (NONE ON OPERATION),CROP TOTALS,CENSUS,CROP TOTALS - OPERATIONS WITH SALES,SALES,ALL CLASSES,00000000,STATE,,,2018-02-01 00:00:00.000,,ALL PRODUCTION PRACTICES,CROPS,9000,ALASKA,,02,,00,,00,280,AK,ALASKA,YEAR,02,,UNITED STATES,,OPERATIONS,2017,,IRRIGATION STATUS,ALL UTILIZATION PRACTICES,,ANNUAL
CROP TOTALS,1.6,IRRIGATION STATUS: (NONE ON OPERATION),CROP TOTALS,CENSUS,CROP TOTALS - OPERATIONS WITH SALES,SALES,ALL CLASSES,00000000,STATE,,,2012-12-31 00:00:00.000,,ALL PRODUCTION PRACTICES,CROPS,9000,ALASKA,,02,,00,,00,245,AK,ALASKA,YEAR,02,,UNITED STATES,,OPERATIONS,2012,,IRRIGATION STATUS,ALL UTILIZATION PRACTICES,,ANNUAL
CROP TOTALS,,IRRIGATION STATUS: (NONE ON OPERATION),CROP TOTALS,CENSUS,CROP TOTALS - OPERATIONS WITH SALES,SALES,ALL CLASSES,00000000,STATE,,,2012-01-01 00:00:00.000,,ALL PRODUCTION PRACTICES,CROPS,9000,ALASKA,,02,,00,,00,212,AK,ALASKA,YEAR,02,,UNITED STATES,,OPERATIONS,2007,,IRRIGATION STATUS,ALL UTILIZATION PRACTICES,,ANNUAL
CROP TOTALS,,IRRIGATION STATUS: (NONE ON OPERATION),CROP TOTALS,CENSUS,CROP TOTALS - OPERATIONS WITH SALES,SALES,ALL CLASSES,00000000,STATE,,,2012-01-01 00:00:00.000,,ALL PRODUCTION PRACTICES,CROPS,9000,ALASKA,,02,,00,,00,197,AK,ALASKA,YEAR,02,,UNITED STATES,,OPERATIONS,2002,,IRRIGATION STATUS,ALL UTILIZATION PRACTICES,,ANNUAL
CROP TOTALS,,IRRIGATION STATUS: (NONE ON OPERATION),CROP TOTALS,CENSUS,CROP TOTALS - OPERATIONS WITH SALES,SALES,ALL CLASSES,00000000,STATE,,,2012-01-01 00:00:00.000,,ALL PRODUCTION PRACTICES,CROPS,9000,ALASKA,,02,,00,,00,214,AK,ALASKA,YEAR,02,,UNITED STATES,,OPERATIONS,1997,,IRRIGATION STATUS,ALL UTILIZATION PRACTICES,,ANNUAL
CROP TOTALS,,"SALES: (250,000 OR MORE $)",CROP TOTALS,CENSUS,CROP TOTALS - OPERATIONS WITH SALES,SALES,ALL CLASSES,00000000,STATE,,,2012-01-01 00:00:00.000,,ALL PRODUCTION PRACTICES,CROPS,9000,ALASKA,,02,,00,,00,21,AK,ALASKA,YEAR,02,,UNITED STATES,,OPERATIONS,2007,,SALES,ALL UTILIZATION PRACTICES,,ANNUAL
CROP TOTALS,,"SALES: (250,000 OR MORE $)",CROP TOTALS,CENSUS,CROP TOTALS - OPERATIONS WITH SALES,SALES,ALL CLASSES,00000000,ZIP CODE,,99503,2024-11-07 12:00:00.000,,ALL PRODUCTION PRACTICES,CROPS,9000,ALASKA,,02,,00,,00,1,AK,99503,YEAR,02,,UNITED STATES,,OPERATIONS,2022,,SALES,ALL UTILIZATION PRACTICES,,ANNUAL
CROP TOTALS,,"SALES: (250,000 OR MORE $)",CROP TOTALS,CENSUS,CROP TOTALS - OPERATIONS WITH SALES,SALES,ALL CLASSES,00000000,ZIP CODE,,99510,2024-11-07 12:00:00.000,,ALL PRODUCTION PRACTICES,CROPS,9000,ALASKA,,02,,00,,00,1,AK,99510,YEAR,02,,UNITED STATES,,OPERATIONS,2022,,SALES,ALL UTILIZATION PRACTICES,,ANNUAL
CROP TOTALS,,"SALES: (250,000 OR MORE $)",CROP TOTALS,CENSUS,CROP TOTALS - OPERATIONS WITH SALES,SALES,ALL CLASSES,00000000,ZIP CODE,,99510,2018-02-01 12:00:00.000,,ALL PRODUCTION PRACTICES,CROPS,9000,ALASKA,,02,,00,,00,1,AK,99510,YEAR,02,,UNITED STATES,,OPERATIONS,2017,,SALES,ALL UTILIZATION PRACTICES,,ANNUAL
CROP TOTALS,,"SALES: (250,000 OR MORE $)",CROP TOTALS,CENSUS,CROP TOTALS - OPERATIONS WITH SALES,SALES,ALL CLASSES,00000000,ZIP CODE,,99515,2024-11-07 12:00:00.000,,ALL PRODUCTION PRACTICES,CROPS,9000,ALASKA,,02,,00,,00,2,AK,99515,YEAR,02,,UNITED STATES,,OPERATIONS,2022,,SALES,ALL UTILIZATION PRACTICES,,ANNUAL
CROP TOTALS,,"SALES: (250,000 OR MORE $)",CROP TOTALS,CENSUS,CROP TOTALS - OPERATIONS WITH SALES,SALES,ALL CLASSES,00000000,ZIP CODE,,99515,2018-02-01 12:00:00.000,,ALL PRODUCTION PRACTICES,CROPS,9000,ALASKA,,02,,00,,00,2,AK,99515,YEAR,02,,UNITED STATES,,OPERATIONS,2017,,SALES,ALL UTILIZATION PRACTICES,,ANNUAL
CROP TOTALS,,"SALES: (250,000 OR MORE $)",CROP TOTALS,CENSUS,CROP TOTALS - OPERATIONS WITH SALES,SALES,ALL CLASSES,00000000,ZIP CODE,,99515,2012-01-01 00:00:00.000,,ALL PRODUCTION PRACTICES,CROPS,9000,ALASKA,,02,,00,,00,2,AK,99515,YEAR,02,,UNITED STATES,,OPERATIONS,2007,,SALES,ALL UTILIZATION PRACTICES,,ANNUAL
CROP TOTALS,,"SALES: (250,000 OR MORE $)",CROP TOTALS,CENSUS,CROP TOTALS - OPERATIONS WITH SALES,SALES,ALL CLASSES,00000000,ZIP CODE,,99577,2024-11-07 12:00:00.000,,ALL PRODUCTION PRACTICES,CROPS,9000,ALASKA,,02,,00,,00,2,AK,99577,YEAR,02,,UNITED STATES,,OPERATIONS,2022,,SALES,ALL UTILIZATION PRACTICES,,ANNUAL
CROP TOTALS,,"SALES: (250,000 OR MORE $)",CROP TOTALS,CENSUS,CROP TOTALS - OPERATIONS WITH SALES,SALES,ALL CLASSES,00000000,ZIP CODE,,99577,2018-02-01 12:00:00.000,,ALL PRODUCTION PRACTICES,CROPS,9000,ALASKA,,02,,00,,00,2,AK,99577,YEAR,02,,UNITED STATES,,OPERATIONS,2017,,SALES,ALL UTILIZATION PRACTICES,,ANNUAL
CROP TOTALS,,"SALES: (250,000 OR MORE $)",CROP TOTALS,CENSUS,CROP TOTALS - OPERATIONS WITH SALES,SALES,ALL CLASSES,00000000,ZIP CODE,,99577,2012-01-01 00:00:00.000,,ALL PRODUCTION PRACTICES,CROPS,9000,ALASKA,,02,,00,,00,2,AK,99577,YEAR,02,,UNITED STATES,,OPERATIONS,2007,,SALES,ALL UTILIZATION PRACTICES,,ANNUAL
CROP TOTALS,,"SALES: (250,000 OR MORE $)",CROP TOTALS,CENSUS,CROP TOTALS - OPERATIONS WITH SALES,SALES,ALL CLASSES,00000000,ZIP CODE,,99623,2024-11-07 12:00:00.000,,ALL PRODUCTION PRACTICES,CROPS,9000,ALASKA,,02,,00,,00,1,AK,99623,YEAR,02,,UNITED STATES,,OPERATIONS,2022,,SALES,ALL UTILIZATION PRACTICES,,ANNUAL
CROP TOTALS,,"SALES: (250,000 OR MORE $)",CROP TOTALS,CENSUS,CROP TOTALS - OPERATIONS WITH SALES,SALES,ALL CLASSES,00000000,ZIP CODE,,99645,2024-11-07 12:00:00.000,,ALL PRODUCTION PRACTICES,CROPS,9000,ALASKA,,02,,00,,00,8,AK,99645,YEAR,02,,UNITED STATES,,OPERATIONS,2022,,SALES,ALL UTILIZATION PRACTICES,,ANNUAL
CROP TOTALS,,"SALES: (250,000 OR MORE $)",CROP TOTALS,CENSUS,CROP TOTALS - OPERATIONS WITH SALES,SALES,ALL CLASSES,00000000,ZIP CODE,,99645,2018-02-01 12:00:00.000,,ALL PRODUCTION PRACTICES,CROPS,9000,ALASKA,,02,,00,,00,6,AK,99645,YEAR,02,,UNITED STATES,,OPERATIONS,2017,,SALES,ALL UTILIZATION PRACTICES,,ANNUAL
CROP TOTALS,,"SALES: (250,000 OR MORE $)",CROP TOTALS,CENSUS,CROP TOTALS - OPERATIONS WITH SALES,SALES,ALL CLASSES,00000000,ZIP CODE,,99645,2012-01-01 00:00:00.000,,ALL PRODUCTION PRACTICES,CROPS,9000,ALASKA,,02,,00,,00,5,AK,99645,YEAR,02,,UNITED STATES,,OPERATIONS,2007,,SALES,ALL UTILIZATION PRACTICES,,ANNUAL
CROP TOTALS,,"SALES: (250,000 OR MORE $)",CROP TOTALS,CENSUS,CROP TOTALS - OPERATIONS WITH SALES,SALES,ALL CLASSES,00000000,ZIP CODE,,99654,2024-11-07 12:00:00.000,,ALL PRODUCTION PRACTICES,CROPS,9000,ALASKA,,02,,00,,00,1,AK,99654,YEAR,02,,UNITED STATES,,OPERATIONS,2022,,SALES,ALL UTILIZATION PRACTICES,,ANNUAL
CROP TOTALS,,"SALES: (250,000 OR MORE $)",CROP TOTALS,CENSUS,CROP TOTALS - OPERATIONS WITH SALES,SALES,ALL CLASSES,00000000,ZIP CODE,,99654,2018-02-01 12:00:00.000,,ALL PRODUCTION PRACTICES,CROPS,9000,ALASKA,,02,,00,,00,1,AK,99654,YEAR,02,,UNITED STATES,,OPERATIONS,2017,,SALES,ALL UTILIZATION PRACTICES,,ANNUAL
CROP TOTALS,,"SALES: (250,000 OR MORE $)",CROP TOTALS,CENSUS,CROP TOTALS - OPERATIONS WITH SALES,SALES,ALL CLASSES,00000000,ZIP CODE,,99654,2012-01-01 00:00:00.000,,ALL PRODUCTION PRACTICES,CROPS,9000,ALASKA,,02,,00,,00,1,AK,99654,YEAR,02,,UNITED STATES,,OPERATIONS,2007,,SALES,ALL UTILIZATION PRACTICES,,ANNUAL
CROP TOTALS,,"SALES: (250,000 OR MORE $)",CROP TOTALS,CENSUS,CROP TOTALS - OPERATIONS WITH SALES,SALES,ALL CLASSES,00000000,ZIP CODE,,99669,2024-11-07 12:00:00.000,,ALL PRODUCTION PRACTICES,CROPS,9000,ALASKA,,02,,00,,00,1,AK,99669,YEAR,02,,UNITED STATES,,OPERATIONS,2022,,SALES,ALL UTILIZATION PRACTICES,,ANNUAL
CROP TOTALS,,"SALES: (250,000 OR MORE $)",CROP TOTALS,CENSUS,CROP TOTALS - OPERATIONS WITH SALES,SALES,ALL CLASSES,00000000,ZIP CODE,,99669,2018-02-01 12:00:00.000,,ALL PRODUCTION PRACTICES,CROPS,9000,ALASKA,,02,,00,,00,1,AK,99669,YEAR,02,,UNITED STATES,,OPERATIONS,2017,,SALES,ALL UTILIZATION PRACTICES,,ANNUAL
CROP TOTALS,,"SALES: (250,000 OR MORE $)",CROP TOTALS,CENSUS,CROP TOTALS - OPERATIONS WITH SALES,SALES,ALL CLASSES,00000000,ZIP CODE,,99669,2012-01-01 00:00:00.000,,ALL PRODUCTION PRACTICES,CROPS,9000,ALASKA,,02,,00,,00,2,AK,99669,YEAR,02,,UNITED STATES,,OPERATIONS,2007,,SALES,ALL UTILIZATION PRACTICES,,ANNUAL
CROP TOTALS,,"SALES: (250,000 OR MORE $)",CROP TOTALS,CENSUS,CROP TOTALS - OPERATIONS WITH SALES,SALES,ALL CLASSES,00000000,ZIP CODE,,99687,2018-02-01 12:00:00.000,,ALL PRODUCTION PRACTICES,CROPS,9000,ALASKA,,02,,00,,00,1,AK,99687,YEAR,02,,UNITED STATES,,OPERATIONS,2017,,SALES,ALL UTILIZATION PRACTICES,,ANNUAL
CROP TOTALS,,"SALES: (250,000 OR MORE $)",CROP TOTALS,CENSUS,CROP TOTALS - OPERATIONS WITH SALES,SALES,ALL CLASSES,00000000,ZIP CODE,,99687,2012-01-01 00:00:00.000,,ALL PRODUCTION PRACTICES,CROPS,9000,ALASKA,,02,,00,,00,1,AK,99687,YEAR,02,,UNITED STATES,,OPERATIONS,2007,,SALES,ALL UTILIZATION PRACTICES,,ANNUAL
CROP TOTALS,,"SALES: (250,000 OR MORE $)",CROP TOTALS,CENSUS,CROP TOTALS - OPERATIONS WITH SALES,SALES,ALL CLASSES,00000000,ZIP CODE,,99705,2012-01-01 00:00:00.000,,ALL PRODUCTION PRACTICES,CROPS,9000,ALASKA,,02,,00,,00,1,AK,99705,YEAR,02,,UNITED STATES,,OPERATIONS,2007,,SALES,ALL UTILIZATION PRACTICES,,ANNUAL
CROP TOTALS,,"SALES: (250,000 OR MORE $)",CROP TOTALS,CENSUS,CROP TOTALS - OPERATIONS WITH SALES,SALES,ALL CLASSES,00000000,ZIP CODE,,99707,2024-11-07 12:00:00.000,,ALL PRODUCTION PRACTICES,CROPS,9000,ALASKA,,02,,00,,00,2,AK,99707,YEAR,02,,UNITED STATES,,OPERATIONS,2022,,SALES,ALL UTILIZATION PRACTICES,,ANNUAL
CROP TOTALS,,"SALES: (250,000 OR MORE $)",CROP TOTALS,CENSUS,CROP TOTALS - OPERATIONS WITH SALES,SALES,ALL CLASSES,00000000,ZIP CODE,,99707,2018-02-01 12:00:00.000,,ALL PRODUCTION PRACTICES,CROPS,9000,ALASKA,,02,,00,,00,2,AK,99707,YEAR,02,,UNITED STATES,,OPERATIONS,2017,,SALES,ALL UTILIZATION PRACTICES,,ANNUAL
CROP TOTALS,,"SALES: (250,000 OR MORE $)",CROP TOTALS,CENSUS,CROP TOTALS - OPERATIONS WITH SALES,SALES,ALL CLASSES,00000000,ZIP CODE,,99707,2012-01-01 00:00:00.000,,ALL PRODUCTION PRACTICES,CROPS,9000,ALASKA,,02,,00,,00,1,AK,99707,YEAR,02,,UNITED STATES,,OPERATIONS,2007,,SALES,ALL UTILIZATION PRACTICES,,ANNUAL
CROP TOTALS,,"SALES: (250,000 OR MORE $)",CROP TOTALS,CENSUS,CROP TOTALS - OPERATIONS WITH SALES,SALES,ALL CLASSES,00000000,ZIP CODE,,99709,2024-11-07 12:00:00.000,,ALL PRODUCTION PRACTICES,CROPS,9000,ALASKA,,02,,00,,00,1,AK,99709,YEAR,02,,UNITED STATES,,OPERATIONS,2022,,SALES,ALL UTILIZATION PRACTICES,,ANNUAL
CROP TOTALS,,"SALES: (250,000 OR MORE $)",CROP TOTALS,CENSUS,CROP TOTALS - OPERATIONS WITH SALES,SALES,ALL CLASSES,00000000,ZIP CODE,,99709,2018-02-01 12:00:00.000,,ALL PRODUCTION PRACTICES,CROPS,9000,ALASKA,,02,,00,,00,1,AK,99709,YEAR,02,,UNITED STATES,,OPERATIONS,2017,,SALES,ALL UTILIZATION PRACTICES,,ANNUAL
CROP TOTALS,,"SALES: (250,000 OR MORE $)",CROP TOTALS,CENSUS,CROP TOTALS - OPERATIONS WITH SALES,SALES,ALL CLASSES,00000000,ZIP CODE,,99709,2012-01-01 00:00:00.000,,ALL PRODUCTION PRACTICES,CROPS,9000,ALASKA,,02,,00,,00,1,AK,99709,YEAR,02,,UNITED STATES,,OPERATIONS,2007,,SALES,ALL UTILIZATION PRACTICES,,ANNUAL
CROP TOTALS,,"SALES: (250,000 OR MORE $)",CROP TOTALS,CENSUS,CROP TOTALS - OPERATIONS WITH SALES,SALES,ALL CLASSES,00000000,ZIP CODE,,99712,2024-11-07 12:00:00.000,,ALL PRODUCTION PRACTICES,CROPS,9000,ALASKA,,02,,00,,00,1,AK,99712,YEAR,02,,UNITED STATES,,OPERATIONS,2022,,SALES,ALL UTILIZATION PRACTICES,,ANNUAL
CROP TOTALS,,"SALES: (250,000 OR MORE $)",CROP TOTALS,CENSUS,CROP TOTALS - OPERATIONS WITH SALES,SALES,ALL CLASSES,00000000,ZIP CODE,,99712,2018-02-01 12:00:00.000,,ALL PRODUCTION PRACTICES,CROPS,9000,ALASKA,,02,,00,,00,2,AK,99712,YEAR,02,,UNITED STATES,,OPERATIONS,2017,,SALES,ALL UTILIZATION PRACTICES,,ANNUAL
CROP TOTALS,,"SALES: (250,000 OR MORE $)",CROP TOTALS,CENSUS,CROP TOTALS - OPERATIONS WITH SALES,SALES,ALL CLASSES,00000000,ZIP CODE,,99712,2012-01-01 00:00:00.000,,ALL PRODUCTION PRACTICES,CROPS,9000,ALASKA,,02,,00,,00,1,AK,99712,YEAR,02,,UNITED STATES,,OPERATIONS,2007,,SALES,ALL UTILIZATION PRACTICES,,ANNUAL
CROP TOTALS,,"SALES: (250,000 OR MORE $)",CROP TOTALS,CENSUS,CROP TOTALS - OPERATIONS WITH SALES,SALES,ALL CLASSES,00000000,ZIP CODE,,99737,2024-11-07 12:00:00.000,,ALL PRODUCTION PRACTICES,CROPS,9000,ALASKA,,02,,00,,00,6,AK,99737,YEAR,02,,UNITED STATES,,OPERATIONS,2022,,SALES,ALL UTILIZATION PRACTICES,,ANNUAL
CROP TOTALS,,"SALES: (250,000 OR MORE $)",CROP TOTALS,CENSUS,CROP TOTALS - OPERATIONS WITH SALES,SALES,ALL CLASSES,00000000,ZIP CODE,,99737,2018-02-01 12:00:00.000,,ALL PRODUCTION PRACTICES,CROPS,9000,ALASKA,,02,,00,,00,6,AK,99737,YEAR,02,,UNITED STATES,,OPERATIONS,2017,,SALES,ALL UTILIZATION PRACTICES,,ANNUAL
CROP TOTALS,,"SALES: (250,000 OR MORE $)",CROP TOTALS,CENSUS,CROP TOTALS - OPERATIONS WITH SALES,SALES,ALL CLASSES,00000000,ZIP CODE,,99737,2012-01-01 00:00:00.000,,ALL PRODUCTION PRACTICES,CROPS,9000,ALASKA,,02,,00,,00,2,AK,99737,YEAR,02,,UNITED STATES,,OPERATIONS,2007,,SALES,ALL UTILIZATION PRACTICES,,ANNUAL
CROP TOTALS,,"SALES: (250,000 OR MORE $)",CROP TOTALS,CENSUS,CROP TOTALS - OPERATIONS WITH SALES,SALES,ALL CLASSES,00000000,ZIP CODE,,99801,2024-11-07 12:00:00.000,,ALL PRODUCTION PRACTICES,CROPS,9000,ALASKA,,02,,00,,00,1,AK,99801,YEAR,02,,UNITED STATES,,OPERATIONS,2022,,SALES,ALL UTILIZATION PRACTICES,,ANNUAL
CROP TOTALS,,"SALES: (250,000 OR MORE $)",CROP TOTALS,CENSUS,CROP TOTALS - OPERATIONS WITH SALES,SALES,ALL CLASSES,00000000,ZIP CODE,,99801,2018-02-01 12:00:00.000,,ALL PRODUCTION PRACTICES,CROPS,9000,ALASKA,,02,,00,,00,1,AK,99801,YEAR,02,,UNITED STATES,,OPERATIONS,2017,,SALES,ALL UTILIZATION PRACTICES,,ANNUAL
CROP TOTALS,,"SALES: (250,000 OR MORE $)",CROP TOTALS,CENSUS,CROP TOTALS - OPERATIONS WITH SALES,SALES,ALL CLASSES,00000000,ZIP CODE,,99801,2012-01-01 00:00:00.000,,ALL PRODUCTION PRACTICES,CROPS,9000,ALASKA,,02,,00,,00,1,AK,99801,YEAR,02,,UNITED STATES,,OPERATIONS,2007,,SALES,ALL UTILIZATION PRACTICES,,ANNUAL
CROP TOTALS,,"SALES: (250,000 OR MORE $)",CROP TOTALS,CENSUS,CROP TOTALS - OPERATIONS WITH SALES,SALES,ALL CLASSES,00000000,ZIP CODE,,99803,2012-01-01 00:00:00.000,,ALL PRODUCTION PRACTICES,CROPS,9000,ALASKA,,02,,00,,00,1,AK,99803,YEAR,02,,UNITED STATES,,OPERATIONS,2007,,SALES,ALL UTILIZATION PRACTICES,,ANNUAL
CROP TOTALS,,"SALES: (50,000 TO 249,999 $)",CROP TOTALS,CENSUS,CROP TOTALS - OPERATIONS WITH SALES,SALES,ALL CLASSES,00000000,STATE,,,2012-01-01 00:00:00.000,,ALL PRODUCTION PRACTICES,CROPS,9000,ALASKA,,02,,00,,00,61,AK,ALASKA,YEAR,02,,UNITED STATES,,OPERATIONS,2007,,SALES,ALL UTILIZATION PRACTICES,,ANNUAL
CROP TOTALS,,"SALES: (50,000 TO 249,999 $)",CROP TOTALS,CENSUS,CROP TOTALS - OPERATIONS WITH SALES,SALES,ALL CLASSES,00000000,ZIP CODE,,99504,2024-11-07 12:00:00.000,,ALL PRODUCTION PRACTICES,CROPS,9000,ALASKA,,02,,00,,00,1,AK,99504,YEAR,02,,UNITED STATES,,OPERATIONS,2022,,SALES,ALL UTILIZATION PRACTICES,,ANNUAL
CROP TOTALS,,"SALES: (50,000 TO 249,999 $)",CROP TOTALS,CENSUS,CROP TOTALS - OPERATIONS WITH SALES,SALES,ALL CLASSES,00000000,ZIP CODE,,99507,2024-11-07 12:00:00.000,,ALL PRODUCTION PRACTICES,CROPS,9000,ALASKA,,02,,00,,00,1,AK,99507,YEAR,02,,UNITED STATES,,OPERATIONS,2022,,SALES,ALL UTILIZATION PRACTICES,,ANNUAL
CROP TOTALS,,"SALES: (50,000 TO 249,999 $)",CROP TOTALS,CENSUS,CROP TOTALS - OPERATIONS WITH SALES,SALES,ALL CLASSES,00000000,ZIP CODE,,99507,2018-02-01 12:00:00.000,,ALL PRODUCTION PRACTICES,CROPS,9000,ALASKA,,02,,00,,00,1,AK,99507,YEAR,02,,UNITED STATES,,OPERATIONS,2017,,SALES,ALL UTILIZATION PRACTICES,,ANNUAL
CROP TOTALS,,"SALES: (50,000 TO 249,999 $)",CROP TOTALS,CENSUS,CROP TOTALS - OPERATIONS WITH SALES,SALES,ALL CLASSES,00000000,ZIP CODE,,99507,2012-01-01 00:00:00.000,,ALL PRODUCTION PRACTICES,CROPS,9000,ALASKA,,02,,00,,00,1,AK,99507,YEAR,02,,UNITED STATES,,OPERATIONS,2007,,SALES,ALL UTILIZATION PRACTICES,,ANNUAL
CROP TOTALS,,"SALES: (50,000 TO 249,999 $)",CROP TOTALS,CENSUS,CROP TOTALS - OPERATIONS WITH SALES,SALES,ALL CLASSES,00000000,ZIP CODE,,99509,2018-02-01 12:00:00.000,,ALL PRODUCTION PRACTICES,CROPS,9000,ALASKA,,02,,00,,00,1,AK,99509,YEAR,02,,UNITED STATES,,OPERATIONS,2017,,SALES,ALL UTILIZATION PRACTICES,,ANNUAL
CROP TOTALS,,"SALES: (50,000 TO 249,999 $)",CROP TOTALS,CENSUS,CROP TOTALS - OPERATIONS WITH SALES,SALES,ALL CLASSES,00000000,ZIP CODE,,99511,2012-01-01 00:00:00.000,,ALL PRODUCTION PRACTICES,CROPS,9000,ALASKA,,02,,00,,00,1,AK,99511,YEAR,02,,UNITED STATES,,OPERATIONS,2007,,SALES,ALL UTILIZATION PRACTICES,,ANNUAL
CROP TOTALS,,"SALES: (50,000 TO 249,999 $)",CROP TOTALS,CENSUS,CROP TOTALS - OPERATIONS WITH SALES,SALES,ALL CLASSES,00000000,ZIP CODE,,99515,2024-11-07 12:00:00.000,,ALL PRODUCTION PRACTICES,CROPS,9000,ALASKA,,02,,00,,00,1,AK,99515,YEAR,02,,UNITED STATES,,OPERATIONS,2022,,SALES,ALL UTILIZATION PRACTICES,,ANNUAL
CROP TOTALS,,"SALES: (50,000 TO 249,999 $)",CROP TOTALS,CENSUS,CROP TOTALS - OPERATIONS WITH SALES,SALES,ALL CLASSES,00000000,ZIP CODE,,99515,2012-01-01 00:00:00.000,,ALL PRODUCTION PRACTICES,CROPS,9000,ALASKA,,02,,00,,00,2,AK,99515,YEAR,02,,UNITED STATES,,OPERATIONS,2007,,SALES,ALL UTILIZATION PRACTICES,,ANNUAL
CROP TOTALS,,"SALES: (50,000 TO 249,999 $)",CROP TOTALS,CENSUS,CROP TOTALS - OPERATIONS WITH SALES,SALES,ALL CLASSES,00000000,ZIP CODE,,99516,2018-02-01 12:00:00.000,,ALL PRODUCTION PRACTICES,CROPS,9000,ALASKA,,02,,00,,00,2,AK,99516,YEAR,02,,UNITED STATES,,OPERATIONS,2017,,SALES,ALL UTILIZATION PRACTICES,,ANNUAL
CROP TOTALS,,"SALES: (50,000 TO 249,999 $)",CROP TOTALS,CENSUS,CROP TOTALS - OPERATIONS WITH SALES,SALES,ALL CLASSES,00000000,ZIP CODE,,99517,2024-11-07 12:00:00.000,,ALL PRODUCTION PRACTICES,CROPS,9000,ALASKA,,02,,00,,00,1,AK,99517,YEAR,02,,UNITED STATES,,OPERATIONS,2022,,SALES,ALL UTILIZATION PRACTICES,,ANNUAL
CROP TOTALS,,"SALES: (50,000 TO 249,999 $)",CROP TOTALS,CENSUS,CROP TOTALS - OPERATIONS WITH SALES,SALES,ALL CLASSES,00000000,ZIP CODE,,99540,2024-11-07 12:00:00.000,,ALL PRODUCTION PRACTICES,CROPS,9000,ALASKA,,02,,00,,00,1,AK,99540,YEAR,02,,UNITED STATES,,OPERATIONS,2022,,SALES,ALL UTILIZATION PRACTICES,,ANNUAL
CROP TOTALS,,"SALES: (50,000 TO 249,999 $)",CROP TOTALS,CENSUS,CROP TOTALS - OPERATIONS WITH SALES,SALES,ALL CLASSES,00000000,ZIP CODE,,99540,2018-02-01 12:00:00.000,,ALL PRODUCTION PRACTICES,CROPS,9000,ALASKA,,02,,00,,00,1,AK,99540,YEAR,02,,UNITED STATES,,OPERATIONS,2017,,SALES,ALL UTILIZATION PRACTICES,,ANNUAL
CROP TOTALS,,"SALES: (50,000 TO 249,999 $)",CROP TOTALS,CENSUS,CROP TOTALS - OPERATIONS WITH SALES,SALES,ALL CLASSES,00000000,ZIP CODE,,99540,2012-01-01 00:00:00.000,,ALL PRODUCTION PRACTICES,CROPS,9000,ALASKA,,02,,00,,00,1,AK,99540,YEAR,02,,UNITED STATES,,OPERATIONS,2007,,SALES,ALL UTILIZATION PRACTICES,,ANNUAL
CROP TOTALS,,"SALES: (50,000 TO 249,999 $)",CROP TOTALS,CENSUS,CROP TOTALS - OPERATIONS WITH SALES,SALES,ALL CLASSES,00000000,ZIP CODE,,99556,2024-11-07 12:00:00.000,,ALL PRODUCTION PRACTICES,CROPS,9000,ALASKA,,02,,00,,00,2,AK,99556,YEAR,02,,UNITED STATES,,OPERATIONS,2022,,SALES,ALL UTILIZATION PRACTICES,,ANNUAL
CROP TOTALS,,"SALES: (50,000 TO 249,999 $)",CROP TOTALS,CENSUS,CROP TOTALS - OPERATIONS WITH SALES,SALES,ALL CLASSES,00000000,ZIP CODE,,99556,2018-02-01 12:00:00.000,,ALL PRODUCTION PRACTICES,CROPS,9000,ALASKA,,02,,00,,00,1,AK,99556,YEAR,02,,UNITED STATES,,OPERATIONS,2017,,SALES,ALL UTILIZATION PRACTICES,,ANNUAL
CROP TOTALS,,"SALES: (50,000 TO 249,999 $)",CROP TOTALS,CENSUS,CROP TOTALS - OPERATIONS WITH SALES,SALES,ALL CLASSES,00000000,ZIP CODE,,99556,2012-01-01 00:00:00.000,,ALL PRODUCTION PRACTICES,CROPS,9000,ALASKA,,02,,00,,00,1,AK,99556,YEAR,02,,UNITED STATES,,OPERATIONS,2007,,SALES,ALL UTILIZATION PRACTICES,,ANNUAL
CROP TOTALS,,"SALES: (50,000 TO 249,999 $)",CROP TOTALS,CENSUS,CROP TOTALS - OPERATIONS WITH SALES,SALES,ALL CLASSES,00000000,ZIP CODE,,99559,2018-02-01 12:00:00.000,,ALL PRODUCTION PRACTICES,CROPS,9000,ALASKA,,02,,00,,00,1,AK,99559,YEAR,02,,UNITED STATES,,OPERATIONS,2017,,SALES,ALL UTILIZATION PRACTICES,,ANNUAL
CROP TOTALS,,"SALES: (50,000 TO 249,999 $)",CROP TOTALS,CENSUS,CROP TOTALS - OPERATIONS WITH SALES,SALES,ALL CLASSES,00000000,ZIP CODE,,99573,2024-11-07 12:00:00.000,,ALL PRODUCTION PRACTICES,CROPS,9000,ALASKA,,02,,00,,00,1,AK,99573,YEAR,02,,UNITED STATES,,OPERATIONS,2022,,SALES,ALL UTILIZATION PRACTICES,,ANNUAL
CROP TOTALS,,"SALES: (50,000 TO 249,999 $)",CROP TOTALS,CENSUS,CROP TOTALS - OPERATIONS WITH SALES,SALES,ALL CLASSES,00000000,ZIP CODE,,99573,2018-02-01 12:00:00.000,,ALL PRODUCTION PRACTICES,CROPS,9000,ALASKA,,02,,00,,00,1,AK,99573,YEAR,02,,UNITED STATES,,OPERATIONS,2017,,SALES,ALL UTILIZATION PRACTICES,,ANNUAL
CROP TOTALS,,"SALES: (50,000 TO 249,999 $)",CROP TOTALS,CENSUS,CROP TOTALS - OPERATIONS WITH SALES,SALES,ALL CLASSES,00000000,ZIP CODE,,99573,2012-01-01 00:00:00.000,,ALL PRODUCTION PRACTICES,CROPS,9000,ALASKA,,02,,00,,00,1,AK,99573,YEAR,02,,UNITED STATES,,OPERATIONS,2007,,SALES,ALL UTILIZATION PRACTICES,,ANNUAL
CROP TOTALS,,"SALES: (50,000 TO 249,999 $)",CROP TOTALS,CENSUS,CROP TOTALS - OPERATIONS WITH SALES,SALES,ALL CLASSES,00000000,ZIP CODE,,99577,2024-11-07 12:00:00.000,,ALL PRODUCTION PRACTICES,CROPS,9000,ALASKA,,02,,00,,00,1,AK,99577,YEAR,02,,UNITED STATES,,OPERATIONS,2022,,SALES,ALL UTILIZATION PRACTICES,,ANNUAL
CROP TOTALS,,"SALES: (50,000 TO 249,999 $)",CROP TOTALS,CENSUS,CROP TOTALS - OPERATIONS WITH SALES,SALES,ALL CLASSES,00000000,ZIP CODE,,99577,2018-02-01 12:00:00.000,,ALL PRODUCTION PRACTICES,CROPS,9000,ALASKA,,02,,00,,00,1,AK,99577,YEAR,02,,UNITED STATES,,OPERATIONS,2017,,SALES,ALL UTILIZATION PRACTICES,,ANNUAL
CROP TOTALS,,"SALES: (50,000 TO 249,999 $)",CROP TOTALS,CENSUS,CROP TOTALS - OPERATIONS WITH SALES,SALES,ALL CLASSES,00000000,ZIP CODE,,99603,2024-11-07 12:00:00.000,,ALL PRODUCTION PRACTICES,CROPS,9000,ALASKA,,02,,00,,00,10,AK,99603,YEAR,02,,UNITED STATES,,OPERATIONS,2022,,SALES,ALL UTILIZATION PRACTICES,,ANNUAL
CROP TOTALS,,"SALES: (50,000 TO 249,999 $)",CROP TOTALS,CENSUS,CROP TOTALS - OPERATIONS WITH SALES,SALES,ALL CLASSES,00000000,ZIP CODE,,99603,2018-02-01 12:00:00.000,,ALL PRODUCTION PRACTICES,CROPS,9000,ALASKA,,02,,00,,00,3,AK,99603,YEAR,02,,UNITED STATES,,OPERATIONS,2017,,SALES,ALL UTILIZATION PRACTICES,,ANNUAL
CROP TOTALS,,"SALES: (50,000 TO 249,999 $)",CROP TOTALS,CENSUS,CROP TOTALS - OPERATIONS WITH SALES,SALES,ALL CLASSES,00000000,ZIP CODE,,99603,2012-01-01 00:00:00.000,,ALL PRODUCTION PRACTICES,CROPS,9000,ALASKA,,02,,00,,00,1,AK,99603,YEAR,02,,UNITED STATES,,OPERATIONS,2007,,SALES,ALL UTILIZATION PRACTICES,,ANNUAL
CROP TOTALS,,"SALES: (50,000 TO 249,999 $)",CROP TOTALS,CENSUS,CROP TOTALS - OPERATIONS WITH SALES,SALES,ALL CLASSES,00000000,ZIP CODE,,99610,2024-11-07 12:00:00.000,,ALL PRODUCTION PRACTICES,CROPS,9000,ALASKA,,02,,00,,00,1,AK,99610,YEAR,02,,UNITED STATES,,OPERATIONS,2022,,SALES,ALL UTILIZATION PRACTICES,,ANNUAL
CROP TOTALS,,"SALES: (50,000 TO 249,999 $)",CROP TOTALS,CENSUS,CROP TOTALS - OPERATIONS WITH SALES,SALES,ALL CLASSES,00000000,ZIP CODE,,99610,2018-02-01 12:00:00.000,,ALL PRODUCTION PRACTICES,CROPS,9000,ALASKA,,02,,00,,00,1,AK,99610,YEAR,02,,UNITED STATES,,OPERATIONS,2017,,SALES,ALL UTILIZATION PRACTICES,,ANNUAL
CROP TOTALS,,"SALES: (50,000 TO 249,999 $)",CROP TOTALS,CENSUS,CROP TOTALS - OPERATIONS WITH SALES,SALES,ALL CLASSES,00000000,ZIP CODE,,99611,2024-11-07 12:00:00.000,,ALL PRODUCTION PRACTICES,CROPS,9000,ALASKA,,02,,00,,00,1,AK,99611,YEAR,02,,UNITED STATES,,OPERATIONS,2022,,SALES,ALL UTILIZATION PRACTICES,,ANNUAL
CROP TOTALS,,"SALES: (50,000 TO 249,999 $)",CROP TOTALS,CENSUS,CROP TOTALS - OPERATIONS WITH SALES,SALES,ALL CLASSES,00000000,ZIP CODE,,99611,2018-02-01 12:00:00.000,,ALL PRODUCTION PRACTICES,CROPS,9000,ALASKA,,02,,00,,00,2,AK,99611,YEAR,02,,UNITED STATES,,OPERATIONS,2017,,SALES,ALL UTILIZATION PRACTICES,,ANNUAL
CROP TOTALS,,"SALES: (50,000 TO 249,999 $)",CROP TOTALS,CENSUS,CROP TOTALS - OPERATIONS WITH SALES,SALES,ALL CLASSES,00000000,ZIP CODE,,99615,2024-11-07 12:00:00.000,,ALL PRODUCTION PRACTICES,CROPS,9000,ALASKA,,02,,00,,00,4,AK,99615,YEAR,02,,UNITED STATES,,OPERATIONS,2022,,SALES,ALL UTILIZATION PRACTICES,,ANNUAL
CROP TOTALS,,"SALES: (50,000 TO 249,999 $)",CROP TOTALS,CENSUS,CROP TOTALS - OPERATIONS WITH SALES,SALES,ALL CLASSES,00000000,ZIP CODE,,99615,2018-02-01 12:00:00.000,,ALL PRODUCTION PRACTICES,CROPS,9000,ALASKA,,02,,00,,00,1,AK,99615,YEAR,02,,UNITED STATES,,OPERATIONS,2017,,SALES,ALL UTILIZATION PRACTICES,,ANNUAL
CROP TOTALS,,"SALES: (50,000 TO 249,999 $)",CROP TOTALS,CENSUS,CROP TOTALS - OPERATIONS WITH SALES,SALES,ALL CLASSES,00000000,ZIP CODE,,99615,2012-01-01 00:00:00.000,,ALL PRODUCTION PRACTICES,CROPS,9000,ALASKA,,02,,00,,00,1,AK,99615,YEAR,02,,UNITED STATES,,OPERATIONS,2007,,SALES,ALL UTILIZATION PRACTICES,,ANNUAL
CROP TOTALS,,"SALES: (50,000 TO 249,999 $)",CROP TOTALS,CENSUS,CROP TOTALS - OPERATIONS WITH SALES,SALES,ALL CLASSES,00000000,ZIP CODE,,99623,2024-11-07 12:00:00.000,,ALL PRODUCTION PRACTICES,CROPS,9000,ALASKA,,02,,00,,00,2,AK,99623,YEAR,02,,UNITED STATES,,OPERATIONS,2022,,SALES,ALL UTILIZATION PRACTICES,,ANNUAL
CROP TOTALS,,"SALES: (50,000 TO 249,999 $)",CROP TOTALS,CENSUS,CROP TOTALS - OPERATIONS WITH SALES,SALES,ALL CLASSES,00000000,ZIP CODE,,99629,2024-11-07 12:00:00.000,,ALL PRODUCTION PRACTICES,CROPS,9000,ALASKA,,02,,00,,00,1,AK,99629,YEAR,02,,UNITED STATES,,OPERATIONS,2022,,SALES,ALL UTILIZATION PRACTICES,,ANNUAL
CROP TOTALS,,"SALES: (50,000 TO 249,999 $)",CROP TOTALS,CENSUS,CROP TOTALS - OPERATIONS WITH SALES,SALES,ALL CLASSES,00000000,ZIP CODE,,99645,2024-11-07 12:00:00.000,,ALL PRODUCTION PRACTICES,CROPS,9000,ALASKA,,02,,00,,00,17,AK,99645,YEAR,02,,UNITED STATES,,OPERATIONS,2022,,SALES,ALL UTILIZATION PRACTICES,,ANNUAL
CROP TOTALS,,"SALES: (50,000 TO 249,999 $)",CROP TOTALS,CENSUS,CROP TOTALS - OPERATIONS WITH SALES,SALES,ALL CLASSES,00000000,ZIP CODE,,99645,2018-02-01 12:00:00.000,,ALL PRODUCTION PRACTICES,CROPS,9000,ALASKA,,02,,00,,00,21,AK,99645,YEAR,02,,UNITED STATES,,OPERATIONS,2017,,SALES,ALL UTILIZATION PRACTICES,,ANNUAL
CROP TOTALS,,"SALES: (50,000 TO 249,999 $)",CROP TOTALS,CENSUS,CROP TOTALS - OPERATIONS WITH SALES,SALES,ALL CLASSES,00000000,ZIP CODE,,99645,2012-01-01 00:00:00.000,,ALL PRODUCTION PRACTICES,CROPS,9000,ALASKA,,02,,00,,00,20,AK,99645,YEAR,02,,UNITED STATES,,OPERATIONS,2007,,SALES,ALL UTILIZATION PRACTICES,,ANNUAL
CROP TOTALS,,"SALES: (50,000 TO 249,999 $)",CROP TOTALS,CENSUS,CROP TOTALS - OPERATIONS WITH SALES,SALES,ALL CLASSES,00000000,ZIP CODE,,99652,2024-11-07 12:00:00.000,,ALL PRODUCTION PRACTICES,CROPS,9000,ALASKA,,02,,00,,00,2,AK,99652,YEAR,02,,UNITED STATES,,OPERATIONS,2022,,SALES,ALL UTILIZATION PRACTICES,,ANNUAL
CROP TOTALS,,"SALES: (50,000 TO 249,999 $)",CROP TOTALS,CENSUS,CROP TOTALS - OPERATIONS WITH SALES,SALES,ALL CLASSES,00000000,ZIP CODE,,99653,2024-11-07 12:00:00.000,,ALL PRODUCTION PRACTICES,CROPS,9000,ALASKA,,02,,00,,00,1,AK,99653,YEAR,02,,UNITED STATES,,OPERATIONS,2022,,SALES,ALL UTILIZATION PRACTICES,,ANNUAL
CROP TOTALS,,"SALES: (50,000 TO 249,999 $)",CROP TOTALS,CENSUS,CROP TOTALS - OPERATIONS WITH SALES,SALES,ALL CLASSES,00000000,ZIP CODE,,99654,2024-11-07 12:00:00.000,,ALL PRODUCTION PRACTICES,CROPS,9000,ALASKA,,02,,00,,00,3,AK,99654,YEAR,02,,UNITED STATES,,OPERATIONS,2022,,SALES,ALL UTILIZATION PRACTICES,,ANNUAL
CROP TOTALS,,"SALES: (50,000 TO 249,999 $)",CROP TOTALS,CENSUS,CROP TOTALS - OPERATIONS WITH SALES,SALES,ALL CLASSES,00000000,ZIP CODE,,99654,2018-02-01 12:00:00.000,,ALL PRODUCTION PRACTICES,CROPS,9000,ALASKA,,02,,00,,00,3,AK,99654,YEAR,02,,UNITED STATES,,OPERATIONS,2017,,SALES,ALL UTILIZATION PRACTICES,,ANNUAL
CROP TOTALS,,"SALES: (50,000 TO 249,999 $)",CROP TOTALS,CENSUS,CROP TOTALS - OPERATIONS WITH SALES,SALES,ALL CLASSES,00000000,ZIP CODE,,99654,2012-01-01 00:00:00.000,,ALL PRODUCTION PRACTICES,CROPS,9000,ALASKA,,02,,00,,00,3,AK,99654,YEAR,02,,UNITED STATES,,OPERATIONS,2007,,SALES,ALL UTILIZATION PRACTICES,,ANNUAL
CROP TOTALS,,"SALES: (50,000 TO 249,999 $)",CROP TOTALS,CENSUS,CROP TOTALS - OPERATIONS WITH SALES,SALES,ALL CLASSES,00000000,ZIP CODE,,99669,2024-11-07 12:00:00.000,,ALL PRODUCTION PRACTICES,CROPS,9000,ALASKA,,02,,00,,00,5,AK,99669,YEAR,02,,UNITED STATES,,OPERATIONS,2022,,SALES,ALL UTILIZATION PRACTICES,,ANNUAL
CROP TOTALS,,"SALES: (50,000 TO 249,999 $)",CROP TOTALS,CENSUS,CROP TOTALS - OPERATIONS WITH SALES,SALES,ALL CLASSES,00000000,ZIP CODE,,99669,2018-02-01 12:00:00.000,,ALL PRODUCTION PRACTICES,CROPS,9000,ALASKA,,02,,00,,00,4,AK,99669,YEAR,02,,UNITED STATES,,OPERATIONS,2017,,SALES,ALL UTILIZATION PRACTICES,,ANNUAL
CROP TOTALS,,"SALES: (50,000 TO 249,999 $)",CROP TOTALS,CENSUS,CROP TOTALS - OPERATIONS WITH SALES,SALES,ALL CLASSES,00000000,ZIP CODE,,99669,2012-01-01 00:00:00.000,,ALL PRODUCTION PRACTICES,CROPS,9000,ALASKA,,02,,00,,00,1,AK,99669,YEAR,02,,UNITED STATES,,OPERATIONS,2007,,SALES,ALL UTILIZATION PRACTICES,,ANNUAL
CROP TOTALS,,"SALES: (50,000 TO 249,999 $)",CROP TOTALS,CENSUS,CROP TOTALS - OPERATIONS WITH SALES,SALES,ALL CLASSES,00000000,ZIP CODE,,99674,2024-11-07 12:00:00.000,,ALL PRODUCTION PRACTICES,CROPS,9000,ALASKA,,02,,00,,00,1,AK,99674,YEAR,02,,UNITED STATES,,OPERATIONS,2022,,SALES,ALL UTILIZATION PRACTICES,,ANNUAL
CROP TOTALS,,"SALES: (50,000 TO 249,999 $)",CROP TOTALS,CENSUS,CROP TOTALS - OPERATIONS WITH SALES,SALES,ALL CLASSES,00000000,ZIP CODE,,99674,2018-02-01 12:00:00.000,,ALL PRODUCTION PRACTICES,CROPS,9000,ALASKA,,02,,00,,00,1,AK,99674,YEAR,02,,UNITED STATES,,OPERATIONS,2017,,SALES,ALL UTILIZATION PRACTICES,,ANNUAL
CROP TOTALS,,"SALES: (50,000 TO 249,999 $)",CROP TOTALS,CENSUS,CROP TOTALS - OPERATIONS WITH SALES,SALES,ALL CLASSES,00000000,ZIP CODE,,99674,2012-01-01 00:00:00.000,,ALL PRODUCTION PRACTICES,CROPS,9000,ALASKA,,02,,00,,00,1,AK,99674,YEAR,02,,UNITED STATES,,OPERATIONS,2007,,SALES,ALL UTILIZATION PRACTICES,,ANNUAL
CROP TOTALS,,"SALES: (50,000 TO 249,999 $)",CROP TOTALS,CENSUS,CROP TOTALS - OPERATIONS WITH SALES,SALES,ALL CLASSES,00000000,ZIP CODE,,99676,2024-11-07 12:00:00.000,,ALL PRODUCTION PRACTICES,CROPS,9000,ALASKA,,02,,00,,00,1,AK,99676,YEAR,02,,UNITED STATES,,OPERATIONS,2022,,SALES,ALL UTILIZATION PRACTICES,,ANNUAL
CROP TOTALS,,"SALES: (50,000 TO 249,999 $)",CROP TOTALS,CENSUS,CROP TOTALS - OPERATIONS WITH SALES,SALES,ALL CLASSES,00000000,ZIP CODE,,99676,2018-02-01 12:00:00.000,,ALL PRODUCTION PRACTICES,CROPS,9000,ALASKA,,02,,00,,00,1,AK,99676,YEAR,02,,UNITED STATES,,OPERATIONS,2017,,SALES,ALL UTILIZATION PRACTICES,,ANNUAL
CROP TOTALS,,"SALES: (50,000 TO 249,999 $)",CROP TOTALS,CENSUS,CROP TOTALS - OPERATIONS WITH SALES,SALES,ALL CLASSES,00000000,ZIP CODE,,99676,2012-01-01 00:00:00.000,,ALL PRODUCTION PRACTICES,CROPS,9000,ALASKA,,02,,00,,00,1,AK,99676,YEAR,02,,UNITED STATES,,OPERATIONS,2007,,SALES,ALL UTILIZATION PRACTICES,,ANNUAL
CROP TOTALS,,"SALES: (50,000 TO 249,999 $)",CROP TOTALS,CENSUS,CROP TOTALS - OPERATIONS WITH SALES,SALES,ALL CLASSES,00000000,ZIP CODE,,99683,2024-11-07 12:00:00.000,,ALL PRODUCTION PRACTICES,CROPS,9000,ALASKA,,02,,00,,00,1,AK,99683,YEAR,02,,UNITED STATES,,OPERATIONS,2022,,SALES,ALL UTILIZATION PRACTICES,,ANNUAL
CROP TOTALS,,"SALES: (50,000 TO 249,999 $)",CROP TOTALS,CENSUS,CROP TOTALS - OPERATIONS WITH SALES,SALES,ALL CLASSES,00000000,ZIP CODE,,99686,2024-11-07 12:00:00.000,,ALL PRODUCTION PRACTICES,CROPS,9000,ALASKA,,02,,00,,00,1,AK,99686,YEAR,02,,UNITED STATES,,OPERATIONS,2022,,SALES,ALL UTILIZATION PRACTICES,,ANNUAL
CROP TOTALS,,"SALES: (50,000 TO 249,999 $)",CROP TOTALS,CENSUS,CROP TOTALS - OPERATIONS WITH SALES,SALES,ALL CLASSES,00000000,ZIP CODE,,99686,2018-02-01 12:00:00.000,,ALL PRODUCTION PRACTICES,CROPS,9000,ALASKA,,02,,00,,00,1,AK,99686,YEAR,02,,UNITED STATES,,OPERATIONS,2017,,SALES,ALL UTILIZATION PRACTICES,,ANNUAL
CROP TOTALS,,"SALES: (50,000 TO 249,999 $)",CROP TOTALS,CENSUS,CROP TOTALS - OPERATIONS WITH SALES,SALES,ALL CLASSES,00000000,ZIP CODE,,99687,2024-11-07 12:00:00.000,,ALL PRODUCTION PRACTICES,CROPS,9000,ALASKA,,02,,00,,00,1,AK,99687,YEAR,02,,UNITED STATES,,OPERATIONS,2022,,SALES,ALL UTILIZATION PRACTICES,,ANNUAL
CROP TOTALS,,"SALES: (50,000 TO 249,999 $)",CROP TOTALS,CENSUS,CROP TOTALS - OPERATIONS WITH SALES,SALES,ALL CLASSES,00000000,ZIP CODE,,99687,2018-02-01 12:00:00.000,,ALL PRODUCTION PRACTICES,CROPS,9000,ALASKA,,02,,00,,00,3,AK,99687,YEAR,02,,UNITED STATES,,OPERATIONS,2017,,SALES,ALL UTILIZATION PRACTICES,,ANNUAL
CROP TOTALS,,"SALES: (50,000 TO 249,999 $)",CROP TOTALS,CENSUS,CROP TOTALS - OPERATIONS WITH SALES,SALES,ALL CLASSES,00000000,ZIP CODE,,99687,2012-01-01 00:00:00.000,,ALL PRODUCTION PRACTICES,CROPS,9000,ALASKA,,02,,00,,00,5,AK,99687,YEAR,02,,UNITED STATES,,OPERATIONS,2007,,SALES,ALL UTILIZATION PRACTICES,,ANNUAL
CROP TOTALS,,"SALES: (50,000 TO 249,999 $)",CROP TOTALS,CENSUS,CROP TOTALS - OPERATIONS WITH SALES,SALES,ALL CLASSES,00000000,ZIP CODE,,99688,2024-11-07 12:00:00.000,,ALL PRODUCTION PRACTICES,CROPS,9000,ALASKA,,02,,00,,00,1,AK,99688,YEAR,02,,UNITED STATES,,OPERATIONS,2022,,SALES,ALL UTILIZATION PRACTICES,,ANNUAL
CROP TOTALS,,"SALES: (50,000 TO 249,999 $)",CROP TOTALS,CENSUS,CROP TOTALS - OPERATIONS WITH SALES,SALES,ALL CLASSES,00000000,ZIP CODE,,99701,2024-11-07 12:00:00.000,,ALL PRODUCTION PRACTICES,CROPS,9000,ALASKA,,02,,00,,00,1,AK,99701,YEAR,02,,UNITED STATES,,OPERATIONS,2022,,SALES,ALL UTILIZATION PRACTICES,,ANNUAL
CROP TOTALS,,"SALES: (50,000 TO 249,999 $)",CROP TOTALS,CENSUS,CROP TOTALS - OPERATIONS WITH SALES,SALES,ALL CLASSES,00000000,ZIP CODE,,99701,2018-02-01 12:00:00.000,,ALL PRODUCTION PRACTICES,CROPS,9000,ALASKA,,02,,00,,00,1,AK,99701,YEAR,02,,UNITED STATES,,OPERATIONS,2017,,SALES,ALL UTILIZATION PRACTICES,,ANNUAL
CROP TOTALS,,"SALES: (50,000 TO 249,999 $)",CROP TOTALS,CENSUS,CROP TOTALS - OPERATIONS WITH SALES,SALES,ALL CLASSES,00000000,ZIP CODE,,99705,2024-11-07 12:00:00.000,,ALL PRODUCTION PRACTICES,CROPS,9000,ALASKA,,02,,00,,00,3,AK,99705,YEAR,02,,UNITED STATES,,OPERATIONS,2022,,SALES,ALL UTILIZATION PRACTICES,,ANNUAL
CROP TOTALS,,"SALES: (50,000 TO 249,999 $)",CROP TOTALS,CENSUS,CROP TOTALS - OPERATIONS WITH SALES,SALES,ALL CLASSES,00000000,ZIP CODE,,99705,2018-02-01 12:00:00.000,,ALL PRODUCTION PRACTICES,CROPS,9000,ALASKA,,02,,00,,00,3,AK,99705,YEAR,02,,UNITED STATES,,OPERATIONS,2017,,SALES,ALL UTILIZATION PRACTICES,,ANNUAL
CROP TOTALS,,"SALES: (50,000 TO 249,999 $)",CROP TOTALS,CENSUS,CROP TOTALS - OPERATIONS WITH SALES,SALES,ALL CLASSES,00000000,ZIP CODE,,99705,2012-01-01 00:00:00.000,,ALL PRODUCTION PRACTICES,CROPS,9000,ALASKA,,02,,00,,00,1,AK,99705,YEAR,02,,UNITED STATES,,OPERATIONS,2007,,SALES,ALL UTILIZATION PRACTICES,,ANNUAL
CROP TOTALS,,"SALES: (50,000 TO 249,999 $)",CROP TOTALS,CENSUS,CROP TOTALS - OPERATIONS WITH SALES,SALES,ALL CLASSES,00000000,ZIP CODE,,99708,2024-11-07 12:00:00.000,,ALL PRODUCTION PRACTICES,CROPS,9000,ALASKA,,02,,00,,00,1,AK,99708,YEAR,02,,UNITED STATES,,OPERATIONS,2022,,SALES,ALL UTILIZATION PRACTICES,,ANNUAL
CROP TOTALS,,"SALES: (50,000 TO 249,999 $)",CROP TOTALS,CENSUS,CROP TOTALS - OPERATIONS WITH SALES,SALES,ALL CLASSES,00000000,ZIP CODE,,99708,2012-01-01 00:00:00.000,,ALL PRODUCTION PRACTICES,CROPS,9000,ALASKA,,02,,00,,00,1,AK,99708,YEAR,02,,UNITED STATES,,OPERATIONS,2007,,SALES,ALL UTILIZATION PRACTICES,,ANNUAL
CROP TOTALS,,"SALES: (50,000 TO 249,999 $)",CROP TOTALS,CENSUS,CROP TOTALS - OPERATIONS WITH SALES,SALES,ALL CLASSES,00000000,ZIP CODE,,99709,2024-11-07 12:00:00.000,,ALL PRODUCTION PRACTICES,CROPS,9000,ALASKA,,02,,00,,00,1,AK,99709,YEAR,02,,UNITED STATES,,OPERATIONS,2022,,SALES,ALL UTILIZATION PRACTICES,,ANNUAL
CROP TOTALS,,"SALES: (50,000 TO 249,999 $)",CROP TOTALS,CENSUS,CROP TOTALS - OPERATIONS WITH SALES,SALES,ALL CLASSES,00000000,ZIP CODE,,99709,2018-02-01 12:00:00.000,,ALL PRODUCTION PRACTICES,CROPS,9000,ALASKA,,02,,00,,00,1,AK,99709,YEAR,02,,UNITED STATES,,OPERATIONS,2017,,SALES,ALL UTILIZATION PRACTICES,,ANNUAL
CROP TOTALS,,"SALES: (50,000 TO 249,999 $)",CROP TOTALS,CENSUS,CROP TOTALS - OPERATIONS WITH SALES,SALES,ALL CLASSES,00000000,ZIP CODE,,99709,2012-01-01 00:00:00.000,,ALL PRODUCTION PRACTICES,CROPS,9000,ALASKA,,02,,00,,00,1,AK,99709,YEAR,02,,UNITED STATES,,OPERATIONS,2007,,SALES,ALL UTILIZATION PRACTICES,,ANNUAL
CROP TOTALS,,"SALES: (50,000 TO 249,999 $)",CROP TOTALS,CENSUS,CROP TOTALS - OPERATIONS WITH SALES,SALES,ALL CLASSES,00000000,ZIP CODE,,99712,2024-11-07 12:00:00.000,,ALL PRODUCTION PRACTICES,CROPS,9000,ALASKA,,02,,00,,00,3,AK,99712,YEAR,02,,UNITED STATES,,OPERATIONS,2022,,SALES,ALL UTILIZATION PRACTICES,,ANNUAL
CROP TOTALS,,"SALES: (50,000 TO 249,999 $)",CROP TOTALS,CENSUS,CROP TOTALS - OPERATIONS WITH SALES,SALES,ALL CLASSES,00000000,ZIP CODE,,99712,2018-02-01 12:00:00.000,,ALL PRODUCTION PRACTICES,CROPS,9000,ALASKA,,02,,00,,00,1,AK,99712,YEAR,02,,UNITED STATES,,OPERATIONS,2017,,SALES,ALL UTILIZATION PRACTICES,,ANNUAL
CROP TOTALS,,"SALES: (50,000 TO 249,999 $)",CROP TOTALS,CENSUS,CROP TOTALS - OPERATIONS WITH SALES,SALES,ALL CLASSES,00000000,ZIP CODE,,99712,2012-01-01 00:00:00.000,,ALL PRODUCTION PRACTICES,CROPS,9000,ALASKA,,02,,00,,00,2,AK,99712,YEAR,02,,UNITED STATES,,OPERATIONS,2007,,SALES,ALL UTILIZATION PRACTICES,,ANNUAL
CROP TOTALS,,"SALES: (50,000 TO 249,999 $)",CROP TOTALS,CENSUS,CROP TOTALS - OPERATIONS WITH SALES,SALES,ALL CLASSES,00000000,ZIP CODE,,99716,2024-11-07 12:00:00.000,,ALL PRODUCTION PRACTICES,CROPS,9000,ALASKA,,02,,00,,00,1,AK,99716,YEAR,02,,UNITED STATES,,OPERATIONS,2022,,SALES,ALL UTILIZATION PRACTICES,,ANNUAL
CROP TOTALS,,"SALES: (50,000 TO 249,999 $)",CROP TOTALS,CENSUS,CROP TOTALS - OPERATIONS WITH SALES,SALES,ALL CLASSES,00000000,ZIP CODE,,99716,2018-02-01 12:00:00.000,,ALL PRODUCTION PRACTICES,CROPS,9000,ALASKA,,02,,00,,00,1,AK,99716,YEAR,02,,UNITED STATES,,OPERATIONS,2017,,SALES,ALL UTILIZATION PRACTICES,,ANNUAL
CROP TOTALS,,"SALES: (50,000 TO 249,999 $)",CROP TOTALS,CENSUS,CROP TOTALS - OPERATIONS WITH SALES,SALES,ALL CLASSES,00000000,ZIP CODE,,99725,2024-11-07 12:00:00.000,,ALL PRODUCTION PRACTICES,CROPS,9000,ALASKA,,02,,00,,00,2,AK,99725,YEAR,02,,UNITED STATES,,OPERATIONS,2022,,SALES,ALL UTILIZATION PRACTICES,,ANNUAL
CROP TOTALS,,"SALES: (50,000 TO 249,999 $)",CROP TOTALS,CENSUS,CROP TOTALS - OPERATIONS WITH SALES,SALES,ALL CLASSES,00000000,ZIP CODE,,99725,2018-02-01 12:00:00.000,,ALL PRODUCTION PRACTICES,CROPS,9000,ALASKA,,02,,00,,00,2,AK,99725,YEAR,02,,UNITED STATES,,OPERATIONS,2017,,SALES,ALL UTILIZATION PRACTICES,,ANNUAL
CROP TOTALS,,"SALES: (50,000 TO 249,999 $)",CROP TOTALS,CENSUS,CROP TOTALS - OPERATIONS WITH SALES,SALES,ALL CLASSES,00000000,ZIP CODE,,99725,2012-01-01 00:00:00.000,,ALL PRODUCTION PRACTICES,CROPS,9000,ALASKA,,02,,00,,00,3,AK,99725,YEAR,02,,UNITED STATES,,OPERATIONS,2007,,SALES,ALL UTILIZATION PRACTICES,,ANNUAL
CROP TOTALS,,"SALES: (50,000 TO 249,999 $)",CROP TOTALS,CENSUS,CROP TOTALS - OPERATIONS WITH SALES,SALES,ALL CLASSES,00000000,ZIP CODE,,99737,2024-11-07 12:00:00.000,,ALL PRODUCTION PRACTICES,CROPS,9000,ALASKA,,02,,00,,00,13,AK,99737,YEAR,02,,UNITED STATES,,OPERATIONS,2022,,SALES,ALL UTILIZATION PRACTICES,,ANNUAL
CROP TOTALS,,"SALES: (50,000 TO 249,999 $)",CROP TOTALS,CENSUS,CROP TOTALS - OPERATIONS WITH SALES,SALES,ALL CLASSES,00000000,ZIP CODE,,99737,2018-02-01 12:00:00.000,,ALL PRODUCTION PRACTICES,CROPS,9000,ALASKA,,02,,00,,00,9,AK,99737,YEAR,02,,UNITED STATES,,OPERATIONS,2017,,SALES,ALL UTILIZATION PRACTICES,,ANNUAL
CROP TOTALS,,"SALES: (50,000 TO 249,999 $)",CROP TOTALS,CENSUS,CROP TOTALS - OPERATIONS WITH SALES,SALES,ALL CLASSES,00000000,ZIP CODE,,99737,2012-01-01 00:00:00.000,,ALL PRODUCTION PRACTICES,CROPS,9000,ALASKA,,02,,00,,00,10,AK,99737,YEAR,02,,UNITED STATES,,OPERATIONS,2007,,SALES,ALL UTILIZATION PRACTICES,,ANNUAL
CROP TOTALS,,"SALES: (50,000 TO 249,999 $)",CROP TOTALS,CENSUS,CROP TOTALS - OPERATIONS WITH SALES,SALES,ALL CLASSES,00000000,ZIP CODE,,99743,2018-02-01 12:00:00.000,,ALL PRODUCTION PRACTICES,CROPS,9000,ALASKA,,02,,00,,00,1,AK,99743,YEAR,02,,UNITED STATES,,OPERATIONS,2017,,SALES,ALL UTILIZATION PRACTICES,,ANNUAL
CROP TOTALS,,"SALES: (50,000 TO 249,999 $)",CROP TOTALS,CENSUS,CROP TOTALS - OPERATIONS WITH SALES,SALES,ALL CLASSES,00000000,ZIP CODE,,99774,2018-02-01 12:00:00.000,,ALL PRODUCTION PRACTICES,CROPS,9000,ALASKA,,02,,00,,00,1,AK,99774,YEAR,02,,UNITED STATES,,OPERATIONS,2017,,SALES,ALL UTILIZATION PRACTICES,,ANNUAL
CROP TOTALS,,"SALES: (50,000 TO 249,999 $)",CROP TOTALS,CENSUS,CROP TOTALS - OPERATIONS WITH SALES,SALES,ALL CLASSES,00000000,ZIP CODE,,99801,2024-11-07 12:00:00.000,,ALL PRODUCTION PRACTICES,CROPS,9000,ALASKA,,02,,00,,00,1,AK,99801,YEAR,02,,UNITED STATES,,OPERATIONS,2022,,SALES,ALL UTILIZATION PRACTICES,,ANNUAL
CROP TOTALS,,"SALES: (50,000 TO 249,999 $)",CROP TOTALS,CENSUS,CROP TOTALS - OPERATIONS WITH SALES,SALES,ALL CLASSES,00000000,ZIP CODE,,99803,2018-02-01 12:00:00.000,,ALL PRODUCTION PRACTICES,CROPS,9000,ALASKA,,02,,00,,00,1,AK,99803,YEAR,02,,UNITED STATES,,OPERATIONS,2017,,SALES,ALL UTILIZATION PRACTICES,,ANNUAL
CROP TOTALS,,"SALES: (50,000 TO 249,999 $)",CROP TOTALS,CENSUS,CROP TOTALS - OPERATIONS WITH SALES,SALES,ALL CLASSES,00000000,ZIP CODE,,99827,2024-11-07 12:00:00.000,,ALL PRODUCTION PRACTICES,CROPS,9000,ALASKA,,02,,00,,00,1,AK,99827,YEAR,02,,UNITED STATES,,OPERATIONS,2022,,SALES,ALL UTILIZATION PRACTICES,,ANNUAL
CROP TOTALS,,"SALES: (50,000 TO 249,999 $)",CROP TOTALS,CENSUS,CROP TOTALS - OPERATIONS WITH SALES,SALES,ALL CLASSES,00000000,ZIP CODE,,99827,2018-02-01 12:00:00.000,,ALL PRODUCTION PRACTICES,CROPS,9000,ALASKA,,02,,00,,00,1,AK,99827,YEAR,02,,UNITED STATES,,OPERATIONS,2017,,SALES,ALL UTILIZATION PRACTICES,,ANNUAL
CROP TOTALS,,"SALES: (50,000 TO 249,999 $)",CROP TOTALS,CENSUS,CROP TOTALS - OPERATIONS WITH SALES,SALES,ALL CLASSES,00000000,ZIP CODE,,99827,2012-01-01 00:00:00.000,,ALL PRODUCTION PRACTICES,CROPS,9000,ALASKA,,02,,00,,00,1,AK,99827,YEAR,02,,UNITED STATES,,OPERATIONS,2007,,SALES,ALL UTILIZATION PRACTICES,,ANNUAL
CROP TOTALS,,"SALES: (50,000 TO 249,999 $)",CROP TOTALS,CENSUS,CROP TOTALS - OPERATIONS WITH SALES,SALES,ALL CLASSES,00000000,ZIP CODE,,99833,2024-11-07 12:00:00.000,,ALL PRODUCTION PRACTICES,CROPS,9000,ALASKA,,02,,00,,00,1,AK,99833,YEAR,02,,UNITED STATES,,OPERATIONS,2022,,SALES,ALL UTILIZATION PRACTICES,,ANNUAL
CROP TOTALS,,"SALES: (50,000 TO 249,999 $)",CROP TOTALS,CENSUS,CROP TOTALS - OPERATIONS WITH SALES,SALES,ALL CLASSES,00000000,ZIP CODE,,99833,2018-02-01 12:00:00.000,,ALL PRODUCTION PRACTICES,CROPS,9000,ALASKA,,02,,00,,00,2,AK,99833,YEAR,02,,UNITED STATES,,OPERATIONS,2017,,SALES,ALL UTILIZATION PRACTICES,,ANNUAL
CROP TOTALS,,"SALES: (50,000 TO 249,999 $)",CROP TOTALS,CENSUS,CROP TOTALS - OPERATIONS WITH SALES,SALES,ALL CLASSES,00000000,ZIP CODE,,99833,2012-01-01 00:00:00.000,,ALL PRODUCTION PRACTICES,CROPS,9000,ALASKA,,02,,00,,00,2,AK,99833,YEAR,02,,UNITED STATES,,OPERATIONS,2007,,SALES,ALL UTILIZATION PRACTICES,,ANNUAL
CROP TOTALS,,"SALES: (50,000 TO 249,999 $)",CROP TOTALS,CENSUS,CROP TOTALS - OPERATIONS WITH SALES,SALES,ALL CLASSES,00000000,ZIP CODE,,99999,2024-11-07 12:00:00.000,,ALL PRODUCTION PRACTICES,CROPS,9000,ALASKA,,02,,00,,00,1,AK,99999,YEAR,02,,UNITED STATES,,OPERATIONS,2022,,SALES,ALL UTILIZATION PRACTICES,,ANNUAL
CROP TOTALS,,"SALES: (LESS THAN 50,000 $)",CROP TOTALS,CENSUS,CROP TOTALS - OPERATIONS WITH SALES,SALES,ALL CLASSES,00000000,STATE,,,2012-01-01 00:00:00.000,,ALL PRODUCTION PRACTICES,CROPS,9000,ALASKA,,02,,00,,00,302,AK,ALASKA,YEAR,02,,UNITED STATES,,OPERATIONS,2007,,SALES,ALL UTILIZATION PRACTICES,,ANNUAL
CROP TOTALS,,"SALES: (LESS THAN 50,000 $)",CROP TOTALS,CENSUS,CROP TOTALS - OPERATIONS WITH SALES,SALES,ALL CLASSES,00000000,ZIP CODE,,99501,2018-02-01 12:00:00.000,,ALL PRODUCTION PRACTICES,CROPS,9000,ALASKA,,02,,00,,00,2,AK,99501,YEAR,02,,UNITED STATES,,OPERATIONS,2017,,SALES,ALL UTILIZATION PRACTICES,,ANNUAL
CROP TOTALS,,"SALES: (LESS THAN 50,000 $)",CROP TOTALS,CENSUS,CROP TOTALS - OPERATIONS WITH SALES,SALES,ALL CLASSES,00000000,ZIP CODE,,99502,2024-11-07 12:00:00.000,,ALL PRODUCTION PRACTICES,CROPS,9000,ALASKA,,02,,00,,00,2,AK,99502,YEAR,02,,UNITED STATES,,OPERATIONS,2022,,SALES,ALL UTILIZATION PRACTICES,,ANNUAL
CROP TOTALS,,"SALES: (LESS THAN 50,000 $)",CROP TOTALS,CENSUS,CROP TOTALS - OPERATIONS WITH SALES,SALES,ALL CLASSES,00000000,ZIP CODE,,99502,2018-02-01 12:00:00.000,,ALL PRODUCTION PRACTICES,CROPS,9000,ALASKA,,02,,00,,00,1,AK,99502,YEAR,02,,UNITED STATES,,OPERATIONS,2017,,SALES,ALL UTILIZATION PRACTICES,,ANNUAL
CROP TOTALS,,"SALES: (LESS THAN 50,000 $)",CROP TOTALS,CENSUS,CROP TOTALS - OPERATIONS WITH SALES,SALES,ALL CLASSES,00000000,ZIP CODE,,99503,2024-11-07 12:00:00.000,,ALL PRODUCTION PRACTICES,CROPS,9000,ALASKA,,02,,00,,00,3,AK,99503,YEAR,02,,UNITED STATES,,OPERATIONS,2022,,SALES,ALL UTILIZATION PRACTICES,,ANNUAL
CROP TOTALS,,"SALES: (LESS THAN 50,000 $)",CROP TOTALS,CENSUS,CROP TOTALS - OPERATIONS WITH SALES,SALES,ALL CLASSES,00000000,ZIP CODE,,99503,2018-02-01 12:00:00.000,,ALL PRODUCTION PRACTICES,CROPS,9000,ALASKA,,02,,00,,00,2,AK,99503,YEAR,02,,UNITED STATES,,OPERATIONS,2017,,SALES,ALL UTILIZATION PRACTICES,,ANNUAL
CROP TOTALS,,"SALES: (LESS THAN 50,000 $)",CROP TOTALS,CENSUS,CROP TOTALS - OPERATIONS WITH SALES,SALES,ALL CLASSES,00000000,ZIP CODE,,99503,2012-01-01 00:00:00.000,,ALL PRODUCTION PRACTICES,CROPS,9000,ALASKA,,02,,00,,00,1,AK,99503,YEAR,02,,UNITED STATES,,OPERATIONS,2007,,SALES,ALL UTILIZATION PRACTICES,,ANNUAL
CROP TOTALS,,"SALES: (LESS THAN 50,000 $)",CROP TOTALS,CENSUS,CROP TOTALS - OPERATIONS WITH SALES,SALES,ALL CLASSES,00000000,ZIP CODE,,99504,2024-11-07 12:00:00.000,,ALL PRODUCTION PRACTICES,CROPS,9000,ALASKA,,02,,00,,00,2,AK,99504,YEAR,02,,UNITED STATES,,OPERATIONS,2022,,SALES,ALL UTILIZATION PRACTICES,,ANNUAL
CROP TOTALS,,"SALES: (LESS THAN 50,000 $)",CROP TOTALS,CENSUS,CROP TOTALS - OPERATIONS WITH SALES,SALES,ALL CLASSES,00000000,ZIP CODE,,99504,2018-02-01 12:00:00.000,,ALL PRODUCTION PRACTICES,CROPS,9000,ALASKA,,02,,00,,00,4,AK,99504,YEAR,02,,UNITED STATES,,OPERATIONS,2017,,SALES,ALL UTILIZATION PRACTICES,,ANNUAL
CROP TOTALS,,"SALES: (LESS THAN 50,000 $)",CROP TOTALS,CENSUS,CROP TOTALS - OPERATIONS WITH SALES,SALES,ALL CLASSES,00000000,ZIP CODE,,99507,2024-11-07 12:00:00.000,,ALL PRODUCTION PRACTICES,CROPS,9000,ALASKA,,02,,00,,00,6,AK,99507,YEAR,02,,UNITED STATES,,OPERATIONS,2022,,SALES,ALL UTILIZATION PRACTICES,,ANNUAL
CROP TOTALS,,"SALES: (LESS THAN 50,000 $)",CROP TOTALS,CENSUS,CROP TOTALS - OPERATIONS WITH SALES,SALES,ALL CLASSES,00000000,ZIP CODE,,99507,2018-02-01 12:00:00.000,,ALL PRODUCTION PRACTICES,CROPS,9000,ALASKA,,02,,00,,00,2,AK,99507,YEAR,02,,UNITED STATES,,OPERATIONS,2017,,SALES,ALL UTILIZATION PRACTICES,,ANNUAL
CROP TOTALS,,"SALES: (LESS THAN 50,000 $)",CROP TOTALS,CENSUS,CROP TOTALS - OPERATIONS WITH SALES,SALES,ALL CLASSES,00000000,ZIP CODE,,99507,2012-01-01 00:00:00.000,,ALL PRODUCTION PRACTICES,CROPS,9000,ALASKA,,02,,00,,00,1,AK,99507,YEAR,02,,UNITED STATES,,OPERATIONS,2007,,SALES,ALL UTILIZATION PRACTICES,,ANNUAL
CROP TOTALS,,"SALES: (LESS THAN 50,000 $)",CROP TOTALS,CENSUS,CROP TOTALS - OPERATIONS WITH SALES,SALES,ALL CLASSES,00000000,ZIP CODE,,99508,2024-11-07 12:00:00.000,,ALL PRODUCTION PRACTICES,CROPS,9000,ALASKA,,02,,00,,00,2,AK,99508,YEAR,02,,UNITED STATES,,OPERATIONS,2022,,SALES,ALL UTILIZATION PRACTICES,,ANNUAL
CROP TOTALS,,"SALES: (LESS THAN 50,000 $)",CROP TOTALS,CENSUS,CROP TOTALS - OPERATIONS WITH SALES,SALES,ALL CLASSES,00000000,ZIP CODE,,99508,2018-02-01 12:00:00.000,,ALL PRODUCTION PRACTICES,CROPS,9000,ALASKA,,02,,00,,00,1,AK,99508,YEAR,02,,UNITED STATES,,OPERATIONS,2017,,SALES,ALL UTILIZATION PRACTICES,,ANNUAL
CROP TOTALS,,"SALES: (LESS THAN 50,000 $)",CROP TOTALS,CENSUS,CROP TOTALS - OPERATIONS WITH SALES,SALES,ALL CLASSES,00000000,ZIP CODE,,99509,2024-11-07 12:00:00.000,,ALL PRODUCTION PRACTICES,CROPS,9000,ALASKA,,02,,00,,00,1,AK,99509,YEAR,02,,UNITED STATES,,OPERATIONS,2022,,SALES,ALL UTILIZATION PRACTICES,,ANNUAL
CROP TOTALS,,"SALES: (LESS THAN 50,000 $)",CROP TOTALS,CENSUS,CROP TOTALS - OPERATIONS WITH SALES,SALES,ALL CLASSES,00000000,ZIP CODE,,99509,2012-01-01 00:00:00.000,,ALL PRODUCTION PRACTICES,CROPS,9000,ALASKA,,02,,00,,00,1,AK,99509,YEAR,02,,UNITED STATES,,OPERATIONS,2007,,SALES,ALL UTILIZATION PRACTICES,,ANNUAL
CROP TOTALS,,"SALES: (LESS THAN 50,000 $)",CROP TOTALS,CENSUS,CROP TOTALS - OPERATIONS WITH SALES,SALES,ALL CLASSES,00000000,ZIP CODE,,99511,2024-11-07 12:00:00.000,,ALL PRODUCTION PRACTICES,CROPS,9000,ALASKA,,02,,00,,00,1,AK,99511,YEAR,02,,UNITED STATES,,OPERATIONS,2022,,SALES,ALL UTILIZATION PRACTICES,,ANNUAL
CROP TOTALS,,"SALES: (LESS THAN 50,000 $)",CROP TOTALS,CENSUS,CROP TOTALS - OPERATIONS WITH SALES,SALES,ALL CLASSES,00000000,ZIP CODE,,99511,2018-02-01 12:00:00.000,,ALL PRODUCTION PRACTICES,CROPS,9000,ALASKA,,02,,00,,00,1,AK,99511,YEAR,02,,UNITED STATES,,OPERATIONS,2017,,SALES,ALL UTILIZATION PRACTICES,,ANNUAL
CROP TOTALS,,"SALES: (LESS THAN 50,000 $)",CROP TOTALS,CENSUS,CROP TOTALS - OPERATIONS WITH SALES,SALES,ALL CLASSES,00000000,ZIP CODE,,99511,2012-01-01 00:00:00.000,,ALL PRODUCTION PRACTICES,CROPS,9000,ALASKA,,02,,00,,00,1,AK,99511,YEAR,02,,UNITED STATES,,OPERATIONS,2007,,SALES,ALL UTILIZATION PRACTICES,,ANNUAL
CROP TOTALS,,"SALES: (LESS THAN 50,000 $)",CROP TOTALS,CENSUS,CROP TOTALS - OPERATIONS WITH SALES,SALES,ALL CLASSES,00000000,ZIP CODE,,99515,2024-11-07 12:00:00.000,,ALL PRODUCTION PRACTICES,CROPS,9000,ALASKA,,02,,00,,00,3,AK,99515,YEAR,02,,UNITED STATES,,OPERATIONS,2022,,SALES,ALL UTILIZATION PRACTICES,,ANNUAL
CROP TOTALS,,"SALES: (LESS THAN 50,000 $)",CROP TOTALS,CENSUS,CROP TOTALS - OPERATIONS WITH SALES,SALES,ALL CLASSES,00000000,ZIP CODE,,99515,2018-02-01 12:00:00.000,,ALL PRODUCTION PRACTICES,CROPS,9000,ALASKA,,02,,00,,00,5,AK,99515,YEAR,02,,UNITED STATES,,OPERATIONS,2017,,SALES,ALL UTILIZATION PRACTICES,,ANNUAL
CROP TOTALS,,"SALES: (LESS THAN 50,000 $)",CROP TOTALS,CENSUS,CROP TOTALS - OPERATIONS WITH SALES,SALES,ALL CLASSES,00000000,ZIP CODE,,99516,2024-11-07 12:00:00.000,,ALL PRODUCTION PRACTICES,CROPS,9000,ALASKA,,02,,00,,00,5,AK,99516,YEAR,02,,UNITED STATES,,OPERATIONS,2022,,SALES,ALL UTILIZATION PRACTICES,,ANNUAL
CROP TOTALS,,"SALES: (LESS THAN 50,000 $)",CROP TOTALS,CENSUS,CROP TOTALS - OPERATIONS WITH SALES,SALES,ALL CLASSES,00000000,ZIP CODE,,99516,2018-02-01 12:00:00.000,,ALL PRODUCTION PRACTICES,CROPS,9000,ALASKA,,02,,00,,00,5,AK,99516,YEAR,02,,UNITED STATES,,OPERATIONS,2017,,SALES,ALL UTILIZATION PRACTICES,,ANNUAL
CROP TOTALS,,"SALES: (LESS THAN 50,000 $)",CROP TOTALS,CENSUS,CROP TOTALS - OPERATIONS WITH SALES,SALES,ALL CLASSES,00000000,ZIP CODE,,99516,2012-01-01 00:00:00.000,,ALL PRODUCTION PRACTICES,CROPS,9000,ALASKA,,02,,00,,00,1,AK,99516,YEAR,02,,UNITED STATES,,OPERATIONS,2007,,SALES,ALL UTILIZATION PRACTICES,,ANNUAL
CROP TOTALS,,"SALES: (LESS THAN 50,000 $)",CROP TOTALS,CENSUS,CROP TOTALS - OPERATIONS WITH SALES,SALES,ALL CLASSES,00000000,ZIP CODE,,99517,2024-11-07 12:00:00.000,,ALL PRODUCTION PRACTICES,CROPS,9000,ALASKA,,02,,00,,00,3,AK,99517,YEAR,02,,UNITED STATES,,OPERATIONS,2022,,SALES,ALL UTILIZATION PRACTICES,,ANNUAL
CROP TOTALS,,"SALES: (LESS THAN 50,000 $)",CROP TOTALS,CENSUS,CROP TOTALS - OPERATIONS WITH SALES,SALES,ALL CLASSES,00000000,ZIP CODE,,99517,2018-02-01 12:00:00.000,,ALL PRODUCTION PRACTICES,CROPS,9000,ALASKA,,02,,00,,00,4,AK,99517,YEAR,02,,UNITED STATES,,OPERATIONS,2017,,SALES,ALL UTILIZATION PRACTICES,,ANNUAL
CROP TOTALS,,"SALES: (LESS THAN 50,000 $)",CROP TOTALS,CENSUS,CROP TOTALS - OPERATIONS WITH SALES,SALES,ALL CLASSES,00000000,ZIP CODE,,99520,2018-02-01 12:00:00.000,,ALL PRODUCTION PRACTICES,CROPS,9000,ALASKA,,02,,00,,00,1,AK,99520,YEAR,02,,UNITED STATES,,OPERATIONS,2017,,SALES,ALL UTILIZATION PRACTICES,,ANNUAL
CROP TOTALS,,"SALES: (LESS THAN 50,000 $)",CROP TOTALS,CENSUS,CROP TOTALS - OPERATIONS WITH SALES,SALES,ALL CLASSES,00000000,ZIP CODE,,99522,2018-02-01 12:00:00.000,,ALL PRODUCTION PRACTICES,CROPS,9000,ALASKA,,02,,00,,00,1,AK,99522,YEAR,02,,UNITED STATES,,OPERATIONS,2017,,SALES,ALL UTILIZATION PRACTICES,,ANNUAL
CROP TOTALS,,"SALES: (LESS THAN 50,000 $)",CROP TOTALS,CENSUS,CROP TOTALS - OPERATIONS WITH SALES,SALES,ALL CLASSES,00000000,ZIP CODE,,99522,2012-01-01 00:00:00.000,,ALL PRODUCTION PRACTICES,CROPS,9000,ALASKA,,02,,00,,00,1,AK,99522,YEAR,02,,UNITED STATES,,OPERATIONS,2007,,SALES,ALL UTILIZATION PRACTICES,,ANNUAL
CROP TOTALS,,"SALES: (LESS THAN 50,000 $)",CROP TOTALS,CENSUS,CROP TOTALS - OPERATIONS WITH SALES,SALES,ALL CLASSES,00000000,ZIP CODE,,99523,2018-02-01 12:00:00.000,,ALL PRODUCTION PRACTICES,CROPS,9000,ALASKA,,02,,00,,00,1,AK,99523,YEAR,02,,UNITED STATES,,OPERATIONS,2017,,SALES,ALL UTILIZATION PRACTICES,,ANNUAL
CROP TOTALS,,"SALES: (LESS THAN 50,000 $)",CROP TOTALS,CENSUS,CROP TOTALS - OPERATIONS WITH SALES,SALES,ALL CLASSES,00000000,ZIP CODE,,99556,2024-11-07 12:00:00.000,,ALL PRODUCTION PRACTICES,CROPS,9000,ALASKA,,02,,00,,00,26,AK,99556,YEAR,02,,UNITED STATES,,OPERATIONS,2022,,SALES,ALL UTILIZATION PRACTICES,,ANNUAL
CROP TOTALS,,"SALES: (LESS THAN 50,000 $)",CROP TOTALS,CENSUS,CROP TOTALS - OPERATIONS WITH SALES,SALES,ALL CLASSES,00000000,ZIP CODE,,99556,2018-02-01 12:00:00.000,,ALL PRODUCTION PRACTICES,CROPS,9000,ALASKA,,02,,00,,00,25,AK,99556,YEAR,02,,UNITED STATES,,OPERATIONS,2017,,SALES,ALL UTILIZATION PRACTICES,,ANNUAL
CROP TOTALS,,"SALES: (LESS THAN 50,000 $)",CROP TOTALS,CENSUS,CROP TOTALS - OPERATIONS WITH SALES,SALES,ALL CLASSES,00000000,ZIP CODE,,99556,2012-01-01 00:00:00.000,,ALL PRODUCTION PRACTICES,CROPS,9000,ALASKA,,02,,00,,00,3,AK,99556,YEAR,02,,UNITED STATES,,OPERATIONS,2007,,SALES,ALL UTILIZATION PRACTICES,,ANNUAL
CROP TOTALS,,"SALES: (LESS THAN 50,000 $)",CROP TOTALS,CENSUS,CROP TOTALS - OPERATIONS WITH SALES,SALES,ALL CLASSES,00000000,ZIP CODE,,99557,2024-11-07 12:00:00.000,,ALL PRODUCTION PRACTICES,CROPS,9000,ALASKA,,02,,00,,00,2,AK,99557,YEAR,02,,UNITED STATES,,OPERATIONS,2022,,SALES,ALL UTILIZATION PRACTICES,,ANNUAL
CROP TOTALS,,"SALES: (LESS THAN 50,000 $)",CROP TOTALS,CENSUS,CROP TOTALS - OPERATIONS WITH SALES,SALES,ALL CLASSES,00000000,ZIP CODE,,99557,2018-02-01 12:00:00.000,,ALL PRODUCTION PRACTICES,CROPS,9000,ALASKA,,02,,00,,00,1,AK,99557,YEAR,02,,UNITED STATES,,OPERATIONS,2017,,SALES,ALL UTILIZATION PRACTICES,,ANNUAL
CROP TOTALS,,"SALES: (LESS THAN 50,000 $)",CROP TOTALS,CENSUS,CROP TOTALS - OPERATIONS WITH SALES,SALES,ALL CLASSES,00000000,ZIP CODE,,99557,2012-01-01 00:00:00.000,,ALL PRODUCTION PRACTICES,CROPS,9000,ALASKA,,02,,00,,00,1,AK,99557,YEAR,02,,UNITED STATES,,OPERATIONS,2007,,SALES,ALL UTILIZATION PRACTICES,,ANNUAL
CROP TOTALS,,"SALES: (LESS THAN 50,000 $)",CROP TOTALS,CENSUS,CROP TOTALS - OPERATIONS WITH SALES,SALES,ALL CLASSES,00000000,ZIP CODE,,99559,2024-11-07 12:00:00.000,,ALL PRODUCTION PRACTICES,CROPS,9000,ALASKA,,02,,00,,00,4,AK,99559,YEAR,02,,UNITED STATES,,OPERATIONS,2022,,SALES,ALL UTILIZATION PRACTICES,,ANNUAL
CROP TOTALS,,"SALES: (LESS THAN 50,000 $)",CROP TOTALS,CENSUS,CROP TOTALS - OPERATIONS WITH SALES,SALES,ALL CLASSES,00000000,ZIP CODE,,99559,2018-02-01 12:00:00.000,,ALL PRODUCTION PRACTICES,CROPS,9000,ALASKA,,02,,00,,00,2,AK,99559,YEAR,02,,UNITED STATES,,OPERATIONS,2017,,SALES,ALL UTILIZATION PRACTICES,,ANNUAL
CROP TOTALS,,"SALES: (LESS THAN 50,000 $)",CROP TOTALS,CENSUS,CROP TOTALS - OPERATIONS WITH SALES,SALES,ALL CLASSES,00000000,ZIP CODE,,99566,2024-11-07 12:00:00.000,,ALL PRODUCTION PRACTICES,CROPS,9000,ALASKA,,02,,00,,00,2,AK,99566,YEAR,02,,UNITED STATES,,OPERATIONS,2022,,SALES,ALL UTILIZATION PRACTICES,,ANNUAL
CROP TOTALS,,"SALES: (LESS THAN 50,000 $)",CROP TOTALS,CENSUS,CROP TOTALS - OPERATIONS WITH SALES,SALES,ALL CLASSES,00000000,ZIP CODE,,99566,2018-02-01 12:00:00.000,,ALL PRODUCTION PRACTICES,CROPS,9000,ALASKA,,02,,00,,00,2,AK,99566,YEAR,02,,UNITED STATES,,OPERATIONS,2017,,SALES,ALL UTILIZATION PRACTICES,,ANNUAL
CROP TOTALS,,"SALES: (LESS THAN 50,000 $)",CROP TOTALS,CENSUS,CROP TOTALS - OPERATIONS WITH SALES,SALES,ALL CLASSES,00000000,ZIP CODE,,99566,2012-01-01 00:00:00.000,,ALL PRODUCTION PRACTICES,CROPS,9000,ALASKA,,02,,00,,00,1,AK,99566,YEAR,02,,UNITED STATES,,OPERATIONS,2007,,SALES,ALL UTILIZATION PRACTICES,,ANNUAL
CROP TOTALS,,"SALES: (LESS THAN 50,000 $)",CROP TOTALS,CENSUS,CROP TOTALS - OPERATIONS WITH SALES,SALES,ALL CLASSES,00000000,ZIP CODE,,99567,2024-11-07 12:00:00.000,,ALL PRODUCTION PRACTICES,CROPS,9000,ALASKA,,02,,00,,00,6,AK,99567,YEAR,02,,UNITED STATES,,OPERATIONS,2022,,SALES,ALL UTILIZATION PRACTICES,,ANNUAL
CROP TOTALS,,"SALES: (LESS THAN 50,000 $)",CROP TOTALS,CENSUS,CROP TOTALS - OPERATIONS WITH SALES,SALES,ALL CLASSES,00000000,ZIP CODE,,99567,2018-02-01 12:00:00.000,,ALL PRODUCTION PRACTICES,CROPS,9000,ALASKA,,02,,00,,00,2,AK,99567,YEAR,02,,UNITED STATES,,OPERATIONS,2017,,SALES,ALL UTILIZATION PRACTICES,,ANNUAL
CROP TOTALS,,"SALES: (LESS THAN 50,000 $)",CROP TOTALS,CENSUS,CROP TOTALS - OPERATIONS WITH SALES,SALES,ALL CLASSES,00000000,ZIP CODE,,99567,2012-01-01 00:00:00.000,,ALL PRODUCTION PRACTICES,CROPS,9000,ALASKA,,02,,00,,00,2,AK,99567,YEAR,02,,UNITED STATES,,OPERATIONS,2007,,SALES,ALL UTILIZATION PRACTICES,,ANNUAL
CROP TOTALS,,"SALES: (LESS THAN 50,000 $)",CROP TOTALS,CENSUS,CROP TOTALS - OPERATIONS WITH SALES,SALES,ALL CLASSES,00000000,ZIP CODE,,99568,2024-11-07 12:00:00.000,,ALL PRODUCTION PRACTICES,CROPS,9000,ALASKA,,02,,00,,00,1,AK,99568,YEAR,02,,UNITED STATES,,OPERATIONS,2022,,SALES,ALL UTILIZATION PRACTICES,,ANNUAL
CROP TOTALS,,"SALES: (LESS THAN 50,000 $)",CROP TOTALS,CENSUS,CROP TOTALS - OPERATIONS WITH SALES,SALES,ALL CLASSES,00000000,ZIP CODE,,99568,2012-01-01 00:00:00.000,,ALL PRODUCTION PRACTICES,CROPS,9000,ALASKA,,02,,00,,00,1,AK,99568,YEAR,02,,UNITED STATES,,OPERATIONS,2007,,SALES,ALL UTILIZATION PRACTICES,,ANNUAL
CROP TOTALS,,"SALES: (LESS THAN 50,000 $)",CROP TOTALS,CENSUS,CROP TOTALS - OPERATIONS WITH SALES,SALES,ALL CLASSES,00000000,ZIP CODE,,99572,2018-02-01 12:00:00.000,,ALL PRODUCTION PRACTICES,CROPS,9000,ALASKA,,02,,00,,00,2,AK,99572,YEAR,02,,UNITED STATES,,OPERATIONS,2017,,SALES,ALL UTILIZATION PRACTICES,,ANNUAL
CROP TOTALS,,"SALES: (LESS THAN 50,000 $)",CROP TOTALS,CENSUS,CROP TOTALS - OPERATIONS WITH SALES,SALES,ALL CLASSES,00000000,ZIP CODE,,99573,2024-11-07 12:00:00.000,,ALL PRODUCTION PRACTICES,CROPS,9000,ALASKA,,02,,00,,00,11,AK,99573,YEAR,02,,UNITED STATES,,OPERATIONS,2022,,SALES,ALL UTILIZATION PRACTICES,,ANNUAL
CROP TOTALS,,"SALES: (LESS THAN 50,000 $)",CROP TOTALS,CENSUS,CROP TOTALS - OPERATIONS WITH SALES,SALES,ALL CLASSES,00000000,ZIP CODE,,99573,2018-02-01 12:00:00.000,,ALL PRODUCTION PRACTICES,CROPS,9000,ALASKA,,02,,00,,00,7,AK,99573,YEAR,02,,UNITED STATES,,OPERATIONS,2017,,SALES,ALL UTILIZATION PRACTICES,,ANNUAL
CROP TOTALS,,"SALES: (LESS THAN 50,000 $)",CROP TOTALS,CENSUS,CROP TOTALS - OPERATIONS WITH SALES,SALES,ALL CLASSES,00000000,ZIP CODE,,99573,2012-01-01 00:00:00.000,,ALL PRODUCTION PRACTICES,CROPS,9000,ALASKA,,02,,00,,00,6,AK,99573,YEAR,02,,UNITED STATES,,OPERATIONS,2007,,SALES,ALL UTILIZATION PRACTICES,,ANNUAL
CROP TOTALS,,"SALES: (LESS THAN 50,000 $)",CROP TOTALS,CENSUS,CROP TOTALS - OPERATIONS WITH SALES,SALES,ALL CLASSES,00000000,ZIP CODE,,99574,2024-11-07 12:00:00.000,,ALL PRODUCTION PRACTICES,CROPS,9000,ALASKA,,02,,00,,00,1,AK,99574,YEAR,02,,UNITED STATES,,OPERATIONS,2022,,SALES,ALL UTILIZATION PRACTICES,,ANNUAL
CROP TOTALS,,"SALES: (LESS THAN 50,000 $)",CROP TOTALS,CENSUS,CROP TOTALS - OPERATIONS WITH SALES,SALES,ALL CLASSES,00000000,ZIP CODE,,99576,2024-11-07 12:00:00.000,,ALL PRODUCTION PRACTICES,CROPS,9000,ALASKA,,02,,00,,00,4,AK,99576,YEAR,02,,UNITED STATES,,OPERATIONS,2022,,SALES,ALL UTILIZATION PRACTICES,,ANNUAL
CROP TOTALS,,"SALES: (LESS THAN 50,000 $)",CROP TOTALS,CENSUS,CROP TOTALS - OPERATIONS WITH SALES,SALES,ALL CLASSES,00000000,ZIP CODE,,99576,2018-02-01 12:00:00.000,,ALL PRODUCTION PRACTICES,CROPS,9000,ALASKA,,02,,00,,00,6,AK,99576,YEAR,02,,UNITED STATES,,OPERATIONS,2017,,SALES,ALL UTILIZATION PRACTICES,,ANNUAL
CROP TOTALS,,"SALES: (LESS THAN 50,000 $)",CROP TOTALS,CENSUS,CROP TOTALS - OPERATIONS WITH SALES,SALES,ALL CLASSES,00000000,ZIP CODE,,99576,2012-01-01 00:00:00.000,,ALL PRODUCTION PRACTICES,CROPS,9000,ALASKA,,02,,00,,00,1,AK,99576,YEAR,02,,UNITED STATES,,OPERATIONS,2007,,SALES,ALL UTILIZATION PRACTICES,,ANNUAL
CROP TOTALS,,"SALES: (LESS THAN 50,000 $)",CROP TOTALS,CENSUS,CROP TOTALS - OPERATIONS WITH SALES,SALES,ALL CLASSES,00000000,ZIP CODE,,99577,2024-11-07 12:00:00.000,,ALL PRODUCTION PRACTICES,CROPS,9000,ALASKA,,02,,00,,00,4,AK,99577,YEAR,02,,UNITED STATES,,OPERATIONS,2022,,SALES,ALL UTILIZATION PRACTICES,,ANNUAL
CROP TOTALS,,"SALES: (LESS THAN 50,000 $)",CROP TOTALS,CENSUS,CROP TOTALS - OPERATIONS WITH SALES,SALES,ALL CLASSES,00000000,ZIP CODE,,99577,2018-02-01 12:00:00.000,,ALL PRODUCTION PRACTICES,CROPS,9000,ALASKA,,02,,00,,00,5,AK,99577,YEAR,02,,UNITED STATES,,OPERATIONS,2017,,SALES,ALL UTILIZATION PRACTICES,,ANNUAL
CROP TOTALS,,"SALES: (LESS THAN 50,000 $)",CROP TOTALS,CENSUS,CROP TOTALS - OPERATIONS WITH SALES,SALES,ALL CLASSES,00000000,ZIP CODE,,99577,2012-01-01 00:00:00.000,,ALL PRODUCTION PRACTICES,CROPS,9000,ALASKA,,02,,00,,00,2,AK,99577,YEAR,02,,UNITED STATES,,OPERATIONS,2007,,SALES,ALL UTILIZATION PRACTICES,,ANNUAL
CROP TOTALS,,"SALES: (LESS THAN 50,000 $)",CROP TOTALS,CENSUS,CROP TOTALS - OPERATIONS WITH SALES,SALES,ALL CLASSES,00000000,ZIP CODE,,99586,2024-11-07 12:00:00.000,,ALL PRODUCTION PRACTICES,CROPS,9000,ALASKA,,02,,00,,00,1,AK,99586,YEAR,02,,UNITED STATES,,OPERATIONS,2022,,SALES,ALL UTILIZATION PRACTICES,,ANNUAL
CROP TOTALS,,"SALES: (LESS THAN 50,000 $)",CROP TOTALS,CENSUS,CROP TOTALS - OPERATIONS WITH SALES,SALES,ALL CLASSES,00000000,ZIP CODE,,99586,2018-02-01 12:00:00.000,,ALL PRODUCTION PRACTICES,CROPS,9000,ALASKA,,02,,00,,00,1,AK,99586,YEAR,02,,UNITED STATES,,OPERATIONS,2017,,SALES,ALL UTILIZATION PRACTICES,,ANNUAL
CROP TOTALS,,"SALES: (LESS THAN 50,000 $)",CROP TOTALS,CENSUS,CROP TOTALS - OPERATIONS WITH SALES,SALES,ALL CLASSES,00000000,ZIP CODE,,99586,2012-01-01 00:00:00.000,,ALL PRODUCTION PRACTICES,CROPS,9000,ALASKA,,02,,00,,00,3,AK,99586,YEAR,02,,UNITED STATES,,OPERATIONS,2007,,SALES,ALL UTILIZATION PRACTICES,,ANNUAL
CROP TOTALS,,"SALES: (LESS THAN 50,000 $)",CROP TOTALS,CENSUS,CROP TOTALS - OPERATIONS WITH SALES,SALES,ALL CLASSES,00000000,ZIP CODE,,99587,2018-02-01 12:00:00.000,,ALL PRODUCTION PRACTICES,CROPS,9000,ALASKA,,02,,00,,00,1,AK,99587,YEAR,02,,UNITED STATES,,OPERATIONS,2017,,SALES,ALL UTILIZATION PRACTICES,,ANNUAL
CROP TOTALS,,"SALES: (LESS THAN 50,000 $)",CROP TOTALS,CENSUS,CROP TOTALS - OPERATIONS WITH SALES,SALES,ALL CLASSES,00000000,ZIP CODE,,99588,2024-11-07 12:00:00.000,,ALL PRODUCTION PRACTICES,CROPS,9000,ALASKA,,02,,00,,00,4,AK,99588,YEAR,02,,UNITED STATES,,OPERATIONS,2022,,SALES,ALL UTILIZATION PRACTICES,,ANNUAL
CROP TOTALS,,"SALES: (LESS THAN 50,000 $)",CROP TOTALS,CENSUS,CROP TOTALS - OPERATIONS WITH SALES,SALES,ALL CLASSES,00000000,ZIP CODE,,99588,2018-02-01 12:00:00.000,,ALL PRODUCTION PRACTICES,CROPS,9000,ALASKA,,02,,00,,00,4,AK,99588,YEAR,02,,UNITED STATES,,OPERATIONS,2017,,SALES,ALL UTILIZATION PRACTICES,,ANNUAL
CROP TOTALS,,"SALES: (LESS THAN 50,000 $)",CROP TOTALS,CENSUS,CROP TOTALS - OPERATIONS WITH SALES,SALES,ALL CLASSES,00000000,ZIP CODE,,99603,2024-11-07 12:00:00.000,,ALL PRODUCTION PRACTICES,CROPS,9000,ALASKA,,02,,00,,00,60,AK,99603,YEAR,02,,UNITED STATES,,OPERATIONS,2022,,SALES,ALL UTILIZATION PRACTICES,,ANNUAL
CROP TOTALS,,"SALES: (LESS THAN 50,000 $)",CROP TOTALS,CENSUS,CROP TOTALS - OPERATIONS WITH SALES,SALES,ALL CLASSES,00000000,ZIP CODE,,99603,2018-02-01 12:00:00.000,,ALL PRODUCTION PRACTICES,CROPS,9000,ALASKA,,02,,00,,00,62,AK,99603,YEAR,02,,UNITED STATES,,OPERATIONS,2017,,SALES,ALL UTILIZATION PRACTICES,,ANNUAL
CROP TOTALS,,"SALES: (LESS THAN 50,000 $)",CROP TOTALS,CENSUS,CROP TOTALS - OPERATIONS WITH SALES,SALES,ALL CLASSES,00000000,ZIP CODE,,99603,2012-01-01 00:00:00.000,,ALL PRODUCTION PRACTICES,CROPS,9000,ALASKA,,02,,00,,00,22,AK,99603,YEAR,02,,UNITED STATES,,OPERATIONS,2007,,SALES,ALL UTILIZATION PRACTICES,,ANNUAL
CROP TOTALS,,"SALES: (LESS THAN 50,000 $)",CROP TOTALS,CENSUS,CROP TOTALS - OPERATIONS WITH SALES,SALES,ALL CLASSES,00000000,ZIP CODE,,99610,2024-11-07 12:00:00.000,,ALL PRODUCTION PRACTICES,CROPS,9000,ALASKA,,02,,00,,00,15,AK,99610,YEAR,02,,UNITED STATES,,OPERATIONS,2022,,SALES,ALL UTILIZATION PRACTICES,,ANNUAL
CROP TOTALS,,"SALES: (LESS THAN 50,000 $)",CROP TOTALS,CENSUS,CROP TOTALS - OPERATIONS WITH SALES,SALES,ALL CLASSES,00000000,ZIP CODE,,99610,2018-02-01 12:00:00.000,,ALL PRODUCTION PRACTICES,CROPS,9000,ALASKA,,02,,00,,00,8,AK,99610,YEAR,02,,UNITED STATES,,OPERATIONS,2017,,SALES,ALL UTILIZATION PRACTICES,,ANNUAL
CROP TOTALS,,"SALES: (LESS THAN 50,000 $)",CROP TOTALS,CENSUS,CROP TOTALS - OPERATIONS WITH SALES,SALES,ALL CLASSES,00000000,ZIP CODE,,99610,2012-01-01 00:00:00.000,,ALL PRODUCTION PRACTICES,CROPS,9000,ALASKA,,02,,00,,00,4,AK,99610,YEAR,02,,UNITED STATES,,OPERATIONS,2007,,SALES,ALL UTILIZATION PRACTICES,,ANNUAL
CROP TOTALS,,"SALES: (LESS THAN 50,000 $)",CROP TOTALS,CENSUS,CROP TOTALS - OPERATIONS WITH SALES,SALES,ALL CLASSES,00000000,ZIP CODE,,99611,2024-11-07 12:00:00.000,,ALL PRODUCTION PRACTICES,CROPS,9000,ALASKA,,02,,00,,00,18,AK,99611,YEAR,02,,UNITED STATES,,OPERATIONS,2022,,SALES,ALL UTILIZATION PRACTICES,,ANNUAL
CROP TOTALS,,"SALES: (LESS THAN 50,000 $)",CROP TOTALS,CENSUS,CROP TOTALS - OPERATIONS WITH SALES,SALES,ALL CLASSES,00000000,ZIP CODE,,99611,2018-02-01 12:00:00.000,,ALL PRODUCTION PRACTICES,CROPS,9000,ALASKA,,02,,00,,00,15,AK,99611,YEAR,02,,UNITED STATES,,OPERATIONS,2017,,SALES,ALL UTILIZATION PRACTICES,,ANNUAL
CROP TOTALS,,"SALES: (LESS THAN 50,000 $)",CROP TOTALS,CENSUS,CROP TOTALS - OPERATIONS WITH SALES,SALES,ALL CLASSES,00000000,ZIP CODE,,99611,2012-01-01 00:00:00.000,,ALL PRODUCTION PRACTICES,CROPS,9000,ALASKA,,02,,00,,00,5,AK,99611,YEAR,02,,UNITED STATES,,OPERATIONS,2007,,SALES,ALL UTILIZATION PRACTICES,,ANNUAL
CROP TOTALS,,"SALES: (LESS THAN 50,000 $)",CROP TOTALS,CENSUS,CROP TOTALS - OPERATIONS WITH SALES,SALES,ALL CLASSES,00000000,ZIP CODE,,99613,2024-11-07 12:00:00.000,,ALL PRODUCTION PRACTICES,CROPS,9000,ALASKA,,02,,00,,00,1,AK,99613,YEAR,02,,UNITED STATES,,OPERATIONS,2022,,SALES,ALL UTILIZATION PRACTICES,,ANNUAL
CROP TOTALS,,"SALES: (LESS THAN 50,000 $)",CROP TOTALS,CENSUS,CROP TOTALS - OPERATIONS WITH SALES,SALES,ALL CLASSES,00000000,ZIP CODE,,99613,2018-02-01 12:00:00.000,,ALL PRODUCTION PRACTICES,CROPS,9000,ALASKA,,02,,00,,00,1,AK,99613,YEAR,02,,UNITED STATES,,OPERATIONS,2017,,SALES,ALL UTILIZATION PRACTICES,,ANNUAL
CROP TOTALS,,"SALES: (LESS THAN 50,000 $)",CROP TOTALS,CENSUS,CROP TOTALS - OPERATIONS WITH SALES,SALES,ALL CLASSES,00000000,ZIP CODE,,99615,2024-11-07 12:00:00.000,,ALL PRODUCTION PRACTICES,CROPS,9000,ALASKA,,02,,00,,00,8,AK,99615,YEAR,02,,UNITED STATES,,OPERATIONS,2022,,SALES,ALL UTILIZATION PRACTICES,,ANNUAL
CROP TOTALS,,"SALES: (LESS THAN 50,000 $)",CROP TOTALS,CENSUS,CROP TOTALS - OPERATIONS WITH SALES,SALES,ALL CLASSES,00000000,ZIP CODE,,99615,2018-02-01 12:00:00.000,,ALL PRODUCTION PRACTICES,CROPS,9000,ALASKA,,02,,00,,00,10,AK,99615,YEAR,02,,UNITED STATES,,OPERATIONS,2017,,SALES,ALL UTILIZATION PRACTICES,,ANNUAL
CROP TOTALS,,"SALES: (LESS THAN 50,000 $)",CROP TOTALS,CENSUS,CROP TOTALS - OPERATIONS WITH SALES,SALES,ALL CLASSES,00000000,ZIP CODE,,99615,2012-01-01 00:00:00.000,,ALL PRODUCTION PRACTICES,CROPS,9000,ALASKA,,02,,00,,00,3,AK,99615,YEAR,02,,UNITED STATES,,OPERATIONS,2007,,SALES,ALL UTILIZATION PRACTICES,,ANNUAL
CROP TOTALS,,"SALES: (LESS THAN 50,000 $)",CROP TOTALS,CENSUS,CROP TOTALS - OPERATIONS WITH SALES,SALES,ALL CLASSES,00000000,ZIP CODE,,99623,2024-11-07 12:00:00.000,,ALL PRODUCTION PRACTICES,CROPS,9000,ALASKA,,02,,00,,00,15,AK,99623,YEAR,02,,UNITED STATES,,OPERATIONS,2022,,SALES,ALL UTILIZATION PRACTICES,,ANNUAL
CROP TOTALS,,"SALES: (LESS THAN 50,000 $)",CROP TOTALS,CENSUS,CROP TOTALS - OPERATIONS WITH SALES,SALES,ALL CLASSES,00000000,ZIP CODE,,99623,2018-02-01 12:00:00.000,,ALL PRODUCTION PRACTICES,CROPS,9000,ALASKA,,02,,00,,00,12,AK,99623,YEAR,02,,UNITED STATES,,OPERATIONS,2017,,SALES,ALL UTILIZATION PRACTICES,,ANNUAL
CROP TOTALS,,"SALES: (LESS THAN 50,000 $)",CROP TOTALS,CENSUS,CROP TOTALS - OPERATIONS WITH SALES,SALES,ALL CLASSES,00000000,ZIP CODE,,99624,2024-11-07 12:00:00.000,,ALL PRODUCTION PRACTICES,CROPS,9000,ALASKA,,02,,00,,00,1,AK,99624,YEAR,02,,UNITED STATES,,OPERATIONS,2022,,SALES,ALL UTILIZATION PRACTICES,,ANNUAL
CROP TOTALS,,"SALES: (LESS THAN 50,000 $)",CROP TOTALS,CENSUS,CROP TOTALS - OPERATIONS WITH SALES,SALES,ALL CLASSES,00000000,ZIP CODE,,99629,2018-02-01 12:00:00.000,,ALL PRODUCTION PRACTICES,CROPS,9000,ALASKA,,02,,00,,00,1,AK,99629,YEAR,02,,UNITED STATES,,OPERATIONS,2017,,SALES,ALL UTILIZATION PRACTICES,,ANNUAL
CROP TOTALS,,"SALES: (LESS THAN 50,000 $)",CROP TOTALS,CENSUS,CROP TOTALS - OPERATIONS WITH SALES,SALES,ALL CLASSES,00000000,ZIP CODE,,99629,2012-01-01 00:00:00.000,,ALL PRODUCTION PRACTICES,CROPS,9000,ALASKA,,02,,00,,00,1,AK,99629,YEAR,02,,UNITED STATES,,OPERATIONS,2007,,SALES,ALL UTILIZATION PRACTICES,,ANNUAL
CROP TOTALS,,"SALES: (LESS THAN 50,000 $)",CROP TOTALS,CENSUS,CROP TOTALS - OPERATIONS WITH SALES,SALES,ALL CLASSES,00000000,ZIP CODE,,99633,2024-11-07 12:00:00.000,,ALL PRODUCTION PRACTICES,CROPS,9000,ALASKA,,02,,00,,00,1,AK,99633,YEAR,02,,UNITED STATES,,OPERATIONS,2022,,SALES,ALL UTILIZATION PRACTICES,,ANNUAL
CROP TOTALS,,"SALES: (LESS THAN 50,000 $)",CROP TOTALS,CENSUS,CROP TOTALS - OPERATIONS WITH SALES,SALES,ALL CLASSES,00000000,ZIP CODE,,99633,2018-02-01 12:00:00.000,,ALL PRODUCTION PRACTICES,CROPS,9000,ALASKA,,02,,00,,00,1,AK,99633,YEAR,02,,UNITED STATES,,OPERATIONS,2017,,SALES,ALL UTILIZATION PRACTICES,,ANNUAL
CROP TOTALS,,"SALES: (LESS THAN 50,000 $)",CROP TOTALS,CENSUS,CROP TOTALS - OPERATIONS WITH SALES,SALES,ALL CLASSES,00000000,ZIP CODE,,99635,2024-11-07 12:00:00.000,,ALL PRODUCTION PRACTICES,CROPS,9000,ALASKA,,02,,00,,00,4,AK,99635,YEAR,02,,UNITED STATES,,OPERATIONS,2022,,SALES,ALL UTILIZATION PRACTICES,,ANNUAL
CROP TOTALS,,"SALES: (LESS THAN 50,000 $)",CROP TOTALS,CENSUS,CROP TOTALS - OPERATIONS WITH SALES,SALES,ALL CLASSES,00000000,ZIP CODE,,99639,2024-11-07 12:00:00.000,,ALL PRODUCTION PRACTICES,CROPS,9000,ALASKA,,02,,00,,00,6,AK,99639,YEAR,02,,UNITED STATES,,OPERATIONS,2022,,SALES,ALL UTILIZATION PRACTICES,,ANNUAL
CROP TOTALS,,"SALES: (LESS THAN 50,000 $)",CROP TOTALS,CENSUS,CROP TOTALS - OPERATIONS WITH SALES,SALES,ALL CLASSES,00000000,ZIP CODE,,99639,2018-02-01 12:00:00.000,,ALL PRODUCTION PRACTICES,CROPS,9000,ALASKA,,02,,00,,00,9,AK,99639,YEAR,02,,UNITED STATES,,OPERATIONS,2017,,SALES,ALL UTILIZATION PRACTICES,,ANNUAL
CROP TOTALS,,"SALES: (LESS THAN 50,000 $)",CROP TOTALS,CENSUS,CROP TOTALS - OPERATIONS WITH SALES,SALES,ALL CLASSES,00000000,ZIP CODE,,99639,2012-01-01 00:00:00.000,,ALL PRODUCTION PRACTICES,CROPS,9000,ALASKA,,02,,00,,00,2,AK,99639,YEAR,02,,UNITED STATES,,OPERATIONS,2007,,SALES,ALL UTILIZATION PRACTICES,,ANNUAL
CROP TOTALS,,"SALES: (LESS THAN 50,000 $)",CROP TOTALS,CENSUS,CROP TOTALS - OPERATIONS WITH SALES,SALES,ALL CLASSES,00000000,ZIP CODE,,99644,2024-11-07 12:00:00.000,,ALL PRODUCTION PRACTICES,CROPS,9000,ALASKA,,02,,00,,00,2,AK,99644,YEAR,02,,UNITED STATES,,OPERATIONS,2022,,SALES,ALL UTILIZATION PRACTICES,,ANNUAL
CROP TOTALS,,"SALES: (LESS THAN 50,000 $)",CROP TOTALS,CENSUS,CROP TOTALS - OPERATIONS WITH SALES,SALES,ALL CLASSES,00000000,ZIP CODE,,99644,2018-02-01 12:00:00.000,,ALL PRODUCTION PRACTICES,CROPS,9000,ALASKA,,02,,00,,00,1,AK,99644,YEAR,02,,UNITED STATES,,OPERATIONS,2017,,SALES,ALL UTILIZATION PRACTICES,,ANNUAL
CROP TOTALS,,"SALES: (LESS THAN 50,000 $)",CROP TOTALS,CENSUS,CROP TOTALS - OPERATIONS WITH SALES,SALES,ALL CLASSES,00000000,ZIP CODE,,99645,2024-11-07 12:00:00.000,,ALL PRODUCTION PRACTICES,CROPS,9000,ALASKA,,02,,00,,00,61,AK,99645,YEAR,02,,UNITED STATES,,OPERATIONS,2022,,SALES,ALL UTILIZATION PRACTICES,,ANNUAL
CROP TOTALS,,"SALES: (LESS THAN 50,000 $)",CROP TOTALS,CENSUS,CROP TOTALS - OPERATIONS WITH SALES,SALES,ALL CLASSES,00000000,ZIP CODE,,99645,2018-02-01 12:00:00.000,,ALL PRODUCTION PRACTICES,CROPS,9000,ALASKA,,02,,00,,00,54,AK,99645,YEAR,02,,UNITED STATES,,OPERATIONS,2017,,SALES,ALL UTILIZATION PRACTICES,,ANNUAL
CROP TOTALS,,"SALES: (LESS THAN 50,000 $)",CROP TOTALS,CENSUS,CROP TOTALS - OPERATIONS WITH SALES,SALES,ALL CLASSES,00000000,ZIP CODE,,99645,2012-01-01 00:00:00.000,,ALL PRODUCTION PRACTICES,CROPS,9000,ALASKA,,02,,00,,00,47,AK,99645,YEAR,02,,UNITED STATES,,OPERATIONS,2007,,SALES,ALL UTILIZATION PRACTICES,,ANNUAL
CROP TOTALS,,"SALES: (LESS THAN 50,000 $)",CROP TOTALS,CENSUS,CROP TOTALS - OPERATIONS WITH SALES,SALES,ALL CLASSES,00000000,ZIP CODE,,99652,2024-11-07 12:00:00.000,,ALL PRODUCTION PRACTICES,CROPS,9000,ALASKA,,02,,00,,00,5,AK,99652,YEAR,02,,UNITED STATES,,OPERATIONS,2022,,SALES,ALL UTILIZATION PRACTICES,,ANNUAL
CROP TOTALS,,"SALES: (LESS THAN 50,000 $)",CROP TOTALS,CENSUS,CROP TOTALS - OPERATIONS WITH SALES,SALES,ALL CLASSES,00000000,ZIP CODE,,99652,2018-02-01 12:00:00.000,,ALL PRODUCTION PRACTICES,CROPS,9000,ALASKA,,02,,00,,00,4,AK,99652,YEAR,02,,UNITED STATES,,OPERATIONS,2017,,SALES,ALL UTILIZATION PRACTICES,,ANNUAL
CROP TOTALS,,"SALES: (LESS THAN 50,000 $)",CROP TOTALS,CENSUS,CROP TOTALS - OPERATIONS WITH SALES,SALES,ALL CLASSES,00000000,ZIP CODE,,99652,2012-01-01 00:00:00.000,,ALL PRODUCTION PRACTICES,CROPS,9000,ALASKA,,02,,00,,00,2,AK,99652,YEAR,02,,UNITED STATES,,OPERATIONS,2007,,SALES,ALL UTILIZATION PRACTICES,,ANNUAL
CROP TOTALS,,"SALES: (LESS THAN 50,000 $)",CROP TOTALS,CENSUS,CROP TOTALS - OPERATIONS WITH SALES,SALES,ALL CLASSES,00000000,ZIP CODE,,99653,2024-11-07 12:00:00.000,,ALL PRODUCTION PRACTICES,CROPS,9000,ALASKA,,02,,00,,00,1,AK,99653,YEAR,02,,UNITED STATES,,OPERATIONS,2022,,SALES,ALL UTILIZATION PRACTICES,,ANNUAL
CROP TOTALS,,"SALES: (LESS THAN 50,000 $)",CROP TOTALS,CENSUS,CROP TOTALS - OPERATIONS WITH SALES,SALES,ALL CLASSES,00000000,ZIP CODE,,99653,2018-02-01 12:00:00.000,,ALL PRODUCTION PRACTICES,CROPS,9000,ALASKA,,02,,00,,00,2,AK,99653,YEAR,02,,UNITED STATES,,OPERATIONS,2017,,SALES,ALL UTILIZATION PRACTICES,,ANNUAL
CROP TOTALS,,"SALES: (LESS THAN 50,000 $)",CROP TOTALS,CENSUS,CROP TOTALS - OPERATIONS WITH SALES,SALES,ALL CLASSES,00000000,ZIP CODE,,99654,2024-11-07 12:00:00.000,,ALL PRODUCTION PRACTICES,CROPS,9000,ALASKA,,02,,00,,00,19,AK,99654,YEAR,02,,UNITED STATES,,OPERATIONS,2022,,SALES,ALL UTILIZATION PRACTICES,,ANNUAL
CROP TOTALS,,"SALES: (LESS THAN 50,000 $)",CROP TOTALS,CENSUS,CROP TOTALS - OPERATIONS WITH SALES,SALES,ALL CLASSES,00000000,ZIP CODE,,99654,2018-02-01 12:00:00.000,,ALL PRODUCTION PRACTICES,CROPS,9000,ALASKA,,02,,00,,00,18,AK,99654,YEAR,02,,UNITED STATES,,OPERATIONS,2017,,SALES,ALL UTILIZATION PRACTICES,,ANNUAL
CROP TOTALS,,"SALES: (LESS THAN 50,000 $)",CROP TOTALS,CENSUS,CROP TOTALS - OPERATIONS WITH SALES,SALES,ALL CLASSES,00000000,ZIP CODE,,99654,2012-01-01 00:00:00.000,,ALL PRODUCTION PRACTICES,CROPS,9000,ALASKA,,02,,00,,00,18,AK,99654,YEAR,02,,UNITED STATES,,OPERATIONS,2007,,SALES,ALL UTILIZATION PRACTICES,,ANNUAL
CROP TOTALS,,"SALES: (LESS THAN 50,000 $)",CROP TOTALS,CENSUS,CROP TOTALS - OPERATIONS WITH SALES,SALES,ALL CLASSES,00000000,ZIP CODE,,99661,2012-01-01 00:00:00.000,,ALL PRODUCTION PRACTICES,CROPS,9000,ALASKA,,02,,00,,00,1,AK,99661,YEAR,02,,UNITED STATES,,OPERATIONS,2007,,SALES,ALL UTILIZATION PRACTICES,,ANNUAL
CROP TOTALS,,"SALES: (LESS THAN 50,000 $)",CROP TOTALS,CENSUS,CROP TOTALS - OPERATIONS WITH SALES,SALES,ALL CLASSES,00000000,ZIP CODE,,99663,2024-11-07 12:00:00.000,,ALL PRODUCTION PRACTICES,CROPS,9000,ALASKA,,02,,00,,00,4,AK,99663,YEAR,02,,UNITED STATES,,OPERATIONS,2022,,SALES,ALL UTILIZATION PRACTICES,,ANNUAL
CROP TOTALS,,"SALES: (LESS THAN 50,000 $)",CROP TOTALS,CENSUS,CROP TOTALS - OPERATIONS WITH SALES,SALES,ALL CLASSES,00000000,ZIP CODE,,99663,2018-02-01 12:00:00.000,,ALL PRODUCTION PRACTICES,CROPS,9000,ALASKA,,02,,00,,00,2,AK,99663,YEAR,02,,UNITED STATES,,OPERATIONS,2017,,SALES,ALL UTILIZATION PRACTICES,,ANNUAL
CROP TOTALS,,"SALES: (LESS THAN 50,000 $)",CROP TOTALS,CENSUS,CROP TOTALS - OPERATIONS WITH SALES,SALES,ALL CLASSES,00000000,ZIP CODE,,99664,2024-11-07 12:00:00.000,,ALL PRODUCTION PRACTICES,CROPS,9000,ALASKA,,02,,00,,00,2,AK,99664,YEAR,02,,UNITED STATES,,OPERATIONS,2022,,SALES,ALL UTILIZATION PRACTICES,,ANNUAL
CROP TOTALS,,"SALES: (LESS THAN 50,000 $)",CROP TOTALS,CENSUS,CROP TOTALS - OPERATIONS WITH SALES,SALES,ALL CLASSES,00000000,ZIP CODE,,99664,2018-02-01 12:00:00.000,,ALL PRODUCTION PRACTICES,CROPS,9000,ALASKA,,02,,00,,00,3,AK,99664,YEAR,02,,UNITED STATES,,OPERATIONS,2017,,SALES,ALL UTILIZATION PRACTICES,,ANNUAL
CROP TOTALS,,"SALES: (LESS THAN 50,000 $)",CROP TOTALS,CENSUS,CROP TOTALS - OPERATIONS WITH SALES,SALES,ALL CLASSES,00000000,ZIP CODE,,99664,2012-01-01 00:00:00.000,,ALL PRODUCTION PRACTICES,CROPS,9000,ALASKA,,02,,00,,00,1,AK,99664,YEAR,02,,UNITED STATES,,OPERATIONS,2007,,SALES,ALL UTILIZATION PRACTICES,,ANNUAL
CROP TOTALS,,"SALES: (LESS THAN 50,000 $)",CROP TOTALS,CENSUS,CROP TOTALS - OPERATIONS WITH SALES,SALES,ALL CLASSES,00000000,ZIP CODE,,99667,2018-02-01 12:00:00.000,,ALL PRODUCTION PRACTICES,CROPS,9000,ALASKA,,02,,00,,00,1,AK,99667,YEAR,02,,UNITED STATES,,OPERATIONS,2017,,SALES,ALL UTILIZATION PRACTICES,,ANNUAL
CROP TOTALS,,"SALES: (LESS THAN 50,000 $)",CROP TOTALS,CENSUS,CROP TOTALS - OPERATIONS WITH SALES,SALES,ALL CLASSES,00000000,ZIP CODE,,99668,2024-11-07 12:00:00.000,,ALL PRODUCTION PRACTICES,CROPS,9000,ALASKA,,02,,00,,00,1,AK,99668,YEAR,02,,UNITED STATES,,OPERATIONS,2022,,SALES,ALL UTILIZATION PRACTICES,,ANNUAL
CROP TOTALS,,"SALES: (LESS THAN 50,000 $)",CROP TOTALS,CENSUS,CROP TOTALS - OPERATIONS WITH SALES,SALES,ALL CLASSES,00000000,ZIP CODE,,99669,2024-11-07 12:00:00.000,,ALL PRODUCTION PRACTICES,CROPS,9000,ALASKA,,02,,00,,00,28,AK,99669,YEAR,02,,UNITED STATES,,OPERATIONS,2022,,SALES,ALL UTILIZATION PRACTICES,,ANNUAL
CROP TOTALS,,"SALES: (LESS THAN 50,000 $)",CROP TOTALS,CENSUS,CROP TOTALS - OPERATIONS WITH SALES,SALES,ALL CLASSES,00000000,ZIP CODE,,99669,2018-02-01 12:00:00.000,,ALL PRODUCTION PRACTICES,CROPS,9000,ALASKA,,02,,00,,00,22,AK,99669,YEAR,02,,UNITED STATES,,OPERATIONS,2017,,SALES,ALL UTILIZATION PRACTICES,,ANNUAL
CROP TOTALS,,"SALES: (LESS THAN 50,000 $)",CROP TOTALS,CENSUS,CROP TOTALS - OPERATIONS WITH SALES,SALES,ALL CLASSES,00000000,ZIP CODE,,99669,2012-01-01 00:00:00.000,,ALL PRODUCTION PRACTICES,CROPS,9000,ALASKA,,02,,00,,00,15,AK,99669,YEAR,02,,UNITED STATES,,OPERATIONS,2007,,SALES,ALL UTILIZATION PRACTICES,,ANNUAL
CROP TOTALS,,"SALES: (LESS THAN 50,000 $)",CROP TOTALS,CENSUS,CROP TOTALS - OPERATIONS WITH SALES,SALES,ALL CLASSES,00000000,ZIP CODE,,99672,2024-11-07 12:00:00.000,,ALL PRODUCTION PRACTICES,CROPS,9000,ALASKA,,02,,00,,00,15,AK,99672,YEAR,02,,UNITED STATES,,OPERATIONS,2022,,SALES,ALL UTILIZATION PRACTICES,,ANNUAL
CROP TOTALS,,"SALES: (LESS THAN 50,000 $)",CROP TOTALS,CENSUS,CROP TOTALS - OPERATIONS WITH SALES,SALES,ALL CLASSES,00000000,ZIP CODE,,99672,2018-02-01 12:00:00.000,,ALL PRODUCTION PRACTICES,CROPS,9000,ALASKA,,02,,00,,00,10,AK,99672,YEAR,02,,UNITED STATES,,OPERATIONS,2017,,SALES,ALL UTILIZATION PRACTICES,,ANNUAL
CROP TOTALS,,"SALES: (LESS THAN 50,000 $)",CROP TOTALS,CENSUS,CROP TOTALS - OPERATIONS WITH SALES,SALES,ALL CLASSES,00000000,ZIP CODE,,99672,2012-01-01 00:00:00.000,,ALL PRODUCTION PRACTICES,CROPS,9000,ALASKA,,02,,00,,00,3,AK,99672,YEAR,02,,UNITED STATES,,OPERATIONS,2007,,SALES,ALL UTILIZATION PRACTICES,,ANNUAL
CROP TOTALS,,"SALES: (LESS THAN 50,000 $)",CROP TOTALS,CENSUS,CROP TOTALS - OPERATIONS WITH SALES,SALES,ALL CLASSES,00000000,ZIP CODE,,99674,2024-11-07 12:00:00.000,,ALL PRODUCTION PRACTICES,CROPS,9000,ALASKA,,02,,00,,00,5,AK,99674,YEAR,02,,UNITED STATES,,OPERATIONS,2022,,SALES,ALL UTILIZATION PRACTICES,,ANNUAL
CROP TOTALS,,"SALES: (LESS THAN 50,000 $)",CROP TOTALS,CENSUS,CROP TOTALS - OPERATIONS WITH SALES,SALES,ALL CLASSES,00000000,ZIP CODE,,99674,2018-02-01 12:00:00.000,,ALL PRODUCTION PRACTICES,CROPS,9000,ALASKA,,02,,00,,00,7,AK,99674,YEAR,02,,UNITED STATES,,OPERATIONS,2017,,SALES,ALL UTILIZATION PRACTICES,,ANNUAL
CROP TOTALS,,"SALES: (LESS THAN 50,000 $)",CROP TOTALS,CENSUS,CROP TOTALS - OPERATIONS WITH SALES,SALES,ALL CLASSES,00000000,ZIP CODE,,99674,2012-01-01 00:00:00.000,,ALL PRODUCTION PRACTICES,CROPS,9000,ALASKA,,02,,00,,00,5,AK,99674,YEAR,02,,UNITED STATES,,OPERATIONS,2007,,SALES,ALL UTILIZATION PRACTICES,,ANNUAL
CROP TOTALS,,"SALES: (LESS THAN 50,000 $)",CROP TOTALS,CENSUS,CROP TOTALS - OPERATIONS WITH SALES,SALES,ALL CLASSES,00000000,ZIP CODE,,99676,2024-11-07 12:00:00.000,,ALL PRODUCTION PRACTICES,CROPS,9000,ALASKA,,02,,00,,00,6,AK,99676,YEAR,02,,UNITED STATES,,OPERATIONS,2022,,SALES,ALL UTILIZATION PRACTICES,,ANNUAL
CROP TOTALS,,"SALES: (LESS THAN 50,000 $)",CROP TOTALS,CENSUS,CROP TOTALS - OPERATIONS WITH SALES,SALES,ALL CLASSES,00000000,ZIP CODE,,99676,2018-02-01 12:00:00.000,,ALL PRODUCTION PRACTICES,CROPS,9000,ALASKA,,02,,00,,00,5,AK,99676,YEAR,02,,UNITED STATES,,OPERATIONS,2017,,SALES,ALL UTILIZATION PRACTICES,,ANNUAL
CROP TOTALS,,"SALES: (LESS THAN 50,000 $)",CROP TOTALS,CENSUS,CROP TOTALS - OPERATIONS WITH SALES,SALES,ALL CLASSES,00000000,ZIP CODE,,99676,2012-01-01 00:00:00.000,,ALL PRODUCTION PRACTICES,CROPS,9000,ALASKA,,02,,00,,00,1,AK,99676,YEAR,02,,UNITED STATES,,OPERATIONS,2007,,SALES,ALL UTILIZATION PRACTICES,,ANNUAL
CROP TOTALS,,"SALES: (LESS THAN 50,000 $)",CROP TOTALS,CENSUS,CROP TOTALS - OPERATIONS WITH SALES,SALES,ALL CLASSES,00000000,ZIP CODE,,99682,2024-11-07 12:00:00.000,,ALL PRODUCTION PRACTICES,CROPS,9000,ALASKA,,02,,00,,00,2,AK,99682,YEAR,02,,UNITED STATES,,OPERATIONS,2022,,SALES,ALL UTILIZATION PRACTICES,,ANNUAL
CROP TOTALS,,"SALES: (LESS THAN 50,000 $)",CROP TOTALS,CENSUS,CROP TOTALS - OPERATIONS WITH SALES,SALES,ALL CLASSES,00000000,ZIP CODE,,99683,2024-11-07 12:00:00.000,,ALL PRODUCTION PRACTICES,CROPS,9000,ALASKA,,02,,00,,00,4,AK,99683,YEAR,02,,UNITED STATES,,OPERATIONS,2022,,SALES,ALL UTILIZATION PRACTICES,,ANNUAL
CROP TOTALS,,"SALES: (LESS THAN 50,000 $)",CROP TOTALS,CENSUS,CROP TOTALS - OPERATIONS WITH SALES,SALES,ALL CLASSES,00000000,ZIP CODE,,99683,2018-02-01 12:00:00.000,,ALL PRODUCTION PRACTICES,CROPS,9000,ALASKA,,02,,00,,00,7,AK,99683,YEAR,02,,UNITED STATES,,OPERATIONS,2017,,SALES,ALL UTILIZATION PRACTICES,,ANNUAL
CROP TOTALS,,"SALES: (LESS THAN 50,000 $)",CROP TOTALS,CENSUS,CROP TOTALS - OPERATIONS WITH SALES,SALES,ALL CLASSES,00000000,ZIP CODE,,99683,2012-01-01 00:00:00.000,,ALL PRODUCTION PRACTICES,CROPS,9000,ALASKA,,02,,00,,00,10,AK,99683,YEAR,02,,UNITED STATES,,OPERATIONS,2007,,SALES,ALL UTILIZATION PRACTICES,,ANNUAL
CROP TOTALS,,"SALES: (LESS THAN 50,000 $)",CROP TOTALS,CENSUS,CROP TOTALS - OPERATIONS WITH SALES,SALES,ALL CLASSES,00000000,ZIP CODE,,99686,2024-11-07 12:00:00.000,,ALL PRODUCTION PRACTICES,CROPS,9000,ALASKA,,02,,00,,00,3,AK,99686,YEAR,02,,UNITED STATES,,OPERATIONS,2022,,SALES,ALL UTILIZATION PRACTICES,,ANNUAL
CROP TOTALS,,"SALES: (LESS THAN 50,000 $)",CROP TOTALS,CENSUS,CROP TOTALS - OPERATIONS WITH SALES,SALES,ALL CLASSES,00000000,ZIP CODE,,99686,2018-02-01 12:00:00.000,,ALL PRODUCTION PRACTICES,CROPS,9000,ALASKA,,02,,00,,00,1,AK,99686,YEAR,02,,UNITED STATES,,OPERATIONS,2017,,SALES,ALL UTILIZATION PRACTICES,,ANNUAL
CROP TOTALS,,"SALES: (LESS THAN 50,000 $)",CROP TOTALS,CENSUS,CROP TOTALS - OPERATIONS WITH SALES,SALES,ALL CLASSES,00000000,ZIP CODE,,99686,2012-01-01 00:00:00.000,,ALL PRODUCTION PRACTICES,CROPS,9000,ALASKA,,02,,00,,00,2,AK,99686,YEAR,02,,UNITED STATES,,OPERATIONS,2007,,SALES,ALL UTILIZATION PRACTICES,,ANNUAL
CROP TOTALS,,"SALES: (LESS THAN 50,000 $)",CROP TOTALS,CENSUS,CROP TOTALS - OPERATIONS WITH SALES,SALES,ALL CLASSES,00000000,ZIP CODE,,99687,2024-11-07 12:00:00.000,,ALL PRODUCTION PRACTICES,CROPS,9000,ALASKA,,02,,00,,00,16,AK,99687,YEAR,02,,UNITED STATES,,OPERATIONS,2022,,SALES,ALL UTILIZATION PRACTICES,,ANNUAL
CROP TOTALS,,"SALES: (LESS THAN 50,000 $)",CROP TOTALS,CENSUS,CROP TOTALS - OPERATIONS WITH SALES,SALES,ALL CLASSES,00000000,ZIP CODE,,99687,2018-02-01 12:00:00.000,,ALL PRODUCTION PRACTICES,CROPS,9000,ALASKA,,02,,00,,00,15,AK,99687,YEAR,02,,UNITED STATES,,OPERATIONS,2017,,SALES,ALL UTILIZATION PRACTICES,,ANNUAL
CROP TOTALS,,"SALES: (LESS THAN 50,000 $)",CROP TOTALS,CENSUS,CROP TOTALS - OPERATIONS WITH SALES,SALES,ALL CLASSES,00000000,ZIP CODE,,99687,2012-01-01 00:00:00.000,,ALL PRODUCTION PRACTICES,CROPS,9000,ALASKA,,02,,00,,00,12,AK,99687,YEAR,02,,UNITED STATES,,OPERATIONS,2007,,SALES,ALL UTILIZATION PRACTICES,,ANNUAL
CROP TOTALS,,"SALES: (LESS THAN 50,000 $)",CROP TOTALS,CENSUS,CROP TOTALS - OPERATIONS WITH SALES,SALES,ALL CLASSES,00000000,ZIP CODE,,99688,2024-11-07 12:00:00.000,,ALL PRODUCTION PRACTICES,CROPS,9000,ALASKA,,02,,00,,00,14,AK,99688,YEAR,02,,UNITED STATES,,OPERATIONS,2022,,SALES,ALL UTILIZATION PRACTICES,,ANNUAL
CROP TOTALS,,"SALES: (LESS THAN 50,000 $)",CROP TOTALS,CENSUS,CROP TOTALS - OPERATIONS WITH SALES,SALES,ALL CLASSES,00000000,ZIP CODE,,99688,2018-02-01 12:00:00.000,,ALL PRODUCTION PRACTICES,CROPS,9000,ALASKA,,02,,00,,00,9,AK,99688,YEAR,02,,UNITED STATES,,OPERATIONS,2017,,SALES,ALL UTILIZATION PRACTICES,,ANNUAL
CROP TOTALS,,"SALES: (LESS THAN 50,000 $)",CROP TOTALS,CENSUS,CROP TOTALS - OPERATIONS WITH SALES,SALES,ALL CLASSES,00000000,ZIP CODE,,99688,2012-01-01 00:00:00.000,,ALL PRODUCTION PRACTICES,CROPS,9000,ALASKA,,02,,00,,00,6,AK,99688,YEAR,02,,UNITED STATES,,OPERATIONS,2007,,SALES,ALL UTILIZATION PRACTICES,,ANNUAL
CROP TOTALS,,"SALES: (LESS THAN 50,000 $)",CROP TOTALS,CENSUS,CROP TOTALS - OPERATIONS WITH SALES,SALES,ALL CLASSES,00000000,ZIP CODE,,99694,2024-11-07 12:00:00.000,,ALL PRODUCTION PRACTICES,CROPS,9000,ALASKA,,02,,00,,00,2,AK,99694,YEAR,02,,UNITED STATES,,OPERATIONS,2022,,SALES,ALL UTILIZATION PRACTICES,,ANNUAL
CROP TOTALS,,"SALES: (LESS THAN 50,000 $)",CROP TOTALS,CENSUS,CROP TOTALS - OPERATIONS WITH SALES,SALES,ALL CLASSES,00000000,ZIP CODE,,99694,2018-02-01 12:00:00.000,,ALL PRODUCTION PRACTICES,CROPS,9000,ALASKA,,02,,00,,00,1,AK,99694,YEAR,02,,UNITED STATES,,OPERATIONS,2017,,SALES,ALL UTILIZATION PRACTICES,,ANNUAL
CROP TOTALS,,"SALES: (LESS THAN 50,000 $)",CROP TOTALS,CENSUS,CROP TOTALS - OPERATIONS WITH SALES,SALES,ALL CLASSES,00000000,ZIP CODE,,99701,2024-11-07 12:00:00.000,,ALL PRODUCTION PRACTICES,CROPS,9000,ALASKA,,02,,00,,00,2,AK,99701,YEAR,02,,UNITED STATES,,OPERATIONS,2022,,SALES,ALL UTILIZATION PRACTICES,,ANNUAL
CROP TOTALS,,"SALES: (LESS THAN 50,000 $)",CROP TOTALS,CENSUS,CROP TOTALS - OPERATIONS WITH SALES,SALES,ALL CLASSES,00000000,ZIP CODE,,99701,2018-02-01 12:00:00.000,,ALL PRODUCTION PRACTICES,CROPS,9000,ALASKA,,02,,00,,00,4,AK,99701,YEAR,02,,UNITED STATES,,OPERATIONS,2017,,SALES,ALL UTILIZATION PRACTICES,,ANNUAL
CROP TOTALS,,"SALES: (LESS THAN 50,000 $)",CROP TOTALS,CENSUS,CROP TOTALS - OPERATIONS WITH SALES,SALES,ALL CLASSES,00000000,ZIP CODE,,99701,2012-01-01 00:00:00.000,,ALL PRODUCTION PRACTICES,CROPS,9000,ALASKA,,02,,00,,00,1,AK,99701,YEAR,02,,UNITED STATES,,OPERATIONS,2007,,SALES,ALL UTILIZATION PRACTICES,,ANNUAL
CROP TOTALS,,"SALES: (LESS THAN 50,000 $)",CROP TOTALS,CENSUS,CROP TOTALS - OPERATIONS WITH SALES,SALES,ALL CLASSES,00000000,ZIP CODE,,99704,2018-02-01 12:00:00.000,,ALL PRODUCTION PRACTICES,CROPS,9000,ALASKA,,02,,00,,00,1,AK,99704,YEAR,02,,UNITED STATES,,OPERATIONS,2017,,SALES,ALL UTILIZATION PRACTICES,,ANNUAL
CROP TOTALS,,"SALES: (LESS THAN 50,000 $)",CROP TOTALS,CENSUS,CROP TOTALS - OPERATIONS WITH SALES,SALES,ALL CLASSES,00000000,ZIP CODE,,99705,2024-11-07 12:00:00.000,,ALL PRODUCTION PRACTICES,CROPS,9000,ALASKA,,02,,00,,00,17,AK,99705,YEAR,02,,UNITED STATES,,OPERATIONS,2022,,SALES,ALL UTILIZATION PRACTICES,,ANNUAL
CROP TOTALS,,"SALES: (LESS THAN 50,000 $)",CROP TOTALS,CENSUS,CROP TOTALS - OPERATIONS WITH SALES,SALES,ALL CLASSES,00000000,ZIP CODE,,99705,2018-02-01 12:00:00.000,,ALL PRODUCTION PRACTICES,CROPS,9000,ALASKA,,02,,00,,00,19,AK,99705,YEAR,02,,UNITED STATES,,OPERATIONS,2017,,SALES,ALL UTILIZATION PRACTICES,,ANNUAL
CROP TOTALS,,"SALES: (LESS THAN 50,000 $)",CROP TOTALS,CENSUS,CROP TOTALS - OPERATIONS WITH SALES,SALES,ALL CLASSES,00000000,ZIP CODE,,99705,2012-01-01 00:00:00.000,,ALL PRODUCTION PRACTICES,CROPS,9000,ALASKA,,02,,00,,00,15,AK,99705,YEAR,02,,UNITED STATES,,OPERATIONS,2007,,SALES,ALL UTILIZATION PRACTICES,,ANNUAL
CROP TOTALS,,"SALES: (LESS THAN 50,000 $)",CROP TOTALS,CENSUS,CROP TOTALS - OPERATIONS WITH SALES,SALES,ALL CLASSES,00000000,ZIP CODE,,99706,2024-11-07 12:00:00.000,,ALL PRODUCTION PRACTICES,CROPS,9000,ALASKA,,02,,00,,00,1,AK,99706,YEAR,02,,UNITED STATES,,OPERATIONS,2022,,SALES,ALL UTILIZATION PRACTICES,,ANNUAL
CROP TOTALS,,"SALES: (LESS THAN 50,000 $)",CROP TOTALS,CENSUS,CROP TOTALS - OPERATIONS WITH SALES,SALES,ALL CLASSES,00000000,ZIP CODE,,99706,2018-02-01 12:00:00.000,,ALL PRODUCTION PRACTICES,CROPS,9000,ALASKA,,02,,00,,00,1,AK,99706,YEAR,02,,UNITED STATES,,OPERATIONS,2017,,SALES,ALL UTILIZATION PRACTICES,,ANNUAL
CROP TOTALS,,"SALES: (LESS THAN 50,000 $)",CROP TOTALS,CENSUS,CROP TOTALS - OPERATIONS WITH SALES,SALES,ALL CLASSES,00000000,ZIP CODE,,99706,2012-01-01 00:00:00.000,,ALL PRODUCTION PRACTICES,CROPS,9000,ALASKA,,02,,00,,00,1,AK,99706,YEAR,02,,UNITED STATES,,OPERATIONS,2007,,SALES,ALL UTILIZATION PRACTICES,,ANNUAL
CROP TOTALS,,"SALES: (LESS THAN 50,000 $)",CROP TOTALS,CENSUS,CROP TOTALS - OPERATIONS WITH SALES,SALES,ALL CLASSES,00000000,ZIP CODE,,99707,2024-11-07 12:00:00.000,,ALL PRODUCTION PRACTICES,CROPS,9000,ALASKA,,02,,00,,00,5,AK,99707,YEAR,02,,UNITED STATES,,OPERATIONS,2022,,SALES,ALL UTILIZATION PRACTICES,,ANNUAL
CROP TOTALS,,"SALES: (LESS THAN 50,000 $)",CROP TOTALS,CENSUS,CROP TOTALS - OPERATIONS WITH SALES,SALES,ALL CLASSES,00000000,ZIP CODE,,99707,2018-02-01 12:00:00.000,,ALL PRODUCTION PRACTICES,CROPS,9000,ALASKA,,02,,00,,00,3,AK,99707,YEAR,02,,UNITED STATES,,OPERATIONS,2017,,SALES,ALL UTILIZATION PRACTICES,,ANNUAL
CROP TOTALS,,"SALES: (LESS THAN 50,000 $)",CROP TOTALS,CENSUS,CROP TOTALS - OPERATIONS WITH SALES,SALES,ALL CLASSES,00000000,ZIP CODE,,99707,2012-01-01 00:00:00.000,,ALL PRODUCTION PRACTICES,CROPS,9000,ALASKA,,02,,00,,00,8,AK,99707,YEAR,02,,UNITED STATES,,OPERATIONS,2007,,SALES,ALL UTILIZATION PRACTICES,,ANNUAL
CROP TOTALS,,"SALES: (LESS THAN 50,000 $)",CROP TOTALS,CENSUS,CROP TOTALS - OPERATIONS WITH SALES,SALES,ALL CLASSES,00000000,ZIP CODE,,99708,2024-11-07 12:00:00.000,,ALL PRODUCTION PRACTICES,CROPS,9000,ALASKA,,02,,00,,00,11,AK,99708,YEAR,02,,UNITED STATES,,OPERATIONS,2022,,SALES,ALL UTILIZATION PRACTICES,,ANNUAL
CROP TOTALS,,"SALES: (LESS THAN 50,000 $)",CROP TOTALS,CENSUS,CROP TOTALS - OPERATIONS WITH SALES,SALES,ALL CLASSES,00000000,ZIP CODE,,99708,2018-02-01 12:00:00.000,,ALL PRODUCTION PRACTICES,CROPS,9000,ALASKA,,02,,00,,00,7,AK,99708,YEAR,02,,UNITED STATES,,OPERATIONS,2017,,SALES,ALL UTILIZATION PRACTICES,,ANNUAL
CROP TOTALS,,"SALES: (LESS THAN 50,000 $)",CROP TOTALS,CENSUS,CROP TOTALS - OPERATIONS WITH SALES,SALES,ALL CLASSES,00000000,ZIP CODE,,99708,2012-01-01 00:00:00.000,,ALL PRODUCTION PRACTICES,CROPS,9000,ALASKA,,02,,00,,00,1,AK,99708,YEAR,02,,UNITED STATES,,OPERATIONS,2007,,SALES,ALL UTILIZATION PRACTICES,,ANNUAL
CROP TOTALS,,"SALES: (LESS THAN 50,000 $)",CROP TOTALS,CENSUS,CROP TOTALS - OPERATIONS WITH SALES,SALES,ALL CLASSES,00000000,ZIP CODE,,99709,2024-11-07 12:00:00.000,,ALL PRODUCTION PRACTICES,CROPS,9000,ALASKA,,02,,00,,00,22,AK,99709,YEAR,02,,UNITED STATES,,OPERATIONS,2022,,SALES,ALL UTILIZATION PRACTICES,,ANNUAL
CROP TOTALS,,"SALES: (LESS THAN 50,000 $)",CROP TOTALS,CENSUS,CROP TOTALS - OPERATIONS WITH SALES,SALES,ALL CLASSES,00000000,ZIP CODE,,99709,2018-02-01 12:00:00.000,,ALL PRODUCTION PRACTICES,CROPS,9000,ALASKA,,02,,00,,00,20,AK,99709,YEAR,02,,UNITED STATES,,OPERATIONS,2017,,SALES,ALL UTILIZATION PRACTICES,,ANNUAL
CROP TOTALS,,"SALES: (LESS THAN 50,000 $)",CROP TOTALS,CENSUS,CROP TOTALS - OPERATIONS WITH SALES,SALES,ALL CLASSES,00000000,ZIP CODE,,99709,2012-01-01 00:00:00.000,,ALL PRODUCTION PRACTICES,CROPS,9000,ALASKA,,02,,00,,00,9,AK,99709,YEAR,02,,UNITED STATES,,OPERATIONS,2007,,SALES,ALL UTILIZATION PRACTICES,,ANNUAL
CROP TOTALS,,"SALES: (LESS THAN 50,000 $)",CROP TOTALS,CENSUS,CROP TOTALS - OPERATIONS WITH SALES,SALES,ALL CLASSES,00000000,ZIP CODE,,99710,2024-11-07 12:00:00.000,,ALL PRODUCTION PRACTICES,CROPS,9000,ALASKA,,02,,00,,00,7,AK,99710,YEAR,02,,UNITED STATES,,OPERATIONS,2022,,SALES,ALL UTILIZATION PRACTICES,,ANNUAL
CROP TOTALS,,"SALES: (LESS THAN 50,000 $)",CROP TOTALS,CENSUS,CROP TOTALS - OPERATIONS WITH SALES,SALES,ALL CLASSES,00000000,ZIP CODE,,99710,2018-02-01 12:00:00.000,,ALL PRODUCTION PRACTICES,CROPS,9000,ALASKA,,02,,00,,00,4,AK,99710,YEAR,02,,UNITED STATES,,OPERATIONS,2017,,SALES,ALL UTILIZATION PRACTICES,,ANNUAL
CROP TOTALS,,"SALES: (LESS THAN 50,000 $)",CROP TOTALS,CENSUS,CROP TOTALS - OPERATIONS WITH SALES,SALES,ALL CLASSES,00000000,ZIP CODE,,99710,2012-01-01 00:00:00.000,,ALL PRODUCTION PRACTICES,CROPS,9000,ALASKA,,02,,00,,00,2,AK,99710,YEAR,02,,UNITED STATES,,OPERATIONS,2007,,SALES,ALL UTILIZATION PRACTICES,,ANNUAL
CROP TOTALS,,"SALES: (LESS THAN 50,000 $)",CROP TOTALS,CENSUS,CROP TOTALS - OPERATIONS WITH SALES,SALES,ALL CLASSES,00000000,ZIP CODE,,99711,2024-11-07 12:00:00.000,,ALL PRODUCTION PRACTICES,CROPS,9000,ALASKA,,02,,00,,00,2,AK,99711,YEAR,02,,UNITED STATES,,OPERATIONS,2022,,SALES,ALL UTILIZATION PRACTICES,,ANNUAL
CROP TOTALS,,"SALES: (LESS THAN 50,000 $)",CROP TOTALS,CENSUS,CROP TOTALS - OPERATIONS WITH SALES,SALES,ALL CLASSES,00000000,ZIP CODE,,99711,2018-02-01 12:00:00.000,,ALL PRODUCTION PRACTICES,CROPS,9000,ALASKA,,02,,00,,00,1,AK,99711,YEAR,02,,UNITED STATES,,OPERATIONS,2017,,SALES,ALL UTILIZATION PRACTICES,,ANNUAL
CROP TOTALS,,"SALES: (LESS THAN 50,000 $)",CROP TOTALS,CENSUS,CROP TOTALS - OPERATIONS WITH SALES,SALES,ALL CLASSES,00000000,ZIP CODE,,99712,2024-11-07 12:00:00.000,,ALL PRODUCTION PRACTICES,CROPS,9000,ALASKA,,02,,00,,00,14,AK,99712,YEAR,02,,UNITED STATES,,OPERATIONS,2022,,SALES,ALL UTILIZATION PRACTICES,,ANNUAL
CROP TOTALS,,"SALES: (LESS THAN 50,000 $)",CROP TOTALS,CENSUS,CROP TOTALS - OPERATIONS WITH SALES,SALES,ALL CLASSES,00000000,ZIP CODE,,99712,2018-02-01 12:00:00.000,,ALL PRODUCTION PRACTICES,CROPS,9000,ALASKA,,02,,00,,00,22,AK,99712,YEAR,02,,UNITED STATES,,OPERATIONS,2017,,SALES,ALL UTILIZATION PRACTICES,,ANNUAL
CROP TOTALS,,"SALES: (LESS THAN 50,000 $)",CROP TOTALS,CENSUS,CROP TOTALS - OPERATIONS WITH SALES,SALES,ALL CLASSES,00000000,ZIP CODE,,99712,2012-01-01 00:00:00.000,,ALL PRODUCTION PRACTICES,CROPS,9000,ALASKA,,02,,00,,00,9,AK,99712,YEAR,02,,UNITED STATES,,OPERATIONS,2007,,SALES,ALL UTILIZATION PRACTICES,,ANNUAL
CROP TOTALS,,"SALES: (LESS THAN 50,000 $)",CROP TOTALS,CENSUS,CROP TOTALS - OPERATIONS WITH SALES,SALES,ALL CLASSES,00000000,ZIP CODE,,99714,2024-11-07 12:00:00.000,,ALL PRODUCTION PRACTICES,CROPS,9000,ALASKA,,02,,00,,00,8,AK,99714,YEAR,02,,UNITED STATES,,OPERATIONS,2022,,SALES,ALL UTILIZATION PRACTICES,,ANNUAL
CROP TOTALS,,"SALES: (LESS THAN 50,000 $)",CROP TOTALS,CENSUS,CROP TOTALS - OPERATIONS WITH SALES,SALES,ALL CLASSES,00000000,ZIP CODE,,99714,2018-02-01 12:00:00.000,,ALL PRODUCTION PRACTICES,CROPS,9000,ALASKA,,02,,00,,00,3,AK,99714,YEAR,02,,UNITED STATES,,OPERATIONS,2017,,SALES,ALL UTILIZATION PRACTICES,,ANNUAL
CROP TOTALS,,"SALES: (LESS THAN 50,000 $)",CROP TOTALS,CENSUS,CROP TOTALS - OPERATIONS WITH SALES,SALES,ALL CLASSES,00000000,ZIP CODE,,99714,2012-01-01 00:00:00.000,,ALL PRODUCTION PRACTICES,CROPS,9000,ALASKA,,02,,00,,00,1,AK,99714,YEAR,02,,UNITED STATES,,OPERATIONS,2007,,SALES,ALL UTILIZATION PRACTICES,,ANNUAL
CROP TOTALS,,"SALES: (LESS THAN 50,000 $)",CROP TOTALS,CENSUS,CROP TOTALS - OPERATIONS WITH SALES,SALES,ALL CLASSES,00000000,ZIP CODE,,99716,2024-11-07 12:00:00.000,,ALL PRODUCTION PRACTICES,CROPS,9000,ALASKA,,02,,00,,00,6,AK,99716,YEAR,02,,UNITED STATES,,OPERATIONS,2022,,SALES,ALL UTILIZATION PRACTICES,,ANNUAL
CROP TOTALS,,"SALES: (LESS THAN 50,000 $)",CROP TOTALS,CENSUS,CROP TOTALS - OPERATIONS WITH SALES,SALES,ALL CLASSES,00000000,ZIP CODE,,99716,2018-02-01 12:00:00.000,,ALL PRODUCTION PRACTICES,CROPS,9000,ALASKA,,02,,00,,00,5,AK,99716,YEAR,02,,UNITED STATES,,OPERATIONS,2017,,SALES,ALL UTILIZATION PRACTICES,,ANNUAL
CROP TOTALS,,"SALES: (LESS THAN 50,000 $)",CROP TOTALS,CENSUS,CROP TOTALS - OPERATIONS WITH SALES,SALES,ALL CLASSES,00000000,ZIP CODE,,99716,2012-01-01 00:00:00.000,,ALL PRODUCTION PRACTICES,CROPS,9000,ALASKA,,02,,00,,00,5,AK,99716,YEAR,02,,UNITED STATES,,OPERATIONS,2007,,SALES,ALL UTILIZATION PRACTICES,,ANNUAL
CROP TOTALS,,"SALES: (LESS THAN 50,000 $)",CROP TOTALS,CENSUS,CROP TOTALS - OPERATIONS WITH SALES,SALES,ALL CLASSES,00000000,ZIP CODE,,99725,2024-11-07 12:00:00.000,,ALL PRODUCTION PRACTICES,CROPS,9000,ALASKA,,02,,00,,00,7,AK,99725,YEAR,02,,UNITED STATES,,OPERATIONS,2022,,SALES,ALL UTILIZATION PRACTICES,,ANNUAL
CROP TOTALS,,"SALES: (LESS THAN 50,000 $)",CROP TOTALS,CENSUS,CROP TOTALS - OPERATIONS WITH SALES,SALES,ALL CLASSES,00000000,ZIP CODE,,99725,2018-02-01 12:00:00.000,,ALL PRODUCTION PRACTICES,CROPS,9000,ALASKA,,02,,00,,00,4,AK,99725,YEAR,02,,UNITED STATES,,OPERATIONS,2017,,SALES,ALL UTILIZATION PRACTICES,,ANNUAL
CROP TOTALS,,"SALES: (LESS THAN 50,000 $)",CROP TOTALS,CENSUS,CROP TOTALS - OPERATIONS WITH SALES,SALES,ALL CLASSES,00000000,ZIP CODE,,99729,2024-11-07 12:00:00.000,,ALL PRODUCTION PRACTICES,CROPS,9000,ALASKA,,02,,00,,00,1,AK,99729,YEAR,02,,UNITED STATES,,OPERATIONS,2022,,SALES,ALL UTILIZATION PRACTICES,,ANNUAL
CROP TOTALS,,"SALES: (LESS THAN 50,000 $)",CROP TOTALS,CENSUS,CROP TOTALS - OPERATIONS WITH SALES,SALES,ALL CLASSES,00000000,ZIP CODE,,99729,2018-02-01 12:00:00.000,,ALL PRODUCTION PRACTICES,CROPS,9000,ALASKA,,02,,00,,00,1,AK,99729,YEAR,02,,UNITED STATES,,OPERATIONS,2017,,SALES,ALL UTILIZATION PRACTICES,,ANNUAL
CROP TOTALS,,"SALES: (LESS THAN 50,000 $)",CROP TOTALS,CENSUS,CROP TOTALS - OPERATIONS WITH SALES,SALES,ALL CLASSES,00000000,ZIP CODE,,99729,2012-01-01 00:00:00.000,,ALL PRODUCTION PRACTICES,CROPS,9000,ALASKA,,02,,00,,00,1,AK,99729,YEAR,02,,UNITED STATES,,OPERATIONS,2007,,SALES,ALL UTILIZATION PRACTICES,,ANNUAL
CROP TOTALS,,"SALES: (LESS THAN 50,000 $)",CROP TOTALS,CENSUS,CROP TOTALS - OPERATIONS WITH SALES,SALES,ALL CLASSES,00000000,ZIP CODE,,99730,2012-01-01 00:00:00.000,,ALL PRODUCTION PRACTICES,CROPS,9000,ALASKA,,02,,00,,00,1,AK,99730,YEAR,02,,UNITED STATES,,OPERATIONS,2007,,SALES,ALL UTILIZATION PRACTICES,,ANNUAL
CROP TOTALS,,"SALES: (LESS THAN 50,000 $)",CROP TOTALS,CENSUS,CROP TOTALS - OPERATIONS WITH SALES,SALES,ALL CLASSES,00000000,ZIP CODE,,99734,2012-01-01 00:00:00.000,,ALL PRODUCTION PRACTICES,CROPS,9000,ALASKA,,02,,00,,00,1,AK,99734,YEAR,02,,UNITED STATES,,OPERATIONS,2007,,SALES,ALL UTILIZATION PRACTICES,,ANNUAL
CROP TOTALS,,"SALES: (LESS THAN 50,000 $)",CROP TOTALS,CENSUS,CROP TOTALS - OPERATIONS WITH SALES,SALES,ALL CLASSES,00000000,ZIP CODE,,99737,2024-11-07 12:00:00.000,,ALL PRODUCTION PRACTICES,CROPS,9000,ALASKA,,02,,00,,00,38,AK,99737,YEAR,02,,UNITED STATES,,OPERATIONS,2022,,SALES,ALL UTILIZATION PRACTICES,,ANNUAL
CROP TOTALS,,"SALES: (LESS THAN 50,000 $)",CROP TOTALS,CENSUS,CROP TOTALS - OPERATIONS WITH SALES,SALES,ALL CLASSES,00000000,ZIP CODE,,99737,2018-02-01 12:00:00.000,,ALL PRODUCTION PRACTICES,CROPS,9000,ALASKA,,02,,00,,00,45,AK,99737,YEAR,02,,UNITED STATES,,OPERATIONS,2017,,SALES,ALL UTILIZATION PRACTICES,,ANNUAL
CROP TOTALS,,"SALES: (LESS THAN 50,000 $)",CROP TOTALS,CENSUS,CROP TOTALS - OPERATIONS WITH SALES,SALES,ALL CLASSES,00000000,ZIP CODE,,99737,2012-01-01 00:00:00.000,,ALL PRODUCTION PRACTICES,CROPS,9000,ALASKA,,02,,00,,00,45,AK,99737,YEAR,02,,UNITED STATES,,OPERATIONS,2007,,SALES,ALL UTILIZATION PRACTICES,,ANNUAL
CROP TOTALS,,"SALES: (LESS THAN 50,000 $)",CROP TOTALS,CENSUS,CROP TOTALS - OPERATIONS WITH SALES,SALES,ALL CLASSES,00000000,ZIP CODE,,99741,2018-02-01 12:00:00.000,,ALL PRODUCTION PRACTICES,CROPS,9000,ALASKA,,02,,00,,00,1,AK,99741,YEAR,02,,UNITED STATES,,OPERATIONS,2017,,SALES,ALL UTILIZATION PRACTICES,,ANNUAL
CROP TOTALS,,"SALES: (LESS THAN 50,000 $)",CROP TOTALS,CENSUS,CROP TOTALS - OPERATIONS WITH SALES,SALES,ALL CLASSES,00000000,ZIP CODE,,99743,2024-11-07 12:00:00.000,,ALL PRODUCTION PRACTICES,CROPS,9000,ALASKA,,02,,00,,00,5,AK,99743,YEAR,02,,UNITED STATES,,OPERATIONS,2022,,SALES,ALL UTILIZATION PRACTICES,,ANNUAL
CROP TOTALS,,"SALES: (LESS THAN 50,000 $)",CROP TOTALS,CENSUS,CROP TOTALS - OPERATIONS WITH SALES,SALES,ALL CLASSES,00000000,ZIP CODE,,99743,2018-02-01 12:00:00.000,,ALL PRODUCTION PRACTICES,CROPS,9000,ALASKA,,02,,00,,00,5,AK,99743,YEAR,02,,UNITED STATES,,OPERATIONS,2017,,SALES,ALL UTILIZATION PRACTICES,,ANNUAL
CROP TOTALS,,"SALES: (LESS THAN 50,000 $)",CROP TOTALS,CENSUS,CROP TOTALS - OPERATIONS WITH SALES,SALES,ALL CLASSES,00000000,ZIP CODE,,99743,2012-01-01 00:00:00.000,,ALL PRODUCTION PRACTICES,CROPS,9000,ALASKA,,02,,00,,00,2,AK,99743,YEAR,02,,UNITED STATES,,OPERATIONS,2007,,SALES,ALL UTILIZATION PRACTICES,,ANNUAL
CROP TOTALS,,"SALES: (LESS THAN 50,000 $)",CROP TOTALS,CENSUS,CROP TOTALS - OPERATIONS WITH SALES,SALES,ALL CLASSES,00000000,ZIP CODE,,99756,2024-11-07 12:00:00.000,,ALL PRODUCTION PRACTICES,CROPS,9000,ALASKA,,02,,00,,00,1,AK,99756,YEAR,02,,UNITED STATES,,OPERATIONS,2022,,SALES,ALL UTILIZATION PRACTICES,,ANNUAL
CROP TOTALS,,"SALES: (LESS THAN 50,000 $)",CROP TOTALS,CENSUS,CROP TOTALS - OPERATIONS WITH SALES,SALES,ALL CLASSES,00000000,ZIP CODE,,99756,2018-02-01 12:00:00.000,,ALL PRODUCTION PRACTICES,CROPS,9000,ALASKA,,02,,00,,00,1,AK,99756,YEAR,02,,UNITED STATES,,OPERATIONS,2017,,SALES,ALL UTILIZATION PRACTICES,,ANNUAL
CROP TOTALS,,"SALES: (LESS THAN 50,000 $)",CROP TOTALS,CENSUS,CROP TOTALS - OPERATIONS WITH SALES,SALES,ALL CLASSES,00000000,ZIP CODE,,99760,2024-11-07 12:00:00.000,,ALL PRODUCTION PRACTICES,CROPS,9000,ALASKA,,02,,00,,00,10,AK,99760,YEAR,02,,UNITED STATES,,OPERATIONS,2022,,SALES,ALL UTILIZATION PRACTICES,,ANNUAL
CROP TOTALS,,"SALES: (LESS THAN 50,000 $)",CROP TOTALS,CENSUS,CROP TOTALS - OPERATIONS WITH SALES,SALES,ALL CLASSES,00000000,ZIP CODE,,99760,2018-02-01 12:00:00.000,,ALL PRODUCTION PRACTICES,CROPS,9000,ALASKA,,02,,00,,00,8,AK,99760,YEAR,02,,UNITED STATES,,OPERATIONS,2017,,SALES,ALL UTILIZATION PRACTICES,,ANNUAL
CROP TOTALS,,"SALES: (LESS THAN 50,000 $)",CROP TOTALS,CENSUS,CROP TOTALS - OPERATIONS WITH SALES,SALES,ALL CLASSES,00000000,ZIP CODE,,99760,2012-01-01 00:00:00.000,,ALL PRODUCTION PRACTICES,CROPS,9000,ALASKA,,02,,00,,00,6,AK,99760,YEAR,02,,UNITED STATES,,OPERATIONS,2007,,SALES,ALL UTILIZATION PRACTICES,,ANNUAL
CROP TOTALS,,"SALES: (LESS THAN 50,000 $)",CROP TOTALS,CENSUS,CROP TOTALS - OPERATIONS WITH SALES,SALES,ALL CLASSES,00000000,ZIP CODE,,99762,2012-01-01 00:00:00.000,,ALL PRODUCTION PRACTICES,CROPS,9000,ALASKA,,02,,00,,00,1,AK,99762,YEAR,02,,UNITED STATES,,OPERATIONS,2007,,SALES,ALL UTILIZATION PRACTICES,,ANNUAL
CROP TOTALS,,"SALES: (LESS THAN 50,000 $)",CROP TOTALS,CENSUS,CROP TOTALS - OPERATIONS WITH SALES,SALES,ALL CLASSES,00000000,ZIP CODE,,99768,2018-02-01 12:00:00.000,,ALL PRODUCTION PRACTICES,CROPS,9000,ALASKA,,02,,00,,00,1,AK,99768,YEAR,02,,UNITED STATES,,OPERATIONS,2017,,SALES,ALL UTILIZATION PRACTICES,,ANNUAL
CROP TOTALS,,"SALES: (LESS THAN 50,000 $)",CROP TOTALS,CENSUS,CROP TOTALS - OPERATIONS WITH SALES,SALES,ALL CLASSES,00000000,ZIP CODE,,99775,2024-11-07 12:00:00.000,,ALL PRODUCTION PRACTICES,CROPS,9000,ALASKA,,02,,00,,00,1,AK,99775,YEAR,02,,UNITED STATES,,OPERATIONS,2022,,SALES,ALL UTILIZATION PRACTICES,,ANNUAL
CROP TOTALS,,"SALES: (LESS THAN 50,000 $)",CROP TOTALS,CENSUS,CROP TOTALS - OPERATIONS WITH SALES,SALES,ALL CLASSES,00000000,ZIP CODE,,99775,2012-01-01 00:00:00.000,,ALL PRODUCTION PRACTICES,CROPS,9000,ALASKA,,02,,00,,00,1,AK,99775,YEAR,02,,UNITED STATES,,OPERATIONS,2007,,SALES,ALL UTILIZATION PRACTICES,,ANNUAL
CROP TOTALS,,"SALES: (LESS THAN 50,000 $)",CROP TOTALS,CENSUS,CROP TOTALS - OPERATIONS WITH SALES,SALES,ALL CLASSES,00000000,ZIP CODE,,99780,2024-11-07 12:00:00.000,,ALL PRODUCTION PRACTICES,CROPS,9000,ALASKA,,02,,00,,00,1,AK,99780,YEAR,02,,UNITED STATES,,OPERATIONS,2022,,SALES,ALL UTILIZATION PRACTICES,,ANNUAL
CROP TOTALS,,"SALES: (LESS THAN 50,000 $)",CROP TOTALS,CENSUS,CROP TOTALS - OPERATIONS WITH SALES,SALES,ALL CLASSES,00000000,ZIP CODE,,99780,2018-02-01 12:00:00.000,,ALL PRODUCTION PRACTICES,CROPS,9000,ALASKA,,02,,00,,00,1,AK,99780,YEAR,02,,UNITED STATES,,OPERATIONS,2017,,SALES,ALL UTILIZATION PRACTICES,,ANNUAL
CROP TOTALS,,"SALES: (LESS THAN 50,000 $)",CROP TOTALS,CENSUS,CROP TOTALS - OPERATIONS WITH SALES,SALES,ALL CLASSES,00000000,ZIP CODE,,99801,2024-11-07 12:00:00.000,,ALL PRODUCTION PRACTICES,CROPS,9000,ALASKA,,02,,00,,00,10,AK,99801,YEAR,02,,UNITED STATES,,OPERATIONS,2022,,SALES,ALL UTILIZATION PRACTICES,,ANNUAL
CROP TOTALS,,"SALES: (LESS THAN 50,000 $)",CROP TOTALS,CENSUS,CROP TOTALS - OPERATIONS WITH SALES,SALES,ALL CLASSES,00000000,ZIP CODE,,99801,2018-02-01 12:00:00.000,,ALL PRODUCTION PRACTICES,CROPS,9000,ALASKA,,02,,00,,00,3,AK,99801,YEAR,02,,UNITED STATES,,OPERATIONS,2017,,SALES,ALL UTILIZATION PRACTICES,,ANNUAL
CROP TOTALS,,"SALES: (LESS THAN 50,000 $)",CROP TOTALS,CENSUS,CROP TOTALS - OPERATIONS WITH SALES,SALES,ALL CLASSES,00000000,ZIP CODE,,99801,2012-01-01 00:00:00.000,,ALL PRODUCTION PRACTICES,CROPS,9000,ALASKA,,02,,00,,00,1,AK,99801,YEAR,02,,UNITED STATES,,OPERATIONS,2007,,SALES,ALL UTILIZATION PRACTICES,,ANNUAL
CROP TOTALS,,"SALES: (LESS THAN 50,000 $)",CROP TOTALS,CENSUS,CROP TOTALS - OPERATIONS WITH SALES,SALES,ALL CLASSES,00000000,ZIP CODE,,99802,2024-11-07 12:00:00.000,,ALL PRODUCTION PRACTICES,CROPS,9000,ALASKA,,02,,00,,00,3,AK,99802,YEAR,02,,UNITED STATES,,OPERATIONS,2022,,SALES,ALL UTILIZATION PRACTICES,,ANNUAL
CROP TOTALS,,"SALES: (LESS THAN 50,000 $)",CROP TOTALS,CENSUS,CROP TOTALS - OPERATIONS WITH SALES,SALES,ALL CLASSES,00000000,ZIP CODE,,99803,2024-11-07 12:00:00.000,,ALL PRODUCTION PRACTICES,CROPS,9000,ALASKA,,02,,00,,00,2,AK,99803,YEAR,02,,UNITED STATES,,OPERATIONS,2022,,SALES,ALL UTILIZATION PRACTICES,,ANNUAL
CROP TOTALS,,"SALES: (LESS THAN 50,000 $)",CROP TOTALS,CENSUS,CROP TOTALS - OPERATIONS WITH SALES,SALES,ALL CLASSES,00000000,ZIP CODE,,99803,2018-02-01 12:00:00.000,,ALL PRODUCTION PRACTICES,CROPS,9000,ALASKA,,02,,00,,00,1,AK,99803,YEAR,02,,UNITED STATES,,OPERATIONS,2017,,SALES,ALL UTILIZATION PRACTICES,,ANNUAL
CROP TOTALS,,"SALES: (LESS THAN 50,000 $)",CROP TOTALS,CENSUS,CROP TOTALS - OPERATIONS WITH SALES,SALES,ALL CLASSES,00000000,ZIP CODE,,99821,2024-11-07 12:00:00.000,,ALL PRODUCTION PRACTICES,CROPS,9000,ALASKA,,02,,00,,00,2,AK,99821,YEAR,02,,UNITED STATES,,OPERATIONS,2022,,SALES,ALL UTILIZATION PRACTICES,,ANNUAL
CROP TOTALS,,"SALES: (LESS THAN 50,000 $)",CROP TOTALS,CENSUS,CROP TOTALS - OPERATIONS WITH SALES,SALES,ALL CLASSES,00000000,ZIP CODE,,99821,2018-02-01 12:00:00.000,,ALL PRODUCTION PRACTICES,CROPS,9000,ALASKA,,02,,00,,00,1,AK,99821,YEAR,02,,UNITED STATES,,OPERATIONS,2017,,SALES,ALL UTILIZATION PRACTICES,,ANNUAL
CROP TOTALS,,"SALES: (LESS THAN 50,000 $)",CROP TOTALS,CENSUS,CROP TOTALS - OPERATIONS WITH SALES,SALES,ALL CLASSES,00000000,ZIP CODE,,99821,2012-01-01 00:00:00.000,,ALL PRODUCTION PRACTICES,CROPS,9000,ALASKA,,02,,00,,00,1,AK,99821,YEAR,02,,UNITED STATES,,OPERATIONS,2007,,SALES,ALL UTILIZATION PRACTICES,,ANNUAL
CROP TOTALS,,"SALES: (LESS THAN 50,000 $)",CROP TOTALS,CENSUS,CROP TOTALS - OPERATIONS WITH SALES,SALES,ALL CLASSES,00000000,ZIP CODE,,99824,2024-11-07 12:00:00.000,,ALL PRODUCTION PRACTICES,CROPS,9000,ALASKA,,02,,00,,00,1,AK,99824,YEAR,02,,UNITED STATES,,OPERATIONS,2022,,SALES,ALL UTILIZATION PRACTICES,,ANNUAL
CROP TOTALS,,"SALES: (LESS THAN 50,000 $)",CROP TOTALS,CENSUS,CROP TOTALS - OPERATIONS WITH SALES,SALES,ALL CLASSES,00000000,ZIP CODE,,99826,2024-11-07 12:00:00.000,,ALL PRODUCTION PRACTICES,CROPS,9000,ALASKA,,02,,00,,00,2,AK,99826,YEAR,02,,UNITED STATES,,OPERATIONS,2022,,SALES,ALL UTILIZATION PRACTICES,,ANNUAL
CROP TOTALS,,"SALES: (LESS THAN 50,000 $)",CROP TOTALS,CENSUS,CROP TOTALS - OPERATIONS WITH SALES,SALES,ALL CLASSES,00000000,ZIP CODE,,99827,2024-11-07 12:00:00.000,,ALL PRODUCTION PRACTICES,CROPS,9000,ALASKA,,02,,00,,00,9,AK,99827,YEAR,02,,UNITED STATES,,OPERATIONS,2022,,SALES,ALL UTILIZATION PRACTICES,,ANNUAL
CROP TOTALS,,"SALES: (LESS THAN 50,000 $)",CROP TOTALS,CENSUS,CROP TOTALS - OPERATIONS WITH SALES,SALES,ALL CLASSES,00000000,ZIP CODE,,99827,2018-02-01 12:00:00.000,,ALL PRODUCTION PRACTICES,CROPS,9000,ALASKA,,02,,00,,00,6,AK,99827,YEAR,02,,UNITED STATES,,OPERATIONS,2017,,SALES,ALL UTILIZATION PRACTICES,,ANNUAL
CROP TOTALS,,"SALES: (LESS THAN 50,000 $)",CROP TOTALS,CENSUS,CROP TOTALS - OPERATIONS WITH SALES,SALES,ALL CLASSES,00000000,ZIP CODE,,99827,2012-01-01 00:00:00.000,,ALL PRODUCTION PRACTICES,CROPS,9000,ALASKA,,02,,00,,00,1,AK,99827,YEAR,02,,UNITED STATES,,OPERATIONS,2007,,SALES,ALL UTILIZATION PRACTICES,,ANNUAL
CROP TOTALS,,"SALES: (LESS THAN 50,000 $)",CROP TOTALS,CENSUS,CROP TOTALS - OPERATIONS WITH SALES,SALES,ALL CLASSES,00000000,ZIP CODE,,99832,2024-11-07 12:00:00.000,,ALL PRODUCTION PRACTICES,CROPS,9000,ALASKA,,02,,00,,00,1,AK,99832,YEAR,02,,UNITED STATES,,OPERATIONS,2022,,SALES,ALL UTILIZATION PRACTICES,,ANNUAL
CROP TOTALS,,"SALES: (LESS THAN 50,000 $)",CROP TOTALS,CENSUS,CROP TOTALS - OPERATIONS WITH SALES,SALES,ALL CLASSES,00000000,ZIP CODE,,99833,2024-11-07 12:00:00.000,,ALL PRODUCTION PRACTICES,CROPS,9000,ALASKA,,02,,00,,00,1,AK,99833,YEAR,02,,UNITED STATES,,OPERATIONS,2022,,SALES,ALL UTILIZATION PRACTICES,,ANNUAL
CROP TOTALS,,"SALES: (LESS THAN 50,000 $)",CROP TOTALS,CENSUS,CROP TOTALS - OPERATIONS WITH SALES,SALES,ALL CLASSES,00000000,ZIP CODE,,99833,2018-02-01 12:00:00.000,,ALL PRODUCTION PRACTICES,CROPS,9000,ALASKA,,02,,00,,00,2,AK,99833,YEAR,02,,UNITED STATES,,OPERATIONS,2017,,SALES,ALL UTILIZATION PRACTICES,,ANNUAL
CROP TOTALS,,"SALES: (LESS THAN 50,000 $)",CROP TOTALS,CENSUS,CROP TOTALS - OPERATIONS WITH SALES,SALES,ALL CLASSES,00000000,ZIP CODE,,99835,2024-11-07 12:00:00.000,,ALL PRODUCTION PRACTICES,CROPS,9000,ALASKA,,02,,00,,00,4,AK,99835,YEAR,02,,UNITED STATES,,OPERATIONS,2022,,SALES,ALL UTILIZATION PRACTICES,,ANNUAL
CROP TOTALS,,"SALES: (LESS THAN 50,000 $)",CROP TOTALS,CENSUS,CROP TOTALS - OPERATIONS WITH SALES,SALES,ALL CLASSES,00000000,ZIP CODE,,99835,2018-02-01 12:00:00.000,,ALL PRODUCTION PRACTICES,CROPS,9000,ALASKA,,02,,00,,00,2,AK,99835,YEAR,02,,UNITED STATES,,OPERATIONS,2017,,SALES,ALL UTILIZATION PRACTICES,,ANNUAL
CROP TOTALS,,"SALES: (LESS THAN 50,000 $)",CROP TOTALS,CENSUS,CROP TOTALS - OPERATIONS WITH SALES,SALES,ALL CLASSES,00000000,ZIP CODE,,99840,2024-11-07 12:00:00.000,,ALL PRODUCTION PRACTICES,CROPS,9000,ALASKA,,02,,00,,00,2,AK,99840,YEAR,02,,UNITED STATES,,OPERATIONS,2022,,SALES,ALL UTILIZATION PRACTICES,,ANNUAL
CROP TOTALS,,"SALES: (LESS THAN 50,000 $)",CROP TOTALS,CENSUS,CROP TOTALS - OPERATIONS WITH SALES,SALES,ALL CLASSES,00000000,ZIP CODE,,99840,2018-02-01 12:00:00.000,,ALL PRODUCTION PRACTICES,CROPS,9000,ALASKA,,02,,00,,00,1,AK,99840,YEAR,02,,UNITED STATES,,OPERATIONS,2017,,SALES,ALL UTILIZATION PRACTICES,,ANNUAL
CROP TOTALS,,"SALES: (LESS THAN 50,000 $)",CROP TOTALS,CENSUS,CROP TOTALS - OPERATIONS WITH SALES,SALES,ALL CLASSES,00000000,ZIP CODE,,99840,2012-01-01 00:00:00.000,,ALL PRODUCTION PRACTICES,CROPS,9000,ALASKA,,02,,00,,00,1,AK,99840,YEAR,02,,UNITED STATES,,OPERATIONS,2007,,SALES,ALL UTILIZATION PRACTICES,,ANNUAL
CROP TOTALS,,"SALES: (LESS THAN 50,000 $)",CROP TOTALS,CENSUS,CROP TOTALS - OPERATIONS WITH SALES,SALES,ALL CLASSES,00000000,ZIP CODE,,99841,2024-11-07 12:00:00.000,,ALL PRODUCTION PRACTICES,CROPS,9000,ALASKA,,02,,00,,00,2,AK,99841,YEAR,02,,UNITED STATES,,OPERATIONS,2022,,SALES,ALL UTILIZATION PRACTICES,,ANNUAL
CROP TOTALS,,"SALES: (LESS THAN 50,000 $)",CROP TOTALS,CENSUS,CROP TOTALS - OPERATIONS WITH SALES,SALES,ALL CLASSES,00000000,ZIP CODE,,99841,2018-02-01 12:00:00.000,,ALL PRODUCTION PRACTICES,CROPS,9000,ALASKA,,02,,00,,00,1,AK,99841,YEAR,02,,UNITED STATES,,OPERATIONS,2017,,SALES,ALL UTILIZATION PRACTICES,,ANNUAL
CROP TOTALS,,"SALES: (LESS THAN 50,000 $)",CROP TOTALS,CENSUS,CROP TOTALS - OPERATIONS WITH SALES,SALES,ALL CLASSES,00000000,ZIP CODE,,99901,2024-11-07 12:00:00.000,,ALL PRODUCTION PRACTICES,CROPS,9000,ALASKA,,02,,00,,00,1,AK,99901,YEAR,02,,UNITED STATES,,OPERATIONS,2022,,SALES,ALL UTILIZATION PRACTICES,,ANNUAL
CROP TOTALS,,"SALES: (LESS THAN 50,000 $)",CROP TOTALS,CENSUS,CROP TOTALS - OPERATIONS WITH SALES,SALES,ALL CLASSES,00000000,ZIP CODE,,99901,2018-02-01 12:00:00.000,,ALL PRODUCTION PRACTICES,CROPS,9000,ALASKA,,02,,00,,00,1,AK,99901,YEAR,02,,UNITED STATES,,OPERATIONS,2017,,SALES,ALL UTILIZATION PRACTICES,,ANNUAL
CROP TOTALS,,"SALES: (LESS THAN 50,000 $)",CROP TOTALS,CENSUS,CROP TOTALS - OPERATIONS WITH SALES,SALES,ALL CLASSES,00000000,ZIP CODE,,99919,2024-11-07 12:00:00.000,,ALL PRODUCTION PRACTICES,CROPS,9000,ALASKA,,02,,00,,00,2,AK,99919,YEAR,02,,UNITED STATES,,OPERATIONS,2022,,SALES,ALL UTILIZATION PRACTICES,,ANNUAL
CROP TOTALS,,"SALES: (LESS THAN 50,000 $)",CROP TOTALS,CENSUS,CROP TOTALS - OPERATIONS WITH SALES,SALES,ALL CLASSES,00000000,ZIP CODE,,99919,2018-02-01 12:00:00.000,,ALL PRODUCTION PRACTICES,CROPS,9000,ALASKA,,02,,00,,00,2,AK,99919,YEAR,02,,UNITED STATES,,OPERATIONS,2017,,SALES,ALL UTILIZATION PRACTICES,,ANNUAL
CROP TOTALS,,"SALES: (LESS THAN 50,000 $)",CROP TOTALS,CENSUS,CROP TOTALS - OPERATIONS WITH SALES,SALES,ALL CLASSES,00000000,ZIP CODE,,99921,2024-11-07 12:00:00.000,,ALL PRODUCTION PRACTICES,CROPS,9000,ALASKA,,02,,00,,00,1,AK,99921,YEAR,02,,UNITED STATES,,OPERATIONS,2022,,SALES,ALL UTILIZATION PRACTICES,,ANNUAL
CROP TOTALS,,"SALES: (LESS THAN 50,000 $)",CROP TOTALS,CENSUS,CROP TOTALS - OPERATIONS WITH SALES,SALES,ALL CLASSES,00000000,ZIP CODE,,99921,2018-02-01 12:00:00.000,,ALL PRODUCTION PRACTICES,CROPS,9000,ALASKA,,02,,00,,00,1,AK,99921,YEAR,02,,UNITED STATES,,OPERATIONS,2017,,SALES,ALL UTILIZATION PRACTICES,,ANNUAL
CROP TOTALS,,"SALES: (LESS THAN 50,000 $)",CROP TOTALS,CENSUS,CROP TOTALS - OPERATIONS WITH SALES,SALES,ALL CLASSES,00000000,ZIP CODE,,99928,2012-01-01 00:00:00.000,,ALL PRODUCTION PRACTICES,CROPS,9000,ALASKA,,02,,00,,00,1,AK,99928,YEAR,02,,UNITED STATES,,OPERATIONS,2007,,SALES,ALL UTILIZATION PRACTICES,,ANNUAL
CROP TOTALS,,"SALES: (LESS THAN 50,000 $)",CROP TOTALS,CENSUS,CROP TOTALS - OPERATIONS WITH SALES,SALES,ALL CLASSES,00000000,ZIP CODE,,99929,2024-11-07 12:00:00.000,,ALL PRODUCTION PRACTICES,CROPS,9000,ALASKA,,02,,00,,00,5,AK,99929,YEAR,02,,UNITED STATES,,OPERATIONS,2022,,SALES,ALL UTILIZATION PRACTICES,,ANNUAL
CROP TOTALS,,"SALES: (LESS THAN 50,000 $)",CROP TOTALS,CENSUS,CROP TOTALS - OPERATIONS WITH SALES,SALES,ALL CLASSES,00000000,ZIP CODE,,99929,2018-02-01 12:00:00.000,,ALL PRODUCTION PRACTICES,CROPS,9000,ALASKA,,02,,00,,00,1,AK,99929,YEAR,02,,UNITED STATES,,OPERATIONS,2017,,SALES,ALL UTILIZATION PRACTICES,,ANNUAL
CROP TOTALS,,"SALES: (LESS THAN 50,000 $)",CROP TOTALS,CENSUS,CROP TOTALS - OPERATIONS WITH SALES,SALES,ALL CLASSES,00000000,ZIP CODE,,99950,2024-11-07 12:00:00.000,,ALL PRODUCTION PRACTICES,CROPS,9000,ALASKA,,02,,00,,00,2,AK,99950,YEAR,02,,UNITED STATES,,OPERATIONS,2022,,SALES,ALL UTILIZATION PRACTICES,,ANNUAL
CROP TOTALS,,"SALES: (LESS THAN 50,000 $)",CROP TOTALS,CENSUS,CROP TOTALS - OPERATIONS WITH SALES,SALES,ALL CLASSES,00000000,ZIP CODE,,99999,2024-11-07 12:00:00.000,,ALL PRODUCTION PRACTICES,CROPS,9000,ALASKA,,02,,00,,00,27,AK,99999,YEAR,02,,UNITED STATES,,OPERATIONS,2022,,SALES,ALL UTILIZATION PRACTICES,,ANNUAL
CROP TOTALS,,"SALES: (LESS THAN 50,000 $)",CROP TOTALS,CENSUS,CROP TOTALS - OPERATIONS WITH SALES,SALES,ALL CLASSES,00000000,ZIP CODE,,99999,2012-01-01 00:00:00.000,,ALL PRODUCTION PRACTICES,CROPS,9000,ALASKA,,02,,00,,00,1,AK,99999,YEAR,02,,UNITED STATES,,OPERATIONS,2007,,SALES,ALL UTILIZATION PRACTICES,,ANNUAL
CROP TOTALS,(L),NOT SPECIFIED,CROP TOTALS,CENSUS,CROP TOTALS - OPERATIONS WITH SALES,SALES,ALL CLASSES,00000000,COUNTY,,,2024-07-02 12:00:00.000,TANANA VALLEY,ALL PRODUCTION PRACTICES,CROPS,9000,ALASKA,FAIRBANKS NORTH STAR,02,,00,090,00,210,AK,"ALASKA, TANANA VALLEY, FAIRBANKS NORTH STAR",YEAR,02,,UNITED STATES,10,OPERATIONS,2022,,TOTAL,ALL UTILIZATION PRACTICES,,ANNUAL
CROP TOTALS,3.0,NOT SPECIFIED,CROP TOTALS,CENSUS,CROP TOTALS - OPERATIONS WITH SALES,SALES,ALL CLASSES,00000000,COUNTY,,,2018-02-01 00:00:00.000,TANANA VALLEY,ALL PRODUCTION PRACTICES,CROPS,9000,ALASKA,FAIRBANKS NORTH STAR,02,,00,090,00,192,AK,"ALASKA, TANANA VALLEY, FAIRBANKS NORTH STAR",YEAR,02,,UNITED STATES,10,OPERATIONS,2017,,TOTAL,ALL UTILIZATION PRACTICES,,ANNUAL
CROP TOTALS,4.3,NOT SPECIFIED,CROP TOTALS,CENSUS,CROP TOTALS - OPERATIONS WITH SALES,SALES,ALL CLASSES,00000000,COUNTY,,,2012-12-31 00:00:00.000,TANANA VALLEY,ALL PRODUCTION PRACTICES,CROPS,9000,ALASKA,FAIRBANKS NORTH STAR,02,,00,090,00,147,AK,"ALASKA, TANANA VALLEY, FAIRBANKS NORTH STAR",YEAR,02,,UNITED STATES,10,OPERATIONS,2012,,TOTAL,ALL UTILIZATION PRACTICES,,ANNUAL
CROP TOTALS,,NOT SPECIFIED,CROP TOTALS,CENSUS,CROP TOTALS - OPERATIONS WITH SALES,SALES,ALL CLASSES,00000000,COUNTY,,,2012-01-01 00:00:00.000,TANANA VALLEY,ALL PRODUCTION PRACTICES,CROPS,9000,ALASKA,FAIRBANKS NORTH STAR,02,,00,090,00,134,AK,"ALASKA, TANANA VALLEY, FAIRBANKS NORTH STAR",YEAR,02,,UNITED STATES,10,OPERATIONS,2007,,TOTAL,ALL UTILIZATION PRACTICES,,ANNUAL
CROP TOTALS,,NOT SPECIFIED,CROP TOTALS,CENSUS,CROP TOTALS - OPERATIONS WITH SALES,SALES,ALL CLASSES,00000000,COUNTY,,,2012-01-01 00:00:00.000,TANANA VALLEY,ALL PRODUCTION PRACTICES,CROPS,9000,ALASKA,FAIRBANKS NORTH STAR,02,,00,090,00,119,AK,"ALASKA, TANANA VALLEY, FAIRBANKS NORTH STAR",YEAR,02,,UNITED STATES,10,OPERATIONS,2002,,TOTAL,ALL UTILIZATION PRACTICES,,ANNUAL
CROP TOTALS,,NOT SPECIFIED,CROP TOTALS,CENSUS,CROP TOTALS - OPERATIONS WITH SALES,SALES,ALL CLASSES,00000000,COUNTY,,,2012-01-01 00:00:00.000,TANANA VALLEY,ALL PRODUCTION PRACTICES,CROPS,9000,ALASKA,FAIRBANKS NORTH STAR,02,,00,090,00,126,AK,"ALASKA, TANANA VALLEY, FAIRBANKS NORTH STAR",YEAR,02,,UNITED STATES,10,OPERATIONS,1997,,TOTAL,ALL UTILIZATION PRACTICES,,ANNUAL
CROP TOTALS,(L),NOT SPECIFIED,CROP TOTALS,CENSUS,CROP TOTALS - OPERATIONS WITH SALES,SALES,ALL CLASSES,00000000,COUNTY,,,2024-07-02 12:00:00.000,MATANUSKA-SUSITNA-ANCHORAGE,ALL PRODUCTION PRACTICES,CROPS,9000,ALASKA,ANCHORAGE,02,,00,020,00,253,AK,"ALASKA, MATANUSKA-SUSITNA-ANCHORAGE, ANCHORAGE",YEAR,02,,UNITED STATES,20,OPERATIONS,2022,,TOTAL,ALL UTILIZATION PRACTICES,,ANNUAL
CROP TOTALS,3.0,NOT SPECIFIED,CROP TOTALS,CENSUS,CROP TOTALS - OPERATIONS WITH SALES,SALES,ALL CLASSES,00000000,COUNTY,,,2018-02-01 00:00:00.000,MATANUSKA-SUSITNA-ANCHORAGE,ALL PRODUCTION PRACTICES,CROPS,9000,ALASKA,ANCHORAGE,02,,00,020,00,229,AK,"ALASKA, MATANUSKA-SUSITNA-ANCHORAGE, ANCHORAGE",YEAR,02,,UNITED STATES,20,OPERATIONS,2017,,TOTAL,ALL UTILIZATION PRACTICES,,ANNUAL
CROP TOTALS,4.3,NOT SPECIFIED,CROP TOTALS,CENSUS,CROP TOTALS - OPERATIONS WITH SALES,SALES,ALL CLASSES,00000000,COUNTY,,,2012-12-31 00:00:00.000,MATANUSKA-SUSITNA-ANCHORAGE,ALL PRODUCTION PRACTICES,CROPS,9000,ALASKA,ANCHORAGE,02,,00,020,00,182,AK,"ALASKA, MATANUSKA-SUSITNA-ANCHORAGE, ANCHORAGE",YEAR,02,,UNITED STATES,20,OPERATIONS,2012,,TOTAL,ALL UTILIZATION PRACTICES,,ANNUAL
CROP TOTALS,,NOT SPECIFIED,CROP TOTALS,CENSUS,CROP TOTALS - OPERATIONS WITH SALES,SALES,ALL CLASSES,00000000,COUNTY,,,2012-01-01 00:00:00.000,MATANUSKA-SUSITNA-ANCHORAGE,ALL PRODUCTION PRACTICES,CROPS,9000,ALASKA,ANCHORAGE,02,,00,020,00,171,AK,"ALASKA, MATANUSKA-SUSITNA-ANCHORAGE, ANCHORAGE",YEAR,02,,UNITED STATES,20,OPERATIONS,2007,,TOTAL,ALL UTILIZATION PRACTICES,,ANNUAL
CROP TOTALS,,NOT SPECIFIED,CROP TOTALS,CENSUS,CROP TOTALS - OPERATIONS WITH SALES,SALES,ALL CLASSES,00000000,COUNTY,,,2012-01-01 00:00:00.000,MATANUSKA-SUSITNA-ANCHORAGE,ALL PRODUCTION PRACTICES,CROPS,9000,ALASKA,ANCHORAGE,02,,00,020,00,147,AK,"ALASKA, MATANUSKA-SUSITNA-ANCHORAGE, ANCHORAGE",YEAR,02,,UNITED STATES,20,OPERATIONS,2002,,TOTAL,ALL UTILIZATION PRACTICES,,ANNUAL
CROP TOTALS,,NOT SPECIFIED,CROP TOTALS,CENSUS,CROP TOTALS - OPERATIONS WITH SALES,SALES,ALL CLASSES,00000000,COUNTY,,,2012-01-01 00:00:00.000,MATANUSKA-SUSITNA-ANCHORAGE,ALL PRODUCTION PRACTICES,CROPS,9000,ALASKA,ANCHORAGE,02,,00,020,00,129,AK,"ALASKA, MATANUSKA-SUSITNA-ANCHORAGE, ANCHORAGE",YEAR,02,,UNITED STATES,20,OPERATIONS,1997,,TOTAL,ALL UTILIZATION PRACTICES,,ANNUAL
CROP TOTALS,(L),NOT SPECIFIED,CROP TOTALS,CENSUS,CROP TOTALS - OPERATIONS WITH SALES,SALES,ALL CLASSES,00000000,COUNTY,,,2024-07-02 12:00:00.000,KENAI PENINSULA,ALL PRODUCTION PRACTICES,CROPS,9000,ALASKA,KENAI PENINSULA,02,,00,122,00,216,AK,"ALASKA, KENAI PENINSULA, KENAI PENINSULA",YEAR,02,,UNITED STATES,30,OPERATIONS,2022,,TOTAL,ALL UTILIZATION PRACTICES,,ANNUAL
CROP TOTALS,3.0,NOT SPECIFIED,CROP TOTALS,CENSUS,CROP TOTALS - OPERATIONS WITH SALES,SALES,ALL CLASSES,00000000,COUNTY,,,2018-02-01 00:00:00.000,KENAI PENINSULA,ALL PRODUCTION PRACTICES,CROPS,9000,ALASKA,KENAI PENINSULA,02,,00,122,00,176,AK,"ALASKA, KENAI PENINSULA, KENAI PENINSULA",YEAR,02,,UNITED STATES,30,OPERATIONS,2017,,TOTAL,ALL UTILIZATION PRACTICES,,ANNUAL
CROP TOTALS,4.3,NOT SPECIFIED,CROP TOTALS,CENSUS,CROP TOTALS - OPERATIONS WITH SALES,SALES,ALL CLASSES,00000000,COUNTY,,,2012-12-31 00:00:00.000,KENAI PENINSULA,ALL PRODUCTION PRACTICES,CROPS,9000,ALASKA,KENAI PENINSULA,02,,00,122,00,101,AK,"ALASKA, KENAI PENINSULA, KENAI PENINSULA",YEAR,02,,UNITED STATES,30,OPERATIONS,2012,,TOTAL,ALL UTILIZATION PRACTICES,,ANNUAL
CROP TOTALS,,NOT SPECIFIED,CROP TOTALS,CENSUS,CROP TOTALS - OPERATIONS WITH SALES,SALES,ALL CLASSES,00000000,COUNTY,,,2012-01-01 00:00:00.000,KENAI PENINSULA,ALL PRODUCTION PRACTICES,CROPS,9000,ALASKA,KENAI PENINSULA,02,,00,122,00,61,AK,"ALASKA, KENAI PENINSULA, KENAI PENINSULA",YEAR,02,,UNITED STATES,30,OPERATIONS,2007,,TOTAL,ALL UTILIZATION PRACTICES,,ANNUAL
CROP TOTALS,,NOT SPECIFIED,CROP TOTALS,CENSUS,CROP TOTALS - OPERATIONS WITH SALES,SALES,ALL CLASSES,00000000,COUNTY,,,2012-01-01 00:00:00.000,KENAI PENINSULA,ALL PRODUCTION PRACTICES,CROPS,9000,ALASKA,KENAI PENINSULA,02,,00,122,00,55,AK,"ALASKA, KENAI PENINSULA, KENAI PENINSULA",YEAR,02,,UNITED STATES,30,OPERATIONS,2002,,TOTAL,ALL UTILIZATION PRACTICES,,ANNUAL
CROP TOTALS,,NOT SPECIFIED,CROP TOTALS,CENSUS,CROP TOTALS - OPERATIONS WITH SALES,SALES,ALL CLASSES,00000000,COUNTY,,,2012-01-01 00:00:00.000,KENAI PENINSULA,ALL PRODUCTION PRACTICES,CROPS,9000,ALASKA,KENAI PENINSULA,02,,00,122,00,52,AK,"ALASKA, KENAI PENINSULA, KENAI PENINSULA",YEAR,02,,UNITED STATES,30,OPERATIONS,1997,,TOTAL,ALL UTILIZATION PRACTICES,,ANNUAL
CROP TOTALS,0.1,NOT SPECIFIED,CROP TOTALS,CENSUS,CROP TOTALS - OPERATIONS WITH SALES,SALES,ALL CLASSES,00000000,COUNTY,,,2024-07-02 12:00:00.000,SOUTHEAST,ALL PRODUCTION PRACTICES,CROPS,9000,ALASKA,JUNEAU,02,,00,110,00,55,AK,"ALASKA, SOUTHEAST, JUNEAU",YEAR,02,,UNITED STATES,40,OPERATIONS,2022,,TOTAL,ALL UTILIZATION PRACTICES,,ANNUAL
CROP TOTALS,3.0,NOT SPECIFIED,CROP TOTALS,CENSUS,CROP TOTALS - OPERATIONS WITH SALES,SALES,ALL CLASSES,00000000,COUNTY,,,2018-02-01 00:00:00.000,SOUTHEAST,ALL PRODUCTION PRACTICES,CROPS,9000,ALASKA,JUNEAU,02,,00,110,00,27,AK,"ALASKA, SOUTHEAST, JUNEAU",YEAR,02,,UNITED STATES,40,OPERATIONS,2017,,TOTAL,ALL UTILIZATION PRACTICES,,ANNUAL
CROP TOTALS,4.3,NOT SPECIFIED,CROP TOTALS,CENSUS,CROP TOTALS - OPERATIONS WITH SALES,SALES,ALL CLASSES,00000000,COUNTY,,,2012-12-31 00:00:00.000,SOUTHEAST,ALL PRODUCTION PRACTICES,CROPS,9000,ALASKA,JUNEAU,02,,00,110,00,22,AK,"ALASKA, SOUTHEAST, JUNEAU",YEAR,02,,UNITED STATES,40,OPERATIONS,2012,,TOTAL,ALL UTILIZATION PRACTICES,,ANNUAL
CROP TOTALS,,NOT SPECIFIED,CROP TOTALS,CENSUS,CROP TOTALS - OPERATIONS WITH SALES,SALES,ALL CLASSES,00000000,COUNTY,,,2012-01-01 00:00:00.000,SOUTHEAST,ALL PRODUCTION PRACTICES,CROPS,9000,ALASKA,JUNEAU,02,,00,110,00,10,AK,"ALASKA, SOUTHEAST, JUNEAU",YEAR,02,,UNITED STATES,40,OPERATIONS,2007,,TOTAL,ALL UTILIZATION PRACTICES,,ANNUAL
CROP TOTALS,,NOT SPECIFIED,CROP TOTALS,CENSUS,CROP TOTALS - OPERATIONS WITH SALES,SALES,ALL CLASSES,00000000,COUNTY,,,2012-01-01 00:00:00.000,SOUTHEAST,ALL PRODUCTION PRACTICES,CROPS,9000,ALASKA,JUNEAU,02,,00,110,00,11,AK,"ALASKA, SOUTHEAST, JUNEAU",YEAR,02,,UNITED STATES,40,OPERATIONS,2002,,TOTAL,ALL UTILIZATION PRACTICES,,ANNUAL
CROP TOTALS,,NOT SPECIFIED,CROP TOTALS,CENSUS,CROP TOTALS - OPERATIONS WITH SALES,SALES,ALL CLASSES,00000000,COUNTY,,,2012-01-01 00:00:00.000,SOUTHEAST,ALL PRODUCTION PRACTICES,CROPS,9000,ALASKA,JUNEAU,02,,00,110,00,8,AK,"ALASKA, SOUTHEAST, JUNEAU",YEAR,02,,UNITED STATES,40,OPERATIONS,1997,,TOTAL,ALL UTILIZATION PRACTICES,,ANNUAL
CROP TOTALS,0.1,NOT SPECIFIED,CROP TOTALS,CENSUS,CROP TOTALS - OPERATIONS WITH SALES,SALES,ALL CLASSES,00000000,COUNTY,,,2024-07-02 12:00:00.000,SOUTHWEST & WEST,ALL PRODUCTION PRACTICES,CROPS,9000,ALASKA,ALEUTIAN ISLANDS,02,,00,010,00,34,AK,"ALASKA, SOUTHWEST & WEST, ALEUTIAN ISLANDS",YEAR,02,,UNITED STATES,50,OPERATIONS,2022,,TOTAL,ALL UTILIZATION PRACTICES,,ANNUAL
CROP TOTALS,(L),NOT SPECIFIED,CROP TOTALS,CENSUS,CROP TOTALS - OPERATIONS WITH SALES,SALES,ALL CLASSES,00000000,COUNTY,,,2018-02-01 00:00:00.000,SOUTHWEST & WEST,ALL PRODUCTION PRACTICES,CROPS,9000,ALASKA,ALEUTIAN ISLANDS,02,,00,010,00,24,AK,"ALASKA, SOUTHWEST & WEST, ALEUTIAN ISLANDS",YEAR,02,,UNITED STATES,50,OPERATIONS,2017,,TOTAL,ALL UTILIZATION PRACTICES,,ANNUAL
CROP TOTALS,4.3,NOT SPECIFIED,CROP TOTALS,CENSUS,CROP TOTALS - OPERATIONS WITH SALES,SALES,ALL CLASSES,00000000,COUNTY,,,2012-12-31 00:00:00.000,SOUTHWEST & WEST,ALL PRODUCTION PRACTICES,CROPS,9000,ALASKA,ALEUTIAN ISLANDS,02,,00,010,00,19,AK,"ALASKA, SOUTHWEST & WEST, ALEUTIAN ISLANDS",YEAR,02,,UNITED STATES,50,OPERATIONS,2012,,TOTAL,ALL UTILIZATION PRACTICES,,ANNUAL
CROP TOTALS,,NOT SPECIFIED,CROP TOTALS,CENSUS,CROP TOTALS - OPERATIONS WITH SALES,SALES,ALL CLASSES,00000000,COUNTY,,,2012-01-01 00:00:00.000,SOUTHWEST & WEST,ALL PRODUCTION PRACTICES,CROPS,9000,ALASKA,ALEUTIAN ISLANDS,02,,00,010,00,8,AK,"ALASKA, SOUTHWEST & WEST, ALEUTIAN ISLANDS",YEAR,02,,UNITED STATES,50,OPERATIONS,2007,,TOTAL,ALL UTILIZATION PRACTICES,,ANNUAL
CROP TOTALS,,NOT SPECIFIED,CROP TOTALS,CENSUS,CROP TOTALS - OPERATIONS WITH SALES,SALES,ALL CLASSES,00000000,COUNTY,,,2012-01-01 00:00:00.000,SOUTHWEST & WEST,ALL PRODUCTION PRACTICES,CROPS,9000,ALASKA,ALEUTIAN ISLANDS,02,,00,010,00,5,AK,"ALASKA, SOUTHWEST & WEST, ALEUTIAN ISLANDS",YEAR,02,,UNITED STATES,50,OPERATIONS,2002,,TOTAL,ALL UTILIZATION PRACTICES,,ANNUAL
CROP TOTALS,,NOT SPECIFIED,CROP TOTALS,CENSUS,CROP TOTALS - OPERATIONS WITH SALES,SALES,ALL CLASSES,00000000,COUNTY,,,2012-01-01 00:00:00.000,SOUTHWEST & WEST,ALL PRODUCTION PRACTICES,CROPS,9000,ALASKA,ALEUTIAN ISLANDS,02,,00,010,00,4,AK,"ALASKA, SOUTHWEST & WEST, ALEUTIAN ISLANDS",YEAR,02,,UNITED STATES,50,OPERATIONS,1997,,TOTAL,ALL UTILIZATION PRACTICES,,ANNUAL
CROP TOTALS,0.2,NOT SPECIFIED,CROP TOTALS,CENSUS,CROP TOTALS - OPERATIONS WITH SALES,SALES,ALL CLASSES,00000000,STATE,,,2024-07-02 12:00:00.000,,ALL PRODUCTION PRACTICES,CROPS,9000,ALASKA,,02,,00,,00,768,AK,ALASKA,YEAR,02,,UNITED STATES,,OPERATIONS,2022,,TOTAL,ALL UTILIZATION PRACTICES,,ANNUAL
CROP TOTALS,1.7,NOT SPECIFIED,CROP TOTALS,CENSUS,CROP TOTALS - OPERATIONS WITH SALES,SALES,ALL CLASSES,00000000,STATE,,,2018-02-01 00:00:00.000,,ALL PRODUCTION PRACTICES,CROPS,9000,ALASKA,,02,,00,,00,648,AK,ALASKA,YEAR,02,,UNITED STATES,,OPERATIONS,2017,,TOTAL,ALL UTILIZATION PRACTICES,,ANNUAL
CROP TOTALS,2.3,NOT SPECIFIED,CROP TOTALS,CENSUS,CROP TOTALS - OPERATIONS WITH SALES,SALES,ALL CLASSES,00000000,STATE,,,2012-12-31 00:00:00.000,,ALL PRODUCTION PRACTICES,CROPS,9000,ALASKA,,02,,00,,00,471,AK,ALASKA,YEAR,02,,UNITED STATES,,OPERATIONS,2012,,TOTAL,ALL UTILIZATION PRACTICES,,ANNUAL
CROP TOTALS,,NOT SPECIFIED,CROP TOTALS,CENSUS,CROP TOTALS - OPERATIONS WITH SALES,SALES,ALL CLASSES,00000000,STATE,,,2012-01-01 00:00:00.000,,ALL PRODUCTION PRACTICES,CROPS,9000,ALASKA,,02,,00,,00,384,AK,ALASKA,YEAR,02,,UNITED STATES,,OPERATIONS,2007,,TOTAL,ALL UTILIZATION PRACTICES,,ANNUAL
CROP TOTALS,,NOT SPECIFIED,CROP TOTALS,CENSUS,CROP TOTALS - OPERATIONS WITH SALES,SALES,ALL CLASSES,00000000,STATE,,,2012-01-01 00:00:00.000,,ALL PRODUCTION PRACTICES,CROPS,9000,ALASKA,,02,,00,,00,337,AK,ALASKA,YEAR,02,,UNITED STATES,,OPERATIONS,2002,,TOTAL,ALL UTILIZATION PRACTICES,,ANNUAL
CROP TOTALS,,NOT SPECIFIED,CROP TOTALS,CENSUS,CROP TOTALS - OPERATIONS WITH SALES,SALES,ALL CLASSES,00000000,STATE,,,2012-01-01 00:00:00.000,,ALL PRODUCTION PRACTICES,CROPS,9000,ALASKA,,02,,00,,00,319,AK,ALASKA,YEAR,02,,UNITED STATES,,OPERATIONS,1997,,TOTAL,ALL UTILIZATION PRACTICES,,ANNUAL
CROP TOTALS,,NOT SPECIFIED,CROP TOTALS,CENSUS,CROP TOTALS - OPERATIONS WITH SALES,SALES,ALL CLASSES,00000000,ZIP CODE,,99501,2018-02-01 12:00:00.000,,ALL PRODUCTION PRACTICES,CROPS,9000,ALASKA,,02,,00,,00,2,AK,99501,YEAR,02,,UNITED STATES,,OPERATIONS,2017,,TOTAL,ALL UTILIZATION PRACTICES,,ANNUAL
CROP TOTALS,,NOT SPECIFIED,CROP TOTALS,CENSUS,CROP TOTALS - OPERATIONS WITH SALES,SALES,ALL CLASSES,00000000,ZIP CODE,,99502,2024-11-07 12:00:00.000,,ALL PRODUCTION PRACTICES,CROPS,9000,ALASKA,,02,,00,,00,2,AK,99502,YEAR,02,,UNITED STATES,,OPERATIONS,2022,,TOTAL,ALL UTILIZATION PRACTICES,,ANNUAL
CROP TOTALS,,NOT SPECIFIED,CROP TOTALS,CENSUS,CROP TOTALS - OPERATIONS WITH SALES,SALES,ALL CLASSES,00000000,ZIP CODE,,99502,2018-02-01 12:00:00.000,,ALL PRODUCTION PRACTICES,CROPS,9000,ALASKA,,02,,00,,00,1,AK,99502,YEAR,02,,UNITED STATES,,OPERATIONS,2017,,TOTAL,ALL UTILIZATION PRACTICES,,ANNUAL
CROP TOTALS,,NOT SPECIFIED,CROP TOTALS,CENSUS,CROP TOTALS - OPERATIONS WITH SALES,SALES,ALL CLASSES,00000000,ZIP CODE,,99503,2024-11-07 12:00:00.000,,ALL PRODUCTION PRACTICES,CROPS,9000,ALASKA,,02,,00,,00,4,AK,99503,YEAR,02,,UNITED STATES,,OPERATIONS,2022,,TOTAL,ALL UTILIZATION PRACTICES,,ANNUAL
CROP TOTALS,,NOT SPECIFIED,CROP TOTALS,CENSUS,CROP TOTALS - OPERATIONS WITH SALES,SALES,ALL CLASSES,00000000,ZIP CODE,,99503,2018-02-01 12:00:00.000,,ALL PRODUCTION PRACTICES,CROPS,9000,ALASKA,,02,,00,,00,2,AK,99503,YEAR,02,,UNITED STATES,,OPERATIONS,2017,,TOTAL,ALL UTILIZATION PRACTICES,,ANNUAL
CROP TOTALS,,NOT SPECIFIED,CROP TOTALS,CENSUS,CROP TOTALS - OPERATIONS WITH SALES,SALES,ALL CLASSES,00000000,ZIP CODE,,99503,2012-01-01 00:00:00.000,,ALL PRODUCTION PRACTICES,CROPS,9000,ALASKA,,02,,00,,00,1,AK,99503,YEAR,02,,UNITED STATES,,OPERATIONS,2007,,TOTAL,ALL UTILIZATION PRACTICES,,ANNUAL
CROP TOTALS,,NOT SPECIFIED,CROP TOTALS,CENSUS,CROP TOTALS - OPERATIONS WITH SALES,SALES,ALL CLASSES,00000000,ZIP CODE,,99504,2024-11-07 12:00:00.000,,ALL PRODUCTION PRACTICES,CROPS,9000,ALASKA,,02,,00,,00,3,AK,99504,YEAR,02,,UNITED STATES,,OPERATIONS,2022,,TOTAL,ALL UTILIZATION PRACTICES,,ANNUAL
CROP TOTALS,,NOT SPECIFIED,CROP TOTALS,CENSUS,CROP TOTALS - OPERATIONS WITH SALES,SALES,ALL CLASSES,00000000,ZIP CODE,,99504,2018-02-01 12:00:00.000,,ALL PRODUCTION PRACTICES,CROPS,9000,ALASKA,,02,,00,,00,4,AK,99504,YEAR,02,,UNITED STATES,,OPERATIONS,2017,,TOTAL,ALL UTILIZATION PRACTICES,,ANNUAL
CROP TOTALS,,NOT SPECIFIED,CROP TOTALS,CENSUS,CROP TOTALS - OPERATIONS WITH SALES,SALES,ALL CLASSES,00000000,ZIP CODE,,99507,2024-11-07 12:00:00.000,,ALL PRODUCTION PRACTICES,CROPS,9000,ALASKA,,02,,00,,00,7,AK,99507,YEAR,02,,UNITED STATES,,OPERATIONS,2022,,TOTAL,ALL UTILIZATION PRACTICES,,ANNUAL
CROP TOTALS,,NOT SPECIFIED,CROP TOTALS,CENSUS,CROP TOTALS - OPERATIONS WITH SALES,SALES,ALL CLASSES,00000000,ZIP CODE,,99507,2018-02-01 12:00:00.000,,ALL PRODUCTION PRACTICES,CROPS,9000,ALASKA,,02,,00,,00,3,AK,99507,YEAR,02,,UNITED STATES,,OPERATIONS,2017,,TOTAL,ALL UTILIZATION PRACTICES,,ANNUAL
CROP TOTALS,,NOT SPECIFIED,CROP TOTALS,CENSUS,CROP TOTALS - OPERATIONS WITH SALES,SALES,ALL CLASSES,00000000,ZIP CODE,,99507,2012-01-01 00:00:00.000,,ALL PRODUCTION PRACTICES,CROPS,9000,ALASKA,,02,,00,,00,2,AK,99507,YEAR,02,,UNITED STATES,,OPERATIONS,2007,,TOTAL,ALL UTILIZATION PRACTICES,,ANNUAL
CROP TOTALS,,NOT SPECIFIED,CROP TOTALS,CENSUS,CROP TOTALS - OPERATIONS WITH SALES,SALES,ALL CLASSES,00000000,ZIP CODE,,99508,2024-11-07 12:00:00.000,,ALL PRODUCTION PRACTICES,CROPS,9000,ALASKA,,02,,00,,00,2,AK,99508,YEAR,02,,UNITED STATES,,OPERATIONS,2022,,TOTAL,ALL UTILIZATION PRACTICES,,ANNUAL
CROP TOTALS,,NOT SPECIFIED,CROP TOTALS,CENSUS,CROP TOTALS - OPERATIONS WITH SALES,SALES,ALL CLASSES,00000000,ZIP CODE,,99508,2018-02-01 12:00:00.000,,ALL PRODUCTION PRACTICES,CROPS,9000,ALASKA,,02,,00,,00,1,AK,99508,YEAR,02,,UNITED STATES,,OPERATIONS,2017,,TOTAL,ALL UTILIZATION PRACTICES,,ANNUAL
CROP TOTALS,,NOT SPECIFIED,CROP TOTALS,CENSUS,CROP TOTALS - OPERATIONS WITH SALES,SALES,ALL CLASSES,00000000,ZIP CODE,,99509,2024-11-07 12:00:00.000,,ALL PRODUCTION PRACTICES,CROPS,9000,ALASKA,,02,,00,,00,1,AK,99509,YEAR,02,,UNITED STATES,,OPERATIONS,2022,,TOTAL,ALL UTILIZATION PRACTICES,,ANNUAL
CROP TOTALS,,NOT SPECIFIED,CROP TOTALS,CENSUS,CROP TOTALS - OPERATIONS WITH SALES,SALES,ALL CLASSES,00000000,ZIP CODE,,99509,2018-02-01 12:00:00.000,,ALL PRODUCTION PRACTICES,CROPS,9000,ALASKA,,02,,00,,00,1,AK,99509,YEAR,02,,UNITED STATES,,OPERATIONS,2017,,TOTAL,ALL UTILIZATION PRACTICES,,ANNUAL
CROP TOTALS,,NOT SPECIFIED,CROP TOTALS,CENSUS,CROP TOTALS - OPERATIONS WITH SALES,SALES,ALL CLASSES,00000000,ZIP CODE,,99509,2012-01-01 00:00:00.000,,ALL PRODUCTION PRACTICES,CROPS,9000,ALASKA,,02,,00,,00,1,AK,99509,YEAR,02,,UNITED STATES,,OPERATIONS,2007,,TOTAL,ALL UTILIZATION PRACTICES,,ANNUAL
CROP TOTALS,,NOT SPECIFIED,CROP TOTALS,CENSUS,CROP TOTALS - OPERATIONS WITH SALES,SALES,ALL CLASSES,00000000,ZIP CODE,,99510,2024-11-07 12:00:00.000,,ALL PRODUCTION PRACTICES,CROPS,9000,ALASKA,,02,,00,,00,1,AK,99510,YEAR,02,,UNITED STATES,,OPERATIONS,2022,,TOTAL,ALL UTILIZATION PRACTICES,,ANNUAL
CROP TOTALS,,NOT SPECIFIED,CROP TOTALS,CENSUS,CROP TOTALS - OPERATIONS WITH SALES,SALES,ALL CLASSES,00000000,ZIP CODE,,99510,2018-02-01 12:00:00.000,,ALL PRODUCTION PRACTICES,CROPS,9000,ALASKA,,02,,00,,00,1,AK,99510,YEAR,02,,UNITED STATES,,OPERATIONS,2017,,TOTAL,ALL UTILIZATION PRACTICES,,ANNUAL
CROP TOTALS,,NOT SPECIFIED,CROP TOTALS,CENSUS,CROP TOTALS - OPERATIONS WITH SALES,SALES,ALL CLASSES,00000000,ZIP CODE,,99511,2024-11-07 12:00:00.000,,ALL PRODUCTION PRACTICES,CROPS,9000,ALASKA,,02,,00,,00,1,AK,99511,YEAR,02,,UNITED STATES,,OPERATIONS,2022,,TOTAL,ALL UTILIZATION PRACTICES,,ANNUAL
CROP TOTALS,,NOT SPECIFIED,CROP TOTALS,CENSUS,CROP TOTALS - OPERATIONS WITH SALES,SALES,ALL CLASSES,00000000,ZIP CODE,,99511,2018-02-01 12:00:00.000,,ALL PRODUCTION PRACTICES,CROPS,9000,ALASKA,,02,,00,,00,1,AK,99511,YEAR,02,,UNITED STATES,,OPERATIONS,2017,,TOTAL,ALL UTILIZATION PRACTICES,,ANNUAL
CROP TOTALS,,NOT SPECIFIED,CROP TOTALS,CENSUS,CROP TOTALS - OPERATIONS WITH SALES,SALES,ALL CLASSES,00000000,ZIP CODE,,99511,2012-01-01 00:00:00.000,,ALL PRODUCTION PRACTICES,CROPS,9000,ALASKA,,02,,00,,00,2,AK,99511,YEAR,02,,UNITED STATES,,OPERATIONS,2007,,TOTAL,ALL UTILIZATION PRACTICES,,ANNUAL
CROP TOTALS,,NOT SPECIFIED,CROP TOTALS,CENSUS,CROP TOTALS - OPERATIONS WITH SALES,SALES,ALL CLASSES,00000000,ZIP CODE,,99515,2024-11-07 12:00:00.000,,ALL PRODUCTION PRACTICES,CROPS,9000,ALASKA,,02,,00,,00,6,AK,99515,YEAR,02,,UNITED STATES,,OPERATIONS,2022,,TOTAL,ALL UTILIZATION PRACTICES,,ANNUAL
CROP TOTALS,,NOT SPECIFIED,CROP TOTALS,CENSUS,CROP TOTALS - OPERATIONS WITH SALES,SALES,ALL CLASSES,00000000,ZIP CODE,,99515,2018-02-01 12:00:00.000,,ALL PRODUCTION PRACTICES,CROPS,9000,ALASKA,,02,,00,,00,7,AK,99515,YEAR,02,,UNITED STATES,,OPERATIONS,2017,,TOTAL,ALL UTILIZATION PRACTICES,,ANNUAL
CROP TOTALS,,NOT SPECIFIED,CROP TOTALS,CENSUS,CROP TOTALS - OPERATIONS WITH SALES,SALES,ALL CLASSES,00000000,ZIP CODE,,99515,2012-01-01 00:00:00.000,,ALL PRODUCTION PRACTICES,CROPS,9000,ALASKA,,02,,00,,00,4,AK,99515,YEAR,02,,UNITED STATES,,OPERATIONS,2007,,TOTAL,ALL UTILIZATION PRACTICES,,ANNUAL
CROP TOTALS,,NOT SPECIFIED,CROP TOTALS,CENSUS,CROP TOTALS - OPERATIONS WITH SALES,SALES,ALL CLASSES,00000000,ZIP CODE,,99516,2024-11-07 12:00:00.000,,ALL PRODUCTION PRACTICES,CROPS,9000,ALASKA,,02,,00,,00,5,AK,99516,YEAR,02,,UNITED STATES,,OPERATIONS,2022,,TOTAL,ALL UTILIZATION PRACTICES,,ANNUAL
CROP TOTALS,,NOT SPECIFIED,CROP TOTALS,CENSUS,CROP TOTALS - OPERATIONS WITH SALES,SALES,ALL CLASSES,00000000,ZIP CODE,,99516,2018-02-01 12:00:00.000,,ALL PRODUCTION PRACTICES,CROPS,9000,ALASKA,,02,,00,,00,7,AK,99516,YEAR,02,,UNITED STATES,,OPERATIONS,2017,,TOTAL,ALL UTILIZATION PRACTICES,,ANNUAL
CROP TOTALS,,NOT SPECIFIED,CROP TOTALS,CENSUS,CROP TOTALS - OPERATIONS WITH SALES,SALES,ALL CLASSES,00000000,ZIP CODE,,99516,2012-01-01 00:00:00.000,,ALL PRODUCTION PRACTICES,CROPS,9000,ALASKA,,02,,00,,00,1,AK,99516,YEAR,02,,UNITED STATES,,OPERATIONS,2007,,TOTAL,ALL UTILIZATION PRACTICES,,ANNUAL
CROP TOTALS,,NOT SPECIFIED,CROP TOTALS,CENSUS,CROP TOTALS - OPERATIONS WITH SALES,SALES,ALL CLASSES,00000000,ZIP CODE,,99517,2024-11-07 12:00:00.000,,ALL PRODUCTION PRACTICES,CROPS,9000,ALASKA,,02,,00,,00,4,AK,99517,YEAR,02,,UNITED STATES,,OPERATIONS,2022,,TOTAL,ALL UTILIZATION PRACTICES,,ANNUAL
CROP TOTALS,,NOT SPECIFIED,CROP TOTALS,CENSUS,CROP TOTALS - OPERATIONS WITH SALES,SALES,ALL CLASSES,00000000,ZIP CODE,,99517,2018-02-01 12:00:00.000,,ALL PRODUCTION PRACTICES,CROPS,9000,ALASKA,,02,,00,,00,4,AK,99517,YEAR,02,,UNITED STATES,,OPERATIONS,2017,,TOTAL,ALL UTILIZATION PRACTICES,,ANNUAL
CROP TOTALS,,NOT SPECIFIED,CROP TOTALS,CENSUS,CROP TOTALS - OPERATIONS WITH SALES,SALES,ALL CLASSES,00000000,ZIP CODE,,99520,2018-02-01 12:00:00.000,,ALL PRODUCTION PRACTICES,CROPS,9000,ALASKA,,02,,00,,00,1,AK,99520,YEAR,02,,UNITED STATES,,OPERATIONS,2017,,TOTAL,ALL UTILIZATION PRACTICES,,ANNUAL
CROP TOTALS,,NOT SPECIFIED,CROP TOTALS,CENSUS,CROP TOTALS - OPERATIONS WITH SALES,SALES,ALL CLASSES,00000000,ZIP CODE,,99522,2018-02-01 12:00:00.000,,ALL PRODUCTION PRACTICES,CROPS,9000,ALASKA,,02,,00,,00,1,AK,99522,YEAR,02,,UNITED STATES,,OPERATIONS,2017,,TOTAL,ALL UTILIZATION PRACTICES,,ANNUAL
CROP TOTALS,,NOT SPECIFIED,CROP TOTALS,CENSUS,CROP TOTALS - OPERATIONS WITH SALES,SALES,ALL CLASSES,00000000,ZIP CODE,,99522,2012-01-01 00:00:00.000,,ALL PRODUCTION PRACTICES,CROPS,9000,ALASKA,,02,,00,,00,1,AK,99522,YEAR,02,,UNITED STATES,,OPERATIONS,2007,,TOTAL,ALL UTILIZATION PRACTICES,,ANNUAL
CROP TOTALS,,NOT SPECIFIED,CROP TOTALS,CENSUS,CROP TOTALS - OPERATIONS WITH SALES,SALES,ALL CLASSES,00000000,ZIP CODE,,99523,2018-02-01 12:00:00.000,,ALL PRODUCTION PRACTICES,CROPS,9000,ALASKA,,02,,00,,00,1,AK,99523,YEAR,02,,UNITED STATES,,OPERATIONS,2017,,TOTAL,ALL UTILIZATION PRACTICES,,ANNUAL
CROP TOTALS,,NOT SPECIFIED,CROP TOTALS,CENSUS,CROP TOTALS - OPERATIONS WITH SALES,SALES,ALL CLASSES,00000000,ZIP CODE,,99540,2024-11-07 12:00:00.000,,ALL PRODUCTION PRACTICES,CROPS,9000,ALASKA,,02,,00,,00,1,AK,99540,YEAR,02,,UNITED STATES,,OPERATIONS,2022,,TOTAL,ALL UTILIZATION PRACTICES,,ANNUAL
CROP TOTALS,,NOT SPECIFIED,CROP TOTALS,CENSUS,CROP TOTALS - OPERATIONS WITH SALES,SALES,ALL CLASSES,00000000,ZIP CODE,,99540,2018-02-01 12:00:00.000,,ALL PRODUCTION PRACTICES,CROPS,9000,ALASKA,,02,,00,,00,1,AK,99540,YEAR,02,,UNITED STATES,,OPERATIONS,2017,,TOTAL,ALL UTILIZATION PRACTICES,,ANNUAL
CROP TOTALS,,NOT SPECIFIED,CROP TOTALS,CENSUS,CROP TOTALS - OPERATIONS WITH SALES,SALES,ALL CLASSES,00000000,ZIP CODE,,99540,2012-01-01 00:00:00.000,,ALL PRODUCTION PRACTICES,CROPS,9000,ALASKA,,02,,00,,00,1,AK,99540,YEAR,02,,UNITED STATES,,OPERATIONS,2007,,TOTAL,ALL UTILIZATION PRACTICES,,ANNUAL
CROP TOTALS,,NOT SPECIFIED,CROP TOTALS,CENSUS,CROP TOTALS - OPERATIONS WITH SALES,SALES,ALL CLASSES,00000000,ZIP CODE,,99556,2024-11-07 12:00:00.000,,ALL PRODUCTION PRACTICES,CROPS,9000,ALASKA,,02,,00,,00,28,AK,99556,YEAR,02,,UNITED STATES,,OPERATIONS,2022,,TOTAL,ALL UTILIZATION PRACTICES,,ANNUAL
CROP TOTALS,,NOT SPECIFIED,CROP TOTALS,CENSUS,CROP TOTALS - OPERATIONS WITH SALES,SALES,ALL CLASSES,00000000,ZIP CODE,,99556,2018-02-01 12:00:00.000,,ALL PRODUCTION PRACTICES,CROPS,9000,ALASKA,,02,,00,,00,26,AK,99556,YEAR,02,,UNITED STATES,,OPERATIONS,2017,,TOTAL,ALL UTILIZATION PRACTICES,,ANNUAL
CROP TOTALS,,NOT SPECIFIED,CROP TOTALS,CENSUS,CROP TOTALS - OPERATIONS WITH SALES,SALES,ALL CLASSES,00000000,ZIP CODE,,99556,2012-01-01 00:00:00.000,,ALL PRODUCTION PRACTICES,CROPS,9000,ALASKA,,02,,00,,00,4,AK,99556,YEAR,02,,UNITED STATES,,OPERATIONS,2007,,TOTAL,ALL UTILIZATION PRACTICES,,ANNUAL
CROP TOTALS,,NOT SPECIFIED,CROP TOTALS,CENSUS,CROP TOTALS - OPERATIONS WITH SALES,SALES,ALL CLASSES,00000000,ZIP CODE,,99557,2024-11-07 12:00:00.000,,ALL PRODUCTION PRACTICES,CROPS,9000,ALASKA,,02,,00,,00,2,AK,99557,YEAR,02,,UNITED STATES,,OPERATIONS,2022,,TOTAL,ALL UTILIZATION PRACTICES,,ANNUAL
CROP TOTALS,,NOT SPECIFIED,CROP TOTALS,CENSUS,CROP TOTALS - OPERATIONS WITH SALES,SALES,ALL CLASSES,00000000,ZIP CODE,,99557,2018-02-01 12:00:00.000,,ALL PRODUCTION PRACTICES,CROPS,9000,ALASKA,,02,,00,,00,1,AK,99557,YEAR,02,,UNITED STATES,,OPERATIONS,2017,,TOTAL,ALL UTILIZATION PRACTICES,,ANNUAL
CROP TOTALS,,NOT SPECIFIED,CROP TOTALS,CENSUS,CROP TOTALS - OPERATIONS WITH SALES,SALES,ALL CLASSES,00000000,ZIP CODE,,99557,2012-01-01 00:00:00.000,,ALL PRODUCTION PRACTICES,CROPS,9000,ALASKA,,02,,00,,00,1,AK,99557,YEAR,02,,UNITED STATES,,OPERATIONS,2007,,TOTAL,ALL UTILIZATION PRACTICES,,ANNUAL
CROP TOTALS,,NOT SPECIFIED,CROP TOTALS,CENSUS,CROP TOTALS - OPERATIONS WITH SALES,SALES,ALL CLASSES,00000000,ZIP CODE,,99559,2024-11-07 12:00:00.000,,ALL PRODUCTION PRACTICES,CROPS,9000,ALASKA,,02,,00,,00,4,AK,99559,YEAR,02,,UNITED STATES,,OPERATIONS,2022,,TOTAL,ALL UTILIZATION PRACTICES,,ANNUAL
CROP TOTALS,,NOT SPECIFIED,CROP TOTALS,CENSUS,CROP TOTALS - OPERATIONS WITH SALES,SALES,ALL CLASSES,00000000,ZIP CODE,,99559,2018-02-01 12:00:00.000,,ALL PRODUCTION PRACTICES,CROPS,9000,ALASKA,,02,,00,,00,3,AK,99559,YEAR,02,,UNITED STATES,,OPERATIONS,2017,,TOTAL,ALL UTILIZATION PRACTICES,,ANNUAL
CROP TOTALS,,NOT SPECIFIED,CROP TOTALS,CENSUS,CROP TOTALS - OPERATIONS WITH SALES,SALES,ALL CLASSES,00000000,ZIP CODE,,99566,2024-11-07 12:00:00.000,,ALL PRODUCTION PRACTICES,CROPS,9000,ALASKA,,02,,00,,00,2,AK,99566,YEAR,02,,UNITED STATES,,OPERATIONS,2022,,TOTAL,ALL UTILIZATION PRACTICES,,ANNUAL
CROP TOTALS,,NOT SPECIFIED,CROP TOTALS,CENSUS,CROP TOTALS - OPERATIONS WITH SALES,SALES,ALL CLASSES,00000000,ZIP CODE,,99566,2018-02-01 12:00:00.000,,ALL PRODUCTION PRACTICES,CROPS,9000,ALASKA,,02,,00,,00,2,AK,99566,YEAR,02,,UNITED STATES,,OPERATIONS,2017,,TOTAL,ALL UTILIZATION PRACTICES,,ANNUAL
CROP TOTALS,,NOT SPECIFIED,CROP TOTALS,CENSUS,CROP TOTALS - OPERATIONS WITH SALES,SALES,ALL CLASSES,00000000,ZIP CODE,,99566,2012-01-01 00:00:00.000,,ALL PRODUCTION PRACTICES,CROPS,9000,ALASKA,,02,,00,,00,1,AK,99566,YEAR,02,,UNITED STATES,,OPERATIONS,2007,,TOTAL,ALL UTILIZATION PRACTICES,,ANNUAL
CROP TOTALS,,NOT SPECIFIED,CROP TOTALS,CENSUS,CROP TOTALS - OPERATIONS WITH SALES,SALES,ALL CLASSES,00000000,ZIP CODE,,99567,2024-11-07 12:00:00.000,,ALL PRODUCTION PRACTICES,CROPS,9000,ALASKA,,02,,00,,00,6,AK,99567,YEAR,02,,UNITED STATES,,OPERATIONS,2022,,TOTAL,ALL UTILIZATION PRACTICES,,ANNUAL
CROP TOTALS,,NOT SPECIFIED,CROP TOTALS,CENSUS,CROP TOTALS - OPERATIONS WITH SALES,SALES,ALL CLASSES,00000000,ZIP CODE,,99567,2018-02-01 12:00:00.000,,ALL PRODUCTION PRACTICES,CROPS,9000,ALASKA,,02,,00,,00,2,AK,99567,YEAR,02,,UNITED STATES,,OPERATIONS,2017,,TOTAL,ALL UTILIZATION PRACTICES,,ANNUAL
CROP TOTALS,,NOT SPECIFIED,CROP TOTALS,CENSUS,CROP TOTALS - OPERATIONS WITH SALES,SALES,ALL CLASSES,00000000,ZIP CODE,,99567,2012-01-01 00:00:00.000,,ALL PRODUCTION PRACTICES,CROPS,9000,ALASKA,,02,,00,,00,2,AK,99567,YEAR,02,,UNITED STATES,,OPERATIONS,2007,,TOTAL,ALL UTILIZATION PRACTICES,,ANNUAL
CROP TOTALS,,NOT SPECIFIED,CROP TOTALS,CENSUS,CROP TOTALS - OPERATIONS WITH SALES,SALES,ALL CLASSES,00000000,ZIP CODE,,99568,2024-11-07 12:00:00.000,,ALL PRODUCTION PRACTICES,CROPS,9000,ALASKA,,02,,00,,00,1,AK,99568,YEAR,02,,UNITED STATES,,OPERATIONS,2022,,TOTAL,ALL UTILIZATION PRACTICES,,ANNUAL
CROP TOTALS,,NOT SPECIFIED,CROP TOTALS,CENSUS,CROP TOTALS - OPERATIONS WITH SALES,SALES,ALL CLASSES,00000000,ZIP CODE,,99568,2012-01-01 00:00:00.000,,ALL PRODUCTION PRACTICES,CROPS,9000,ALASKA,,02,,00,,00,1,AK,99568,YEAR,02,,UNITED STATES,,OPERATIONS,2007,,TOTAL,ALL UTILIZATION PRACTICES,,ANNUAL
CROP TOTALS,,NOT SPECIFIED,CROP TOTALS,CENSUS,CROP TOTALS - OPERATIONS WITH SALES,SALES,ALL CLASSES,00000000,ZIP CODE,,99572,2018-02-01 12:00:00.000,,ALL PRODUCTION PRACTICES,CROPS,9000,ALASKA,,02,,00,,00,2,AK,99572,YEAR,02,,UNITED STATES,,OPERATIONS,2017,,TOTAL,ALL UTILIZATION PRACTICES,,ANNUAL
CROP TOTALS,,NOT SPECIFIED,CROP TOTALS,CENSUS,CROP TOTALS - OPERATIONS WITH SALES,SALES,ALL CLASSES,00000000,ZIP CODE,,99573,2024-11-07 12:00:00.000,,ALL PRODUCTION PRACTICES,CROPS,9000,ALASKA,,02,,00,,00,12,AK,99573,YEAR,02,,UNITED STATES,,OPERATIONS,2022,,TOTAL,ALL UTILIZATION PRACTICES,,ANNUAL
CROP TOTALS,,NOT SPECIFIED,CROP TOTALS,CENSUS,CROP TOTALS - OPERATIONS WITH SALES,SALES,ALL CLASSES,00000000,ZIP CODE,,99573,2018-02-01 12:00:00.000,,ALL PRODUCTION PRACTICES,CROPS,9000,ALASKA,,02,,00,,00,8,AK,99573,YEAR,02,,UNITED STATES,,OPERATIONS,2017,,TOTAL,ALL UTILIZATION PRACTICES,,ANNUAL
CROP TOTALS,,NOT SPECIFIED,CROP TOTALS,CENSUS,CROP TOTALS - OPERATIONS WITH SALES,SALES,ALL CLASSES,00000000,ZIP CODE,,99573,2012-01-01 00:00:00.000,,ALL PRODUCTION PRACTICES,CROPS,9000,ALASKA,,02,,00,,00,7,AK,99573,YEAR,02,,UNITED STATES,,OPERATIONS,2007,,TOTAL,ALL UTILIZATION PRACTICES,,ANNUAL
CROP TOTALS,,NOT SPECIFIED,CROP TOTALS,CENSUS,CROP TOTALS - OPERATIONS WITH SALES,SALES,ALL CLASSES,00000000,ZIP CODE,,99574,2024-11-07 12:00:00.000,,ALL PRODUCTION PRACTICES,CROPS,9000,ALASKA,,02,,00,,00,1,AK,99574,YEAR,02,,UNITED STATES,,OPERATIONS,2022,,TOTAL,ALL UTILIZATION PRACTICES,,ANNUAL
CROP TOTALS,,NOT SPECIFIED,CROP TOTALS,CENSUS,CROP TOTALS - OPERATIONS WITH SALES,SALES,ALL CLASSES,00000000,ZIP CODE,,99576,2024-11-07 12:00:00.000,,ALL PRODUCTION PRACTICES,CROPS,9000,ALASKA,,02,,00,,00,4,AK,99576,YEAR,02,,UNITED STATES,,OPERATIONS,2022,,TOTAL,ALL UTILIZATION PRACTICES,,ANNUAL
CROP TOTALS,,NOT SPECIFIED,CROP TOTALS,CENSUS,CROP TOTALS - OPERATIONS WITH SALES,SALES,ALL CLASSES,00000000,ZIP CODE,,99576,2018-02-01 12:00:00.000,,ALL PRODUCTION PRACTICES,CROPS,9000,ALASKA,,02,,00,,00,6,AK,99576,YEAR,02,,UNITED STATES,,OPERATIONS,2017,,TOTAL,ALL UTILIZATION PRACTICES,,ANNUAL
CROP TOTALS,,NOT SPECIFIED,CROP TOTALS,CENSUS,CROP TOTALS - OPERATIONS WITH SALES,SALES,ALL CLASSES,00000000,ZIP CODE,,99576,2012-01-01 00:00:00.000,,ALL PRODUCTION PRACTICES,CROPS,9000,ALASKA,,02,,00,,00,1,AK,99576,YEAR,02,,UNITED STATES,,OPERATIONS,2007,,TOTAL,ALL UTILIZATION PRACTICES,,ANNUAL
CROP TOTALS,,NOT SPECIFIED,CROP TOTALS,CENSUS,CROP TOTALS - OPERATIONS WITH SALES,SALES,ALL CLASSES,00000000,ZIP CODE,,99577,2024-11-07 12:00:00.000,,ALL PRODUCTION PRACTICES,CROPS,9000,ALASKA,,02,,00,,00,7,AK,99577,YEAR,02,,UNITED STATES,,OPERATIONS,2022,,TOTAL,ALL UTILIZATION PRACTICES,,ANNUAL
CROP TOTALS,,NOT SPECIFIED,CROP TOTALS,CENSUS,CROP TOTALS - OPERATIONS WITH SALES,SALES,ALL CLASSES,00000000,ZIP CODE,,99577,2018-02-01 12:00:00.000,,ALL PRODUCTION PRACTICES,CROPS,9000,ALASKA,,02,,00,,00,8,AK,99577,YEAR,02,,UNITED STATES,,OPERATIONS,2017,,TOTAL,ALL UTILIZATION PRACTICES,,ANNUAL
CROP TOTALS,,NOT SPECIFIED,CROP TOTALS,CENSUS,CROP TOTALS - OPERATIONS WITH SALES,SALES,ALL CLASSES,00000000,ZIP CODE,,99577,2012-01-01 00:00:00.000,,ALL PRODUCTION PRACTICES,CROPS,9000,ALASKA,,02,,00,,00,4,AK,99577,YEAR,02,,UNITED STATES,,OPERATIONS,2007,,TOTAL,ALL UTILIZATION PRACTICES,,ANNUAL
CROP TOTALS,,NOT SPECIFIED,CROP TOTALS,CENSUS,CROP TOTALS - OPERATIONS WITH SALES,SALES,ALL CLASSES,00000000,ZIP CODE,,99586,2024-11-07 12:00:00.000,,ALL PRODUCTION PRACTICES,CROPS,9000,ALASKA,,02,,00,,00,1,AK,99586,YEAR,02,,UNITED STATES,,OPERATIONS,2022,,TOTAL,ALL UTILIZATION PRACTICES,,ANNUAL
CROP TOTALS,,NOT SPECIFIED,CROP TOTALS,CENSUS,CROP TOTALS - OPERATIONS WITH SALES,SALES,ALL CLASSES,00000000,ZIP CODE,,99586,2018-02-01 12:00:00.000,,ALL PRODUCTION PRACTICES,CROPS,9000,ALASKA,,02,,00,,00,1,AK,99586,YEAR,02,,UNITED STATES,,OPERATIONS,2017,,TOTAL,ALL UTILIZATION PRACTICES,,ANNUAL
CROP TOTALS,,NOT SPECIFIED,CROP TOTALS,CENSUS,CROP TOTALS - OPERATIONS WITH SALES,SALES,ALL CLASSES,00000000,ZIP CODE,,99586,2012-01-01 00:00:00.000,,ALL PRODUCTION PRACTICES,CROPS,9000,ALASKA,,02,,00,,00,3,AK,99586,YEAR,02,,UNITED STATES,,OPERATIONS,2007,,TOTAL,ALL UTILIZATION PRACTICES,,ANNUAL
CROP TOTALS,,NOT SPECIFIED,CROP TOTALS,CENSUS,CROP TOTALS - OPERATIONS WITH SALES,SALES,ALL CLASSES,00000000,ZIP CODE,,99587,2018-02-01 12:00:00.000,,ALL PRODUCTION PRACTICES,CROPS,9000,ALASKA,,02,,00,,00,1,AK,99587,YEAR,02,,UNITED STATES,,OPERATIONS,2017,,TOTAL,ALL UTILIZATION PRACTICES,,ANNUAL
CROP TOTALS,,NOT SPECIFIED,CROP TOTALS,CENSUS,CROP TOTALS - OPERATIONS WITH SALES,SALES,ALL CLASSES,00000000,ZIP CODE,,99588,2024-11-07 12:00:00.000,,ALL PRODUCTION PRACTICES,CROPS,9000,ALASKA,,02,,00,,00,4,AK,99588,YEAR,02,,UNITED STATES,,OPERATIONS,2022,,TOTAL,ALL UTILIZATION PRACTICES,,ANNUAL
CROP TOTALS,,NOT SPECIFIED,CROP TOTALS,CENSUS,CROP TOTALS - OPERATIONS WITH SALES,SALES,ALL CLASSES,00000000,ZIP CODE,,99588,2018-02-01 12:00:00.000,,ALL PRODUCTION PRACTICES,CROPS,9000,ALASKA,,02,,00,,00,4,AK,99588,YEAR,02,,UNITED STATES,,OPERATIONS,2017,,TOTAL,ALL UTILIZATION PRACTICES,,ANNUAL
CROP TOTALS,,NOT SPECIFIED,CROP TOTALS,CENSUS,CROP TOTALS - OPERATIONS WITH SALES,SALES,ALL CLASSES,00000000,ZIP CODE,,99603,2024-11-07 12:00:00.000,,ALL PRODUCTION PRACTICES,CROPS,9000,ALASKA,,02,,00,,00,70,AK,99603,YEAR,02,,UNITED STATES,,OPERATIONS,2022,,TOTAL,ALL UTILIZATION PRACTICES,,ANNUAL
CROP TOTALS,,NOT SPECIFIED,CROP TOTALS,CENSUS,CROP TOTALS - OPERATIONS WITH SALES,SALES,ALL CLASSES,00000000,ZIP CODE,,99603,2018-02-01 12:00:00.000,,ALL PRODUCTION PRACTICES,CROPS,9000,ALASKA,,02,,00,,00,65,AK,99603,YEAR,02,,UNITED STATES,,OPERATIONS,2017,,TOTAL,ALL UTILIZATION PRACTICES,,ANNUAL
CROP TOTALS,,NOT SPECIFIED,CROP TOTALS,CENSUS,CROP TOTALS - OPERATIONS WITH SALES,SALES,ALL CLASSES,00000000,ZIP CODE,,99603,2012-01-01 00:00:00.000,,ALL PRODUCTION PRACTICES,CROPS,9000,ALASKA,,02,,00,,00,23,AK,99603,YEAR,02,,UNITED STATES,,OPERATIONS,2007,,TOTAL,ALL UTILIZATION PRACTICES,,ANNUAL
CROP TOTALS,,NOT SPECIFIED,CROP TOTALS,CENSUS,CROP TOTALS - OPERATIONS WITH SALES,SALES,ALL CLASSES,00000000,ZIP CODE,,99610,2024-11-07 12:00:00.000,,ALL PRODUCTION PRACTICES,CROPS,9000,ALASKA,,02,,00,,00,16,AK,99610,YEAR,02,,UNITED STATES,,OPERATIONS,2022,,TOTAL,ALL UTILIZATION PRACTICES,,ANNUAL
CROP TOTALS,,NOT SPECIFIED,CROP TOTALS,CENSUS,CROP TOTALS - OPERATIONS WITH SALES,SALES,ALL CLASSES,00000000,ZIP CODE,,99610,2018-02-01 12:00:00.000,,ALL PRODUCTION PRACTICES,CROPS,9000,ALASKA,,02,,00,,00,9,AK,99610,YEAR,02,,UNITED STATES,,OPERATIONS,2017,,TOTAL,ALL UTILIZATION PRACTICES,,ANNUAL
CROP TOTALS,,NOT SPECIFIED,CROP TOTALS,CENSUS,CROP TOTALS - OPERATIONS WITH SALES,SALES,ALL CLASSES,00000000,ZIP CODE,,99610,2012-01-01 00:00:00.000,,ALL PRODUCTION PRACTICES,CROPS,9000,ALASKA,,02,,00,,00,4,AK,99610,YEAR,02,,UNITED STATES,,OPERATIONS,2007,,TOTAL,ALL UTILIZATION PRACTICES,,ANNUAL
CROP TOTALS,,NOT SPECIFIED,CROP TOTALS,CENSUS,CROP TOTALS - OPERATIONS WITH SALES,SALES,ALL CLASSES,00000000,ZIP CODE,,99611,2024-11-07 12:00:00.000,,ALL PRODUCTION PRACTICES,CROPS,9000,ALASKA,,02,,00,,00,19,AK,99611,YEAR,02,,UNITED STATES,,OPERATIONS,2022,,TOTAL,ALL UTILIZATION PRACTICES,,ANNUAL
CROP TOTALS,,NOT SPECIFIED,CROP TOTALS,CENSUS,CROP TOTALS - OPERATIONS WITH SALES,SALES,ALL CLASSES,00000000,ZIP CODE,,99611,2018-02-01 12:00:00.000,,ALL PRODUCTION PRACTICES,CROPS,9000,ALASKA,,02,,00,,00,17,AK,99611,YEAR,02,,UNITED STATES,,OPERATIONS,2017,,TOTAL,ALL UTILIZATION PRACTICES,,ANNUAL
CROP TOTALS,,NOT SPECIFIED,CROP TOTALS,CENSUS,CROP TOTALS - OPERATIONS WITH SALES,SALES,ALL CLASSES,00000000,ZIP CODE,,99611,2012-01-01 00:00:00.000,,ALL PRODUCTION PRACTICES,CROPS,9000,ALASKA,,02,,00,,00,5,AK,99611,YEAR,02,,UNITED STATES,,OPERATIONS,2007,,TOTAL,ALL UTILIZATION PRACTICES,,ANNUAL
CROP TOTALS,,NOT SPECIFIED,CROP TOTALS,CENSUS,CROP TOTALS - OPERATIONS WITH SALES,SALES,ALL CLASSES,00000000,ZIP CODE,,99613,2024-11-07 12:00:00.000,,ALL PRODUCTION PRACTICES,CROPS,9000,ALASKA,,02,,00,,00,1,AK,99613,YEAR,02,,UNITED STATES,,OPERATIONS,2022,,TOTAL,ALL UTILIZATION PRACTICES,,ANNUAL
CROP TOTALS,,NOT SPECIFIED,CROP TOTALS,CENSUS,CROP TOTALS - OPERATIONS WITH SALES,SALES,ALL CLASSES,00000000,ZIP CODE,,99613,2018-02-01 12:00:00.000,,ALL PRODUCTION PRACTICES,CROPS,9000,ALASKA,,02,,00,,00,1,AK,99613,YEAR,02,,UNITED STATES,,OPERATIONS,2017,,TOTAL,ALL UTILIZATION PRACTICES,,ANNUAL
CROP TOTALS,,NOT SPECIFIED,CROP TOTALS,CENSUS,CROP TOTALS - OPERATIONS WITH SALES,SALES,ALL CLASSES,00000000,ZIP CODE,,99615,2024-11-07 12:00:00.000,,ALL PRODUCTION PRACTICES,CROPS,9000,ALASKA,,02,,00,,00,12,AK,99615,YEAR,02,,UNITED STATES,,OPERATIONS,2022,,TOTAL,ALL UTILIZATION PRACTICES,,ANNUAL
CROP TOTALS,,NOT SPECIFIED,CROP TOTALS,CENSUS,CROP TOTALS - OPERATIONS WITH SALES,SALES,ALL CLASSES,00000000,ZIP CODE,,99615,2018-02-01 12:00:00.000,,ALL PRODUCTION PRACTICES,CROPS,9000,ALASKA,,02,,00,,00,11,AK,99615,YEAR,02,,UNITED STATES,,OPERATIONS,2017,,TOTAL,ALL UTILIZATION PRACTICES,,ANNUAL
CROP TOTALS,,NOT SPECIFIED,CROP TOTALS,CENSUS,CROP TOTALS - OPERATIONS WITH SALES,SALES,ALL CLASSES,00000000,ZIP CODE,,99615,2012-01-01 00:00:00.000,,ALL PRODUCTION PRACTICES,CROPS,9000,ALASKA,,02,,00,,00,4,AK,99615,YEAR,02,,UNITED STATES,,OPERATIONS,2007,,TOTAL,ALL UTILIZATION PRACTICES,,ANNUAL
CROP TOTALS,,NOT SPECIFIED,CROP TOTALS,CENSUS,CROP TOTALS - OPERATIONS WITH SALES,SALES,ALL CLASSES,00000000,ZIP CODE,,99623,2024-11-07 12:00:00.000,,ALL PRODUCTION PRACTICES,CROPS,9000,ALASKA,,02,,00,,00,18,AK,99623,YEAR,02,,UNITED STATES,,OPERATIONS,2022,,TOTAL,ALL UTILIZATION PRACTICES,,ANNUAL
CROP TOTALS,,NOT SPECIFIED,CROP TOTALS,CENSUS,CROP TOTALS - OPERATIONS WITH SALES,SALES,ALL CLASSES,00000000,ZIP CODE,,99623,2018-02-01 12:00:00.000,,ALL PRODUCTION PRACTICES,CROPS,9000,ALASKA,,02,,00,,00,12,AK,99623,YEAR,02,,UNITED STATES,,OPERATIONS,2017,,TOTAL,ALL UTILIZATION PRACTICES,,ANNUAL
CROP TOTALS,,NOT SPECIFIED,CROP TOTALS,CENSUS,CROP TOTALS - OPERATIONS WITH SALES,SALES,ALL CLASSES,00000000,ZIP CODE,,99624,2024-11-07 12:00:00.000,,ALL PRODUCTION PRACTICES,CROPS,9000,ALASKA,,02,,00,,00,1,AK,99624,YEAR,02,,UNITED STATES,,OPERATIONS,2022,,TOTAL,ALL UTILIZATION PRACTICES,,ANNUAL
CROP TOTALS,,NOT SPECIFIED,CROP TOTALS,CENSUS,CROP TOTALS - OPERATIONS WITH SALES,SALES,ALL CLASSES,00000000,ZIP CODE,,99629,2024-11-07 12:00:00.000,,ALL PRODUCTION PRACTICES,CROPS,9000,ALASKA,,02,,00,,00,1,AK,99629,YEAR,02,,UNITED STATES,,OPERATIONS,2022,,TOTAL,ALL UTILIZATION PRACTICES,,ANNUAL
CROP TOTALS,,NOT SPECIFIED,CROP TOTALS,CENSUS,CROP TOTALS - OPERATIONS WITH SALES,SALES,ALL CLASSES,00000000,ZIP CODE,,99629,2018-02-01 12:00:00.000,,ALL PRODUCTION PRACTICES,CROPS,9000,ALASKA,,02,,00,,00,1,AK,99629,YEAR,02,,UNITED STATES,,OPERATIONS,2017,,TOTAL,ALL UTILIZATION PRACTICES,,ANNUAL
CROP TOTALS,,NOT SPECIFIED,CROP TOTALS,CENSUS,CROP TOTALS - OPERATIONS WITH SALES,SALES,ALL CLASSES,00000000,ZIP CODE,,99629,2012-01-01 00:00:00.000,,ALL PRODUCTION PRACTICES,CROPS,9000,ALASKA,,02,,00,,00,1,AK,99629,YEAR,02,,UNITED STATES,,OPERATIONS,2007,,TOTAL,ALL UTILIZATION PRACTICES,,ANNUAL
CROP TOTALS,,NOT SPECIFIED,CROP TOTALS,CENSUS,CROP TOTALS - OPERATIONS WITH SALES,SALES,ALL CLASSES,00000000,ZIP CODE,,99633,2024-11-07 12:00:00.000,,ALL PRODUCTION PRACTICES,CROPS,9000,ALASKA,,02,,00,,00,1,AK,99633,YEAR,02,,UNITED STATES,,OPERATIONS,2022,,TOTAL,ALL UTILIZATION PRACTICES,,ANNUAL
CROP TOTALS,,NOT SPECIFIED,CROP TOTALS,CENSUS,CROP TOTALS - OPERATIONS WITH SALES,SALES,ALL CLASSES,00000000,ZIP CODE,,99633,2018-02-01 12:00:00.000,,ALL PRODUCTION PRACTICES,CROPS,9000,ALASKA,,02,,00,,00,1,AK,99633,YEAR,02,,UNITED STATES,,OPERATIONS,2017,,TOTAL,ALL UTILIZATION PRACTICES,,ANNUAL
CROP TOTALS,,NOT SPECIFIED,CROP TOTALS,CENSUS,CROP TOTALS - OPERATIONS WITH SALES,SALES,ALL CLASSES,00000000,ZIP CODE,,99635,2024-11-07 12:00:00.000,,ALL PRODUCTION PRACTICES,CROPS,9000,ALASKA,,02,,00,,00,4,AK,99635,YEAR,02,,UNITED STATES,,OPERATIONS,2022,,TOTAL,ALL UTILIZATION PRACTICES,,ANNUAL
CROP TOTALS,,NOT SPECIFIED,CROP TOTALS,CENSUS,CROP TOTALS - OPERATIONS WITH SALES,SALES,ALL CLASSES,00000000,ZIP CODE,,99639,2024-11-07 12:00:00.000,,ALL PRODUCTION PRACTICES,CROPS,9000,ALASKA,,02,,00,,00,6,AK,99639,YEAR,02,,UNITED STATES,,OPERATIONS,2022,,TOTAL,ALL UTILIZATION PRACTICES,,ANNUAL
CROP TOTALS,,NOT SPECIFIED,CROP TOTALS,CENSUS,CROP TOTALS - OPERATIONS WITH SALES,SALES,ALL CLASSES,00000000,ZIP CODE,,99639,2018-02-01 12:00:00.000,,ALL PRODUCTION PRACTICES,CROPS,9000,ALASKA,,02,,00,,00,9,AK,99639,YEAR,02,,UNITED STATES,,OPERATIONS,2017,,TOTAL,ALL UTILIZATION PRACTICES,,ANNUAL
CROP TOTALS,,NOT SPECIFIED,CROP TOTALS,CENSUS,CROP TOTALS - OPERATIONS WITH SALES,SALES,ALL CLASSES,00000000,ZIP CODE,,99639,2012-01-01 00:00:00.000,,ALL PRODUCTION PRACTICES,CROPS,9000,ALASKA,,02,,00,,00,2,AK,99639,YEAR,02,,UNITED STATES,,OPERATIONS,2007,,TOTAL,ALL UTILIZATION PRACTICES,,ANNUAL
CROP TOTALS,,NOT SPECIFIED,CROP TOTALS,CENSUS,CROP TOTALS - OPERATIONS WITH SALES,SALES,ALL CLASSES,00000000,ZIP CODE,,99644,2024-11-07 12:00:00.000,,ALL PRODUCTION PRACTICES,CROPS,9000,ALASKA,,02,,00,,00,2,AK,99644,YEAR,02,,UNITED STATES,,OPERATIONS,2022,,TOTAL,ALL UTILIZATION PRACTICES,,ANNUAL
CROP TOTALS,,NOT SPECIFIED,CROP TOTALS,CENSUS,CROP TOTALS - OPERATIONS WITH SALES,SALES,ALL CLASSES,00000000,ZIP CODE,,99644,2018-02-01 12:00:00.000,,ALL PRODUCTION PRACTICES,CROPS,9000,ALASKA,,02,,00,,00,1,AK,99644,YEAR,02,,UNITED STATES,,OPERATIONS,2017,,TOTAL,ALL UTILIZATION PRACTICES,,ANNUAL
CROP TOTALS,,NOT SPECIFIED,CROP TOTALS,CENSUS,CROP TOTALS - OPERATIONS WITH SALES,SALES,ALL CLASSES,00000000,ZIP CODE,,99645,2024-11-07 12:00:00.000,,ALL PRODUCTION PRACTICES,CROPS,9000,ALASKA,,02,,00,,00,86,AK,99645,YEAR,02,,UNITED STATES,,OPERATIONS,2022,,TOTAL,ALL UTILIZATION PRACTICES,,ANNUAL
CROP TOTALS,,NOT SPECIFIED,CROP TOTALS,CENSUS,CROP TOTALS - OPERATIONS WITH SALES,SALES,ALL CLASSES,00000000,ZIP CODE,,99645,2018-02-01 12:00:00.000,,ALL PRODUCTION PRACTICES,CROPS,9000,ALASKA,,02,,00,,00,81,AK,99645,YEAR,02,,UNITED STATES,,OPERATIONS,2017,,TOTAL,ALL UTILIZATION PRACTICES,,ANNUAL
CROP TOTALS,,NOT SPECIFIED,CROP TOTALS,CENSUS,CROP TOTALS - OPERATIONS WITH SALES,SALES,ALL CLASSES,00000000,ZIP CODE,,99645,2012-01-01 00:00:00.000,,ALL PRODUCTION PRACTICES,CROPS,9000,ALASKA,,02,,00,,00,72,AK,99645,YEAR,02,,UNITED STATES,,OPERATIONS,2007,,TOTAL,ALL UTILIZATION PRACTICES,,ANNUAL
CROP TOTALS,,NOT SPECIFIED,CROP TOTALS,CENSUS,CROP TOTALS - OPERATIONS WITH SALES,SALES,ALL CLASSES,00000000,ZIP CODE,,99652,2024-11-07 12:00:00.000,,ALL PRODUCTION PRACTICES,CROPS,9000,ALASKA,,02,,00,,00,7,AK,99652,YEAR,02,,UNITED STATES,,OPERATIONS,2022,,TOTAL,ALL UTILIZATION PRACTICES,,ANNUAL
CROP TOTALS,,NOT SPECIFIED,CROP TOTALS,CENSUS,CROP TOTALS - OPERATIONS WITH SALES,SALES,ALL CLASSES,00000000,ZIP CODE,,99652,2018-02-01 12:00:00.000,,ALL PRODUCTION PRACTICES,CROPS,9000,ALASKA,,02,,00,,00,4,AK,99652,YEAR,02,,UNITED STATES,,OPERATIONS,2017,,TOTAL,ALL UTILIZATION PRACTICES,,ANNUAL
CROP TOTALS,,NOT SPECIFIED,CROP TOTALS,CENSUS,CROP TOTALS - OPERATIONS WITH SALES,SALES,ALL CLASSES,00000000,ZIP CODE,,99652,2012-01-01 00:00:00.000,,ALL PRODUCTION PRACTICES,CROPS,9000,ALASKA,,02,,00,,00,2,AK,99652,YEAR,02,,UNITED STATES,,OPERATIONS,2007,,TOTAL,ALL UTILIZATION PRACTICES,,ANNUAL
CROP TOTALS,,NOT SPECIFIED,CROP TOTALS,CENSUS,CROP TOTALS - OPERATIONS WITH SALES,SALES,ALL CLASSES,00000000,ZIP CODE,,99653,2024-11-07 12:00:00.000,,ALL PRODUCTION PRACTICES,CROPS,9000,ALASKA,,02,,00,,00,2,AK,99653,YEAR,02,,UNITED STATES,,OPERATIONS,2022,,TOTAL,ALL UTILIZATION PRACTICES,,ANNUAL
CROP TOTALS,,NOT SPECIFIED,CROP TOTALS,CENSUS,CROP TOTALS - OPERATIONS WITH SALES,SALES,ALL CLASSES,00000000,ZIP CODE,,99653,2018-02-01 12:00:00.000,,ALL PRODUCTION PRACTICES,CROPS,9000,ALASKA,,02,,00,,00,2,AK,99653,YEAR,02,,UNITED STATES,,OPERATIONS,2017,,TOTAL,ALL UTILIZATION PRACTICES,,ANNUAL
CROP TOTALS,,NOT SPECIFIED,CROP TOTALS,CENSUS,CROP TOTALS - OPERATIONS WITH SALES,SALES,ALL CLASSES,00000000,ZIP CODE,,99654,2024-11-07 12:00:00.000,,ALL PRODUCTION PRACTICES,CROPS,9000,ALASKA,,02,,00,,00,23,AK,99654,YEAR,02,,UNITED STATES,,OPERATIONS,2022,,TOTAL,ALL UTILIZATION PRACTICES,,ANNUAL
CROP TOTALS,,NOT SPECIFIED,CROP TOTALS,CENSUS,CROP TOTALS - OPERATIONS WITH SALES,SALES,ALL CLASSES,00000000,ZIP CODE,,99654,2018-02-01 12:00:00.000,,ALL PRODUCTION PRACTICES,CROPS,9000,ALASKA,,02,,00,,00,22,AK,99654,YEAR,02,,UNITED STATES,,OPERATIONS,2017,,TOTAL,ALL UTILIZATION PRACTICES,,ANNUAL
CROP TOTALS,,NOT SPECIFIED,CROP TOTALS,CENSUS,CROP TOTALS - OPERATIONS WITH SALES,SALES,ALL CLASSES,00000000,ZIP CODE,,99654,2012-01-01 00:00:00.000,,ALL PRODUCTION PRACTICES,CROPS,9000,ALASKA,,02,,00,,00,22,AK,99654,YEAR,02,,UNITED STATES,,OPERATIONS,2007,,TOTAL,ALL UTILIZATION PRACTICES,,ANNUAL
CROP TOTALS,,NOT SPECIFIED,CROP TOTALS,CENSUS,CROP TOTALS - OPERATIONS WITH SALES,SALES,ALL CLASSES,00000000,ZIP CODE,,99661,2012-01-01 00:00:00.000,,ALL PRODUCTION PRACTICES,CROPS,9000,ALASKA,,02,,00,,00,1,AK,99661,YEAR,02,,UNITED STATES,,OPERATIONS,2007,,TOTAL,ALL UTILIZATION PRACTICES,,ANNUAL
CROP TOTALS,,NOT SPECIFIED,CROP TOTALS,CENSUS,CROP TOTALS - OPERATIONS WITH SALES,SALES,ALL CLASSES,00000000,ZIP CODE,,99663,2024-11-07 12:00:00.000,,ALL PRODUCTION PRACTICES,CROPS,9000,ALASKA,,02,,00,,00,4,AK,99663,YEAR,02,,UNITED STATES,,OPERATIONS,2022,,TOTAL,ALL UTILIZATION PRACTICES,,ANNUAL
CROP TOTALS,,NOT SPECIFIED,CROP TOTALS,CENSUS,CROP TOTALS - OPERATIONS WITH SALES,SALES,ALL CLASSES,00000000,ZIP CODE,,99663,2018-02-01 12:00:00.000,,ALL PRODUCTION PRACTICES,CROPS,9000,ALASKA,,02,,00,,00,2,AK,99663,YEAR,02,,UNITED STATES,,OPERATIONS,2017,,TOTAL,ALL UTILIZATION PRACTICES,,ANNUAL
CROP TOTALS,,NOT SPECIFIED,CROP TOTALS,CENSUS,CROP TOTALS - OPERATIONS WITH SALES,SALES,ALL CLASSES,00000000,ZIP CODE,,99664,2024-11-07 12:00:00.000,,ALL PRODUCTION PRACTICES,CROPS,9000,ALASKA,,02,,00,,00,2,AK,99664,YEAR,02,,UNITED STATES,,OPERATIONS,2022,,TOTAL,ALL UTILIZATION PRACTICES,,ANNUAL
CROP TOTALS,,NOT SPECIFIED,CROP TOTALS,CENSUS,CROP TOTALS - OPERATIONS WITH SALES,SALES,ALL CLASSES,00000000,ZIP CODE,,99664,2018-02-01 12:00:00.000,,ALL PRODUCTION PRACTICES,CROPS,9000,ALASKA,,02,,00,,00,3,AK,99664,YEAR,02,,UNITED STATES,,OPERATIONS,2017,,TOTAL,ALL UTILIZATION PRACTICES,,ANNUAL
CROP TOTALS,,NOT SPECIFIED,CROP TOTALS,CENSUS,CROP TOTALS - OPERATIONS WITH SALES,SALES,ALL CLASSES,00000000,ZIP CODE,,99664,2012-01-01 00:00:00.000,,ALL PRODUCTION PRACTICES,CROPS,9000,ALASKA,,02,,00,,00,1,AK,99664,YEAR,02,,UNITED STATES,,OPERATIONS,2007,,TOTAL,ALL UTILIZATION PRACTICES,,ANNUAL
CROP TOTALS,,NOT SPECIFIED,CROP TOTALS,CENSUS,CROP TOTALS - OPERATIONS WITH SALES,SALES,ALL CLASSES,00000000,ZIP CODE,,99667,2018-02-01 12:00:00.000,,ALL PRODUCTION PRACTICES,CROPS,9000,ALASKA,,02,,00,,00,1,AK,99667,YEAR,02,,UNITED STATES,,OPERATIONS,2017,,TOTAL,ALL UTILIZATION PRACTICES,,ANNUAL
CROP TOTALS,,NOT SPECIFIED,CROP TOTALS,CENSUS,CROP TOTALS - OPERATIONS WITH SALES,SALES,ALL CLASSES,00000000,ZIP CODE,,99668,2024-11-07 12:00:00.000,,ALL PRODUCTION PRACTICES,CROPS,9000,ALASKA,,02,,00,,00,1,AK,99668,YEAR,02,,UNITED STATES,,OPERATIONS,2022,,TOTAL,ALL UTILIZATION PRACTICES,,ANNUAL
CROP TOTALS,,NOT SPECIFIED,CROP TOTALS,CENSUS,CROP TOTALS - OPERATIONS WITH SALES,SALES,ALL CLASSES,00000000,ZIP CODE,,99669,2024-11-07 12:00:00.000,,ALL PRODUCTION PRACTICES,CROPS,9000,ALASKA,,02,,00,,00,34,AK,99669,YEAR,02,,UNITED STATES,,OPERATIONS,2022,,TOTAL,ALL UTILIZATION PRACTICES,,ANNUAL
CROP TOTALS,,NOT SPECIFIED,CROP TOTALS,CENSUS,CROP TOTALS - OPERATIONS WITH SALES,SALES,ALL CLASSES,00000000,ZIP CODE,,99669,2018-02-01 12:00:00.000,,ALL PRODUCTION PRACTICES,CROPS,9000,ALASKA,,02,,00,,00,27,AK,99669,YEAR,02,,UNITED STATES,,OPERATIONS,2017,,TOTAL,ALL UTILIZATION PRACTICES,,ANNUAL
CROP TOTALS,,NOT SPECIFIED,CROP TOTALS,CENSUS,CROP TOTALS - OPERATIONS WITH SALES,SALES,ALL CLASSES,00000000,ZIP CODE,,99669,2012-01-01 00:00:00.000,,ALL PRODUCTION PRACTICES,CROPS,9000,ALASKA,,02,,00,,00,18,AK,99669,YEAR,02,,UNITED STATES,,OPERATIONS,2007,,TOTAL,ALL UTILIZATION PRACTICES,,ANNUAL
CROP TOTALS,,NOT SPECIFIED,CROP TOTALS,CENSUS,CROP TOTALS - OPERATIONS WITH SALES,SALES,ALL CLASSES,00000000,ZIP CODE,,99672,2024-11-07 12:00:00.000,,ALL PRODUCTION PRACTICES,CROPS,9000,ALASKA,,02,,00,,00,15,AK,99672,YEAR,02,,UNITED STATES,,OPERATIONS,2022,,TOTAL,ALL UTILIZATION PRACTICES,,ANNUAL
CROP TOTALS,,NOT SPECIFIED,CROP TOTALS,CENSUS,CROP TOTALS - OPERATIONS WITH SALES,SALES,ALL CLASSES,00000000,ZIP CODE,,99672,2018-02-01 12:00:00.000,,ALL PRODUCTION PRACTICES,CROPS,9000,ALASKA,,02,,00,,00,10,AK,99672,YEAR,02,,UNITED STATES,,OPERATIONS,2017,,TOTAL,ALL UTILIZATION PRACTICES,,ANNUAL
CROP TOTALS,,NOT SPECIFIED,CROP TOTALS,CENSUS,CROP TOTALS - OPERATIONS WITH SALES,SALES,ALL CLASSES,00000000,ZIP CODE,,99672,2012-01-01 00:00:00.000,,ALL PRODUCTION PRACTICES,CROPS,9000,ALASKA,,02,,00,,00,3,AK,99672,YEAR,02,,UNITED STATES,,OPERATIONS,2007,,TOTAL,ALL UTILIZATION PRACTICES,,ANNUAL
CROP TOTALS,,NOT SPECIFIED,CROP TOTALS,CENSUS,CROP TOTALS - OPERATIONS WITH SALES,SALES,ALL CLASSES,00000000,ZIP CODE,,99674,2024-11-07 12:00:00.000,,ALL PRODUCTION PRACTICES,CROPS,9000,ALASKA,,02,,00,,00,6,AK,99674,YEAR,02,,UNITED STATES,,OPERATIONS,2022,,TOTAL,ALL UTILIZATION PRACTICES,,ANNUAL
CROP TOTALS,,NOT SPECIFIED,CROP TOTALS,CENSUS,CROP TOTALS - OPERATIONS WITH SALES,SALES,ALL CLASSES,00000000,ZIP CODE,,99674,2018-02-01 12:00:00.000,,ALL PRODUCTION PRACTICES,CROPS,9000,ALASKA,,02,,00,,00,8,AK,99674,YEAR,02,,UNITED STATES,,OPERATIONS,2017,,TOTAL,ALL UTILIZATION PRACTICES,,ANNUAL
CROP TOTALS,,NOT SPECIFIED,CROP TOTALS,CENSUS,CROP TOTALS - OPERATIONS WITH SALES,SALES,ALL CLASSES,00000000,ZIP CODE,,99674,2012-01-01 00:00:00.000,,ALL PRODUCTION PRACTICES,CROPS,9000,ALASKA,,02,,00,,00,6,AK,99674,YEAR,02,,UNITED STATES,,OPERATIONS,2007,,TOTAL,ALL UTILIZATION PRACTICES,,ANNUAL
CROP TOTALS,,NOT SPECIFIED,CROP TOTALS,CENSUS,CROP TOTALS - OPERATIONS WITH SALES,SALES,ALL CLASSES,00000000,ZIP CODE,,99676,2024-11-07 12:00:00.000,,ALL PRODUCTION PRACTICES,CROPS,9000,ALASKA,,02,,00,,00,7,AK,99676,YEAR,02,,UNITED STATES,,OPERATIONS,2022,,TOTAL,ALL UTILIZATION PRACTICES,,ANNUAL
CROP TOTALS,,NOT SPECIFIED,CROP TOTALS,CENSUS,CROP TOTALS - OPERATIONS WITH SALES,SALES,ALL CLASSES,00000000,ZIP CODE,,99676,2018-02-01 12:00:00.000,,ALL PRODUCTION PRACTICES,CROPS,9000,ALASKA,,02,,00,,00,6,AK,99676,YEAR,02,,UNITED STATES,,OPERATIONS,2017,,TOTAL,ALL UTILIZATION PRACTICES,,ANNUAL
CROP TOTALS,,NOT SPECIFIED,CROP TOTALS,CENSUS,CROP TOTALS - OPERATIONS WITH SALES,SALES,ALL CLASSES,00000000,ZIP CODE,,99676,2012-01-01 00:00:00.000,,ALL PRODUCTION PRACTICES,CROPS,9000,ALASKA,,02,,00,,00,2,AK,99676,YEAR,02,,UNITED STATES,,OPERATIONS,2007,,TOTAL,ALL UTILIZATION PRACTICES,,ANNUAL
CROP TOTALS,,NOT SPECIFIED,CROP TOTALS,CENSUS,CROP TOTALS - OPERATIONS WITH SALES,SALES,ALL CLASSES,00000000,ZIP CODE,,99682,2024-11-07 12:00:00.000,,ALL PRODUCTION PRACTICES,CROPS,9000,ALASKA,,02,,00,,00,2,AK,99682,YEAR,02,,UNITED STATES,,OPERATIONS,2022,,TOTAL,ALL UTILIZATION PRACTICES,,ANNUAL
CROP TOTALS,,NOT SPECIFIED,CROP TOTALS,CENSUS,CROP TOTALS - OPERATIONS WITH SALES,SALES,ALL CLASSES,00000000,ZIP CODE,,99683,2024-11-07 12:00:00.000,,ALL PRODUCTION PRACTICES,CROPS,9000,ALASKA,,02,,00,,00,5,AK,99683,YEAR,02,,UNITED STATES,,OPERATIONS,2022,,TOTAL,ALL UTILIZATION PRACTICES,,ANNUAL
CROP TOTALS,,NOT SPECIFIED,CROP TOTALS,CENSUS,CROP TOTALS - OPERATIONS WITH SALES,SALES,ALL CLASSES,00000000,ZIP CODE,,99683,2018-02-01 12:00:00.000,,ALL PRODUCTION PRACTICES,CROPS,9000,ALASKA,,02,,00,,00,7,AK,99683,YEAR,02,,UNITED STATES,,OPERATIONS,2017,,TOTAL,ALL UTILIZATION PRACTICES,,ANNUAL
CROP TOTALS,,NOT SPECIFIED,CROP TOTALS,CENSUS,CROP TOTALS - OPERATIONS WITH SALES,SALES,ALL CLASSES,00000000,ZIP CODE,,99683,2012-01-01 00:00:00.000,,ALL PRODUCTION PRACTICES,CROPS,9000,ALASKA,,02,,00,,00,10,AK,99683,YEAR,02,,UNITED STATES,,OPERATIONS,2007,,TOTAL,ALL UTILIZATION PRACTICES,,ANNUAL
CROP TOTALS,,NOT SPECIFIED,CROP TOTALS,CENSUS,CROP TOTALS - OPERATIONS WITH SALES,SALES,ALL CLASSES,00000000,ZIP CODE,,99686,2024-11-07 12:00:00.000,,ALL PRODUCTION PRACTICES,CROPS,9000,ALASKA,,02,,00,,00,4,AK,99686,YEAR,02,,UNITED STATES,,OPERATIONS,2022,,TOTAL,ALL UTILIZATION PRACTICES,,ANNUAL
CROP TOTALS,,NOT SPECIFIED,CROP TOTALS,CENSUS,CROP TOTALS - OPERATIONS WITH SALES,SALES,ALL CLASSES,00000000,ZIP CODE,,99686,2018-02-01 12:00:00.000,,ALL PRODUCTION PRACTICES,CROPS,9000,ALASKA,,02,,00,,00,2,AK,99686,YEAR,02,,UNITED STATES,,OPERATIONS,2017,,TOTAL,ALL UTILIZATION PRACTICES,,ANNUAL
CROP TOTALS,,NOT SPECIFIED,CROP TOTALS,CENSUS,CROP TOTALS - OPERATIONS WITH SALES,SALES,ALL CLASSES,00000000,ZIP CODE,,99686,2012-01-01 00:00:00.000,,ALL PRODUCTION PRACTICES,CROPS,9000,ALASKA,,02,,00,,00,2,AK,99686,YEAR,02,,UNITED STATES,,OPERATIONS,2007,,TOTAL,ALL UTILIZATION PRACTICES,,ANNUAL
CROP TOTALS,,NOT SPECIFIED,CROP TOTALS,CENSUS,CROP TOTALS - OPERATIONS WITH SALES,SALES,ALL CLASSES,00000000,ZIP CODE,,99687,2024-11-07 12:00:00.000,,ALL PRODUCTION PRACTICES,CROPS,9000,ALASKA,,02,,00,,00,17,AK,99687,YEAR,02,,UNITED STATES,,OPERATIONS,2022,,TOTAL,ALL UTILIZATION PRACTICES,,ANNUAL
CROP TOTALS,,NOT SPECIFIED,CROP TOTALS,CENSUS,CROP TOTALS - OPERATIONS WITH SALES,SALES,ALL CLASSES,00000000,ZIP CODE,,99687,2018-02-01 12:00:00.000,,ALL PRODUCTION PRACTICES,CROPS,9000,ALASKA,,02,,00,,00,19,AK,99687,YEAR,02,,UNITED STATES,,OPERATIONS,2017,,TOTAL,ALL UTILIZATION PRACTICES,,ANNUAL
CROP TOTALS,,NOT SPECIFIED,CROP TOTALS,CENSUS,CROP TOTALS - OPERATIONS WITH SALES,SALES,ALL CLASSES,00000000,ZIP CODE,,99687,2012-01-01 00:00:00.000,,ALL PRODUCTION PRACTICES,CROPS,9000,ALASKA,,02,,00,,00,18,AK,99687,YEAR,02,,UNITED STATES,,OPERATIONS,2007,,TOTAL,ALL UTILIZATION PRACTICES,,ANNUAL
CROP TOTALS,,NOT SPECIFIED,CROP TOTALS,CENSUS,CROP TOTALS - OPERATIONS WITH SALES,SALES,ALL CLASSES,00000000,ZIP CODE,,99688,2024-11-07 12:00:00.000,,ALL PRODUCTION PRACTICES,CROPS,9000,ALASKA,,02,,00,,00,15,AK,99688,YEAR,02,,UNITED STATES,,OPERATIONS,2022,,TOTAL,ALL UTILIZATION PRACTICES,,ANNUAL
CROP TOTALS,,NOT SPECIFIED,CROP TOTALS,CENSUS,CROP TOTALS - OPERATIONS WITH SALES,SALES,ALL CLASSES,00000000,ZIP CODE,,99688,2018-02-01 12:00:00.000,,ALL PRODUCTION PRACTICES,CROPS,9000,ALASKA,,02,,00,,00,9,AK,99688,YEAR,02,,UNITED STATES,,OPERATIONS,2017,,TOTAL,ALL UTILIZATION PRACTICES,,ANNUAL
CROP TOTALS,,NOT SPECIFIED,CROP TOTALS,CENSUS,CROP TOTALS - OPERATIONS WITH SALES,SALES,ALL CLASSES,00000000,ZIP CODE,,99688,2012-01-01 00:00:00.000,,ALL PRODUCTION PRACTICES,CROPS,9000,ALASKA,,02,,00,,00,6,AK,99688,YEAR,02,,UNITED STATES,,OPERATIONS,2007,,TOTAL,ALL UTILIZATION PRACTICES,,ANNUAL
CROP TOTALS,,NOT SPECIFIED,CROP TOTALS,CENSUS,CROP TOTALS - OPERATIONS WITH SALES,SALES,ALL CLASSES,00000000,ZIP CODE,,99694,2024-11-07 12:00:00.000,,ALL PRODUCTION PRACTICES,CROPS,9000,ALASKA,,02,,00,,00,2,AK,99694,YEAR,02,,UNITED STATES,,OPERATIONS,2022,,TOTAL,ALL UTILIZATION PRACTICES,,ANNUAL
CROP TOTALS,,NOT SPECIFIED,CROP TOTALS,CENSUS,CROP TOTALS - OPERATIONS WITH SALES,SALES,ALL CLASSES,00000000,ZIP CODE,,99694,2018-02-01 12:00:00.000,,ALL PRODUCTION PRACTICES,CROPS,9000,ALASKA,,02,,00,,00,1,AK,99694,YEAR,02,,UNITED STATES,,OPERATIONS,2017,,TOTAL,ALL UTILIZATION PRACTICES,,ANNUAL
CROP TOTALS,,NOT SPECIFIED,CROP TOTALS,CENSUS,CROP TOTALS - OPERATIONS WITH SALES,SALES,ALL CLASSES,00000000,ZIP CODE,,99701,2024-11-07 12:00:00.000,,ALL PRODUCTION PRACTICES,CROPS,9000,ALASKA,,02,,00,,00,3,AK,99701,YEAR,02,,UNITED STATES,,OPERATIONS,2022,,TOTAL,ALL UTILIZATION PRACTICES,,ANNUAL
CROP TOTALS,,NOT SPECIFIED,CROP TOTALS,CENSUS,CROP TOTALS - OPERATIONS WITH SALES,SALES,ALL CLASSES,00000000,ZIP CODE,,99701,2018-02-01 12:00:00.000,,ALL PRODUCTION PRACTICES,CROPS,9000,ALASKA,,02,,00,,00,5,AK,99701,YEAR,02,,UNITED STATES,,OPERATIONS,2017,,TOTAL,ALL UTILIZATION PRACTICES,,ANNUAL
CROP TOTALS,,NOT SPECIFIED,CROP TOTALS,CENSUS,CROP TOTALS - OPERATIONS WITH SALES,SALES,ALL CLASSES,00000000,ZIP CODE,,99701,2012-01-01 00:00:00.000,,ALL PRODUCTION PRACTICES,CROPS,9000,ALASKA,,02,,00,,00,1,AK,99701,YEAR,02,,UNITED STATES,,OPERATIONS,2007,,TOTAL,ALL UTILIZATION PRACTICES,,ANNUAL
CROP TOTALS,,NOT SPECIFIED,CROP TOTALS,CENSUS,CROP TOTALS - OPERATIONS WITH SALES,SALES,ALL CLASSES,00000000,ZIP CODE,,99704,2018-02-01 12:00:00.000,,ALL PRODUCTION PRACTICES,CROPS,9000,ALASKA,,02,,00,,00,1,AK,99704,YEAR,02,,UNITED STATES,,OPERATIONS,2017,,TOTAL,ALL UTILIZATION PRACTICES,,ANNUAL
CROP TOTALS,,NOT SPECIFIED,CROP TOTALS,CENSUS,CROP TOTALS - OPERATIONS WITH SALES,SALES,ALL CLASSES,00000000,ZIP CODE,,99705,2024-11-07 12:00:00.000,,ALL PRODUCTION PRACTICES,CROPS,9000,ALASKA,,02,,00,,00,20,AK,99705,YEAR,02,,UNITED STATES,,OPERATIONS,2022,,TOTAL,ALL UTILIZATION PRACTICES,,ANNUAL
CROP TOTALS,,NOT SPECIFIED,CROP TOTALS,CENSUS,CROP TOTALS - OPERATIONS WITH SALES,SALES,ALL CLASSES,00000000,ZIP CODE,,99705,2018-02-01 12:00:00.000,,ALL PRODUCTION PRACTICES,CROPS,9000,ALASKA,,02,,00,,00,22,AK,99705,YEAR,02,,UNITED STATES,,OPERATIONS,2017,,TOTAL,ALL UTILIZATION PRACTICES,,ANNUAL
CROP TOTALS,,NOT SPECIFIED,CROP TOTALS,CENSUS,CROP TOTALS - OPERATIONS WITH SALES,SALES,ALL CLASSES,00000000,ZIP CODE,,99705,2012-01-01 00:00:00.000,,ALL PRODUCTION PRACTICES,CROPS,9000,ALASKA,,02,,00,,00,17,AK,99705,YEAR,02,,UNITED STATES,,OPERATIONS,2007,,TOTAL,ALL UTILIZATION PRACTICES,,ANNUAL
CROP TOTALS,,NOT SPECIFIED,CROP TOTALS,CENSUS,CROP TOTALS - OPERATIONS WITH SALES,SALES,ALL CLASSES,00000000,ZIP CODE,,99706,2024-11-07 12:00:00.000,,ALL PRODUCTION PRACTICES,CROPS,9000,ALASKA,,02,,00,,00,1,AK,99706,YEAR,02,,UNITED STATES,,OPERATIONS,2022,,TOTAL,ALL UTILIZATION PRACTICES,,ANNUAL
CROP TOTALS,,NOT SPECIFIED,CROP TOTALS,CENSUS,CROP TOTALS - OPERATIONS WITH SALES,SALES,ALL CLASSES,00000000,ZIP CODE,,99706,2018-02-01 12:00:00.000,,ALL PRODUCTION PRACTICES,CROPS,9000,ALASKA,,02,,00,,00,1,AK,99706,YEAR,02,,UNITED STATES,,OPERATIONS,2017,,TOTAL,ALL UTILIZATION PRACTICES,,ANNUAL
CROP TOTALS,,NOT SPECIFIED,CROP TOTALS,CENSUS,CROP TOTALS - OPERATIONS WITH SALES,SALES,ALL CLASSES,00000000,ZIP CODE,,99706,2012-01-01 00:00:00.000,,ALL PRODUCTION PRACTICES,CROPS,9000,ALASKA,,02,,00,,00,1,AK,99706,YEAR,02,,UNITED STATES,,OPERATIONS,2007,,TOTAL,ALL UTILIZATION PRACTICES,,ANNUAL
CROP TOTALS,,NOT SPECIFIED,CROP TOTALS,CENSUS,CROP TOTALS - OPERATIONS WITH SALES,SALES,ALL CLASSES,00000000,ZIP CODE,,99707,2024-11-07 12:00:00.000,,ALL PRODUCTION PRACTICES,CROPS,9000,ALASKA,,02,,00,,00,7,AK,99707,YEAR,02,,UNITED STATES,,OPERATIONS,2022,,TOTAL,ALL UTILIZATION PRACTICES,,ANNUAL
CROP TOTALS,,NOT SPECIFIED,CROP TOTALS,CENSUS,CROP TOTALS - OPERATIONS WITH SALES,SALES,ALL CLASSES,00000000,ZIP CODE,,99707,2018-02-01 12:00:00.000,,ALL PRODUCTION PRACTICES,CROPS,9000,ALASKA,,02,,00,,00,5,AK,99707,YEAR,02,,UNITED STATES,,OPERATIONS,2017,,TOTAL,ALL UTILIZATION PRACTICES,,ANNUAL
CROP TOTALS,,NOT SPECIFIED,CROP TOTALS,CENSUS,CROP TOTALS - OPERATIONS WITH SALES,SALES,ALL CLASSES,00000000,ZIP CODE,,99707,2012-01-01 00:00:00.000,,ALL PRODUCTION PRACTICES,CROPS,9000,ALASKA,,02,,00,,00,9,AK,99707,YEAR,02,,UNITED STATES,,OPERATIONS,2007,,TOTAL,ALL UTILIZATION PRACTICES,,ANNUAL
CROP TOTALS,,NOT SPECIFIED,CROP TOTALS,CENSUS,CROP TOTALS - OPERATIONS WITH SALES,SALES,ALL CLASSES,00000000,ZIP CODE,,99708,2024-11-07 12:00:00.000,,ALL PRODUCTION PRACTICES,CROPS,9000,ALASKA,,02,,00,,00,12,AK,99708,YEAR,02,,UNITED STATES,,OPERATIONS,2022,,TOTAL,ALL UTILIZATION PRACTICES,,ANNUAL
CROP TOTALS,,NOT SPECIFIED,CROP TOTALS,CENSUS,CROP TOTALS - OPERATIONS WITH SALES,SALES,ALL CLASSES,00000000,ZIP CODE,,99708,2018-02-01 12:00:00.000,,ALL PRODUCTION PRACTICES,CROPS,9000,ALASKA,,02,,00,,00,7,AK,99708,YEAR,02,,UNITED STATES,,OPERATIONS,2017,,TOTAL,ALL UTILIZATION PRACTICES,,ANNUAL
CROP TOTALS,,NOT SPECIFIED,CROP TOTALS,CENSUS,CROP TOTALS - OPERATIONS WITH SALES,SALES,ALL CLASSES,00000000,ZIP CODE,,99708,2012-01-01 00:00:00.000,,ALL PRODUCTION PRACTICES,CROPS,9000,ALASKA,,02,,00,,00,2,AK,99708,YEAR,02,,UNITED STATES,,OPERATIONS,2007,,TOTAL,ALL UTILIZATION PRACTICES,,ANNUAL
CROP TOTALS,,NOT SPECIFIED,CROP TOTALS,CENSUS,CROP TOTALS - OPERATIONS WITH SALES,SALES,ALL CLASSES,00000000,ZIP CODE,,99709,2024-11-07 12:00:00.000,,ALL PRODUCTION PRACTICES,CROPS,9000,ALASKA,,02,,00,,00,24,AK,99709,YEAR,02,,UNITED STATES,,OPERATIONS,2022,,TOTAL,ALL UTILIZATION PRACTICES,,ANNUAL
CROP TOTALS,,NOT SPECIFIED,CROP TOTALS,CENSUS,CROP TOTALS - OPERATIONS WITH SALES,SALES,ALL CLASSES,00000000,ZIP CODE,,99709,2018-02-01 12:00:00.000,,ALL PRODUCTION PRACTICES,CROPS,9000,ALASKA,,02,,00,,00,22,AK,99709,YEAR,02,,UNITED STATES,,OPERATIONS,2017,,TOTAL,ALL UTILIZATION PRACTICES,,ANNUAL
CROP TOTALS,,NOT SPECIFIED,CROP TOTALS,CENSUS,CROP TOTALS - OPERATIONS WITH SALES,SALES,ALL CLASSES,00000000,ZIP CODE,,99709,2012-01-01 00:00:00.000,,ALL PRODUCTION PRACTICES,CROPS,9000,ALASKA,,02,,00,,00,11,AK,99709,YEAR,02,,UNITED STATES,,OPERATIONS,2007,,TOTAL,ALL UTILIZATION PRACTICES,,ANNUAL
CROP TOTALS,,NOT SPECIFIED,CROP TOTALS,CENSUS,CROP TOTALS - OPERATIONS WITH SALES,SALES,ALL CLASSES,00000000,ZIP CODE,,99710,2024-11-07 12:00:00.000,,ALL PRODUCTION PRACTICES,CROPS,9000,ALASKA,,02,,00,,00,7,AK,99710,YEAR,02,,UNITED STATES,,OPERATIONS,2022,,TOTAL,ALL UTILIZATION PRACTICES,,ANNUAL
CROP TOTALS,,NOT SPECIFIED,CROP TOTALS,CENSUS,CROP TOTALS - OPERATIONS WITH SALES,SALES,ALL CLASSES,00000000,ZIP CODE,,99710,2018-02-01 12:00:00.000,,ALL PRODUCTION PRACTICES,CROPS,9000,ALASKA,,02,,00,,00,4,AK,99710,YEAR,02,,UNITED STATES,,OPERATIONS,2017,,TOTAL,ALL UTILIZATION PRACTICES,,ANNUAL
CROP TOTALS,,NOT SPECIFIED,CROP TOTALS,CENSUS,CROP TOTALS - OPERATIONS WITH SALES,SALES,ALL CLASSES,00000000,ZIP CODE,,99710,2012-01-01 00:00:00.000,,ALL PRODUCTION PRACTICES,CROPS,9000,ALASKA,,02,,00,,00,2,AK,99710,YEAR,02,,UNITED STATES,,OPERATIONS,2007,,TOTAL,ALL UTILIZATION PRACTICES,,ANNUAL
CROP TOTALS,,NOT SPECIFIED,CROP TOTALS,CENSUS,CROP TOTALS - OPERATIONS WITH SALES,SALES,ALL CLASSES,00000000,ZIP CODE,,99711,2024-11-07 12:00:00.000,,ALL PRODUCTION PRACTICES,CROPS,9000,ALASKA,,02,,00,,00,2,AK,99711,YEAR,02,,UNITED STATES,,OPERATIONS,2022,,TOTAL,ALL UTILIZATION PRACTICES,,ANNUAL
CROP TOTALS,,NOT SPECIFIED,CROP TOTALS,CENSUS,CROP TOTALS - OPERATIONS WITH SALES,SALES,ALL CLASSES,00000000,ZIP CODE,,99711,2018-02-01 12:00:00.000,,ALL PRODUCTION PRACTICES,CROPS,9000,ALASKA,,02,,00,,00,1,AK,99711,YEAR,02,,UNITED STATES,,OPERATIONS,2017,,TOTAL,ALL UTILIZATION PRACTICES,,ANNUAL
CROP TOTALS,,NOT SPECIFIED,CROP TOTALS,CENSUS,CROP TOTALS - OPERATIONS WITH SALES,SALES,ALL CLASSES,00000000,ZIP CODE,,99712,2024-11-07 12:00:00.000,,ALL PRODUCTION PRACTICES,CROPS,9000,ALASKA,,02,,00,,00,18,AK,99712,YEAR,02,,UNITED STATES,,OPERATIONS,2022,,TOTAL,ALL UTILIZATION PRACTICES,,ANNUAL
CROP TOTALS,,NOT SPECIFIED,CROP TOTALS,CENSUS,CROP TOTALS - OPERATIONS WITH SALES,SALES,ALL CLASSES,00000000,ZIP CODE,,99712,2018-02-01 12:00:00.000,,ALL PRODUCTION PRACTICES,CROPS,9000,ALASKA,,02,,00,,00,25,AK,99712,YEAR,02,,UNITED STATES,,OPERATIONS,2017,,TOTAL,ALL UTILIZATION PRACTICES,,ANNUAL
CROP TOTALS,,NOT SPECIFIED,CROP TOTALS,CENSUS,CROP TOTALS - OPERATIONS WITH SALES,SALES,ALL CLASSES,00000000,ZIP CODE,,99712,2012-01-01 00:00:00.000,,ALL PRODUCTION PRACTICES,CROPS,9000,ALASKA,,02,,00,,00,12,AK,99712,YEAR,02,,UNITED STATES,,OPERATIONS,2007,,TOTAL,ALL UTILIZATION PRACTICES,,ANNUAL
CROP TOTALS,,NOT SPECIFIED,CROP TOTALS,CENSUS,CROP TOTALS - OPERATIONS WITH SALES,SALES,ALL CLASSES,00000000,ZIP CODE,,99714,2024-11-07 12:00:00.000,,ALL PRODUCTION PRACTICES,CROPS,9000,ALASKA,,02,,00,,00,8,AK,99714,YEAR,02,,UNITED STATES,,OPERATIONS,2022,,TOTAL,ALL UTILIZATION PRACTICES,,ANNUAL
CROP TOTALS,,NOT SPECIFIED,CROP TOTALS,CENSUS,CROP TOTALS - OPERATIONS WITH SALES,SALES,ALL CLASSES,00000000,ZIP CODE,,99714,2018-02-01 12:00:00.000,,ALL PRODUCTION PRACTICES,CROPS,9000,ALASKA,,02,,00,,00,3,AK,99714,YEAR,02,,UNITED STATES,,OPERATIONS,2017,,TOTAL,ALL UTILIZATION PRACTICES,,ANNUAL
CROP TOTALS,,NOT SPECIFIED,CROP TOTALS,CENSUS,CROP TOTALS - OPERATIONS WITH SALES,SALES,ALL CLASSES,00000000,ZIP CODE,,99714,2012-01-01 00:00:00.000,,ALL PRODUCTION PRACTICES,CROPS,9000,ALASKA,,02,,00,,00,1,AK,99714,YEAR,02,,UNITED STATES,,OPERATIONS,2007,,TOTAL,ALL UTILIZATION PRACTICES,,ANNUAL
CROP TOTALS,,NOT SPECIFIED,CROP TOTALS,CENSUS,CROP TOTALS - OPERATIONS WITH SALES,SALES,ALL CLASSES,00000000,ZIP CODE,,99716,2024-11-07 12:00:00.000,,ALL PRODUCTION PRACTICES,CROPS,9000,ALASKA,,02,,00,,00,7,AK,99716,YEAR,02,,UNITED STATES,,OPERATIONS,2022,,TOTAL,ALL UTILIZATION PRACTICES,,ANNUAL
CROP TOTALS,,NOT SPECIFIED,CROP TOTALS,CENSUS,CROP TOTALS - OPERATIONS WITH SALES,SALES,ALL CLASSES,00000000,ZIP CODE,,99716,2018-02-01 12:00:00.000,,ALL PRODUCTION PRACTICES,CROPS,9000,ALASKA,,02,,00,,00,6,AK,99716,YEAR,02,,UNITED STATES,,OPERATIONS,2017,,TOTAL,ALL UTILIZATION PRACTICES,,ANNUAL
CROP TOTALS,,NOT SPECIFIED,CROP TOTALS,CENSUS,CROP TOTALS - OPERATIONS WITH SALES,SALES,ALL CLASSES,00000000,ZIP CODE,,99716,2012-01-01 00:00:00.000,,ALL PRODUCTION PRACTICES,CROPS,9000,ALASKA,,02,,00,,00,5,AK,99716,YEAR,02,,UNITED STATES,,OPERATIONS,2007,,TOTAL,ALL UTILIZATION PRACTICES,,ANNUAL
CROP TOTALS,,NOT SPECIFIED,CROP TOTALS,CENSUS,CROP TOTALS - OPERATIONS WITH SALES,SALES,ALL CLASSES,00000000,ZIP CODE,,99725,2024-11-07 12:00:00.000,,ALL PRODUCTION PRACTICES,CROPS,9000,ALASKA,,02,,00,,00,9,AK,99725,YEAR,02,,UNITED STATES,,OPERATIONS,2022,,TOTAL,ALL UTILIZATION PRACTICES,,ANNUAL
CROP TOTALS,,NOT SPECIFIED,CROP TOTALS,CENSUS,CROP TOTALS - OPERATIONS WITH SALES,SALES,ALL CLASSES,00000000,ZIP CODE,,99725,2018-02-01 12:00:00.000,,ALL PRODUCTION PRACTICES,CROPS,9000,ALASKA,,02,,00,,00,6,AK,99725,YEAR,02,,UNITED STATES,,OPERATIONS,2017,,TOTAL,ALL UTILIZATION PRACTICES,,ANNUAL
CROP TOTALS,,NOT SPECIFIED,CROP TOTALS,CENSUS,CROP TOTALS - OPERATIONS WITH SALES,SALES,ALL CLASSES,00000000,ZIP CODE,,99725,2012-01-01 00:00:00.000,,ALL PRODUCTION PRACTICES,CROPS,9000,ALASKA,,02,,00,,00,3,AK,99725,YEAR,02,,UNITED STATES,,OPERATIONS,2007,,TOTAL,ALL UTILIZATION PRACTICES,,ANNUAL
CROP TOTALS,,NOT SPECIFIED,CROP TOTALS,CENSUS,CROP TOTALS - OPERATIONS WITH SALES,SALES,ALL CLASSES,00000000,ZIP CODE,,99729,2024-11-07 12:00:00.000,,ALL PRODUCTION PRACTICES,CROPS,9000,ALASKA,,02,,00,,00,1,AK,99729,YEAR,02,,UNITED STATES,,OPERATIONS,2022,,TOTAL,ALL UTILIZATION PRACTICES,,ANNUAL
CROP TOTALS,,NOT SPECIFIED,CROP TOTALS,CENSUS,CROP TOTALS - OPERATIONS WITH SALES,SALES,ALL CLASSES,00000000,ZIP CODE,,99729,2018-02-01 12:00:00.000,,ALL PRODUCTION PRACTICES,CROPS,9000,ALASKA,,02,,00,,00,1,AK,99729,YEAR,02,,UNITED STATES,,OPERATIONS,2017,,TOTAL,ALL UTILIZATION PRACTICES,,ANNUAL
CROP TOTALS,,NOT SPECIFIED,CROP TOTALS,CENSUS,CROP TOTALS - OPERATIONS WITH SALES,SALES,ALL CLASSES,00000000,ZIP CODE,,99729,2012-01-01 00:00:00.000,,ALL PRODUCTION PRACTICES,CROPS,9000,ALASKA,,02,,00,,00,1,AK,99729,YEAR,02,,UNITED STATES,,OPERATIONS,2007,,TOTAL,ALL UTILIZATION PRACTICES,,ANNUAL
CROP TOTALS,,NOT SPECIFIED,CROP TOTALS,CENSUS,CROP TOTALS - OPERATIONS WITH SALES,SALES,ALL CLASSES,00000000,ZIP CODE,,99730,2012-01-01 00:00:00.000,,ALL PRODUCTION PRACTICES,CROPS,9000,ALASKA,,02,,00,,00,1,AK,99730,YEAR,02,,UNITED STATES,,OPERATIONS,2007,,TOTAL,ALL UTILIZATION PRACTICES,,ANNUAL
CROP TOTALS,,NOT SPECIFIED,CROP TOTALS,CENSUS,CROP TOTALS - OPERATIONS WITH SALES,SALES,ALL CLASSES,00000000,ZIP CODE,,99734,2012-01-01 00:00:00.000,,ALL PRODUCTION PRACTICES,CROPS,9000,ALASKA,,02,,00,,00,1,AK,99734,YEAR,02,,UNITED STATES,,OPERATIONS,2007,,TOTAL,ALL UTILIZATION PRACTICES,,ANNUAL
CROP TOTALS,,NOT SPECIFIED,CROP TOTALS,CENSUS,CROP TOTALS - OPERATIONS WITH SALES,SALES,ALL CLASSES,00000000,ZIP CODE,,99737,2024-11-07 12:00:00.000,,ALL PRODUCTION PRACTICES,CROPS,9000,ALASKA,,02,,00,,00,57,AK,99737,YEAR,02,,UNITED STATES,,OPERATIONS,2022,,TOTAL,ALL UTILIZATION PRACTICES,,ANNUAL
CROP TOTALS,,NOT SPECIFIED,CROP TOTALS,CENSUS,CROP TOTALS - OPERATIONS WITH SALES,SALES,ALL CLASSES,00000000,ZIP CODE,,99737,2018-02-01 12:00:00.000,,ALL PRODUCTION PRACTICES,CROPS,9000,ALASKA,,02,,00,,00,60,AK,99737,YEAR,02,,UNITED STATES,,OPERATIONS,2017,,TOTAL,ALL UTILIZATION PRACTICES,,ANNUAL
CROP TOTALS,,NOT SPECIFIED,CROP TOTALS,CENSUS,CROP TOTALS - OPERATIONS WITH SALES,SALES,ALL CLASSES,00000000,ZIP CODE,,99737,2012-01-01 00:00:00.000,,ALL PRODUCTION PRACTICES,CROPS,9000,ALASKA,,02,,00,,00,57,AK,99737,YEAR,02,,UNITED STATES,,OPERATIONS,2007,,TOTAL,ALL UTILIZATION PRACTICES,,ANNUAL
CROP TOTALS,,NOT SPECIFIED,CROP TOTALS,CENSUS,CROP TOTALS - OPERATIONS WITH SALES,SALES,ALL CLASSES,00000000,ZIP CODE,,99741,2018-02-01 12:00:00.000,,ALL PRODUCTION PRACTICES,CROPS,9000,ALASKA,,02,,00,,00,1,AK,99741,YEAR,02,,UNITED STATES,,OPERATIONS,2017,,TOTAL,ALL UTILIZATION PRACTICES,,ANNUAL
CROP TOTALS,,NOT SPECIFIED,CROP TOTALS,CENSUS,CROP TOTALS - OPERATIONS WITH SALES,SALES,ALL CLASSES,00000000,ZIP CODE,,99743,2024-11-07 12:00:00.000,,ALL PRODUCTION PRACTICES,CROPS,9000,ALASKA,,02,,00,,00,5,AK,99743,YEAR,02,,UNITED STATES,,OPERATIONS,2022,,TOTAL,ALL UTILIZATION PRACTICES,,ANNUAL
CROP TOTALS,,NOT SPECIFIED,CROP TOTALS,CENSUS,CROP TOTALS - OPERATIONS WITH SALES,SALES,ALL CLASSES,00000000,ZIP CODE,,99743,2018-02-01 12:00:00.000,,ALL PRODUCTION PRACTICES,CROPS,9000,ALASKA,,02,,00,,00,6,AK,99743,YEAR,02,,UNITED STATES,,OPERATIONS,2017,,TOTAL,ALL UTILIZATION PRACTICES,,ANNUAL
CROP TOTALS,,NOT SPECIFIED,CROP TOTALS,CENSUS,CROP TOTALS - OPERATIONS WITH SALES,SALES,ALL CLASSES,00000000,ZIP CODE,,99743,2012-01-01 00:00:00.000,,ALL PRODUCTION PRACTICES,CROPS,9000,ALASKA,,02,,00,,00,2,AK,99743,YEAR,02,,UNITED STATES,,OPERATIONS,2007,,TOTAL,ALL UTILIZATION PRACTICES,,ANNUAL
CROP TOTALS,,NOT SPECIFIED,CROP TOTALS,CENSUS,CROP TOTALS - OPERATIONS WITH SALES,SALES,ALL CLASSES,00000000,ZIP CODE,,99756,2024-11-07 12:00:00.000,,ALL PRODUCTION PRACTICES,CROPS,9000,ALASKA,,02,,00,,00,1,AK,99756,YEAR,02,,UNITED STATES,,OPERATIONS,2022,,TOTAL,ALL UTILIZATION PRACTICES,,ANNUAL
CROP TOTALS,,NOT SPECIFIED,CROP TOTALS,CENSUS,CROP TOTALS - OPERATIONS WITH SALES,SALES,ALL CLASSES,00000000,ZIP CODE,,99756,2018-02-01 12:00:00.000,,ALL PRODUCTION PRACTICES,CROPS,9000,ALASKA,,02,,00,,00,1,AK,99756,YEAR,02,,UNITED STATES,,OPERATIONS,2017,,TOTAL,ALL UTILIZATION PRACTICES,,ANNUAL
CROP TOTALS,,NOT SPECIFIED,CROP TOTALS,CENSUS,CROP TOTALS - OPERATIONS WITH SALES,SALES,ALL CLASSES,00000000,ZIP CODE,,99760,2024-11-07 12:00:00.000,,ALL PRODUCTION PRACTICES,CROPS,9000,ALASKA,,02,,00,,00,10,AK,99760,YEAR,02,,UNITED STATES,,OPERATIONS,2022,,TOTAL,ALL UTILIZATION PRACTICES,,ANNUAL
CROP TOTALS,,NOT SPECIFIED,CROP TOTALS,CENSUS,CROP TOTALS - OPERATIONS WITH SALES,SALES,ALL CLASSES,00000000,ZIP CODE,,99760,2018-02-01 12:00:00.000,,ALL PRODUCTION PRACTICES,CROPS,9000,ALASKA,,02,,00,,00,8,AK,99760,YEAR,02,,UNITED STATES,,OPERATIONS,2017,,TOTAL,ALL UTILIZATION PRACTICES,,ANNUAL
CROP TOTALS,,NOT SPECIFIED,CROP TOTALS,CENSUS,CROP TOTALS - OPERATIONS WITH SALES,SALES,ALL CLASSES,00000000,ZIP CODE,,99760,2012-01-01 00:00:00.000,,ALL PRODUCTION PRACTICES,CROPS,9000,ALASKA,,02,,00,,00,6,AK,99760,YEAR,02,,UNITED STATES,,OPERATIONS,2007,,TOTAL,ALL UTILIZATION PRACTICES,,ANNUAL
CROP TOTALS,,NOT SPECIFIED,CROP TOTALS,CENSUS,CROP TOTALS - OPERATIONS WITH SALES,SALES,ALL CLASSES,00000000,ZIP CODE,,99762,2012-01-01 00:00:00.000,,ALL PRODUCTION PRACTICES,CROPS,9000,ALASKA,,02,,00,,00,1,AK,99762,YEAR,02,,UNITED STATES,,OPERATIONS,2007,,TOTAL,ALL UTILIZATION PRACTICES,,ANNUAL
CROP TOTALS,,NOT SPECIFIED,CROP TOTALS,CENSUS,CROP TOTALS - OPERATIONS WITH SALES,SALES,ALL CLASSES,00000000,ZIP CODE,,99768,2018-02-01 12:00:00.000,,ALL PRODUCTION PRACTICES,CROPS,9000,ALASKA,,02,,00,,00,1,AK,99768,YEAR,02,,UNITED STATES,,OPERATIONS,2017,,TOTAL,ALL UTILIZATION PRACTICES,,ANNUAL
CROP TOTALS,,NOT SPECIFIED,CROP TOTALS,CENSUS,CROP TOTALS - OPERATIONS WITH SALES,SALES,ALL CLASSES,00000000,ZIP CODE,,99774,2018-02-01 12:00:00.000,,ALL PRODUCTION PRACTICES,CROPS,9000,ALASKA,,02,,00,,00,1,AK,99774,YEAR,02,,UNITED STATES,,OPERATIONS,2017,,TOTAL,ALL UTILIZATION PRACTICES,,ANNUAL
CROP TOTALS,,NOT SPECIFIED,CROP TOTALS,CENSUS,CROP TOTALS - OPERATIONS WITH SALES,SALES,ALL CLASSES,00000000,ZIP CODE,,99775,2024-11-07 12:00:00.000,,ALL PRODUCTION PRACTICES,CROPS,9000,ALASKA,,02,,00,,00,1,AK,99775,YEAR,02,,UNITED STATES,,OPERATIONS,2022,,TOTAL,ALL UTILIZATION PRACTICES,,ANNUAL
CROP TOTALS,,NOT SPECIFIED,CROP TOTALS,CENSUS,CROP TOTALS - OPERATIONS WITH SALES,SALES,ALL CLASSES,00000000,ZIP CODE,,99775,2012-01-01 00:00:00.000,,ALL PRODUCTION PRACTICES,CROPS,9000,ALASKA,,02,,00,,00,1,AK,99775,YEAR,02,,UNITED STATES,,OPERATIONS,2007,,TOTAL,ALL UTILIZATION PRACTICES,,ANNUAL
CROP TOTALS,,NOT SPECIFIED,CROP TOTALS,CENSUS,CROP TOTALS - OPERATIONS WITH SALES,SALES,ALL CLASSES,00000000,ZIP CODE,,99780,2024-11-07 12:00:00.000,,ALL PRODUCTION PRACTICES,CROPS,9000,ALASKA,,02,,00,,00,1,AK,99780,YEAR,02,,UNITED STATES,,OPERATIONS,2022,,TOTAL,ALL UTILIZATION PRACTICES,,ANNUAL
CROP TOTALS,,NOT SPECIFIED,CROP TOTALS,CENSUS,CROP TOTALS - OPERATIONS WITH SALES,SALES,ALL CLASSES,00000000,ZIP CODE,,99780,2018-02-01 12:00:00.000,,ALL PRODUCTION PRACTICES,CROPS,9000,ALASKA,,02,,00,,00,1,AK,99780,YEAR,02,,UNITED STATES,,OPERATIONS,2017,,TOTAL,ALL UTILIZATION PRACTICES,,ANNUAL
CROP TOTALS,,NOT SPECIFIED,CROP TOTALS,CENSUS,CROP TOTALS - OPERATIONS WITH SALES,SALES,ALL CLASSES,00000000,ZIP CODE,,99801,2024-11-07 12:00:00.000,,ALL PRODUCTION PRACTICES,CROPS,9000,ALASKA,,02,,00,,00,12,AK,99801,YEAR,02,,UNITED STATES,,OPERATIONS,2022,,TOTAL,ALL UTILIZATION PRACTICES,,ANNUAL
CROP TOTALS,,NOT SPECIFIED,CROP TOTALS,CENSUS,CROP TOTALS - OPERATIONS WITH SALES,SALES,ALL CLASSES,00000000,ZIP CODE,,99801,2018-02-01 12:00:00.000,,ALL PRODUCTION PRACTICES,CROPS,9000,ALASKA,,02,,00,,00,4,AK,99801,YEAR,02,,UNITED STATES,,OPERATIONS,2017,,TOTAL,ALL UTILIZATION PRACTICES,,ANNUAL
CROP TOTALS,,NOT SPECIFIED,CROP TOTALS,CENSUS,CROP TOTALS - OPERATIONS WITH SALES,SALES,ALL CLASSES,00000000,ZIP CODE,,99801,2012-01-01 00:00:00.000,,ALL PRODUCTION PRACTICES,CROPS,9000,ALASKA,,02,,00,,00,2,AK,99801,YEAR,02,,UNITED STATES,,OPERATIONS,2007,,TOTAL,ALL UTILIZATION PRACTICES,,ANNUAL
CROP TOTALS,,NOT SPECIFIED,CROP TOTALS,CENSUS,CROP TOTALS - OPERATIONS WITH SALES,SALES,ALL CLASSES,00000000,ZIP CODE,,99802,2024-11-07 12:00:00.000,,ALL PRODUCTION PRACTICES,CROPS,9000,ALASKA,,02,,00,,00,3,AK,99802,YEAR,02,,UNITED STATES,,OPERATIONS,2022,,TOTAL,ALL UTILIZATION PRACTICES,,ANNUAL
CROP TOTALS,,NOT SPECIFIED,CROP TOTALS,CENSUS,CROP TOTALS - OPERATIONS WITH SALES,SALES,ALL CLASSES,00000000,ZIP CODE,,99803,2024-11-07 12:00:00.000,,ALL PRODUCTION PRACTICES,CROPS,9000,ALASKA,,02,,00,,00,2,AK,99803,YEAR,02,,UNITED STATES,,OPERATIONS,2022,,TOTAL,ALL UTILIZATION PRACTICES,,ANNUAL
CROP TOTALS,,NOT SPECIFIED,CROP TOTALS,CENSUS,CROP TOTALS - OPERATIONS WITH SALES,SALES,ALL CLASSES,00000000,ZIP CODE,,99803,2018-02-01 12:00:00.000,,ALL PRODUCTION PRACTICES,CROPS,9000,ALASKA,,02,,00,,00,2,AK,99803,YEAR,02,,UNITED STATES,,OPERATIONS,2017,,TOTAL,ALL UTILIZATION PRACTICES,,ANNUAL
CROP TOTALS,,NOT SPECIFIED,CROP TOTALS,CENSUS,CROP TOTALS - OPERATIONS WITH SALES,SALES,ALL CLASSES,00000000,ZIP CODE,,99803,2012-01-01 00:00:00.000,,ALL PRODUCTION PRACTICES,CROPS,9000,ALASKA,,02,,00,,00,1,AK,99803,YEAR,02,,UNITED STATES,,OPERATIONS,2007,,TOTAL,ALL UTILIZATION PRACTICES,,ANNUAL
CROP TOTALS,,NOT SPECIFIED,CROP TOTALS,CENSUS,CROP TOTALS - OPERATIONS WITH SALES,SALES,ALL CLASSES,00000000,ZIP CODE,,99821,2024-11-07 12:00:00.000,,ALL PRODUCTION PRACTICES,CROPS,9000,ALASKA,,02,,00,,00,2,AK,99821,YEAR,02,,UNITED STATES,,OPERATIONS,2022,,TOTAL,ALL UTILIZATION PRACTICES,,ANNUAL
CROP TOTALS,,NOT SPECIFIED,CROP TOTALS,CENSUS,CROP TOTALS - OPERATIONS WITH SALES,SALES,ALL CLASSES,00000000,ZIP CODE,,99821,2018-02-01 12:00:00.000,,ALL PRODUCTION PRACTICES,CROPS,9000,ALASKA,,02,,00,,00,1,AK,99821,YEAR,02,,UNITED STATES,,OPERATIONS,2017,,TOTAL,ALL UTILIZATION PRACTICES,,ANNUAL
CROP TOTALS,,NOT SPECIFIED,CROP TOTALS,CENSUS,CROP TOTALS - OPERATIONS WITH SALES,SALES,ALL CLASSES,00000000,ZIP CODE,,99821,2012-01-01 00:00:00.000,,ALL PRODUCTION PRACTICES,CROPS,9000,ALASKA,,02,,00,,00,1,AK,99821,YEAR,02,,UNITED STATES,,OPERATIONS,2007,,TOTAL,ALL UTILIZATION PRACTICES,,ANNUAL
CROP TOTALS,,NOT SPECIFIED,CROP TOTALS,CENSUS,CROP TOTALS - OPERATIONS WITH SALES,SALES,ALL CLASSES,00000000,ZIP CODE,,99824,2024-11-07 12:00:00.000,,ALL PRODUCTION PRACTICES,CROPS,9000,ALASKA,,02,,00,,00,1,AK,99824,YEAR,02,,UNITED STATES,,OPERATIONS,2022,,TOTAL,ALL UTILIZATION PRACTICES,,ANNUAL
CROP TOTALS,,NOT SPECIFIED,CROP TOTALS,CENSUS,CROP TOTALS - OPERATIONS WITH SALES,SALES,ALL CLASSES,00000000,ZIP CODE,,99826,2024-11-07 12:00:00.000,,ALL PRODUCTION PRACTICES,CROPS,9000,ALASKA,,02,,00,,00,2,AK,99826,YEAR,02,,UNITED STATES,,OPERATIONS,2022,,TOTAL,ALL UTILIZATION PRACTICES,,ANNUAL
CROP TOTALS,,NOT SPECIFIED,CROP TOTALS,CENSUS,CROP TOTALS - OPERATIONS WITH SALES,SALES,ALL CLASSES,00000000,ZIP CODE,,99827,2024-11-07 12:00:00.000,,ALL PRODUCTION PRACTICES,CROPS,9000,ALASKA,,02,,00,,00,10,AK,99827,YEAR,02,,UNITED STATES,,OPERATIONS,2022,,TOTAL,ALL UTILIZATION PRACTICES,,ANNUAL
CROP TOTALS,,NOT SPECIFIED,CROP TOTALS,CENSUS,CROP TOTALS - OPERATIONS WITH SALES,SALES,ALL CLASSES,00000000,ZIP CODE,,99827,2018-02-01 12:00:00.000,,ALL PRODUCTION PRACTICES,CROPS,9000,ALASKA,,02,,00,,00,7,AK,99827,YEAR,02,,UNITED STATES,,OPERATIONS,2017,,TOTAL,ALL UTILIZATION PRACTICES,,ANNUAL
CROP TOTALS,,NOT SPECIFIED,CROP TOTALS,CENSUS,CROP TOTALS - OPERATIONS WITH SALES,SALES,ALL CLASSES,00000000,ZIP CODE,,99827,2012-01-01 00:00:00.000,,ALL PRODUCTION PRACTICES,CROPS,9000,ALASKA,,02,,00,,00,2,AK,99827,YEAR,02,,UNITED STATES,,OPERATIONS,2007,,TOTAL,ALL UTILIZATION PRACTICES,,ANNUAL
CROP TOTALS,,NOT SPECIFIED,CROP TOTALS,CENSUS,CROP TOTALS - OPERATIONS WITH SALES,SALES,ALL CLASSES,00000000,ZIP CODE,,99832,2024-11-07 12:00:00.000,,ALL PRODUCTION PRACTICES,CROPS,9000,ALASKA,,02,,00,,00,1,AK,99832,YEAR,02,,UNITED STATES,,OPERATIONS,2022,,TOTAL,ALL UTILIZATION PRACTICES,,ANNUAL
CROP TOTALS,,NOT SPECIFIED,CROP TOTALS,CENSUS,CROP TOTALS - OPERATIONS WITH SALES,SALES,ALL CLASSES,00000000,ZIP CODE,,99833,2024-11-07 12:00:00.000,,ALL PRODUCTION PRACTICES,CROPS,9000,ALASKA,,02,,00,,00,2,AK,99833,YEAR,02,,UNITED STATES,,OPERATIONS,2022,,TOTAL,ALL UTILIZATION PRACTICES,,ANNUAL
CROP TOTALS,,NOT SPECIFIED,CROP TOTALS,CENSUS,CROP TOTALS - OPERATIONS WITH SALES,SALES,ALL CLASSES,00000000,ZIP CODE,,99833,2018-02-01 12:00:00.000,,ALL PRODUCTION PRACTICES,CROPS,9000,ALASKA,,02,,00,,00,4,AK,99833,YEAR,02,,UNITED STATES,,OPERATIONS,2017,,TOTAL,ALL UTILIZATION PRACTICES,,ANNUAL
CROP TOTALS,,NOT SPECIFIED,CROP TOTALS,CENSUS,CROP TOTALS - OPERATIONS WITH SALES,SALES,ALL CLASSES,00000000,ZIP CODE,,99833,2012-01-01 00:00:00.000,,ALL PRODUCTION PRACTICES,CROPS,9000,ALASKA,,02,,00,,00,2,AK,99833,YEAR,02,,UNITED STATES,,OPERATIONS,2007,,TOTAL,ALL UTILIZATION PRACTICES,,ANNUAL
CROP TOTALS,,NOT SPECIFIED,CROP TOTALS,CENSUS,CROP TOTALS - OPERATIONS WITH SALES,SALES,ALL CLASSES,00000000,ZIP CODE,,99835,2024-11-07 12:00:00.000,,ALL PRODUCTION PRACTICES,CROPS,9000,ALASKA,,02,,00,,00,4,AK,99835,YEAR,02,,UNITED STATES,,OPERATIONS,2022,,TOTAL,ALL UTILIZATION PRACTICES,,ANNUAL
CROP TOTALS,,NOT SPECIFIED,CROP TOTALS,CENSUS,CROP TOTALS - OPERATIONS WITH SALES,SALES,ALL CLASSES,00000000,ZIP CODE,,99835,2018-02-01 12:00:00.000,,ALL PRODUCTION PRACTICES,CROPS,9000,ALASKA,,02,,00,,00,2,AK,99835,YEAR,02,,UNITED STATES,,OPERATIONS,2017,,TOTAL,ALL UTILIZATION PRACTICES,,ANNUAL
CROP TOTALS,,NOT SPECIFIED,CROP TOTALS,CENSUS,CROP TOTALS - OPERATIONS WITH SALES,SALES,ALL CLASSES,00000000,ZIP CODE,,99840,2024-11-07 12:00:00.000,,ALL PRODUCTION PRACTICES,CROPS,9000,ALASKA,,02,,00,,00,2,AK,99840,YEAR,02,,UNITED STATES,,OPERATIONS,2022,,TOTAL,ALL UTILIZATION PRACTICES,,ANNUAL
CROP TOTALS,,NOT SPECIFIED,CROP TOTALS,CENSUS,CROP TOTALS - OPERATIONS WITH SALES,SALES,ALL CLASSES,00000000,ZIP CODE,,99840,2018-02-01 12:00:00.000,,ALL PRODUCTION PRACTICES,CROPS,9000,ALASKA,,02,,00,,00,1,AK,99840,YEAR,02,,UNITED STATES,,OPERATIONS,2017,,TOTAL,ALL UTILIZATION PRACTICES,,ANNUAL
CROP TOTALS,,NOT SPECIFIED,CROP TOTALS,CENSUS,CROP TOTALS - OPERATIONS WITH SALES,SALES,ALL CLASSES,00000000,ZIP CODE,,99840,2012-01-01 00:00:00.000,,ALL PRODUCTION PRACTICES,CROPS,9000,ALASKA,,02,,00,,00,1,AK,99840,YEAR,02,,UNITED STATES,,OPERATIONS,2007,,TOTAL,ALL UTILIZATION PRACTICES,,ANNUAL
CROP TOTALS,,NOT SPECIFIED,CROP TOTALS,CENSUS,CROP TOTALS - OPERATIONS WITH SALES,SALES,ALL CLASSES,00000000,ZIP CODE,,99841,2024-11-07 12:00:00.000,,ALL PRODUCTION PRACTICES,CROPS,9000,ALASKA,,02,,00,,00,2,AK,99841,YEAR,02,,UNITED STATES,,OPERATIONS,2022,,TOTAL,ALL UTILIZATION PRACTICES,,ANNUAL
CROP TOTALS,,NOT SPECIFIED,CROP TOTALS,CENSUS,CROP TOTALS - OPERATIONS WITH SALES,SALES,ALL CLASSES,00000000,ZIP CODE,,99841,2018-02-01 12:00:00.000,,ALL PRODUCTION PRACTICES,CROPS,9000,ALASKA,,02,,00,,00,1,AK,99841,YEAR,02,,UNITED STATES,,OPERATIONS,2017,,TOTAL,ALL UTILIZATION PRACTICES,,ANNUAL
CROP TOTALS,,NOT SPECIFIED,CROP TOTALS,CENSUS,CROP TOTALS - OPERATIONS WITH SALES,SALES,ALL CLASSES,00000000,ZIP CODE,,99901,2024-11-07 12:00:00.000,,ALL PRODUCTION PRACTICES,CROPS,9000,ALASKA,,02,,00,,00,1,AK,99901,YEAR,02,,UNITED STATES,,OPERATIONS,2022,,TOTAL,ALL UTILIZATION PRACTICES,,ANNUAL
CROP TOTALS,,NOT SPECIFIED,CROP TOTALS,CENSUS,CROP TOTALS - OPERATIONS WITH SALES,SALES,ALL CLASSES,00000000,ZIP CODE,,99901,2018-02-01 12:00:00.000,,ALL PRODUCTION PRACTICES,CROPS,9000,ALASKA,,02,,00,,00,1,AK,99901,YEAR,02,,UNITED STATES,,OPERATIONS,2017,,TOTAL,ALL UTILIZATION PRACTICES,,ANNUAL
CROP TOTALS,,NOT SPECIFIED,CROP TOTALS,CENSUS,CROP TOTALS - OPERATIONS WITH SALES,SALES,ALL CLASSES,00000000,ZIP CODE,,99919,2024-11-07 12:00:00.000,,ALL PRODUCTION PRACTICES,CROPS,9000,ALASKA,,02,,00,,00,2,AK,99919,YEAR,02,,UNITED STATES,,OPERATIONS,2022,,TOTAL,ALL UTILIZATION PRACTICES,,ANNUAL
CROP TOTALS,,NOT SPECIFIED,CROP TOTALS,CENSUS,CROP TOTALS - OPERATIONS WITH SALES,SALES,ALL CLASSES,00000000,ZIP CODE,,99919,2018-02-01 12:00:00.000,,ALL PRODUCTION PRACTICES,CROPS,9000,ALASKA,,02,,00,,00,2,AK,99919,YEAR,02,,UNITED STATES,,OPERATIONS,2017,,TOTAL,ALL UTILIZATION PRACTICES,,ANNUAL
CROP TOTALS,,NOT SPECIFIED,CROP TOTALS,CENSUS,CROP TOTALS - OPERATIONS WITH SALES,SALES,ALL CLASSES,00000000,ZIP CODE,,99921,2024-11-07 12:00:00.000,,ALL PRODUCTION PRACTICES,CROPS,9000,ALASKA,,02,,00,,00,1,AK,99921,YEAR,02,,UNITED STATES,,OPERATIONS,2022,,TOTAL,ALL UTILIZATION PRACTICES,,ANNUAL
CROP TOTALS,,NOT SPECIFIED,CROP TOTALS,CENSUS,CROP TOTALS - OPERATIONS WITH SALES,SALES,ALL CLASSES,00000000,ZIP CODE,,99921,2018-02-01 12:00:00.000,,ALL PRODUCTION PRACTICES,CROPS,9000,ALASKA,,02,,00,,00,1,AK,99921,YEAR,02,,UNITED STATES,,OPERATIONS,2017,,TOTAL,ALL UTILIZATION PRACTICES,,ANNUAL
CROP TOTALS,,NOT SPECIFIED,CROP TOTALS,CENSUS,CROP TOTALS - OPERATIONS WITH SALES,SALES,ALL CLASSES,00000000,ZIP CODE,,99928,2012-01-01 00:00:00.000,,ALL PRODUCTION PRACTICES,CROPS,9000,ALASKA,,02,,00,,00,1,AK,99928,YEAR,02,,UNITED STATES,,OPERATIONS,2007,,TOTAL,ALL UTILIZATION PRACTICES,,ANNUAL
CROP TOTALS,,NOT SPECIFIED,CROP TOTALS,CENSUS,CROP TOTALS - OPERATIONS WITH SALES,SALES,ALL CLASSES,00000000,ZIP CODE,,99929,2024-11-07 12:00:00.000,,ALL PRODUCTION PRACTICES,CROPS,9000,ALASKA,,02,,00,,00,5,AK,99929,YEAR,02,,UNITED STATES,,OPERATIONS,2022,,TOTAL,ALL UTILIZATION PRACTICES,,ANNUAL
CROP TOTALS,,NOT SPECIFIED,CROP TOTALS,CENSUS,CROP TOTALS - OPERATIONS WITH SALES,SALES,ALL CLASSES,00000000,ZIP CODE,,99929,2018-02-01 12:00:00.000,,ALL PRODUCTION PRACTICES,CROPS,9000,ALASKA,,02,,00,,00,1,AK,99929,YEAR,02,,UNITED STATES,,OPERATIONS,2017,,TOTAL,ALL UTILIZATION PRACTICES,,ANNUAL
CROP TOTALS,,NOT SPECIFIED,CROP TOTALS,CENSUS,CROP TOTALS - OPERATIONS WITH SALES,SALES,ALL CLASSES,00000000,ZIP CODE,,99950,2024-11-07 12:00:00.000,,ALL PRODUCTION PRACTICES,CROPS,9000,ALASKA,,02,,00,,00,2,AK,99950,YEAR,02,,UNITED STATES,,OPERATIONS,2022,,TOTAL,ALL UTILIZATION PRACTICES,,ANNUAL
CROP TOTALS,,NOT SPECIFIED,CROP TOTALS,CENSUS,CROP TOTALS - OPERATIONS WITH SALES,SALES,ALL CLASSES,00000000,ZIP CODE,,99999,2024-11-07 12:00:00.000,,ALL PRODUCTION PRACTICES,CROPS,9000,ALASKA,,02,,00,,00,28,AK,99999,YEAR,02,,UNITED STATES,,OPERATIONS,2022,,TOTAL,ALL UTILIZATION PRACTICES,,ANNUAL
CROP TOTALS,,NOT SPECIFIED,CROP TOTALS,CENSUS,CROP TOTALS - OPERATIONS WITH SALES,SALES,ALL CLASSES,00000000,ZIP CODE,,99999,2012-01-01 00:00:00.000,,ALL PRODUCTION PRACTICES,CROPS,9000,ALASKA,,02,,00,,00,1,AK,99999,YEAR,02,,UNITED STATES,,OPERATIONS,2007,,TOTAL,ALL UTILIZATION PRACTICES,,ANNUAL
CROP TOTALS,0.1,NOT SPECIFIED,CROP TOTALS,CENSUS,"CROP TOTALS - SALES, MEASURED IN PCT OF FARM OPERATIONS",SALES,ALL CLASSES,00000000,STATE,,,2024-07-02 12:00:00.000,,ALL PRODUCTION PRACTICES,CROPS,9000,ALASKA,,02,,00,,00,65.5,AK,ALASKA,YEAR,02,,UNITED STATES,,PCT OF FARM OPERATIONS,2022,,TOTAL,ALL UTILIZATION PRACTICES,,ANNUAL
CROP TOTALS,0.9,NOT SPECIFIED,CROP TOTALS,CENSUS,"CROP TOTALS - SALES, MEASURED IN PCT OF FARM OPERATIONS",SALES,ALL CLASSES,00000000,STATE,,,2018-02-01 00:00:00.000,,ALL PRODUCTION PRACTICES,CROPS,9000,ALASKA,,02,,00,,00,65.5,AK,ALASKA,YEAR,02,,UNITED STATES,,PCT OF FARM OPERATIONS,2017,,TOTAL,ALL UTILIZATION PRACTICES,,ANNUAL
CROP TOTALS,1.7,NOT SPECIFIED,CROP TOTALS,CENSUS,"CROP TOTALS - SALES, MEASURED IN PCT OF FARM OPERATIONS",SALES,ALL CLASSES,00000000,STATE,,,2012-12-31 00:00:00.000,,ALL PRODUCTION PRACTICES,CROPS,9000,ALASKA,,02,,00,,00,61.8,AK,ALASKA,YEAR,02,,UNITED STATES,,PCT OF FARM OPERATIONS,2012,,TOTAL,ALL UTILIZATION PRACTICES,,ANNUAL
CROP TOTALS,(L),NOT SPECIFIED,CROP TOTALS,CENSUS,"CROP TOTALS - SALES, MEASURED IN PCT OF FARM SALES",SALES,ALL CLASSES,00000000,STATE,,,2024-07-02 12:00:00.000,,ALL PRODUCTION PRACTICES,CROPS,9000,ALASKA,,02,,00,,00,43.7,AK,ALASKA,YEAR,02,,UNITED STATES,,PCT OF FARM SALES,2022,,TOTAL,ALL UTILIZATION PRACTICES,,ANNUAL
CROP TOTALS,0.2,NOT SPECIFIED,CROP TOTALS,CENSUS,"CROP TOTALS - SALES, MEASURED IN PCT OF FARM SALES",SALES,ALL CLASSES,00000000,STATE,,,2018-02-01 00:00:00.000,,ALL PRODUCTION PRACTICES,CROPS,9000,ALASKA,,02,,00,,00,42.1,AK,ALASKA,YEAR,02,,UNITED STATES,,PCT OF FARM SALES,2017,,TOTAL,ALL UTILIZATION PRACTICES,,ANNUAL
CROP TOTALS,0.8,NOT SPECIFIED,CROP TOTALS,CENSUS,"CROP TOTALS - SALES, MEASURED IN PCT OF FARM SALES",SALES,ALL CLASSES,00000000,STATE,,,2012-12-31 00:00:00.000,,ALL PRODUCTION PRACTICES,CROPS,9000,ALASKA,,02,,00,,00,42.2,AK,ALASKA,YEAR,02,,UNITED STATES,,PCT OF FARM SALES,2012,,TOTAL,ALL UTILIZATION PRACTICES,,ANNUAL
CROP TOTALS,,NOT SPECIFIED,CROP TOTALS,CENSUS,"CROP TOTALS - SALES, MEASURED IN PCT OF FARM SALES",SALES,ALL CLASSES,00000000,STATE,,,2012-01-01 00:00:00.000,,ALL PRODUCTION PRACTICES,CROPS,9000,ALASKA,,02,,00,,00,43.4,AK,ALASKA,YEAR,02,,UNITED STATES,,PCT OF FARM SALES,2007,,TOTAL,ALL UTILIZATION PRACTICES,,ANNUAL
CROP TOTALS,,NOT SPECIFIED,CROP TOTALS,CENSUS,"CROP TOTALS - SALES, MEASURED IN PCT OF FARM SALES",SALES,ALL CLASSES,00000000,STATE,,,2012-01-01 00:00:00.000,,ALL PRODUCTION PRACTICES,CROPS,9000,ALASKA,,02,,00,,00,44.5,AK,ALASKA,YEAR,02,,UNITED STATES,,PCT OF FARM SALES,2002,,TOTAL,ALL UTILIZATION PRACTICES,,ANNUAL
CROP TOTALS,,ORGANIC STATUS: (NOP STANDARDS),CROP TOTALS,CENSUS,"CROP TOTALS, ORGANIC - SALES, MEASURED IN $",SALES,ALL CLASSES,00000000,COUNTY,,,2012-01-01 00:00:00.000,TANANA VALLEY,ORGANIC,CROPS,9000,ALASKA,FAIRBANKS NORTH STAR,02,,00,090,00,"274,000",AK,"ALASKA, TANANA VALLEY, FAIRBANKS NORTH STAR",YEAR,02,,UNITED STATES,10,$,2007,,ORGANIC STATUS,ALL UTILIZATION PRACTICES,,ANNUAL
CROP TOTALS,,ORGANIC STATUS: (NOP STANDARDS),CROP TOTALS,CENSUS,"CROP TOTALS, ORGANIC - SALES, MEASURED IN $",SALES,ALL CLASSES,00000000,COUNTY,,,2012-01-01 00:00:00.000,MATANUSKA-SUSITNA-ANCHORAGE,ORGANIC,CROPS,9000,ALASKA,ANCHORAGE,02,,00,020,00,                 (D),AK,"ALASKA, MATANUSKA-SUSITNA-ANCHORAGE, ANCHORAGE",YEAR,02,,UNITED STATES,20,$,2007,,ORGANIC STATUS,ALL UTILIZATION PRACTICES,,ANNUAL
CROP TOTALS,,ORGANIC STATUS: (NOP STANDARDS),CROP TOTALS,CENSUS,"CROP TOTALS, ORGANIC - SALES, MEASURED IN $",SALES,ALL CLASSES,00000000,COUNTY,,,2012-01-01 00:00:00.000,KENAI PENINSULA,ORGANIC,CROPS,9000,ALASKA,KENAI PENINSULA,02,,00,122,00,                 (D),AK,"ALASKA, KENAI PENINSULA, KENAI PENINSULA",YEAR,02,,UNITED STATES,30,$,2007,,ORGANIC STATUS,ALL UTILIZATION PRACTICES,,ANNUAL
CROP TOTALS,,ORGANIC STATUS: (NOP STANDARDS),CROP TOTALS,CENSUS,"CROP TOTALS, ORGANIC - SALES, MEASURED IN $",SALES,ALL CLASSES,00000000,COUNTY,,,2012-01-01 00:00:00.000,SOUTHEAST,ORGANIC,CROPS,9000,ALASKA,JUNEAU,02,,00,110,00,                 (D),AK,"ALASKA, SOUTHEAST, JUNEAU",YEAR,02,,UNITED STATES,40,$,2007,,ORGANIC STATUS,ALL UTILIZATION PRACTICES,,ANNUAL
CROP TOTALS,,ORGANIC STATUS: (NOP STANDARDS),CROP TOTALS,CENSUS,"CROP TOTALS, ORGANIC - SALES, MEASURED IN $",SALES,ALL CLASSES,00000000,STATE,,,2012-01-01 00:00:00.000,,ORGANIC,CROPS,9000,ALASKA,,02,,00,,00,"671,000",AK,ALASKA,YEAR,02,,UNITED STATES,,$,2007,,ORGANIC STATUS,ALL UTILIZATION PRACTICES,,ANNUAL
CROP TOTALS,(D),ORGANIC STATUS: (NOP USDA CERTIFIED & EXEMPT),CROP TOTALS,CENSUS,"CROP TOTALS, ORGANIC - SALES, MEASURED IN $",SALES,ALL CLASSES,00000000,STATE,,,2015-01-31 00:00:00.000,,ORGANIC,CROPS,9000,ALASKA,,02,,00,,00,                 (D),AK,ALASKA,YEAR,02,,UNITED STATES,,$,2014,,ORGANIC STATUS,ALL UTILIZATION PRACTICES,,ANNUAL
CROP TOTALS,,ORGANIC STATUS: (NOP USDA CERTIFIED & EXEMPT),CROP TOTALS,CENSUS,"CROP TOTALS, ORGANIC - SALES, MEASURED IN $",SALES,ALL CLASSES,00000000,STATE,,,2012-01-01 00:00:00.000,,ORGANIC,CROPS,9000,ALASKA,,02,,00,,00,                 (D),AK,ALASKA,YEAR,02,,UNITED STATES,,$,2008,,ORGANIC STATUS,ALL UTILIZATION PRACTICES,,ANNUAL
CROP TOTALS,(D),ORGANIC STATUS: (NOP USDA CERTIFIED),CROP TOTALS,CENSUS,"CROP TOTALS, ORGANIC - SALES, MEASURED IN $",SALES,ALL CLASSES,00000000,STATE,,,2022-12-15 12:00:00.000,,ORGANIC,CROPS,9000,ALASKA,,02,,00,,00,                 (D),AK,ALASKA,YEAR,02,,UNITED STATES,,$,2021,,ORGANIC STATUS,ALL UTILIZATION PRACTICES,,ANNUAL
CROP TOTALS,(D),ORGANIC STATUS: (NOP USDA CERTIFIED),CROP TOTALS,CENSUS,"CROP TOTALS, ORGANIC - SALES, MEASURED IN $",SALES,ALL CLASSES,00000000,STATE,,,2018-02-01 00:00:00.000,,ORGANIC,CROPS,9000,ALASKA,,02,,00,,00,                 (D),AK,ALASKA,YEAR,02,,UNITED STATES,,$,2019,,ORGANIC STATUS,ALL UTILIZATION PRACTICES,,ANNUAL
CROP TOTALS,(D),ORGANIC STATUS: (NOP USDA CERTIFIED),CROP TOTALS,CENSUS,"CROP TOTALS, ORGANIC - SALES, MEASURED IN $",SALES,ALL CLASSES,00000000,STATE,,,2016-01-31 00:00:00.000,,ORGANIC,CROPS,9000,ALASKA,,02,,00,,00,                 (D),AK,ALASKA,YEAR,02,,UNITED STATES,,$,2016,,ORGANIC STATUS,ALL UTILIZATION PRACTICES,,ANNUAL
CROP TOTALS,(D),ORGANIC STATUS: (NOP USDA CERTIFIED),CROP TOTALS,CENSUS,"CROP TOTALS, ORGANIC - SALES, MEASURED IN $",SALES,ALL CLASSES,00000000,STATE,,,2015-01-31 00:00:00.000,,ORGANIC,CROPS,9000,ALASKA,,02,,00,,00,                 (D),AK,ALASKA,YEAR,02,,UNITED STATES,,$,2015,,ORGANIC STATUS,ALL UTILIZATION PRACTICES,,ANNUAL
CROP TOTALS,,ORGANIC STATUS: (NOP USDA CERTIFIED),CROP TOTALS,CENSUS,"CROP TOTALS, ORGANIC - SALES, MEASURED IN $",SALES,ALL CLASSES,00000000,STATE,,,2012-12-31 00:00:00.000,,ORGANIC,CROPS,9000,ALASKA,,02,,00,,00,"596,678",AK,ALASKA,YEAR,02,,UNITED STATES,,$,2011,,ORGANIC STATUS,ALL UTILIZATION PRACTICES,,ANNUAL
CROP TOTALS,,"ORGANIC STATUS: (NOP STANDARDS) AND SALES: (50,000 OR MORE $)",CROP TOTALS,CENSUS,"CROP TOTALS, ORGANIC - SALES, MEASURED IN $",SALES,ALL CLASSES,00000000,STATE,,,2012-01-01 00:00:00.000,,ORGANIC,CROPS,9000,ALASKA,,02,,00,,00,"505,000",AK,ALASKA,YEAR,02,,UNITED STATES,,$,2007,,ORGANIC STATUS AND SALES,ALL UTILIZATION PRACTICES,,ANNUAL
CROP TOTALS,,"ORGANIC STATUS: (NOP STANDARDS) AND SALES: (LESS THAN 50,000 $)",CROP TOTALS,CENSUS,"CROP TOTALS, ORGANIC - SALES, MEASURED IN $",SALES,ALL CLASSES,00000000,STATE,,,2012-01-01 00:00:00.000,,ORGANIC,CROPS,9000,ALASKA,,02,,00,,00,"166,000",AK,ALASKA,YEAR,02,,UNITED STATES,,$,2007,,ORGANIC STATUS AND SALES,ALL UTILIZATION PRACTICES,,ANNUAL
CROP TOTALS,,ORGANIC STATUS: (NOP STANDARDS),CROP TOTALS,CENSUS,"CROP TOTALS, ORGANIC - OPERATIONS WITH SALES",SALES,ALL CLASSES,00000000,COUNTY,,,2012-01-01 00:00:00.000,TANANA VALLEY,ORGANIC,CROPS,9000,ALASKA,FAIRBANKS NORTH STAR,02,,00,090,00,11,AK,"ALASKA, TANANA VALLEY, FAIRBANKS NORTH STAR",YEAR,02,,UNITED STATES,10,OPERATIONS,2007,,ORGANIC STATUS,ALL UTILIZATION PRACTICES,,ANNUAL
CROP TOTALS,,ORGANIC STATUS: (NOP STANDARDS),CROP TOTALS,CENSUS,"CROP TOTALS, ORGANIC - OPERATIONS WITH SALES",SALES,ALL CLASSES,00000000,COUNTY,,,2012-01-01 00:00:00.000,MATANUSKA-SUSITNA-ANCHORAGE,ORGANIC,CROPS,9000,ALASKA,ANCHORAGE,02,,00,020,00,15,AK,"ALASKA, MATANUSKA-SUSITNA-ANCHORAGE, ANCHORAGE",YEAR,02,,UNITED STATES,20,OPERATIONS,2007,,ORGANIC STATUS,ALL UTILIZATION PRACTICES,,ANNUAL
CROP TOTALS,,ORGANIC STATUS: (NOP STANDARDS),CROP TOTALS,CENSUS,"CROP TOTALS, ORGANIC - OPERATIONS WITH SALES",SALES,ALL CLASSES,00000000,COUNTY,,,2012-01-01 00:00:00.000,KENAI PENINSULA,ORGANIC,CROPS,9000,ALASKA,KENAI PENINSULA,02,,00,122,00,2,AK,"ALASKA, KENAI PENINSULA, KENAI PENINSULA",YEAR,02,,UNITED STATES,30,OPERATIONS,2007,,ORGANIC STATUS,ALL UTILIZATION PRACTICES,,ANNUAL
CROP TOTALS,,ORGANIC STATUS: (NOP STANDARDS),CROP TOTALS,CENSUS,"CROP TOTALS, ORGANIC - OPERATIONS WITH SALES",SALES,ALL CLASSES,00000000,COUNTY,,,2012-01-01 00:00:00.000,SOUTHEAST,ORGANIC,CROPS,9000,ALASKA,JUNEAU,02,,00,110,00,2,AK,"ALASKA, SOUTHEAST, JUNEAU",YEAR,02,,UNITED STATES,40,OPERATIONS,2007,,ORGANIC STATUS,ALL UTILIZATION PRACTICES,,ANNUAL
CROP TOTALS,,ORGANIC STATUS: (NOP STANDARDS),CROP TOTALS,CENSUS,"CROP TOTALS, ORGANIC - OPERATIONS WITH SALES",SALES,ALL CLASSES,00000000,STATE,,,2012-01-01 00:00:00.000,,ORGANIC,CROPS,9000,ALASKA,,02,,00,,00,30,AK,ALASKA,YEAR,02,,UNITED STATES,,OPERATIONS,2007,,ORGANIC STATUS,ALL UTILIZATION PRACTICES,,ANNUAL
CROP TOTALS,5.8,ORGANIC STATUS: (NOP USDA CERTIFIED & EXEMPT),CROP TOTALS,CENSUS,"CROP TOTALS, ORGANIC - OPERATIONS WITH SALES",SALES,ALL CLASSES,00000000,STATE,,,2015-01-31 00:00:00.000,,ORGANIC,CROPS,9000,ALASKA,,02,,00,,00,17,AK,ALASKA,YEAR,02,,UNITED STATES,,OPERATIONS,2014,,ORGANIC STATUS,ALL UTILIZATION PRACTICES,,ANNUAL
CROP TOTALS,,ORGANIC STATUS: (NOP USDA CERTIFIED & EXEMPT),CROP TOTALS,CENSUS,"CROP TOTALS, ORGANIC - OPERATIONS WITH SALES",SALES,ALL CLASSES,00000000,STATE,,,2012-01-01 00:00:00.000,,ORGANIC,CROPS,9000,ALASKA,,02,,00,,00,15,AK,ALASKA,YEAR,02,,UNITED STATES,,OPERATIONS,2008,,ORGANIC STATUS,ALL UTILIZATION PRACTICES,,ANNUAL
CROP TOTALS,52.1,ORGANIC STATUS: (NOP USDA CERTIFIED),CROP TOTALS,CENSUS,"CROP TOTALS, ORGANIC - OPERATIONS WITH SALES",SALES,ALL CLASSES,00000000,STATE,,,2022-12-15 12:00:00.000,,ORGANIC,CROPS,9000,ALASKA,,02,,00,,00,9,AK,ALASKA,YEAR,02,,UNITED STATES,,OPERATIONS,2021,,ORGANIC STATUS,ALL UTILIZATION PRACTICES,,ANNUAL
CROP TOTALS,5.8,ORGANIC STATUS: (NOP USDA CERTIFIED),CROP TOTALS,CENSUS,"CROP TOTALS, ORGANIC - OPERATIONS WITH SALES",SALES,ALL CLASSES,00000000,STATE,,,2018-02-01 00:00:00.000,,ORGANIC,CROPS,9000,ALASKA,,02,,00,,00,7,AK,ALASKA,YEAR,02,,UNITED STATES,,OPERATIONS,2019,,ORGANIC STATUS,ALL UTILIZATION PRACTICES,,ANNUAL
CROP TOTALS,1.5,ORGANIC STATUS: (NOP USDA CERTIFIED),CROP TOTALS,CENSUS,"CROP TOTALS, ORGANIC - OPERATIONS WITH SALES",SALES,ALL CLASSES,00000000,STATE,,,2016-01-31 00:00:00.000,,ORGANIC,CROPS,9000,ALASKA,,02,,00,,00,7,AK,ALASKA,YEAR,02,,UNITED STATES,,OPERATIONS,2016,,ORGANIC STATUS,ALL UTILIZATION PRACTICES,,ANNUAL
CROP TOTALS,7.0,ORGANIC STATUS: (NOP USDA CERTIFIED),CROP TOTALS,CENSUS,"CROP TOTALS, ORGANIC - OPERATIONS WITH SALES",SALES,ALL CLASSES,00000000,STATE,,,2015-01-31 00:00:00.000,,ORGANIC,CROPS,9000,ALASKA,,02,,00,,00,3,AK,ALASKA,YEAR,02,,UNITED STATES,,OPERATIONS,2015,,ORGANIC STATUS,ALL UTILIZATION PRACTICES,,ANNUAL
CROP TOTALS,,ORGANIC STATUS: (NOP USDA CERTIFIED),CROP TOTALS,CENSUS,"CROP TOTALS, ORGANIC - OPERATIONS WITH SALES",SALES,ALL CLASSES,00000000,STATE,,,2012-12-31 00:00:00.000,,ORGANIC,CROPS,9000,ALASKA,,02,,00,,00,4,AK,ALASKA,YEAR,02,,UNITED STATES,,OPERATIONS,2011,,ORGANIC STATUS,ALL UTILIZATION PRACTICES,,ANNUAL
CROP TOTALS,,"ORGANIC STATUS: (NOP STANDARDS) AND SALES: (50,000 OR MORE $)",CROP TOTALS,CENSUS,"CROP TOTALS, ORGANIC - OPERATIONS WITH SALES",SALES,ALL CLASSES,00000000,STATE,,,2012-01-01 00:00:00.000,,ORGANIC,CROPS,9000,ALASKA,,02,,00,,00,6,AK,ALASKA,YEAR,02,,UNITED STATES,,OPERATIONS,2007,,ORGANIC STATUS AND SALES,ALL UTILIZATION PRACTICES,,ANNUAL
CROP TOTALS,,"ORGANIC STATUS: (NOP STANDARDS) AND SALES: (LESS THAN 50,000 $)",CROP TOTALS,CENSUS,"CROP TOTALS, ORGANIC - OPERATIONS WITH SALES",SALES,ALL CLASSES,00000000,STATE,,,2012-01-01 00:00:00.000,,ORGANIC,CROPS,9000,ALASKA,,02,,00,,00,24,AK,ALASKA,YEAR,02,,UNITED STATES,,OPERATIONS,2007,,ORGANIC STATUS AND SALES,ALL UTILIZATION PRACTICES,,ANNUAL
CROP TOTALS,68.1,ORGANIC STATUS: (NOP USDA CERTIFIED),CROP TOTALS,CENSUS,"CROP TOTALS, ORGANIC, LOSS DUE TO GMO MATERIAL, NONE - OPERATIONS WITH LOSS",LOSS,ALL CLASSES,00000000,STATE,,,2022-12-15 12:00:00.000,,"ORGANIC, LOSS DUE TO GMO MATERIAL, NONE",CROPS,9000,ALASKA,,02,,00,,00,7,AK,ALASKA,YEAR,02,,UNITED STATES,,OPERATIONS,2021,,ORGANIC STATUS,ALL UTILIZATION PRACTICES,,ANNUAL
CROP TOTALS,4.1,ORGANIC STATUS: (NOP USDA CERTIFIED),CROP TOTALS,CENSUS,"CROP TOTALS, ORGANIC, LOSS DUE TO GMO MATERIAL, NONE - OPERATIONS WITH LOSS",LOSS,ALL CLASSES,00000000,STATE,,,2018-02-01 00:00:00.000,,"ORGANIC, LOSS DUE TO GMO MATERIAL, NONE",CROPS,9000,ALASKA,,02,,00,,00,4,AK,ALASKA,YEAR,02,,UNITED STATES,,OPERATIONS,2019,,ORGANIC STATUS,ALL UTILIZATION PRACTICES,,ANNUAL
CROP TOTALS,95.2,ORGANIC STATUS: (NOP USDA CERTIFIED),CROP TOTALS,CENSUS,"CROP TOTALS, ORGANIC, LOSS DUE TO GMO MATERIAL, UNKNOWN - OPERATIONS WITH LOSS",LOSS,ALL CLASSES,00000000,STATE,,,2022-12-15 12:00:00.000,,"ORGANIC, LOSS DUE TO GMO MATERIAL, UNKNOWN",CROPS,9000,ALASKA,,02,,00,,00,2,AK,ALASKA,YEAR,02,,UNITED STATES,,OPERATIONS,2021,,ORGANIC STATUS,ALL UTILIZATION PRACTICES,,ANNUAL
CROP TOTALS,9.7,ORGANIC STATUS: (NOP USDA CERTIFIED),CROP TOTALS,CENSUS,"CROP TOTALS, ORGANIC, LOSS DUE TO GMO MATERIAL, UNKNOWN - OPERATIONS WITH LOSS",LOSS,ALL CLASSES,00000000,STATE,,,2018-02-01 00:00:00.000,,"ORGANIC, LOSS DUE TO GMO MATERIAL, UNKNOWN",CROPS,9000,ALASKA,,02,,00,,00,4,AK,ALASKA,YEAR,02,,UNITED STATES,,OPERATIONS,2019,,ORGANIC STATUS,ALL UTILIZATION PRACTICES,,ANNUAL
CROP TOTALS,52.1,ORGANIC STATUS: (NOP USDA CERTIFIED),CROP TOTALS,CENSUS,"CROP TOTALS, ORGANIC, LOSS DUE TO NON-NOP PESTICIDES, NONE - OPERATIONS WITH LOSS",LOSS,ALL CLASSES,00000000,STATE,,,2022-12-15 12:00:00.000,,"ORGANIC, LOSS DUE TO NON-NOP PESTICIDES, NONE",CROPS,9000,ALASKA,,02,,00,,00,9,AK,ALASKA,YEAR,02,,UNITED STATES,,OPERATIONS,2021,,ORGANIC STATUS,ALL UTILIZATION PRACTICES,,ANNUAL
CROP TOTALS,5.8,ORGANIC STATUS: (NOP USDA CERTIFIED),CROP TOTALS,CENSUS,"CROP TOTALS, ORGANIC, LOSS DUE TO NON-NOP PESTICIDES, NONE - OPERATIONS WITH LOSS",LOSS,ALL CLASSES,00000000,STATE,,,2018-02-01 00:00:00.000,,"ORGANIC, LOSS DUE TO NON-NOP PESTICIDES, NONE",CROPS,9000,ALASKA,,02,,00,,00,8,AK,ALASKA,YEAR,02,,UNITED STATES,,OPERATIONS,2019,,ORGANIC STATUS,ALL UTILIZATION PRACTICES,,ANNUAL
CROP TOTALS,,NOT SPECIFIED,CROP TOTALS,SURVEY,"CROP TOTALS, (EXCL HORTICULTURE) - PRODUCTION, MEASURED IN $",PRODUCTION,(EXCL HORTICULTURE),00000000,STATE,,,2025-02-26 15:00:00.000,,ALL PRODUCTION PRACTICES,CROPS,9000,ALASKA,,02,,00,,00,"13,900,000",AK,ALASKA,YEAR,02,,UNITED STATES,,$,2023,,TOTAL,ALL UTILIZATION PRACTICES,,ANNUAL
CROP TOTALS,,NOT SPECIFIED,CROP TOTALS,SURVEY,"CROP TOTALS, (EXCL HORTICULTURE) - PRODUCTION, MEASURED IN $",PRODUCTION,(EXCL HORTICULTURE),00000000,STATE,,,2024-02-16 15:00:00.000,,ALL PRODUCTION PRACTICES,CROPS,9000,ALASKA,,02,,00,,00,"9,776,000",AK,ALASKA,YEAR,02,,UNITED STATES,,$,2022,,TOTAL,ALL UTILIZATION PRACTICES,,ANNUAL
CROP TOTALS,,NOT SPECIFIED,CROP TOTALS,SURVEY,"CROP TOTALS, (EXCL HORTICULTURE) - PRODUCTION, MEASURED IN $",PRODUCTION,(EXCL HORTICULTURE),00000000,STATE,,,2024-02-16 15:00:00.000,,ALL PRODUCTION PRACTICES,CROPS,9000,ALASKA,,02,,00,,00,"11,293,000",AK,ALASKA,YEAR,02,,UNITED STATES,,$,2021,,TOTAL,ALL UTILIZATION PRACTICES,,ANNUAL
CROP TOTALS,,NOT SPECIFIED,CROP TOTALS,SURVEY,"CROP TOTALS, (EXCL HORTICULTURE) - PRODUCTION, MEASURED IN $",PRODUCTION,(EXCL HORTICULTURE),00000000,STATE,,,2024-02-16 15:00:00.000,,ALL PRODUCTION PRACTICES,CROPS,9000,ALASKA,,02,,00,,00,"9,977,000",AK,ALASKA,YEAR,02,,UNITED STATES,,$,2020,,TOTAL,ALL UTILIZATION PRACTICES,,ANNUAL
CROP TOTALS,,NOT SPECIFIED,CROP TOTALS,SURVEY,"CROP TOTALS, (EXCL HORTICULTURE) - PRODUCTION, MEASURED IN $",PRODUCTION,(EXCL HORTICULTURE),00000000,STATE,,,2024-02-16 15:00:00.000,,ALL PRODUCTION PRACTICES,CROPS,9000,ALASKA,,02,,00,,00,"11,138,000",AK,ALASKA,YEAR,02,,UNITED STATES,,$,2019,,TOTAL,ALL UTILIZATION PRACTICES,,ANNUAL
CROP TOTALS,,NOT SPECIFIED,CROP TOTALS,SURVEY,"CROP TOTALS, (EXCL HORTICULTURE) - PRODUCTION, MEASURED IN $",PRODUCTION,(EXCL HORTICULTURE),00000000,STATE,,,2024-02-16 15:00:00.000,,ALL PRODUCTION PRACTICES,CROPS,9000,ALASKA,,02,,00,,00,"15,991,000",AK,ALASKA,YEAR,02,,UNITED STATES,,$,2018,,TOTAL,ALL UTILIZATION PRACTICES,,ANNUAL
