year,unit_desc,region_desc,util_practice_desc,domain_desc,freq_desc,congr_district_code,location_desc,state_fips_code,state_alpha,reference_period_desc,county_ansi,country_name,asd_code,end_code,Value,county_name,state_ansi,week_ending,county_code,begin_code,load_time,sector_desc,asd_desc,prodn_practice_desc,state_name,country_code,class_desc,watershed_code,watershed_desc,agg_level_desc,zip_5,source_desc,short_desc,statisticcat_desc,commodity_desc,CV (%),domaincat_desc,group_desc
2022,$,,ALL UTILIZATION PRACTICES,IRRIGATION STATUS,ANNUAL,,DELAWARE,10,DE,YEAR,,UNITED STATES,,00,"394,613,000",,10,,,00,2024-07-02 12:00:00.000,CROPS,,ALL PRODUCTION PRACTICES,DELAWARE,9000,ALL CLASSES,00000000,,STATE,,CENSUS,"CROP TOTALS - SALES, MEASURED IN $",SALES,CROP TOTALS,4.2,IRRIGATION STATUS: (ANY ON OPERATION),CROP TOTALS
2017,$,,ALL UTILIZATION PRACTICES,IRRIGATION STATUS,ANNUAL,,DELAWARE,10,DE,YEAR,,UNITED STATES,,00,"272,828,000",,10,,,00,2018-02-01 00:00:00.000,CROPS,,ALL PRODUCTION PRACTICES,DELAWARE,9000,ALL CLASSES,00000000,,STATE,,CENSUS,"CROP TOTALS - SALES, MEASURED IN $",SALES,CROP TOTALS,5.5,IRRIGATION STATUS: (ANY ON OPERATION),CROP TOTALS
2012,$,,ALL UTILIZATION PRACTICES,IRRIGATION STATUS,ANNUAL,,DELAWARE,10,DE,YEAR,,UNITED STATES,,00,"339,896,000",,10,,,00,2012-12-31 00:00:00.000,CROPS,,ALL PRODUCTION PRACTICES,DELAWARE,9000,ALL CLASSES,00000000,,STATE,,CENSUS,"CROP TOTALS - SALES, MEASURED IN $",SALES,CROP TOTALS,11.0,IRRIGATION STATUS: (ANY ON OPERATION),CROP TOTALS
2007,$,,ALL UTILIZATION PRACTICES,IRRIGATION STATUS,ANNUAL,,DELAWARE,10,DE,YEAR,,UNITED STATES,,00,"169,441,000",,10,,,00,2012-01-01 00:00:00.000,CROPS,,ALL PRODUCTION PRACTICES,DELAWARE,9000,ALL CLASSES,00000000,,STATE,,CENSUS,"CROP TOTALS - SALES, MEASURED IN $",SALES,CROP TOTALS,,IRRIGATION STATUS: (ANY ON OPERATION),CROP TOTALS
2002,$,,ALL UTILIZATION PRACTICES,IRRIGATION STATUS,ANNUAL,,DELAWARE,10,DE,YEAR,,UNITED STATES,,00,"118,549,000",,10,,,00,2012-01-01 00:00:00.000,CROPS,,ALL PRODUCTION PRACTICES,DELAWARE,9000,ALL CLASSES,00000000,,STATE,,CENSUS,"CROP TOTALS - SALES, MEASURED IN $",SALES,CROP TOTALS,,IRRIGATION STATUS: (ANY ON OPERATION),CROP TOTALS
1997,$,,ALL UTILIZATION PRACTICES,IRRIGATION STATUS,ANNUAL,,DELAWARE,10,DE,YEAR,,UNITED STATES,,00,"116,504,000",,10,,,00,2012-01-01 00:00:00.000,CROPS,,ALL PRODUCTION PRACTICES,DELAWARE,9000,ALL CLASSES,00000000,,STATE,,CENSUS,"CROP TOTALS - SALES, MEASURED IN $",SALES,CROP TOTALS,,IRRIGATION STATUS: (ANY ON OPERATION),CROP TOTALS
2022,$,,ALL UTILIZATION PRACTICES,IRRIGATION STATUS,ANNUAL,,DELAWARE,10,DE,YEAR,,UNITED STATES,,00,"26,275,000",,10,,,00,2024-07-02 12:00:00.000,CROPS,,ALL PRODUCTION PRACTICES,DELAWARE,9000,ALL CLASSES,00000000,,STATE,,CENSUS,"CROP TOTALS - SALES, MEASURED IN $",SALES,CROP TOTALS,2.6,IRRIGATION STATUS: (HARVESTED CROPLAND IS ENTIRELY IRRIGATED),CROP TOTALS
2017,$,,ALL UTILIZATION PRACTICES,IRRIGATION STATUS,ANNUAL,,DELAWARE,10,DE,YEAR,,UNITED STATES,,00,"36,949,000",,10,,,00,2018-02-01 00:00:00.000,CROPS,,ALL PRODUCTION PRACTICES,DELAWARE,9000,ALL CLASSES,00000000,,STATE,,CENSUS,"CROP TOTALS - SALES, MEASURED IN $",SALES,CROP TOTALS,15.4,IRRIGATION STATUS: (HARVESTED CROPLAND IS ENTIRELY IRRIGATED),CROP TOTALS
2012,$,,ALL UTILIZATION PRACTICES,IRRIGATION STATUS,ANNUAL,,DELAWARE,10,DE,YEAR,,UNITED STATES,,00,"16,966,000",,10,,,00,2012-12-31 00:00:00.000,CROPS,,ALL PRODUCTION PRACTICES,DELAWARE,9000,ALL CLASSES,00000000,,STATE,,CENSUS,"CROP TOTALS - SALES, MEASURED IN $",SALES,CROP TOTALS,9.3,IRRIGATION STATUS: (HARVESTED CROPLAND IS ENTIRELY IRRIGATED),CROP TOTALS
2007,$,,ALL UTILIZATION PRACTICES,IRRIGATION STATUS,ANNUAL,,DELAWARE,10,DE,YEAR,,UNITED STATES,,00,"24,784,000",,10,,,00,2012-01-01 00:00:00.000,CROPS,,ALL PRODUCTION PRACTICES,DELAWARE,9000,ALL CLASSES,00000000,,STATE,,CENSUS,"CROP TOTALS - SALES, MEASURED IN $",SALES,CROP TOTALS,,IRRIGATION STATUS: (HARVESTED CROPLAND IS ENTIRELY IRRIGATED),CROP TOTALS
2002,$,,ALL UTILIZATION PRACTICES,IRRIGATION STATUS,ANNUAL,,DELAWARE,10,DE,YEAR,,UNITED STATES,,00,"24,945,000",,10,,,00,2012-01-01 00:00:00.000,CROPS,,ALL PRODUCTION PRACTICES,DELAWARE,9000,ALL CLASSES,00000000,,STATE,,CENSUS,"CROP TOTALS - SALES, MEASURED IN $",SALES,CROP TOTALS,,IRRIGATION STATUS: (HARVESTED CROPLAND IS ENTIRELY IRRIGATED),CROP TOTALS
1997,$,,ALL UTILIZATION PRACTICES,IRRIGATION STATUS,ANNUAL,,DELAWARE,10,DE,YEAR,,UNITED STATES,,00,"17,172,000",,10,,,00,2012-01-01 00:00:00.000,CROPS,,ALL PRODUCTION PRACTICES,DELAWARE,9000,ALL CLASSES,00000000,,STATE,,CENSUS,"CROP TOTALS - SALES, MEASURED IN $",SALES,CROP TOTALS,,IRRIGATION STATUS: (HARVESTED CROPLAND IS ENTIRELY IRRIGATED),CROP TOTALS
2022,$,,ALL UTILIZATION PRACTICES,IRRIGATION STATUS,ANNUAL,,DELAWARE,10,DE,YEAR,,UNITED STATES,,00,"76,087,000",,10,,,00,2024-07-02 12:00:00.000,CROPS,,ALL PRODUCTION PRACTICES,DELAWARE,9000,ALL CLASSES,00000000,,STATE,,CENSUS,"CROP TOTALS - SALES, MEASURED IN $",SALES,CROP TOTALS,6.2,IRRIGATION STATUS: (NONE ON OPERATION),CROP TOTALS
2017,$,,ALL UTILIZATION PRACTICES,IRRIGATION STATUS,ANNUAL,,DELAWARE,10,DE,YEAR,,UNITED STATES,,00,"52,828,000",,10,,,00,2018-02-01 00:00:00.000,CROPS,,ALL PRODUCTION PRACTICES,DELAWARE,9000,ALL CLASSES,00000000,,STATE,,CENSUS,"CROP TOTALS - SALES, MEASURED IN $",SALES,CROP TOTALS,15.9,IRRIGATION STATUS: (NONE ON OPERATION),CROP TOTALS
2012,$,,ALL UTILIZATION PRACTICES,IRRIGATION STATUS,ANNUAL,,DELAWARE,10,DE,YEAR,,UNITED STATES,,00,"89,142,000",,10,,,00,2012-12-31 00:00:00.000,CROPS,,ALL PRODUCTION PRACTICES,DELAWARE,9000,ALL CLASSES,00000000,,STATE,,CENSUS,"CROP TOTALS - SALES, MEASURED IN $",SALES,CROP TOTALS,14.1,IRRIGATION STATUS: (NONE ON OPERATION),CROP TOTALS
2007,$,,ALL UTILIZATION PRACTICES,IRRIGATION STATUS,ANNUAL,,DELAWARE,10,DE,YEAR,,UNITED STATES,,00,"41,194,000",,10,,,00,2012-01-01 00:00:00.000,CROPS,,ALL PRODUCTION PRACTICES,DELAWARE,9000,ALL CLASSES,00000000,,STATE,,CENSUS,"CROP TOTALS - SALES, MEASURED IN $",SALES,CROP TOTALS,,IRRIGATION STATUS: (NONE ON OPERATION),CROP TOTALS
2002,$,,ALL UTILIZATION PRACTICES,IRRIGATION STATUS,ANNUAL,,DELAWARE,10,DE,YEAR,,UNITED STATES,,00,"31,856,000",,10,,,00,2012-01-01 00:00:00.000,CROPS,,ALL PRODUCTION PRACTICES,DELAWARE,9000,ALL CLASSES,00000000,,STATE,,CENSUS,"CROP TOTALS - SALES, MEASURED IN $",SALES,CROP TOTALS,,IRRIGATION STATUS: (NONE ON OPERATION),CROP TOTALS
1997,$,,ALL UTILIZATION PRACTICES,IRRIGATION STATUS,ANNUAL,,DELAWARE,10,DE,YEAR,,UNITED STATES,,00,"59,852,000",,10,,,00,2012-01-01 00:00:00.000,CROPS,,ALL PRODUCTION PRACTICES,DELAWARE,9000,ALL CLASSES,00000000,,STATE,,CENSUS,"CROP TOTALS - SALES, MEASURED IN $",SALES,CROP TOTALS,,IRRIGATION STATUS: (NONE ON OPERATION),CROP TOTALS
2022,$,,ALL UTILIZATION PRACTICES,NAICS CLASSIFICATION,ANNUAL,,DELAWARE,10,DE,YEAR,,UNITED STATES,,00,"396,179,000",,10,,,00,2024-07-02 12:00:00.000,CROPS,,ALL PRODUCTION PRACTICES,DELAWARE,9000,ALL CLASSES,00000000,,STATE,,CENSUS,"CROP TOTALS - SALES, MEASURED IN $",SALES,CROP TOTALS,4.1,NAICS CLASSIFICATION: (111),CROP TOTALS
2017,$,,ALL UTILIZATION PRACTICES,NAICS CLASSIFICATION,ANNUAL,,DELAWARE,10,DE,YEAR,,UNITED STATES,,00,"275,077,000",,10,,,00,2018-02-01 00:00:00.000,CROPS,,ALL PRODUCTION PRACTICES,DELAWARE,9000,ALL CLASSES,00000000,,STATE,,CENSUS,"CROP TOTALS - SALES, MEASURED IN $",SALES,CROP TOTALS,6.5,NAICS CLASSIFICATION: (111),CROP TOTALS
2012,$,,ALL UTILIZATION PRACTICES,NAICS CLASSIFICATION,ANNUAL,,DELAWARE,10,DE,YEAR,,UNITED STATES,,00,"377,580,000",,10,,,00,2012-12-31 00:00:00.000,CROPS,,ALL PRODUCTION PRACTICES,DELAWARE,9000,ALL CLASSES,00000000,,STATE,,CENSUS,"CROP TOTALS - SALES, MEASURED IN $",SALES,CROP TOTALS,8.8,NAICS CLASSIFICATION: (111),CROP TOTALS
2007,$,,ALL UTILIZATION PRACTICES,NAICS CLASSIFICATION,ANNUAL,,DELAWARE,10,DE,YEAR,,UNITED STATES,,00,"171,550,000",,10,,,00,2012-01-01 00:00:00.000,CROPS,,ALL PRODUCTION PRACTICES,DELAWARE,9000,ALL CLASSES,00000000,,STATE,,CENSUS,"CROP TOTALS - SALES, MEASURED IN $",SALES,CROP TOTALS,,NAICS CLASSIFICATION: (111),CROP TOTALS
2002,$,,ALL UTILIZATION PRACTICES,NAICS CLASSIFICATION,ANNUAL,,DELAWARE,10,DE,YEAR,,UNITED STATES,,00,"126,625,000",,10,,,00,2012-01-01 00:00:00.000,CROPS,,ALL PRODUCTION PRACTICES,DELAWARE,9000,ALL CLASSES,00000000,,STATE,,CENSUS,"CROP TOTALS - SALES, MEASURED IN $",SALES,CROP TOTALS,,NAICS CLASSIFICATION: (111),CROP TOTALS
2022,$,,ALL UTILIZATION PRACTICES,NAICS CLASSIFICATION,ANNUAL,,DELAWARE,10,DE,YEAR,,UNITED STATES,,00,"266,158,000",,10,,,00,2024-07-02 12:00:00.000,CROPS,,ALL PRODUCTION PRACTICES,DELAWARE,9000,ALL CLASSES,00000000,,STATE,,CENSUS,"CROP TOTALS - SALES, MEASURED IN $",SALES,CROP TOTALS,6.4,NAICS CLASSIFICATION: (1111),CROP TOTALS
2017,$,,ALL UTILIZATION PRACTICES,NAICS CLASSIFICATION,ANNUAL,,DELAWARE,10,DE,YEAR,,UNITED STATES,,00,"186,233,000",,10,,,00,2018-02-01 00:00:00.000,CROPS,,ALL PRODUCTION PRACTICES,DELAWARE,9000,ALL CLASSES,00000000,,STATE,,CENSUS,"CROP TOTALS - SALES, MEASURED IN $",SALES,CROP TOTALS,9.1,NAICS CLASSIFICATION: (1111),CROP TOTALS
2012,$,,ALL UTILIZATION PRACTICES,NAICS CLASSIFICATION,ANNUAL,,DELAWARE,10,DE,YEAR,,UNITED STATES,,00,"303,622,000",,10,,,00,2012-12-31 00:00:00.000,CROPS,,ALL PRODUCTION PRACTICES,DELAWARE,9000,ALL CLASSES,00000000,,STATE,,CENSUS,"CROP TOTALS - SALES, MEASURED IN $",SALES,CROP TOTALS,10.2,NAICS CLASSIFICATION: (1111),CROP TOTALS
2007,$,,ALL UTILIZATION PRACTICES,NAICS CLASSIFICATION,ANNUAL,,DELAWARE,10,DE,YEAR,,UNITED STATES,,00,"81,369,000",,10,,,00,2012-01-01 00:00:00.000,CROPS,,ALL PRODUCTION PRACTICES,DELAWARE,9000,ALL CLASSES,00000000,,STATE,,CENSUS,"CROP TOTALS - SALES, MEASURED IN $",SALES,CROP TOTALS,,NAICS CLASSIFICATION: (1111),CROP TOTALS
2002,$,,ALL UTILIZATION PRACTICES,NAICS CLASSIFICATION,ANNUAL,,DELAWARE,10,DE,YEAR,,UNITED STATES,,00,"49,450,000",,10,,,00,2012-01-01 00:00:00.000,CROPS,,ALL PRODUCTION PRACTICES,DELAWARE,9000,ALL CLASSES,00000000,,STATE,,CENSUS,"CROP TOTALS - SALES, MEASURED IN $",SALES,CROP TOTALS,,NAICS CLASSIFICATION: (1111),CROP TOTALS
2022,$,,ALL UTILIZATION PRACTICES,NAICS CLASSIFICATION,ANNUAL,,DELAWARE,10,DE,YEAR,,UNITED STATES,,00,"10,900,000",,10,,,00,2024-07-02 12:00:00.000,CROPS,,ALL PRODUCTION PRACTICES,DELAWARE,9000,ALL CLASSES,00000000,,STATE,,CENSUS,"CROP TOTALS - SALES, MEASURED IN $",SALES,CROP TOTALS,18.3,NAICS CLASSIFICATION: (11111),CROP TOTALS
2017,$,,ALL UTILIZATION PRACTICES,NAICS CLASSIFICATION,ANNUAL,,DELAWARE,10,DE,YEAR,,UNITED STATES,,00,                 (D),,10,,,00,2018-02-01 00:00:00.000,CROPS,,ALL PRODUCTION PRACTICES,DELAWARE,9000,ALL CLASSES,00000000,,STATE,,CENSUS,"CROP TOTALS - SALES, MEASURED IN $",SALES,CROP TOTALS,(D),NAICS CLASSIFICATION: (11111),CROP TOTALS
2012,$,,ALL UTILIZATION PRACTICES,NAICS CLASSIFICATION,ANNUAL,,DELAWARE,10,DE,YEAR,,UNITED STATES,,00,                 (D),,10,,,00,2012-12-31 00:00:00.000,CROPS,,ALL PRODUCTION PRACTICES,DELAWARE,9000,ALL CLASSES,00000000,,STATE,,CENSUS,"CROP TOTALS - SALES, MEASURED IN $",SALES,CROP TOTALS,(D),NAICS CLASSIFICATION: (11111),CROP TOTALS
2007,$,,ALL UTILIZATION PRACTICES,NAICS CLASSIFICATION,ANNUAL,,DELAWARE,10,DE,YEAR,,UNITED STATES,,00,"7,755,000",,10,,,00,2012-01-01 00:00:00.000,CROPS,,ALL PRODUCTION PRACTICES,DELAWARE,9000,ALL CLASSES,00000000,,STATE,,CENSUS,"CROP TOTALS - SALES, MEASURED IN $",SALES,CROP TOTALS,,NAICS CLASSIFICATION: (11111),CROP TOTALS
2002,$,,ALL UTILIZATION PRACTICES,NAICS CLASSIFICATION,ANNUAL,,DELAWARE,10,DE,YEAR,,UNITED STATES,,00,                 (D),,10,,,00,2012-01-01 00:00:00.000,CROPS,,ALL PRODUCTION PRACTICES,DELAWARE,9000,ALL CLASSES,00000000,,STATE,,CENSUS,"CROP TOTALS - SALES, MEASURED IN $",SALES,CROP TOTALS,,NAICS CLASSIFICATION: (11111),CROP TOTALS
2022,$,,ALL UTILIZATION PRACTICES,NAICS CLASSIFICATION,ANNUAL,,DELAWARE,10,DE,YEAR,,UNITED STATES,,00,"172,000",,10,,,00,2024-07-02 12:00:00.000,CROPS,,ALL PRODUCTION PRACTICES,DELAWARE,9000,ALL CLASSES,00000000,,STATE,,CENSUS,"CROP TOTALS - SALES, MEASURED IN $",SALES,CROP TOTALS,24.8,NAICS CLASSIFICATION: (11114),CROP TOTALS
2017,$,,ALL UTILIZATION PRACTICES,NAICS CLASSIFICATION,ANNUAL,,DELAWARE,10,DE,YEAR,,UNITED STATES,,00,                 (D),,10,,,00,2018-02-01 00:00:00.000,CROPS,,ALL PRODUCTION PRACTICES,DELAWARE,9000,ALL CLASSES,00000000,,STATE,,CENSUS,"CROP TOTALS - SALES, MEASURED IN $",SALES,CROP TOTALS,(D),NAICS CLASSIFICATION: (11114),CROP TOTALS
2012,$,,ALL UTILIZATION PRACTICES,NAICS CLASSIFICATION,ANNUAL,,DELAWARE,10,DE,YEAR,,UNITED STATES,,00,                 (D),,10,,,00,2012-12-31 00:00:00.000,CROPS,,ALL PRODUCTION PRACTICES,DELAWARE,9000,ALL CLASSES,00000000,,STATE,,CENSUS,"CROP TOTALS - SALES, MEASURED IN $",SALES,CROP TOTALS,(D),NAICS CLASSIFICATION: (11114),CROP TOTALS
2007,$,,ALL UTILIZATION PRACTICES,NAICS CLASSIFICATION,ANNUAL,,DELAWARE,10,DE,YEAR,,UNITED STATES,,00,"715,000",,10,,,00,2012-01-01 00:00:00.000,CROPS,,ALL PRODUCTION PRACTICES,DELAWARE,9000,ALL CLASSES,00000000,,STATE,,CENSUS,"CROP TOTALS - SALES, MEASURED IN $",SALES,CROP TOTALS,,NAICS CLASSIFICATION: (11114),CROP TOTALS
2002,$,,ALL UTILIZATION PRACTICES,NAICS CLASSIFICATION,ANNUAL,,DELAWARE,10,DE,YEAR,,UNITED STATES,,00,                 (D),,10,,,00,2012-01-01 00:00:00.000,CROPS,,ALL PRODUCTION PRACTICES,DELAWARE,9000,ALL CLASSES,00000000,,STATE,,CENSUS,"CROP TOTALS - SALES, MEASURED IN $",SALES,CROP TOTALS,,NAICS CLASSIFICATION: (11114),CROP TOTALS
2022,$,,ALL UTILIZATION PRACTICES,NAICS CLASSIFICATION,ANNUAL,,DELAWARE,10,DE,YEAR,,UNITED STATES,,00,"171,162,000",,10,,,00,2024-07-02 12:00:00.000,CROPS,,ALL PRODUCTION PRACTICES,DELAWARE,9000,ALL CLASSES,00000000,,STATE,,CENSUS,"CROP TOTALS - SALES, MEASURED IN $",SALES,CROP TOTALS,10.0,NAICS CLASSIFICATION: (11115),CROP TOTALS
2017,$,,ALL UTILIZATION PRACTICES,NAICS CLASSIFICATION,ANNUAL,,DELAWARE,10,DE,YEAR,,UNITED STATES,,00,"100,703,000",,10,,,00,2018-02-01 00:00:00.000,CROPS,,ALL PRODUCTION PRACTICES,DELAWARE,9000,ALL CLASSES,00000000,,STATE,,CENSUS,"CROP TOTALS - SALES, MEASURED IN $",SALES,CROP TOTALS,10.5,NAICS CLASSIFICATION: (11115),CROP TOTALS
2012,$,,ALL UTILIZATION PRACTICES,NAICS CLASSIFICATION,ANNUAL,,DELAWARE,10,DE,YEAR,,UNITED STATES,,00,"117,605,000",,10,,,00,2012-12-31 00:00:00.000,CROPS,,ALL PRODUCTION PRACTICES,DELAWARE,9000,ALL CLASSES,00000000,,STATE,,CENSUS,"CROP TOTALS - SALES, MEASURED IN $",SALES,CROP TOTALS,18.6,NAICS CLASSIFICATION: (11115),CROP TOTALS
2007,$,,ALL UTILIZATION PRACTICES,NAICS CLASSIFICATION,ANNUAL,,DELAWARE,10,DE,YEAR,,UNITED STATES,,00,"37,687,000",,10,,,00,2012-01-01 00:00:00.000,CROPS,,ALL PRODUCTION PRACTICES,DELAWARE,9000,ALL CLASSES,00000000,,STATE,,CENSUS,"CROP TOTALS - SALES, MEASURED IN $",SALES,CROP TOTALS,,NAICS CLASSIFICATION: (11115),CROP TOTALS
2002,$,,ALL UTILIZATION PRACTICES,NAICS CLASSIFICATION,ANNUAL,,DELAWARE,10,DE,YEAR,,UNITED STATES,,00,"18,316,000",,10,,,00,2012-01-01 00:00:00.000,CROPS,,ALL PRODUCTION PRACTICES,DELAWARE,9000,ALL CLASSES,00000000,,STATE,,CENSUS,"CROP TOTALS - SALES, MEASURED IN $",SALES,CROP TOTALS,,NAICS CLASSIFICATION: (11115),CROP TOTALS
2022,$,,ALL UTILIZATION PRACTICES,NAICS CLASSIFICATION,ANNUAL,,DELAWARE,10,DE,YEAR,,UNITED STATES,,00,"83,924,000",,10,,,00,2024-07-02 12:00:00.000,CROPS,,ALL PRODUCTION PRACTICES,DELAWARE,9000,ALL CLASSES,00000000,,STATE,,CENSUS,"CROP TOTALS - SALES, MEASURED IN $",SALES,CROP TOTALS,6.1,NAICS CLASSIFICATION: (11119),CROP TOTALS
2017,$,,ALL UTILIZATION PRACTICES,NAICS CLASSIFICATION,ANNUAL,,DELAWARE,10,DE,YEAR,,UNITED STATES,,00,"62,203,000",,10,,,00,2018-02-01 00:00:00.000,CROPS,,ALL PRODUCTION PRACTICES,DELAWARE,9000,ALL CLASSES,00000000,,STATE,,CENSUS,"CROP TOTALS - SALES, MEASURED IN $",SALES,CROP TOTALS,9.8,NAICS CLASSIFICATION: (11119),CROP TOTALS
2012,$,,ALL UTILIZATION PRACTICES,NAICS CLASSIFICATION,ANNUAL,,DELAWARE,10,DE,YEAR,,UNITED STATES,,00,"165,800,000",,10,,,00,2012-12-31 00:00:00.000,CROPS,,ALL PRODUCTION PRACTICES,DELAWARE,9000,ALL CLASSES,00000000,,STATE,,CENSUS,"CROP TOTALS - SALES, MEASURED IN $",SALES,CROP TOTALS,12.1,NAICS CLASSIFICATION: (11119),CROP TOTALS
2007,$,,ALL UTILIZATION PRACTICES,NAICS CLASSIFICATION,ANNUAL,,DELAWARE,10,DE,YEAR,,UNITED STATES,,00,"35,212,000",,10,,,00,2012-01-01 00:00:00.000,CROPS,,ALL PRODUCTION PRACTICES,DELAWARE,9000,ALL CLASSES,00000000,,STATE,,CENSUS,"CROP TOTALS - SALES, MEASURED IN $",SALES,CROP TOTALS,,NAICS CLASSIFICATION: (11119),CROP TOTALS
2002,$,,ALL UTILIZATION PRACTICES,NAICS CLASSIFICATION,ANNUAL,,DELAWARE,10,DE,YEAR,,UNITED STATES,,00,"17,417,000",,10,,,00,2012-01-01 00:00:00.000,CROPS,,ALL PRODUCTION PRACTICES,DELAWARE,9000,ALL CLASSES,00000000,,STATE,,CENSUS,"CROP TOTALS - SALES, MEASURED IN $",SALES,CROP TOTALS,,NAICS CLASSIFICATION: (11119),CROP TOTALS
2022,$,,ALL UTILIZATION PRACTICES,NAICS CLASSIFICATION,ANNUAL,,DELAWARE,10,DE,YEAR,,UNITED STATES,,00,"82,137,000",,10,,,00,2024-07-02 12:00:00.000,CROPS,,ALL PRODUCTION PRACTICES,DELAWARE,9000,ALL CLASSES,00000000,,STATE,,CENSUS,"CROP TOTALS - SALES, MEASURED IN $",SALES,CROP TOTALS,1.9,NAICS CLASSIFICATION: (1112),CROP TOTALS
2017,$,,ALL UTILIZATION PRACTICES,NAICS CLASSIFICATION,ANNUAL,,DELAWARE,10,DE,YEAR,,UNITED STATES,,00,"54,611,000",,10,,,00,2018-02-01 00:00:00.000,CROPS,,ALL PRODUCTION PRACTICES,DELAWARE,9000,ALL CLASSES,00000000,,STATE,,CENSUS,"CROP TOTALS - SALES, MEASURED IN $",SALES,CROP TOTALS,8.4,NAICS CLASSIFICATION: (1112),CROP TOTALS
2012,$,,ALL UTILIZATION PRACTICES,NAICS CLASSIFICATION,ANNUAL,,DELAWARE,10,DE,YEAR,,UNITED STATES,,00,"48,710,000",,10,,,00,2012-12-31 00:00:00.000,CROPS,,ALL PRODUCTION PRACTICES,DELAWARE,9000,ALL CLASSES,00000000,,STATE,,CENSUS,"CROP TOTALS - SALES, MEASURED IN $",SALES,CROP TOTALS,2.7,NAICS CLASSIFICATION: (1112),CROP TOTALS
2007,$,,ALL UTILIZATION PRACTICES,NAICS CLASSIFICATION,ANNUAL,,DELAWARE,10,DE,YEAR,,UNITED STATES,,00,"67,579,000",,10,,,00,2012-01-01 00:00:00.000,CROPS,,ALL PRODUCTION PRACTICES,DELAWARE,9000,ALL CLASSES,00000000,,STATE,,CENSUS,"CROP TOTALS - SALES, MEASURED IN $",SALES,CROP TOTALS,,NAICS CLASSIFICATION: (1112),CROP TOTALS
2002,$,,ALL UTILIZATION PRACTICES,NAICS CLASSIFICATION,ANNUAL,,DELAWARE,10,DE,YEAR,,UNITED STATES,,00,"45,322,000",,10,,,00,2012-01-01 00:00:00.000,CROPS,,ALL PRODUCTION PRACTICES,DELAWARE,9000,ALL CLASSES,00000000,,STATE,,CENSUS,"CROP TOTALS - SALES, MEASURED IN $",SALES,CROP TOTALS,,NAICS CLASSIFICATION: (1112),CROP TOTALS
2022,$,,ALL UTILIZATION PRACTICES,NAICS CLASSIFICATION,ANNUAL,,DELAWARE,10,DE,YEAR,,UNITED STATES,,00,                 (D),,10,,,00,2024-07-02 12:00:00.000,CROPS,,ALL PRODUCTION PRACTICES,DELAWARE,9000,ALL CLASSES,00000000,,STATE,,CENSUS,"CROP TOTALS - SALES, MEASURED IN $",SALES,CROP TOTALS,(D),NAICS CLASSIFICATION: (111211),CROP TOTALS
2017,$,,ALL UTILIZATION PRACTICES,NAICS CLASSIFICATION,ANNUAL,,DELAWARE,10,DE,YEAR,,UNITED STATES,,00,"4,604,000",,10,,,00,2018-02-01 00:00:00.000,CROPS,,ALL PRODUCTION PRACTICES,DELAWARE,9000,ALL CLASSES,00000000,,STATE,,CENSUS,"CROP TOTALS - SALES, MEASURED IN $",SALES,CROP TOTALS,0.6,NAICS CLASSIFICATION: (111211),CROP TOTALS
2012,$,,ALL UTILIZATION PRACTICES,NAICS CLASSIFICATION,ANNUAL,,DELAWARE,10,DE,YEAR,,UNITED STATES,,00,"2,741,000",,10,,,00,2012-12-31 00:00:00.000,CROPS,,ALL PRODUCTION PRACTICES,DELAWARE,9000,ALL CLASSES,00000000,,STATE,,CENSUS,"CROP TOTALS - SALES, MEASURED IN $",SALES,CROP TOTALS,10.3,NAICS CLASSIFICATION: (111211),CROP TOTALS
2007,$,,ALL UTILIZATION PRACTICES,NAICS CLASSIFICATION,ANNUAL,,DELAWARE,10,DE,YEAR,,UNITED STATES,,00,"8,506,000",,10,,,00,2012-01-01 00:00:00.000,CROPS,,ALL PRODUCTION PRACTICES,DELAWARE,9000,ALL CLASSES,00000000,,STATE,,CENSUS,"CROP TOTALS - SALES, MEASURED IN $",SALES,CROP TOTALS,,NAICS CLASSIFICATION: (111211),CROP TOTALS
2002,$,,ALL UTILIZATION PRACTICES,NAICS CLASSIFICATION,ANNUAL,,DELAWARE,10,DE,YEAR,,UNITED STATES,,00,"12,426,000",,10,,,00,2012-01-01 00:00:00.000,CROPS,,ALL PRODUCTION PRACTICES,DELAWARE,9000,ALL CLASSES,00000000,,STATE,,CENSUS,"CROP TOTALS - SALES, MEASURED IN $",SALES,CROP TOTALS,,NAICS CLASSIFICATION: (111211),CROP TOTALS
2022,$,,ALL UTILIZATION PRACTICES,NAICS CLASSIFICATION,ANNUAL,,DELAWARE,10,DE,YEAR,,UNITED STATES,,00,                 (D),,10,,,00,2024-07-02 12:00:00.000,CROPS,,ALL PRODUCTION PRACTICES,DELAWARE,9000,ALL CLASSES,00000000,,STATE,,CENSUS,"CROP TOTALS - SALES, MEASURED IN $",SALES,CROP TOTALS,(D),NAICS CLASSIFICATION: (111219),CROP TOTALS
2017,$,,ALL UTILIZATION PRACTICES,NAICS CLASSIFICATION,ANNUAL,,DELAWARE,10,DE,YEAR,,UNITED STATES,,00,"50,007,000",,10,,,00,2018-02-01 00:00:00.000,CROPS,,ALL PRODUCTION PRACTICES,DELAWARE,9000,ALL CLASSES,00000000,,STATE,,CENSUS,"CROP TOTALS - SALES, MEASURED IN $",SALES,CROP TOTALS,9.2,NAICS CLASSIFICATION: (111219),CROP TOTALS
2012,$,,ALL UTILIZATION PRACTICES,NAICS CLASSIFICATION,ANNUAL,,DELAWARE,10,DE,YEAR,,UNITED STATES,,00,"45,969,000",,10,,,00,2012-12-31 00:00:00.000,CROPS,,ALL PRODUCTION PRACTICES,DELAWARE,9000,ALL CLASSES,00000000,,STATE,,CENSUS,"CROP TOTALS - SALES, MEASURED IN $",SALES,CROP TOTALS,2.8,NAICS CLASSIFICATION: (111219),CROP TOTALS
2007,$,,ALL UTILIZATION PRACTICES,NAICS CLASSIFICATION,ANNUAL,,DELAWARE,10,DE,YEAR,,UNITED STATES,,00,"59,073,000",,10,,,00,2012-01-01 00:00:00.000,CROPS,,ALL PRODUCTION PRACTICES,DELAWARE,9000,ALL CLASSES,00000000,,STATE,,CENSUS,"CROP TOTALS - SALES, MEASURED IN $",SALES,CROP TOTALS,,NAICS CLASSIFICATION: (111219),CROP TOTALS
2002,$,,ALL UTILIZATION PRACTICES,NAICS CLASSIFICATION,ANNUAL,,DELAWARE,10,DE,YEAR,,UNITED STATES,,00,"32,896,000",,10,,,00,2012-01-01 00:00:00.000,CROPS,,ALL PRODUCTION PRACTICES,DELAWARE,9000,ALL CLASSES,00000000,,STATE,,CENSUS,"CROP TOTALS - SALES, MEASURED IN $",SALES,CROP TOTALS,,NAICS CLASSIFICATION: (111219),CROP TOTALS
2022,$,,ALL UTILIZATION PRACTICES,NAICS CLASSIFICATION,ANNUAL,,DELAWARE,10,DE,YEAR,,UNITED STATES,,00,"1,947,000",,10,,,00,2024-07-02 12:00:00.000,CROPS,,ALL PRODUCTION PRACTICES,DELAWARE,9000,ALL CLASSES,00000000,,STATE,,CENSUS,"CROP TOTALS - SALES, MEASURED IN $",SALES,CROP TOTALS,7.9,NAICS CLASSIFICATION: (1113),CROP TOTALS
2017,$,,ALL UTILIZATION PRACTICES,NAICS CLASSIFICATION,ANNUAL,,DELAWARE,10,DE,YEAR,,UNITED STATES,,00,"1,880,000",,10,,,00,2018-02-01 00:00:00.000,CROPS,,ALL PRODUCTION PRACTICES,DELAWARE,9000,ALL CLASSES,00000000,,STATE,,CENSUS,"CROP TOTALS - SALES, MEASURED IN $",SALES,CROP TOTALS,6.6,NAICS CLASSIFICATION: (1113),CROP TOTALS
2012,$,,ALL UTILIZATION PRACTICES,NAICS CLASSIFICATION,ANNUAL,,DELAWARE,10,DE,YEAR,,UNITED STATES,,00,                 (D),,10,,,00,2012-12-31 00:00:00.000,CROPS,,ALL PRODUCTION PRACTICES,DELAWARE,9000,ALL CLASSES,00000000,,STATE,,CENSUS,"CROP TOTALS - SALES, MEASURED IN $",SALES,CROP TOTALS,(D),NAICS CLASSIFICATION: (1113),CROP TOTALS
2007,$,,ALL UTILIZATION PRACTICES,NAICS CLASSIFICATION,ANNUAL,,DELAWARE,10,DE,YEAR,,UNITED STATES,,00,                 (D),,10,,,00,2012-01-01 00:00:00.000,CROPS,,ALL PRODUCTION PRACTICES,DELAWARE,9000,ALL CLASSES,00000000,,STATE,,CENSUS,"CROP TOTALS - SALES, MEASURED IN $",SALES,CROP TOTALS,,NAICS CLASSIFICATION: (1113),CROP TOTALS
2002,$,,ALL UTILIZATION PRACTICES,NAICS CLASSIFICATION,ANNUAL,,DELAWARE,10,DE,YEAR,,UNITED STATES,,00,"486,000",,10,,,00,2012-01-01 00:00:00.000,CROPS,,ALL PRODUCTION PRACTICES,DELAWARE,9000,ALL CLASSES,00000000,,STATE,,CENSUS,"CROP TOTALS - SALES, MEASURED IN $",SALES,CROP TOTALS,,NAICS CLASSIFICATION: (1113),CROP TOTALS
2022,$,,ALL UTILIZATION PRACTICES,NAICS CLASSIFICATION,ANNUAL,,DELAWARE,10,DE,YEAR,,UNITED STATES,,00,"1,947,000",,10,,,00,2024-07-02 12:00:00.000,CROPS,,ALL PRODUCTION PRACTICES,DELAWARE,9000,ALL CLASSES,00000000,,STATE,,CENSUS,"CROP TOTALS - SALES, MEASURED IN $",SALES,CROP TOTALS,7.9,NAICS CLASSIFICATION: (11133),CROP TOTALS
2017,$,,ALL UTILIZATION PRACTICES,NAICS CLASSIFICATION,ANNUAL,,DELAWARE,10,DE,YEAR,,UNITED STATES,,00,"1,880,000",,10,,,00,2018-02-01 00:00:00.000,CROPS,,ALL PRODUCTION PRACTICES,DELAWARE,9000,ALL CLASSES,00000000,,STATE,,CENSUS,"CROP TOTALS - SALES, MEASURED IN $",SALES,CROP TOTALS,6.6,NAICS CLASSIFICATION: (11133),CROP TOTALS
2012,$,,ALL UTILIZATION PRACTICES,NAICS CLASSIFICATION,ANNUAL,,DELAWARE,10,DE,YEAR,,UNITED STATES,,00,                 (D),,10,,,00,2012-12-31 00:00:00.000,CROPS,,ALL PRODUCTION PRACTICES,DELAWARE,9000,ALL CLASSES,00000000,,STATE,,CENSUS,"CROP TOTALS - SALES, MEASURED IN $",SALES,CROP TOTALS,(D),NAICS CLASSIFICATION: (11133),CROP TOTALS
2007,$,,ALL UTILIZATION PRACTICES,NAICS CLASSIFICATION,ANNUAL,,DELAWARE,10,DE,YEAR,,UNITED STATES,,00,                 (D),,10,,,00,2012-01-01 00:00:00.000,CROPS,,ALL PRODUCTION PRACTICES,DELAWARE,9000,ALL CLASSES,00000000,,STATE,,CENSUS,"CROP TOTALS - SALES, MEASURED IN $",SALES,CROP TOTALS,,NAICS CLASSIFICATION: (11133),CROP TOTALS
2002,$,,ALL UTILIZATION PRACTICES,NAICS CLASSIFICATION,ANNUAL,,DELAWARE,10,DE,YEAR,,UNITED STATES,,00,"486,000",,10,,,00,2012-01-01 00:00:00.000,CROPS,,ALL PRODUCTION PRACTICES,DELAWARE,9000,ALL CLASSES,00000000,,STATE,,CENSUS,"CROP TOTALS - SALES, MEASURED IN $",SALES,CROP TOTALS,,NAICS CLASSIFICATION: (11133),CROP TOTALS
2022,$,,ALL UTILIZATION PRACTICES,NAICS CLASSIFICATION,ANNUAL,,DELAWARE,10,DE,YEAR,,UNITED STATES,,00,                 (D),,10,,,00,2024-07-02 12:00:00.000,CROPS,,ALL PRODUCTION PRACTICES,DELAWARE,9000,ALL CLASSES,00000000,,STATE,,CENSUS,"CROP TOTALS - SALES, MEASURED IN $",SALES,CROP TOTALS,(D),NAICS CLASSIFICATION: (111331),CROP TOTALS
2017,$,,ALL UTILIZATION PRACTICES,NAICS CLASSIFICATION,ANNUAL,,DELAWARE,10,DE,YEAR,,UNITED STATES,,00,"10,000",,10,,,00,2018-02-01 00:00:00.000,CROPS,,ALL PRODUCTION PRACTICES,DELAWARE,9000,ALL CLASSES,00000000,,STATE,,CENSUS,"CROP TOTALS - SALES, MEASURED IN $",SALES,CROP TOTALS,77.3,NAICS CLASSIFICATION: (111331),CROP TOTALS
2012,$,,ALL UTILIZATION PRACTICES,NAICS CLASSIFICATION,ANNUAL,,DELAWARE,10,DE,YEAR,,UNITED STATES,,00,                 (D),,10,,,00,2012-12-31 00:00:00.000,CROPS,,ALL PRODUCTION PRACTICES,DELAWARE,9000,ALL CLASSES,00000000,,STATE,,CENSUS,"CROP TOTALS - SALES, MEASURED IN $",SALES,CROP TOTALS,(D),NAICS CLASSIFICATION: (111331),CROP TOTALS
2007,$,,ALL UTILIZATION PRACTICES,NAICS CLASSIFICATION,ANNUAL,,DELAWARE,10,DE,YEAR,,UNITED STATES,,00,                 (D),,10,,,00,2012-01-01 00:00:00.000,CROPS,,ALL PRODUCTION PRACTICES,DELAWARE,9000,ALL CLASSES,00000000,,STATE,,CENSUS,"CROP TOTALS - SALES, MEASURED IN $",SALES,CROP TOTALS,,NAICS CLASSIFICATION: (111331),CROP TOTALS
2002,$,,ALL UTILIZATION PRACTICES,NAICS CLASSIFICATION,ANNUAL,,DELAWARE,10,DE,YEAR,,UNITED STATES,,00,                 (D),,10,,,00,2012-01-01 00:00:00.000,CROPS,,ALL PRODUCTION PRACTICES,DELAWARE,9000,ALL CLASSES,00000000,,STATE,,CENSUS,"CROP TOTALS - SALES, MEASURED IN $",SALES,CROP TOTALS,,NAICS CLASSIFICATION: (111331),CROP TOTALS
2022,$,,ALL UTILIZATION PRACTICES,NAICS CLASSIFICATION,ANNUAL,,DELAWARE,10,DE,YEAR,,UNITED STATES,,00,"462,000",,10,,,00,2024-07-02 12:00:00.000,CROPS,,ALL PRODUCTION PRACTICES,DELAWARE,9000,ALL CLASSES,00000000,,STATE,,CENSUS,"CROP TOTALS - SALES, MEASURED IN $",SALES,CROP TOTALS,30.7,NAICS CLASSIFICATION: (111332),CROP TOTALS
2017,$,,ALL UTILIZATION PRACTICES,NAICS CLASSIFICATION,ANNUAL,,DELAWARE,10,DE,YEAR,,UNITED STATES,,00,                 (D),,10,,,00,2018-02-01 00:00:00.000,CROPS,,ALL PRODUCTION PRACTICES,DELAWARE,9000,ALL CLASSES,00000000,,STATE,,CENSUS,"CROP TOTALS - SALES, MEASURED IN $",SALES,CROP TOTALS,(D),NAICS CLASSIFICATION: (111332),CROP TOTALS
2012,$,,ALL UTILIZATION PRACTICES,NAICS CLASSIFICATION,ANNUAL,,DELAWARE,10,DE,YEAR,,UNITED STATES,,00,                 (D),,10,,,00,2012-12-31 00:00:00.000,CROPS,,ALL PRODUCTION PRACTICES,DELAWARE,9000,ALL CLASSES,00000000,,STATE,,CENSUS,"CROP TOTALS - SALES, MEASURED IN $",SALES,CROP TOTALS,(D),NAICS CLASSIFICATION: (111332),CROP TOTALS
2007,$,,ALL UTILIZATION PRACTICES,NAICS CLASSIFICATION,ANNUAL,,DELAWARE,10,DE,YEAR,,UNITED STATES,,00,                 (D),,10,,,00,2012-01-01 00:00:00.000,CROPS,,ALL PRODUCTION PRACTICES,DELAWARE,9000,ALL CLASSES,00000000,,STATE,,CENSUS,"CROP TOTALS - SALES, MEASURED IN $",SALES,CROP TOTALS,,NAICS CLASSIFICATION: (111332),CROP TOTALS
2002,$,,ALL UTILIZATION PRACTICES,NAICS CLASSIFICATION,ANNUAL,,DELAWARE,10,DE,YEAR,,UNITED STATES,,00,                 (D),,10,,,00,2012-01-01 00:00:00.000,CROPS,,ALL PRODUCTION PRACTICES,DELAWARE,9000,ALL CLASSES,00000000,,STATE,,CENSUS,"CROP TOTALS - SALES, MEASURED IN $",SALES,CROP TOTALS,,NAICS CLASSIFICATION: (111332),CROP TOTALS
2022,$,,ALL UTILIZATION PRACTICES,NAICS CLASSIFICATION,ANNUAL,,DELAWARE,10,DE,YEAR,,UNITED STATES,,00,                 (D),,10,,,00,2024-07-02 12:00:00.000,CROPS,,ALL PRODUCTION PRACTICES,DELAWARE,9000,ALL CLASSES,00000000,,STATE,,CENSUS,"CROP TOTALS - SALES, MEASURED IN $",SALES,CROP TOTALS,(D),NAICS CLASSIFICATION: (111333),CROP TOTALS
2012,$,,ALL UTILIZATION PRACTICES,NAICS CLASSIFICATION,ANNUAL,,DELAWARE,10,DE,YEAR,,UNITED STATES,,00,                 (D),,10,,,00,2012-12-31 00:00:00.000,CROPS,,ALL PRODUCTION PRACTICES,DELAWARE,9000,ALL CLASSES,00000000,,STATE,,CENSUS,"CROP TOTALS - SALES, MEASURED IN $",SALES,CROP TOTALS,(D),NAICS CLASSIFICATION: (111333),CROP TOTALS
2007,$,,ALL UTILIZATION PRACTICES,NAICS CLASSIFICATION,ANNUAL,,DELAWARE,10,DE,YEAR,,UNITED STATES,,00,                 (D),,10,,,00,2012-01-01 00:00:00.000,CROPS,,ALL PRODUCTION PRACTICES,DELAWARE,9000,ALL CLASSES,00000000,,STATE,,CENSUS,"CROP TOTALS - SALES, MEASURED IN $",SALES,CROP TOTALS,,NAICS CLASSIFICATION: (111333),CROP TOTALS
2002,$,,ALL UTILIZATION PRACTICES,NAICS CLASSIFICATION,ANNUAL,,DELAWARE,10,DE,YEAR,,UNITED STATES,,00,"25,000",,10,,,00,2012-01-01 00:00:00.000,CROPS,,ALL PRODUCTION PRACTICES,DELAWARE,9000,ALL CLASSES,00000000,,STATE,,CENSUS,"CROP TOTALS - SALES, MEASURED IN $",SALES,CROP TOTALS,,NAICS CLASSIFICATION: (111333),CROP TOTALS
2022,$,,ALL UTILIZATION PRACTICES,NAICS CLASSIFICATION,ANNUAL,,DELAWARE,10,DE,YEAR,,UNITED STATES,,00,"162,000",,10,,,00,2024-07-02 12:00:00.000,CROPS,,ALL PRODUCTION PRACTICES,DELAWARE,9000,ALL CLASSES,00000000,,STATE,,CENSUS,"CROP TOTALS - SALES, MEASURED IN $",SALES,CROP TOTALS,3.7,NAICS CLASSIFICATION: (111334),CROP TOTALS
2017,$,,ALL UTILIZATION PRACTICES,NAICS CLASSIFICATION,ANNUAL,,DELAWARE,10,DE,YEAR,,UNITED STATES,,00,                 (D),,10,,,00,2018-02-01 00:00:00.000,CROPS,,ALL PRODUCTION PRACTICES,DELAWARE,9000,ALL CLASSES,00000000,,STATE,,CENSUS,"CROP TOTALS - SALES, MEASURED IN $",SALES,CROP TOTALS,(D),NAICS CLASSIFICATION: (111334),CROP TOTALS
2012,$,,ALL UTILIZATION PRACTICES,NAICS CLASSIFICATION,ANNUAL,,DELAWARE,10,DE,YEAR,,UNITED STATES,,00,"45,000",,10,,,00,2012-12-31 00:00:00.000,CROPS,,ALL PRODUCTION PRACTICES,DELAWARE,9000,ALL CLASSES,00000000,,STATE,,CENSUS,"CROP TOTALS - SALES, MEASURED IN $",SALES,CROP TOTALS,26.2,NAICS CLASSIFICATION: (111334),CROP TOTALS
2007,$,,ALL UTILIZATION PRACTICES,NAICS CLASSIFICATION,ANNUAL,,DELAWARE,10,DE,YEAR,,UNITED STATES,,00,                 (D),,10,,,00,2012-01-01 00:00:00.000,CROPS,,ALL PRODUCTION PRACTICES,DELAWARE,9000,ALL CLASSES,00000000,,STATE,,CENSUS,"CROP TOTALS - SALES, MEASURED IN $",SALES,CROP TOTALS,,NAICS CLASSIFICATION: (111334),CROP TOTALS
2002,$,,ALL UTILIZATION PRACTICES,NAICS CLASSIFICATION,ANNUAL,,DELAWARE,10,DE,YEAR,,UNITED STATES,,00,                 (D),,10,,,00,2012-01-01 00:00:00.000,CROPS,,ALL PRODUCTION PRACTICES,DELAWARE,9000,ALL CLASSES,00000000,,STATE,,CENSUS,"CROP TOTALS - SALES, MEASURED IN $",SALES,CROP TOTALS,,NAICS CLASSIFICATION: (111334),CROP TOTALS
2022,$,,ALL UTILIZATION PRACTICES,NAICS CLASSIFICATION,ANNUAL,,DELAWARE,10,DE,YEAR,,UNITED STATES,,00,"1,104,000",,10,,,00,2024-07-02 12:00:00.000,CROPS,,ALL PRODUCTION PRACTICES,DELAWARE,9000,ALL CLASSES,00000000,,STATE,,CENSUS,"CROP TOTALS - SALES, MEASURED IN $",SALES,CROP TOTALS,16.8,NAICS CLASSIFICATION: (111339),CROP TOTALS
2017,$,,ALL UTILIZATION PRACTICES,NAICS CLASSIFICATION,ANNUAL,,DELAWARE,10,DE,YEAR,,UNITED STATES,,00,                 (D),,10,,,00,2018-02-01 00:00:00.000,CROPS,,ALL PRODUCTION PRACTICES,DELAWARE,9000,ALL CLASSES,00000000,,STATE,,CENSUS,"CROP TOTALS - SALES, MEASURED IN $",SALES,CROP TOTALS,(D),NAICS CLASSIFICATION: (111339),CROP TOTALS
2012,$,,ALL UTILIZATION PRACTICES,NAICS CLASSIFICATION,ANNUAL,,DELAWARE,10,DE,YEAR,,UNITED STATES,,00,                 (D),,10,,,00,2012-12-31 00:00:00.000,CROPS,,ALL PRODUCTION PRACTICES,DELAWARE,9000,ALL CLASSES,00000000,,STATE,,CENSUS,"CROP TOTALS - SALES, MEASURED IN $",SALES,CROP TOTALS,(D),NAICS CLASSIFICATION: (111339),CROP TOTALS
2007,$,,ALL UTILIZATION PRACTICES,NAICS CLASSIFICATION,ANNUAL,,DELAWARE,10,DE,YEAR,,UNITED STATES,,00,                 (D),,10,,,00,2012-01-01 00:00:00.000,CROPS,,ALL PRODUCTION PRACTICES,DELAWARE,9000,ALL CLASSES,00000000,,STATE,,CENSUS,"CROP TOTALS - SALES, MEASURED IN $",SALES,CROP TOTALS,,NAICS CLASSIFICATION: (111339),CROP TOTALS
2002,$,,ALL UTILIZATION PRACTICES,NAICS CLASSIFICATION,ANNUAL,,DELAWARE,10,DE,YEAR,,UNITED STATES,,00,"427,000",,10,,,00,2012-01-01 00:00:00.000,CROPS,,ALL PRODUCTION PRACTICES,DELAWARE,9000,ALL CLASSES,00000000,,STATE,,CENSUS,"CROP TOTALS - SALES, MEASURED IN $",SALES,CROP TOTALS,,NAICS CLASSIFICATION: (111339),CROP TOTALS
2022,$,,ALL UTILIZATION PRACTICES,NAICS CLASSIFICATION,ANNUAL,,DELAWARE,10,DE,YEAR,,UNITED STATES,,00,"27,473,000",,10,,,00,2024-07-02 12:00:00.000,CROPS,,ALL PRODUCTION PRACTICES,DELAWARE,9000,ALL CLASSES,00000000,,STATE,,CENSUS,"CROP TOTALS - SALES, MEASURED IN $",SALES,CROP TOTALS,2.0,NAICS CLASSIFICATION: (1114),CROP TOTALS
2017,$,,ALL UTILIZATION PRACTICES,NAICS CLASSIFICATION,ANNUAL,,DELAWARE,10,DE,YEAR,,UNITED STATES,,00,"24,418,000",,10,,,00,2018-02-01 00:00:00.000,CROPS,,ALL PRODUCTION PRACTICES,DELAWARE,9000,ALL CLASSES,00000000,,STATE,,CENSUS,"CROP TOTALS - SALES, MEASURED IN $",SALES,CROP TOTALS,11.4,NAICS CLASSIFICATION: (1114),CROP TOTALS
2012,$,,ALL UTILIZATION PRACTICES,NAICS CLASSIFICATION,ANNUAL,,DELAWARE,10,DE,YEAR,,UNITED STATES,,00,                 (D),,10,,,00,2012-12-31 00:00:00.000,CROPS,,ALL PRODUCTION PRACTICES,DELAWARE,9000,ALL CLASSES,00000000,,STATE,,CENSUS,"CROP TOTALS - SALES, MEASURED IN $",SALES,CROP TOTALS,(D),NAICS CLASSIFICATION: (1114),CROP TOTALS
2007,$,,ALL UTILIZATION PRACTICES,NAICS CLASSIFICATION,ANNUAL,,DELAWARE,10,DE,YEAR,,UNITED STATES,,00,                 (D),,10,,,00,2012-01-01 00:00:00.000,CROPS,,ALL PRODUCTION PRACTICES,DELAWARE,9000,ALL CLASSES,00000000,,STATE,,CENSUS,"CROP TOTALS - SALES, MEASURED IN $",SALES,CROP TOTALS,,NAICS CLASSIFICATION: (1114),CROP TOTALS
2002,$,,ALL UTILIZATION PRACTICES,NAICS CLASSIFICATION,ANNUAL,,DELAWARE,10,DE,YEAR,,UNITED STATES,,00,"21,441,000",,10,,,00,2012-01-01 00:00:00.000,CROPS,,ALL PRODUCTION PRACTICES,DELAWARE,9000,ALL CLASSES,00000000,,STATE,,CENSUS,"CROP TOTALS - SALES, MEASURED IN $",SALES,CROP TOTALS,,NAICS CLASSIFICATION: (1114),CROP TOTALS
2022,$,,ALL UTILIZATION PRACTICES,NAICS CLASSIFICATION,ANNUAL,,DELAWARE,10,DE,YEAR,,UNITED STATES,,00,                 (D),,10,,,00,2024-07-02 12:00:00.000,CROPS,,ALL PRODUCTION PRACTICES,DELAWARE,9000,ALL CLASSES,00000000,,STATE,,CENSUS,"CROP TOTALS - SALES, MEASURED IN $",SALES,CROP TOTALS,(D),NAICS CLASSIFICATION: (11141),CROP TOTALS
2017,$,,ALL UTILIZATION PRACTICES,NAICS CLASSIFICATION,ANNUAL,,DELAWARE,10,DE,YEAR,,UNITED STATES,,00,                 (D),,10,,,00,2018-02-01 00:00:00.000,CROPS,,ALL PRODUCTION PRACTICES,DELAWARE,9000,ALL CLASSES,00000000,,STATE,,CENSUS,"CROP TOTALS - SALES, MEASURED IN $",SALES,CROP TOTALS,(D),NAICS CLASSIFICATION: (11141),CROP TOTALS
2012,$,,ALL UTILIZATION PRACTICES,NAICS CLASSIFICATION,ANNUAL,,DELAWARE,10,DE,YEAR,,UNITED STATES,,00,                 (D),,10,,,00,2012-12-31 00:00:00.000,CROPS,,ALL PRODUCTION PRACTICES,DELAWARE,9000,ALL CLASSES,00000000,,STATE,,CENSUS,"CROP TOTALS - SALES, MEASURED IN $",SALES,CROP TOTALS,(D),NAICS CLASSIFICATION: (11141),CROP TOTALS
2007,$,,ALL UTILIZATION PRACTICES,NAICS CLASSIFICATION,ANNUAL,,DELAWARE,10,DE,YEAR,,UNITED STATES,,00,                 (D),,10,,,00,2012-01-01 00:00:00.000,CROPS,,ALL PRODUCTION PRACTICES,DELAWARE,9000,ALL CLASSES,00000000,,STATE,,CENSUS,"CROP TOTALS - SALES, MEASURED IN $",SALES,CROP TOTALS,,NAICS CLASSIFICATION: (11141),CROP TOTALS
2002,$,,ALL UTILIZATION PRACTICES,NAICS CLASSIFICATION,ANNUAL,,DELAWARE,10,DE,YEAR,,UNITED STATES,,00,                 (D),,10,,,00,2012-01-01 00:00:00.000,CROPS,,ALL PRODUCTION PRACTICES,DELAWARE,9000,ALL CLASSES,00000000,,STATE,,CENSUS,"CROP TOTALS - SALES, MEASURED IN $",SALES,CROP TOTALS,,NAICS CLASSIFICATION: (11141),CROP TOTALS
2022,$,,ALL UTILIZATION PRACTICES,NAICS CLASSIFICATION,ANNUAL,,DELAWARE,10,DE,YEAR,,UNITED STATES,,00,                 (D),,10,,,00,2024-07-02 12:00:00.000,CROPS,,ALL PRODUCTION PRACTICES,DELAWARE,9000,ALL CLASSES,00000000,,STATE,,CENSUS,"CROP TOTALS - SALES, MEASURED IN $",SALES,CROP TOTALS,(D),NAICS CLASSIFICATION: (11142),CROP TOTALS
2017,$,,ALL UTILIZATION PRACTICES,NAICS CLASSIFICATION,ANNUAL,,DELAWARE,10,DE,YEAR,,UNITED STATES,,00,                 (D),,10,,,00,2018-02-01 00:00:00.000,CROPS,,ALL PRODUCTION PRACTICES,DELAWARE,9000,ALL CLASSES,00000000,,STATE,,CENSUS,"CROP TOTALS - SALES, MEASURED IN $",SALES,CROP TOTALS,(D),NAICS CLASSIFICATION: (11142),CROP TOTALS
2012,$,,ALL UTILIZATION PRACTICES,NAICS CLASSIFICATION,ANNUAL,,DELAWARE,10,DE,YEAR,,UNITED STATES,,00,"8,296,000",,10,,,00,2012-12-31 00:00:00.000,CROPS,,ALL PRODUCTION PRACTICES,DELAWARE,9000,ALL CLASSES,00000000,,STATE,,CENSUS,"CROP TOTALS - SALES, MEASURED IN $",SALES,CROP TOTALS,28.9,NAICS CLASSIFICATION: (11142),CROP TOTALS
2007,$,,ALL UTILIZATION PRACTICES,NAICS CLASSIFICATION,ANNUAL,,DELAWARE,10,DE,YEAR,,UNITED STATES,,00,                 (D),,10,,,00,2012-01-01 00:00:00.000,CROPS,,ALL PRODUCTION PRACTICES,DELAWARE,9000,ALL CLASSES,00000000,,STATE,,CENSUS,"CROP TOTALS - SALES, MEASURED IN $",SALES,CROP TOTALS,,NAICS CLASSIFICATION: (11142),CROP TOTALS
2002,$,,ALL UTILIZATION PRACTICES,NAICS CLASSIFICATION,ANNUAL,,DELAWARE,10,DE,YEAR,,UNITED STATES,,00,                 (D),,10,,,00,2012-01-01 00:00:00.000,CROPS,,ALL PRODUCTION PRACTICES,DELAWARE,9000,ALL CLASSES,00000000,,STATE,,CENSUS,"CROP TOTALS - SALES, MEASURED IN $",SALES,CROP TOTALS,,NAICS CLASSIFICATION: (11142),CROP TOTALS
2022,$,,ALL UTILIZATION PRACTICES,NAICS CLASSIFICATION,ANNUAL,,DELAWARE,10,DE,YEAR,,UNITED STATES,,00,                 (D),,10,,,00,2024-07-02 12:00:00.000,CROPS,,ALL PRODUCTION PRACTICES,DELAWARE,9000,ALL CLASSES,00000000,,STATE,,CENSUS,"CROP TOTALS - SALES, MEASURED IN $",SALES,CROP TOTALS,(D),NAICS CLASSIFICATION: (111421),CROP TOTALS
2017,$,,ALL UTILIZATION PRACTICES,NAICS CLASSIFICATION,ANNUAL,,DELAWARE,10,DE,YEAR,,UNITED STATES,,00,"18,553,000",,10,,,00,2018-02-01 00:00:00.000,CROPS,,ALL PRODUCTION PRACTICES,DELAWARE,9000,ALL CLASSES,00000000,,STATE,,CENSUS,"CROP TOTALS - SALES, MEASURED IN $",SALES,CROP TOTALS,13.2,NAICS CLASSIFICATION: (111421),CROP TOTALS
2012,$,,ALL UTILIZATION PRACTICES,NAICS CLASSIFICATION,ANNUAL,,DELAWARE,10,DE,YEAR,,UNITED STATES,,00,                 (D),,10,,,00,2012-12-31 00:00:00.000,CROPS,,ALL PRODUCTION PRACTICES,DELAWARE,9000,ALL CLASSES,00000000,,STATE,,CENSUS,"CROP TOTALS - SALES, MEASURED IN $",SALES,CROP TOTALS,(D),NAICS CLASSIFICATION: (111421),CROP TOTALS
2007,$,,ALL UTILIZATION PRACTICES,NAICS CLASSIFICATION,ANNUAL,,DELAWARE,10,DE,YEAR,,UNITED STATES,,00,                 (D),,10,,,00,2012-01-01 00:00:00.000,CROPS,,ALL PRODUCTION PRACTICES,DELAWARE,9000,ALL CLASSES,00000000,,STATE,,CENSUS,"CROP TOTALS - SALES, MEASURED IN $",SALES,CROP TOTALS,,NAICS CLASSIFICATION: (111421),CROP TOTALS
2002,$,,ALL UTILIZATION PRACTICES,NAICS CLASSIFICATION,ANNUAL,,DELAWARE,10,DE,YEAR,,UNITED STATES,,00,                 (D),,10,,,00,2012-01-01 00:00:00.000,CROPS,,ALL PRODUCTION PRACTICES,DELAWARE,9000,ALL CLASSES,00000000,,STATE,,CENSUS,"CROP TOTALS - SALES, MEASURED IN $",SALES,CROP TOTALS,,NAICS CLASSIFICATION: (111421),CROP TOTALS
2022,$,,ALL UTILIZATION PRACTICES,NAICS CLASSIFICATION,ANNUAL,,DELAWARE,10,DE,YEAR,,UNITED STATES,,00,                 (D),,10,,,00,2024-07-02 12:00:00.000,CROPS,,ALL PRODUCTION PRACTICES,DELAWARE,9000,ALL CLASSES,00000000,,STATE,,CENSUS,"CROP TOTALS - SALES, MEASURED IN $",SALES,CROP TOTALS,(D),NAICS CLASSIFICATION: (111422),CROP TOTALS
2017,$,,ALL UTILIZATION PRACTICES,NAICS CLASSIFICATION,ANNUAL,,DELAWARE,10,DE,YEAR,,UNITED STATES,,00,                 (D),,10,,,00,2018-02-01 00:00:00.000,CROPS,,ALL PRODUCTION PRACTICES,DELAWARE,9000,ALL CLASSES,00000000,,STATE,,CENSUS,"CROP TOTALS - SALES, MEASURED IN $",SALES,CROP TOTALS,(D),NAICS CLASSIFICATION: (111422),CROP TOTALS
2012,$,,ALL UTILIZATION PRACTICES,NAICS CLASSIFICATION,ANNUAL,,DELAWARE,10,DE,YEAR,,UNITED STATES,,00,                 (D),,10,,,00,2012-12-31 00:00:00.000,CROPS,,ALL PRODUCTION PRACTICES,DELAWARE,9000,ALL CLASSES,00000000,,STATE,,CENSUS,"CROP TOTALS - SALES, MEASURED IN $",SALES,CROP TOTALS,(D),NAICS CLASSIFICATION: (111422),CROP TOTALS
2007,$,,ALL UTILIZATION PRACTICES,NAICS CLASSIFICATION,ANNUAL,,DELAWARE,10,DE,YEAR,,UNITED STATES,,00,"6,018,000",,10,,,00,2012-01-01 00:00:00.000,CROPS,,ALL PRODUCTION PRACTICES,DELAWARE,9000,ALL CLASSES,00000000,,STATE,,CENSUS,"CROP TOTALS - SALES, MEASURED IN $",SALES,CROP TOTALS,,NAICS CLASSIFICATION: (111422),CROP TOTALS
2002,$,,ALL UTILIZATION PRACTICES,NAICS CLASSIFICATION,ANNUAL,,DELAWARE,10,DE,YEAR,,UNITED STATES,,00,                 (D),,10,,,00,2012-01-01 00:00:00.000,CROPS,,ALL PRODUCTION PRACTICES,DELAWARE,9000,ALL CLASSES,00000000,,STATE,,CENSUS,"CROP TOTALS - SALES, MEASURED IN $",SALES,CROP TOTALS,,NAICS CLASSIFICATION: (111422),CROP TOTALS
2022,$,,ALL UTILIZATION PRACTICES,NAICS CLASSIFICATION,ANNUAL,,DELAWARE,10,DE,YEAR,,UNITED STATES,,00,"18,465,000",,10,,,00,2024-07-02 12:00:00.000,CROPS,,ALL PRODUCTION PRACTICES,DELAWARE,9000,ALL CLASSES,00000000,,STATE,,CENSUS,"CROP TOTALS - SALES, MEASURED IN $",SALES,CROP TOTALS,3.4,NAICS CLASSIFICATION: (1119),CROP TOTALS
2017,$,,ALL UTILIZATION PRACTICES,NAICS CLASSIFICATION,ANNUAL,,DELAWARE,10,DE,YEAR,,UNITED STATES,,00,"7,935,000",,10,,,00,2018-02-01 00:00:00.000,CROPS,,ALL PRODUCTION PRACTICES,DELAWARE,9000,ALL CLASSES,00000000,,STATE,,CENSUS,"CROP TOTALS - SALES, MEASURED IN $",SALES,CROP TOTALS,13.0,NAICS CLASSIFICATION: (1119),CROP TOTALS
2012,$,,ALL UTILIZATION PRACTICES,NAICS CLASSIFICATION,ANNUAL,,DELAWARE,10,DE,YEAR,,UNITED STATES,,00,"12,614,000",,10,,,00,2012-12-31 00:00:00.000,CROPS,,ALL PRODUCTION PRACTICES,DELAWARE,9000,ALL CLASSES,00000000,,STATE,,CENSUS,"CROP TOTALS - SALES, MEASURED IN $",SALES,CROP TOTALS,32.5,NAICS CLASSIFICATION: (1119),CROP TOTALS
2007,$,,ALL UTILIZATION PRACTICES,NAICS CLASSIFICATION,ANNUAL,,DELAWARE,10,DE,YEAR,,UNITED STATES,,00,                 (D),,10,,,00,2012-01-01 00:00:00.000,CROPS,,ALL PRODUCTION PRACTICES,DELAWARE,9000,ALL CLASSES,00000000,,STATE,,CENSUS,"CROP TOTALS - SALES, MEASURED IN $",SALES,CROP TOTALS,,NAICS CLASSIFICATION: (1119),CROP TOTALS
2002,$,,ALL UTILIZATION PRACTICES,NAICS CLASSIFICATION,ANNUAL,,DELAWARE,10,DE,YEAR,,UNITED STATES,,00,"9,926,000",,10,,,00,2012-01-01 00:00:00.000,CROPS,,ALL PRODUCTION PRACTICES,DELAWARE,9000,ALL CLASSES,00000000,,STATE,,CENSUS,"CROP TOTALS - SALES, MEASURED IN $",SALES,CROP TOTALS,,NAICS CLASSIFICATION: (1119),CROP TOTALS
2022,$,,ALL UTILIZATION PRACTICES,NAICS CLASSIFICATION,ANNUAL,,DELAWARE,10,DE,YEAR,,UNITED STATES,,00,"621,000",,10,,,00,2024-07-02 12:00:00.000,CROPS,,ALL PRODUCTION PRACTICES,DELAWARE,9000,ALL CLASSES,00000000,,STATE,,CENSUS,"CROP TOTALS - SALES, MEASURED IN $",SALES,CROP TOTALS,20.2,NAICS CLASSIFICATION: (11194),CROP TOTALS
2017,$,,ALL UTILIZATION PRACTICES,NAICS CLASSIFICATION,ANNUAL,,DELAWARE,10,DE,YEAR,,UNITED STATES,,00,"1,587,000",,10,,,00,2018-02-01 00:00:00.000,CROPS,,ALL PRODUCTION PRACTICES,DELAWARE,9000,ALL CLASSES,00000000,,STATE,,CENSUS,"CROP TOTALS - SALES, MEASURED IN $",SALES,CROP TOTALS,27.3,NAICS CLASSIFICATION: (11194),CROP TOTALS
2012,$,,ALL UTILIZATION PRACTICES,NAICS CLASSIFICATION,ANNUAL,,DELAWARE,10,DE,YEAR,,UNITED STATES,,00,"3,103,000",,10,,,00,2012-12-31 00:00:00.000,CROPS,,ALL PRODUCTION PRACTICES,DELAWARE,9000,ALL CLASSES,00000000,,STATE,,CENSUS,"CROP TOTALS - SALES, MEASURED IN $",SALES,CROP TOTALS,23.0,NAICS CLASSIFICATION: (11194),CROP TOTALS
2007,$,,ALL UTILIZATION PRACTICES,NAICS CLASSIFICATION,ANNUAL,,DELAWARE,10,DE,YEAR,,UNITED STATES,,00,                 (D),,10,,,00,2012-01-01 00:00:00.000,CROPS,,ALL PRODUCTION PRACTICES,DELAWARE,9000,ALL CLASSES,00000000,,STATE,,CENSUS,"CROP TOTALS - SALES, MEASURED IN $",SALES,CROP TOTALS,,NAICS CLASSIFICATION: (11194),CROP TOTALS
2002,$,,ALL UTILIZATION PRACTICES,NAICS CLASSIFICATION,ANNUAL,,DELAWARE,10,DE,YEAR,,UNITED STATES,,00,"1,192,000",,10,,,00,2012-01-01 00:00:00.000,CROPS,,ALL PRODUCTION PRACTICES,DELAWARE,9000,ALL CLASSES,00000000,,STATE,,CENSUS,"CROP TOTALS - SALES, MEASURED IN $",SALES,CROP TOTALS,,NAICS CLASSIFICATION: (11194),CROP TOTALS
2022,$,,ALL UTILIZATION PRACTICES,NAICS CLASSIFICATION,ANNUAL,,DELAWARE,10,DE,YEAR,,UNITED STATES,,00,"17,844,000",,10,,,00,2024-07-02 12:00:00.000,CROPS,,ALL PRODUCTION PRACTICES,DELAWARE,9000,ALL CLASSES,00000000,,STATE,,CENSUS,"CROP TOTALS - SALES, MEASURED IN $",SALES,CROP TOTALS,3.8,NAICS CLASSIFICATION: (11199),CROP TOTALS
2017,$,,ALL UTILIZATION PRACTICES,NAICS CLASSIFICATION,ANNUAL,,DELAWARE,10,DE,YEAR,,UNITED STATES,,00,"6,348,000",,10,,,00,2018-02-01 00:00:00.000,CROPS,,ALL PRODUCTION PRACTICES,DELAWARE,9000,ALL CLASSES,00000000,,STATE,,CENSUS,"CROP TOTALS - SALES, MEASURED IN $",SALES,CROP TOTALS,19.5,NAICS CLASSIFICATION: (11199),CROP TOTALS
2012,$,,ALL UTILIZATION PRACTICES,NAICS CLASSIFICATION,ANNUAL,,DELAWARE,10,DE,YEAR,,UNITED STATES,,00,"9,511,000",,10,,,00,2012-12-31 00:00:00.000,CROPS,,ALL PRODUCTION PRACTICES,DELAWARE,9000,ALL CLASSES,00000000,,STATE,,CENSUS,"CROP TOTALS - SALES, MEASURED IN $",SALES,CROP TOTALS,50.3,NAICS CLASSIFICATION: (11199),CROP TOTALS
2007,$,,ALL UTILIZATION PRACTICES,NAICS CLASSIFICATION,ANNUAL,,DELAWARE,10,DE,YEAR,,UNITED STATES,,00,"3,969,000",,10,,,00,2012-01-01 00:00:00.000,CROPS,,ALL PRODUCTION PRACTICES,DELAWARE,9000,ALL CLASSES,00000000,,STATE,,CENSUS,"CROP TOTALS - SALES, MEASURED IN $",SALES,CROP TOTALS,,NAICS CLASSIFICATION: (11199),CROP TOTALS
2002,$,,ALL UTILIZATION PRACTICES,NAICS CLASSIFICATION,ANNUAL,,DELAWARE,10,DE,YEAR,,UNITED STATES,,00,"8,734,000",,10,,,00,2012-01-01 00:00:00.000,CROPS,,ALL PRODUCTION PRACTICES,DELAWARE,9000,ALL CLASSES,00000000,,STATE,,CENSUS,"CROP TOTALS - SALES, MEASURED IN $",SALES,CROP TOTALS,,NAICS CLASSIFICATION: (11199),CROP TOTALS
2022,$,,ALL UTILIZATION PRACTICES,NAICS CLASSIFICATION,ANNUAL,,DELAWARE,10,DE,YEAR,,UNITED STATES,,00,"74,521,000",,10,,,00,2024-07-02 12:00:00.000,CROPS,,ALL PRODUCTION PRACTICES,DELAWARE,9000,ALL CLASSES,00000000,,STATE,,CENSUS,"CROP TOTALS - SALES, MEASURED IN $",SALES,CROP TOTALS,6.9,NAICS CLASSIFICATION: (112),CROP TOTALS
2017,$,,ALL UTILIZATION PRACTICES,NAICS CLASSIFICATION,ANNUAL,,DELAWARE,10,DE,YEAR,,UNITED STATES,,00,"50,579,000",,10,,,00,2018-02-01 00:00:00.000,CROPS,,ALL PRODUCTION PRACTICES,DELAWARE,9000,ALL CLASSES,00000000,,STATE,,CENSUS,"CROP TOTALS - SALES, MEASURED IN $",SALES,CROP TOTALS,9.2,NAICS CLASSIFICATION: (112),CROP TOTALS
2012,$,,ALL UTILIZATION PRACTICES,NAICS CLASSIFICATION,ANNUAL,,DELAWARE,10,DE,YEAR,,UNITED STATES,,00,"51,458,000",,10,,,00,2012-12-31 00:00:00.000,CROPS,,ALL PRODUCTION PRACTICES,DELAWARE,9000,ALL CLASSES,00000000,,STATE,,CENSUS,"CROP TOTALS - SALES, MEASURED IN $",SALES,CROP TOTALS,5.8,NAICS CLASSIFICATION: (112),CROP TOTALS
2007,$,,ALL UTILIZATION PRACTICES,NAICS CLASSIFICATION,ANNUAL,,DELAWARE,10,DE,YEAR,,UNITED STATES,,00,"39,084,000",,10,,,00,2012-01-01 00:00:00.000,CROPS,,ALL PRODUCTION PRACTICES,DELAWARE,9000,ALL CLASSES,00000000,,STATE,,CENSUS,"CROP TOTALS - SALES, MEASURED IN $",SALES,CROP TOTALS,,NAICS CLASSIFICATION: (112),CROP TOTALS
2002,$,,ALL UTILIZATION PRACTICES,NAICS CLASSIFICATION,ANNUAL,,DELAWARE,10,DE,YEAR,,UNITED STATES,,00,"23,779,000",,10,,,00,2012-01-01 00:00:00.000,CROPS,,ALL PRODUCTION PRACTICES,DELAWARE,9000,ALL CLASSES,00000000,,STATE,,CENSUS,"CROP TOTALS - SALES, MEASURED IN $",SALES,CROP TOTALS,,NAICS CLASSIFICATION: (112),CROP TOTALS
2022,$,,ALL UTILIZATION PRACTICES,NAICS CLASSIFICATION,ANNUAL,,DELAWARE,10,DE,YEAR,,UNITED STATES,,00,                 (D),,10,,,00,2024-07-02 12:00:00.000,CROPS,,ALL PRODUCTION PRACTICES,DELAWARE,9000,ALL CLASSES,00000000,,STATE,,CENSUS,"CROP TOTALS - SALES, MEASURED IN $",SALES,CROP TOTALS,(D),NAICS CLASSIFICATION: (1121),CROP TOTALS
2017,$,,ALL UTILIZATION PRACTICES,NAICS CLASSIFICATION,ANNUAL,,DELAWARE,10,DE,YEAR,,UNITED STATES,,00,"6,212,000",,10,,,00,2018-02-01 00:00:00.000,CROPS,,ALL PRODUCTION PRACTICES,DELAWARE,9000,ALL CLASSES,00000000,,STATE,,CENSUS,"CROP TOTALS - SALES, MEASURED IN $",SALES,CROP TOTALS,1.1,NAICS CLASSIFICATION: (1121),CROP TOTALS
2012,$,,ALL UTILIZATION PRACTICES,NAICS CLASSIFICATION,ANNUAL,,DELAWARE,10,DE,YEAR,,UNITED STATES,,00,                 (D),,10,,,00,2012-12-31 00:00:00.000,CROPS,,ALL PRODUCTION PRACTICES,DELAWARE,9000,ALL CLASSES,00000000,,STATE,,CENSUS,"CROP TOTALS - SALES, MEASURED IN $",SALES,CROP TOTALS,(D),NAICS CLASSIFICATION: (1121),CROP TOTALS
2007,$,,ALL UTILIZATION PRACTICES,NAICS CLASSIFICATION,ANNUAL,,DELAWARE,10,DE,YEAR,,UNITED STATES,,00,                 (D),,10,,,00,2012-01-01 00:00:00.000,CROPS,,ALL PRODUCTION PRACTICES,DELAWARE,9000,ALL CLASSES,00000000,,STATE,,CENSUS,"CROP TOTALS - SALES, MEASURED IN $",SALES,CROP TOTALS,,NAICS CLASSIFICATION: (1121),CROP TOTALS
2002,$,,ALL UTILIZATION PRACTICES,NAICS CLASSIFICATION,ANNUAL,,DELAWARE,10,DE,YEAR,,UNITED STATES,,00,"3,871,000",,10,,,00,2012-01-01 00:00:00.000,CROPS,,ALL PRODUCTION PRACTICES,DELAWARE,9000,ALL CLASSES,00000000,,STATE,,CENSUS,"CROP TOTALS - SALES, MEASURED IN $",SALES,CROP TOTALS,,NAICS CLASSIFICATION: (1121),CROP TOTALS
2022,$,,ALL UTILIZATION PRACTICES,NAICS CLASSIFICATION,ANNUAL,,DELAWARE,10,DE,YEAR,,UNITED STATES,,00,                 (D),,10,,,00,2024-07-02 12:00:00.000,CROPS,,ALL PRODUCTION PRACTICES,DELAWARE,9000,ALL CLASSES,00000000,,STATE,,CENSUS,"CROP TOTALS - SALES, MEASURED IN $",SALES,CROP TOTALS,(D),NAICS CLASSIFICATION: (11211),CROP TOTALS
2017,$,,ALL UTILIZATION PRACTICES,NAICS CLASSIFICATION,ANNUAL,,DELAWARE,10,DE,YEAR,,UNITED STATES,,00,"1,784,000",,10,,,00,2018-02-01 00:00:00.000,CROPS,,ALL PRODUCTION PRACTICES,DELAWARE,9000,ALL CLASSES,00000000,,STATE,,CENSUS,"CROP TOTALS - SALES, MEASURED IN $",SALES,CROP TOTALS,3.3,NAICS CLASSIFICATION: (11211),CROP TOTALS
2012,$,,ALL UTILIZATION PRACTICES,NAICS CLASSIFICATION,ANNUAL,,DELAWARE,10,DE,YEAR,,UNITED STATES,,00,                 (D),,10,,,00,2012-12-31 00:00:00.000,CROPS,,ALL PRODUCTION PRACTICES,DELAWARE,9000,ALL CLASSES,00000000,,STATE,,CENSUS,"CROP TOTALS - SALES, MEASURED IN $",SALES,CROP TOTALS,(D),NAICS CLASSIFICATION: (11211),CROP TOTALS
2007,$,,ALL UTILIZATION PRACTICES,NAICS CLASSIFICATION,ANNUAL,,DELAWARE,10,DE,YEAR,,UNITED STATES,,00,"2,331,000",,10,,,00,2012-01-01 00:00:00.000,CROPS,,ALL PRODUCTION PRACTICES,DELAWARE,9000,ALL CLASSES,00000000,,STATE,,CENSUS,"CROP TOTALS - SALES, MEASURED IN $",SALES,CROP TOTALS,,NAICS CLASSIFICATION: (11211),CROP TOTALS
2002,$,,ALL UTILIZATION PRACTICES,NAICS CLASSIFICATION,ANNUAL,,DELAWARE,10,DE,YEAR,,UNITED STATES,,00,"229,000",,10,,,00,2012-01-01 00:00:00.000,CROPS,,ALL PRODUCTION PRACTICES,DELAWARE,9000,ALL CLASSES,00000000,,STATE,,CENSUS,"CROP TOTALS - SALES, MEASURED IN $",SALES,CROP TOTALS,,NAICS CLASSIFICATION: (11211),CROP TOTALS
2022,$,,ALL UTILIZATION PRACTICES,NAICS CLASSIFICATION,ANNUAL,,DELAWARE,10,DE,YEAR,,UNITED STATES,,00,"12,000",,10,,,00,2024-07-02 12:00:00.000,CROPS,,ALL PRODUCTION PRACTICES,DELAWARE,9000,ALL CLASSES,00000000,,STATE,,CENSUS,"CROP TOTALS - SALES, MEASURED IN $",SALES,CROP TOTALS,37.3,NAICS CLASSIFICATION: (112111),CROP TOTALS
2017,$,,ALL UTILIZATION PRACTICES,NAICS CLASSIFICATION,ANNUAL,,DELAWARE,10,DE,YEAR,,UNITED STATES,,00,                 (D),,10,,,00,2018-02-01 00:00:00.000,CROPS,,ALL PRODUCTION PRACTICES,DELAWARE,9000,ALL CLASSES,00000000,,STATE,,CENSUS,"CROP TOTALS - SALES, MEASURED IN $",SALES,CROP TOTALS,(D),NAICS CLASSIFICATION: (112111),CROP TOTALS
2012,$,,ALL UTILIZATION PRACTICES,NAICS CLASSIFICATION,ANNUAL,,DELAWARE,10,DE,YEAR,,UNITED STATES,,00,"673,000",,10,,,00,2012-12-31 00:00:00.000,CROPS,,ALL PRODUCTION PRACTICES,DELAWARE,9000,ALL CLASSES,00000000,,STATE,,CENSUS,"CROP TOTALS - SALES, MEASURED IN $",SALES,CROP TOTALS,28.2,NAICS CLASSIFICATION: (112111),CROP TOTALS
2007,$,,ALL UTILIZATION PRACTICES,NAICS CLASSIFICATION,ANNUAL,,DELAWARE,10,DE,YEAR,,UNITED STATES,,00,                 (D),,10,,,00,2012-01-01 00:00:00.000,CROPS,,ALL PRODUCTION PRACTICES,DELAWARE,9000,ALL CLASSES,00000000,,STATE,,CENSUS,"CROP TOTALS - SALES, MEASURED IN $",SALES,CROP TOTALS,,NAICS CLASSIFICATION: (112111),CROP TOTALS
2002,$,,ALL UTILIZATION PRACTICES,NAICS CLASSIFICATION,ANNUAL,,DELAWARE,10,DE,YEAR,,UNITED STATES,,00,"170,000",,10,,,00,2012-01-01 00:00:00.000,CROPS,,ALL PRODUCTION PRACTICES,DELAWARE,9000,ALL CLASSES,00000000,,STATE,,CENSUS,"CROP TOTALS - SALES, MEASURED IN $",SALES,CROP TOTALS,,NAICS CLASSIFICATION: (112111),CROP TOTALS
2022,$,,ALL UTILIZATION PRACTICES,NAICS CLASSIFICATION,ANNUAL,,DELAWARE,10,DE,YEAR,,UNITED STATES,,00,                 (D),,10,,,00,2024-07-02 12:00:00.000,CROPS,,ALL PRODUCTION PRACTICES,DELAWARE,9000,ALL CLASSES,00000000,,STATE,,CENSUS,"CROP TOTALS - SALES, MEASURED IN $",SALES,CROP TOTALS,(D),NAICS CLASSIFICATION: (112112),CROP TOTALS
2017,$,,ALL UTILIZATION PRACTICES,NAICS CLASSIFICATION,ANNUAL,,DELAWARE,10,DE,YEAR,,UNITED STATES,,00,                 (D),,10,,,00,2018-02-01 00:00:00.000,CROPS,,ALL PRODUCTION PRACTICES,DELAWARE,9000,ALL CLASSES,00000000,,STATE,,CENSUS,"CROP TOTALS - SALES, MEASURED IN $",SALES,CROP TOTALS,(D),NAICS CLASSIFICATION: (112112),CROP TOTALS
2012,$,,ALL UTILIZATION PRACTICES,NAICS CLASSIFICATION,ANNUAL,,DELAWARE,10,DE,YEAR,,UNITED STATES,,00,                 (D),,10,,,00,2012-12-31 00:00:00.000,CROPS,,ALL PRODUCTION PRACTICES,DELAWARE,9000,ALL CLASSES,00000000,,STATE,,CENSUS,"CROP TOTALS - SALES, MEASURED IN $",SALES,CROP TOTALS,(D),NAICS CLASSIFICATION: (112112),CROP TOTALS
2007,$,,ALL UTILIZATION PRACTICES,NAICS CLASSIFICATION,ANNUAL,,DELAWARE,10,DE,YEAR,,UNITED STATES,,00,                 (D),,10,,,00,2012-01-01 00:00:00.000,CROPS,,ALL PRODUCTION PRACTICES,DELAWARE,9000,ALL CLASSES,00000000,,STATE,,CENSUS,"CROP TOTALS - SALES, MEASURED IN $",SALES,CROP TOTALS,,NAICS CLASSIFICATION: (112112),CROP TOTALS
2002,$,,ALL UTILIZATION PRACTICES,NAICS CLASSIFICATION,ANNUAL,,DELAWARE,10,DE,YEAR,,UNITED STATES,,00,"59,000",,10,,,00,2012-01-01 00:00:00.000,CROPS,,ALL PRODUCTION PRACTICES,DELAWARE,9000,ALL CLASSES,00000000,,STATE,,CENSUS,"CROP TOTALS - SALES, MEASURED IN $",SALES,CROP TOTALS,,NAICS CLASSIFICATION: (112112),CROP TOTALS
2022,$,,ALL UTILIZATION PRACTICES,NAICS CLASSIFICATION,ANNUAL,,DELAWARE,10,DE,YEAR,,UNITED STATES,,00,                 (D),,10,,,00,2024-07-02 12:00:00.000,CROPS,,ALL PRODUCTION PRACTICES,DELAWARE,9000,ALL CLASSES,00000000,,STATE,,CENSUS,"CROP TOTALS - SALES, MEASURED IN $",SALES,CROP TOTALS,(D),NAICS CLASSIFICATION: (11212),CROP TOTALS
2017,$,,ALL UTILIZATION PRACTICES,NAICS CLASSIFICATION,ANNUAL,,DELAWARE,10,DE,YEAR,,UNITED STATES,,00,"4,428,000",,10,,,00,2018-02-01 00:00:00.000,CROPS,,ALL PRODUCTION PRACTICES,DELAWARE,9000,ALL CLASSES,00000000,,STATE,,CENSUS,"CROP TOTALS - SALES, MEASURED IN $",SALES,CROP TOTALS,1.0,NAICS CLASSIFICATION: (11212),CROP TOTALS
2012,$,,ALL UTILIZATION PRACTICES,NAICS CLASSIFICATION,ANNUAL,,DELAWARE,10,DE,YEAR,,UNITED STATES,,00,                 (D),,10,,,00,2012-12-31 00:00:00.000,CROPS,,ALL PRODUCTION PRACTICES,DELAWARE,9000,ALL CLASSES,00000000,,STATE,,CENSUS,"CROP TOTALS - SALES, MEASURED IN $",SALES,CROP TOTALS,(D),NAICS CLASSIFICATION: (11212),CROP TOTALS
2007,$,,ALL UTILIZATION PRACTICES,NAICS CLASSIFICATION,ANNUAL,,DELAWARE,10,DE,YEAR,,UNITED STATES,,00,                 (D),,10,,,00,2012-01-01 00:00:00.000,CROPS,,ALL PRODUCTION PRACTICES,DELAWARE,9000,ALL CLASSES,00000000,,STATE,,CENSUS,"CROP TOTALS - SALES, MEASURED IN $",SALES,CROP TOTALS,,NAICS CLASSIFICATION: (11212),CROP TOTALS
2002,$,,ALL UTILIZATION PRACTICES,NAICS CLASSIFICATION,ANNUAL,,DELAWARE,10,DE,YEAR,,UNITED STATES,,00,"3,642,000",,10,,,00,2012-01-01 00:00:00.000,CROPS,,ALL PRODUCTION PRACTICES,DELAWARE,9000,ALL CLASSES,00000000,,STATE,,CENSUS,"CROP TOTALS - SALES, MEASURED IN $",SALES,CROP TOTALS,,NAICS CLASSIFICATION: (11212),CROP TOTALS
2017,$,,ALL UTILIZATION PRACTICES,NAICS CLASSIFICATION,ANNUAL,,DELAWARE,10,DE,YEAR,,UNITED STATES,,00,                 (D),,10,,,00,2018-02-01 00:00:00.000,CROPS,,ALL PRODUCTION PRACTICES,DELAWARE,9000,ALL CLASSES,00000000,,STATE,,CENSUS,"CROP TOTALS - SALES, MEASURED IN $",SALES,CROP TOTALS,(D),NAICS CLASSIFICATION: (1122),CROP TOTALS
2007,$,,ALL UTILIZATION PRACTICES,NAICS CLASSIFICATION,ANNUAL,,DELAWARE,10,DE,YEAR,,UNITED STATES,,00,                 (D),,10,,,00,2012-01-01 00:00:00.000,CROPS,,ALL PRODUCTION PRACTICES,DELAWARE,9000,ALL CLASSES,00000000,,STATE,,CENSUS,"CROP TOTALS - SALES, MEASURED IN $",SALES,CROP TOTALS,,NAICS CLASSIFICATION: (1122),CROP TOTALS
2002,$,,ALL UTILIZATION PRACTICES,NAICS CLASSIFICATION,ANNUAL,,DELAWARE,10,DE,YEAR,,UNITED STATES,,00,                 (D),,10,,,00,2012-01-01 00:00:00.000,CROPS,,ALL PRODUCTION PRACTICES,DELAWARE,9000,ALL CLASSES,00000000,,STATE,,CENSUS,"CROP TOTALS - SALES, MEASURED IN $",SALES,CROP TOTALS,,NAICS CLASSIFICATION: (1122),CROP TOTALS
2022,$,,ALL UTILIZATION PRACTICES,NAICS CLASSIFICATION,ANNUAL,,DELAWARE,10,DE,YEAR,,UNITED STATES,,00,"67,070,000",,10,,,00,2024-07-02 12:00:00.000,CROPS,,ALL PRODUCTION PRACTICES,DELAWARE,9000,ALL CLASSES,00000000,,STATE,,CENSUS,"CROP TOTALS - SALES, MEASURED IN $",SALES,CROP TOTALS,7.7,NAICS CLASSIFICATION: (1123),CROP TOTALS
2017,$,,ALL UTILIZATION PRACTICES,NAICS CLASSIFICATION,ANNUAL,,DELAWARE,10,DE,YEAR,,UNITED STATES,,00,"43,690,000",,10,,,00,2018-02-01 00:00:00.000,CROPS,,ALL PRODUCTION PRACTICES,DELAWARE,9000,ALL CLASSES,00000000,,STATE,,CENSUS,"CROP TOTALS - SALES, MEASURED IN $",SALES,CROP TOTALS,12.2,NAICS CLASSIFICATION: (1123),CROP TOTALS
2012,$,,ALL UTILIZATION PRACTICES,NAICS CLASSIFICATION,ANNUAL,,DELAWARE,10,DE,YEAR,,UNITED STATES,,00,"46,393,000",,10,,,00,2012-12-31 00:00:00.000,CROPS,,ALL PRODUCTION PRACTICES,DELAWARE,9000,ALL CLASSES,00000000,,STATE,,CENSUS,"CROP TOTALS - SALES, MEASURED IN $",SALES,CROP TOTALS,3.5,NAICS CLASSIFICATION: (1123),CROP TOTALS
2007,$,,ALL UTILIZATION PRACTICES,NAICS CLASSIFICATION,ANNUAL,,DELAWARE,10,DE,YEAR,,UNITED STATES,,00,"32,097,000",,10,,,00,2012-01-01 00:00:00.000,CROPS,,ALL PRODUCTION PRACTICES,DELAWARE,9000,ALL CLASSES,00000000,,STATE,,CENSUS,"CROP TOTALS - SALES, MEASURED IN $",SALES,CROP TOTALS,,NAICS CLASSIFICATION: (1123),CROP TOTALS
2002,$,,ALL UTILIZATION PRACTICES,NAICS CLASSIFICATION,ANNUAL,,DELAWARE,10,DE,YEAR,,UNITED STATES,,00,"18,457,000",,10,,,00,2012-01-01 00:00:00.000,CROPS,,ALL PRODUCTION PRACTICES,DELAWARE,9000,ALL CLASSES,00000000,,STATE,,CENSUS,"CROP TOTALS - SALES, MEASURED IN $",SALES,CROP TOTALS,,NAICS CLASSIFICATION: (1123),CROP TOTALS
2022,$,,ALL UTILIZATION PRACTICES,NAICS CLASSIFICATION,ANNUAL,,DELAWARE,10,DE,YEAR,,UNITED STATES,,00,"6,000",,10,,,00,2024-07-02 12:00:00.000,CROPS,,ALL PRODUCTION PRACTICES,DELAWARE,9000,ALL CLASSES,00000000,,STATE,,CENSUS,"CROP TOTALS - SALES, MEASURED IN $",SALES,CROP TOTALS,85.7,NAICS CLASSIFICATION: (11231),CROP TOTALS
2017,$,,ALL UTILIZATION PRACTICES,NAICS CLASSIFICATION,ANNUAL,,DELAWARE,10,DE,YEAR,,UNITED STATES,,00,"6,000",,10,,,00,2018-02-01 00:00:00.000,CROPS,,ALL PRODUCTION PRACTICES,DELAWARE,9000,ALL CLASSES,00000000,,STATE,,CENSUS,"CROP TOTALS - SALES, MEASURED IN $",SALES,CROP TOTALS,99.7,NAICS CLASSIFICATION: (11231),CROP TOTALS
2012,$,,ALL UTILIZATION PRACTICES,NAICS CLASSIFICATION,ANNUAL,,DELAWARE,10,DE,YEAR,,UNITED STATES,,00,                 (D),,10,,,00,2012-12-31 00:00:00.000,CROPS,,ALL PRODUCTION PRACTICES,DELAWARE,9000,ALL CLASSES,00000000,,STATE,,CENSUS,"CROP TOTALS - SALES, MEASURED IN $",SALES,CROP TOTALS,(D),NAICS CLASSIFICATION: (11231),CROP TOTALS
2007,$,,ALL UTILIZATION PRACTICES,NAICS CLASSIFICATION,ANNUAL,,DELAWARE,10,DE,YEAR,,UNITED STATES,,00,"2,051,000",,10,,,00,2012-01-01 00:00:00.000,CROPS,,ALL PRODUCTION PRACTICES,DELAWARE,9000,ALL CLASSES,00000000,,STATE,,CENSUS,"CROP TOTALS - SALES, MEASURED IN $",SALES,CROP TOTALS,,NAICS CLASSIFICATION: (11231),CROP TOTALS
2002,$,,ALL UTILIZATION PRACTICES,NAICS CLASSIFICATION,ANNUAL,,DELAWARE,10,DE,YEAR,,UNITED STATES,,00,                 (D),,10,,,00,2012-01-01 00:00:00.000,CROPS,,ALL PRODUCTION PRACTICES,DELAWARE,9000,ALL CLASSES,00000000,,STATE,,CENSUS,"CROP TOTALS - SALES, MEASURED IN $",SALES,CROP TOTALS,,NAICS CLASSIFICATION: (11231),CROP TOTALS
2022,$,,ALL UTILIZATION PRACTICES,NAICS CLASSIFICATION,ANNUAL,,DELAWARE,10,DE,YEAR,,UNITED STATES,,00,"63,847,000",,10,,,00,2024-07-02 12:00:00.000,CROPS,,ALL PRODUCTION PRACTICES,DELAWARE,9000,ALL CLASSES,00000000,,STATE,,CENSUS,"CROP TOTALS - SALES, MEASURED IN $",SALES,CROP TOTALS,8.0,NAICS CLASSIFICATION: (11232),CROP TOTALS
2017,$,,ALL UTILIZATION PRACTICES,NAICS CLASSIFICATION,ANNUAL,,DELAWARE,10,DE,YEAR,,UNITED STATES,,00,                 (D),,10,,,00,2018-02-01 00:00:00.000,CROPS,,ALL PRODUCTION PRACTICES,DELAWARE,9000,ALL CLASSES,00000000,,STATE,,CENSUS,"CROP TOTALS - SALES, MEASURED IN $",SALES,CROP TOTALS,(D),NAICS CLASSIFICATION: (11232),CROP TOTALS
2012,$,,ALL UTILIZATION PRACTICES,NAICS CLASSIFICATION,ANNUAL,,DELAWARE,10,DE,YEAR,,UNITED STATES,,00,"45,765,000",,10,,,00,2012-12-31 00:00:00.000,CROPS,,ALL PRODUCTION PRACTICES,DELAWARE,9000,ALL CLASSES,00000000,,STATE,,CENSUS,"CROP TOTALS - SALES, MEASURED IN $",SALES,CROP TOTALS,4.0,NAICS CLASSIFICATION: (11232),CROP TOTALS
2007,$,,ALL UTILIZATION PRACTICES,NAICS CLASSIFICATION,ANNUAL,,DELAWARE,10,DE,YEAR,,UNITED STATES,,00,"30,046,000",,10,,,00,2012-01-01 00:00:00.000,CROPS,,ALL PRODUCTION PRACTICES,DELAWARE,9000,ALL CLASSES,00000000,,STATE,,CENSUS,"CROP TOTALS - SALES, MEASURED IN $",SALES,CROP TOTALS,,NAICS CLASSIFICATION: (11232),CROP TOTALS
2002,$,,ALL UTILIZATION PRACTICES,NAICS CLASSIFICATION,ANNUAL,,DELAWARE,10,DE,YEAR,,UNITED STATES,,00,                 (D),,10,,,00,2012-01-01 00:00:00.000,CROPS,,ALL PRODUCTION PRACTICES,DELAWARE,9000,ALL CLASSES,00000000,,STATE,,CENSUS,"CROP TOTALS - SALES, MEASURED IN $",SALES,CROP TOTALS,,NAICS CLASSIFICATION: (11232),CROP TOTALS
2022,$,,ALL UTILIZATION PRACTICES,NAICS CLASSIFICATION,ANNUAL,,DELAWARE,10,DE,YEAR,,UNITED STATES,,00,                 (D),,10,,,00,2024-07-02 12:00:00.000,CROPS,,ALL PRODUCTION PRACTICES,DELAWARE,9000,ALL CLASSES,00000000,,STATE,,CENSUS,"CROP TOTALS - SALES, MEASURED IN $",SALES,CROP TOTALS,(D),NAICS CLASSIFICATION: (11234),CROP TOTALS
2022,$,,ALL UTILIZATION PRACTICES,NAICS CLASSIFICATION,ANNUAL,,DELAWARE,10,DE,YEAR,,UNITED STATES,,00,                 (D),,10,,,00,2024-07-02 12:00:00.000,CROPS,,ALL PRODUCTION PRACTICES,DELAWARE,9000,ALL CLASSES,00000000,,STATE,,CENSUS,"CROP TOTALS - SALES, MEASURED IN $",SALES,CROP TOTALS,(D),NAICS CLASSIFICATION: (11239),CROP TOTALS
2017,$,,ALL UTILIZATION PRACTICES,NAICS CLASSIFICATION,ANNUAL,,DELAWARE,10,DE,YEAR,,UNITED STATES,,00,                 (D),,10,,,00,2018-02-01 00:00:00.000,CROPS,,ALL PRODUCTION PRACTICES,DELAWARE,9000,ALL CLASSES,00000000,,STATE,,CENSUS,"CROP TOTALS - SALES, MEASURED IN $",SALES,CROP TOTALS,(D),NAICS CLASSIFICATION: (11239),CROP TOTALS
2012,$,,ALL UTILIZATION PRACTICES,NAICS CLASSIFICATION,ANNUAL,,DELAWARE,10,DE,YEAR,,UNITED STATES,,00,                 (D),,10,,,00,2012-12-31 00:00:00.000,CROPS,,ALL PRODUCTION PRACTICES,DELAWARE,9000,ALL CLASSES,00000000,,STATE,,CENSUS,"CROP TOTALS - SALES, MEASURED IN $",SALES,CROP TOTALS,(D),NAICS CLASSIFICATION: (11239),CROP TOTALS
2002,$,,ALL UTILIZATION PRACTICES,NAICS CLASSIFICATION,ANNUAL,,DELAWARE,10,DE,YEAR,,UNITED STATES,,00,                 (D),,10,,,00,2012-01-01 00:00:00.000,CROPS,,ALL PRODUCTION PRACTICES,DELAWARE,9000,ALL CLASSES,00000000,,STATE,,CENSUS,"CROP TOTALS - SALES, MEASURED IN $",SALES,CROP TOTALS,,NAICS CLASSIFICATION: (11239),CROP TOTALS
2022,$,,ALL UTILIZATION PRACTICES,NAICS CLASSIFICATION,ANNUAL,,DELAWARE,10,DE,YEAR,,UNITED STATES,,00,                 (D),,10,,,00,2024-07-02 12:00:00.000,CROPS,,ALL PRODUCTION PRACTICES,DELAWARE,9000,ALL CLASSES,00000000,,STATE,,CENSUS,"CROP TOTALS - SALES, MEASURED IN $",SALES,CROP TOTALS,(D),NAICS CLASSIFICATION: (1124),CROP TOTALS
2017,$,,ALL UTILIZATION PRACTICES,NAICS CLASSIFICATION,ANNUAL,,DELAWARE,10,DE,YEAR,,UNITED STATES,,00,                 (D),,10,,,00,2018-02-01 00:00:00.000,CROPS,,ALL PRODUCTION PRACTICES,DELAWARE,9000,ALL CLASSES,00000000,,STATE,,CENSUS,"CROP TOTALS - SALES, MEASURED IN $",SALES,CROP TOTALS,(D),NAICS CLASSIFICATION: (1124),CROP TOTALS
2012,$,,ALL UTILIZATION PRACTICES,NAICS CLASSIFICATION,ANNUAL,,DELAWARE,10,DE,YEAR,,UNITED STATES,,00,                 (D),,10,,,00,2012-12-31 00:00:00.000,CROPS,,ALL PRODUCTION PRACTICES,DELAWARE,9000,ALL CLASSES,00000000,,STATE,,CENSUS,"CROP TOTALS - SALES, MEASURED IN $",SALES,CROP TOTALS,(D),NAICS CLASSIFICATION: (1124),CROP TOTALS
2007,$,,ALL UTILIZATION PRACTICES,NAICS CLASSIFICATION,ANNUAL,,DELAWARE,10,DE,YEAR,,UNITED STATES,,00,                 (D),,10,,,00,2012-01-01 00:00:00.000,CROPS,,ALL PRODUCTION PRACTICES,DELAWARE,9000,ALL CLASSES,00000000,,STATE,,CENSUS,"CROP TOTALS - SALES, MEASURED IN $",SALES,CROP TOTALS,,NAICS CLASSIFICATION: (1124),CROP TOTALS
2002,$,,ALL UTILIZATION PRACTICES,NAICS CLASSIFICATION,ANNUAL,,DELAWARE,10,DE,YEAR,,UNITED STATES,,00,                 (D),,10,,,00,2012-01-01 00:00:00.000,CROPS,,ALL PRODUCTION PRACTICES,DELAWARE,9000,ALL CLASSES,00000000,,STATE,,CENSUS,"CROP TOTALS - SALES, MEASURED IN $",SALES,CROP TOTALS,,NAICS CLASSIFICATION: (1124),CROP TOTALS
2022,$,,ALL UTILIZATION PRACTICES,NAICS CLASSIFICATION,ANNUAL,,DELAWARE,10,DE,YEAR,,UNITED STATES,,00,                 (D),,10,,,00,2024-07-02 12:00:00.000,CROPS,,ALL PRODUCTION PRACTICES,DELAWARE,9000,ALL CLASSES,00000000,,STATE,,CENSUS,"CROP TOTALS - SALES, MEASURED IN $",SALES,CROP TOTALS,(D),NAICS CLASSIFICATION: (11241),CROP TOTALS
2017,$,,ALL UTILIZATION PRACTICES,NAICS CLASSIFICATION,ANNUAL,,DELAWARE,10,DE,YEAR,,UNITED STATES,,00,                 (D),,10,,,00,2018-02-01 00:00:00.000,CROPS,,ALL PRODUCTION PRACTICES,DELAWARE,9000,ALL CLASSES,00000000,,STATE,,CENSUS,"CROP TOTALS - SALES, MEASURED IN $",SALES,CROP TOTALS,(D),NAICS CLASSIFICATION: (11241),CROP TOTALS
2007,$,,ALL UTILIZATION PRACTICES,NAICS CLASSIFICATION,ANNUAL,,DELAWARE,10,DE,YEAR,,UNITED STATES,,00,                 (D),,10,,,00,2012-01-01 00:00:00.000,CROPS,,ALL PRODUCTION PRACTICES,DELAWARE,9000,ALL CLASSES,00000000,,STATE,,CENSUS,"CROP TOTALS - SALES, MEASURED IN $",SALES,CROP TOTALS,,NAICS CLASSIFICATION: (11241),CROP TOTALS
2012,$,,ALL UTILIZATION PRACTICES,NAICS CLASSIFICATION,ANNUAL,,DELAWARE,10,DE,YEAR,,UNITED STATES,,00,                 (D),,10,,,00,2012-12-31 00:00:00.000,CROPS,,ALL PRODUCTION PRACTICES,DELAWARE,9000,ALL CLASSES,00000000,,STATE,,CENSUS,"CROP TOTALS - SALES, MEASURED IN $",SALES,CROP TOTALS,(D),NAICS CLASSIFICATION: (11242),CROP TOTALS
2002,$,,ALL UTILIZATION PRACTICES,NAICS CLASSIFICATION,ANNUAL,,DELAWARE,10,DE,YEAR,,UNITED STATES,,00,                 (D),,10,,,00,2012-01-01 00:00:00.000,CROPS,,ALL PRODUCTION PRACTICES,DELAWARE,9000,ALL CLASSES,00000000,,STATE,,CENSUS,"CROP TOTALS - SALES, MEASURED IN $",SALES,CROP TOTALS,,NAICS CLASSIFICATION: (11242),CROP TOTALS
2002,$,,ALL UTILIZATION PRACTICES,NAICS CLASSIFICATION,ANNUAL,,DELAWARE,10,DE,YEAR,,UNITED STATES,,00,                 (D),,10,,,00,2012-01-01 00:00:00.000,CROPS,,ALL PRODUCTION PRACTICES,DELAWARE,9000,ALL CLASSES,00000000,,STATE,,CENSUS,"CROP TOTALS - SALES, MEASURED IN $",SALES,CROP TOTALS,,NAICS CLASSIFICATION: (1125),CROP TOTALS
2022,$,,ALL UTILIZATION PRACTICES,NAICS CLASSIFICATION,ANNUAL,,DELAWARE,10,DE,YEAR,,UNITED STATES,,00,                 (D),,10,,,00,2024-07-02 12:00:00.000,CROPS,,ALL PRODUCTION PRACTICES,DELAWARE,9000,ALL CLASSES,00000000,,STATE,,CENSUS,"CROP TOTALS - SALES, MEASURED IN $",SALES,CROP TOTALS,(D),NAICS CLASSIFICATION: (1129),CROP TOTALS
2017,$,,ALL UTILIZATION PRACTICES,NAICS CLASSIFICATION,ANNUAL,,DELAWARE,10,DE,YEAR,,UNITED STATES,,00,"81,000",,10,,,00,2018-02-01 00:00:00.000,CROPS,,ALL PRODUCTION PRACTICES,DELAWARE,9000,ALL CLASSES,00000000,,STATE,,CENSUS,"CROP TOTALS - SALES, MEASURED IN $",SALES,CROP TOTALS,19.6,NAICS CLASSIFICATION: (1129),CROP TOTALS
2012,$,,ALL UTILIZATION PRACTICES,NAICS CLASSIFICATION,ANNUAL,,DELAWARE,10,DE,YEAR,,UNITED STATES,,00,                 (D),,10,,,00,2012-12-31 00:00:00.000,CROPS,,ALL PRODUCTION PRACTICES,DELAWARE,9000,ALL CLASSES,00000000,,STATE,,CENSUS,"CROP TOTALS - SALES, MEASURED IN $",SALES,CROP TOTALS,(D),NAICS CLASSIFICATION: (1129),CROP TOTALS
2007,$,,ALL UTILIZATION PRACTICES,NAICS CLASSIFICATION,ANNUAL,,DELAWARE,10,DE,YEAR,,UNITED STATES,,00,                 (D),,10,,,00,2012-01-01 00:00:00.000,CROPS,,ALL PRODUCTION PRACTICES,DELAWARE,9000,ALL CLASSES,00000000,,STATE,,CENSUS,"CROP TOTALS - SALES, MEASURED IN $",SALES,CROP TOTALS,,NAICS CLASSIFICATION: (1129),CROP TOTALS
2002,$,,ALL UTILIZATION PRACTICES,NAICS CLASSIFICATION,ANNUAL,,DELAWARE,10,DE,YEAR,,UNITED STATES,,00,                 (D),,10,,,00,2012-01-01 00:00:00.000,CROPS,,ALL PRODUCTION PRACTICES,DELAWARE,9000,ALL CLASSES,00000000,,STATE,,CENSUS,"CROP TOTALS - SALES, MEASURED IN $",SALES,CROP TOTALS,,NAICS CLASSIFICATION: (1129),CROP TOTALS
2022,$,,ALL UTILIZATION PRACTICES,NAICS CLASSIFICATION,ANNUAL,,DELAWARE,10,DE,YEAR,,UNITED STATES,,00,                 (D),,10,,,00,2024-07-02 12:00:00.000,CROPS,,ALL PRODUCTION PRACTICES,DELAWARE,9000,ALL CLASSES,00000000,,STATE,,CENSUS,"CROP TOTALS - SALES, MEASURED IN $",SALES,CROP TOTALS,(D),NAICS CLASSIFICATION: (11291),CROP TOTALS
2007,$,,ALL UTILIZATION PRACTICES,NAICS CLASSIFICATION,ANNUAL,,DELAWARE,10,DE,YEAR,,UNITED STATES,,00,                 (D),,10,,,00,2012-01-01 00:00:00.000,CROPS,,ALL PRODUCTION PRACTICES,DELAWARE,9000,ALL CLASSES,00000000,,STATE,,CENSUS,"CROP TOTALS - SALES, MEASURED IN $",SALES,CROP TOTALS,,NAICS CLASSIFICATION: (11291),CROP TOTALS
2022,$,,ALL UTILIZATION PRACTICES,NAICS CLASSIFICATION,ANNUAL,,DELAWARE,10,DE,YEAR,,UNITED STATES,,00,"7,000",,10,,,00,2024-07-02 12:00:00.000,CROPS,,ALL PRODUCTION PRACTICES,DELAWARE,9000,ALL CLASSES,00000000,,STATE,,CENSUS,"CROP TOTALS - SALES, MEASURED IN $",SALES,CROP TOTALS,35.7,NAICS CLASSIFICATION: (11292),CROP TOTALS
2017,$,,ALL UTILIZATION PRACTICES,NAICS CLASSIFICATION,ANNUAL,,DELAWARE,10,DE,YEAR,,UNITED STATES,,00,                 (D),,10,,,00,2018-02-01 00:00:00.000,CROPS,,ALL PRODUCTION PRACTICES,DELAWARE,9000,ALL CLASSES,00000000,,STATE,,CENSUS,"CROP TOTALS - SALES, MEASURED IN $",SALES,CROP TOTALS,(D),NAICS CLASSIFICATION: (11292),CROP TOTALS
2012,$,,ALL UTILIZATION PRACTICES,NAICS CLASSIFICATION,ANNUAL,,DELAWARE,10,DE,YEAR,,UNITED STATES,,00,                 (D),,10,,,00,2012-12-31 00:00:00.000,CROPS,,ALL PRODUCTION PRACTICES,DELAWARE,9000,ALL CLASSES,00000000,,STATE,,CENSUS,"CROP TOTALS - SALES, MEASURED IN $",SALES,CROP TOTALS,(D),NAICS CLASSIFICATION: (11292),CROP TOTALS
2007,$,,ALL UTILIZATION PRACTICES,NAICS CLASSIFICATION,ANNUAL,,DELAWARE,10,DE,YEAR,,UNITED STATES,,00,                 (D),,10,,,00,2012-01-01 00:00:00.000,CROPS,,ALL PRODUCTION PRACTICES,DELAWARE,9000,ALL CLASSES,00000000,,STATE,,CENSUS,"CROP TOTALS - SALES, MEASURED IN $",SALES,CROP TOTALS,,NAICS CLASSIFICATION: (11292),CROP TOTALS
2002,$,,ALL UTILIZATION PRACTICES,NAICS CLASSIFICATION,ANNUAL,,DELAWARE,10,DE,YEAR,,UNITED STATES,,00,                 (D),,10,,,00,2012-01-01 00:00:00.000,CROPS,,ALL PRODUCTION PRACTICES,DELAWARE,9000,ALL CLASSES,00000000,,STATE,,CENSUS,"CROP TOTALS - SALES, MEASURED IN $",SALES,CROP TOTALS,,NAICS CLASSIFICATION: (11292),CROP TOTALS
2022,$,,ALL UTILIZATION PRACTICES,NAICS CLASSIFICATION,ANNUAL,,DELAWARE,10,DE,YEAR,,UNITED STATES,,00,                 (D),,10,,,00,2024-07-02 12:00:00.000,CROPS,,ALL PRODUCTION PRACTICES,DELAWARE,9000,ALL CLASSES,00000000,,STATE,,CENSUS,"CROP TOTALS - SALES, MEASURED IN $",SALES,CROP TOTALS,(D),NAICS CLASSIFICATION: (11299),CROP TOTALS
2017,$,,ALL UTILIZATION PRACTICES,NAICS CLASSIFICATION,ANNUAL,,DELAWARE,10,DE,YEAR,,UNITED STATES,,00,                 (D),,10,,,00,2018-02-01 00:00:00.000,CROPS,,ALL PRODUCTION PRACTICES,DELAWARE,9000,ALL CLASSES,00000000,,STATE,,CENSUS,"CROP TOTALS - SALES, MEASURED IN $",SALES,CROP TOTALS,(D),NAICS CLASSIFICATION: (11299),CROP TOTALS
2012,$,,ALL UTILIZATION PRACTICES,NAICS CLASSIFICATION,ANNUAL,,DELAWARE,10,DE,YEAR,,UNITED STATES,,00,                 (D),,10,,,00,2012-12-31 00:00:00.000,CROPS,,ALL PRODUCTION PRACTICES,DELAWARE,9000,ALL CLASSES,00000000,,STATE,,CENSUS,"CROP TOTALS - SALES, MEASURED IN $",SALES,CROP TOTALS,(D),NAICS CLASSIFICATION: (11299),CROP TOTALS
2007,$,,ALL UTILIZATION PRACTICES,NAICS CLASSIFICATION,ANNUAL,,DELAWARE,10,DE,YEAR,,UNITED STATES,,00,                 (D),,10,,,00,2012-01-01 00:00:00.000,CROPS,,ALL PRODUCTION PRACTICES,DELAWARE,9000,ALL CLASSES,00000000,,STATE,,CENSUS,"CROP TOTALS - SALES, MEASURED IN $",SALES,CROP TOTALS,,NAICS CLASSIFICATION: (11299),CROP TOTALS
2002,$,,ALL UTILIZATION PRACTICES,NAICS CLASSIFICATION,ANNUAL,,DELAWARE,10,DE,YEAR,,UNITED STATES,,00,"1,276,000",,10,,,00,2012-01-01 00:00:00.000,CROPS,,ALL PRODUCTION PRACTICES,DELAWARE,9000,ALL CLASSES,00000000,,STATE,,CENSUS,"CROP TOTALS - SALES, MEASURED IN $",SALES,CROP TOTALS,,NAICS CLASSIFICATION: (11299),CROP TOTALS
2022,$,,ALL UTILIZATION PRACTICES,TOTAL,ANNUAL,,"DELAWARE, NORTHERN, NEW CASTLE",10,DE,YEAR,003,UNITED STATES,20,00,"53,790,000",NEW CASTLE,10,,003,00,2024-07-02 12:00:00.000,CROPS,NORTHERN,ALL PRODUCTION PRACTICES,DELAWARE,9000,ALL CLASSES,00000000,,COUNTY,,CENSUS,"CROP TOTALS - SALES, MEASURED IN $",SALES,CROP TOTALS,(L),NOT SPECIFIED,CROP TOTALS
2017,$,,ALL UTILIZATION PRACTICES,TOTAL,ANNUAL,,"DELAWARE, NORTHERN, NEW CASTLE",10,DE,YEAR,003,UNITED STATES,20,00,"34,207,000",NEW CASTLE,10,,003,00,2018-02-01 00:00:00.000,CROPS,NORTHERN,ALL PRODUCTION PRACTICES,DELAWARE,9000,ALL CLASSES,00000000,,COUNTY,,CENSUS,"CROP TOTALS - SALES, MEASURED IN $",SALES,CROP TOTALS,6.4,NOT SPECIFIED,CROP TOTALS
2012,$,,ALL UTILIZATION PRACTICES,TOTAL,ANNUAL,,"DELAWARE, NORTHERN, NEW CASTLE",10,DE,YEAR,003,UNITED STATES,20,00,                 (D),NEW CASTLE,10,,003,00,2012-12-31 00:00:00.000,CROPS,NORTHERN,ALL PRODUCTION PRACTICES,DELAWARE,9000,ALL CLASSES,00000000,,COUNTY,,CENSUS,"CROP TOTALS - SALES, MEASURED IN $",SALES,CROP TOTALS,(D),NOT SPECIFIED,CROP TOTALS
2007,$,,ALL UTILIZATION PRACTICES,TOTAL,ANNUAL,,"DELAWARE, NORTHERN, NEW CASTLE",10,DE,YEAR,003,UNITED STATES,20,00,                 (D),NEW CASTLE,10,,003,00,2012-01-01 00:00:00.000,CROPS,NORTHERN,ALL PRODUCTION PRACTICES,DELAWARE,9000,ALL CLASSES,00000000,,COUNTY,,CENSUS,"CROP TOTALS - SALES, MEASURED IN $",SALES,CROP TOTALS,,NOT SPECIFIED,CROP TOTALS
2002,$,,ALL UTILIZATION PRACTICES,TOTAL,ANNUAL,,"DELAWARE, NORTHERN, NEW CASTLE",10,DE,YEAR,003,UNITED STATES,20,00,"23,115,000",NEW CASTLE,10,,003,00,2012-01-01 00:00:00.000,CROPS,NORTHERN,ALL PRODUCTION PRACTICES,DELAWARE,9000,ALL CLASSES,00000000,,COUNTY,,CENSUS,"CROP TOTALS - SALES, MEASURED IN $",SALES,CROP TOTALS,,NOT SPECIFIED,CROP TOTALS
1997,$,,ALL UTILIZATION PRACTICES,TOTAL,ANNUAL,,"DELAWARE, NORTHERN, NEW CASTLE",10,DE,YEAR,003,UNITED STATES,20,00,"26,209,000",NEW CASTLE,10,,003,00,2012-01-01 00:00:00.000,CROPS,NORTHERN,ALL PRODUCTION PRACTICES,DELAWARE,9000,ALL CLASSES,00000000,,COUNTY,,CENSUS,"CROP TOTALS - SALES, MEASURED IN $",SALES,CROP TOTALS,,NOT SPECIFIED,CROP TOTALS
2022,$,,ALL UTILIZATION PRACTICES,TOTAL,ANNUAL,,"DELAWARE, CENTRAL, KENT",10,DE,YEAR,001,UNITED STATES,50,00,"173,669,000",KENT,10,,001,00,2024-07-02 12:00:00.000,CROPS,CENTRAL,ALL PRODUCTION PRACTICES,DELAWARE,9000,ALL CLASSES,00000000,,COUNTY,,CENSUS,"CROP TOTALS - SALES, MEASURED IN $",SALES,CROP TOTALS,(L),NOT SPECIFIED,CROP TOTALS
2017,$,,ALL UTILIZATION PRACTICES,TOTAL,ANNUAL,,"DELAWARE, CENTRAL, KENT",10,DE,YEAR,001,UNITED STATES,50,00,"109,044,000",KENT,10,,001,00,2018-02-01 00:00:00.000,CROPS,CENTRAL,ALL PRODUCTION PRACTICES,DELAWARE,9000,ALL CLASSES,00000000,,COUNTY,,CENSUS,"CROP TOTALS - SALES, MEASURED IN $",SALES,CROP TOTALS,6.4,NOT SPECIFIED,CROP TOTALS
2012,$,,ALL UTILIZATION PRACTICES,TOTAL,ANNUAL,,"DELAWARE, CENTRAL, KENT",10,DE,YEAR,001,UNITED STATES,50,00,                 (D),KENT,10,,001,00,2012-12-31 00:00:00.000,CROPS,CENTRAL,ALL PRODUCTION PRACTICES,DELAWARE,9000,ALL CLASSES,00000000,,COUNTY,,CENSUS,"CROP TOTALS - SALES, MEASURED IN $",SALES,CROP TOTALS,(D),NOT SPECIFIED,CROP TOTALS
2007,$,,ALL UTILIZATION PRACTICES,TOTAL,ANNUAL,,"DELAWARE, CENTRAL, KENT",10,DE,YEAR,001,UNITED STATES,50,00,                 (D),KENT,10,,001,00,2012-01-01 00:00:00.000,CROPS,CENTRAL,ALL PRODUCTION PRACTICES,DELAWARE,9000,ALL CLASSES,00000000,,COUNTY,,CENSUS,"CROP TOTALS - SALES, MEASURED IN $",SALES,CROP TOTALS,,NOT SPECIFIED,CROP TOTALS
2002,$,,ALL UTILIZATION PRACTICES,TOTAL,ANNUAL,,"DELAWARE, CENTRAL, KENT",10,DE,YEAR,001,UNITED STATES,50,00,"54,400,000",KENT,10,,001,00,2012-01-01 00:00:00.000,CROPS,CENTRAL,ALL PRODUCTION PRACTICES,DELAWARE,9000,ALL CLASSES,00000000,,COUNTY,,CENSUS,"CROP TOTALS - SALES, MEASURED IN $",SALES,CROP TOTALS,,NOT SPECIFIED,CROP TOTALS
1997,$,,ALL UTILIZATION PRACTICES,TOTAL,ANNUAL,,"DELAWARE, CENTRAL, KENT",10,DE,YEAR,001,UNITED STATES,50,00,"62,822,000",KENT,10,,001,00,2012-01-01 00:00:00.000,CROPS,CENTRAL,ALL PRODUCTION PRACTICES,DELAWARE,9000,ALL CLASSES,00000000,,COUNTY,,CENSUS,"CROP TOTALS - SALES, MEASURED IN $",SALES,CROP TOTALS,,NOT SPECIFIED,CROP TOTALS
2022,$,,ALL UTILIZATION PRACTICES,TOTAL,ANNUAL,,"DELAWARE, SOUTHERN, SUSSEX",10,DE,YEAR,005,UNITED STATES,80,00,"243,241,000",SUSSEX,10,,005,00,2024-07-02 12:00:00.000,CROPS,SOUTHERN,ALL PRODUCTION PRACTICES,DELAWARE,9000,ALL CLASSES,00000000,,COUNTY,,CENSUS,"CROP TOTALS - SALES, MEASURED IN $",SALES,CROP TOTALS,(L),NOT SPECIFIED,CROP TOTALS
2017,$,,ALL UTILIZATION PRACTICES,TOTAL,ANNUAL,,"DELAWARE, SOUTHERN, SUSSEX",10,DE,YEAR,005,UNITED STATES,80,00,"182,405,000",SUSSEX,10,,005,00,2018-02-01 00:00:00.000,CROPS,SOUTHERN,ALL PRODUCTION PRACTICES,DELAWARE,9000,ALL CLASSES,00000000,,COUNTY,,CENSUS,"CROP TOTALS - SALES, MEASURED IN $",SALES,CROP TOTALS,6.4,NOT SPECIFIED,CROP TOTALS
2012,$,,ALL UTILIZATION PRACTICES,TOTAL,ANNUAL,,"DELAWARE, SOUTHERN, SUSSEX",10,DE,YEAR,005,UNITED STATES,80,00,"249,492,000",SUSSEX,10,,005,00,2012-12-31 00:00:00.000,CROPS,SOUTHERN,ALL PRODUCTION PRACTICES,DELAWARE,9000,ALL CLASSES,00000000,,COUNTY,,CENSUS,"CROP TOTALS - SALES, MEASURED IN $",SALES,CROP TOTALS,12.1,NOT SPECIFIED,CROP TOTALS
2007,$,,ALL UTILIZATION PRACTICES,TOTAL,ANNUAL,,"DELAWARE, SOUTHERN, SUSSEX",10,DE,YEAR,005,UNITED STATES,80,00,"128,069,000",SUSSEX,10,,005,00,2012-01-01 00:00:00.000,CROPS,SOUTHERN,ALL PRODUCTION PRACTICES,DELAWARE,9000,ALL CLASSES,00000000,,COUNTY,,CENSUS,"CROP TOTALS - SALES, MEASURED IN $",SALES,CROP TOTALS,,NOT SPECIFIED,CROP TOTALS
2002,$,,ALL UTILIZATION PRACTICES,TOTAL,ANNUAL,,"DELAWARE, SOUTHERN, SUSSEX",10,DE,YEAR,005,UNITED STATES,80,00,"72,890,000",SUSSEX,10,,005,00,2012-01-01 00:00:00.000,CROPS,SOUTHERN,ALL PRODUCTION PRACTICES,DELAWARE,9000,ALL CLASSES,00000000,,COUNTY,,CENSUS,"CROP TOTALS - SALES, MEASURED IN $",SALES,CROP TOTALS,,NOT SPECIFIED,CROP TOTALS
1997,$,,ALL UTILIZATION PRACTICES,TOTAL,ANNUAL,,"DELAWARE, SOUTHERN, SUSSEX",10,DE,YEAR,005,UNITED STATES,80,00,"87,326,000",SUSSEX,10,,005,00,2012-01-01 00:00:00.000,CROPS,SOUTHERN,ALL PRODUCTION PRACTICES,DELAWARE,9000,ALL CLASSES,00000000,,COUNTY,,CENSUS,"CROP TOTALS - SALES, MEASURED IN $",SALES,CROP TOTALS,,NOT SPECIFIED,CROP TOTALS
2022,$,,ALL UTILIZATION PRACTICES,TOTAL,ANNUAL,,DELAWARE,10,DE,YEAR,,UNITED STATES,,00,"470,700,000",,10,,,00,2024-07-02 12:00:00.000,CROPS,,ALL PRODUCTION PRACTICES,DELAWARE,9000,ALL CLASSES,00000000,,STATE,,CENSUS,"CROP TOTALS - SALES, MEASURED IN $",SALES,CROP TOTALS,3.0,NOT SPECIFIED,CROP TOTALS
2017,$,,ALL UTILIZATION PRACTICES,TOTAL,ANNUAL,,DELAWARE,10,DE,YEAR,,UNITED STATES,,00,"325,656,000",,10,,,00,2018-02-01 00:00:00.000,CROPS,,ALL PRODUCTION PRACTICES,DELAWARE,9000,ALL CLASSES,00000000,,STATE,,CENSUS,"CROP TOTALS - SALES, MEASURED IN $",SALES,CROP TOTALS,6.3,NOT SPECIFIED,CROP TOTALS
2012,$,,ALL UTILIZATION PRACTICES,TOTAL,ANNUAL,,DELAWARE,10,DE,YEAR,,UNITED STATES,,00,"429,039,000",,10,,,00,2012-12-31 00:00:00.000,CROPS,,ALL PRODUCTION PRACTICES,DELAWARE,9000,ALL CLASSES,00000000,,STATE,,CENSUS,"CROP TOTALS - SALES, MEASURED IN $",SALES,CROP TOTALS,8.0,NOT SPECIFIED,CROP TOTALS
2007,$,,ALL UTILIZATION PRACTICES,TOTAL,ANNUAL,,DELAWARE,10,DE,YEAR,,UNITED STATES,,00,"210,635,000",,10,,,00,2012-01-01 00:00:00.000,CROPS,,ALL PRODUCTION PRACTICES,DELAWARE,9000,ALL CLASSES,00000000,,STATE,,CENSUS,"CROP TOTALS - SALES, MEASURED IN $",SALES,CROP TOTALS,,NOT SPECIFIED,CROP TOTALS
2002,$,,ALL UTILIZATION PRACTICES,TOTAL,ANNUAL,,DELAWARE,10,DE,YEAR,,UNITED STATES,,00,"150,404,000",,10,,,00,2012-01-01 00:00:00.000,CROPS,,ALL PRODUCTION PRACTICES,DELAWARE,9000,ALL CLASSES,00000000,,STATE,,CENSUS,"CROP TOTALS - SALES, MEASURED IN $",SALES,CROP TOTALS,,NOT SPECIFIED,CROP TOTALS
1997,$,,ALL UTILIZATION PRACTICES,TOTAL,ANNUAL,,DELAWARE,10,DE,YEAR,,UNITED STATES,,00,"176,356,000",,10,,,00,2012-01-01 00:00:00.000,CROPS,,ALL PRODUCTION PRACTICES,DELAWARE,9000,ALL CLASSES,00000000,,STATE,,CENSUS,"CROP TOTALS - SALES, MEASURED IN $",SALES,CROP TOTALS,,NOT SPECIFIED,CROP TOTALS
2022,OPERATIONS,,ALL UTILIZATION PRACTICES,IRRIGATION STATUS,ANNUAL,,DELAWARE,10,DE,YEAR,,UNITED STATES,,00,547,,10,,,00,2024-07-02 12:00:00.000,CROPS,,ALL PRODUCTION PRACTICES,DELAWARE,9000,ALL CLASSES,00000000,,STATE,,CENSUS,CROP TOTALS - OPERATIONS WITH SALES,SALES,CROP TOTALS,4.8,IRRIGATION STATUS: (ANY ON OPERATION),CROP TOTALS
2017,OPERATIONS,,ALL UTILIZATION PRACTICES,IRRIGATION STATUS,ANNUAL,,DELAWARE,10,DE,YEAR,,UNITED STATES,,00,586,,10,,,00,2018-02-01 00:00:00.000,CROPS,,ALL PRODUCTION PRACTICES,DELAWARE,9000,ALL CLASSES,00000000,,STATE,,CENSUS,CROP TOTALS - OPERATIONS WITH SALES,SALES,CROP TOTALS,12.2,IRRIGATION STATUS: (ANY ON OPERATION),CROP TOTALS
2012,OPERATIONS,,ALL UTILIZATION PRACTICES,IRRIGATION STATUS,ANNUAL,,DELAWARE,10,DE,YEAR,,UNITED STATES,,00,504,,10,,,00,2012-12-31 00:00:00.000,CROPS,,ALL PRODUCTION PRACTICES,DELAWARE,9000,ALL CLASSES,00000000,,STATE,,CENSUS,CROP TOTALS - OPERATIONS WITH SALES,SALES,CROP TOTALS,15.0,IRRIGATION STATUS: (ANY ON OPERATION),CROP TOTALS
2007,OPERATIONS,,ALL UTILIZATION PRACTICES,IRRIGATION STATUS,ANNUAL,,DELAWARE,10,DE,YEAR,,UNITED STATES,,00,529,,10,,,00,2012-01-01 00:00:00.000,CROPS,,ALL PRODUCTION PRACTICES,DELAWARE,9000,ALL CLASSES,00000000,,STATE,,CENSUS,CROP TOTALS - OPERATIONS WITH SALES,SALES,CROP TOTALS,,IRRIGATION STATUS: (ANY ON OPERATION),CROP TOTALS
2002,OPERATIONS,,ALL UTILIZATION PRACTICES,IRRIGATION STATUS,ANNUAL,,DELAWARE,10,DE,YEAR,,UNITED STATES,,00,432,,10,,,00,2012-01-01 00:00:00.000,CROPS,,ALL PRODUCTION PRACTICES,DELAWARE,9000,ALL CLASSES,00000000,,STATE,,CENSUS,CROP TOTALS - OPERATIONS WITH SALES,SALES,CROP TOTALS,,IRRIGATION STATUS: (ANY ON OPERATION),CROP TOTALS
1997,OPERATIONS,,ALL UTILIZATION PRACTICES,IRRIGATION STATUS,ANNUAL,,DELAWARE,10,DE,YEAR,,UNITED STATES,,00,415,,10,,,00,2012-01-01 00:00:00.000,CROPS,,ALL PRODUCTION PRACTICES,DELAWARE,9000,ALL CLASSES,00000000,,STATE,,CENSUS,CROP TOTALS - OPERATIONS WITH SALES,SALES,CROP TOTALS,,IRRIGATION STATUS: (ANY ON OPERATION),CROP TOTALS
2022,OPERATIONS,,ALL UTILIZATION PRACTICES,IRRIGATION STATUS,ANNUAL,,DELAWARE,10,DE,YEAR,,UNITED STATES,,00,113,,10,,,00,2024-07-02 12:00:00.000,CROPS,,ALL PRODUCTION PRACTICES,DELAWARE,9000,ALL CLASSES,00000000,,STATE,,CENSUS,CROP TOTALS - OPERATIONS WITH SALES,SALES,CROP TOTALS,7.0,IRRIGATION STATUS: (HARVESTED CROPLAND IS ENTIRELY IRRIGATED),CROP TOTALS
2017,OPERATIONS,,ALL UTILIZATION PRACTICES,IRRIGATION STATUS,ANNUAL,,DELAWARE,10,DE,YEAR,,UNITED STATES,,00,124,,10,,,00,2018-02-01 00:00:00.000,CROPS,,ALL PRODUCTION PRACTICES,DELAWARE,9000,ALL CLASSES,00000000,,STATE,,CENSUS,CROP TOTALS - OPERATIONS WITH SALES,SALES,CROP TOTALS,19.0,IRRIGATION STATUS: (HARVESTED CROPLAND IS ENTIRELY IRRIGATED),CROP TOTALS
2012,OPERATIONS,,ALL UTILIZATION PRACTICES,IRRIGATION STATUS,ANNUAL,,DELAWARE,10,DE,YEAR,,UNITED STATES,,00,112,,10,,,00,2012-12-31 00:00:00.000,CROPS,,ALL PRODUCTION PRACTICES,DELAWARE,9000,ALL CLASSES,00000000,,STATE,,CENSUS,CROP TOTALS - OPERATIONS WITH SALES,SALES,CROP TOTALS,39.9,IRRIGATION STATUS: (HARVESTED CROPLAND IS ENTIRELY IRRIGATED),CROP TOTALS
2007,OPERATIONS,,ALL UTILIZATION PRACTICES,IRRIGATION STATUS,ANNUAL,,DELAWARE,10,DE,YEAR,,UNITED STATES,,00,192,,10,,,00,2012-01-01 00:00:00.000,CROPS,,ALL PRODUCTION PRACTICES,DELAWARE,9000,ALL CLASSES,00000000,,STATE,,CENSUS,CROP TOTALS - OPERATIONS WITH SALES,SALES,CROP TOTALS,,IRRIGATION STATUS: (HARVESTED CROPLAND IS ENTIRELY IRRIGATED),CROP TOTALS
2002,OPERATIONS,,ALL UTILIZATION PRACTICES,IRRIGATION STATUS,ANNUAL,,DELAWARE,10,DE,YEAR,,UNITED STATES,,00,108,,10,,,00,2012-01-01 00:00:00.000,CROPS,,ALL PRODUCTION PRACTICES,DELAWARE,9000,ALL CLASSES,00000000,,STATE,,CENSUS,CROP TOTALS - OPERATIONS WITH SALES,SALES,CROP TOTALS,,IRRIGATION STATUS: (HARVESTED CROPLAND IS ENTIRELY IRRIGATED),CROP TOTALS
1997,OPERATIONS,,ALL UTILIZATION PRACTICES,IRRIGATION STATUS,ANNUAL,,DELAWARE,10,DE,YEAR,,UNITED STATES,,00,125,,10,,,00,2012-01-01 00:00:00.000,CROPS,,ALL PRODUCTION PRACTICES,DELAWARE,9000,ALL CLASSES,00000000,,STATE,,CENSUS,CROP TOTALS - OPERATIONS WITH SALES,SALES,CROP TOTALS,,IRRIGATION STATUS: (HARVESTED CROPLAND IS ENTIRELY IRRIGATED),CROP TOTALS
2022,OPERATIONS,,ALL UTILIZATION PRACTICES,IRRIGATION STATUS,ANNUAL,,DELAWARE,10,DE,YEAR,,UNITED STATES,,00,701,,10,,,00,2024-07-02 12:00:00.000,CROPS,,ALL PRODUCTION PRACTICES,DELAWARE,9000,ALL CLASSES,00000000,,STATE,,CENSUS,CROP TOTALS - OPERATIONS WITH SALES,SALES,CROP TOTALS,3.9,IRRIGATION STATUS: (NONE ON OPERATION),CROP TOTALS
2017,OPERATIONS,,ALL UTILIZATION PRACTICES,IRRIGATION STATUS,ANNUAL,,DELAWARE,10,DE,YEAR,,UNITED STATES,,00,722,,10,,,00,2018-02-01 00:00:00.000,CROPS,,ALL PRODUCTION PRACTICES,DELAWARE,9000,ALL CLASSES,00000000,,STATE,,CENSUS,CROP TOTALS - OPERATIONS WITH SALES,SALES,CROP TOTALS,10.7,IRRIGATION STATUS: (NONE ON OPERATION),CROP TOTALS
2012,OPERATIONS,,ALL UTILIZATION PRACTICES,IRRIGATION STATUS,ANNUAL,,DELAWARE,10,DE,YEAR,,UNITED STATES,,00,792,,10,,,00,2012-12-31 00:00:00.000,CROPS,,ALL PRODUCTION PRACTICES,DELAWARE,9000,ALL CLASSES,00000000,,STATE,,CENSUS,CROP TOTALS - OPERATIONS WITH SALES,SALES,CROP TOTALS,28.9,IRRIGATION STATUS: (NONE ON OPERATION),CROP TOTALS
2007,OPERATIONS,,ALL UTILIZATION PRACTICES,IRRIGATION STATUS,ANNUAL,,DELAWARE,10,DE,YEAR,,UNITED STATES,,00,988,,10,,,00,2012-01-01 00:00:00.000,CROPS,,ALL PRODUCTION PRACTICES,DELAWARE,9000,ALL CLASSES,00000000,,STATE,,CENSUS,CROP TOTALS - OPERATIONS WITH SALES,SALES,CROP TOTALS,,IRRIGATION STATUS: (NONE ON OPERATION),CROP TOTALS
2002,OPERATIONS,,ALL UTILIZATION PRACTICES,IRRIGATION STATUS,ANNUAL,,DELAWARE,10,DE,YEAR,,UNITED STATES,,00,934,,10,,,00,2012-01-01 00:00:00.000,CROPS,,ALL PRODUCTION PRACTICES,DELAWARE,9000,ALL CLASSES,00000000,,STATE,,CENSUS,CROP TOTALS - OPERATIONS WITH SALES,SALES,CROP TOTALS,,IRRIGATION STATUS: (NONE ON OPERATION),CROP TOTALS
1997,OPERATIONS,,ALL UTILIZATION PRACTICES,IRRIGATION STATUS,ANNUAL,,DELAWARE,10,DE,YEAR,,UNITED STATES,,00,"1,311",,10,,,00,2012-01-01 00:00:00.000,CROPS,,ALL PRODUCTION PRACTICES,DELAWARE,9000,ALL CLASSES,00000000,,STATE,,CENSUS,CROP TOTALS - OPERATIONS WITH SALES,SALES,CROP TOTALS,,IRRIGATION STATUS: (NONE ON OPERATION),CROP TOTALS
2007,OPERATIONS,,ALL UTILIZATION PRACTICES,SALES,ANNUAL,,DELAWARE,10,DE,YEAR,,UNITED STATES,,00,188,,10,,,00,2012-01-01 00:00:00.000,CROPS,,ALL PRODUCTION PRACTICES,DELAWARE,9000,ALL CLASSES,00000000,,STATE,,CENSUS,CROP TOTALS - OPERATIONS WITH SALES,SALES,CROP TOTALS,,"SALES: (250,000 OR MORE $)",CROP TOTALS
2022,OPERATIONS,,ALL UTILIZATION PRACTICES,SALES,ANNUAL,,19701,10,DE,YEAR,,UNITED STATES,,00,1,,10,,,00,2024-11-07 12:00:00.000,CROPS,,ALL PRODUCTION PRACTICES,DELAWARE,9000,ALL CLASSES,00000000,,ZIP CODE,19701,CENSUS,CROP TOTALS - OPERATIONS WITH SALES,SALES,CROP TOTALS,,"SALES: (250,000 OR MORE $)",CROP TOTALS
2017,OPERATIONS,,ALL UTILIZATION PRACTICES,SALES,ANNUAL,,19707,10,DE,YEAR,,UNITED STATES,,00,1,,10,,,00,2018-02-01 12:00:00.000,CROPS,,ALL PRODUCTION PRACTICES,DELAWARE,9000,ALL CLASSES,00000000,,ZIP CODE,19707,CENSUS,CROP TOTALS - OPERATIONS WITH SALES,SALES,CROP TOTALS,,"SALES: (250,000 OR MORE $)",CROP TOTALS
2007,OPERATIONS,,ALL UTILIZATION PRACTICES,SALES,ANNUAL,,19707,10,DE,YEAR,,UNITED STATES,,00,2,,10,,,00,2012-01-01 00:00:00.000,CROPS,,ALL PRODUCTION PRACTICES,DELAWARE,9000,ALL CLASSES,00000000,,ZIP CODE,19707,CENSUS,CROP TOTALS - OPERATIONS WITH SALES,SALES,CROP TOTALS,,"SALES: (250,000 OR MORE $)",CROP TOTALS
2022,OPERATIONS,,ALL UTILIZATION PRACTICES,SALES,ANNUAL,,19709,10,DE,YEAR,,UNITED STATES,,00,28,,10,,,00,2024-11-07 12:00:00.000,CROPS,,ALL PRODUCTION PRACTICES,DELAWARE,9000,ALL CLASSES,00000000,,ZIP CODE,19709,CENSUS,CROP TOTALS - OPERATIONS WITH SALES,SALES,CROP TOTALS,,"SALES: (250,000 OR MORE $)",CROP TOTALS
2017,OPERATIONS,,ALL UTILIZATION PRACTICES,SALES,ANNUAL,,19709,10,DE,YEAR,,UNITED STATES,,00,16,,10,,,00,2018-02-01 12:00:00.000,CROPS,,ALL PRODUCTION PRACTICES,DELAWARE,9000,ALL CLASSES,00000000,,ZIP CODE,19709,CENSUS,CROP TOTALS - OPERATIONS WITH SALES,SALES,CROP TOTALS,,"SALES: (250,000 OR MORE $)",CROP TOTALS
2007,OPERATIONS,,ALL UTILIZATION PRACTICES,SALES,ANNUAL,,19709,10,DE,YEAR,,UNITED STATES,,00,9,,10,,,00,2012-01-01 00:00:00.000,CROPS,,ALL PRODUCTION PRACTICES,DELAWARE,9000,ALL CLASSES,00000000,,ZIP CODE,19709,CENSUS,CROP TOTALS - OPERATIONS WITH SALES,SALES,CROP TOTALS,,"SALES: (250,000 OR MORE $)",CROP TOTALS
2007,OPERATIONS,,ALL UTILIZATION PRACTICES,SALES,ANNUAL,,19720,10,DE,YEAR,,UNITED STATES,,00,1,,10,,,00,2012-01-01 00:00:00.000,CROPS,,ALL PRODUCTION PRACTICES,DELAWARE,9000,ALL CLASSES,00000000,,ZIP CODE,19720,CENSUS,CROP TOTALS - OPERATIONS WITH SALES,SALES,CROP TOTALS,,"SALES: (250,000 OR MORE $)",CROP TOTALS
2017,OPERATIONS,,ALL UTILIZATION PRACTICES,SALES,ANNUAL,,19733,10,DE,YEAR,,UNITED STATES,,00,1,,10,,,00,2018-02-01 12:00:00.000,CROPS,,ALL PRODUCTION PRACTICES,DELAWARE,9000,ALL CLASSES,00000000,,ZIP CODE,19733,CENSUS,CROP TOTALS - OPERATIONS WITH SALES,SALES,CROP TOTALS,,"SALES: (250,000 OR MORE $)",CROP TOTALS
2007,OPERATIONS,,ALL UTILIZATION PRACTICES,SALES,ANNUAL,,19733,10,DE,YEAR,,UNITED STATES,,00,1,,10,,,00,2012-01-01 00:00:00.000,CROPS,,ALL PRODUCTION PRACTICES,DELAWARE,9000,ALL CLASSES,00000000,,ZIP CODE,19733,CENSUS,CROP TOTALS - OPERATIONS WITH SALES,SALES,CROP TOTALS,,"SALES: (250,000 OR MORE $)",CROP TOTALS
2022,OPERATIONS,,ALL UTILIZATION PRACTICES,SALES,ANNUAL,,19734,10,DE,YEAR,,UNITED STATES,,00,8,,10,,,00,2024-11-07 12:00:00.000,CROPS,,ALL PRODUCTION PRACTICES,DELAWARE,9000,ALL CLASSES,00000000,,ZIP CODE,19734,CENSUS,CROP TOTALS - OPERATIONS WITH SALES,SALES,CROP TOTALS,,"SALES: (250,000 OR MORE $)",CROP TOTALS
2017,OPERATIONS,,ALL UTILIZATION PRACTICES,SALES,ANNUAL,,19734,10,DE,YEAR,,UNITED STATES,,00,10,,10,,,00,2018-02-01 12:00:00.000,CROPS,,ALL PRODUCTION PRACTICES,DELAWARE,9000,ALL CLASSES,00000000,,ZIP CODE,19734,CENSUS,CROP TOTALS - OPERATIONS WITH SALES,SALES,CROP TOTALS,,"SALES: (250,000 OR MORE $)",CROP TOTALS
2007,OPERATIONS,,ALL UTILIZATION PRACTICES,SALES,ANNUAL,,19734,10,DE,YEAR,,UNITED STATES,,00,3,,10,,,00,2012-01-01 00:00:00.000,CROPS,,ALL PRODUCTION PRACTICES,DELAWARE,9000,ALL CLASSES,00000000,,ZIP CODE,19734,CENSUS,CROP TOTALS - OPERATIONS WITH SALES,SALES,CROP TOTALS,,"SALES: (250,000 OR MORE $)",CROP TOTALS
2022,OPERATIONS,,ALL UTILIZATION PRACTICES,SALES,ANNUAL,,19803,10,DE,YEAR,,UNITED STATES,,00,1,,10,,,00,2024-11-07 12:00:00.000,CROPS,,ALL PRODUCTION PRACTICES,DELAWARE,9000,ALL CLASSES,00000000,,ZIP CODE,19803,CENSUS,CROP TOTALS - OPERATIONS WITH SALES,SALES,CROP TOTALS,,"SALES: (250,000 OR MORE $)",CROP TOTALS
2017,OPERATIONS,,ALL UTILIZATION PRACTICES,SALES,ANNUAL,,19803,10,DE,YEAR,,UNITED STATES,,00,1,,10,,,00,2018-02-01 12:00:00.000,CROPS,,ALL PRODUCTION PRACTICES,DELAWARE,9000,ALL CLASSES,00000000,,ZIP CODE,19803,CENSUS,CROP TOTALS - OPERATIONS WITH SALES,SALES,CROP TOTALS,,"SALES: (250,000 OR MORE $)",CROP TOTALS
2022,OPERATIONS,,ALL UTILIZATION PRACTICES,SALES,ANNUAL,,19807,10,DE,YEAR,,UNITED STATES,,00,1,,10,,,00,2024-11-07 12:00:00.000,CROPS,,ALL PRODUCTION PRACTICES,DELAWARE,9000,ALL CLASSES,00000000,,ZIP CODE,19807,CENSUS,CROP TOTALS - OPERATIONS WITH SALES,SALES,CROP TOTALS,,"SALES: (250,000 OR MORE $)",CROP TOTALS
2022,OPERATIONS,,ALL UTILIZATION PRACTICES,SALES,ANNUAL,,19901,10,DE,YEAR,,UNITED STATES,,00,7,,10,,,00,2024-11-07 12:00:00.000,CROPS,,ALL PRODUCTION PRACTICES,DELAWARE,9000,ALL CLASSES,00000000,,ZIP CODE,19901,CENSUS,CROP TOTALS - OPERATIONS WITH SALES,SALES,CROP TOTALS,,"SALES: (250,000 OR MORE $)",CROP TOTALS
2017,OPERATIONS,,ALL UTILIZATION PRACTICES,SALES,ANNUAL,,19901,10,DE,YEAR,,UNITED STATES,,00,6,,10,,,00,2018-02-01 12:00:00.000,CROPS,,ALL PRODUCTION PRACTICES,DELAWARE,9000,ALL CLASSES,00000000,,ZIP CODE,19901,CENSUS,CROP TOTALS - OPERATIONS WITH SALES,SALES,CROP TOTALS,,"SALES: (250,000 OR MORE $)",CROP TOTALS
2007,OPERATIONS,,ALL UTILIZATION PRACTICES,SALES,ANNUAL,,19901,10,DE,YEAR,,UNITED STATES,,00,4,,10,,,00,2012-01-01 00:00:00.000,CROPS,,ALL PRODUCTION PRACTICES,DELAWARE,9000,ALL CLASSES,00000000,,ZIP CODE,19901,CENSUS,CROP TOTALS - OPERATIONS WITH SALES,SALES,CROP TOTALS,,"SALES: (250,000 OR MORE $)",CROP TOTALS
2022,OPERATIONS,,ALL UTILIZATION PRACTICES,SALES,ANNUAL,,19904,10,DE,YEAR,,UNITED STATES,,00,6,,10,,,00,2024-11-07 12:00:00.000,CROPS,,ALL PRODUCTION PRACTICES,DELAWARE,9000,ALL CLASSES,00000000,,ZIP CODE,19904,CENSUS,CROP TOTALS - OPERATIONS WITH SALES,SALES,CROP TOTALS,,"SALES: (250,000 OR MORE $)",CROP TOTALS
2017,OPERATIONS,,ALL UTILIZATION PRACTICES,SALES,ANNUAL,,19904,10,DE,YEAR,,UNITED STATES,,00,3,,10,,,00,2018-02-01 12:00:00.000,CROPS,,ALL PRODUCTION PRACTICES,DELAWARE,9000,ALL CLASSES,00000000,,ZIP CODE,19904,CENSUS,CROP TOTALS - OPERATIONS WITH SALES,SALES,CROP TOTALS,,"SALES: (250,000 OR MORE $)",CROP TOTALS
2007,OPERATIONS,,ALL UTILIZATION PRACTICES,SALES,ANNUAL,,19904,10,DE,YEAR,,UNITED STATES,,00,2,,10,,,00,2012-01-01 00:00:00.000,CROPS,,ALL PRODUCTION PRACTICES,DELAWARE,9000,ALL CLASSES,00000000,,ZIP CODE,19904,CENSUS,CROP TOTALS - OPERATIONS WITH SALES,SALES,CROP TOTALS,,"SALES: (250,000 OR MORE $)",CROP TOTALS
2022,OPERATIONS,,ALL UTILIZATION PRACTICES,SALES,ANNUAL,,19931,10,DE,YEAR,,UNITED STATES,,00,2,,10,,,00,2024-11-07 12:00:00.000,CROPS,,ALL PRODUCTION PRACTICES,DELAWARE,9000,ALL CLASSES,00000000,,ZIP CODE,19931,CENSUS,CROP TOTALS - OPERATIONS WITH SALES,SALES,CROP TOTALS,,"SALES: (250,000 OR MORE $)",CROP TOTALS
2017,OPERATIONS,,ALL UTILIZATION PRACTICES,SALES,ANNUAL,,19931,10,DE,YEAR,,UNITED STATES,,00,3,,10,,,00,2018-02-01 12:00:00.000,CROPS,,ALL PRODUCTION PRACTICES,DELAWARE,9000,ALL CLASSES,00000000,,ZIP CODE,19931,CENSUS,CROP TOTALS - OPERATIONS WITH SALES,SALES,CROP TOTALS,,"SALES: (250,000 OR MORE $)",CROP TOTALS
2007,OPERATIONS,,ALL UTILIZATION PRACTICES,SALES,ANNUAL,,19931,10,DE,YEAR,,UNITED STATES,,00,4,,10,,,00,2012-01-01 00:00:00.000,CROPS,,ALL PRODUCTION PRACTICES,DELAWARE,9000,ALL CLASSES,00000000,,ZIP CODE,19931,CENSUS,CROP TOTALS - OPERATIONS WITH SALES,SALES,CROP TOTALS,,"SALES: (250,000 OR MORE $)",CROP TOTALS
2022,OPERATIONS,,ALL UTILIZATION PRACTICES,SALES,ANNUAL,,19933,10,DE,YEAR,,UNITED STATES,,00,11,,10,,,00,2024-11-07 12:00:00.000,CROPS,,ALL PRODUCTION PRACTICES,DELAWARE,9000,ALL CLASSES,00000000,,ZIP CODE,19933,CENSUS,CROP TOTALS - OPERATIONS WITH SALES,SALES,CROP TOTALS,,"SALES: (250,000 OR MORE $)",CROP TOTALS
2017,OPERATIONS,,ALL UTILIZATION PRACTICES,SALES,ANNUAL,,19933,10,DE,YEAR,,UNITED STATES,,00,14,,10,,,00,2018-02-01 12:00:00.000,CROPS,,ALL PRODUCTION PRACTICES,DELAWARE,9000,ALL CLASSES,00000000,,ZIP CODE,19933,CENSUS,CROP TOTALS - OPERATIONS WITH SALES,SALES,CROP TOTALS,,"SALES: (250,000 OR MORE $)",CROP TOTALS
2007,OPERATIONS,,ALL UTILIZATION PRACTICES,SALES,ANNUAL,,19933,10,DE,YEAR,,UNITED STATES,,00,14,,10,,,00,2012-01-01 00:00:00.000,CROPS,,ALL PRODUCTION PRACTICES,DELAWARE,9000,ALL CLASSES,00000000,,ZIP CODE,19933,CENSUS,CROP TOTALS - OPERATIONS WITH SALES,SALES,CROP TOTALS,,"SALES: (250,000 OR MORE $)",CROP TOTALS
2022,OPERATIONS,,ALL UTILIZATION PRACTICES,SALES,ANNUAL,,19934,10,DE,YEAR,,UNITED STATES,,00,2,,10,,,00,2024-11-07 12:00:00.000,CROPS,,ALL PRODUCTION PRACTICES,DELAWARE,9000,ALL CLASSES,00000000,,ZIP CODE,19934,CENSUS,CROP TOTALS - OPERATIONS WITH SALES,SALES,CROP TOTALS,,"SALES: (250,000 OR MORE $)",CROP TOTALS
2017,OPERATIONS,,ALL UTILIZATION PRACTICES,SALES,ANNUAL,,19934,10,DE,YEAR,,UNITED STATES,,00,3,,10,,,00,2018-02-01 12:00:00.000,CROPS,,ALL PRODUCTION PRACTICES,DELAWARE,9000,ALL CLASSES,00000000,,ZIP CODE,19934,CENSUS,CROP TOTALS - OPERATIONS WITH SALES,SALES,CROP TOTALS,,"SALES: (250,000 OR MORE $)",CROP TOTALS
2007,OPERATIONS,,ALL UTILIZATION PRACTICES,SALES,ANNUAL,,19934,10,DE,YEAR,,UNITED STATES,,00,2,,10,,,00,2012-01-01 00:00:00.000,CROPS,,ALL PRODUCTION PRACTICES,DELAWARE,9000,ALL CLASSES,00000000,,ZIP CODE,19934,CENSUS,CROP TOTALS - OPERATIONS WITH SALES,SALES,CROP TOTALS,,"SALES: (250,000 OR MORE $)",CROP TOTALS
2022,OPERATIONS,,ALL UTILIZATION PRACTICES,SALES,ANNUAL,,19938,10,DE,YEAR,,UNITED STATES,,00,14,,10,,,00,2024-11-07 12:00:00.000,CROPS,,ALL PRODUCTION PRACTICES,DELAWARE,9000,ALL CLASSES,00000000,,ZIP CODE,19938,CENSUS,CROP TOTALS - OPERATIONS WITH SALES,SALES,CROP TOTALS,,"SALES: (250,000 OR MORE $)",CROP TOTALS
2017,OPERATIONS,,ALL UTILIZATION PRACTICES,SALES,ANNUAL,,19938,10,DE,YEAR,,UNITED STATES,,00,8,,10,,,00,2018-02-01 12:00:00.000,CROPS,,ALL PRODUCTION PRACTICES,DELAWARE,9000,ALL CLASSES,00000000,,ZIP CODE,19938,CENSUS,CROP TOTALS - OPERATIONS WITH SALES,SALES,CROP TOTALS,,"SALES: (250,000 OR MORE $)",CROP TOTALS
2007,OPERATIONS,,ALL UTILIZATION PRACTICES,SALES,ANNUAL,,19938,10,DE,YEAR,,UNITED STATES,,00,10,,10,,,00,2012-01-01 00:00:00.000,CROPS,,ALL PRODUCTION PRACTICES,DELAWARE,9000,ALL CLASSES,00000000,,ZIP CODE,19938,CENSUS,CROP TOTALS - OPERATIONS WITH SALES,SALES,CROP TOTALS,,"SALES: (250,000 OR MORE $)",CROP TOTALS
2022,OPERATIONS,,ALL UTILIZATION PRACTICES,SALES,ANNUAL,,19939,10,DE,YEAR,,UNITED STATES,,00,3,,10,,,00,2024-11-07 12:00:00.000,CROPS,,ALL PRODUCTION PRACTICES,DELAWARE,9000,ALL CLASSES,00000000,,ZIP CODE,19939,CENSUS,CROP TOTALS - OPERATIONS WITH SALES,SALES,CROP TOTALS,,"SALES: (250,000 OR MORE $)",CROP TOTALS
2017,OPERATIONS,,ALL UTILIZATION PRACTICES,SALES,ANNUAL,,19939,10,DE,YEAR,,UNITED STATES,,00,3,,10,,,00,2018-02-01 12:00:00.000,CROPS,,ALL PRODUCTION PRACTICES,DELAWARE,9000,ALL CLASSES,00000000,,ZIP CODE,19939,CENSUS,CROP TOTALS - OPERATIONS WITH SALES,SALES,CROP TOTALS,,"SALES: (250,000 OR MORE $)",CROP TOTALS
2007,OPERATIONS,,ALL UTILIZATION PRACTICES,SALES,ANNUAL,,19939,10,DE,YEAR,,UNITED STATES,,00,1,,10,,,00,2012-01-01 00:00:00.000,CROPS,,ALL PRODUCTION PRACTICES,DELAWARE,9000,ALL CLASSES,00000000,,ZIP CODE,19939,CENSUS,CROP TOTALS - OPERATIONS WITH SALES,SALES,CROP TOTALS,,"SALES: (250,000 OR MORE $)",CROP TOTALS
2022,OPERATIONS,,ALL UTILIZATION PRACTICES,SALES,ANNUAL,,19940,10,DE,YEAR,,UNITED STATES,,00,6,,10,,,00,2024-11-07 12:00:00.000,CROPS,,ALL PRODUCTION PRACTICES,DELAWARE,9000,ALL CLASSES,00000000,,ZIP CODE,19940,CENSUS,CROP TOTALS - OPERATIONS WITH SALES,SALES,CROP TOTALS,,"SALES: (250,000 OR MORE $)",CROP TOTALS
2017,OPERATIONS,,ALL UTILIZATION PRACTICES,SALES,ANNUAL,,19940,10,DE,YEAR,,UNITED STATES,,00,8,,10,,,00,2018-02-01 12:00:00.000,CROPS,,ALL PRODUCTION PRACTICES,DELAWARE,9000,ALL CLASSES,00000000,,ZIP CODE,19940,CENSUS,CROP TOTALS - OPERATIONS WITH SALES,SALES,CROP TOTALS,,"SALES: (250,000 OR MORE $)",CROP TOTALS
2007,OPERATIONS,,ALL UTILIZATION PRACTICES,SALES,ANNUAL,,19940,10,DE,YEAR,,UNITED STATES,,00,7,,10,,,00,2012-01-01 00:00:00.000,CROPS,,ALL PRODUCTION PRACTICES,DELAWARE,9000,ALL CLASSES,00000000,,ZIP CODE,19940,CENSUS,CROP TOTALS - OPERATIONS WITH SALES,SALES,CROP TOTALS,,"SALES: (250,000 OR MORE $)",CROP TOTALS
2017,OPERATIONS,,ALL UTILIZATION PRACTICES,SALES,ANNUAL,,19941,10,DE,YEAR,,UNITED STATES,,00,1,,10,,,00,2018-02-01 12:00:00.000,CROPS,,ALL PRODUCTION PRACTICES,DELAWARE,9000,ALL CLASSES,00000000,,ZIP CODE,19941,CENSUS,CROP TOTALS - OPERATIONS WITH SALES,SALES,CROP TOTALS,,"SALES: (250,000 OR MORE $)",CROP TOTALS
2022,OPERATIONS,,ALL UTILIZATION PRACTICES,SALES,ANNUAL,,19943,10,DE,YEAR,,UNITED STATES,,00,14,,10,,,00,2024-11-07 12:00:00.000,CROPS,,ALL PRODUCTION PRACTICES,DELAWARE,9000,ALL CLASSES,00000000,,ZIP CODE,19943,CENSUS,CROP TOTALS - OPERATIONS WITH SALES,SALES,CROP TOTALS,,"SALES: (250,000 OR MORE $)",CROP TOTALS
2017,OPERATIONS,,ALL UTILIZATION PRACTICES,SALES,ANNUAL,,19943,10,DE,YEAR,,UNITED STATES,,00,16,,10,,,00,2018-02-01 12:00:00.000,CROPS,,ALL PRODUCTION PRACTICES,DELAWARE,9000,ALL CLASSES,00000000,,ZIP CODE,19943,CENSUS,CROP TOTALS - OPERATIONS WITH SALES,SALES,CROP TOTALS,,"SALES: (250,000 OR MORE $)",CROP TOTALS
2007,OPERATIONS,,ALL UTILIZATION PRACTICES,SALES,ANNUAL,,19943,10,DE,YEAR,,UNITED STATES,,00,5,,10,,,00,2012-01-01 00:00:00.000,CROPS,,ALL PRODUCTION PRACTICES,DELAWARE,9000,ALL CLASSES,00000000,,ZIP CODE,19943,CENSUS,CROP TOTALS - OPERATIONS WITH SALES,SALES,CROP TOTALS,,"SALES: (250,000 OR MORE $)",CROP TOTALS
2022,OPERATIONS,,ALL UTILIZATION PRACTICES,SALES,ANNUAL,,19945,10,DE,YEAR,,UNITED STATES,,00,5,,10,,,00,2024-11-07 12:00:00.000,CROPS,,ALL PRODUCTION PRACTICES,DELAWARE,9000,ALL CLASSES,00000000,,ZIP CODE,19945,CENSUS,CROP TOTALS - OPERATIONS WITH SALES,SALES,CROP TOTALS,,"SALES: (250,000 OR MORE $)",CROP TOTALS
2017,OPERATIONS,,ALL UTILIZATION PRACTICES,SALES,ANNUAL,,19945,10,DE,YEAR,,UNITED STATES,,00,4,,10,,,00,2018-02-01 12:00:00.000,CROPS,,ALL PRODUCTION PRACTICES,DELAWARE,9000,ALL CLASSES,00000000,,ZIP CODE,19945,CENSUS,CROP TOTALS - OPERATIONS WITH SALES,SALES,CROP TOTALS,,"SALES: (250,000 OR MORE $)",CROP TOTALS
2007,OPERATIONS,,ALL UTILIZATION PRACTICES,SALES,ANNUAL,,19945,10,DE,YEAR,,UNITED STATES,,00,2,,10,,,00,2012-01-01 00:00:00.000,CROPS,,ALL PRODUCTION PRACTICES,DELAWARE,9000,ALL CLASSES,00000000,,ZIP CODE,19945,CENSUS,CROP TOTALS - OPERATIONS WITH SALES,SALES,CROP TOTALS,,"SALES: (250,000 OR MORE $)",CROP TOTALS
2022,OPERATIONS,,ALL UTILIZATION PRACTICES,SALES,ANNUAL,,19946,10,DE,YEAR,,UNITED STATES,,00,1,,10,,,00,2024-11-07 12:00:00.000,CROPS,,ALL PRODUCTION PRACTICES,DELAWARE,9000,ALL CLASSES,00000000,,ZIP CODE,19946,CENSUS,CROP TOTALS - OPERATIONS WITH SALES,SALES,CROP TOTALS,,"SALES: (250,000 OR MORE $)",CROP TOTALS
2017,OPERATIONS,,ALL UTILIZATION PRACTICES,SALES,ANNUAL,,19946,10,DE,YEAR,,UNITED STATES,,00,1,,10,,,00,2018-02-01 12:00:00.000,CROPS,,ALL PRODUCTION PRACTICES,DELAWARE,9000,ALL CLASSES,00000000,,ZIP CODE,19946,CENSUS,CROP TOTALS - OPERATIONS WITH SALES,SALES,CROP TOTALS,,"SALES: (250,000 OR MORE $)",CROP TOTALS
2007,OPERATIONS,,ALL UTILIZATION PRACTICES,SALES,ANNUAL,,19946,10,DE,YEAR,,UNITED STATES,,00,1,,10,,,00,2012-01-01 00:00:00.000,CROPS,,ALL PRODUCTION PRACTICES,DELAWARE,9000,ALL CLASSES,00000000,,ZIP CODE,19946,CENSUS,CROP TOTALS - OPERATIONS WITH SALES,SALES,CROP TOTALS,,"SALES: (250,000 OR MORE $)",CROP TOTALS
2022,OPERATIONS,,ALL UTILIZATION PRACTICES,SALES,ANNUAL,,19947,10,DE,YEAR,,UNITED STATES,,00,8,,10,,,00,2024-11-07 12:00:00.000,CROPS,,ALL PRODUCTION PRACTICES,DELAWARE,9000,ALL CLASSES,00000000,,ZIP CODE,19947,CENSUS,CROP TOTALS - OPERATIONS WITH SALES,SALES,CROP TOTALS,,"SALES: (250,000 OR MORE $)",CROP TOTALS
2017,OPERATIONS,,ALL UTILIZATION PRACTICES,SALES,ANNUAL,,19947,10,DE,YEAR,,UNITED STATES,,00,14,,10,,,00,2018-02-01 12:00:00.000,CROPS,,ALL PRODUCTION PRACTICES,DELAWARE,9000,ALL CLASSES,00000000,,ZIP CODE,19947,CENSUS,CROP TOTALS - OPERATIONS WITH SALES,SALES,CROP TOTALS,,"SALES: (250,000 OR MORE $)",CROP TOTALS
2007,OPERATIONS,,ALL UTILIZATION PRACTICES,SALES,ANNUAL,,19947,10,DE,YEAR,,UNITED STATES,,00,7,,10,,,00,2012-01-01 00:00:00.000,CROPS,,ALL PRODUCTION PRACTICES,DELAWARE,9000,ALL CLASSES,00000000,,ZIP CODE,19947,CENSUS,CROP TOTALS - OPERATIONS WITH SALES,SALES,CROP TOTALS,,"SALES: (250,000 OR MORE $)",CROP TOTALS
2022,OPERATIONS,,ALL UTILIZATION PRACTICES,SALES,ANNUAL,,19950,10,DE,YEAR,,UNITED STATES,,00,16,,10,,,00,2024-11-07 12:00:00.000,CROPS,,ALL PRODUCTION PRACTICES,DELAWARE,9000,ALL CLASSES,00000000,,ZIP CODE,19950,CENSUS,CROP TOTALS - OPERATIONS WITH SALES,SALES,CROP TOTALS,,"SALES: (250,000 OR MORE $)",CROP TOTALS
2017,OPERATIONS,,ALL UTILIZATION PRACTICES,SALES,ANNUAL,,19950,10,DE,YEAR,,UNITED STATES,,00,20,,10,,,00,2018-02-01 12:00:00.000,CROPS,,ALL PRODUCTION PRACTICES,DELAWARE,9000,ALL CLASSES,00000000,,ZIP CODE,19950,CENSUS,CROP TOTALS - OPERATIONS WITH SALES,SALES,CROP TOTALS,,"SALES: (250,000 OR MORE $)",CROP TOTALS
2007,OPERATIONS,,ALL UTILIZATION PRACTICES,SALES,ANNUAL,,19950,10,DE,YEAR,,UNITED STATES,,00,7,,10,,,00,2012-01-01 00:00:00.000,CROPS,,ALL PRODUCTION PRACTICES,DELAWARE,9000,ALL CLASSES,00000000,,ZIP CODE,19950,CENSUS,CROP TOTALS - OPERATIONS WITH SALES,SALES,CROP TOTALS,,"SALES: (250,000 OR MORE $)",CROP TOTALS
2022,OPERATIONS,,ALL UTILIZATION PRACTICES,SALES,ANNUAL,,19951,10,DE,YEAR,,UNITED STATES,,00,1,,10,,,00,2024-11-07 12:00:00.000,CROPS,,ALL PRODUCTION PRACTICES,DELAWARE,9000,ALL CLASSES,00000000,,ZIP CODE,19951,CENSUS,CROP TOTALS - OPERATIONS WITH SALES,SALES,CROP TOTALS,,"SALES: (250,000 OR MORE $)",CROP TOTALS
2017,OPERATIONS,,ALL UTILIZATION PRACTICES,SALES,ANNUAL,,19951,10,DE,YEAR,,UNITED STATES,,00,3,,10,,,00,2018-02-01 12:00:00.000,CROPS,,ALL PRODUCTION PRACTICES,DELAWARE,9000,ALL CLASSES,00000000,,ZIP CODE,19951,CENSUS,CROP TOTALS - OPERATIONS WITH SALES,SALES,CROP TOTALS,,"SALES: (250,000 OR MORE $)",CROP TOTALS
2007,OPERATIONS,,ALL UTILIZATION PRACTICES,SALES,ANNUAL,,19951,10,DE,YEAR,,UNITED STATES,,00,3,,10,,,00,2012-01-01 00:00:00.000,CROPS,,ALL PRODUCTION PRACTICES,DELAWARE,9000,ALL CLASSES,00000000,,ZIP CODE,19951,CENSUS,CROP TOTALS - OPERATIONS WITH SALES,SALES,CROP TOTALS,,"SALES: (250,000 OR MORE $)",CROP TOTALS
2022,OPERATIONS,,ALL UTILIZATION PRACTICES,SALES,ANNUAL,,19952,10,DE,YEAR,,UNITED STATES,,00,38,,10,,,00,2024-11-07 12:00:00.000,CROPS,,ALL PRODUCTION PRACTICES,DELAWARE,9000,ALL CLASSES,00000000,,ZIP CODE,19952,CENSUS,CROP TOTALS - OPERATIONS WITH SALES,SALES,CROP TOTALS,,"SALES: (250,000 OR MORE $)",CROP TOTALS
2017,OPERATIONS,,ALL UTILIZATION PRACTICES,SALES,ANNUAL,,19952,10,DE,YEAR,,UNITED STATES,,00,26,,10,,,00,2018-02-01 12:00:00.000,CROPS,,ALL PRODUCTION PRACTICES,DELAWARE,9000,ALL CLASSES,00000000,,ZIP CODE,19952,CENSUS,CROP TOTALS - OPERATIONS WITH SALES,SALES,CROP TOTALS,,"SALES: (250,000 OR MORE $)",CROP TOTALS
2007,OPERATIONS,,ALL UTILIZATION PRACTICES,SALES,ANNUAL,,19952,10,DE,YEAR,,UNITED STATES,,00,11,,10,,,00,2012-01-01 00:00:00.000,CROPS,,ALL PRODUCTION PRACTICES,DELAWARE,9000,ALL CLASSES,00000000,,ZIP CODE,19952,CENSUS,CROP TOTALS - OPERATIONS WITH SALES,SALES,CROP TOTALS,,"SALES: (250,000 OR MORE $)",CROP TOTALS
2022,OPERATIONS,,ALL UTILIZATION PRACTICES,SALES,ANNUAL,,19953,10,DE,YEAR,,UNITED STATES,,00,4,,10,,,00,2024-11-07 12:00:00.000,CROPS,,ALL PRODUCTION PRACTICES,DELAWARE,9000,ALL CLASSES,00000000,,ZIP CODE,19953,CENSUS,CROP TOTALS - OPERATIONS WITH SALES,SALES,CROP TOTALS,,"SALES: (250,000 OR MORE $)",CROP TOTALS
2017,OPERATIONS,,ALL UTILIZATION PRACTICES,SALES,ANNUAL,,19953,10,DE,YEAR,,UNITED STATES,,00,3,,10,,,00,2018-02-01 12:00:00.000,CROPS,,ALL PRODUCTION PRACTICES,DELAWARE,9000,ALL CLASSES,00000000,,ZIP CODE,19953,CENSUS,CROP TOTALS - OPERATIONS WITH SALES,SALES,CROP TOTALS,,"SALES: (250,000 OR MORE $)",CROP TOTALS
2007,OPERATIONS,,ALL UTILIZATION PRACTICES,SALES,ANNUAL,,19953,10,DE,YEAR,,UNITED STATES,,00,1,,10,,,00,2012-01-01 00:00:00.000,CROPS,,ALL PRODUCTION PRACTICES,DELAWARE,9000,ALL CLASSES,00000000,,ZIP CODE,19953,CENSUS,CROP TOTALS - OPERATIONS WITH SALES,SALES,CROP TOTALS,,"SALES: (250,000 OR MORE $)",CROP TOTALS
2022,OPERATIONS,,ALL UTILIZATION PRACTICES,SALES,ANNUAL,,19954,10,DE,YEAR,,UNITED STATES,,00,3,,10,,,00,2024-11-07 12:00:00.000,CROPS,,ALL PRODUCTION PRACTICES,DELAWARE,9000,ALL CLASSES,00000000,,ZIP CODE,19954,CENSUS,CROP TOTALS - OPERATIONS WITH SALES,SALES,CROP TOTALS,,"SALES: (250,000 OR MORE $)",CROP TOTALS
2017,OPERATIONS,,ALL UTILIZATION PRACTICES,SALES,ANNUAL,,19954,10,DE,YEAR,,UNITED STATES,,00,2,,10,,,00,2018-02-01 12:00:00.000,CROPS,,ALL PRODUCTION PRACTICES,DELAWARE,9000,ALL CLASSES,00000000,,ZIP CODE,19954,CENSUS,CROP TOTALS - OPERATIONS WITH SALES,SALES,CROP TOTALS,,"SALES: (250,000 OR MORE $)",CROP TOTALS
2007,OPERATIONS,,ALL UTILIZATION PRACTICES,SALES,ANNUAL,,19954,10,DE,YEAR,,UNITED STATES,,00,2,,10,,,00,2012-01-01 00:00:00.000,CROPS,,ALL PRODUCTION PRACTICES,DELAWARE,9000,ALL CLASSES,00000000,,ZIP CODE,19954,CENSUS,CROP TOTALS - OPERATIONS WITH SALES,SALES,CROP TOTALS,,"SALES: (250,000 OR MORE $)",CROP TOTALS
2022,OPERATIONS,,ALL UTILIZATION PRACTICES,SALES,ANNUAL,,19955,10,DE,YEAR,,UNITED STATES,,00,1,,10,,,00,2024-11-07 12:00:00.000,CROPS,,ALL PRODUCTION PRACTICES,DELAWARE,9000,ALL CLASSES,00000000,,ZIP CODE,19955,CENSUS,CROP TOTALS - OPERATIONS WITH SALES,SALES,CROP TOTALS,,"SALES: (250,000 OR MORE $)",CROP TOTALS
2017,OPERATIONS,,ALL UTILIZATION PRACTICES,SALES,ANNUAL,,19955,10,DE,YEAR,,UNITED STATES,,00,1,,10,,,00,2018-02-01 12:00:00.000,CROPS,,ALL PRODUCTION PRACTICES,DELAWARE,9000,ALL CLASSES,00000000,,ZIP CODE,19955,CENSUS,CROP TOTALS - OPERATIONS WITH SALES,SALES,CROP TOTALS,,"SALES: (250,000 OR MORE $)",CROP TOTALS
2022,OPERATIONS,,ALL UTILIZATION PRACTICES,SALES,ANNUAL,,19956,10,DE,YEAR,,UNITED STATES,,00,40,,10,,,00,2024-11-07 12:00:00.000,CROPS,,ALL PRODUCTION PRACTICES,DELAWARE,9000,ALL CLASSES,00000000,,ZIP CODE,19956,CENSUS,CROP TOTALS - OPERATIONS WITH SALES,SALES,CROP TOTALS,,"SALES: (250,000 OR MORE $)",CROP TOTALS
2017,OPERATIONS,,ALL UTILIZATION PRACTICES,SALES,ANNUAL,,19956,10,DE,YEAR,,UNITED STATES,,00,25,,10,,,00,2018-02-01 12:00:00.000,CROPS,,ALL PRODUCTION PRACTICES,DELAWARE,9000,ALL CLASSES,00000000,,ZIP CODE,19956,CENSUS,CROP TOTALS - OPERATIONS WITH SALES,SALES,CROP TOTALS,,"SALES: (250,000 OR MORE $)",CROP TOTALS
2007,OPERATIONS,,ALL UTILIZATION PRACTICES,SALES,ANNUAL,,19956,10,DE,YEAR,,UNITED STATES,,00,18,,10,,,00,2012-01-01 00:00:00.000,CROPS,,ALL PRODUCTION PRACTICES,DELAWARE,9000,ALL CLASSES,00000000,,ZIP CODE,19956,CENSUS,CROP TOTALS - OPERATIONS WITH SALES,SALES,CROP TOTALS,,"SALES: (250,000 OR MORE $)",CROP TOTALS
2022,OPERATIONS,,ALL UTILIZATION PRACTICES,SALES,ANNUAL,,19958,10,DE,YEAR,,UNITED STATES,,00,2,,10,,,00,2024-11-07 12:00:00.000,CROPS,,ALL PRODUCTION PRACTICES,DELAWARE,9000,ALL CLASSES,00000000,,ZIP CODE,19958,CENSUS,CROP TOTALS - OPERATIONS WITH SALES,SALES,CROP TOTALS,,"SALES: (250,000 OR MORE $)",CROP TOTALS
2017,OPERATIONS,,ALL UTILIZATION PRACTICES,SALES,ANNUAL,,19958,10,DE,YEAR,,UNITED STATES,,00,2,,10,,,00,2018-02-01 12:00:00.000,CROPS,,ALL PRODUCTION PRACTICES,DELAWARE,9000,ALL CLASSES,00000000,,ZIP CODE,19958,CENSUS,CROP TOTALS - OPERATIONS WITH SALES,SALES,CROP TOTALS,,"SALES: (250,000 OR MORE $)",CROP TOTALS
2007,OPERATIONS,,ALL UTILIZATION PRACTICES,SALES,ANNUAL,,19958,10,DE,YEAR,,UNITED STATES,,00,1,,10,,,00,2012-01-01 00:00:00.000,CROPS,,ALL PRODUCTION PRACTICES,DELAWARE,9000,ALL CLASSES,00000000,,ZIP CODE,19958,CENSUS,CROP TOTALS - OPERATIONS WITH SALES,SALES,CROP TOTALS,,"SALES: (250,000 OR MORE $)",CROP TOTALS
2022,OPERATIONS,,ALL UTILIZATION PRACTICES,SALES,ANNUAL,,19960,10,DE,YEAR,,UNITED STATES,,00,7,,10,,,00,2024-11-07 12:00:00.000,CROPS,,ALL PRODUCTION PRACTICES,DELAWARE,9000,ALL CLASSES,00000000,,ZIP CODE,19960,CENSUS,CROP TOTALS - OPERATIONS WITH SALES,SALES,CROP TOTALS,,"SALES: (250,000 OR MORE $)",CROP TOTALS
2017,OPERATIONS,,ALL UTILIZATION PRACTICES,SALES,ANNUAL,,19960,10,DE,YEAR,,UNITED STATES,,00,2,,10,,,00,2018-02-01 12:00:00.000,CROPS,,ALL PRODUCTION PRACTICES,DELAWARE,9000,ALL CLASSES,00000000,,ZIP CODE,19960,CENSUS,CROP TOTALS - OPERATIONS WITH SALES,SALES,CROP TOTALS,,"SALES: (250,000 OR MORE $)",CROP TOTALS
2007,OPERATIONS,,ALL UTILIZATION PRACTICES,SALES,ANNUAL,,19960,10,DE,YEAR,,UNITED STATES,,00,6,,10,,,00,2012-01-01 00:00:00.000,CROPS,,ALL PRODUCTION PRACTICES,DELAWARE,9000,ALL CLASSES,00000000,,ZIP CODE,19960,CENSUS,CROP TOTALS - OPERATIONS WITH SALES,SALES,CROP TOTALS,,"SALES: (250,000 OR MORE $)",CROP TOTALS
2017,OPERATIONS,,ALL UTILIZATION PRACTICES,SALES,ANNUAL,,19961,10,DE,YEAR,,UNITED STATES,,00,1,,10,,,00,2018-02-01 12:00:00.000,CROPS,,ALL PRODUCTION PRACTICES,DELAWARE,9000,ALL CLASSES,00000000,,ZIP CODE,19961,CENSUS,CROP TOTALS - OPERATIONS WITH SALES,SALES,CROP TOTALS,,"SALES: (250,000 OR MORE $)",CROP TOTALS
2007,OPERATIONS,,ALL UTILIZATION PRACTICES,SALES,ANNUAL,,19961,10,DE,YEAR,,UNITED STATES,,00,1,,10,,,00,2012-01-01 00:00:00.000,CROPS,,ALL PRODUCTION PRACTICES,DELAWARE,9000,ALL CLASSES,00000000,,ZIP CODE,19961,CENSUS,CROP TOTALS - OPERATIONS WITH SALES,SALES,CROP TOTALS,,"SALES: (250,000 OR MORE $)",CROP TOTALS
2022,OPERATIONS,,ALL UTILIZATION PRACTICES,SALES,ANNUAL,,19963,10,DE,YEAR,,UNITED STATES,,00,14,,10,,,00,2024-11-07 12:00:00.000,CROPS,,ALL PRODUCTION PRACTICES,DELAWARE,9000,ALL CLASSES,00000000,,ZIP CODE,19963,CENSUS,CROP TOTALS - OPERATIONS WITH SALES,SALES,CROP TOTALS,,"SALES: (250,000 OR MORE $)",CROP TOTALS
2017,OPERATIONS,,ALL UTILIZATION PRACTICES,SALES,ANNUAL,,19963,10,DE,YEAR,,UNITED STATES,,00,17,,10,,,00,2018-02-01 12:00:00.000,CROPS,,ALL PRODUCTION PRACTICES,DELAWARE,9000,ALL CLASSES,00000000,,ZIP CODE,19963,CENSUS,CROP TOTALS - OPERATIONS WITH SALES,SALES,CROP TOTALS,,"SALES: (250,000 OR MORE $)",CROP TOTALS
2007,OPERATIONS,,ALL UTILIZATION PRACTICES,SALES,ANNUAL,,19963,10,DE,YEAR,,UNITED STATES,,00,13,,10,,,00,2012-01-01 00:00:00.000,CROPS,,ALL PRODUCTION PRACTICES,DELAWARE,9000,ALL CLASSES,00000000,,ZIP CODE,19963,CENSUS,CROP TOTALS - OPERATIONS WITH SALES,SALES,CROP TOTALS,,"SALES: (250,000 OR MORE $)",CROP TOTALS
2022,OPERATIONS,,ALL UTILIZATION PRACTICES,SALES,ANNUAL,,19964,10,DE,YEAR,,UNITED STATES,,00,1,,10,,,00,2024-11-07 12:00:00.000,CROPS,,ALL PRODUCTION PRACTICES,DELAWARE,9000,ALL CLASSES,00000000,,ZIP CODE,19964,CENSUS,CROP TOTALS - OPERATIONS WITH SALES,SALES,CROP TOTALS,,"SALES: (250,000 OR MORE $)",CROP TOTALS
2017,OPERATIONS,,ALL UTILIZATION PRACTICES,SALES,ANNUAL,,19964,10,DE,YEAR,,UNITED STATES,,00,1,,10,,,00,2018-02-01 12:00:00.000,CROPS,,ALL PRODUCTION PRACTICES,DELAWARE,9000,ALL CLASSES,00000000,,ZIP CODE,19964,CENSUS,CROP TOTALS - OPERATIONS WITH SALES,SALES,CROP TOTALS,,"SALES: (250,000 OR MORE $)",CROP TOTALS
2007,OPERATIONS,,ALL UTILIZATION PRACTICES,SALES,ANNUAL,,19964,10,DE,YEAR,,UNITED STATES,,00,1,,10,,,00,2012-01-01 00:00:00.000,CROPS,,ALL PRODUCTION PRACTICES,DELAWARE,9000,ALL CLASSES,00000000,,ZIP CODE,19964,CENSUS,CROP TOTALS - OPERATIONS WITH SALES,SALES,CROP TOTALS,,"SALES: (250,000 OR MORE $)",CROP TOTALS
2022,OPERATIONS,,ALL UTILIZATION PRACTICES,SALES,ANNUAL,,19966,10,DE,YEAR,,UNITED STATES,,00,20,,10,,,00,2024-11-07 12:00:00.000,CROPS,,ALL PRODUCTION PRACTICES,DELAWARE,9000,ALL CLASSES,00000000,,ZIP CODE,19966,CENSUS,CROP TOTALS - OPERATIONS WITH SALES,SALES,CROP TOTALS,,"SALES: (250,000 OR MORE $)",CROP TOTALS
2017,OPERATIONS,,ALL UTILIZATION PRACTICES,SALES,ANNUAL,,19966,10,DE,YEAR,,UNITED STATES,,00,14,,10,,,00,2018-02-01 12:00:00.000,CROPS,,ALL PRODUCTION PRACTICES,DELAWARE,9000,ALL CLASSES,00000000,,ZIP CODE,19966,CENSUS,CROP TOTALS - OPERATIONS WITH SALES,SALES,CROP TOTALS,,"SALES: (250,000 OR MORE $)",CROP TOTALS
2007,OPERATIONS,,ALL UTILIZATION PRACTICES,SALES,ANNUAL,,19966,10,DE,YEAR,,UNITED STATES,,00,6,,10,,,00,2012-01-01 00:00:00.000,CROPS,,ALL PRODUCTION PRACTICES,DELAWARE,9000,ALL CLASSES,00000000,,ZIP CODE,19966,CENSUS,CROP TOTALS - OPERATIONS WITH SALES,SALES,CROP TOTALS,,"SALES: (250,000 OR MORE $)",CROP TOTALS
2022,OPERATIONS,,ALL UTILIZATION PRACTICES,SALES,ANNUAL,,19968,10,DE,YEAR,,UNITED STATES,,00,22,,10,,,00,2024-11-07 12:00:00.000,CROPS,,ALL PRODUCTION PRACTICES,DELAWARE,9000,ALL CLASSES,00000000,,ZIP CODE,19968,CENSUS,CROP TOTALS - OPERATIONS WITH SALES,SALES,CROP TOTALS,,"SALES: (250,000 OR MORE $)",CROP TOTALS
2017,OPERATIONS,,ALL UTILIZATION PRACTICES,SALES,ANNUAL,,19968,10,DE,YEAR,,UNITED STATES,,00,11,,10,,,00,2018-02-01 12:00:00.000,CROPS,,ALL PRODUCTION PRACTICES,DELAWARE,9000,ALL CLASSES,00000000,,ZIP CODE,19968,CENSUS,CROP TOTALS - OPERATIONS WITH SALES,SALES,CROP TOTALS,,"SALES: (250,000 OR MORE $)",CROP TOTALS
2007,OPERATIONS,,ALL UTILIZATION PRACTICES,SALES,ANNUAL,,19968,10,DE,YEAR,,UNITED STATES,,00,8,,10,,,00,2012-01-01 00:00:00.000,CROPS,,ALL PRODUCTION PRACTICES,DELAWARE,9000,ALL CLASSES,00000000,,ZIP CODE,19968,CENSUS,CROP TOTALS - OPERATIONS WITH SALES,SALES,CROP TOTALS,,"SALES: (250,000 OR MORE $)",CROP TOTALS
2007,OPERATIONS,,ALL UTILIZATION PRACTICES,SALES,ANNUAL,,19969,10,DE,YEAR,,UNITED STATES,,00,1,,10,,,00,2012-01-01 00:00:00.000,CROPS,,ALL PRODUCTION PRACTICES,DELAWARE,9000,ALL CLASSES,00000000,,ZIP CODE,19969,CENSUS,CROP TOTALS - OPERATIONS WITH SALES,SALES,CROP TOTALS,,"SALES: (250,000 OR MORE $)",CROP TOTALS
2022,OPERATIONS,,ALL UTILIZATION PRACTICES,SALES,ANNUAL,,19971,10,DE,YEAR,,UNITED STATES,,00,2,,10,,,00,2024-11-07 12:00:00.000,CROPS,,ALL PRODUCTION PRACTICES,DELAWARE,9000,ALL CLASSES,00000000,,ZIP CODE,19971,CENSUS,CROP TOTALS - OPERATIONS WITH SALES,SALES,CROP TOTALS,,"SALES: (250,000 OR MORE $)",CROP TOTALS
2022,OPERATIONS,,ALL UTILIZATION PRACTICES,SALES,ANNUAL,,19973,10,DE,YEAR,,UNITED STATES,,00,12,,10,,,00,2024-11-07 12:00:00.000,CROPS,,ALL PRODUCTION PRACTICES,DELAWARE,9000,ALL CLASSES,00000000,,ZIP CODE,19973,CENSUS,CROP TOTALS - OPERATIONS WITH SALES,SALES,CROP TOTALS,,"SALES: (250,000 OR MORE $)",CROP TOTALS
2017,OPERATIONS,,ALL UTILIZATION PRACTICES,SALES,ANNUAL,,19973,10,DE,YEAR,,UNITED STATES,,00,17,,10,,,00,2018-02-01 12:00:00.000,CROPS,,ALL PRODUCTION PRACTICES,DELAWARE,9000,ALL CLASSES,00000000,,ZIP CODE,19973,CENSUS,CROP TOTALS - OPERATIONS WITH SALES,SALES,CROP TOTALS,,"SALES: (250,000 OR MORE $)",CROP TOTALS
2007,OPERATIONS,,ALL UTILIZATION PRACTICES,SALES,ANNUAL,,19973,10,DE,YEAR,,UNITED STATES,,00,8,,10,,,00,2012-01-01 00:00:00.000,CROPS,,ALL PRODUCTION PRACTICES,DELAWARE,9000,ALL CLASSES,00000000,,ZIP CODE,19973,CENSUS,CROP TOTALS - OPERATIONS WITH SALES,SALES,CROP TOTALS,,"SALES: (250,000 OR MORE $)",CROP TOTALS
2022,OPERATIONS,,ALL UTILIZATION PRACTICES,SALES,ANNUAL,,19975,10,DE,YEAR,,UNITED STATES,,00,3,,10,,,00,2024-11-07 12:00:00.000,CROPS,,ALL PRODUCTION PRACTICES,DELAWARE,9000,ALL CLASSES,00000000,,ZIP CODE,19975,CENSUS,CROP TOTALS - OPERATIONS WITH SALES,SALES,CROP TOTALS,,"SALES: (250,000 OR MORE $)",CROP TOTALS
2017,OPERATIONS,,ALL UTILIZATION PRACTICES,SALES,ANNUAL,,19975,10,DE,YEAR,,UNITED STATES,,00,4,,10,,,00,2018-02-01 12:00:00.000,CROPS,,ALL PRODUCTION PRACTICES,DELAWARE,9000,ALL CLASSES,00000000,,ZIP CODE,19975,CENSUS,CROP TOTALS - OPERATIONS WITH SALES,SALES,CROP TOTALS,,"SALES: (250,000 OR MORE $)",CROP TOTALS
2007,OPERATIONS,,ALL UTILIZATION PRACTICES,SALES,ANNUAL,,19975,10,DE,YEAR,,UNITED STATES,,00,4,,10,,,00,2012-01-01 00:00:00.000,CROPS,,ALL PRODUCTION PRACTICES,DELAWARE,9000,ALL CLASSES,00000000,,ZIP CODE,19975,CENSUS,CROP TOTALS - OPERATIONS WITH SALES,SALES,CROP TOTALS,,"SALES: (250,000 OR MORE $)",CROP TOTALS
2022,OPERATIONS,,ALL UTILIZATION PRACTICES,SALES,ANNUAL,,19977,10,DE,YEAR,,UNITED STATES,,00,18,,10,,,00,2024-11-07 12:00:00.000,CROPS,,ALL PRODUCTION PRACTICES,DELAWARE,9000,ALL CLASSES,00000000,,ZIP CODE,19977,CENSUS,CROP TOTALS - OPERATIONS WITH SALES,SALES,CROP TOTALS,,"SALES: (250,000 OR MORE $)",CROP TOTALS
2017,OPERATIONS,,ALL UTILIZATION PRACTICES,SALES,ANNUAL,,19977,10,DE,YEAR,,UNITED STATES,,00,23,,10,,,00,2018-02-01 12:00:00.000,CROPS,,ALL PRODUCTION PRACTICES,DELAWARE,9000,ALL CLASSES,00000000,,ZIP CODE,19977,CENSUS,CROP TOTALS - OPERATIONS WITH SALES,SALES,CROP TOTALS,,"SALES: (250,000 OR MORE $)",CROP TOTALS
2007,OPERATIONS,,ALL UTILIZATION PRACTICES,SALES,ANNUAL,,19977,10,DE,YEAR,,UNITED STATES,,00,15,,10,,,00,2012-01-01 00:00:00.000,CROPS,,ALL PRODUCTION PRACTICES,DELAWARE,9000,ALL CLASSES,00000000,,ZIP CODE,19977,CENSUS,CROP TOTALS - OPERATIONS WITH SALES,SALES,CROP TOTALS,,"SALES: (250,000 OR MORE $)",CROP TOTALS
2017,OPERATIONS,,ALL UTILIZATION PRACTICES,SALES,ANNUAL,,19979,10,DE,YEAR,,UNITED STATES,,00,2,,10,,,00,2018-02-01 12:00:00.000,CROPS,,ALL PRODUCTION PRACTICES,DELAWARE,9000,ALL CLASSES,00000000,,ZIP CODE,19979,CENSUS,CROP TOTALS - OPERATIONS WITH SALES,SALES,CROP TOTALS,,"SALES: (250,000 OR MORE $)",CROP TOTALS
2022,OPERATIONS,,ALL UTILIZATION PRACTICES,SALES,ANNUAL,,99999,10,DE,YEAR,,UNITED STATES,,00,13,,10,,,00,2024-11-07 12:00:00.000,CROPS,,ALL PRODUCTION PRACTICES,DELAWARE,9000,ALL CLASSES,00000000,,ZIP CODE,99999,CENSUS,CROP TOTALS - OPERATIONS WITH SALES,SALES,CROP TOTALS,,"SALES: (250,000 OR MORE $)",CROP TOTALS
2017,OPERATIONS,,ALL UTILIZATION PRACTICES,SALES,ANNUAL,,99999,10,DE,YEAR,,UNITED STATES,,00,10,,10,,,00,2018-02-01 12:00:00.000,CROPS,,ALL PRODUCTION PRACTICES,DELAWARE,9000,ALL CLASSES,00000000,,ZIP CODE,99999,CENSUS,CROP TOTALS - OPERATIONS WITH SALES,SALES,CROP TOTALS,,"SALES: (250,000 OR MORE $)",CROP TOTALS
2007,OPERATIONS,,ALL UTILIZATION PRACTICES,SALES,ANNUAL,,99999,10,DE,YEAR,,UNITED STATES,,00,7,,10,,,00,2012-01-01 00:00:00.000,CROPS,,ALL PRODUCTION PRACTICES,DELAWARE,9000,ALL CLASSES,00000000,,ZIP CODE,99999,CENSUS,CROP TOTALS - OPERATIONS WITH SALES,SALES,CROP TOTALS,,"SALES: (250,000 OR MORE $)",CROP TOTALS
2007,OPERATIONS,,ALL UTILIZATION PRACTICES,SALES,ANNUAL,,DELAWARE,10,DE,YEAR,,UNITED STATES,,00,273,,10,,,00,2012-01-01 00:00:00.000,CROPS,,ALL PRODUCTION PRACTICES,DELAWARE,9000,ALL CLASSES,00000000,,STATE,,CENSUS,CROP TOTALS - OPERATIONS WITH SALES,SALES,CROP TOTALS,,"SALES: (50,000 TO 249,999 $)",CROP TOTALS
2017,OPERATIONS,,ALL UTILIZATION PRACTICES,SALES,ANNUAL,,19701,10,DE,YEAR,,UNITED STATES,,00,2,,10,,,00,2018-02-01 12:00:00.000,CROPS,,ALL PRODUCTION PRACTICES,DELAWARE,9000,ALL CLASSES,00000000,,ZIP CODE,19701,CENSUS,CROP TOTALS - OPERATIONS WITH SALES,SALES,CROP TOTALS,,"SALES: (50,000 TO 249,999 $)",CROP TOTALS
2022,OPERATIONS,,ALL UTILIZATION PRACTICES,SALES,ANNUAL,,19702,10,DE,YEAR,,UNITED STATES,,00,2,,10,,,00,2024-11-07 12:00:00.000,CROPS,,ALL PRODUCTION PRACTICES,DELAWARE,9000,ALL CLASSES,00000000,,ZIP CODE,19702,CENSUS,CROP TOTALS - OPERATIONS WITH SALES,SALES,CROP TOTALS,,"SALES: (50,000 TO 249,999 $)",CROP TOTALS
2017,OPERATIONS,,ALL UTILIZATION PRACTICES,SALES,ANNUAL,,19702,10,DE,YEAR,,UNITED STATES,,00,1,,10,,,00,2018-02-01 12:00:00.000,CROPS,,ALL PRODUCTION PRACTICES,DELAWARE,9000,ALL CLASSES,00000000,,ZIP CODE,19702,CENSUS,CROP TOTALS - OPERATIONS WITH SALES,SALES,CROP TOTALS,,"SALES: (50,000 TO 249,999 $)",CROP TOTALS
2007,OPERATIONS,,ALL UTILIZATION PRACTICES,SALES,ANNUAL,,19702,10,DE,YEAR,,UNITED STATES,,00,2,,10,,,00,2012-01-01 00:00:00.000,CROPS,,ALL PRODUCTION PRACTICES,DELAWARE,9000,ALL CLASSES,00000000,,ZIP CODE,19702,CENSUS,CROP TOTALS - OPERATIONS WITH SALES,SALES,CROP TOTALS,,"SALES: (50,000 TO 249,999 $)",CROP TOTALS
2022,OPERATIONS,,ALL UTILIZATION PRACTICES,SALES,ANNUAL,,19707,10,DE,YEAR,,UNITED STATES,,00,2,,10,,,00,2024-11-07 12:00:00.000,CROPS,,ALL PRODUCTION PRACTICES,DELAWARE,9000,ALL CLASSES,00000000,,ZIP CODE,19707,CENSUS,CROP TOTALS - OPERATIONS WITH SALES,SALES,CROP TOTALS,,"SALES: (50,000 TO 249,999 $)",CROP TOTALS
2017,OPERATIONS,,ALL UTILIZATION PRACTICES,SALES,ANNUAL,,19707,10,DE,YEAR,,UNITED STATES,,00,4,,10,,,00,2018-02-01 12:00:00.000,CROPS,,ALL PRODUCTION PRACTICES,DELAWARE,9000,ALL CLASSES,00000000,,ZIP CODE,19707,CENSUS,CROP TOTALS - OPERATIONS WITH SALES,SALES,CROP TOTALS,,"SALES: (50,000 TO 249,999 $)",CROP TOTALS
2022,OPERATIONS,,ALL UTILIZATION PRACTICES,SALES,ANNUAL,,19709,10,DE,YEAR,,UNITED STATES,,00,5,,10,,,00,2024-11-07 12:00:00.000,CROPS,,ALL PRODUCTION PRACTICES,DELAWARE,9000,ALL CLASSES,00000000,,ZIP CODE,19709,CENSUS,CROP TOTALS - OPERATIONS WITH SALES,SALES,CROP TOTALS,,"SALES: (50,000 TO 249,999 $)",CROP TOTALS
2017,OPERATIONS,,ALL UTILIZATION PRACTICES,SALES,ANNUAL,,19709,10,DE,YEAR,,UNITED STATES,,00,11,,10,,,00,2018-02-01 12:00:00.000,CROPS,,ALL PRODUCTION PRACTICES,DELAWARE,9000,ALL CLASSES,00000000,,ZIP CODE,19709,CENSUS,CROP TOTALS - OPERATIONS WITH SALES,SALES,CROP TOTALS,,"SALES: (50,000 TO 249,999 $)",CROP TOTALS
2007,OPERATIONS,,ALL UTILIZATION PRACTICES,SALES,ANNUAL,,19709,10,DE,YEAR,,UNITED STATES,,00,16,,10,,,00,2012-01-01 00:00:00.000,CROPS,,ALL PRODUCTION PRACTICES,DELAWARE,9000,ALL CLASSES,00000000,,ZIP CODE,19709,CENSUS,CROP TOTALS - OPERATIONS WITH SALES,SALES,CROP TOTALS,,"SALES: (50,000 TO 249,999 $)",CROP TOTALS
2022,OPERATIONS,,ALL UTILIZATION PRACTICES,SALES,ANNUAL,,19711,10,DE,YEAR,,UNITED STATES,,00,3,,10,,,00,2024-11-07 12:00:00.000,CROPS,,ALL PRODUCTION PRACTICES,DELAWARE,9000,ALL CLASSES,00000000,,ZIP CODE,19711,CENSUS,CROP TOTALS - OPERATIONS WITH SALES,SALES,CROP TOTALS,,"SALES: (50,000 TO 249,999 $)",CROP TOTALS
2017,OPERATIONS,,ALL UTILIZATION PRACTICES,SALES,ANNUAL,,19711,10,DE,YEAR,,UNITED STATES,,00,4,,10,,,00,2018-02-01 12:00:00.000,CROPS,,ALL PRODUCTION PRACTICES,DELAWARE,9000,ALL CLASSES,00000000,,ZIP CODE,19711,CENSUS,CROP TOTALS - OPERATIONS WITH SALES,SALES,CROP TOTALS,,"SALES: (50,000 TO 249,999 $)",CROP TOTALS
2007,OPERATIONS,,ALL UTILIZATION PRACTICES,SALES,ANNUAL,,19711,10,DE,YEAR,,UNITED STATES,,00,2,,10,,,00,2012-01-01 00:00:00.000,CROPS,,ALL PRODUCTION PRACTICES,DELAWARE,9000,ALL CLASSES,00000000,,ZIP CODE,19711,CENSUS,CROP TOTALS - OPERATIONS WITH SALES,SALES,CROP TOTALS,,"SALES: (50,000 TO 249,999 $)",CROP TOTALS
2022,OPERATIONS,,ALL UTILIZATION PRACTICES,SALES,ANNUAL,,19713,10,DE,YEAR,,UNITED STATES,,00,1,,10,,,00,2024-11-07 12:00:00.000,CROPS,,ALL PRODUCTION PRACTICES,DELAWARE,9000,ALL CLASSES,00000000,,ZIP CODE,19713,CENSUS,CROP TOTALS - OPERATIONS WITH SALES,SALES,CROP TOTALS,,"SALES: (50,000 TO 249,999 $)",CROP TOTALS
2017,OPERATIONS,,ALL UTILIZATION PRACTICES,SALES,ANNUAL,,19715,10,DE,YEAR,,UNITED STATES,,00,3,,10,,,00,2018-02-01 12:00:00.000,CROPS,,ALL PRODUCTION PRACTICES,DELAWARE,9000,ALL CLASSES,00000000,,ZIP CODE,19715,CENSUS,CROP TOTALS - OPERATIONS WITH SALES,SALES,CROP TOTALS,,"SALES: (50,000 TO 249,999 $)",CROP TOTALS
2017,OPERATIONS,,ALL UTILIZATION PRACTICES,SALES,ANNUAL,,19720,10,DE,YEAR,,UNITED STATES,,00,1,,10,,,00,2018-02-01 12:00:00.000,CROPS,,ALL PRODUCTION PRACTICES,DELAWARE,9000,ALL CLASSES,00000000,,ZIP CODE,19720,CENSUS,CROP TOTALS - OPERATIONS WITH SALES,SALES,CROP TOTALS,,"SALES: (50,000 TO 249,999 $)",CROP TOTALS
2007,OPERATIONS,,ALL UTILIZATION PRACTICES,SALES,ANNUAL,,19720,10,DE,YEAR,,UNITED STATES,,00,3,,10,,,00,2012-01-01 00:00:00.000,CROPS,,ALL PRODUCTION PRACTICES,DELAWARE,9000,ALL CLASSES,00000000,,ZIP CODE,19720,CENSUS,CROP TOTALS - OPERATIONS WITH SALES,SALES,CROP TOTALS,,"SALES: (50,000 TO 249,999 $)",CROP TOTALS
2017,OPERATIONS,,ALL UTILIZATION PRACTICES,SALES,ANNUAL,,19734,10,DE,YEAR,,UNITED STATES,,00,12,,10,,,00,2018-02-01 12:00:00.000,CROPS,,ALL PRODUCTION PRACTICES,DELAWARE,9000,ALL CLASSES,00000000,,ZIP CODE,19734,CENSUS,CROP TOTALS - OPERATIONS WITH SALES,SALES,CROP TOTALS,,"SALES: (50,000 TO 249,999 $)",CROP TOTALS
2007,OPERATIONS,,ALL UTILIZATION PRACTICES,SALES,ANNUAL,,19734,10,DE,YEAR,,UNITED STATES,,00,15,,10,,,00,2012-01-01 00:00:00.000,CROPS,,ALL PRODUCTION PRACTICES,DELAWARE,9000,ALL CLASSES,00000000,,ZIP CODE,19734,CENSUS,CROP TOTALS - OPERATIONS WITH SALES,SALES,CROP TOTALS,,"SALES: (50,000 TO 249,999 $)",CROP TOTALS
2022,OPERATIONS,,ALL UTILIZATION PRACTICES,SALES,ANNUAL,,19803,10,DE,YEAR,,UNITED STATES,,00,1,,10,,,00,2024-11-07 12:00:00.000,CROPS,,ALL PRODUCTION PRACTICES,DELAWARE,9000,ALL CLASSES,00000000,,ZIP CODE,19803,CENSUS,CROP TOTALS - OPERATIONS WITH SALES,SALES,CROP TOTALS,,"SALES: (50,000 TO 249,999 $)",CROP TOTALS
2017,OPERATIONS,,ALL UTILIZATION PRACTICES,SALES,ANNUAL,,19803,10,DE,YEAR,,UNITED STATES,,00,2,,10,,,00,2018-02-01 12:00:00.000,CROPS,,ALL PRODUCTION PRACTICES,DELAWARE,9000,ALL CLASSES,00000000,,ZIP CODE,19803,CENSUS,CROP TOTALS - OPERATIONS WITH SALES,SALES,CROP TOTALS,,"SALES: (50,000 TO 249,999 $)",CROP TOTALS
2007,OPERATIONS,,ALL UTILIZATION PRACTICES,SALES,ANNUAL,,19803,10,DE,YEAR,,UNITED STATES,,00,2,,10,,,00,2012-01-01 00:00:00.000,CROPS,,ALL PRODUCTION PRACTICES,DELAWARE,9000,ALL CLASSES,00000000,,ZIP CODE,19803,CENSUS,CROP TOTALS - OPERATIONS WITH SALES,SALES,CROP TOTALS,,"SALES: (50,000 TO 249,999 $)",CROP TOTALS
2022,OPERATIONS,,ALL UTILIZATION PRACTICES,SALES,ANNUAL,,19807,10,DE,YEAR,,UNITED STATES,,00,1,,10,,,00,2024-11-07 12:00:00.000,CROPS,,ALL PRODUCTION PRACTICES,DELAWARE,9000,ALL CLASSES,00000000,,ZIP CODE,19807,CENSUS,CROP TOTALS - OPERATIONS WITH SALES,SALES,CROP TOTALS,,"SALES: (50,000 TO 249,999 $)",CROP TOTALS
2022,OPERATIONS,,ALL UTILIZATION PRACTICES,SALES,ANNUAL,,19808,10,DE,YEAR,,UNITED STATES,,00,1,,10,,,00,2024-11-07 12:00:00.000,CROPS,,ALL PRODUCTION PRACTICES,DELAWARE,9000,ALL CLASSES,00000000,,ZIP CODE,19808,CENSUS,CROP TOTALS - OPERATIONS WITH SALES,SALES,CROP TOTALS,,"SALES: (50,000 TO 249,999 $)",CROP TOTALS
2022,OPERATIONS,,ALL UTILIZATION PRACTICES,SALES,ANNUAL,,19901,10,DE,YEAR,,UNITED STATES,,00,8,,10,,,00,2024-11-07 12:00:00.000,CROPS,,ALL PRODUCTION PRACTICES,DELAWARE,9000,ALL CLASSES,00000000,,ZIP CODE,19901,CENSUS,CROP TOTALS - OPERATIONS WITH SALES,SALES,CROP TOTALS,,"SALES: (50,000 TO 249,999 $)",CROP TOTALS
2017,OPERATIONS,,ALL UTILIZATION PRACTICES,SALES,ANNUAL,,19901,10,DE,YEAR,,UNITED STATES,,00,12,,10,,,00,2018-02-01 12:00:00.000,CROPS,,ALL PRODUCTION PRACTICES,DELAWARE,9000,ALL CLASSES,00000000,,ZIP CODE,19901,CENSUS,CROP TOTALS - OPERATIONS WITH SALES,SALES,CROP TOTALS,,"SALES: (50,000 TO 249,999 $)",CROP TOTALS
2007,OPERATIONS,,ALL UTILIZATION PRACTICES,SALES,ANNUAL,,19901,10,DE,YEAR,,UNITED STATES,,00,5,,10,,,00,2012-01-01 00:00:00.000,CROPS,,ALL PRODUCTION PRACTICES,DELAWARE,9000,ALL CLASSES,00000000,,ZIP CODE,19901,CENSUS,CROP TOTALS - OPERATIONS WITH SALES,SALES,CROP TOTALS,,"SALES: (50,000 TO 249,999 $)",CROP TOTALS
2007,OPERATIONS,,ALL UTILIZATION PRACTICES,SALES,ANNUAL,,19903,10,DE,YEAR,,UNITED STATES,,00,1,,10,,,00,2012-01-01 00:00:00.000,CROPS,,ALL PRODUCTION PRACTICES,DELAWARE,9000,ALL CLASSES,00000000,,ZIP CODE,19903,CENSUS,CROP TOTALS - OPERATIONS WITH SALES,SALES,CROP TOTALS,,"SALES: (50,000 TO 249,999 $)",CROP TOTALS
2022,OPERATIONS,,ALL UTILIZATION PRACTICES,SALES,ANNUAL,,19904,10,DE,YEAR,,UNITED STATES,,00,10,,10,,,00,2024-11-07 12:00:00.000,CROPS,,ALL PRODUCTION PRACTICES,DELAWARE,9000,ALL CLASSES,00000000,,ZIP CODE,19904,CENSUS,CROP TOTALS - OPERATIONS WITH SALES,SALES,CROP TOTALS,,"SALES: (50,000 TO 249,999 $)",CROP TOTALS
2017,OPERATIONS,,ALL UTILIZATION PRACTICES,SALES,ANNUAL,,19904,10,DE,YEAR,,UNITED STATES,,00,2,,10,,,00,2018-02-01 12:00:00.000,CROPS,,ALL PRODUCTION PRACTICES,DELAWARE,9000,ALL CLASSES,00000000,,ZIP CODE,19904,CENSUS,CROP TOTALS - OPERATIONS WITH SALES,SALES,CROP TOTALS,,"SALES: (50,000 TO 249,999 $)",CROP TOTALS
2007,OPERATIONS,,ALL UTILIZATION PRACTICES,SALES,ANNUAL,,19904,10,DE,YEAR,,UNITED STATES,,00,8,,10,,,00,2012-01-01 00:00:00.000,CROPS,,ALL PRODUCTION PRACTICES,DELAWARE,9000,ALL CLASSES,00000000,,ZIP CODE,19904,CENSUS,CROP TOTALS - OPERATIONS WITH SALES,SALES,CROP TOTALS,,"SALES: (50,000 TO 249,999 $)",CROP TOTALS
2022,OPERATIONS,,ALL UTILIZATION PRACTICES,SALES,ANNUAL,,19930,10,DE,YEAR,,UNITED STATES,,00,3,,10,,,00,2024-11-07 12:00:00.000,CROPS,,ALL PRODUCTION PRACTICES,DELAWARE,9000,ALL CLASSES,00000000,,ZIP CODE,19930,CENSUS,CROP TOTALS - OPERATIONS WITH SALES,SALES,CROP TOTALS,,"SALES: (50,000 TO 249,999 $)",CROP TOTALS
2017,OPERATIONS,,ALL UTILIZATION PRACTICES,SALES,ANNUAL,,19930,10,DE,YEAR,,UNITED STATES,,00,2,,10,,,00,2018-02-01 12:00:00.000,CROPS,,ALL PRODUCTION PRACTICES,DELAWARE,9000,ALL CLASSES,00000000,,ZIP CODE,19930,CENSUS,CROP TOTALS - OPERATIONS WITH SALES,SALES,CROP TOTALS,,"SALES: (50,000 TO 249,999 $)",CROP TOTALS
2022,OPERATIONS,,ALL UTILIZATION PRACTICES,SALES,ANNUAL,,19933,10,DE,YEAR,,UNITED STATES,,00,12,,10,,,00,2024-11-07 12:00:00.000,CROPS,,ALL PRODUCTION PRACTICES,DELAWARE,9000,ALL CLASSES,00000000,,ZIP CODE,19933,CENSUS,CROP TOTALS - OPERATIONS WITH SALES,SALES,CROP TOTALS,,"SALES: (50,000 TO 249,999 $)",CROP TOTALS
2017,OPERATIONS,,ALL UTILIZATION PRACTICES,SALES,ANNUAL,,19933,10,DE,YEAR,,UNITED STATES,,00,16,,10,,,00,2018-02-01 12:00:00.000,CROPS,,ALL PRODUCTION PRACTICES,DELAWARE,9000,ALL CLASSES,00000000,,ZIP CODE,19933,CENSUS,CROP TOTALS - OPERATIONS WITH SALES,SALES,CROP TOTALS,,"SALES: (50,000 TO 249,999 $)",CROP TOTALS
2007,OPERATIONS,,ALL UTILIZATION PRACTICES,SALES,ANNUAL,,19933,10,DE,YEAR,,UNITED STATES,,00,13,,10,,,00,2012-01-01 00:00:00.000,CROPS,,ALL PRODUCTION PRACTICES,DELAWARE,9000,ALL CLASSES,00000000,,ZIP CODE,19933,CENSUS,CROP TOTALS - OPERATIONS WITH SALES,SALES,CROP TOTALS,,"SALES: (50,000 TO 249,999 $)",CROP TOTALS
2022,OPERATIONS,,ALL UTILIZATION PRACTICES,SALES,ANNUAL,,19934,10,DE,YEAR,,UNITED STATES,,00,4,,10,,,00,2024-11-07 12:00:00.000,CROPS,,ALL PRODUCTION PRACTICES,DELAWARE,9000,ALL CLASSES,00000000,,ZIP CODE,19934,CENSUS,CROP TOTALS - OPERATIONS WITH SALES,SALES,CROP TOTALS,,"SALES: (50,000 TO 249,999 $)",CROP TOTALS
2007,OPERATIONS,,ALL UTILIZATION PRACTICES,SALES,ANNUAL,,19934,10,DE,YEAR,,UNITED STATES,,00,3,,10,,,00,2012-01-01 00:00:00.000,CROPS,,ALL PRODUCTION PRACTICES,DELAWARE,9000,ALL CLASSES,00000000,,ZIP CODE,19934,CENSUS,CROP TOTALS - OPERATIONS WITH SALES,SALES,CROP TOTALS,,"SALES: (50,000 TO 249,999 $)",CROP TOTALS
2022,OPERATIONS,,ALL UTILIZATION PRACTICES,SALES,ANNUAL,,19938,10,DE,YEAR,,UNITED STATES,,00,11,,10,,,00,2024-11-07 12:00:00.000,CROPS,,ALL PRODUCTION PRACTICES,DELAWARE,9000,ALL CLASSES,00000000,,ZIP CODE,19938,CENSUS,CROP TOTALS - OPERATIONS WITH SALES,SALES,CROP TOTALS,,"SALES: (50,000 TO 249,999 $)",CROP TOTALS
2017,OPERATIONS,,ALL UTILIZATION PRACTICES,SALES,ANNUAL,,19938,10,DE,YEAR,,UNITED STATES,,00,11,,10,,,00,2018-02-01 12:00:00.000,CROPS,,ALL PRODUCTION PRACTICES,DELAWARE,9000,ALL CLASSES,00000000,,ZIP CODE,19938,CENSUS,CROP TOTALS - OPERATIONS WITH SALES,SALES,CROP TOTALS,,"SALES: (50,000 TO 249,999 $)",CROP TOTALS
2007,OPERATIONS,,ALL UTILIZATION PRACTICES,SALES,ANNUAL,,19938,10,DE,YEAR,,UNITED STATES,,00,9,,10,,,00,2012-01-01 00:00:00.000,CROPS,,ALL PRODUCTION PRACTICES,DELAWARE,9000,ALL CLASSES,00000000,,ZIP CODE,19938,CENSUS,CROP TOTALS - OPERATIONS WITH SALES,SALES,CROP TOTALS,,"SALES: (50,000 TO 249,999 $)",CROP TOTALS
2022,OPERATIONS,,ALL UTILIZATION PRACTICES,SALES,ANNUAL,,19939,10,DE,YEAR,,UNITED STATES,,00,4,,10,,,00,2024-11-07 12:00:00.000,CROPS,,ALL PRODUCTION PRACTICES,DELAWARE,9000,ALL CLASSES,00000000,,ZIP CODE,19939,CENSUS,CROP TOTALS - OPERATIONS WITH SALES,SALES,CROP TOTALS,,"SALES: (50,000 TO 249,999 $)",CROP TOTALS
2017,OPERATIONS,,ALL UTILIZATION PRACTICES,SALES,ANNUAL,,19939,10,DE,YEAR,,UNITED STATES,,00,2,,10,,,00,2018-02-01 12:00:00.000,CROPS,,ALL PRODUCTION PRACTICES,DELAWARE,9000,ALL CLASSES,00000000,,ZIP CODE,19939,CENSUS,CROP TOTALS - OPERATIONS WITH SALES,SALES,CROP TOTALS,,"SALES: (50,000 TO 249,999 $)",CROP TOTALS
2007,OPERATIONS,,ALL UTILIZATION PRACTICES,SALES,ANNUAL,,19939,10,DE,YEAR,,UNITED STATES,,00,3,,10,,,00,2012-01-01 00:00:00.000,CROPS,,ALL PRODUCTION PRACTICES,DELAWARE,9000,ALL CLASSES,00000000,,ZIP CODE,19939,CENSUS,CROP TOTALS - OPERATIONS WITH SALES,SALES,CROP TOTALS,,"SALES: (50,000 TO 249,999 $)",CROP TOTALS
2022,OPERATIONS,,ALL UTILIZATION PRACTICES,SALES,ANNUAL,,19940,10,DE,YEAR,,UNITED STATES,,00,8,,10,,,00,2024-11-07 12:00:00.000,CROPS,,ALL PRODUCTION PRACTICES,DELAWARE,9000,ALL CLASSES,00000000,,ZIP CODE,19940,CENSUS,CROP TOTALS - OPERATIONS WITH SALES,SALES,CROP TOTALS,,"SALES: (50,000 TO 249,999 $)",CROP TOTALS
2017,OPERATIONS,,ALL UTILIZATION PRACTICES,SALES,ANNUAL,,19940,10,DE,YEAR,,UNITED STATES,,00,10,,10,,,00,2018-02-01 12:00:00.000,CROPS,,ALL PRODUCTION PRACTICES,DELAWARE,9000,ALL CLASSES,00000000,,ZIP CODE,19940,CENSUS,CROP TOTALS - OPERATIONS WITH SALES,SALES,CROP TOTALS,,"SALES: (50,000 TO 249,999 $)",CROP TOTALS
2007,OPERATIONS,,ALL UTILIZATION PRACTICES,SALES,ANNUAL,,19940,10,DE,YEAR,,UNITED STATES,,00,12,,10,,,00,2012-01-01 00:00:00.000,CROPS,,ALL PRODUCTION PRACTICES,DELAWARE,9000,ALL CLASSES,00000000,,ZIP CODE,19940,CENSUS,CROP TOTALS - OPERATIONS WITH SALES,SALES,CROP TOTALS,,"SALES: (50,000 TO 249,999 $)",CROP TOTALS
2022,OPERATIONS,,ALL UTILIZATION PRACTICES,SALES,ANNUAL,,19943,10,DE,YEAR,,UNITED STATES,,00,7,,10,,,00,2024-11-07 12:00:00.000,CROPS,,ALL PRODUCTION PRACTICES,DELAWARE,9000,ALL CLASSES,00000000,,ZIP CODE,19943,CENSUS,CROP TOTALS - OPERATIONS WITH SALES,SALES,CROP TOTALS,,"SALES: (50,000 TO 249,999 $)",CROP TOTALS
2017,OPERATIONS,,ALL UTILIZATION PRACTICES,SALES,ANNUAL,,19943,10,DE,YEAR,,UNITED STATES,,00,10,,10,,,00,2018-02-01 12:00:00.000,CROPS,,ALL PRODUCTION PRACTICES,DELAWARE,9000,ALL CLASSES,00000000,,ZIP CODE,19943,CENSUS,CROP TOTALS - OPERATIONS WITH SALES,SALES,CROP TOTALS,,"SALES: (50,000 TO 249,999 $)",CROP TOTALS
2007,OPERATIONS,,ALL UTILIZATION PRACTICES,SALES,ANNUAL,,19943,10,DE,YEAR,,UNITED STATES,,00,11,,10,,,00,2012-01-01 00:00:00.000,CROPS,,ALL PRODUCTION PRACTICES,DELAWARE,9000,ALL CLASSES,00000000,,ZIP CODE,19943,CENSUS,CROP TOTALS - OPERATIONS WITH SALES,SALES,CROP TOTALS,,"SALES: (50,000 TO 249,999 $)",CROP TOTALS
2022,OPERATIONS,,ALL UTILIZATION PRACTICES,SALES,ANNUAL,,19945,10,DE,YEAR,,UNITED STATES,,00,5,,10,,,00,2024-11-07 12:00:00.000,CROPS,,ALL PRODUCTION PRACTICES,DELAWARE,9000,ALL CLASSES,00000000,,ZIP CODE,19945,CENSUS,CROP TOTALS - OPERATIONS WITH SALES,SALES,CROP TOTALS,,"SALES: (50,000 TO 249,999 $)",CROP TOTALS
2017,OPERATIONS,,ALL UTILIZATION PRACTICES,SALES,ANNUAL,,19945,10,DE,YEAR,,UNITED STATES,,00,7,,10,,,00,2018-02-01 12:00:00.000,CROPS,,ALL PRODUCTION PRACTICES,DELAWARE,9000,ALL CLASSES,00000000,,ZIP CODE,19945,CENSUS,CROP TOTALS - OPERATIONS WITH SALES,SALES,CROP TOTALS,,"SALES: (50,000 TO 249,999 $)",CROP TOTALS
2007,OPERATIONS,,ALL UTILIZATION PRACTICES,SALES,ANNUAL,,19945,10,DE,YEAR,,UNITED STATES,,00,12,,10,,,00,2012-01-01 00:00:00.000,CROPS,,ALL PRODUCTION PRACTICES,DELAWARE,9000,ALL CLASSES,00000000,,ZIP CODE,19945,CENSUS,CROP TOTALS - OPERATIONS WITH SALES,SALES,CROP TOTALS,,"SALES: (50,000 TO 249,999 $)",CROP TOTALS
2022,OPERATIONS,,ALL UTILIZATION PRACTICES,SALES,ANNUAL,,19947,10,DE,YEAR,,UNITED STATES,,00,10,,10,,,00,2024-11-07 12:00:00.000,CROPS,,ALL PRODUCTION PRACTICES,DELAWARE,9000,ALL CLASSES,00000000,,ZIP CODE,19947,CENSUS,CROP TOTALS - OPERATIONS WITH SALES,SALES,CROP TOTALS,,"SALES: (50,000 TO 249,999 $)",CROP TOTALS
2017,OPERATIONS,,ALL UTILIZATION PRACTICES,SALES,ANNUAL,,19947,10,DE,YEAR,,UNITED STATES,,00,11,,10,,,00,2018-02-01 12:00:00.000,CROPS,,ALL PRODUCTION PRACTICES,DELAWARE,9000,ALL CLASSES,00000000,,ZIP CODE,19947,CENSUS,CROP TOTALS - OPERATIONS WITH SALES,SALES,CROP TOTALS,,"SALES: (50,000 TO 249,999 $)",CROP TOTALS
2007,OPERATIONS,,ALL UTILIZATION PRACTICES,SALES,ANNUAL,,19947,10,DE,YEAR,,UNITED STATES,,00,14,,10,,,00,2012-01-01 00:00:00.000,CROPS,,ALL PRODUCTION PRACTICES,DELAWARE,9000,ALL CLASSES,00000000,,ZIP CODE,19947,CENSUS,CROP TOTALS - OPERATIONS WITH SALES,SALES,CROP TOTALS,,"SALES: (50,000 TO 249,999 $)",CROP TOTALS
2022,OPERATIONS,,ALL UTILIZATION PRACTICES,SALES,ANNUAL,,19950,10,DE,YEAR,,UNITED STATES,,00,13,,10,,,00,2024-11-07 12:00:00.000,CROPS,,ALL PRODUCTION PRACTICES,DELAWARE,9000,ALL CLASSES,00000000,,ZIP CODE,19950,CENSUS,CROP TOTALS - OPERATIONS WITH SALES,SALES,CROP TOTALS,,"SALES: (50,000 TO 249,999 $)",CROP TOTALS
2017,OPERATIONS,,ALL UTILIZATION PRACTICES,SALES,ANNUAL,,19950,10,DE,YEAR,,UNITED STATES,,00,16,,10,,,00,2018-02-01 12:00:00.000,CROPS,,ALL PRODUCTION PRACTICES,DELAWARE,9000,ALL CLASSES,00000000,,ZIP CODE,19950,CENSUS,CROP TOTALS - OPERATIONS WITH SALES,SALES,CROP TOTALS,,"SALES: (50,000 TO 249,999 $)",CROP TOTALS
2007,OPERATIONS,,ALL UTILIZATION PRACTICES,SALES,ANNUAL,,19950,10,DE,YEAR,,UNITED STATES,,00,15,,10,,,00,2012-01-01 00:00:00.000,CROPS,,ALL PRODUCTION PRACTICES,DELAWARE,9000,ALL CLASSES,00000000,,ZIP CODE,19950,CENSUS,CROP TOTALS - OPERATIONS WITH SALES,SALES,CROP TOTALS,,"SALES: (50,000 TO 249,999 $)",CROP TOTALS
2007,OPERATIONS,,ALL UTILIZATION PRACTICES,SALES,ANNUAL,,19951,10,DE,YEAR,,UNITED STATES,,00,2,,10,,,00,2012-01-01 00:00:00.000,CROPS,,ALL PRODUCTION PRACTICES,DELAWARE,9000,ALL CLASSES,00000000,,ZIP CODE,19951,CENSUS,CROP TOTALS - OPERATIONS WITH SALES,SALES,CROP TOTALS,,"SALES: (50,000 TO 249,999 $)",CROP TOTALS
2022,OPERATIONS,,ALL UTILIZATION PRACTICES,SALES,ANNUAL,,19952,10,DE,YEAR,,UNITED STATES,,00,30,,10,,,00,2024-11-07 12:00:00.000,CROPS,,ALL PRODUCTION PRACTICES,DELAWARE,9000,ALL CLASSES,00000000,,ZIP CODE,19952,CENSUS,CROP TOTALS - OPERATIONS WITH SALES,SALES,CROP TOTALS,,"SALES: (50,000 TO 249,999 $)",CROP TOTALS
2017,OPERATIONS,,ALL UTILIZATION PRACTICES,SALES,ANNUAL,,19952,10,DE,YEAR,,UNITED STATES,,00,30,,10,,,00,2018-02-01 12:00:00.000,CROPS,,ALL PRODUCTION PRACTICES,DELAWARE,9000,ALL CLASSES,00000000,,ZIP CODE,19952,CENSUS,CROP TOTALS - OPERATIONS WITH SALES,SALES,CROP TOTALS,,"SALES: (50,000 TO 249,999 $)",CROP TOTALS
2007,OPERATIONS,,ALL UTILIZATION PRACTICES,SALES,ANNUAL,,19952,10,DE,YEAR,,UNITED STATES,,00,13,,10,,,00,2012-01-01 00:00:00.000,CROPS,,ALL PRODUCTION PRACTICES,DELAWARE,9000,ALL CLASSES,00000000,,ZIP CODE,19952,CENSUS,CROP TOTALS - OPERATIONS WITH SALES,SALES,CROP TOTALS,,"SALES: (50,000 TO 249,999 $)",CROP TOTALS
2022,OPERATIONS,,ALL UTILIZATION PRACTICES,SALES,ANNUAL,,19953,10,DE,YEAR,,UNITED STATES,,00,2,,10,,,00,2024-11-07 12:00:00.000,CROPS,,ALL PRODUCTION PRACTICES,DELAWARE,9000,ALL CLASSES,00000000,,ZIP CODE,19953,CENSUS,CROP TOTALS - OPERATIONS WITH SALES,SALES,CROP TOTALS,,"SALES: (50,000 TO 249,999 $)",CROP TOTALS
2017,OPERATIONS,,ALL UTILIZATION PRACTICES,SALES,ANNUAL,,19953,10,DE,YEAR,,UNITED STATES,,00,7,,10,,,00,2018-02-01 12:00:00.000,CROPS,,ALL PRODUCTION PRACTICES,DELAWARE,9000,ALL CLASSES,00000000,,ZIP CODE,19953,CENSUS,CROP TOTALS - OPERATIONS WITH SALES,SALES,CROP TOTALS,,"SALES: (50,000 TO 249,999 $)",CROP TOTALS
2007,OPERATIONS,,ALL UTILIZATION PRACTICES,SALES,ANNUAL,,19953,10,DE,YEAR,,UNITED STATES,,00,5,,10,,,00,2012-01-01 00:00:00.000,CROPS,,ALL PRODUCTION PRACTICES,DELAWARE,9000,ALL CLASSES,00000000,,ZIP CODE,19953,CENSUS,CROP TOTALS - OPERATIONS WITH SALES,SALES,CROP TOTALS,,"SALES: (50,000 TO 249,999 $)",CROP TOTALS
2022,OPERATIONS,,ALL UTILIZATION PRACTICES,SALES,ANNUAL,,19954,10,DE,YEAR,,UNITED STATES,,00,3,,10,,,00,2024-11-07 12:00:00.000,CROPS,,ALL PRODUCTION PRACTICES,DELAWARE,9000,ALL CLASSES,00000000,,ZIP CODE,19954,CENSUS,CROP TOTALS - OPERATIONS WITH SALES,SALES,CROP TOTALS,,"SALES: (50,000 TO 249,999 $)",CROP TOTALS
2017,OPERATIONS,,ALL UTILIZATION PRACTICES,SALES,ANNUAL,,19954,10,DE,YEAR,,UNITED STATES,,00,1,,10,,,00,2018-02-01 12:00:00.000,CROPS,,ALL PRODUCTION PRACTICES,DELAWARE,9000,ALL CLASSES,00000000,,ZIP CODE,19954,CENSUS,CROP TOTALS - OPERATIONS WITH SALES,SALES,CROP TOTALS,,"SALES: (50,000 TO 249,999 $)",CROP TOTALS
2007,OPERATIONS,,ALL UTILIZATION PRACTICES,SALES,ANNUAL,,19954,10,DE,YEAR,,UNITED STATES,,00,1,,10,,,00,2012-01-01 00:00:00.000,CROPS,,ALL PRODUCTION PRACTICES,DELAWARE,9000,ALL CLASSES,00000000,,ZIP CODE,19954,CENSUS,CROP TOTALS - OPERATIONS WITH SALES,SALES,CROP TOTALS,,"SALES: (50,000 TO 249,999 $)",CROP TOTALS
2007,OPERATIONS,,ALL UTILIZATION PRACTICES,SALES,ANNUAL,,19955,10,DE,YEAR,,UNITED STATES,,00,2,,10,,,00,2012-01-01 00:00:00.000,CROPS,,ALL PRODUCTION PRACTICES,DELAWARE,9000,ALL CLASSES,00000000,,ZIP CODE,19955,CENSUS,CROP TOTALS - OPERATIONS WITH SALES,SALES,CROP TOTALS,,"SALES: (50,000 TO 249,999 $)",CROP TOTALS
2022,OPERATIONS,,ALL UTILIZATION PRACTICES,SALES,ANNUAL,,19956,10,DE,YEAR,,UNITED STATES,,00,25,,10,,,00,2024-11-07 12:00:00.000,CROPS,,ALL PRODUCTION PRACTICES,DELAWARE,9000,ALL CLASSES,00000000,,ZIP CODE,19956,CENSUS,CROP TOTALS - OPERATIONS WITH SALES,SALES,CROP TOTALS,,"SALES: (50,000 TO 249,999 $)",CROP TOTALS
2017,OPERATIONS,,ALL UTILIZATION PRACTICES,SALES,ANNUAL,,19956,10,DE,YEAR,,UNITED STATES,,00,30,,10,,,00,2018-02-01 12:00:00.000,CROPS,,ALL PRODUCTION PRACTICES,DELAWARE,9000,ALL CLASSES,00000000,,ZIP CODE,19956,CENSUS,CROP TOTALS - OPERATIONS WITH SALES,SALES,CROP TOTALS,,"SALES: (50,000 TO 249,999 $)",CROP TOTALS
2007,OPERATIONS,,ALL UTILIZATION PRACTICES,SALES,ANNUAL,,19956,10,DE,YEAR,,UNITED STATES,,00,28,,10,,,00,2012-01-01 00:00:00.000,CROPS,,ALL PRODUCTION PRACTICES,DELAWARE,9000,ALL CLASSES,00000000,,ZIP CODE,19956,CENSUS,CROP TOTALS - OPERATIONS WITH SALES,SALES,CROP TOTALS,,"SALES: (50,000 TO 249,999 $)",CROP TOTALS
2022,OPERATIONS,,ALL UTILIZATION PRACTICES,SALES,ANNUAL,,19958,10,DE,YEAR,,UNITED STATES,,00,10,,10,,,00,2024-11-07 12:00:00.000,CROPS,,ALL PRODUCTION PRACTICES,DELAWARE,9000,ALL CLASSES,00000000,,ZIP CODE,19958,CENSUS,CROP TOTALS - OPERATIONS WITH SALES,SALES,CROP TOTALS,,"SALES: (50,000 TO 249,999 $)",CROP TOTALS
2017,OPERATIONS,,ALL UTILIZATION PRACTICES,SALES,ANNUAL,,19958,10,DE,YEAR,,UNITED STATES,,00,6,,10,,,00,2018-02-01 12:00:00.000,CROPS,,ALL PRODUCTION PRACTICES,DELAWARE,9000,ALL CLASSES,00000000,,ZIP CODE,19958,CENSUS,CROP TOTALS - OPERATIONS WITH SALES,SALES,CROP TOTALS,,"SALES: (50,000 TO 249,999 $)",CROP TOTALS
2007,OPERATIONS,,ALL UTILIZATION PRACTICES,SALES,ANNUAL,,19958,10,DE,YEAR,,UNITED STATES,,00,3,,10,,,00,2012-01-01 00:00:00.000,CROPS,,ALL PRODUCTION PRACTICES,DELAWARE,9000,ALL CLASSES,00000000,,ZIP CODE,19958,CENSUS,CROP TOTALS - OPERATIONS WITH SALES,SALES,CROP TOTALS,,"SALES: (50,000 TO 249,999 $)",CROP TOTALS
2022,OPERATIONS,,ALL UTILIZATION PRACTICES,SALES,ANNUAL,,19960,10,DE,YEAR,,UNITED STATES,,00,2,,10,,,00,2024-11-07 12:00:00.000,CROPS,,ALL PRODUCTION PRACTICES,DELAWARE,9000,ALL CLASSES,00000000,,ZIP CODE,19960,CENSUS,CROP TOTALS - OPERATIONS WITH SALES,SALES,CROP TOTALS,,"SALES: (50,000 TO 249,999 $)",CROP TOTALS
2017,OPERATIONS,,ALL UTILIZATION PRACTICES,SALES,ANNUAL,,19960,10,DE,YEAR,,UNITED STATES,,00,3,,10,,,00,2018-02-01 12:00:00.000,CROPS,,ALL PRODUCTION PRACTICES,DELAWARE,9000,ALL CLASSES,00000000,,ZIP CODE,19960,CENSUS,CROP TOTALS - OPERATIONS WITH SALES,SALES,CROP TOTALS,,"SALES: (50,000 TO 249,999 $)",CROP TOTALS
2007,OPERATIONS,,ALL UTILIZATION PRACTICES,SALES,ANNUAL,,19960,10,DE,YEAR,,UNITED STATES,,00,1,,10,,,00,2012-01-01 00:00:00.000,CROPS,,ALL PRODUCTION PRACTICES,DELAWARE,9000,ALL CLASSES,00000000,,ZIP CODE,19960,CENSUS,CROP TOTALS - OPERATIONS WITH SALES,SALES,CROP TOTALS,,"SALES: (50,000 TO 249,999 $)",CROP TOTALS
2022,OPERATIONS,,ALL UTILIZATION PRACTICES,SALES,ANNUAL,,19962,10,DE,YEAR,,UNITED STATES,,00,4,,10,,,00,2024-11-07 12:00:00.000,CROPS,,ALL PRODUCTION PRACTICES,DELAWARE,9000,ALL CLASSES,00000000,,ZIP CODE,19962,CENSUS,CROP TOTALS - OPERATIONS WITH SALES,SALES,CROP TOTALS,,"SALES: (50,000 TO 249,999 $)",CROP TOTALS
2017,OPERATIONS,,ALL UTILIZATION PRACTICES,SALES,ANNUAL,,19962,10,DE,YEAR,,UNITED STATES,,00,3,,10,,,00,2018-02-01 12:00:00.000,CROPS,,ALL PRODUCTION PRACTICES,DELAWARE,9000,ALL CLASSES,00000000,,ZIP CODE,19962,CENSUS,CROP TOTALS - OPERATIONS WITH SALES,SALES,CROP TOTALS,,"SALES: (50,000 TO 249,999 $)",CROP TOTALS
2007,OPERATIONS,,ALL UTILIZATION PRACTICES,SALES,ANNUAL,,19962,10,DE,YEAR,,UNITED STATES,,00,1,,10,,,00,2012-01-01 00:00:00.000,CROPS,,ALL PRODUCTION PRACTICES,DELAWARE,9000,ALL CLASSES,00000000,,ZIP CODE,19962,CENSUS,CROP TOTALS - OPERATIONS WITH SALES,SALES,CROP TOTALS,,"SALES: (50,000 TO 249,999 $)",CROP TOTALS
2022,OPERATIONS,,ALL UTILIZATION PRACTICES,SALES,ANNUAL,,19963,10,DE,YEAR,,UNITED STATES,,00,13,,10,,,00,2024-11-07 12:00:00.000,CROPS,,ALL PRODUCTION PRACTICES,DELAWARE,9000,ALL CLASSES,00000000,,ZIP CODE,19963,CENSUS,CROP TOTALS - OPERATIONS WITH SALES,SALES,CROP TOTALS,,"SALES: (50,000 TO 249,999 $)",CROP TOTALS
2017,OPERATIONS,,ALL UTILIZATION PRACTICES,SALES,ANNUAL,,19963,10,DE,YEAR,,UNITED STATES,,00,7,,10,,,00,2018-02-01 12:00:00.000,CROPS,,ALL PRODUCTION PRACTICES,DELAWARE,9000,ALL CLASSES,00000000,,ZIP CODE,19963,CENSUS,CROP TOTALS - OPERATIONS WITH SALES,SALES,CROP TOTALS,,"SALES: (50,000 TO 249,999 $)",CROP TOTALS
2007,OPERATIONS,,ALL UTILIZATION PRACTICES,SALES,ANNUAL,,19963,10,DE,YEAR,,UNITED STATES,,00,17,,10,,,00,2012-01-01 00:00:00.000,CROPS,,ALL PRODUCTION PRACTICES,DELAWARE,9000,ALL CLASSES,00000000,,ZIP CODE,19963,CENSUS,CROP TOTALS - OPERATIONS WITH SALES,SALES,CROP TOTALS,,"SALES: (50,000 TO 249,999 $)",CROP TOTALS
2022,OPERATIONS,,ALL UTILIZATION PRACTICES,SALES,ANNUAL,,19964,10,DE,YEAR,,UNITED STATES,,00,2,,10,,,00,2024-11-07 12:00:00.000,CROPS,,ALL PRODUCTION PRACTICES,DELAWARE,9000,ALL CLASSES,00000000,,ZIP CODE,19964,CENSUS,CROP TOTALS - OPERATIONS WITH SALES,SALES,CROP TOTALS,,"SALES: (50,000 TO 249,999 $)",CROP TOTALS
2017,OPERATIONS,,ALL UTILIZATION PRACTICES,SALES,ANNUAL,,19964,10,DE,YEAR,,UNITED STATES,,00,1,,10,,,00,2018-02-01 12:00:00.000,CROPS,,ALL PRODUCTION PRACTICES,DELAWARE,9000,ALL CLASSES,00000000,,ZIP CODE,19964,CENSUS,CROP TOTALS - OPERATIONS WITH SALES,SALES,CROP TOTALS,,"SALES: (50,000 TO 249,999 $)",CROP TOTALS
2007,OPERATIONS,,ALL UTILIZATION PRACTICES,SALES,ANNUAL,,19964,10,DE,YEAR,,UNITED STATES,,00,1,,10,,,00,2012-01-01 00:00:00.000,CROPS,,ALL PRODUCTION PRACTICES,DELAWARE,9000,ALL CLASSES,00000000,,ZIP CODE,19964,CENSUS,CROP TOTALS - OPERATIONS WITH SALES,SALES,CROP TOTALS,,"SALES: (50,000 TO 249,999 $)",CROP TOTALS
2022,OPERATIONS,,ALL UTILIZATION PRACTICES,SALES,ANNUAL,,19966,10,DE,YEAR,,UNITED STATES,,00,12,,10,,,00,2024-11-07 12:00:00.000,CROPS,,ALL PRODUCTION PRACTICES,DELAWARE,9000,ALL CLASSES,00000000,,ZIP CODE,19966,CENSUS,CROP TOTALS - OPERATIONS WITH SALES,SALES,CROP TOTALS,,"SALES: (50,000 TO 249,999 $)",CROP TOTALS
2017,OPERATIONS,,ALL UTILIZATION PRACTICES,SALES,ANNUAL,,19966,10,DE,YEAR,,UNITED STATES,,00,23,,10,,,00,2018-02-01 12:00:00.000,CROPS,,ALL PRODUCTION PRACTICES,DELAWARE,9000,ALL CLASSES,00000000,,ZIP CODE,19966,CENSUS,CROP TOTALS - OPERATIONS WITH SALES,SALES,CROP TOTALS,,"SALES: (50,000 TO 249,999 $)",CROP TOTALS
2007,OPERATIONS,,ALL UTILIZATION PRACTICES,SALES,ANNUAL,,19966,10,DE,YEAR,,UNITED STATES,,00,7,,10,,,00,2012-01-01 00:00:00.000,CROPS,,ALL PRODUCTION PRACTICES,DELAWARE,9000,ALL CLASSES,00000000,,ZIP CODE,19966,CENSUS,CROP TOTALS - OPERATIONS WITH SALES,SALES,CROP TOTALS,,"SALES: (50,000 TO 249,999 $)",CROP TOTALS
2022,OPERATIONS,,ALL UTILIZATION PRACTICES,SALES,ANNUAL,,19968,10,DE,YEAR,,UNITED STATES,,00,5,,10,,,00,2024-11-07 12:00:00.000,CROPS,,ALL PRODUCTION PRACTICES,DELAWARE,9000,ALL CLASSES,00000000,,ZIP CODE,19968,CENSUS,CROP TOTALS - OPERATIONS WITH SALES,SALES,CROP TOTALS,,"SALES: (50,000 TO 249,999 $)",CROP TOTALS
2017,OPERATIONS,,ALL UTILIZATION PRACTICES,SALES,ANNUAL,,19968,10,DE,YEAR,,UNITED STATES,,00,5,,10,,,00,2018-02-01 12:00:00.000,CROPS,,ALL PRODUCTION PRACTICES,DELAWARE,9000,ALL CLASSES,00000000,,ZIP CODE,19968,CENSUS,CROP TOTALS - OPERATIONS WITH SALES,SALES,CROP TOTALS,,"SALES: (50,000 TO 249,999 $)",CROP TOTALS
2007,OPERATIONS,,ALL UTILIZATION PRACTICES,SALES,ANNUAL,,19968,10,DE,YEAR,,UNITED STATES,,00,11,,10,,,00,2012-01-01 00:00:00.000,CROPS,,ALL PRODUCTION PRACTICES,DELAWARE,9000,ALL CLASSES,00000000,,ZIP CODE,19968,CENSUS,CROP TOTALS - OPERATIONS WITH SALES,SALES,CROP TOTALS,,"SALES: (50,000 TO 249,999 $)",CROP TOTALS
2022,OPERATIONS,,ALL UTILIZATION PRACTICES,SALES,ANNUAL,,19970,10,DE,YEAR,,UNITED STATES,,00,1,,10,,,00,2024-11-07 12:00:00.000,CROPS,,ALL PRODUCTION PRACTICES,DELAWARE,9000,ALL CLASSES,00000000,,ZIP CODE,19970,CENSUS,CROP TOTALS - OPERATIONS WITH SALES,SALES,CROP TOTALS,,"SALES: (50,000 TO 249,999 $)",CROP TOTALS
2017,OPERATIONS,,ALL UTILIZATION PRACTICES,SALES,ANNUAL,,19970,10,DE,YEAR,,UNITED STATES,,00,1,,10,,,00,2018-02-01 12:00:00.000,CROPS,,ALL PRODUCTION PRACTICES,DELAWARE,9000,ALL CLASSES,00000000,,ZIP CODE,19970,CENSUS,CROP TOTALS - OPERATIONS WITH SALES,SALES,CROP TOTALS,,"SALES: (50,000 TO 249,999 $)",CROP TOTALS
2017,OPERATIONS,,ALL UTILIZATION PRACTICES,SALES,ANNUAL,,19971,10,DE,YEAR,,UNITED STATES,,00,3,,10,,,00,2018-02-01 12:00:00.000,CROPS,,ALL PRODUCTION PRACTICES,DELAWARE,9000,ALL CLASSES,00000000,,ZIP CODE,19971,CENSUS,CROP TOTALS - OPERATIONS WITH SALES,SALES,CROP TOTALS,,"SALES: (50,000 TO 249,999 $)",CROP TOTALS
2022,OPERATIONS,,ALL UTILIZATION PRACTICES,SALES,ANNUAL,,19973,10,DE,YEAR,,UNITED STATES,,00,5,,10,,,00,2024-11-07 12:00:00.000,CROPS,,ALL PRODUCTION PRACTICES,DELAWARE,9000,ALL CLASSES,00000000,,ZIP CODE,19973,CENSUS,CROP TOTALS - OPERATIONS WITH SALES,SALES,CROP TOTALS,,"SALES: (50,000 TO 249,999 $)",CROP TOTALS
2017,OPERATIONS,,ALL UTILIZATION PRACTICES,SALES,ANNUAL,,19973,10,DE,YEAR,,UNITED STATES,,00,13,,10,,,00,2018-02-01 12:00:00.000,CROPS,,ALL PRODUCTION PRACTICES,DELAWARE,9000,ALL CLASSES,00000000,,ZIP CODE,19973,CENSUS,CROP TOTALS - OPERATIONS WITH SALES,SALES,CROP TOTALS,,"SALES: (50,000 TO 249,999 $)",CROP TOTALS
2007,OPERATIONS,,ALL UTILIZATION PRACTICES,SALES,ANNUAL,,19973,10,DE,YEAR,,UNITED STATES,,00,15,,10,,,00,2012-01-01 00:00:00.000,CROPS,,ALL PRODUCTION PRACTICES,DELAWARE,9000,ALL CLASSES,00000000,,ZIP CODE,19973,CENSUS,CROP TOTALS - OPERATIONS WITH SALES,SALES,CROP TOTALS,,"SALES: (50,000 TO 249,999 $)",CROP TOTALS
2022,OPERATIONS,,ALL UTILIZATION PRACTICES,SALES,ANNUAL,,19975,10,DE,YEAR,,UNITED STATES,,00,1,,10,,,00,2024-11-07 12:00:00.000,CROPS,,ALL PRODUCTION PRACTICES,DELAWARE,9000,ALL CLASSES,00000000,,ZIP CODE,19975,CENSUS,CROP TOTALS - OPERATIONS WITH SALES,SALES,CROP TOTALS,,"SALES: (50,000 TO 249,999 $)",CROP TOTALS
2017,OPERATIONS,,ALL UTILIZATION PRACTICES,SALES,ANNUAL,,19975,10,DE,YEAR,,UNITED STATES,,00,2,,10,,,00,2018-02-01 12:00:00.000,CROPS,,ALL PRODUCTION PRACTICES,DELAWARE,9000,ALL CLASSES,00000000,,ZIP CODE,19975,CENSUS,CROP TOTALS - OPERATIONS WITH SALES,SALES,CROP TOTALS,,"SALES: (50,000 TO 249,999 $)",CROP TOTALS
2007,OPERATIONS,,ALL UTILIZATION PRACTICES,SALES,ANNUAL,,19975,10,DE,YEAR,,UNITED STATES,,00,7,,10,,,00,2012-01-01 00:00:00.000,CROPS,,ALL PRODUCTION PRACTICES,DELAWARE,9000,ALL CLASSES,00000000,,ZIP CODE,19975,CENSUS,CROP TOTALS - OPERATIONS WITH SALES,SALES,CROP TOTALS,,"SALES: (50,000 TO 249,999 $)",CROP TOTALS
2022,OPERATIONS,,ALL UTILIZATION PRACTICES,SALES,ANNUAL,,19977,10,DE,YEAR,,UNITED STATES,,00,4,,10,,,00,2024-11-07 12:00:00.000,CROPS,,ALL PRODUCTION PRACTICES,DELAWARE,9000,ALL CLASSES,00000000,,ZIP CODE,19977,CENSUS,CROP TOTALS - OPERATIONS WITH SALES,SALES,CROP TOTALS,,"SALES: (50,000 TO 249,999 $)",CROP TOTALS
2017,OPERATIONS,,ALL UTILIZATION PRACTICES,SALES,ANNUAL,,19977,10,DE,YEAR,,UNITED STATES,,00,12,,10,,,00,2018-02-01 12:00:00.000,CROPS,,ALL PRODUCTION PRACTICES,DELAWARE,9000,ALL CLASSES,00000000,,ZIP CODE,19977,CENSUS,CROP TOTALS - OPERATIONS WITH SALES,SALES,CROP TOTALS,,"SALES: (50,000 TO 249,999 $)",CROP TOTALS
2007,OPERATIONS,,ALL UTILIZATION PRACTICES,SALES,ANNUAL,,19977,10,DE,YEAR,,UNITED STATES,,00,6,,10,,,00,2012-01-01 00:00:00.000,CROPS,,ALL PRODUCTION PRACTICES,DELAWARE,9000,ALL CLASSES,00000000,,ZIP CODE,19977,CENSUS,CROP TOTALS - OPERATIONS WITH SALES,SALES,CROP TOTALS,,"SALES: (50,000 TO 249,999 $)",CROP TOTALS
2007,OPERATIONS,,ALL UTILIZATION PRACTICES,SALES,ANNUAL,,19979,10,DE,YEAR,,UNITED STATES,,00,2,,10,,,00,2012-01-01 00:00:00.000,CROPS,,ALL PRODUCTION PRACTICES,DELAWARE,9000,ALL CLASSES,00000000,,ZIP CODE,19979,CENSUS,CROP TOTALS - OPERATIONS WITH SALES,SALES,CROP TOTALS,,"SALES: (50,000 TO 249,999 $)",CROP TOTALS
2022,OPERATIONS,,ALL UTILIZATION PRACTICES,SALES,ANNUAL,,99999,10,DE,YEAR,,UNITED STATES,,00,5,,10,,,00,2024-11-07 12:00:00.000,CROPS,,ALL PRODUCTION PRACTICES,DELAWARE,9000,ALL CLASSES,00000000,,ZIP CODE,99999,CENSUS,CROP TOTALS - OPERATIONS WITH SALES,SALES,CROP TOTALS,,"SALES: (50,000 TO 249,999 $)",CROP TOTALS
2017,OPERATIONS,,ALL UTILIZATION PRACTICES,SALES,ANNUAL,,99999,10,DE,YEAR,,UNITED STATES,,00,10,,10,,,00,2018-02-01 12:00:00.000,CROPS,,ALL PRODUCTION PRACTICES,DELAWARE,9000,ALL CLASSES,00000000,,ZIP CODE,99999,CENSUS,CROP TOTALS - OPERATIONS WITH SALES,SALES,CROP TOTALS,,"SALES: (50,000 TO 249,999 $)",CROP TOTALS
2007,OPERATIONS,,ALL UTILIZATION PRACTICES,SALES,ANNUAL,,99999,10,DE,YEAR,,UNITED STATES,,00,5,,10,,,00,2012-01-01 00:00:00.000,CROPS,,ALL PRODUCTION PRACTICES,DELAWARE,9000,ALL CLASSES,00000000,,ZIP CODE,99999,CENSUS,CROP TOTALS - OPERATIONS WITH SALES,SALES,CROP TOTALS,,"SALES: (50,000 TO 249,999 $)",CROP TOTALS
2007,OPERATIONS,,ALL UTILIZATION PRACTICES,SALES,ANNUAL,,DELAWARE,10,DE,YEAR,,UNITED STATES,,00,"1,056",,10,,,00,2012-01-01 00:00:00.000,CROPS,,ALL PRODUCTION PRACTICES,DELAWARE,9000,ALL CLASSES,00000000,,STATE,,CENSUS,CROP TOTALS - OPERATIONS WITH SALES,SALES,CROP TOTALS,,"SALES: (LESS THAN 50,000 $)",CROP TOTALS
2022,OPERATIONS,,ALL UTILIZATION PRACTICES,SALES,ANNUAL,,19701,10,DE,YEAR,,UNITED STATES,,00,6,,10,,,00,2024-11-07 12:00:00.000,CROPS,,ALL PRODUCTION PRACTICES,DELAWARE,9000,ALL CLASSES,00000000,,ZIP CODE,19701,CENSUS,CROP TOTALS - OPERATIONS WITH SALES,SALES,CROP TOTALS,,"SALES: (LESS THAN 50,000 $)",CROP TOTALS
2017,OPERATIONS,,ALL UTILIZATION PRACTICES,SALES,ANNUAL,,19701,10,DE,YEAR,,UNITED STATES,,00,9,,10,,,00,2018-02-01 12:00:00.000,CROPS,,ALL PRODUCTION PRACTICES,DELAWARE,9000,ALL CLASSES,00000000,,ZIP CODE,19701,CENSUS,CROP TOTALS - OPERATIONS WITH SALES,SALES,CROP TOTALS,,"SALES: (LESS THAN 50,000 $)",CROP TOTALS
2007,OPERATIONS,,ALL UTILIZATION PRACTICES,SALES,ANNUAL,,19701,10,DE,YEAR,,UNITED STATES,,00,13,,10,,,00,2012-01-01 00:00:00.000,CROPS,,ALL PRODUCTION PRACTICES,DELAWARE,9000,ALL CLASSES,00000000,,ZIP CODE,19701,CENSUS,CROP TOTALS - OPERATIONS WITH SALES,SALES,CROP TOTALS,,"SALES: (LESS THAN 50,000 $)",CROP TOTALS
2022,OPERATIONS,,ALL UTILIZATION PRACTICES,SALES,ANNUAL,,19702,10,DE,YEAR,,UNITED STATES,,00,12,,10,,,00,2024-11-07 12:00:00.000,CROPS,,ALL PRODUCTION PRACTICES,DELAWARE,9000,ALL CLASSES,00000000,,ZIP CODE,19702,CENSUS,CROP TOTALS - OPERATIONS WITH SALES,SALES,CROP TOTALS,,"SALES: (LESS THAN 50,000 $)",CROP TOTALS
2017,OPERATIONS,,ALL UTILIZATION PRACTICES,SALES,ANNUAL,,19702,10,DE,YEAR,,UNITED STATES,,00,6,,10,,,00,2018-02-01 12:00:00.000,CROPS,,ALL PRODUCTION PRACTICES,DELAWARE,9000,ALL CLASSES,00000000,,ZIP CODE,19702,CENSUS,CROP TOTALS - OPERATIONS WITH SALES,SALES,CROP TOTALS,,"SALES: (LESS THAN 50,000 $)",CROP TOTALS
2007,OPERATIONS,,ALL UTILIZATION PRACTICES,SALES,ANNUAL,,19702,10,DE,YEAR,,UNITED STATES,,00,16,,10,,,00,2012-01-01 00:00:00.000,CROPS,,ALL PRODUCTION PRACTICES,DELAWARE,9000,ALL CLASSES,00000000,,ZIP CODE,19702,CENSUS,CROP TOTALS - OPERATIONS WITH SALES,SALES,CROP TOTALS,,"SALES: (LESS THAN 50,000 $)",CROP TOTALS
2022,OPERATIONS,,ALL UTILIZATION PRACTICES,SALES,ANNUAL,,19707,10,DE,YEAR,,UNITED STATES,,00,7,,10,,,00,2024-11-07 12:00:00.000,CROPS,,ALL PRODUCTION PRACTICES,DELAWARE,9000,ALL CLASSES,00000000,,ZIP CODE,19707,CENSUS,CROP TOTALS - OPERATIONS WITH SALES,SALES,CROP TOTALS,,"SALES: (LESS THAN 50,000 $)",CROP TOTALS
2017,OPERATIONS,,ALL UTILIZATION PRACTICES,SALES,ANNUAL,,19707,10,DE,YEAR,,UNITED STATES,,00,7,,10,,,00,2018-02-01 12:00:00.000,CROPS,,ALL PRODUCTION PRACTICES,DELAWARE,9000,ALL CLASSES,00000000,,ZIP CODE,19707,CENSUS,CROP TOTALS - OPERATIONS WITH SALES,SALES,CROP TOTALS,,"SALES: (LESS THAN 50,000 $)",CROP TOTALS
2007,OPERATIONS,,ALL UTILIZATION PRACTICES,SALES,ANNUAL,,19707,10,DE,YEAR,,UNITED STATES,,00,13,,10,,,00,2012-01-01 00:00:00.000,CROPS,,ALL PRODUCTION PRACTICES,DELAWARE,9000,ALL CLASSES,00000000,,ZIP CODE,19707,CENSUS,CROP TOTALS - OPERATIONS WITH SALES,SALES,CROP TOTALS,,"SALES: (LESS THAN 50,000 $)",CROP TOTALS
2017,OPERATIONS,,ALL UTILIZATION PRACTICES,SALES,ANNUAL,,19708,10,DE,YEAR,,UNITED STATES,,00,2,,10,,,00,2018-02-01 12:00:00.000,CROPS,,ALL PRODUCTION PRACTICES,DELAWARE,9000,ALL CLASSES,00000000,,ZIP CODE,19708,CENSUS,CROP TOTALS - OPERATIONS WITH SALES,SALES,CROP TOTALS,,"SALES: (LESS THAN 50,000 $)",CROP TOTALS
2022,OPERATIONS,,ALL UTILIZATION PRACTICES,SALES,ANNUAL,,19709,10,DE,YEAR,,UNITED STATES,,00,13,,10,,,00,2024-11-07 12:00:00.000,CROPS,,ALL PRODUCTION PRACTICES,DELAWARE,9000,ALL CLASSES,00000000,,ZIP CODE,19709,CENSUS,CROP TOTALS - OPERATIONS WITH SALES,SALES,CROP TOTALS,,"SALES: (LESS THAN 50,000 $)",CROP TOTALS
2017,OPERATIONS,,ALL UTILIZATION PRACTICES,SALES,ANNUAL,,19709,10,DE,YEAR,,UNITED STATES,,00,16,,10,,,00,2018-02-01 12:00:00.000,CROPS,,ALL PRODUCTION PRACTICES,DELAWARE,9000,ALL CLASSES,00000000,,ZIP CODE,19709,CENSUS,CROP TOTALS - OPERATIONS WITH SALES,SALES,CROP TOTALS,,"SALES: (LESS THAN 50,000 $)",CROP TOTALS
2007,OPERATIONS,,ALL UTILIZATION PRACTICES,SALES,ANNUAL,,19709,10,DE,YEAR,,UNITED STATES,,00,29,,10,,,00,2012-01-01 00:00:00.000,CROPS,,ALL PRODUCTION PRACTICES,DELAWARE,9000,ALL CLASSES,00000000,,ZIP CODE,19709,CENSUS,CROP TOTALS - OPERATIONS WITH SALES,SALES,CROP TOTALS,,"SALES: (LESS THAN 50,000 $)",CROP TOTALS
2007,OPERATIONS,,ALL UTILIZATION PRACTICES,SALES,ANNUAL,,19710,10,DE,YEAR,,UNITED STATES,,00,1,,10,,,00,2012-01-01 00:00:00.000,CROPS,,ALL PRODUCTION PRACTICES,DELAWARE,9000,ALL CLASSES,00000000,,ZIP CODE,19710,CENSUS,CROP TOTALS - OPERATIONS WITH SALES,SALES,CROP TOTALS,,"SALES: (LESS THAN 50,000 $)",CROP TOTALS
2022,OPERATIONS,,ALL UTILIZATION PRACTICES,SALES,ANNUAL,,19711,10,DE,YEAR,,UNITED STATES,,00,5,,10,,,00,2024-11-07 12:00:00.000,CROPS,,ALL PRODUCTION PRACTICES,DELAWARE,9000,ALL CLASSES,00000000,,ZIP CODE,19711,CENSUS,CROP TOTALS - OPERATIONS WITH SALES,SALES,CROP TOTALS,,"SALES: (LESS THAN 50,000 $)",CROP TOTALS
2017,OPERATIONS,,ALL UTILIZATION PRACTICES,SALES,ANNUAL,,19711,10,DE,YEAR,,UNITED STATES,,00,1,,10,,,00,2018-02-01 12:00:00.000,CROPS,,ALL PRODUCTION PRACTICES,DELAWARE,9000,ALL CLASSES,00000000,,ZIP CODE,19711,CENSUS,CROP TOTALS - OPERATIONS WITH SALES,SALES,CROP TOTALS,,"SALES: (LESS THAN 50,000 $)",CROP TOTALS
2007,OPERATIONS,,ALL UTILIZATION PRACTICES,SALES,ANNUAL,,19711,10,DE,YEAR,,UNITED STATES,,00,11,,10,,,00,2012-01-01 00:00:00.000,CROPS,,ALL PRODUCTION PRACTICES,DELAWARE,9000,ALL CLASSES,00000000,,ZIP CODE,19711,CENSUS,CROP TOTALS - OPERATIONS WITH SALES,SALES,CROP TOTALS,,"SALES: (LESS THAN 50,000 $)",CROP TOTALS
2022,OPERATIONS,,ALL UTILIZATION PRACTICES,SALES,ANNUAL,,19713,10,DE,YEAR,,UNITED STATES,,00,2,,10,,,00,2024-11-07 12:00:00.000,CROPS,,ALL PRODUCTION PRACTICES,DELAWARE,9000,ALL CLASSES,00000000,,ZIP CODE,19713,CENSUS,CROP TOTALS - OPERATIONS WITH SALES,SALES,CROP TOTALS,,"SALES: (LESS THAN 50,000 $)",CROP TOTALS
2017,OPERATIONS,,ALL UTILIZATION PRACTICES,SALES,ANNUAL,,19713,10,DE,YEAR,,UNITED STATES,,00,2,,10,,,00,2018-02-01 12:00:00.000,CROPS,,ALL PRODUCTION PRACTICES,DELAWARE,9000,ALL CLASSES,00000000,,ZIP CODE,19713,CENSUS,CROP TOTALS - OPERATIONS WITH SALES,SALES,CROP TOTALS,,"SALES: (LESS THAN 50,000 $)",CROP TOTALS
2007,OPERATIONS,,ALL UTILIZATION PRACTICES,SALES,ANNUAL,,19713,10,DE,YEAR,,UNITED STATES,,00,8,,10,,,00,2012-01-01 00:00:00.000,CROPS,,ALL PRODUCTION PRACTICES,DELAWARE,9000,ALL CLASSES,00000000,,ZIP CODE,19713,CENSUS,CROP TOTALS - OPERATIONS WITH SALES,SALES,CROP TOTALS,,"SALES: (LESS THAN 50,000 $)",CROP TOTALS
2022,OPERATIONS,,ALL UTILIZATION PRACTICES,SALES,ANNUAL,,19720,10,DE,YEAR,,UNITED STATES,,00,2,,10,,,00,2024-11-07 12:00:00.000,CROPS,,ALL PRODUCTION PRACTICES,DELAWARE,9000,ALL CLASSES,00000000,,ZIP CODE,19720,CENSUS,CROP TOTALS - OPERATIONS WITH SALES,SALES,CROP TOTALS,,"SALES: (LESS THAN 50,000 $)",CROP TOTALS
2007,OPERATIONS,,ALL UTILIZATION PRACTICES,SALES,ANNUAL,,19720,10,DE,YEAR,,UNITED STATES,,00,2,,10,,,00,2012-01-01 00:00:00.000,CROPS,,ALL PRODUCTION PRACTICES,DELAWARE,9000,ALL CLASSES,00000000,,ZIP CODE,19720,CENSUS,CROP TOTALS - OPERATIONS WITH SALES,SALES,CROP TOTALS,,"SALES: (LESS THAN 50,000 $)",CROP TOTALS
2017,OPERATIONS,,ALL UTILIZATION PRACTICES,SALES,ANNUAL,,19730,10,DE,YEAR,,UNITED STATES,,00,2,,10,,,00,2018-02-01 12:00:00.000,CROPS,,ALL PRODUCTION PRACTICES,DELAWARE,9000,ALL CLASSES,00000000,,ZIP CODE,19730,CENSUS,CROP TOTALS - OPERATIONS WITH SALES,SALES,CROP TOTALS,,"SALES: (LESS THAN 50,000 $)",CROP TOTALS
2022,OPERATIONS,,ALL UTILIZATION PRACTICES,SALES,ANNUAL,,19731,10,DE,YEAR,,UNITED STATES,,00,2,,10,,,00,2024-11-07 12:00:00.000,CROPS,,ALL PRODUCTION PRACTICES,DELAWARE,9000,ALL CLASSES,00000000,,ZIP CODE,19731,CENSUS,CROP TOTALS - OPERATIONS WITH SALES,SALES,CROP TOTALS,,"SALES: (LESS THAN 50,000 $)",CROP TOTALS
2017,OPERATIONS,,ALL UTILIZATION PRACTICES,SALES,ANNUAL,,19731,10,DE,YEAR,,UNITED STATES,,00,1,,10,,,00,2018-02-01 12:00:00.000,CROPS,,ALL PRODUCTION PRACTICES,DELAWARE,9000,ALL CLASSES,00000000,,ZIP CODE,19731,CENSUS,CROP TOTALS - OPERATIONS WITH SALES,SALES,CROP TOTALS,,"SALES: (LESS THAN 50,000 $)",CROP TOTALS
2007,OPERATIONS,,ALL UTILIZATION PRACTICES,SALES,ANNUAL,,19731,10,DE,YEAR,,UNITED STATES,,00,1,,10,,,00,2012-01-01 00:00:00.000,CROPS,,ALL PRODUCTION PRACTICES,DELAWARE,9000,ALL CLASSES,00000000,,ZIP CODE,19731,CENSUS,CROP TOTALS - OPERATIONS WITH SALES,SALES,CROP TOTALS,,"SALES: (LESS THAN 50,000 $)",CROP TOTALS
2022,OPERATIONS,,ALL UTILIZATION PRACTICES,SALES,ANNUAL,,19734,10,DE,YEAR,,UNITED STATES,,00,34,,10,,,00,2024-11-07 12:00:00.000,CROPS,,ALL PRODUCTION PRACTICES,DELAWARE,9000,ALL CLASSES,00000000,,ZIP CODE,19734,CENSUS,CROP TOTALS - OPERATIONS WITH SALES,SALES,CROP TOTALS,,"SALES: (LESS THAN 50,000 $)",CROP TOTALS
2017,OPERATIONS,,ALL UTILIZATION PRACTICES,SALES,ANNUAL,,19734,10,DE,YEAR,,UNITED STATES,,00,41,,10,,,00,2018-02-01 12:00:00.000,CROPS,,ALL PRODUCTION PRACTICES,DELAWARE,9000,ALL CLASSES,00000000,,ZIP CODE,19734,CENSUS,CROP TOTALS - OPERATIONS WITH SALES,SALES,CROP TOTALS,,"SALES: (LESS THAN 50,000 $)",CROP TOTALS
2007,OPERATIONS,,ALL UTILIZATION PRACTICES,SALES,ANNUAL,,19734,10,DE,YEAR,,UNITED STATES,,00,32,,10,,,00,2012-01-01 00:00:00.000,CROPS,,ALL PRODUCTION PRACTICES,DELAWARE,9000,ALL CLASSES,00000000,,ZIP CODE,19734,CENSUS,CROP TOTALS - OPERATIONS WITH SALES,SALES,CROP TOTALS,,"SALES: (LESS THAN 50,000 $)",CROP TOTALS
2017,OPERATIONS,,ALL UTILIZATION PRACTICES,SALES,ANNUAL,,19803,10,DE,YEAR,,UNITED STATES,,00,1,,10,,,00,2018-02-01 12:00:00.000,CROPS,,ALL PRODUCTION PRACTICES,DELAWARE,9000,ALL CLASSES,00000000,,ZIP CODE,19803,CENSUS,CROP TOTALS - OPERATIONS WITH SALES,SALES,CROP TOTALS,,"SALES: (LESS THAN 50,000 $)",CROP TOTALS
2007,OPERATIONS,,ALL UTILIZATION PRACTICES,SALES,ANNUAL,,19803,10,DE,YEAR,,UNITED STATES,,00,3,,10,,,00,2012-01-01 00:00:00.000,CROPS,,ALL PRODUCTION PRACTICES,DELAWARE,9000,ALL CLASSES,00000000,,ZIP CODE,19803,CENSUS,CROP TOTALS - OPERATIONS WITH SALES,SALES,CROP TOTALS,,"SALES: (LESS THAN 50,000 $)",CROP TOTALS
2022,OPERATIONS,,ALL UTILIZATION PRACTICES,SALES,ANNUAL,,19804,10,DE,YEAR,,UNITED STATES,,00,2,,10,,,00,2024-11-07 12:00:00.000,CROPS,,ALL PRODUCTION PRACTICES,DELAWARE,9000,ALL CLASSES,00000000,,ZIP CODE,19804,CENSUS,CROP TOTALS - OPERATIONS WITH SALES,SALES,CROP TOTALS,,"SALES: (LESS THAN 50,000 $)",CROP TOTALS
2007,OPERATIONS,,ALL UTILIZATION PRACTICES,SALES,ANNUAL,,19804,10,DE,YEAR,,UNITED STATES,,00,1,,10,,,00,2012-01-01 00:00:00.000,CROPS,,ALL PRODUCTION PRACTICES,DELAWARE,9000,ALL CLASSES,00000000,,ZIP CODE,19804,CENSUS,CROP TOTALS - OPERATIONS WITH SALES,SALES,CROP TOTALS,,"SALES: (LESS THAN 50,000 $)",CROP TOTALS
2022,OPERATIONS,,ALL UTILIZATION PRACTICES,SALES,ANNUAL,,19807,10,DE,YEAR,,UNITED STATES,,00,1,,10,,,00,2024-11-07 12:00:00.000,CROPS,,ALL PRODUCTION PRACTICES,DELAWARE,9000,ALL CLASSES,00000000,,ZIP CODE,19807,CENSUS,CROP TOTALS - OPERATIONS WITH SALES,SALES,CROP TOTALS,,"SALES: (LESS THAN 50,000 $)",CROP TOTALS
2017,OPERATIONS,,ALL UTILIZATION PRACTICES,SALES,ANNUAL,,19807,10,DE,YEAR,,UNITED STATES,,00,6,,10,,,00,2018-02-01 12:00:00.000,CROPS,,ALL PRODUCTION PRACTICES,DELAWARE,9000,ALL CLASSES,00000000,,ZIP CODE,19807,CENSUS,CROP TOTALS - OPERATIONS WITH SALES,SALES,CROP TOTALS,,"SALES: (LESS THAN 50,000 $)",CROP TOTALS
2007,OPERATIONS,,ALL UTILIZATION PRACTICES,SALES,ANNUAL,,19807,10,DE,YEAR,,UNITED STATES,,00,8,,10,,,00,2012-01-01 00:00:00.000,CROPS,,ALL PRODUCTION PRACTICES,DELAWARE,9000,ALL CLASSES,00000000,,ZIP CODE,19807,CENSUS,CROP TOTALS - OPERATIONS WITH SALES,SALES,CROP TOTALS,,"SALES: (LESS THAN 50,000 $)",CROP TOTALS
2022,OPERATIONS,,ALL UTILIZATION PRACTICES,SALES,ANNUAL,,19808,10,DE,YEAR,,UNITED STATES,,00,1,,10,,,00,2024-11-07 12:00:00.000,CROPS,,ALL PRODUCTION PRACTICES,DELAWARE,9000,ALL CLASSES,00000000,,ZIP CODE,19808,CENSUS,CROP TOTALS - OPERATIONS WITH SALES,SALES,CROP TOTALS,,"SALES: (LESS THAN 50,000 $)",CROP TOTALS
2017,OPERATIONS,,ALL UTILIZATION PRACTICES,SALES,ANNUAL,,19808,10,DE,YEAR,,UNITED STATES,,00,2,,10,,,00,2018-02-01 12:00:00.000,CROPS,,ALL PRODUCTION PRACTICES,DELAWARE,9000,ALL CLASSES,00000000,,ZIP CODE,19808,CENSUS,CROP TOTALS - OPERATIONS WITH SALES,SALES,CROP TOTALS,,"SALES: (LESS THAN 50,000 $)",CROP TOTALS
2017,OPERATIONS,,ALL UTILIZATION PRACTICES,SALES,ANNUAL,,19809,10,DE,YEAR,,UNITED STATES,,00,1,,10,,,00,2018-02-01 12:00:00.000,CROPS,,ALL PRODUCTION PRACTICES,DELAWARE,9000,ALL CLASSES,00000000,,ZIP CODE,19809,CENSUS,CROP TOTALS - OPERATIONS WITH SALES,SALES,CROP TOTALS,,"SALES: (LESS THAN 50,000 $)",CROP TOTALS
2022,OPERATIONS,,ALL UTILIZATION PRACTICES,SALES,ANNUAL,,19901,10,DE,YEAR,,UNITED STATES,,00,11,,10,,,00,2024-11-07 12:00:00.000,CROPS,,ALL PRODUCTION PRACTICES,DELAWARE,9000,ALL CLASSES,00000000,,ZIP CODE,19901,CENSUS,CROP TOTALS - OPERATIONS WITH SALES,SALES,CROP TOTALS,,"SALES: (LESS THAN 50,000 $)",CROP TOTALS
2017,OPERATIONS,,ALL UTILIZATION PRACTICES,SALES,ANNUAL,,19901,10,DE,YEAR,,UNITED STATES,,00,13,,10,,,00,2018-02-01 12:00:00.000,CROPS,,ALL PRODUCTION PRACTICES,DELAWARE,9000,ALL CLASSES,00000000,,ZIP CODE,19901,CENSUS,CROP TOTALS - OPERATIONS WITH SALES,SALES,CROP TOTALS,,"SALES: (LESS THAN 50,000 $)",CROP TOTALS
2007,OPERATIONS,,ALL UTILIZATION PRACTICES,SALES,ANNUAL,,19901,10,DE,YEAR,,UNITED STATES,,00,7,,10,,,00,2012-01-01 00:00:00.000,CROPS,,ALL PRODUCTION PRACTICES,DELAWARE,9000,ALL CLASSES,00000000,,ZIP CODE,19901,CENSUS,CROP TOTALS - OPERATIONS WITH SALES,SALES,CROP TOTALS,,"SALES: (LESS THAN 50,000 $)",CROP TOTALS
2007,OPERATIONS,,ALL UTILIZATION PRACTICES,SALES,ANNUAL,,19903,10,DE,YEAR,,UNITED STATES,,00,7,,10,,,00,2012-01-01 00:00:00.000,CROPS,,ALL PRODUCTION PRACTICES,DELAWARE,9000,ALL CLASSES,00000000,,ZIP CODE,19903,CENSUS,CROP TOTALS - OPERATIONS WITH SALES,SALES,CROP TOTALS,,"SALES: (LESS THAN 50,000 $)",CROP TOTALS
2022,OPERATIONS,,ALL UTILIZATION PRACTICES,SALES,ANNUAL,,19904,10,DE,YEAR,,UNITED STATES,,00,25,,10,,,00,2024-11-07 12:00:00.000,CROPS,,ALL PRODUCTION PRACTICES,DELAWARE,9000,ALL CLASSES,00000000,,ZIP CODE,19904,CENSUS,CROP TOTALS - OPERATIONS WITH SALES,SALES,CROP TOTALS,,"SALES: (LESS THAN 50,000 $)",CROP TOTALS
2017,OPERATIONS,,ALL UTILIZATION PRACTICES,SALES,ANNUAL,,19904,10,DE,YEAR,,UNITED STATES,,00,34,,10,,,00,2018-02-01 12:00:00.000,CROPS,,ALL PRODUCTION PRACTICES,DELAWARE,9000,ALL CLASSES,00000000,,ZIP CODE,19904,CENSUS,CROP TOTALS - OPERATIONS WITH SALES,SALES,CROP TOTALS,,"SALES: (LESS THAN 50,000 $)",CROP TOTALS
2007,OPERATIONS,,ALL UTILIZATION PRACTICES,SALES,ANNUAL,,19904,10,DE,YEAR,,UNITED STATES,,00,34,,10,,,00,2012-01-01 00:00:00.000,CROPS,,ALL PRODUCTION PRACTICES,DELAWARE,9000,ALL CLASSES,00000000,,ZIP CODE,19904,CENSUS,CROP TOTALS - OPERATIONS WITH SALES,SALES,CROP TOTALS,,"SALES: (LESS THAN 50,000 $)",CROP TOTALS
2017,OPERATIONS,,ALL UTILIZATION PRACTICES,SALES,ANNUAL,,19930,10,DE,YEAR,,UNITED STATES,,00,1,,10,,,00,2018-02-01 12:00:00.000,CROPS,,ALL PRODUCTION PRACTICES,DELAWARE,9000,ALL CLASSES,00000000,,ZIP CODE,19930,CENSUS,CROP TOTALS - OPERATIONS WITH SALES,SALES,CROP TOTALS,,"SALES: (LESS THAN 50,000 $)",CROP TOTALS
2022,OPERATIONS,,ALL UTILIZATION PRACTICES,SALES,ANNUAL,,19933,10,DE,YEAR,,UNITED STATES,,00,12,,10,,,00,2024-11-07 12:00:00.000,CROPS,,ALL PRODUCTION PRACTICES,DELAWARE,9000,ALL CLASSES,00000000,,ZIP CODE,19933,CENSUS,CROP TOTALS - OPERATIONS WITH SALES,SALES,CROP TOTALS,,"SALES: (LESS THAN 50,000 $)",CROP TOTALS
2017,OPERATIONS,,ALL UTILIZATION PRACTICES,SALES,ANNUAL,,19933,10,DE,YEAR,,UNITED STATES,,00,25,,10,,,00,2018-02-01 12:00:00.000,CROPS,,ALL PRODUCTION PRACTICES,DELAWARE,9000,ALL CLASSES,00000000,,ZIP CODE,19933,CENSUS,CROP TOTALS - OPERATIONS WITH SALES,SALES,CROP TOTALS,,"SALES: (LESS THAN 50,000 $)",CROP TOTALS
2007,OPERATIONS,,ALL UTILIZATION PRACTICES,SALES,ANNUAL,,19933,10,DE,YEAR,,UNITED STATES,,00,55,,10,,,00,2012-01-01 00:00:00.000,CROPS,,ALL PRODUCTION PRACTICES,DELAWARE,9000,ALL CLASSES,00000000,,ZIP CODE,19933,CENSUS,CROP TOTALS - OPERATIONS WITH SALES,SALES,CROP TOTALS,,"SALES: (LESS THAN 50,000 $)",CROP TOTALS
2022,OPERATIONS,,ALL UTILIZATION PRACTICES,SALES,ANNUAL,,19934,10,DE,YEAR,,UNITED STATES,,00,15,,10,,,00,2024-11-07 12:00:00.000,CROPS,,ALL PRODUCTION PRACTICES,DELAWARE,9000,ALL CLASSES,00000000,,ZIP CODE,19934,CENSUS,CROP TOTALS - OPERATIONS WITH SALES,SALES,CROP TOTALS,,"SALES: (LESS THAN 50,000 $)",CROP TOTALS
2017,OPERATIONS,,ALL UTILIZATION PRACTICES,SALES,ANNUAL,,19934,10,DE,YEAR,,UNITED STATES,,00,23,,10,,,00,2018-02-01 12:00:00.000,CROPS,,ALL PRODUCTION PRACTICES,DELAWARE,9000,ALL CLASSES,00000000,,ZIP CODE,19934,CENSUS,CROP TOTALS - OPERATIONS WITH SALES,SALES,CROP TOTALS,,"SALES: (LESS THAN 50,000 $)",CROP TOTALS
2007,OPERATIONS,,ALL UTILIZATION PRACTICES,SALES,ANNUAL,,19934,10,DE,YEAR,,UNITED STATES,,00,18,,10,,,00,2012-01-01 00:00:00.000,CROPS,,ALL PRODUCTION PRACTICES,DELAWARE,9000,ALL CLASSES,00000000,,ZIP CODE,19934,CENSUS,CROP TOTALS - OPERATIONS WITH SALES,SALES,CROP TOTALS,,"SALES: (LESS THAN 50,000 $)",CROP TOTALS
2017,OPERATIONS,,ALL UTILIZATION PRACTICES,SALES,ANNUAL,,19936,10,DE,YEAR,,UNITED STATES,,00,1,,10,,,00,2018-02-01 12:00:00.000,CROPS,,ALL PRODUCTION PRACTICES,DELAWARE,9000,ALL CLASSES,00000000,,ZIP CODE,19936,CENSUS,CROP TOTALS - OPERATIONS WITH SALES,SALES,CROP TOTALS,,"SALES: (LESS THAN 50,000 $)",CROP TOTALS
2007,OPERATIONS,,ALL UTILIZATION PRACTICES,SALES,ANNUAL,,19936,10,DE,YEAR,,UNITED STATES,,00,1,,10,,,00,2012-01-01 00:00:00.000,CROPS,,ALL PRODUCTION PRACTICES,DELAWARE,9000,ALL CLASSES,00000000,,ZIP CODE,19936,CENSUS,CROP TOTALS - OPERATIONS WITH SALES,SALES,CROP TOTALS,,"SALES: (LESS THAN 50,000 $)",CROP TOTALS
2022,OPERATIONS,,ALL UTILIZATION PRACTICES,SALES,ANNUAL,,19938,10,DE,YEAR,,UNITED STATES,,00,25,,10,,,00,2024-11-07 12:00:00.000,CROPS,,ALL PRODUCTION PRACTICES,DELAWARE,9000,ALL CLASSES,00000000,,ZIP CODE,19938,CENSUS,CROP TOTALS - OPERATIONS WITH SALES,SALES,CROP TOTALS,,"SALES: (LESS THAN 50,000 $)",CROP TOTALS
2017,OPERATIONS,,ALL UTILIZATION PRACTICES,SALES,ANNUAL,,19938,10,DE,YEAR,,UNITED STATES,,00,11,,10,,,00,2018-02-01 12:00:00.000,CROPS,,ALL PRODUCTION PRACTICES,DELAWARE,9000,ALL CLASSES,00000000,,ZIP CODE,19938,CENSUS,CROP TOTALS - OPERATIONS WITH SALES,SALES,CROP TOTALS,,"SALES: (LESS THAN 50,000 $)",CROP TOTALS
2007,OPERATIONS,,ALL UTILIZATION PRACTICES,SALES,ANNUAL,,19938,10,DE,YEAR,,UNITED STATES,,00,29,,10,,,00,2012-01-01 00:00:00.000,CROPS,,ALL PRODUCTION PRACTICES,DELAWARE,9000,ALL CLASSES,00000000,,ZIP CODE,19938,CENSUS,CROP TOTALS - OPERATIONS WITH SALES,SALES,CROP TOTALS,,"SALES: (LESS THAN 50,000 $)",CROP TOTALS
2022,OPERATIONS,,ALL UTILIZATION PRACTICES,SALES,ANNUAL,,19939,10,DE,YEAR,,UNITED STATES,,00,9,,10,,,00,2024-11-07 12:00:00.000,CROPS,,ALL PRODUCTION PRACTICES,DELAWARE,9000,ALL CLASSES,00000000,,ZIP CODE,19939,CENSUS,CROP TOTALS - OPERATIONS WITH SALES,SALES,CROP TOTALS,,"SALES: (LESS THAN 50,000 $)",CROP TOTALS
2017,OPERATIONS,,ALL UTILIZATION PRACTICES,SALES,ANNUAL,,19939,10,DE,YEAR,,UNITED STATES,,00,7,,10,,,00,2018-02-01 12:00:00.000,CROPS,,ALL PRODUCTION PRACTICES,DELAWARE,9000,ALL CLASSES,00000000,,ZIP CODE,19939,CENSUS,CROP TOTALS - OPERATIONS WITH SALES,SALES,CROP TOTALS,,"SALES: (LESS THAN 50,000 $)",CROP TOTALS
2007,OPERATIONS,,ALL UTILIZATION PRACTICES,SALES,ANNUAL,,19939,10,DE,YEAR,,UNITED STATES,,00,16,,10,,,00,2012-01-01 00:00:00.000,CROPS,,ALL PRODUCTION PRACTICES,DELAWARE,9000,ALL CLASSES,00000000,,ZIP CODE,19939,CENSUS,CROP TOTALS - OPERATIONS WITH SALES,SALES,CROP TOTALS,,"SALES: (LESS THAN 50,000 $)",CROP TOTALS
2022,OPERATIONS,,ALL UTILIZATION PRACTICES,SALES,ANNUAL,,19940,10,DE,YEAR,,UNITED STATES,,00,21,,10,,,00,2024-11-07 12:00:00.000,CROPS,,ALL PRODUCTION PRACTICES,DELAWARE,9000,ALL CLASSES,00000000,,ZIP CODE,19940,CENSUS,CROP TOTALS - OPERATIONS WITH SALES,SALES,CROP TOTALS,,"SALES: (LESS THAN 50,000 $)",CROP TOTALS
2017,OPERATIONS,,ALL UTILIZATION PRACTICES,SALES,ANNUAL,,19940,10,DE,YEAR,,UNITED STATES,,00,24,,10,,,00,2018-02-01 12:00:00.000,CROPS,,ALL PRODUCTION PRACTICES,DELAWARE,9000,ALL CLASSES,00000000,,ZIP CODE,19940,CENSUS,CROP TOTALS - OPERATIONS WITH SALES,SALES,CROP TOTALS,,"SALES: (LESS THAN 50,000 $)",CROP TOTALS
2007,OPERATIONS,,ALL UTILIZATION PRACTICES,SALES,ANNUAL,,19940,10,DE,YEAR,,UNITED STATES,,00,44,,10,,,00,2012-01-01 00:00:00.000,CROPS,,ALL PRODUCTION PRACTICES,DELAWARE,9000,ALL CLASSES,00000000,,ZIP CODE,19940,CENSUS,CROP TOTALS - OPERATIONS WITH SALES,SALES,CROP TOTALS,,"SALES: (LESS THAN 50,000 $)",CROP TOTALS
2022,OPERATIONS,,ALL UTILIZATION PRACTICES,SALES,ANNUAL,,19941,10,DE,YEAR,,UNITED STATES,,00,2,,10,,,00,2024-11-07 12:00:00.000,CROPS,,ALL PRODUCTION PRACTICES,DELAWARE,9000,ALL CLASSES,00000000,,ZIP CODE,19941,CENSUS,CROP TOTALS - OPERATIONS WITH SALES,SALES,CROP TOTALS,,"SALES: (LESS THAN 50,000 $)",CROP TOTALS
2017,OPERATIONS,,ALL UTILIZATION PRACTICES,SALES,ANNUAL,,19941,10,DE,YEAR,,UNITED STATES,,00,3,,10,,,00,2018-02-01 12:00:00.000,CROPS,,ALL PRODUCTION PRACTICES,DELAWARE,9000,ALL CLASSES,00000000,,ZIP CODE,19941,CENSUS,CROP TOTALS - OPERATIONS WITH SALES,SALES,CROP TOTALS,,"SALES: (LESS THAN 50,000 $)",CROP TOTALS
2007,OPERATIONS,,ALL UTILIZATION PRACTICES,SALES,ANNUAL,,19941,10,DE,YEAR,,UNITED STATES,,00,17,,10,,,00,2012-01-01 00:00:00.000,CROPS,,ALL PRODUCTION PRACTICES,DELAWARE,9000,ALL CLASSES,00000000,,ZIP CODE,19941,CENSUS,CROP TOTALS - OPERATIONS WITH SALES,SALES,CROP TOTALS,,"SALES: (LESS THAN 50,000 $)",CROP TOTALS
2022,OPERATIONS,,ALL UTILIZATION PRACTICES,SALES,ANNUAL,,19943,10,DE,YEAR,,UNITED STATES,,00,41,,10,,,00,2024-11-07 12:00:00.000,CROPS,,ALL PRODUCTION PRACTICES,DELAWARE,9000,ALL CLASSES,00000000,,ZIP CODE,19943,CENSUS,CROP TOTALS - OPERATIONS WITH SALES,SALES,CROP TOTALS,,"SALES: (LESS THAN 50,000 $)",CROP TOTALS
2017,OPERATIONS,,ALL UTILIZATION PRACTICES,SALES,ANNUAL,,19943,10,DE,YEAR,,UNITED STATES,,00,25,,10,,,00,2018-02-01 12:00:00.000,CROPS,,ALL PRODUCTION PRACTICES,DELAWARE,9000,ALL CLASSES,00000000,,ZIP CODE,19943,CENSUS,CROP TOTALS - OPERATIONS WITH SALES,SALES,CROP TOTALS,,"SALES: (LESS THAN 50,000 $)",CROP TOTALS
2007,OPERATIONS,,ALL UTILIZATION PRACTICES,SALES,ANNUAL,,19943,10,DE,YEAR,,UNITED STATES,,00,44,,10,,,00,2012-01-01 00:00:00.000,CROPS,,ALL PRODUCTION PRACTICES,DELAWARE,9000,ALL CLASSES,00000000,,ZIP CODE,19943,CENSUS,CROP TOTALS - OPERATIONS WITH SALES,SALES,CROP TOTALS,,"SALES: (LESS THAN 50,000 $)",CROP TOTALS
2022,OPERATIONS,,ALL UTILIZATION PRACTICES,SALES,ANNUAL,,19945,10,DE,YEAR,,UNITED STATES,,00,14,,10,,,00,2024-11-07 12:00:00.000,CROPS,,ALL PRODUCTION PRACTICES,DELAWARE,9000,ALL CLASSES,00000000,,ZIP CODE,19945,CENSUS,CROP TOTALS - OPERATIONS WITH SALES,SALES,CROP TOTALS,,"SALES: (LESS THAN 50,000 $)",CROP TOTALS
2017,OPERATIONS,,ALL UTILIZATION PRACTICES,SALES,ANNUAL,,19945,10,DE,YEAR,,UNITED STATES,,00,28,,10,,,00,2018-02-01 12:00:00.000,CROPS,,ALL PRODUCTION PRACTICES,DELAWARE,9000,ALL CLASSES,00000000,,ZIP CODE,19945,CENSUS,CROP TOTALS - OPERATIONS WITH SALES,SALES,CROP TOTALS,,"SALES: (LESS THAN 50,000 $)",CROP TOTALS
2007,OPERATIONS,,ALL UTILIZATION PRACTICES,SALES,ANNUAL,,19945,10,DE,YEAR,,UNITED STATES,,00,16,,10,,,00,2012-01-01 00:00:00.000,CROPS,,ALL PRODUCTION PRACTICES,DELAWARE,9000,ALL CLASSES,00000000,,ZIP CODE,19945,CENSUS,CROP TOTALS - OPERATIONS WITH SALES,SALES,CROP TOTALS,,"SALES: (LESS THAN 50,000 $)",CROP TOTALS
2022,OPERATIONS,,ALL UTILIZATION PRACTICES,SALES,ANNUAL,,19946,10,DE,YEAR,,UNITED STATES,,00,2,,10,,,00,2024-11-07 12:00:00.000,CROPS,,ALL PRODUCTION PRACTICES,DELAWARE,9000,ALL CLASSES,00000000,,ZIP CODE,19946,CENSUS,CROP TOTALS - OPERATIONS WITH SALES,SALES,CROP TOTALS,,"SALES: (LESS THAN 50,000 $)",CROP TOTALS
2017,OPERATIONS,,ALL UTILIZATION PRACTICES,SALES,ANNUAL,,19946,10,DE,YEAR,,UNITED STATES,,00,5,,10,,,00,2018-02-01 12:00:00.000,CROPS,,ALL PRODUCTION PRACTICES,DELAWARE,9000,ALL CLASSES,00000000,,ZIP CODE,19946,CENSUS,CROP TOTALS - OPERATIONS WITH SALES,SALES,CROP TOTALS,,"SALES: (LESS THAN 50,000 $)",CROP TOTALS
2007,OPERATIONS,,ALL UTILIZATION PRACTICES,SALES,ANNUAL,,19946,10,DE,YEAR,,UNITED STATES,,00,4,,10,,,00,2012-01-01 00:00:00.000,CROPS,,ALL PRODUCTION PRACTICES,DELAWARE,9000,ALL CLASSES,00000000,,ZIP CODE,19946,CENSUS,CROP TOTALS - OPERATIONS WITH SALES,SALES,CROP TOTALS,,"SALES: (LESS THAN 50,000 $)",CROP TOTALS
2022,OPERATIONS,,ALL UTILIZATION PRACTICES,SALES,ANNUAL,,19947,10,DE,YEAR,,UNITED STATES,,00,29,,10,,,00,2024-11-07 12:00:00.000,CROPS,,ALL PRODUCTION PRACTICES,DELAWARE,9000,ALL CLASSES,00000000,,ZIP CODE,19947,CENSUS,CROP TOTALS - OPERATIONS WITH SALES,SALES,CROP TOTALS,,"SALES: (LESS THAN 50,000 $)",CROP TOTALS
2017,OPERATIONS,,ALL UTILIZATION PRACTICES,SALES,ANNUAL,,19947,10,DE,YEAR,,UNITED STATES,,00,40,,10,,,00,2018-02-01 12:00:00.000,CROPS,,ALL PRODUCTION PRACTICES,DELAWARE,9000,ALL CLASSES,00000000,,ZIP CODE,19947,CENSUS,CROP TOTALS - OPERATIONS WITH SALES,SALES,CROP TOTALS,,"SALES: (LESS THAN 50,000 $)",CROP TOTALS
2007,OPERATIONS,,ALL UTILIZATION PRACTICES,SALES,ANNUAL,,19947,10,DE,YEAR,,UNITED STATES,,00,34,,10,,,00,2012-01-01 00:00:00.000,CROPS,,ALL PRODUCTION PRACTICES,DELAWARE,9000,ALL CLASSES,00000000,,ZIP CODE,19947,CENSUS,CROP TOTALS - OPERATIONS WITH SALES,SALES,CROP TOTALS,,"SALES: (LESS THAN 50,000 $)",CROP TOTALS
2022,OPERATIONS,,ALL UTILIZATION PRACTICES,SALES,ANNUAL,,19950,10,DE,YEAR,,UNITED STATES,,00,40,,10,,,00,2024-11-07 12:00:00.000,CROPS,,ALL PRODUCTION PRACTICES,DELAWARE,9000,ALL CLASSES,00000000,,ZIP CODE,19950,CENSUS,CROP TOTALS - OPERATIONS WITH SALES,SALES,CROP TOTALS,,"SALES: (LESS THAN 50,000 $)",CROP TOTALS
2017,OPERATIONS,,ALL UTILIZATION PRACTICES,SALES,ANNUAL,,19950,10,DE,YEAR,,UNITED STATES,,00,25,,10,,,00,2018-02-01 12:00:00.000,CROPS,,ALL PRODUCTION PRACTICES,DELAWARE,9000,ALL CLASSES,00000000,,ZIP CODE,19950,CENSUS,CROP TOTALS - OPERATIONS WITH SALES,SALES,CROP TOTALS,,"SALES: (LESS THAN 50,000 $)",CROP TOTALS
2007,OPERATIONS,,ALL UTILIZATION PRACTICES,SALES,ANNUAL,,19950,10,DE,YEAR,,UNITED STATES,,00,59,,10,,,00,2012-01-01 00:00:00.000,CROPS,,ALL PRODUCTION PRACTICES,DELAWARE,9000,ALL CLASSES,00000000,,ZIP CODE,19950,CENSUS,CROP TOTALS - OPERATIONS WITH SALES,SALES,CROP TOTALS,,"SALES: (LESS THAN 50,000 $)",CROP TOTALS
2022,OPERATIONS,,ALL UTILIZATION PRACTICES,SALES,ANNUAL,,19951,10,DE,YEAR,,UNITED STATES,,00,7,,10,,,00,2024-11-07 12:00:00.000,CROPS,,ALL PRODUCTION PRACTICES,DELAWARE,9000,ALL CLASSES,00000000,,ZIP CODE,19951,CENSUS,CROP TOTALS - OPERATIONS WITH SALES,SALES,CROP TOTALS,,"SALES: (LESS THAN 50,000 $)",CROP TOTALS
2017,OPERATIONS,,ALL UTILIZATION PRACTICES,SALES,ANNUAL,,19951,10,DE,YEAR,,UNITED STATES,,00,7,,10,,,00,2018-02-01 12:00:00.000,CROPS,,ALL PRODUCTION PRACTICES,DELAWARE,9000,ALL CLASSES,00000000,,ZIP CODE,19951,CENSUS,CROP TOTALS - OPERATIONS WITH SALES,SALES,CROP TOTALS,,"SALES: (LESS THAN 50,000 $)",CROP TOTALS
2007,OPERATIONS,,ALL UTILIZATION PRACTICES,SALES,ANNUAL,,19951,10,DE,YEAR,,UNITED STATES,,00,3,,10,,,00,2012-01-01 00:00:00.000,CROPS,,ALL PRODUCTION PRACTICES,DELAWARE,9000,ALL CLASSES,00000000,,ZIP CODE,19951,CENSUS,CROP TOTALS - OPERATIONS WITH SALES,SALES,CROP TOTALS,,"SALES: (LESS THAN 50,000 $)",CROP TOTALS
2022,OPERATIONS,,ALL UTILIZATION PRACTICES,SALES,ANNUAL,,19952,10,DE,YEAR,,UNITED STATES,,00,53,,10,,,00,2024-11-07 12:00:00.000,CROPS,,ALL PRODUCTION PRACTICES,DELAWARE,9000,ALL CLASSES,00000000,,ZIP CODE,19952,CENSUS,CROP TOTALS - OPERATIONS WITH SALES,SALES,CROP TOTALS,,"SALES: (LESS THAN 50,000 $)",CROP TOTALS
2017,OPERATIONS,,ALL UTILIZATION PRACTICES,SALES,ANNUAL,,19952,10,DE,YEAR,,UNITED STATES,,00,53,,10,,,00,2018-02-01 12:00:00.000,CROPS,,ALL PRODUCTION PRACTICES,DELAWARE,9000,ALL CLASSES,00000000,,ZIP CODE,19952,CENSUS,CROP TOTALS - OPERATIONS WITH SALES,SALES,CROP TOTALS,,"SALES: (LESS THAN 50,000 $)",CROP TOTALS
2007,OPERATIONS,,ALL UTILIZATION PRACTICES,SALES,ANNUAL,,19952,10,DE,YEAR,,UNITED STATES,,00,71,,10,,,00,2012-01-01 00:00:00.000,CROPS,,ALL PRODUCTION PRACTICES,DELAWARE,9000,ALL CLASSES,00000000,,ZIP CODE,19952,CENSUS,CROP TOTALS - OPERATIONS WITH SALES,SALES,CROP TOTALS,,"SALES: (LESS THAN 50,000 $)",CROP TOTALS
2022,OPERATIONS,,ALL UTILIZATION PRACTICES,SALES,ANNUAL,,19953,10,DE,YEAR,,UNITED STATES,,00,29,,10,,,00,2024-11-07 12:00:00.000,CROPS,,ALL PRODUCTION PRACTICES,DELAWARE,9000,ALL CLASSES,00000000,,ZIP CODE,19953,CENSUS,CROP TOTALS - OPERATIONS WITH SALES,SALES,CROP TOTALS,,"SALES: (LESS THAN 50,000 $)",CROP TOTALS
2017,OPERATIONS,,ALL UTILIZATION PRACTICES,SALES,ANNUAL,,19953,10,DE,YEAR,,UNITED STATES,,00,28,,10,,,00,2018-02-01 12:00:00.000,CROPS,,ALL PRODUCTION PRACTICES,DELAWARE,9000,ALL CLASSES,00000000,,ZIP CODE,19953,CENSUS,CROP TOTALS - OPERATIONS WITH SALES,SALES,CROP TOTALS,,"SALES: (LESS THAN 50,000 $)",CROP TOTALS
2007,OPERATIONS,,ALL UTILIZATION PRACTICES,SALES,ANNUAL,,19953,10,DE,YEAR,,UNITED STATES,,00,36,,10,,,00,2012-01-01 00:00:00.000,CROPS,,ALL PRODUCTION PRACTICES,DELAWARE,9000,ALL CLASSES,00000000,,ZIP CODE,19953,CENSUS,CROP TOTALS - OPERATIONS WITH SALES,SALES,CROP TOTALS,,"SALES: (LESS THAN 50,000 $)",CROP TOTALS
2022,OPERATIONS,,ALL UTILIZATION PRACTICES,SALES,ANNUAL,,19954,10,DE,YEAR,,UNITED STATES,,00,10,,10,,,00,2024-11-07 12:00:00.000,CROPS,,ALL PRODUCTION PRACTICES,DELAWARE,9000,ALL CLASSES,00000000,,ZIP CODE,19954,CENSUS,CROP TOTALS - OPERATIONS WITH SALES,SALES,CROP TOTALS,,"SALES: (LESS THAN 50,000 $)",CROP TOTALS
2017,OPERATIONS,,ALL UTILIZATION PRACTICES,SALES,ANNUAL,,19954,10,DE,YEAR,,UNITED STATES,,00,12,,10,,,00,2018-02-01 12:00:00.000,CROPS,,ALL PRODUCTION PRACTICES,DELAWARE,9000,ALL CLASSES,00000000,,ZIP CODE,19954,CENSUS,CROP TOTALS - OPERATIONS WITH SALES,SALES,CROP TOTALS,,"SALES: (LESS THAN 50,000 $)",CROP TOTALS
2007,OPERATIONS,,ALL UTILIZATION PRACTICES,SALES,ANNUAL,,19954,10,DE,YEAR,,UNITED STATES,,00,3,,10,,,00,2012-01-01 00:00:00.000,CROPS,,ALL PRODUCTION PRACTICES,DELAWARE,9000,ALL CLASSES,00000000,,ZIP CODE,19954,CENSUS,CROP TOTALS - OPERATIONS WITH SALES,SALES,CROP TOTALS,,"SALES: (LESS THAN 50,000 $)",CROP TOTALS
2007,OPERATIONS,,ALL UTILIZATION PRACTICES,SALES,ANNUAL,,19955,10,DE,YEAR,,UNITED STATES,,00,1,,10,,,00,2012-01-01 00:00:00.000,CROPS,,ALL PRODUCTION PRACTICES,DELAWARE,9000,ALL CLASSES,00000000,,ZIP CODE,19955,CENSUS,CROP TOTALS - OPERATIONS WITH SALES,SALES,CROP TOTALS,,"SALES: (LESS THAN 50,000 $)",CROP TOTALS
2022,OPERATIONS,,ALL UTILIZATION PRACTICES,SALES,ANNUAL,,19956,10,DE,YEAR,,UNITED STATES,,00,34,,10,,,00,2024-11-07 12:00:00.000,CROPS,,ALL PRODUCTION PRACTICES,DELAWARE,9000,ALL CLASSES,00000000,,ZIP CODE,19956,CENSUS,CROP TOTALS - OPERATIONS WITH SALES,SALES,CROP TOTALS,,"SALES: (LESS THAN 50,000 $)",CROP TOTALS
2017,OPERATIONS,,ALL UTILIZATION PRACTICES,SALES,ANNUAL,,19956,10,DE,YEAR,,UNITED STATES,,00,68,,10,,,00,2018-02-01 12:00:00.000,CROPS,,ALL PRODUCTION PRACTICES,DELAWARE,9000,ALL CLASSES,00000000,,ZIP CODE,19956,CENSUS,CROP TOTALS - OPERATIONS WITH SALES,SALES,CROP TOTALS,,"SALES: (LESS THAN 50,000 $)",CROP TOTALS
2007,OPERATIONS,,ALL UTILIZATION PRACTICES,SALES,ANNUAL,,19956,10,DE,YEAR,,UNITED STATES,,00,108,,10,,,00,2012-01-01 00:00:00.000,CROPS,,ALL PRODUCTION PRACTICES,DELAWARE,9000,ALL CLASSES,00000000,,ZIP CODE,19956,CENSUS,CROP TOTALS - OPERATIONS WITH SALES,SALES,CROP TOTALS,,"SALES: (LESS THAN 50,000 $)",CROP TOTALS
2022,OPERATIONS,,ALL UTILIZATION PRACTICES,SALES,ANNUAL,,19958,10,DE,YEAR,,UNITED STATES,,00,1,,10,,,00,2024-11-07 12:00:00.000,CROPS,,ALL PRODUCTION PRACTICES,DELAWARE,9000,ALL CLASSES,00000000,,ZIP CODE,19958,CENSUS,CROP TOTALS - OPERATIONS WITH SALES,SALES,CROP TOTALS,,"SALES: (LESS THAN 50,000 $)",CROP TOTALS
2017,OPERATIONS,,ALL UTILIZATION PRACTICES,SALES,ANNUAL,,19958,10,DE,YEAR,,UNITED STATES,,00,5,,10,,,00,2018-02-01 12:00:00.000,CROPS,,ALL PRODUCTION PRACTICES,DELAWARE,9000,ALL CLASSES,00000000,,ZIP CODE,19958,CENSUS,CROP TOTALS - OPERATIONS WITH SALES,SALES,CROP TOTALS,,"SALES: (LESS THAN 50,000 $)",CROP TOTALS
2007,OPERATIONS,,ALL UTILIZATION PRACTICES,SALES,ANNUAL,,19958,10,DE,YEAR,,UNITED STATES,,00,7,,10,,,00,2012-01-01 00:00:00.000,CROPS,,ALL PRODUCTION PRACTICES,DELAWARE,9000,ALL CLASSES,00000000,,ZIP CODE,19958,CENSUS,CROP TOTALS - OPERATIONS WITH SALES,SALES,CROP TOTALS,,"SALES: (LESS THAN 50,000 $)",CROP TOTALS
2022,OPERATIONS,,ALL UTILIZATION PRACTICES,SALES,ANNUAL,,19960,10,DE,YEAR,,UNITED STATES,,00,13,,10,,,00,2024-11-07 12:00:00.000,CROPS,,ALL PRODUCTION PRACTICES,DELAWARE,9000,ALL CLASSES,00000000,,ZIP CODE,19960,CENSUS,CROP TOTALS - OPERATIONS WITH SALES,SALES,CROP TOTALS,,"SALES: (LESS THAN 50,000 $)",CROP TOTALS
2017,OPERATIONS,,ALL UTILIZATION PRACTICES,SALES,ANNUAL,,19960,10,DE,YEAR,,UNITED STATES,,00,10,,10,,,00,2018-02-01 12:00:00.000,CROPS,,ALL PRODUCTION PRACTICES,DELAWARE,9000,ALL CLASSES,00000000,,ZIP CODE,19960,CENSUS,CROP TOTALS - OPERATIONS WITH SALES,SALES,CROP TOTALS,,"SALES: (LESS THAN 50,000 $)",CROP TOTALS
2007,OPERATIONS,,ALL UTILIZATION PRACTICES,SALES,ANNUAL,,19960,10,DE,YEAR,,UNITED STATES,,00,20,,10,,,00,2012-01-01 00:00:00.000,CROPS,,ALL PRODUCTION PRACTICES,DELAWARE,9000,ALL CLASSES,00000000,,ZIP CODE,19960,CENSUS,CROP TOTALS - OPERATIONS WITH SALES,SALES,CROP TOTALS,,"SALES: (LESS THAN 50,000 $)",CROP TOTALS
2022,OPERATIONS,,ALL UTILIZATION PRACTICES,SALES,ANNUAL,,19962,10,DE,YEAR,,UNITED STATES,,00,1,,10,,,00,2024-11-07 12:00:00.000,CROPS,,ALL PRODUCTION PRACTICES,DELAWARE,9000,ALL CLASSES,00000000,,ZIP CODE,19962,CENSUS,CROP TOTALS - OPERATIONS WITH SALES,SALES,CROP TOTALS,,"SALES: (LESS THAN 50,000 $)",CROP TOTALS
2017,OPERATIONS,,ALL UTILIZATION PRACTICES,SALES,ANNUAL,,19962,10,DE,YEAR,,UNITED STATES,,00,2,,10,,,00,2018-02-01 12:00:00.000,CROPS,,ALL PRODUCTION PRACTICES,DELAWARE,9000,ALL CLASSES,00000000,,ZIP CODE,19962,CENSUS,CROP TOTALS - OPERATIONS WITH SALES,SALES,CROP TOTALS,,"SALES: (LESS THAN 50,000 $)",CROP TOTALS
2007,OPERATIONS,,ALL UTILIZATION PRACTICES,SALES,ANNUAL,,19962,10,DE,YEAR,,UNITED STATES,,00,11,,10,,,00,2012-01-01 00:00:00.000,CROPS,,ALL PRODUCTION PRACTICES,DELAWARE,9000,ALL CLASSES,00000000,,ZIP CODE,19962,CENSUS,CROP TOTALS - OPERATIONS WITH SALES,SALES,CROP TOTALS,,"SALES: (LESS THAN 50,000 $)",CROP TOTALS
2022,OPERATIONS,,ALL UTILIZATION PRACTICES,SALES,ANNUAL,,19963,10,DE,YEAR,,UNITED STATES,,00,38,,10,,,00,2024-11-07 12:00:00.000,CROPS,,ALL PRODUCTION PRACTICES,DELAWARE,9000,ALL CLASSES,00000000,,ZIP CODE,19963,CENSUS,CROP TOTALS - OPERATIONS WITH SALES,SALES,CROP TOTALS,,"SALES: (LESS THAN 50,000 $)",CROP TOTALS
2017,OPERATIONS,,ALL UTILIZATION PRACTICES,SALES,ANNUAL,,19963,10,DE,YEAR,,UNITED STATES,,00,19,,10,,,00,2018-02-01 12:00:00.000,CROPS,,ALL PRODUCTION PRACTICES,DELAWARE,9000,ALL CLASSES,00000000,,ZIP CODE,19963,CENSUS,CROP TOTALS - OPERATIONS WITH SALES,SALES,CROP TOTALS,,"SALES: (LESS THAN 50,000 $)",CROP TOTALS
2007,OPERATIONS,,ALL UTILIZATION PRACTICES,SALES,ANNUAL,,19963,10,DE,YEAR,,UNITED STATES,,00,37,,10,,,00,2012-01-01 00:00:00.000,CROPS,,ALL PRODUCTION PRACTICES,DELAWARE,9000,ALL CLASSES,00000000,,ZIP CODE,19963,CENSUS,CROP TOTALS - OPERATIONS WITH SALES,SALES,CROP TOTALS,,"SALES: (LESS THAN 50,000 $)",CROP TOTALS
2017,OPERATIONS,,ALL UTILIZATION PRACTICES,SALES,ANNUAL,,19964,10,DE,YEAR,,UNITED STATES,,00,2,,10,,,00,2018-02-01 12:00:00.000,CROPS,,ALL PRODUCTION PRACTICES,DELAWARE,9000,ALL CLASSES,00000000,,ZIP CODE,19964,CENSUS,CROP TOTALS - OPERATIONS WITH SALES,SALES,CROP TOTALS,,"SALES: (LESS THAN 50,000 $)",CROP TOTALS
2007,OPERATIONS,,ALL UTILIZATION PRACTICES,SALES,ANNUAL,,19964,10,DE,YEAR,,UNITED STATES,,00,15,,10,,,00,2012-01-01 00:00:00.000,CROPS,,ALL PRODUCTION PRACTICES,DELAWARE,9000,ALL CLASSES,00000000,,ZIP CODE,19964,CENSUS,CROP TOTALS - OPERATIONS WITH SALES,SALES,CROP TOTALS,,"SALES: (LESS THAN 50,000 $)",CROP TOTALS
2022,OPERATIONS,,ALL UTILIZATION PRACTICES,SALES,ANNUAL,,19966,10,DE,YEAR,,UNITED STATES,,00,60,,10,,,00,2024-11-07 12:00:00.000,CROPS,,ALL PRODUCTION PRACTICES,DELAWARE,9000,ALL CLASSES,00000000,,ZIP CODE,19966,CENSUS,CROP TOTALS - OPERATIONS WITH SALES,SALES,CROP TOTALS,,"SALES: (LESS THAN 50,000 $)",CROP TOTALS
2017,OPERATIONS,,ALL UTILIZATION PRACTICES,SALES,ANNUAL,,19966,10,DE,YEAR,,UNITED STATES,,00,43,,10,,,00,2018-02-01 12:00:00.000,CROPS,,ALL PRODUCTION PRACTICES,DELAWARE,9000,ALL CLASSES,00000000,,ZIP CODE,19966,CENSUS,CROP TOTALS - OPERATIONS WITH SALES,SALES,CROP TOTALS,,"SALES: (LESS THAN 50,000 $)",CROP TOTALS
2007,OPERATIONS,,ALL UTILIZATION PRACTICES,SALES,ANNUAL,,19966,10,DE,YEAR,,UNITED STATES,,00,61,,10,,,00,2012-01-01 00:00:00.000,CROPS,,ALL PRODUCTION PRACTICES,DELAWARE,9000,ALL CLASSES,00000000,,ZIP CODE,19966,CENSUS,CROP TOTALS - OPERATIONS WITH SALES,SALES,CROP TOTALS,,"SALES: (LESS THAN 50,000 $)",CROP TOTALS
2022,OPERATIONS,,ALL UTILIZATION PRACTICES,SALES,ANNUAL,,19968,10,DE,YEAR,,UNITED STATES,,00,12,,10,,,00,2024-11-07 12:00:00.000,CROPS,,ALL PRODUCTION PRACTICES,DELAWARE,9000,ALL CLASSES,00000000,,ZIP CODE,19968,CENSUS,CROP TOTALS - OPERATIONS WITH SALES,SALES,CROP TOTALS,,"SALES: (LESS THAN 50,000 $)",CROP TOTALS
2017,OPERATIONS,,ALL UTILIZATION PRACTICES,SALES,ANNUAL,,19968,10,DE,YEAR,,UNITED STATES,,00,22,,10,,,00,2018-02-01 12:00:00.000,CROPS,,ALL PRODUCTION PRACTICES,DELAWARE,9000,ALL CLASSES,00000000,,ZIP CODE,19968,CENSUS,CROP TOTALS - OPERATIONS WITH SALES,SALES,CROP TOTALS,,"SALES: (LESS THAN 50,000 $)",CROP TOTALS
2007,OPERATIONS,,ALL UTILIZATION PRACTICES,SALES,ANNUAL,,19968,10,DE,YEAR,,UNITED STATES,,00,23,,10,,,00,2012-01-01 00:00:00.000,CROPS,,ALL PRODUCTION PRACTICES,DELAWARE,9000,ALL CLASSES,00000000,,ZIP CODE,19968,CENSUS,CROP TOTALS - OPERATIONS WITH SALES,SALES,CROP TOTALS,,"SALES: (LESS THAN 50,000 $)",CROP TOTALS
2007,OPERATIONS,,ALL UTILIZATION PRACTICES,SALES,ANNUAL,,19969,10,DE,YEAR,,UNITED STATES,,00,7,,10,,,00,2012-01-01 00:00:00.000,CROPS,,ALL PRODUCTION PRACTICES,DELAWARE,9000,ALL CLASSES,00000000,,ZIP CODE,19969,CENSUS,CROP TOTALS - OPERATIONS WITH SALES,SALES,CROP TOTALS,,"SALES: (LESS THAN 50,000 $)",CROP TOTALS
2022,OPERATIONS,,ALL UTILIZATION PRACTICES,SALES,ANNUAL,,19970,10,DE,YEAR,,UNITED STATES,,00,3,,10,,,00,2024-11-07 12:00:00.000,CROPS,,ALL PRODUCTION PRACTICES,DELAWARE,9000,ALL CLASSES,00000000,,ZIP CODE,19970,CENSUS,CROP TOTALS - OPERATIONS WITH SALES,SALES,CROP TOTALS,,"SALES: (LESS THAN 50,000 $)",CROP TOTALS
2017,OPERATIONS,,ALL UTILIZATION PRACTICES,SALES,ANNUAL,,19970,10,DE,YEAR,,UNITED STATES,,00,6,,10,,,00,2018-02-01 12:00:00.000,CROPS,,ALL PRODUCTION PRACTICES,DELAWARE,9000,ALL CLASSES,00000000,,ZIP CODE,19970,CENSUS,CROP TOTALS - OPERATIONS WITH SALES,SALES,CROP TOTALS,,"SALES: (LESS THAN 50,000 $)",CROP TOTALS
2007,OPERATIONS,,ALL UTILIZATION PRACTICES,SALES,ANNUAL,,19970,10,DE,YEAR,,UNITED STATES,,00,4,,10,,,00,2012-01-01 00:00:00.000,CROPS,,ALL PRODUCTION PRACTICES,DELAWARE,9000,ALL CLASSES,00000000,,ZIP CODE,19970,CENSUS,CROP TOTALS - OPERATIONS WITH SALES,SALES,CROP TOTALS,,"SALES: (LESS THAN 50,000 $)",CROP TOTALS
2017,OPERATIONS,,ALL UTILIZATION PRACTICES,SALES,ANNUAL,,19971,10,DE,YEAR,,UNITED STATES,,00,2,,10,,,00,2018-02-01 12:00:00.000,CROPS,,ALL PRODUCTION PRACTICES,DELAWARE,9000,ALL CLASSES,00000000,,ZIP CODE,19971,CENSUS,CROP TOTALS - OPERATIONS WITH SALES,SALES,CROP TOTALS,,"SALES: (LESS THAN 50,000 $)",CROP TOTALS
2007,OPERATIONS,,ALL UTILIZATION PRACTICES,SALES,ANNUAL,,19971,10,DE,YEAR,,UNITED STATES,,00,8,,10,,,00,2012-01-01 00:00:00.000,CROPS,,ALL PRODUCTION PRACTICES,DELAWARE,9000,ALL CLASSES,00000000,,ZIP CODE,19971,CENSUS,CROP TOTALS - OPERATIONS WITH SALES,SALES,CROP TOTALS,,"SALES: (LESS THAN 50,000 $)",CROP TOTALS
2022,OPERATIONS,,ALL UTILIZATION PRACTICES,SALES,ANNUAL,,19973,10,DE,YEAR,,UNITED STATES,,00,30,,10,,,00,2024-11-07 12:00:00.000,CROPS,,ALL PRODUCTION PRACTICES,DELAWARE,9000,ALL CLASSES,00000000,,ZIP CODE,19973,CENSUS,CROP TOTALS - OPERATIONS WITH SALES,SALES,CROP TOTALS,,"SALES: (LESS THAN 50,000 $)",CROP TOTALS
2017,OPERATIONS,,ALL UTILIZATION PRACTICES,SALES,ANNUAL,,19973,10,DE,YEAR,,UNITED STATES,,00,30,,10,,,00,2018-02-01 12:00:00.000,CROPS,,ALL PRODUCTION PRACTICES,DELAWARE,9000,ALL CLASSES,00000000,,ZIP CODE,19973,CENSUS,CROP TOTALS - OPERATIONS WITH SALES,SALES,CROP TOTALS,,"SALES: (LESS THAN 50,000 $)",CROP TOTALS
2007,OPERATIONS,,ALL UTILIZATION PRACTICES,SALES,ANNUAL,,19973,10,DE,YEAR,,UNITED STATES,,00,51,,10,,,00,2012-01-01 00:00:00.000,CROPS,,ALL PRODUCTION PRACTICES,DELAWARE,9000,ALL CLASSES,00000000,,ZIP CODE,19973,CENSUS,CROP TOTALS - OPERATIONS WITH SALES,SALES,CROP TOTALS,,"SALES: (LESS THAN 50,000 $)",CROP TOTALS
2022,OPERATIONS,,ALL UTILIZATION PRACTICES,SALES,ANNUAL,,19975,10,DE,YEAR,,UNITED STATES,,00,5,,10,,,00,2024-11-07 12:00:00.000,CROPS,,ALL PRODUCTION PRACTICES,DELAWARE,9000,ALL CLASSES,00000000,,ZIP CODE,19975,CENSUS,CROP TOTALS - OPERATIONS WITH SALES,SALES,CROP TOTALS,,"SALES: (LESS THAN 50,000 $)",CROP TOTALS
2017,OPERATIONS,,ALL UTILIZATION PRACTICES,SALES,ANNUAL,,19975,10,DE,YEAR,,UNITED STATES,,00,6,,10,,,00,2018-02-01 12:00:00.000,CROPS,,ALL PRODUCTION PRACTICES,DELAWARE,9000,ALL CLASSES,00000000,,ZIP CODE,19975,CENSUS,CROP TOTALS - OPERATIONS WITH SALES,SALES,CROP TOTALS,,"SALES: (LESS THAN 50,000 $)",CROP TOTALS
2007,OPERATIONS,,ALL UTILIZATION PRACTICES,SALES,ANNUAL,,19975,10,DE,YEAR,,UNITED STATES,,00,17,,10,,,00,2012-01-01 00:00:00.000,CROPS,,ALL PRODUCTION PRACTICES,DELAWARE,9000,ALL CLASSES,00000000,,ZIP CODE,19975,CENSUS,CROP TOTALS - OPERATIONS WITH SALES,SALES,CROP TOTALS,,"SALES: (LESS THAN 50,000 $)",CROP TOTALS
2022,OPERATIONS,,ALL UTILIZATION PRACTICES,SALES,ANNUAL,,19977,10,DE,YEAR,,UNITED STATES,,00,34,,10,,,00,2024-11-07 12:00:00.000,CROPS,,ALL PRODUCTION PRACTICES,DELAWARE,9000,ALL CLASSES,00000000,,ZIP CODE,19977,CENSUS,CROP TOTALS - OPERATIONS WITH SALES,SALES,CROP TOTALS,,"SALES: (LESS THAN 50,000 $)",CROP TOTALS
2017,OPERATIONS,,ALL UTILIZATION PRACTICES,SALES,ANNUAL,,19977,10,DE,YEAR,,UNITED STATES,,00,21,,10,,,00,2018-02-01 12:00:00.000,CROPS,,ALL PRODUCTION PRACTICES,DELAWARE,9000,ALL CLASSES,00000000,,ZIP CODE,19977,CENSUS,CROP TOTALS - OPERATIONS WITH SALES,SALES,CROP TOTALS,,"SALES: (LESS THAN 50,000 $)",CROP TOTALS
2007,OPERATIONS,,ALL UTILIZATION PRACTICES,SALES,ANNUAL,,19977,10,DE,YEAR,,UNITED STATES,,00,21,,10,,,00,2012-01-01 00:00:00.000,CROPS,,ALL PRODUCTION PRACTICES,DELAWARE,9000,ALL CLASSES,00000000,,ZIP CODE,19977,CENSUS,CROP TOTALS - OPERATIONS WITH SALES,SALES,CROP TOTALS,,"SALES: (LESS THAN 50,000 $)",CROP TOTALS
2022,OPERATIONS,,ALL UTILIZATION PRACTICES,SALES,ANNUAL,,19979,10,DE,YEAR,,UNITED STATES,,00,4,,10,,,00,2024-11-07 12:00:00.000,CROPS,,ALL PRODUCTION PRACTICES,DELAWARE,9000,ALL CLASSES,00000000,,ZIP CODE,19979,CENSUS,CROP TOTALS - OPERATIONS WITH SALES,SALES,CROP TOTALS,,"SALES: (LESS THAN 50,000 $)",CROP TOTALS
2017,OPERATIONS,,ALL UTILIZATION PRACTICES,SALES,ANNUAL,,19979,10,DE,YEAR,,UNITED STATES,,00,5,,10,,,00,2018-02-01 12:00:00.000,CROPS,,ALL PRODUCTION PRACTICES,DELAWARE,9000,ALL CLASSES,00000000,,ZIP CODE,19979,CENSUS,CROP TOTALS - OPERATIONS WITH SALES,SALES,CROP TOTALS,,"SALES: (LESS THAN 50,000 $)",CROP TOTALS
2007,OPERATIONS,,ALL UTILIZATION PRACTICES,SALES,ANNUAL,,19979,10,DE,YEAR,,UNITED STATES,,00,2,,10,,,00,2012-01-01 00:00:00.000,CROPS,,ALL PRODUCTION PRACTICES,DELAWARE,9000,ALL CLASSES,00000000,,ZIP CODE,19979,CENSUS,CROP TOTALS - OPERATIONS WITH SALES,SALES,CROP TOTALS,,"SALES: (LESS THAN 50,000 $)",CROP TOTALS
2022,OPERATIONS,,ALL UTILIZATION PRACTICES,SALES,ANNUAL,,19980,10,DE,YEAR,,UNITED STATES,,00,1,,10,,,00,2024-11-07 12:00:00.000,CROPS,,ALL PRODUCTION PRACTICES,DELAWARE,9000,ALL CLASSES,00000000,,ZIP CODE,19980,CENSUS,CROP TOTALS - OPERATIONS WITH SALES,SALES,CROP TOTALS,,"SALES: (LESS THAN 50,000 $)",CROP TOTALS
2017,OPERATIONS,,ALL UTILIZATION PRACTICES,SALES,ANNUAL,,19980,10,DE,YEAR,,UNITED STATES,,00,1,,10,,,00,2018-02-01 12:00:00.000,CROPS,,ALL PRODUCTION PRACTICES,DELAWARE,9000,ALL CLASSES,00000000,,ZIP CODE,19980,CENSUS,CROP TOTALS - OPERATIONS WITH SALES,SALES,CROP TOTALS,,"SALES: (LESS THAN 50,000 $)",CROP TOTALS
2007,OPERATIONS,,ALL UTILIZATION PRACTICES,SALES,ANNUAL,,19980,10,DE,YEAR,,UNITED STATES,,00,1,,10,,,00,2012-01-01 00:00:00.000,CROPS,,ALL PRODUCTION PRACTICES,DELAWARE,9000,ALL CLASSES,00000000,,ZIP CODE,19980,CENSUS,CROP TOTALS - OPERATIONS WITH SALES,SALES,CROP TOTALS,,"SALES: (LESS THAN 50,000 $)",CROP TOTALS
2022,OPERATIONS,,ALL UTILIZATION PRACTICES,SALES,ANNUAL,,99999,10,DE,YEAR,,UNITED STATES,,00,10,,10,,,00,2024-11-07 12:00:00.000,CROPS,,ALL PRODUCTION PRACTICES,DELAWARE,9000,ALL CLASSES,00000000,,ZIP CODE,99999,CENSUS,CROP TOTALS - OPERATIONS WITH SALES,SALES,CROP TOTALS,,"SALES: (LESS THAN 50,000 $)",CROP TOTALS
2017,OPERATIONS,,ALL UTILIZATION PRACTICES,SALES,ANNUAL,,99999,10,DE,YEAR,,UNITED STATES,,00,11,,10,,,00,2018-02-01 12:00:00.000,CROPS,,ALL PRODUCTION PRACTICES,DELAWARE,9000,ALL CLASSES,00000000,,ZIP CODE,99999,CENSUS,CROP TOTALS - OPERATIONS WITH SALES,SALES,CROP TOTALS,,"SALES: (LESS THAN 50,000 $)",CROP TOTALS
2007,OPERATIONS,,ALL UTILIZATION PRACTICES,SALES,ANNUAL,,99999,10,DE,YEAR,,UNITED STATES,,00,26,,10,,,00,2012-01-01 00:00:00.000,CROPS,,ALL PRODUCTION PRACTICES,DELAWARE,9000,ALL CLASSES,00000000,,ZIP CODE,99999,CENSUS,CROP TOTALS - OPERATIONS WITH SALES,SALES,CROP TOTALS,,"SALES: (LESS THAN 50,000 $)",CROP TOTALS
2022,OPERATIONS,,ALL UTILIZATION PRACTICES,TOTAL,ANNUAL,,"DELAWARE, NORTHERN, NEW CASTLE",10,DE,YEAR,003,UNITED STATES,20,00,193,NEW CASTLE,10,,003,00,2024-07-02 12:00:00.000,CROPS,NORTHERN,ALL PRODUCTION PRACTICES,DELAWARE,9000,ALL CLASSES,00000000,,COUNTY,,CENSUS,CROP TOTALS - OPERATIONS WITH SALES,SALES,CROP TOTALS,8.5,NOT SPECIFIED,CROP TOTALS
2017,OPERATIONS,,ALL UTILIZATION PRACTICES,TOTAL,ANNUAL,,"DELAWARE, NORTHERN, NEW CASTLE",10,DE,YEAR,003,UNITED STATES,20,00,199,NEW CASTLE,10,,003,00,2018-02-01 00:00:00.000,CROPS,NORTHERN,ALL PRODUCTION PRACTICES,DELAWARE,9000,ALL CLASSES,00000000,,COUNTY,,CENSUS,CROP TOTALS - OPERATIONS WITH SALES,SALES,CROP TOTALS,12.7,NOT SPECIFIED,CROP TOTALS
2012,OPERATIONS,,ALL UTILIZATION PRACTICES,TOTAL,ANNUAL,,"DELAWARE, NORTHERN, NEW CASTLE",10,DE,YEAR,003,UNITED STATES,20,00,187,NEW CASTLE,10,,003,00,2012-12-31 00:00:00.000,CROPS,NORTHERN,ALL PRODUCTION PRACTICES,DELAWARE,9000,ALL CLASSES,00000000,,COUNTY,,CENSUS,CROP TOTALS - OPERATIONS WITH SALES,SALES,CROP TOTALS,21.7,NOT SPECIFIED,CROP TOTALS
2007,OPERATIONS,,ALL UTILIZATION PRACTICES,TOTAL,ANNUAL,,"DELAWARE, NORTHERN, NEW CASTLE",10,DE,YEAR,003,UNITED STATES,20,00,220,NEW CASTLE,10,,003,00,2012-01-01 00:00:00.000,CROPS,NORTHERN,ALL PRODUCTION PRACTICES,DELAWARE,9000,ALL CLASSES,00000000,,COUNTY,,CENSUS,CROP TOTALS - OPERATIONS WITH SALES,SALES,CROP TOTALS,,NOT SPECIFIED,CROP TOTALS
2002,OPERATIONS,,ALL UTILIZATION PRACTICES,TOTAL,ANNUAL,,"DELAWARE, NORTHERN, NEW CASTLE",10,DE,YEAR,003,UNITED STATES,20,00,240,NEW CASTLE,10,,003,00,2012-01-01 00:00:00.000,CROPS,NORTHERN,ALL PRODUCTION PRACTICES,DELAWARE,9000,ALL CLASSES,00000000,,COUNTY,,CENSUS,CROP TOTALS - OPERATIONS WITH SALES,SALES,CROP TOTALS,,NOT SPECIFIED,CROP TOTALS
1997,OPERATIONS,,ALL UTILIZATION PRACTICES,TOTAL,ANNUAL,,"DELAWARE, NORTHERN, NEW CASTLE",10,DE,YEAR,003,UNITED STATES,20,00,257,NEW CASTLE,10,,003,00,2012-01-01 00:00:00.000,CROPS,NORTHERN,ALL PRODUCTION PRACTICES,DELAWARE,9000,ALL CLASSES,00000000,,COUNTY,,CENSUS,CROP TOTALS - OPERATIONS WITH SALES,SALES,CROP TOTALS,,NOT SPECIFIED,CROP TOTALS
2022,OPERATIONS,,ALL UTILIZATION PRACTICES,TOTAL,ANNUAL,,"DELAWARE, CENTRAL, KENT",10,DE,YEAR,001,UNITED STATES,50,00,467,KENT,10,,001,00,2024-07-02 12:00:00.000,CROPS,CENTRAL,ALL PRODUCTION PRACTICES,DELAWARE,9000,ALL CLASSES,00000000,,COUNTY,,CENSUS,CROP TOTALS - OPERATIONS WITH SALES,SALES,CROP TOTALS,8.5,NOT SPECIFIED,CROP TOTALS
2017,OPERATIONS,,ALL UTILIZATION PRACTICES,TOTAL,ANNUAL,,"DELAWARE, CENTRAL, KENT",10,DE,YEAR,001,UNITED STATES,50,00,436,KENT,10,,001,00,2018-02-01 00:00:00.000,CROPS,CENTRAL,ALL PRODUCTION PRACTICES,DELAWARE,9000,ALL CLASSES,00000000,,COUNTY,,CENSUS,CROP TOTALS - OPERATIONS WITH SALES,SALES,CROP TOTALS,12.7,NOT SPECIFIED,CROP TOTALS
2012,OPERATIONS,,ALL UTILIZATION PRACTICES,TOTAL,ANNUAL,,"DELAWARE, CENTRAL, KENT",10,DE,YEAR,001,UNITED STATES,50,00,456,KENT,10,,001,00,2012-12-31 00:00:00.000,CROPS,CENTRAL,ALL PRODUCTION PRACTICES,DELAWARE,9000,ALL CLASSES,00000000,,COUNTY,,CENSUS,CROP TOTALS - OPERATIONS WITH SALES,SALES,CROP TOTALS,21.7,NOT SPECIFIED,CROP TOTALS
2007,OPERATIONS,,ALL UTILIZATION PRACTICES,TOTAL,ANNUAL,,"DELAWARE, CENTRAL, KENT",10,DE,YEAR,001,UNITED STATES,50,00,461,KENT,10,,001,00,2012-01-01 00:00:00.000,CROPS,CENTRAL,ALL PRODUCTION PRACTICES,DELAWARE,9000,ALL CLASSES,00000000,,COUNTY,,CENSUS,CROP TOTALS - OPERATIONS WITH SALES,SALES,CROP TOTALS,,NOT SPECIFIED,CROP TOTALS
2002,OPERATIONS,,ALL UTILIZATION PRACTICES,TOTAL,ANNUAL,,"DELAWARE, CENTRAL, KENT",10,DE,YEAR,001,UNITED STATES,50,00,434,KENT,10,,001,00,2012-01-01 00:00:00.000,CROPS,CENTRAL,ALL PRODUCTION PRACTICES,DELAWARE,9000,ALL CLASSES,00000000,,COUNTY,,CENSUS,CROP TOTALS - OPERATIONS WITH SALES,SALES,CROP TOTALS,,NOT SPECIFIED,CROP TOTALS
1997,OPERATIONS,,ALL UTILIZATION PRACTICES,TOTAL,ANNUAL,,"DELAWARE, CENTRAL, KENT",10,DE,YEAR,001,UNITED STATES,50,00,577,KENT,10,,001,00,2012-01-01 00:00:00.000,CROPS,CENTRAL,ALL PRODUCTION PRACTICES,DELAWARE,9000,ALL CLASSES,00000000,,COUNTY,,CENSUS,CROP TOTALS - OPERATIONS WITH SALES,SALES,CROP TOTALS,,NOT SPECIFIED,CROP TOTALS
2022,OPERATIONS,,ALL UTILIZATION PRACTICES,TOTAL,ANNUAL,,"DELAWARE, SOUTHERN, SUSSEX",10,DE,YEAR,005,UNITED STATES,80,00,588,SUSSEX,10,,005,00,2024-07-02 12:00:00.000,CROPS,SOUTHERN,ALL PRODUCTION PRACTICES,DELAWARE,9000,ALL CLASSES,00000000,,COUNTY,,CENSUS,CROP TOTALS - OPERATIONS WITH SALES,SALES,CROP TOTALS,8.5,NOT SPECIFIED,CROP TOTALS
2017,OPERATIONS,,ALL UTILIZATION PRACTICES,TOTAL,ANNUAL,,"DELAWARE, SOUTHERN, SUSSEX",10,DE,YEAR,005,UNITED STATES,80,00,673,SUSSEX,10,,005,00,2018-02-01 00:00:00.000,CROPS,SOUTHERN,ALL PRODUCTION PRACTICES,DELAWARE,9000,ALL CLASSES,00000000,,COUNTY,,CENSUS,CROP TOTALS - OPERATIONS WITH SALES,SALES,CROP TOTALS,12.7,NOT SPECIFIED,CROP TOTALS
2012,OPERATIONS,,ALL UTILIZATION PRACTICES,TOTAL,ANNUAL,,"DELAWARE, SOUTHERN, SUSSEX",10,DE,YEAR,005,UNITED STATES,80,00,653,SUSSEX,10,,005,00,2012-12-31 00:00:00.000,CROPS,SOUTHERN,ALL PRODUCTION PRACTICES,DELAWARE,9000,ALL CLASSES,00000000,,COUNTY,,CENSUS,CROP TOTALS - OPERATIONS WITH SALES,SALES,CROP TOTALS,21.7,NOT SPECIFIED,CROP TOTALS
2007,OPERATIONS,,ALL UTILIZATION PRACTICES,TOTAL,ANNUAL,,"DELAWARE, SOUTHERN, SUSSEX",10,DE,YEAR,005,UNITED STATES,80,00,836,SUSSEX,10,,005,00,2012-01-01 00:00:00.000,CROPS,SOUTHERN,ALL PRODUCTION PRACTICES,DELAWARE,9000,ALL CLASSES,00000000,,COUNTY,,CENSUS,CROP TOTALS - OPERATIONS WITH SALES,SALES,CROP TOTALS,,NOT SPECIFIED,CROP TOTALS
2002,OPERATIONS,,ALL UTILIZATION PRACTICES,TOTAL,ANNUAL,,"DELAWARE, SOUTHERN, SUSSEX",10,DE,YEAR,005,UNITED STATES,80,00,692,SUSSEX,10,,005,00,2012-01-01 00:00:00.000,CROPS,SOUTHERN,ALL PRODUCTION PRACTICES,DELAWARE,9000,ALL CLASSES,00000000,,COUNTY,,CENSUS,CROP TOTALS - OPERATIONS WITH SALES,SALES,CROP TOTALS,,NOT SPECIFIED,CROP TOTALS
1997,OPERATIONS,,ALL UTILIZATION PRACTICES,TOTAL,ANNUAL,,"DELAWARE, SOUTHERN, SUSSEX",10,DE,YEAR,005,UNITED STATES,80,00,892,SUSSEX,10,,005,00,2012-01-01 00:00:00.000,CROPS,SOUTHERN,ALL PRODUCTION PRACTICES,DELAWARE,9000,ALL CLASSES,00000000,,COUNTY,,CENSUS,CROP TOTALS - OPERATIONS WITH SALES,SALES,CROP TOTALS,,NOT SPECIFIED,CROP TOTALS
2022,OPERATIONS,,ALL UTILIZATION PRACTICES,TOTAL,ANNUAL,,DELAWARE,10,DE,YEAR,,UNITED STATES,,00,"1,248",,10,,,00,2024-07-02 12:00:00.000,CROPS,,ALL PRODUCTION PRACTICES,DELAWARE,9000,ALL CLASSES,00000000,,STATE,,CENSUS,CROP TOTALS - OPERATIONS WITH SALES,SALES,CROP TOTALS,3.3,NOT SPECIFIED,CROP TOTALS
2017,OPERATIONS,,ALL UTILIZATION PRACTICES,TOTAL,ANNUAL,,DELAWARE,10,DE,YEAR,,UNITED STATES,,00,"1,308",,10,,,00,2018-02-01 00:00:00.000,CROPS,,ALL PRODUCTION PRACTICES,DELAWARE,9000,ALL CLASSES,00000000,,STATE,,CENSUS,CROP TOTALS - OPERATIONS WITH SALES,SALES,CROP TOTALS,10.2,NOT SPECIFIED,CROP TOTALS
2012,OPERATIONS,,ALL UTILIZATION PRACTICES,TOTAL,ANNUAL,,DELAWARE,10,DE,YEAR,,UNITED STATES,,00,"1,296",,10,,,00,2012-12-31 00:00:00.000,CROPS,,ALL PRODUCTION PRACTICES,DELAWARE,9000,ALL CLASSES,00000000,,STATE,,CENSUS,CROP TOTALS - OPERATIONS WITH SALES,SALES,CROP TOTALS,23.3,NOT SPECIFIED,CROP TOTALS
2007,OPERATIONS,,ALL UTILIZATION PRACTICES,TOTAL,ANNUAL,,DELAWARE,10,DE,YEAR,,UNITED STATES,,00,"1,517",,10,,,00,2012-01-01 00:00:00.000,CROPS,,ALL PRODUCTION PRACTICES,DELAWARE,9000,ALL CLASSES,00000000,,STATE,,CENSUS,CROP TOTALS - OPERATIONS WITH SALES,SALES,CROP TOTALS,,NOT SPECIFIED,CROP TOTALS
2002,OPERATIONS,,ALL UTILIZATION PRACTICES,TOTAL,ANNUAL,,DELAWARE,10,DE,YEAR,,UNITED STATES,,00,"1,366",,10,,,00,2012-01-01 00:00:00.000,CROPS,,ALL PRODUCTION PRACTICES,DELAWARE,9000,ALL CLASSES,00000000,,STATE,,CENSUS,CROP TOTALS - OPERATIONS WITH SALES,SALES,CROP TOTALS,,NOT SPECIFIED,CROP TOTALS
1997,OPERATIONS,,ALL UTILIZATION PRACTICES,TOTAL,ANNUAL,,DELAWARE,10,DE,YEAR,,UNITED STATES,,00,"1,726",,10,,,00,2012-01-01 00:00:00.000,CROPS,,ALL PRODUCTION PRACTICES,DELAWARE,9000,ALL CLASSES,00000000,,STATE,,CENSUS,CROP TOTALS - OPERATIONS WITH SALES,SALES,CROP TOTALS,,NOT SPECIFIED,CROP TOTALS
2022,OPERATIONS,,ALL UTILIZATION PRACTICES,TOTAL,ANNUAL,,19701,10,DE,YEAR,,UNITED STATES,,00,7,,10,,,00,2024-11-07 12:00:00.000,CROPS,,ALL PRODUCTION PRACTICES,DELAWARE,9000,ALL CLASSES,00000000,,ZIP CODE,19701,CENSUS,CROP TOTALS - OPERATIONS WITH SALES,SALES,CROP TOTALS,,NOT SPECIFIED,CROP TOTALS
2017,OPERATIONS,,ALL UTILIZATION PRACTICES,TOTAL,ANNUAL,,19701,10,DE,YEAR,,UNITED STATES,,00,11,,10,,,00,2018-02-01 12:00:00.000,CROPS,,ALL PRODUCTION PRACTICES,DELAWARE,9000,ALL CLASSES,00000000,,ZIP CODE,19701,CENSUS,CROP TOTALS - OPERATIONS WITH SALES,SALES,CROP TOTALS,,NOT SPECIFIED,CROP TOTALS
2007,OPERATIONS,,ALL UTILIZATION PRACTICES,TOTAL,ANNUAL,,19701,10,DE,YEAR,,UNITED STATES,,00,13,,10,,,00,2012-01-01 00:00:00.000,CROPS,,ALL PRODUCTION PRACTICES,DELAWARE,9000,ALL CLASSES,00000000,,ZIP CODE,19701,CENSUS,CROP TOTALS - OPERATIONS WITH SALES,SALES,CROP TOTALS,,NOT SPECIFIED,CROP TOTALS
2022,OPERATIONS,,ALL UTILIZATION PRACTICES,TOTAL,ANNUAL,,19702,10,DE,YEAR,,UNITED STATES,,00,14,,10,,,00,2024-11-07 12:00:00.000,CROPS,,ALL PRODUCTION PRACTICES,DELAWARE,9000,ALL CLASSES,00000000,,ZIP CODE,19702,CENSUS,CROP TOTALS - OPERATIONS WITH SALES,SALES,CROP TOTALS,,NOT SPECIFIED,CROP TOTALS
2017,OPERATIONS,,ALL UTILIZATION PRACTICES,TOTAL,ANNUAL,,19702,10,DE,YEAR,,UNITED STATES,,00,7,,10,,,00,2018-02-01 12:00:00.000,CROPS,,ALL PRODUCTION PRACTICES,DELAWARE,9000,ALL CLASSES,00000000,,ZIP CODE,19702,CENSUS,CROP TOTALS - OPERATIONS WITH SALES,SALES,CROP TOTALS,,NOT SPECIFIED,CROP TOTALS
2007,OPERATIONS,,ALL UTILIZATION PRACTICES,TOTAL,ANNUAL,,19702,10,DE,YEAR,,UNITED STATES,,00,18,,10,,,00,2012-01-01 00:00:00.000,CROPS,,ALL PRODUCTION PRACTICES,DELAWARE,9000,ALL CLASSES,00000000,,ZIP CODE,19702,CENSUS,CROP TOTALS - OPERATIONS WITH SALES,SALES,CROP TOTALS,,NOT SPECIFIED,CROP TOTALS
2022,OPERATIONS,,ALL UTILIZATION PRACTICES,TOTAL,ANNUAL,,19707,10,DE,YEAR,,UNITED STATES,,00,9,,10,,,00,2024-11-07 12:00:00.000,CROPS,,ALL PRODUCTION PRACTICES,DELAWARE,9000,ALL CLASSES,00000000,,ZIP CODE,19707,CENSUS,CROP TOTALS - OPERATIONS WITH SALES,SALES,CROP TOTALS,,NOT SPECIFIED,CROP TOTALS
2017,OPERATIONS,,ALL UTILIZATION PRACTICES,TOTAL,ANNUAL,,19707,10,DE,YEAR,,UNITED STATES,,00,12,,10,,,00,2018-02-01 12:00:00.000,CROPS,,ALL PRODUCTION PRACTICES,DELAWARE,9000,ALL CLASSES,00000000,,ZIP CODE,19707,CENSUS,CROP TOTALS - OPERATIONS WITH SALES,SALES,CROP TOTALS,,NOT SPECIFIED,CROP TOTALS
2007,OPERATIONS,,ALL UTILIZATION PRACTICES,TOTAL,ANNUAL,,19707,10,DE,YEAR,,UNITED STATES,,00,15,,10,,,00,2012-01-01 00:00:00.000,CROPS,,ALL PRODUCTION PRACTICES,DELAWARE,9000,ALL CLASSES,00000000,,ZIP CODE,19707,CENSUS,CROP TOTALS - OPERATIONS WITH SALES,SALES,CROP TOTALS,,NOT SPECIFIED,CROP TOTALS
2017,OPERATIONS,,ALL UTILIZATION PRACTICES,TOTAL,ANNUAL,,19708,10,DE,YEAR,,UNITED STATES,,00,2,,10,,,00,2018-02-01 12:00:00.000,CROPS,,ALL PRODUCTION PRACTICES,DELAWARE,9000,ALL CLASSES,00000000,,ZIP CODE,19708,CENSUS,CROP TOTALS - OPERATIONS WITH SALES,SALES,CROP TOTALS,,NOT SPECIFIED,CROP TOTALS
2022,OPERATIONS,,ALL UTILIZATION PRACTICES,TOTAL,ANNUAL,,19709,10,DE,YEAR,,UNITED STATES,,00,46,,10,,,00,2024-11-07 12:00:00.000,CROPS,,ALL PRODUCTION PRACTICES,DELAWARE,9000,ALL CLASSES,00000000,,ZIP CODE,19709,CENSUS,CROP TOTALS - OPERATIONS WITH SALES,SALES,CROP TOTALS,,NOT SPECIFIED,CROP TOTALS
2017,OPERATIONS,,ALL UTILIZATION PRACTICES,TOTAL,ANNUAL,,19709,10,DE,YEAR,,UNITED STATES,,00,43,,10,,,00,2018-02-01 12:00:00.000,CROPS,,ALL PRODUCTION PRACTICES,DELAWARE,9000,ALL CLASSES,00000000,,ZIP CODE,19709,CENSUS,CROP TOTALS - OPERATIONS WITH SALES,SALES,CROP TOTALS,,NOT SPECIFIED,CROP TOTALS
2007,OPERATIONS,,ALL UTILIZATION PRACTICES,TOTAL,ANNUAL,,19709,10,DE,YEAR,,UNITED STATES,,00,54,,10,,,00,2012-01-01 00:00:00.000,CROPS,,ALL PRODUCTION PRACTICES,DELAWARE,9000,ALL CLASSES,00000000,,ZIP CODE,19709,CENSUS,CROP TOTALS - OPERATIONS WITH SALES,SALES,CROP TOTALS,,NOT SPECIFIED,CROP TOTALS
2007,OPERATIONS,,ALL UTILIZATION PRACTICES,TOTAL,ANNUAL,,19710,10,DE,YEAR,,UNITED STATES,,00,1,,10,,,00,2012-01-01 00:00:00.000,CROPS,,ALL PRODUCTION PRACTICES,DELAWARE,9000,ALL CLASSES,00000000,,ZIP CODE,19710,CENSUS,CROP TOTALS - OPERATIONS WITH SALES,SALES,CROP TOTALS,,NOT SPECIFIED,CROP TOTALS
2022,OPERATIONS,,ALL UTILIZATION PRACTICES,TOTAL,ANNUAL,,19711,10,DE,YEAR,,UNITED STATES,,00,8,,10,,,00,2024-11-07 12:00:00.000,CROPS,,ALL PRODUCTION PRACTICES,DELAWARE,9000,ALL CLASSES,00000000,,ZIP CODE,19711,CENSUS,CROP TOTALS - OPERATIONS WITH SALES,SALES,CROP TOTALS,,NOT SPECIFIED,CROP TOTALS
2017,OPERATIONS,,ALL UTILIZATION PRACTICES,TOTAL,ANNUAL,,19711,10,DE,YEAR,,UNITED STATES,,00,5,,10,,,00,2018-02-01 12:00:00.000,CROPS,,ALL PRODUCTION PRACTICES,DELAWARE,9000,ALL CLASSES,00000000,,ZIP CODE,19711,CENSUS,CROP TOTALS - OPERATIONS WITH SALES,SALES,CROP TOTALS,,NOT SPECIFIED,CROP TOTALS
2007,OPERATIONS,,ALL UTILIZATION PRACTICES,TOTAL,ANNUAL,,19711,10,DE,YEAR,,UNITED STATES,,00,13,,10,,,00,2012-01-01 00:00:00.000,CROPS,,ALL PRODUCTION PRACTICES,DELAWARE,9000,ALL CLASSES,00000000,,ZIP CODE,19711,CENSUS,CROP TOTALS - OPERATIONS WITH SALES,SALES,CROP TOTALS,,NOT SPECIFIED,CROP TOTALS
2022,OPERATIONS,,ALL UTILIZATION PRACTICES,TOTAL,ANNUAL,,19713,10,DE,YEAR,,UNITED STATES,,00,3,,10,,,00,2024-11-07 12:00:00.000,CROPS,,ALL PRODUCTION PRACTICES,DELAWARE,9000,ALL CLASSES,00000000,,ZIP CODE,19713,CENSUS,CROP TOTALS - OPERATIONS WITH SALES,SALES,CROP TOTALS,,NOT SPECIFIED,CROP TOTALS
2017,OPERATIONS,,ALL UTILIZATION PRACTICES,TOTAL,ANNUAL,,19713,10,DE,YEAR,,UNITED STATES,,00,2,,10,,,00,2018-02-01 12:00:00.000,CROPS,,ALL PRODUCTION PRACTICES,DELAWARE,9000,ALL CLASSES,00000000,,ZIP CODE,19713,CENSUS,CROP TOTALS - OPERATIONS WITH SALES,SALES,CROP TOTALS,,NOT SPECIFIED,CROP TOTALS
2007,OPERATIONS,,ALL UTILIZATION PRACTICES,TOTAL,ANNUAL,,19713,10,DE,YEAR,,UNITED STATES,,00,8,,10,,,00,2012-01-01 00:00:00.000,CROPS,,ALL PRODUCTION PRACTICES,DELAWARE,9000,ALL CLASSES,00000000,,ZIP CODE,19713,CENSUS,CROP TOTALS - OPERATIONS WITH SALES,SALES,CROP TOTALS,,NOT SPECIFIED,CROP TOTALS
2017,OPERATIONS,,ALL UTILIZATION PRACTICES,TOTAL,ANNUAL,,19715,10,DE,YEAR,,UNITED STATES,,00,3,,10,,,00,2018-02-01 12:00:00.000,CROPS,,ALL PRODUCTION PRACTICES,DELAWARE,9000,ALL CLASSES,00000000,,ZIP CODE,19715,CENSUS,CROP TOTALS - OPERATIONS WITH SALES,SALES,CROP TOTALS,,NOT SPECIFIED,CROP TOTALS
2022,OPERATIONS,,ALL UTILIZATION PRACTICES,TOTAL,ANNUAL,,19720,10,DE,YEAR,,UNITED STATES,,00,2,,10,,,00,2024-11-07 12:00:00.000,CROPS,,ALL PRODUCTION PRACTICES,DELAWARE,9000,ALL CLASSES,00000000,,ZIP CODE,19720,CENSUS,CROP TOTALS - OPERATIONS WITH SALES,SALES,CROP TOTALS,,NOT SPECIFIED,CROP TOTALS
2017,OPERATIONS,,ALL UTILIZATION PRACTICES,TOTAL,ANNUAL,,19720,10,DE,YEAR,,UNITED STATES,,00,1,,10,,,00,2018-02-01 12:00:00.000,CROPS,,ALL PRODUCTION PRACTICES,DELAWARE,9000,ALL CLASSES,00000000,,ZIP CODE,19720,CENSUS,CROP TOTALS - OPERATIONS WITH SALES,SALES,CROP TOTALS,,NOT SPECIFIED,CROP TOTALS
2007,OPERATIONS,,ALL UTILIZATION PRACTICES,TOTAL,ANNUAL,,19720,10,DE,YEAR,,UNITED STATES,,00,6,,10,,,00,2012-01-01 00:00:00.000,CROPS,,ALL PRODUCTION PRACTICES,DELAWARE,9000,ALL CLASSES,00000000,,ZIP CODE,19720,CENSUS,CROP TOTALS - OPERATIONS WITH SALES,SALES,CROP TOTALS,,NOT SPECIFIED,CROP TOTALS
2017,OPERATIONS,,ALL UTILIZATION PRACTICES,TOTAL,ANNUAL,,19730,10,DE,YEAR,,UNITED STATES,,00,2,,10,,,00,2018-02-01 12:00:00.000,CROPS,,ALL PRODUCTION PRACTICES,DELAWARE,9000,ALL CLASSES,00000000,,ZIP CODE,19730,CENSUS,CROP TOTALS - OPERATIONS WITH SALES,SALES,CROP TOTALS,,NOT SPECIFIED,CROP TOTALS
2022,OPERATIONS,,ALL UTILIZATION PRACTICES,TOTAL,ANNUAL,,19731,10,DE,YEAR,,UNITED STATES,,00,2,,10,,,00,2024-11-07 12:00:00.000,CROPS,,ALL PRODUCTION PRACTICES,DELAWARE,9000,ALL CLASSES,00000000,,ZIP CODE,19731,CENSUS,CROP TOTALS - OPERATIONS WITH SALES,SALES,CROP TOTALS,,NOT SPECIFIED,CROP TOTALS
2017,OPERATIONS,,ALL UTILIZATION PRACTICES,TOTAL,ANNUAL,,19731,10,DE,YEAR,,UNITED STATES,,00,1,,10,,,00,2018-02-01 12:00:00.000,CROPS,,ALL PRODUCTION PRACTICES,DELAWARE,9000,ALL CLASSES,00000000,,ZIP CODE,19731,CENSUS,CROP TOTALS - OPERATIONS WITH SALES,SALES,CROP TOTALS,,NOT SPECIFIED,CROP TOTALS
2007,OPERATIONS,,ALL UTILIZATION PRACTICES,TOTAL,ANNUAL,,19731,10,DE,YEAR,,UNITED STATES,,00,1,,10,,,00,2012-01-01 00:00:00.000,CROPS,,ALL PRODUCTION PRACTICES,DELAWARE,9000,ALL CLASSES,00000000,,ZIP CODE,19731,CENSUS,CROP TOTALS - OPERATIONS WITH SALES,SALES,CROP TOTALS,,NOT SPECIFIED,CROP TOTALS
2017,OPERATIONS,,ALL UTILIZATION PRACTICES,TOTAL,ANNUAL,,19733,10,DE,YEAR,,UNITED STATES,,00,1,,10,,,00,2018-02-01 12:00:00.000,CROPS,,ALL PRODUCTION PRACTICES,DELAWARE,9000,ALL CLASSES,00000000,,ZIP CODE,19733,CENSUS,CROP TOTALS - OPERATIONS WITH SALES,SALES,CROP TOTALS,,NOT SPECIFIED,CROP TOTALS
2007,OPERATIONS,,ALL UTILIZATION PRACTICES,TOTAL,ANNUAL,,19733,10,DE,YEAR,,UNITED STATES,,00,1,,10,,,00,2012-01-01 00:00:00.000,CROPS,,ALL PRODUCTION PRACTICES,DELAWARE,9000,ALL CLASSES,00000000,,ZIP CODE,19733,CENSUS,CROP TOTALS - OPERATIONS WITH SALES,SALES,CROP TOTALS,,NOT SPECIFIED,CROP TOTALS
2022,OPERATIONS,,ALL UTILIZATION PRACTICES,TOTAL,ANNUAL,,19734,10,DE,YEAR,,UNITED STATES,,00,42,,10,,,00,2024-11-07 12:00:00.000,CROPS,,ALL PRODUCTION PRACTICES,DELAWARE,9000,ALL CLASSES,00000000,,ZIP CODE,19734,CENSUS,CROP TOTALS - OPERATIONS WITH SALES,SALES,CROP TOTALS,,NOT SPECIFIED,CROP TOTALS
2017,OPERATIONS,,ALL UTILIZATION PRACTICES,TOTAL,ANNUAL,,19734,10,DE,YEAR,,UNITED STATES,,00,63,,10,,,00,2018-02-01 12:00:00.000,CROPS,,ALL PRODUCTION PRACTICES,DELAWARE,9000,ALL CLASSES,00000000,,ZIP CODE,19734,CENSUS,CROP TOTALS - OPERATIONS WITH SALES,SALES,CROP TOTALS,,NOT SPECIFIED,CROP TOTALS
2007,OPERATIONS,,ALL UTILIZATION PRACTICES,TOTAL,ANNUAL,,19734,10,DE,YEAR,,UNITED STATES,,00,50,,10,,,00,2012-01-01 00:00:00.000,CROPS,,ALL PRODUCTION PRACTICES,DELAWARE,9000,ALL CLASSES,00000000,,ZIP CODE,19734,CENSUS,CROP TOTALS - OPERATIONS WITH SALES,SALES,CROP TOTALS,,NOT SPECIFIED,CROP TOTALS
2022,OPERATIONS,,ALL UTILIZATION PRACTICES,TOTAL,ANNUAL,,19803,10,DE,YEAR,,UNITED STATES,,00,2,,10,,,00,2024-11-07 12:00:00.000,CROPS,,ALL PRODUCTION PRACTICES,DELAWARE,9000,ALL CLASSES,00000000,,ZIP CODE,19803,CENSUS,CROP TOTALS - OPERATIONS WITH SALES,SALES,CROP TOTALS,,NOT SPECIFIED,CROP TOTALS
2017,OPERATIONS,,ALL UTILIZATION PRACTICES,TOTAL,ANNUAL,,19803,10,DE,YEAR,,UNITED STATES,,00,4,,10,,,00,2018-02-01 12:00:00.000,CROPS,,ALL PRODUCTION PRACTICES,DELAWARE,9000,ALL CLASSES,00000000,,ZIP CODE,19803,CENSUS,CROP TOTALS - OPERATIONS WITH SALES,SALES,CROP TOTALS,,NOT SPECIFIED,CROP TOTALS
2007,OPERATIONS,,ALL UTILIZATION PRACTICES,TOTAL,ANNUAL,,19803,10,DE,YEAR,,UNITED STATES,,00,5,,10,,,00,2012-01-01 00:00:00.000,CROPS,,ALL PRODUCTION PRACTICES,DELAWARE,9000,ALL CLASSES,00000000,,ZIP CODE,19803,CENSUS,CROP TOTALS - OPERATIONS WITH SALES,SALES,CROP TOTALS,,NOT SPECIFIED,CROP TOTALS
2022,OPERATIONS,,ALL UTILIZATION PRACTICES,TOTAL,ANNUAL,,19804,10,DE,YEAR,,UNITED STATES,,00,2,,10,,,00,2024-11-07 12:00:00.000,CROPS,,ALL PRODUCTION PRACTICES,DELAWARE,9000,ALL CLASSES,00000000,,ZIP CODE,19804,CENSUS,CROP TOTALS - OPERATIONS WITH SALES,SALES,CROP TOTALS,,NOT SPECIFIED,CROP TOTALS
2007,OPERATIONS,,ALL UTILIZATION PRACTICES,TOTAL,ANNUAL,,19804,10,DE,YEAR,,UNITED STATES,,00,1,,10,,,00,2012-01-01 00:00:00.000,CROPS,,ALL PRODUCTION PRACTICES,DELAWARE,9000,ALL CLASSES,00000000,,ZIP CODE,19804,CENSUS,CROP TOTALS - OPERATIONS WITH SALES,SALES,CROP TOTALS,,NOT SPECIFIED,CROP TOTALS
2022,OPERATIONS,,ALL UTILIZATION PRACTICES,TOTAL,ANNUAL,,19807,10,DE,YEAR,,UNITED STATES,,00,3,,10,,,00,2024-11-07 12:00:00.000,CROPS,,ALL PRODUCTION PRACTICES,DELAWARE,9000,ALL CLASSES,00000000,,ZIP CODE,19807,CENSUS,CROP TOTALS - OPERATIONS WITH SALES,SALES,CROP TOTALS,,NOT SPECIFIED,CROP TOTALS
2017,OPERATIONS,,ALL UTILIZATION PRACTICES,TOTAL,ANNUAL,,19807,10,DE,YEAR,,UNITED STATES,,00,6,,10,,,00,2018-02-01 12:00:00.000,CROPS,,ALL PRODUCTION PRACTICES,DELAWARE,9000,ALL CLASSES,00000000,,ZIP CODE,19807,CENSUS,CROP TOTALS - OPERATIONS WITH SALES,SALES,CROP TOTALS,,NOT SPECIFIED,CROP TOTALS
2007,OPERATIONS,,ALL UTILIZATION PRACTICES,TOTAL,ANNUAL,,19807,10,DE,YEAR,,UNITED STATES,,00,8,,10,,,00,2012-01-01 00:00:00.000,CROPS,,ALL PRODUCTION PRACTICES,DELAWARE,9000,ALL CLASSES,00000000,,ZIP CODE,19807,CENSUS,CROP TOTALS - OPERATIONS WITH SALES,SALES,CROP TOTALS,,NOT SPECIFIED,CROP TOTALS
2022,OPERATIONS,,ALL UTILIZATION PRACTICES,TOTAL,ANNUAL,,19808,10,DE,YEAR,,UNITED STATES,,00,2,,10,,,00,2024-11-07 12:00:00.000,CROPS,,ALL PRODUCTION PRACTICES,DELAWARE,9000,ALL CLASSES,00000000,,ZIP CODE,19808,CENSUS,CROP TOTALS - OPERATIONS WITH SALES,SALES,CROP TOTALS,,NOT SPECIFIED,CROP TOTALS
2017,OPERATIONS,,ALL UTILIZATION PRACTICES,TOTAL,ANNUAL,,19808,10,DE,YEAR,,UNITED STATES,,00,2,,10,,,00,2018-02-01 12:00:00.000,CROPS,,ALL PRODUCTION PRACTICES,DELAWARE,9000,ALL CLASSES,00000000,,ZIP CODE,19808,CENSUS,CROP TOTALS - OPERATIONS WITH SALES,SALES,CROP TOTALS,,NOT SPECIFIED,CROP TOTALS
2017,OPERATIONS,,ALL UTILIZATION PRACTICES,TOTAL,ANNUAL,,19809,10,DE,YEAR,,UNITED STATES,,00,1,,10,,,00,2018-02-01 12:00:00.000,CROPS,,ALL PRODUCTION PRACTICES,DELAWARE,9000,ALL CLASSES,00000000,,ZIP CODE,19809,CENSUS,CROP TOTALS - OPERATIONS WITH SALES,SALES,CROP TOTALS,,NOT SPECIFIED,CROP TOTALS
2022,OPERATIONS,,ALL UTILIZATION PRACTICES,TOTAL,ANNUAL,,19901,10,DE,YEAR,,UNITED STATES,,00,26,,10,,,00,2024-11-07 12:00:00.000,CROPS,,ALL PRODUCTION PRACTICES,DELAWARE,9000,ALL CLASSES,00000000,,ZIP CODE,19901,CENSUS,CROP TOTALS - OPERATIONS WITH SALES,SALES,CROP TOTALS,,NOT SPECIFIED,CROP TOTALS
2017,OPERATIONS,,ALL UTILIZATION PRACTICES,TOTAL,ANNUAL,,19901,10,DE,YEAR,,UNITED STATES,,00,31,,10,,,00,2018-02-01 12:00:00.000,CROPS,,ALL PRODUCTION PRACTICES,DELAWARE,9000,ALL CLASSES,00000000,,ZIP CODE,19901,CENSUS,CROP TOTALS - OPERATIONS WITH SALES,SALES,CROP TOTALS,,NOT SPECIFIED,CROP TOTALS
2007,OPERATIONS,,ALL UTILIZATION PRACTICES,TOTAL,ANNUAL,,19901,10,DE,YEAR,,UNITED STATES,,00,16,,10,,,00,2012-01-01 00:00:00.000,CROPS,,ALL PRODUCTION PRACTICES,DELAWARE,9000,ALL CLASSES,00000000,,ZIP CODE,19901,CENSUS,CROP TOTALS - OPERATIONS WITH SALES,SALES,CROP TOTALS,,NOT SPECIFIED,CROP TOTALS
2007,OPERATIONS,,ALL UTILIZATION PRACTICES,TOTAL,ANNUAL,,19903,10,DE,YEAR,,UNITED STATES,,00,8,,10,,,00,2012-01-01 00:00:00.000,CROPS,,ALL PRODUCTION PRACTICES,DELAWARE,9000,ALL CLASSES,00000000,,ZIP CODE,19903,CENSUS,CROP TOTALS - OPERATIONS WITH SALES,SALES,CROP TOTALS,,NOT SPECIFIED,CROP TOTALS
2022,OPERATIONS,,ALL UTILIZATION PRACTICES,TOTAL,ANNUAL,,19904,10,DE,YEAR,,UNITED STATES,,00,41,,10,,,00,2024-11-07 12:00:00.000,CROPS,,ALL PRODUCTION PRACTICES,DELAWARE,9000,ALL CLASSES,00000000,,ZIP CODE,19904,CENSUS,CROP TOTALS - OPERATIONS WITH SALES,SALES,CROP TOTALS,,NOT SPECIFIED,CROP TOTALS
2017,OPERATIONS,,ALL UTILIZATION PRACTICES,TOTAL,ANNUAL,,19904,10,DE,YEAR,,UNITED STATES,,00,39,,10,,,00,2018-02-01 12:00:00.000,CROPS,,ALL PRODUCTION PRACTICES,DELAWARE,9000,ALL CLASSES,00000000,,ZIP CODE,19904,CENSUS,CROP TOTALS - OPERATIONS WITH SALES,SALES,CROP TOTALS,,NOT SPECIFIED,CROP TOTALS
2007,OPERATIONS,,ALL UTILIZATION PRACTICES,TOTAL,ANNUAL,,19904,10,DE,YEAR,,UNITED STATES,,00,44,,10,,,00,2012-01-01 00:00:00.000,CROPS,,ALL PRODUCTION PRACTICES,DELAWARE,9000,ALL CLASSES,00000000,,ZIP CODE,19904,CENSUS,CROP TOTALS - OPERATIONS WITH SALES,SALES,CROP TOTALS,,NOT SPECIFIED,CROP TOTALS
2022,OPERATIONS,,ALL UTILIZATION PRACTICES,TOTAL,ANNUAL,,19930,10,DE,YEAR,,UNITED STATES,,00,3,,10,,,00,2024-11-07 12:00:00.000,CROPS,,ALL PRODUCTION PRACTICES,DELAWARE,9000,ALL CLASSES,00000000,,ZIP CODE,19930,CENSUS,CROP TOTALS - OPERATIONS WITH SALES,SALES,CROP TOTALS,,NOT SPECIFIED,CROP TOTALS
2017,OPERATIONS,,ALL UTILIZATION PRACTICES,TOTAL,ANNUAL,,19930,10,DE,YEAR,,UNITED STATES,,00,3,,10,,,00,2018-02-01 12:00:00.000,CROPS,,ALL PRODUCTION PRACTICES,DELAWARE,9000,ALL CLASSES,00000000,,ZIP CODE,19930,CENSUS,CROP TOTALS - OPERATIONS WITH SALES,SALES,CROP TOTALS,,NOT SPECIFIED,CROP TOTALS
2022,OPERATIONS,,ALL UTILIZATION PRACTICES,TOTAL,ANNUAL,,19931,10,DE,YEAR,,UNITED STATES,,00,2,,10,,,00,2024-11-07 12:00:00.000,CROPS,,ALL PRODUCTION PRACTICES,DELAWARE,9000,ALL CLASSES,00000000,,ZIP CODE,19931,CENSUS,CROP TOTALS - OPERATIONS WITH SALES,SALES,CROP TOTALS,,NOT SPECIFIED,CROP TOTALS
2017,OPERATIONS,,ALL UTILIZATION PRACTICES,TOTAL,ANNUAL,,19931,10,DE,YEAR,,UNITED STATES,,00,3,,10,,,00,2018-02-01 12:00:00.000,CROPS,,ALL PRODUCTION PRACTICES,DELAWARE,9000,ALL CLASSES,00000000,,ZIP CODE,19931,CENSUS,CROP TOTALS - OPERATIONS WITH SALES,SALES,CROP TOTALS,,NOT SPECIFIED,CROP TOTALS
2007,OPERATIONS,,ALL UTILIZATION PRACTICES,TOTAL,ANNUAL,,19931,10,DE,YEAR,,UNITED STATES,,00,4,,10,,,00,2012-01-01 00:00:00.000,CROPS,,ALL PRODUCTION PRACTICES,DELAWARE,9000,ALL CLASSES,00000000,,ZIP CODE,19931,CENSUS,CROP TOTALS - OPERATIONS WITH SALES,SALES,CROP TOTALS,,NOT SPECIFIED,CROP TOTALS
2022,OPERATIONS,,ALL UTILIZATION PRACTICES,TOTAL,ANNUAL,,19933,10,DE,YEAR,,UNITED STATES,,00,35,,10,,,00,2024-11-07 12:00:00.000,CROPS,,ALL PRODUCTION PRACTICES,DELAWARE,9000,ALL CLASSES,00000000,,ZIP CODE,19933,CENSUS,CROP TOTALS - OPERATIONS WITH SALES,SALES,CROP TOTALS,,NOT SPECIFIED,CROP TOTALS
2017,OPERATIONS,,ALL UTILIZATION PRACTICES,TOTAL,ANNUAL,,19933,10,DE,YEAR,,UNITED STATES,,00,55,,10,,,00,2018-02-01 12:00:00.000,CROPS,,ALL PRODUCTION PRACTICES,DELAWARE,9000,ALL CLASSES,00000000,,ZIP CODE,19933,CENSUS,CROP TOTALS - OPERATIONS WITH SALES,SALES,CROP TOTALS,,NOT SPECIFIED,CROP TOTALS
2007,OPERATIONS,,ALL UTILIZATION PRACTICES,TOTAL,ANNUAL,,19933,10,DE,YEAR,,UNITED STATES,,00,82,,10,,,00,2012-01-01 00:00:00.000,CROPS,,ALL PRODUCTION PRACTICES,DELAWARE,9000,ALL CLASSES,00000000,,ZIP CODE,19933,CENSUS,CROP TOTALS - OPERATIONS WITH SALES,SALES,CROP TOTALS,,NOT SPECIFIED,CROP TOTALS
2022,OPERATIONS,,ALL UTILIZATION PRACTICES,TOTAL,ANNUAL,,19934,10,DE,YEAR,,UNITED STATES,,00,21,,10,,,00,2024-11-07 12:00:00.000,CROPS,,ALL PRODUCTION PRACTICES,DELAWARE,9000,ALL CLASSES,00000000,,ZIP CODE,19934,CENSUS,CROP TOTALS - OPERATIONS WITH SALES,SALES,CROP TOTALS,,NOT SPECIFIED,CROP TOTALS
2017,OPERATIONS,,ALL UTILIZATION PRACTICES,TOTAL,ANNUAL,,19934,10,DE,YEAR,,UNITED STATES,,00,26,,10,,,00,2018-02-01 12:00:00.000,CROPS,,ALL PRODUCTION PRACTICES,DELAWARE,9000,ALL CLASSES,00000000,,ZIP CODE,19934,CENSUS,CROP TOTALS - OPERATIONS WITH SALES,SALES,CROP TOTALS,,NOT SPECIFIED,CROP TOTALS
2007,OPERATIONS,,ALL UTILIZATION PRACTICES,TOTAL,ANNUAL,,19934,10,DE,YEAR,,UNITED STATES,,00,23,,10,,,00,2012-01-01 00:00:00.000,CROPS,,ALL PRODUCTION PRACTICES,DELAWARE,9000,ALL CLASSES,00000000,,ZIP CODE,19934,CENSUS,CROP TOTALS - OPERATIONS WITH SALES,SALES,CROP TOTALS,,NOT SPECIFIED,CROP TOTALS
2017,OPERATIONS,,ALL UTILIZATION PRACTICES,TOTAL,ANNUAL,,19936,10,DE,YEAR,,UNITED STATES,,00,1,,10,,,00,2018-02-01 12:00:00.000,CROPS,,ALL PRODUCTION PRACTICES,DELAWARE,9000,ALL CLASSES,00000000,,ZIP CODE,19936,CENSUS,CROP TOTALS - OPERATIONS WITH SALES,SALES,CROP TOTALS,,NOT SPECIFIED,CROP TOTALS
2007,OPERATIONS,,ALL UTILIZATION PRACTICES,TOTAL,ANNUAL,,19936,10,DE,YEAR,,UNITED STATES,,00,1,,10,,,00,2012-01-01 00:00:00.000,CROPS,,ALL PRODUCTION PRACTICES,DELAWARE,9000,ALL CLASSES,00000000,,ZIP CODE,19936,CENSUS,CROP TOTALS - OPERATIONS WITH SALES,SALES,CROP TOTALS,,NOT SPECIFIED,CROP TOTALS
2022,OPERATIONS,,ALL UTILIZATION PRACTICES,TOTAL,ANNUAL,,19938,10,DE,YEAR,,UNITED STATES,,00,50,,10,,,00,2024-11-07 12:00:00.000,CROPS,,ALL PRODUCTION PRACTICES,DELAWARE,9000,ALL CLASSES,00000000,,ZIP CODE,19938,CENSUS,CROP TOTALS - OPERATIONS WITH SALES,SALES,CROP TOTALS,,NOT SPECIFIED,CROP TOTALS
2017,OPERATIONS,,ALL UTILIZATION PRACTICES,TOTAL,ANNUAL,,19938,10,DE,YEAR,,UNITED STATES,,00,30,,10,,,00,2018-02-01 12:00:00.000,CROPS,,ALL PRODUCTION PRACTICES,DELAWARE,9000,ALL CLASSES,00000000,,ZIP CODE,19938,CENSUS,CROP TOTALS - OPERATIONS WITH SALES,SALES,CROP TOTALS,,NOT SPECIFIED,CROP TOTALS
2007,OPERATIONS,,ALL UTILIZATION PRACTICES,TOTAL,ANNUAL,,19938,10,DE,YEAR,,UNITED STATES,,00,48,,10,,,00,2012-01-01 00:00:00.000,CROPS,,ALL PRODUCTION PRACTICES,DELAWARE,9000,ALL CLASSES,00000000,,ZIP CODE,19938,CENSUS,CROP TOTALS - OPERATIONS WITH SALES,SALES,CROP TOTALS,,NOT SPECIFIED,CROP TOTALS
2022,OPERATIONS,,ALL UTILIZATION PRACTICES,TOTAL,ANNUAL,,19939,10,DE,YEAR,,UNITED STATES,,00,16,,10,,,00,2024-11-07 12:00:00.000,CROPS,,ALL PRODUCTION PRACTICES,DELAWARE,9000,ALL CLASSES,00000000,,ZIP CODE,19939,CENSUS,CROP TOTALS - OPERATIONS WITH SALES,SALES,CROP TOTALS,,NOT SPECIFIED,CROP TOTALS
2017,OPERATIONS,,ALL UTILIZATION PRACTICES,TOTAL,ANNUAL,,19939,10,DE,YEAR,,UNITED STATES,,00,12,,10,,,00,2018-02-01 12:00:00.000,CROPS,,ALL PRODUCTION PRACTICES,DELAWARE,9000,ALL CLASSES,00000000,,ZIP CODE,19939,CENSUS,CROP TOTALS - OPERATIONS WITH SALES,SALES,CROP TOTALS,,NOT SPECIFIED,CROP TOTALS
2007,OPERATIONS,,ALL UTILIZATION PRACTICES,TOTAL,ANNUAL,,19939,10,DE,YEAR,,UNITED STATES,,00,20,,10,,,00,2012-01-01 00:00:00.000,CROPS,,ALL PRODUCTION PRACTICES,DELAWARE,9000,ALL CLASSES,00000000,,ZIP CODE,19939,CENSUS,CROP TOTALS - OPERATIONS WITH SALES,SALES,CROP TOTALS,,NOT SPECIFIED,CROP TOTALS
2022,OPERATIONS,,ALL UTILIZATION PRACTICES,TOTAL,ANNUAL,,19940,10,DE,YEAR,,UNITED STATES,,00,35,,10,,,00,2024-11-07 12:00:00.000,CROPS,,ALL PRODUCTION PRACTICES,DELAWARE,9000,ALL CLASSES,00000000,,ZIP CODE,19940,CENSUS,CROP TOTALS - OPERATIONS WITH SALES,SALES,CROP TOTALS,,NOT SPECIFIED,CROP TOTALS
2017,OPERATIONS,,ALL UTILIZATION PRACTICES,TOTAL,ANNUAL,,19940,10,DE,YEAR,,UNITED STATES,,00,42,,10,,,00,2018-02-01 12:00:00.000,CROPS,,ALL PRODUCTION PRACTICES,DELAWARE,9000,ALL CLASSES,00000000,,ZIP CODE,19940,CENSUS,CROP TOTALS - OPERATIONS WITH SALES,SALES,CROP TOTALS,,NOT SPECIFIED,CROP TOTALS
2007,OPERATIONS,,ALL UTILIZATION PRACTICES,TOTAL,ANNUAL,,19940,10,DE,YEAR,,UNITED STATES,,00,63,,10,,,00,2012-01-01 00:00:00.000,CROPS,,ALL PRODUCTION PRACTICES,DELAWARE,9000,ALL CLASSES,00000000,,ZIP CODE,19940,CENSUS,CROP TOTALS - OPERATIONS WITH SALES,SALES,CROP TOTALS,,NOT SPECIFIED,CROP TOTALS
2022,OPERATIONS,,ALL UTILIZATION PRACTICES,TOTAL,ANNUAL,,19941,10,DE,YEAR,,UNITED STATES,,00,2,,10,,,00,2024-11-07 12:00:00.000,CROPS,,ALL PRODUCTION PRACTICES,DELAWARE,9000,ALL CLASSES,00000000,,ZIP CODE,19941,CENSUS,CROP TOTALS - OPERATIONS WITH SALES,SALES,CROP TOTALS,,NOT SPECIFIED,CROP TOTALS
2017,OPERATIONS,,ALL UTILIZATION PRACTICES,TOTAL,ANNUAL,,19941,10,DE,YEAR,,UNITED STATES,,00,4,,10,,,00,2018-02-01 12:00:00.000,CROPS,,ALL PRODUCTION PRACTICES,DELAWARE,9000,ALL CLASSES,00000000,,ZIP CODE,19941,CENSUS,CROP TOTALS - OPERATIONS WITH SALES,SALES,CROP TOTALS,,NOT SPECIFIED,CROP TOTALS
2007,OPERATIONS,,ALL UTILIZATION PRACTICES,TOTAL,ANNUAL,,19941,10,DE,YEAR,,UNITED STATES,,00,17,,10,,,00,2012-01-01 00:00:00.000,CROPS,,ALL PRODUCTION PRACTICES,DELAWARE,9000,ALL CLASSES,00000000,,ZIP CODE,19941,CENSUS,CROP TOTALS - OPERATIONS WITH SALES,SALES,CROP TOTALS,,NOT SPECIFIED,CROP TOTALS
2022,OPERATIONS,,ALL UTILIZATION PRACTICES,TOTAL,ANNUAL,,19943,10,DE,YEAR,,UNITED STATES,,00,62,,10,,,00,2024-11-07 12:00:00.000,CROPS,,ALL PRODUCTION PRACTICES,DELAWARE,9000,ALL CLASSES,00000000,,ZIP CODE,19943,CENSUS,CROP TOTALS - OPERATIONS WITH SALES,SALES,CROP TOTALS,,NOT SPECIFIED,CROP TOTALS
2017,OPERATIONS,,ALL UTILIZATION PRACTICES,TOTAL,ANNUAL,,19943,10,DE,YEAR,,UNITED STATES,,00,51,,10,,,00,2018-02-01 12:00:00.000,CROPS,,ALL PRODUCTION PRACTICES,DELAWARE,9000,ALL CLASSES,00000000,,ZIP CODE,19943,CENSUS,CROP TOTALS - OPERATIONS WITH SALES,SALES,CROP TOTALS,,NOT SPECIFIED,CROP TOTALS
2007,OPERATIONS,,ALL UTILIZATION PRACTICES,TOTAL,ANNUAL,,19943,10,DE,YEAR,,UNITED STATES,,00,60,,10,,,00,2012-01-01 00:00:00.000,CROPS,,ALL PRODUCTION PRACTICES,DELAWARE,9000,ALL CLASSES,00000000,,ZIP CODE,19943,CENSUS,CROP TOTALS - OPERATIONS WITH SALES,SALES,CROP TOTALS,,NOT SPECIFIED,CROP TOTALS
2022,OPERATIONS,,ALL UTILIZATION PRACTICES,TOTAL,ANNUAL,,19945,10,DE,YEAR,,UNITED STATES,,00,24,,10,,,00,2024-11-07 12:00:00.000,CROPS,,ALL PRODUCTION PRACTICES,DELAWARE,9000,ALL CLASSES,00000000,,ZIP CODE,19945,CENSUS,CROP TOTALS - OPERATIONS WITH SALES,SALES,CROP TOTALS,,NOT SPECIFIED,CROP TOTALS
2017,OPERATIONS,,ALL UTILIZATION PRACTICES,TOTAL,ANNUAL,,19945,10,DE,YEAR,,UNITED STATES,,00,39,,10,,,00,2018-02-01 12:00:00.000,CROPS,,ALL PRODUCTION PRACTICES,DELAWARE,9000,ALL CLASSES,00000000,,ZIP CODE,19945,CENSUS,CROP TOTALS - OPERATIONS WITH SALES,SALES,CROP TOTALS,,NOT SPECIFIED,CROP TOTALS
2007,OPERATIONS,,ALL UTILIZATION PRACTICES,TOTAL,ANNUAL,,19945,10,DE,YEAR,,UNITED STATES,,00,30,,10,,,00,2012-01-01 00:00:00.000,CROPS,,ALL PRODUCTION PRACTICES,DELAWARE,9000,ALL CLASSES,00000000,,ZIP CODE,19945,CENSUS,CROP TOTALS - OPERATIONS WITH SALES,SALES,CROP TOTALS,,NOT SPECIFIED,CROP TOTALS
2022,OPERATIONS,,ALL UTILIZATION PRACTICES,TOTAL,ANNUAL,,19946,10,DE,YEAR,,UNITED STATES,,00,3,,10,,,00,2024-11-07 12:00:00.000,CROPS,,ALL PRODUCTION PRACTICES,DELAWARE,9000,ALL CLASSES,00000000,,ZIP CODE,19946,CENSUS,CROP TOTALS - OPERATIONS WITH SALES,SALES,CROP TOTALS,,NOT SPECIFIED,CROP TOTALS
2017,OPERATIONS,,ALL UTILIZATION PRACTICES,TOTAL,ANNUAL,,19946,10,DE,YEAR,,UNITED STATES,,00,6,,10,,,00,2018-02-01 12:00:00.000,CROPS,,ALL PRODUCTION PRACTICES,DELAWARE,9000,ALL CLASSES,00000000,,ZIP CODE,19946,CENSUS,CROP TOTALS - OPERATIONS WITH SALES,SALES,CROP TOTALS,,NOT SPECIFIED,CROP TOTALS
2007,OPERATIONS,,ALL UTILIZATION PRACTICES,TOTAL,ANNUAL,,19946,10,DE,YEAR,,UNITED STATES,,00,5,,10,,,00,2012-01-01 00:00:00.000,CROPS,,ALL PRODUCTION PRACTICES,DELAWARE,9000,ALL CLASSES,00000000,,ZIP CODE,19946,CENSUS,CROP TOTALS - OPERATIONS WITH SALES,SALES,CROP TOTALS,,NOT SPECIFIED,CROP TOTALS
2022,OPERATIONS,,ALL UTILIZATION PRACTICES,TOTAL,ANNUAL,,19947,10,DE,YEAR,,UNITED STATES,,00,47,,10,,,00,2024-11-07 12:00:00.000,CROPS,,ALL PRODUCTION PRACTICES,DELAWARE,9000,ALL CLASSES,00000000,,ZIP CODE,19947,CENSUS,CROP TOTALS - OPERATIONS WITH SALES,SALES,CROP TOTALS,,NOT SPECIFIED,CROP TOTALS
2017,OPERATIONS,,ALL UTILIZATION PRACTICES,TOTAL,ANNUAL,,19947,10,DE,YEAR,,UNITED STATES,,00,65,,10,,,00,2018-02-01 12:00:00.000,CROPS,,ALL PRODUCTION PRACTICES,DELAWARE,9000,ALL CLASSES,00000000,,ZIP CODE,19947,CENSUS,CROP TOTALS - OPERATIONS WITH SALES,SALES,CROP TOTALS,,NOT SPECIFIED,CROP TOTALS
2007,OPERATIONS,,ALL UTILIZATION PRACTICES,TOTAL,ANNUAL,,19947,10,DE,YEAR,,UNITED STATES,,00,55,,10,,,00,2012-01-01 00:00:00.000,CROPS,,ALL PRODUCTION PRACTICES,DELAWARE,9000,ALL CLASSES,00000000,,ZIP CODE,19947,CENSUS,CROP TOTALS - OPERATIONS WITH SALES,SALES,CROP TOTALS,,NOT SPECIFIED,CROP TOTALS
2022,OPERATIONS,,ALL UTILIZATION PRACTICES,TOTAL,ANNUAL,,19950,10,DE,YEAR,,UNITED STATES,,00,69,,10,,,00,2024-11-07 12:00:00.000,CROPS,,ALL PRODUCTION PRACTICES,DELAWARE,9000,ALL CLASSES,00000000,,ZIP CODE,19950,CENSUS,CROP TOTALS - OPERATIONS WITH SALES,SALES,CROP TOTALS,,NOT SPECIFIED,CROP TOTALS
2017,OPERATIONS,,ALL UTILIZATION PRACTICES,TOTAL,ANNUAL,,19950,10,DE,YEAR,,UNITED STATES,,00,61,,10,,,00,2018-02-01 12:00:00.000,CROPS,,ALL PRODUCTION PRACTICES,DELAWARE,9000,ALL CLASSES,00000000,,ZIP CODE,19950,CENSUS,CROP TOTALS - OPERATIONS WITH SALES,SALES,CROP TOTALS,,NOT SPECIFIED,CROP TOTALS
2007,OPERATIONS,,ALL UTILIZATION PRACTICES,TOTAL,ANNUAL,,19950,10,DE,YEAR,,UNITED STATES,,00,81,,10,,,00,2012-01-01 00:00:00.000,CROPS,,ALL PRODUCTION PRACTICES,DELAWARE,9000,ALL CLASSES,00000000,,ZIP CODE,19950,CENSUS,CROP TOTALS - OPERATIONS WITH SALES,SALES,CROP TOTALS,,NOT SPECIFIED,CROP TOTALS
2022,OPERATIONS,,ALL UTILIZATION PRACTICES,TOTAL,ANNUAL,,19951,10,DE,YEAR,,UNITED STATES,,00,8,,10,,,00,2024-11-07 12:00:00.000,CROPS,,ALL PRODUCTION PRACTICES,DELAWARE,9000,ALL CLASSES,00000000,,ZIP CODE,19951,CENSUS,CROP TOTALS - OPERATIONS WITH SALES,SALES,CROP TOTALS,,NOT SPECIFIED,CROP TOTALS
2017,OPERATIONS,,ALL UTILIZATION PRACTICES,TOTAL,ANNUAL,,19951,10,DE,YEAR,,UNITED STATES,,00,10,,10,,,00,2018-02-01 12:00:00.000,CROPS,,ALL PRODUCTION PRACTICES,DELAWARE,9000,ALL CLASSES,00000000,,ZIP CODE,19951,CENSUS,CROP TOTALS - OPERATIONS WITH SALES,SALES,CROP TOTALS,,NOT SPECIFIED,CROP TOTALS
2007,OPERATIONS,,ALL UTILIZATION PRACTICES,TOTAL,ANNUAL,,19951,10,DE,YEAR,,UNITED STATES,,00,8,,10,,,00,2012-01-01 00:00:00.000,CROPS,,ALL PRODUCTION PRACTICES,DELAWARE,9000,ALL CLASSES,00000000,,ZIP CODE,19951,CENSUS,CROP TOTALS - OPERATIONS WITH SALES,SALES,CROP TOTALS,,NOT SPECIFIED,CROP TOTALS
2022,OPERATIONS,,ALL UTILIZATION PRACTICES,TOTAL,ANNUAL,,19952,10,DE,YEAR,,UNITED STATES,,00,121,,10,,,00,2024-11-07 12:00:00.000,CROPS,,ALL PRODUCTION PRACTICES,DELAWARE,9000,ALL CLASSES,00000000,,ZIP CODE,19952,CENSUS,CROP TOTALS - OPERATIONS WITH SALES,SALES,CROP TOTALS,,NOT SPECIFIED,CROP TOTALS
2017,OPERATIONS,,ALL UTILIZATION PRACTICES,TOTAL,ANNUAL,,19952,10,DE,YEAR,,UNITED STATES,,00,109,,10,,,00,2018-02-01 12:00:00.000,CROPS,,ALL PRODUCTION PRACTICES,DELAWARE,9000,ALL CLASSES,00000000,,ZIP CODE,19952,CENSUS,CROP TOTALS - OPERATIONS WITH SALES,SALES,CROP TOTALS,,NOT SPECIFIED,CROP TOTALS
2007,OPERATIONS,,ALL UTILIZATION PRACTICES,TOTAL,ANNUAL,,19952,10,DE,YEAR,,UNITED STATES,,00,95,,10,,,00,2012-01-01 00:00:00.000,CROPS,,ALL PRODUCTION PRACTICES,DELAWARE,9000,ALL CLASSES,00000000,,ZIP CODE,19952,CENSUS,CROP TOTALS - OPERATIONS WITH SALES,SALES,CROP TOTALS,,NOT SPECIFIED,CROP TOTALS
2022,OPERATIONS,,ALL UTILIZATION PRACTICES,TOTAL,ANNUAL,,19953,10,DE,YEAR,,UNITED STATES,,00,35,,10,,,00,2024-11-07 12:00:00.000,CROPS,,ALL PRODUCTION PRACTICES,DELAWARE,9000,ALL CLASSES,00000000,,ZIP CODE,19953,CENSUS,CROP TOTALS - OPERATIONS WITH SALES,SALES,CROP TOTALS,,NOT SPECIFIED,CROP TOTALS
2017,OPERATIONS,,ALL UTILIZATION PRACTICES,TOTAL,ANNUAL,,19953,10,DE,YEAR,,UNITED STATES,,00,38,,10,,,00,2018-02-01 12:00:00.000,CROPS,,ALL PRODUCTION PRACTICES,DELAWARE,9000,ALL CLASSES,00000000,,ZIP CODE,19953,CENSUS,CROP TOTALS - OPERATIONS WITH SALES,SALES,CROP TOTALS,,NOT SPECIFIED,CROP TOTALS
2007,OPERATIONS,,ALL UTILIZATION PRACTICES,TOTAL,ANNUAL,,19953,10,DE,YEAR,,UNITED STATES,,00,42,,10,,,00,2012-01-01 00:00:00.000,CROPS,,ALL PRODUCTION PRACTICES,DELAWARE,9000,ALL CLASSES,00000000,,ZIP CODE,19953,CENSUS,CROP TOTALS - OPERATIONS WITH SALES,SALES,CROP TOTALS,,NOT SPECIFIED,CROP TOTALS
2022,OPERATIONS,,ALL UTILIZATION PRACTICES,TOTAL,ANNUAL,,19954,10,DE,YEAR,,UNITED STATES,,00,16,,10,,,00,2024-11-07 12:00:00.000,CROPS,,ALL PRODUCTION PRACTICES,DELAWARE,9000,ALL CLASSES,00000000,,ZIP CODE,19954,CENSUS,CROP TOTALS - OPERATIONS WITH SALES,SALES,CROP TOTALS,,NOT SPECIFIED,CROP TOTALS
2017,OPERATIONS,,ALL UTILIZATION PRACTICES,TOTAL,ANNUAL,,19954,10,DE,YEAR,,UNITED STATES,,00,15,,10,,,00,2018-02-01 12:00:00.000,CROPS,,ALL PRODUCTION PRACTICES,DELAWARE,9000,ALL CLASSES,00000000,,ZIP CODE,19954,CENSUS,CROP TOTALS - OPERATIONS WITH SALES,SALES,CROP TOTALS,,NOT SPECIFIED,CROP TOTALS
2007,OPERATIONS,,ALL UTILIZATION PRACTICES,TOTAL,ANNUAL,,19954,10,DE,YEAR,,UNITED STATES,,00,6,,10,,,00,2012-01-01 00:00:00.000,CROPS,,ALL PRODUCTION PRACTICES,DELAWARE,9000,ALL CLASSES,00000000,,ZIP CODE,19954,CENSUS,CROP TOTALS - OPERATIONS WITH SALES,SALES,CROP TOTALS,,NOT SPECIFIED,CROP TOTALS
2022,OPERATIONS,,ALL UTILIZATION PRACTICES,TOTAL,ANNUAL,,19955,10,DE,YEAR,,UNITED STATES,,00,1,,10,,,00,2024-11-07 12:00:00.000,CROPS,,ALL PRODUCTION PRACTICES,DELAWARE,9000,ALL CLASSES,00000000,,ZIP CODE,19955,CENSUS,CROP TOTALS - OPERATIONS WITH SALES,SALES,CROP TOTALS,,NOT SPECIFIED,CROP TOTALS
2017,OPERATIONS,,ALL UTILIZATION PRACTICES,TOTAL,ANNUAL,,19955,10,DE,YEAR,,UNITED STATES,,00,1,,10,,,00,2018-02-01 12:00:00.000,CROPS,,ALL PRODUCTION PRACTICES,DELAWARE,9000,ALL CLASSES,00000000,,ZIP CODE,19955,CENSUS,CROP TOTALS - OPERATIONS WITH SALES,SALES,CROP TOTALS,,NOT SPECIFIED,CROP TOTALS
2007,OPERATIONS,,ALL UTILIZATION PRACTICES,TOTAL,ANNUAL,,19955,10,DE,YEAR,,UNITED STATES,,00,3,,10,,,00,2012-01-01 00:00:00.000,CROPS,,ALL PRODUCTION PRACTICES,DELAWARE,9000,ALL CLASSES,00000000,,ZIP CODE,19955,CENSUS,CROP TOTALS - OPERATIONS WITH SALES,SALES,CROP TOTALS,,NOT SPECIFIED,CROP TOTALS
2022,OPERATIONS,,ALL UTILIZATION PRACTICES,TOTAL,ANNUAL,,19956,10,DE,YEAR,,UNITED STATES,,00,99,,10,,,00,2024-11-07 12:00:00.000,CROPS,,ALL PRODUCTION PRACTICES,DELAWARE,9000,ALL CLASSES,00000000,,ZIP CODE,19956,CENSUS,CROP TOTALS - OPERATIONS WITH SALES,SALES,CROP TOTALS,,NOT SPECIFIED,CROP TOTALS
2017,OPERATIONS,,ALL UTILIZATION PRACTICES,TOTAL,ANNUAL,,19956,10,DE,YEAR,,UNITED STATES,,00,123,,10,,,00,2018-02-01 12:00:00.000,CROPS,,ALL PRODUCTION PRACTICES,DELAWARE,9000,ALL CLASSES,00000000,,ZIP CODE,19956,CENSUS,CROP TOTALS - OPERATIONS WITH SALES,SALES,CROP TOTALS,,NOT SPECIFIED,CROP TOTALS
2007,OPERATIONS,,ALL UTILIZATION PRACTICES,TOTAL,ANNUAL,,19956,10,DE,YEAR,,UNITED STATES,,00,154,,10,,,00,2012-01-01 00:00:00.000,CROPS,,ALL PRODUCTION PRACTICES,DELAWARE,9000,ALL CLASSES,00000000,,ZIP CODE,19956,CENSUS,CROP TOTALS - OPERATIONS WITH SALES,SALES,CROP TOTALS,,NOT SPECIFIED,CROP TOTALS
2022,OPERATIONS,,ALL UTILIZATION PRACTICES,TOTAL,ANNUAL,,19958,10,DE,YEAR,,UNITED STATES,,00,13,,10,,,00,2024-11-07 12:00:00.000,CROPS,,ALL PRODUCTION PRACTICES,DELAWARE,9000,ALL CLASSES,00000000,,ZIP CODE,19958,CENSUS,CROP TOTALS - OPERATIONS WITH SALES,SALES,CROP TOTALS,,NOT SPECIFIED,CROP TOTALS
2017,OPERATIONS,,ALL UTILIZATION PRACTICES,TOTAL,ANNUAL,,19958,10,DE,YEAR,,UNITED STATES,,00,13,,10,,,00,2018-02-01 12:00:00.000,CROPS,,ALL PRODUCTION PRACTICES,DELAWARE,9000,ALL CLASSES,00000000,,ZIP CODE,19958,CENSUS,CROP TOTALS - OPERATIONS WITH SALES,SALES,CROP TOTALS,,NOT SPECIFIED,CROP TOTALS
2007,OPERATIONS,,ALL UTILIZATION PRACTICES,TOTAL,ANNUAL,,19958,10,DE,YEAR,,UNITED STATES,,00,11,,10,,,00,2012-01-01 00:00:00.000,CROPS,,ALL PRODUCTION PRACTICES,DELAWARE,9000,ALL CLASSES,00000000,,ZIP CODE,19958,CENSUS,CROP TOTALS - OPERATIONS WITH SALES,SALES,CROP TOTALS,,NOT SPECIFIED,CROP TOTALS
2022,OPERATIONS,,ALL UTILIZATION PRACTICES,TOTAL,ANNUAL,,19960,10,DE,YEAR,,UNITED STATES,,00,22,,10,,,00,2024-11-07 12:00:00.000,CROPS,,ALL PRODUCTION PRACTICES,DELAWARE,9000,ALL CLASSES,00000000,,ZIP CODE,19960,CENSUS,CROP TOTALS - OPERATIONS WITH SALES,SALES,CROP TOTALS,,NOT SPECIFIED,CROP TOTALS
2017,OPERATIONS,,ALL UTILIZATION PRACTICES,TOTAL,ANNUAL,,19960,10,DE,YEAR,,UNITED STATES,,00,15,,10,,,00,2018-02-01 12:00:00.000,CROPS,,ALL PRODUCTION PRACTICES,DELAWARE,9000,ALL CLASSES,00000000,,ZIP CODE,19960,CENSUS,CROP TOTALS - OPERATIONS WITH SALES,SALES,CROP TOTALS,,NOT SPECIFIED,CROP TOTALS
2007,OPERATIONS,,ALL UTILIZATION PRACTICES,TOTAL,ANNUAL,,19960,10,DE,YEAR,,UNITED STATES,,00,27,,10,,,00,2012-01-01 00:00:00.000,CROPS,,ALL PRODUCTION PRACTICES,DELAWARE,9000,ALL CLASSES,00000000,,ZIP CODE,19960,CENSUS,CROP TOTALS - OPERATIONS WITH SALES,SALES,CROP TOTALS,,NOT SPECIFIED,CROP TOTALS
2017,OPERATIONS,,ALL UTILIZATION PRACTICES,TOTAL,ANNUAL,,19961,10,DE,YEAR,,UNITED STATES,,00,1,,10,,,00,2018-02-01 12:00:00.000,CROPS,,ALL PRODUCTION PRACTICES,DELAWARE,9000,ALL CLASSES,00000000,,ZIP CODE,19961,CENSUS,CROP TOTALS - OPERATIONS WITH SALES,SALES,CROP TOTALS,,NOT SPECIFIED,CROP TOTALS
2007,OPERATIONS,,ALL UTILIZATION PRACTICES,TOTAL,ANNUAL,,19961,10,DE,YEAR,,UNITED STATES,,00,1,,10,,,00,2012-01-01 00:00:00.000,CROPS,,ALL PRODUCTION PRACTICES,DELAWARE,9000,ALL CLASSES,00000000,,ZIP CODE,19961,CENSUS,CROP TOTALS - OPERATIONS WITH SALES,SALES,CROP TOTALS,,NOT SPECIFIED,CROP TOTALS
2022,OPERATIONS,,ALL UTILIZATION PRACTICES,TOTAL,ANNUAL,,19962,10,DE,YEAR,,UNITED STATES,,00,5,,10,,,00,2024-11-07 12:00:00.000,CROPS,,ALL PRODUCTION PRACTICES,DELAWARE,9000,ALL CLASSES,00000000,,ZIP CODE,19962,CENSUS,CROP TOTALS - OPERATIONS WITH SALES,SALES,CROP TOTALS,,NOT SPECIFIED,CROP TOTALS
2017,OPERATIONS,,ALL UTILIZATION PRACTICES,TOTAL,ANNUAL,,19962,10,DE,YEAR,,UNITED STATES,,00,5,,10,,,00,2018-02-01 12:00:00.000,CROPS,,ALL PRODUCTION PRACTICES,DELAWARE,9000,ALL CLASSES,00000000,,ZIP CODE,19962,CENSUS,CROP TOTALS - OPERATIONS WITH SALES,SALES,CROP TOTALS,,NOT SPECIFIED,CROP TOTALS
2007,OPERATIONS,,ALL UTILIZATION PRACTICES,TOTAL,ANNUAL,,19962,10,DE,YEAR,,UNITED STATES,,00,12,,10,,,00,2012-01-01 00:00:00.000,CROPS,,ALL PRODUCTION PRACTICES,DELAWARE,9000,ALL CLASSES,00000000,,ZIP CODE,19962,CENSUS,CROP TOTALS - OPERATIONS WITH SALES,SALES,CROP TOTALS,,NOT SPECIFIED,CROP TOTALS
2022,OPERATIONS,,ALL UTILIZATION PRACTICES,TOTAL,ANNUAL,,19963,10,DE,YEAR,,UNITED STATES,,00,65,,10,,,00,2024-11-07 12:00:00.000,CROPS,,ALL PRODUCTION PRACTICES,DELAWARE,9000,ALL CLASSES,00000000,,ZIP CODE,19963,CENSUS,CROP TOTALS - OPERATIONS WITH SALES,SALES,CROP TOTALS,,NOT SPECIFIED,CROP TOTALS
2017,OPERATIONS,,ALL UTILIZATION PRACTICES,TOTAL,ANNUAL,,19963,10,DE,YEAR,,UNITED STATES,,00,43,,10,,,00,2018-02-01 12:00:00.000,CROPS,,ALL PRODUCTION PRACTICES,DELAWARE,9000,ALL CLASSES,00000000,,ZIP CODE,19963,CENSUS,CROP TOTALS - OPERATIONS WITH SALES,SALES,CROP TOTALS,,NOT SPECIFIED,CROP TOTALS
2007,OPERATIONS,,ALL UTILIZATION PRACTICES,TOTAL,ANNUAL,,19963,10,DE,YEAR,,UNITED STATES,,00,67,,10,,,00,2012-01-01 00:00:00.000,CROPS,,ALL PRODUCTION PRACTICES,DELAWARE,9000,ALL CLASSES,00000000,,ZIP CODE,19963,CENSUS,CROP TOTALS - OPERATIONS WITH SALES,SALES,CROP TOTALS,,NOT SPECIFIED,CROP TOTALS
2022,OPERATIONS,,ALL UTILIZATION PRACTICES,TOTAL,ANNUAL,,19964,10,DE,YEAR,,UNITED STATES,,00,3,,10,,,00,2024-11-07 12:00:00.000,CROPS,,ALL PRODUCTION PRACTICES,DELAWARE,9000,ALL CLASSES,00000000,,ZIP CODE,19964,CENSUS,CROP TOTALS - OPERATIONS WITH SALES,SALES,CROP TOTALS,,NOT SPECIFIED,CROP TOTALS
2017,OPERATIONS,,ALL UTILIZATION PRACTICES,TOTAL,ANNUAL,,19964,10,DE,YEAR,,UNITED STATES,,00,4,,10,,,00,2018-02-01 12:00:00.000,CROPS,,ALL PRODUCTION PRACTICES,DELAWARE,9000,ALL CLASSES,00000000,,ZIP CODE,19964,CENSUS,CROP TOTALS - OPERATIONS WITH SALES,SALES,CROP TOTALS,,NOT SPECIFIED,CROP TOTALS
2007,OPERATIONS,,ALL UTILIZATION PRACTICES,TOTAL,ANNUAL,,19964,10,DE,YEAR,,UNITED STATES,,00,17,,10,,,00,2012-01-01 00:00:00.000,CROPS,,ALL PRODUCTION PRACTICES,DELAWARE,9000,ALL CLASSES,00000000,,ZIP CODE,19964,CENSUS,CROP TOTALS - OPERATIONS WITH SALES,SALES,CROP TOTALS,,NOT SPECIFIED,CROP TOTALS
2022,OPERATIONS,,ALL UTILIZATION PRACTICES,TOTAL,ANNUAL,,19966,10,DE,YEAR,,UNITED STATES,,00,92,,10,,,00,2024-11-07 12:00:00.000,CROPS,,ALL PRODUCTION PRACTICES,DELAWARE,9000,ALL CLASSES,00000000,,ZIP CODE,19966,CENSUS,CROP TOTALS - OPERATIONS WITH SALES,SALES,CROP TOTALS,,NOT SPECIFIED,CROP TOTALS
2017,OPERATIONS,,ALL UTILIZATION PRACTICES,TOTAL,ANNUAL,,19966,10,DE,YEAR,,UNITED STATES,,00,80,,10,,,00,2018-02-01 12:00:00.000,CROPS,,ALL PRODUCTION PRACTICES,DELAWARE,9000,ALL CLASSES,00000000,,ZIP CODE,19966,CENSUS,CROP TOTALS - OPERATIONS WITH SALES,SALES,CROP TOTALS,,NOT SPECIFIED,CROP TOTALS
2007,OPERATIONS,,ALL UTILIZATION PRACTICES,TOTAL,ANNUAL,,19966,10,DE,YEAR,,UNITED STATES,,00,74,,10,,,00,2012-01-01 00:00:00.000,CROPS,,ALL PRODUCTION PRACTICES,DELAWARE,9000,ALL CLASSES,00000000,,ZIP CODE,19966,CENSUS,CROP TOTALS - OPERATIONS WITH SALES,SALES,CROP TOTALS,,NOT SPECIFIED,CROP TOTALS
2022,OPERATIONS,,ALL UTILIZATION PRACTICES,TOTAL,ANNUAL,,19968,10,DE,YEAR,,UNITED STATES,,00,39,,10,,,00,2024-11-07 12:00:00.000,CROPS,,ALL PRODUCTION PRACTICES,DELAWARE,9000,ALL CLASSES,00000000,,ZIP CODE,19968,CENSUS,CROP TOTALS - OPERATIONS WITH SALES,SALES,CROP TOTALS,,NOT SPECIFIED,CROP TOTALS
2017,OPERATIONS,,ALL UTILIZATION PRACTICES,TOTAL,ANNUAL,,19968,10,DE,YEAR,,UNITED STATES,,00,38,,10,,,00,2018-02-01 12:00:00.000,CROPS,,ALL PRODUCTION PRACTICES,DELAWARE,9000,ALL CLASSES,00000000,,ZIP CODE,19968,CENSUS,CROP TOTALS - OPERATIONS WITH SALES,SALES,CROP TOTALS,,NOT SPECIFIED,CROP TOTALS
2007,OPERATIONS,,ALL UTILIZATION PRACTICES,TOTAL,ANNUAL,,19968,10,DE,YEAR,,UNITED STATES,,00,42,,10,,,00,2012-01-01 00:00:00.000,CROPS,,ALL PRODUCTION PRACTICES,DELAWARE,9000,ALL CLASSES,00000000,,ZIP CODE,19968,CENSUS,CROP TOTALS - OPERATIONS WITH SALES,SALES,CROP TOTALS,,NOT SPECIFIED,CROP TOTALS
2007,OPERATIONS,,ALL UTILIZATION PRACTICES,TOTAL,ANNUAL,,19969,10,DE,YEAR,,UNITED STATES,,00,8,,10,,,00,2012-01-01 00:00:00.000,CROPS,,ALL PRODUCTION PRACTICES,DELAWARE,9000,ALL CLASSES,00000000,,ZIP CODE,19969,CENSUS,CROP TOTALS - OPERATIONS WITH SALES,SALES,CROP TOTALS,,NOT SPECIFIED,CROP TOTALS
2022,OPERATIONS,,ALL UTILIZATION PRACTICES,TOTAL,ANNUAL,,19970,10,DE,YEAR,,UNITED STATES,,00,4,,10,,,00,2024-11-07 12:00:00.000,CROPS,,ALL PRODUCTION PRACTICES,DELAWARE,9000,ALL CLASSES,00000000,,ZIP CODE,19970,CENSUS,CROP TOTALS - OPERATIONS WITH SALES,SALES,CROP TOTALS,,NOT SPECIFIED,CROP TOTALS
2017,OPERATIONS,,ALL UTILIZATION PRACTICES,TOTAL,ANNUAL,,19970,10,DE,YEAR,,UNITED STATES,,00,7,,10,,,00,2018-02-01 12:00:00.000,CROPS,,ALL PRODUCTION PRACTICES,DELAWARE,9000,ALL CLASSES,00000000,,ZIP CODE,19970,CENSUS,CROP TOTALS - OPERATIONS WITH SALES,SALES,CROP TOTALS,,NOT SPECIFIED,CROP TOTALS
2007,OPERATIONS,,ALL UTILIZATION PRACTICES,TOTAL,ANNUAL,,19970,10,DE,YEAR,,UNITED STATES,,00,4,,10,,,00,2012-01-01 00:00:00.000,CROPS,,ALL PRODUCTION PRACTICES,DELAWARE,9000,ALL CLASSES,00000000,,ZIP CODE,19970,CENSUS,CROP TOTALS - OPERATIONS WITH SALES,SALES,CROP TOTALS,,NOT SPECIFIED,CROP TOTALS
2022,OPERATIONS,,ALL UTILIZATION PRACTICES,TOTAL,ANNUAL,,19971,10,DE,YEAR,,UNITED STATES,,00,2,,10,,,00,2024-11-07 12:00:00.000,CROPS,,ALL PRODUCTION PRACTICES,DELAWARE,9000,ALL CLASSES,00000000,,ZIP CODE,19971,CENSUS,CROP TOTALS - OPERATIONS WITH SALES,SALES,CROP TOTALS,,NOT SPECIFIED,CROP TOTALS
2017,OPERATIONS,,ALL UTILIZATION PRACTICES,TOTAL,ANNUAL,,19971,10,DE,YEAR,,UNITED STATES,,00,5,,10,,,00,2018-02-01 12:00:00.000,CROPS,,ALL PRODUCTION PRACTICES,DELAWARE,9000,ALL CLASSES,00000000,,ZIP CODE,19971,CENSUS,CROP TOTALS - OPERATIONS WITH SALES,SALES,CROP TOTALS,,NOT SPECIFIED,CROP TOTALS
2007,OPERATIONS,,ALL UTILIZATION PRACTICES,TOTAL,ANNUAL,,19971,10,DE,YEAR,,UNITED STATES,,00,8,,10,,,00,2012-01-01 00:00:00.000,CROPS,,ALL PRODUCTION PRACTICES,DELAWARE,9000,ALL CLASSES,00000000,,ZIP CODE,19971,CENSUS,CROP TOTALS - OPERATIONS WITH SALES,SALES,CROP TOTALS,,NOT SPECIFIED,CROP TOTALS
2022,OPERATIONS,,ALL UTILIZATION PRACTICES,TOTAL,ANNUAL,,19973,10,DE,YEAR,,UNITED STATES,,00,47,,10,,,00,2024-11-07 12:00:00.000,CROPS,,ALL PRODUCTION PRACTICES,DELAWARE,9000,ALL CLASSES,00000000,,ZIP CODE,19973,CENSUS,CROP TOTALS - OPERATIONS WITH SALES,SALES,CROP TOTALS,,NOT SPECIFIED,CROP TOTALS
2017,OPERATIONS,,ALL UTILIZATION PRACTICES,TOTAL,ANNUAL,,19973,10,DE,YEAR,,UNITED STATES,,00,60,,10,,,00,2018-02-01 12:00:00.000,CROPS,,ALL PRODUCTION PRACTICES,DELAWARE,9000,ALL CLASSES,00000000,,ZIP CODE,19973,CENSUS,CROP TOTALS - OPERATIONS WITH SALES,SALES,CROP TOTALS,,NOT SPECIFIED,CROP TOTALS
2007,OPERATIONS,,ALL UTILIZATION PRACTICES,TOTAL,ANNUAL,,19973,10,DE,YEAR,,UNITED STATES,,00,74,,10,,,00,2012-01-01 00:00:00.000,CROPS,,ALL PRODUCTION PRACTICES,DELAWARE,9000,ALL CLASSES,00000000,,ZIP CODE,19973,CENSUS,CROP TOTALS - OPERATIONS WITH SALES,SALES,CROP TOTALS,,NOT SPECIFIED,CROP TOTALS
2022,OPERATIONS,,ALL UTILIZATION PRACTICES,TOTAL,ANNUAL,,19975,10,DE,YEAR,,UNITED STATES,,00,9,,10,,,00,2024-11-07 12:00:00.000,CROPS,,ALL PRODUCTION PRACTICES,DELAWARE,9000,ALL CLASSES,00000000,,ZIP CODE,19975,CENSUS,CROP TOTALS - OPERATIONS WITH SALES,SALES,CROP TOTALS,,NOT SPECIFIED,CROP TOTALS
2017,OPERATIONS,,ALL UTILIZATION PRACTICES,TOTAL,ANNUAL,,19975,10,DE,YEAR,,UNITED STATES,,00,12,,10,,,00,2018-02-01 12:00:00.000,CROPS,,ALL PRODUCTION PRACTICES,DELAWARE,9000,ALL CLASSES,00000000,,ZIP CODE,19975,CENSUS,CROP TOTALS - OPERATIONS WITH SALES,SALES,CROP TOTALS,,NOT SPECIFIED,CROP TOTALS
2007,OPERATIONS,,ALL UTILIZATION PRACTICES,TOTAL,ANNUAL,,19975,10,DE,YEAR,,UNITED STATES,,00,28,,10,,,00,2012-01-01 00:00:00.000,CROPS,,ALL PRODUCTION PRACTICES,DELAWARE,9000,ALL CLASSES,00000000,,ZIP CODE,19975,CENSUS,CROP TOTALS - OPERATIONS WITH SALES,SALES,CROP TOTALS,,NOT SPECIFIED,CROP TOTALS
2022,OPERATIONS,,ALL UTILIZATION PRACTICES,TOTAL,ANNUAL,,19977,10,DE,YEAR,,UNITED STATES,,00,56,,10,,,00,2024-11-07 12:00:00.000,CROPS,,ALL PRODUCTION PRACTICES,DELAWARE,9000,ALL CLASSES,00000000,,ZIP CODE,19977,CENSUS,CROP TOTALS - OPERATIONS WITH SALES,SALES,CROP TOTALS,,NOT SPECIFIED,CROP TOTALS
2017,OPERATIONS,,ALL UTILIZATION PRACTICES,TOTAL,ANNUAL,,19977,10,DE,YEAR,,UNITED STATES,,00,56,,10,,,00,2018-02-01 12:00:00.000,CROPS,,ALL PRODUCTION PRACTICES,DELAWARE,9000,ALL CLASSES,00000000,,ZIP CODE,19977,CENSUS,CROP TOTALS - OPERATIONS WITH SALES,SALES,CROP TOTALS,,NOT SPECIFIED,CROP TOTALS
2007,OPERATIONS,,ALL UTILIZATION PRACTICES,TOTAL,ANNUAL,,19977,10,DE,YEAR,,UNITED STATES,,00,42,,10,,,00,2012-01-01 00:00:00.000,CROPS,,ALL PRODUCTION PRACTICES,DELAWARE,9000,ALL CLASSES,00000000,,ZIP CODE,19977,CENSUS,CROP TOTALS - OPERATIONS WITH SALES,SALES,CROP TOTALS,,NOT SPECIFIED,CROP TOTALS
2022,OPERATIONS,,ALL UTILIZATION PRACTICES,TOTAL,ANNUAL,,19979,10,DE,YEAR,,UNITED STATES,,00,4,,10,,,00,2024-11-07 12:00:00.000,CROPS,,ALL PRODUCTION PRACTICES,DELAWARE,9000,ALL CLASSES,00000000,,ZIP CODE,19979,CENSUS,CROP TOTALS - OPERATIONS WITH SALES,SALES,CROP TOTALS,,NOT SPECIFIED,CROP TOTALS
2017,OPERATIONS,,ALL UTILIZATION PRACTICES,TOTAL,ANNUAL,,19979,10,DE,YEAR,,UNITED STATES,,00,7,,10,,,00,2018-02-01 12:00:00.000,CROPS,,ALL PRODUCTION PRACTICES,DELAWARE,9000,ALL CLASSES,00000000,,ZIP CODE,19979,CENSUS,CROP TOTALS - OPERATIONS WITH SALES,SALES,CROP TOTALS,,NOT SPECIFIED,CROP TOTALS
2007,OPERATIONS,,ALL UTILIZATION PRACTICES,TOTAL,ANNUAL,,19979,10,DE,YEAR,,UNITED STATES,,00,4,,10,,,00,2012-01-01 00:00:00.000,CROPS,,ALL PRODUCTION PRACTICES,DELAWARE,9000,ALL CLASSES,00000000,,ZIP CODE,19979,CENSUS,CROP TOTALS - OPERATIONS WITH SALES,SALES,CROP TOTALS,,NOT SPECIFIED,CROP TOTALS
2022,OPERATIONS,,ALL UTILIZATION PRACTICES,TOTAL,ANNUAL,,19980,10,DE,YEAR,,UNITED STATES,,00,1,,10,,,00,2024-11-07 12:00:00.000,CROPS,,ALL PRODUCTION PRACTICES,DELAWARE,9000,ALL CLASSES,00000000,,ZIP CODE,19980,CENSUS,CROP TOTALS - OPERATIONS WITH SALES,SALES,CROP TOTALS,,NOT SPECIFIED,CROP TOTALS
2017,OPERATIONS,,ALL UTILIZATION PRACTICES,TOTAL,ANNUAL,,19980,10,DE,YEAR,,UNITED STATES,,00,1,,10,,,00,2018-02-01 12:00:00.000,CROPS,,ALL PRODUCTION PRACTICES,DELAWARE,9000,ALL CLASSES,00000000,,ZIP CODE,19980,CENSUS,CROP TOTALS - OPERATIONS WITH SALES,SALES,CROP TOTALS,,NOT SPECIFIED,CROP TOTALS
2007,OPERATIONS,,ALL UTILIZATION PRACTICES,TOTAL,ANNUAL,,19980,10,DE,YEAR,,UNITED STATES,,00,1,,10,,,00,2012-01-01 00:00:00.000,CROPS,,ALL PRODUCTION PRACTICES,DELAWARE,9000,ALL CLASSES,00000000,,ZIP CODE,19980,CENSUS,CROP TOTALS - OPERATIONS WITH SALES,SALES,CROP TOTALS,,NOT SPECIFIED,CROP TOTALS
2022,OPERATIONS,,ALL UTILIZATION PRACTICES,TOTAL,ANNUAL,,99999,10,DE,YEAR,,UNITED STATES,,00,28,,10,,,00,2024-11-07 12:00:00.000,CROPS,,ALL PRODUCTION PRACTICES,DELAWARE,9000,ALL CLASSES,00000000,,ZIP CODE,99999,CENSUS,CROP TOTALS - OPERATIONS WITH SALES,SALES,CROP TOTALS,,NOT SPECIFIED,CROP TOTALS
2017,OPERATIONS,,ALL UTILIZATION PRACTICES,TOTAL,ANNUAL,,99999,10,DE,YEAR,,UNITED STATES,,00,31,,10,,,00,2018-02-01 12:00:00.000,CROPS,,ALL PRODUCTION PRACTICES,DELAWARE,9000,ALL CLASSES,00000000,,ZIP CODE,99999,CENSUS,CROP TOTALS - OPERATIONS WITH SALES,SALES,CROP TOTALS,,NOT SPECIFIED,CROP TOTALS
2007,OPERATIONS,,ALL UTILIZATION PRACTICES,TOTAL,ANNUAL,,99999,10,DE,YEAR,,UNITED STATES,,00,38,,10,,,00,2012-01-01 00:00:00.000,CROPS,,ALL PRODUCTION PRACTICES,DELAWARE,9000,ALL CLASSES,00000000,,ZIP CODE,99999,CENSUS,CROP TOTALS - OPERATIONS WITH SALES,SALES,CROP TOTALS,,NOT SPECIFIED,CROP TOTALS
2022,PCT OF FARM OPERATIONS,,ALL UTILIZATION PRACTICES,TOTAL,ANNUAL,,DELAWARE,10,DE,YEAR,,UNITED STATES,,00,57.8,,10,,,00,2024-07-02 12:00:00.000,CROPS,,ALL PRODUCTION PRACTICES,DELAWARE,9000,ALL CLASSES,00000000,,STATE,,CENSUS,"CROP TOTALS - SALES, MEASURED IN PCT OF FARM OPERATIONS",SALES,CROP TOTALS,3.2,NOT SPECIFIED,CROP TOTALS
2017,PCT OF FARM OPERATIONS,,ALL UTILIZATION PRACTICES,TOTAL,ANNUAL,,DELAWARE,10,DE,YEAR,,UNITED STATES,,00,56.8,,10,,,00,2018-02-01 00:00:00.000,CROPS,,ALL PRODUCTION PRACTICES,DELAWARE,9000,ALL CLASSES,00000000,,STATE,,CENSUS,"CROP TOTALS - SALES, MEASURED IN PCT OF FARM OPERATIONS",SALES,CROP TOTALS,6.6,NOT SPECIFIED,CROP TOTALS
2012,PCT OF FARM OPERATIONS,,ALL UTILIZATION PRACTICES,TOTAL,ANNUAL,,DELAWARE,10,DE,YEAR,,UNITED STATES,,00,52.9,,10,,,00,2012-12-31 00:00:00.000,CROPS,,ALL PRODUCTION PRACTICES,DELAWARE,9000,ALL CLASSES,00000000,,STATE,,CENSUS,"CROP TOTALS - SALES, MEASURED IN PCT OF FARM OPERATIONS",SALES,CROP TOTALS,11.2,NOT SPECIFIED,CROP TOTALS
2022,PCT OF FARM SALES,,ALL UTILIZATION PRACTICES,TOTAL,ANNUAL,,DELAWARE,10,DE,YEAR,,UNITED STATES,,00,22.5,,10,,,00,2024-07-02 12:00:00.000,CROPS,,ALL PRODUCTION PRACTICES,DELAWARE,9000,ALL CLASSES,00000000,,STATE,,CENSUS,"CROP TOTALS - SALES, MEASURED IN PCT OF FARM SALES",SALES,CROP TOTALS,2.9,NOT SPECIFIED,CROP TOTALS
2017,PCT OF FARM SALES,,ALL UTILIZATION PRACTICES,TOTAL,ANNUAL,,DELAWARE,10,DE,YEAR,,UNITED STATES,,00,22.2,,10,,,00,2018-02-01 00:00:00.000,CROPS,,ALL PRODUCTION PRACTICES,DELAWARE,9000,ALL CLASSES,00000000,,STATE,,CENSUS,"CROP TOTALS - SALES, MEASURED IN PCT OF FARM SALES",SALES,CROP TOTALS,14.0,NOT SPECIFIED,CROP TOTALS
2012,PCT OF FARM SALES,,ALL UTILIZATION PRACTICES,TOTAL,ANNUAL,,DELAWARE,10,DE,YEAR,,UNITED STATES,,00,33.7,,10,,,00,2012-12-31 00:00:00.000,CROPS,,ALL PRODUCTION PRACTICES,DELAWARE,9000,ALL CLASSES,00000000,,STATE,,CENSUS,"CROP TOTALS - SALES, MEASURED IN PCT OF FARM SALES",SALES,CROP TOTALS,3.9,NOT SPECIFIED,CROP TOTALS
2007,PCT OF FARM SALES,,ALL UTILIZATION PRACTICES,TOTAL,ANNUAL,,DELAWARE,10,DE,YEAR,,UNITED STATES,,00,19.4,,10,,,00,2012-01-01 00:00:00.000,CROPS,,ALL PRODUCTION PRACTICES,DELAWARE,9000,ALL CLASSES,00000000,,STATE,,CENSUS,"CROP TOTALS - SALES, MEASURED IN PCT OF FARM SALES",SALES,CROP TOTALS,,NOT SPECIFIED,CROP TOTALS
2002,PCT OF FARM SALES,,ALL UTILIZATION PRACTICES,TOTAL,ANNUAL,,DELAWARE,10,DE,YEAR,,UNITED STATES,,00,24.3,,10,,,00,2012-01-01 00:00:00.000,CROPS,,ALL PRODUCTION PRACTICES,DELAWARE,9000,ALL CLASSES,00000000,,STATE,,CENSUS,"CROP TOTALS - SALES, MEASURED IN PCT OF FARM SALES",SALES,CROP TOTALS,,NOT SPECIFIED,CROP TOTALS
2007,$,,ALL UTILIZATION PRACTICES,ORGANIC STATUS,ANNUAL,,"DELAWARE, NORTHERN, NEW CASTLE",10,DE,YEAR,003,UNITED STATES,20,00,                 (D),NEW CASTLE,10,,003,00,2012-01-01 00:00:00.000,CROPS,NORTHERN,ORGANIC,DELAWARE,9000,ALL CLASSES,00000000,,COUNTY,,CENSUS,"CROP TOTALS, ORGANIC - SALES, MEASURED IN $",SALES,CROP TOTALS,,ORGANIC STATUS: (NOP STANDARDS),CROP TOTALS
2007,$,,ALL UTILIZATION PRACTICES,ORGANIC STATUS,ANNUAL,,"DELAWARE, CENTRAL, KENT",10,DE,YEAR,001,UNITED STATES,50,00,                 (D),KENT,10,,001,00,2012-01-01 00:00:00.000,CROPS,CENTRAL,ORGANIC,DELAWARE,9000,ALL CLASSES,00000000,,COUNTY,,CENSUS,"CROP TOTALS, ORGANIC - SALES, MEASURED IN $",SALES,CROP TOTALS,,ORGANIC STATUS: (NOP STANDARDS),CROP TOTALS
2007,$,,ALL UTILIZATION PRACTICES,ORGANIC STATUS,ANNUAL,,"DELAWARE, SOUTHERN, SUSSEX",10,DE,YEAR,005,UNITED STATES,80,00,                 (D),SUSSEX,10,,005,00,2012-01-01 00:00:00.000,CROPS,SOUTHERN,ORGANIC,DELAWARE,9000,ALL CLASSES,00000000,,COUNTY,,CENSUS,"CROP TOTALS, ORGANIC - SALES, MEASURED IN $",SALES,CROP TOTALS,,ORGANIC STATUS: (NOP STANDARDS),CROP TOTALS
2007,$,,ALL UTILIZATION PRACTICES,ORGANIC STATUS,ANNUAL,,DELAWARE,10,DE,YEAR,,UNITED STATES,,00,                 (D),,10,,,00,2012-01-01 00:00:00.000,CROPS,,ORGANIC,DELAWARE,9000,ALL CLASSES,00000000,,STATE,,CENSUS,"CROP TOTALS, ORGANIC - SALES, MEASURED IN $",SALES,CROP TOTALS,,ORGANIC STATUS: (NOP STANDARDS),CROP TOTALS
2014,$,,ALL UTILIZATION PRACTICES,ORGANIC STATUS,ANNUAL,,DELAWARE,10,DE,YEAR,,UNITED STATES,,00,                 (D),,10,,,00,2015-01-31 00:00:00.000,CROPS,,ORGANIC,DELAWARE,9000,ALL CLASSES,00000000,,STATE,,CENSUS,"CROP TOTALS, ORGANIC - SALES, MEASURED IN $",SALES,CROP TOTALS,(D),ORGANIC STATUS: (NOP USDA CERTIFIED & EXEMPT),CROP TOTALS
2008,$,,ALL UTILIZATION PRACTICES,ORGANIC STATUS,ANNUAL,,DELAWARE,10,DE,YEAR,,UNITED STATES,,00,                 (D),,10,,,00,2012-01-01 00:00:00.000,CROPS,,ORGANIC,DELAWARE,9000,ALL CLASSES,00000000,,STATE,,CENSUS,"CROP TOTALS, ORGANIC - SALES, MEASURED IN $",SALES,CROP TOTALS,,ORGANIC STATUS: (NOP USDA CERTIFIED & EXEMPT),CROP TOTALS
2021,$,,ALL UTILIZATION PRACTICES,ORGANIC STATUS,ANNUAL,,DELAWARE,10,DE,YEAR,,UNITED STATES,,00,"212,000",,10,,,00,2022-12-15 12:00:00.000,CROPS,,ORGANIC,DELAWARE,9000,ALL CLASSES,00000000,,STATE,,CENSUS,"CROP TOTALS, ORGANIC - SALES, MEASURED IN $",SALES,CROP TOTALS,83.5,ORGANIC STATUS: (NOP USDA CERTIFIED),CROP TOTALS
2019,$,,ALL UTILIZATION PRACTICES,ORGANIC STATUS,ANNUAL,,DELAWARE,10,DE,YEAR,,UNITED STATES,,00,                 (D),,10,,,00,2018-02-01 00:00:00.000,CROPS,,ORGANIC,DELAWARE,9000,ALL CLASSES,00000000,,STATE,,CENSUS,"CROP TOTALS, ORGANIC - SALES, MEASURED IN $",SALES,CROP TOTALS,(D),ORGANIC STATUS: (NOP USDA CERTIFIED),CROP TOTALS
2016,$,,ALL UTILIZATION PRACTICES,ORGANIC STATUS,ANNUAL,,DELAWARE,10,DE,YEAR,,UNITED STATES,,00,                 (D),,10,,,00,2016-01-31 00:00:00.000,CROPS,,ORGANIC,DELAWARE,9000,ALL CLASSES,00000000,,STATE,,CENSUS,"CROP TOTALS, ORGANIC - SALES, MEASURED IN $",SALES,CROP TOTALS,(D),ORGANIC STATUS: (NOP USDA CERTIFIED),CROP TOTALS
2015,$,,ALL UTILIZATION PRACTICES,ORGANIC STATUS,ANNUAL,,DELAWARE,10,DE,YEAR,,UNITED STATES,,00,                 (D),,10,,,00,2015-01-31 00:00:00.000,CROPS,,ORGANIC,DELAWARE,9000,ALL CLASSES,00000000,,STATE,,CENSUS,"CROP TOTALS, ORGANIC - SALES, MEASURED IN $",SALES,CROP TOTALS,(D),ORGANIC STATUS: (NOP USDA CERTIFIED),CROP TOTALS
2011,$,,ALL UTILIZATION PRACTICES,ORGANIC STATUS,ANNUAL,,DELAWARE,10,DE,YEAR,,UNITED STATES,,00,                 (D),,10,,,00,2012-12-31 00:00:00.000,CROPS,,ORGANIC,DELAWARE,9000,ALL CLASSES,00000000,,STATE,,CENSUS,"CROP TOTALS, ORGANIC - SALES, MEASURED IN $",SALES,CROP TOTALS,,ORGANIC STATUS: (NOP USDA CERTIFIED),CROP TOTALS
2007,$,,ALL UTILIZATION PRACTICES,ORGANIC STATUS AND SALES,ANNUAL,,DELAWARE,10,DE,YEAR,,UNITED STATES,,00,                 (D),,10,,,00,2012-01-01 00:00:00.000,CROPS,,ORGANIC,DELAWARE,9000,ALL CLASSES,00000000,,STATE,,CENSUS,"CROP TOTALS, ORGANIC - SALES, MEASURED IN $",SALES,CROP TOTALS,,"ORGANIC STATUS: (NOP STANDARDS) AND SALES: (50,000 OR MORE $)",CROP TOTALS
2007,$,,ALL UTILIZATION PRACTICES,ORGANIC STATUS AND SALES,ANNUAL,,DELAWARE,10,DE,YEAR,,UNITED STATES,,00,"8,000",,10,,,00,2012-01-01 00:00:00.000,CROPS,,ORGANIC,DELAWARE,9000,ALL CLASSES,00000000,,STATE,,CENSUS,"CROP TOTALS, ORGANIC - SALES, MEASURED IN $",SALES,CROP TOTALS,,"ORGANIC STATUS: (NOP STANDARDS) AND SALES: (LESS THAN 50,000 $)",CROP TOTALS
2007,OPERATIONS,,ALL UTILIZATION PRACTICES,ORGANIC STATUS,ANNUAL,,"DELAWARE, NORTHERN, NEW CASTLE",10,DE,YEAR,003,UNITED STATES,20,00,1,NEW CASTLE,10,,003,00,2012-01-01 00:00:00.000,CROPS,NORTHERN,ORGANIC,DELAWARE,9000,ALL CLASSES,00000000,,COUNTY,,CENSUS,"CROP TOTALS, ORGANIC - OPERATIONS WITH SALES",SALES,CROP TOTALS,,ORGANIC STATUS: (NOP STANDARDS),CROP TOTALS
2007,OPERATIONS,,ALL UTILIZATION PRACTICES,ORGANIC STATUS,ANNUAL,,"DELAWARE, CENTRAL, KENT",10,DE,YEAR,001,UNITED STATES,50,00,8,KENT,10,,001,00,2012-01-01 00:00:00.000,CROPS,CENTRAL,ORGANIC,DELAWARE,9000,ALL CLASSES,00000000,,COUNTY,,CENSUS,"CROP TOTALS, ORGANIC - OPERATIONS WITH SALES",SALES,CROP TOTALS,,ORGANIC STATUS: (NOP STANDARDS),CROP TOTALS
2007,OPERATIONS,,ALL UTILIZATION PRACTICES,ORGANIC STATUS,ANNUAL,,"DELAWARE, SOUTHERN, SUSSEX",10,DE,YEAR,005,UNITED STATES,80,00,3,SUSSEX,10,,005,00,2012-01-01 00:00:00.000,CROPS,SOUTHERN,ORGANIC,DELAWARE,9000,ALL CLASSES,00000000,,COUNTY,,CENSUS,"CROP TOTALS, ORGANIC - OPERATIONS WITH SALES",SALES,CROP TOTALS,,ORGANIC STATUS: (NOP STANDARDS),CROP TOTALS
2007,OPERATIONS,,ALL UTILIZATION PRACTICES,ORGANIC STATUS,ANNUAL,,DELAWARE,10,DE,YEAR,,UNITED STATES,,00,12,,10,,,00,2012-01-01 00:00:00.000,CROPS,,ORGANIC,DELAWARE,9000,ALL CLASSES,00000000,,STATE,,CENSUS,"CROP TOTALS, ORGANIC - OPERATIONS WITH SALES",SALES,CROP TOTALS,,ORGANIC STATUS: (NOP STANDARDS),CROP TOTALS
2014,OPERATIONS,,ALL UTILIZATION PRACTICES,ORGANIC STATUS,ANNUAL,,DELAWARE,10,DE,YEAR,,UNITED STATES,,00,9,,10,,,00,2015-01-31 00:00:00.000,CROPS,,ORGANIC,DELAWARE,9000,ALL CLASSES,00000000,,STATE,,CENSUS,"CROP TOTALS, ORGANIC - OPERATIONS WITH SALES",SALES,CROP TOTALS,4.2,ORGANIC STATUS: (NOP USDA CERTIFIED & EXEMPT),CROP TOTALS
2008,OPERATIONS,,ALL UTILIZATION PRACTICES,ORGANIC STATUS,ANNUAL,,DELAWARE,10,DE,YEAR,,UNITED STATES,,00,7,,10,,,00,2012-01-01 00:00:00.000,CROPS,,ORGANIC,DELAWARE,9000,ALL CLASSES,00000000,,STATE,,CENSUS,"CROP TOTALS, ORGANIC - OPERATIONS WITH SALES",SALES,CROP TOTALS,,ORGANIC STATUS: (NOP USDA CERTIFIED & EXEMPT),CROP TOTALS
2021,OPERATIONS,,ALL UTILIZATION PRACTICES,ORGANIC STATUS,ANNUAL,,DELAWARE,10,DE,YEAR,,UNITED STATES,,00,6,,10,,,00,2022-12-15 12:00:00.000,CROPS,,ORGANIC,DELAWARE,9000,ALL CLASSES,00000000,,STATE,,CENSUS,"CROP TOTALS, ORGANIC - OPERATIONS WITH SALES",SALES,CROP TOTALS,84.2,ORGANIC STATUS: (NOP USDA CERTIFIED),CROP TOTALS
2019,OPERATIONS,,ALL UTILIZATION PRACTICES,ORGANIC STATUS,ANNUAL,,DELAWARE,10,DE,YEAR,,UNITED STATES,,00,10,,10,,,00,2018-02-01 00:00:00.000,CROPS,,ORGANIC,DELAWARE,9000,ALL CLASSES,00000000,,STATE,,CENSUS,"CROP TOTALS, ORGANIC - OPERATIONS WITH SALES",SALES,CROP TOTALS,5.1,ORGANIC STATUS: (NOP USDA CERTIFIED),CROP TOTALS
2016,OPERATIONS,,ALL UTILIZATION PRACTICES,ORGANIC STATUS,ANNUAL,,DELAWARE,10,DE,YEAR,,UNITED STATES,,00,2,,10,,,00,2016-01-31 00:00:00.000,CROPS,,ORGANIC,DELAWARE,9000,ALL CLASSES,00000000,,STATE,,CENSUS,"CROP TOTALS, ORGANIC - OPERATIONS WITH SALES",SALES,CROP TOTALS,1.4,ORGANIC STATUS: (NOP USDA CERTIFIED),CROP TOTALS
2015,OPERATIONS,,ALL UTILIZATION PRACTICES,ORGANIC STATUS,ANNUAL,,DELAWARE,10,DE,YEAR,,UNITED STATES,,00,3,,10,,,00,2015-01-31 00:00:00.000,CROPS,,ORGANIC,DELAWARE,9000,ALL CLASSES,00000000,,STATE,,CENSUS,"CROP TOTALS, ORGANIC - OPERATIONS WITH SALES",SALES,CROP TOTALS,6.0,ORGANIC STATUS: (NOP USDA CERTIFIED),CROP TOTALS
2011,OPERATIONS,,ALL UTILIZATION PRACTICES,ORGANIC STATUS,ANNUAL,,DELAWARE,10,DE,YEAR,,UNITED STATES,,00,3,,10,,,00,2012-12-31 00:00:00.000,CROPS,,ORGANIC,DELAWARE,9000,ALL CLASSES,00000000,,STATE,,CENSUS,"CROP TOTALS, ORGANIC - OPERATIONS WITH SALES",SALES,CROP TOTALS,,ORGANIC STATUS: (NOP USDA CERTIFIED),CROP TOTALS
2007,OPERATIONS,,ALL UTILIZATION PRACTICES,ORGANIC STATUS AND SALES,ANNUAL,,DELAWARE,10,DE,YEAR,,UNITED STATES,,00,1,,10,,,00,2012-01-01 00:00:00.000,CROPS,,ORGANIC,DELAWARE,9000,ALL CLASSES,00000000,,STATE,,CENSUS,"CROP TOTALS, ORGANIC - OPERATIONS WITH SALES",SALES,CROP TOTALS,,"ORGANIC STATUS: (NOP STANDARDS) AND SALES: (50,000 OR MORE $)",CROP TOTALS
2007,OPERATIONS,,ALL UTILIZATION PRACTICES,ORGANIC STATUS AND SALES,ANNUAL,,DELAWARE,10,DE,YEAR,,UNITED STATES,,00,11,,10,,,00,2012-01-01 00:00:00.000,CROPS,,ORGANIC,DELAWARE,9000,ALL CLASSES,00000000,,STATE,,CENSUS,"CROP TOTALS, ORGANIC - OPERATIONS WITH SALES",SALES,CROP TOTALS,,"ORGANIC STATUS: (NOP STANDARDS) AND SALES: (LESS THAN 50,000 $)",CROP TOTALS
2021,OPERATIONS,,ALL UTILIZATION PRACTICES,ORGANIC STATUS,ANNUAL,,DELAWARE,10,DE,YEAR,,UNITED STATES,,00,6,,10,,,00,2022-12-15 12:00:00.000,CROPS,,"ORGANIC, LOSS DUE TO GMO MATERIAL, NONE",DELAWARE,9000,ALL CLASSES,00000000,,STATE,,CENSUS,"CROP TOTALS, ORGANIC, LOSS DUE TO GMO MATERIAL, NONE - OPERATIONS WITH LOSS",LOSS,CROP TOTALS,56.6,ORGANIC STATUS: (NOP USDA CERTIFIED),CROP TOTALS
2019,OPERATIONS,,ALL UTILIZATION PRACTICES,ORGANIC STATUS,ANNUAL,,DELAWARE,10,DE,YEAR,,UNITED STATES,,00,12,,10,,,00,2018-02-01 00:00:00.000,CROPS,,"ORGANIC, LOSS DUE TO GMO MATERIAL, NONE",DELAWARE,9000,ALL CLASSES,00000000,,STATE,,CENSUS,"CROP TOTALS, ORGANIC, LOSS DUE TO GMO MATERIAL, NONE - OPERATIONS WITH LOSS",LOSS,CROP TOTALS,4.1,ORGANIC STATUS: (NOP USDA CERTIFIED),CROP TOTALS
2021,OPERATIONS,,ALL UTILIZATION PRACTICES,ORGANIC STATUS,ANNUAL,,DELAWARE,10,DE,YEAR,,UNITED STATES,,00,2,,10,,,00,2022-12-15 12:00:00.000,CROPS,,"ORGANIC, LOSS DUE TO GMO MATERIAL, PREVIOUS YEAR",DELAWARE,9000,ALL CLASSES,00000000,,STATE,,CENSUS,"CROP TOTALS, ORGANIC, LOSS DUE TO GMO MATERIAL, PREVIOUS YEAR - OPERATIONS WITH LOSS",LOSS,CROP TOTALS,(H),ORGANIC STATUS: (NOP USDA CERTIFIED),CROP TOTALS
2021,OPERATIONS,,ALL UTILIZATION PRACTICES,ORGANIC STATUS,ANNUAL,,DELAWARE,10,DE,YEAR,,UNITED STATES,,00,8,,10,,,00,2022-12-15 12:00:00.000,CROPS,,"ORGANIC, LOSS DUE TO NON-NOP PESTICIDES, NONE",DELAWARE,9000,ALL CLASSES,00000000,,STATE,,CENSUS,"CROP TOTALS, ORGANIC, LOSS DUE TO NON-NOP PESTICIDES, NONE - OPERATIONS WITH LOSS",LOSS,CROP TOTALS,67.7,ORGANIC STATUS: (NOP USDA CERTIFIED),CROP TOTALS
2019,OPERATIONS,,ALL UTILIZATION PRACTICES,ORGANIC STATUS,ANNUAL,,DELAWARE,10,DE,YEAR,,UNITED STATES,,00,12,,10,,,00,2018-02-01 00:00:00.000,CROPS,,"ORGANIC, LOSS DUE TO NON-NOP PESTICIDES, NONE",DELAWARE,9000,ALL CLASSES,00000000,,STATE,,CENSUS,"CROP TOTALS, ORGANIC, LOSS DUE TO NON-NOP PESTICIDES, NONE - OPERATIONS WITH LOSS",LOSS,CROP TOTALS,3.7,ORGANIC STATUS: (NOP USDA CERTIFIED),CROP TOTALS
2022,OPERATIONS,,ALL UTILIZATION PRACTICES,TOTAL,ANNUAL,,"DELAWARE, SOUTHERN, SUSSEX",10,DE,YEAR,005,UNITED STATES,80,00,1,SUSSEX,10,,005,00,2024-07-02 12:00:00.000,CROPS,SOUTHERN,PRODUCTION CONTRACT,DELAWARE,9000,ALL CLASSES,00000000,,COUNTY,,CENSUS,"CROP TOTALS, PRODUCTION CONTRACT - OPERATIONS WITH PRODUCTION",PRODUCTION,CROP TOTALS,(L),NOT SPECIFIED,CROP TOTALS
2017,OPERATIONS,,ALL UTILIZATION PRACTICES,TOTAL,ANNUAL,,"DELAWARE, SOUTHERN, SUSSEX",10,DE,YEAR,005,UNITED STATES,80,00,3,SUSSEX,10,,005,00,2018-02-01 00:00:00.000,CROPS,SOUTHERN,PRODUCTION CONTRACT,DELAWARE,9000,ALL CLASSES,00000000,,COUNTY,,CENSUS,"CROP TOTALS, PRODUCTION CONTRACT - OPERATIONS WITH PRODUCTION",PRODUCTION,CROP TOTALS,64.4,NOT SPECIFIED,CROP TOTALS
2022,OPERATIONS,,ALL UTILIZATION PRACTICES,TOTAL,ANNUAL,,DELAWARE,10,DE,YEAR,,UNITED STATES,,00,1,,10,,,00,2024-07-02 12:00:00.000,CROPS,,PRODUCTION CONTRACT,DELAWARE,9000,ALL CLASSES,00000000,,STATE,,CENSUS,"CROP TOTALS, PRODUCTION CONTRACT - OPERATIONS WITH PRODUCTION",PRODUCTION,CROP TOTALS,(L),NOT SPECIFIED,CROP TOTALS
2017,OPERATIONS,,ALL UTILIZATION PRACTICES,TOTAL,ANNUAL,,DELAWARE,10,DE,YEAR,,UNITED STATES,,00,3,,10,,,00,2018-02-01 00:00:00.000,CROPS,,PRODUCTION CONTRACT,DELAWARE,9000,ALL CLASSES,00000000,,STATE,,CENSUS,"CROP TOTALS, PRODUCTION CONTRACT - OPERATIONS WITH PRODUCTION",PRODUCTION,CROP TOTALS,64.4,NOT SPECIFIED,CROP TOTALS
2023,$,,ALL UTILIZATION PRACTICES,TOTAL,ANNUAL,,DELAWARE,10,DE,YEAR,,UNITED STATES,,00,"278,512,000",,10,,,00,2025-02-26 15:00:00.000,CROPS,,ALL PRODUCTION PRACTICES,DELAWARE,9000,(EXCL HORTICULTURE),00000000,,STATE,,SURVEY,"CROP TOTALS, (EXCL HORTICULTURE) - PRODUCTION, MEASURED IN $",PRODUCTION,CROP TOTALS,,NOT SPECIFIED,CROP TOTALS
2022,$,,ALL UTILIZATION PRACTICES,TOTAL,ANNUAL,,DELAWARE,10,DE,YEAR,,UNITED STATES,,00,"314,553,000",,10,,,00,2024-02-16 15:00:00.000,CROPS,,ALL PRODUCTION PRACTICES,DELAWARE,9000,(EXCL HORTICULTURE),00000000,,STATE,,SURVEY,"CROP TOTALS, (EXCL HORTICULTURE) - PRODUCTION, MEASURED IN $",PRODUCTION,CROP TOTALS,,NOT SPECIFIED,CROP TOTALS
2021,$,,ALL UTILIZATION PRACTICES,TOTAL,ANNUAL,,DELAWARE,10,DE,YEAR,,UNITED STATES,,00,"339,121,000",,10,,,00,2024-02-16 15:00:00.000,CROPS,,ALL PRODUCTION PRACTICES,DELAWARE,9000,(EXCL HORTICULTURE),00000000,,STATE,,SURVEY,"CROP TOTALS, (EXCL HORTICULTURE) - PRODUCTION, MEASURED IN $",PRODUCTION,CROP TOTALS,,NOT SPECIFIED,CROP TOTALS
2020,$,,ALL UTILIZATION PRACTICES,TOTAL,ANNUAL,,DELAWARE,10,DE,YEAR,,UNITED STATES,,00,"274,913,000",,10,,,00,2024-02-16 15:00:00.000,CROPS,,ALL PRODUCTION PRACTICES,DELAWARE,9000,(EXCL HORTICULTURE),00000000,,STATE,,SURVEY,"CROP TOTALS, (EXCL HORTICULTURE) - PRODUCTION, MEASURED IN $",PRODUCTION,CROP TOTALS,,NOT SPECIFIED,CROP TOTALS
2019,$,,ALL UTILIZATION PRACTICES,TOTAL,ANNUAL,,DELAWARE,10,DE,YEAR,,UNITED STATES,,00,"211,203,000",,10,,,00,2024-02-16 15:00:00.000,CROPS,,ALL PRODUCTION PRACTICES,DELAWARE,9000,(EXCL HORTICULTURE),00000000,,STATE,,SURVEY,"CROP TOTALS, (EXCL HORTICULTURE) - PRODUCTION, MEASURED IN $",PRODUCTION,CROP TOTALS,,NOT SPECIFIED,CROP TOTALS
2018,$,,ALL UTILIZATION PRACTICES,TOTAL,ANNUAL,,DELAWARE,10,DE,YEAR,,UNITED STATES,,00,"179,591,000",,10,,,00,2024-02-16 15:00:00.000,CROPS,,ALL PRODUCTION PRACTICES,DELAWARE,9000,(EXCL HORTICULTURE),00000000,,STATE,,SURVEY,"CROP TOTALS, (EXCL HORTICULTURE) - PRODUCTION, MEASURED IN $",PRODUCTION,CROP TOTALS,,NOT SPECIFIED,CROP TOTALS
2017,$,,ALL UTILIZATION PRACTICES,TOTAL,ANNUAL,,DELAWARE,10,DE,YEAR,,UNITED STATES,,00,                 (D),,10,,,00,2020-02-24 15:05:49.000,CROPS,,ALL PRODUCTION PRACTICES,DELAWARE,9000,(EXCL HORTICULTURE),00000000,,STATE,,SURVEY,"CROP TOTALS, (EXCL HORTICULTURE) - PRODUCTION, MEASURED IN $",PRODUCTION,CROP TOTALS,,NOT SPECIFIED,CROP TOTALS
2016,$,,ALL UTILIZATION PRACTICES,TOTAL,ANNUAL,,DELAWARE,10,DE,YEAR,,UNITED STATES,,00,                 (D),,10,,,00,2019-04-12 16:46:44.000,CROPS,,ALL PRODUCTION PRACTICES,DELAWARE,9000,(EXCL HORTICULTURE),00000000,,STATE,,SURVEY,"CROP TOTALS, (EXCL HORTICULTURE) - PRODUCTION, MEASURED IN $",PRODUCTION,CROP TOTALS,,NOT SPECIFIED,CROP TOTALS
2015,$,,ALL UTILIZATION PRACTICES,TOTAL,ANNUAL,,DELAWARE,10,DE,YEAR,,UNITED STATES,,00,"271,590,000",,10,,,00,2019-04-05 15:00:25.000,CROPS,,ALL PRODUCTION PRACTICES,DELAWARE,9000,(EXCL HORTICULTURE),00000000,,STATE,,SURVEY,"CROP TOTALS, (EXCL HORTICULTURE) - PRODUCTION, MEASURED IN $",PRODUCTION,CROP TOTALS,,NOT SPECIFIED,CROP TOTALS
2014,$,,ALL UTILIZATION PRACTICES,TOTAL,ANNUAL,,DELAWARE,10,DE,YEAR,,UNITED STATES,,00,"311,802,000",,10,,,00,2019-04-05 15:00:25.000,CROPS,,ALL PRODUCTION PRACTICES,DELAWARE,9000,(EXCL HORTICULTURE),00000000,,STATE,,SURVEY,"CROP TOTALS, (EXCL HORTICULTURE) - PRODUCTION, MEASURED IN $",PRODUCTION,CROP TOTALS,,NOT SPECIFIED,CROP TOTALS
2013,$,,ALL UTILIZATION PRACTICES,TOTAL,ANNUAL,,DELAWARE,10,DE,YEAR,,UNITED STATES,,00,"332,086,000",,10,,,00,2019-04-05 15:00:25.000,CROPS,,ALL PRODUCTION PRACTICES,DELAWARE,9000,(EXCL HORTICULTURE),00000000,,STATE,,SURVEY,"CROP TOTALS, (EXCL HORTICULTURE) - PRODUCTION, MEASURED IN $",PRODUCTION,CROP TOTALS,,NOT SPECIFIED,CROP TOTALS
2012,$,,ALL UTILIZATION PRACTICES,TOTAL,ANNUAL,,DELAWARE,10,DE,YEAR,,UNITED STATES,,00,"414,971,000",,10,,,00,2015-02-25 16:30:07.000,CROPS,,ALL PRODUCTION PRACTICES,DELAWARE,9000,(EXCL HORTICULTURE),00000000,,STATE,,SURVEY,"CROP TOTALS, (EXCL HORTICULTURE) - PRODUCTION, MEASURED IN $",PRODUCTION,CROP TOTALS,,NOT SPECIFIED,CROP TOTALS
2011,$,,ALL UTILIZATION PRACTICES,TOTAL,ANNUAL,,DELAWARE,10,DE,YEAR,,UNITED STATES,,00,"344,127,000",,10,,,00,2014-11-06 10:31:04.000,CROPS,,ALL PRODUCTION PRACTICES,DELAWARE,9000,(EXCL HORTICULTURE),00000000,,STATE,,SURVEY,"CROP TOTALS, (EXCL HORTICULTURE) - PRODUCTION, MEASURED IN $",PRODUCTION,CROP TOTALS,,NOT SPECIFIED,CROP TOTALS
2010,$,,ALL UTILIZATION PRACTICES,TOTAL,ANNUAL,,DELAWARE,10,DE,YEAR,,UNITED STATES,,00,"259,530,000",,10,,,00,2014-11-06 10:31:04.000,CROPS,,ALL PRODUCTION PRACTICES,DELAWARE,9000,(EXCL HORTICULTURE),00000000,,STATE,,SURVEY,"CROP TOTALS, (EXCL HORTICULTURE) - PRODUCTION, MEASURED IN $",PRODUCTION,CROP TOTALS,,NOT SPECIFIED,CROP TOTALS
2009,$,,ALL UTILIZATION PRACTICES,TOTAL,ANNUAL,,DELAWARE,10,DE,YEAR,,UNITED STATES,,00,"236,747,000",,10,,,00,2014-11-06 10:31:04.000,CROPS,,ALL PRODUCTION PRACTICES,DELAWARE,9000,(EXCL HORTICULTURE),00000000,,STATE,,SURVEY,"CROP TOTALS, (EXCL HORTICULTURE) - PRODUCTION, MEASURED IN $",PRODUCTION,CROP TOTALS,,NOT SPECIFIED,CROP TOTALS
2008,$,,ALL UTILIZATION PRACTICES,TOTAL,ANNUAL,,DELAWARE,10,DE,YEAR,,UNITED STATES,,00,"240,833,000",,10,,,00,2014-11-06 10:31:04.000,CROPS,,ALL PRODUCTION PRACTICES,DELAWARE,9000,(EXCL HORTICULTURE),00000000,,STATE,,SURVEY,"CROP TOTALS, (EXCL HORTICULTURE) - PRODUCTION, MEASURED IN $",PRODUCTION,CROP TOTALS,,NOT SPECIFIED,CROP TOTALS
2007,$,,ALL UTILIZATION PRACTICES,TOTAL,ANNUAL,,DELAWARE,10,DE,YEAR,,UNITED STATES,,00,"206,194,000",,10,,,00,2014-11-06 10:31:04.000,CROPS,,ALL PRODUCTION PRACTICES,DELAWARE,9000,(EXCL HORTICULTURE),00000000,,STATE,,SURVEY,"CROP TOTALS, (EXCL HORTICULTURE) - PRODUCTION, MEASURED IN $",PRODUCTION,CROP TOTALS,,NOT SPECIFIED,CROP TOTALS
