country_name,watershed_desc,week_ending,country_code,domaincat_desc,statisticcat_desc,congr_district_code,state_fips_code,county_name,reference_period_desc,location_desc,group_desc,end_code,zip_5,state_name,class_desc,county_ansi,freq_desc,util_practice_desc,county_code,asd_code,short_desc,state_alpha,load_time,CV (%),unit_desc,region_desc,agg_level_desc,watershed_code,asd_desc,begin_code,prodn_practice_desc,state_ansi,sector_desc,year,domain_desc,source_desc,Value,commodity_desc
UNITED STATES,,,9000,NOT SPECIFIED,YIELD,,33,,YEAR,NEW HAMPSHIRE,FIELD CROPS,00,,NEW HAMPSHIRE,ALL CLASSES,,ANNUAL,ALL UTILIZATION PRACTICES,,,"BARLEY, IRRIGATED, NONE OF CROP - YIELD, MEASURED IN BU / ACRE",NH,2024-07-02 12:00:00.000,(D),BU / ACRE,,STATE,00000000,,00,"IRRIGATED, NONE OF CROP",33,CROPS,2022,TOTAL,CENSUS,                 (D),BARLEY
UNITED STATES,,,9000,NOT SPECIFIED,YIELD,,33,,YEAR,NEW HAMPSHIRE,FIELD CROPS,00,,NEW HAMPSHIRE,ALL CLASSES,,ANNUAL,ALL UTILIZATION PRACTICES,,,"BARLEY, IRRIGATED, NONE OF CROP - YIELD, MEASURED IN BU / ACRE",NH,2012-12-31 00:00:00.000,(L),BU / ACRE,,STATE,00000000,,00,"IRRIGATED, NONE OF CROP",33,CROPS,2012,TOTAL,CENSUS,40,BARLEY
UNITED STATES,,,9000,NOT SPECIFIED,YIELD,,33,,YEAR,NEW HAMPSHIRE,FIELD CROPS,00,,NEW HAMPSHIRE,ALL CLASSES,,ANNUAL,ALL UTILIZATION PRACTICES,,,"BARLEY, IRRIGATED, NONE OF CROP - YIELD, MEASURED IN BU / ACRE",NH,2012-01-01 00:00:00.000,,BU / ACRE,,STATE,00000000,,00,"IRRIGATED, NONE OF CROP",33,CROPS,2007,TOTAL,CENSUS,                 (D),BARLEY
UNITED STATES,,,9000,NOT SPECIFIED,YIELD,,33,,YEAR,NEW HAMPSHIRE,FIELD CROPS,00,,NEW HAMPSHIRE,"DRY EDIBLE, (EXCL LIMA), INCL CHICKPEAS",,ANNUAL,ALL UTILIZATION PRACTICES,,,"BEANS, DRY EDIBLE, (EXCL LIMA), INCL CHICKPEAS, IRRIGATED, NONE OF CROP - YIELD, MEASURED IN CWT / ACRE",NH,2012-12-31 00:00:00.000,25.2,CWT / ACRE,,STATE,00000000,,00,"IRRIGATED, NONE OF CROP",33,CROPS,2012,TOTAL,CENSUS,9.9,BEANS
UNITED STATES,,,9000,NOT SPECIFIED,YIELD,,33,,YEAR,NEW HAMPSHIRE,FIELD CROPS,00,,NEW HAMPSHIRE,"DRY EDIBLE, (EXCL LIMA), INCL CHICKPEAS",,ANNUAL,ALL UTILIZATION PRACTICES,,,"BEANS, DRY EDIBLE, (EXCL LIMA), INCL CHICKPEAS, IRRIGATED, NONE OF CROP - YIELD, MEASURED IN CWT / ACRE",NH,2012-01-01 00:00:00.000,,CWT / ACRE,,STATE,00000000,,00,"IRRIGATED, NONE OF CROP",33,CROPS,2007,TOTAL,CENSUS,                 (D),BEANS
UNITED STATES,,,9000,NOT SPECIFIED,YIELD,,33,,YEAR,NEW HAMPSHIRE,FIELD CROPS,00,,NEW HAMPSHIRE,"DRY EDIBLE, (EXCL LIMA), INCL CHICKPEAS",,ANNUAL,ALL UTILIZATION PRACTICES,,,"BEANS, DRY EDIBLE, (EXCL LIMA), INCL CHICKPEAS, IRRIGATED, NONE OF CROP - YIELD, MEASURED IN CWT / ACRE",NH,2012-01-01 00:00:00.000,,CWT / ACRE,,STATE,00000000,,00,"IRRIGATED, NONE OF CROP",33,CROPS,2002,TOTAL,CENSUS,13.6,BEANS
UNITED STATES,,,9000,IRRIGATION STATUS: (ANY ON OPERATION),YIELD,,33,,YEAR,NEW HAMPSHIRE,FIELD CROPS,00,,NEW HAMPSHIRE,"DRY EDIBLE, INCL CHICKPEAS",,ANNUAL,ALL UTILIZATION PRACTICES,,,"BEANS, DRY EDIBLE, INCL CHICKPEAS, NON-IRRIGATED - YIELD, MEASURED IN CWT / ACRE",NH,2012-12-31 00:00:00.000,,CWT / ACRE,,STATE,00000000,,00,NON-IRRIGATED,33,CROPS,2013,IRRIGATION STATUS,CENSUS,38,BEANS
UNITED STATES,,,9000,NOT SPECIFIED,YIELD,,33,,YEAR,NEW HAMPSHIRE,FIELD CROPS,00,,NEW HAMPSHIRE,ALL CLASSES,,ANNUAL,GRAIN,,,"CORN, GRAIN, IRRIGATED, ENTIRE CROP - YIELD, MEASURED IN BU / ACRE",NH,2024-07-02 12:00:00.000,(D),BU / ACRE,,STATE,00000000,,00,"IRRIGATED, ENTIRE CROP",33,CROPS,2022,TOTAL,CENSUS,                 (D),CORN
UNITED STATES,,,9000,NOT SPECIFIED,YIELD,,33,,YEAR,NEW HAMPSHIRE,FIELD CROPS,00,,NEW HAMPSHIRE,ALL CLASSES,,ANNUAL,GRAIN,,,"CORN, GRAIN, IRRIGATED, ENTIRE CROP - YIELD, MEASURED IN BU / ACRE",NH,2012-01-01 00:00:00.000,,BU / ACRE,,STATE,00000000,,00,"IRRIGATED, ENTIRE CROP",33,CROPS,2007,TOTAL,CENSUS,10,CORN
UNITED STATES,,,9000,NOT SPECIFIED,YIELD,,33,,YEAR,NEW HAMPSHIRE,FIELD CROPS,00,,NEW HAMPSHIRE,ALL CLASSES,,ANNUAL,GRAIN,,,"CORN, GRAIN, IRRIGATED, ENTIRE CROP - YIELD, MEASURED IN BU / ACRE",NH,2012-01-01 00:00:00.000,,BU / ACRE,,STATE,00000000,,00,"IRRIGATED, ENTIRE CROP",33,CROPS,2002,TOTAL,CENSUS,                 (D),CORN
UNITED STATES,,,9000,NOT SPECIFIED,YIELD,,33,,YEAR,NEW HAMPSHIRE,FIELD CROPS,00,,NEW HAMPSHIRE,ALL CLASSES,,ANNUAL,SILAGE,,,"CORN, SILAGE, IRRIGATED, ENTIRE CROP - YIELD, MEASURED IN TONS / ACRE",NH,2024-07-02 12:00:00.000,(L),TONS / ACRE,,STATE,00000000,,00,"IRRIGATED, ENTIRE CROP",33,CROPS,2022,TOTAL,CENSUS,20,CORN
UNITED STATES,,,9000,NOT SPECIFIED,YIELD,,33,,YEAR,NEW HAMPSHIRE,FIELD CROPS,00,,NEW HAMPSHIRE,ALL CLASSES,,ANNUAL,GRAIN,,,"CORN, GRAIN, IRRIGATED, NONE OF CROP - YIELD, MEASURED IN BU / ACRE",NH,2024-07-02 12:00:00.000,(D),BU / ACRE,,STATE,00000000,,00,"IRRIGATED, NONE OF CROP",33,CROPS,2022,TOTAL,CENSUS,                 (D),CORN
UNITED STATES,,,9000,NOT SPECIFIED,YIELD,,33,,YEAR,NEW HAMPSHIRE,FIELD CROPS,00,,NEW HAMPSHIRE,ALL CLASSES,,ANNUAL,GRAIN,,,"CORN, GRAIN, IRRIGATED, NONE OF CROP - YIELD, MEASURED IN BU / ACRE",NH,2018-02-01 00:00:00.000,0.1,BU / ACRE,,STATE,00000000,,00,"IRRIGATED, NONE OF CROP",33,CROPS,2017,TOTAL,CENSUS,115.8,CORN
UNITED STATES,,,9000,NOT SPECIFIED,YIELD,,33,,YEAR,NEW HAMPSHIRE,FIELD CROPS,00,,NEW HAMPSHIRE,ALL CLASSES,,ANNUAL,GRAIN,,,"CORN, GRAIN, IRRIGATED, NONE OF CROP - YIELD, MEASURED IN BU / ACRE",NH,2012-12-31 00:00:00.000,1.8,BU / ACRE,,STATE,00000000,,00,"IRRIGATED, NONE OF CROP",33,CROPS,2012,TOTAL,CENSUS,108,CORN
UNITED STATES,,,9000,NOT SPECIFIED,YIELD,,33,,YEAR,NEW HAMPSHIRE,FIELD CROPS,00,,NEW HAMPSHIRE,ALL CLASSES,,ANNUAL,GRAIN,,,"CORN, GRAIN, IRRIGATED, NONE OF CROP - YIELD, MEASURED IN BU / ACRE",NH,2012-01-01 00:00:00.000,,BU / ACRE,,STATE,00000000,,00,"IRRIGATED, NONE OF CROP",33,CROPS,2007,TOTAL,CENSUS,123.4,CORN
UNITED STATES,,,9000,NOT SPECIFIED,YIELD,,33,,YEAR,NEW HAMPSHIRE,FIELD CROPS,00,,NEW HAMPSHIRE,ALL CLASSES,,ANNUAL,GRAIN,,,"CORN, GRAIN, IRRIGATED, NONE OF CROP - YIELD, MEASURED IN BU / ACRE",NH,2012-01-01 00:00:00.000,,BU / ACRE,,STATE,00000000,,00,"IRRIGATED, NONE OF CROP",33,CROPS,2002,TOTAL,CENSUS,                 (D),CORN
UNITED STATES,,,9000,NOT SPECIFIED,YIELD,,33,,YEAR,NEW HAMPSHIRE,FIELD CROPS,00,,NEW HAMPSHIRE,ALL CLASSES,,ANNUAL,SILAGE,,,"CORN, SILAGE, IRRIGATED, NONE OF CROP - YIELD, MEASURED IN TONS / ACRE",NH,2024-07-02 12:00:00.000,1.0,TONS / ACRE,,STATE,00000000,,00,"IRRIGATED, NONE OF CROP",33,CROPS,2022,TOTAL,CENSUS,19.3,CORN
UNITED STATES,,,9000,NOT SPECIFIED,YIELD,,33,,YEAR,NEW HAMPSHIRE,FIELD CROPS,00,,NEW HAMPSHIRE,ALL CLASSES,,ANNUAL,SILAGE,,,"CORN, SILAGE, IRRIGATED, NONE OF CROP - YIELD, MEASURED IN TONS / ACRE",NH,2018-02-01 00:00:00.000,1.1,TONS / ACRE,,STATE,00000000,,00,"IRRIGATED, NONE OF CROP",33,CROPS,2017,TOTAL,CENSUS,20.3,CORN
UNITED STATES,,,9000,NOT SPECIFIED,YIELD,,33,,YEAR,NEW HAMPSHIRE,FIELD CROPS,00,,NEW HAMPSHIRE,ALL CLASSES,,ANNUAL,SILAGE,,,"CORN, SILAGE, IRRIGATED, NONE OF CROP - YIELD, MEASURED IN TONS / ACRE",NH,2012-12-31 00:00:00.000,0.3,TONS / ACRE,,STATE,00000000,,00,"IRRIGATED, NONE OF CROP",33,CROPS,2012,TOTAL,CENSUS,20.1,CORN
UNITED STATES,,,9000,NOT SPECIFIED,YIELD,,33,,YEAR,NEW HAMPSHIRE,FIELD CROPS,00,,NEW HAMPSHIRE,ALL CLASSES,,ANNUAL,SILAGE,,,"CORN, SILAGE, IRRIGATED, NONE OF CROP - YIELD, MEASURED IN TONS / ACRE",NH,2012-01-01 00:00:00.000,,TONS / ACRE,,STATE,00000000,,00,"IRRIGATED, NONE OF CROP",33,CROPS,2007,TOTAL,CENSUS,20.8,CORN
UNITED STATES,,,9000,NOT SPECIFIED,YIELD,,33,,YEAR,NEW HAMPSHIRE,FIELD CROPS,00,,NEW HAMPSHIRE,ALL CLASSES,,ANNUAL,SILAGE,,,"CORN, SILAGE, IRRIGATED, NONE OF CROP - YIELD, MEASURED IN TONS / ACRE",NH,2012-01-01 00:00:00.000,,TONS / ACRE,,STATE,00000000,,00,"IRRIGATED, NONE OF CROP",33,CROPS,2002,TOTAL,CENSUS,                 (D),CORN
UNITED STATES,,,9000,NOT SPECIFIED,YIELD,,33,,YEAR,NEW HAMPSHIRE,FIELD CROPS,00,,NEW HAMPSHIRE,ALL CLASSES,,ANNUAL,SILAGE,,,"CORN, SILAGE, IRRIGATED, PART OF CROP - YIELD, MEASURED IN TONS / ACRE",NH,2024-07-02 12:00:00.000,(L),TONS / ACRE,,STATE,00000000,,00,"IRRIGATED, PART OF CROP",33,CROPS,2022,TOTAL,CENSUS,20,CORN
UNITED STATES,,,9000,NOT SPECIFIED,YIELD,,33,,YEAR,NEW HAMPSHIRE,FIELD CROPS,00,,NEW HAMPSHIRE,ALL CLASSES,,ANNUAL,SILAGE,,,"CORN, SILAGE, IRRIGATED, PART OF CROP - YIELD, MEASURED IN TONS / ACRE",NH,2012-01-01 00:00:00.000,,TONS / ACRE,,STATE,00000000,,00,"IRRIGATED, PART OF CROP",33,CROPS,2002,TOTAL,CENSUS,                 (D),CORN
UNITED STATES,,,9000,NOT SPECIFIED,YIELD,,33,,YEAR,NEW HAMPSHIRE,FIELD CROPS,00,,NEW HAMPSHIRE,(EXCL ALFALFA),,ANNUAL,ALL UTILIZATION PRACTICES,,,"HAY, (EXCL ALFALFA), IRRIGATED, ENTIRE CROP - YIELD, MEASURED IN TONS / ACRE",NH,2018-02-01 00:00:00.000,(L),TONS / ACRE,,STATE,00000000,,00,"IRRIGATED, ENTIRE CROP",33,CROPS,2017,TOTAL,CENSUS,2,HAY
UNITED STATES,,,9000,NOT SPECIFIED,YIELD,,33,,YEAR,NEW HAMPSHIRE,FIELD CROPS,00,,NEW HAMPSHIRE,(EXCL ALFALFA),,ANNUAL,ALL UTILIZATION PRACTICES,,,"HAY, (EXCL ALFALFA), IRRIGATED, NONE OF CROP - YIELD, MEASURED IN TONS / ACRE",NH,2024-07-02 12:00:00.000,10.4,TONS / ACRE,,STATE,00000000,,00,"IRRIGATED, NONE OF CROP",33,CROPS,2022,TOTAL,CENSUS,1.7,HAY
UNITED STATES,,,9000,NOT SPECIFIED,YIELD,,33,,YEAR,NEW HAMPSHIRE,FIELD CROPS,00,,NEW HAMPSHIRE,(EXCL ALFALFA),,ANNUAL,ALL UTILIZATION PRACTICES,,,"HAY, (EXCL ALFALFA), IRRIGATED, NONE OF CROP - YIELD, MEASURED IN TONS / ACRE",NH,2018-02-01 00:00:00.000,4.6,TONS / ACRE,,STATE,00000000,,00,"IRRIGATED, NONE OF CROP",33,CROPS,2017,TOTAL,CENSUS,1.9,HAY
UNITED STATES,,,9000,NOT SPECIFIED,YIELD,,33,,YEAR,NEW HAMPSHIRE,FIELD CROPS,00,,NEW HAMPSHIRE,(EXCL ALFALFA),,ANNUAL,ALL UTILIZATION PRACTICES,,,"HAY, (EXCL ALFALFA), IRRIGATED, PART OF CROP - YIELD, MEASURED IN TONS / ACRE",NH,2024-07-02 12:00:00.000,79.9,TONS / ACRE,,STATE,00000000,,00,"IRRIGATED, PART OF CROP",33,CROPS,2022,TOTAL,CENSUS,3.6,HAY
UNITED STATES,,,9000,NOT SPECIFIED,YIELD,,33,,YEAR,NEW HAMPSHIRE,FIELD CROPS,00,,NEW HAMPSHIRE,ALFALFA,,ANNUAL,ALL UTILIZATION PRACTICES,,,"HAY, ALFALFA, IRRIGATED, ENTIRE CROP - YIELD, MEASURED IN TONS / ACRE",NH,2012-12-31 00:00:00.000,(D),TONS / ACRE,,STATE,00000000,,00,"IRRIGATED, ENTIRE CROP",33,CROPS,2012,TOTAL,CENSUS,                 (D),HAY
UNITED STATES,,,9000,NOT SPECIFIED,YIELD,,33,,YEAR,NEW HAMPSHIRE,FIELD CROPS,00,,NEW HAMPSHIRE,ALFALFA,,ANNUAL,ALL UTILIZATION PRACTICES,,,"HAY, ALFALFA, IRRIGATED, ENTIRE CROP - YIELD, MEASURED IN TONS / ACRE",NH,2012-01-01 00:00:00.000,,TONS / ACRE,,STATE,00000000,,00,"IRRIGATED, ENTIRE CROP",33,CROPS,2007,TOTAL,CENSUS,                 (D),HAY
UNITED STATES,,,9000,NOT SPECIFIED,YIELD,,33,,YEAR,NEW HAMPSHIRE,FIELD CROPS,00,,NEW HAMPSHIRE,ALFALFA,,ANNUAL,ALL UTILIZATION PRACTICES,,,"HAY, ALFALFA, IRRIGATED, NONE OF CROP - YIELD, MEASURED IN TONS / ACRE",NH,2024-07-02 12:00:00.000,6.7,TONS / ACRE,,STATE,00000000,,00,"IRRIGATED, NONE OF CROP",33,CROPS,2022,TOTAL,CENSUS,3.1,HAY
UNITED STATES,,,9000,NOT SPECIFIED,YIELD,,33,,YEAR,NEW HAMPSHIRE,FIELD CROPS,00,,NEW HAMPSHIRE,ALFALFA,,ANNUAL,ALL UTILIZATION PRACTICES,,,"HAY, ALFALFA, IRRIGATED, NONE OF CROP - YIELD, MEASURED IN TONS / ACRE",NH,2018-02-01 00:00:00.000,(D),TONS / ACRE,,STATE,00000000,,00,"IRRIGATED, NONE OF CROP",33,CROPS,2017,TOTAL,CENSUS,                 (D),HAY
UNITED STATES,,,9000,NOT SPECIFIED,YIELD,,33,,YEAR,NEW HAMPSHIRE,FIELD CROPS,00,,NEW HAMPSHIRE,ALFALFA,,ANNUAL,ALL UTILIZATION PRACTICES,,,"HAY, ALFALFA, IRRIGATED, NONE OF CROP - YIELD, MEASURED IN TONS / ACRE",NH,2012-12-31 00:00:00.000,14.6,TONS / ACRE,,STATE,00000000,,00,"IRRIGATED, NONE OF CROP",33,CROPS,2012,TOTAL,CENSUS,1.7,HAY
UNITED STATES,,,9000,NOT SPECIFIED,YIELD,,33,,YEAR,NEW HAMPSHIRE,FIELD CROPS,00,,NEW HAMPSHIRE,ALFALFA,,ANNUAL,ALL UTILIZATION PRACTICES,,,"HAY, ALFALFA, IRRIGATED, NONE OF CROP - YIELD, MEASURED IN TONS / ACRE",NH,2012-01-01 00:00:00.000,,TONS / ACRE,,STATE,00000000,,00,"IRRIGATED, NONE OF CROP",33,CROPS,2007,TOTAL,CENSUS,                 (D),HAY
UNITED STATES,,,9000,NOT SPECIFIED,YIELD,,33,,YEAR,NEW HAMPSHIRE,FIELD CROPS,00,,NEW HAMPSHIRE,ALFALFA,,ANNUAL,ALL UTILIZATION PRACTICES,,,"HAY, ALFALFA, IRRIGATED, NONE OF CROP - YIELD, MEASURED IN TONS / ACRE",NH,2012-01-01 00:00:00.000,,TONS / ACRE,,STATE,00000000,,00,"IRRIGATED, NONE OF CROP",33,CROPS,2002,TOTAL,CENSUS,2.2,HAY
UNITED STATES,,,9000,NOT SPECIFIED,YIELD,,33,,YEAR,NEW HAMPSHIRE,FIELD CROPS,00,,NEW HAMPSHIRE,ALFALFA,,ANNUAL,ALL UTILIZATION PRACTICES,,,"HAY, ALFALFA, IRRIGATED, PART OF CROP - YIELD, MEASURED IN TONS / ACRE",NH,2018-02-01 00:00:00.000,(D),TONS / ACRE,,STATE,00000000,,00,"IRRIGATED, PART OF CROP",33,CROPS,2017,TOTAL,CENSUS,                 (D),HAY
UNITED STATES,,,9000,NOT SPECIFIED,YIELD,,33,,YEAR,NEW HAMPSHIRE,FIELD CROPS,00,,NEW HAMPSHIRE,ALFALFA,,ANNUAL,ALL UTILIZATION PRACTICES,,,"HAY, ALFALFA, IRRIGATED, PART OF CROP - YIELD, MEASURED IN TONS / ACRE",NH,2012-12-31 00:00:00.000,(D),TONS / ACRE,,STATE,00000000,,00,"IRRIGATED, PART OF CROP",33,CROPS,2012,TOTAL,CENSUS,                 (D),HAY
UNITED STATES,,,9000,NOT SPECIFIED,YIELD,,33,,YEAR,NEW HAMPSHIRE,FIELD CROPS,00,,NEW HAMPSHIRE,ALFALFA,,ANNUAL,ALL UTILIZATION PRACTICES,,,"HAY, ALFALFA, IRRIGATED, PART OF CROP - YIELD, MEASURED IN TONS / ACRE",NH,2012-01-01 00:00:00.000,,TONS / ACRE,,STATE,00000000,,00,"IRRIGATED, PART OF CROP",33,CROPS,2007,TOTAL,CENSUS,                 (D),HAY
UNITED STATES,,,9000,NOT SPECIFIED,YIELD,,33,,YEAR,NEW HAMPSHIRE,FIELD CROPS,00,,NEW HAMPSHIRE,SMALL GRAIN,,ANNUAL,ALL UTILIZATION PRACTICES,,,"HAY, SMALL GRAIN, IRRIGATED, NONE OF CROP - YIELD, MEASURED IN TONS / ACRE",NH,2012-12-31 00:00:00.000,4.3,TONS / ACRE,,STATE,00000000,,00,"IRRIGATED, NONE OF CROP",33,CROPS,2012,TOTAL,CENSUS,2.1,HAY
UNITED STATES,,,9000,NOT SPECIFIED,YIELD,,33,,YEAR,NEW HAMPSHIRE,FIELD CROPS,00,,NEW HAMPSHIRE,SMALL GRAIN,,ANNUAL,ALL UTILIZATION PRACTICES,,,"HAY, SMALL GRAIN, IRRIGATED, NONE OF CROP - YIELD, MEASURED IN TONS / ACRE",NH,2012-01-01 00:00:00.000,,TONS / ACRE,,STATE,00000000,,00,"IRRIGATED, NONE OF CROP",33,CROPS,2007,TOTAL,CENSUS,1.8,HAY
UNITED STATES,,,9000,NOT SPECIFIED,YIELD,,33,,YEAR,NEW HAMPSHIRE,FIELD CROPS,00,,NEW HAMPSHIRE,SMALL GRAIN,,ANNUAL,ALL UTILIZATION PRACTICES,,,"HAY, SMALL GRAIN, IRRIGATED, NONE OF CROP - YIELD, MEASURED IN TONS / ACRE",NH,2012-01-01 00:00:00.000,,TONS / ACRE,,STATE,00000000,,00,"IRRIGATED, NONE OF CROP",33,CROPS,2002,TOTAL,CENSUS,1.8,HAY
UNITED STATES,,,9000,NOT SPECIFIED,YIELD,,33,,YEAR,NEW HAMPSHIRE,FIELD CROPS,00,,NEW HAMPSHIRE,"TAME, (EXCL ALFALFA & SMALL GRAIN)",,ANNUAL,ALL UTILIZATION PRACTICES,,,"HAY, TAME, (EXCL ALFALFA & SMALL GRAIN), IRRIGATED, ENTIRE CROP - YIELD, MEASURED IN TONS / ACRE",NH,2012-12-31 00:00:00.000,(D),TONS / ACRE,,STATE,00000000,,00,"IRRIGATED, ENTIRE CROP",33,CROPS,2012,TOTAL,CENSUS,                 (D),HAY
UNITED STATES,,,9000,NOT SPECIFIED,YIELD,,33,,YEAR,NEW HAMPSHIRE,FIELD CROPS,00,,NEW HAMPSHIRE,"TAME, (EXCL ALFALFA & SMALL GRAIN)",,ANNUAL,ALL UTILIZATION PRACTICES,,,"HAY, TAME, (EXCL ALFALFA & SMALL GRAIN), IRRIGATED, NONE OF CROP - YIELD, MEASURED IN TONS / ACRE",NH,2012-12-31 00:00:00.000,1.2,TONS / ACRE,,STATE,00000000,,00,"IRRIGATED, NONE OF CROP",33,CROPS,2012,TOTAL,CENSUS,1.9,HAY
UNITED STATES,,,9000,NOT SPECIFIED,YIELD,,33,,YEAR,NEW HAMPSHIRE,FIELD CROPS,00,,NEW HAMPSHIRE,"TAME, (EXCL ALFALFA & SMALL GRAIN)",,ANNUAL,ALL UTILIZATION PRACTICES,,,"HAY, TAME, (EXCL ALFALFA & SMALL GRAIN), IRRIGATED, NONE OF CROP - YIELD, MEASURED IN TONS / ACRE",NH,2012-01-01 00:00:00.000,,TONS / ACRE,,STATE,00000000,,00,"IRRIGATED, NONE OF CROP",33,CROPS,2007,TOTAL,CENSUS,                 (D),HAY
UNITED STATES,,,9000,NOT SPECIFIED,YIELD,,33,,YEAR,NEW HAMPSHIRE,FIELD CROPS,00,,NEW HAMPSHIRE,"TAME, (EXCL ALFALFA & SMALL GRAIN)",,ANNUAL,ALL UTILIZATION PRACTICES,,,"HAY, TAME, (EXCL ALFALFA & SMALL GRAIN), IRRIGATED, NONE OF CROP - YIELD, MEASURED IN TONS / ACRE",NH,2012-01-01 00:00:00.000,,TONS / ACRE,,STATE,00000000,,00,"IRRIGATED, NONE OF CROP",33,CROPS,2002,TOTAL,CENSUS,1.8,HAY
UNITED STATES,,,9000,NOT SPECIFIED,YIELD,,33,,YEAR,NEW HAMPSHIRE,FIELD CROPS,00,,NEW HAMPSHIRE,"TAME, (EXCL ALFALFA & SMALL GRAIN)",,ANNUAL,ALL UTILIZATION PRACTICES,,,"HAY, TAME, (EXCL ALFALFA & SMALL GRAIN), IRRIGATED, PART OF CROP - YIELD, MEASURED IN TONS / ACRE",NH,2012-12-31 00:00:00.000,(D),TONS / ACRE,,STATE,00000000,,00,"IRRIGATED, PART OF CROP",33,CROPS,2012,TOTAL,CENSUS,                 (D),HAY
UNITED STATES,,,9000,NOT SPECIFIED,YIELD,,33,,YEAR,NEW HAMPSHIRE,FIELD CROPS,00,,NEW HAMPSHIRE,"TAME, (EXCL ALFALFA & SMALL GRAIN)",,ANNUAL,ALL UTILIZATION PRACTICES,,,"HAY, TAME, (EXCL ALFALFA & SMALL GRAIN), IRRIGATED, PART OF CROP - YIELD, MEASURED IN TONS / ACRE",NH,2012-01-01 00:00:00.000,,TONS / ACRE,,STATE,00000000,,00,"IRRIGATED, PART OF CROP",33,CROPS,2007,TOTAL,CENSUS,                 (D),HAY
UNITED STATES,,,9000,NOT SPECIFIED,YIELD,,33,,YEAR,NEW HAMPSHIRE,FIELD CROPS,00,,NEW HAMPSHIRE,WILD,,ANNUAL,ALL UTILIZATION PRACTICES,,,"HAY, WILD, IRRIGATED, ENTIRE CROP - YIELD, MEASURED IN TONS / ACRE",NH,2012-12-31 00:00:00.000,13.5,TONS / ACRE,,STATE,00000000,,00,"IRRIGATED, ENTIRE CROP",33,CROPS,2012,TOTAL,CENSUS,1.4,HAY
UNITED STATES,,,9000,NOT SPECIFIED,YIELD,,33,,YEAR,NEW HAMPSHIRE,FIELD CROPS,00,,NEW HAMPSHIRE,WILD,,ANNUAL,ALL UTILIZATION PRACTICES,,,"HAY, WILD, IRRIGATED, ENTIRE CROP - YIELD, MEASURED IN TONS / ACRE",NH,2012-01-01 00:00:00.000,,TONS / ACRE,,STATE,00000000,,00,"IRRIGATED, ENTIRE CROP",33,CROPS,2007,TOTAL,CENSUS,                 (D),HAY
UNITED STATES,,,9000,NOT SPECIFIED,YIELD,,33,,YEAR,NEW HAMPSHIRE,FIELD CROPS,00,,NEW HAMPSHIRE,WILD,,ANNUAL,ALL UTILIZATION PRACTICES,,,"HAY, WILD, IRRIGATED, NONE OF CROP - YIELD, MEASURED IN TONS / ACRE",NH,2012-12-31 00:00:00.000,3.1,TONS / ACRE,,STATE,00000000,,00,"IRRIGATED, NONE OF CROP",33,CROPS,2012,TOTAL,CENSUS,1.4,HAY
UNITED STATES,,,9000,NOT SPECIFIED,YIELD,,33,,YEAR,NEW HAMPSHIRE,FIELD CROPS,00,,NEW HAMPSHIRE,WILD,,ANNUAL,ALL UTILIZATION PRACTICES,,,"HAY, WILD, IRRIGATED, NONE OF CROP - YIELD, MEASURED IN TONS / ACRE",NH,2012-01-01 00:00:00.000,,TONS / ACRE,,STATE,00000000,,00,"IRRIGATED, NONE OF CROP",33,CROPS,2007,TOTAL,CENSUS,                 (D),HAY
UNITED STATES,,,9000,NOT SPECIFIED,YIELD,,33,,YEAR,NEW HAMPSHIRE,FIELD CROPS,00,,NEW HAMPSHIRE,WILD,,ANNUAL,ALL UTILIZATION PRACTICES,,,"HAY, WILD, IRRIGATED, NONE OF CROP - YIELD, MEASURED IN TONS / ACRE",NH,2012-01-01 00:00:00.000,,TONS / ACRE,,STATE,00000000,,00,"IRRIGATED, NONE OF CROP",33,CROPS,2002,TOTAL,CENSUS,                 (D),HAY
UNITED STATES,,,9000,NOT SPECIFIED,YIELD,,33,,YEAR,NEW HAMPSHIRE,FIELD CROPS,00,,NEW HAMPSHIRE,WILD,,ANNUAL,ALL UTILIZATION PRACTICES,,,"HAY, WILD, IRRIGATED, PART OF CROP - YIELD, MEASURED IN TONS / ACRE",NH,2012-12-31 00:00:00.000,2.2,TONS / ACRE,,STATE,00000000,,00,"IRRIGATED, PART OF CROP",33,CROPS,2012,TOTAL,CENSUS,1.6,HAY
UNITED STATES,,,9000,NOT SPECIFIED,YIELD,,33,,YEAR,NEW HAMPSHIRE,FIELD CROPS,00,,NEW HAMPSHIRE,WILD,,ANNUAL,ALL UTILIZATION PRACTICES,,,"HAY, WILD, IRRIGATED, PART OF CROP - YIELD, MEASURED IN TONS / ACRE",NH,2012-01-01 00:00:00.000,,TONS / ACRE,,STATE,00000000,,00,"IRRIGATED, PART OF CROP",33,CROPS,2002,TOTAL,CENSUS,                 (D),HAY
UNITED STATES,,,9000,IRRIGATION STATUS: (ANY ON OPERATION),YIELD,,33,,YEAR,NEW HAMPSHIRE,FIELD CROPS,00,,NEW HAMPSHIRE,(EXCL ALFALFA),,ANNUAL,ALL UTILIZATION PRACTICES,,,"HAY & HAYLAGE, (EXCL ALFALFA), NON-IRRIGATED - YIELD, MEASURED IN TONS / ACRE, DRY BASIS",NH,2012-12-31 00:00:00.000,,"TONS / ACRE, DRY BASIS",,STATE,00000000,,00,NON-IRRIGATED,33,CROPS,2013,IRRIGATION STATUS,CENSUS,4.7,HAY & HAYLAGE
UNITED STATES,,,9000,IRRIGATION STATUS: (ANY ON OPERATION),YIELD,,33,,YEAR,NEW HAMPSHIRE,FIELD CROPS,00,,NEW HAMPSHIRE,ALFALFA,,ANNUAL,ALL UTILIZATION PRACTICES,,,"HAY & HAYLAGE, ALFALFA, NON-IRRIGATED - YIELD, MEASURED IN TONS / ACRE, DRY BASIS",NH,2012-12-31 00:00:00.000,,"TONS / ACRE, DRY BASIS",,STATE,00000000,,00,NON-IRRIGATED,33,CROPS,2013,IRRIGATION STATUS,CENSUS,                 (D),HAY & HAYLAGE
UNITED STATES,,,9000,NOT SPECIFIED,YIELD,,33,,YEAR,NEW HAMPSHIRE,FIELD CROPS,00,,NEW HAMPSHIRE,(EXCL ALFALFA),,ANNUAL,ALL UTILIZATION PRACTICES,,,"HAYLAGE, (EXCL ALFALFA), IRRIGATED, NONE OF CROP - YIELD, MEASURED IN TONS / ACRE",NH,2024-07-02 12:00:00.000,3.9,TONS / ACRE,,STATE,00000000,,00,"IRRIGATED, NONE OF CROP",33,CROPS,2022,TOTAL,CENSUS,3.9,HAYLAGE
UNITED STATES,,,9000,NOT SPECIFIED,YIELD,,33,,YEAR,NEW HAMPSHIRE,FIELD CROPS,00,,NEW HAMPSHIRE,(EXCL ALFALFA),,ANNUAL,ALL UTILIZATION PRACTICES,,,"HAYLAGE, (EXCL ALFALFA), IRRIGATED, NONE OF CROP - YIELD, MEASURED IN TONS / ACRE",NH,2018-02-01 00:00:00.000,9.3,TONS / ACRE,,STATE,00000000,,00,"IRRIGATED, NONE OF CROP",33,CROPS,2017,TOTAL,CENSUS,4.6,HAYLAGE
UNITED STATES,,,9000,NOT SPECIFIED,YIELD,,33,,YEAR,NEW HAMPSHIRE,FIELD CROPS,00,,NEW HAMPSHIRE,(EXCL ALFALFA),,ANNUAL,ALL UTILIZATION PRACTICES,,,"HAYLAGE, (EXCL ALFALFA), IRRIGATED, NONE OF CROP - YIELD, MEASURED IN TONS / ACRE",NH,2012-12-31 00:00:00.000,(D),TONS / ACRE,,STATE,00000000,,00,"IRRIGATED, NONE OF CROP",33,CROPS,2012,TOTAL,CENSUS,                 (D),HAYLAGE
UNITED STATES,,,9000,NOT SPECIFIED,YIELD,,33,,YEAR,NEW HAMPSHIRE,FIELD CROPS,00,,NEW HAMPSHIRE,(EXCL ALFALFA),,ANNUAL,ALL UTILIZATION PRACTICES,,,"HAYLAGE, (EXCL ALFALFA), IRRIGATED, NONE OF CROP - YIELD, MEASURED IN TONS / ACRE",NH,2012-01-01 00:00:00.000,,TONS / ACRE,,STATE,00000000,,00,"IRRIGATED, NONE OF CROP",33,CROPS,2007,TOTAL,CENSUS,6.9,HAYLAGE
UNITED STATES,,,9000,NOT SPECIFIED,YIELD,,33,,YEAR,NEW HAMPSHIRE,FIELD CROPS,00,,NEW HAMPSHIRE,(EXCL ALFALFA),,ANNUAL,ALL UTILIZATION PRACTICES,,,"HAYLAGE, (EXCL ALFALFA), IRRIGATED, NONE OF CROP - YIELD, MEASURED IN TONS / ACRE",NH,2012-01-01 00:00:00.000,,TONS / ACRE,,STATE,00000000,,00,"IRRIGATED, NONE OF CROP",33,CROPS,2002,TOTAL,CENSUS,5.7,HAYLAGE
UNITED STATES,,,9000,NOT SPECIFIED,YIELD,,33,,YEAR,NEW HAMPSHIRE,FIELD CROPS,00,,NEW HAMPSHIRE,(EXCL ALFALFA),,ANNUAL,ALL UTILIZATION PRACTICES,,,"HAYLAGE, (EXCL ALFALFA), IRRIGATED, PART OF CROP - YIELD, MEASURED IN TONS / ACRE",NH,2012-12-31 00:00:00.000,(D),TONS / ACRE,,STATE,00000000,,00,"IRRIGATED, PART OF CROP",33,CROPS,2012,TOTAL,CENSUS,                 (D),HAYLAGE
UNITED STATES,,,9000,NOT SPECIFIED,YIELD,,33,,YEAR,NEW HAMPSHIRE,FIELD CROPS,00,,NEW HAMPSHIRE,ALFALFA,,ANNUAL,ALL UTILIZATION PRACTICES,,,"HAYLAGE, ALFALFA, IRRIGATED, NONE OF CROP - YIELD, MEASURED IN TONS / ACRE",NH,2024-07-02 12:00:00.000,9.1,TONS / ACRE,,STATE,00000000,,00,"IRRIGATED, NONE OF CROP",33,CROPS,2022,TOTAL,CENSUS,5.9,HAYLAGE
UNITED STATES,,,9000,NOT SPECIFIED,YIELD,,33,,YEAR,NEW HAMPSHIRE,FIELD CROPS,00,,NEW HAMPSHIRE,ALFALFA,,ANNUAL,ALL UTILIZATION PRACTICES,,,"HAYLAGE, ALFALFA, IRRIGATED, NONE OF CROP - YIELD, MEASURED IN TONS / ACRE",NH,2018-02-01 00:00:00.000,8.4,TONS / ACRE,,STATE,00000000,,00,"IRRIGATED, NONE OF CROP",33,CROPS,2017,TOTAL,CENSUS,6.7,HAYLAGE
UNITED STATES,,,9000,NOT SPECIFIED,YIELD,,33,,YEAR,NEW HAMPSHIRE,FIELD CROPS,00,,NEW HAMPSHIRE,ALFALFA,,ANNUAL,ALL UTILIZATION PRACTICES,,,"HAYLAGE, ALFALFA, IRRIGATED, NONE OF CROP - YIELD, MEASURED IN TONS / ACRE",NH,2012-12-31 00:00:00.000,1.6,TONS / ACRE,,STATE,00000000,,00,"IRRIGATED, NONE OF CROP",33,CROPS,2012,TOTAL,CENSUS,8.2,HAYLAGE
UNITED STATES,,,9000,NOT SPECIFIED,YIELD,,33,,YEAR,NEW HAMPSHIRE,FIELD CROPS,00,,NEW HAMPSHIRE,ALFALFA,,ANNUAL,ALL UTILIZATION PRACTICES,,,"HAYLAGE, ALFALFA, IRRIGATED, NONE OF CROP - YIELD, MEASURED IN TONS / ACRE",NH,2012-01-01 00:00:00.000,,TONS / ACRE,,STATE,00000000,,00,"IRRIGATED, NONE OF CROP",33,CROPS,2007,TOTAL,CENSUS,6.5,HAYLAGE
UNITED STATES,,,9000,NOT SPECIFIED,YIELD,,33,,YEAR,NEW HAMPSHIRE,FIELD CROPS,00,,NEW HAMPSHIRE,ALFALFA,,ANNUAL,ALL UTILIZATION PRACTICES,,,"HAYLAGE, ALFALFA, IRRIGATED, NONE OF CROP - YIELD, MEASURED IN TONS / ACRE",NH,2012-01-01 00:00:00.000,,TONS / ACRE,,STATE,00000000,,00,"IRRIGATED, NONE OF CROP",33,CROPS,2002,TOTAL,CENSUS,7.2,HAYLAGE
UNITED STATES,,,9000,NOT SPECIFIED,YIELD,,33,,YEAR,NEW HAMPSHIRE,FIELD CROPS,00,,NEW HAMPSHIRE,ALL CLASSES,,ANNUAL,ALL UTILIZATION PRACTICES,,,"OATS, IRRIGATED, NONE OF CROP - YIELD, MEASURED IN BU / ACRE",NH,2024-07-02 12:00:00.000,0.6,BU / ACRE,,STATE,00000000,,00,"IRRIGATED, NONE OF CROP",33,CROPS,2022,TOTAL,CENSUS,40.4,OATS
UNITED STATES,,,9000,NOT SPECIFIED,YIELD,,33,,YEAR,NEW HAMPSHIRE,FIELD CROPS,00,,NEW HAMPSHIRE,ALL CLASSES,,ANNUAL,ALL UTILIZATION PRACTICES,,,"OATS, IRRIGATED, NONE OF CROP - YIELD, MEASURED IN BU / ACRE",NH,2018-02-01 00:00:00.000,(D),BU / ACRE,,STATE,00000000,,00,"IRRIGATED, NONE OF CROP",33,CROPS,2017,TOTAL,CENSUS,                 (D),OATS
UNITED STATES,,,9000,NOT SPECIFIED,YIELD,,33,,YEAR,NEW HAMPSHIRE,FIELD CROPS,00,,NEW HAMPSHIRE,ALL CLASSES,,ANNUAL,ALL UTILIZATION PRACTICES,,,"OATS, IRRIGATED, NONE OF CROP - YIELD, MEASURED IN BU / ACRE",NH,2012-12-31 00:00:00.000,1.6,BU / ACRE,,STATE,00000000,,00,"IRRIGATED, NONE OF CROP",33,CROPS,2012,TOTAL,CENSUS,22.6,OATS
UNITED STATES,,,9000,NOT SPECIFIED,YIELD,,33,,YEAR,NEW HAMPSHIRE,FIELD CROPS,00,,NEW HAMPSHIRE,ALL CLASSES,,ANNUAL,GRAIN,,,"SORGHUM, GRAIN, IRRIGATED, NONE OF CROP - YIELD, MEASURED IN BU / ACRE",NH,2018-02-01 00:00:00.000,(D),BU / ACRE,,STATE,00000000,,00,"IRRIGATED, NONE OF CROP",33,CROPS,2017,TOTAL,CENSUS,                 (D),SORGHUM
UNITED STATES,,,9000,NOT SPECIFIED,YIELD,,33,,YEAR,NEW HAMPSHIRE,FIELD CROPS,00,,NEW HAMPSHIRE,ALL CLASSES,,ANNUAL,GRAIN,,,"SORGHUM, GRAIN, IRRIGATED, NONE OF CROP - YIELD, MEASURED IN BU / ACRE",NH,2012-12-31 00:00:00.000,(D),BU / ACRE,,STATE,00000000,,00,"IRRIGATED, NONE OF CROP",33,CROPS,2012,TOTAL,CENSUS,                 (D),SORGHUM
UNITED STATES,,,9000,NOT SPECIFIED,YIELD,,33,,YEAR,NEW HAMPSHIRE,FIELD CROPS,00,,NEW HAMPSHIRE,ALL CLASSES,,ANNUAL,ALL UTILIZATION PRACTICES,,,"SOYBEANS, IRRIGATED, NONE OF CROP - YIELD, MEASURED IN BU / ACRE",NH,2024-07-02 12:00:00.000,14.8,BU / ACRE,,STATE,00000000,,00,"IRRIGATED, NONE OF CROP",33,CROPS,2022,TOTAL,CENSUS,46.1,SOYBEANS
UNITED STATES,,,9000,NOT SPECIFIED,YIELD,,33,,YEAR,NEW HAMPSHIRE,FIELD CROPS,00,,NEW HAMPSHIRE,ALL CLASSES,,ANNUAL,ALL UTILIZATION PRACTICES,,,"SOYBEANS, IRRIGATED, NONE OF CROP - YIELD, MEASURED IN BU / ACRE",NH,2018-02-01 00:00:00.000,(D),BU / ACRE,,STATE,00000000,,00,"IRRIGATED, NONE OF CROP",33,CROPS,2017,TOTAL,CENSUS,                 (D),SOYBEANS
UNITED STATES,,,9000,NOT SPECIFIED,YIELD,,33,,YEAR,NEW HAMPSHIRE,FIELD CROPS,00,,NEW HAMPSHIRE,ALL CLASSES,,ANNUAL,ALL UTILIZATION PRACTICES,,,"SOYBEANS, IRRIGATED, NONE OF CROP - YIELD, MEASURED IN BU / ACRE",NH,2012-12-31 00:00:00.000,(L),BU / ACRE,,STATE,00000000,,00,"IRRIGATED, NONE OF CROP",33,CROPS,2012,TOTAL,CENSUS,50,SOYBEANS
UNITED STATES,,,9000,NOT SPECIFIED,YIELD,,33,,YEAR,NEW HAMPSHIRE,FIELD CROPS,00,,NEW HAMPSHIRE,ALL CLASSES,,ANNUAL,ALL UTILIZATION PRACTICES,,,"SOYBEANS, IRRIGATED, NONE OF CROP - YIELD, MEASURED IN BU / ACRE",NH,2012-01-01 00:00:00.000,,BU / ACRE,,STATE,00000000,,00,"IRRIGATED, NONE OF CROP",33,CROPS,2002,TOTAL,CENSUS,                 (D),SOYBEANS
UNITED STATES,,,9000,NOT SPECIFIED,YIELD,,33,,YEAR,NEW HAMPSHIRE,FIELD CROPS,00,,NEW HAMPSHIRE,ALL CLASSES,,ANNUAL,ALL UTILIZATION PRACTICES,,,"WHEAT, IRRIGATED, ENTIRE CROP - YIELD, MEASURED IN BU / ACRE",NH,2012-01-01 00:00:00.000,,BU / ACRE,,STATE,00000000,,00,"IRRIGATED, ENTIRE CROP",33,CROPS,2002,TOTAL,CENSUS,                 (D),WHEAT
UNITED STATES,,,9000,NOT SPECIFIED,YIELD,,33,,YEAR,NEW HAMPSHIRE,FIELD CROPS,00,,NEW HAMPSHIRE,ALL CLASSES,,ANNUAL,ALL UTILIZATION PRACTICES,,,"WHEAT, IRRIGATED, NONE OF CROP - YIELD, MEASURED IN BU / ACRE",NH,2024-07-02 12:00:00.000,92.9,BU / ACRE,,STATE,00000000,,00,"IRRIGATED, NONE OF CROP",33,CROPS,2022,TOTAL,CENSUS,41.3,WHEAT
UNITED STATES,,,9000,NOT SPECIFIED,YIELD,,33,,YEAR,NEW HAMPSHIRE,FIELD CROPS,00,,NEW HAMPSHIRE,ALL CLASSES,,ANNUAL,ALL UTILIZATION PRACTICES,,,"WHEAT, IRRIGATED, NONE OF CROP - YIELD, MEASURED IN BU / ACRE",NH,2018-02-01 00:00:00.000,(D),BU / ACRE,,STATE,00000000,,00,"IRRIGATED, NONE OF CROP",33,CROPS,2017,TOTAL,CENSUS,                 (D),WHEAT
UNITED STATES,,,9000,NOT SPECIFIED,YIELD,,33,,YEAR,NEW HAMPSHIRE,FIELD CROPS,00,,NEW HAMPSHIRE,ALL CLASSES,,ANNUAL,ALL UTILIZATION PRACTICES,,,"WHEAT, IRRIGATED, NONE OF CROP - YIELD, MEASURED IN BU / ACRE",NH,2012-12-31 00:00:00.000,2.0,BU / ACRE,,STATE,00000000,,00,"IRRIGATED, NONE OF CROP",33,CROPS,2012,TOTAL,CENSUS,58.5,WHEAT
UNITED STATES,,,9000,NOT SPECIFIED,YIELD,,33,,YEAR,NEW HAMPSHIRE,FIELD CROPS,00,,NEW HAMPSHIRE,ALL CLASSES,,ANNUAL,ALL UTILIZATION PRACTICES,,,"WHEAT, IRRIGATED, NONE OF CROP - YIELD, MEASURED IN BU / ACRE",NH,2012-01-01 00:00:00.000,,BU / ACRE,,STATE,00000000,,00,"IRRIGATED, NONE OF CROP",33,CROPS,2007,TOTAL,CENSUS,                 (D),WHEAT
UNITED STATES,,,9000,NOT SPECIFIED,YIELD,,33,,YEAR,NEW HAMPSHIRE,FIELD CROPS,00,,NEW HAMPSHIRE,"SPRING, (EXCL DURUM)",,ANNUAL,ALL UTILIZATION PRACTICES,,,"WHEAT, SPRING, (EXCL DURUM), IRRIGATED, NONE OF CROP - YIELD, MEASURED IN BU / ACRE",NH,2024-07-02 12:00:00.000,(H),BU / ACRE,,STATE,00000000,,00,"IRRIGATED, NONE OF CROP",33,CROPS,2022,TOTAL,CENSUS,42.9,WHEAT
UNITED STATES,,,9000,NOT SPECIFIED,YIELD,,33,,YEAR,NEW HAMPSHIRE,FIELD CROPS,00,,NEW HAMPSHIRE,"SPRING, (EXCL DURUM)",,ANNUAL,ALL UTILIZATION PRACTICES,,,"WHEAT, SPRING, (EXCL DURUM), IRRIGATED, NONE OF CROP - YIELD, MEASURED IN BU / ACRE",NH,2012-12-31 00:00:00.000,(L),BU / ACRE,,STATE,00000000,,00,"IRRIGATED, NONE OF CROP",33,CROPS,2012,TOTAL,CENSUS,60,WHEAT
UNITED STATES,,,9000,NOT SPECIFIED,YIELD,,33,,YEAR,NEW HAMPSHIRE,FIELD CROPS,00,,NEW HAMPSHIRE,WINTER,,ANNUAL,ALL UTILIZATION PRACTICES,,,"WHEAT, WINTER, IRRIGATED, ENTIRE CROP - YIELD, MEASURED IN BU / ACRE",NH,2012-01-01 00:00:00.000,,BU / ACRE,,STATE,00000000,,00,"IRRIGATED, ENTIRE CROP",33,CROPS,2002,TOTAL,CENSUS,                 (D),WHEAT
UNITED STATES,,,9000,NOT SPECIFIED,YIELD,,33,,YEAR,NEW HAMPSHIRE,FIELD CROPS,00,,NEW HAMPSHIRE,WINTER,,ANNUAL,ALL UTILIZATION PRACTICES,,,"WHEAT, WINTER, IRRIGATED, NONE OF CROP - YIELD, MEASURED IN BU / ACRE",NH,2024-07-02 12:00:00.000,(L),BU / ACRE,,STATE,00000000,,00,"IRRIGATED, NONE OF CROP",33,CROPS,2022,TOTAL,CENSUS,40,WHEAT
UNITED STATES,,,9000,NOT SPECIFIED,YIELD,,33,,YEAR,NEW HAMPSHIRE,FIELD CROPS,00,,NEW HAMPSHIRE,WINTER,,ANNUAL,ALL UTILIZATION PRACTICES,,,"WHEAT, WINTER, IRRIGATED, NONE OF CROP - YIELD, MEASURED IN BU / ACRE",NH,2018-02-01 00:00:00.000,(D),BU / ACRE,,STATE,00000000,,00,"IRRIGATED, NONE OF CROP",33,CROPS,2017,TOTAL,CENSUS,                 (D),WHEAT
UNITED STATES,,,9000,NOT SPECIFIED,YIELD,,33,,YEAR,NEW HAMPSHIRE,FIELD CROPS,00,,NEW HAMPSHIRE,WINTER,,ANNUAL,ALL UTILIZATION PRACTICES,,,"WHEAT, WINTER, IRRIGATED, NONE OF CROP - YIELD, MEASURED IN BU / ACRE",NH,2012-12-31 00:00:00.000,2.9,BU / ACRE,,STATE,00000000,,00,"IRRIGATED, NONE OF CROP",33,CROPS,2012,TOTAL,CENSUS,57.1,WHEAT
UNITED STATES,,,9000,NOT SPECIFIED,YIELD,,33,,YEAR,NEW HAMPSHIRE,FIELD CROPS,00,,NEW HAMPSHIRE,WINTER,,ANNUAL,ALL UTILIZATION PRACTICES,,,"WHEAT, WINTER, IRRIGATED, NONE OF CROP - YIELD, MEASURED IN BU / ACRE",NH,2012-01-01 00:00:00.000,,BU / ACRE,,STATE,00000000,,00,"IRRIGATED, NONE OF CROP",33,CROPS,2007,TOTAL,CENSUS,                 (D),WHEAT
UNITED STATES,,,9000,"IRRIGATION METHOD, PRIMARY: (PRESSURE, LOW FLOW (DRIP OR MICRO SPRINKLER))",YIELD,,33,,YEAR,NEW HAMPSHIRE,VEGETABLES,00,,NEW HAMPSHIRE,ALL CLASSES,,ANNUAL,ALL UTILIZATION PRACTICES,,,"LETTUCE, IRRIGATED - YIELD, MEASURED IN CWT / ACRE",NH,2018-02-01 00:00:00.000,(L),CWT / ACRE,,STATE,00000000,,00,IRRIGATED,33,CROPS,2018,"IRRIGATION METHOD, PRIMARY",CENSUS,181,LETTUCE
UNITED STATES,,,9000,"IRRIGATION METHOD, PRIMARY: (PRESSURE, LOW FLOW (DRIP OR MICRO SPRINKLER))",YIELD,,33,,YEAR,NEW HAMPSHIRE,VEGETABLES,00,,NEW HAMPSHIRE,ALL CLASSES,,ANNUAL,ALL UTILIZATION PRACTICES,,,"LETTUCE, IRRIGATED - YIELD, MEASURED IN CWT / ACRE",NH,2012-12-31 00:00:00.000,,CWT / ACRE,,STATE,00000000,,00,IRRIGATED,33,CROPS,2013,"IRRIGATION METHOD, PRIMARY",CENSUS,181,LETTUCE
UNITED STATES,,,9000,"IRRIGATION METHOD, PRIMARY: (PRESSURE, SPRINKLER)",YIELD,,33,,YEAR,NEW HAMPSHIRE,VEGETABLES,00,,NEW HAMPSHIRE,ALL CLASSES,,ANNUAL,ALL UTILIZATION PRACTICES,,,"LETTUCE, IRRIGATED - YIELD, MEASURED IN CWT / ACRE",NH,2012-12-31 00:00:00.000,,CWT / ACRE,,STATE,00000000,,00,IRRIGATED,33,CROPS,2013,"IRRIGATION METHOD, PRIMARY",CENSUS,129,LETTUCE
UNITED STATES,,,9000,NOT SPECIFIED,YIELD,,33,,YEAR,NEW HAMPSHIRE,VEGETABLES,00,,NEW HAMPSHIRE,ALL CLASSES,,ANNUAL,ALL UTILIZATION PRACTICES,,,"LETTUCE, IRRIGATED - YIELD, MEASURED IN CWT / ACRE",NH,2018-02-01 00:00:00.000,(L),CWT / ACRE,,STATE,00000000,,00,IRRIGATED,33,CROPS,2018,TOTAL,CENSUS,181,LETTUCE
UNITED STATES,,,9000,NOT SPECIFIED,YIELD,,33,,YEAR,NEW HAMPSHIRE,VEGETABLES,00,,NEW HAMPSHIRE,ALL CLASSES,,ANNUAL,ALL UTILIZATION PRACTICES,,,"LETTUCE, IRRIGATED - YIELD, MEASURED IN CWT / ACRE",NH,2012-12-31 00:00:00.000,,CWT / ACRE,,STATE,00000000,,00,IRRIGATED,33,CROPS,2013,TOTAL,CENSUS,148,LETTUCE
UNITED STATES,,,9000,"IRRIGATION METHOD, PRIMARY: (PRESSURE, LOW FLOW (DRIP OR MICRO SPRINKLER))",YIELD,,33,,YEAR,NEW HAMPSHIRE,VEGETABLES,00,,NEW HAMPSHIRE,ALL CLASSES,,ANNUAL,ALL UTILIZATION PRACTICES,,,"POTATOES, IRRIGATED - YIELD, MEASURED IN CWT / ACRE",NH,2012-12-31 00:00:00.000,,CWT / ACRE,,STATE,00000000,,00,IRRIGATED,33,CROPS,2013,"IRRIGATION METHOD, PRIMARY",CENSUS,232,POTATOES
UNITED STATES,,,9000,"IRRIGATION METHOD, PRIMARY: (PRESSURE, SPRINKLER)",YIELD,,33,,YEAR,NEW HAMPSHIRE,VEGETABLES,00,,NEW HAMPSHIRE,ALL CLASSES,,ANNUAL,ALL UTILIZATION PRACTICES,,,"POTATOES, IRRIGATED - YIELD, MEASURED IN CWT / ACRE",NH,2012-12-31 00:00:00.000,,CWT / ACRE,,STATE,00000000,,00,IRRIGATED,33,CROPS,2013,"IRRIGATION METHOD, PRIMARY",CENSUS,232,POTATOES
UNITED STATES,,,9000,NOT SPECIFIED,YIELD,,33,,YEAR,NEW HAMPSHIRE,VEGETABLES,00,,NEW HAMPSHIRE,ALL CLASSES,,ANNUAL,ALL UTILIZATION PRACTICES,,,"POTATOES, IRRIGATED - YIELD, MEASURED IN CWT / ACRE",NH,2012-12-31 00:00:00.000,,CWT / ACRE,,STATE,00000000,,00,IRRIGATED,33,CROPS,2013,TOTAL,CENSUS,232,POTATOES
UNITED STATES,,,9000,NOT SPECIFIED,YIELD,,33,,YEAR,NEW HAMPSHIRE,VEGETABLES,00,,NEW HAMPSHIRE,ALL CLASSES,,ANNUAL,ALL UTILIZATION PRACTICES,,,"POTATOES, IRRIGATED, ENTIRE CROP - YIELD, MEASURED IN CWT / ACRE",NH,2012-01-01 00:00:00.000,,CWT / ACRE,,STATE,00000000,,00,"IRRIGATED, ENTIRE CROP",33,CROPS,2002,TOTAL,CENSUS,                 (D),POTATOES
UNITED STATES,,,9000,NOT SPECIFIED,YIELD,,33,,YEAR,NEW HAMPSHIRE,VEGETABLES,00,,NEW HAMPSHIRE,ALL CLASSES,,ANNUAL,ALL UTILIZATION PRACTICES,,,"POTATOES, IRRIGATED, NONE OF CROP - YIELD, MEASURED IN CWT / ACRE",NH,2012-01-01 00:00:00.000,,CWT / ACRE,,STATE,00000000,,00,"IRRIGATED, NONE OF CROP",33,CROPS,2002,TOTAL,CENSUS,103.1,POTATOES
UNITED STATES,,,9000,NOT SPECIFIED,YIELD,,33,,YEAR,NEW HAMPSHIRE,VEGETABLES,00,,NEW HAMPSHIRE,ALL CLASSES,,ANNUAL,ALL UTILIZATION PRACTICES,,,"POTATOES, IRRIGATED, PART OF CROP - YIELD, MEASURED IN CWT / ACRE",NH,2012-01-01 00:00:00.000,,CWT / ACRE,,STATE,00000000,,00,"IRRIGATED, PART OF CROP",33,CROPS,2002,TOTAL,CENSUS,                 (D),POTATOES
UNITED STATES,,,9000,IRRIGATION STATUS: (ANY ON OPERATION),YIELD,,33,,YEAR,NEW HAMPSHIRE,VEGETABLES,00,,NEW HAMPSHIRE,ALL CLASSES,,ANNUAL,ALL UTILIZATION PRACTICES,,,"POTATOES, NON-IRRIGATED - YIELD, MEASURED IN CWT / ACRE",NH,2012-12-31 00:00:00.000,,CWT / ACRE,,STATE,00000000,,00,NON-IRRIGATED,33,CROPS,2013,IRRIGATION STATUS,CENSUS,27,POTATOES
UNITED STATES,,,9000,"IRRIGATION METHOD, PRIMARY: (GRAVITY)",YIELD,,33,,YEAR,NEW HAMPSHIRE,VEGETABLES,00,,NEW HAMPSHIRE,ALL CLASSES,,ANNUAL,ALL UTILIZATION PRACTICES,,,"SWEET CORN, IRRIGATED - YIELD, MEASURED IN CWT / ACRE",NH,2012-12-31 00:00:00.000,,CWT / ACRE,,STATE,00000000,,00,IRRIGATED,33,CROPS,2013,"IRRIGATION METHOD, PRIMARY",CENSUS,169,SWEET CORN
UNITED STATES,,,9000,"IRRIGATION METHOD, PRIMARY: (PRESSURE, LOW FLOW (DRIP OR MICRO SPRINKLER))",YIELD,,33,,YEAR,NEW HAMPSHIRE,VEGETABLES,00,,NEW HAMPSHIRE,ALL CLASSES,,ANNUAL,ALL UTILIZATION PRACTICES,,,"SWEET CORN, IRRIGATED - YIELD, MEASURED IN CWT / ACRE",NH,2018-02-01 00:00:00.000,(D),CWT / ACRE,,STATE,00000000,,00,IRRIGATED,33,CROPS,2018,"IRRIGATION METHOD, PRIMARY",CENSUS,                 (D),SWEET CORN
UNITED STATES,,,9000,"IRRIGATION METHOD, PRIMARY: (PRESSURE, LOW FLOW (DRIP OR MICRO SPRINKLER))",YIELD,,33,,YEAR,NEW HAMPSHIRE,VEGETABLES,00,,NEW HAMPSHIRE,ALL CLASSES,,ANNUAL,ALL UTILIZATION PRACTICES,,,"SWEET CORN, IRRIGATED - YIELD, MEASURED IN CWT / ACRE",NH,2012-12-31 00:00:00.000,,CWT / ACRE,,STATE,00000000,,00,IRRIGATED,33,CROPS,2013,"IRRIGATION METHOD, PRIMARY",CENSUS,107,SWEET CORN
UNITED STATES,,,9000,"IRRIGATION METHOD, PRIMARY: (PRESSURE, SPRINKLER)",YIELD,,33,,YEAR,NEW HAMPSHIRE,VEGETABLES,00,,NEW HAMPSHIRE,ALL CLASSES,,ANNUAL,ALL UTILIZATION PRACTICES,,,"SWEET CORN, IRRIGATED - YIELD, MEASURED IN CWT / ACRE",NH,2018-02-01 00:00:00.000,(D),CWT / ACRE,,STATE,00000000,,00,IRRIGATED,33,CROPS,2018,"IRRIGATION METHOD, PRIMARY",CENSUS,                 (D),SWEET CORN
UNITED STATES,,,9000,"IRRIGATION METHOD, PRIMARY: (PRESSURE, SPRINKLER)",YIELD,,33,,YEAR,NEW HAMPSHIRE,VEGETABLES,00,,NEW HAMPSHIRE,ALL CLASSES,,ANNUAL,ALL UTILIZATION PRACTICES,,,"SWEET CORN, IRRIGATED - YIELD, MEASURED IN CWT / ACRE",NH,2012-12-31 00:00:00.000,,CWT / ACRE,,STATE,00000000,,00,IRRIGATED,33,CROPS,2013,"IRRIGATION METHOD, PRIMARY",CENSUS,170,SWEET CORN
UNITED STATES,,,9000,NOT SPECIFIED,YIELD,,33,,YEAR,NEW HAMPSHIRE,VEGETABLES,00,,NEW HAMPSHIRE,ALL CLASSES,,ANNUAL,ALL UTILIZATION PRACTICES,,,"SWEET CORN, IRRIGATED - YIELD, MEASURED IN CWT / ACRE",NH,2018-02-01 00:00:00.000,30.5,CWT / ACRE,,STATE,00000000,,00,IRRIGATED,33,CROPS,2018,TOTAL,CENSUS,251,SWEET CORN
UNITED STATES,,,9000,NOT SPECIFIED,YIELD,,33,,YEAR,NEW HAMPSHIRE,VEGETABLES,00,,NEW HAMPSHIRE,ALL CLASSES,,ANNUAL,ALL UTILIZATION PRACTICES,,,"SWEET CORN, IRRIGATED - YIELD, MEASURED IN CWT / ACRE",NH,2012-12-31 00:00:00.000,,CWT / ACRE,,STATE,00000000,,00,IRRIGATED,33,CROPS,2013,TOTAL,CENSUS,169,SWEET CORN
UNITED STATES,,,9000,IRRIGATION STATUS: (ANY ON OPERATION),YIELD,,33,,YEAR,NEW HAMPSHIRE,VEGETABLES,00,,NEW HAMPSHIRE,ALL CLASSES,,ANNUAL,ALL UTILIZATION PRACTICES,,,"SWEET CORN, NON-IRRIGATED - YIELD, MEASURED IN CWT / ACRE",NH,2012-12-31 00:00:00.000,,CWT / ACRE,,STATE,00000000,,00,NON-IRRIGATED,33,CROPS,2013,IRRIGATION STATUS,CENSUS,342,SWEET CORN
UNITED STATES,,,9000,"IRRIGATION METHOD, PRIMARY: (GRAVITY)",YIELD,,33,,YEAR,NEW HAMPSHIRE,VEGETABLES,00,,NEW HAMPSHIRE,ALL CLASSES,,ANNUAL,ALL UTILIZATION PRACTICES,,,"TOMATOES, IN THE OPEN, IRRIGATED - YIELD, MEASURED IN CWT / ACRE",NH,2012-12-31 00:00:00.000,,CWT / ACRE,,STATE,00000000,,00,"IN THE OPEN, IRRIGATED",33,CROPS,2013,"IRRIGATION METHOD, PRIMARY",CENSUS,444,TOMATOES
UNITED STATES,,,9000,"IRRIGATION METHOD, PRIMARY: (PRESSURE, LOW FLOW (DRIP OR MICRO SPRINKLER))",YIELD,,33,,YEAR,NEW HAMPSHIRE,VEGETABLES,00,,NEW HAMPSHIRE,ALL CLASSES,,ANNUAL,ALL UTILIZATION PRACTICES,,,"TOMATOES, IN THE OPEN, IRRIGATED - YIELD, MEASURED IN CWT / ACRE",NH,2018-02-01 00:00:00.000,(D),CWT / ACRE,,STATE,00000000,,00,"IN THE OPEN, IRRIGATED",33,CROPS,2018,"IRRIGATION METHOD, PRIMARY",CENSUS,                 (D),TOMATOES
UNITED STATES,,,9000,"IRRIGATION METHOD, PRIMARY: (PRESSURE, LOW FLOW (DRIP OR MICRO SPRINKLER))",YIELD,,33,,YEAR,NEW HAMPSHIRE,VEGETABLES,00,,NEW HAMPSHIRE,ALL CLASSES,,ANNUAL,ALL UTILIZATION PRACTICES,,,"TOMATOES, IN THE OPEN, IRRIGATED - YIELD, MEASURED IN CWT / ACRE",NH,2012-12-31 00:00:00.000,,CWT / ACRE,,STATE,00000000,,00,"IN THE OPEN, IRRIGATED",33,CROPS,2013,"IRRIGATION METHOD, PRIMARY",CENSUS,445,TOMATOES
UNITED STATES,,,9000,"IRRIGATION METHOD, PRIMARY: (PRESSURE, SPRINKLER)",YIELD,,33,,YEAR,NEW HAMPSHIRE,VEGETABLES,00,,NEW HAMPSHIRE,ALL CLASSES,,ANNUAL,ALL UTILIZATION PRACTICES,,,"TOMATOES, IN THE OPEN, IRRIGATED - YIELD, MEASURED IN CWT / ACRE",NH,2018-02-01 00:00:00.000,(D),CWT / ACRE,,STATE,00000000,,00,"IN THE OPEN, IRRIGATED",33,CROPS,2018,"IRRIGATION METHOD, PRIMARY",CENSUS,                 (D),TOMATOES
UNITED STATES,,,9000,"IRRIGATION METHOD, PRIMARY: (PRESSURE, SPRINKLER)",YIELD,,33,,YEAR,NEW HAMPSHIRE,VEGETABLES,00,,NEW HAMPSHIRE,ALL CLASSES,,ANNUAL,ALL UTILIZATION PRACTICES,,,"TOMATOES, IN THE OPEN, IRRIGATED - YIELD, MEASURED IN CWT / ACRE",NH,2012-12-31 00:00:00.000,,CWT / ACRE,,STATE,00000000,,00,"IN THE OPEN, IRRIGATED",33,CROPS,2013,"IRRIGATION METHOD, PRIMARY",CENSUS,367,TOMATOES
UNITED STATES,,,9000,NOT SPECIFIED,YIELD,,33,,YEAR,NEW HAMPSHIRE,VEGETABLES,00,,NEW HAMPSHIRE,ALL CLASSES,,ANNUAL,ALL UTILIZATION PRACTICES,,,"TOMATOES, IN THE OPEN, IRRIGATED - YIELD, MEASURED IN CWT / ACRE",NH,2018-02-01 00:00:00.000,58.0,CWT / ACRE,,STATE,00000000,,00,"IN THE OPEN, IRRIGATED",33,CROPS,2018,TOTAL,CENSUS,124,TOMATOES
UNITED STATES,,,9000,NOT SPECIFIED,YIELD,,33,,YEAR,NEW HAMPSHIRE,VEGETABLES,00,,NEW HAMPSHIRE,ALL CLASSES,,ANNUAL,ALL UTILIZATION PRACTICES,,,"TOMATOES, IN THE OPEN, IRRIGATED - YIELD, MEASURED IN CWT / ACRE",NH,2012-12-31 00:00:00.000,,CWT / ACRE,,STATE,00000000,,00,"IN THE OPEN, IRRIGATED",33,CROPS,2013,TOTAL,CENSUS,433,TOMATOES
UNITED STATES,,,9000,IRRIGATION STATUS: (ANY ON OPERATION),YIELD,,33,,YEAR,NEW HAMPSHIRE,VEGETABLES,00,,NEW HAMPSHIRE,ALL CLASSES,,ANNUAL,ALL UTILIZATION PRACTICES,,,"TOMATOES, IN THE OPEN, NON-IRRIGATED - YIELD, MEASURED IN CWT / ACRE",NH,2012-12-31 00:00:00.000,,CWT / ACRE,,STATE,00000000,,00,"IN THE OPEN, NON-IRRIGATED",33,CROPS,2013,IRRIGATION STATUS,CENSUS,28,TOMATOES
UNITED STATES,,,9000,NOT SPECIFIED,YIELD,,33,,YEAR,NEW HAMPSHIRE,FIELD CROPS,00,,NEW HAMPSHIRE,ALL CLASSES,,ANNUAL,ALL UTILIZATION PRACTICES,,,"BARLEY - YIELD, MEASURED IN BU / ACRE",NH,2012-01-01 00:00:00.000,,BU / ACRE,,STATE,00000000,,00,ALL PRODUCTION PRACTICES,33,CROPS,1918,TOTAL,SURVEY,24.5,BARLEY
UNITED STATES,,,9000,NOT SPECIFIED,YIELD,,33,,YEAR,NEW HAMPSHIRE,FIELD CROPS,00,,NEW HAMPSHIRE,ALL CLASSES,,ANNUAL,ALL UTILIZATION PRACTICES,,,"BARLEY - YIELD, MEASURED IN BU / ACRE",NH,2012-01-01 00:00:00.000,,BU / ACRE,,STATE,00000000,,00,ALL PRODUCTION PRACTICES,33,CROPS,1917,TOTAL,SURVEY,26,BARLEY
UNITED STATES,,,9000,NOT SPECIFIED,YIELD,,33,,YEAR,NEW HAMPSHIRE,FIELD CROPS,00,,NEW HAMPSHIRE,ALL CLASSES,,ANNUAL,ALL UTILIZATION PRACTICES,,,"BARLEY - YIELD, MEASURED IN BU / ACRE",NH,2012-01-01 00:00:00.000,,BU / ACRE,,STATE,00000000,,00,ALL PRODUCTION PRACTICES,33,CROPS,1916,TOTAL,SURVEY,25.5,BARLEY
UNITED STATES,,,9000,NOT SPECIFIED,YIELD,,33,,YEAR,NEW HAMPSHIRE,FIELD CROPS,00,,NEW HAMPSHIRE,ALL CLASSES,,ANNUAL,ALL UTILIZATION PRACTICES,,,"BARLEY - YIELD, MEASURED IN BU / ACRE",NH,2012-01-01 00:00:00.000,,BU / ACRE,,STATE,00000000,,00,ALL PRODUCTION PRACTICES,33,CROPS,1915,TOTAL,SURVEY,24.5,BARLEY
UNITED STATES,,,9000,NOT SPECIFIED,YIELD,,33,,YEAR,NEW HAMPSHIRE,FIELD CROPS,00,,NEW HAMPSHIRE,ALL CLASSES,,ANNUAL,ALL UTILIZATION PRACTICES,,,"BARLEY - YIELD, MEASURED IN BU / ACRE",NH,2012-01-01 00:00:00.000,,BU / ACRE,,STATE,00000000,,00,ALL PRODUCTION PRACTICES,33,CROPS,1914,TOTAL,SURVEY,25,BARLEY
UNITED STATES,,,9000,NOT SPECIFIED,YIELD,,33,,YEAR,NEW HAMPSHIRE,FIELD CROPS,00,,NEW HAMPSHIRE,ALL CLASSES,,ANNUAL,ALL UTILIZATION PRACTICES,,,"BARLEY - YIELD, MEASURED IN BU / ACRE",NH,2012-01-01 00:00:00.000,,BU / ACRE,,STATE,00000000,,00,ALL PRODUCTION PRACTICES,33,CROPS,1913,TOTAL,SURVEY,25,BARLEY
UNITED STATES,,,9000,NOT SPECIFIED,YIELD,,33,,YEAR,NEW HAMPSHIRE,FIELD CROPS,00,,NEW HAMPSHIRE,ALL CLASSES,,ANNUAL,ALL UTILIZATION PRACTICES,,,"BARLEY - YIELD, MEASURED IN BU / ACRE",NH,2012-01-01 00:00:00.000,,BU / ACRE,,STATE,00000000,,00,ALL PRODUCTION PRACTICES,33,CROPS,1912,TOTAL,SURVEY,23.5,BARLEY
UNITED STATES,,,9000,NOT SPECIFIED,YIELD,,33,,YEAR,NEW HAMPSHIRE,FIELD CROPS,00,,NEW HAMPSHIRE,ALL CLASSES,,ANNUAL,ALL UTILIZATION PRACTICES,,,"BARLEY - YIELD, MEASURED IN BU / ACRE",NH,2012-01-01 00:00:00.000,,BU / ACRE,,STATE,00000000,,00,ALL PRODUCTION PRACTICES,33,CROPS,1911,TOTAL,SURVEY,23.5,BARLEY
UNITED STATES,,,9000,NOT SPECIFIED,YIELD,,33,,YEAR,NEW HAMPSHIRE,FIELD CROPS,00,,NEW HAMPSHIRE,ALL CLASSES,,ANNUAL,ALL UTILIZATION PRACTICES,,,"BARLEY - YIELD, MEASURED IN BU / ACRE",NH,2012-01-01 00:00:00.000,,BU / ACRE,,STATE,00000000,,00,ALL PRODUCTION PRACTICES,33,CROPS,1910,TOTAL,SURVEY,26.5,BARLEY
UNITED STATES,,,9000,NOT SPECIFIED,YIELD,,33,,YEAR,NEW HAMPSHIRE,FIELD CROPS,00,,NEW HAMPSHIRE,ALL CLASSES,,ANNUAL,ALL UTILIZATION PRACTICES,,,"BARLEY - YIELD, MEASURED IN BU / ACRE",NH,2012-01-01 00:00:00.000,,BU / ACRE,,STATE,00000000,,00,ALL PRODUCTION PRACTICES,33,CROPS,1909,TOTAL,SURVEY,24.5,BARLEY
UNITED STATES,,,9000,NOT SPECIFIED,YIELD,,33,,YEAR,NEW HAMPSHIRE,FIELD CROPS,00,,NEW HAMPSHIRE,ALL CLASSES,,ANNUAL,ALL UTILIZATION PRACTICES,,,"BARLEY - YIELD, MEASURED IN BU / ACRE",NH,2012-01-01 00:00:00.000,,BU / ACRE,,STATE,00000000,,00,ALL PRODUCTION PRACTICES,33,CROPS,1908,TOTAL,SURVEY,25,BARLEY
UNITED STATES,,,9000,NOT SPECIFIED,YIELD,,33,,YEAR,NEW HAMPSHIRE,FIELD CROPS,00,,NEW HAMPSHIRE,ALL CLASSES,,ANNUAL,ALL UTILIZATION PRACTICES,,,"BARLEY - YIELD, MEASURED IN BU / ACRE",NH,2012-01-01 00:00:00.000,,BU / ACRE,,STATE,00000000,,00,ALL PRODUCTION PRACTICES,33,CROPS,1907,TOTAL,SURVEY,25.5,BARLEY
UNITED STATES,,,9000,NOT SPECIFIED,YIELD,,33,,YEAR,NEW HAMPSHIRE,FIELD CROPS,00,,NEW HAMPSHIRE,ALL CLASSES,,ANNUAL,ALL UTILIZATION PRACTICES,,,"BARLEY - YIELD, MEASURED IN BU / ACRE",NH,2012-01-01 00:00:00.000,,BU / ACRE,,STATE,00000000,,00,ALL PRODUCTION PRACTICES,33,CROPS,1906,TOTAL,SURVEY,27.5,BARLEY
UNITED STATES,,,9000,NOT SPECIFIED,YIELD,,33,,YEAR,NEW HAMPSHIRE,FIELD CROPS,00,,NEW HAMPSHIRE,ALL CLASSES,,ANNUAL,ALL UTILIZATION PRACTICES,,,"BARLEY - YIELD, MEASURED IN BU / ACRE",NH,2012-01-01 00:00:00.000,,BU / ACRE,,STATE,00000000,,00,ALL PRODUCTION PRACTICES,33,CROPS,1905,TOTAL,SURVEY,28,BARLEY
UNITED STATES,,,9000,NOT SPECIFIED,YIELD,,33,,YEAR,NEW HAMPSHIRE,FIELD CROPS,00,,NEW HAMPSHIRE,ALL CLASSES,,ANNUAL,ALL UTILIZATION PRACTICES,,,"BARLEY - YIELD, MEASURED IN BU / ACRE",NH,2012-01-01 00:00:00.000,,BU / ACRE,,STATE,00000000,,00,ALL PRODUCTION PRACTICES,33,CROPS,1904,TOTAL,SURVEY,27.5,BARLEY
UNITED STATES,,,9000,NOT SPECIFIED,YIELD,,33,,YEAR,NEW HAMPSHIRE,FIELD CROPS,00,,NEW HAMPSHIRE,ALL CLASSES,,ANNUAL,ALL UTILIZATION PRACTICES,,,"BARLEY - YIELD, MEASURED IN BU / ACRE",NH,2012-01-01 00:00:00.000,,BU / ACRE,,STATE,00000000,,00,ALL PRODUCTION PRACTICES,33,CROPS,1903,TOTAL,SURVEY,27,BARLEY
UNITED STATES,,,9000,NOT SPECIFIED,YIELD,,33,,YEAR,NEW HAMPSHIRE,FIELD CROPS,00,,NEW HAMPSHIRE,ALL CLASSES,,ANNUAL,ALL UTILIZATION PRACTICES,,,"BARLEY - YIELD, MEASURED IN BU / ACRE",NH,2012-01-01 00:00:00.000,,BU / ACRE,,STATE,00000000,,00,ALL PRODUCTION PRACTICES,33,CROPS,1902,TOTAL,SURVEY,29,BARLEY
UNITED STATES,,,9000,NOT SPECIFIED,YIELD,,33,,YEAR,NEW HAMPSHIRE,FIELD CROPS,00,,NEW HAMPSHIRE,ALL CLASSES,,ANNUAL,ALL UTILIZATION PRACTICES,,,"BARLEY - YIELD, MEASURED IN BU / ACRE",NH,2012-01-01 00:00:00.000,,BU / ACRE,,STATE,00000000,,00,ALL PRODUCTION PRACTICES,33,CROPS,1901,TOTAL,SURVEY,30,BARLEY
UNITED STATES,,,9000,NOT SPECIFIED,YIELD,,33,,YEAR,NEW HAMPSHIRE,FIELD CROPS,00,,NEW HAMPSHIRE,ALL CLASSES,,ANNUAL,ALL UTILIZATION PRACTICES,,,"BARLEY - YIELD, MEASURED IN BU / ACRE",NH,2012-01-01 00:00:00.000,,BU / ACRE,,STATE,00000000,,00,ALL PRODUCTION PRACTICES,33,CROPS,1900,TOTAL,SURVEY,30,BARLEY
UNITED STATES,,,9000,NOT SPECIFIED,YIELD,,33,,YEAR,NEW HAMPSHIRE,FIELD CROPS,00,,NEW HAMPSHIRE,ALL CLASSES,,ANNUAL,ALL UTILIZATION PRACTICES,,,"BARLEY - YIELD, MEASURED IN BU / ACRE",NH,2012-01-01 00:00:00.000,,BU / ACRE,,STATE,00000000,,00,ALL PRODUCTION PRACTICES,33,CROPS,1899,TOTAL,SURVEY,29.2,BARLEY
UNITED STATES,,,9000,NOT SPECIFIED,YIELD,,33,,YEAR,NEW HAMPSHIRE,FIELD CROPS,00,,NEW HAMPSHIRE,ALL CLASSES,,ANNUAL,ALL UTILIZATION PRACTICES,,,"BARLEY - YIELD, MEASURED IN BU / ACRE",NH,2012-01-01 00:00:00.000,,BU / ACRE,,STATE,00000000,,00,ALL PRODUCTION PRACTICES,33,CROPS,1898,TOTAL,SURVEY,30,BARLEY
UNITED STATES,,,9000,NOT SPECIFIED,YIELD,,33,,YEAR,NEW HAMPSHIRE,FIELD CROPS,00,,NEW HAMPSHIRE,ALL CLASSES,,ANNUAL,ALL UTILIZATION PRACTICES,,,"BARLEY - YIELD, MEASURED IN BU / ACRE",NH,2012-01-01 00:00:00.000,,BU / ACRE,,STATE,00000000,,00,ALL PRODUCTION PRACTICES,33,CROPS,1897,TOTAL,SURVEY,27.5,BARLEY
UNITED STATES,,,9000,NOT SPECIFIED,YIELD,,33,,YEAR,NEW HAMPSHIRE,FIELD CROPS,00,,NEW HAMPSHIRE,ALL CLASSES,,ANNUAL,ALL UTILIZATION PRACTICES,,,"BARLEY - YIELD, MEASURED IN BU / ACRE",NH,2012-01-01 00:00:00.000,,BU / ACRE,,STATE,00000000,,00,ALL PRODUCTION PRACTICES,33,CROPS,1896,TOTAL,SURVEY,28.5,BARLEY
UNITED STATES,,,9000,NOT SPECIFIED,YIELD,,33,,YEAR,NEW HAMPSHIRE,FIELD CROPS,00,,NEW HAMPSHIRE,ALL CLASSES,,ANNUAL,ALL UTILIZATION PRACTICES,,,"BARLEY - YIELD, MEASURED IN BU / ACRE",NH,2012-01-01 00:00:00.000,,BU / ACRE,,STATE,00000000,,00,ALL PRODUCTION PRACTICES,33,CROPS,1895,TOTAL,SURVEY,28.5,BARLEY
UNITED STATES,,,9000,NOT SPECIFIED,YIELD,,33,,YEAR,NEW HAMPSHIRE,FIELD CROPS,00,,NEW HAMPSHIRE,ALL CLASSES,,ANNUAL,ALL UTILIZATION PRACTICES,,,"BARLEY - YIELD, MEASURED IN BU / ACRE",NH,2012-01-01 00:00:00.000,,BU / ACRE,,STATE,00000000,,00,ALL PRODUCTION PRACTICES,33,CROPS,1894,TOTAL,SURVEY,26.5,BARLEY
UNITED STATES,,,9000,NOT SPECIFIED,YIELD,,33,,YEAR,NEW HAMPSHIRE,FIELD CROPS,00,,NEW HAMPSHIRE,ALL CLASSES,,ANNUAL,ALL UTILIZATION PRACTICES,,,"BARLEY - YIELD, MEASURED IN BU / ACRE",NH,2012-01-01 00:00:00.000,,BU / ACRE,,STATE,00000000,,00,ALL PRODUCTION PRACTICES,33,CROPS,1893,TOTAL,SURVEY,25.5,BARLEY
UNITED STATES,,,9000,NOT SPECIFIED,YIELD,,33,,YEAR,NEW HAMPSHIRE,FIELD CROPS,00,,NEW HAMPSHIRE,ALL CLASSES,,ANNUAL,ALL UTILIZATION PRACTICES,,,"BARLEY - YIELD, MEASURED IN BU / ACRE",NH,2012-01-01 00:00:00.000,,BU / ACRE,,STATE,00000000,,00,ALL PRODUCTION PRACTICES,33,CROPS,1892,TOTAL,SURVEY,25,BARLEY
UNITED STATES,,,9000,NOT SPECIFIED,YIELD,,33,,YEAR,NEW HAMPSHIRE,FIELD CROPS,00,,NEW HAMPSHIRE,ALL CLASSES,,ANNUAL,ALL UTILIZATION PRACTICES,,,"BARLEY - YIELD, MEASURED IN BU / ACRE",NH,2012-01-01 00:00:00.000,,BU / ACRE,,STATE,00000000,,00,ALL PRODUCTION PRACTICES,33,CROPS,1891,TOTAL,SURVEY,25.5,BARLEY
UNITED STATES,,,9000,NOT SPECIFIED,YIELD,,33,,YEAR,NEW HAMPSHIRE,FIELD CROPS,00,,NEW HAMPSHIRE,ALL CLASSES,,ANNUAL,ALL UTILIZATION PRACTICES,,,"BARLEY - YIELD, MEASURED IN BU / ACRE",NH,2012-01-01 00:00:00.000,,BU / ACRE,,STATE,00000000,,00,ALL PRODUCTION PRACTICES,33,CROPS,1890,TOTAL,SURVEY,20,BARLEY
UNITED STATES,,,9000,NOT SPECIFIED,YIELD,,33,,YEAR,NEW HAMPSHIRE,FIELD CROPS,00,,NEW HAMPSHIRE,ALL CLASSES,,ANNUAL,ALL UTILIZATION PRACTICES,,,"BARLEY - YIELD, MEASURED IN BU / ACRE",NH,2012-01-01 00:00:00.000,,BU / ACRE,,STATE,00000000,,00,ALL PRODUCTION PRACTICES,33,CROPS,1889,TOTAL,SURVEY,22.8,BARLEY
UNITED STATES,,,9000,NOT SPECIFIED,YIELD,,33,,YEAR,NEW HAMPSHIRE,FIELD CROPS,00,,NEW HAMPSHIRE,ALL CLASSES,,ANNUAL,ALL UTILIZATION PRACTICES,,,"BARLEY - YIELD, MEASURED IN BU / ACRE",NH,2012-01-01 00:00:00.000,,BU / ACRE,,STATE,00000000,,00,ALL PRODUCTION PRACTICES,33,CROPS,1888,TOTAL,SURVEY,23,BARLEY
UNITED STATES,,,9000,NOT SPECIFIED,YIELD,,33,,YEAR,NEW HAMPSHIRE,FIELD CROPS,00,,NEW HAMPSHIRE,ALL CLASSES,,ANNUAL,ALL UTILIZATION PRACTICES,,,"BARLEY - YIELD, MEASURED IN BU / ACRE",NH,2012-01-01 00:00:00.000,,BU / ACRE,,STATE,00000000,,00,ALL PRODUCTION PRACTICES,33,CROPS,1887,TOTAL,SURVEY,22,BARLEY
UNITED STATES,,,9000,NOT SPECIFIED,YIELD,,33,,YEAR,NEW HAMPSHIRE,FIELD CROPS,00,,NEW HAMPSHIRE,ALL CLASSES,,ANNUAL,ALL UTILIZATION PRACTICES,,,"BARLEY - YIELD, MEASURED IN BU / ACRE",NH,2012-01-01 00:00:00.000,,BU / ACRE,,STATE,00000000,,00,ALL PRODUCTION PRACTICES,33,CROPS,1886,TOTAL,SURVEY,23.5,BARLEY
UNITED STATES,,,9000,NOT SPECIFIED,YIELD,,33,,YEAR,NEW HAMPSHIRE,FIELD CROPS,00,,NEW HAMPSHIRE,ALL CLASSES,,ANNUAL,ALL UTILIZATION PRACTICES,,,"BARLEY - YIELD, MEASURED IN BU / ACRE",NH,2012-01-01 00:00:00.000,,BU / ACRE,,STATE,00000000,,00,ALL PRODUCTION PRACTICES,33,CROPS,1885,TOTAL,SURVEY,24,BARLEY
UNITED STATES,,,9000,NOT SPECIFIED,YIELD,,33,,YEAR,NEW HAMPSHIRE,FIELD CROPS,00,,NEW HAMPSHIRE,ALL CLASSES,,ANNUAL,ALL UTILIZATION PRACTICES,,,"BARLEY - YIELD, MEASURED IN BU / ACRE",NH,2012-01-01 00:00:00.000,,BU / ACRE,,STATE,00000000,,00,ALL PRODUCTION PRACTICES,33,CROPS,1884,TOTAL,SURVEY,21,BARLEY
UNITED STATES,,,9000,NOT SPECIFIED,YIELD,,33,,YEAR,NEW HAMPSHIRE,FIELD CROPS,00,,NEW HAMPSHIRE,ALL CLASSES,,ANNUAL,ALL UTILIZATION PRACTICES,,,"BARLEY - YIELD, MEASURED IN BU / ACRE",NH,2012-01-01 00:00:00.000,,BU / ACRE,,STATE,00000000,,00,ALL PRODUCTION PRACTICES,33,CROPS,1883,TOTAL,SURVEY,23,BARLEY
UNITED STATES,,,9000,NOT SPECIFIED,YIELD,,33,,YEAR,NEW HAMPSHIRE,FIELD CROPS,00,,NEW HAMPSHIRE,ALL CLASSES,,ANNUAL,ALL UTILIZATION PRACTICES,,,"BARLEY - YIELD, MEASURED IN BU / ACRE",NH,2012-01-01 00:00:00.000,,BU / ACRE,,STATE,00000000,,00,ALL PRODUCTION PRACTICES,33,CROPS,1882,TOTAL,SURVEY,21,BARLEY
UNITED STATES,,,9000,NOT SPECIFIED,YIELD,,33,,YEAR,NEW HAMPSHIRE,FIELD CROPS,00,,NEW HAMPSHIRE,ALL CLASSES,,ANNUAL,ALL UTILIZATION PRACTICES,,,"BARLEY - YIELD, MEASURED IN BU / ACRE",NH,2012-01-01 00:00:00.000,,BU / ACRE,,STATE,00000000,,00,ALL PRODUCTION PRACTICES,33,CROPS,1881,TOTAL,SURVEY,22.5,BARLEY
UNITED STATES,,,9000,NOT SPECIFIED,YIELD,,33,,YEAR,NEW HAMPSHIRE,FIELD CROPS,00,,NEW HAMPSHIRE,ALL CLASSES,,ANNUAL,ALL UTILIZATION PRACTICES,,,"BARLEY - YIELD, MEASURED IN BU / ACRE",NH,2012-01-01 00:00:00.000,,BU / ACRE,,STATE,00000000,,00,ALL PRODUCTION PRACTICES,33,CROPS,1880,TOTAL,SURVEY,23,BARLEY
UNITED STATES,,,9000,NOT SPECIFIED,YIELD,,33,,YEAR,NEW HAMPSHIRE,FIELD CROPS,00,,NEW HAMPSHIRE,ALL CLASSES,,ANNUAL,ALL UTILIZATION PRACTICES,,,"BARLEY - YIELD, MEASURED IN BU / ACRE",NH,2012-01-01 00:00:00.000,,BU / ACRE,,STATE,00000000,,00,ALL PRODUCTION PRACTICES,33,CROPS,1879,TOTAL,SURVEY,22.5,BARLEY
UNITED STATES,,,9000,NOT SPECIFIED,YIELD,,33,,YEAR,NEW HAMPSHIRE,FIELD CROPS,00,,NEW HAMPSHIRE,ALL CLASSES,,ANNUAL,ALL UTILIZATION PRACTICES,,,"BARLEY - YIELD, MEASURED IN BU / ACRE",NH,2012-01-01 00:00:00.000,,BU / ACRE,,STATE,00000000,,00,ALL PRODUCTION PRACTICES,33,CROPS,1878,TOTAL,SURVEY,21,BARLEY
UNITED STATES,,,9000,NOT SPECIFIED,YIELD,,33,,YEAR,NEW HAMPSHIRE,FIELD CROPS,00,,NEW HAMPSHIRE,ALL CLASSES,,ANNUAL,ALL UTILIZATION PRACTICES,,,"BARLEY - YIELD, MEASURED IN BU / ACRE",NH,2012-01-01 00:00:00.000,,BU / ACRE,,STATE,00000000,,00,ALL PRODUCTION PRACTICES,33,CROPS,1877,TOTAL,SURVEY,23.5,BARLEY
UNITED STATES,,,9000,NOT SPECIFIED,YIELD,,33,,YEAR,NEW HAMPSHIRE,FIELD CROPS,00,,NEW HAMPSHIRE,ALL CLASSES,,ANNUAL,ALL UTILIZATION PRACTICES,,,"BARLEY - YIELD, MEASURED IN BU / ACRE",NH,2012-01-01 00:00:00.000,,BU / ACRE,,STATE,00000000,,00,ALL PRODUCTION PRACTICES,33,CROPS,1876,TOTAL,SURVEY,22,BARLEY
UNITED STATES,,,9000,NOT SPECIFIED,YIELD,,33,,YEAR,NEW HAMPSHIRE,FIELD CROPS,00,,NEW HAMPSHIRE,ALL CLASSES,,ANNUAL,ALL UTILIZATION PRACTICES,,,"BARLEY - YIELD, MEASURED IN BU / ACRE",NH,2012-01-01 00:00:00.000,,BU / ACRE,,STATE,00000000,,00,ALL PRODUCTION PRACTICES,33,CROPS,1875,TOTAL,SURVEY,22.5,BARLEY
UNITED STATES,,,9000,NOT SPECIFIED,YIELD,,33,,YEAR,NEW HAMPSHIRE,FIELD CROPS,00,,NEW HAMPSHIRE,ALL CLASSES,,ANNUAL,ALL UTILIZATION PRACTICES,,,"BARLEY - YIELD, MEASURED IN BU / ACRE",NH,2012-01-01 00:00:00.000,,BU / ACRE,,STATE,00000000,,00,ALL PRODUCTION PRACTICES,33,CROPS,1874,TOTAL,SURVEY,23,BARLEY
UNITED STATES,,,9000,NOT SPECIFIED,YIELD,,33,,YEAR,NEW HAMPSHIRE,FIELD CROPS,00,,NEW HAMPSHIRE,ALL CLASSES,,ANNUAL,ALL UTILIZATION PRACTICES,,,"BARLEY - YIELD, MEASURED IN BU / ACRE",NH,2012-01-01 00:00:00.000,,BU / ACRE,,STATE,00000000,,00,ALL PRODUCTION PRACTICES,33,CROPS,1873,TOTAL,SURVEY,19.5,BARLEY
UNITED STATES,,,9000,NOT SPECIFIED,YIELD,,33,,YEAR,NEW HAMPSHIRE,FIELD CROPS,00,,NEW HAMPSHIRE,ALL CLASSES,,ANNUAL,ALL UTILIZATION PRACTICES,,,"BARLEY - YIELD, MEASURED IN BU / ACRE",NH,2012-01-01 00:00:00.000,,BU / ACRE,,STATE,00000000,,00,ALL PRODUCTION PRACTICES,33,CROPS,1872,TOTAL,SURVEY,21,BARLEY
UNITED STATES,,,9000,NOT SPECIFIED,YIELD,,33,,YEAR,NEW HAMPSHIRE,FIELD CROPS,00,,NEW HAMPSHIRE,ALL CLASSES,,ANNUAL,ALL UTILIZATION PRACTICES,,,"BARLEY - YIELD, MEASURED IN BU / ACRE",NH,2012-01-01 00:00:00.000,,BU / ACRE,,STATE,00000000,,00,ALL PRODUCTION PRACTICES,33,CROPS,1871,TOTAL,SURVEY,23,BARLEY
UNITED STATES,,,9000,NOT SPECIFIED,YIELD,,33,,YEAR,NEW HAMPSHIRE,FIELD CROPS,00,,NEW HAMPSHIRE,ALL CLASSES,,ANNUAL,ALL UTILIZATION PRACTICES,,,"BARLEY - YIELD, MEASURED IN BU / ACRE",NH,2012-01-01 00:00:00.000,,BU / ACRE,,STATE,00000000,,00,ALL PRODUCTION PRACTICES,33,CROPS,1870,TOTAL,SURVEY,19.5,BARLEY
UNITED STATES,,,9000,NOT SPECIFIED,YIELD,,33,,YEAR,NEW HAMPSHIRE,FIELD CROPS,00,,NEW HAMPSHIRE,ALL CLASSES,,ANNUAL,ALL UTILIZATION PRACTICES,,,"BARLEY - YIELD, MEASURED IN BU / ACRE",NH,2012-01-01 00:00:00.000,,BU / ACRE,,STATE,00000000,,00,ALL PRODUCTION PRACTICES,33,CROPS,1869,TOTAL,SURVEY,26.5,BARLEY
UNITED STATES,,,9000,NOT SPECIFIED,YIELD,,33,,YEAR,NEW HAMPSHIRE,FIELD CROPS,00,,NEW HAMPSHIRE,ALL CLASSES,,ANNUAL,ALL UTILIZATION PRACTICES,,,"BARLEY - YIELD, MEASURED IN BU / ACRE",NH,2012-01-01 00:00:00.000,,BU / ACRE,,STATE,00000000,,00,ALL PRODUCTION PRACTICES,33,CROPS,1868,TOTAL,SURVEY,20.5,BARLEY
UNITED STATES,,,9000,NOT SPECIFIED,YIELD,,33,,YEAR,NEW HAMPSHIRE,FIELD CROPS,00,,NEW HAMPSHIRE,ALL CLASSES,,ANNUAL,ALL UTILIZATION PRACTICES,,,"BARLEY - YIELD, MEASURED IN BU / ACRE",NH,2012-01-01 00:00:00.000,,BU / ACRE,,STATE,00000000,,00,ALL PRODUCTION PRACTICES,33,CROPS,1867,TOTAL,SURVEY,21.5,BARLEY
UNITED STATES,,,9000,NOT SPECIFIED,YIELD,,33,,YEAR,NEW HAMPSHIRE,FIELD CROPS,00,,NEW HAMPSHIRE,ALL CLASSES,,ANNUAL,ALL UTILIZATION PRACTICES,,,"BARLEY - YIELD, MEASURED IN BU / ACRE",NH,2012-01-01 00:00:00.000,,BU / ACRE,,STATE,00000000,,00,ALL PRODUCTION PRACTICES,33,CROPS,1866,TOTAL,SURVEY,22,BARLEY
UNITED STATES,,,9000,NOT SPECIFIED,YIELD,,33,,YEAR,NEW HAMPSHIRE,FIELD CROPS,00,,NEW HAMPSHIRE,ALL CLASSES,,ANNUAL,GRAIN,,,"CORN, GRAIN - YIELD, MEASURED IN BU / ACRE",NH,2012-01-01 00:00:00.000,,BU / ACRE,,STATE,00000000,,00,ALL PRODUCTION PRACTICES,33,CROPS,1955,TOTAL,SURVEY,51,CORN
UNITED STATES,,,9000,NOT SPECIFIED,YIELD,,33,,YEAR,NEW HAMPSHIRE,FIELD CROPS,00,,NEW HAMPSHIRE,ALL CLASSES,,ANNUAL,GRAIN,,,"CORN, GRAIN - YIELD, MEASURED IN BU / ACRE",NH,2012-01-01 00:00:00.000,,BU / ACRE,,STATE,00000000,,00,ALL PRODUCTION PRACTICES,33,CROPS,1954,TOTAL,SURVEY,46,CORN
UNITED STATES,,,9000,NOT SPECIFIED,YIELD,,33,,YEAR,NEW HAMPSHIRE,FIELD CROPS,00,,NEW HAMPSHIRE,ALL CLASSES,,ANNUAL,GRAIN,,,"CORN, GRAIN - YIELD, MEASURED IN BU / ACRE",NH,2012-01-01 00:00:00.000,,BU / ACRE,,STATE,00000000,,00,ALL PRODUCTION PRACTICES,33,CROPS,1953,TOTAL,SURVEY,45,CORN
UNITED STATES,,,9000,NOT SPECIFIED,YIELD,,33,,YEAR,NEW HAMPSHIRE,FIELD CROPS,00,,NEW HAMPSHIRE,ALL CLASSES,,ANNUAL,GRAIN,,,"CORN, GRAIN - YIELD, MEASURED IN BU / ACRE",NH,2012-01-01 00:00:00.000,,BU / ACRE,,STATE,00000000,,00,ALL PRODUCTION PRACTICES,33,CROPS,1952,TOTAL,SURVEY,42,CORN
UNITED STATES,,,9000,NOT SPECIFIED,YIELD,,33,,YEAR,NEW HAMPSHIRE,FIELD CROPS,00,,NEW HAMPSHIRE,ALL CLASSES,,ANNUAL,GRAIN,,,"CORN, GRAIN - YIELD, MEASURED IN BU / ACRE",NH,2012-01-01 00:00:00.000,,BU / ACRE,,STATE,00000000,,00,ALL PRODUCTION PRACTICES,33,CROPS,1951,TOTAL,SURVEY,43,CORN
UNITED STATES,,,9000,NOT SPECIFIED,YIELD,,33,,YEAR,NEW HAMPSHIRE,FIELD CROPS,00,,NEW HAMPSHIRE,ALL CLASSES,,ANNUAL,GRAIN,,,"CORN, GRAIN - YIELD, MEASURED IN BU / ACRE",NH,2012-01-01 00:00:00.000,,BU / ACRE,,STATE,00000000,,00,ALL PRODUCTION PRACTICES,33,CROPS,1950,TOTAL,SURVEY,48,CORN
UNITED STATES,,,9000,NOT SPECIFIED,YIELD,,33,,YEAR,NEW HAMPSHIRE,FIELD CROPS,00,,NEW HAMPSHIRE,ALL CLASSES,,ANNUAL,GRAIN,,,"CORN, GRAIN - YIELD, MEASURED IN BU / ACRE",NH,2012-01-01 00:00:00.000,,BU / ACRE,,STATE,00000000,,00,ALL PRODUCTION PRACTICES,33,CROPS,1949,TOTAL,SURVEY,48,CORN
UNITED STATES,,,9000,NOT SPECIFIED,YIELD,,33,,YEAR,NEW HAMPSHIRE,FIELD CROPS,00,,NEW HAMPSHIRE,ALL CLASSES,,ANNUAL,GRAIN,,,"CORN, GRAIN - YIELD, MEASURED IN BU / ACRE",NH,2012-01-01 00:00:00.000,,BU / ACRE,,STATE,00000000,,00,ALL PRODUCTION PRACTICES,33,CROPS,1948,TOTAL,SURVEY,37,CORN
UNITED STATES,,,9000,NOT SPECIFIED,YIELD,,33,,YEAR,NEW HAMPSHIRE,FIELD CROPS,00,,NEW HAMPSHIRE,ALL CLASSES,,ANNUAL,GRAIN,,,"CORN, GRAIN - YIELD, MEASURED IN BU / ACRE",NH,2012-01-01 00:00:00.000,,BU / ACRE,,STATE,00000000,,00,ALL PRODUCTION PRACTICES,33,CROPS,1947,TOTAL,SURVEY,45,CORN
UNITED STATES,,,9000,NOT SPECIFIED,YIELD,,33,,YEAR,NEW HAMPSHIRE,FIELD CROPS,00,,NEW HAMPSHIRE,ALL CLASSES,,ANNUAL,GRAIN,,,"CORN, GRAIN - YIELD, MEASURED IN BU / ACRE",NH,2012-01-01 00:00:00.000,,BU / ACRE,,STATE,00000000,,00,ALL PRODUCTION PRACTICES,33,CROPS,1946,TOTAL,SURVEY,42,CORN
UNITED STATES,,,9000,NOT SPECIFIED,YIELD,,33,,YEAR,NEW HAMPSHIRE,FIELD CROPS,00,,NEW HAMPSHIRE,ALL CLASSES,,ANNUAL,GRAIN,,,"CORN, GRAIN - YIELD, MEASURED IN BU / ACRE",NH,2012-01-01 00:00:00.000,,BU / ACRE,,STATE,00000000,,00,ALL PRODUCTION PRACTICES,33,CROPS,1945,TOTAL,SURVEY,42,CORN
UNITED STATES,,,9000,NOT SPECIFIED,YIELD,,33,,YEAR,NEW HAMPSHIRE,FIELD CROPS,00,,NEW HAMPSHIRE,ALL CLASSES,,ANNUAL,GRAIN,,,"CORN, GRAIN - YIELD, MEASURED IN BU / ACRE",NH,2012-01-01 00:00:00.000,,BU / ACRE,,STATE,00000000,,00,ALL PRODUCTION PRACTICES,33,CROPS,1944,TOTAL,SURVEY,43,CORN
UNITED STATES,,,9000,NOT SPECIFIED,YIELD,,33,,YEAR,NEW HAMPSHIRE,FIELD CROPS,00,,NEW HAMPSHIRE,ALL CLASSES,,ANNUAL,GRAIN,,,"CORN, GRAIN - YIELD, MEASURED IN BU / ACRE",NH,2012-01-01 00:00:00.000,,BU / ACRE,,STATE,00000000,,00,ALL PRODUCTION PRACTICES,33,CROPS,1943,TOTAL,SURVEY,42,CORN
UNITED STATES,,,9000,NOT SPECIFIED,YIELD,,33,,YEAR,NEW HAMPSHIRE,FIELD CROPS,00,,NEW HAMPSHIRE,ALL CLASSES,,ANNUAL,GRAIN,,,"CORN, GRAIN - YIELD, MEASURED IN BU / ACRE",NH,2012-01-01 00:00:00.000,,BU / ACRE,,STATE,00000000,,00,ALL PRODUCTION PRACTICES,33,CROPS,1942,TOTAL,SURVEY,43,CORN
UNITED STATES,,,9000,NOT SPECIFIED,YIELD,,33,,YEAR,NEW HAMPSHIRE,FIELD CROPS,00,,NEW HAMPSHIRE,ALL CLASSES,,ANNUAL,GRAIN,,,"CORN, GRAIN - YIELD, MEASURED IN BU / ACRE",NH,2012-01-01 00:00:00.000,,BU / ACRE,,STATE,00000000,,00,ALL PRODUCTION PRACTICES,33,CROPS,1941,TOTAL,SURVEY,43,CORN
UNITED STATES,,,9000,NOT SPECIFIED,YIELD,,33,,YEAR,NEW HAMPSHIRE,FIELD CROPS,00,,NEW HAMPSHIRE,ALL CLASSES,,ANNUAL,GRAIN,,,"CORN, GRAIN - YIELD, MEASURED IN BU / ACRE",NH,2012-01-01 00:00:00.000,,BU / ACRE,,STATE,00000000,,00,ALL PRODUCTION PRACTICES,33,CROPS,1940,TOTAL,SURVEY,40,CORN
UNITED STATES,,,9000,NOT SPECIFIED,YIELD,,33,,YEAR,NEW HAMPSHIRE,FIELD CROPS,00,,NEW HAMPSHIRE,ALL CLASSES,,ANNUAL,GRAIN,,,"CORN, GRAIN - YIELD, MEASURED IN BU / ACRE",NH,2012-01-01 00:00:00.000,,BU / ACRE,,STATE,00000000,,00,ALL PRODUCTION PRACTICES,33,CROPS,1939,TOTAL,SURVEY,42,CORN
UNITED STATES,,,9000,NOT SPECIFIED,YIELD,,33,,YEAR,NEW HAMPSHIRE,FIELD CROPS,00,,NEW HAMPSHIRE,ALL CLASSES,,ANNUAL,GRAIN,,,"CORN, GRAIN - YIELD, MEASURED IN BU / ACRE",NH,2012-01-01 00:00:00.000,,BU / ACRE,,STATE,00000000,,00,ALL PRODUCTION PRACTICES,33,CROPS,1938,TOTAL,SURVEY,41,CORN
UNITED STATES,,,9000,NOT SPECIFIED,YIELD,,33,,YEAR,NEW HAMPSHIRE,FIELD CROPS,00,,NEW HAMPSHIRE,ALL CLASSES,,ANNUAL,GRAIN,,,"CORN, GRAIN - YIELD, MEASURED IN BU / ACRE",NH,2012-01-01 00:00:00.000,,BU / ACRE,,STATE,00000000,,00,ALL PRODUCTION PRACTICES,33,CROPS,1937,TOTAL,SURVEY,40,CORN
UNITED STATES,,,9000,NOT SPECIFIED,YIELD,,33,,YEAR,NEW HAMPSHIRE,FIELD CROPS,00,,NEW HAMPSHIRE,ALL CLASSES,,ANNUAL,GRAIN,,,"CORN, GRAIN - YIELD, MEASURED IN BU / ACRE",NH,2012-01-01 00:00:00.000,,BU / ACRE,,STATE,00000000,,00,ALL PRODUCTION PRACTICES,33,CROPS,1936,TOTAL,SURVEY,41,CORN
UNITED STATES,,,9000,NOT SPECIFIED,YIELD,,33,,YEAR,NEW HAMPSHIRE,FIELD CROPS,00,,NEW HAMPSHIRE,ALL CLASSES,,ANNUAL,GRAIN,,,"CORN, GRAIN - YIELD, MEASURED IN BU / ACRE",NH,2012-01-01 00:00:00.000,,BU / ACRE,,STATE,00000000,,00,ALL PRODUCTION PRACTICES,33,CROPS,1935,TOTAL,SURVEY,41,CORN
UNITED STATES,,,9000,NOT SPECIFIED,YIELD,,33,,YEAR,NEW HAMPSHIRE,FIELD CROPS,00,,NEW HAMPSHIRE,ALL CLASSES,,ANNUAL,GRAIN,,,"CORN, GRAIN - YIELD, MEASURED IN BU / ACRE",NH,2012-01-01 00:00:00.000,,BU / ACRE,,STATE,00000000,,00,ALL PRODUCTION PRACTICES,33,CROPS,1934,TOTAL,SURVEY,41,CORN
UNITED STATES,,,9000,NOT SPECIFIED,YIELD,,33,,YEAR,NEW HAMPSHIRE,FIELD CROPS,00,,NEW HAMPSHIRE,ALL CLASSES,,ANNUAL,GRAIN,,,"CORN, GRAIN - YIELD, MEASURED IN BU / ACRE",NH,2012-01-01 00:00:00.000,,BU / ACRE,,STATE,00000000,,00,ALL PRODUCTION PRACTICES,33,CROPS,1933,TOTAL,SURVEY,41,CORN
UNITED STATES,,,9000,NOT SPECIFIED,YIELD,,33,,YEAR,NEW HAMPSHIRE,FIELD CROPS,00,,NEW HAMPSHIRE,ALL CLASSES,,ANNUAL,GRAIN,,,"CORN, GRAIN - YIELD, MEASURED IN BU / ACRE",NH,2012-01-01 00:00:00.000,,BU / ACRE,,STATE,00000000,,00,ALL PRODUCTION PRACTICES,33,CROPS,1932,TOTAL,SURVEY,40,CORN
UNITED STATES,,,9000,NOT SPECIFIED,YIELD,,33,,YEAR,NEW HAMPSHIRE,FIELD CROPS,00,,NEW HAMPSHIRE,ALL CLASSES,,ANNUAL,GRAIN,,,"CORN, GRAIN - YIELD, MEASURED IN BU / ACRE",NH,2012-01-01 00:00:00.000,,BU / ACRE,,STATE,00000000,,00,ALL PRODUCTION PRACTICES,33,CROPS,1931,TOTAL,SURVEY,43,CORN
UNITED STATES,,,9000,NOT SPECIFIED,YIELD,,33,,YEAR,NEW HAMPSHIRE,FIELD CROPS,00,,NEW HAMPSHIRE,ALL CLASSES,,ANNUAL,GRAIN,,,"CORN, GRAIN - YIELD, MEASURED IN BU / ACRE",NH,2012-01-01 00:00:00.000,,BU / ACRE,,STATE,00000000,,00,ALL PRODUCTION PRACTICES,33,CROPS,1930,TOTAL,SURVEY,43,CORN
UNITED STATES,,,9000,NOT SPECIFIED,YIELD,,33,,YEAR,NEW HAMPSHIRE,FIELD CROPS,00,,NEW HAMPSHIRE,ALL CLASSES,,ANNUAL,GRAIN,,,"CORN, GRAIN - YIELD, MEASURED IN BU / ACRE",NH,2012-01-01 00:00:00.000,,BU / ACRE,,STATE,00000000,,00,ALL PRODUCTION PRACTICES,33,CROPS,1929,TOTAL,SURVEY,41,CORN
UNITED STATES,,,9000,NOT SPECIFIED,YIELD,,33,,YEAR,NEW HAMPSHIRE,FIELD CROPS,00,,NEW HAMPSHIRE,ALL CLASSES,,ANNUAL,GRAIN,,,"CORN, GRAIN - YIELD, MEASURED IN BU / ACRE",NH,2012-01-01 00:00:00.000,,BU / ACRE,,STATE,00000000,,00,ALL PRODUCTION PRACTICES,33,CROPS,1928,TOTAL,SURVEY,40,CORN
UNITED STATES,,,9000,NOT SPECIFIED,YIELD,,33,,YEAR,NEW HAMPSHIRE,FIELD CROPS,00,,NEW HAMPSHIRE,ALL CLASSES,,ANNUAL,GRAIN,,,"CORN, GRAIN - YIELD, MEASURED IN BU / ACRE",NH,2012-01-01 00:00:00.000,,BU / ACRE,,STATE,00000000,,00,ALL PRODUCTION PRACTICES,33,CROPS,1927,TOTAL,SURVEY,41,CORN
UNITED STATES,,,9000,NOT SPECIFIED,YIELD,,33,,YEAR,NEW HAMPSHIRE,FIELD CROPS,00,,NEW HAMPSHIRE,ALL CLASSES,,ANNUAL,GRAIN,,,"CORN, GRAIN - YIELD, MEASURED IN BU / ACRE",NH,2012-01-01 00:00:00.000,,BU / ACRE,,STATE,00000000,,00,ALL PRODUCTION PRACTICES,33,CROPS,1926,TOTAL,SURVEY,42,CORN
UNITED STATES,,,9000,NOT SPECIFIED,YIELD,,33,,YEAR,NEW HAMPSHIRE,FIELD CROPS,00,,NEW HAMPSHIRE,ALL CLASSES,,ANNUAL,GRAIN,,,"CORN, GRAIN - YIELD, MEASURED IN BU / ACRE",NH,2012-01-01 00:00:00.000,,BU / ACRE,,STATE,00000000,,00,ALL PRODUCTION PRACTICES,33,CROPS,1925,TOTAL,SURVEY,44,CORN
UNITED STATES,,,9000,NOT SPECIFIED,YIELD,,33,,YEAR,NEW HAMPSHIRE,FIELD CROPS,00,,NEW HAMPSHIRE,ALL CLASSES,,ANNUAL,GRAIN,,,"CORN, GRAIN - YIELD, MEASURED IN BU / ACRE",NH,2012-01-01 00:00:00.000,,BU / ACRE,,STATE,00000000,,00,ALL PRODUCTION PRACTICES,33,CROPS,1924,TOTAL,SURVEY,41,CORN
UNITED STATES,,,9000,NOT SPECIFIED,YIELD,,33,,YEAR,NEW HAMPSHIRE,FIELD CROPS,00,,NEW HAMPSHIRE,ALL CLASSES,,ANNUAL,GRAIN,,,"CORN, GRAIN - YIELD, MEASURED IN BU / ACRE",NH,2012-01-01 00:00:00.000,,BU / ACRE,,STATE,00000000,,00,ALL PRODUCTION PRACTICES,33,CROPS,1923,TOTAL,SURVEY,42,CORN
UNITED STATES,,,9000,NOT SPECIFIED,YIELD,,33,,YEAR,NEW HAMPSHIRE,FIELD CROPS,00,,NEW HAMPSHIRE,ALL CLASSES,,ANNUAL,GRAIN,,,"CORN, GRAIN - YIELD, MEASURED IN BU / ACRE",NH,2012-01-01 00:00:00.000,,BU / ACRE,,STATE,00000000,,00,ALL PRODUCTION PRACTICES,33,CROPS,1922,TOTAL,SURVEY,43,CORN
UNITED STATES,,,9000,NOT SPECIFIED,YIELD,,33,,YEAR,NEW HAMPSHIRE,FIELD CROPS,00,,NEW HAMPSHIRE,ALL CLASSES,,ANNUAL,GRAIN,,,"CORN, GRAIN - YIELD, MEASURED IN BU / ACRE",NH,2012-01-01 00:00:00.000,,BU / ACRE,,STATE,00000000,,00,ALL PRODUCTION PRACTICES,33,CROPS,1921,TOTAL,SURVEY,46,CORN
UNITED STATES,,,9000,NOT SPECIFIED,YIELD,,33,,YEAR,NEW HAMPSHIRE,FIELD CROPS,00,,NEW HAMPSHIRE,ALL CLASSES,,ANNUAL,GRAIN,,,"CORN, GRAIN - YIELD, MEASURED IN BU / ACRE",NH,2012-01-01 00:00:00.000,,BU / ACRE,,STATE,00000000,,00,ALL PRODUCTION PRACTICES,33,CROPS,1920,TOTAL,SURVEY,45,CORN
UNITED STATES,,,9000,NOT SPECIFIED,YIELD,,33,,YEAR,NEW HAMPSHIRE,FIELD CROPS,00,,NEW HAMPSHIRE,ALL CLASSES,,ANNUAL,GRAIN,,,"CORN, GRAIN - YIELD, MEASURED IN BU / ACRE",NH,2012-01-01 00:00:00.000,,BU / ACRE,,STATE,00000000,,00,ALL PRODUCTION PRACTICES,33,CROPS,1919,TOTAL,SURVEY,42,CORN
UNITED STATES,,,9000,NOT SPECIFIED,YIELD,,33,,YEAR,NEW HAMPSHIRE,FIELD CROPS,00,,NEW HAMPSHIRE,ALL CLASSES,,ANNUAL,GRAIN,,,"CORN, GRAIN - YIELD, MEASURED IN BU / ACRE",NH,2012-01-01 00:00:00.000,,BU / ACRE,,STATE,00000000,,00,ALL PRODUCTION PRACTICES,33,CROPS,1918,TOTAL,SURVEY,36,CORN
UNITED STATES,,,9000,NOT SPECIFIED,YIELD,,33,,YEAR,NEW HAMPSHIRE,FIELD CROPS,00,,NEW HAMPSHIRE,ALL CLASSES,,ANNUAL,GRAIN,,,"CORN, GRAIN - YIELD, MEASURED IN BU / ACRE",NH,2012-01-01 00:00:00.000,,BU / ACRE,,STATE,00000000,,00,ALL PRODUCTION PRACTICES,33,CROPS,1917,TOTAL,SURVEY,34,CORN
UNITED STATES,,,9000,NOT SPECIFIED,YIELD,,33,,YEAR,NEW HAMPSHIRE,FIELD CROPS,00,,NEW HAMPSHIRE,ALL CLASSES,,ANNUAL,GRAIN,,,"CORN, GRAIN - YIELD, MEASURED IN BU / ACRE",NH,2012-01-01 00:00:00.000,,BU / ACRE,,STATE,00000000,,00,ALL PRODUCTION PRACTICES,33,CROPS,1916,TOTAL,SURVEY,37.5,CORN
UNITED STATES,,,9000,NOT SPECIFIED,YIELD,,33,,YEAR,NEW HAMPSHIRE,FIELD CROPS,00,,NEW HAMPSHIRE,ALL CLASSES,,ANNUAL,GRAIN,,,"CORN, GRAIN - YIELD, MEASURED IN BU / ACRE",NH,2012-01-01 00:00:00.000,,BU / ACRE,,STATE,00000000,,00,ALL PRODUCTION PRACTICES,33,CROPS,1915,TOTAL,SURVEY,39,CORN
UNITED STATES,,,9000,NOT SPECIFIED,YIELD,,33,,YEAR,NEW HAMPSHIRE,FIELD CROPS,00,,NEW HAMPSHIRE,ALL CLASSES,,ANNUAL,GRAIN,,,"CORN, GRAIN - YIELD, MEASURED IN BU / ACRE",NH,2012-01-01 00:00:00.000,,BU / ACRE,,STATE,00000000,,00,ALL PRODUCTION PRACTICES,33,CROPS,1914,TOTAL,SURVEY,40,CORN
UNITED STATES,,,9000,NOT SPECIFIED,YIELD,,33,,YEAR,NEW HAMPSHIRE,FIELD CROPS,00,,NEW HAMPSHIRE,ALL CLASSES,,ANNUAL,GRAIN,,,"CORN, GRAIN - YIELD, MEASURED IN BU / ACRE",NH,2012-01-01 00:00:00.000,,BU / ACRE,,STATE,00000000,,00,ALL PRODUCTION PRACTICES,33,CROPS,1913,TOTAL,SURVEY,31,CORN
UNITED STATES,,,9000,NOT SPECIFIED,YIELD,,33,,YEAR,NEW HAMPSHIRE,FIELD CROPS,00,,NEW HAMPSHIRE,ALL CLASSES,,ANNUAL,GRAIN,,,"CORN, GRAIN - YIELD, MEASURED IN BU / ACRE",NH,2012-01-01 00:00:00.000,,BU / ACRE,,STATE,00000000,,00,ALL PRODUCTION PRACTICES,33,CROPS,1912,TOTAL,SURVEY,40,CORN
UNITED STATES,,,9000,NOT SPECIFIED,YIELD,,33,,YEAR,NEW HAMPSHIRE,FIELD CROPS,00,,NEW HAMPSHIRE,ALL CLASSES,,ANNUAL,GRAIN,,,"CORN, GRAIN - YIELD, MEASURED IN BU / ACRE",NH,2012-01-01 00:00:00.000,,BU / ACRE,,STATE,00000000,,00,ALL PRODUCTION PRACTICES,33,CROPS,1911,TOTAL,SURVEY,39,CORN
UNITED STATES,,,9000,NOT SPECIFIED,YIELD,,33,,YEAR,NEW HAMPSHIRE,FIELD CROPS,00,,NEW HAMPSHIRE,ALL CLASSES,,ANNUAL,GRAIN,,,"CORN, GRAIN - YIELD, MEASURED IN BU / ACRE",NH,2012-01-01 00:00:00.000,,BU / ACRE,,STATE,00000000,,00,ALL PRODUCTION PRACTICES,33,CROPS,1910,TOTAL,SURVEY,43,CORN
UNITED STATES,,,9000,NOT SPECIFIED,YIELD,,33,,YEAR,NEW HAMPSHIRE,FIELD CROPS,00,,NEW HAMPSHIRE,ALL CLASSES,,ANNUAL,GRAIN,,,"CORN, GRAIN - YIELD, MEASURED IN BU / ACRE",NH,2012-01-01 00:00:00.000,,BU / ACRE,,STATE,00000000,,00,ALL PRODUCTION PRACTICES,33,CROPS,1909,TOTAL,SURVEY,35,CORN
UNITED STATES,,,9000,NOT SPECIFIED,YIELD,,33,,YEAR,NEW HAMPSHIRE,FIELD CROPS,00,,NEW HAMPSHIRE,ALL CLASSES,,ANNUAL,GRAIN,,,"CORN, GRAIN - YIELD, MEASURED IN BU / ACRE",NH,2012-01-01 00:00:00.000,,BU / ACRE,,STATE,00000000,,00,ALL PRODUCTION PRACTICES,33,CROPS,1908,TOTAL,SURVEY,43.5,CORN
UNITED STATES,,,9000,NOT SPECIFIED,YIELD,,33,,YEAR,NEW HAMPSHIRE,FIELD CROPS,00,,NEW HAMPSHIRE,ALL CLASSES,,ANNUAL,GRAIN,,,"CORN, GRAIN - YIELD, MEASURED IN BU / ACRE",NH,2012-01-01 00:00:00.000,,BU / ACRE,,STATE,00000000,,00,ALL PRODUCTION PRACTICES,33,CROPS,1907,TOTAL,SURVEY,38.5,CORN
UNITED STATES,,,9000,NOT SPECIFIED,YIELD,,33,,YEAR,NEW HAMPSHIRE,FIELD CROPS,00,,NEW HAMPSHIRE,ALL CLASSES,,ANNUAL,GRAIN,,,"CORN, GRAIN - YIELD, MEASURED IN BU / ACRE",NH,2012-01-01 00:00:00.000,,BU / ACRE,,STATE,00000000,,00,ALL PRODUCTION PRACTICES,33,CROPS,1906,TOTAL,SURVEY,41.5,CORN
UNITED STATES,,,9000,NOT SPECIFIED,YIELD,,33,,YEAR,NEW HAMPSHIRE,FIELD CROPS,00,,NEW HAMPSHIRE,ALL CLASSES,,ANNUAL,GRAIN,,,"CORN, GRAIN - YIELD, MEASURED IN BU / ACRE",NH,2012-01-01 00:00:00.000,,BU / ACRE,,STATE,00000000,,00,ALL PRODUCTION PRACTICES,33,CROPS,1905,TOTAL,SURVEY,43,CORN
UNITED STATES,,,9000,NOT SPECIFIED,YIELD,,33,,YEAR,NEW HAMPSHIRE,FIELD CROPS,00,,NEW HAMPSHIRE,ALL CLASSES,,ANNUAL,GRAIN,,,"CORN, GRAIN - YIELD, MEASURED IN BU / ACRE",NH,2012-01-01 00:00:00.000,,BU / ACRE,,STATE,00000000,,00,ALL PRODUCTION PRACTICES,33,CROPS,1904,TOTAL,SURVEY,30,CORN
UNITED STATES,,,9000,NOT SPECIFIED,YIELD,,33,,YEAR,NEW HAMPSHIRE,FIELD CROPS,00,,NEW HAMPSHIRE,ALL CLASSES,,ANNUAL,GRAIN,,,"CORN, GRAIN - YIELD, MEASURED IN BU / ACRE",NH,2012-01-01 00:00:00.000,,BU / ACRE,,STATE,00000000,,00,ALL PRODUCTION PRACTICES,33,CROPS,1903,TOTAL,SURVEY,26,CORN
UNITED STATES,,,9000,NOT SPECIFIED,YIELD,,33,,YEAR,NEW HAMPSHIRE,FIELD CROPS,00,,NEW HAMPSHIRE,ALL CLASSES,,ANNUAL,GRAIN,,,"CORN, GRAIN - YIELD, MEASURED IN BU / ACRE",NH,2012-01-01 00:00:00.000,,BU / ACRE,,STATE,00000000,,00,ALL PRODUCTION PRACTICES,33,CROPS,1902,TOTAL,SURVEY,30,CORN
UNITED STATES,,,9000,NOT SPECIFIED,YIELD,,33,,YEAR,NEW HAMPSHIRE,FIELD CROPS,00,,NEW HAMPSHIRE,ALL CLASSES,,ANNUAL,GRAIN,,,"CORN, GRAIN - YIELD, MEASURED IN BU / ACRE",NH,2012-01-01 00:00:00.000,,BU / ACRE,,STATE,00000000,,00,ALL PRODUCTION PRACTICES,33,CROPS,1901,TOTAL,SURVEY,44.5,CORN
UNITED STATES,,,9000,NOT SPECIFIED,YIELD,,33,,YEAR,NEW HAMPSHIRE,FIELD CROPS,00,,NEW HAMPSHIRE,ALL CLASSES,,ANNUAL,GRAIN,,,"CORN, GRAIN - YIELD, MEASURED IN BU / ACRE",NH,2012-01-01 00:00:00.000,,BU / ACRE,,STATE,00000000,,00,ALL PRODUCTION PRACTICES,33,CROPS,1900,TOTAL,SURVEY,42.5,CORN
UNITED STATES,,,9000,NOT SPECIFIED,YIELD,,33,,YEAR,NEW HAMPSHIRE,FIELD CROPS,00,,NEW HAMPSHIRE,ALL CLASSES,,ANNUAL,GRAIN,,,"CORN, GRAIN - YIELD, MEASURED IN BU / ACRE",NH,2012-01-01 00:00:00.000,,BU / ACRE,,STATE,00000000,,00,ALL PRODUCTION PRACTICES,33,CROPS,1899,TOTAL,SURVEY,42,CORN
UNITED STATES,,,9000,NOT SPECIFIED,YIELD,,33,,YEAR,NEW HAMPSHIRE,FIELD CROPS,00,,NEW HAMPSHIRE,ALL CLASSES,,ANNUAL,GRAIN,,,"CORN, GRAIN - YIELD, MEASURED IN BU / ACRE",NH,2012-01-01 00:00:00.000,,BU / ACRE,,STATE,00000000,,00,ALL PRODUCTION PRACTICES,33,CROPS,1898,TOTAL,SURVEY,43,CORN
UNITED STATES,,,9000,NOT SPECIFIED,YIELD,,33,,YEAR,NEW HAMPSHIRE,FIELD CROPS,00,,NEW HAMPSHIRE,ALL CLASSES,,ANNUAL,GRAIN,,,"CORN, GRAIN - YIELD, MEASURED IN BU / ACRE",NH,2012-01-01 00:00:00.000,,BU / ACRE,,STATE,00000000,,00,ALL PRODUCTION PRACTICES,33,CROPS,1897,TOTAL,SURVEY,34,CORN
UNITED STATES,,,9000,NOT SPECIFIED,YIELD,,33,,YEAR,NEW HAMPSHIRE,FIELD CROPS,00,,NEW HAMPSHIRE,ALL CLASSES,,ANNUAL,GRAIN,,,"CORN, GRAIN - YIELD, MEASURED IN BU / ACRE",NH,2012-01-01 00:00:00.000,,BU / ACRE,,STATE,00000000,,00,ALL PRODUCTION PRACTICES,33,CROPS,1896,TOTAL,SURVEY,42,CORN
UNITED STATES,,,9000,NOT SPECIFIED,YIELD,,33,,YEAR,NEW HAMPSHIRE,FIELD CROPS,00,,NEW HAMPSHIRE,ALL CLASSES,,ANNUAL,GRAIN,,,"CORN, GRAIN - YIELD, MEASURED IN BU / ACRE",NH,2012-01-01 00:00:00.000,,BU / ACRE,,STATE,00000000,,00,ALL PRODUCTION PRACTICES,33,CROPS,1895,TOTAL,SURVEY,42.5,CORN
UNITED STATES,,,9000,NOT SPECIFIED,YIELD,,33,,YEAR,NEW HAMPSHIRE,FIELD CROPS,00,,NEW HAMPSHIRE,ALL CLASSES,,ANNUAL,GRAIN,,,"CORN, GRAIN - YIELD, MEASURED IN BU / ACRE",NH,2012-01-01 00:00:00.000,,BU / ACRE,,STATE,00000000,,00,ALL PRODUCTION PRACTICES,33,CROPS,1894,TOTAL,SURVEY,38,CORN
UNITED STATES,,,9000,NOT SPECIFIED,YIELD,,33,,YEAR,NEW HAMPSHIRE,FIELD CROPS,00,,NEW HAMPSHIRE,ALL CLASSES,,ANNUAL,GRAIN,,,"CORN, GRAIN - YIELD, MEASURED IN BU / ACRE",NH,2012-01-01 00:00:00.000,,BU / ACRE,,STATE,00000000,,00,ALL PRODUCTION PRACTICES,33,CROPS,1893,TOTAL,SURVEY,39,CORN
UNITED STATES,,,9000,NOT SPECIFIED,YIELD,,33,,YEAR,NEW HAMPSHIRE,FIELD CROPS,00,,NEW HAMPSHIRE,ALL CLASSES,,ANNUAL,GRAIN,,,"CORN, GRAIN - YIELD, MEASURED IN BU / ACRE",NH,2012-01-01 00:00:00.000,,BU / ACRE,,STATE,00000000,,00,ALL PRODUCTION PRACTICES,33,CROPS,1892,TOTAL,SURVEY,41.5,CORN
UNITED STATES,,,9000,NOT SPECIFIED,YIELD,,33,,YEAR,NEW HAMPSHIRE,FIELD CROPS,00,,NEW HAMPSHIRE,ALL CLASSES,,ANNUAL,GRAIN,,,"CORN, GRAIN - YIELD, MEASURED IN BU / ACRE",NH,2012-01-01 00:00:00.000,,BU / ACRE,,STATE,00000000,,00,ALL PRODUCTION PRACTICES,33,CROPS,1891,TOTAL,SURVEY,42,CORN
UNITED STATES,,,9000,NOT SPECIFIED,YIELD,,33,,YEAR,NEW HAMPSHIRE,FIELD CROPS,00,,NEW HAMPSHIRE,ALL CLASSES,,ANNUAL,GRAIN,,,"CORN, GRAIN - YIELD, MEASURED IN BU / ACRE",NH,2012-01-01 00:00:00.000,,BU / ACRE,,STATE,00000000,,00,ALL PRODUCTION PRACTICES,33,CROPS,1890,TOTAL,SURVEY,38,CORN
UNITED STATES,,,9000,NOT SPECIFIED,YIELD,,33,,YEAR,NEW HAMPSHIRE,FIELD CROPS,00,,NEW HAMPSHIRE,ALL CLASSES,,ANNUAL,GRAIN,,,"CORN, GRAIN - YIELD, MEASURED IN BU / ACRE",NH,2012-01-01 00:00:00.000,,BU / ACRE,,STATE,00000000,,00,ALL PRODUCTION PRACTICES,33,CROPS,1889,TOTAL,SURVEY,41.6,CORN
UNITED STATES,,,9000,NOT SPECIFIED,YIELD,,33,,YEAR,NEW HAMPSHIRE,FIELD CROPS,00,,NEW HAMPSHIRE,ALL CLASSES,,ANNUAL,GRAIN,,,"CORN, GRAIN - YIELD, MEASURED IN BU / ACRE",NH,2012-01-01 00:00:00.000,,BU / ACRE,,STATE,00000000,,00,ALL PRODUCTION PRACTICES,33,CROPS,1888,TOTAL,SURVEY,29,CORN
UNITED STATES,,,9000,NOT SPECIFIED,YIELD,,33,,YEAR,NEW HAMPSHIRE,FIELD CROPS,00,,NEW HAMPSHIRE,ALL CLASSES,,ANNUAL,GRAIN,,,"CORN, GRAIN - YIELD, MEASURED IN BU / ACRE",NH,2012-01-01 00:00:00.000,,BU / ACRE,,STATE,00000000,,00,ALL PRODUCTION PRACTICES,33,CROPS,1887,TOTAL,SURVEY,41,CORN
UNITED STATES,,,9000,NOT SPECIFIED,YIELD,,33,,YEAR,NEW HAMPSHIRE,FIELD CROPS,00,,NEW HAMPSHIRE,ALL CLASSES,,ANNUAL,GRAIN,,,"CORN, GRAIN - YIELD, MEASURED IN BU / ACRE",NH,2012-01-01 00:00:00.000,,BU / ACRE,,STATE,00000000,,00,ALL PRODUCTION PRACTICES,33,CROPS,1886,TOTAL,SURVEY,41,CORN
UNITED STATES,,,9000,NOT SPECIFIED,YIELD,,33,,YEAR,NEW HAMPSHIRE,FIELD CROPS,00,,NEW HAMPSHIRE,ALL CLASSES,,ANNUAL,GRAIN,,,"CORN, GRAIN - YIELD, MEASURED IN BU / ACRE",NH,2012-01-01 00:00:00.000,,BU / ACRE,,STATE,00000000,,00,ALL PRODUCTION PRACTICES,33,CROPS,1885,TOTAL,SURVEY,43,CORN
UNITED STATES,,,9000,NOT SPECIFIED,YIELD,,33,,YEAR,NEW HAMPSHIRE,FIELD CROPS,00,,NEW HAMPSHIRE,ALL CLASSES,,ANNUAL,GRAIN,,,"CORN, GRAIN - YIELD, MEASURED IN BU / ACRE",NH,2012-01-01 00:00:00.000,,BU / ACRE,,STATE,00000000,,00,ALL PRODUCTION PRACTICES,33,CROPS,1884,TOTAL,SURVEY,40,CORN
UNITED STATES,,,9000,NOT SPECIFIED,YIELD,,33,,YEAR,NEW HAMPSHIRE,FIELD CROPS,00,,NEW HAMPSHIRE,ALL CLASSES,,ANNUAL,GRAIN,,,"CORN, GRAIN - YIELD, MEASURED IN BU / ACRE",NH,2012-01-01 00:00:00.000,,BU / ACRE,,STATE,00000000,,00,ALL PRODUCTION PRACTICES,33,CROPS,1883,TOTAL,SURVEY,40,CORN
UNITED STATES,,,9000,NOT SPECIFIED,YIELD,,33,,YEAR,NEW HAMPSHIRE,FIELD CROPS,00,,NEW HAMPSHIRE,ALL CLASSES,,ANNUAL,GRAIN,,,"CORN, GRAIN - YIELD, MEASURED IN BU / ACRE",NH,2012-01-01 00:00:00.000,,BU / ACRE,,STATE,00000000,,00,ALL PRODUCTION PRACTICES,33,CROPS,1882,TOTAL,SURVEY,25.5,CORN
UNITED STATES,,,9000,NOT SPECIFIED,YIELD,,33,,YEAR,NEW HAMPSHIRE,FIELD CROPS,00,,NEW HAMPSHIRE,ALL CLASSES,,ANNUAL,GRAIN,,,"CORN, GRAIN - YIELD, MEASURED IN BU / ACRE",NH,2012-01-01 00:00:00.000,,BU / ACRE,,STATE,00000000,,00,ALL PRODUCTION PRACTICES,33,CROPS,1881,TOTAL,SURVEY,38.5,CORN
UNITED STATES,,,9000,NOT SPECIFIED,YIELD,,33,,YEAR,NEW HAMPSHIRE,FIELD CROPS,00,,NEW HAMPSHIRE,ALL CLASSES,,ANNUAL,GRAIN,,,"CORN, GRAIN - YIELD, MEASURED IN BU / ACRE",NH,2012-01-01 00:00:00.000,,BU / ACRE,,STATE,00000000,,00,ALL PRODUCTION PRACTICES,33,CROPS,1880,TOTAL,SURVEY,40.5,CORN
UNITED STATES,,,9000,NOT SPECIFIED,YIELD,,33,,YEAR,NEW HAMPSHIRE,FIELD CROPS,00,,NEW HAMPSHIRE,ALL CLASSES,,ANNUAL,GRAIN,,,"CORN, GRAIN - YIELD, MEASURED IN BU / ACRE",NH,2012-01-01 00:00:00.000,,BU / ACRE,,STATE,00000000,,00,ALL PRODUCTION PRACTICES,33,CROPS,1879,TOTAL,SURVEY,36.9,CORN
UNITED STATES,,,9000,NOT SPECIFIED,YIELD,,33,,YEAR,NEW HAMPSHIRE,FIELD CROPS,00,,NEW HAMPSHIRE,ALL CLASSES,,ANNUAL,GRAIN,,,"CORN, GRAIN - YIELD, MEASURED IN BU / ACRE",NH,2012-01-01 00:00:00.000,,BU / ACRE,,STATE,00000000,,00,ALL PRODUCTION PRACTICES,33,CROPS,1878,TOTAL,SURVEY,37.5,CORN
UNITED STATES,,,9000,NOT SPECIFIED,YIELD,,33,,YEAR,NEW HAMPSHIRE,FIELD CROPS,00,,NEW HAMPSHIRE,ALL CLASSES,,ANNUAL,GRAIN,,,"CORN, GRAIN - YIELD, MEASURED IN BU / ACRE",NH,2012-01-01 00:00:00.000,,BU / ACRE,,STATE,00000000,,00,ALL PRODUCTION PRACTICES,33,CROPS,1877,TOTAL,SURVEY,41,CORN
UNITED STATES,,,9000,NOT SPECIFIED,YIELD,,33,,YEAR,NEW HAMPSHIRE,FIELD CROPS,00,,NEW HAMPSHIRE,ALL CLASSES,,ANNUAL,GRAIN,,,"CORN, GRAIN - YIELD, MEASURED IN BU / ACRE",NH,2012-01-01 00:00:00.000,,BU / ACRE,,STATE,00000000,,00,ALL PRODUCTION PRACTICES,33,CROPS,1876,TOTAL,SURVEY,40,CORN
UNITED STATES,,,9000,NOT SPECIFIED,YIELD,,33,,YEAR,NEW HAMPSHIRE,FIELD CROPS,00,,NEW HAMPSHIRE,ALL CLASSES,,ANNUAL,GRAIN,,,"CORN, GRAIN - YIELD, MEASURED IN BU / ACRE",NH,2012-01-01 00:00:00.000,,BU / ACRE,,STATE,00000000,,00,ALL PRODUCTION PRACTICES,33,CROPS,1875,TOTAL,SURVEY,40.5,CORN
UNITED STATES,,,9000,NOT SPECIFIED,YIELD,,33,,YEAR,NEW HAMPSHIRE,FIELD CROPS,00,,NEW HAMPSHIRE,ALL CLASSES,,ANNUAL,GRAIN,,,"CORN, GRAIN - YIELD, MEASURED IN BU / ACRE",NH,2012-01-01 00:00:00.000,,BU / ACRE,,STATE,00000000,,00,ALL PRODUCTION PRACTICES,33,CROPS,1874,TOTAL,SURVEY,37,CORN
UNITED STATES,,,9000,NOT SPECIFIED,YIELD,,33,,YEAR,NEW HAMPSHIRE,FIELD CROPS,00,,NEW HAMPSHIRE,ALL CLASSES,,ANNUAL,GRAIN,,,"CORN, GRAIN - YIELD, MEASURED IN BU / ACRE",NH,2012-01-01 00:00:00.000,,BU / ACRE,,STATE,00000000,,00,ALL PRODUCTION PRACTICES,33,CROPS,1873,TOTAL,SURVEY,38,CORN
UNITED STATES,,,9000,NOT SPECIFIED,YIELD,,33,,YEAR,NEW HAMPSHIRE,FIELD CROPS,00,,NEW HAMPSHIRE,ALL CLASSES,,ANNUAL,GRAIN,,,"CORN, GRAIN - YIELD, MEASURED IN BU / ACRE",NH,2012-01-01 00:00:00.000,,BU / ACRE,,STATE,00000000,,00,ALL PRODUCTION PRACTICES,33,CROPS,1872,TOTAL,SURVEY,39,CORN
UNITED STATES,,,9000,NOT SPECIFIED,YIELD,,33,,YEAR,NEW HAMPSHIRE,FIELD CROPS,00,,NEW HAMPSHIRE,ALL CLASSES,,ANNUAL,GRAIN,,,"CORN, GRAIN - YIELD, MEASURED IN BU / ACRE",NH,2012-01-01 00:00:00.000,,BU / ACRE,,STATE,00000000,,00,ALL PRODUCTION PRACTICES,33,CROPS,1871,TOTAL,SURVEY,40,CORN
UNITED STATES,,,9000,NOT SPECIFIED,YIELD,,33,,YEAR,NEW HAMPSHIRE,FIELD CROPS,00,,NEW HAMPSHIRE,ALL CLASSES,,ANNUAL,GRAIN,,,"CORN, GRAIN - YIELD, MEASURED IN BU / ACRE",NH,2012-01-01 00:00:00.000,,BU / ACRE,,STATE,00000000,,00,ALL PRODUCTION PRACTICES,33,CROPS,1870,TOTAL,SURVEY,37,CORN
UNITED STATES,,,9000,NOT SPECIFIED,YIELD,,33,,YEAR,NEW HAMPSHIRE,FIELD CROPS,00,,NEW HAMPSHIRE,ALL CLASSES,,ANNUAL,GRAIN,,,"CORN, GRAIN - YIELD, MEASURED IN BU / ACRE",NH,2012-01-01 00:00:00.000,,BU / ACRE,,STATE,00000000,,00,ALL PRODUCTION PRACTICES,33,CROPS,1869,TOTAL,SURVEY,30.5,CORN
UNITED STATES,,,9000,NOT SPECIFIED,YIELD,,33,,YEAR,NEW HAMPSHIRE,FIELD CROPS,00,,NEW HAMPSHIRE,ALL CLASSES,,ANNUAL,GRAIN,,,"CORN, GRAIN - YIELD, MEASURED IN BU / ACRE",NH,2012-01-01 00:00:00.000,,BU / ACRE,,STATE,00000000,,00,ALL PRODUCTION PRACTICES,33,CROPS,1868,TOTAL,SURVEY,39,CORN
UNITED STATES,,,9000,NOT SPECIFIED,YIELD,,33,,YEAR,NEW HAMPSHIRE,FIELD CROPS,00,,NEW HAMPSHIRE,ALL CLASSES,,ANNUAL,GRAIN,,,"CORN, GRAIN - YIELD, MEASURED IN BU / ACRE",NH,2012-01-01 00:00:00.000,,BU / ACRE,,STATE,00000000,,00,ALL PRODUCTION PRACTICES,33,CROPS,1867,TOTAL,SURVEY,40,CORN
UNITED STATES,,,9000,NOT SPECIFIED,YIELD,,33,,YEAR,NEW HAMPSHIRE,FIELD CROPS,00,,NEW HAMPSHIRE,ALL CLASSES,,ANNUAL,GRAIN,,,"CORN, GRAIN - YIELD, MEASURED IN BU / ACRE",NH,2012-01-01 00:00:00.000,,BU / ACRE,,STATE,00000000,,00,ALL PRODUCTION PRACTICES,33,CROPS,1866,TOTAL,SURVEY,35,CORN
UNITED STATES,,,9000,NOT SPECIFIED,YIELD,,33,,YEAR,NEW HAMPSHIRE,FIELD CROPS,00,,NEW HAMPSHIRE,ALL CLASSES,,ANNUAL,SILAGE,,,"CORN, SILAGE - YIELD, MEASURED IN TONS / ACRE",NH,2025-01-10 12:00:00.000,,TONS / ACRE,,STATE,00000000,,00,ALL PRODUCTION PRACTICES,33,CROPS,2024,TOTAL,SURVEY,21,CORN
UNITED STATES,,,9000,NOT SPECIFIED,YIELD,,33,,YEAR,NEW HAMPSHIRE,FIELD CROPS,00,,NEW HAMPSHIRE,ALL CLASSES,,ANNUAL,SILAGE,,,"CORN, SILAGE - YIELD, MEASURED IN TONS / ACRE",NH,2024-09-30 12:00:00.000,,TONS / ACRE,,STATE,00000000,,00,ALL PRODUCTION PRACTICES,33,CROPS,2023,TOTAL,SURVEY,18,CORN
UNITED STATES,,,9000,NOT SPECIFIED,YIELD,,33,,YEAR,NEW HAMPSHIRE,FIELD CROPS,00,,NEW HAMPSHIRE,ALL CLASSES,,ANNUAL,SILAGE,,,"CORN, SILAGE - YIELD, MEASURED IN TONS / ACRE",NH,2024-01-09 15:00:00.000,,TONS / ACRE,,STATE,00000000,,00,ALL PRODUCTION PRACTICES,33,CROPS,2022,TOTAL,SURVEY,19,CORN
UNITED STATES,,,9000,NOT SPECIFIED,YIELD,,33,,YEAR,NEW HAMPSHIRE,FIELD CROPS,00,,NEW HAMPSHIRE,ALL CLASSES,,ANNUAL,SILAGE,,,"CORN, SILAGE - YIELD, MEASURED IN TONS / ACRE",NH,2024-01-09 15:00:00.000,,TONS / ACRE,,STATE,00000000,,00,ALL PRODUCTION PRACTICES,33,CROPS,2021,TOTAL,SURVEY,21,CORN
UNITED STATES,,,9000,NOT SPECIFIED,YIELD,,33,,YEAR,NEW HAMPSHIRE,FIELD CROPS,00,,NEW HAMPSHIRE,ALL CLASSES,,ANNUAL,SILAGE,,,"CORN, SILAGE - YIELD, MEASURED IN TONS / ACRE",NH,2024-01-09 15:00:00.000,,TONS / ACRE,,STATE,00000000,,00,ALL PRODUCTION PRACTICES,33,CROPS,2020,TOTAL,SURVEY,20,CORN
UNITED STATES,,,9000,NOT SPECIFIED,YIELD,,33,,YEAR,NEW HAMPSHIRE,FIELD CROPS,00,,NEW HAMPSHIRE,ALL CLASSES,,ANNUAL,SILAGE,,,"CORN, SILAGE - YIELD, MEASURED IN TONS / ACRE",NH,2024-01-09 15:00:00.000,,TONS / ACRE,,STATE,00000000,,00,ALL PRODUCTION PRACTICES,33,CROPS,2019,TOTAL,SURVEY,20,CORN
UNITED STATES,,,9000,NOT SPECIFIED,YIELD,,33,,YEAR,NEW HAMPSHIRE,FIELD CROPS,00,,NEW HAMPSHIRE,ALL CLASSES,,ANNUAL,SILAGE,,,"CORN, SILAGE - YIELD, MEASURED IN TONS / ACRE",NH,2024-01-09 15:00:00.000,,TONS / ACRE,,STATE,00000000,,00,ALL PRODUCTION PRACTICES,33,CROPS,2018,TOTAL,SURVEY,21,CORN
UNITED STATES,,,9000,NOT SPECIFIED,YIELD,,33,,YEAR,NEW HAMPSHIRE,FIELD CROPS,00,,NEW HAMPSHIRE,ALL CLASSES,,ANNUAL,SILAGE,,,"CORN, SILAGE - YIELD, MEASURED IN TONS / ACRE",NH,2019-02-06 15:00:06.000,,TONS / ACRE,,STATE,00000000,,00,ALL PRODUCTION PRACTICES,33,CROPS,2017,TOTAL,SURVEY,20,CORN
UNITED STATES,,,9000,NOT SPECIFIED,YIELD,,33,,YEAR,NEW HAMPSHIRE,FIELD CROPS,00,,NEW HAMPSHIRE,ALL CLASSES,,ANNUAL,SILAGE,,,"CORN, SILAGE - YIELD, MEASURED IN TONS / ACRE",NH,2019-02-06 15:00:06.000,,TONS / ACRE,,STATE,00000000,,00,ALL PRODUCTION PRACTICES,33,CROPS,2016,TOTAL,SURVEY,20,CORN
UNITED STATES,,,9000,NOT SPECIFIED,YIELD,,33,,YEAR,NEW HAMPSHIRE,FIELD CROPS,00,,NEW HAMPSHIRE,ALL CLASSES,,ANNUAL,SILAGE,,,"CORN, SILAGE - YIELD, MEASURED IN TONS / ACRE",NH,2019-02-06 15:00:06.000,,TONS / ACRE,,STATE,00000000,,00,ALL PRODUCTION PRACTICES,33,CROPS,2015,TOTAL,SURVEY,20,CORN
UNITED STATES,,,9000,NOT SPECIFIED,YIELD,,33,,YEAR,NEW HAMPSHIRE,FIELD CROPS,00,,NEW HAMPSHIRE,ALL CLASSES,,ANNUAL,SILAGE,,,"CORN, SILAGE - YIELD, MEASURED IN TONS / ACRE",NH,2019-02-06 15:00:06.000,,TONS / ACRE,,STATE,00000000,,00,ALL PRODUCTION PRACTICES,33,CROPS,2014,TOTAL,SURVEY,21,CORN
UNITED STATES,,,9000,NOT SPECIFIED,YIELD,,33,,YEAR,NEW HAMPSHIRE,FIELD CROPS,00,,NEW HAMPSHIRE,ALL CLASSES,,ANNUAL,SILAGE,,,"CORN, SILAGE - YIELD, MEASURED IN TONS / ACRE",NH,2019-02-06 15:00:06.000,,TONS / ACRE,,STATE,00000000,,00,ALL PRODUCTION PRACTICES,33,CROPS,2013,TOTAL,SURVEY,20,CORN
UNITED STATES,,,9000,NOT SPECIFIED,YIELD,,33,,YEAR,NEW HAMPSHIRE,FIELD CROPS,00,,NEW HAMPSHIRE,ALL CLASSES,,ANNUAL,SILAGE,,,"CORN, SILAGE - YIELD, MEASURED IN TONS / ACRE",NH,2014-11-03 16:18:55.000,,TONS / ACRE,,STATE,00000000,,00,ALL PRODUCTION PRACTICES,33,CROPS,2012,TOTAL,SURVEY,20,CORN
UNITED STATES,,,9000,NOT SPECIFIED,YIELD,,33,,YEAR,NEW HAMPSHIRE,FIELD CROPS,00,,NEW HAMPSHIRE,ALL CLASSES,,ANNUAL,SILAGE,,,"CORN, SILAGE - YIELD, MEASURED IN TONS / ACRE",NH,2014-11-03 16:18:55.000,,TONS / ACRE,,STATE,00000000,,00,ALL PRODUCTION PRACTICES,33,CROPS,2011,TOTAL,SURVEY,20.5,CORN
UNITED STATES,,,9000,NOT SPECIFIED,YIELD,,33,,YEAR,NEW HAMPSHIRE,FIELD CROPS,00,,NEW HAMPSHIRE,ALL CLASSES,,ANNUAL,SILAGE,,,"CORN, SILAGE - YIELD, MEASURED IN TONS / ACRE",NH,2014-11-03 16:18:55.000,,TONS / ACRE,,STATE,00000000,,00,ALL PRODUCTION PRACTICES,33,CROPS,2010,TOTAL,SURVEY,20.5,CORN
UNITED STATES,,,9000,NOT SPECIFIED,YIELD,,33,,YEAR,NEW HAMPSHIRE,FIELD CROPS,00,,NEW HAMPSHIRE,ALL CLASSES,,ANNUAL,SILAGE,,,"CORN, SILAGE - YIELD, MEASURED IN TONS / ACRE",NH,2014-11-03 16:18:55.000,,TONS / ACRE,,STATE,00000000,,00,ALL PRODUCTION PRACTICES,33,CROPS,2009,TOTAL,SURVEY,18,CORN
UNITED STATES,,,9000,NOT SPECIFIED,YIELD,,33,,YEAR,NEW HAMPSHIRE,FIELD CROPS,00,,NEW HAMPSHIRE,ALL CLASSES,,ANNUAL,SILAGE,,,"CORN, SILAGE - YIELD, MEASURED IN TONS / ACRE",NH,2014-11-03 16:18:55.000,,TONS / ACRE,,STATE,00000000,,00,ALL PRODUCTION PRACTICES,33,CROPS,2008,TOTAL,SURVEY,21.5,CORN
UNITED STATES,,,9000,NOT SPECIFIED,YIELD,,33,,YEAR,NEW HAMPSHIRE,FIELD CROPS,00,,NEW HAMPSHIRE,ALL CLASSES,,ANNUAL,SILAGE,,,"CORN, SILAGE - YIELD, MEASURED IN TONS / ACRE",NH,2012-01-01 00:00:00.000,,TONS / ACRE,,STATE,00000000,,00,ALL PRODUCTION PRACTICES,33,CROPS,2007,TOTAL,SURVEY,20.5,CORN
UNITED STATES,,,9000,NOT SPECIFIED,YIELD,,33,,YEAR,NEW HAMPSHIRE,FIELD CROPS,00,,NEW HAMPSHIRE,ALL CLASSES,,ANNUAL,SILAGE,,,"CORN, SILAGE - YIELD, MEASURED IN TONS / ACRE",NH,2012-01-01 00:00:00.000,,TONS / ACRE,,STATE,00000000,,00,ALL PRODUCTION PRACTICES,33,CROPS,2006,TOTAL,SURVEY,18,CORN
UNITED STATES,,,9000,NOT SPECIFIED,YIELD,,33,,YEAR,NEW HAMPSHIRE,FIELD CROPS,00,,NEW HAMPSHIRE,ALL CLASSES,,ANNUAL,SILAGE,,,"CORN, SILAGE - YIELD, MEASURED IN TONS / ACRE",NH,2012-01-01 00:00:00.000,,TONS / ACRE,,STATE,00000000,,00,ALL PRODUCTION PRACTICES,33,CROPS,2005,TOTAL,SURVEY,20.5,CORN
UNITED STATES,,,9000,NOT SPECIFIED,YIELD,,33,,YEAR,NEW HAMPSHIRE,FIELD CROPS,00,,NEW HAMPSHIRE,ALL CLASSES,,ANNUAL,SILAGE,,,"CORN, SILAGE - YIELD, MEASURED IN TONS / ACRE",NH,2012-01-01 00:00:00.000,,TONS / ACRE,,STATE,00000000,,00,ALL PRODUCTION PRACTICES,33,CROPS,2004,TOTAL,SURVEY,21,CORN
UNITED STATES,,,9000,NOT SPECIFIED,YIELD,,33,,YEAR,NEW HAMPSHIRE,FIELD CROPS,00,,NEW HAMPSHIRE,ALL CLASSES,,ANNUAL,SILAGE,,,"CORN, SILAGE - YIELD, MEASURED IN TONS / ACRE",NH,2012-01-01 00:00:00.000,,TONS / ACRE,,STATE,00000000,,00,ALL PRODUCTION PRACTICES,33,CROPS,2003,TOTAL,SURVEY,19.5,CORN
UNITED STATES,,,9000,NOT SPECIFIED,YIELD,,33,,YEAR,NEW HAMPSHIRE,FIELD CROPS,00,,NEW HAMPSHIRE,ALL CLASSES,,ANNUAL,SILAGE,,,"CORN, SILAGE - YIELD, MEASURED IN TONS / ACRE",NH,2012-01-01 00:00:00.000,,TONS / ACRE,,STATE,00000000,,00,ALL PRODUCTION PRACTICES,33,CROPS,2002,TOTAL,SURVEY,19.5,CORN
UNITED STATES,,,9000,NOT SPECIFIED,YIELD,,33,,YEAR,NEW HAMPSHIRE,FIELD CROPS,00,,NEW HAMPSHIRE,ALL CLASSES,,ANNUAL,SILAGE,,,"CORN, SILAGE - YIELD, MEASURED IN TONS / ACRE",NH,2012-01-01 00:00:00.000,,TONS / ACRE,,STATE,00000000,,00,ALL PRODUCTION PRACTICES,33,CROPS,2001,TOTAL,SURVEY,21,CORN
UNITED STATES,,,9000,NOT SPECIFIED,YIELD,,33,,YEAR,NEW HAMPSHIRE,FIELD CROPS,00,,NEW HAMPSHIRE,ALL CLASSES,,ANNUAL,SILAGE,,,"CORN, SILAGE - YIELD, MEASURED IN TONS / ACRE",NH,2012-01-01 00:00:00.000,,TONS / ACRE,,STATE,00000000,,00,ALL PRODUCTION PRACTICES,33,CROPS,2000,TOTAL,SURVEY,19.5,CORN
UNITED STATES,,,9000,NOT SPECIFIED,YIELD,,33,,YEAR,NEW HAMPSHIRE,FIELD CROPS,00,,NEW HAMPSHIRE,ALL CLASSES,,ANNUAL,SILAGE,,,"CORN, SILAGE - YIELD, MEASURED IN TONS / ACRE",NH,2012-01-01 00:00:00.000,,TONS / ACRE,,STATE,00000000,,00,ALL PRODUCTION PRACTICES,33,CROPS,1999,TOTAL,SURVEY,19.5,CORN
UNITED STATES,,,9000,NOT SPECIFIED,YIELD,,33,,YEAR,NEW HAMPSHIRE,FIELD CROPS,00,,NEW HAMPSHIRE,ALL CLASSES,,ANNUAL,SILAGE,,,"CORN, SILAGE - YIELD, MEASURED IN TONS / ACRE",NH,2012-01-01 00:00:00.000,,TONS / ACRE,,STATE,00000000,,00,ALL PRODUCTION PRACTICES,33,CROPS,1998,TOTAL,SURVEY,18.5,CORN
UNITED STATES,,,9000,NOT SPECIFIED,YIELD,,33,,YEAR,NEW HAMPSHIRE,FIELD CROPS,00,,NEW HAMPSHIRE,ALL CLASSES,,ANNUAL,SILAGE,,,"CORN, SILAGE - YIELD, MEASURED IN TONS / ACRE",NH,2012-01-01 00:00:00.000,,TONS / ACRE,,STATE,00000000,,00,ALL PRODUCTION PRACTICES,33,CROPS,1997,TOTAL,SURVEY,19.5,CORN
UNITED STATES,,,9000,NOT SPECIFIED,YIELD,,33,,YEAR,NEW HAMPSHIRE,FIELD CROPS,00,,NEW HAMPSHIRE,ALL CLASSES,,ANNUAL,SILAGE,,,"CORN, SILAGE - YIELD, MEASURED IN TONS / ACRE",NH,2012-01-01 00:00:00.000,,TONS / ACRE,,STATE,00000000,,00,ALL PRODUCTION PRACTICES,33,CROPS,1996,TOTAL,SURVEY,17,CORN
UNITED STATES,,,9000,NOT SPECIFIED,YIELD,,33,,YEAR,NEW HAMPSHIRE,FIELD CROPS,00,,NEW HAMPSHIRE,ALL CLASSES,,ANNUAL,SILAGE,,,"CORN, SILAGE - YIELD, MEASURED IN TONS / ACRE",NH,2012-01-01 00:00:00.000,,TONS / ACRE,,STATE,00000000,,00,ALL PRODUCTION PRACTICES,33,CROPS,1995,TOTAL,SURVEY,18,CORN
UNITED STATES,,,9000,NOT SPECIFIED,YIELD,,33,,YEAR,NEW HAMPSHIRE,FIELD CROPS,00,,NEW HAMPSHIRE,ALL CLASSES,,ANNUAL,SILAGE,,,"CORN, SILAGE - YIELD, MEASURED IN TONS / ACRE",NH,2012-01-01 00:00:00.000,,TONS / ACRE,,STATE,00000000,,00,ALL PRODUCTION PRACTICES,33,CROPS,1994,TOTAL,SURVEY,19.5,CORN
UNITED STATES,,,9000,NOT SPECIFIED,YIELD,,33,,YEAR,NEW HAMPSHIRE,FIELD CROPS,00,,NEW HAMPSHIRE,ALL CLASSES,,ANNUAL,SILAGE,,,"CORN, SILAGE - YIELD, MEASURED IN TONS / ACRE",NH,2012-01-01 00:00:00.000,,TONS / ACRE,,STATE,00000000,,00,ALL PRODUCTION PRACTICES,33,CROPS,1993,TOTAL,SURVEY,18.5,CORN
UNITED STATES,,,9000,NOT SPECIFIED,YIELD,,33,,YEAR,NEW HAMPSHIRE,FIELD CROPS,00,,NEW HAMPSHIRE,ALL CLASSES,,ANNUAL,SILAGE,,,"CORN, SILAGE - YIELD, MEASURED IN TONS / ACRE",NH,2012-01-01 00:00:00.000,,TONS / ACRE,,STATE,00000000,,00,ALL PRODUCTION PRACTICES,33,CROPS,1992,TOTAL,SURVEY,19,CORN
UNITED STATES,,,9000,NOT SPECIFIED,YIELD,,33,,YEAR,NEW HAMPSHIRE,FIELD CROPS,00,,NEW HAMPSHIRE,ALL CLASSES,,ANNUAL,SILAGE,,,"CORN, SILAGE - YIELD, MEASURED IN TONS / ACRE",NH,2012-01-01 00:00:00.000,,TONS / ACRE,,STATE,00000000,,00,ALL PRODUCTION PRACTICES,33,CROPS,1991,TOTAL,SURVEY,19,CORN
UNITED STATES,,,9000,NOT SPECIFIED,YIELD,,33,,YEAR,NEW HAMPSHIRE,FIELD CROPS,00,,NEW HAMPSHIRE,ALL CLASSES,,ANNUAL,SILAGE,,,"CORN, SILAGE - YIELD, MEASURED IN TONS / ACRE",NH,2012-01-01 00:00:00.000,,TONS / ACRE,,STATE,00000000,,00,ALL PRODUCTION PRACTICES,33,CROPS,1990,TOTAL,SURVEY,19.5,CORN
UNITED STATES,,,9000,NOT SPECIFIED,YIELD,,33,,YEAR,NEW HAMPSHIRE,FIELD CROPS,00,,NEW HAMPSHIRE,ALL CLASSES,,ANNUAL,SILAGE,,,"CORN, SILAGE - YIELD, MEASURED IN TONS / ACRE",NH,2012-01-01 00:00:00.000,,TONS / ACRE,,STATE,00000000,,00,ALL PRODUCTION PRACTICES,33,CROPS,1989,TOTAL,SURVEY,19.5,CORN
UNITED STATES,,,9000,NOT SPECIFIED,YIELD,,33,,YEAR,NEW HAMPSHIRE,FIELD CROPS,00,,NEW HAMPSHIRE,ALL CLASSES,,ANNUAL,SILAGE,,,"CORN, SILAGE - YIELD, MEASURED IN TONS / ACRE",NH,2012-01-01 00:00:00.000,,TONS / ACRE,,STATE,00000000,,00,ALL PRODUCTION PRACTICES,33,CROPS,1988,TOTAL,SURVEY,19,CORN
UNITED STATES,,,9000,NOT SPECIFIED,YIELD,,33,,YEAR,NEW HAMPSHIRE,FIELD CROPS,00,,NEW HAMPSHIRE,ALL CLASSES,,ANNUAL,SILAGE,,,"CORN, SILAGE - YIELD, MEASURED IN TONS / ACRE",NH,2012-01-01 00:00:00.000,,TONS / ACRE,,STATE,00000000,,00,ALL PRODUCTION PRACTICES,33,CROPS,1987,TOTAL,SURVEY,19,CORN
UNITED STATES,,,9000,NOT SPECIFIED,YIELD,,33,,YEAR,NEW HAMPSHIRE,FIELD CROPS,00,,NEW HAMPSHIRE,ALL CLASSES,,ANNUAL,SILAGE,,,"CORN, SILAGE - YIELD, MEASURED IN TONS / ACRE",NH,2012-01-01 00:00:00.000,,TONS / ACRE,,STATE,00000000,,00,ALL PRODUCTION PRACTICES,33,CROPS,1986,TOTAL,SURVEY,18.5,CORN
UNITED STATES,,,9000,NOT SPECIFIED,YIELD,,33,,YEAR,NEW HAMPSHIRE,FIELD CROPS,00,,NEW HAMPSHIRE,ALL CLASSES,,ANNUAL,SILAGE,,,"CORN, SILAGE - YIELD, MEASURED IN TONS / ACRE",NH,2012-01-01 00:00:00.000,,TONS / ACRE,,STATE,00000000,,00,ALL PRODUCTION PRACTICES,33,CROPS,1985,TOTAL,SURVEY,18,CORN
UNITED STATES,,,9000,NOT SPECIFIED,YIELD,,33,,YEAR,NEW HAMPSHIRE,FIELD CROPS,00,,NEW HAMPSHIRE,ALL CLASSES,,ANNUAL,SILAGE,,,"CORN, SILAGE - YIELD, MEASURED IN TONS / ACRE",NH,2012-01-01 00:00:00.000,,TONS / ACRE,,STATE,00000000,,00,ALL PRODUCTION PRACTICES,33,CROPS,1984,TOTAL,SURVEY,16,CORN
UNITED STATES,,,9000,NOT SPECIFIED,YIELD,,33,,YEAR,NEW HAMPSHIRE,FIELD CROPS,00,,NEW HAMPSHIRE,ALL CLASSES,,ANNUAL,SILAGE,,,"CORN, SILAGE - YIELD, MEASURED IN TONS / ACRE",NH,2012-01-01 00:00:00.000,,TONS / ACRE,,STATE,00000000,,00,ALL PRODUCTION PRACTICES,33,CROPS,1983,TOTAL,SURVEY,17.5,CORN
UNITED STATES,,,9000,NOT SPECIFIED,YIELD,,33,,YEAR,NEW HAMPSHIRE,FIELD CROPS,00,,NEW HAMPSHIRE,ALL CLASSES,,ANNUAL,SILAGE,,,"CORN, SILAGE - YIELD, MEASURED IN TONS / ACRE",NH,2012-01-01 00:00:00.000,,TONS / ACRE,,STATE,00000000,,00,ALL PRODUCTION PRACTICES,33,CROPS,1982,TOTAL,SURVEY,18,CORN
UNITED STATES,,,9000,NOT SPECIFIED,YIELD,,33,,YEAR,NEW HAMPSHIRE,FIELD CROPS,00,,NEW HAMPSHIRE,ALL CLASSES,,ANNUAL,SILAGE,,,"CORN, SILAGE - YIELD, MEASURED IN TONS / ACRE",NH,2012-01-01 00:00:00.000,,TONS / ACRE,,STATE,00000000,,00,ALL PRODUCTION PRACTICES,33,CROPS,1981,TOTAL,SURVEY,19.5,CORN
UNITED STATES,,,9000,NOT SPECIFIED,YIELD,,33,,YEAR,NEW HAMPSHIRE,FIELD CROPS,00,,NEW HAMPSHIRE,ALL CLASSES,,ANNUAL,SILAGE,,,"CORN, SILAGE - YIELD, MEASURED IN TONS / ACRE",NH,2012-01-01 00:00:00.000,,TONS / ACRE,,STATE,00000000,,00,ALL PRODUCTION PRACTICES,33,CROPS,1980,TOTAL,SURVEY,17,CORN
UNITED STATES,,,9000,NOT SPECIFIED,YIELD,,33,,YEAR,NEW HAMPSHIRE,FIELD CROPS,00,,NEW HAMPSHIRE,ALL CLASSES,,ANNUAL,SILAGE,,,"CORN, SILAGE - YIELD, MEASURED IN TONS / ACRE",NH,2012-01-01 00:00:00.000,,TONS / ACRE,,STATE,00000000,,00,ALL PRODUCTION PRACTICES,33,CROPS,1979,TOTAL,SURVEY,16,CORN
UNITED STATES,,,9000,NOT SPECIFIED,YIELD,,33,,YEAR,NEW HAMPSHIRE,FIELD CROPS,00,,NEW HAMPSHIRE,ALL CLASSES,,ANNUAL,SILAGE,,,"CORN, SILAGE - YIELD, MEASURED IN TONS / ACRE",NH,2012-01-01 00:00:00.000,,TONS / ACRE,,STATE,00000000,,00,ALL PRODUCTION PRACTICES,33,CROPS,1978,TOTAL,SURVEY,14,CORN
UNITED STATES,,,9000,NOT SPECIFIED,YIELD,,33,,YEAR,NEW HAMPSHIRE,FIELD CROPS,00,,NEW HAMPSHIRE,ALL CLASSES,,ANNUAL,SILAGE,,,"CORN, SILAGE - YIELD, MEASURED IN TONS / ACRE",NH,2012-01-01 00:00:00.000,,TONS / ACRE,,STATE,00000000,,00,ALL PRODUCTION PRACTICES,33,CROPS,1977,TOTAL,SURVEY,17,CORN
UNITED STATES,,,9000,NOT SPECIFIED,YIELD,,33,,YEAR,NEW HAMPSHIRE,FIELD CROPS,00,,NEW HAMPSHIRE,ALL CLASSES,,ANNUAL,SILAGE,,,"CORN, SILAGE - YIELD, MEASURED IN TONS / ACRE",NH,2012-01-01 00:00:00.000,,TONS / ACRE,,STATE,00000000,,00,ALL PRODUCTION PRACTICES,33,CROPS,1976,TOTAL,SURVEY,18,CORN
UNITED STATES,,,9000,NOT SPECIFIED,YIELD,,33,,YEAR,NEW HAMPSHIRE,FIELD CROPS,00,,NEW HAMPSHIRE,ALL CLASSES,,ANNUAL,SILAGE,,,"CORN, SILAGE - YIELD, MEASURED IN TONS / ACRE",NH,2012-01-01 00:00:00.000,,TONS / ACRE,,STATE,00000000,,00,ALL PRODUCTION PRACTICES,33,CROPS,1975,TOTAL,SURVEY,15.5,CORN
UNITED STATES,,,9000,NOT SPECIFIED,YIELD,,33,,YEAR,NEW HAMPSHIRE,FIELD CROPS,00,,NEW HAMPSHIRE,ALL CLASSES,,ANNUAL,SILAGE,,,"CORN, SILAGE - YIELD, MEASURED IN TONS / ACRE",NH,2012-01-01 00:00:00.000,,TONS / ACRE,,STATE,00000000,,00,ALL PRODUCTION PRACTICES,33,CROPS,1974,TOTAL,SURVEY,16,CORN
UNITED STATES,,,9000,NOT SPECIFIED,YIELD,,33,,YEAR,NEW HAMPSHIRE,FIELD CROPS,00,,NEW HAMPSHIRE,ALL CLASSES,,ANNUAL,SILAGE,,,"CORN, SILAGE - YIELD, MEASURED IN TONS / ACRE",NH,2012-01-01 00:00:00.000,,TONS / ACRE,,STATE,00000000,,00,ALL PRODUCTION PRACTICES,33,CROPS,1973,TOTAL,SURVEY,13,CORN
UNITED STATES,,,9000,NOT SPECIFIED,YIELD,,33,,YEAR,NEW HAMPSHIRE,FIELD CROPS,00,,NEW HAMPSHIRE,ALL CLASSES,,ANNUAL,SILAGE,,,"CORN, SILAGE - YIELD, MEASURED IN TONS / ACRE",NH,2012-01-01 00:00:00.000,,TONS / ACRE,,STATE,00000000,,00,ALL PRODUCTION PRACTICES,33,CROPS,1972,TOTAL,SURVEY,15,CORN
UNITED STATES,,,9000,NOT SPECIFIED,YIELD,,33,,YEAR,NEW HAMPSHIRE,FIELD CROPS,00,,NEW HAMPSHIRE,ALL CLASSES,,ANNUAL,SILAGE,,,"CORN, SILAGE - YIELD, MEASURED IN TONS / ACRE",NH,2012-01-01 00:00:00.000,,TONS / ACRE,,STATE,00000000,,00,ALL PRODUCTION PRACTICES,33,CROPS,1971,TOTAL,SURVEY,18.5,CORN
UNITED STATES,,,9000,NOT SPECIFIED,YIELD,,33,,YEAR,NEW HAMPSHIRE,FIELD CROPS,00,,NEW HAMPSHIRE,ALL CLASSES,,ANNUAL,SILAGE,,,"CORN, SILAGE - YIELD, MEASURED IN TONS / ACRE",NH,2012-01-01 00:00:00.000,,TONS / ACRE,,STATE,00000000,,00,ALL PRODUCTION PRACTICES,33,CROPS,1970,TOTAL,SURVEY,16.5,CORN
UNITED STATES,,,9000,NOT SPECIFIED,YIELD,,33,,YEAR,NEW HAMPSHIRE,FIELD CROPS,00,,NEW HAMPSHIRE,ALL CLASSES,,ANNUAL,SILAGE,,,"CORN, SILAGE - YIELD, MEASURED IN TONS / ACRE",NH,2012-01-01 00:00:00.000,,TONS / ACRE,,STATE,00000000,,00,ALL PRODUCTION PRACTICES,33,CROPS,1969,TOTAL,SURVEY,18,CORN
UNITED STATES,,,9000,NOT SPECIFIED,YIELD,,33,,YEAR,NEW HAMPSHIRE,FIELD CROPS,00,,NEW HAMPSHIRE,ALL CLASSES,,ANNUAL,SILAGE,,,"CORN, SILAGE - YIELD, MEASURED IN TONS / ACRE",NH,2012-01-01 00:00:00.000,,TONS / ACRE,,STATE,00000000,,00,ALL PRODUCTION PRACTICES,33,CROPS,1968,TOTAL,SURVEY,16.5,CORN
UNITED STATES,,,9000,NOT SPECIFIED,YIELD,,33,,YEAR,NEW HAMPSHIRE,FIELD CROPS,00,,NEW HAMPSHIRE,ALL CLASSES,,ANNUAL,SILAGE,,,"CORN, SILAGE - YIELD, MEASURED IN TONS / ACRE",NH,2012-01-01 00:00:00.000,,TONS / ACRE,,STATE,00000000,,00,ALL PRODUCTION PRACTICES,33,CROPS,1967,TOTAL,SURVEY,18,CORN
UNITED STATES,,,9000,NOT SPECIFIED,YIELD,,33,,YEAR,NEW HAMPSHIRE,FIELD CROPS,00,,NEW HAMPSHIRE,ALL CLASSES,,ANNUAL,SILAGE,,,"CORN, SILAGE - YIELD, MEASURED IN TONS / ACRE",NH,2012-01-01 00:00:00.000,,TONS / ACRE,,STATE,00000000,,00,ALL PRODUCTION PRACTICES,33,CROPS,1966,TOTAL,SURVEY,17.5,CORN
UNITED STATES,,,9000,NOT SPECIFIED,YIELD,,33,,YEAR,NEW HAMPSHIRE,FIELD CROPS,00,,NEW HAMPSHIRE,ALL CLASSES,,ANNUAL,SILAGE,,,"CORN, SILAGE - YIELD, MEASURED IN TONS / ACRE",NH,2012-01-01 00:00:00.000,,TONS / ACRE,,STATE,00000000,,00,ALL PRODUCTION PRACTICES,33,CROPS,1965,TOTAL,SURVEY,13,CORN
UNITED STATES,,,9000,NOT SPECIFIED,YIELD,,33,,YEAR,NEW HAMPSHIRE,FIELD CROPS,00,,NEW HAMPSHIRE,ALL CLASSES,,ANNUAL,SILAGE,,,"CORN, SILAGE - YIELD, MEASURED IN TONS / ACRE",NH,2012-01-01 00:00:00.000,,TONS / ACRE,,STATE,00000000,,00,ALL PRODUCTION PRACTICES,33,CROPS,1964,TOTAL,SURVEY,12.7,CORN
UNITED STATES,,,9000,NOT SPECIFIED,YIELD,,33,,YEAR,NEW HAMPSHIRE,FIELD CROPS,00,,NEW HAMPSHIRE,ALL CLASSES,,ANNUAL,SILAGE,,,"CORN, SILAGE - YIELD, MEASURED IN TONS / ACRE",NH,2012-01-01 00:00:00.000,,TONS / ACRE,,STATE,00000000,,00,ALL PRODUCTION PRACTICES,33,CROPS,1963,TOTAL,SURVEY,12,CORN
UNITED STATES,,,9000,NOT SPECIFIED,YIELD,,33,,YEAR,NEW HAMPSHIRE,FIELD CROPS,00,,NEW HAMPSHIRE,ALL CLASSES,,ANNUAL,SILAGE,,,"CORN, SILAGE - YIELD, MEASURED IN TONS / ACRE",NH,2012-01-01 00:00:00.000,,TONS / ACRE,,STATE,00000000,,00,ALL PRODUCTION PRACTICES,33,CROPS,1962,TOTAL,SURVEY,14,CORN
UNITED STATES,,,9000,NOT SPECIFIED,YIELD,,33,,YEAR,NEW HAMPSHIRE,FIELD CROPS,00,,NEW HAMPSHIRE,ALL CLASSES,,ANNUAL,SILAGE,,,"CORN, SILAGE - YIELD, MEASURED IN TONS / ACRE",NH,2012-01-01 00:00:00.000,,TONS / ACRE,,STATE,00000000,,00,ALL PRODUCTION PRACTICES,33,CROPS,1961,TOTAL,SURVEY,13.5,CORN
UNITED STATES,,,9000,NOT SPECIFIED,YIELD,,33,,YEAR,NEW HAMPSHIRE,FIELD CROPS,00,,NEW HAMPSHIRE,ALL CLASSES,,ANNUAL,SILAGE,,,"CORN, SILAGE - YIELD, MEASURED IN TONS / ACRE",NH,2012-01-01 00:00:00.000,,TONS / ACRE,,STATE,00000000,,00,ALL PRODUCTION PRACTICES,33,CROPS,1960,TOTAL,SURVEY,12.5,CORN
UNITED STATES,,,9000,NOT SPECIFIED,YIELD,,33,,YEAR,NEW HAMPSHIRE,FIELD CROPS,00,,NEW HAMPSHIRE,ALL CLASSES,,ANNUAL,SILAGE,,,"CORN, SILAGE - YIELD, MEASURED IN TONS / ACRE",NH,2012-01-01 00:00:00.000,,TONS / ACRE,,STATE,00000000,,00,ALL PRODUCTION PRACTICES,33,CROPS,1959,TOTAL,SURVEY,11.7,CORN
UNITED STATES,,,9000,NOT SPECIFIED,YIELD,,33,,YEAR,NEW HAMPSHIRE,FIELD CROPS,00,,NEW HAMPSHIRE,ALL CLASSES,,ANNUAL,SILAGE,,,"CORN, SILAGE - YIELD, MEASURED IN TONS / ACRE",NH,2012-01-01 00:00:00.000,,TONS / ACRE,,STATE,00000000,,00,ALL PRODUCTION PRACTICES,33,CROPS,1958,TOTAL,SURVEY,11.8,CORN
UNITED STATES,,,9000,NOT SPECIFIED,YIELD,,33,,YEAR,NEW HAMPSHIRE,FIELD CROPS,00,,NEW HAMPSHIRE,ALL CLASSES,,ANNUAL,SILAGE,,,"CORN, SILAGE - YIELD, MEASURED IN TONS / ACRE",NH,2012-01-01 00:00:00.000,,TONS / ACRE,,STATE,00000000,,00,ALL PRODUCTION PRACTICES,33,CROPS,1957,TOTAL,SURVEY,11.5,CORN
UNITED STATES,,,9000,NOT SPECIFIED,YIELD,,33,,YEAR,NEW HAMPSHIRE,FIELD CROPS,00,,NEW HAMPSHIRE,ALL CLASSES,,ANNUAL,SILAGE,,,"CORN, SILAGE - YIELD, MEASURED IN TONS / ACRE",NH,2012-01-01 00:00:00.000,,TONS / ACRE,,STATE,00000000,,00,ALL PRODUCTION PRACTICES,33,CROPS,1956,TOTAL,SURVEY,9.5,CORN
UNITED STATES,,,9000,NOT SPECIFIED,YIELD,,33,,YEAR,NEW HAMPSHIRE,FIELD CROPS,00,,NEW HAMPSHIRE,ALL CLASSES,,ANNUAL,SILAGE,,,"CORN, SILAGE - YIELD, MEASURED IN TONS / ACRE",NH,2012-01-01 00:00:00.000,,TONS / ACRE,,STATE,00000000,,00,ALL PRODUCTION PRACTICES,33,CROPS,1955,TOTAL,SURVEY,10.5,CORN
UNITED STATES,,,9000,NOT SPECIFIED,YIELD,,33,,YEAR,NEW HAMPSHIRE,FIELD CROPS,00,,NEW HAMPSHIRE,ALL CLASSES,,ANNUAL,SILAGE,,,"CORN, SILAGE - YIELD, MEASURED IN TONS / ACRE",NH,2012-01-01 00:00:00.000,,TONS / ACRE,,STATE,00000000,,00,ALL PRODUCTION PRACTICES,33,CROPS,1954,TOTAL,SURVEY,9.2,CORN
UNITED STATES,,,9000,NOT SPECIFIED,YIELD,,33,,YEAR,NEW HAMPSHIRE,FIELD CROPS,00,,NEW HAMPSHIRE,ALL CLASSES,,ANNUAL,SILAGE,,,"CORN, SILAGE - YIELD, MEASURED IN TONS / ACRE",NH,2012-01-01 00:00:00.000,,TONS / ACRE,,STATE,00000000,,00,ALL PRODUCTION PRACTICES,33,CROPS,1953,TOTAL,SURVEY,10,CORN
UNITED STATES,,,9000,NOT SPECIFIED,YIELD,,33,,YEAR,NEW HAMPSHIRE,FIELD CROPS,00,,NEW HAMPSHIRE,ALL CLASSES,,ANNUAL,SILAGE,,,"CORN, SILAGE - YIELD, MEASURED IN TONS / ACRE",NH,2012-01-01 00:00:00.000,,TONS / ACRE,,STATE,00000000,,00,ALL PRODUCTION PRACTICES,33,CROPS,1952,TOTAL,SURVEY,10.5,CORN
UNITED STATES,,,9000,NOT SPECIFIED,YIELD,,33,,YEAR,NEW HAMPSHIRE,FIELD CROPS,00,,NEW HAMPSHIRE,ALL CLASSES,,ANNUAL,SILAGE,,,"CORN, SILAGE - YIELD, MEASURED IN TONS / ACRE",NH,2012-01-01 00:00:00.000,,TONS / ACRE,,STATE,00000000,,00,ALL PRODUCTION PRACTICES,33,CROPS,1951,TOTAL,SURVEY,11,CORN
UNITED STATES,,,9000,NOT SPECIFIED,YIELD,,33,,YEAR,NEW HAMPSHIRE,FIELD CROPS,00,,NEW HAMPSHIRE,ALL CLASSES,,ANNUAL,SILAGE,,,"CORN, SILAGE - YIELD, MEASURED IN TONS / ACRE",NH,2012-01-01 00:00:00.000,,TONS / ACRE,,STATE,00000000,,00,ALL PRODUCTION PRACTICES,33,CROPS,1950,TOTAL,SURVEY,9.5,CORN
UNITED STATES,,,9000,NOT SPECIFIED,YIELD,,33,,YEAR,NEW HAMPSHIRE,FIELD CROPS,00,,NEW HAMPSHIRE,ALL CLASSES,,ANNUAL,SILAGE,,,"CORN, SILAGE - YIELD, MEASURED IN TONS / ACRE",NH,2012-01-01 00:00:00.000,,TONS / ACRE,,STATE,00000000,,00,ALL PRODUCTION PRACTICES,33,CROPS,1949,TOTAL,SURVEY,10.6,CORN
UNITED STATES,,,9000,NOT SPECIFIED,YIELD,,33,,YEAR,NEW HAMPSHIRE,FIELD CROPS,00,,NEW HAMPSHIRE,ALL CLASSES,,ANNUAL,SILAGE,,,"CORN, SILAGE - YIELD, MEASURED IN TONS / ACRE",NH,2012-01-01 00:00:00.000,,TONS / ACRE,,STATE,00000000,,00,ALL PRODUCTION PRACTICES,33,CROPS,1948,TOTAL,SURVEY,9.5,CORN
UNITED STATES,,,9000,NOT SPECIFIED,YIELD,,33,,YEAR,NEW HAMPSHIRE,FIELD CROPS,00,,NEW HAMPSHIRE,ALL CLASSES,,ANNUAL,SILAGE,,,"CORN, SILAGE - YIELD, MEASURED IN TONS / ACRE",NH,2012-01-01 00:00:00.000,,TONS / ACRE,,STATE,00000000,,00,ALL PRODUCTION PRACTICES,33,CROPS,1947,TOTAL,SURVEY,11,CORN
UNITED STATES,,,9000,NOT SPECIFIED,YIELD,,33,,YEAR,NEW HAMPSHIRE,FIELD CROPS,00,,NEW HAMPSHIRE,ALL CLASSES,,ANNUAL,SILAGE,,,"CORN, SILAGE - YIELD, MEASURED IN TONS / ACRE",NH,2012-01-01 00:00:00.000,,TONS / ACRE,,STATE,00000000,,00,ALL PRODUCTION PRACTICES,33,CROPS,1946,TOTAL,SURVEY,11,CORN
UNITED STATES,,,9000,NOT SPECIFIED,YIELD,,33,,YEAR,NEW HAMPSHIRE,FIELD CROPS,00,,NEW HAMPSHIRE,ALL CLASSES,,ANNUAL,SILAGE,,,"CORN, SILAGE - YIELD, MEASURED IN TONS / ACRE",NH,2012-01-01 00:00:00.000,,TONS / ACRE,,STATE,00000000,,00,ALL PRODUCTION PRACTICES,33,CROPS,1945,TOTAL,SURVEY,11.5,CORN
UNITED STATES,,,9000,NOT SPECIFIED,YIELD,,33,,YEAR,NEW HAMPSHIRE,FIELD CROPS,00,,NEW HAMPSHIRE,ALL CLASSES,,ANNUAL,SILAGE,,,"CORN, SILAGE - YIELD, MEASURED IN TONS / ACRE",NH,2012-01-01 00:00:00.000,,TONS / ACRE,,STATE,00000000,,00,ALL PRODUCTION PRACTICES,33,CROPS,1944,TOTAL,SURVEY,10.5,CORN
UNITED STATES,,,9000,NOT SPECIFIED,YIELD,,33,,YEAR,NEW HAMPSHIRE,FIELD CROPS,00,,NEW HAMPSHIRE,ALL CLASSES,,ANNUAL,SILAGE,,,"CORN, SILAGE - YIELD, MEASURED IN TONS / ACRE",NH,2012-01-01 00:00:00.000,,TONS / ACRE,,STATE,00000000,,00,ALL PRODUCTION PRACTICES,33,CROPS,1943,TOTAL,SURVEY,12,CORN
UNITED STATES,,,9000,NOT SPECIFIED,YIELD,,33,,YEAR,NEW HAMPSHIRE,FIELD CROPS,00,,NEW HAMPSHIRE,ALL CLASSES,,ANNUAL,SILAGE,,,"CORN, SILAGE - YIELD, MEASURED IN TONS / ACRE",NH,2012-01-01 00:00:00.000,,TONS / ACRE,,STATE,00000000,,00,ALL PRODUCTION PRACTICES,33,CROPS,1942,TOTAL,SURVEY,11,CORN
UNITED STATES,,,9000,NOT SPECIFIED,YIELD,,33,,YEAR,NEW HAMPSHIRE,FIELD CROPS,00,,NEW HAMPSHIRE,ALL CLASSES,,ANNUAL,SILAGE,,,"CORN, SILAGE - YIELD, MEASURED IN TONS / ACRE",NH,2012-01-01 00:00:00.000,,TONS / ACRE,,STATE,00000000,,00,ALL PRODUCTION PRACTICES,33,CROPS,1941,TOTAL,SURVEY,11,CORN
UNITED STATES,,,9000,NOT SPECIFIED,YIELD,,33,,YEAR,NEW HAMPSHIRE,FIELD CROPS,00,,NEW HAMPSHIRE,ALL CLASSES,,ANNUAL,SILAGE,,,"CORN, SILAGE - YIELD, MEASURED IN TONS / ACRE",NH,2012-01-01 00:00:00.000,,TONS / ACRE,,STATE,00000000,,00,ALL PRODUCTION PRACTICES,33,CROPS,1940,TOTAL,SURVEY,10.5,CORN
UNITED STATES,,,9000,NOT SPECIFIED,YIELD,,33,,YEAR,NEW HAMPSHIRE,FIELD CROPS,00,,NEW HAMPSHIRE,ALL CLASSES,,ANNUAL,SILAGE,,,"CORN, SILAGE - YIELD, MEASURED IN TONS / ACRE",NH,2012-01-01 00:00:00.000,,TONS / ACRE,,STATE,00000000,,00,ALL PRODUCTION PRACTICES,33,CROPS,1939,TOTAL,SURVEY,11.4,CORN
UNITED STATES,,,9000,NOT SPECIFIED,YIELD,,33,,YEAR,NEW HAMPSHIRE,FIELD CROPS,00,,NEW HAMPSHIRE,ALL CLASSES,,ANNUAL,SILAGE,,,"CORN, SILAGE - YIELD, MEASURED IN TONS / ACRE",NH,2012-01-01 00:00:00.000,,TONS / ACRE,,STATE,00000000,,00,ALL PRODUCTION PRACTICES,33,CROPS,1938,TOTAL,SURVEY,11.5,CORN
UNITED STATES,,,9000,NOT SPECIFIED,YIELD,,33,,YEAR,NEW HAMPSHIRE,FIELD CROPS,00,,NEW HAMPSHIRE,ALL CLASSES,,ANNUAL,SILAGE,,,"CORN, SILAGE - YIELD, MEASURED IN TONS / ACRE",NH,2012-01-01 00:00:00.000,,TONS / ACRE,,STATE,00000000,,00,ALL PRODUCTION PRACTICES,33,CROPS,1937,TOTAL,SURVEY,11,CORN
UNITED STATES,,,9000,NOT SPECIFIED,YIELD,,33,,YEAR,NEW HAMPSHIRE,FIELD CROPS,00,,NEW HAMPSHIRE,ALL CLASSES,,ANNUAL,SILAGE,,,"CORN, SILAGE - YIELD, MEASURED IN TONS / ACRE",NH,2012-01-01 00:00:00.000,,TONS / ACRE,,STATE,00000000,,00,ALL PRODUCTION PRACTICES,33,CROPS,1936,TOTAL,SURVEY,10.6,CORN
UNITED STATES,,,9000,NOT SPECIFIED,YIELD,,33,,YEAR,NEW HAMPSHIRE,FIELD CROPS,00,,NEW HAMPSHIRE,ALL CLASSES,,ANNUAL,SILAGE,,,"CORN, SILAGE - YIELD, MEASURED IN TONS / ACRE",NH,2012-01-01 00:00:00.000,,TONS / ACRE,,STATE,00000000,,00,ALL PRODUCTION PRACTICES,33,CROPS,1935,TOTAL,SURVEY,11,CORN
UNITED STATES,,,9000,NOT SPECIFIED,YIELD,,33,,YEAR,NEW HAMPSHIRE,FIELD CROPS,00,,NEW HAMPSHIRE,ALL CLASSES,,ANNUAL,SILAGE,,,"CORN, SILAGE - YIELD, MEASURED IN TONS / ACRE",NH,2012-01-01 00:00:00.000,,TONS / ACRE,,STATE,00000000,,00,ALL PRODUCTION PRACTICES,33,CROPS,1934,TOTAL,SURVEY,10.5,CORN
UNITED STATES,,,9000,NOT SPECIFIED,YIELD,,33,,YEAR,NEW HAMPSHIRE,FIELD CROPS,00,,NEW HAMPSHIRE,ALL CLASSES,,ANNUAL,SILAGE,,,"CORN, SILAGE - YIELD, MEASURED IN TONS / ACRE",NH,2012-01-01 00:00:00.000,,TONS / ACRE,,STATE,00000000,,00,ALL PRODUCTION PRACTICES,33,CROPS,1933,TOTAL,SURVEY,11.5,CORN
UNITED STATES,,,9000,NOT SPECIFIED,YIELD,,33,,YEAR,NEW HAMPSHIRE,FIELD CROPS,00,,NEW HAMPSHIRE,ALL CLASSES,,ANNUAL,SILAGE,,,"CORN, SILAGE - YIELD, MEASURED IN TONS / ACRE",NH,2012-01-01 00:00:00.000,,TONS / ACRE,,STATE,00000000,,00,ALL PRODUCTION PRACTICES,33,CROPS,1932,TOTAL,SURVEY,10.5,CORN
UNITED STATES,,,9000,NOT SPECIFIED,YIELD,,33,,YEAR,NEW HAMPSHIRE,FIELD CROPS,00,,NEW HAMPSHIRE,ALL CLASSES,,ANNUAL,SILAGE,,,"CORN, SILAGE - YIELD, MEASURED IN TONS / ACRE",NH,2012-01-01 00:00:00.000,,TONS / ACRE,,STATE,00000000,,00,ALL PRODUCTION PRACTICES,33,CROPS,1931,TOTAL,SURVEY,11.5,CORN
UNITED STATES,,,9000,NOT SPECIFIED,YIELD,,33,,YEAR,NEW HAMPSHIRE,FIELD CROPS,00,,NEW HAMPSHIRE,ALL CLASSES,,ANNUAL,SILAGE,,,"CORN, SILAGE - YIELD, MEASURED IN TONS / ACRE",NH,2012-01-01 00:00:00.000,,TONS / ACRE,,STATE,00000000,,00,ALL PRODUCTION PRACTICES,33,CROPS,1930,TOTAL,SURVEY,11,CORN
UNITED STATES,,,9000,NOT SPECIFIED,YIELD,,33,,YEAR,NEW HAMPSHIRE,FIELD CROPS,00,,NEW HAMPSHIRE,ALL CLASSES,,ANNUAL,SILAGE,,,"CORN, SILAGE - YIELD, MEASURED IN TONS / ACRE",NH,2012-01-01 00:00:00.000,,TONS / ACRE,,STATE,00000000,,00,ALL PRODUCTION PRACTICES,33,CROPS,1929,TOTAL,SURVEY,11,CORN
UNITED STATES,,,9000,NOT SPECIFIED,YIELD,,33,,YEAR,NEW HAMPSHIRE,FIELD CROPS,00,,NEW HAMPSHIRE,ALL CLASSES,,ANNUAL,SILAGE,,,"CORN, SILAGE - YIELD, MEASURED IN TONS / ACRE",NH,2012-01-01 00:00:00.000,,TONS / ACRE,,STATE,00000000,,00,ALL PRODUCTION PRACTICES,33,CROPS,1928,TOTAL,SURVEY,11,CORN
UNITED STATES,,,9000,NOT SPECIFIED,YIELD,,33,,YEAR,NEW HAMPSHIRE,FIELD CROPS,00,,NEW HAMPSHIRE,ALL CLASSES,,ANNUAL,SILAGE,,,"CORN, SILAGE - YIELD, MEASURED IN TONS / ACRE",NH,2012-01-01 00:00:00.000,,TONS / ACRE,,STATE,00000000,,00,ALL PRODUCTION PRACTICES,33,CROPS,1927,TOTAL,SURVEY,10.5,CORN
UNITED STATES,,,9000,NOT SPECIFIED,YIELD,,33,,YEAR,NEW HAMPSHIRE,FIELD CROPS,00,,NEW HAMPSHIRE,ALL CLASSES,,ANNUAL,SILAGE,,,"CORN, SILAGE - YIELD, MEASURED IN TONS / ACRE",NH,2012-01-01 00:00:00.000,,TONS / ACRE,,STATE,00000000,,00,ALL PRODUCTION PRACTICES,33,CROPS,1926,TOTAL,SURVEY,10.5,CORN
UNITED STATES,,,9000,NOT SPECIFIED,YIELD,,33,,YEAR,NEW HAMPSHIRE,FIELD CROPS,00,,NEW HAMPSHIRE,ALL CLASSES,,ANNUAL,SILAGE,,,"CORN, SILAGE - YIELD, MEASURED IN TONS / ACRE",NH,2012-01-01 00:00:00.000,,TONS / ACRE,,STATE,00000000,,00,ALL PRODUCTION PRACTICES,33,CROPS,1925,TOTAL,SURVEY,10.5,CORN
UNITED STATES,,,9000,NOT SPECIFIED,YIELD,,33,,YEAR,NEW HAMPSHIRE,FIELD CROPS,00,,NEW HAMPSHIRE,ALL CLASSES,,ANNUAL,SILAGE,,,"CORN, SILAGE - YIELD, MEASURED IN TONS / ACRE",NH,2012-01-01 00:00:00.000,,TONS / ACRE,,STATE,00000000,,00,ALL PRODUCTION PRACTICES,33,CROPS,1924,TOTAL,SURVEY,11.5,CORN
UNITED STATES,,,9000,NOT SPECIFIED,YIELD,,33,,YEAR,NEW HAMPSHIRE,FIELD CROPS,00,,NEW HAMPSHIRE,ALL CLASSES,,ANNUAL,SILAGE,,,"CORN, SILAGE - YIELD, MEASURED IN TONS / ACRE",NH,2012-01-01 00:00:00.000,,TONS / ACRE,,STATE,00000000,,00,ALL PRODUCTION PRACTICES,33,CROPS,1923,TOTAL,SURVEY,11.3,CORN
UNITED STATES,,,9000,NOT SPECIFIED,YIELD,,33,,YEAR,NEW HAMPSHIRE,FIELD CROPS,00,,NEW HAMPSHIRE,ALL CLASSES,,ANNUAL,SILAGE,,,"CORN, SILAGE - YIELD, MEASURED IN TONS / ACRE",NH,2012-01-01 00:00:00.000,,TONS / ACRE,,STATE,00000000,,00,ALL PRODUCTION PRACTICES,33,CROPS,1922,TOTAL,SURVEY,10.4,CORN
UNITED STATES,,,9000,NOT SPECIFIED,YIELD,,33,,YEAR,NEW HAMPSHIRE,FIELD CROPS,00,,NEW HAMPSHIRE,ALL CLASSES,,ANNUAL,SILAGE,,,"CORN, SILAGE - YIELD, MEASURED IN TONS / ACRE",NH,2012-01-01 00:00:00.000,,TONS / ACRE,,STATE,00000000,,00,ALL PRODUCTION PRACTICES,33,CROPS,1921,TOTAL,SURVEY,11.1,CORN
UNITED STATES,,,9000,NOT SPECIFIED,YIELD,,33,,YEAR,NEW HAMPSHIRE,FIELD CROPS,00,,NEW HAMPSHIRE,ALL CLASSES,,ANNUAL,SILAGE,,,"CORN, SILAGE - YIELD, MEASURED IN TONS / ACRE",NH,2012-01-01 00:00:00.000,,TONS / ACRE,,STATE,00000000,,00,ALL PRODUCTION PRACTICES,33,CROPS,1920,TOTAL,SURVEY,10.8,CORN
UNITED STATES,,,9000,NOT SPECIFIED,YIELD,,33,,YEAR,NEW HAMPSHIRE,FIELD CROPS,00,,NEW HAMPSHIRE,ALL CLASSES,,ANNUAL,SILAGE,,,"CORN, SILAGE - YIELD, MEASURED IN TONS / ACRE",NH,2012-01-01 00:00:00.000,,TONS / ACRE,,STATE,00000000,,00,ALL PRODUCTION PRACTICES,33,CROPS,1919,TOTAL,SURVEY,10.6,CORN
UNITED STATES,,,9000,NOT SPECIFIED,YIELD,,33,,YEAR,NEW HAMPSHIRE,FIELD CROPS,00,,NEW HAMPSHIRE,(EXCL ALFALFA & WILD),,ANNUAL,ALL UTILIZATION PRACTICES,,,"HAY, (EXCL ALFALFA & WILD) - YIELD, MEASURED IN TONS / ACRE",NH,2012-01-01 00:00:00.000,,TONS / ACRE,,STATE,00000000,,00,ALL PRODUCTION PRACTICES,33,CROPS,1964,TOTAL,SURVEY,0.9,HAY
UNITED STATES,,,9000,NOT SPECIFIED,YIELD,,33,,YEAR,NEW HAMPSHIRE,FIELD CROPS,00,,NEW HAMPSHIRE,(EXCL ALFALFA & WILD),,ANNUAL,ALL UTILIZATION PRACTICES,,,"HAY, (EXCL ALFALFA & WILD) - YIELD, MEASURED IN TONS / ACRE",NH,2012-01-01 00:00:00.000,,TONS / ACRE,,STATE,00000000,,00,ALL PRODUCTION PRACTICES,33,CROPS,1963,TOTAL,SURVEY,1,HAY
UNITED STATES,,,9000,NOT SPECIFIED,YIELD,,33,,YEAR,NEW HAMPSHIRE,FIELD CROPS,00,,NEW HAMPSHIRE,(EXCL ALFALFA & WILD),,ANNUAL,ALL UTILIZATION PRACTICES,,,"HAY, (EXCL ALFALFA & WILD) - YIELD, MEASURED IN TONS / ACRE",NH,2012-01-01 00:00:00.000,,TONS / ACRE,,STATE,00000000,,00,ALL PRODUCTION PRACTICES,33,CROPS,1962,TOTAL,SURVEY,1.1,HAY
UNITED STATES,,,9000,NOT SPECIFIED,YIELD,,33,,YEAR,NEW HAMPSHIRE,FIELD CROPS,00,,NEW HAMPSHIRE,(EXCL ALFALFA & WILD),,ANNUAL,ALL UTILIZATION PRACTICES,,,"HAY, (EXCL ALFALFA & WILD) - YIELD, MEASURED IN TONS / ACRE",NH,2012-01-01 00:00:00.000,,TONS / ACRE,,STATE,00000000,,00,ALL PRODUCTION PRACTICES,33,CROPS,1961,TOTAL,SURVEY,1.1,HAY
UNITED STATES,,,9000,NOT SPECIFIED,YIELD,,33,,YEAR,NEW HAMPSHIRE,FIELD CROPS,00,,NEW HAMPSHIRE,(EXCL ALFALFA & WILD),,ANNUAL,ALL UTILIZATION PRACTICES,,,"HAY, (EXCL ALFALFA & WILD) - YIELD, MEASURED IN TONS / ACRE",NH,2012-01-01 00:00:00.000,,TONS / ACRE,,STATE,00000000,,00,ALL PRODUCTION PRACTICES,33,CROPS,1960,TOTAL,SURVEY,1.15,HAY
UNITED STATES,,,9000,NOT SPECIFIED,YIELD,,33,,YEAR,NEW HAMPSHIRE,FIELD CROPS,00,,NEW HAMPSHIRE,(EXCL ALFALFA & WILD),,ANNUAL,ALL UTILIZATION PRACTICES,,,"HAY, (EXCL ALFALFA & WILD) - YIELD, MEASURED IN TONS / ACRE",NH,2012-01-01 00:00:00.000,,TONS / ACRE,,STATE,00000000,,00,ALL PRODUCTION PRACTICES,33,CROPS,1959,TOTAL,SURVEY,1.05,HAY
UNITED STATES,,,9000,NOT SPECIFIED,YIELD,,33,,YEAR,NEW HAMPSHIRE,FIELD CROPS,00,,NEW HAMPSHIRE,(EXCL ALFALFA & WILD),,ANNUAL,ALL UTILIZATION PRACTICES,,,"HAY, (EXCL ALFALFA & WILD) - YIELD, MEASURED IN TONS / ACRE",NH,2012-01-01 00:00:00.000,,TONS / ACRE,,STATE,00000000,,00,ALL PRODUCTION PRACTICES,33,CROPS,1958,TOTAL,SURVEY,1,HAY
UNITED STATES,,,9000,NOT SPECIFIED,YIELD,,33,,YEAR,NEW HAMPSHIRE,FIELD CROPS,00,,NEW HAMPSHIRE,(EXCL ALFALFA & WILD),,ANNUAL,ALL UTILIZATION PRACTICES,,,"HAY, (EXCL ALFALFA & WILD) - YIELD, MEASURED IN TONS / ACRE",NH,2012-01-01 00:00:00.000,,TONS / ACRE,,STATE,00000000,,00,ALL PRODUCTION PRACTICES,33,CROPS,1957,TOTAL,SURVEY,0.95,HAY
UNITED STATES,,,9000,NOT SPECIFIED,YIELD,,33,,YEAR,NEW HAMPSHIRE,FIELD CROPS,00,,NEW HAMPSHIRE,(EXCL ALFALFA & WILD),,ANNUAL,ALL UTILIZATION PRACTICES,,,"HAY, (EXCL ALFALFA & WILD) - YIELD, MEASURED IN TONS / ACRE",NH,2012-01-01 00:00:00.000,,TONS / ACRE,,STATE,00000000,,00,ALL PRODUCTION PRACTICES,33,CROPS,1956,TOTAL,SURVEY,1.05,HAY
UNITED STATES,,,9000,NOT SPECIFIED,YIELD,,33,,YEAR,NEW HAMPSHIRE,FIELD CROPS,00,,NEW HAMPSHIRE,(EXCL ALFALFA & WILD),,ANNUAL,ALL UTILIZATION PRACTICES,,,"HAY, (EXCL ALFALFA & WILD) - YIELD, MEASURED IN TONS / ACRE",NH,2012-01-01 00:00:00.000,,TONS / ACRE,,STATE,00000000,,00,ALL PRODUCTION PRACTICES,33,CROPS,1955,TOTAL,SURVEY,1.1,HAY
UNITED STATES,,,9000,NOT SPECIFIED,YIELD,,33,,YEAR,NEW HAMPSHIRE,FIELD CROPS,00,,NEW HAMPSHIRE,(EXCL ALFALFA & WILD),,ANNUAL,ALL UTILIZATION PRACTICES,,,"HAY, (EXCL ALFALFA & WILD) - YIELD, MEASURED IN TONS / ACRE",NH,2012-01-01 00:00:00.000,,TONS / ACRE,,STATE,00000000,,00,ALL PRODUCTION PRACTICES,33,CROPS,1954,TOTAL,SURVEY,1.1,HAY
UNITED STATES,,,9000,NOT SPECIFIED,YIELD,,33,,YEAR,NEW HAMPSHIRE,FIELD CROPS,00,,NEW HAMPSHIRE,(EXCL ALFALFA),,ANNUAL,ALL UTILIZATION PRACTICES,,,"HAY, (EXCL ALFALFA) - YIELD, MEASURED IN TONS / ACRE",NH,2025-01-10 12:00:00.000,,TONS / ACRE,,STATE,00000000,,00,ALL PRODUCTION PRACTICES,33,CROPS,2024,TOTAL,SURVEY,1.7,HAY
UNITED STATES,,,9000,NOT SPECIFIED,YIELD,,33,,YEAR,NEW HAMPSHIRE,FIELD CROPS,00,,NEW HAMPSHIRE,(EXCL ALFALFA),,ANNUAL,ALL UTILIZATION PRACTICES,,,"HAY, (EXCL ALFALFA) - YIELD, MEASURED IN TONS / ACRE",NH,2025-01-10 12:00:00.000,,TONS / ACRE,,STATE,00000000,,00,ALL PRODUCTION PRACTICES,33,CROPS,2023,TOTAL,SURVEY,1.7,HAY
UNITED STATES,,,9000,NOT SPECIFIED,YIELD,,33,,YEAR,NEW HAMPSHIRE,FIELD CROPS,00,,NEW HAMPSHIRE,(EXCL ALFALFA),,ANNUAL,ALL UTILIZATION PRACTICES,,,"HAY, (EXCL ALFALFA) - YIELD, MEASURED IN TONS / ACRE",NH,2024-01-09 15:00:00.000,,TONS / ACRE,,STATE,00000000,,00,ALL PRODUCTION PRACTICES,33,CROPS,2022,TOTAL,SURVEY,1.6,HAY
UNITED STATES,,,9000,NOT SPECIFIED,YIELD,,33,,YEAR,NEW HAMPSHIRE,FIELD CROPS,00,,NEW HAMPSHIRE,(EXCL ALFALFA),,ANNUAL,ALL UTILIZATION PRACTICES,,,"HAY, (EXCL ALFALFA) - YIELD, MEASURED IN TONS / ACRE",NH,2024-01-09 15:00:00.000,,TONS / ACRE,,STATE,00000000,,00,ALL PRODUCTION PRACTICES,33,CROPS,2021,TOTAL,SURVEY,1.5,HAY
UNITED STATES,,,9000,NOT SPECIFIED,YIELD,,33,,YEAR,NEW HAMPSHIRE,FIELD CROPS,00,,NEW HAMPSHIRE,(EXCL ALFALFA),,ANNUAL,ALL UTILIZATION PRACTICES,,,"HAY, (EXCL ALFALFA) - YIELD, MEASURED IN TONS / ACRE",NH,2024-01-09 15:00:00.000,,TONS / ACRE,,STATE,00000000,,00,ALL PRODUCTION PRACTICES,33,CROPS,2020,TOTAL,SURVEY,1.8,HAY
UNITED STATES,,,9000,NOT SPECIFIED,YIELD,,33,,YEAR,NEW HAMPSHIRE,FIELD CROPS,00,,NEW HAMPSHIRE,(EXCL ALFALFA),,ANNUAL,ALL UTILIZATION PRACTICES,,,"HAY, (EXCL ALFALFA) - YIELD, MEASURED IN TONS / ACRE",NH,2024-01-09 15:00:00.000,,TONS / ACRE,,STATE,00000000,,00,ALL PRODUCTION PRACTICES,33,CROPS,2019,TOTAL,SURVEY,1.7,HAY
UNITED STATES,,,9000,NOT SPECIFIED,YIELD,,33,,YEAR,NEW HAMPSHIRE,FIELD CROPS,00,,NEW HAMPSHIRE,(EXCL ALFALFA),,ANNUAL,ALL UTILIZATION PRACTICES,,,"HAY, (EXCL ALFALFA) - YIELD, MEASURED IN TONS / ACRE",NH,2024-01-09 15:00:00.000,,TONS / ACRE,,STATE,00000000,,00,ALL PRODUCTION PRACTICES,33,CROPS,2018,TOTAL,SURVEY,1.7,HAY
UNITED STATES,,,9000,NOT SPECIFIED,YIELD,,33,,YEAR,NEW HAMPSHIRE,FIELD CROPS,00,,NEW HAMPSHIRE,(EXCL ALFALFA),,ANNUAL,ALL UTILIZATION PRACTICES,,,"HAY, (EXCL ALFALFA) - YIELD, MEASURED IN TONS / ACRE",NH,2019-02-06 15:00:06.000,,TONS / ACRE,,STATE,00000000,,00,ALL PRODUCTION PRACTICES,33,CROPS,2017,TOTAL,SURVEY,1.8,HAY
UNITED STATES,,,9000,NOT SPECIFIED,YIELD,,33,,YEAR,NEW HAMPSHIRE,FIELD CROPS,00,,NEW HAMPSHIRE,(EXCL ALFALFA),,ANNUAL,ALL UTILIZATION PRACTICES,,,"HAY, (EXCL ALFALFA) - YIELD, MEASURED IN TONS / ACRE",NH,2019-02-06 15:00:06.000,,TONS / ACRE,,STATE,00000000,,00,ALL PRODUCTION PRACTICES,33,CROPS,2016,TOTAL,SURVEY,2,HAY
UNITED STATES,,,9000,NOT SPECIFIED,YIELD,,33,,YEAR,NEW HAMPSHIRE,FIELD CROPS,00,,NEW HAMPSHIRE,(EXCL ALFALFA),,ANNUAL,ALL UTILIZATION PRACTICES,,,"HAY, (EXCL ALFALFA) - YIELD, MEASURED IN TONS / ACRE",NH,2019-02-06 15:00:06.000,,TONS / ACRE,,STATE,00000000,,00,ALL PRODUCTION PRACTICES,33,CROPS,2015,TOTAL,SURVEY,2,HAY
UNITED STATES,,,9000,NOT SPECIFIED,YIELD,,33,,YEAR,NEW HAMPSHIRE,FIELD CROPS,00,,NEW HAMPSHIRE,(EXCL ALFALFA),,ANNUAL,ALL UTILIZATION PRACTICES,,,"HAY, (EXCL ALFALFA) - YIELD, MEASURED IN TONS / ACRE",NH,2019-02-06 15:00:06.000,,TONS / ACRE,,STATE,00000000,,00,ALL PRODUCTION PRACTICES,33,CROPS,2014,TOTAL,SURVEY,1.7,HAY
UNITED STATES,,,9000,NOT SPECIFIED,YIELD,,33,,YEAR,NEW HAMPSHIRE,FIELD CROPS,00,,NEW HAMPSHIRE,(EXCL ALFALFA),,ANNUAL,ALL UTILIZATION PRACTICES,,,"HAY, (EXCL ALFALFA) - YIELD, MEASURED IN TONS / ACRE",NH,2019-02-06 15:00:06.000,,TONS / ACRE,,STATE,00000000,,00,ALL PRODUCTION PRACTICES,33,CROPS,2013,TOTAL,SURVEY,2.6,HAY
UNITED STATES,,,9000,NOT SPECIFIED,YIELD,,33,,YEAR,NEW HAMPSHIRE,FIELD CROPS,00,,NEW HAMPSHIRE,(EXCL ALFALFA),,ANNUAL,ALL UTILIZATION PRACTICES,,,"HAY, (EXCL ALFALFA) - YIELD, MEASURED IN TONS / ACRE",NH,2014-11-03 16:18:55.000,,TONS / ACRE,,STATE,00000000,,00,ALL PRODUCTION PRACTICES,33,CROPS,2012,TOTAL,SURVEY,1.9,HAY
UNITED STATES,,,9000,NOT SPECIFIED,YIELD,,33,,YEAR,NEW HAMPSHIRE,FIELD CROPS,00,,NEW HAMPSHIRE,(EXCL ALFALFA),,ANNUAL,ALL UTILIZATION PRACTICES,,,"HAY, (EXCL ALFALFA) - YIELD, MEASURED IN TONS / ACRE",NH,2014-11-03 16:18:55.000,,TONS / ACRE,,STATE,00000000,,00,ALL PRODUCTION PRACTICES,33,CROPS,2011,TOTAL,SURVEY,2,HAY
UNITED STATES,,,9000,NOT SPECIFIED,YIELD,,33,,YEAR,NEW HAMPSHIRE,FIELD CROPS,00,,NEW HAMPSHIRE,(EXCL ALFALFA),,ANNUAL,ALL UTILIZATION PRACTICES,,,"HAY, (EXCL ALFALFA) - YIELD, MEASURED IN TONS / ACRE",NH,2014-11-03 16:18:55.000,,TONS / ACRE,,STATE,00000000,,00,ALL PRODUCTION PRACTICES,33,CROPS,2010,TOTAL,SURVEY,1.6,HAY
UNITED STATES,,,9000,NOT SPECIFIED,YIELD,,33,,YEAR,NEW HAMPSHIRE,FIELD CROPS,00,,NEW HAMPSHIRE,(EXCL ALFALFA),,ANNUAL,ALL UTILIZATION PRACTICES,,,"HAY, (EXCL ALFALFA) - YIELD, MEASURED IN TONS / ACRE",NH,2014-11-03 16:18:55.000,,TONS / ACRE,,STATE,00000000,,00,ALL PRODUCTION PRACTICES,33,CROPS,2009,TOTAL,SURVEY,1.5,HAY
UNITED STATES,,,9000,NOT SPECIFIED,YIELD,,33,,YEAR,NEW HAMPSHIRE,FIELD CROPS,00,,NEW HAMPSHIRE,(EXCL ALFALFA),,ANNUAL,ALL UTILIZATION PRACTICES,,,"HAY, (EXCL ALFALFA) - YIELD, MEASURED IN TONS / ACRE",NH,2014-11-03 16:18:55.000,,TONS / ACRE,,STATE,00000000,,00,ALL PRODUCTION PRACTICES,33,CROPS,2008,TOTAL,SURVEY,1.9,HAY
UNITED STATES,,,9000,NOT SPECIFIED,YIELD,,33,,YEAR,NEW HAMPSHIRE,FIELD CROPS,00,,NEW HAMPSHIRE,(EXCL ALFALFA),,ANNUAL,ALL UTILIZATION PRACTICES,,,"HAY, (EXCL ALFALFA) - YIELD, MEASURED IN TONS / ACRE",NH,2012-01-01 00:00:00.000,,TONS / ACRE,,STATE,00000000,,00,ALL PRODUCTION PRACTICES,33,CROPS,2007,TOTAL,SURVEY,1.9,HAY
UNITED STATES,,,9000,NOT SPECIFIED,YIELD,,33,,YEAR,NEW HAMPSHIRE,FIELD CROPS,00,,NEW HAMPSHIRE,(EXCL ALFALFA),,ANNUAL,ALL UTILIZATION PRACTICES,,,"HAY, (EXCL ALFALFA) - YIELD, MEASURED IN TONS / ACRE",NH,2012-01-01 00:00:00.000,,TONS / ACRE,,STATE,00000000,,00,ALL PRODUCTION PRACTICES,33,CROPS,2006,TOTAL,SURVEY,2,HAY
UNITED STATES,,,9000,NOT SPECIFIED,YIELD,,33,,YEAR,NEW HAMPSHIRE,FIELD CROPS,00,,NEW HAMPSHIRE,(EXCL ALFALFA),,ANNUAL,ALL UTILIZATION PRACTICES,,,"HAY, (EXCL ALFALFA) - YIELD, MEASURED IN TONS / ACRE",NH,2012-01-01 00:00:00.000,,TONS / ACRE,,STATE,00000000,,00,ALL PRODUCTION PRACTICES,33,CROPS,2005,TOTAL,SURVEY,1.8,HAY
UNITED STATES,,,9000,NOT SPECIFIED,YIELD,,33,,YEAR,NEW HAMPSHIRE,FIELD CROPS,00,,NEW HAMPSHIRE,(EXCL ALFALFA),,ANNUAL,ALL UTILIZATION PRACTICES,,,"HAY, (EXCL ALFALFA) - YIELD, MEASURED IN TONS / ACRE",NH,2012-01-01 00:00:00.000,,TONS / ACRE,,STATE,00000000,,00,ALL PRODUCTION PRACTICES,33,CROPS,2004,TOTAL,SURVEY,1.8,HAY
UNITED STATES,,,9000,NOT SPECIFIED,YIELD,,33,,YEAR,NEW HAMPSHIRE,FIELD CROPS,00,,NEW HAMPSHIRE,(EXCL ALFALFA),,ANNUAL,ALL UTILIZATION PRACTICES,,,"HAY, (EXCL ALFALFA) - YIELD, MEASURED IN TONS / ACRE",NH,2012-01-01 00:00:00.000,,TONS / ACRE,,STATE,00000000,,00,ALL PRODUCTION PRACTICES,33,CROPS,2003,TOTAL,SURVEY,2,HAY
UNITED STATES,,,9000,NOT SPECIFIED,YIELD,,33,,YEAR,NEW HAMPSHIRE,FIELD CROPS,00,,NEW HAMPSHIRE,(EXCL ALFALFA),,ANNUAL,ALL UTILIZATION PRACTICES,,,"HAY, (EXCL ALFALFA) - YIELD, MEASURED IN TONS / ACRE",NH,2012-01-01 00:00:00.000,,TONS / ACRE,,STATE,00000000,,00,ALL PRODUCTION PRACTICES,33,CROPS,2002,TOTAL,SURVEY,1.8,HAY
UNITED STATES,,,9000,NOT SPECIFIED,YIELD,,33,,YEAR,NEW HAMPSHIRE,FIELD CROPS,00,,NEW HAMPSHIRE,(EXCL ALFALFA),,ANNUAL,ALL UTILIZATION PRACTICES,,,"HAY, (EXCL ALFALFA) - YIELD, MEASURED IN TONS / ACRE",NH,2012-01-01 00:00:00.000,,TONS / ACRE,,STATE,00000000,,00,ALL PRODUCTION PRACTICES,33,CROPS,2001,TOTAL,SURVEY,1.7,HAY
UNITED STATES,,,9000,NOT SPECIFIED,YIELD,,33,,YEAR,NEW HAMPSHIRE,FIELD CROPS,00,,NEW HAMPSHIRE,(EXCL ALFALFA),,ANNUAL,ALL UTILIZATION PRACTICES,,,"HAY, (EXCL ALFALFA) - YIELD, MEASURED IN TONS / ACRE",NH,2012-01-01 00:00:00.000,,TONS / ACRE,,STATE,00000000,,00,ALL PRODUCTION PRACTICES,33,CROPS,2000,TOTAL,SURVEY,1.7,HAY
UNITED STATES,,,9000,NOT SPECIFIED,YIELD,,33,,YEAR,NEW HAMPSHIRE,FIELD CROPS,00,,NEW HAMPSHIRE,(EXCL ALFALFA),,ANNUAL,ALL UTILIZATION PRACTICES,,,"HAY, (EXCL ALFALFA) - YIELD, MEASURED IN TONS / ACRE",NH,2012-01-01 00:00:00.000,,TONS / ACRE,,STATE,00000000,,00,ALL PRODUCTION PRACTICES,33,CROPS,1999,TOTAL,SURVEY,1.7,HAY
UNITED STATES,,,9000,NOT SPECIFIED,YIELD,,33,,YEAR - AUG FORECAST,NEW HAMPSHIRE,FIELD CROPS,00,,NEW HAMPSHIRE,(EXCL ALFALFA),,ANNUAL,ALL UTILIZATION PRACTICES,,,"HAY, (EXCL ALFALFA) - YIELD, MEASURED IN TONS / ACRE",NH,2012-01-01 00:00:00.000,,TONS / ACRE,,STATE,00000000,,00,ALL PRODUCTION PRACTICES,33,CROPS,1999,TOTAL,SURVEY,1.7,HAY
UNITED STATES,,,9000,NOT SPECIFIED,YIELD,,33,,YEAR - OCT FORECAST,NEW HAMPSHIRE,FIELD CROPS,00,,NEW HAMPSHIRE,(EXCL ALFALFA),,ANNUAL,ALL UTILIZATION PRACTICES,,,"HAY, (EXCL ALFALFA) - YIELD, MEASURED IN TONS / ACRE",NH,2012-01-01 00:00:00.000,,TONS / ACRE,,STATE,00000000,,00,ALL PRODUCTION PRACTICES,33,CROPS,1999,TOTAL,SURVEY,1.7,HAY
UNITED STATES,,,9000,NOT SPECIFIED,YIELD,,33,,YEAR,NEW HAMPSHIRE,FIELD CROPS,00,,NEW HAMPSHIRE,(EXCL ALFALFA),,ANNUAL,ALL UTILIZATION PRACTICES,,,"HAY, (EXCL ALFALFA) - YIELD, MEASURED IN TONS / ACRE",NH,2012-01-01 00:00:00.000,,TONS / ACRE,,STATE,00000000,,00,ALL PRODUCTION PRACTICES,33,CROPS,1998,TOTAL,SURVEY,1.85,HAY
UNITED STATES,,,9000,NOT SPECIFIED,YIELD,,33,,YEAR,NEW HAMPSHIRE,FIELD CROPS,00,,NEW HAMPSHIRE,(EXCL ALFALFA),,ANNUAL,ALL UTILIZATION PRACTICES,,,"HAY, (EXCL ALFALFA) - YIELD, MEASURED IN TONS / ACRE",NH,2012-01-01 00:00:00.000,,TONS / ACRE,,STATE,00000000,,00,ALL PRODUCTION PRACTICES,33,CROPS,1997,TOTAL,SURVEY,1.65,HAY
UNITED STATES,,,9000,NOT SPECIFIED,YIELD,,33,,YEAR,NEW HAMPSHIRE,FIELD CROPS,00,,NEW HAMPSHIRE,(EXCL ALFALFA),,ANNUAL,ALL UTILIZATION PRACTICES,,,"HAY, (EXCL ALFALFA) - YIELD, MEASURED IN TONS / ACRE",NH,2012-01-01 00:00:00.000,,TONS / ACRE,,STATE,00000000,,00,ALL PRODUCTION PRACTICES,33,CROPS,1996,TOTAL,SURVEY,1.7,HAY
UNITED STATES,,,9000,NOT SPECIFIED,YIELD,,33,,YEAR,NEW HAMPSHIRE,FIELD CROPS,00,,NEW HAMPSHIRE,(EXCL ALFALFA),,ANNUAL,ALL UTILIZATION PRACTICES,,,"HAY, (EXCL ALFALFA) - YIELD, MEASURED IN TONS / ACRE",NH,2012-01-01 00:00:00.000,,TONS / ACRE,,STATE,00000000,,00,ALL PRODUCTION PRACTICES,33,CROPS,1995,TOTAL,SURVEY,2,HAY
UNITED STATES,,,9000,NOT SPECIFIED,YIELD,,33,,YEAR,NEW HAMPSHIRE,FIELD CROPS,00,,NEW HAMPSHIRE,(EXCL ALFALFA),,ANNUAL,ALL UTILIZATION PRACTICES,,,"HAY, (EXCL ALFALFA) - YIELD, MEASURED IN TONS / ACRE",NH,2012-01-01 00:00:00.000,,TONS / ACRE,,STATE,00000000,,00,ALL PRODUCTION PRACTICES,33,CROPS,1994,TOTAL,SURVEY,2.05,HAY
UNITED STATES,,,9000,NOT SPECIFIED,YIELD,,33,,YEAR,NEW HAMPSHIRE,FIELD CROPS,00,,NEW HAMPSHIRE,(EXCL ALFALFA),,ANNUAL,ALL UTILIZATION PRACTICES,,,"HAY, (EXCL ALFALFA) - YIELD, MEASURED IN TONS / ACRE",NH,2012-01-01 00:00:00.000,,TONS / ACRE,,STATE,00000000,,00,ALL PRODUCTION PRACTICES,33,CROPS,1993,TOTAL,SURVEY,1.3,HAY
UNITED STATES,,,9000,NOT SPECIFIED,YIELD,,33,,YEAR,NEW HAMPSHIRE,FIELD CROPS,00,,NEW HAMPSHIRE,(EXCL ALFALFA),,ANNUAL,ALL UTILIZATION PRACTICES,,,"HAY, (EXCL ALFALFA) - YIELD, MEASURED IN TONS / ACRE",NH,2012-01-01 00:00:00.000,,TONS / ACRE,,STATE,00000000,,00,ALL PRODUCTION PRACTICES,33,CROPS,1992,TOTAL,SURVEY,1.9,HAY
UNITED STATES,,,9000,NOT SPECIFIED,YIELD,,33,,YEAR,NEW HAMPSHIRE,FIELD CROPS,00,,NEW HAMPSHIRE,(EXCL ALFALFA),,ANNUAL,ALL UTILIZATION PRACTICES,,,"HAY, (EXCL ALFALFA) - YIELD, MEASURED IN TONS / ACRE",NH,2012-01-01 00:00:00.000,,TONS / ACRE,,STATE,00000000,,00,ALL PRODUCTION PRACTICES,33,CROPS,1991,TOTAL,SURVEY,1.6,HAY
UNITED STATES,,,9000,NOT SPECIFIED,YIELD,,33,,YEAR,NEW HAMPSHIRE,FIELD CROPS,00,,NEW HAMPSHIRE,(EXCL ALFALFA),,ANNUAL,ALL UTILIZATION PRACTICES,,,"HAY, (EXCL ALFALFA) - YIELD, MEASURED IN TONS / ACRE",NH,2012-01-01 00:00:00.000,,TONS / ACRE,,STATE,00000000,,00,ALL PRODUCTION PRACTICES,33,CROPS,1990,TOTAL,SURVEY,2,HAY
UNITED STATES,,,9000,NOT SPECIFIED,YIELD,,33,,YEAR,NEW HAMPSHIRE,FIELD CROPS,00,,NEW HAMPSHIRE,(EXCL ALFALFA),,ANNUAL,ALL UTILIZATION PRACTICES,,,"HAY, (EXCL ALFALFA) - YIELD, MEASURED IN TONS / ACRE",NH,2012-01-01 00:00:00.000,,TONS / ACRE,,STATE,00000000,,00,ALL PRODUCTION PRACTICES,33,CROPS,1989,TOTAL,SURVEY,1.7,HAY
UNITED STATES,,,9000,NOT SPECIFIED,YIELD,,33,,YEAR,NEW HAMPSHIRE,FIELD CROPS,00,,NEW HAMPSHIRE,(EXCL ALFALFA),,ANNUAL,ALL UTILIZATION PRACTICES,,,"HAY, (EXCL ALFALFA) - YIELD, MEASURED IN TONS / ACRE",NH,2012-01-01 00:00:00.000,,TONS / ACRE,,STATE,00000000,,00,ALL PRODUCTION PRACTICES,33,CROPS,1988,TOTAL,SURVEY,1.6,HAY
UNITED STATES,,,9000,NOT SPECIFIED,YIELD,,33,,YEAR,NEW HAMPSHIRE,FIELD CROPS,00,,NEW HAMPSHIRE,(EXCL ALFALFA),,ANNUAL,ALL UTILIZATION PRACTICES,,,"HAY, (EXCL ALFALFA) - YIELD, MEASURED IN TONS / ACRE",NH,2012-01-01 00:00:00.000,,TONS / ACRE,,STATE,00000000,,00,ALL PRODUCTION PRACTICES,33,CROPS,1987,TOTAL,SURVEY,2,HAY
UNITED STATES,,,9000,NOT SPECIFIED,YIELD,,33,,YEAR,NEW HAMPSHIRE,FIELD CROPS,00,,NEW HAMPSHIRE,(EXCL ALFALFA),,ANNUAL,ALL UTILIZATION PRACTICES,,,"HAY, (EXCL ALFALFA) - YIELD, MEASURED IN TONS / ACRE",NH,2012-01-01 00:00:00.000,,TONS / ACRE,,STATE,00000000,,00,ALL PRODUCTION PRACTICES,33,CROPS,1986,TOTAL,SURVEY,2.1,HAY
UNITED STATES,,,9000,NOT SPECIFIED,YIELD,,33,,YEAR,NEW HAMPSHIRE,FIELD CROPS,00,,NEW HAMPSHIRE,(EXCL ALFALFA),,ANNUAL,ALL UTILIZATION PRACTICES,,,"HAY, (EXCL ALFALFA) - YIELD, MEASURED IN TONS / ACRE",NH,2012-01-01 00:00:00.000,,TONS / ACRE,,STATE,00000000,,00,ALL PRODUCTION PRACTICES,33,CROPS,1985,TOTAL,SURVEY,2.15,HAY
UNITED STATES,,,9000,NOT SPECIFIED,YIELD,,33,,YEAR,NEW HAMPSHIRE,FIELD CROPS,00,,NEW HAMPSHIRE,(EXCL ALFALFA),,ANNUAL,ALL UTILIZATION PRACTICES,,,"HAY, (EXCL ALFALFA) - YIELD, MEASURED IN TONS / ACRE",NH,2012-01-01 00:00:00.000,,TONS / ACRE,,STATE,00000000,,00,ALL PRODUCTION PRACTICES,33,CROPS,1984,TOTAL,SURVEY,2.15,HAY
UNITED STATES,,,9000,NOT SPECIFIED,YIELD,,33,,YEAR,NEW HAMPSHIRE,FIELD CROPS,00,,NEW HAMPSHIRE,(EXCL ALFALFA),,ANNUAL,ALL UTILIZATION PRACTICES,,,"HAY, (EXCL ALFALFA) - YIELD, MEASURED IN TONS / ACRE",NH,2012-01-01 00:00:00.000,,TONS / ACRE,,STATE,00000000,,00,ALL PRODUCTION PRACTICES,33,CROPS,1983,TOTAL,SURVEY,2.05,HAY
UNITED STATES,,,9000,NOT SPECIFIED,YIELD,,33,,YEAR,NEW HAMPSHIRE,FIELD CROPS,00,,NEW HAMPSHIRE,(EXCL ALFALFA),,ANNUAL,ALL UTILIZATION PRACTICES,,,"HAY, (EXCL ALFALFA) - YIELD, MEASURED IN TONS / ACRE",NH,2012-01-01 00:00:00.000,,TONS / ACRE,,STATE,00000000,,00,ALL PRODUCTION PRACTICES,33,CROPS,1982,TOTAL,SURVEY,2.1,HAY
UNITED STATES,,,9000,NOT SPECIFIED,YIELD,,33,,YEAR,NEW HAMPSHIRE,FIELD CROPS,00,,NEW HAMPSHIRE,(EXCL ALFALFA),,ANNUAL,ALL UTILIZATION PRACTICES,,,"HAY, (EXCL ALFALFA) - YIELD, MEASURED IN TONS / ACRE",NH,2012-01-01 00:00:00.000,,TONS / ACRE,,STATE,00000000,,00,ALL PRODUCTION PRACTICES,33,CROPS,1981,TOTAL,SURVEY,2.1,HAY
UNITED STATES,,,9000,NOT SPECIFIED,YIELD,,33,,YEAR,NEW HAMPSHIRE,FIELD CROPS,00,,NEW HAMPSHIRE,(EXCL ALFALFA),,ANNUAL,ALL UTILIZATION PRACTICES,,,"HAY, (EXCL ALFALFA) - YIELD, MEASURED IN TONS / ACRE",NH,2012-01-01 00:00:00.000,,TONS / ACRE,,STATE,00000000,,00,ALL PRODUCTION PRACTICES,33,CROPS,1980,TOTAL,SURVEY,1.95,HAY
UNITED STATES,,,9000,NOT SPECIFIED,YIELD,,33,,YEAR,NEW HAMPSHIRE,FIELD CROPS,00,,NEW HAMPSHIRE,(EXCL ALFALFA),,ANNUAL,ALL UTILIZATION PRACTICES,,,"HAY, (EXCL ALFALFA) - YIELD, MEASURED IN TONS / ACRE",NH,2012-01-01 00:00:00.000,,TONS / ACRE,,STATE,00000000,,00,ALL PRODUCTION PRACTICES,33,CROPS,1979,TOTAL,SURVEY,1.9,HAY
UNITED STATES,,,9000,NOT SPECIFIED,YIELD,,33,,YEAR,NEW HAMPSHIRE,FIELD CROPS,00,,NEW HAMPSHIRE,(EXCL ALFALFA),,ANNUAL,ALL UTILIZATION PRACTICES,,,"HAY, (EXCL ALFALFA) - YIELD, MEASURED IN TONS / ACRE",NH,2012-01-01 00:00:00.000,,TONS / ACRE,,STATE,00000000,,00,ALL PRODUCTION PRACTICES,33,CROPS,1978,TOTAL,SURVEY,1.85,HAY
UNITED STATES,,,9000,NOT SPECIFIED,YIELD,,33,,YEAR,NEW HAMPSHIRE,FIELD CROPS,00,,NEW HAMPSHIRE,(EXCL ALFALFA),,ANNUAL,ALL UTILIZATION PRACTICES,,,"HAY, (EXCL ALFALFA) - YIELD, MEASURED IN TONS / ACRE",NH,2012-01-01 00:00:00.000,,TONS / ACRE,,STATE,00000000,,00,ALL PRODUCTION PRACTICES,33,CROPS,1977,TOTAL,SURVEY,1.9,HAY
UNITED STATES,,,9000,NOT SPECIFIED,YIELD,,33,,YEAR,NEW HAMPSHIRE,FIELD CROPS,00,,NEW HAMPSHIRE,(EXCL ALFALFA),,ANNUAL,ALL UTILIZATION PRACTICES,,,"HAY, (EXCL ALFALFA) - YIELD, MEASURED IN TONS / ACRE",NH,2012-01-01 00:00:00.000,,TONS / ACRE,,STATE,00000000,,00,ALL PRODUCTION PRACTICES,33,CROPS,1976,TOTAL,SURVEY,1.8,HAY
UNITED STATES,,,9000,NOT SPECIFIED,YIELD,,33,,YEAR,NEW HAMPSHIRE,FIELD CROPS,00,,NEW HAMPSHIRE,(EXCL ALFALFA),,ANNUAL,ALL UTILIZATION PRACTICES,,,"HAY, (EXCL ALFALFA) - YIELD, MEASURED IN TONS / ACRE",NH,2012-01-01 00:00:00.000,,TONS / ACRE,,STATE,00000000,,00,ALL PRODUCTION PRACTICES,33,CROPS,1975,TOTAL,SURVEY,1.8,HAY
UNITED STATES,,,9000,NOT SPECIFIED,YIELD,,33,,YEAR,NEW HAMPSHIRE,FIELD CROPS,00,,NEW HAMPSHIRE,(EXCL ALFALFA),,ANNUAL,ALL UTILIZATION PRACTICES,,,"HAY, (EXCL ALFALFA) - YIELD, MEASURED IN TONS / ACRE",NH,2012-01-01 00:00:00.000,,TONS / ACRE,,STATE,00000000,,00,ALL PRODUCTION PRACTICES,33,CROPS,1974,TOTAL,SURVEY,1.8,HAY
UNITED STATES,,,9000,NOT SPECIFIED,YIELD,,33,,YEAR,NEW HAMPSHIRE,FIELD CROPS,00,,NEW HAMPSHIRE,(EXCL ALFALFA),,ANNUAL,ALL UTILIZATION PRACTICES,,,"HAY, (EXCL ALFALFA) - YIELD, MEASURED IN TONS / ACRE",NH,2012-01-01 00:00:00.000,,TONS / ACRE,,STATE,00000000,,00,ALL PRODUCTION PRACTICES,33,CROPS,1973,TOTAL,SURVEY,1.7,HAY
UNITED STATES,,,9000,NOT SPECIFIED,YIELD,,33,,YEAR,NEW HAMPSHIRE,FIELD CROPS,00,,NEW HAMPSHIRE,(EXCL ALFALFA),,ANNUAL,ALL UTILIZATION PRACTICES,,,"HAY, (EXCL ALFALFA) - YIELD, MEASURED IN TONS / ACRE",NH,2012-01-01 00:00:00.000,,TONS / ACRE,,STATE,00000000,,00,ALL PRODUCTION PRACTICES,33,CROPS,1972,TOTAL,SURVEY,1.65,HAY
UNITED STATES,,,9000,NOT SPECIFIED,YIELD,,33,,YEAR,NEW HAMPSHIRE,FIELD CROPS,00,,NEW HAMPSHIRE,(EXCL ALFALFA),,ANNUAL,ALL UTILIZATION PRACTICES,,,"HAY, (EXCL ALFALFA) - YIELD, MEASURED IN TONS / ACRE",NH,2012-01-01 00:00:00.000,,TONS / ACRE,,STATE,00000000,,00,ALL PRODUCTION PRACTICES,33,CROPS,1971,TOTAL,SURVEY,1.8,HAY
UNITED STATES,,,9000,NOT SPECIFIED,YIELD,,33,,YEAR,NEW HAMPSHIRE,FIELD CROPS,00,,NEW HAMPSHIRE,(EXCL ALFALFA),,ANNUAL,ALL UTILIZATION PRACTICES,,,"HAY, (EXCL ALFALFA) - YIELD, MEASURED IN TONS / ACRE",NH,2012-01-01 00:00:00.000,,TONS / ACRE,,STATE,00000000,,00,ALL PRODUCTION PRACTICES,33,CROPS,1970,TOTAL,SURVEY,1.69,HAY
UNITED STATES,,,9000,NOT SPECIFIED,YIELD,,33,,YEAR,NEW HAMPSHIRE,FIELD CROPS,00,,NEW HAMPSHIRE,(EXCL ALFALFA),,ANNUAL,ALL UTILIZATION PRACTICES,,,"HAY, (EXCL ALFALFA) - YIELD, MEASURED IN TONS / ACRE",NH,2012-01-01 00:00:00.000,,TONS / ACRE,,STATE,00000000,,00,ALL PRODUCTION PRACTICES,33,CROPS,1969,TOTAL,SURVEY,1.63,HAY
UNITED STATES,,,9000,NOT SPECIFIED,YIELD,,33,,YEAR,NEW HAMPSHIRE,FIELD CROPS,00,,NEW HAMPSHIRE,(EXCL ALFALFA),,ANNUAL,ALL UTILIZATION PRACTICES,,,"HAY, (EXCL ALFALFA) - YIELD, MEASURED IN TONS / ACRE",NH,2012-01-01 00:00:00.000,,TONS / ACRE,,STATE,00000000,,00,ALL PRODUCTION PRACTICES,33,CROPS,1968,TOTAL,SURVEY,1.66,HAY
UNITED STATES,,,9000,NOT SPECIFIED,YIELD,,33,,YEAR,NEW HAMPSHIRE,FIELD CROPS,00,,NEW HAMPSHIRE,(EXCL ALFALFA),,ANNUAL,ALL UTILIZATION PRACTICES,,,"HAY, (EXCL ALFALFA) - YIELD, MEASURED IN TONS / ACRE",NH,2012-01-01 00:00:00.000,,TONS / ACRE,,STATE,00000000,,00,ALL PRODUCTION PRACTICES,33,CROPS,1967,TOTAL,SURVEY,1.71,HAY
UNITED STATES,,,9000,NOT SPECIFIED,YIELD,,33,,YEAR,NEW HAMPSHIRE,FIELD CROPS,00,,NEW HAMPSHIRE,(EXCL ALFALFA),,ANNUAL,ALL UTILIZATION PRACTICES,,,"HAY, (EXCL ALFALFA) - YIELD, MEASURED IN TONS / ACRE",NH,2012-01-01 00:00:00.000,,TONS / ACRE,,STATE,00000000,,00,ALL PRODUCTION PRACTICES,33,CROPS,1966,TOTAL,SURVEY,1.55,HAY
UNITED STATES,,,9000,NOT SPECIFIED,YIELD,,33,,YEAR,NEW HAMPSHIRE,FIELD CROPS,00,,NEW HAMPSHIRE,(EXCL ALFALFA),,ANNUAL,ALL UTILIZATION PRACTICES,,,"HAY, (EXCL ALFALFA) - YIELD, MEASURED IN TONS / ACRE",NH,2012-01-01 00:00:00.000,,TONS / ACRE,,STATE,00000000,,00,ALL PRODUCTION PRACTICES,33,CROPS,1965,TOTAL,SURVEY,1.3,HAY
UNITED STATES,,,9000,NOT SPECIFIED,YIELD,,33,,YEAR,NEW HAMPSHIRE,FIELD CROPS,00,,NEW HAMPSHIRE,(EXCL ALFALFA),,ANNUAL,ALL UTILIZATION PRACTICES,,,"HAY, (EXCL ALFALFA) - YIELD, MEASURED IN TONS / ACRE",NH,2012-01-01 00:00:00.000,,TONS / ACRE,,STATE,00000000,,00,ALL PRODUCTION PRACTICES,33,CROPS,1964,TOTAL,SURVEY,1.17,HAY
UNITED STATES,,,9000,NOT SPECIFIED,YIELD,,33,,YEAR,NEW HAMPSHIRE,FIELD CROPS,00,,NEW HAMPSHIRE,(EXCL ALFALFA),,ANNUAL,ALL UTILIZATION PRACTICES,,,"HAY, (EXCL ALFALFA) - YIELD, MEASURED IN TONS / ACRE",NH,2012-01-01 00:00:00.000,,TONS / ACRE,,STATE,00000000,,00,ALL PRODUCTION PRACTICES,33,CROPS,1963,TOTAL,SURVEY,1.28,HAY
UNITED STATES,,,9000,NOT SPECIFIED,YIELD,,33,,YEAR,NEW HAMPSHIRE,FIELD CROPS,00,,NEW HAMPSHIRE,(EXCL ALFALFA),,ANNUAL,ALL UTILIZATION PRACTICES,,,"HAY, (EXCL ALFALFA) - YIELD, MEASURED IN TONS / ACRE",NH,2012-01-01 00:00:00.000,,TONS / ACRE,,STATE,00000000,,00,ALL PRODUCTION PRACTICES,33,CROPS,1962,TOTAL,SURVEY,1.37,HAY
UNITED STATES,,,9000,NOT SPECIFIED,YIELD,,33,,YEAR,NEW HAMPSHIRE,FIELD CROPS,00,,NEW HAMPSHIRE,(EXCL ALFALFA),,ANNUAL,ALL UTILIZATION PRACTICES,,,"HAY, (EXCL ALFALFA) - YIELD, MEASURED IN TONS / ACRE",NH,2012-01-01 00:00:00.000,,TONS / ACRE,,STATE,00000000,,00,ALL PRODUCTION PRACTICES,33,CROPS,1961,TOTAL,SURVEY,1.38,HAY
UNITED STATES,,,9000,NOT SPECIFIED,YIELD,,33,,YEAR,NEW HAMPSHIRE,FIELD CROPS,00,,NEW HAMPSHIRE,(EXCL ALFALFA),,ANNUAL,ALL UTILIZATION PRACTICES,,,"HAY, (EXCL ALFALFA) - YIELD, MEASURED IN TONS / ACRE",NH,2012-01-01 00:00:00.000,,TONS / ACRE,,STATE,00000000,,00,ALL PRODUCTION PRACTICES,33,CROPS,1960,TOTAL,SURVEY,1.43,HAY
UNITED STATES,,,9000,NOT SPECIFIED,YIELD,,33,,YEAR,NEW HAMPSHIRE,FIELD CROPS,00,,NEW HAMPSHIRE,(EXCL ALFALFA),,ANNUAL,ALL UTILIZATION PRACTICES,,,"HAY, (EXCL ALFALFA) - YIELD, MEASURED IN TONS / ACRE",NH,2012-01-01 00:00:00.000,,TONS / ACRE,,STATE,00000000,,00,ALL PRODUCTION PRACTICES,33,CROPS,1959,TOTAL,SURVEY,1.34,HAY
UNITED STATES,,,9000,NOT SPECIFIED,YIELD,,33,,YEAR,NEW HAMPSHIRE,FIELD CROPS,00,,NEW HAMPSHIRE,(EXCL ALFALFA),,ANNUAL,ALL UTILIZATION PRACTICES,,,"HAY, (EXCL ALFALFA) - YIELD, MEASURED IN TONS / ACRE",NH,2012-01-01 00:00:00.000,,TONS / ACRE,,STATE,00000000,,00,ALL PRODUCTION PRACTICES,33,CROPS,1958,TOTAL,SURVEY,1.31,HAY
UNITED STATES,,,9000,NOT SPECIFIED,YIELD,,33,,YEAR,NEW HAMPSHIRE,FIELD CROPS,00,,NEW HAMPSHIRE,(EXCL ALFALFA),,ANNUAL,ALL UTILIZATION PRACTICES,,,"HAY, (EXCL ALFALFA) - YIELD, MEASURED IN TONS / ACRE",NH,2012-01-01 00:00:00.000,,TONS / ACRE,,STATE,00000000,,00,ALL PRODUCTION PRACTICES,33,CROPS,1957,TOTAL,SURVEY,1.26,HAY
UNITED STATES,,,9000,NOT SPECIFIED,YIELD,,33,,YEAR,NEW HAMPSHIRE,FIELD CROPS,00,,NEW HAMPSHIRE,(EXCL ALFALFA),,ANNUAL,ALL UTILIZATION PRACTICES,,,"HAY, (EXCL ALFALFA) - YIELD, MEASURED IN TONS / ACRE",NH,2012-01-01 00:00:00.000,,TONS / ACRE,,STATE,00000000,,00,ALL PRODUCTION PRACTICES,33,CROPS,1956,TOTAL,SURVEY,1.24,HAY
UNITED STATES,,,9000,NOT SPECIFIED,YIELD,,33,,YEAR,NEW HAMPSHIRE,FIELD CROPS,00,,NEW HAMPSHIRE,(EXCL ALFALFA),,ANNUAL,ALL UTILIZATION PRACTICES,,,"HAY, (EXCL ALFALFA) - YIELD, MEASURED IN TONS / ACRE",NH,2012-01-01 00:00:00.000,,TONS / ACRE,,STATE,00000000,,00,ALL PRODUCTION PRACTICES,33,CROPS,1955,TOTAL,SURVEY,1.39,HAY
UNITED STATES,,,9000,NOT SPECIFIED,YIELD,,33,,YEAR,NEW HAMPSHIRE,FIELD CROPS,00,,NEW HAMPSHIRE,(EXCL ALFALFA),,ANNUAL,ALL UTILIZATION PRACTICES,,,"HAY, (EXCL ALFALFA) - YIELD, MEASURED IN TONS / ACRE",NH,2012-01-01 00:00:00.000,,TONS / ACRE,,STATE,00000000,,00,ALL PRODUCTION PRACTICES,33,CROPS,1954,TOTAL,SURVEY,1.32,HAY
UNITED STATES,,,9000,NOT SPECIFIED,YIELD,,33,,YEAR,NEW HAMPSHIRE,FIELD CROPS,00,,NEW HAMPSHIRE,(EXCL ALFALFA),,ANNUAL,ALL UTILIZATION PRACTICES,,,"HAY, (EXCL ALFALFA) - YIELD, MEASURED IN TONS / ACRE",NH,2012-01-01 00:00:00.000,,TONS / ACRE,,STATE,00000000,,00,ALL PRODUCTION PRACTICES,33,CROPS,1953,TOTAL,SURVEY,1.31,HAY
UNITED STATES,,,9000,NOT SPECIFIED,YIELD,,33,,YEAR,NEW HAMPSHIRE,FIELD CROPS,00,,NEW HAMPSHIRE,(EXCL ALFALFA),,ANNUAL,ALL UTILIZATION PRACTICES,,,"HAY, (EXCL ALFALFA) - YIELD, MEASURED IN TONS / ACRE",NH,2012-01-01 00:00:00.000,,TONS / ACRE,,STATE,00000000,,00,ALL PRODUCTION PRACTICES,33,CROPS,1952,TOTAL,SURVEY,1.46,HAY
UNITED STATES,,,9000,NOT SPECIFIED,YIELD,,33,,YEAR,NEW HAMPSHIRE,FIELD CROPS,00,,NEW HAMPSHIRE,(EXCL ALFALFA),,ANNUAL,ALL UTILIZATION PRACTICES,,,"HAY, (EXCL ALFALFA) - YIELD, MEASURED IN TONS / ACRE",NH,2012-01-01 00:00:00.000,,TONS / ACRE,,STATE,00000000,,00,ALL PRODUCTION PRACTICES,33,CROPS,1951,TOTAL,SURVEY,1.41,HAY
UNITED STATES,,,9000,NOT SPECIFIED,YIELD,,33,,YEAR,NEW HAMPSHIRE,FIELD CROPS,00,,NEW HAMPSHIRE,(EXCL ALFALFA),,ANNUAL,ALL UTILIZATION PRACTICES,,,"HAY, (EXCL ALFALFA) - YIELD, MEASURED IN TONS / ACRE",NH,2012-01-01 00:00:00.000,,TONS / ACRE,,STATE,00000000,,00,ALL PRODUCTION PRACTICES,33,CROPS,1950,TOTAL,SURVEY,1.36,HAY
UNITED STATES,,,9000,NOT SPECIFIED,YIELD,,33,,YEAR,NEW HAMPSHIRE,FIELD CROPS,00,,NEW HAMPSHIRE,(EXCL ALFALFA),,ANNUAL,ALL UTILIZATION PRACTICES,,,"HAY, (EXCL ALFALFA) - YIELD, MEASURED IN TONS / ACRE",NH,2012-01-01 00:00:00.000,,TONS / ACRE,,STATE,00000000,,00,ALL PRODUCTION PRACTICES,33,CROPS,1949,TOTAL,SURVEY,1.31,HAY
UNITED STATES,,,9000,NOT SPECIFIED,YIELD,,33,,YEAR,NEW HAMPSHIRE,FIELD CROPS,00,,NEW HAMPSHIRE,(EXCL ALFALFA),,ANNUAL,ALL UTILIZATION PRACTICES,,,"HAY, (EXCL ALFALFA) - YIELD, MEASURED IN TONS / ACRE",NH,2012-01-01 00:00:00.000,,TONS / ACRE,,STATE,00000000,,00,ALL PRODUCTION PRACTICES,33,CROPS,1948,TOTAL,SURVEY,1.46,HAY
UNITED STATES,,,9000,NOT SPECIFIED,YIELD,,33,,YEAR,NEW HAMPSHIRE,FIELD CROPS,00,,NEW HAMPSHIRE,(EXCL ALFALFA),,ANNUAL,ALL UTILIZATION PRACTICES,,,"HAY, (EXCL ALFALFA) - YIELD, MEASURED IN TONS / ACRE",NH,2012-01-01 00:00:00.000,,TONS / ACRE,,STATE,00000000,,00,ALL PRODUCTION PRACTICES,33,CROPS,1947,TOTAL,SURVEY,1.46,HAY
UNITED STATES,,,9000,NOT SPECIFIED,YIELD,,33,,YEAR,NEW HAMPSHIRE,FIELD CROPS,00,,NEW HAMPSHIRE,(EXCL ALFALFA),,ANNUAL,ALL UTILIZATION PRACTICES,,,"HAY, (EXCL ALFALFA) - YIELD, MEASURED IN TONS / ACRE",NH,2012-01-01 00:00:00.000,,TONS / ACRE,,STATE,00000000,,00,ALL PRODUCTION PRACTICES,33,CROPS,1946,TOTAL,SURVEY,1.36,HAY
UNITED STATES,,,9000,NOT SPECIFIED,YIELD,,33,,YEAR,NEW HAMPSHIRE,FIELD CROPS,00,,NEW HAMPSHIRE,(EXCL ALFALFA),,ANNUAL,ALL UTILIZATION PRACTICES,,,"HAY, (EXCL ALFALFA) - YIELD, MEASURED IN TONS / ACRE",NH,2012-01-01 00:00:00.000,,TONS / ACRE,,STATE,00000000,,00,ALL PRODUCTION PRACTICES,33,CROPS,1945,TOTAL,SURVEY,1.36,HAY
UNITED STATES,,,9000,NOT SPECIFIED,YIELD,,33,,YEAR,NEW HAMPSHIRE,FIELD CROPS,00,,NEW HAMPSHIRE,(EXCL ALFALFA),,ANNUAL,ALL UTILIZATION PRACTICES,,,"HAY, (EXCL ALFALFA) - YIELD, MEASURED IN TONS / ACRE",NH,2012-01-01 00:00:00.000,,TONS / ACRE,,STATE,00000000,,00,ALL PRODUCTION PRACTICES,33,CROPS,1944,TOTAL,SURVEY,1.17,HAY
UNITED STATES,,,9000,NOT SPECIFIED,YIELD,,33,,YEAR,NEW HAMPSHIRE,FIELD CROPS,00,,NEW HAMPSHIRE,(EXCL ALFALFA),,ANNUAL,ALL UTILIZATION PRACTICES,,,"HAY, (EXCL ALFALFA) - YIELD, MEASURED IN TONS / ACRE",NH,2012-01-01 00:00:00.000,,TONS / ACRE,,STATE,00000000,,00,ALL PRODUCTION PRACTICES,33,CROPS,1943,TOTAL,SURVEY,1.41,HAY
UNITED STATES,,,9000,NOT SPECIFIED,YIELD,,33,,YEAR,NEW HAMPSHIRE,FIELD CROPS,00,,NEW HAMPSHIRE,(EXCL ALFALFA),,ANNUAL,ALL UTILIZATION PRACTICES,,,"HAY, (EXCL ALFALFA) - YIELD, MEASURED IN TONS / ACRE",NH,2012-01-01 00:00:00.000,,TONS / ACRE,,STATE,00000000,,00,ALL PRODUCTION PRACTICES,33,CROPS,1942,TOTAL,SURVEY,1.32,HAY
UNITED STATES,,,9000,NOT SPECIFIED,YIELD,,33,,YEAR,NEW HAMPSHIRE,FIELD CROPS,00,,NEW HAMPSHIRE,(EXCL ALFALFA),,ANNUAL,ALL UTILIZATION PRACTICES,,,"HAY, (EXCL ALFALFA) - YIELD, MEASURED IN TONS / ACRE",NH,2012-01-01 00:00:00.000,,TONS / ACRE,,STATE,00000000,,00,ALL PRODUCTION PRACTICES,33,CROPS,1941,TOTAL,SURVEY,1.08,HAY
UNITED STATES,,,9000,NOT SPECIFIED,YIELD,,33,,YEAR,NEW HAMPSHIRE,FIELD CROPS,00,,NEW HAMPSHIRE,(EXCL ALFALFA),,ANNUAL,ALL UTILIZATION PRACTICES,,,"HAY, (EXCL ALFALFA) - YIELD, MEASURED IN TONS / ACRE",NH,2012-01-01 00:00:00.000,,TONS / ACRE,,STATE,00000000,,00,ALL PRODUCTION PRACTICES,33,CROPS,1940,TOTAL,SURVEY,1.32,HAY
UNITED STATES,,,9000,NOT SPECIFIED,YIELD,,33,,YEAR,NEW HAMPSHIRE,FIELD CROPS,00,,NEW HAMPSHIRE,(EXCL ALFALFA),,ANNUAL,ALL UTILIZATION PRACTICES,,,"HAY, (EXCL ALFALFA) - YIELD, MEASURED IN TONS / ACRE",NH,2012-01-01 00:00:00.000,,TONS / ACRE,,STATE,00000000,,00,ALL PRODUCTION PRACTICES,33,CROPS,1939,TOTAL,SURVEY,1.21,HAY
UNITED STATES,,,9000,NOT SPECIFIED,YIELD,,33,,YEAR,NEW HAMPSHIRE,FIELD CROPS,00,,NEW HAMPSHIRE,(EXCL ALFALFA),,ANNUAL,ALL UTILIZATION PRACTICES,,,"HAY, (EXCL ALFALFA) - YIELD, MEASURED IN TONS / ACRE",NH,2012-01-01 00:00:00.000,,TONS / ACRE,,STATE,00000000,,00,ALL PRODUCTION PRACTICES,33,CROPS,1938,TOTAL,SURVEY,1.26,HAY
UNITED STATES,,,9000,NOT SPECIFIED,YIELD,,33,,YEAR,NEW HAMPSHIRE,FIELD CROPS,00,,NEW HAMPSHIRE,(EXCL ALFALFA),,ANNUAL,ALL UTILIZATION PRACTICES,,,"HAY, (EXCL ALFALFA) - YIELD, MEASURED IN TONS / ACRE",NH,2012-01-01 00:00:00.000,,TONS / ACRE,,STATE,00000000,,00,ALL PRODUCTION PRACTICES,33,CROPS,1937,TOTAL,SURVEY,1.3,HAY
UNITED STATES,,,9000,NOT SPECIFIED,YIELD,,33,,YEAR,NEW HAMPSHIRE,FIELD CROPS,00,,NEW HAMPSHIRE,(EXCL ALFALFA),,ANNUAL,ALL UTILIZATION PRACTICES,,,"HAY, (EXCL ALFALFA) - YIELD, MEASURED IN TONS / ACRE",NH,2012-01-01 00:00:00.000,,TONS / ACRE,,STATE,00000000,,00,ALL PRODUCTION PRACTICES,33,CROPS,1936,TOTAL,SURVEY,1.11,HAY
UNITED STATES,,,9000,NOT SPECIFIED,YIELD,,33,,YEAR,NEW HAMPSHIRE,FIELD CROPS,00,,NEW HAMPSHIRE,(EXCL ALFALFA),,ANNUAL,ALL UTILIZATION PRACTICES,,,"HAY, (EXCL ALFALFA) - YIELD, MEASURED IN TONS / ACRE",NH,2012-01-01 00:00:00.000,,TONS / ACRE,,STATE,00000000,,00,ALL PRODUCTION PRACTICES,33,CROPS,1935,TOTAL,SURVEY,1.26,HAY
UNITED STATES,,,9000,NOT SPECIFIED,YIELD,,33,,YEAR,NEW HAMPSHIRE,FIELD CROPS,00,,NEW HAMPSHIRE,(EXCL ALFALFA),,ANNUAL,ALL UTILIZATION PRACTICES,,,"HAY, (EXCL ALFALFA) - YIELD, MEASURED IN TONS / ACRE",NH,2012-01-01 00:00:00.000,,TONS / ACRE,,STATE,00000000,,00,ALL PRODUCTION PRACTICES,33,CROPS,1934,TOTAL,SURVEY,1.07,HAY
UNITED STATES,,,9000,NOT SPECIFIED,YIELD,,33,,YEAR,NEW HAMPSHIRE,FIELD CROPS,00,,NEW HAMPSHIRE,(EXCL ALFALFA),,ANNUAL,ALL UTILIZATION PRACTICES,,,"HAY, (EXCL ALFALFA) - YIELD, MEASURED IN TONS / ACRE",NH,2012-01-01 00:00:00.000,,TONS / ACRE,,STATE,00000000,,00,ALL PRODUCTION PRACTICES,33,CROPS,1933,TOTAL,SURVEY,1.12,HAY
UNITED STATES,,,9000,NOT SPECIFIED,YIELD,,33,,YEAR,NEW HAMPSHIRE,FIELD CROPS,00,,NEW HAMPSHIRE,(EXCL ALFALFA),,ANNUAL,ALL UTILIZATION PRACTICES,,,"HAY, (EXCL ALFALFA) - YIELD, MEASURED IN TONS / ACRE",NH,2012-01-01 00:00:00.000,,TONS / ACRE,,STATE,00000000,,00,ALL PRODUCTION PRACTICES,33,CROPS,1932,TOTAL,SURVEY,0.98,HAY
UNITED STATES,,,9000,NOT SPECIFIED,YIELD,,33,,YEAR,NEW HAMPSHIRE,FIELD CROPS,00,,NEW HAMPSHIRE,(EXCL ALFALFA),,ANNUAL,ALL UTILIZATION PRACTICES,,,"HAY, (EXCL ALFALFA) - YIELD, MEASURED IN TONS / ACRE",NH,2012-01-01 00:00:00.000,,TONS / ACRE,,STATE,00000000,,00,ALL PRODUCTION PRACTICES,33,CROPS,1931,TOTAL,SURVEY,1.21,HAY
UNITED STATES,,,9000,NOT SPECIFIED,YIELD,,33,,YEAR,NEW HAMPSHIRE,FIELD CROPS,00,,NEW HAMPSHIRE,(EXCL ALFALFA),,ANNUAL,ALL UTILIZATION PRACTICES,,,"HAY, (EXCL ALFALFA) - YIELD, MEASURED IN TONS / ACRE",NH,2012-01-01 00:00:00.000,,TONS / ACRE,,STATE,00000000,,00,ALL PRODUCTION PRACTICES,33,CROPS,1930,TOTAL,SURVEY,1.32,HAY
UNITED STATES,,,9000,NOT SPECIFIED,YIELD,,33,,YEAR,NEW HAMPSHIRE,FIELD CROPS,00,,NEW HAMPSHIRE,(EXCL ALFALFA),,ANNUAL,ALL UTILIZATION PRACTICES,,,"HAY, (EXCL ALFALFA) - YIELD, MEASURED IN TONS / ACRE",NH,2012-01-01 00:00:00.000,,TONS / ACRE,,STATE,00000000,,00,ALL PRODUCTION PRACTICES,33,CROPS,1929,TOTAL,SURVEY,1.21,HAY
UNITED STATES,,,9000,NOT SPECIFIED,YIELD,,33,,YEAR,NEW HAMPSHIRE,FIELD CROPS,00,,NEW HAMPSHIRE,(EXCL ALFALFA),,ANNUAL,ALL UTILIZATION PRACTICES,,,"HAY, (EXCL ALFALFA) - YIELD, MEASURED IN TONS / ACRE",NH,2012-01-01 00:00:00.000,,TONS / ACRE,,STATE,00000000,,00,ALL PRODUCTION PRACTICES,33,CROPS,1928,TOTAL,SURVEY,1.22,HAY
UNITED STATES,,,9000,NOT SPECIFIED,YIELD,,33,,YEAR,NEW HAMPSHIRE,FIELD CROPS,00,,NEW HAMPSHIRE,(EXCL ALFALFA),,ANNUAL,ALL UTILIZATION PRACTICES,,,"HAY, (EXCL ALFALFA) - YIELD, MEASURED IN TONS / ACRE",NH,2012-01-01 00:00:00.000,,TONS / ACRE,,STATE,00000000,,00,ALL PRODUCTION PRACTICES,33,CROPS,1927,TOTAL,SURVEY,1.17,HAY
UNITED STATES,,,9000,NOT SPECIFIED,YIELD,,33,,YEAR,NEW HAMPSHIRE,FIELD CROPS,00,,NEW HAMPSHIRE,(EXCL ALFALFA),,ANNUAL,ALL UTILIZATION PRACTICES,,,"HAY, (EXCL ALFALFA) - YIELD, MEASURED IN TONS / ACRE",NH,2012-01-01 00:00:00.000,,TONS / ACRE,,STATE,00000000,,00,ALL PRODUCTION PRACTICES,33,CROPS,1926,TOTAL,SURVEY,1.06,HAY
UNITED STATES,,,9000,NOT SPECIFIED,YIELD,,33,,YEAR,NEW HAMPSHIRE,FIELD CROPS,00,,NEW HAMPSHIRE,(EXCL ALFALFA),,ANNUAL,ALL UTILIZATION PRACTICES,,,"HAY, (EXCL ALFALFA) - YIELD, MEASURED IN TONS / ACRE",NH,2012-01-01 00:00:00.000,,TONS / ACRE,,STATE,00000000,,00,ALL PRODUCTION PRACTICES,33,CROPS,1925,TOTAL,SURVEY,1.16,HAY
UNITED STATES,,,9000,NOT SPECIFIED,YIELD,,33,,YEAR,NEW HAMPSHIRE,FIELD CROPS,00,,NEW HAMPSHIRE,(EXCL ALFALFA),,ANNUAL,ALL UTILIZATION PRACTICES,,,"HAY, (EXCL ALFALFA) - YIELD, MEASURED IN TONS / ACRE",NH,2012-01-01 00:00:00.000,,TONS / ACRE,,STATE,00000000,,00,ALL PRODUCTION PRACTICES,33,CROPS,1924,TOTAL,SURVEY,1.11,HAY
UNITED STATES,,,9000,NOT SPECIFIED,YIELD,,33,,YEAR,NEW HAMPSHIRE,FIELD CROPS,00,,NEW HAMPSHIRE,(EXCL ALFALFA),,ANNUAL,ALL UTILIZATION PRACTICES,,,"HAY, (EXCL ALFALFA) - YIELD, MEASURED IN TONS / ACRE",NH,2012-01-01 00:00:00.000,,TONS / ACRE,,STATE,00000000,,00,ALL PRODUCTION PRACTICES,33,CROPS,1923,TOTAL,SURVEY,1.15,HAY
UNITED STATES,,,9000,NOT SPECIFIED,YIELD,,33,,YEAR,NEW HAMPSHIRE,FIELD CROPS,00,,NEW HAMPSHIRE,(EXCL ALFALFA),,ANNUAL,ALL UTILIZATION PRACTICES,,,"HAY, (EXCL ALFALFA) - YIELD, MEASURED IN TONS / ACRE",NH,2012-01-01 00:00:00.000,,TONS / ACRE,,STATE,00000000,,00,ALL PRODUCTION PRACTICES,33,CROPS,1922,TOTAL,SURVEY,1.27,HAY
UNITED STATES,,,9000,NOT SPECIFIED,YIELD,,33,,YEAR,NEW HAMPSHIRE,FIELD CROPS,00,,NEW HAMPSHIRE,(EXCL ALFALFA),,ANNUAL,ALL UTILIZATION PRACTICES,,,"HAY, (EXCL ALFALFA) - YIELD, MEASURED IN TONS / ACRE",NH,2012-01-01 00:00:00.000,,TONS / ACRE,,STATE,00000000,,00,ALL PRODUCTION PRACTICES,33,CROPS,1921,TOTAL,SURVEY,1.06,HAY
UNITED STATES,,,9000,NOT SPECIFIED,YIELD,,33,,YEAR,NEW HAMPSHIRE,FIELD CROPS,00,,NEW HAMPSHIRE,(EXCL ALFALFA),,ANNUAL,ALL UTILIZATION PRACTICES,,,"HAY, (EXCL ALFALFA) - YIELD, MEASURED IN TONS / ACRE",NH,2012-01-01 00:00:00.000,,TONS / ACRE,,STATE,00000000,,00,ALL PRODUCTION PRACTICES,33,CROPS,1920,TOTAL,SURVEY,1.21,HAY
UNITED STATES,,,9000,NOT SPECIFIED,YIELD,,33,,YEAR,NEW HAMPSHIRE,FIELD CROPS,00,,NEW HAMPSHIRE,(EXCL ALFALFA),,ANNUAL,ALL UTILIZATION PRACTICES,,,"HAY, (EXCL ALFALFA) - YIELD, MEASURED IN TONS / ACRE",NH,2012-01-01 00:00:00.000,,TONS / ACRE,,STATE,00000000,,00,ALL PRODUCTION PRACTICES,33,CROPS,1919,TOTAL,SURVEY,1.22,HAY
UNITED STATES,,,9000,NOT SPECIFIED,YIELD,,33,,YEAR,NEW HAMPSHIRE,FIELD CROPS,00,,NEW HAMPSHIRE,ALFALFA,,ANNUAL,ALL UTILIZATION PRACTICES,,,"HAY, ALFALFA - YIELD, MEASURED IN TONS / ACRE",NH,2025-01-10 12:00:00.000,,TONS / ACRE,,STATE,00000000,,00,ALL PRODUCTION PRACTICES,33,CROPS,2024,TOTAL,SURVEY,1.8,HAY
UNITED STATES,,,9000,NOT SPECIFIED,YIELD,,33,,YEAR,NEW HAMPSHIRE,FIELD CROPS,00,,NEW HAMPSHIRE,ALFALFA,,ANNUAL,ALL UTILIZATION PRACTICES,,,"HAY, ALFALFA - YIELD, MEASURED IN TONS / ACRE",NH,2025-01-10 12:00:00.000,,TONS / ACRE,,STATE,00000000,,00,ALL PRODUCTION PRACTICES,33,CROPS,2023,TOTAL,SURVEY,2,HAY
UNITED STATES,,,9000,NOT SPECIFIED,YIELD,,33,,YEAR,NEW HAMPSHIRE,FIELD CROPS,00,,NEW HAMPSHIRE,ALFALFA,,ANNUAL,ALL UTILIZATION PRACTICES,,,"HAY, ALFALFA - YIELD, MEASURED IN TONS / ACRE",NH,2024-01-09 15:00:00.000,,TONS / ACRE,,STATE,00000000,,00,ALL PRODUCTION PRACTICES,33,CROPS,2022,TOTAL,SURVEY,2,HAY
UNITED STATES,,,9000,NOT SPECIFIED,YIELD,,33,,YEAR,NEW HAMPSHIRE,FIELD CROPS,00,,NEW HAMPSHIRE,ALFALFA,,ANNUAL,ALL UTILIZATION PRACTICES,,,"HAY, ALFALFA - YIELD, MEASURED IN TONS / ACRE",NH,2024-01-09 15:00:00.000,,TONS / ACRE,,STATE,00000000,,00,ALL PRODUCTION PRACTICES,33,CROPS,2021,TOTAL,SURVEY,1.2,HAY
UNITED STATES,,,9000,NOT SPECIFIED,YIELD,,33,,YEAR,NEW HAMPSHIRE,FIELD CROPS,00,,NEW HAMPSHIRE,ALFALFA,,ANNUAL,ALL UTILIZATION PRACTICES,,,"HAY, ALFALFA - YIELD, MEASURED IN TONS / ACRE",NH,2024-01-09 15:00:00.000,,TONS / ACRE,,STATE,00000000,,00,ALL PRODUCTION PRACTICES,33,CROPS,2020,TOTAL,SURVEY,2,HAY
UNITED STATES,,,9000,NOT SPECIFIED,YIELD,,33,,YEAR,NEW HAMPSHIRE,FIELD CROPS,00,,NEW HAMPSHIRE,ALFALFA,,ANNUAL,ALL UTILIZATION PRACTICES,,,"HAY, ALFALFA - YIELD, MEASURED IN TONS / ACRE",NH,2024-01-09 15:00:00.000,,TONS / ACRE,,STATE,00000000,,00,ALL PRODUCTION PRACTICES,33,CROPS,2019,TOTAL,SURVEY,1.5,HAY
UNITED STATES,,,9000,NOT SPECIFIED,YIELD,,33,,YEAR,NEW HAMPSHIRE,FIELD CROPS,00,,NEW HAMPSHIRE,ALFALFA,,ANNUAL,ALL UTILIZATION PRACTICES,,,"HAY, ALFALFA - YIELD, MEASURED IN TONS / ACRE",NH,2024-01-09 15:00:00.000,,TONS / ACRE,,STATE,00000000,,00,ALL PRODUCTION PRACTICES,33,CROPS,2018,TOTAL,SURVEY,2.2,HAY
UNITED STATES,,,9000,NOT SPECIFIED,YIELD,,33,,YEAR,NEW HAMPSHIRE,FIELD CROPS,00,,NEW HAMPSHIRE,ALFALFA,,ANNUAL,ALL UTILIZATION PRACTICES,,,"HAY, ALFALFA - YIELD, MEASURED IN TONS / ACRE",NH,2019-02-06 15:00:06.000,,TONS / ACRE,,STATE,00000000,,00,ALL PRODUCTION PRACTICES,33,CROPS,2017,TOTAL,SURVEY,1.8,HAY
UNITED STATES,,,9000,NOT SPECIFIED,YIELD,,33,,YEAR,NEW HAMPSHIRE,FIELD CROPS,00,,NEW HAMPSHIRE,ALFALFA,,ANNUAL,ALL UTILIZATION PRACTICES,,,"HAY, ALFALFA - YIELD, MEASURED IN TONS / ACRE",NH,2019-02-06 15:00:06.000,,TONS / ACRE,,STATE,00000000,,00,ALL PRODUCTION PRACTICES,33,CROPS,2016,TOTAL,SURVEY,1.7,HAY
UNITED STATES,,,9000,NOT SPECIFIED,YIELD,,33,,YEAR,NEW HAMPSHIRE,FIELD CROPS,00,,NEW HAMPSHIRE,ALFALFA,,ANNUAL,ALL UTILIZATION PRACTICES,,,"HAY, ALFALFA - YIELD, MEASURED IN TONS / ACRE",NH,2019-02-06 15:00:06.000,,TONS / ACRE,,STATE,00000000,,00,ALL PRODUCTION PRACTICES,33,CROPS,2015,TOTAL,SURVEY,2.1,HAY
UNITED STATES,,,9000,NOT SPECIFIED,YIELD,,33,,YEAR,NEW HAMPSHIRE,FIELD CROPS,00,,NEW HAMPSHIRE,ALFALFA,,ANNUAL,ALL UTILIZATION PRACTICES,,,"HAY, ALFALFA - YIELD, MEASURED IN TONS / ACRE",NH,2019-02-06 15:00:06.000,,TONS / ACRE,,STATE,00000000,,00,ALL PRODUCTION PRACTICES,33,CROPS,2014,TOTAL,SURVEY,2,HAY
UNITED STATES,,,9000,NOT SPECIFIED,YIELD,,33,,YEAR,NEW HAMPSHIRE,FIELD CROPS,00,,NEW HAMPSHIRE,ALFALFA,,ANNUAL,ALL UTILIZATION PRACTICES,,,"HAY, ALFALFA - YIELD, MEASURED IN TONS / ACRE",NH,2019-02-06 15:00:06.000,,TONS / ACRE,,STATE,00000000,,00,ALL PRODUCTION PRACTICES,33,CROPS,2013,TOTAL,SURVEY,1.6,HAY
UNITED STATES,,,9000,NOT SPECIFIED,YIELD,,33,,YEAR,NEW HAMPSHIRE,FIELD CROPS,00,,NEW HAMPSHIRE,ALFALFA,,ANNUAL,ALL UTILIZATION PRACTICES,,,"HAY, ALFALFA - YIELD, MEASURED IN TONS / ACRE",NH,2014-11-03 16:18:55.000,,TONS / ACRE,,STATE,00000000,,00,ALL PRODUCTION PRACTICES,33,CROPS,2012,TOTAL,SURVEY,2,HAY
UNITED STATES,,,9000,NOT SPECIFIED,YIELD,,33,,YEAR,NEW HAMPSHIRE,FIELD CROPS,00,,NEW HAMPSHIRE,ALFALFA,,ANNUAL,ALL UTILIZATION PRACTICES,,,"HAY, ALFALFA - YIELD, MEASURED IN TONS / ACRE",NH,2014-11-03 16:18:55.000,,TONS / ACRE,,STATE,00000000,,00,ALL PRODUCTION PRACTICES,33,CROPS,2011,TOTAL,SURVEY,1.7,HAY
UNITED STATES,,,9000,NOT SPECIFIED,YIELD,,33,,YEAR,NEW HAMPSHIRE,FIELD CROPS,00,,NEW HAMPSHIRE,ALFALFA,,ANNUAL,ALL UTILIZATION PRACTICES,,,"HAY, ALFALFA - YIELD, MEASURED IN TONS / ACRE",NH,2014-11-03 16:18:55.000,,TONS / ACRE,,STATE,00000000,,00,ALL PRODUCTION PRACTICES,33,CROPS,2010,TOTAL,SURVEY,1.4,HAY
UNITED STATES,,,9000,NOT SPECIFIED,YIELD,,33,,YEAR,NEW HAMPSHIRE,FIELD CROPS,00,,NEW HAMPSHIRE,ALFALFA,,ANNUAL,ALL UTILIZATION PRACTICES,,,"HAY, ALFALFA - YIELD, MEASURED IN TONS / ACRE",NH,2014-11-03 16:18:55.000,,TONS / ACRE,,STATE,00000000,,00,ALL PRODUCTION PRACTICES,33,CROPS,2009,TOTAL,SURVEY,2,HAY
UNITED STATES,,,9000,NOT SPECIFIED,YIELD,,33,,YEAR,NEW HAMPSHIRE,FIELD CROPS,00,,NEW HAMPSHIRE,ALFALFA,,ANNUAL,ALL UTILIZATION PRACTICES,,,"HAY, ALFALFA - YIELD, MEASURED IN TONS / ACRE",NH,2014-11-03 16:18:55.000,,TONS / ACRE,,STATE,00000000,,00,ALL PRODUCTION PRACTICES,33,CROPS,2008,TOTAL,SURVEY,2.8,HAY
UNITED STATES,,,9000,NOT SPECIFIED,YIELD,,33,,YEAR,NEW HAMPSHIRE,FIELD CROPS,00,,NEW HAMPSHIRE,ALFALFA,,ANNUAL,ALL UTILIZATION PRACTICES,,,"HAY, ALFALFA - YIELD, MEASURED IN TONS / ACRE",NH,2012-01-01 00:00:00.000,,TONS / ACRE,,STATE,00000000,,00,ALL PRODUCTION PRACTICES,33,CROPS,2007,TOTAL,SURVEY,2.4,HAY
UNITED STATES,,,9000,NOT SPECIFIED,YIELD,,33,,YEAR,NEW HAMPSHIRE,FIELD CROPS,00,,NEW HAMPSHIRE,ALFALFA,,ANNUAL,ALL UTILIZATION PRACTICES,,,"HAY, ALFALFA - YIELD, MEASURED IN TONS / ACRE",NH,2012-01-01 00:00:00.000,,TONS / ACRE,,STATE,00000000,,00,ALL PRODUCTION PRACTICES,33,CROPS,2006,TOTAL,SURVEY,2.4,HAY
UNITED STATES,,,9000,NOT SPECIFIED,YIELD,,33,,YEAR,NEW HAMPSHIRE,FIELD CROPS,00,,NEW HAMPSHIRE,ALFALFA,,ANNUAL,ALL UTILIZATION PRACTICES,,,"HAY, ALFALFA - YIELD, MEASURED IN TONS / ACRE",NH,2012-01-01 00:00:00.000,,TONS / ACRE,,STATE,00000000,,00,ALL PRODUCTION PRACTICES,33,CROPS,2005,TOTAL,SURVEY,2.1,HAY
UNITED STATES,,,9000,NOT SPECIFIED,YIELD,,33,,YEAR,NEW HAMPSHIRE,FIELD CROPS,00,,NEW HAMPSHIRE,ALFALFA,,ANNUAL,ALL UTILIZATION PRACTICES,,,"HAY, ALFALFA - YIELD, MEASURED IN TONS / ACRE",NH,2012-01-01 00:00:00.000,,TONS / ACRE,,STATE,00000000,,00,ALL PRODUCTION PRACTICES,33,CROPS,2004,TOTAL,SURVEY,2.1,HAY
UNITED STATES,,,9000,NOT SPECIFIED,YIELD,,33,,YEAR,NEW HAMPSHIRE,FIELD CROPS,00,,NEW HAMPSHIRE,ALFALFA,,ANNUAL,ALL UTILIZATION PRACTICES,,,"HAY, ALFALFA - YIELD, MEASURED IN TONS / ACRE",NH,2012-01-01 00:00:00.000,,TONS / ACRE,,STATE,00000000,,00,ALL PRODUCTION PRACTICES,33,CROPS,2003,TOTAL,SURVEY,2.4,HAY
UNITED STATES,,,9000,NOT SPECIFIED,YIELD,,33,,YEAR,NEW HAMPSHIRE,FIELD CROPS,00,,NEW HAMPSHIRE,ALFALFA,,ANNUAL,ALL UTILIZATION PRACTICES,,,"HAY, ALFALFA - YIELD, MEASURED IN TONS / ACRE",NH,2012-01-01 00:00:00.000,,TONS / ACRE,,STATE,00000000,,00,ALL PRODUCTION PRACTICES,33,CROPS,2002,TOTAL,SURVEY,2.3,HAY
UNITED STATES,,,9000,NOT SPECIFIED,YIELD,,33,,YEAR,NEW HAMPSHIRE,FIELD CROPS,00,,NEW HAMPSHIRE,ALFALFA,,ANNUAL,ALL UTILIZATION PRACTICES,,,"HAY, ALFALFA - YIELD, MEASURED IN TONS / ACRE",NH,2012-01-01 00:00:00.000,,TONS / ACRE,,STATE,00000000,,00,ALL PRODUCTION PRACTICES,33,CROPS,2001,TOTAL,SURVEY,2,HAY
UNITED STATES,,,9000,NOT SPECIFIED,YIELD,,33,,YEAR,NEW HAMPSHIRE,FIELD CROPS,00,,NEW HAMPSHIRE,ALFALFA,,ANNUAL,ALL UTILIZATION PRACTICES,,,"HAY, ALFALFA - YIELD, MEASURED IN TONS / ACRE",NH,2012-01-01 00:00:00.000,,TONS / ACRE,,STATE,00000000,,00,ALL PRODUCTION PRACTICES,33,CROPS,2000,TOTAL,SURVEY,2,HAY
UNITED STATES,,,9000,NOT SPECIFIED,YIELD,,33,,YEAR,NEW HAMPSHIRE,FIELD CROPS,00,,NEW HAMPSHIRE,ALFALFA,,ANNUAL,ALL UTILIZATION PRACTICES,,,"HAY, ALFALFA - YIELD, MEASURED IN TONS / ACRE",NH,2012-01-01 00:00:00.000,,TONS / ACRE,,STATE,00000000,,00,ALL PRODUCTION PRACTICES,33,CROPS,1999,TOTAL,SURVEY,2.2,HAY
UNITED STATES,,,9000,NOT SPECIFIED,YIELD,,33,,YEAR - AUG FORECAST,NEW HAMPSHIRE,FIELD CROPS,00,,NEW HAMPSHIRE,ALFALFA,,ANNUAL,ALL UTILIZATION PRACTICES,,,"HAY, ALFALFA - YIELD, MEASURED IN TONS / ACRE",NH,2012-01-01 00:00:00.000,,TONS / ACRE,,STATE,00000000,,00,ALL PRODUCTION PRACTICES,33,CROPS,1999,TOTAL,SURVEY,2,HAY
UNITED STATES,,,9000,NOT SPECIFIED,YIELD,,33,,YEAR - OCT FORECAST,NEW HAMPSHIRE,FIELD CROPS,00,,NEW HAMPSHIRE,ALFALFA,,ANNUAL,ALL UTILIZATION PRACTICES,,,"HAY, ALFALFA - YIELD, MEASURED IN TONS / ACRE",NH,2012-01-01 00:00:00.000,,TONS / ACRE,,STATE,00000000,,00,ALL PRODUCTION PRACTICES,33,CROPS,1999,TOTAL,SURVEY,2,HAY
UNITED STATES,,,9000,NOT SPECIFIED,YIELD,,33,,YEAR,NEW HAMPSHIRE,FIELD CROPS,00,,NEW HAMPSHIRE,ALFALFA,,ANNUAL,ALL UTILIZATION PRACTICES,,,"HAY, ALFALFA - YIELD, MEASURED IN TONS / ACRE",NH,2012-01-01 00:00:00.000,,TONS / ACRE,,STATE,00000000,,00,ALL PRODUCTION PRACTICES,33,CROPS,1998,TOTAL,SURVEY,3,HAY
UNITED STATES,,,9000,NOT SPECIFIED,YIELD,,33,,YEAR,NEW HAMPSHIRE,FIELD CROPS,00,,NEW HAMPSHIRE,ALFALFA,,ANNUAL,ALL UTILIZATION PRACTICES,,,"HAY, ALFALFA - YIELD, MEASURED IN TONS / ACRE",NH,2012-01-01 00:00:00.000,,TONS / ACRE,,STATE,00000000,,00,ALL PRODUCTION PRACTICES,33,CROPS,1997,TOTAL,SURVEY,2,HAY
UNITED STATES,,,9000,NOT SPECIFIED,YIELD,,33,,YEAR,NEW HAMPSHIRE,FIELD CROPS,00,,NEW HAMPSHIRE,ALFALFA,,ANNUAL,ALL UTILIZATION PRACTICES,,,"HAY, ALFALFA - YIELD, MEASURED IN TONS / ACRE",NH,2012-01-01 00:00:00.000,,TONS / ACRE,,STATE,00000000,,00,ALL PRODUCTION PRACTICES,33,CROPS,1996,TOTAL,SURVEY,1.95,HAY
UNITED STATES,,,9000,NOT SPECIFIED,YIELD,,33,,YEAR,NEW HAMPSHIRE,FIELD CROPS,00,,NEW HAMPSHIRE,ALFALFA,,ANNUAL,ALL UTILIZATION PRACTICES,,,"HAY, ALFALFA - YIELD, MEASURED IN TONS / ACRE",NH,2012-01-01 00:00:00.000,,TONS / ACRE,,STATE,00000000,,00,ALL PRODUCTION PRACTICES,33,CROPS,1995,TOTAL,SURVEY,2.1,HAY
UNITED STATES,,,9000,NOT SPECIFIED,YIELD,,33,,YEAR,NEW HAMPSHIRE,FIELD CROPS,00,,NEW HAMPSHIRE,ALFALFA,,ANNUAL,ALL UTILIZATION PRACTICES,,,"HAY, ALFALFA - YIELD, MEASURED IN TONS / ACRE",NH,2012-01-01 00:00:00.000,,TONS / ACRE,,STATE,00000000,,00,ALL PRODUCTION PRACTICES,33,CROPS,1994,TOTAL,SURVEY,2.1,HAY
UNITED STATES,,,9000,NOT SPECIFIED,YIELD,,33,,YEAR,NEW HAMPSHIRE,FIELD CROPS,00,,NEW HAMPSHIRE,ALFALFA,,ANNUAL,ALL UTILIZATION PRACTICES,,,"HAY, ALFALFA - YIELD, MEASURED IN TONS / ACRE",NH,2012-01-01 00:00:00.000,,TONS / ACRE,,STATE,00000000,,00,ALL PRODUCTION PRACTICES,33,CROPS,1993,TOTAL,SURVEY,2.3,HAY
UNITED STATES,,,9000,NOT SPECIFIED,YIELD,,33,,YEAR,NEW HAMPSHIRE,FIELD CROPS,00,,NEW HAMPSHIRE,ALFALFA,,ANNUAL,ALL UTILIZATION PRACTICES,,,"HAY, ALFALFA - YIELD, MEASURED IN TONS / ACRE",NH,2012-01-01 00:00:00.000,,TONS / ACRE,,STATE,00000000,,00,ALL PRODUCTION PRACTICES,33,CROPS,1992,TOTAL,SURVEY,1.95,HAY
UNITED STATES,,,9000,NOT SPECIFIED,YIELD,,33,,YEAR,NEW HAMPSHIRE,FIELD CROPS,00,,NEW HAMPSHIRE,ALFALFA,,ANNUAL,ALL UTILIZATION PRACTICES,,,"HAY, ALFALFA - YIELD, MEASURED IN TONS / ACRE",NH,2012-01-01 00:00:00.000,,TONS / ACRE,,STATE,00000000,,00,ALL PRODUCTION PRACTICES,33,CROPS,1991,TOTAL,SURVEY,2.4,HAY
UNITED STATES,,,9000,NOT SPECIFIED,YIELD,,33,,YEAR,NEW HAMPSHIRE,FIELD CROPS,00,,NEW HAMPSHIRE,ALFALFA,,ANNUAL,ALL UTILIZATION PRACTICES,,,"HAY, ALFALFA - YIELD, MEASURED IN TONS / ACRE",NH,2012-01-01 00:00:00.000,,TONS / ACRE,,STATE,00000000,,00,ALL PRODUCTION PRACTICES,33,CROPS,1990,TOTAL,SURVEY,2.2,HAY
UNITED STATES,,,9000,NOT SPECIFIED,YIELD,,33,,YEAR,NEW HAMPSHIRE,FIELD CROPS,00,,NEW HAMPSHIRE,ALFALFA,,ANNUAL,ALL UTILIZATION PRACTICES,,,"HAY, ALFALFA - YIELD, MEASURED IN TONS / ACRE",NH,2012-01-01 00:00:00.000,,TONS / ACRE,,STATE,00000000,,00,ALL PRODUCTION PRACTICES,33,CROPS,1989,TOTAL,SURVEY,2.55,HAY
UNITED STATES,,,9000,NOT SPECIFIED,YIELD,,33,,YEAR,NEW HAMPSHIRE,FIELD CROPS,00,,NEW HAMPSHIRE,ALFALFA,,ANNUAL,ALL UTILIZATION PRACTICES,,,"HAY, ALFALFA - YIELD, MEASURED IN TONS / ACRE",NH,2012-01-01 00:00:00.000,,TONS / ACRE,,STATE,00000000,,00,ALL PRODUCTION PRACTICES,33,CROPS,1988,TOTAL,SURVEY,2.45,HAY
UNITED STATES,,,9000,NOT SPECIFIED,YIELD,,33,,YEAR,NEW HAMPSHIRE,FIELD CROPS,00,,NEW HAMPSHIRE,ALFALFA,,ANNUAL,ALL UTILIZATION PRACTICES,,,"HAY, ALFALFA - YIELD, MEASURED IN TONS / ACRE",NH,2012-01-01 00:00:00.000,,TONS / ACRE,,STATE,00000000,,00,ALL PRODUCTION PRACTICES,33,CROPS,1987,TOTAL,SURVEY,2.4,HAY
UNITED STATES,,,9000,NOT SPECIFIED,YIELD,,33,,YEAR,NEW HAMPSHIRE,FIELD CROPS,00,,NEW HAMPSHIRE,ALFALFA,,ANNUAL,ALL UTILIZATION PRACTICES,,,"HAY, ALFALFA - YIELD, MEASURED IN TONS / ACRE",NH,2012-01-01 00:00:00.000,,TONS / ACRE,,STATE,00000000,,00,ALL PRODUCTION PRACTICES,33,CROPS,1986,TOTAL,SURVEY,2.8,HAY
UNITED STATES,,,9000,NOT SPECIFIED,YIELD,,33,,YEAR,NEW HAMPSHIRE,FIELD CROPS,00,,NEW HAMPSHIRE,ALFALFA,,ANNUAL,ALL UTILIZATION PRACTICES,,,"HAY, ALFALFA - YIELD, MEASURED IN TONS / ACRE",NH,2012-01-01 00:00:00.000,,TONS / ACRE,,STATE,00000000,,00,ALL PRODUCTION PRACTICES,33,CROPS,1985,TOTAL,SURVEY,2.9,HAY
UNITED STATES,,,9000,NOT SPECIFIED,YIELD,,33,,YEAR,NEW HAMPSHIRE,FIELD CROPS,00,,NEW HAMPSHIRE,ALFALFA,,ANNUAL,ALL UTILIZATION PRACTICES,,,"HAY, ALFALFA - YIELD, MEASURED IN TONS / ACRE",NH,2012-01-01 00:00:00.000,,TONS / ACRE,,STATE,00000000,,00,ALL PRODUCTION PRACTICES,33,CROPS,1984,TOTAL,SURVEY,2.8,HAY
UNITED STATES,,,9000,NOT SPECIFIED,YIELD,,33,,YEAR,NEW HAMPSHIRE,FIELD CROPS,00,,NEW HAMPSHIRE,ALFALFA,,ANNUAL,ALL UTILIZATION PRACTICES,,,"HAY, ALFALFA - YIELD, MEASURED IN TONS / ACRE",NH,2012-01-01 00:00:00.000,,TONS / ACRE,,STATE,00000000,,00,ALL PRODUCTION PRACTICES,33,CROPS,1983,TOTAL,SURVEY,3,HAY
UNITED STATES,,,9000,NOT SPECIFIED,YIELD,,33,,YEAR,NEW HAMPSHIRE,FIELD CROPS,00,,NEW HAMPSHIRE,ALFALFA,,ANNUAL,ALL UTILIZATION PRACTICES,,,"HAY, ALFALFA - YIELD, MEASURED IN TONS / ACRE",NH,2012-01-01 00:00:00.000,,TONS / ACRE,,STATE,00000000,,00,ALL PRODUCTION PRACTICES,33,CROPS,1982,TOTAL,SURVEY,2.7,HAY
UNITED STATES,,,9000,NOT SPECIFIED,YIELD,,33,,YEAR,NEW HAMPSHIRE,FIELD CROPS,00,,NEW HAMPSHIRE,ALFALFA,,ANNUAL,ALL UTILIZATION PRACTICES,,,"HAY, ALFALFA - YIELD, MEASURED IN TONS / ACRE",NH,2012-01-01 00:00:00.000,,TONS / ACRE,,STATE,00000000,,00,ALL PRODUCTION PRACTICES,33,CROPS,1981,TOTAL,SURVEY,2.5,HAY
UNITED STATES,,,9000,NOT SPECIFIED,YIELD,,33,,YEAR,NEW HAMPSHIRE,FIELD CROPS,00,,NEW HAMPSHIRE,ALFALFA,,ANNUAL,ALL UTILIZATION PRACTICES,,,"HAY, ALFALFA - YIELD, MEASURED IN TONS / ACRE",NH,2012-01-01 00:00:00.000,,TONS / ACRE,,STATE,00000000,,00,ALL PRODUCTION PRACTICES,33,CROPS,1980,TOTAL,SURVEY,2.25,HAY
UNITED STATES,,,9000,NOT SPECIFIED,YIELD,,33,,YEAR,NEW HAMPSHIRE,FIELD CROPS,00,,NEW HAMPSHIRE,ALFALFA,,ANNUAL,ALL UTILIZATION PRACTICES,,,"HAY, ALFALFA - YIELD, MEASURED IN TONS / ACRE",NH,2012-01-01 00:00:00.000,,TONS / ACRE,,STATE,00000000,,00,ALL PRODUCTION PRACTICES,33,CROPS,1979,TOTAL,SURVEY,2.6,HAY
UNITED STATES,,,9000,NOT SPECIFIED,YIELD,,33,,YEAR,NEW HAMPSHIRE,FIELD CROPS,00,,NEW HAMPSHIRE,ALFALFA,,ANNUAL,ALL UTILIZATION PRACTICES,,,"HAY, ALFALFA - YIELD, MEASURED IN TONS / ACRE",NH,2012-01-01 00:00:00.000,,TONS / ACRE,,STATE,00000000,,00,ALL PRODUCTION PRACTICES,33,CROPS,1978,TOTAL,SURVEY,2.55,HAY
UNITED STATES,,,9000,NOT SPECIFIED,YIELD,,33,,YEAR,NEW HAMPSHIRE,FIELD CROPS,00,,NEW HAMPSHIRE,ALFALFA,,ANNUAL,ALL UTILIZATION PRACTICES,,,"HAY, ALFALFA - YIELD, MEASURED IN TONS / ACRE",NH,2012-01-01 00:00:00.000,,TONS / ACRE,,STATE,00000000,,00,ALL PRODUCTION PRACTICES,33,CROPS,1977,TOTAL,SURVEY,2.75,HAY
UNITED STATES,,,9000,NOT SPECIFIED,YIELD,,33,,YEAR,NEW HAMPSHIRE,FIELD CROPS,00,,NEW HAMPSHIRE,ALFALFA,,ANNUAL,ALL UTILIZATION PRACTICES,,,"HAY, ALFALFA - YIELD, MEASURED IN TONS / ACRE",NH,2012-01-01 00:00:00.000,,TONS / ACRE,,STATE,00000000,,00,ALL PRODUCTION PRACTICES,33,CROPS,1976,TOTAL,SURVEY,2.45,HAY
UNITED STATES,,,9000,NOT SPECIFIED,YIELD,,33,,YEAR,NEW HAMPSHIRE,FIELD CROPS,00,,NEW HAMPSHIRE,ALFALFA,,ANNUAL,ALL UTILIZATION PRACTICES,,,"HAY, ALFALFA - YIELD, MEASURED IN TONS / ACRE",NH,2012-01-01 00:00:00.000,,TONS / ACRE,,STATE,00000000,,00,ALL PRODUCTION PRACTICES,33,CROPS,1975,TOTAL,SURVEY,2.6,HAY
UNITED STATES,,,9000,NOT SPECIFIED,YIELD,,33,,YEAR,NEW HAMPSHIRE,FIELD CROPS,00,,NEW HAMPSHIRE,ALFALFA,,ANNUAL,ALL UTILIZATION PRACTICES,,,"HAY, ALFALFA - YIELD, MEASURED IN TONS / ACRE",NH,2012-01-01 00:00:00.000,,TONS / ACRE,,STATE,00000000,,00,ALL PRODUCTION PRACTICES,33,CROPS,1974,TOTAL,SURVEY,2.3,HAY
UNITED STATES,,,9000,NOT SPECIFIED,YIELD,,33,,YEAR,NEW HAMPSHIRE,FIELD CROPS,00,,NEW HAMPSHIRE,ALFALFA,,ANNUAL,ALL UTILIZATION PRACTICES,,,"HAY, ALFALFA - YIELD, MEASURED IN TONS / ACRE",NH,2012-01-01 00:00:00.000,,TONS / ACRE,,STATE,00000000,,00,ALL PRODUCTION PRACTICES,33,CROPS,1973,TOTAL,SURVEY,2.8,HAY
UNITED STATES,,,9000,NOT SPECIFIED,YIELD,,33,,YEAR,NEW HAMPSHIRE,FIELD CROPS,00,,NEW HAMPSHIRE,ALFALFA,,ANNUAL,ALL UTILIZATION PRACTICES,,,"HAY, ALFALFA - YIELD, MEASURED IN TONS / ACRE",NH,2012-01-01 00:00:00.000,,TONS / ACRE,,STATE,00000000,,00,ALL PRODUCTION PRACTICES,33,CROPS,1972,TOTAL,SURVEY,2.3,HAY
UNITED STATES,,,9000,NOT SPECIFIED,YIELD,,33,,YEAR,NEW HAMPSHIRE,FIELD CROPS,00,,NEW HAMPSHIRE,ALFALFA,,ANNUAL,ALL UTILIZATION PRACTICES,,,"HAY, ALFALFA - YIELD, MEASURED IN TONS / ACRE",NH,2012-01-01 00:00:00.000,,TONS / ACRE,,STATE,00000000,,00,ALL PRODUCTION PRACTICES,33,CROPS,1971,TOTAL,SURVEY,2.55,HAY
UNITED STATES,,,9000,NOT SPECIFIED,YIELD,,33,,YEAR,NEW HAMPSHIRE,FIELD CROPS,00,,NEW HAMPSHIRE,ALFALFA,,ANNUAL,ALL UTILIZATION PRACTICES,,,"HAY, ALFALFA - YIELD, MEASURED IN TONS / ACRE",NH,2012-01-01 00:00:00.000,,TONS / ACRE,,STATE,00000000,,00,ALL PRODUCTION PRACTICES,33,CROPS,1970,TOTAL,SURVEY,2.65,HAY
UNITED STATES,,,9000,NOT SPECIFIED,YIELD,,33,,YEAR,NEW HAMPSHIRE,FIELD CROPS,00,,NEW HAMPSHIRE,ALFALFA,,ANNUAL,ALL UTILIZATION PRACTICES,,,"HAY, ALFALFA - YIELD, MEASURED IN TONS / ACRE",NH,2012-01-01 00:00:00.000,,TONS / ACRE,,STATE,00000000,,00,ALL PRODUCTION PRACTICES,33,CROPS,1969,TOTAL,SURVEY,2.45,HAY
UNITED STATES,,,9000,NOT SPECIFIED,YIELD,,33,,YEAR,NEW HAMPSHIRE,FIELD CROPS,00,,NEW HAMPSHIRE,ALFALFA,,ANNUAL,ALL UTILIZATION PRACTICES,,,"HAY, ALFALFA - YIELD, MEASURED IN TONS / ACRE",NH,2012-01-01 00:00:00.000,,TONS / ACRE,,STATE,00000000,,00,ALL PRODUCTION PRACTICES,33,CROPS,1968,TOTAL,SURVEY,2.3,HAY
UNITED STATES,,,9000,NOT SPECIFIED,YIELD,,33,,YEAR,NEW HAMPSHIRE,FIELD CROPS,00,,NEW HAMPSHIRE,ALFALFA,,ANNUAL,ALL UTILIZATION PRACTICES,,,"HAY, ALFALFA - YIELD, MEASURED IN TONS / ACRE",NH,2012-01-01 00:00:00.000,,TONS / ACRE,,STATE,00000000,,00,ALL PRODUCTION PRACTICES,33,CROPS,1967,TOTAL,SURVEY,2.55,HAY
UNITED STATES,,,9000,NOT SPECIFIED,YIELD,,33,,YEAR,NEW HAMPSHIRE,FIELD CROPS,00,,NEW HAMPSHIRE,ALFALFA,,ANNUAL,ALL UTILIZATION PRACTICES,,,"HAY, ALFALFA - YIELD, MEASURED IN TONS / ACRE",NH,2012-01-01 00:00:00.000,,TONS / ACRE,,STATE,00000000,,00,ALL PRODUCTION PRACTICES,33,CROPS,1966,TOTAL,SURVEY,2.3,HAY
UNITED STATES,,,9000,NOT SPECIFIED,YIELD,,33,,YEAR,NEW HAMPSHIRE,FIELD CROPS,00,,NEW HAMPSHIRE,ALFALFA,,ANNUAL,ALL UTILIZATION PRACTICES,,,"HAY, ALFALFA - YIELD, MEASURED IN TONS / ACRE",NH,2012-01-01 00:00:00.000,,TONS / ACRE,,STATE,00000000,,00,ALL PRODUCTION PRACTICES,33,CROPS,1965,TOTAL,SURVEY,1.85,HAY
UNITED STATES,,,9000,NOT SPECIFIED,YIELD,,33,,YEAR,NEW HAMPSHIRE,FIELD CROPS,00,,NEW HAMPSHIRE,ALFALFA,,ANNUAL,ALL UTILIZATION PRACTICES,,,"HAY, ALFALFA - YIELD, MEASURED IN TONS / ACRE",NH,2012-01-01 00:00:00.000,,TONS / ACRE,,STATE,00000000,,00,ALL PRODUCTION PRACTICES,33,CROPS,1964,TOTAL,SURVEY,1.95,HAY
UNITED STATES,,,9000,NOT SPECIFIED,YIELD,,33,,YEAR,NEW HAMPSHIRE,FIELD CROPS,00,,NEW HAMPSHIRE,ALFALFA,,ANNUAL,ALL UTILIZATION PRACTICES,,,"HAY, ALFALFA - YIELD, MEASURED IN TONS / ACRE",NH,2012-01-01 00:00:00.000,,TONS / ACRE,,STATE,00000000,,00,ALL PRODUCTION PRACTICES,33,CROPS,1963,TOTAL,SURVEY,2,HAY
UNITED STATES,,,9000,NOT SPECIFIED,YIELD,,33,,YEAR,NEW HAMPSHIRE,FIELD CROPS,00,,NEW HAMPSHIRE,ALFALFA,,ANNUAL,ALL UTILIZATION PRACTICES,,,"HAY, ALFALFA - YIELD, MEASURED IN TONS / ACRE",NH,2012-01-01 00:00:00.000,,TONS / ACRE,,STATE,00000000,,00,ALL PRODUCTION PRACTICES,33,CROPS,1962,TOTAL,SURVEY,2.2,HAY
UNITED STATES,,,9000,NOT SPECIFIED,YIELD,,33,,YEAR,NEW HAMPSHIRE,FIELD CROPS,00,,NEW HAMPSHIRE,ALFALFA,,ANNUAL,ALL UTILIZATION PRACTICES,,,"HAY, ALFALFA - YIELD, MEASURED IN TONS / ACRE",NH,2012-01-01 00:00:00.000,,TONS / ACRE,,STATE,00000000,,00,ALL PRODUCTION PRACTICES,33,CROPS,1961,TOTAL,SURVEY,2.2,HAY
UNITED STATES,,,9000,NOT SPECIFIED,YIELD,,33,,YEAR,NEW HAMPSHIRE,FIELD CROPS,00,,NEW HAMPSHIRE,ALFALFA,,ANNUAL,ALL UTILIZATION PRACTICES,,,"HAY, ALFALFA - YIELD, MEASURED IN TONS / ACRE",NH,2012-01-01 00:00:00.000,,TONS / ACRE,,STATE,00000000,,00,ALL PRODUCTION PRACTICES,33,CROPS,1960,TOTAL,SURVEY,2.2,HAY
UNITED STATES,,,9000,NOT SPECIFIED,YIELD,,33,,YEAR,NEW HAMPSHIRE,FIELD CROPS,00,,NEW HAMPSHIRE,ALFALFA,,ANNUAL,ALL UTILIZATION PRACTICES,,,"HAY, ALFALFA - YIELD, MEASURED IN TONS / ACRE",NH,2012-01-01 00:00:00.000,,TONS / ACRE,,STATE,00000000,,00,ALL PRODUCTION PRACTICES,33,CROPS,1959,TOTAL,SURVEY,2,HAY
UNITED STATES,,,9000,NOT SPECIFIED,YIELD,,33,,YEAR,NEW HAMPSHIRE,FIELD CROPS,00,,NEW HAMPSHIRE,ALFALFA,,ANNUAL,ALL UTILIZATION PRACTICES,,,"HAY, ALFALFA - YIELD, MEASURED IN TONS / ACRE",NH,2012-01-01 00:00:00.000,,TONS / ACRE,,STATE,00000000,,00,ALL PRODUCTION PRACTICES,33,CROPS,1958,TOTAL,SURVEY,1.95,HAY
UNITED STATES,,,9000,NOT SPECIFIED,YIELD,,33,,YEAR,NEW HAMPSHIRE,FIELD CROPS,00,,NEW HAMPSHIRE,ALFALFA,,ANNUAL,ALL UTILIZATION PRACTICES,,,"HAY, ALFALFA - YIELD, MEASURED IN TONS / ACRE",NH,2012-01-01 00:00:00.000,,TONS / ACRE,,STATE,00000000,,00,ALL PRODUCTION PRACTICES,33,CROPS,1957,TOTAL,SURVEY,1.95,HAY
UNITED STATES,,,9000,NOT SPECIFIED,YIELD,,33,,YEAR,NEW HAMPSHIRE,FIELD CROPS,00,,NEW HAMPSHIRE,ALFALFA,,ANNUAL,ALL UTILIZATION PRACTICES,,,"HAY, ALFALFA - YIELD, MEASURED IN TONS / ACRE",NH,2012-01-01 00:00:00.000,,TONS / ACRE,,STATE,00000000,,00,ALL PRODUCTION PRACTICES,33,CROPS,1956,TOTAL,SURVEY,1.6,HAY
UNITED STATES,,,9000,NOT SPECIFIED,YIELD,,33,,YEAR,NEW HAMPSHIRE,FIELD CROPS,00,,NEW HAMPSHIRE,ALFALFA,,ANNUAL,ALL UTILIZATION PRACTICES,,,"HAY, ALFALFA - YIELD, MEASURED IN TONS / ACRE",NH,2012-01-01 00:00:00.000,,TONS / ACRE,,STATE,00000000,,00,ALL PRODUCTION PRACTICES,33,CROPS,1955,TOTAL,SURVEY,1.75,HAY
UNITED STATES,,,9000,NOT SPECIFIED,YIELD,,33,,YEAR,NEW HAMPSHIRE,FIELD CROPS,00,,NEW HAMPSHIRE,ALFALFA,,ANNUAL,ALL UTILIZATION PRACTICES,,,"HAY, ALFALFA - YIELD, MEASURED IN TONS / ACRE",NH,2012-01-01 00:00:00.000,,TONS / ACRE,,STATE,00000000,,00,ALL PRODUCTION PRACTICES,33,CROPS,1954,TOTAL,SURVEY,1.85,HAY
UNITED STATES,,,9000,NOT SPECIFIED,YIELD,,33,,YEAR,NEW HAMPSHIRE,FIELD CROPS,00,,NEW HAMPSHIRE,ALFALFA,,ANNUAL,ALL UTILIZATION PRACTICES,,,"HAY, ALFALFA - YIELD, MEASURED IN TONS / ACRE",NH,2012-01-01 00:00:00.000,,TONS / ACRE,,STATE,00000000,,00,ALL PRODUCTION PRACTICES,33,CROPS,1953,TOTAL,SURVEY,1.65,HAY
UNITED STATES,,,9000,NOT SPECIFIED,YIELD,,33,,YEAR,NEW HAMPSHIRE,FIELD CROPS,00,,NEW HAMPSHIRE,ALFALFA,,ANNUAL,ALL UTILIZATION PRACTICES,,,"HAY, ALFALFA - YIELD, MEASURED IN TONS / ACRE",NH,2012-01-01 00:00:00.000,,TONS / ACRE,,STATE,00000000,,00,ALL PRODUCTION PRACTICES,33,CROPS,1952,TOTAL,SURVEY,1.75,HAY
UNITED STATES,,,9000,NOT SPECIFIED,YIELD,,33,,YEAR,NEW HAMPSHIRE,FIELD CROPS,00,,NEW HAMPSHIRE,ALFALFA,,ANNUAL,ALL UTILIZATION PRACTICES,,,"HAY, ALFALFA - YIELD, MEASURED IN TONS / ACRE",NH,2012-01-01 00:00:00.000,,TONS / ACRE,,STATE,00000000,,00,ALL PRODUCTION PRACTICES,33,CROPS,1951,TOTAL,SURVEY,1.85,HAY
UNITED STATES,,,9000,NOT SPECIFIED,YIELD,,33,,YEAR,NEW HAMPSHIRE,FIELD CROPS,00,,NEW HAMPSHIRE,ALFALFA,,ANNUAL,ALL UTILIZATION PRACTICES,,,"HAY, ALFALFA - YIELD, MEASURED IN TONS / ACRE",NH,2012-01-01 00:00:00.000,,TONS / ACRE,,STATE,00000000,,00,ALL PRODUCTION PRACTICES,33,CROPS,1950,TOTAL,SURVEY,1.8,HAY
UNITED STATES,,,9000,NOT SPECIFIED,YIELD,,33,,YEAR,NEW HAMPSHIRE,FIELD CROPS,00,,NEW HAMPSHIRE,ALFALFA,,ANNUAL,ALL UTILIZATION PRACTICES,,,"HAY, ALFALFA - YIELD, MEASURED IN TONS / ACRE",NH,2012-01-01 00:00:00.000,,TONS / ACRE,,STATE,00000000,,00,ALL PRODUCTION PRACTICES,33,CROPS,1949,TOTAL,SURVEY,1.75,HAY
UNITED STATES,,,9000,NOT SPECIFIED,YIELD,,33,,YEAR,NEW HAMPSHIRE,FIELD CROPS,00,,NEW HAMPSHIRE,ALFALFA,,ANNUAL,ALL UTILIZATION PRACTICES,,,"HAY, ALFALFA - YIELD, MEASURED IN TONS / ACRE",NH,2012-01-01 00:00:00.000,,TONS / ACRE,,STATE,00000000,,00,ALL PRODUCTION PRACTICES,33,CROPS,1948,TOTAL,SURVEY,2.2,HAY
UNITED STATES,,,9000,NOT SPECIFIED,YIELD,,33,,YEAR,NEW HAMPSHIRE,FIELD CROPS,00,,NEW HAMPSHIRE,ALFALFA,,ANNUAL,ALL UTILIZATION PRACTICES,,,"HAY, ALFALFA - YIELD, MEASURED IN TONS / ACRE",NH,2012-01-01 00:00:00.000,,TONS / ACRE,,STATE,00000000,,00,ALL PRODUCTION PRACTICES,33,CROPS,1947,TOTAL,SURVEY,2.1,HAY
UNITED STATES,,,9000,NOT SPECIFIED,YIELD,,33,,YEAR,NEW HAMPSHIRE,FIELD CROPS,00,,NEW HAMPSHIRE,ALFALFA,,ANNUAL,ALL UTILIZATION PRACTICES,,,"HAY, ALFALFA - YIELD, MEASURED IN TONS / ACRE",NH,2012-01-01 00:00:00.000,,TONS / ACRE,,STATE,00000000,,00,ALL PRODUCTION PRACTICES,33,CROPS,1946,TOTAL,SURVEY,1.95,HAY
UNITED STATES,,,9000,NOT SPECIFIED,YIELD,,33,,YEAR,NEW HAMPSHIRE,FIELD CROPS,00,,NEW HAMPSHIRE,ALFALFA,,ANNUAL,ALL UTILIZATION PRACTICES,,,"HAY, ALFALFA - YIELD, MEASURED IN TONS / ACRE",NH,2012-01-01 00:00:00.000,,TONS / ACRE,,STATE,00000000,,00,ALL PRODUCTION PRACTICES,33,CROPS,1945,TOTAL,SURVEY,2.15,HAY
UNITED STATES,,,9000,NOT SPECIFIED,YIELD,,33,,YEAR,NEW HAMPSHIRE,FIELD CROPS,00,,NEW HAMPSHIRE,ALFALFA,,ANNUAL,ALL UTILIZATION PRACTICES,,,"HAY, ALFALFA - YIELD, MEASURED IN TONS / ACRE",NH,2012-01-01 00:00:00.000,,TONS / ACRE,,STATE,00000000,,00,ALL PRODUCTION PRACTICES,33,CROPS,1944,TOTAL,SURVEY,1.9,HAY
UNITED STATES,,,9000,NOT SPECIFIED,YIELD,,33,,YEAR,NEW HAMPSHIRE,FIELD CROPS,00,,NEW HAMPSHIRE,ALFALFA,,ANNUAL,ALL UTILIZATION PRACTICES,,,"HAY, ALFALFA - YIELD, MEASURED IN TONS / ACRE",NH,2012-01-01 00:00:00.000,,TONS / ACRE,,STATE,00000000,,00,ALL PRODUCTION PRACTICES,33,CROPS,1943,TOTAL,SURVEY,2.1,HAY
UNITED STATES,,,9000,NOT SPECIFIED,YIELD,,33,,YEAR,NEW HAMPSHIRE,FIELD CROPS,00,,NEW HAMPSHIRE,ALFALFA,,ANNUAL,ALL UTILIZATION PRACTICES,,,"HAY, ALFALFA - YIELD, MEASURED IN TONS / ACRE",NH,2012-01-01 00:00:00.000,,TONS / ACRE,,STATE,00000000,,00,ALL PRODUCTION PRACTICES,33,CROPS,1942,TOTAL,SURVEY,2.3,HAY
UNITED STATES,,,9000,NOT SPECIFIED,YIELD,,33,,YEAR,NEW HAMPSHIRE,FIELD CROPS,00,,NEW HAMPSHIRE,ALFALFA,,ANNUAL,ALL UTILIZATION PRACTICES,,,"HAY, ALFALFA - YIELD, MEASURED IN TONS / ACRE",NH,2012-01-01 00:00:00.000,,TONS / ACRE,,STATE,00000000,,00,ALL PRODUCTION PRACTICES,33,CROPS,1941,TOTAL,SURVEY,1.7,HAY
UNITED STATES,,,9000,NOT SPECIFIED,YIELD,,33,,YEAR,NEW HAMPSHIRE,FIELD CROPS,00,,NEW HAMPSHIRE,ALFALFA,,ANNUAL,ALL UTILIZATION PRACTICES,,,"HAY, ALFALFA - YIELD, MEASURED IN TONS / ACRE",NH,2012-01-01 00:00:00.000,,TONS / ACRE,,STATE,00000000,,00,ALL PRODUCTION PRACTICES,33,CROPS,1940,TOTAL,SURVEY,2,HAY
UNITED STATES,,,9000,NOT SPECIFIED,YIELD,,33,,YEAR,NEW HAMPSHIRE,FIELD CROPS,00,,NEW HAMPSHIRE,ALFALFA,,ANNUAL,ALL UTILIZATION PRACTICES,,,"HAY, ALFALFA - YIELD, MEASURED IN TONS / ACRE",NH,2012-01-01 00:00:00.000,,TONS / ACRE,,STATE,00000000,,00,ALL PRODUCTION PRACTICES,33,CROPS,1939,TOTAL,SURVEY,1.7,HAY
UNITED STATES,,,9000,NOT SPECIFIED,YIELD,,33,,YEAR,NEW HAMPSHIRE,FIELD CROPS,00,,NEW HAMPSHIRE,ALFALFA,,ANNUAL,ALL UTILIZATION PRACTICES,,,"HAY, ALFALFA - YIELD, MEASURED IN TONS / ACRE",NH,2012-01-01 00:00:00.000,,TONS / ACRE,,STATE,00000000,,00,ALL PRODUCTION PRACTICES,33,CROPS,1938,TOTAL,SURVEY,1.95,HAY
UNITED STATES,,,9000,NOT SPECIFIED,YIELD,,33,,YEAR,NEW HAMPSHIRE,FIELD CROPS,00,,NEW HAMPSHIRE,ALFALFA,,ANNUAL,ALL UTILIZATION PRACTICES,,,"HAY, ALFALFA - YIELD, MEASURED IN TONS / ACRE",NH,2012-01-01 00:00:00.000,,TONS / ACRE,,STATE,00000000,,00,ALL PRODUCTION PRACTICES,33,CROPS,1937,TOTAL,SURVEY,2,HAY
UNITED STATES,,,9000,NOT SPECIFIED,YIELD,,33,,YEAR,NEW HAMPSHIRE,FIELD CROPS,00,,NEW HAMPSHIRE,ALFALFA,,ANNUAL,ALL UTILIZATION PRACTICES,,,"HAY, ALFALFA - YIELD, MEASURED IN TONS / ACRE",NH,2012-01-01 00:00:00.000,,TONS / ACRE,,STATE,00000000,,00,ALL PRODUCTION PRACTICES,33,CROPS,1936,TOTAL,SURVEY,1.85,HAY
UNITED STATES,,,9000,NOT SPECIFIED,YIELD,,33,,YEAR,NEW HAMPSHIRE,FIELD CROPS,00,,NEW HAMPSHIRE,ALFALFA,,ANNUAL,ALL UTILIZATION PRACTICES,,,"HAY, ALFALFA - YIELD, MEASURED IN TONS / ACRE",NH,2012-01-01 00:00:00.000,,TONS / ACRE,,STATE,00000000,,00,ALL PRODUCTION PRACTICES,33,CROPS,1935,TOTAL,SURVEY,1.9,HAY
UNITED STATES,,,9000,NOT SPECIFIED,YIELD,,33,,YEAR,NEW HAMPSHIRE,FIELD CROPS,00,,NEW HAMPSHIRE,ALFALFA,,ANNUAL,ALL UTILIZATION PRACTICES,,,"HAY, ALFALFA - YIELD, MEASURED IN TONS / ACRE",NH,2012-01-01 00:00:00.000,,TONS / ACRE,,STATE,00000000,,00,ALL PRODUCTION PRACTICES,33,CROPS,1934,TOTAL,SURVEY,1.75,HAY
UNITED STATES,,,9000,NOT SPECIFIED,YIELD,,33,,YEAR,NEW HAMPSHIRE,FIELD CROPS,00,,NEW HAMPSHIRE,ALFALFA,,ANNUAL,ALL UTILIZATION PRACTICES,,,"HAY, ALFALFA - YIELD, MEASURED IN TONS / ACRE",NH,2012-01-01 00:00:00.000,,TONS / ACRE,,STATE,00000000,,00,ALL PRODUCTION PRACTICES,33,CROPS,1933,TOTAL,SURVEY,2.1,HAY
UNITED STATES,,,9000,NOT SPECIFIED,YIELD,,33,,YEAR,NEW HAMPSHIRE,FIELD CROPS,00,,NEW HAMPSHIRE,ALFALFA,,ANNUAL,ALL UTILIZATION PRACTICES,,,"HAY, ALFALFA - YIELD, MEASURED IN TONS / ACRE",NH,2012-01-01 00:00:00.000,,TONS / ACRE,,STATE,00000000,,00,ALL PRODUCTION PRACTICES,33,CROPS,1932,TOTAL,SURVEY,1.7,HAY
UNITED STATES,,,9000,NOT SPECIFIED,YIELD,,33,,YEAR,NEW HAMPSHIRE,FIELD CROPS,00,,NEW HAMPSHIRE,ALFALFA,,ANNUAL,ALL UTILIZATION PRACTICES,,,"HAY, ALFALFA - YIELD, MEASURED IN TONS / ACRE",NH,2012-01-01 00:00:00.000,,TONS / ACRE,,STATE,00000000,,00,ALL PRODUCTION PRACTICES,33,CROPS,1931,TOTAL,SURVEY,2.35,HAY
UNITED STATES,,,9000,NOT SPECIFIED,YIELD,,33,,YEAR,NEW HAMPSHIRE,FIELD CROPS,00,,NEW HAMPSHIRE,ALFALFA,,ANNUAL,ALL UTILIZATION PRACTICES,,,"HAY, ALFALFA - YIELD, MEASURED IN TONS / ACRE",NH,2012-01-01 00:00:00.000,,TONS / ACRE,,STATE,00000000,,00,ALL PRODUCTION PRACTICES,33,CROPS,1930,TOTAL,SURVEY,2.2,HAY
UNITED STATES,,,9000,NOT SPECIFIED,YIELD,,33,,YEAR,NEW HAMPSHIRE,FIELD CROPS,00,,NEW HAMPSHIRE,ALFALFA,,ANNUAL,ALL UTILIZATION PRACTICES,,,"HAY, ALFALFA - YIELD, MEASURED IN TONS / ACRE",NH,2012-01-01 00:00:00.000,,TONS / ACRE,,STATE,00000000,,00,ALL PRODUCTION PRACTICES,33,CROPS,1929,TOTAL,SURVEY,1.9,HAY
UNITED STATES,,,9000,NOT SPECIFIED,YIELD,,33,,YEAR,NEW HAMPSHIRE,FIELD CROPS,00,,NEW HAMPSHIRE,ALFALFA,,ANNUAL,ALL UTILIZATION PRACTICES,,,"HAY, ALFALFA - YIELD, MEASURED IN TONS / ACRE",NH,2012-01-01 00:00:00.000,,TONS / ACRE,,STATE,00000000,,00,ALL PRODUCTION PRACTICES,33,CROPS,1928,TOTAL,SURVEY,1.85,HAY
UNITED STATES,,,9000,NOT SPECIFIED,YIELD,,33,,YEAR,NEW HAMPSHIRE,FIELD CROPS,00,,NEW HAMPSHIRE,ALFALFA,,ANNUAL,ALL UTILIZATION PRACTICES,,,"HAY, ALFALFA - YIELD, MEASURED IN TONS / ACRE",NH,2012-01-01 00:00:00.000,,TONS / ACRE,,STATE,00000000,,00,ALL PRODUCTION PRACTICES,33,CROPS,1927,TOTAL,SURVEY,1.8,HAY
UNITED STATES,,,9000,NOT SPECIFIED,YIELD,,33,,YEAR,NEW HAMPSHIRE,FIELD CROPS,00,,NEW HAMPSHIRE,ALFALFA,,ANNUAL,ALL UTILIZATION PRACTICES,,,"HAY, ALFALFA - YIELD, MEASURED IN TONS / ACRE",NH,2012-01-01 00:00:00.000,,TONS / ACRE,,STATE,00000000,,00,ALL PRODUCTION PRACTICES,33,CROPS,1926,TOTAL,SURVEY,1.95,HAY
UNITED STATES,,,9000,NOT SPECIFIED,YIELD,,33,,YEAR,NEW HAMPSHIRE,FIELD CROPS,00,,NEW HAMPSHIRE,ALFALFA,,ANNUAL,ALL UTILIZATION PRACTICES,,,"HAY, ALFALFA - YIELD, MEASURED IN TONS / ACRE",NH,2012-01-01 00:00:00.000,,TONS / ACRE,,STATE,00000000,,00,ALL PRODUCTION PRACTICES,33,CROPS,1925,TOTAL,SURVEY,2.55,HAY
UNITED STATES,,,9000,NOT SPECIFIED,YIELD,,33,,YEAR,NEW HAMPSHIRE,FIELD CROPS,00,,NEW HAMPSHIRE,ALFALFA,,ANNUAL,ALL UTILIZATION PRACTICES,,,"HAY, ALFALFA - YIELD, MEASURED IN TONS / ACRE",NH,2012-01-01 00:00:00.000,,TONS / ACRE,,STATE,00000000,,00,ALL PRODUCTION PRACTICES,33,CROPS,1924,TOTAL,SURVEY,2.1,HAY
UNITED STATES,,,9000,NOT SPECIFIED,YIELD,,33,,YEAR,NEW HAMPSHIRE,FIELD CROPS,00,,NEW HAMPSHIRE,ALL CLASSES,,ANNUAL,ALL UTILIZATION PRACTICES,,,"HAY - YIELD, MEASURED IN TONS / ACRE",NH,2025-01-10 12:00:00.000,,TONS / ACRE,,STATE,00000000,,00,ALL PRODUCTION PRACTICES,33,CROPS,2024,TOTAL,SURVEY,1.72,HAY
UNITED STATES,,,9000,NOT SPECIFIED,YIELD,,33,,YEAR,NEW HAMPSHIRE,FIELD CROPS,00,,NEW HAMPSHIRE,ALL CLASSES,,ANNUAL,ALL UTILIZATION PRACTICES,,,"HAY - YIELD, MEASURED IN TONS / ACRE",NH,2025-01-10 12:00:00.000,,TONS / ACRE,,STATE,00000000,,00,ALL PRODUCTION PRACTICES,33,CROPS,2023,TOTAL,SURVEY,1.73,HAY
UNITED STATES,,,9000,NOT SPECIFIED,YIELD,,33,,YEAR,NEW HAMPSHIRE,FIELD CROPS,00,,NEW HAMPSHIRE,ALL CLASSES,,ANNUAL,ALL UTILIZATION PRACTICES,,,"HAY - YIELD, MEASURED IN TONS / ACRE",NH,2024-01-09 15:00:00.000,,TONS / ACRE,,STATE,00000000,,00,ALL PRODUCTION PRACTICES,33,CROPS,2022,TOTAL,SURVEY,1.64,HAY
UNITED STATES,,,9000,NOT SPECIFIED,YIELD,,33,,YEAR,NEW HAMPSHIRE,FIELD CROPS,00,,NEW HAMPSHIRE,ALL CLASSES,,ANNUAL,ALL UTILIZATION PRACTICES,,,"HAY - YIELD, MEASURED IN TONS / ACRE",NH,2024-01-09 15:00:00.000,,TONS / ACRE,,STATE,00000000,,00,ALL PRODUCTION PRACTICES,33,CROPS,2021,TOTAL,SURVEY,1.48,HAY
UNITED STATES,,,9000,NOT SPECIFIED,YIELD,,33,,YEAR,NEW HAMPSHIRE,FIELD CROPS,00,,NEW HAMPSHIRE,ALL CLASSES,,ANNUAL,ALL UTILIZATION PRACTICES,,,"HAY - YIELD, MEASURED IN TONS / ACRE",NH,2024-01-09 15:00:00.000,,TONS / ACRE,,STATE,00000000,,00,ALL PRODUCTION PRACTICES,33,CROPS,2020,TOTAL,SURVEY,1.83,HAY
UNITED STATES,,,9000,NOT SPECIFIED,YIELD,,33,,YEAR,NEW HAMPSHIRE,FIELD CROPS,00,,NEW HAMPSHIRE,ALL CLASSES,,ANNUAL,ALL UTILIZATION PRACTICES,,,"HAY - YIELD, MEASURED IN TONS / ACRE",NH,2024-01-09 15:00:00.000,,TONS / ACRE,,STATE,00000000,,00,ALL PRODUCTION PRACTICES,33,CROPS,2019,TOTAL,SURVEY,1.69,HAY
UNITED STATES,,,9000,NOT SPECIFIED,YIELD,,33,,YEAR,NEW HAMPSHIRE,FIELD CROPS,00,,NEW HAMPSHIRE,ALL CLASSES,,ANNUAL,ALL UTILIZATION PRACTICES,,,"HAY - YIELD, MEASURED IN TONS / ACRE",NH,2024-01-09 15:00:00.000,,TONS / ACRE,,STATE,00000000,,00,ALL PRODUCTION PRACTICES,33,CROPS,2018,TOTAL,SURVEY,1.77,HAY
UNITED STATES,,,9000,NOT SPECIFIED,YIELD,,33,,YEAR,NEW HAMPSHIRE,FIELD CROPS,00,,NEW HAMPSHIRE,ALL CLASSES,,ANNUAL,ALL UTILIZATION PRACTICES,,,"HAY - YIELD, MEASURED IN TONS / ACRE",NH,2019-02-06 15:00:06.000,,TONS / ACRE,,STATE,00000000,,00,ALL PRODUCTION PRACTICES,33,CROPS,2017,TOTAL,SURVEY,1.8,HAY
UNITED STATES,,,9000,NOT SPECIFIED,YIELD,,33,,YEAR,NEW HAMPSHIRE,FIELD CROPS,00,,NEW HAMPSHIRE,ALL CLASSES,,ANNUAL,ALL UTILIZATION PRACTICES,,,"HAY - YIELD, MEASURED IN TONS / ACRE",NH,2019-02-06 15:00:06.000,,TONS / ACRE,,STATE,00000000,,00,ALL PRODUCTION PRACTICES,33,CROPS,2016,TOTAL,SURVEY,1.98,HAY
UNITED STATES,,,9000,NOT SPECIFIED,YIELD,,33,,YEAR,NEW HAMPSHIRE,FIELD CROPS,00,,NEW HAMPSHIRE,ALL CLASSES,,ANNUAL,ALL UTILIZATION PRACTICES,,,"HAY - YIELD, MEASURED IN TONS / ACRE",NH,2019-02-06 15:00:06.000,,TONS / ACRE,,STATE,00000000,,00,ALL PRODUCTION PRACTICES,33,CROPS,2015,TOTAL,SURVEY,2.02,HAY
UNITED STATES,,,9000,NOT SPECIFIED,YIELD,,33,,YEAR,NEW HAMPSHIRE,FIELD CROPS,00,,NEW HAMPSHIRE,ALL CLASSES,,ANNUAL,ALL UTILIZATION PRACTICES,,,"HAY - YIELD, MEASURED IN TONS / ACRE",NH,2019-02-06 15:00:06.000,,TONS / ACRE,,STATE,00000000,,00,ALL PRODUCTION PRACTICES,33,CROPS,2014,TOTAL,SURVEY,1.73,HAY
UNITED STATES,,,9000,NOT SPECIFIED,YIELD,,33,,YEAR,NEW HAMPSHIRE,FIELD CROPS,00,,NEW HAMPSHIRE,ALL CLASSES,,ANNUAL,ALL UTILIZATION PRACTICES,,,"HAY - YIELD, MEASURED IN TONS / ACRE",NH,2019-02-06 15:00:06.000,,TONS / ACRE,,STATE,00000000,,00,ALL PRODUCTION PRACTICES,33,CROPS,2013,TOTAL,SURVEY,2.49,HAY
UNITED STATES,,,9000,NOT SPECIFIED,YIELD,,33,,YEAR,NEW HAMPSHIRE,FIELD CROPS,00,,NEW HAMPSHIRE,ALL CLASSES,,ANNUAL,ALL UTILIZATION PRACTICES,,,"HAY - YIELD, MEASURED IN TONS / ACRE",NH,2014-11-03 16:18:55.000,,TONS / ACRE,,STATE,00000000,,00,ALL PRODUCTION PRACTICES,33,CROPS,2012,TOTAL,SURVEY,1.9,HAY
UNITED STATES,,,9000,NOT SPECIFIED,YIELD,,33,,YEAR,NEW HAMPSHIRE,FIELD CROPS,00,,NEW HAMPSHIRE,ALL CLASSES,,ANNUAL,ALL UTILIZATION PRACTICES,,,"HAY - YIELD, MEASURED IN TONS / ACRE",NH,2014-11-03 16:18:55.000,,TONS / ACRE,,STATE,00000000,,00,ALL PRODUCTION PRACTICES,33,CROPS,2011,TOTAL,SURVEY,1.98,HAY
UNITED STATES,,,9000,NOT SPECIFIED,YIELD,,33,,YEAR,NEW HAMPSHIRE,FIELD CROPS,00,,NEW HAMPSHIRE,ALL CLASSES,,ANNUAL,ALL UTILIZATION PRACTICES,,,"HAY - YIELD, MEASURED IN TONS / ACRE",NH,2014-11-03 16:18:55.000,,TONS / ACRE,,STATE,00000000,,00,ALL PRODUCTION PRACTICES,33,CROPS,2010,TOTAL,SURVEY,1.59,HAY
UNITED STATES,,,9000,NOT SPECIFIED,YIELD,,33,,YEAR,NEW HAMPSHIRE,FIELD CROPS,00,,NEW HAMPSHIRE,ALL CLASSES,,ANNUAL,ALL UTILIZATION PRACTICES,,,"HAY - YIELD, MEASURED IN TONS / ACRE",NH,2014-11-03 16:18:55.000,,TONS / ACRE,,STATE,00000000,,00,ALL PRODUCTION PRACTICES,33,CROPS,2009,TOTAL,SURVEY,1.56,HAY
UNITED STATES,,,9000,NOT SPECIFIED,YIELD,,33,,YEAR,NEW HAMPSHIRE,FIELD CROPS,00,,NEW HAMPSHIRE,ALL CLASSES,,ANNUAL,ALL UTILIZATION PRACTICES,,,"HAY - YIELD, MEASURED IN TONS / ACRE",NH,2014-11-03 16:18:55.000,,TONS / ACRE,,STATE,00000000,,00,ALL PRODUCTION PRACTICES,33,CROPS,2008,TOTAL,SURVEY,1.98,HAY
UNITED STATES,,,9000,NOT SPECIFIED,YIELD,,33,,YEAR,NEW HAMPSHIRE,FIELD CROPS,00,,NEW HAMPSHIRE,ALL CLASSES,,ANNUAL,ALL UTILIZATION PRACTICES,,,"HAY - YIELD, MEASURED IN TONS / ACRE",NH,2012-01-01 00:00:00.000,,TONS / ACRE,,STATE,00000000,,00,ALL PRODUCTION PRACTICES,33,CROPS,2007,TOTAL,SURVEY,1.95,HAY
UNITED STATES,,,9000,NOT SPECIFIED,YIELD,,33,,YEAR,NEW HAMPSHIRE,FIELD CROPS,00,,NEW HAMPSHIRE,ALL CLASSES,,ANNUAL,ALL UTILIZATION PRACTICES,,,"HAY - YIELD, MEASURED IN TONS / ACRE",NH,2012-01-01 00:00:00.000,,TONS / ACRE,,STATE,00000000,,00,ALL PRODUCTION PRACTICES,33,CROPS,2006,TOTAL,SURVEY,2.05,HAY
UNITED STATES,,,9000,NOT SPECIFIED,YIELD,,33,,YEAR,NEW HAMPSHIRE,FIELD CROPS,00,,NEW HAMPSHIRE,ALL CLASSES,,ANNUAL,ALL UTILIZATION PRACTICES,,,"HAY - YIELD, MEASURED IN TONS / ACRE",NH,2012-01-01 00:00:00.000,,TONS / ACRE,,STATE,00000000,,00,ALL PRODUCTION PRACTICES,33,CROPS,2005,TOTAL,SURVEY,1.85,HAY
UNITED STATES,,,9000,NOT SPECIFIED,YIELD,,33,,YEAR,NEW HAMPSHIRE,FIELD CROPS,00,,NEW HAMPSHIRE,ALL CLASSES,,ANNUAL,ALL UTILIZATION PRACTICES,,,"HAY - YIELD, MEASURED IN TONS / ACRE",NH,2012-01-01 00:00:00.000,,TONS / ACRE,,STATE,00000000,,00,ALL PRODUCTION PRACTICES,33,CROPS,2004,TOTAL,SURVEY,1.83,HAY
UNITED STATES,,,9000,NOT SPECIFIED,YIELD,,33,,YEAR,NEW HAMPSHIRE,FIELD CROPS,00,,NEW HAMPSHIRE,ALL CLASSES,,ANNUAL,ALL UTILIZATION PRACTICES,,,"HAY - YIELD, MEASURED IN TONS / ACRE",NH,2012-01-01 00:00:00.000,,TONS / ACRE,,STATE,00000000,,00,ALL PRODUCTION PRACTICES,33,CROPS,2003,TOTAL,SURVEY,2.06,HAY
UNITED STATES,,,9000,NOT SPECIFIED,YIELD,,33,,YEAR,NEW HAMPSHIRE,FIELD CROPS,00,,NEW HAMPSHIRE,ALL CLASSES,,ANNUAL,ALL UTILIZATION PRACTICES,,,"HAY - YIELD, MEASURED IN TONS / ACRE",NH,2012-01-01 00:00:00.000,,TONS / ACRE,,STATE,00000000,,00,ALL PRODUCTION PRACTICES,33,CROPS,2002,TOTAL,SURVEY,1.87,HAY
UNITED STATES,,,9000,NOT SPECIFIED,YIELD,,33,,YEAR,NEW HAMPSHIRE,FIELD CROPS,00,,NEW HAMPSHIRE,ALL CLASSES,,ANNUAL,ALL UTILIZATION PRACTICES,,,"HAY - YIELD, MEASURED IN TONS / ACRE",NH,2012-01-01 00:00:00.000,,TONS / ACRE,,STATE,00000000,,00,ALL PRODUCTION PRACTICES,33,CROPS,2001,TOTAL,SURVEY,1.74,HAY
UNITED STATES,,,9000,NOT SPECIFIED,YIELD,,33,,YEAR,NEW HAMPSHIRE,FIELD CROPS,00,,NEW HAMPSHIRE,ALL CLASSES,,ANNUAL,ALL UTILIZATION PRACTICES,,,"HAY - YIELD, MEASURED IN TONS / ACRE",NH,2012-01-01 00:00:00.000,,TONS / ACRE,,STATE,00000000,,00,ALL PRODUCTION PRACTICES,33,CROPS,2000,TOTAL,SURVEY,1.74,HAY
UNITED STATES,,,9000,NOT SPECIFIED,YIELD,,33,,YEAR,NEW HAMPSHIRE,FIELD CROPS,00,,NEW HAMPSHIRE,ALL CLASSES,,ANNUAL,ALL UTILIZATION PRACTICES,,,"HAY - YIELD, MEASURED IN TONS / ACRE",NH,2012-01-01 00:00:00.000,,TONS / ACRE,,STATE,00000000,,00,ALL PRODUCTION PRACTICES,33,CROPS,1999,TOTAL,SURVEY,1.76,HAY
UNITED STATES,,,9000,NOT SPECIFIED,YIELD,,33,,YEAR - AUG FORECAST,NEW HAMPSHIRE,FIELD CROPS,00,,NEW HAMPSHIRE,ALL CLASSES,,ANNUAL,ALL UTILIZATION PRACTICES,,,"HAY - YIELD, MEASURED IN TONS / ACRE",NH,2012-01-01 00:00:00.000,,TONS / ACRE,,STATE,00000000,,00,ALL PRODUCTION PRACTICES,33,CROPS,1999,TOTAL,SURVEY,1.75,HAY
UNITED STATES,,,9000,NOT SPECIFIED,YIELD,,33,,YEAR,NEW HAMPSHIRE,FIELD CROPS,00,,NEW HAMPSHIRE,ALL CLASSES,,ANNUAL,ALL UTILIZATION PRACTICES,,,"HAY - YIELD, MEASURED IN TONS / ACRE",NH,2012-01-01 00:00:00.000,,TONS / ACRE,,STATE,00000000,,00,ALL PRODUCTION PRACTICES,33,CROPS,1998,TOTAL,SURVEY,2.02,HAY
UNITED STATES,,,9000,NOT SPECIFIED,YIELD,,33,,YEAR,NEW HAMPSHIRE,FIELD CROPS,00,,NEW HAMPSHIRE,ALL CLASSES,,ANNUAL,ALL UTILIZATION PRACTICES,,,"HAY - YIELD, MEASURED IN TONS / ACRE",NH,2012-01-01 00:00:00.000,,TONS / ACRE,,STATE,00000000,,00,ALL PRODUCTION PRACTICES,33,CROPS,1997,TOTAL,SURVEY,1.69,HAY
UNITED STATES,,,9000,NOT SPECIFIED,YIELD,,33,,YEAR,NEW HAMPSHIRE,FIELD CROPS,00,,NEW HAMPSHIRE,ALL CLASSES,,ANNUAL,ALL UTILIZATION PRACTICES,,,"HAY - YIELD, MEASURED IN TONS / ACRE",NH,2012-01-01 00:00:00.000,,TONS / ACRE,,STATE,00000000,,00,ALL PRODUCTION PRACTICES,33,CROPS,1996,TOTAL,SURVEY,1.75,HAY
UNITED STATES,,,9000,NOT SPECIFIED,YIELD,,33,,YEAR,NEW HAMPSHIRE,FIELD CROPS,00,,NEW HAMPSHIRE,ALL CLASSES,,ANNUAL,ALL UTILIZATION PRACTICES,,,"HAY - YIELD, MEASURED IN TONS / ACRE",NH,2012-01-01 00:00:00.000,,TONS / ACRE,,STATE,00000000,,00,ALL PRODUCTION PRACTICES,33,CROPS,1995,TOTAL,SURVEY,2.01,HAY
UNITED STATES,,,9000,NOT SPECIFIED,YIELD,,33,,YEAR,NEW HAMPSHIRE,FIELD CROPS,00,,NEW HAMPSHIRE,ALL CLASSES,,ANNUAL,ALL UTILIZATION PRACTICES,,,"HAY - YIELD, MEASURED IN TONS / ACRE",NH,2012-01-01 00:00:00.000,,TONS / ACRE,,STATE,00000000,,00,ALL PRODUCTION PRACTICES,33,CROPS,1994,TOTAL,SURVEY,2.06,HAY
UNITED STATES,,,9000,NOT SPECIFIED,YIELD,,33,,YEAR,NEW HAMPSHIRE,FIELD CROPS,00,,NEW HAMPSHIRE,ALL CLASSES,,ANNUAL,ALL UTILIZATION PRACTICES,,,"HAY - YIELD, MEASURED IN TONS / ACRE",NH,2012-01-01 00:00:00.000,,TONS / ACRE,,STATE,00000000,,00,ALL PRODUCTION PRACTICES,33,CROPS,1993,TOTAL,SURVEY,1.48,HAY
UNITED STATES,,,9000,NOT SPECIFIED,YIELD,,33,,YEAR,NEW HAMPSHIRE,FIELD CROPS,00,,NEW HAMPSHIRE,ALL CLASSES,,ANNUAL,ALL UTILIZATION PRACTICES,,,"HAY - YIELD, MEASURED IN TONS / ACRE",NH,2012-01-01 00:00:00.000,,TONS / ACRE,,STATE,00000000,,00,ALL PRODUCTION PRACTICES,33,CROPS,1992,TOTAL,SURVEY,1.91,HAY
UNITED STATES,,,9000,NOT SPECIFIED,YIELD,,33,,YEAR,NEW HAMPSHIRE,FIELD CROPS,00,,NEW HAMPSHIRE,ALL CLASSES,,ANNUAL,ALL UTILIZATION PRACTICES,,,"HAY - YIELD, MEASURED IN TONS / ACRE",NH,2012-01-01 00:00:00.000,,TONS / ACRE,,STATE,00000000,,00,ALL PRODUCTION PRACTICES,33,CROPS,1991,TOTAL,SURVEY,1.76,HAY
UNITED STATES,,,9000,NOT SPECIFIED,YIELD,,33,,YEAR,NEW HAMPSHIRE,FIELD CROPS,00,,NEW HAMPSHIRE,ALL CLASSES,,ANNUAL,ALL UTILIZATION PRACTICES,,,"HAY - YIELD, MEASURED IN TONS / ACRE",NH,2012-01-01 00:00:00.000,,TONS / ACRE,,STATE,00000000,,00,ALL PRODUCTION PRACTICES,33,CROPS,1990,TOTAL,SURVEY,2.04,HAY
UNITED STATES,,,9000,NOT SPECIFIED,YIELD,,33,,YEAR,NEW HAMPSHIRE,FIELD CROPS,00,,NEW HAMPSHIRE,ALL CLASSES,,ANNUAL,ALL UTILIZATION PRACTICES,,,"HAY - YIELD, MEASURED IN TONS / ACRE",NH,2012-01-01 00:00:00.000,,TONS / ACRE,,STATE,00000000,,00,ALL PRODUCTION PRACTICES,33,CROPS,1989,TOTAL,SURVEY,1.91,HAY
UNITED STATES,,,9000,NOT SPECIFIED,YIELD,,33,,YEAR,NEW HAMPSHIRE,FIELD CROPS,00,,NEW HAMPSHIRE,ALL CLASSES,,ANNUAL,ALL UTILIZATION PRACTICES,,,"HAY - YIELD, MEASURED IN TONS / ACRE",NH,2012-01-01 00:00:00.000,,TONS / ACRE,,STATE,00000000,,00,ALL PRODUCTION PRACTICES,33,CROPS,1988,TOTAL,SURVEY,1.78,HAY
UNITED STATES,,,9000,NOT SPECIFIED,YIELD,,33,,YEAR,NEW HAMPSHIRE,FIELD CROPS,00,,NEW HAMPSHIRE,ALL CLASSES,,ANNUAL,ALL UTILIZATION PRACTICES,,,"HAY - YIELD, MEASURED IN TONS / ACRE",NH,2012-01-01 00:00:00.000,,TONS / ACRE,,STATE,00000000,,00,ALL PRODUCTION PRACTICES,33,CROPS,1987,TOTAL,SURVEY,2.1,HAY
UNITED STATES,,,9000,NOT SPECIFIED,YIELD,,33,,YEAR,NEW HAMPSHIRE,FIELD CROPS,00,,NEW HAMPSHIRE,ALL CLASSES,,ANNUAL,ALL UTILIZATION PRACTICES,,,"HAY - YIELD, MEASURED IN TONS / ACRE",NH,2012-01-01 00:00:00.000,,TONS / ACRE,,STATE,00000000,,00,ALL PRODUCTION PRACTICES,33,CROPS,1986,TOTAL,SURVEY,2.26,HAY
UNITED STATES,,,9000,NOT SPECIFIED,YIELD,,33,,YEAR,NEW HAMPSHIRE,FIELD CROPS,00,,NEW HAMPSHIRE,ALL CLASSES,,ANNUAL,ALL UTILIZATION PRACTICES,,,"HAY - YIELD, MEASURED IN TONS / ACRE",NH,2012-01-01 00:00:00.000,,TONS / ACRE,,STATE,00000000,,00,ALL PRODUCTION PRACTICES,33,CROPS,1985,TOTAL,SURVEY,2.31,HAY
UNITED STATES,,,9000,NOT SPECIFIED,YIELD,,33,,YEAR,NEW HAMPSHIRE,FIELD CROPS,00,,NEW HAMPSHIRE,ALL CLASSES,,ANNUAL,ALL UTILIZATION PRACTICES,,,"HAY - YIELD, MEASURED IN TONS / ACRE",NH,2012-01-01 00:00:00.000,,TONS / ACRE,,STATE,00000000,,00,ALL PRODUCTION PRACTICES,33,CROPS,1984,TOTAL,SURVEY,2.28,HAY
UNITED STATES,,,9000,NOT SPECIFIED,YIELD,,33,,YEAR,NEW HAMPSHIRE,FIELD CROPS,00,,NEW HAMPSHIRE,ALL CLASSES,,ANNUAL,ALL UTILIZATION PRACTICES,,,"HAY - YIELD, MEASURED IN TONS / ACRE",NH,2012-01-01 00:00:00.000,,TONS / ACRE,,STATE,00000000,,00,ALL PRODUCTION PRACTICES,33,CROPS,1983,TOTAL,SURVEY,2.25,HAY
UNITED STATES,,,9000,NOT SPECIFIED,YIELD,,33,,YEAR,NEW HAMPSHIRE,FIELD CROPS,00,,NEW HAMPSHIRE,ALL CLASSES,,ANNUAL,ALL UTILIZATION PRACTICES,,,"HAY - YIELD, MEASURED IN TONS / ACRE",NH,2012-01-01 00:00:00.000,,TONS / ACRE,,STATE,00000000,,00,ALL PRODUCTION PRACTICES,33,CROPS,1982,TOTAL,SURVEY,2.22,HAY
UNITED STATES,,,9000,NOT SPECIFIED,YIELD,,33,,YEAR,NEW HAMPSHIRE,FIELD CROPS,00,,NEW HAMPSHIRE,ALL CLASSES,,ANNUAL,ALL UTILIZATION PRACTICES,,,"HAY - YIELD, MEASURED IN TONS / ACRE",NH,2012-01-01 00:00:00.000,,TONS / ACRE,,STATE,00000000,,00,ALL PRODUCTION PRACTICES,33,CROPS,1981,TOTAL,SURVEY,2.18,HAY
UNITED STATES,,,9000,NOT SPECIFIED,YIELD,,33,,YEAR,NEW HAMPSHIRE,FIELD CROPS,00,,NEW HAMPSHIRE,ALL CLASSES,,ANNUAL,ALL UTILIZATION PRACTICES,,,"HAY - YIELD, MEASURED IN TONS / ACRE",NH,2012-01-01 00:00:00.000,,TONS / ACRE,,STATE,00000000,,00,ALL PRODUCTION PRACTICES,33,CROPS,1980,TOTAL,SURVEY,2,HAY
UNITED STATES,,,9000,NOT SPECIFIED,YIELD,,33,,YEAR,NEW HAMPSHIRE,FIELD CROPS,00,,NEW HAMPSHIRE,ALL CLASSES,,ANNUAL,ALL UTILIZATION PRACTICES,,,"HAY - YIELD, MEASURED IN TONS / ACRE",NH,2012-01-01 00:00:00.000,,TONS / ACRE,,STATE,00000000,,00,ALL PRODUCTION PRACTICES,33,CROPS,1979,TOTAL,SURVEY,2.04,HAY
UNITED STATES,,,9000,NOT SPECIFIED,YIELD,,33,,YEAR,NEW HAMPSHIRE,FIELD CROPS,00,,NEW HAMPSHIRE,ALL CLASSES,,ANNUAL,ALL UTILIZATION PRACTICES,,,"HAY - YIELD, MEASURED IN TONS / ACRE",NH,2012-01-01 00:00:00.000,,TONS / ACRE,,STATE,00000000,,00,ALL PRODUCTION PRACTICES,33,CROPS,1978,TOTAL,SURVEY,1.99,HAY
UNITED STATES,,,9000,NOT SPECIFIED,YIELD,,33,,YEAR,NEW HAMPSHIRE,FIELD CROPS,00,,NEW HAMPSHIRE,ALL CLASSES,,ANNUAL,ALL UTILIZATION PRACTICES,,,"HAY - YIELD, MEASURED IN TONS / ACRE",NH,2012-01-01 00:00:00.000,,TONS / ACRE,,STATE,00000000,,00,ALL PRODUCTION PRACTICES,33,CROPS,1977,TOTAL,SURVEY,2.08,HAY
UNITED STATES,,,9000,NOT SPECIFIED,YIELD,,33,,YEAR,NEW HAMPSHIRE,FIELD CROPS,00,,NEW HAMPSHIRE,ALL CLASSES,,ANNUAL,ALL UTILIZATION PRACTICES,,,"HAY - YIELD, MEASURED IN TONS / ACRE",NH,2012-01-01 00:00:00.000,,TONS / ACRE,,STATE,00000000,,00,ALL PRODUCTION PRACTICES,33,CROPS,1976,TOTAL,SURVEY,1.94,HAY
UNITED STATES,,,9000,NOT SPECIFIED,YIELD,,33,,YEAR,NEW HAMPSHIRE,FIELD CROPS,00,,NEW HAMPSHIRE,ALL CLASSES,,ANNUAL,ALL UTILIZATION PRACTICES,,,"HAY - YIELD, MEASURED IN TONS / ACRE",NH,2012-01-01 00:00:00.000,,TONS / ACRE,,STATE,00000000,,00,ALL PRODUCTION PRACTICES,33,CROPS,1975,TOTAL,SURVEY,1.97,HAY
UNITED STATES,,,9000,NOT SPECIFIED,YIELD,,33,,YEAR,NEW HAMPSHIRE,FIELD CROPS,00,,NEW HAMPSHIRE,ALL CLASSES,,ANNUAL,ALL UTILIZATION PRACTICES,,,"HAY - YIELD, MEASURED IN TONS / ACRE",NH,2012-01-01 00:00:00.000,,TONS / ACRE,,STATE,00000000,,00,ALL PRODUCTION PRACTICES,33,CROPS,1974,TOTAL,SURVEY,1.91,HAY
UNITED STATES,,,9000,NOT SPECIFIED,YIELD,,33,,YEAR,NEW HAMPSHIRE,FIELD CROPS,00,,NEW HAMPSHIRE,ALL CLASSES,,ANNUAL,ALL UTILIZATION PRACTICES,,,"HAY - YIELD, MEASURED IN TONS / ACRE",NH,2012-01-01 00:00:00.000,,TONS / ACRE,,STATE,00000000,,00,ALL PRODUCTION PRACTICES,33,CROPS,1973,TOTAL,SURVEY,1.94,HAY
UNITED STATES,,,9000,NOT SPECIFIED,YIELD,,33,,YEAR,NEW HAMPSHIRE,FIELD CROPS,00,,NEW HAMPSHIRE,ALL CLASSES,,ANNUAL,ALL UTILIZATION PRACTICES,,,"HAY - YIELD, MEASURED IN TONS / ACRE",NH,2012-01-01 00:00:00.000,,TONS / ACRE,,STATE,00000000,,00,ALL PRODUCTION PRACTICES,33,CROPS,1972,TOTAL,SURVEY,1.77,HAY
UNITED STATES,,,9000,NOT SPECIFIED,YIELD,,33,,YEAR,NEW HAMPSHIRE,FIELD CROPS,00,,NEW HAMPSHIRE,ALL CLASSES,,ANNUAL,ALL UTILIZATION PRACTICES,,,"HAY - YIELD, MEASURED IN TONS / ACRE",NH,2012-01-01 00:00:00.000,,TONS / ACRE,,STATE,00000000,,00,ALL PRODUCTION PRACTICES,33,CROPS,1971,TOTAL,SURVEY,1.96,HAY
UNITED STATES,,,9000,NOT SPECIFIED,YIELD,,33,,YEAR,NEW HAMPSHIRE,FIELD CROPS,00,,NEW HAMPSHIRE,ALL CLASSES,,ANNUAL,ALL UTILIZATION PRACTICES,,,"HAY - YIELD, MEASURED IN TONS / ACRE",NH,2012-01-01 00:00:00.000,,TONS / ACRE,,STATE,00000000,,00,ALL PRODUCTION PRACTICES,33,CROPS,1970,TOTAL,SURVEY,1.89,HAY
UNITED STATES,,,9000,NOT SPECIFIED,YIELD,,33,,YEAR,NEW HAMPSHIRE,FIELD CROPS,00,,NEW HAMPSHIRE,ALL CLASSES,,ANNUAL,ALL UTILIZATION PRACTICES,,,"HAY - YIELD, MEASURED IN TONS / ACRE",NH,2012-01-01 00:00:00.000,,TONS / ACRE,,STATE,00000000,,00,ALL PRODUCTION PRACTICES,33,CROPS,1969,TOTAL,SURVEY,1.79,HAY
UNITED STATES,,,9000,NOT SPECIFIED,YIELD,,33,,YEAR,NEW HAMPSHIRE,FIELD CROPS,00,,NEW HAMPSHIRE,ALL CLASSES,,ANNUAL,ALL UTILIZATION PRACTICES,,,"HAY - YIELD, MEASURED IN TONS / ACRE",NH,2012-01-01 00:00:00.000,,TONS / ACRE,,STATE,00000000,,00,ALL PRODUCTION PRACTICES,33,CROPS,1968,TOTAL,SURVEY,1.79,HAY
UNITED STATES,,,9000,NOT SPECIFIED,YIELD,,33,,YEAR,NEW HAMPSHIRE,FIELD CROPS,00,,NEW HAMPSHIRE,ALL CLASSES,,ANNUAL,ALL UTILIZATION PRACTICES,,,"HAY - YIELD, MEASURED IN TONS / ACRE",NH,2012-01-01 00:00:00.000,,TONS / ACRE,,STATE,00000000,,00,ALL PRODUCTION PRACTICES,33,CROPS,1967,TOTAL,SURVEY,1.86,HAY
UNITED STATES,,,9000,NOT SPECIFIED,YIELD,,33,,YEAR,NEW HAMPSHIRE,FIELD CROPS,00,,NEW HAMPSHIRE,ALL CLASSES,,ANNUAL,ALL UTILIZATION PRACTICES,,,"HAY - YIELD, MEASURED IN TONS / ACRE",NH,2012-01-01 00:00:00.000,,TONS / ACRE,,STATE,00000000,,00,ALL PRODUCTION PRACTICES,33,CROPS,1966,TOTAL,SURVEY,1.66,HAY
UNITED STATES,,,9000,NOT SPECIFIED,YIELD,,33,,YEAR,NEW HAMPSHIRE,FIELD CROPS,00,,NEW HAMPSHIRE,ALL CLASSES,,ANNUAL,ALL UTILIZATION PRACTICES,,,"HAY - YIELD, MEASURED IN TONS / ACRE",NH,2012-01-01 00:00:00.000,,TONS / ACRE,,STATE,00000000,,00,ALL PRODUCTION PRACTICES,33,CROPS,1965,TOTAL,SURVEY,1.37,HAY
UNITED STATES,,,9000,NOT SPECIFIED,YIELD,,33,,YEAR,NEW HAMPSHIRE,FIELD CROPS,00,,NEW HAMPSHIRE,ALL CLASSES,,ANNUAL,ALL UTILIZATION PRACTICES,,,"HAY - YIELD, MEASURED IN TONS / ACRE",NH,2012-01-01 00:00:00.000,,TONS / ACRE,,STATE,00000000,,00,ALL PRODUCTION PRACTICES,33,CROPS,1964,TOTAL,SURVEY,1.26,HAY
UNITED STATES,,,9000,NOT SPECIFIED,YIELD,,33,,YEAR,NEW HAMPSHIRE,FIELD CROPS,00,,NEW HAMPSHIRE,ALL CLASSES,,ANNUAL,ALL UTILIZATION PRACTICES,,,"HAY - YIELD, MEASURED IN TONS / ACRE",NH,2012-01-01 00:00:00.000,,TONS / ACRE,,STATE,00000000,,00,ALL PRODUCTION PRACTICES,33,CROPS,1963,TOTAL,SURVEY,1.36,HAY
UNITED STATES,,,9000,NOT SPECIFIED,YIELD,,33,,YEAR,NEW HAMPSHIRE,FIELD CROPS,00,,NEW HAMPSHIRE,ALL CLASSES,,ANNUAL,ALL UTILIZATION PRACTICES,,,"HAY - YIELD, MEASURED IN TONS / ACRE",NH,2012-01-01 00:00:00.000,,TONS / ACRE,,STATE,00000000,,00,ALL PRODUCTION PRACTICES,33,CROPS,1962,TOTAL,SURVEY,1.44,HAY
UNITED STATES,,,9000,NOT SPECIFIED,YIELD,,33,,YEAR,NEW HAMPSHIRE,FIELD CROPS,00,,NEW HAMPSHIRE,ALL CLASSES,,ANNUAL,ALL UTILIZATION PRACTICES,,,"HAY - YIELD, MEASURED IN TONS / ACRE",NH,2012-01-01 00:00:00.000,,TONS / ACRE,,STATE,00000000,,00,ALL PRODUCTION PRACTICES,33,CROPS,1961,TOTAL,SURVEY,1.45,HAY
UNITED STATES,,,9000,NOT SPECIFIED,YIELD,,33,,YEAR,NEW HAMPSHIRE,FIELD CROPS,00,,NEW HAMPSHIRE,ALL CLASSES,,ANNUAL,ALL UTILIZATION PRACTICES,,,"HAY - YIELD, MEASURED IN TONS / ACRE",NH,2012-01-01 00:00:00.000,,TONS / ACRE,,STATE,00000000,,00,ALL PRODUCTION PRACTICES,33,CROPS,1960,TOTAL,SURVEY,1.49,HAY
UNITED STATES,,,9000,NOT SPECIFIED,YIELD,,33,,YEAR,NEW HAMPSHIRE,FIELD CROPS,00,,NEW HAMPSHIRE,ALL CLASSES,,ANNUAL,ALL UTILIZATION PRACTICES,,,"HAY - YIELD, MEASURED IN TONS / ACRE",NH,2012-01-01 00:00:00.000,,TONS / ACRE,,STATE,00000000,,00,ALL PRODUCTION PRACTICES,33,CROPS,1959,TOTAL,SURVEY,1.38,HAY
UNITED STATES,,,9000,NOT SPECIFIED,YIELD,,33,,YEAR,NEW HAMPSHIRE,FIELD CROPS,00,,NEW HAMPSHIRE,ALL CLASSES,,ANNUAL,ALL UTILIZATION PRACTICES,,,"HAY - YIELD, MEASURED IN TONS / ACRE",NH,2012-01-01 00:00:00.000,,TONS / ACRE,,STATE,00000000,,00,ALL PRODUCTION PRACTICES,33,CROPS,1958,TOTAL,SURVEY,1.35,HAY
UNITED STATES,,,9000,NOT SPECIFIED,YIELD,,33,,YEAR,NEW HAMPSHIRE,FIELD CROPS,00,,NEW HAMPSHIRE,ALL CLASSES,,ANNUAL,ALL UTILIZATION PRACTICES,,,"HAY - YIELD, MEASURED IN TONS / ACRE",NH,2012-01-01 00:00:00.000,,TONS / ACRE,,STATE,00000000,,00,ALL PRODUCTION PRACTICES,33,CROPS,1957,TOTAL,SURVEY,1.28,HAY
UNITED STATES,,,9000,NOT SPECIFIED,YIELD,,33,,YEAR,NEW HAMPSHIRE,FIELD CROPS,00,,NEW HAMPSHIRE,ALL CLASSES,,ANNUAL,ALL UTILIZATION PRACTICES,,,"HAY - YIELD, MEASURED IN TONS / ACRE",NH,2012-01-01 00:00:00.000,,TONS / ACRE,,STATE,00000000,,00,ALL PRODUCTION PRACTICES,33,CROPS,1956,TOTAL,SURVEY,1.26,HAY
UNITED STATES,,,9000,NOT SPECIFIED,YIELD,,33,,YEAR,NEW HAMPSHIRE,FIELD CROPS,00,,NEW HAMPSHIRE,ALL CLASSES,,ANNUAL,ALL UTILIZATION PRACTICES,,,"HAY - YIELD, MEASURED IN TONS / ACRE",NH,2012-01-01 00:00:00.000,,TONS / ACRE,,STATE,00000000,,00,ALL PRODUCTION PRACTICES,33,CROPS,1955,TOTAL,SURVEY,1.41,HAY
UNITED STATES,,,9000,NOT SPECIFIED,YIELD,,33,,YEAR,NEW HAMPSHIRE,FIELD CROPS,00,,NEW HAMPSHIRE,ALL CLASSES,,ANNUAL,ALL UTILIZATION PRACTICES,,,"HAY - YIELD, MEASURED IN TONS / ACRE",NH,2012-01-01 00:00:00.000,,TONS / ACRE,,STATE,00000000,,00,ALL PRODUCTION PRACTICES,33,CROPS,1954,TOTAL,SURVEY,1.35,HAY
UNITED STATES,,,9000,NOT SPECIFIED,YIELD,,33,,YEAR,NEW HAMPSHIRE,FIELD CROPS,00,,NEW HAMPSHIRE,ALL CLASSES,,ANNUAL,ALL UTILIZATION PRACTICES,,,"HAY - YIELD, MEASURED IN TONS / ACRE",NH,2012-01-01 00:00:00.000,,TONS / ACRE,,STATE,00000000,,00,ALL PRODUCTION PRACTICES,33,CROPS,1953,TOTAL,SURVEY,1.26,HAY
UNITED STATES,,,9000,NOT SPECIFIED,YIELD,,33,,YEAR,NEW HAMPSHIRE,FIELD CROPS,00,,NEW HAMPSHIRE,ALL CLASSES,,ANNUAL,ALL UTILIZATION PRACTICES,,,"HAY - YIELD, MEASURED IN TONS / ACRE",NH,2012-01-01 00:00:00.000,,TONS / ACRE,,STATE,00000000,,00,ALL PRODUCTION PRACTICES,33,CROPS,1952,TOTAL,SURVEY,1.36,HAY
UNITED STATES,,,9000,NOT SPECIFIED,YIELD,,33,,YEAR,NEW HAMPSHIRE,FIELD CROPS,00,,NEW HAMPSHIRE,ALL CLASSES,,ANNUAL,ALL UTILIZATION PRACTICES,,,"HAY - YIELD, MEASURED IN TONS / ACRE",NH,2012-01-01 00:00:00.000,,TONS / ACRE,,STATE,00000000,,00,ALL PRODUCTION PRACTICES,33,CROPS,1951,TOTAL,SURVEY,1.32,HAY
UNITED STATES,,,9000,NOT SPECIFIED,YIELD,,33,,YEAR,NEW HAMPSHIRE,FIELD CROPS,00,,NEW HAMPSHIRE,ALL CLASSES,,ANNUAL,ALL UTILIZATION PRACTICES,,,"HAY - YIELD, MEASURED IN TONS / ACRE",NH,2012-01-01 00:00:00.000,,TONS / ACRE,,STATE,00000000,,00,ALL PRODUCTION PRACTICES,33,CROPS,1950,TOTAL,SURVEY,1.23,HAY
UNITED STATES,,,9000,NOT SPECIFIED,YIELD,,33,,YEAR,NEW HAMPSHIRE,FIELD CROPS,00,,NEW HAMPSHIRE,ALL CLASSES,,ANNUAL,ALL UTILIZATION PRACTICES,,,"HAY - YIELD, MEASURED IN TONS / ACRE",NH,2012-01-01 00:00:00.000,,TONS / ACRE,,STATE,00000000,,00,ALL PRODUCTION PRACTICES,33,CROPS,1949,TOTAL,SURVEY,1.18,HAY
UNITED STATES,,,9000,NOT SPECIFIED,YIELD,,33,,YEAR,NEW HAMPSHIRE,FIELD CROPS,00,,NEW HAMPSHIRE,ALL CLASSES,,ANNUAL,ALL UTILIZATION PRACTICES,,,"HAY - YIELD, MEASURED IN TONS / ACRE",NH,2012-01-01 00:00:00.000,,TONS / ACRE,,STATE,00000000,,00,ALL PRODUCTION PRACTICES,33,CROPS,1948,TOTAL,SURVEY,1.24,HAY
UNITED STATES,,,9000,NOT SPECIFIED,YIELD,,33,,YEAR,NEW HAMPSHIRE,FIELD CROPS,00,,NEW HAMPSHIRE,ALL CLASSES,,ANNUAL,ALL UTILIZATION PRACTICES,,,"HAY - YIELD, MEASURED IN TONS / ACRE",NH,2012-01-01 00:00:00.000,,TONS / ACRE,,STATE,00000000,,00,ALL PRODUCTION PRACTICES,33,CROPS,1947,TOTAL,SURVEY,1.27,HAY
UNITED STATES,,,9000,NOT SPECIFIED,YIELD,,33,,YEAR,NEW HAMPSHIRE,FIELD CROPS,00,,NEW HAMPSHIRE,ALL CLASSES,,ANNUAL,ALL UTILIZATION PRACTICES,,,"HAY - YIELD, MEASURED IN TONS / ACRE",NH,2012-01-01 00:00:00.000,,TONS / ACRE,,STATE,00000000,,00,ALL PRODUCTION PRACTICES,33,CROPS,1946,TOTAL,SURVEY,1.18,HAY
UNITED STATES,,,9000,NOT SPECIFIED,YIELD,,33,,YEAR,NEW HAMPSHIRE,FIELD CROPS,00,,NEW HAMPSHIRE,ALL CLASSES,,ANNUAL,ALL UTILIZATION PRACTICES,,,"HAY - YIELD, MEASURED IN TONS / ACRE",NH,2012-01-01 00:00:00.000,,TONS / ACRE,,STATE,00000000,,00,ALL PRODUCTION PRACTICES,33,CROPS,1945,TOTAL,SURVEY,1.23,HAY
UNITED STATES,,,9000,NOT SPECIFIED,YIELD,,33,,YEAR,NEW HAMPSHIRE,FIELD CROPS,00,,NEW HAMPSHIRE,ALL CLASSES,,ANNUAL,ALL UTILIZATION PRACTICES,,,"HAY - YIELD, MEASURED IN TONS / ACRE",NH,2012-01-01 00:00:00.000,,TONS / ACRE,,STATE,00000000,,00,ALL PRODUCTION PRACTICES,33,CROPS,1944,TOTAL,SURVEY,1.02,HAY
UNITED STATES,,,9000,NOT SPECIFIED,YIELD,,33,,YEAR,NEW HAMPSHIRE,FIELD CROPS,00,,NEW HAMPSHIRE,ALL CLASSES,,ANNUAL,ALL UTILIZATION PRACTICES,,,"HAY - YIELD, MEASURED IN TONS / ACRE",NH,2012-01-01 00:00:00.000,,TONS / ACRE,,STATE,00000000,,00,ALL PRODUCTION PRACTICES,33,CROPS,1943,TOTAL,SURVEY,1.22,HAY
UNITED STATES,,,9000,NOT SPECIFIED,YIELD,,33,,YEAR,NEW HAMPSHIRE,FIELD CROPS,00,,NEW HAMPSHIRE,ALL CLASSES,,ANNUAL,ALL UTILIZATION PRACTICES,,,"HAY - YIELD, MEASURED IN TONS / ACRE",NH,2012-01-01 00:00:00.000,,TONS / ACRE,,STATE,00000000,,00,ALL PRODUCTION PRACTICES,33,CROPS,1942,TOTAL,SURVEY,1.2,HAY
UNITED STATES,,,9000,NOT SPECIFIED,YIELD,,33,,YEAR,NEW HAMPSHIRE,FIELD CROPS,00,,NEW HAMPSHIRE,ALL CLASSES,,ANNUAL,ALL UTILIZATION PRACTICES,,,"HAY - YIELD, MEASURED IN TONS / ACRE",NH,2012-01-01 00:00:00.000,,TONS / ACRE,,STATE,00000000,,00,ALL PRODUCTION PRACTICES,33,CROPS,1941,TOTAL,SURVEY,0.99,HAY
UNITED STATES,,,9000,NOT SPECIFIED,YIELD,,33,,YEAR,NEW HAMPSHIRE,FIELD CROPS,00,,NEW HAMPSHIRE,ALL CLASSES,,ANNUAL,ALL UTILIZATION PRACTICES,,,"HAY - YIELD, MEASURED IN TONS / ACRE",NH,2012-01-01 00:00:00.000,,TONS / ACRE,,STATE,00000000,,00,ALL PRODUCTION PRACTICES,33,CROPS,1940,TOTAL,SURVEY,1.12,HAY
UNITED STATES,,,9000,NOT SPECIFIED,YIELD,,33,,YEAR,NEW HAMPSHIRE,FIELD CROPS,00,,NEW HAMPSHIRE,ALL CLASSES,,ANNUAL,ALL UTILIZATION PRACTICES,,,"HAY - YIELD, MEASURED IN TONS / ACRE",NH,2012-01-01 00:00:00.000,,TONS / ACRE,,STATE,00000000,,00,ALL PRODUCTION PRACTICES,33,CROPS,1939,TOTAL,SURVEY,1.11,HAY
UNITED STATES,,,9000,NOT SPECIFIED,YIELD,,33,,YEAR,NEW HAMPSHIRE,FIELD CROPS,00,,NEW HAMPSHIRE,ALL CLASSES,,ANNUAL,ALL UTILIZATION PRACTICES,,,"HAY - YIELD, MEASURED IN TONS / ACRE",NH,2012-01-01 00:00:00.000,,TONS / ACRE,,STATE,00000000,,00,ALL PRODUCTION PRACTICES,33,CROPS,1938,TOTAL,SURVEY,1.15,HAY
UNITED STATES,,,9000,NOT SPECIFIED,YIELD,,33,,YEAR,NEW HAMPSHIRE,FIELD CROPS,00,,NEW HAMPSHIRE,ALL CLASSES,,ANNUAL,ALL UTILIZATION PRACTICES,,,"HAY - YIELD, MEASURED IN TONS / ACRE",NH,2012-01-01 00:00:00.000,,TONS / ACRE,,STATE,00000000,,00,ALL PRODUCTION PRACTICES,33,CROPS,1937,TOTAL,SURVEY,1.15,HAY
UNITED STATES,,,9000,NOT SPECIFIED,YIELD,,33,,YEAR,NEW HAMPSHIRE,FIELD CROPS,00,,NEW HAMPSHIRE,ALL CLASSES,,ANNUAL,ALL UTILIZATION PRACTICES,,,"HAY - YIELD, MEASURED IN TONS / ACRE",NH,2012-01-01 00:00:00.000,,TONS / ACRE,,STATE,00000000,,00,ALL PRODUCTION PRACTICES,33,CROPS,1936,TOTAL,SURVEY,1.02,HAY
UNITED STATES,,,9000,NOT SPECIFIED,YIELD,,33,,YEAR,NEW HAMPSHIRE,FIELD CROPS,00,,NEW HAMPSHIRE,ALL CLASSES,,ANNUAL,ALL UTILIZATION PRACTICES,,,"HAY - YIELD, MEASURED IN TONS / ACRE",NH,2012-01-01 00:00:00.000,,TONS / ACRE,,STATE,00000000,,00,ALL PRODUCTION PRACTICES,33,CROPS,1935,TOTAL,SURVEY,1.11,HAY
UNITED STATES,,,9000,NOT SPECIFIED,YIELD,,33,,YEAR,NEW HAMPSHIRE,FIELD CROPS,00,,NEW HAMPSHIRE,ALL CLASSES,,ANNUAL,ALL UTILIZATION PRACTICES,,,"HAY - YIELD, MEASURED IN TONS / ACRE",NH,2012-01-01 00:00:00.000,,TONS / ACRE,,STATE,00000000,,00,ALL PRODUCTION PRACTICES,33,CROPS,1934,TOTAL,SURVEY,0.94,HAY
UNITED STATES,,,9000,NOT SPECIFIED,YIELD,,33,,YEAR,NEW HAMPSHIRE,FIELD CROPS,00,,NEW HAMPSHIRE,ALL CLASSES,,ANNUAL,ALL UTILIZATION PRACTICES,,,"HAY - YIELD, MEASURED IN TONS / ACRE",NH,2012-01-01 00:00:00.000,,TONS / ACRE,,STATE,00000000,,00,ALL PRODUCTION PRACTICES,33,CROPS,1933,TOTAL,SURVEY,0.92,HAY
UNITED STATES,,,9000,NOT SPECIFIED,YIELD,,33,,YEAR,NEW HAMPSHIRE,FIELD CROPS,00,,NEW HAMPSHIRE,ALL CLASSES,,ANNUAL,ALL UTILIZATION PRACTICES,,,"HAY - YIELD, MEASURED IN TONS / ACRE",NH,2012-01-01 00:00:00.000,,TONS / ACRE,,STATE,00000000,,00,ALL PRODUCTION PRACTICES,33,CROPS,1932,TOTAL,SURVEY,0.85,HAY
UNITED STATES,,,9000,NOT SPECIFIED,YIELD,,33,,YEAR,NEW HAMPSHIRE,FIELD CROPS,00,,NEW HAMPSHIRE,ALL CLASSES,,ANNUAL,ALL UTILIZATION PRACTICES,,,"HAY - YIELD, MEASURED IN TONS / ACRE",NH,2012-01-01 00:00:00.000,,TONS / ACRE,,STATE,00000000,,00,ALL PRODUCTION PRACTICES,33,CROPS,1931,TOTAL,SURVEY,1.07,HAY
UNITED STATES,,,9000,NOT SPECIFIED,YIELD,,33,,YEAR,NEW HAMPSHIRE,FIELD CROPS,00,,NEW HAMPSHIRE,ALL CLASSES,,ANNUAL,ALL UTILIZATION PRACTICES,,,"HAY - YIELD, MEASURED IN TONS / ACRE",NH,2012-01-01 00:00:00.000,,TONS / ACRE,,STATE,00000000,,00,ALL PRODUCTION PRACTICES,33,CROPS,1930,TOTAL,SURVEY,1.11,HAY
UNITED STATES,,,9000,NOT SPECIFIED,YIELD,,33,,YEAR,NEW HAMPSHIRE,FIELD CROPS,00,,NEW HAMPSHIRE,ALL CLASSES,,ANNUAL,ALL UTILIZATION PRACTICES,,,"HAY - YIELD, MEASURED IN TONS / ACRE",NH,2012-01-01 00:00:00.000,,TONS / ACRE,,STATE,00000000,,00,ALL PRODUCTION PRACTICES,33,CROPS,1929,TOTAL,SURVEY,1.11,HAY
UNITED STATES,,,9000,NOT SPECIFIED,YIELD,,33,,YEAR,NEW HAMPSHIRE,FIELD CROPS,00,,NEW HAMPSHIRE,ALL CLASSES,,ANNUAL,ALL UTILIZATION PRACTICES,,,"HAY - YIELD, MEASURED IN TONS / ACRE",NH,2012-01-01 00:00:00.000,,TONS / ACRE,,STATE,00000000,,00,ALL PRODUCTION PRACTICES,33,CROPS,1928,TOTAL,SURVEY,1.1,HAY
UNITED STATES,,,9000,NOT SPECIFIED,YIELD,,33,,YEAR,NEW HAMPSHIRE,FIELD CROPS,00,,NEW HAMPSHIRE,ALL CLASSES,,ANNUAL,ALL UTILIZATION PRACTICES,,,"HAY - YIELD, MEASURED IN TONS / ACRE",NH,2012-01-01 00:00:00.000,,TONS / ACRE,,STATE,00000000,,00,ALL PRODUCTION PRACTICES,33,CROPS,1927,TOTAL,SURVEY,1.03,HAY
UNITED STATES,,,9000,NOT SPECIFIED,YIELD,,33,,YEAR,NEW HAMPSHIRE,FIELD CROPS,00,,NEW HAMPSHIRE,ALL CLASSES,,ANNUAL,ALL UTILIZATION PRACTICES,,,"HAY - YIELD, MEASURED IN TONS / ACRE",NH,2012-01-01 00:00:00.000,,TONS / ACRE,,STATE,00000000,,00,ALL PRODUCTION PRACTICES,33,CROPS,1926,TOTAL,SURVEY,0.96,HAY
UNITED STATES,,,9000,NOT SPECIFIED,YIELD,,33,,YEAR,NEW HAMPSHIRE,FIELD CROPS,00,,NEW HAMPSHIRE,ALL CLASSES,,ANNUAL,ALL UTILIZATION PRACTICES,,,"HAY - YIELD, MEASURED IN TONS / ACRE",NH,2012-01-01 00:00:00.000,,TONS / ACRE,,STATE,00000000,,00,ALL PRODUCTION PRACTICES,33,CROPS,1925,TOTAL,SURVEY,1,HAY
UNITED STATES,,,9000,NOT SPECIFIED,YIELD,,33,,YEAR,NEW HAMPSHIRE,FIELD CROPS,00,,NEW HAMPSHIRE,ALL CLASSES,,ANNUAL,ALL UTILIZATION PRACTICES,,,"HAY - YIELD, MEASURED IN TONS / ACRE",NH,2012-01-01 00:00:00.000,,TONS / ACRE,,STATE,00000000,,00,ALL PRODUCTION PRACTICES,33,CROPS,1924,TOTAL,SURVEY,0.95,HAY
UNITED STATES,,,9000,NOT SPECIFIED,YIELD,,33,,YEAR,NEW HAMPSHIRE,FIELD CROPS,00,,NEW HAMPSHIRE,ALL CLASSES,,ANNUAL,ALL UTILIZATION PRACTICES,,,"HAY - YIELD, MEASURED IN TONS / ACRE",NH,2012-01-01 00:00:00.000,,TONS / ACRE,,STATE,00000000,,00,ALL PRODUCTION PRACTICES,33,CROPS,1923,TOTAL,SURVEY,1,HAY
UNITED STATES,,,9000,NOT SPECIFIED,YIELD,,33,,YEAR,NEW HAMPSHIRE,FIELD CROPS,00,,NEW HAMPSHIRE,ALL CLASSES,,ANNUAL,ALL UTILIZATION PRACTICES,,,"HAY - YIELD, MEASURED IN TONS / ACRE",NH,2012-01-01 00:00:00.000,,TONS / ACRE,,STATE,00000000,,00,ALL PRODUCTION PRACTICES,33,CROPS,1922,TOTAL,SURVEY,1.1,HAY
UNITED STATES,,,9000,NOT SPECIFIED,YIELD,,33,,YEAR,NEW HAMPSHIRE,FIELD CROPS,00,,NEW HAMPSHIRE,ALL CLASSES,,ANNUAL,ALL UTILIZATION PRACTICES,,,"HAY - YIELD, MEASURED IN TONS / ACRE",NH,2012-01-01 00:00:00.000,,TONS / ACRE,,STATE,00000000,,00,ALL PRODUCTION PRACTICES,33,CROPS,1921,TOTAL,SURVEY,0.94,HAY
UNITED STATES,,,9000,NOT SPECIFIED,YIELD,,33,,YEAR,NEW HAMPSHIRE,FIELD CROPS,00,,NEW HAMPSHIRE,ALL CLASSES,,ANNUAL,ALL UTILIZATION PRACTICES,,,"HAY - YIELD, MEASURED IN TONS / ACRE",NH,2012-01-01 00:00:00.000,,TONS / ACRE,,STATE,00000000,,00,ALL PRODUCTION PRACTICES,33,CROPS,1920,TOTAL,SURVEY,1.09,HAY
UNITED STATES,,,9000,NOT SPECIFIED,YIELD,,33,,YEAR,NEW HAMPSHIRE,FIELD CROPS,00,,NEW HAMPSHIRE,ALL CLASSES,,ANNUAL,ALL UTILIZATION PRACTICES,,,"HAY - YIELD, MEASURED IN TONS / ACRE",NH,2012-01-01 00:00:00.000,,TONS / ACRE,,STATE,00000000,,00,ALL PRODUCTION PRACTICES,33,CROPS,1919,TOTAL,SURVEY,1.1,HAY
UNITED STATES,,,9000,NOT SPECIFIED,YIELD,,33,,YEAR,NEW HAMPSHIRE,FIELD CROPS,00,,NEW HAMPSHIRE,ALL CLASSES,,ANNUAL,ALL UTILIZATION PRACTICES,,,"HAY - YIELD, MEASURED IN TONS / ACRE",NH,2012-01-01 00:00:00.000,,TONS / ACRE,,STATE,00000000,,00,ALL PRODUCTION PRACTICES,33,CROPS,1918,TOTAL,SURVEY,0.95,HAY
UNITED STATES,,,9000,NOT SPECIFIED,YIELD,,33,,YEAR,NEW HAMPSHIRE,FIELD CROPS,00,,NEW HAMPSHIRE,ALL CLASSES,,ANNUAL,ALL UTILIZATION PRACTICES,,,"HAY - YIELD, MEASURED IN TONS / ACRE",NH,2012-01-01 00:00:00.000,,TONS / ACRE,,STATE,00000000,,00,ALL PRODUCTION PRACTICES,33,CROPS,1917,TOTAL,SURVEY,1.15,HAY
UNITED STATES,,,9000,NOT SPECIFIED,YIELD,,33,,YEAR,NEW HAMPSHIRE,FIELD CROPS,00,,NEW HAMPSHIRE,ALL CLASSES,,ANNUAL,ALL UTILIZATION PRACTICES,,,"HAY - YIELD, MEASURED IN TONS / ACRE",NH,2012-01-01 00:00:00.000,,TONS / ACRE,,STATE,00000000,,00,ALL PRODUCTION PRACTICES,33,CROPS,1916,TOTAL,SURVEY,1.2,HAY
UNITED STATES,,,9000,NOT SPECIFIED,YIELD,,33,,YEAR,NEW HAMPSHIRE,FIELD CROPS,00,,NEW HAMPSHIRE,ALL CLASSES,,ANNUAL,ALL UTILIZATION PRACTICES,,,"HAY - YIELD, MEASURED IN TONS / ACRE",NH,2012-01-01 00:00:00.000,,TONS / ACRE,,STATE,00000000,,00,ALL PRODUCTION PRACTICES,33,CROPS,1915,TOTAL,SURVEY,0.9,HAY
UNITED STATES,,,9000,NOT SPECIFIED,YIELD,,33,,YEAR,NEW HAMPSHIRE,FIELD CROPS,00,,NEW HAMPSHIRE,ALL CLASSES,,ANNUAL,ALL UTILIZATION PRACTICES,,,"HAY - YIELD, MEASURED IN TONS / ACRE",NH,2012-01-01 00:00:00.000,,TONS / ACRE,,STATE,00000000,,00,ALL PRODUCTION PRACTICES,33,CROPS,1914,TOTAL,SURVEY,1.05,HAY
UNITED STATES,,,9000,NOT SPECIFIED,YIELD,,33,,YEAR,NEW HAMPSHIRE,FIELD CROPS,00,,NEW HAMPSHIRE,ALL CLASSES,,ANNUAL,ALL UTILIZATION PRACTICES,,,"HAY - YIELD, MEASURED IN TONS / ACRE",NH,2012-01-01 00:00:00.000,,TONS / ACRE,,STATE,00000000,,00,ALL PRODUCTION PRACTICES,33,CROPS,1913,TOTAL,SURVEY,0.9,HAY
UNITED STATES,,,9000,NOT SPECIFIED,YIELD,,33,,YEAR,NEW HAMPSHIRE,FIELD CROPS,00,,NEW HAMPSHIRE,ALL CLASSES,,ANNUAL,ALL UTILIZATION PRACTICES,,,"HAY - YIELD, MEASURED IN TONS / ACRE",NH,2012-01-01 00:00:00.000,,TONS / ACRE,,STATE,00000000,,00,ALL PRODUCTION PRACTICES,33,CROPS,1912,TOTAL,SURVEY,1.05,HAY
UNITED STATES,,,9000,NOT SPECIFIED,YIELD,,33,,YEAR,NEW HAMPSHIRE,FIELD CROPS,00,,NEW HAMPSHIRE,ALL CLASSES,,ANNUAL,ALL UTILIZATION PRACTICES,,,"HAY - YIELD, MEASURED IN TONS / ACRE",NH,2012-01-01 00:00:00.000,,TONS / ACRE,,STATE,00000000,,00,ALL PRODUCTION PRACTICES,33,CROPS,1911,TOTAL,SURVEY,0.95,HAY
UNITED STATES,,,9000,NOT SPECIFIED,YIELD,,33,,YEAR,NEW HAMPSHIRE,FIELD CROPS,00,,NEW HAMPSHIRE,ALL CLASSES,,ANNUAL,ALL UTILIZATION PRACTICES,,,"HAY - YIELD, MEASURED IN TONS / ACRE",NH,2012-01-01 00:00:00.000,,TONS / ACRE,,STATE,00000000,,00,ALL PRODUCTION PRACTICES,33,CROPS,1910,TOTAL,SURVEY,1.09,HAY
UNITED STATES,,,9000,NOT SPECIFIED,YIELD,,33,,YEAR,NEW HAMPSHIRE,FIELD CROPS,00,,NEW HAMPSHIRE,ALL CLASSES,,ANNUAL,ALL UTILIZATION PRACTICES,,,"HAY - YIELD, MEASURED IN TONS / ACRE",NH,2012-01-01 00:00:00.000,,TONS / ACRE,,STATE,00000000,,00,ALL PRODUCTION PRACTICES,33,CROPS,1909,TOTAL,SURVEY,0.96,HAY
UNITED STATES,,,9000,NOT SPECIFIED,YIELD,,33,,YEAR,NEW HAMPSHIRE,FIELD CROPS,00,,NEW HAMPSHIRE,SMALL GRAIN,,ANNUAL,ALL UTILIZATION PRACTICES,,,"HAY, SMALL GRAIN - YIELD, MEASURED IN TONS / ACRE",NH,2012-01-01 00:00:00.000,,TONS / ACRE,,STATE,00000000,,00,ALL PRODUCTION PRACTICES,33,CROPS,1964,TOTAL,SURVEY,1.65,HAY
UNITED STATES,,,9000,NOT SPECIFIED,YIELD,,33,,YEAR,NEW HAMPSHIRE,FIELD CROPS,00,,NEW HAMPSHIRE,SMALL GRAIN,,ANNUAL,ALL UTILIZATION PRACTICES,,,"HAY, SMALL GRAIN - YIELD, MEASURED IN TONS / ACRE",NH,2012-01-01 00:00:00.000,,TONS / ACRE,,STATE,00000000,,00,ALL PRODUCTION PRACTICES,33,CROPS,1963,TOTAL,SURVEY,1.65,HAY
UNITED STATES,,,9000,NOT SPECIFIED,YIELD,,33,,YEAR,NEW HAMPSHIRE,FIELD CROPS,00,,NEW HAMPSHIRE,SMALL GRAIN,,ANNUAL,ALL UTILIZATION PRACTICES,,,"HAY, SMALL GRAIN - YIELD, MEASURED IN TONS / ACRE",NH,2012-01-01 00:00:00.000,,TONS / ACRE,,STATE,00000000,,00,ALL PRODUCTION PRACTICES,33,CROPS,1962,TOTAL,SURVEY,1.7,HAY
UNITED STATES,,,9000,NOT SPECIFIED,YIELD,,33,,YEAR,NEW HAMPSHIRE,FIELD CROPS,00,,NEW HAMPSHIRE,SMALL GRAIN,,ANNUAL,ALL UTILIZATION PRACTICES,,,"HAY, SMALL GRAIN - YIELD, MEASURED IN TONS / ACRE",NH,2012-01-01 00:00:00.000,,TONS / ACRE,,STATE,00000000,,00,ALL PRODUCTION PRACTICES,33,CROPS,1961,TOTAL,SURVEY,1.8,HAY
UNITED STATES,,,9000,NOT SPECIFIED,YIELD,,33,,YEAR,NEW HAMPSHIRE,FIELD CROPS,00,,NEW HAMPSHIRE,SMALL GRAIN,,ANNUAL,ALL UTILIZATION PRACTICES,,,"HAY, SMALL GRAIN - YIELD, MEASURED IN TONS / ACRE",NH,2012-01-01 00:00:00.000,,TONS / ACRE,,STATE,00000000,,00,ALL PRODUCTION PRACTICES,33,CROPS,1960,TOTAL,SURVEY,1.7,HAY
UNITED STATES,,,9000,NOT SPECIFIED,YIELD,,33,,YEAR,NEW HAMPSHIRE,FIELD CROPS,00,,NEW HAMPSHIRE,SMALL GRAIN,,ANNUAL,ALL UTILIZATION PRACTICES,,,"HAY, SMALL GRAIN - YIELD, MEASURED IN TONS / ACRE",NH,2012-01-01 00:00:00.000,,TONS / ACRE,,STATE,00000000,,00,ALL PRODUCTION PRACTICES,33,CROPS,1959,TOTAL,SURVEY,1.7,HAY
UNITED STATES,,,9000,NOT SPECIFIED,YIELD,,33,,YEAR,NEW HAMPSHIRE,FIELD CROPS,00,,NEW HAMPSHIRE,SMALL GRAIN,,ANNUAL,ALL UTILIZATION PRACTICES,,,"HAY, SMALL GRAIN - YIELD, MEASURED IN TONS / ACRE",NH,2012-01-01 00:00:00.000,,TONS / ACRE,,STATE,00000000,,00,ALL PRODUCTION PRACTICES,33,CROPS,1958,TOTAL,SURVEY,1.75,HAY
UNITED STATES,,,9000,NOT SPECIFIED,YIELD,,33,,YEAR,NEW HAMPSHIRE,FIELD CROPS,00,,NEW HAMPSHIRE,SMALL GRAIN,,ANNUAL,ALL UTILIZATION PRACTICES,,,"HAY, SMALL GRAIN - YIELD, MEASURED IN TONS / ACRE",NH,2012-01-01 00:00:00.000,,TONS / ACRE,,STATE,00000000,,00,ALL PRODUCTION PRACTICES,33,CROPS,1957,TOTAL,SURVEY,1.65,HAY
UNITED STATES,,,9000,NOT SPECIFIED,YIELD,,33,,YEAR,NEW HAMPSHIRE,FIELD CROPS,00,,NEW HAMPSHIRE,SMALL GRAIN,,ANNUAL,ALL UTILIZATION PRACTICES,,,"HAY, SMALL GRAIN - YIELD, MEASURED IN TONS / ACRE",NH,2012-01-01 00:00:00.000,,TONS / ACRE,,STATE,00000000,,00,ALL PRODUCTION PRACTICES,33,CROPS,1956,TOTAL,SURVEY,1.7,HAY
UNITED STATES,,,9000,NOT SPECIFIED,YIELD,,33,,YEAR,NEW HAMPSHIRE,FIELD CROPS,00,,NEW HAMPSHIRE,SMALL GRAIN,,ANNUAL,ALL UTILIZATION PRACTICES,,,"HAY, SMALL GRAIN - YIELD, MEASURED IN TONS / ACRE",NH,2012-01-01 00:00:00.000,,TONS / ACRE,,STATE,00000000,,00,ALL PRODUCTION PRACTICES,33,CROPS,1955,TOTAL,SURVEY,1.75,HAY
UNITED STATES,,,9000,NOT SPECIFIED,YIELD,,33,,YEAR,NEW HAMPSHIRE,FIELD CROPS,00,,NEW HAMPSHIRE,SMALL GRAIN,,ANNUAL,ALL UTILIZATION PRACTICES,,,"HAY, SMALL GRAIN - YIELD, MEASURED IN TONS / ACRE",NH,2012-01-01 00:00:00.000,,TONS / ACRE,,STATE,00000000,,00,ALL PRODUCTION PRACTICES,33,CROPS,1954,TOTAL,SURVEY,1.65,HAY
UNITED STATES,,,9000,NOT SPECIFIED,YIELD,,33,,YEAR,NEW HAMPSHIRE,FIELD CROPS,00,,NEW HAMPSHIRE,SMALL GRAIN,,ANNUAL,ALL UTILIZATION PRACTICES,,,"HAY, SMALL GRAIN - YIELD, MEASURED IN TONS / ACRE",NH,2012-01-01 00:00:00.000,,TONS / ACRE,,STATE,00000000,,00,ALL PRODUCTION PRACTICES,33,CROPS,1953,TOTAL,SURVEY,1.5,HAY
UNITED STATES,,,9000,NOT SPECIFIED,YIELD,,33,,YEAR,NEW HAMPSHIRE,FIELD CROPS,00,,NEW HAMPSHIRE,SMALL GRAIN,,ANNUAL,ALL UTILIZATION PRACTICES,,,"HAY, SMALL GRAIN - YIELD, MEASURED IN TONS / ACRE",NH,2012-01-01 00:00:00.000,,TONS / ACRE,,STATE,00000000,,00,ALL PRODUCTION PRACTICES,33,CROPS,1952,TOTAL,SURVEY,1.8,HAY
UNITED STATES,,,9000,NOT SPECIFIED,YIELD,,33,,YEAR,NEW HAMPSHIRE,FIELD CROPS,00,,NEW HAMPSHIRE,SMALL GRAIN,,ANNUAL,ALL UTILIZATION PRACTICES,,,"HAY, SMALL GRAIN - YIELD, MEASURED IN TONS / ACRE",NH,2012-01-01 00:00:00.000,,TONS / ACRE,,STATE,00000000,,00,ALL PRODUCTION PRACTICES,33,CROPS,1951,TOTAL,SURVEY,1.6,HAY
UNITED STATES,,,9000,NOT SPECIFIED,YIELD,,33,,YEAR,NEW HAMPSHIRE,FIELD CROPS,00,,NEW HAMPSHIRE,SMALL GRAIN,,ANNUAL,ALL UTILIZATION PRACTICES,,,"HAY, SMALL GRAIN - YIELD, MEASURED IN TONS / ACRE",NH,2012-01-01 00:00:00.000,,TONS / ACRE,,STATE,00000000,,00,ALL PRODUCTION PRACTICES,33,CROPS,1950,TOTAL,SURVEY,1.5,HAY
UNITED STATES,,,9000,NOT SPECIFIED,YIELD,,33,,YEAR,NEW HAMPSHIRE,FIELD CROPS,00,,NEW HAMPSHIRE,SMALL GRAIN,,ANNUAL,ALL UTILIZATION PRACTICES,,,"HAY, SMALL GRAIN - YIELD, MEASURED IN TONS / ACRE",NH,2012-01-01 00:00:00.000,,TONS / ACRE,,STATE,00000000,,00,ALL PRODUCTION PRACTICES,33,CROPS,1949,TOTAL,SURVEY,1.55,HAY
UNITED STATES,,,9000,NOT SPECIFIED,YIELD,,33,,YEAR,NEW HAMPSHIRE,FIELD CROPS,00,,NEW HAMPSHIRE,SMALL GRAIN,,ANNUAL,ALL UTILIZATION PRACTICES,,,"HAY, SMALL GRAIN - YIELD, MEASURED IN TONS / ACRE",NH,2012-01-01 00:00:00.000,,TONS / ACRE,,STATE,00000000,,00,ALL PRODUCTION PRACTICES,33,CROPS,1948,TOTAL,SURVEY,1.7,HAY
UNITED STATES,,,9000,NOT SPECIFIED,YIELD,,33,,YEAR,NEW HAMPSHIRE,FIELD CROPS,00,,NEW HAMPSHIRE,SMALL GRAIN,,ANNUAL,ALL UTILIZATION PRACTICES,,,"HAY, SMALL GRAIN - YIELD, MEASURED IN TONS / ACRE",NH,2012-01-01 00:00:00.000,,TONS / ACRE,,STATE,00000000,,00,ALL PRODUCTION PRACTICES,33,CROPS,1947,TOTAL,SURVEY,1.85,HAY
UNITED STATES,,,9000,NOT SPECIFIED,YIELD,,33,,YEAR,NEW HAMPSHIRE,FIELD CROPS,00,,NEW HAMPSHIRE,SMALL GRAIN,,ANNUAL,ALL UTILIZATION PRACTICES,,,"HAY, SMALL GRAIN - YIELD, MEASURED IN TONS / ACRE",NH,2012-01-01 00:00:00.000,,TONS / ACRE,,STATE,00000000,,00,ALL PRODUCTION PRACTICES,33,CROPS,1946,TOTAL,SURVEY,1.7,HAY
UNITED STATES,,,9000,NOT SPECIFIED,YIELD,,33,,YEAR,NEW HAMPSHIRE,FIELD CROPS,00,,NEW HAMPSHIRE,SMALL GRAIN,,ANNUAL,ALL UTILIZATION PRACTICES,,,"HAY, SMALL GRAIN - YIELD, MEASURED IN TONS / ACRE",NH,2012-01-01 00:00:00.000,,TONS / ACRE,,STATE,00000000,,00,ALL PRODUCTION PRACTICES,33,CROPS,1945,TOTAL,SURVEY,1.7,HAY
UNITED STATES,,,9000,NOT SPECIFIED,YIELD,,33,,YEAR,NEW HAMPSHIRE,FIELD CROPS,00,,NEW HAMPSHIRE,SMALL GRAIN,,ANNUAL,ALL UTILIZATION PRACTICES,,,"HAY, SMALL GRAIN - YIELD, MEASURED IN TONS / ACRE",NH,2012-01-01 00:00:00.000,,TONS / ACRE,,STATE,00000000,,00,ALL PRODUCTION PRACTICES,33,CROPS,1944,TOTAL,SURVEY,1.65,HAY
UNITED STATES,,,9000,NOT SPECIFIED,YIELD,,33,,YEAR,NEW HAMPSHIRE,FIELD CROPS,00,,NEW HAMPSHIRE,SMALL GRAIN,,ANNUAL,ALL UTILIZATION PRACTICES,,,"HAY, SMALL GRAIN - YIELD, MEASURED IN TONS / ACRE",NH,2012-01-01 00:00:00.000,,TONS / ACRE,,STATE,00000000,,00,ALL PRODUCTION PRACTICES,33,CROPS,1943,TOTAL,SURVEY,1.9,HAY
UNITED STATES,,,9000,NOT SPECIFIED,YIELD,,33,,YEAR,NEW HAMPSHIRE,FIELD CROPS,00,,NEW HAMPSHIRE,SMALL GRAIN,,ANNUAL,ALL UTILIZATION PRACTICES,,,"HAY, SMALL GRAIN - YIELD, MEASURED IN TONS / ACRE",NH,2012-01-01 00:00:00.000,,TONS / ACRE,,STATE,00000000,,00,ALL PRODUCTION PRACTICES,33,CROPS,1942,TOTAL,SURVEY,1.9,HAY
UNITED STATES,,,9000,NOT SPECIFIED,YIELD,,33,,YEAR,NEW HAMPSHIRE,FIELD CROPS,00,,NEW HAMPSHIRE,SMALL GRAIN,,ANNUAL,ALL UTILIZATION PRACTICES,,,"HAY, SMALL GRAIN - YIELD, MEASURED IN TONS / ACRE",NH,2012-01-01 00:00:00.000,,TONS / ACRE,,STATE,00000000,,00,ALL PRODUCTION PRACTICES,33,CROPS,1941,TOTAL,SURVEY,1.8,HAY
UNITED STATES,,,9000,NOT SPECIFIED,YIELD,,33,,YEAR,NEW HAMPSHIRE,FIELD CROPS,00,,NEW HAMPSHIRE,SMALL GRAIN,,ANNUAL,ALL UTILIZATION PRACTICES,,,"HAY, SMALL GRAIN - YIELD, MEASURED IN TONS / ACRE",NH,2012-01-01 00:00:00.000,,TONS / ACRE,,STATE,00000000,,00,ALL PRODUCTION PRACTICES,33,CROPS,1940,TOTAL,SURVEY,1.6,HAY
UNITED STATES,,,9000,NOT SPECIFIED,YIELD,,33,,YEAR,NEW HAMPSHIRE,FIELD CROPS,00,,NEW HAMPSHIRE,SMALL GRAIN,,ANNUAL,ALL UTILIZATION PRACTICES,,,"HAY, SMALL GRAIN - YIELD, MEASURED IN TONS / ACRE",NH,2012-01-01 00:00:00.000,,TONS / ACRE,,STATE,00000000,,00,ALL PRODUCTION PRACTICES,33,CROPS,1939,TOTAL,SURVEY,1.5,HAY
UNITED STATES,,,9000,NOT SPECIFIED,YIELD,,33,,YEAR,NEW HAMPSHIRE,FIELD CROPS,00,,NEW HAMPSHIRE,SMALL GRAIN,,ANNUAL,ALL UTILIZATION PRACTICES,,,"HAY, SMALL GRAIN - YIELD, MEASURED IN TONS / ACRE",NH,2012-01-01 00:00:00.000,,TONS / ACRE,,STATE,00000000,,00,ALL PRODUCTION PRACTICES,33,CROPS,1938,TOTAL,SURVEY,1.8,HAY
UNITED STATES,,,9000,NOT SPECIFIED,YIELD,,33,,YEAR,NEW HAMPSHIRE,FIELD CROPS,00,,NEW HAMPSHIRE,SMALL GRAIN,,ANNUAL,ALL UTILIZATION PRACTICES,,,"HAY, SMALL GRAIN - YIELD, MEASURED IN TONS / ACRE",NH,2012-01-01 00:00:00.000,,TONS / ACRE,,STATE,00000000,,00,ALL PRODUCTION PRACTICES,33,CROPS,1937,TOTAL,SURVEY,1.7,HAY
UNITED STATES,,,9000,NOT SPECIFIED,YIELD,,33,,YEAR,NEW HAMPSHIRE,FIELD CROPS,00,,NEW HAMPSHIRE,SMALL GRAIN,,ANNUAL,ALL UTILIZATION PRACTICES,,,"HAY, SMALL GRAIN - YIELD, MEASURED IN TONS / ACRE",NH,2012-01-01 00:00:00.000,,TONS / ACRE,,STATE,00000000,,00,ALL PRODUCTION PRACTICES,33,CROPS,1936,TOTAL,SURVEY,1.75,HAY
UNITED STATES,,,9000,NOT SPECIFIED,YIELD,,33,,YEAR,NEW HAMPSHIRE,FIELD CROPS,00,,NEW HAMPSHIRE,SMALL GRAIN,,ANNUAL,ALL UTILIZATION PRACTICES,,,"HAY, SMALL GRAIN - YIELD, MEASURED IN TONS / ACRE",NH,2012-01-01 00:00:00.000,,TONS / ACRE,,STATE,00000000,,00,ALL PRODUCTION PRACTICES,33,CROPS,1935,TOTAL,SURVEY,1.9,HAY
UNITED STATES,,,9000,NOT SPECIFIED,YIELD,,33,,YEAR,NEW HAMPSHIRE,FIELD CROPS,00,,NEW HAMPSHIRE,SMALL GRAIN,,ANNUAL,ALL UTILIZATION PRACTICES,,,"HAY, SMALL GRAIN - YIELD, MEASURED IN TONS / ACRE",NH,2012-01-01 00:00:00.000,,TONS / ACRE,,STATE,00000000,,00,ALL PRODUCTION PRACTICES,33,CROPS,1934,TOTAL,SURVEY,1.85,HAY
UNITED STATES,,,9000,NOT SPECIFIED,YIELD,,33,,YEAR,NEW HAMPSHIRE,FIELD CROPS,00,,NEW HAMPSHIRE,SMALL GRAIN,,ANNUAL,ALL UTILIZATION PRACTICES,,,"HAY, SMALL GRAIN - YIELD, MEASURED IN TONS / ACRE",NH,2012-01-01 00:00:00.000,,TONS / ACRE,,STATE,00000000,,00,ALL PRODUCTION PRACTICES,33,CROPS,1933,TOTAL,SURVEY,1.8,HAY
UNITED STATES,,,9000,NOT SPECIFIED,YIELD,,33,,YEAR,NEW HAMPSHIRE,FIELD CROPS,00,,NEW HAMPSHIRE,SMALL GRAIN,,ANNUAL,ALL UTILIZATION PRACTICES,,,"HAY, SMALL GRAIN - YIELD, MEASURED IN TONS / ACRE",NH,2012-01-01 00:00:00.000,,TONS / ACRE,,STATE,00000000,,00,ALL PRODUCTION PRACTICES,33,CROPS,1932,TOTAL,SURVEY,1.85,HAY
UNITED STATES,,,9000,NOT SPECIFIED,YIELD,,33,,YEAR,NEW HAMPSHIRE,FIELD CROPS,00,,NEW HAMPSHIRE,SMALL GRAIN,,ANNUAL,ALL UTILIZATION PRACTICES,,,"HAY, SMALL GRAIN - YIELD, MEASURED IN TONS / ACRE",NH,2012-01-01 00:00:00.000,,TONS / ACRE,,STATE,00000000,,00,ALL PRODUCTION PRACTICES,33,CROPS,1931,TOTAL,SURVEY,1.9,HAY
UNITED STATES,,,9000,NOT SPECIFIED,YIELD,,33,,YEAR,NEW HAMPSHIRE,FIELD CROPS,00,,NEW HAMPSHIRE,SMALL GRAIN,,ANNUAL,ALL UTILIZATION PRACTICES,,,"HAY, SMALL GRAIN - YIELD, MEASURED IN TONS / ACRE",NH,2012-01-01 00:00:00.000,,TONS / ACRE,,STATE,00000000,,00,ALL PRODUCTION PRACTICES,33,CROPS,1930,TOTAL,SURVEY,2.05,HAY
UNITED STATES,,,9000,NOT SPECIFIED,YIELD,,33,,YEAR,NEW HAMPSHIRE,FIELD CROPS,00,,NEW HAMPSHIRE,SMALL GRAIN,,ANNUAL,ALL UTILIZATION PRACTICES,,,"HAY, SMALL GRAIN - YIELD, MEASURED IN TONS / ACRE",NH,2012-01-01 00:00:00.000,,TONS / ACRE,,STATE,00000000,,00,ALL PRODUCTION PRACTICES,33,CROPS,1929,TOTAL,SURVEY,1.93,HAY
UNITED STATES,,,9000,NOT SPECIFIED,YIELD,,33,,YEAR,NEW HAMPSHIRE,FIELD CROPS,00,,NEW HAMPSHIRE,SMALL GRAIN,,ANNUAL,ALL UTILIZATION PRACTICES,,,"HAY, SMALL GRAIN - YIELD, MEASURED IN TONS / ACRE",NH,2012-01-01 00:00:00.000,,TONS / ACRE,,STATE,00000000,,00,ALL PRODUCTION PRACTICES,33,CROPS,1928,TOTAL,SURVEY,1.95,HAY
UNITED STATES,,,9000,NOT SPECIFIED,YIELD,,33,,YEAR,NEW HAMPSHIRE,FIELD CROPS,00,,NEW HAMPSHIRE,SMALL GRAIN,,ANNUAL,ALL UTILIZATION PRACTICES,,,"HAY, SMALL GRAIN - YIELD, MEASURED IN TONS / ACRE",NH,2012-01-01 00:00:00.000,,TONS / ACRE,,STATE,00000000,,00,ALL PRODUCTION PRACTICES,33,CROPS,1927,TOTAL,SURVEY,2,HAY
UNITED STATES,,,9000,NOT SPECIFIED,YIELD,,33,,YEAR,NEW HAMPSHIRE,FIELD CROPS,00,,NEW HAMPSHIRE,SMALL GRAIN,,ANNUAL,ALL UTILIZATION PRACTICES,,,"HAY, SMALL GRAIN - YIELD, MEASURED IN TONS / ACRE",NH,2012-01-01 00:00:00.000,,TONS / ACRE,,STATE,00000000,,00,ALL PRODUCTION PRACTICES,33,CROPS,1926,TOTAL,SURVEY,1.8,HAY
UNITED STATES,,,9000,NOT SPECIFIED,YIELD,,33,,YEAR,NEW HAMPSHIRE,FIELD CROPS,00,,NEW HAMPSHIRE,SMALL GRAIN,,ANNUAL,ALL UTILIZATION PRACTICES,,,"HAY, SMALL GRAIN - YIELD, MEASURED IN TONS / ACRE",NH,2012-01-01 00:00:00.000,,TONS / ACRE,,STATE,00000000,,00,ALL PRODUCTION PRACTICES,33,CROPS,1925,TOTAL,SURVEY,2.1,HAY
UNITED STATES,,,9000,NOT SPECIFIED,YIELD,,33,,YEAR,NEW HAMPSHIRE,FIELD CROPS,00,,NEW HAMPSHIRE,SMALL GRAIN,,ANNUAL,ALL UTILIZATION PRACTICES,,,"HAY, SMALL GRAIN - YIELD, MEASURED IN TONS / ACRE",NH,2012-01-01 00:00:00.000,,TONS / ACRE,,STATE,00000000,,00,ALL PRODUCTION PRACTICES,33,CROPS,1924,TOTAL,SURVEY,1.9,HAY
UNITED STATES,,,9000,NOT SPECIFIED,YIELD,,33,,YEAR,NEW HAMPSHIRE,FIELD CROPS,00,,NEW HAMPSHIRE,SMALL GRAIN,,ANNUAL,ALL UTILIZATION PRACTICES,,,"HAY, SMALL GRAIN - YIELD, MEASURED IN TONS / ACRE",NH,2012-01-01 00:00:00.000,,TONS / ACRE,,STATE,00000000,,00,ALL PRODUCTION PRACTICES,33,CROPS,1923,TOTAL,SURVEY,2.15,HAY
UNITED STATES,,,9000,NOT SPECIFIED,YIELD,,33,,YEAR,NEW HAMPSHIRE,FIELD CROPS,00,,NEW HAMPSHIRE,SMALL GRAIN,,ANNUAL,ALL UTILIZATION PRACTICES,,,"HAY, SMALL GRAIN - YIELD, MEASURED IN TONS / ACRE",NH,2012-01-01 00:00:00.000,,TONS / ACRE,,STATE,00000000,,00,ALL PRODUCTION PRACTICES,33,CROPS,1922,TOTAL,SURVEY,1.3,HAY
UNITED STATES,,,9000,NOT SPECIFIED,YIELD,,33,,YEAR,NEW HAMPSHIRE,FIELD CROPS,00,,NEW HAMPSHIRE,SMALL GRAIN,,ANNUAL,ALL UTILIZATION PRACTICES,,,"HAY, SMALL GRAIN - YIELD, MEASURED IN TONS / ACRE",NH,2012-01-01 00:00:00.000,,TONS / ACRE,,STATE,00000000,,00,ALL PRODUCTION PRACTICES,33,CROPS,1921,TOTAL,SURVEY,1.6,HAY
UNITED STATES,,,9000,NOT SPECIFIED,YIELD,,33,,YEAR,NEW HAMPSHIRE,FIELD CROPS,00,,NEW HAMPSHIRE,SMALL GRAIN,,ANNUAL,ALL UTILIZATION PRACTICES,,,"HAY, SMALL GRAIN - YIELD, MEASURED IN TONS / ACRE",NH,2012-01-01 00:00:00.000,,TONS / ACRE,,STATE,00000000,,00,ALL PRODUCTION PRACTICES,33,CROPS,1920,TOTAL,SURVEY,1.7,HAY
UNITED STATES,,,9000,NOT SPECIFIED,YIELD,,33,,YEAR,NEW HAMPSHIRE,FIELD CROPS,00,,NEW HAMPSHIRE,SMALL GRAIN,,ANNUAL,ALL UTILIZATION PRACTICES,,,"HAY, SMALL GRAIN - YIELD, MEASURED IN TONS / ACRE",NH,2012-01-01 00:00:00.000,,TONS / ACRE,,STATE,00000000,,00,ALL PRODUCTION PRACTICES,33,CROPS,1919,TOTAL,SURVEY,1.9,HAY
UNITED STATES,,,9000,NOT SPECIFIED,YIELD,,33,,YEAR,NEW HAMPSHIRE,FIELD CROPS,00,,NEW HAMPSHIRE,TIMOTHY & CLOVER & GRASSES,,ANNUAL,ALL UTILIZATION PRACTICES,,,"HAY, TIMOTHY & CLOVER & GRASSES - YIELD, MEASURED IN TONS / ACRE",NH,2012-01-01 00:00:00.000,,TONS / ACRE,,STATE,00000000,,00,ALL PRODUCTION PRACTICES,33,CROPS,1964,TOTAL,SURVEY,1.25,HAY
UNITED STATES,,,9000,NOT SPECIFIED,YIELD,,33,,YEAR,NEW HAMPSHIRE,FIELD CROPS,00,,NEW HAMPSHIRE,TIMOTHY & CLOVER & GRASSES,,ANNUAL,ALL UTILIZATION PRACTICES,,,"HAY, TIMOTHY & CLOVER & GRASSES - YIELD, MEASURED IN TONS / ACRE",NH,2012-01-01 00:00:00.000,,TONS / ACRE,,STATE,00000000,,00,ALL PRODUCTION PRACTICES,33,CROPS,1963,TOTAL,SURVEY,1.4,HAY
UNITED STATES,,,9000,NOT SPECIFIED,YIELD,,33,,YEAR,NEW HAMPSHIRE,FIELD CROPS,00,,NEW HAMPSHIRE,TIMOTHY & CLOVER & GRASSES,,ANNUAL,ALL UTILIZATION PRACTICES,,,"HAY, TIMOTHY & CLOVER & GRASSES - YIELD, MEASURED IN TONS / ACRE",NH,2012-01-01 00:00:00.000,,TONS / ACRE,,STATE,00000000,,00,ALL PRODUCTION PRACTICES,33,CROPS,1962,TOTAL,SURVEY,1.5,HAY
UNITED STATES,,,9000,NOT SPECIFIED,YIELD,,33,,YEAR,NEW HAMPSHIRE,FIELD CROPS,00,,NEW HAMPSHIRE,TIMOTHY & CLOVER & GRASSES,,ANNUAL,ALL UTILIZATION PRACTICES,,,"HAY, TIMOTHY & CLOVER & GRASSES - YIELD, MEASURED IN TONS / ACRE",NH,2012-01-01 00:00:00.000,,TONS / ACRE,,STATE,00000000,,00,ALL PRODUCTION PRACTICES,33,CROPS,1961,TOTAL,SURVEY,1.5,HAY
UNITED STATES,,,9000,NOT SPECIFIED,YIELD,,33,,YEAR,NEW HAMPSHIRE,FIELD CROPS,00,,NEW HAMPSHIRE,TIMOTHY & CLOVER & GRASSES,,ANNUAL,ALL UTILIZATION PRACTICES,,,"HAY, TIMOTHY & CLOVER & GRASSES - YIELD, MEASURED IN TONS / ACRE",NH,2012-01-01 00:00:00.000,,TONS / ACRE,,STATE,00000000,,00,ALL PRODUCTION PRACTICES,33,CROPS,1960,TOTAL,SURVEY,1.55,HAY
UNITED STATES,,,9000,NOT SPECIFIED,YIELD,,33,,YEAR,NEW HAMPSHIRE,FIELD CROPS,00,,NEW HAMPSHIRE,TIMOTHY & CLOVER & GRASSES,,ANNUAL,ALL UTILIZATION PRACTICES,,,"HAY, TIMOTHY & CLOVER & GRASSES - YIELD, MEASURED IN TONS / ACRE",NH,2012-01-01 00:00:00.000,,TONS / ACRE,,STATE,00000000,,00,ALL PRODUCTION PRACTICES,33,CROPS,1959,TOTAL,SURVEY,1.45,HAY
UNITED STATES,,,9000,NOT SPECIFIED,YIELD,,33,,YEAR,NEW HAMPSHIRE,FIELD CROPS,00,,NEW HAMPSHIRE,TIMOTHY & CLOVER & GRASSES,,ANNUAL,ALL UTILIZATION PRACTICES,,,"HAY, TIMOTHY & CLOVER & GRASSES - YIELD, MEASURED IN TONS / ACRE",NH,2012-01-01 00:00:00.000,,TONS / ACRE,,STATE,00000000,,00,ALL PRODUCTION PRACTICES,33,CROPS,1958,TOTAL,SURVEY,1.4,HAY
UNITED STATES,,,9000,NOT SPECIFIED,YIELD,,33,,YEAR,NEW HAMPSHIRE,FIELD CROPS,00,,NEW HAMPSHIRE,TIMOTHY & CLOVER & GRASSES,,ANNUAL,ALL UTILIZATION PRACTICES,,,"HAY, TIMOTHY & CLOVER & GRASSES - YIELD, MEASURED IN TONS / ACRE",NH,2012-01-01 00:00:00.000,,TONS / ACRE,,STATE,00000000,,00,ALL PRODUCTION PRACTICES,33,CROPS,1957,TOTAL,SURVEY,1.35,HAY
UNITED STATES,,,9000,NOT SPECIFIED,YIELD,,33,,YEAR,NEW HAMPSHIRE,FIELD CROPS,00,,NEW HAMPSHIRE,TIMOTHY & CLOVER & GRASSES,,ANNUAL,ALL UTILIZATION PRACTICES,,,"HAY, TIMOTHY & CLOVER & GRASSES - YIELD, MEASURED IN TONS / ACRE",NH,2012-01-01 00:00:00.000,,TONS / ACRE,,STATE,00000000,,00,ALL PRODUCTION PRACTICES,33,CROPS,1956,TOTAL,SURVEY,1.3,HAY
UNITED STATES,,,9000,NOT SPECIFIED,YIELD,,33,,YEAR,NEW HAMPSHIRE,FIELD CROPS,00,,NEW HAMPSHIRE,TIMOTHY & CLOVER & GRASSES,,ANNUAL,ALL UTILIZATION PRACTICES,,,"HAY, TIMOTHY & CLOVER & GRASSES - YIELD, MEASURED IN TONS / ACRE",NH,2012-01-01 00:00:00.000,,TONS / ACRE,,STATE,00000000,,00,ALL PRODUCTION PRACTICES,33,CROPS,1955,TOTAL,SURVEY,1.5,HAY
UNITED STATES,,,9000,NOT SPECIFIED,YIELD,,33,,YEAR,NEW HAMPSHIRE,FIELD CROPS,00,,NEW HAMPSHIRE,TIMOTHY & CLOVER & GRASSES,,ANNUAL,ALL UTILIZATION PRACTICES,,,"HAY, TIMOTHY & CLOVER & GRASSES - YIELD, MEASURED IN TONS / ACRE",NH,2012-01-01 00:00:00.000,,TONS / ACRE,,STATE,00000000,,00,ALL PRODUCTION PRACTICES,33,CROPS,1954,TOTAL,SURVEY,1.4,HAY
UNITED STATES,,,9000,NOT SPECIFIED,YIELD,,33,,YEAR,NEW HAMPSHIRE,FIELD CROPS,00,,NEW HAMPSHIRE,TIMOTHY & CLOVER & GRASSES,,ANNUAL,ALL UTILIZATION PRACTICES,,,"HAY, TIMOTHY & CLOVER & GRASSES - YIELD, MEASURED IN TONS / ACRE",NH,2012-01-01 00:00:00.000,,TONS / ACRE,,STATE,00000000,,00,ALL PRODUCTION PRACTICES,33,CROPS,1953,TOTAL,SURVEY,1.3,HAY
UNITED STATES,,,9000,NOT SPECIFIED,YIELD,,33,,YEAR,NEW HAMPSHIRE,FIELD CROPS,00,,NEW HAMPSHIRE,TIMOTHY & CLOVER & GRASSES,,ANNUAL,ALL UTILIZATION PRACTICES,,,"HAY, TIMOTHY & CLOVER & GRASSES - YIELD, MEASURED IN TONS / ACRE",NH,2012-01-01 00:00:00.000,,TONS / ACRE,,STATE,00000000,,00,ALL PRODUCTION PRACTICES,33,CROPS,1952,TOTAL,SURVEY,1.45,HAY
UNITED STATES,,,9000,NOT SPECIFIED,YIELD,,33,,YEAR,NEW HAMPSHIRE,FIELD CROPS,00,,NEW HAMPSHIRE,TIMOTHY & CLOVER & GRASSES,,ANNUAL,ALL UTILIZATION PRACTICES,,,"HAY, TIMOTHY & CLOVER & GRASSES - YIELD, MEASURED IN TONS / ACRE",NH,2012-01-01 00:00:00.000,,TONS / ACRE,,STATE,00000000,,00,ALL PRODUCTION PRACTICES,33,CROPS,1951,TOTAL,SURVEY,1.4,HAY
UNITED STATES,,,9000,NOT SPECIFIED,YIELD,,33,,YEAR,NEW HAMPSHIRE,FIELD CROPS,00,,NEW HAMPSHIRE,TIMOTHY & CLOVER & GRASSES,,ANNUAL,ALL UTILIZATION PRACTICES,,,"HAY, TIMOTHY & CLOVER & GRASSES - YIELD, MEASURED IN TONS / ACRE",NH,2012-01-01 00:00:00.000,,TONS / ACRE,,STATE,00000000,,00,ALL PRODUCTION PRACTICES,33,CROPS,1950,TOTAL,SURVEY,1.35,HAY
UNITED STATES,,,9000,NOT SPECIFIED,YIELD,,33,,YEAR,NEW HAMPSHIRE,FIELD CROPS,00,,NEW HAMPSHIRE,TIMOTHY & CLOVER & GRASSES,,ANNUAL,ALL UTILIZATION PRACTICES,,,"HAY, TIMOTHY & CLOVER & GRASSES - YIELD, MEASURED IN TONS / ACRE",NH,2012-01-01 00:00:00.000,,TONS / ACRE,,STATE,00000000,,00,ALL PRODUCTION PRACTICES,33,CROPS,1949,TOTAL,SURVEY,1.3,HAY
UNITED STATES,,,9000,NOT SPECIFIED,YIELD,,33,,YEAR,NEW HAMPSHIRE,FIELD CROPS,00,,NEW HAMPSHIRE,TIMOTHY & CLOVER & GRASSES,,ANNUAL,ALL UTILIZATION PRACTICES,,,"HAY, TIMOTHY & CLOVER & GRASSES - YIELD, MEASURED IN TONS / ACRE",NH,2012-01-01 00:00:00.000,,TONS / ACRE,,STATE,00000000,,00,ALL PRODUCTION PRACTICES,33,CROPS,1948,TOTAL,SURVEY,1.45,HAY
UNITED STATES,,,9000,NOT SPECIFIED,YIELD,,33,,YEAR,NEW HAMPSHIRE,FIELD CROPS,00,,NEW HAMPSHIRE,TIMOTHY & CLOVER & GRASSES,,ANNUAL,ALL UTILIZATION PRACTICES,,,"HAY, TIMOTHY & CLOVER & GRASSES - YIELD, MEASURED IN TONS / ACRE",NH,2012-01-01 00:00:00.000,,TONS / ACRE,,STATE,00000000,,00,ALL PRODUCTION PRACTICES,33,CROPS,1947,TOTAL,SURVEY,1.45,HAY
UNITED STATES,,,9000,NOT SPECIFIED,YIELD,,33,,YEAR,NEW HAMPSHIRE,FIELD CROPS,00,,NEW HAMPSHIRE,TIMOTHY & CLOVER & GRASSES,,ANNUAL,ALL UTILIZATION PRACTICES,,,"HAY, TIMOTHY & CLOVER & GRASSES - YIELD, MEASURED IN TONS / ACRE",NH,2012-01-01 00:00:00.000,,TONS / ACRE,,STATE,00000000,,00,ALL PRODUCTION PRACTICES,33,CROPS,1946,TOTAL,SURVEY,1.35,HAY
UNITED STATES,,,9000,NOT SPECIFIED,YIELD,,33,,YEAR,NEW HAMPSHIRE,FIELD CROPS,00,,NEW HAMPSHIRE,TIMOTHY & CLOVER & GRASSES,,ANNUAL,ALL UTILIZATION PRACTICES,,,"HAY, TIMOTHY & CLOVER & GRASSES - YIELD, MEASURED IN TONS / ACRE",NH,2012-01-01 00:00:00.000,,TONS / ACRE,,STATE,00000000,,00,ALL PRODUCTION PRACTICES,33,CROPS,1945,TOTAL,SURVEY,1.35,HAY
UNITED STATES,,,9000,NOT SPECIFIED,YIELD,,33,,YEAR,NEW HAMPSHIRE,FIELD CROPS,00,,NEW HAMPSHIRE,TIMOTHY & CLOVER & GRASSES,,ANNUAL,ALL UTILIZATION PRACTICES,,,"HAY, TIMOTHY & CLOVER & GRASSES - YIELD, MEASURED IN TONS / ACRE",NH,2012-01-01 00:00:00.000,,TONS / ACRE,,STATE,00000000,,00,ALL PRODUCTION PRACTICES,33,CROPS,1944,TOTAL,SURVEY,1.15,HAY
UNITED STATES,,,9000,NOT SPECIFIED,YIELD,,33,,YEAR,NEW HAMPSHIRE,FIELD CROPS,00,,NEW HAMPSHIRE,TIMOTHY & CLOVER & GRASSES,,ANNUAL,ALL UTILIZATION PRACTICES,,,"HAY, TIMOTHY & CLOVER & GRASSES - YIELD, MEASURED IN TONS / ACRE",NH,2012-01-01 00:00:00.000,,TONS / ACRE,,STATE,00000000,,00,ALL PRODUCTION PRACTICES,33,CROPS,1943,TOTAL,SURVEY,1.4,HAY
UNITED STATES,,,9000,NOT SPECIFIED,YIELD,,33,,YEAR,NEW HAMPSHIRE,FIELD CROPS,00,,NEW HAMPSHIRE,TIMOTHY & CLOVER & GRASSES,,ANNUAL,ALL UTILIZATION PRACTICES,,,"HAY, TIMOTHY & CLOVER & GRASSES - YIELD, MEASURED IN TONS / ACRE",NH,2012-01-01 00:00:00.000,,TONS / ACRE,,STATE,00000000,,00,ALL PRODUCTION PRACTICES,33,CROPS,1942,TOTAL,SURVEY,1.3,HAY
UNITED STATES,,,9000,NOT SPECIFIED,YIELD,,33,,YEAR,NEW HAMPSHIRE,FIELD CROPS,00,,NEW HAMPSHIRE,TIMOTHY & CLOVER & GRASSES,,ANNUAL,ALL UTILIZATION PRACTICES,,,"HAY, TIMOTHY & CLOVER & GRASSES - YIELD, MEASURED IN TONS / ACRE",NH,2012-01-01 00:00:00.000,,TONS / ACRE,,STATE,00000000,,00,ALL PRODUCTION PRACTICES,33,CROPS,1941,TOTAL,SURVEY,1.05,HAY
UNITED STATES,,,9000,NOT SPECIFIED,YIELD,,33,,YEAR,NEW HAMPSHIRE,FIELD CROPS,00,,NEW HAMPSHIRE,TIMOTHY & CLOVER & GRASSES,,ANNUAL,ALL UTILIZATION PRACTICES,,,"HAY, TIMOTHY & CLOVER & GRASSES - YIELD, MEASURED IN TONS / ACRE",NH,2012-01-01 00:00:00.000,,TONS / ACRE,,STATE,00000000,,00,ALL PRODUCTION PRACTICES,33,CROPS,1940,TOTAL,SURVEY,1.3,HAY
UNITED STATES,,,9000,NOT SPECIFIED,YIELD,,33,,YEAR,NEW HAMPSHIRE,FIELD CROPS,00,,NEW HAMPSHIRE,TIMOTHY & CLOVER & GRASSES,,ANNUAL,ALL UTILIZATION PRACTICES,,,"HAY, TIMOTHY & CLOVER & GRASSES - YIELD, MEASURED IN TONS / ACRE",NH,2012-01-01 00:00:00.000,,TONS / ACRE,,STATE,00000000,,00,ALL PRODUCTION PRACTICES,33,CROPS,1939,TOTAL,SURVEY,1.2,HAY
UNITED STATES,,,9000,NOT SPECIFIED,YIELD,,33,,YEAR,NEW HAMPSHIRE,FIELD CROPS,00,,NEW HAMPSHIRE,TIMOTHY & CLOVER & GRASSES,,ANNUAL,ALL UTILIZATION PRACTICES,,,"HAY, TIMOTHY & CLOVER & GRASSES - YIELD, MEASURED IN TONS / ACRE",NH,2012-01-01 00:00:00.000,,TONS / ACRE,,STATE,00000000,,00,ALL PRODUCTION PRACTICES,33,CROPS,1938,TOTAL,SURVEY,1.25,HAY
UNITED STATES,,,9000,NOT SPECIFIED,YIELD,,33,,YEAR,NEW HAMPSHIRE,FIELD CROPS,00,,NEW HAMPSHIRE,TIMOTHY & CLOVER & GRASSES,,ANNUAL,ALL UTILIZATION PRACTICES,,,"HAY, TIMOTHY & CLOVER & GRASSES - YIELD, MEASURED IN TONS / ACRE",NH,2012-01-01 00:00:00.000,,TONS / ACRE,,STATE,00000000,,00,ALL PRODUCTION PRACTICES,33,CROPS,1937,TOTAL,SURVEY,1.3,HAY
UNITED STATES,,,9000,NOT SPECIFIED,YIELD,,33,,YEAR,NEW HAMPSHIRE,FIELD CROPS,00,,NEW HAMPSHIRE,TIMOTHY & CLOVER & GRASSES,,ANNUAL,ALL UTILIZATION PRACTICES,,,"HAY, TIMOTHY & CLOVER & GRASSES - YIELD, MEASURED IN TONS / ACRE",NH,2012-01-01 00:00:00.000,,TONS / ACRE,,STATE,00000000,,00,ALL PRODUCTION PRACTICES,33,CROPS,1936,TOTAL,SURVEY,1.1,HAY
UNITED STATES,,,9000,NOT SPECIFIED,YIELD,,33,,YEAR,NEW HAMPSHIRE,FIELD CROPS,00,,NEW HAMPSHIRE,TIMOTHY & CLOVER & GRASSES,,ANNUAL,ALL UTILIZATION PRACTICES,,,"HAY, TIMOTHY & CLOVER & GRASSES - YIELD, MEASURED IN TONS / ACRE",NH,2012-01-01 00:00:00.000,,TONS / ACRE,,STATE,00000000,,00,ALL PRODUCTION PRACTICES,33,CROPS,1935,TOTAL,SURVEY,1.25,HAY
UNITED STATES,,,9000,NOT SPECIFIED,YIELD,,33,,YEAR,NEW HAMPSHIRE,FIELD CROPS,00,,NEW HAMPSHIRE,TIMOTHY & CLOVER & GRASSES,,ANNUAL,ALL UTILIZATION PRACTICES,,,"HAY, TIMOTHY & CLOVER & GRASSES - YIELD, MEASURED IN TONS / ACRE",NH,2012-01-01 00:00:00.000,,TONS / ACRE,,STATE,00000000,,00,ALL PRODUCTION PRACTICES,33,CROPS,1934,TOTAL,SURVEY,1.05,HAY
UNITED STATES,,,9000,NOT SPECIFIED,YIELD,,33,,YEAR,NEW HAMPSHIRE,FIELD CROPS,00,,NEW HAMPSHIRE,TIMOTHY & CLOVER & GRASSES,,ANNUAL,ALL UTILIZATION PRACTICES,,,"HAY, TIMOTHY & CLOVER & GRASSES - YIELD, MEASURED IN TONS / ACRE",NH,2012-01-01 00:00:00.000,,TONS / ACRE,,STATE,00000000,,00,ALL PRODUCTION PRACTICES,33,CROPS,1933,TOTAL,SURVEY,1.1,HAY
UNITED STATES,,,9000,NOT SPECIFIED,YIELD,,33,,YEAR,NEW HAMPSHIRE,FIELD CROPS,00,,NEW HAMPSHIRE,TIMOTHY & CLOVER & GRASSES,,ANNUAL,ALL UTILIZATION PRACTICES,,,"HAY, TIMOTHY & CLOVER & GRASSES - YIELD, MEASURED IN TONS / ACRE",NH,2012-01-01 00:00:00.000,,TONS / ACRE,,STATE,00000000,,00,ALL PRODUCTION PRACTICES,33,CROPS,1932,TOTAL,SURVEY,0.95,HAY
UNITED STATES,,,9000,NOT SPECIFIED,YIELD,,33,,YEAR,NEW HAMPSHIRE,FIELD CROPS,00,,NEW HAMPSHIRE,TIMOTHY & CLOVER & GRASSES,,ANNUAL,ALL UTILIZATION PRACTICES,,,"HAY, TIMOTHY & CLOVER & GRASSES - YIELD, MEASURED IN TONS / ACRE",NH,2012-01-01 00:00:00.000,,TONS / ACRE,,STATE,00000000,,00,ALL PRODUCTION PRACTICES,33,CROPS,1931,TOTAL,SURVEY,1.2,HAY
UNITED STATES,,,9000,NOT SPECIFIED,YIELD,,33,,YEAR,NEW HAMPSHIRE,FIELD CROPS,00,,NEW HAMPSHIRE,TIMOTHY & CLOVER & GRASSES,,ANNUAL,ALL UTILIZATION PRACTICES,,,"HAY, TIMOTHY & CLOVER & GRASSES - YIELD, MEASURED IN TONS / ACRE",NH,2012-01-01 00:00:00.000,,TONS / ACRE,,STATE,00000000,,00,ALL PRODUCTION PRACTICES,33,CROPS,1930,TOTAL,SURVEY,1.3,HAY
UNITED STATES,,,9000,NOT SPECIFIED,YIELD,,33,,YEAR,NEW HAMPSHIRE,FIELD CROPS,00,,NEW HAMPSHIRE,TIMOTHY & CLOVER & GRASSES,,ANNUAL,ALL UTILIZATION PRACTICES,,,"HAY, TIMOTHY & CLOVER & GRASSES - YIELD, MEASURED IN TONS / ACRE",NH,2012-01-01 00:00:00.000,,TONS / ACRE,,STATE,00000000,,00,ALL PRODUCTION PRACTICES,33,CROPS,1929,TOTAL,SURVEY,1.2,HAY
UNITED STATES,,,9000,NOT SPECIFIED,YIELD,,33,,YEAR,NEW HAMPSHIRE,FIELD CROPS,00,,NEW HAMPSHIRE,TIMOTHY & CLOVER & GRASSES,,ANNUAL,ALL UTILIZATION PRACTICES,,,"HAY, TIMOTHY & CLOVER & GRASSES - YIELD, MEASURED IN TONS / ACRE",NH,2012-01-01 00:00:00.000,,TONS / ACRE,,STATE,00000000,,00,ALL PRODUCTION PRACTICES,33,CROPS,1928,TOTAL,SURVEY,1.2,HAY
UNITED STATES,,,9000,NOT SPECIFIED,YIELD,,33,,YEAR,NEW HAMPSHIRE,FIELD CROPS,00,,NEW HAMPSHIRE,TIMOTHY & CLOVER & GRASSES,,ANNUAL,ALL UTILIZATION PRACTICES,,,"HAY, TIMOTHY & CLOVER & GRASSES - YIELD, MEASURED IN TONS / ACRE",NH,2012-01-01 00:00:00.000,,TONS / ACRE,,STATE,00000000,,00,ALL PRODUCTION PRACTICES,33,CROPS,1927,TOTAL,SURVEY,1.15,HAY
UNITED STATES,,,9000,NOT SPECIFIED,YIELD,,33,,YEAR,NEW HAMPSHIRE,FIELD CROPS,00,,NEW HAMPSHIRE,TIMOTHY & CLOVER & GRASSES,,ANNUAL,ALL UTILIZATION PRACTICES,,,"HAY, TIMOTHY & CLOVER & GRASSES - YIELD, MEASURED IN TONS / ACRE",NH,2012-01-01 00:00:00.000,,TONS / ACRE,,STATE,00000000,,00,ALL PRODUCTION PRACTICES,33,CROPS,1926,TOTAL,SURVEY,1.05,HAY
UNITED STATES,,,9000,NOT SPECIFIED,YIELD,,33,,YEAR,NEW HAMPSHIRE,FIELD CROPS,00,,NEW HAMPSHIRE,TIMOTHY & CLOVER & GRASSES,,ANNUAL,ALL UTILIZATION PRACTICES,,,"HAY, TIMOTHY & CLOVER & GRASSES - YIELD, MEASURED IN TONS / ACRE",NH,2012-01-01 00:00:00.000,,TONS / ACRE,,STATE,00000000,,00,ALL PRODUCTION PRACTICES,33,CROPS,1925,TOTAL,SURVEY,1.15,HAY
UNITED STATES,,,9000,NOT SPECIFIED,YIELD,,33,,YEAR,NEW HAMPSHIRE,FIELD CROPS,00,,NEW HAMPSHIRE,TIMOTHY & CLOVER & GRASSES,,ANNUAL,ALL UTILIZATION PRACTICES,,,"HAY, TIMOTHY & CLOVER & GRASSES - YIELD, MEASURED IN TONS / ACRE",NH,2012-01-01 00:00:00.000,,TONS / ACRE,,STATE,00000000,,00,ALL PRODUCTION PRACTICES,33,CROPS,1924,TOTAL,SURVEY,1.1,HAY
UNITED STATES,,,9000,NOT SPECIFIED,YIELD,,33,,YEAR,NEW HAMPSHIRE,FIELD CROPS,00,,NEW HAMPSHIRE,TIMOTHY & CLOVER & GRASSES,,ANNUAL,ALL UTILIZATION PRACTICES,,,"HAY, TIMOTHY & CLOVER & GRASSES - YIELD, MEASURED IN TONS / ACRE",NH,2012-01-01 00:00:00.000,,TONS / ACRE,,STATE,00000000,,00,ALL PRODUCTION PRACTICES,33,CROPS,1923,TOTAL,SURVEY,1.15,HAY
UNITED STATES,,,9000,NOT SPECIFIED,YIELD,,33,,YEAR,NEW HAMPSHIRE,FIELD CROPS,00,,NEW HAMPSHIRE,TIMOTHY & CLOVER & GRASSES,,ANNUAL,ALL UTILIZATION PRACTICES,,,"HAY, TIMOTHY & CLOVER & GRASSES - YIELD, MEASURED IN TONS / ACRE",NH,2012-01-01 00:00:00.000,,TONS / ACRE,,STATE,00000000,,00,ALL PRODUCTION PRACTICES,33,CROPS,1922,TOTAL,SURVEY,1.3,HAY
UNITED STATES,,,9000,NOT SPECIFIED,YIELD,,33,,YEAR,NEW HAMPSHIRE,FIELD CROPS,00,,NEW HAMPSHIRE,TIMOTHY & CLOVER & GRASSES,,ANNUAL,ALL UTILIZATION PRACTICES,,,"HAY, TIMOTHY & CLOVER & GRASSES - YIELD, MEASURED IN TONS / ACRE",NH,2012-01-01 00:00:00.000,,TONS / ACRE,,STATE,00000000,,00,ALL PRODUCTION PRACTICES,33,CROPS,1921,TOTAL,SURVEY,1.05,HAY
UNITED STATES,,,9000,NOT SPECIFIED,YIELD,,33,,YEAR,NEW HAMPSHIRE,FIELD CROPS,00,,NEW HAMPSHIRE,TIMOTHY & CLOVER & GRASSES,,ANNUAL,ALL UTILIZATION PRACTICES,,,"HAY, TIMOTHY & CLOVER & GRASSES - YIELD, MEASURED IN TONS / ACRE",NH,2012-01-01 00:00:00.000,,TONS / ACRE,,STATE,00000000,,00,ALL PRODUCTION PRACTICES,33,CROPS,1920,TOTAL,SURVEY,1.2,HAY
UNITED STATES,,,9000,NOT SPECIFIED,YIELD,,33,,YEAR,NEW HAMPSHIRE,FIELD CROPS,00,,NEW HAMPSHIRE,TIMOTHY & CLOVER & GRASSES,,ANNUAL,ALL UTILIZATION PRACTICES,,,"HAY, TIMOTHY & CLOVER & GRASSES - YIELD, MEASURED IN TONS / ACRE",NH,2012-01-01 00:00:00.000,,TONS / ACRE,,STATE,00000000,,00,ALL PRODUCTION PRACTICES,33,CROPS,1919,TOTAL,SURVEY,1.2,HAY
UNITED STATES,,,9000,NOT SPECIFIED,YIELD,,33,,YEAR,NEW HAMPSHIRE,FIELD CROPS,00,,NEW HAMPSHIRE,WILD,,ANNUAL,ALL UTILIZATION PRACTICES,,,"HAY, WILD - YIELD, MEASURED IN TONS / ACRE",NH,2012-01-01 00:00:00.000,,TONS / ACRE,,STATE,00000000,,00,ALL PRODUCTION PRACTICES,33,CROPS,1938,TOTAL,SURVEY,0.95,HAY
UNITED STATES,,,9000,NOT SPECIFIED,YIELD,,33,,YEAR,NEW HAMPSHIRE,FIELD CROPS,00,,NEW HAMPSHIRE,WILD,,ANNUAL,ALL UTILIZATION PRACTICES,,,"HAY, WILD - YIELD, MEASURED IN TONS / ACRE",NH,2012-01-01 00:00:00.000,,TONS / ACRE,,STATE,00000000,,00,ALL PRODUCTION PRACTICES,33,CROPS,1937,TOTAL,SURVEY,0.9,HAY
UNITED STATES,,,9000,NOT SPECIFIED,YIELD,,33,,YEAR,NEW HAMPSHIRE,FIELD CROPS,00,,NEW HAMPSHIRE,WILD,,ANNUAL,ALL UTILIZATION PRACTICES,,,"HAY, WILD - YIELD, MEASURED IN TONS / ACRE",NH,2012-01-01 00:00:00.000,,TONS / ACRE,,STATE,00000000,,00,ALL PRODUCTION PRACTICES,33,CROPS,1936,TOTAL,SURVEY,0.85,HAY
UNITED STATES,,,9000,NOT SPECIFIED,YIELD,,33,,YEAR,NEW HAMPSHIRE,FIELD CROPS,00,,NEW HAMPSHIRE,WILD,,ANNUAL,ALL UTILIZATION PRACTICES,,,"HAY, WILD - YIELD, MEASURED IN TONS / ACRE",NH,2012-01-01 00:00:00.000,,TONS / ACRE,,STATE,00000000,,00,ALL PRODUCTION PRACTICES,33,CROPS,1935,TOTAL,SURVEY,1,HAY
UNITED STATES,,,9000,NOT SPECIFIED,YIELD,,33,,YEAR,NEW HAMPSHIRE,FIELD CROPS,00,,NEW HAMPSHIRE,WILD,,ANNUAL,ALL UTILIZATION PRACTICES,,,"HAY, WILD - YIELD, MEASURED IN TONS / ACRE",NH,2012-01-01 00:00:00.000,,TONS / ACRE,,STATE,00000000,,00,ALL PRODUCTION PRACTICES,33,CROPS,1934,TOTAL,SURVEY,0.9,HAY
UNITED STATES,,,9000,NOT SPECIFIED,YIELD,,33,,YEAR,NEW HAMPSHIRE,FIELD CROPS,00,,NEW HAMPSHIRE,WILD,,ANNUAL,ALL UTILIZATION PRACTICES,,,"HAY, WILD - YIELD, MEASURED IN TONS / ACRE",NH,2012-01-01 00:00:00.000,,TONS / ACRE,,STATE,00000000,,00,ALL PRODUCTION PRACTICES,33,CROPS,1933,TOTAL,SURVEY,1,HAY
UNITED STATES,,,9000,NOT SPECIFIED,YIELD,,33,,YEAR,NEW HAMPSHIRE,FIELD CROPS,00,,NEW HAMPSHIRE,WILD,,ANNUAL,ALL UTILIZATION PRACTICES,,,"HAY, WILD - YIELD, MEASURED IN TONS / ACRE",NH,2012-01-01 00:00:00.000,,TONS / ACRE,,STATE,00000000,,00,ALL PRODUCTION PRACTICES,33,CROPS,1932,TOTAL,SURVEY,0.8,HAY
UNITED STATES,,,9000,NOT SPECIFIED,YIELD,,33,,YEAR,NEW HAMPSHIRE,FIELD CROPS,00,,NEW HAMPSHIRE,WILD,,ANNUAL,ALL UTILIZATION PRACTICES,,,"HAY, WILD - YIELD, MEASURED IN TONS / ACRE",NH,2012-01-01 00:00:00.000,,TONS / ACRE,,STATE,00000000,,00,ALL PRODUCTION PRACTICES,33,CROPS,1931,TOTAL,SURVEY,0.9,HAY
UNITED STATES,,,9000,NOT SPECIFIED,YIELD,,33,,YEAR,NEW HAMPSHIRE,FIELD CROPS,00,,NEW HAMPSHIRE,WILD,,ANNUAL,ALL UTILIZATION PRACTICES,,,"HAY, WILD - YIELD, MEASURED IN TONS / ACRE",NH,2012-01-01 00:00:00.000,,TONS / ACRE,,STATE,00000000,,00,ALL PRODUCTION PRACTICES,33,CROPS,1930,TOTAL,SURVEY,0.9,HAY
UNITED STATES,,,9000,NOT SPECIFIED,YIELD,,33,,YEAR,NEW HAMPSHIRE,FIELD CROPS,00,,NEW HAMPSHIRE,WILD,,ANNUAL,ALL UTILIZATION PRACTICES,,,"HAY, WILD - YIELD, MEASURED IN TONS / ACRE",NH,2012-01-01 00:00:00.000,,TONS / ACRE,,STATE,00000000,,00,ALL PRODUCTION PRACTICES,33,CROPS,1929,TOTAL,SURVEY,0.85,HAY
UNITED STATES,,,9000,NOT SPECIFIED,YIELD,,33,,YEAR,NEW HAMPSHIRE,FIELD CROPS,00,,NEW HAMPSHIRE,WILD,,ANNUAL,ALL UTILIZATION PRACTICES,,,"HAY, WILD - YIELD, MEASURED IN TONS / ACRE",NH,2012-01-01 00:00:00.000,,TONS / ACRE,,STATE,00000000,,00,ALL PRODUCTION PRACTICES,33,CROPS,1928,TOTAL,SURVEY,1.05,HAY
UNITED STATES,,,9000,NOT SPECIFIED,YIELD,,33,,YEAR,NEW HAMPSHIRE,FIELD CROPS,00,,NEW HAMPSHIRE,WILD,,ANNUAL,ALL UTILIZATION PRACTICES,,,"HAY, WILD - YIELD, MEASURED IN TONS / ACRE",NH,2012-01-01 00:00:00.000,,TONS / ACRE,,STATE,00000000,,00,ALL PRODUCTION PRACTICES,33,CROPS,1927,TOTAL,SURVEY,1,HAY
UNITED STATES,,,9000,NOT SPECIFIED,YIELD,,33,,YEAR,NEW HAMPSHIRE,FIELD CROPS,00,,NEW HAMPSHIRE,WILD,,ANNUAL,ALL UTILIZATION PRACTICES,,,"HAY, WILD - YIELD, MEASURED IN TONS / ACRE",NH,2012-01-01 00:00:00.000,,TONS / ACRE,,STATE,00000000,,00,ALL PRODUCTION PRACTICES,33,CROPS,1926,TOTAL,SURVEY,0.9,HAY
UNITED STATES,,,9000,NOT SPECIFIED,YIELD,,33,,YEAR,NEW HAMPSHIRE,FIELD CROPS,00,,NEW HAMPSHIRE,WILD,,ANNUAL,ALL UTILIZATION PRACTICES,,,"HAY, WILD - YIELD, MEASURED IN TONS / ACRE",NH,2012-01-01 00:00:00.000,,TONS / ACRE,,STATE,00000000,,00,ALL PRODUCTION PRACTICES,33,CROPS,1925,TOTAL,SURVEY,0.85,HAY
UNITED STATES,,,9000,NOT SPECIFIED,YIELD,,33,,YEAR,NEW HAMPSHIRE,FIELD CROPS,00,,NEW HAMPSHIRE,WILD,,ANNUAL,ALL UTILIZATION PRACTICES,,,"HAY, WILD - YIELD, MEASURED IN TONS / ACRE",NH,2012-01-01 00:00:00.000,,TONS / ACRE,,STATE,00000000,,00,ALL PRODUCTION PRACTICES,33,CROPS,1924,TOTAL,SURVEY,0.95,HAY
UNITED STATES,,,9000,NOT SPECIFIED,YIELD,,33,,YEAR,NEW HAMPSHIRE,FIELD CROPS,00,,NEW HAMPSHIRE,WILD,,ANNUAL,ALL UTILIZATION PRACTICES,,,"HAY, WILD - YIELD, MEASURED IN TONS / ACRE",NH,2012-01-01 00:00:00.000,,TONS / ACRE,,STATE,00000000,,00,ALL PRODUCTION PRACTICES,33,CROPS,1923,TOTAL,SURVEY,0.8,HAY
UNITED STATES,,,9000,NOT SPECIFIED,YIELD,,33,,YEAR,NEW HAMPSHIRE,FIELD CROPS,00,,NEW HAMPSHIRE,WILD,,ANNUAL,ALL UTILIZATION PRACTICES,,,"HAY, WILD - YIELD, MEASURED IN TONS / ACRE",NH,2012-01-01 00:00:00.000,,TONS / ACRE,,STATE,00000000,,00,ALL PRODUCTION PRACTICES,33,CROPS,1922,TOTAL,SURVEY,0.75,HAY
UNITED STATES,,,9000,NOT SPECIFIED,YIELD,,33,,YEAR,NEW HAMPSHIRE,FIELD CROPS,00,,NEW HAMPSHIRE,WILD,,ANNUAL,ALL UTILIZATION PRACTICES,,,"HAY, WILD - YIELD, MEASURED IN TONS / ACRE",NH,2012-01-01 00:00:00.000,,TONS / ACRE,,STATE,00000000,,00,ALL PRODUCTION PRACTICES,33,CROPS,1921,TOTAL,SURVEY,0.8,HAY
UNITED STATES,,,9000,NOT SPECIFIED,YIELD,,33,,YEAR,NEW HAMPSHIRE,FIELD CROPS,00,,NEW HAMPSHIRE,WILD,,ANNUAL,ALL UTILIZATION PRACTICES,,,"HAY, WILD - YIELD, MEASURED IN TONS / ACRE",NH,2012-01-01 00:00:00.000,,TONS / ACRE,,STATE,00000000,,00,ALL PRODUCTION PRACTICES,33,CROPS,1920,TOTAL,SURVEY,0.95,HAY
UNITED STATES,,,9000,NOT SPECIFIED,YIELD,,33,,YEAR,NEW HAMPSHIRE,FIELD CROPS,00,,NEW HAMPSHIRE,WILD,,ANNUAL,ALL UTILIZATION PRACTICES,,,"HAY, WILD - YIELD, MEASURED IN TONS / ACRE",NH,2012-01-01 00:00:00.000,,TONS / ACRE,,STATE,00000000,,00,ALL PRODUCTION PRACTICES,33,CROPS,1919,TOTAL,SURVEY,1,HAY
UNITED STATES,,,9000,NOT SPECIFIED,YIELD,,33,,YEAR,NEW HAMPSHIRE,FIELD CROPS,00,,NEW HAMPSHIRE,WILD,,ANNUAL,ALL UTILIZATION PRACTICES,,,"HAY, WILD - YIELD, MEASURED IN TONS / ACRE",NH,2012-01-01 00:00:00.000,,TONS / ACRE,,STATE,00000000,,00,ALL PRODUCTION PRACTICES,33,CROPS,1918,TOTAL,SURVEY,0.9,HAY
UNITED STATES,,,9000,NOT SPECIFIED,YIELD,,33,,YEAR,NEW HAMPSHIRE,FIELD CROPS,00,,NEW HAMPSHIRE,WILD,,ANNUAL,ALL UTILIZATION PRACTICES,,,"HAY, WILD - YIELD, MEASURED IN TONS / ACRE",NH,2012-01-01 00:00:00.000,,TONS / ACRE,,STATE,00000000,,00,ALL PRODUCTION PRACTICES,33,CROPS,1917,TOTAL,SURVEY,1,HAY
UNITED STATES,,,9000,NOT SPECIFIED,YIELD,,33,,YEAR,NEW HAMPSHIRE,FIELD CROPS,00,,NEW HAMPSHIRE,WILD,,ANNUAL,ALL UTILIZATION PRACTICES,,,"HAY, WILD - YIELD, MEASURED IN TONS / ACRE",NH,2012-01-01 00:00:00.000,,TONS / ACRE,,STATE,00000000,,00,ALL PRODUCTION PRACTICES,33,CROPS,1916,TOTAL,SURVEY,1.05,HAY
UNITED STATES,,,9000,NOT SPECIFIED,YIELD,,33,,YEAR,NEW HAMPSHIRE,FIELD CROPS,00,,NEW HAMPSHIRE,WILD,,ANNUAL,ALL UTILIZATION PRACTICES,,,"HAY, WILD - YIELD, MEASURED IN TONS / ACRE",NH,2012-01-01 00:00:00.000,,TONS / ACRE,,STATE,00000000,,00,ALL PRODUCTION PRACTICES,33,CROPS,1915,TOTAL,SURVEY,0.85,HAY
UNITED STATES,,,9000,NOT SPECIFIED,YIELD,,33,,YEAR,NEW HAMPSHIRE,FIELD CROPS,00,,NEW HAMPSHIRE,WILD,,ANNUAL,ALL UTILIZATION PRACTICES,,,"HAY, WILD - YIELD, MEASURED IN TONS / ACRE",NH,2012-01-01 00:00:00.000,,TONS / ACRE,,STATE,00000000,,00,ALL PRODUCTION PRACTICES,33,CROPS,1914,TOTAL,SURVEY,0.9,HAY
UNITED STATES,,,9000,NOT SPECIFIED,YIELD,,33,,YEAR,NEW HAMPSHIRE,FIELD CROPS,00,,NEW HAMPSHIRE,WILD,,ANNUAL,ALL UTILIZATION PRACTICES,,,"HAY, WILD - YIELD, MEASURED IN TONS / ACRE",NH,2012-01-01 00:00:00.000,,TONS / ACRE,,STATE,00000000,,00,ALL PRODUCTION PRACTICES,33,CROPS,1913,TOTAL,SURVEY,0.85,HAY
UNITED STATES,,,9000,NOT SPECIFIED,YIELD,,33,,YEAR,NEW HAMPSHIRE,FIELD CROPS,00,,NEW HAMPSHIRE,WILD,,ANNUAL,ALL UTILIZATION PRACTICES,,,"HAY, WILD - YIELD, MEASURED IN TONS / ACRE",NH,2012-01-01 00:00:00.000,,TONS / ACRE,,STATE,00000000,,00,ALL PRODUCTION PRACTICES,33,CROPS,1912,TOTAL,SURVEY,0.95,HAY
UNITED STATES,,,9000,NOT SPECIFIED,YIELD,,33,,YEAR,NEW HAMPSHIRE,FIELD CROPS,00,,NEW HAMPSHIRE,WILD,,ANNUAL,ALL UTILIZATION PRACTICES,,,"HAY, WILD - YIELD, MEASURED IN TONS / ACRE",NH,2012-01-01 00:00:00.000,,TONS / ACRE,,STATE,00000000,,00,ALL PRODUCTION PRACTICES,33,CROPS,1911,TOTAL,SURVEY,0.85,HAY
UNITED STATES,,,9000,NOT SPECIFIED,YIELD,,33,,YEAR,NEW HAMPSHIRE,FIELD CROPS,00,,NEW HAMPSHIRE,WILD,,ANNUAL,ALL UTILIZATION PRACTICES,,,"HAY, WILD - YIELD, MEASURED IN TONS / ACRE",NH,2012-01-01 00:00:00.000,,TONS / ACRE,,STATE,00000000,,00,ALL PRODUCTION PRACTICES,33,CROPS,1910,TOTAL,SURVEY,0.95,HAY
UNITED STATES,,,9000,NOT SPECIFIED,YIELD,,33,,YEAR,NEW HAMPSHIRE,FIELD CROPS,00,,NEW HAMPSHIRE,WILD,,ANNUAL,ALL UTILIZATION PRACTICES,,,"HAY, WILD - YIELD, MEASURED IN TONS / ACRE",NH,2012-01-01 00:00:00.000,,TONS / ACRE,,STATE,00000000,,00,ALL PRODUCTION PRACTICES,33,CROPS,1909,TOTAL,SURVEY,0.84,HAY
UNITED STATES,,,9000,NOT SPECIFIED,YIELD,,33,,YEAR,NEW HAMPSHIRE,FIELD CROPS,00,,NEW HAMPSHIRE,INDUSTRIAL,,ANNUAL,FIBER,,,"HEMP, INDUSTRIAL, IN THE OPEN, FIBER - YIELD, MEASURED IN LBS / ACRE",NH,2024-04-17 15:00:00.000,,LBS / ACRE,,STATE,00000000,,00,IN THE OPEN,33,CROPS,2023,TOTAL,SURVEY,                 (D),HEMP
UNITED STATES,,,9000,NOT SPECIFIED,YIELD,,33,,YEAR,NEW HAMPSHIRE,FIELD CROPS,00,,NEW HAMPSHIRE,INDUSTRIAL,,ANNUAL,FIBER,,,"HEMP, INDUSTRIAL, IN THE OPEN, FIBER - YIELD, MEASURED IN LBS / ACRE",NH,2024-04-17 15:00:00.000,,LBS / ACRE,,STATE,00000000,,00,IN THE OPEN,33,CROPS,2022,TOTAL,SURVEY,                 (D),HEMP
UNITED STATES,,,9000,NOT SPECIFIED,YIELD,,33,,YEAR,NEW HAMPSHIRE,FIELD CROPS,00,,NEW HAMPSHIRE,INDUSTRIAL,,ANNUAL,FIBER,,,"HEMP, INDUSTRIAL, IN THE OPEN, FIBER - YIELD, MEASURED IN LBS / ACRE",NH,2023-04-19 15:00:00.000,,LBS / ACRE,,STATE,00000000,,00,IN THE OPEN,33,CROPS,2021,TOTAL,SURVEY,                 (D),HEMP
UNITED STATES,,,9000,NOT SPECIFIED,YIELD,,33,,YEAR,NEW HAMPSHIRE,FIELD CROPS,00,,NEW HAMPSHIRE,INDUSTRIAL,,ANNUAL,FLORAL,,,"HEMP, INDUSTRIAL, IN THE OPEN, FLORAL - YIELD, MEASURED IN LBS / ACRE",NH,2024-04-17 15:00:00.000,,LBS / ACRE,,STATE,00000000,,00,IN THE OPEN,33,CROPS,2023,TOTAL,SURVEY,                 (D),HEMP
UNITED STATES,,,9000,NOT SPECIFIED,YIELD,,33,,YEAR,NEW HAMPSHIRE,FIELD CROPS,00,,NEW HAMPSHIRE,INDUSTRIAL,,ANNUAL,FLORAL,,,"HEMP, INDUSTRIAL, IN THE OPEN, FLORAL - YIELD, MEASURED IN LBS / ACRE",NH,2024-04-17 15:00:00.000,,LBS / ACRE,,STATE,00000000,,00,IN THE OPEN,33,CROPS,2022,TOTAL,SURVEY,                 (D),HEMP
UNITED STATES,,,9000,NOT SPECIFIED,YIELD,,33,,YEAR,NEW HAMPSHIRE,FIELD CROPS,00,,NEW HAMPSHIRE,INDUSTRIAL,,ANNUAL,FLORAL,,,"HEMP, INDUSTRIAL, IN THE OPEN, FLORAL - YIELD, MEASURED IN LBS / ACRE",NH,2023-04-19 15:00:00.000,,LBS / ACRE,,STATE,00000000,,00,IN THE OPEN,33,CROPS,2021,TOTAL,SURVEY,                 (D),HEMP
UNITED STATES,,,9000,NOT SPECIFIED,YIELD,,33,,YEAR,NEW HAMPSHIRE,FIELD CROPS,00,,NEW HAMPSHIRE,ALL CLASSES,,ANNUAL,ALL UTILIZATION PRACTICES,,,"MAPLE SYRUP - YIELD, MEASURED IN GALLONS / TAP",NH,2024-06-12 12:00:00.000,,GALLONS / TAP,,STATE,00000000,,00,ALL PRODUCTION PRACTICES,33,CROPS,2024,TOTAL,SURVEY,0.286,MAPLE SYRUP
UNITED STATES,,,9000,NOT SPECIFIED,YIELD,,33,,YEAR,NEW HAMPSHIRE,FIELD CROPS,00,,NEW HAMPSHIRE,ALL CLASSES,,ANNUAL,ALL UTILIZATION PRACTICES,,,"MAPLE SYRUP - YIELD, MEASURED IN GALLONS / TAP",NH,2024-06-12 12:00:00.000,,GALLONS / TAP,,STATE,00000000,,00,ALL PRODUCTION PRACTICES,33,CROPS,2023,TOTAL,SURVEY,0.303,MAPLE SYRUP
UNITED STATES,,,9000,NOT SPECIFIED,YIELD,,33,,YEAR,NEW HAMPSHIRE,FIELD CROPS,00,,NEW HAMPSHIRE,ALL CLASSES,,ANNUAL,ALL UTILIZATION PRACTICES,,,"MAPLE SYRUP - YIELD, MEASURED IN GALLONS / TAP",NH,2024-01-09 15:00:00.000,,GALLONS / TAP,,STATE,00000000,,00,ALL PRODUCTION PRACTICES,33,CROPS,2022,TOTAL,SURVEY,0.308,MAPLE SYRUP
UNITED STATES,,,9000,NOT SPECIFIED,YIELD,,33,,YEAR,NEW HAMPSHIRE,FIELD CROPS,00,,NEW HAMPSHIRE,ALL CLASSES,,ANNUAL,ALL UTILIZATION PRACTICES,,,"MAPLE SYRUP - YIELD, MEASURED IN GALLONS / TAP",NH,2024-01-09 15:00:00.000,,GALLONS / TAP,,STATE,00000000,,00,ALL PRODUCTION PRACTICES,33,CROPS,2021,TOTAL,SURVEY,0.228,MAPLE SYRUP
UNITED STATES,,,9000,NOT SPECIFIED,YIELD,,33,,YEAR,NEW HAMPSHIRE,FIELD CROPS,00,,NEW HAMPSHIRE,ALL CLASSES,,ANNUAL,ALL UTILIZATION PRACTICES,,,"MAPLE SYRUP - YIELD, MEASURED IN GALLONS / TAP",NH,2024-01-09 15:00:00.000,,GALLONS / TAP,,STATE,00000000,,00,ALL PRODUCTION PRACTICES,33,CROPS,2020,TOTAL,SURVEY,0.278,MAPLE SYRUP
UNITED STATES,,,9000,NOT SPECIFIED,YIELD,,33,,YEAR,NEW HAMPSHIRE,FIELD CROPS,00,,NEW HAMPSHIRE,ALL CLASSES,,ANNUAL,ALL UTILIZATION PRACTICES,,,"MAPLE SYRUP - YIELD, MEASURED IN GALLONS / TAP",NH,2024-01-09 15:00:00.000,,GALLONS / TAP,,STATE,00000000,,00,ALL PRODUCTION PRACTICES,33,CROPS,2019,TOTAL,SURVEY,0.261,MAPLE SYRUP
UNITED STATES,,,9000,NOT SPECIFIED,YIELD,,33,,YEAR,NEW HAMPSHIRE,FIELD CROPS,00,,NEW HAMPSHIRE,ALL CLASSES,,ANNUAL,ALL UTILIZATION PRACTICES,,,"MAPLE SYRUP - YIELD, MEASURED IN GALLONS / TAP",NH,2024-01-09 15:00:00.000,,GALLONS / TAP,,STATE,00000000,,00,ALL PRODUCTION PRACTICES,33,CROPS,2018,TOTAL,SURVEY,0.285,MAPLE SYRUP
UNITED STATES,,,9000,NOT SPECIFIED,YIELD,,33,,YEAR,NEW HAMPSHIRE,FIELD CROPS,00,,NEW HAMPSHIRE,ALL CLASSES,,ANNUAL,ALL UTILIZATION PRACTICES,,,"MAPLE SYRUP - YIELD, MEASURED IN GALLONS / TAP",NH,2019-02-06 15:00:06.000,,GALLONS / TAP,,STATE,00000000,,00,ALL PRODUCTION PRACTICES,33,CROPS,2017,TOTAL,SURVEY,0.281,MAPLE SYRUP
UNITED STATES,,,9000,NOT SPECIFIED,YIELD,,33,,YEAR,NEW HAMPSHIRE,FIELD CROPS,00,,NEW HAMPSHIRE,ALL CLASSES,,ANNUAL,ALL UTILIZATION PRACTICES,,,"MAPLE SYRUP - YIELD, MEASURED IN GALLONS / TAP",NH,2019-02-06 15:00:06.000,,GALLONS / TAP,,STATE,00000000,,00,ALL PRODUCTION PRACTICES,33,CROPS,2016,TOTAL,SURVEY,0.309,MAPLE SYRUP
UNITED STATES,,,9000,NOT SPECIFIED,YIELD,,33,,YEAR,NEW HAMPSHIRE,FIELD CROPS,00,,NEW HAMPSHIRE,ALL CLASSES,,ANNUAL,ALL UTILIZATION PRACTICES,,,"MAPLE SYRUP - YIELD, MEASURED IN GALLONS / TAP",NH,2019-02-06 15:00:06.000,,GALLONS / TAP,,STATE,00000000,,00,ALL PRODUCTION PRACTICES,33,CROPS,2015,TOTAL,SURVEY,0.275,MAPLE SYRUP
UNITED STATES,,,9000,NOT SPECIFIED,YIELD,,33,,YEAR,NEW HAMPSHIRE,FIELD CROPS,00,,NEW HAMPSHIRE,ALL CLASSES,,ANNUAL,ALL UTILIZATION PRACTICES,,,"MAPLE SYRUP - YIELD, MEASURED IN GALLONS / TAP",NH,2019-02-06 15:00:06.000,,GALLONS / TAP,,STATE,00000000,,00,ALL PRODUCTION PRACTICES,33,CROPS,2014,TOTAL,SURVEY,0.228,MAPLE SYRUP
UNITED STATES,,,9000,NOT SPECIFIED,YIELD,,33,,YEAR,NEW HAMPSHIRE,FIELD CROPS,00,,NEW HAMPSHIRE,ALL CLASSES,,ANNUAL,ALL UTILIZATION PRACTICES,,,"MAPLE SYRUP - YIELD, MEASURED IN GALLONS / TAP",NH,2019-02-06 15:00:06.000,,GALLONS / TAP,,STATE,00000000,,00,ALL PRODUCTION PRACTICES,33,CROPS,2013,TOTAL,SURVEY,0.276,MAPLE SYRUP
UNITED STATES,,,9000,NOT SPECIFIED,YIELD,,33,,YEAR,NEW HAMPSHIRE,FIELD CROPS,00,,NEW HAMPSHIRE,ALL CLASSES,,ANNUAL,ALL UTILIZATION PRACTICES,,,"MAPLE SYRUP - YIELD, MEASURED IN GALLONS / TAP",NH,2014-11-03 15:05:48.000,,GALLONS / TAP,,STATE,00000000,,00,ALL PRODUCTION PRACTICES,33,CROPS,2012,TOTAL,SURVEY,0.19,MAPLE SYRUP
UNITED STATES,,,9000,NOT SPECIFIED,YIELD,,33,,YEAR,NEW HAMPSHIRE,FIELD CROPS,00,,NEW HAMPSHIRE,ALL CLASSES,,ANNUAL,ALL UTILIZATION PRACTICES,,,"MAPLE SYRUP - YIELD, MEASURED IN GALLONS / TAP",NH,2014-11-03 15:05:48.000,,GALLONS / TAP,,STATE,00000000,,00,ALL PRODUCTION PRACTICES,33,CROPS,2011,TOTAL,SURVEY,0.286,MAPLE SYRUP
UNITED STATES,,,9000,NOT SPECIFIED,YIELD,,33,,YEAR,NEW HAMPSHIRE,FIELD CROPS,00,,NEW HAMPSHIRE,ALL CLASSES,,ANNUAL,ALL UTILIZATION PRACTICES,,,"MAPLE SYRUP - YIELD, MEASURED IN GALLONS / TAP",NH,2014-11-03 15:05:48.000,,GALLONS / TAP,,STATE,00000000,,00,ALL PRODUCTION PRACTICES,33,CROPS,2010,TOTAL,SURVEY,0.207,MAPLE SYRUP
UNITED STATES,,,9000,NOT SPECIFIED,YIELD,,33,,YEAR,NEW HAMPSHIRE,FIELD CROPS,00,,NEW HAMPSHIRE,ALL CLASSES,,ANNUAL,ALL UTILIZATION PRACTICES,,,"MAPLE SYRUP - YIELD, MEASURED IN GALLONS / TAP",NH,2014-11-03 15:05:48.000,,GALLONS / TAP,,STATE,00000000,,00,ALL PRODUCTION PRACTICES,33,CROPS,2009,TOTAL,SURVEY,0.244,MAPLE SYRUP
UNITED STATES,,,9000,NOT SPECIFIED,YIELD,,33,,YEAR,NEW HAMPSHIRE,FIELD CROPS,00,,NEW HAMPSHIRE,ALL CLASSES,,ANNUAL,ALL UTILIZATION PRACTICES,,,"MAPLE SYRUP - YIELD, MEASURED IN GALLONS / TAP",NH,2014-11-03 15:05:48.000,,GALLONS / TAP,,STATE,00000000,,00,ALL PRODUCTION PRACTICES,33,CROPS,2008,TOTAL,SURVEY,0.241,MAPLE SYRUP
UNITED STATES,,,9000,NOT SPECIFIED,YIELD,,33,,YEAR,NEW HAMPSHIRE,FIELD CROPS,00,,NEW HAMPSHIRE,ALL CLASSES,,ANNUAL,ALL UTILIZATION PRACTICES,,,"MAPLE SYRUP - YIELD, MEASURED IN GALLONS / TAP",NH,2014-11-03 15:05:48.000,,GALLONS / TAP,,STATE,00000000,,00,ALL PRODUCTION PRACTICES,33,CROPS,2007,TOTAL,SURVEY,0.175,MAPLE SYRUP
UNITED STATES,,,9000,NOT SPECIFIED,YIELD,,33,,YEAR,NEW HAMPSHIRE,FIELD CROPS,00,,NEW HAMPSHIRE,ALL CLASSES,,ANNUAL,ALL UTILIZATION PRACTICES,,,"MAPLE SYRUP - YIELD, MEASURED IN GALLONS / TAP",NH,2012-01-01 00:00:00.000,,GALLONS / TAP,,STATE,00000000,,00,ALL PRODUCTION PRACTICES,33,CROPS,2006,TOTAL,SURVEY,0.171,MAPLE SYRUP
UNITED STATES,,,9000,NOT SPECIFIED,YIELD,,33,,YEAR,NEW HAMPSHIRE,FIELD CROPS,00,,NEW HAMPSHIRE,ALL CLASSES,,ANNUAL,ALL UTILIZATION PRACTICES,,,"MAPLE SYRUP - YIELD, MEASURED IN GALLONS / TAP",NH,2012-01-01 00:00:00.000,,GALLONS / TAP,,STATE,00000000,,00,ALL PRODUCTION PRACTICES,33,CROPS,2005,TOTAL,SURVEY,0.156,MAPLE SYRUP
UNITED STATES,,,9000,NOT SPECIFIED,YIELD,,33,,YEAR,NEW HAMPSHIRE,FIELD CROPS,00,,NEW HAMPSHIRE,ALL CLASSES,,ANNUAL,ALL UTILIZATION PRACTICES,,,"MAPLE SYRUP - YIELD, MEASURED IN GALLONS / TAP",NH,2012-01-01 00:00:00.000,,GALLONS / TAP,,STATE,00000000,,00,ALL PRODUCTION PRACTICES,33,CROPS,2004,TOTAL,SURVEY,0.231,MAPLE SYRUP
UNITED STATES,,,9000,NOT SPECIFIED,YIELD,,33,,YEAR,NEW HAMPSHIRE,FIELD CROPS,00,,NEW HAMPSHIRE,ALL CLASSES,,ANNUAL,ALL UTILIZATION PRACTICES,,,"MAPLE SYRUP - YIELD, MEASURED IN GALLONS / TAP",NH,2012-01-01 00:00:00.000,,GALLONS / TAP,,STATE,00000000,,00,ALL PRODUCTION PRACTICES,33,CROPS,2003,TOTAL,SURVEY,0.171,MAPLE SYRUP
UNITED STATES,,,9000,NOT SPECIFIED,YIELD,,33,,YEAR,NEW HAMPSHIRE,FIELD CROPS,00,,NEW HAMPSHIRE,ALL CLASSES,,ANNUAL,ALL UTILIZATION PRACTICES,,,"MAPLE SYRUP - YIELD, MEASURED IN GALLONS / TAP",NH,2012-01-01 00:00:00.000,,GALLONS / TAP,,STATE,00000000,,00,ALL PRODUCTION PRACTICES,33,CROPS,2002,TOTAL,SURVEY,0.218,MAPLE SYRUP
UNITED STATES,,,9000,NOT SPECIFIED,YIELD,,33,,YEAR,NEW HAMPSHIRE,FIELD CROPS,00,,NEW HAMPSHIRE,ALL CLASSES,,ANNUAL,ALL UTILIZATION PRACTICES,,,"MAPLE SYRUP - YIELD, MEASURED IN GALLONS / TAP",NH,2012-01-01 00:00:00.000,,GALLONS / TAP,,STATE,00000000,,00,ALL PRODUCTION PRACTICES,33,CROPS,2001,TOTAL,SURVEY,0.143,MAPLE SYRUP
UNITED STATES,,,9000,NOT SPECIFIED,YIELD,,33,,YEAR,NEW HAMPSHIRE,FIELD CROPS,00,,NEW HAMPSHIRE,ALL CLASSES,,ANNUAL,ALL UTILIZATION PRACTICES,,,"OATS - YIELD, MEASURED IN BU / ACRE",NH,2012-01-01 00:00:00.000,,BU / ACRE,,STATE,00000000,,00,ALL PRODUCTION PRACTICES,33,CROPS,1959,TOTAL,SURVEY,37,OATS
UNITED STATES,,,9000,NOT SPECIFIED,YIELD,,33,,YEAR,NEW HAMPSHIRE,FIELD CROPS,00,,NEW HAMPSHIRE,ALL CLASSES,,ANNUAL,ALL UTILIZATION PRACTICES,,,"OATS - YIELD, MEASURED IN BU / ACRE",NH,2012-01-01 00:00:00.000,,BU / ACRE,,STATE,00000000,,00,ALL PRODUCTION PRACTICES,33,CROPS,1958,TOTAL,SURVEY,42,OATS
UNITED STATES,,,9000,NOT SPECIFIED,YIELD,,33,,YEAR,NEW HAMPSHIRE,FIELD CROPS,00,,NEW HAMPSHIRE,ALL CLASSES,,ANNUAL,ALL UTILIZATION PRACTICES,,,"OATS - YIELD, MEASURED IN BU / ACRE",NH,2012-01-01 00:00:00.000,,BU / ACRE,,STATE,00000000,,00,ALL PRODUCTION PRACTICES,33,CROPS,1957,TOTAL,SURVEY,41,OATS
UNITED STATES,,,9000,NOT SPECIFIED,YIELD,,33,,YEAR,NEW HAMPSHIRE,FIELD CROPS,00,,NEW HAMPSHIRE,ALL CLASSES,,ANNUAL,ALL UTILIZATION PRACTICES,,,"OATS - YIELD, MEASURED IN BU / ACRE",NH,2012-01-01 00:00:00.000,,BU / ACRE,,STATE,00000000,,00,ALL PRODUCTION PRACTICES,33,CROPS,1956,TOTAL,SURVEY,40,OATS
UNITED STATES,,,9000,NOT SPECIFIED,YIELD,,33,,YEAR,NEW HAMPSHIRE,FIELD CROPS,00,,NEW HAMPSHIRE,ALL CLASSES,,ANNUAL,ALL UTILIZATION PRACTICES,,,"OATS - YIELD, MEASURED IN BU / ACRE",NH,2012-01-01 00:00:00.000,,BU / ACRE,,STATE,00000000,,00,ALL PRODUCTION PRACTICES,33,CROPS,1955,TOTAL,SURVEY,34,OATS
UNITED STATES,,,9000,NOT SPECIFIED,YIELD,,33,,YEAR,NEW HAMPSHIRE,FIELD CROPS,00,,NEW HAMPSHIRE,ALL CLASSES,,ANNUAL,ALL UTILIZATION PRACTICES,,,"OATS - YIELD, MEASURED IN BU / ACRE",NH,2012-01-01 00:00:00.000,,BU / ACRE,,STATE,00000000,,00,ALL PRODUCTION PRACTICES,33,CROPS,1954,TOTAL,SURVEY,28,OATS
UNITED STATES,,,9000,NOT SPECIFIED,YIELD,,33,,YEAR,NEW HAMPSHIRE,FIELD CROPS,00,,NEW HAMPSHIRE,ALL CLASSES,,ANNUAL,ALL UTILIZATION PRACTICES,,,"OATS - YIELD, MEASURED IN BU / ACRE",NH,2012-01-01 00:00:00.000,,BU / ACRE,,STATE,00000000,,00,ALL PRODUCTION PRACTICES,33,CROPS,1953,TOTAL,SURVEY,37,OATS
UNITED STATES,,,9000,NOT SPECIFIED,YIELD,,33,,YEAR,NEW HAMPSHIRE,FIELD CROPS,00,,NEW HAMPSHIRE,ALL CLASSES,,ANNUAL,ALL UTILIZATION PRACTICES,,,"OATS - YIELD, MEASURED IN BU / ACRE",NH,2012-01-01 00:00:00.000,,BU / ACRE,,STATE,00000000,,00,ALL PRODUCTION PRACTICES,33,CROPS,1952,TOTAL,SURVEY,36,OATS
UNITED STATES,,,9000,NOT SPECIFIED,YIELD,,33,,YEAR,NEW HAMPSHIRE,FIELD CROPS,00,,NEW HAMPSHIRE,ALL CLASSES,,ANNUAL,ALL UTILIZATION PRACTICES,,,"OATS - YIELD, MEASURED IN BU / ACRE",NH,2012-01-01 00:00:00.000,,BU / ACRE,,STATE,00000000,,00,ALL PRODUCTION PRACTICES,33,CROPS,1951,TOTAL,SURVEY,36,OATS
UNITED STATES,,,9000,NOT SPECIFIED,YIELD,,33,,YEAR,NEW HAMPSHIRE,FIELD CROPS,00,,NEW HAMPSHIRE,ALL CLASSES,,ANNUAL,ALL UTILIZATION PRACTICES,,,"OATS - YIELD, MEASURED IN BU / ACRE",NH,2012-01-01 00:00:00.000,,BU / ACRE,,STATE,00000000,,00,ALL PRODUCTION PRACTICES,33,CROPS,1950,TOTAL,SURVEY,41,OATS
UNITED STATES,,,9000,NOT SPECIFIED,YIELD,,33,,YEAR,NEW HAMPSHIRE,FIELD CROPS,00,,NEW HAMPSHIRE,ALL CLASSES,,ANNUAL,ALL UTILIZATION PRACTICES,,,"OATS - YIELD, MEASURED IN BU / ACRE",NH,2012-01-01 00:00:00.000,,BU / ACRE,,STATE,00000000,,00,ALL PRODUCTION PRACTICES,33,CROPS,1949,TOTAL,SURVEY,36,OATS
UNITED STATES,,,9000,NOT SPECIFIED,YIELD,,33,,YEAR,NEW HAMPSHIRE,FIELD CROPS,00,,NEW HAMPSHIRE,ALL CLASSES,,ANNUAL,ALL UTILIZATION PRACTICES,,,"OATS - YIELD, MEASURED IN BU / ACRE",NH,2012-01-01 00:00:00.000,,BU / ACRE,,STATE,00000000,,00,ALL PRODUCTION PRACTICES,33,CROPS,1948,TOTAL,SURVEY,40,OATS
UNITED STATES,,,9000,NOT SPECIFIED,YIELD,,33,,YEAR,NEW HAMPSHIRE,FIELD CROPS,00,,NEW HAMPSHIRE,ALL CLASSES,,ANNUAL,ALL UTILIZATION PRACTICES,,,"OATS - YIELD, MEASURED IN BU / ACRE",NH,2012-01-01 00:00:00.000,,BU / ACRE,,STATE,00000000,,00,ALL PRODUCTION PRACTICES,33,CROPS,1947,TOTAL,SURVEY,31,OATS
UNITED STATES,,,9000,NOT SPECIFIED,YIELD,,33,,YEAR,NEW HAMPSHIRE,FIELD CROPS,00,,NEW HAMPSHIRE,ALL CLASSES,,ANNUAL,ALL UTILIZATION PRACTICES,,,"OATS - YIELD, MEASURED IN BU / ACRE",NH,2012-01-01 00:00:00.000,,BU / ACRE,,STATE,00000000,,00,ALL PRODUCTION PRACTICES,33,CROPS,1946,TOTAL,SURVEY,37,OATS
UNITED STATES,,,9000,NOT SPECIFIED,YIELD,,33,,YEAR,NEW HAMPSHIRE,FIELD CROPS,00,,NEW HAMPSHIRE,ALL CLASSES,,ANNUAL,ALL UTILIZATION PRACTICES,,,"OATS - YIELD, MEASURED IN BU / ACRE",NH,2012-01-01 00:00:00.000,,BU / ACRE,,STATE,00000000,,00,ALL PRODUCTION PRACTICES,33,CROPS,1945,TOTAL,SURVEY,33,OATS
UNITED STATES,,,9000,NOT SPECIFIED,YIELD,,33,,YEAR,NEW HAMPSHIRE,FIELD CROPS,00,,NEW HAMPSHIRE,ALL CLASSES,,ANNUAL,ALL UTILIZATION PRACTICES,,,"OATS - YIELD, MEASURED IN BU / ACRE",NH,2012-01-01 00:00:00.000,,BU / ACRE,,STATE,00000000,,00,ALL PRODUCTION PRACTICES,33,CROPS,1944,TOTAL,SURVEY,34,OATS
UNITED STATES,,,9000,NOT SPECIFIED,YIELD,,33,,YEAR,NEW HAMPSHIRE,FIELD CROPS,00,,NEW HAMPSHIRE,ALL CLASSES,,ANNUAL,ALL UTILIZATION PRACTICES,,,"OATS - YIELD, MEASURED IN BU / ACRE",NH,2012-01-01 00:00:00.000,,BU / ACRE,,STATE,00000000,,00,ALL PRODUCTION PRACTICES,33,CROPS,1943,TOTAL,SURVEY,34,OATS
UNITED STATES,,,9000,NOT SPECIFIED,YIELD,,33,,YEAR,NEW HAMPSHIRE,FIELD CROPS,00,,NEW HAMPSHIRE,ALL CLASSES,,ANNUAL,ALL UTILIZATION PRACTICES,,,"OATS - YIELD, MEASURED IN BU / ACRE",NH,2012-01-01 00:00:00.000,,BU / ACRE,,STATE,00000000,,00,ALL PRODUCTION PRACTICES,33,CROPS,1942,TOTAL,SURVEY,37,OATS
UNITED STATES,,,9000,NOT SPECIFIED,YIELD,,33,,YEAR,NEW HAMPSHIRE,FIELD CROPS,00,,NEW HAMPSHIRE,ALL CLASSES,,ANNUAL,ALL UTILIZATION PRACTICES,,,"OATS - YIELD, MEASURED IN BU / ACRE",NH,2012-01-01 00:00:00.000,,BU / ACRE,,STATE,00000000,,00,ALL PRODUCTION PRACTICES,33,CROPS,1941,TOTAL,SURVEY,38,OATS
UNITED STATES,,,9000,NOT SPECIFIED,YIELD,,33,,YEAR,NEW HAMPSHIRE,FIELD CROPS,00,,NEW HAMPSHIRE,ALL CLASSES,,ANNUAL,ALL UTILIZATION PRACTICES,,,"OATS - YIELD, MEASURED IN BU / ACRE",NH,2012-01-01 00:00:00.000,,BU / ACRE,,STATE,00000000,,00,ALL PRODUCTION PRACTICES,33,CROPS,1940,TOTAL,SURVEY,41,OATS
UNITED STATES,,,9000,NOT SPECIFIED,YIELD,,33,,YEAR,NEW HAMPSHIRE,FIELD CROPS,00,,NEW HAMPSHIRE,ALL CLASSES,,ANNUAL,ALL UTILIZATION PRACTICES,,,"OATS - YIELD, MEASURED IN BU / ACRE",NH,2012-01-01 00:00:00.000,,BU / ACRE,,STATE,00000000,,00,ALL PRODUCTION PRACTICES,33,CROPS,1939,TOTAL,SURVEY,38,OATS
UNITED STATES,,,9000,NOT SPECIFIED,YIELD,,33,,YEAR,NEW HAMPSHIRE,FIELD CROPS,00,,NEW HAMPSHIRE,ALL CLASSES,,ANNUAL,ALL UTILIZATION PRACTICES,,,"OATS - YIELD, MEASURED IN BU / ACRE",NH,2012-01-01 00:00:00.000,,BU / ACRE,,STATE,00000000,,00,ALL PRODUCTION PRACTICES,33,CROPS,1938,TOTAL,SURVEY,37,OATS
UNITED STATES,,,9000,NOT SPECIFIED,YIELD,,33,,YEAR,NEW HAMPSHIRE,FIELD CROPS,00,,NEW HAMPSHIRE,ALL CLASSES,,ANNUAL,ALL UTILIZATION PRACTICES,,,"OATS - YIELD, MEASURED IN BU / ACRE",NH,2012-01-01 00:00:00.000,,BU / ACRE,,STATE,00000000,,00,ALL PRODUCTION PRACTICES,33,CROPS,1937,TOTAL,SURVEY,35,OATS
UNITED STATES,,,9000,NOT SPECIFIED,YIELD,,33,,YEAR,NEW HAMPSHIRE,FIELD CROPS,00,,NEW HAMPSHIRE,ALL CLASSES,,ANNUAL,ALL UTILIZATION PRACTICES,,,"OATS - YIELD, MEASURED IN BU / ACRE",NH,2012-01-01 00:00:00.000,,BU / ACRE,,STATE,00000000,,00,ALL PRODUCTION PRACTICES,33,CROPS,1936,TOTAL,SURVEY,38,OATS
UNITED STATES,,,9000,NOT SPECIFIED,YIELD,,33,,YEAR,NEW HAMPSHIRE,FIELD CROPS,00,,NEW HAMPSHIRE,ALL CLASSES,,ANNUAL,ALL UTILIZATION PRACTICES,,,"OATS - YIELD, MEASURED IN BU / ACRE",NH,2012-01-01 00:00:00.000,,BU / ACRE,,STATE,00000000,,00,ALL PRODUCTION PRACTICES,33,CROPS,1935,TOTAL,SURVEY,37,OATS
UNITED STATES,,,9000,NOT SPECIFIED,YIELD,,33,,YEAR,NEW HAMPSHIRE,FIELD CROPS,00,,NEW HAMPSHIRE,ALL CLASSES,,ANNUAL,ALL UTILIZATION PRACTICES,,,"OATS - YIELD, MEASURED IN BU / ACRE",NH,2012-01-01 00:00:00.000,,BU / ACRE,,STATE,00000000,,00,ALL PRODUCTION PRACTICES,33,CROPS,1934,TOTAL,SURVEY,37,OATS
UNITED STATES,,,9000,NOT SPECIFIED,YIELD,,33,,YEAR,NEW HAMPSHIRE,FIELD CROPS,00,,NEW HAMPSHIRE,ALL CLASSES,,ANNUAL,ALL UTILIZATION PRACTICES,,,"OATS - YIELD, MEASURED IN BU / ACRE",NH,2012-01-01 00:00:00.000,,BU / ACRE,,STATE,00000000,,00,ALL PRODUCTION PRACTICES,33,CROPS,1933,TOTAL,SURVEY,36.5,OATS
UNITED STATES,,,9000,NOT SPECIFIED,YIELD,,33,,YEAR,NEW HAMPSHIRE,FIELD CROPS,00,,NEW HAMPSHIRE,ALL CLASSES,,ANNUAL,ALL UTILIZATION PRACTICES,,,"OATS - YIELD, MEASURED IN BU / ACRE",NH,2012-01-01 00:00:00.000,,BU / ACRE,,STATE,00000000,,00,ALL PRODUCTION PRACTICES,33,CROPS,1932,TOTAL,SURVEY,38,OATS
UNITED STATES,,,9000,NOT SPECIFIED,YIELD,,33,,YEAR,NEW HAMPSHIRE,FIELD CROPS,00,,NEW HAMPSHIRE,ALL CLASSES,,ANNUAL,ALL UTILIZATION PRACTICES,,,"OATS - YIELD, MEASURED IN BU / ACRE",NH,2012-01-01 00:00:00.000,,BU / ACRE,,STATE,00000000,,00,ALL PRODUCTION PRACTICES,33,CROPS,1931,TOTAL,SURVEY,37,OATS
UNITED STATES,,,9000,NOT SPECIFIED,YIELD,,33,,YEAR,NEW HAMPSHIRE,FIELD CROPS,00,,NEW HAMPSHIRE,ALL CLASSES,,ANNUAL,ALL UTILIZATION PRACTICES,,,"OATS - YIELD, MEASURED IN BU / ACRE",NH,2012-01-01 00:00:00.000,,BU / ACRE,,STATE,00000000,,00,ALL PRODUCTION PRACTICES,33,CROPS,1930,TOTAL,SURVEY,40,OATS
UNITED STATES,,,9000,NOT SPECIFIED,YIELD,,33,,YEAR,NEW HAMPSHIRE,FIELD CROPS,00,,NEW HAMPSHIRE,ALL CLASSES,,ANNUAL,ALL UTILIZATION PRACTICES,,,"OATS - YIELD, MEASURED IN BU / ACRE",NH,2012-01-01 00:00:00.000,,BU / ACRE,,STATE,00000000,,00,ALL PRODUCTION PRACTICES,33,CROPS,1929,TOTAL,SURVEY,39,OATS
UNITED STATES,,,9000,NOT SPECIFIED,YIELD,,33,,YEAR,NEW HAMPSHIRE,FIELD CROPS,00,,NEW HAMPSHIRE,ALL CLASSES,,ANNUAL,ALL UTILIZATION PRACTICES,,,"OATS - YIELD, MEASURED IN BU / ACRE",NH,2012-01-01 00:00:00.000,,BU / ACRE,,STATE,00000000,,00,ALL PRODUCTION PRACTICES,33,CROPS,1928,TOTAL,SURVEY,37,OATS
UNITED STATES,,,9000,NOT SPECIFIED,YIELD,,33,,YEAR,NEW HAMPSHIRE,FIELD CROPS,00,,NEW HAMPSHIRE,ALL CLASSES,,ANNUAL,ALL UTILIZATION PRACTICES,,,"OATS - YIELD, MEASURED IN BU / ACRE",NH,2012-01-01 00:00:00.000,,BU / ACRE,,STATE,00000000,,00,ALL PRODUCTION PRACTICES,33,CROPS,1927,TOTAL,SURVEY,37,OATS
UNITED STATES,,,9000,NOT SPECIFIED,YIELD,,33,,YEAR,NEW HAMPSHIRE,FIELD CROPS,00,,NEW HAMPSHIRE,ALL CLASSES,,ANNUAL,ALL UTILIZATION PRACTICES,,,"OATS - YIELD, MEASURED IN BU / ACRE",NH,2012-01-01 00:00:00.000,,BU / ACRE,,STATE,00000000,,00,ALL PRODUCTION PRACTICES,33,CROPS,1926,TOTAL,SURVEY,40,OATS
UNITED STATES,,,9000,NOT SPECIFIED,YIELD,,33,,YEAR,NEW HAMPSHIRE,FIELD CROPS,00,,NEW HAMPSHIRE,ALL CLASSES,,ANNUAL,ALL UTILIZATION PRACTICES,,,"OATS - YIELD, MEASURED IN BU / ACRE",NH,2012-01-01 00:00:00.000,,BU / ACRE,,STATE,00000000,,00,ALL PRODUCTION PRACTICES,33,CROPS,1925,TOTAL,SURVEY,37,OATS
UNITED STATES,,,9000,NOT SPECIFIED,YIELD,,33,,YEAR,NEW HAMPSHIRE,FIELD CROPS,00,,NEW HAMPSHIRE,ALL CLASSES,,ANNUAL,ALL UTILIZATION PRACTICES,,,"OATS - YIELD, MEASURED IN BU / ACRE",NH,2012-01-01 00:00:00.000,,BU / ACRE,,STATE,00000000,,00,ALL PRODUCTION PRACTICES,33,CROPS,1924,TOTAL,SURVEY,37.5,OATS
UNITED STATES,,,9000,NOT SPECIFIED,YIELD,,33,,YEAR,NEW HAMPSHIRE,FIELD CROPS,00,,NEW HAMPSHIRE,ALL CLASSES,,ANNUAL,ALL UTILIZATION PRACTICES,,,"OATS - YIELD, MEASURED IN BU / ACRE",NH,2012-01-01 00:00:00.000,,BU / ACRE,,STATE,00000000,,00,ALL PRODUCTION PRACTICES,33,CROPS,1923,TOTAL,SURVEY,37,OATS
UNITED STATES,,,9000,NOT SPECIFIED,YIELD,,33,,YEAR,NEW HAMPSHIRE,FIELD CROPS,00,,NEW HAMPSHIRE,ALL CLASSES,,ANNUAL,ALL UTILIZATION PRACTICES,,,"OATS - YIELD, MEASURED IN BU / ACRE",NH,2012-01-01 00:00:00.000,,BU / ACRE,,STATE,00000000,,00,ALL PRODUCTION PRACTICES,33,CROPS,1922,TOTAL,SURVEY,36,OATS
UNITED STATES,,,9000,NOT SPECIFIED,YIELD,,33,,YEAR,NEW HAMPSHIRE,FIELD CROPS,00,,NEW HAMPSHIRE,ALL CLASSES,,ANNUAL,ALL UTILIZATION PRACTICES,,,"OATS - YIELD, MEASURED IN BU / ACRE",NH,2012-01-01 00:00:00.000,,BU / ACRE,,STATE,00000000,,00,ALL PRODUCTION PRACTICES,33,CROPS,1921,TOTAL,SURVEY,34,OATS
UNITED STATES,,,9000,NOT SPECIFIED,YIELD,,33,,YEAR,NEW HAMPSHIRE,FIELD CROPS,00,,NEW HAMPSHIRE,ALL CLASSES,,ANNUAL,ALL UTILIZATION PRACTICES,,,"OATS - YIELD, MEASURED IN BU / ACRE",NH,2012-01-01 00:00:00.000,,BU / ACRE,,STATE,00000000,,00,ALL PRODUCTION PRACTICES,33,CROPS,1920,TOTAL,SURVEY,39,OATS
UNITED STATES,,,9000,NOT SPECIFIED,YIELD,,33,,YEAR,NEW HAMPSHIRE,FIELD CROPS,00,,NEW HAMPSHIRE,ALL CLASSES,,ANNUAL,ALL UTILIZATION PRACTICES,,,"OATS - YIELD, MEASURED IN BU / ACRE",NH,2012-01-01 00:00:00.000,,BU / ACRE,,STATE,00000000,,00,ALL PRODUCTION PRACTICES,33,CROPS,1919,TOTAL,SURVEY,33,OATS
UNITED STATES,,,9000,NOT SPECIFIED,YIELD,,33,,YEAR,NEW HAMPSHIRE,FIELD CROPS,00,,NEW HAMPSHIRE,ALL CLASSES,,ANNUAL,ALL UTILIZATION PRACTICES,,,"OATS - YIELD, MEASURED IN BU / ACRE",NH,2012-01-01 00:00:00.000,,BU / ACRE,,STATE,00000000,,00,ALL PRODUCTION PRACTICES,33,CROPS,1918,TOTAL,SURVEY,34,OATS
UNITED STATES,,,9000,NOT SPECIFIED,YIELD,,33,,YEAR,NEW HAMPSHIRE,FIELD CROPS,00,,NEW HAMPSHIRE,ALL CLASSES,,ANNUAL,ALL UTILIZATION PRACTICES,,,"OATS - YIELD, MEASURED IN BU / ACRE",NH,2012-01-01 00:00:00.000,,BU / ACRE,,STATE,00000000,,00,ALL PRODUCTION PRACTICES,33,CROPS,1917,TOTAL,SURVEY,35,OATS
UNITED STATES,,,9000,NOT SPECIFIED,YIELD,,33,,YEAR,NEW HAMPSHIRE,FIELD CROPS,00,,NEW HAMPSHIRE,ALL CLASSES,,ANNUAL,ALL UTILIZATION PRACTICES,,,"OATS - YIELD, MEASURED IN BU / ACRE",NH,2012-01-01 00:00:00.000,,BU / ACRE,,STATE,00000000,,00,ALL PRODUCTION PRACTICES,33,CROPS,1916,TOTAL,SURVEY,34,OATS
UNITED STATES,,,9000,NOT SPECIFIED,YIELD,,33,,YEAR,NEW HAMPSHIRE,FIELD CROPS,00,,NEW HAMPSHIRE,ALL CLASSES,,ANNUAL,ALL UTILIZATION PRACTICES,,,"OATS - YIELD, MEASURED IN BU / ACRE",NH,2012-01-01 00:00:00.000,,BU / ACRE,,STATE,00000000,,00,ALL PRODUCTION PRACTICES,33,CROPS,1915,TOTAL,SURVEY,33.5,OATS
UNITED STATES,,,9000,NOT SPECIFIED,YIELD,,33,,YEAR,NEW HAMPSHIRE,FIELD CROPS,00,,NEW HAMPSHIRE,ALL CLASSES,,ANNUAL,ALL UTILIZATION PRACTICES,,,"OATS - YIELD, MEASURED IN BU / ACRE",NH,2012-01-01 00:00:00.000,,BU / ACRE,,STATE,00000000,,00,ALL PRODUCTION PRACTICES,33,CROPS,1914,TOTAL,SURVEY,36.5,OATS
UNITED STATES,,,9000,NOT SPECIFIED,YIELD,,33,,YEAR,NEW HAMPSHIRE,FIELD CROPS,00,,NEW HAMPSHIRE,ALL CLASSES,,ANNUAL,ALL UTILIZATION PRACTICES,,,"OATS - YIELD, MEASURED IN BU / ACRE",NH,2012-01-01 00:00:00.000,,BU / ACRE,,STATE,00000000,,00,ALL PRODUCTION PRACTICES,33,CROPS,1913,TOTAL,SURVEY,35,OATS
UNITED STATES,,,9000,NOT SPECIFIED,YIELD,,33,,YEAR,NEW HAMPSHIRE,FIELD CROPS,00,,NEW HAMPSHIRE,ALL CLASSES,,ANNUAL,ALL UTILIZATION PRACTICES,,,"OATS - YIELD, MEASURED IN BU / ACRE",NH,2012-01-01 00:00:00.000,,BU / ACRE,,STATE,00000000,,00,ALL PRODUCTION PRACTICES,33,CROPS,1912,TOTAL,SURVEY,38,OATS
UNITED STATES,,,9000,NOT SPECIFIED,YIELD,,33,,YEAR,NEW HAMPSHIRE,FIELD CROPS,00,,NEW HAMPSHIRE,ALL CLASSES,,ANNUAL,ALL UTILIZATION PRACTICES,,,"OATS - YIELD, MEASURED IN BU / ACRE",NH,2012-01-01 00:00:00.000,,BU / ACRE,,STATE,00000000,,00,ALL PRODUCTION PRACTICES,33,CROPS,1911,TOTAL,SURVEY,34,OATS
UNITED STATES,,,9000,NOT SPECIFIED,YIELD,,33,,YEAR,NEW HAMPSHIRE,FIELD CROPS,00,,NEW HAMPSHIRE,ALL CLASSES,,ANNUAL,ALL UTILIZATION PRACTICES,,,"OATS - YIELD, MEASURED IN BU / ACRE",NH,2012-01-01 00:00:00.000,,BU / ACRE,,STATE,00000000,,00,ALL PRODUCTION PRACTICES,33,CROPS,1910,TOTAL,SURVEY,39,OATS
UNITED STATES,,,9000,NOT SPECIFIED,YIELD,,33,,YEAR,NEW HAMPSHIRE,FIELD CROPS,00,,NEW HAMPSHIRE,ALL CLASSES,,ANNUAL,ALL UTILIZATION PRACTICES,,,"OATS - YIELD, MEASURED IN BU / ACRE",NH,2012-01-01 00:00:00.000,,BU / ACRE,,STATE,00000000,,00,ALL PRODUCTION PRACTICES,33,CROPS,1909,TOTAL,SURVEY,35.6,OATS
UNITED STATES,,,9000,NOT SPECIFIED,YIELD,,33,,YEAR,NEW HAMPSHIRE,FIELD CROPS,00,,NEW HAMPSHIRE,ALL CLASSES,,ANNUAL,ALL UTILIZATION PRACTICES,,,"OATS - YIELD, MEASURED IN BU / ACRE",NH,2012-01-01 00:00:00.000,,BU / ACRE,,STATE,00000000,,00,ALL PRODUCTION PRACTICES,33,CROPS,1908,TOTAL,SURVEY,35,OATS
UNITED STATES,,,9000,NOT SPECIFIED,YIELD,,33,,YEAR,NEW HAMPSHIRE,FIELD CROPS,00,,NEW HAMPSHIRE,ALL CLASSES,,ANNUAL,ALL UTILIZATION PRACTICES,,,"OATS - YIELD, MEASURED IN BU / ACRE",NH,2012-01-01 00:00:00.000,,BU / ACRE,,STATE,00000000,,00,ALL PRODUCTION PRACTICES,33,CROPS,1907,TOTAL,SURVEY,36.5,OATS
UNITED STATES,,,9000,NOT SPECIFIED,YIELD,,33,,YEAR,NEW HAMPSHIRE,FIELD CROPS,00,,NEW HAMPSHIRE,ALL CLASSES,,ANNUAL,ALL UTILIZATION PRACTICES,,,"OATS - YIELD, MEASURED IN BU / ACRE",NH,2012-01-01 00:00:00.000,,BU / ACRE,,STATE,00000000,,00,ALL PRODUCTION PRACTICES,33,CROPS,1906,TOTAL,SURVEY,38.5,OATS
UNITED STATES,,,9000,NOT SPECIFIED,YIELD,,33,,YEAR,NEW HAMPSHIRE,FIELD CROPS,00,,NEW HAMPSHIRE,ALL CLASSES,,ANNUAL,ALL UTILIZATION PRACTICES,,,"OATS - YIELD, MEASURED IN BU / ACRE",NH,2012-01-01 00:00:00.000,,BU / ACRE,,STATE,00000000,,00,ALL PRODUCTION PRACTICES,33,CROPS,1905,TOTAL,SURVEY,37,OATS
UNITED STATES,,,9000,NOT SPECIFIED,YIELD,,33,,YEAR,NEW HAMPSHIRE,FIELD CROPS,00,,NEW HAMPSHIRE,ALL CLASSES,,ANNUAL,ALL UTILIZATION PRACTICES,,,"OATS - YIELD, MEASURED IN BU / ACRE",NH,2012-01-01 00:00:00.000,,BU / ACRE,,STATE,00000000,,00,ALL PRODUCTION PRACTICES,33,CROPS,1904,TOTAL,SURVEY,37,OATS
UNITED STATES,,,9000,NOT SPECIFIED,YIELD,,33,,YEAR,NEW HAMPSHIRE,FIELD CROPS,00,,NEW HAMPSHIRE,ALL CLASSES,,ANNUAL,ALL UTILIZATION PRACTICES,,,"OATS - YIELD, MEASURED IN BU / ACRE",NH,2012-01-01 00:00:00.000,,BU / ACRE,,STATE,00000000,,00,ALL PRODUCTION PRACTICES,33,CROPS,1903,TOTAL,SURVEY,35,OATS
UNITED STATES,,,9000,NOT SPECIFIED,YIELD,,33,,YEAR,NEW HAMPSHIRE,FIELD CROPS,00,,NEW HAMPSHIRE,ALL CLASSES,,ANNUAL,ALL UTILIZATION PRACTICES,,,"OATS - YIELD, MEASURED IN BU / ACRE",NH,2012-01-01 00:00:00.000,,BU / ACRE,,STATE,00000000,,00,ALL PRODUCTION PRACTICES,33,CROPS,1902,TOTAL,SURVEY,39,OATS
UNITED STATES,,,9000,NOT SPECIFIED,YIELD,,33,,YEAR,NEW HAMPSHIRE,FIELD CROPS,00,,NEW HAMPSHIRE,ALL CLASSES,,ANNUAL,ALL UTILIZATION PRACTICES,,,"OATS - YIELD, MEASURED IN BU / ACRE",NH,2012-01-01 00:00:00.000,,BU / ACRE,,STATE,00000000,,00,ALL PRODUCTION PRACTICES,33,CROPS,1901,TOTAL,SURVEY,33.5,OATS
UNITED STATES,,,9000,NOT SPECIFIED,YIELD,,33,,YEAR,NEW HAMPSHIRE,FIELD CROPS,00,,NEW HAMPSHIRE,ALL CLASSES,,ANNUAL,ALL UTILIZATION PRACTICES,,,"OATS - YIELD, MEASURED IN BU / ACRE",NH,2012-01-01 00:00:00.000,,BU / ACRE,,STATE,00000000,,00,ALL PRODUCTION PRACTICES,33,CROPS,1900,TOTAL,SURVEY,37,OATS
UNITED STATES,,,9000,NOT SPECIFIED,YIELD,,33,,YEAR,NEW HAMPSHIRE,FIELD CROPS,00,,NEW HAMPSHIRE,ALL CLASSES,,ANNUAL,ALL UTILIZATION PRACTICES,,,"OATS - YIELD, MEASURED IN BU / ACRE",NH,2012-01-01 00:00:00.000,,BU / ACRE,,STATE,00000000,,00,ALL PRODUCTION PRACTICES,33,CROPS,1899,TOTAL,SURVEY,39.5,OATS
UNITED STATES,,,9000,NOT SPECIFIED,YIELD,,33,,YEAR,NEW HAMPSHIRE,FIELD CROPS,00,,NEW HAMPSHIRE,ALL CLASSES,,ANNUAL,ALL UTILIZATION PRACTICES,,,"OATS - YIELD, MEASURED IN BU / ACRE",NH,2012-01-01 00:00:00.000,,BU / ACRE,,STATE,00000000,,00,ALL PRODUCTION PRACTICES,33,CROPS,1898,TOTAL,SURVEY,39,OATS
UNITED STATES,,,9000,NOT SPECIFIED,YIELD,,33,,YEAR,NEW HAMPSHIRE,FIELD CROPS,00,,NEW HAMPSHIRE,ALL CLASSES,,ANNUAL,ALL UTILIZATION PRACTICES,,,"OATS - YIELD, MEASURED IN BU / ACRE",NH,2012-01-01 00:00:00.000,,BU / ACRE,,STATE,00000000,,00,ALL PRODUCTION PRACTICES,33,CROPS,1897,TOTAL,SURVEY,33,OATS
UNITED STATES,,,9000,NOT SPECIFIED,YIELD,,33,,YEAR,NEW HAMPSHIRE,FIELD CROPS,00,,NEW HAMPSHIRE,ALL CLASSES,,ANNUAL,ALL UTILIZATION PRACTICES,,,"OATS - YIELD, MEASURED IN BU / ACRE",NH,2012-01-01 00:00:00.000,,BU / ACRE,,STATE,00000000,,00,ALL PRODUCTION PRACTICES,33,CROPS,1896,TOTAL,SURVEY,37.5,OATS
UNITED STATES,,,9000,NOT SPECIFIED,YIELD,,33,,YEAR,NEW HAMPSHIRE,FIELD CROPS,00,,NEW HAMPSHIRE,ALL CLASSES,,ANNUAL,ALL UTILIZATION PRACTICES,,,"OATS - YIELD, MEASURED IN BU / ACRE",NH,2012-01-01 00:00:00.000,,BU / ACRE,,STATE,00000000,,00,ALL PRODUCTION PRACTICES,33,CROPS,1895,TOTAL,SURVEY,37.5,OATS
UNITED STATES,,,9000,NOT SPECIFIED,YIELD,,33,,YEAR,NEW HAMPSHIRE,FIELD CROPS,00,,NEW HAMPSHIRE,ALL CLASSES,,ANNUAL,ALL UTILIZATION PRACTICES,,,"OATS - YIELD, MEASURED IN BU / ACRE",NH,2012-01-01 00:00:00.000,,BU / ACRE,,STATE,00000000,,00,ALL PRODUCTION PRACTICES,33,CROPS,1894,TOTAL,SURVEY,34.5,OATS
UNITED STATES,,,9000,NOT SPECIFIED,YIELD,,33,,YEAR,NEW HAMPSHIRE,FIELD CROPS,00,,NEW HAMPSHIRE,ALL CLASSES,,ANNUAL,ALL UTILIZATION PRACTICES,,,"OATS - YIELD, MEASURED IN BU / ACRE",NH,2012-01-01 00:00:00.000,,BU / ACRE,,STATE,00000000,,00,ALL PRODUCTION PRACTICES,33,CROPS,1893,TOTAL,SURVEY,36.5,OATS
UNITED STATES,,,9000,NOT SPECIFIED,YIELD,,33,,YEAR,NEW HAMPSHIRE,FIELD CROPS,00,,NEW HAMPSHIRE,ALL CLASSES,,ANNUAL,ALL UTILIZATION PRACTICES,,,"OATS - YIELD, MEASURED IN BU / ACRE",NH,2012-01-01 00:00:00.000,,BU / ACRE,,STATE,00000000,,00,ALL PRODUCTION PRACTICES,33,CROPS,1892,TOTAL,SURVEY,36.5,OATS
UNITED STATES,,,9000,NOT SPECIFIED,YIELD,,33,,YEAR,NEW HAMPSHIRE,FIELD CROPS,00,,NEW HAMPSHIRE,ALL CLASSES,,ANNUAL,ALL UTILIZATION PRACTICES,,,"OATS - YIELD, MEASURED IN BU / ACRE",NH,2012-01-01 00:00:00.000,,BU / ACRE,,STATE,00000000,,00,ALL PRODUCTION PRACTICES,33,CROPS,1891,TOTAL,SURVEY,37,OATS
UNITED STATES,,,9000,NOT SPECIFIED,YIELD,,33,,YEAR,NEW HAMPSHIRE,FIELD CROPS,00,,NEW HAMPSHIRE,ALL CLASSES,,ANNUAL,ALL UTILIZATION PRACTICES,,,"OATS - YIELD, MEASURED IN BU / ACRE",NH,2012-01-01 00:00:00.000,,BU / ACRE,,STATE,00000000,,00,ALL PRODUCTION PRACTICES,33,CROPS,1890,TOTAL,SURVEY,29,OATS
UNITED STATES,,,9000,NOT SPECIFIED,YIELD,,33,,YEAR,NEW HAMPSHIRE,FIELD CROPS,00,,NEW HAMPSHIRE,ALL CLASSES,,ANNUAL,ALL UTILIZATION PRACTICES,,,"OATS - YIELD, MEASURED IN BU / ACRE",NH,2012-01-01 00:00:00.000,,BU / ACRE,,STATE,00000000,,00,ALL PRODUCTION PRACTICES,33,CROPS,1889,TOTAL,SURVEY,33.5,OATS
UNITED STATES,,,9000,NOT SPECIFIED,YIELD,,33,,YEAR,NEW HAMPSHIRE,FIELD CROPS,00,,NEW HAMPSHIRE,ALL CLASSES,,ANNUAL,ALL UTILIZATION PRACTICES,,,"OATS - YIELD, MEASURED IN BU / ACRE",NH,2012-01-01 00:00:00.000,,BU / ACRE,,STATE,00000000,,00,ALL PRODUCTION PRACTICES,33,CROPS,1888,TOTAL,SURVEY,34.5,OATS
UNITED STATES,,,9000,NOT SPECIFIED,YIELD,,33,,YEAR,NEW HAMPSHIRE,FIELD CROPS,00,,NEW HAMPSHIRE,ALL CLASSES,,ANNUAL,ALL UTILIZATION PRACTICES,,,"OATS - YIELD, MEASURED IN BU / ACRE",NH,2012-01-01 00:00:00.000,,BU / ACRE,,STATE,00000000,,00,ALL PRODUCTION PRACTICES,33,CROPS,1887,TOTAL,SURVEY,33,OATS
UNITED STATES,,,9000,NOT SPECIFIED,YIELD,,33,,YEAR,NEW HAMPSHIRE,FIELD CROPS,00,,NEW HAMPSHIRE,ALL CLASSES,,ANNUAL,ALL UTILIZATION PRACTICES,,,"OATS - YIELD, MEASURED IN BU / ACRE",NH,2012-01-01 00:00:00.000,,BU / ACRE,,STATE,00000000,,00,ALL PRODUCTION PRACTICES,33,CROPS,1886,TOTAL,SURVEY,36,OATS
UNITED STATES,,,9000,NOT SPECIFIED,YIELD,,33,,YEAR,NEW HAMPSHIRE,FIELD CROPS,00,,NEW HAMPSHIRE,ALL CLASSES,,ANNUAL,ALL UTILIZATION PRACTICES,,,"OATS - YIELD, MEASURED IN BU / ACRE",NH,2012-01-01 00:00:00.000,,BU / ACRE,,STATE,00000000,,00,ALL PRODUCTION PRACTICES,33,CROPS,1885,TOTAL,SURVEY,36.5,OATS
UNITED STATES,,,9000,NOT SPECIFIED,YIELD,,33,,YEAR,NEW HAMPSHIRE,FIELD CROPS,00,,NEW HAMPSHIRE,ALL CLASSES,,ANNUAL,ALL UTILIZATION PRACTICES,,,"OATS - YIELD, MEASURED IN BU / ACRE",NH,2012-01-01 00:00:00.000,,BU / ACRE,,STATE,00000000,,00,ALL PRODUCTION PRACTICES,33,CROPS,1884,TOTAL,SURVEY,35,OATS
UNITED STATES,,,9000,NOT SPECIFIED,YIELD,,33,,YEAR,NEW HAMPSHIRE,FIELD CROPS,00,,NEW HAMPSHIRE,ALL CLASSES,,ANNUAL,ALL UTILIZATION PRACTICES,,,"OATS - YIELD, MEASURED IN BU / ACRE",NH,2012-01-01 00:00:00.000,,BU / ACRE,,STATE,00000000,,00,ALL PRODUCTION PRACTICES,33,CROPS,1883,TOTAL,SURVEY,36.5,OATS
UNITED STATES,,,9000,NOT SPECIFIED,YIELD,,33,,YEAR,NEW HAMPSHIRE,FIELD CROPS,00,,NEW HAMPSHIRE,ALL CLASSES,,ANNUAL,ALL UTILIZATION PRACTICES,,,"OATS - YIELD, MEASURED IN BU / ACRE",NH,2012-01-01 00:00:00.000,,BU / ACRE,,STATE,00000000,,00,ALL PRODUCTION PRACTICES,33,CROPS,1882,TOTAL,SURVEY,31.5,OATS
UNITED STATES,,,9000,NOT SPECIFIED,YIELD,,33,,YEAR,NEW HAMPSHIRE,FIELD CROPS,00,,NEW HAMPSHIRE,ALL CLASSES,,ANNUAL,ALL UTILIZATION PRACTICES,,,"OATS - YIELD, MEASURED IN BU / ACRE",NH,2012-01-01 00:00:00.000,,BU / ACRE,,STATE,00000000,,00,ALL PRODUCTION PRACTICES,33,CROPS,1881,TOTAL,SURVEY,35,OATS
UNITED STATES,,,9000,NOT SPECIFIED,YIELD,,33,,YEAR,NEW HAMPSHIRE,FIELD CROPS,00,,NEW HAMPSHIRE,ALL CLASSES,,ANNUAL,ALL UTILIZATION PRACTICES,,,"OATS - YIELD, MEASURED IN BU / ACRE",NH,2012-01-01 00:00:00.000,,BU / ACRE,,STATE,00000000,,00,ALL PRODUCTION PRACTICES,33,CROPS,1880,TOTAL,SURVEY,33.5,OATS
UNITED STATES,,,9000,NOT SPECIFIED,YIELD,,33,,YEAR,NEW HAMPSHIRE,FIELD CROPS,00,,NEW HAMPSHIRE,ALL CLASSES,,ANNUAL,ALL UTILIZATION PRACTICES,,,"OATS - YIELD, MEASURED IN BU / ACRE",NH,2012-01-01 00:00:00.000,,BU / ACRE,,STATE,00000000,,00,ALL PRODUCTION PRACTICES,33,CROPS,1879,TOTAL,SURVEY,34.5,OATS
UNITED STATES,,,9000,NOT SPECIFIED,YIELD,,33,,YEAR,NEW HAMPSHIRE,FIELD CROPS,00,,NEW HAMPSHIRE,ALL CLASSES,,ANNUAL,ALL UTILIZATION PRACTICES,,,"OATS - YIELD, MEASURED IN BU / ACRE",NH,2012-01-01 00:00:00.000,,BU / ACRE,,STATE,00000000,,00,ALL PRODUCTION PRACTICES,33,CROPS,1878,TOTAL,SURVEY,29,OATS
UNITED STATES,,,9000,NOT SPECIFIED,YIELD,,33,,YEAR,NEW HAMPSHIRE,FIELD CROPS,00,,NEW HAMPSHIRE,ALL CLASSES,,ANNUAL,ALL UTILIZATION PRACTICES,,,"OATS - YIELD, MEASURED IN BU / ACRE",NH,2012-01-01 00:00:00.000,,BU / ACRE,,STATE,00000000,,00,ALL PRODUCTION PRACTICES,33,CROPS,1877,TOTAL,SURVEY,35.5,OATS
UNITED STATES,,,9000,NOT SPECIFIED,YIELD,,33,,YEAR,NEW HAMPSHIRE,FIELD CROPS,00,,NEW HAMPSHIRE,ALL CLASSES,,ANNUAL,ALL UTILIZATION PRACTICES,,,"OATS - YIELD, MEASURED IN BU / ACRE",NH,2012-01-01 00:00:00.000,,BU / ACRE,,STATE,00000000,,00,ALL PRODUCTION PRACTICES,33,CROPS,1876,TOTAL,SURVEY,30,OATS
UNITED STATES,,,9000,NOT SPECIFIED,YIELD,,33,,YEAR,NEW HAMPSHIRE,FIELD CROPS,00,,NEW HAMPSHIRE,ALL CLASSES,,ANNUAL,ALL UTILIZATION PRACTICES,,,"OATS - YIELD, MEASURED IN BU / ACRE",NH,2012-01-01 00:00:00.000,,BU / ACRE,,STATE,00000000,,00,ALL PRODUCTION PRACTICES,33,CROPS,1875,TOTAL,SURVEY,32,OATS
UNITED STATES,,,9000,NOT SPECIFIED,YIELD,,33,,YEAR,NEW HAMPSHIRE,FIELD CROPS,00,,NEW HAMPSHIRE,ALL CLASSES,,ANNUAL,ALL UTILIZATION PRACTICES,,,"OATS - YIELD, MEASURED IN BU / ACRE",NH,2012-01-01 00:00:00.000,,BU / ACRE,,STATE,00000000,,00,ALL PRODUCTION PRACTICES,33,CROPS,1874,TOTAL,SURVEY,34.5,OATS
UNITED STATES,,,9000,NOT SPECIFIED,YIELD,,33,,YEAR,NEW HAMPSHIRE,FIELD CROPS,00,,NEW HAMPSHIRE,ALL CLASSES,,ANNUAL,ALL UTILIZATION PRACTICES,,,"OATS - YIELD, MEASURED IN BU / ACRE",NH,2012-01-01 00:00:00.000,,BU / ACRE,,STATE,00000000,,00,ALL PRODUCTION PRACTICES,33,CROPS,1873,TOTAL,SURVEY,29,OATS
UNITED STATES,,,9000,NOT SPECIFIED,YIELD,,33,,YEAR,NEW HAMPSHIRE,FIELD CROPS,00,,NEW HAMPSHIRE,ALL CLASSES,,ANNUAL,ALL UTILIZATION PRACTICES,,,"OATS - YIELD, MEASURED IN BU / ACRE",NH,2012-01-01 00:00:00.000,,BU / ACRE,,STATE,00000000,,00,ALL PRODUCTION PRACTICES,33,CROPS,1872,TOTAL,SURVEY,29,OATS
UNITED STATES,,,9000,NOT SPECIFIED,YIELD,,33,,YEAR,NEW HAMPSHIRE,FIELD CROPS,00,,NEW HAMPSHIRE,ALL CLASSES,,ANNUAL,ALL UTILIZATION PRACTICES,,,"OATS - YIELD, MEASURED IN BU / ACRE",NH,2012-01-01 00:00:00.000,,BU / ACRE,,STATE,00000000,,00,ALL PRODUCTION PRACTICES,33,CROPS,1871,TOTAL,SURVEY,32,OATS
UNITED STATES,,,9000,NOT SPECIFIED,YIELD,,33,,YEAR,NEW HAMPSHIRE,FIELD CROPS,00,,NEW HAMPSHIRE,ALL CLASSES,,ANNUAL,ALL UTILIZATION PRACTICES,,,"OATS - YIELD, MEASURED IN BU / ACRE",NH,2012-01-01 00:00:00.000,,BU / ACRE,,STATE,00000000,,00,ALL PRODUCTION PRACTICES,33,CROPS,1870,TOTAL,SURVEY,28,OATS
UNITED STATES,,,9000,NOT SPECIFIED,YIELD,,33,,YEAR,NEW HAMPSHIRE,FIELD CROPS,00,,NEW HAMPSHIRE,ALL CLASSES,,ANNUAL,ALL UTILIZATION PRACTICES,,,"OATS - YIELD, MEASURED IN BU / ACRE",NH,2012-01-01 00:00:00.000,,BU / ACRE,,STATE,00000000,,00,ALL PRODUCTION PRACTICES,33,CROPS,1869,TOTAL,SURVEY,33,OATS
UNITED STATES,,,9000,NOT SPECIFIED,YIELD,,33,,YEAR,NEW HAMPSHIRE,FIELD CROPS,00,,NEW HAMPSHIRE,ALL CLASSES,,ANNUAL,ALL UTILIZATION PRACTICES,,,"OATS - YIELD, MEASURED IN BU / ACRE",NH,2012-01-01 00:00:00.000,,BU / ACRE,,STATE,00000000,,00,ALL PRODUCTION PRACTICES,33,CROPS,1868,TOTAL,SURVEY,29.5,OATS
UNITED STATES,,,9000,NOT SPECIFIED,YIELD,,33,,YEAR,NEW HAMPSHIRE,FIELD CROPS,00,,NEW HAMPSHIRE,ALL CLASSES,,ANNUAL,ALL UTILIZATION PRACTICES,,,"OATS - YIELD, MEASURED IN BU / ACRE",NH,2012-01-01 00:00:00.000,,BU / ACRE,,STATE,00000000,,00,ALL PRODUCTION PRACTICES,33,CROPS,1867,TOTAL,SURVEY,30.5,OATS
UNITED STATES,,,9000,NOT SPECIFIED,YIELD,,33,,YEAR,NEW HAMPSHIRE,FIELD CROPS,00,,NEW HAMPSHIRE,ALL CLASSES,,ANNUAL,ALL UTILIZATION PRACTICES,,,"OATS - YIELD, MEASURED IN BU / ACRE",NH,2012-01-01 00:00:00.000,,BU / ACRE,,STATE,00000000,,00,ALL PRODUCTION PRACTICES,33,CROPS,1866,TOTAL,SURVEY,32,OATS
UNITED STATES,,,9000,NOT SPECIFIED,YIELD,,33,,YEAR,NEW HAMPSHIRE,FIELD CROPS,00,,NEW HAMPSHIRE,ALL CLASSES,,ANNUAL,ALL UTILIZATION PRACTICES,,,"RYE - YIELD, MEASURED IN BU / ACRE",NH,2012-01-01 00:00:00.000,,BU / ACRE,,STATE,00000000,,00,ALL PRODUCTION PRACTICES,33,CROPS,1898,TOTAL,SURVEY,17,RYE
UNITED STATES,,,9000,NOT SPECIFIED,YIELD,,33,,YEAR,NEW HAMPSHIRE,FIELD CROPS,00,,NEW HAMPSHIRE,ALL CLASSES,,ANNUAL,ALL UTILIZATION PRACTICES,,,"RYE - YIELD, MEASURED IN BU / ACRE",NH,2012-01-01 00:00:00.000,,BU / ACRE,,STATE,00000000,,00,ALL PRODUCTION PRACTICES,33,CROPS,1897,TOTAL,SURVEY,14.5,RYE
UNITED STATES,,,9000,NOT SPECIFIED,YIELD,,33,,YEAR,NEW HAMPSHIRE,FIELD CROPS,00,,NEW HAMPSHIRE,ALL CLASSES,,ANNUAL,ALL UTILIZATION PRACTICES,,,"RYE - YIELD, MEASURED IN BU / ACRE",NH,2012-01-01 00:00:00.000,,BU / ACRE,,STATE,00000000,,00,ALL PRODUCTION PRACTICES,33,CROPS,1896,TOTAL,SURVEY,12.5,RYE
UNITED STATES,,,9000,NOT SPECIFIED,YIELD,,33,,YEAR,NEW HAMPSHIRE,FIELD CROPS,00,,NEW HAMPSHIRE,ALL CLASSES,,ANNUAL,ALL UTILIZATION PRACTICES,,,"RYE - YIELD, MEASURED IN BU / ACRE",NH,2012-01-01 00:00:00.000,,BU / ACRE,,STATE,00000000,,00,ALL PRODUCTION PRACTICES,33,CROPS,1895,TOTAL,SURVEY,15,RYE
UNITED STATES,,,9000,NOT SPECIFIED,YIELD,,33,,YEAR,NEW HAMPSHIRE,FIELD CROPS,00,,NEW HAMPSHIRE,ALL CLASSES,,ANNUAL,ALL UTILIZATION PRACTICES,,,"RYE - YIELD, MEASURED IN BU / ACRE",NH,2012-01-01 00:00:00.000,,BU / ACRE,,STATE,00000000,,00,ALL PRODUCTION PRACTICES,33,CROPS,1894,TOTAL,SURVEY,12,RYE
UNITED STATES,,,9000,NOT SPECIFIED,YIELD,,33,,YEAR,NEW HAMPSHIRE,FIELD CROPS,00,,NEW HAMPSHIRE,ALL CLASSES,,ANNUAL,ALL UTILIZATION PRACTICES,,,"RYE - YIELD, MEASURED IN BU / ACRE",NH,2012-01-01 00:00:00.000,,BU / ACRE,,STATE,00000000,,00,ALL PRODUCTION PRACTICES,33,CROPS,1893,TOTAL,SURVEY,11,RYE
UNITED STATES,,,9000,NOT SPECIFIED,YIELD,,33,,YEAR,NEW HAMPSHIRE,FIELD CROPS,00,,NEW HAMPSHIRE,ALL CLASSES,,ANNUAL,ALL UTILIZATION PRACTICES,,,"RYE - YIELD, MEASURED IN BU / ACRE",NH,2012-01-01 00:00:00.000,,BU / ACRE,,STATE,00000000,,00,ALL PRODUCTION PRACTICES,33,CROPS,1892,TOTAL,SURVEY,11.5,RYE
UNITED STATES,,,9000,NOT SPECIFIED,YIELD,,33,,YEAR,NEW HAMPSHIRE,FIELD CROPS,00,,NEW HAMPSHIRE,ALL CLASSES,,ANNUAL,ALL UTILIZATION PRACTICES,,,"RYE - YIELD, MEASURED IN BU / ACRE",NH,2012-01-01 00:00:00.000,,BU / ACRE,,STATE,00000000,,00,ALL PRODUCTION PRACTICES,33,CROPS,1891,TOTAL,SURVEY,12.5,RYE
UNITED STATES,,,9000,NOT SPECIFIED,YIELD,,33,,YEAR,NEW HAMPSHIRE,FIELD CROPS,00,,NEW HAMPSHIRE,ALL CLASSES,,ANNUAL,ALL UTILIZATION PRACTICES,,,"RYE - YIELD, MEASURED IN BU / ACRE",NH,2012-01-01 00:00:00.000,,BU / ACRE,,STATE,00000000,,00,ALL PRODUCTION PRACTICES,33,CROPS,1890,TOTAL,SURVEY,8.5,RYE
UNITED STATES,,,9000,NOT SPECIFIED,YIELD,,33,,YEAR,NEW HAMPSHIRE,FIELD CROPS,00,,NEW HAMPSHIRE,ALL CLASSES,,ANNUAL,ALL UTILIZATION PRACTICES,,,"RYE - YIELD, MEASURED IN BU / ACRE",NH,2012-01-01 00:00:00.000,,BU / ACRE,,STATE,00000000,,00,ALL PRODUCTION PRACTICES,33,CROPS,1889,TOTAL,SURVEY,11.3,RYE
UNITED STATES,,,9000,NOT SPECIFIED,YIELD,,33,,YEAR,NEW HAMPSHIRE,FIELD CROPS,00,,NEW HAMPSHIRE,ALL CLASSES,,ANNUAL,ALL UTILIZATION PRACTICES,,,"RYE - YIELD, MEASURED IN BU / ACRE",NH,2012-01-01 00:00:00.000,,BU / ACRE,,STATE,00000000,,00,ALL PRODUCTION PRACTICES,33,CROPS,1888,TOTAL,SURVEY,10.5,RYE
UNITED STATES,,,9000,NOT SPECIFIED,YIELD,,33,,YEAR,NEW HAMPSHIRE,FIELD CROPS,00,,NEW HAMPSHIRE,ALL CLASSES,,ANNUAL,ALL UTILIZATION PRACTICES,,,"RYE - YIELD, MEASURED IN BU / ACRE",NH,2012-01-01 00:00:00.000,,BU / ACRE,,STATE,00000000,,00,ALL PRODUCTION PRACTICES,33,CROPS,1887,TOTAL,SURVEY,10.5,RYE
UNITED STATES,,,9000,NOT SPECIFIED,YIELD,,33,,YEAR,NEW HAMPSHIRE,FIELD CROPS,00,,NEW HAMPSHIRE,ALL CLASSES,,ANNUAL,ALL UTILIZATION PRACTICES,,,"RYE - YIELD, MEASURED IN BU / ACRE",NH,2012-01-01 00:00:00.000,,BU / ACRE,,STATE,00000000,,00,ALL PRODUCTION PRACTICES,33,CROPS,1886,TOTAL,SURVEY,11,RYE
UNITED STATES,,,9000,NOT SPECIFIED,YIELD,,33,,YEAR,NEW HAMPSHIRE,FIELD CROPS,00,,NEW HAMPSHIRE,ALL CLASSES,,ANNUAL,ALL UTILIZATION PRACTICES,,,"RYE - YIELD, MEASURED IN BU / ACRE",NH,2012-01-01 00:00:00.000,,BU / ACRE,,STATE,00000000,,00,ALL PRODUCTION PRACTICES,33,CROPS,1885,TOTAL,SURVEY,11.5,RYE
UNITED STATES,,,9000,NOT SPECIFIED,YIELD,,33,,YEAR,NEW HAMPSHIRE,FIELD CROPS,00,,NEW HAMPSHIRE,ALL CLASSES,,ANNUAL,ALL UTILIZATION PRACTICES,,,"RYE - YIELD, MEASURED IN BU / ACRE",NH,2012-01-01 00:00:00.000,,BU / ACRE,,STATE,00000000,,00,ALL PRODUCTION PRACTICES,33,CROPS,1884,TOTAL,SURVEY,10,RYE
UNITED STATES,,,9000,NOT SPECIFIED,YIELD,,33,,YEAR,NEW HAMPSHIRE,FIELD CROPS,00,,NEW HAMPSHIRE,ALL CLASSES,,ANNUAL,ALL UTILIZATION PRACTICES,,,"RYE - YIELD, MEASURED IN BU / ACRE",NH,2012-01-01 00:00:00.000,,BU / ACRE,,STATE,00000000,,00,ALL PRODUCTION PRACTICES,33,CROPS,1883,TOTAL,SURVEY,11.5,RYE
UNITED STATES,,,9000,NOT SPECIFIED,YIELD,,33,,YEAR,NEW HAMPSHIRE,FIELD CROPS,00,,NEW HAMPSHIRE,ALL CLASSES,,ANNUAL,ALL UTILIZATION PRACTICES,,,"RYE - YIELD, MEASURED IN BU / ACRE",NH,2012-01-01 00:00:00.000,,BU / ACRE,,STATE,00000000,,00,ALL PRODUCTION PRACTICES,33,CROPS,1882,TOTAL,SURVEY,11,RYE
UNITED STATES,,,9000,NOT SPECIFIED,YIELD,,33,,YEAR,NEW HAMPSHIRE,FIELD CROPS,00,,NEW HAMPSHIRE,ALL CLASSES,,ANNUAL,ALL UTILIZATION PRACTICES,,,"RYE - YIELD, MEASURED IN BU / ACRE",NH,2012-01-01 00:00:00.000,,BU / ACRE,,STATE,00000000,,00,ALL PRODUCTION PRACTICES,33,CROPS,1881,TOTAL,SURVEY,10.5,RYE
UNITED STATES,,,9000,NOT SPECIFIED,YIELD,,33,,YEAR,NEW HAMPSHIRE,FIELD CROPS,00,,NEW HAMPSHIRE,ALL CLASSES,,ANNUAL,ALL UTILIZATION PRACTICES,,,"RYE - YIELD, MEASURED IN BU / ACRE",NH,2012-01-01 00:00:00.000,,BU / ACRE,,STATE,00000000,,00,ALL PRODUCTION PRACTICES,33,CROPS,1880,TOTAL,SURVEY,11,RYE
UNITED STATES,,,9000,NOT SPECIFIED,YIELD,,33,,YEAR,NEW HAMPSHIRE,FIELD CROPS,00,,NEW HAMPSHIRE,ALL CLASSES,,ANNUAL,ALL UTILIZATION PRACTICES,,,"RYE - YIELD, MEASURED IN BU / ACRE",NH,2012-01-01 00:00:00.000,,BU / ACRE,,STATE,00000000,,00,ALL PRODUCTION PRACTICES,33,CROPS,1879,TOTAL,SURVEY,10.2,RYE
UNITED STATES,,,9000,NOT SPECIFIED,YIELD,,33,,YEAR,NEW HAMPSHIRE,FIELD CROPS,00,,NEW HAMPSHIRE,ALL CLASSES,,ANNUAL,ALL UTILIZATION PRACTICES,,,"RYE - YIELD, MEASURED IN BU / ACRE",NH,2012-01-01 00:00:00.000,,BU / ACRE,,STATE,00000000,,00,ALL PRODUCTION PRACTICES,33,CROPS,1878,TOTAL,SURVEY,10,RYE
UNITED STATES,,,9000,NOT SPECIFIED,YIELD,,33,,YEAR,NEW HAMPSHIRE,FIELD CROPS,00,,NEW HAMPSHIRE,ALL CLASSES,,ANNUAL,ALL UTILIZATION PRACTICES,,,"RYE - YIELD, MEASURED IN BU / ACRE",NH,2012-01-01 00:00:00.000,,BU / ACRE,,STATE,00000000,,00,ALL PRODUCTION PRACTICES,33,CROPS,1877,TOTAL,SURVEY,13,RYE
UNITED STATES,,,9000,NOT SPECIFIED,YIELD,,33,,YEAR,NEW HAMPSHIRE,FIELD CROPS,00,,NEW HAMPSHIRE,ALL CLASSES,,ANNUAL,ALL UTILIZATION PRACTICES,,,"RYE - YIELD, MEASURED IN BU / ACRE",NH,2012-01-01 00:00:00.000,,BU / ACRE,,STATE,00000000,,00,ALL PRODUCTION PRACTICES,33,CROPS,1876,TOTAL,SURVEY,9.5,RYE
UNITED STATES,,,9000,NOT SPECIFIED,YIELD,,33,,YEAR,NEW HAMPSHIRE,FIELD CROPS,00,,NEW HAMPSHIRE,ALL CLASSES,,ANNUAL,ALL UTILIZATION PRACTICES,,,"RYE - YIELD, MEASURED IN BU / ACRE",NH,2012-01-01 00:00:00.000,,BU / ACRE,,STATE,00000000,,00,ALL PRODUCTION PRACTICES,33,CROPS,1875,TOTAL,SURVEY,11.5,RYE
UNITED STATES,,,9000,NOT SPECIFIED,YIELD,,33,,YEAR,NEW HAMPSHIRE,FIELD CROPS,00,,NEW HAMPSHIRE,ALL CLASSES,,ANNUAL,ALL UTILIZATION PRACTICES,,,"RYE - YIELD, MEASURED IN BU / ACRE",NH,2012-01-01 00:00:00.000,,BU / ACRE,,STATE,00000000,,00,ALL PRODUCTION PRACTICES,33,CROPS,1874,TOTAL,SURVEY,11.5,RYE
UNITED STATES,,,9000,NOT SPECIFIED,YIELD,,33,,YEAR,NEW HAMPSHIRE,FIELD CROPS,00,,NEW HAMPSHIRE,ALL CLASSES,,ANNUAL,ALL UTILIZATION PRACTICES,,,"RYE - YIELD, MEASURED IN BU / ACRE",NH,2012-01-01 00:00:00.000,,BU / ACRE,,STATE,00000000,,00,ALL PRODUCTION PRACTICES,33,CROPS,1873,TOTAL,SURVEY,9.5,RYE
UNITED STATES,,,9000,NOT SPECIFIED,YIELD,,33,,YEAR,NEW HAMPSHIRE,FIELD CROPS,00,,NEW HAMPSHIRE,ALL CLASSES,,ANNUAL,ALL UTILIZATION PRACTICES,,,"RYE - YIELD, MEASURED IN BU / ACRE",NH,2012-01-01 00:00:00.000,,BU / ACRE,,STATE,00000000,,00,ALL PRODUCTION PRACTICES,33,CROPS,1872,TOTAL,SURVEY,10.5,RYE
UNITED STATES,,,9000,NOT SPECIFIED,YIELD,,33,,YEAR,NEW HAMPSHIRE,FIELD CROPS,00,,NEW HAMPSHIRE,ALL CLASSES,,ANNUAL,ALL UTILIZATION PRACTICES,,,"RYE - YIELD, MEASURED IN BU / ACRE",NH,2012-01-01 00:00:00.000,,BU / ACRE,,STATE,00000000,,00,ALL PRODUCTION PRACTICES,33,CROPS,1871,TOTAL,SURVEY,11,RYE
UNITED STATES,,,9000,NOT SPECIFIED,YIELD,,33,,YEAR,NEW HAMPSHIRE,FIELD CROPS,00,,NEW HAMPSHIRE,ALL CLASSES,,ANNUAL,ALL UTILIZATION PRACTICES,,,"RYE - YIELD, MEASURED IN BU / ACRE",NH,2012-01-01 00:00:00.000,,BU / ACRE,,STATE,00000000,,00,ALL PRODUCTION PRACTICES,33,CROPS,1870,TOTAL,SURVEY,7.5,RYE
UNITED STATES,,,9000,NOT SPECIFIED,YIELD,,33,,YEAR,NEW HAMPSHIRE,FIELD CROPS,00,,NEW HAMPSHIRE,ALL CLASSES,,ANNUAL,ALL UTILIZATION PRACTICES,,,"RYE - YIELD, MEASURED IN BU / ACRE",NH,2012-01-01 00:00:00.000,,BU / ACRE,,STATE,00000000,,00,ALL PRODUCTION PRACTICES,33,CROPS,1869,TOTAL,SURVEY,13.5,RYE
UNITED STATES,,,9000,NOT SPECIFIED,YIELD,,33,,YEAR,NEW HAMPSHIRE,FIELD CROPS,00,,NEW HAMPSHIRE,ALL CLASSES,,ANNUAL,ALL UTILIZATION PRACTICES,,,"RYE - YIELD, MEASURED IN BU / ACRE",NH,2012-01-01 00:00:00.000,,BU / ACRE,,STATE,00000000,,00,ALL PRODUCTION PRACTICES,33,CROPS,1868,TOTAL,SURVEY,9,RYE
UNITED STATES,,,9000,NOT SPECIFIED,YIELD,,33,,YEAR,NEW HAMPSHIRE,FIELD CROPS,00,,NEW HAMPSHIRE,ALL CLASSES,,ANNUAL,ALL UTILIZATION PRACTICES,,,"RYE - YIELD, MEASURED IN BU / ACRE",NH,2012-01-01 00:00:00.000,,BU / ACRE,,STATE,00000000,,00,ALL PRODUCTION PRACTICES,33,CROPS,1867,TOTAL,SURVEY,10.5,RYE
UNITED STATES,,,9000,NOT SPECIFIED,YIELD,,33,,YEAR,NEW HAMPSHIRE,FIELD CROPS,00,,NEW HAMPSHIRE,ALL CLASSES,,ANNUAL,ALL UTILIZATION PRACTICES,,,"RYE - YIELD, MEASURED IN BU / ACRE",NH,2012-01-01 00:00:00.000,,BU / ACRE,,STATE,00000000,,00,ALL PRODUCTION PRACTICES,33,CROPS,1866,TOTAL,SURVEY,10,RYE
UNITED STATES,,,9000,NOT SPECIFIED,YIELD,,33,,YEAR,NEW HAMPSHIRE,FIELD CROPS,00,,NEW HAMPSHIRE,ALL CLASSES,,ANNUAL,ALL UTILIZATION PRACTICES,,,"WHEAT - YIELD, MEASURED IN BU / ACRE",NH,2012-01-01 00:00:00.000,,BU / ACRE,,STATE,00000000,,00,ALL PRODUCTION PRACTICES,33,CROPS,1899,TOTAL,SURVEY,15,WHEAT
UNITED STATES,,,9000,NOT SPECIFIED,YIELD,,33,,YEAR,NEW HAMPSHIRE,FIELD CROPS,00,,NEW HAMPSHIRE,ALL CLASSES,,ANNUAL,ALL UTILIZATION PRACTICES,,,"WHEAT - YIELD, MEASURED IN BU / ACRE",NH,2012-01-01 00:00:00.000,,BU / ACRE,,STATE,00000000,,00,ALL PRODUCTION PRACTICES,33,CROPS,1898,TOTAL,SURVEY,19,WHEAT
UNITED STATES,,,9000,NOT SPECIFIED,YIELD,,33,,YEAR,NEW HAMPSHIRE,FIELD CROPS,00,,NEW HAMPSHIRE,ALL CLASSES,,ANNUAL,ALL UTILIZATION PRACTICES,,,"WHEAT - YIELD, MEASURED IN BU / ACRE",NH,2012-01-01 00:00:00.000,,BU / ACRE,,STATE,00000000,,00,ALL PRODUCTION PRACTICES,33,CROPS,1897,TOTAL,SURVEY,16,WHEAT
UNITED STATES,,,9000,NOT SPECIFIED,YIELD,,33,,YEAR,NEW HAMPSHIRE,FIELD CROPS,00,,NEW HAMPSHIRE,ALL CLASSES,,ANNUAL,ALL UTILIZATION PRACTICES,,,"WHEAT - YIELD, MEASURED IN BU / ACRE",NH,2012-01-01 00:00:00.000,,BU / ACRE,,STATE,00000000,,00,ALL PRODUCTION PRACTICES,33,CROPS,1896,TOTAL,SURVEY,19,WHEAT
UNITED STATES,,,9000,NOT SPECIFIED,YIELD,,33,,YEAR,NEW HAMPSHIRE,FIELD CROPS,00,,NEW HAMPSHIRE,ALL CLASSES,,ANNUAL,ALL UTILIZATION PRACTICES,,,"WHEAT - YIELD, MEASURED IN BU / ACRE",NH,2012-01-01 00:00:00.000,,BU / ACRE,,STATE,00000000,,00,ALL PRODUCTION PRACTICES,33,CROPS,1895,TOTAL,SURVEY,19.5,WHEAT
UNITED STATES,,,9000,NOT SPECIFIED,YIELD,,33,,YEAR,NEW HAMPSHIRE,FIELD CROPS,00,,NEW HAMPSHIRE,ALL CLASSES,,ANNUAL,ALL UTILIZATION PRACTICES,,,"WHEAT - YIELD, MEASURED IN BU / ACRE",NH,2012-01-01 00:00:00.000,,BU / ACRE,,STATE,00000000,,00,ALL PRODUCTION PRACTICES,33,CROPS,1894,TOTAL,SURVEY,18,WHEAT
UNITED STATES,,,9000,NOT SPECIFIED,YIELD,,33,,YEAR,NEW HAMPSHIRE,FIELD CROPS,00,,NEW HAMPSHIRE,ALL CLASSES,,ANNUAL,ALL UTILIZATION PRACTICES,,,"WHEAT - YIELD, MEASURED IN BU / ACRE",NH,2012-01-01 00:00:00.000,,BU / ACRE,,STATE,00000000,,00,ALL PRODUCTION PRACTICES,33,CROPS,1893,TOTAL,SURVEY,15,WHEAT
UNITED STATES,,,9000,NOT SPECIFIED,YIELD,,33,,YEAR,NEW HAMPSHIRE,FIELD CROPS,00,,NEW HAMPSHIRE,ALL CLASSES,,ANNUAL,ALL UTILIZATION PRACTICES,,,"WHEAT - YIELD, MEASURED IN BU / ACRE",NH,2012-01-01 00:00:00.000,,BU / ACRE,,STATE,00000000,,00,ALL PRODUCTION PRACTICES,33,CROPS,1892,TOTAL,SURVEY,16,WHEAT
UNITED STATES,,,9000,NOT SPECIFIED,YIELD,,33,,YEAR,NEW HAMPSHIRE,FIELD CROPS,00,,NEW HAMPSHIRE,ALL CLASSES,,ANNUAL,ALL UTILIZATION PRACTICES,,,"WHEAT - YIELD, MEASURED IN BU / ACRE",NH,2012-01-01 00:00:00.000,,BU / ACRE,,STATE,00000000,,00,ALL PRODUCTION PRACTICES,33,CROPS,1891,TOTAL,SURVEY,16.5,WHEAT
UNITED STATES,,,9000,NOT SPECIFIED,YIELD,,33,,YEAR,NEW HAMPSHIRE,FIELD CROPS,00,,NEW HAMPSHIRE,ALL CLASSES,,ANNUAL,ALL UTILIZATION PRACTICES,,,"WHEAT - YIELD, MEASURED IN BU / ACRE",NH,2012-01-01 00:00:00.000,,BU / ACRE,,STATE,00000000,,00,ALL PRODUCTION PRACTICES,33,CROPS,1890,TOTAL,SURVEY,15,WHEAT
UNITED STATES,,,9000,NOT SPECIFIED,YIELD,,33,,YEAR,NEW HAMPSHIRE,FIELD CROPS,00,,NEW HAMPSHIRE,ALL CLASSES,,ANNUAL,ALL UTILIZATION PRACTICES,,,"WHEAT - YIELD, MEASURED IN BU / ACRE",NH,2012-01-01 00:00:00.000,,BU / ACRE,,STATE,00000000,,00,ALL PRODUCTION PRACTICES,33,CROPS,1889,TOTAL,SURVEY,17.4,WHEAT
UNITED STATES,,,9000,NOT SPECIFIED,YIELD,,33,,YEAR,NEW HAMPSHIRE,FIELD CROPS,00,,NEW HAMPSHIRE,ALL CLASSES,,ANNUAL,ALL UTILIZATION PRACTICES,,,"WHEAT - YIELD, MEASURED IN BU / ACRE",NH,2012-01-01 00:00:00.000,,BU / ACRE,,STATE,00000000,,00,ALL PRODUCTION PRACTICES,33,CROPS,1888,TOTAL,SURVEY,14.5,WHEAT
UNITED STATES,,,9000,NOT SPECIFIED,YIELD,,33,,YEAR,NEW HAMPSHIRE,FIELD CROPS,00,,NEW HAMPSHIRE,ALL CLASSES,,ANNUAL,ALL UTILIZATION PRACTICES,,,"WHEAT - YIELD, MEASURED IN BU / ACRE",NH,2012-01-01 00:00:00.000,,BU / ACRE,,STATE,00000000,,00,ALL PRODUCTION PRACTICES,33,CROPS,1887,TOTAL,SURVEY,14,WHEAT
UNITED STATES,,,9000,NOT SPECIFIED,YIELD,,33,,YEAR,NEW HAMPSHIRE,FIELD CROPS,00,,NEW HAMPSHIRE,ALL CLASSES,,ANNUAL,ALL UTILIZATION PRACTICES,,,"WHEAT - YIELD, MEASURED IN BU / ACRE",NH,2012-01-01 00:00:00.000,,BU / ACRE,,STATE,00000000,,00,ALL PRODUCTION PRACTICES,33,CROPS,1886,TOTAL,SURVEY,15,WHEAT
UNITED STATES,,,9000,NOT SPECIFIED,YIELD,,33,,YEAR,NEW HAMPSHIRE,FIELD CROPS,00,,NEW HAMPSHIRE,ALL CLASSES,,ANNUAL,ALL UTILIZATION PRACTICES,,,"WHEAT - YIELD, MEASURED IN BU / ACRE",NH,2012-01-01 00:00:00.000,,BU / ACRE,,STATE,00000000,,00,ALL PRODUCTION PRACTICES,33,CROPS,1885,TOTAL,SURVEY,15.5,WHEAT
UNITED STATES,,,9000,NOT SPECIFIED,YIELD,,33,,YEAR,NEW HAMPSHIRE,FIELD CROPS,00,,NEW HAMPSHIRE,ALL CLASSES,,ANNUAL,ALL UTILIZATION PRACTICES,,,"WHEAT - YIELD, MEASURED IN BU / ACRE",NH,2012-01-01 00:00:00.000,,BU / ACRE,,STATE,00000000,,00,ALL PRODUCTION PRACTICES,33,CROPS,1884,TOTAL,SURVEY,14.5,WHEAT
UNITED STATES,,,9000,NOT SPECIFIED,YIELD,,33,,YEAR,NEW HAMPSHIRE,FIELD CROPS,00,,NEW HAMPSHIRE,ALL CLASSES,,ANNUAL,ALL UTILIZATION PRACTICES,,,"WHEAT - YIELD, MEASURED IN BU / ACRE",NH,2012-01-01 00:00:00.000,,BU / ACRE,,STATE,00000000,,00,ALL PRODUCTION PRACTICES,33,CROPS,1883,TOTAL,SURVEY,17.5,WHEAT
UNITED STATES,,,9000,NOT SPECIFIED,YIELD,,33,,YEAR,NEW HAMPSHIRE,FIELD CROPS,00,,NEW HAMPSHIRE,ALL CLASSES,,ANNUAL,ALL UTILIZATION PRACTICES,,,"WHEAT - YIELD, MEASURED IN BU / ACRE",NH,2012-01-01 00:00:00.000,,BU / ACRE,,STATE,00000000,,00,ALL PRODUCTION PRACTICES,33,CROPS,1882,TOTAL,SURVEY,15.5,WHEAT
UNITED STATES,,,9000,NOT SPECIFIED,YIELD,,33,,YEAR,NEW HAMPSHIRE,FIELD CROPS,00,,NEW HAMPSHIRE,ALL CLASSES,,ANNUAL,ALL UTILIZATION PRACTICES,,,"WHEAT - YIELD, MEASURED IN BU / ACRE",NH,2012-01-01 00:00:00.000,,BU / ACRE,,STATE,00000000,,00,ALL PRODUCTION PRACTICES,33,CROPS,1881,TOTAL,SURVEY,15,WHEAT
UNITED STATES,,,9000,NOT SPECIFIED,YIELD,,33,,YEAR,NEW HAMPSHIRE,FIELD CROPS,00,,NEW HAMPSHIRE,ALL CLASSES,,ANNUAL,ALL UTILIZATION PRACTICES,,,"WHEAT - YIELD, MEASURED IN BU / ACRE",NH,2012-01-01 00:00:00.000,,BU / ACRE,,STATE,00000000,,00,ALL PRODUCTION PRACTICES,33,CROPS,1880,TOTAL,SURVEY,16,WHEAT
UNITED STATES,,,9000,NOT SPECIFIED,YIELD,,33,,YEAR,NEW HAMPSHIRE,FIELD CROPS,00,,NEW HAMPSHIRE,ALL CLASSES,,ANNUAL,ALL UTILIZATION PRACTICES,,,"WHEAT - YIELD, MEASURED IN BU / ACRE",NH,2012-01-01 00:00:00.000,,BU / ACRE,,STATE,00000000,,00,ALL PRODUCTION PRACTICES,33,CROPS,1879,TOTAL,SURVEY,15.1,WHEAT
UNITED STATES,,,9000,NOT SPECIFIED,YIELD,,33,,YEAR,NEW HAMPSHIRE,FIELD CROPS,00,,NEW HAMPSHIRE,ALL CLASSES,,ANNUAL,ALL UTILIZATION PRACTICES,,,"WHEAT - YIELD, MEASURED IN BU / ACRE",NH,2012-01-01 00:00:00.000,,BU / ACRE,,STATE,00000000,,00,ALL PRODUCTION PRACTICES,33,CROPS,1878,TOTAL,SURVEY,16,WHEAT
UNITED STATES,,,9000,NOT SPECIFIED,YIELD,,33,,YEAR,NEW HAMPSHIRE,FIELD CROPS,00,,NEW HAMPSHIRE,ALL CLASSES,,ANNUAL,ALL UTILIZATION PRACTICES,,,"WHEAT - YIELD, MEASURED IN BU / ACRE",NH,2012-01-01 00:00:00.000,,BU / ACRE,,STATE,00000000,,00,ALL PRODUCTION PRACTICES,33,CROPS,1877,TOTAL,SURVEY,17,WHEAT
UNITED STATES,,,9000,NOT SPECIFIED,YIELD,,33,,YEAR,NEW HAMPSHIRE,FIELD CROPS,00,,NEW HAMPSHIRE,ALL CLASSES,,ANNUAL,ALL UTILIZATION PRACTICES,,,"WHEAT - YIELD, MEASURED IN BU / ACRE",NH,2012-01-01 00:00:00.000,,BU / ACRE,,STATE,00000000,,00,ALL PRODUCTION PRACTICES,33,CROPS,1876,TOTAL,SURVEY,15.5,WHEAT
UNITED STATES,,,9000,NOT SPECIFIED,YIELD,,33,,YEAR,NEW HAMPSHIRE,FIELD CROPS,00,,NEW HAMPSHIRE,ALL CLASSES,,ANNUAL,ALL UTILIZATION PRACTICES,,,"WHEAT - YIELD, MEASURED IN BU / ACRE",NH,2012-01-01 00:00:00.000,,BU / ACRE,,STATE,00000000,,00,ALL PRODUCTION PRACTICES,33,CROPS,1875,TOTAL,SURVEY,16.5,WHEAT
UNITED STATES,,,9000,NOT SPECIFIED,YIELD,,33,,YEAR,NEW HAMPSHIRE,FIELD CROPS,00,,NEW HAMPSHIRE,ALL CLASSES,,ANNUAL,ALL UTILIZATION PRACTICES,,,"WHEAT - YIELD, MEASURED IN BU / ACRE",NH,2012-01-01 00:00:00.000,,BU / ACRE,,STATE,00000000,,00,ALL PRODUCTION PRACTICES,33,CROPS,1874,TOTAL,SURVEY,16.5,WHEAT
UNITED STATES,,,9000,NOT SPECIFIED,YIELD,,33,,YEAR,NEW HAMPSHIRE,FIELD CROPS,00,,NEW HAMPSHIRE,ALL CLASSES,,ANNUAL,ALL UTILIZATION PRACTICES,,,"WHEAT - YIELD, MEASURED IN BU / ACRE",NH,2012-01-01 00:00:00.000,,BU / ACRE,,STATE,00000000,,00,ALL PRODUCTION PRACTICES,33,CROPS,1873,TOTAL,SURVEY,15,WHEAT
UNITED STATES,,,9000,NOT SPECIFIED,YIELD,,33,,YEAR,NEW HAMPSHIRE,FIELD CROPS,00,,NEW HAMPSHIRE,ALL CLASSES,,ANNUAL,ALL UTILIZATION PRACTICES,,,"WHEAT - YIELD, MEASURED IN BU / ACRE",NH,2012-01-01 00:00:00.000,,BU / ACRE,,STATE,00000000,,00,ALL PRODUCTION PRACTICES,33,CROPS,1872,TOTAL,SURVEY,16.5,WHEAT
UNITED STATES,,,9000,NOT SPECIFIED,YIELD,,33,,YEAR,NEW HAMPSHIRE,FIELD CROPS,00,,NEW HAMPSHIRE,ALL CLASSES,,ANNUAL,ALL UTILIZATION PRACTICES,,,"WHEAT - YIELD, MEASURED IN BU / ACRE",NH,2012-01-01 00:00:00.000,,BU / ACRE,,STATE,00000000,,00,ALL PRODUCTION PRACTICES,33,CROPS,1871,TOTAL,SURVEY,17.5,WHEAT
UNITED STATES,,,9000,NOT SPECIFIED,YIELD,,33,,YEAR,NEW HAMPSHIRE,FIELD CROPS,00,,NEW HAMPSHIRE,ALL CLASSES,,ANNUAL,ALL UTILIZATION PRACTICES,,,"WHEAT - YIELD, MEASURED IN BU / ACRE",NH,2012-01-01 00:00:00.000,,BU / ACRE,,STATE,00000000,,00,ALL PRODUCTION PRACTICES,33,CROPS,1870,TOTAL,SURVEY,16,WHEAT
UNITED STATES,,,9000,NOT SPECIFIED,YIELD,,33,,YEAR,NEW HAMPSHIRE,FIELD CROPS,00,,NEW HAMPSHIRE,ALL CLASSES,,ANNUAL,ALL UTILIZATION PRACTICES,,,"WHEAT - YIELD, MEASURED IN BU / ACRE",NH,2012-01-01 00:00:00.000,,BU / ACRE,,STATE,00000000,,00,ALL PRODUCTION PRACTICES,33,CROPS,1869,TOTAL,SURVEY,17.5,WHEAT
UNITED STATES,,,9000,NOT SPECIFIED,YIELD,,33,,YEAR,NEW HAMPSHIRE,FIELD CROPS,00,,NEW HAMPSHIRE,ALL CLASSES,,ANNUAL,ALL UTILIZATION PRACTICES,,,"WHEAT - YIELD, MEASURED IN BU / ACRE",NH,2012-01-01 00:00:00.000,,BU / ACRE,,STATE,00000000,,00,ALL PRODUCTION PRACTICES,33,CROPS,1868,TOTAL,SURVEY,14,WHEAT
UNITED STATES,,,9000,NOT SPECIFIED,YIELD,,33,,YEAR,NEW HAMPSHIRE,FIELD CROPS,00,,NEW HAMPSHIRE,ALL CLASSES,,ANNUAL,ALL UTILIZATION PRACTICES,,,"WHEAT - YIELD, MEASURED IN BU / ACRE",NH,2012-01-01 00:00:00.000,,BU / ACRE,,STATE,00000000,,00,ALL PRODUCTION PRACTICES,33,CROPS,1867,TOTAL,SURVEY,15,WHEAT
UNITED STATES,,,9000,NOT SPECIFIED,YIELD,,33,,YEAR,NEW HAMPSHIRE,FIELD CROPS,00,,NEW HAMPSHIRE,ALL CLASSES,,ANNUAL,ALL UTILIZATION PRACTICES,,,"WHEAT - YIELD, MEASURED IN BU / ACRE",NH,2012-01-01 00:00:00.000,,BU / ACRE,,STATE,00000000,,00,ALL PRODUCTION PRACTICES,33,CROPS,1866,TOTAL,SURVEY,16.5,WHEAT
UNITED STATES,,,9000,NOT SPECIFIED,YIELD,,33,,YEAR,NEW HAMPSHIRE,FRUIT & TREE NUTS,00,,NEW HAMPSHIRE,ALL CLASSES,,ANNUAL,ALL UTILIZATION PRACTICES,,,"APPLES - YIELD, MEASURED IN LB / ACRE",NH,2019-03-12 15:04:48.000,,LB / ACRE,,STATE,00000000,,00,ALL PRODUCTION PRACTICES,33,CROPS,2015,TOTAL,SURVEY,"15,500",APPLES
UNITED STATES,,,9000,NOT SPECIFIED,YIELD,,33,,YEAR,NEW HAMPSHIRE,FRUIT & TREE NUTS,00,,NEW HAMPSHIRE,ALL CLASSES,,ANNUAL,ALL UTILIZATION PRACTICES,,,"APPLES - YIELD, MEASURED IN LB / ACRE",NH,2019-03-12 15:04:48.000,,LB / ACRE,,STATE,00000000,,00,ALL PRODUCTION PRACTICES,33,CROPS,2014,TOTAL,SURVEY,"13,000",APPLES
UNITED STATES,,,9000,NOT SPECIFIED,YIELD,,33,,YEAR,NEW HAMPSHIRE,FRUIT & TREE NUTS,00,,NEW HAMPSHIRE,ALL CLASSES,,ANNUAL,ALL UTILIZATION PRACTICES,,,"APPLES - YIELD, MEASURED IN LB / ACRE",NH,2019-03-12 15:04:48.000,,LB / ACRE,,STATE,00000000,,00,ALL PRODUCTION PRACTICES,33,CROPS,2013,TOTAL,SURVEY,"18,200",APPLES
UNITED STATES,,,9000,NOT SPECIFIED,YIELD,,33,,YEAR,NEW HAMPSHIRE,FRUIT & TREE NUTS,00,,NEW HAMPSHIRE,ALL CLASSES,,ANNUAL,ALL UTILIZATION PRACTICES,,,"APPLES - YIELD, MEASURED IN LB / ACRE",NH,2015-07-17 15:31:26.000,,LB / ACRE,,STATE,00000000,,00,ALL PRODUCTION PRACTICES,33,CROPS,2012,TOTAL,SURVEY,"11,100",APPLES
UNITED STATES,,,9000,NOT SPECIFIED,YIELD,,33,,YEAR,NEW HAMPSHIRE,FRUIT & TREE NUTS,00,,NEW HAMPSHIRE,ALL CLASSES,,ANNUAL,ALL UTILIZATION PRACTICES,,,"APPLES - YIELD, MEASURED IN LB / ACRE",NH,2014-11-17 08:34:41.000,,LB / ACRE,,STATE,00000000,,00,ALL PRODUCTION PRACTICES,33,CROPS,2011,TOTAL,SURVEY,"12,000",APPLES
UNITED STATES,,,9000,NOT SPECIFIED,YIELD,,33,,YEAR,NEW HAMPSHIRE,FRUIT & TREE NUTS,00,,NEW HAMPSHIRE,ALL CLASSES,,ANNUAL,ALL UTILIZATION PRACTICES,,,"APPLES - YIELD, MEASURED IN LB / ACRE",NH,2014-11-17 08:34:41.000,,LB / ACRE,,STATE,00000000,,00,ALL PRODUCTION PRACTICES,33,CROPS,2010,TOTAL,SURVEY,"13,100",APPLES
UNITED STATES,,,9000,NOT SPECIFIED,YIELD,,33,,YEAR,NEW HAMPSHIRE,FRUIT & TREE NUTS,00,,NEW HAMPSHIRE,ALL CLASSES,,ANNUAL,ALL UTILIZATION PRACTICES,,,"APPLES - YIELD, MEASURED IN LB / ACRE",NH,2014-11-17 08:34:41.000,,LB / ACRE,,STATE,00000000,,00,ALL PRODUCTION PRACTICES,33,CROPS,2009,TOTAL,SURVEY,"16,700",APPLES
UNITED STATES,,,9000,NOT SPECIFIED,YIELD,,33,,YEAR,NEW HAMPSHIRE,FRUIT & TREE NUTS,00,,NEW HAMPSHIRE,ALL CLASSES,,ANNUAL,ALL UTILIZATION PRACTICES,,,"APPLES - YIELD, MEASURED IN LB / ACRE",NH,2014-11-17 08:34:41.000,,LB / ACRE,,STATE,00000000,,00,ALL PRODUCTION PRACTICES,33,CROPS,2008,TOTAL,SURVEY,"18,300",APPLES
UNITED STATES,,,9000,NOT SPECIFIED,YIELD,,33,,YEAR,NEW HAMPSHIRE,FRUIT & TREE NUTS,00,,NEW HAMPSHIRE,ALL CLASSES,,ANNUAL,ALL UTILIZATION PRACTICES,,,"APPLES - YIELD, MEASURED IN LB / ACRE",NH,2014-11-17 08:34:41.000,,LB / ACRE,,STATE,00000000,,00,ALL PRODUCTION PRACTICES,33,CROPS,2007,TOTAL,SURVEY,"16,400",APPLES
UNITED STATES,,,9000,NOT SPECIFIED,YIELD,,33,,YEAR,NEW HAMPSHIRE,VEGETABLES,00,,NEW HAMPSHIRE,ALL CLASSES,,ANNUAL,ALL UTILIZATION PRACTICES,,,"POTATOES - YIELD, MEASURED IN CWT / ACRE",NH,2012-01-01 00:00:00.000,,CWT / ACRE,,STATE,00000000,,00,ALL PRODUCTION PRACTICES,33,CROPS,1977,TOTAL,SURVEY,235,POTATOES
UNITED STATES,,,9000,NOT SPECIFIED,YIELD,,33,,YEAR,NEW HAMPSHIRE,VEGETABLES,00,,NEW HAMPSHIRE,ALL CLASSES,,ANNUAL,ALL UTILIZATION PRACTICES,,,"POTATOES - YIELD, MEASURED IN CWT / ACRE",NH,2012-01-01 00:00:00.000,,CWT / ACRE,,STATE,00000000,,00,ALL PRODUCTION PRACTICES,33,CROPS,1976,TOTAL,SURVEY,260,POTATOES
UNITED STATES,,,9000,NOT SPECIFIED,YIELD,,33,,YEAR,NEW HAMPSHIRE,VEGETABLES,00,,NEW HAMPSHIRE,ALL CLASSES,,ANNUAL,ALL UTILIZATION PRACTICES,,,"POTATOES - YIELD, MEASURED IN CWT / ACRE",NH,2012-01-01 00:00:00.000,,CWT / ACRE,,STATE,00000000,,00,ALL PRODUCTION PRACTICES,33,CROPS,1975,TOTAL,SURVEY,230,POTATOES
UNITED STATES,,,9000,NOT SPECIFIED,YIELD,,33,,YEAR,NEW HAMPSHIRE,VEGETABLES,00,,NEW HAMPSHIRE,ALL CLASSES,,ANNUAL,ALL UTILIZATION PRACTICES,,,"POTATOES - YIELD, MEASURED IN CWT / ACRE",NH,2012-01-01 00:00:00.000,,CWT / ACRE,,STATE,00000000,,00,ALL PRODUCTION PRACTICES,33,CROPS,1974,TOTAL,SURVEY,205,POTATOES
UNITED STATES,,,9000,NOT SPECIFIED,YIELD,,33,,YEAR,NEW HAMPSHIRE,VEGETABLES,00,,NEW HAMPSHIRE,ALL CLASSES,,ANNUAL,ALL UTILIZATION PRACTICES,,,"POTATOES - YIELD, MEASURED IN CWT / ACRE",NH,2012-01-01 00:00:00.000,,CWT / ACRE,,STATE,00000000,,00,ALL PRODUCTION PRACTICES,33,CROPS,1973,TOTAL,SURVEY,170,POTATOES
UNITED STATES,,,9000,NOT SPECIFIED,YIELD,,33,,YEAR,NEW HAMPSHIRE,VEGETABLES,00,,NEW HAMPSHIRE,ALL CLASSES,,ANNUAL,ALL UTILIZATION PRACTICES,,,"POTATOES - YIELD, MEASURED IN CWT / ACRE",NH,2012-01-01 00:00:00.000,,CWT / ACRE,,STATE,00000000,,00,ALL PRODUCTION PRACTICES,33,CROPS,1972,TOTAL,SURVEY,220,POTATOES
UNITED STATES,,,9000,NOT SPECIFIED,YIELD,,33,,YEAR,NEW HAMPSHIRE,VEGETABLES,00,,NEW HAMPSHIRE,ALL CLASSES,,ANNUAL,ALL UTILIZATION PRACTICES,,,"POTATOES - YIELD, MEASURED IN CWT / ACRE",NH,2012-01-01 00:00:00.000,,CWT / ACRE,,STATE,00000000,,00,ALL PRODUCTION PRACTICES,33,CROPS,1971,TOTAL,SURVEY,270,POTATOES
UNITED STATES,,,9000,NOT SPECIFIED,YIELD,,33,,YEAR,NEW HAMPSHIRE,VEGETABLES,00,,NEW HAMPSHIRE,ALL CLASSES,,ANNUAL,ALL UTILIZATION PRACTICES,,,"POTATOES - YIELD, MEASURED IN CWT / ACRE",NH,2012-01-01 00:00:00.000,,CWT / ACRE,,STATE,00000000,,00,ALL PRODUCTION PRACTICES,33,CROPS,1970,TOTAL,SURVEY,260,POTATOES
UNITED STATES,,,9000,NOT SPECIFIED,YIELD,,33,,YEAR,NEW HAMPSHIRE,VEGETABLES,00,,NEW HAMPSHIRE,ALL CLASSES,,ANNUAL,ALL UTILIZATION PRACTICES,,,"POTATOES - YIELD, MEASURED IN CWT / ACRE",NH,2012-01-01 00:00:00.000,,CWT / ACRE,,STATE,00000000,,00,ALL PRODUCTION PRACTICES,33,CROPS,1969,TOTAL,SURVEY,210,POTATOES
UNITED STATES,,,9000,NOT SPECIFIED,YIELD,,33,,YEAR,NEW HAMPSHIRE,VEGETABLES,00,,NEW HAMPSHIRE,ALL CLASSES,,ANNUAL,ALL UTILIZATION PRACTICES,,,"POTATOES - YIELD, MEASURED IN CWT / ACRE",NH,2012-01-01 00:00:00.000,,CWT / ACRE,,STATE,00000000,,00,ALL PRODUCTION PRACTICES,33,CROPS,1968,TOTAL,SURVEY,250,POTATOES
UNITED STATES,,,9000,NOT SPECIFIED,YIELD,,33,,YEAR,NEW HAMPSHIRE,VEGETABLES,00,,NEW HAMPSHIRE,ALL CLASSES,,ANNUAL,ALL UTILIZATION PRACTICES,,,"POTATOES - YIELD, MEASURED IN CWT / ACRE",NH,2012-01-01 00:00:00.000,,CWT / ACRE,,STATE,00000000,,00,ALL PRODUCTION PRACTICES,33,CROPS,1967,TOTAL,SURVEY,210,POTATOES
UNITED STATES,,,9000,NOT SPECIFIED,YIELD,,33,,YEAR,NEW HAMPSHIRE,VEGETABLES,00,,NEW HAMPSHIRE,ALL CLASSES,,ANNUAL,ALL UTILIZATION PRACTICES,,,"POTATOES - YIELD, MEASURED IN CWT / ACRE",NH,2012-01-01 00:00:00.000,,CWT / ACRE,,STATE,00000000,,00,ALL PRODUCTION PRACTICES,33,CROPS,1966,TOTAL,SURVEY,220,POTATOES
UNITED STATES,,,9000,NOT SPECIFIED,YIELD,,33,,YEAR,NEW HAMPSHIRE,VEGETABLES,00,,NEW HAMPSHIRE,ALL CLASSES,,ANNUAL,ALL UTILIZATION PRACTICES,,,"POTATOES - YIELD, MEASURED IN CWT / ACRE",NH,2012-01-01 00:00:00.000,,CWT / ACRE,,STATE,00000000,,00,ALL PRODUCTION PRACTICES,33,CROPS,1965,TOTAL,SURVEY,220,POTATOES
UNITED STATES,,,9000,NOT SPECIFIED,YIELD,,33,,YEAR,NEW HAMPSHIRE,VEGETABLES,00,,NEW HAMPSHIRE,ALL CLASSES,,ANNUAL,ALL UTILIZATION PRACTICES,,,"POTATOES - YIELD, MEASURED IN CWT / ACRE",NH,2012-01-01 00:00:00.000,,CWT / ACRE,,STATE,00000000,,00,ALL PRODUCTION PRACTICES,33,CROPS,1964,TOTAL,SURVEY,210,POTATOES
UNITED STATES,,,9000,NOT SPECIFIED,YIELD,,33,,YEAR,NEW HAMPSHIRE,VEGETABLES,00,,NEW HAMPSHIRE,ALL CLASSES,,ANNUAL,ALL UTILIZATION PRACTICES,,,"POTATOES - YIELD, MEASURED IN CWT / ACRE",NH,2012-01-01 00:00:00.000,,CWT / ACRE,,STATE,00000000,,00,ALL PRODUCTION PRACTICES,33,CROPS,1963,TOTAL,SURVEY,210,POTATOES
UNITED STATES,,,9000,NOT SPECIFIED,YIELD,,33,,YEAR,NEW HAMPSHIRE,VEGETABLES,00,,NEW HAMPSHIRE,ALL CLASSES,,ANNUAL,ALL UTILIZATION PRACTICES,,,"POTATOES - YIELD, MEASURED IN CWT / ACRE",NH,2012-01-01 00:00:00.000,,CWT / ACRE,,STATE,00000000,,00,ALL PRODUCTION PRACTICES,33,CROPS,1962,TOTAL,SURVEY,215,POTATOES
UNITED STATES,,,9000,NOT SPECIFIED,YIELD,,33,,YEAR,NEW HAMPSHIRE,VEGETABLES,00,,NEW HAMPSHIRE,ALL CLASSES,,ANNUAL,ALL UTILIZATION PRACTICES,,,"POTATOES - YIELD, MEASURED IN CWT / ACRE",NH,2012-01-01 00:00:00.000,,CWT / ACRE,,STATE,00000000,,00,ALL PRODUCTION PRACTICES,33,CROPS,1961,TOTAL,SURVEY,205,POTATOES
UNITED STATES,,,9000,NOT SPECIFIED,YIELD,,33,,YEAR,NEW HAMPSHIRE,VEGETABLES,00,,NEW HAMPSHIRE,ALL CLASSES,,ANNUAL,ALL UTILIZATION PRACTICES,,,"POTATOES - YIELD, MEASURED IN CWT / ACRE",NH,2012-01-01 00:00:00.000,,CWT / ACRE,,STATE,00000000,,00,ALL PRODUCTION PRACTICES,33,CROPS,1960,TOTAL,SURVEY,205,POTATOES
UNITED STATES,,,9000,NOT SPECIFIED,YIELD,,33,,YEAR,NEW HAMPSHIRE,VEGETABLES,00,,NEW HAMPSHIRE,ALL CLASSES,,ANNUAL,ALL UTILIZATION PRACTICES,,,"POTATOES - YIELD, MEASURED IN CWT / ACRE",NH,2012-01-01 00:00:00.000,,CWT / ACRE,,STATE,00000000,,00,ALL PRODUCTION PRACTICES,33,CROPS,1959,TOTAL,SURVEY,180,POTATOES
UNITED STATES,,,9000,NOT SPECIFIED,YIELD,,33,,YEAR,NEW HAMPSHIRE,VEGETABLES,00,,NEW HAMPSHIRE,ALL CLASSES,,ANNUAL,ALL UTILIZATION PRACTICES,,,"POTATOES - YIELD, MEASURED IN CWT / ACRE",NH,2012-01-01 00:00:00.000,,CWT / ACRE,,STATE,00000000,,00,ALL PRODUCTION PRACTICES,33,CROPS,1958,TOTAL,SURVEY,190,POTATOES
UNITED STATES,,,9000,NOT SPECIFIED,YIELD,,33,,YEAR,NEW HAMPSHIRE,VEGETABLES,00,,NEW HAMPSHIRE,ALL CLASSES,,ANNUAL,ALL UTILIZATION PRACTICES,,,"POTATOES - YIELD, MEASURED IN CWT / ACRE",NH,2012-01-01 00:00:00.000,,CWT / ACRE,,STATE,00000000,,00,ALL PRODUCTION PRACTICES,33,CROPS,1957,TOTAL,SURVEY,170,POTATOES
UNITED STATES,,,9000,NOT SPECIFIED,YIELD,,33,,YEAR,NEW HAMPSHIRE,VEGETABLES,00,,NEW HAMPSHIRE,ALL CLASSES,,ANNUAL,ALL UTILIZATION PRACTICES,,,"POTATOES - YIELD, MEASURED IN CWT / ACRE",NH,2012-01-01 00:00:00.000,,CWT / ACRE,,STATE,00000000,,00,ALL PRODUCTION PRACTICES,33,CROPS,1956,TOTAL,SURVEY,190,POTATOES
UNITED STATES,,,9000,NOT SPECIFIED,YIELD,,33,,YEAR,NEW HAMPSHIRE,VEGETABLES,00,,NEW HAMPSHIRE,ALL CLASSES,,ANNUAL,ALL UTILIZATION PRACTICES,,,"POTATOES - YIELD, MEASURED IN CWT / ACRE",NH,2012-01-01 00:00:00.000,,CWT / ACRE,,STATE,00000000,,00,ALL PRODUCTION PRACTICES,33,CROPS,1955,TOTAL,SURVEY,165,POTATOES
UNITED STATES,,,9000,NOT SPECIFIED,YIELD,,33,,YEAR,NEW HAMPSHIRE,VEGETABLES,00,,NEW HAMPSHIRE,ALL CLASSES,,ANNUAL,ALL UTILIZATION PRACTICES,,,"POTATOES - YIELD, MEASURED IN CWT / ACRE",NH,2012-01-01 00:00:00.000,,CWT / ACRE,,STATE,00000000,,00,ALL PRODUCTION PRACTICES,33,CROPS,1954,TOTAL,SURVEY,153,POTATOES
UNITED STATES,,,9000,NOT SPECIFIED,YIELD,,33,,YEAR,NEW HAMPSHIRE,VEGETABLES,00,,NEW HAMPSHIRE,ALL CLASSES,,ANNUAL,ALL UTILIZATION PRACTICES,,,"POTATOES - YIELD, MEASURED IN CWT / ACRE",NH,2012-01-01 00:00:00.000,,CWT / ACRE,,STATE,00000000,,00,ALL PRODUCTION PRACTICES,33,CROPS,1953,TOTAL,SURVEY,153,POTATOES
UNITED STATES,,,9000,NOT SPECIFIED,YIELD,,33,,YEAR,NEW HAMPSHIRE,VEGETABLES,00,,NEW HAMPSHIRE,ALL CLASSES,,ANNUAL,ALL UTILIZATION PRACTICES,,,"POTATOES - YIELD, MEASURED IN CWT / ACRE",NH,2012-01-01 00:00:00.000,,CWT / ACRE,,STATE,00000000,,00,ALL PRODUCTION PRACTICES,33,CROPS,1952,TOTAL,SURVEY,153,POTATOES
UNITED STATES,,,9000,NOT SPECIFIED,YIELD,,33,,YEAR,NEW HAMPSHIRE,VEGETABLES,00,,NEW HAMPSHIRE,ALL CLASSES,,ANNUAL,ALL UTILIZATION PRACTICES,,,"POTATOES - YIELD, MEASURED IN CWT / ACRE",NH,2012-01-01 00:00:00.000,,CWT / ACRE,,STATE,00000000,,00,ALL PRODUCTION PRACTICES,33,CROPS,1951,TOTAL,SURVEY,150,POTATOES
UNITED STATES,,,9000,NOT SPECIFIED,YIELD,,33,,YEAR,NEW HAMPSHIRE,VEGETABLES,00,,NEW HAMPSHIRE,ALL CLASSES,,ANNUAL,ALL UTILIZATION PRACTICES,,,"POTATOES - YIELD, MEASURED IN CWT / ACRE",NH,2012-01-01 00:00:00.000,,CWT / ACRE,,STATE,00000000,,00,ALL PRODUCTION PRACTICES,33,CROPS,1950,TOTAL,SURVEY,165,POTATOES
UNITED STATES,,,9000,NOT SPECIFIED,YIELD,,33,,YEAR,NEW HAMPSHIRE,VEGETABLES,00,,NEW HAMPSHIRE,ALL CLASSES,,ANNUAL,ALL UTILIZATION PRACTICES,,,"POTATOES - YIELD, MEASURED IN CWT / ACRE",NH,2012-01-01 00:00:00.000,,CWT / ACRE,,STATE,00000000,,00,ALL PRODUCTION PRACTICES,33,CROPS,1949,TOTAL,SURVEY,153,POTATOES
UNITED STATES,,,9000,NOT SPECIFIED,YIELD,,33,,YEAR,NEW HAMPSHIRE,VEGETABLES,00,,NEW HAMPSHIRE,ALL CLASSES,,ANNUAL,ALL UTILIZATION PRACTICES,,,"POTATOES - YIELD, MEASURED IN CWT / ACRE",NH,2012-01-01 00:00:00.000,,CWT / ACRE,,STATE,00000000,,00,ALL PRODUCTION PRACTICES,33,CROPS,1948,TOTAL,SURVEY,144,POTATOES
UNITED STATES,,,9000,NOT SPECIFIED,YIELD,,33,,YEAR,NEW HAMPSHIRE,VEGETABLES,00,,NEW HAMPSHIRE,ALL CLASSES,,ANNUAL,ALL UTILIZATION PRACTICES,,,"POTATOES - YIELD, MEASURED IN CWT / ACRE",NH,2012-01-01 00:00:00.000,,CWT / ACRE,,STATE,00000000,,00,ALL PRODUCTION PRACTICES,33,CROPS,1947,TOTAL,SURVEY,126,POTATOES
UNITED STATES,,,9000,NOT SPECIFIED,YIELD,,33,,YEAR,NEW HAMPSHIRE,VEGETABLES,00,,NEW HAMPSHIRE,ALL CLASSES,,ANNUAL,ALL UTILIZATION PRACTICES,,,"POTATOES - YIELD, MEASURED IN CWT / ACRE",NH,2012-01-01 00:00:00.000,,CWT / ACRE,,STATE,00000000,,00,ALL PRODUCTION PRACTICES,33,CROPS,1946,TOTAL,SURVEY,135,POTATOES
UNITED STATES,,,9000,NOT SPECIFIED,YIELD,,33,,YEAR,NEW HAMPSHIRE,VEGETABLES,00,,NEW HAMPSHIRE,ALL CLASSES,,ANNUAL,ALL UTILIZATION PRACTICES,,,"POTATOES - YIELD, MEASURED IN CWT / ACRE",NH,2012-01-01 00:00:00.000,,CWT / ACRE,,STATE,00000000,,00,ALL PRODUCTION PRACTICES,33,CROPS,1945,TOTAL,SURVEY,96,POTATOES
UNITED STATES,,,9000,NOT SPECIFIED,YIELD,,33,,YEAR,NEW HAMPSHIRE,VEGETABLES,00,,NEW HAMPSHIRE,ALL CLASSES,,ANNUAL,ALL UTILIZATION PRACTICES,,,"POTATOES - YIELD, MEASURED IN CWT / ACRE",NH,2012-01-01 00:00:00.000,,CWT / ACRE,,STATE,00000000,,00,ALL PRODUCTION PRACTICES,33,CROPS,1944,TOTAL,SURVEY,87,POTATOES
UNITED STATES,,,9000,NOT SPECIFIED,YIELD,,33,,YEAR,NEW HAMPSHIRE,VEGETABLES,00,,NEW HAMPSHIRE,ALL CLASSES,,ANNUAL,ALL UTILIZATION PRACTICES,,,"POTATOES - YIELD, MEASURED IN CWT / ACRE",NH,2012-01-01 00:00:00.000,,CWT / ACRE,,STATE,00000000,,00,ALL PRODUCTION PRACTICES,33,CROPS,1943,TOTAL,SURVEY,96,POTATOES
UNITED STATES,,,9000,NOT SPECIFIED,YIELD,,33,,YEAR,NEW HAMPSHIRE,VEGETABLES,00,,NEW HAMPSHIRE,ALL CLASSES,,ANNUAL,ALL UTILIZATION PRACTICES,,,"POTATOES - YIELD, MEASURED IN CWT / ACRE",NH,2012-01-01 00:00:00.000,,CWT / ACRE,,STATE,00000000,,00,ALL PRODUCTION PRACTICES,33,CROPS,1942,TOTAL,SURVEY,96,POTATOES
UNITED STATES,,,9000,NOT SPECIFIED,YIELD,,33,,YEAR,NEW HAMPSHIRE,VEGETABLES,00,,NEW HAMPSHIRE,ALL CLASSES,,ANNUAL,ALL UTILIZATION PRACTICES,,,"POTATOES - YIELD, MEASURED IN CWT / ACRE",NH,2012-01-01 00:00:00.000,,CWT / ACRE,,STATE,00000000,,00,ALL PRODUCTION PRACTICES,33,CROPS,1941,TOTAL,SURVEY,93,POTATOES
UNITED STATES,,,9000,NOT SPECIFIED,YIELD,,33,,YEAR,NEW HAMPSHIRE,VEGETABLES,00,,NEW HAMPSHIRE,ALL CLASSES,,ANNUAL,ALL UTILIZATION PRACTICES,,,"POTATOES - YIELD, MEASURED IN CWT / ACRE",NH,2012-01-01 00:00:00.000,,CWT / ACRE,,STATE,00000000,,00,ALL PRODUCTION PRACTICES,33,CROPS,1940,TOTAL,SURVEY,99,POTATOES
UNITED STATES,,,9000,NOT SPECIFIED,YIELD,,33,,YEAR,NEW HAMPSHIRE,VEGETABLES,00,,NEW HAMPSHIRE,ALL CLASSES,,ANNUAL,ALL UTILIZATION PRACTICES,,,"POTATOES - YIELD, MEASURED IN CWT / ACRE",NH,2012-01-01 00:00:00.000,,CWT / ACRE,,STATE,00000000,,00,ALL PRODUCTION PRACTICES,33,CROPS,1939,TOTAL,SURVEY,87,POTATOES
UNITED STATES,,,9000,NOT SPECIFIED,YIELD,,33,,YEAR,NEW HAMPSHIRE,VEGETABLES,00,,NEW HAMPSHIRE,ALL CLASSES,,ANNUAL,ALL UTILIZATION PRACTICES,,,"POTATOES - YIELD, MEASURED IN CWT / ACRE",NH,2012-01-01 00:00:00.000,,CWT / ACRE,,STATE,00000000,,00,ALL PRODUCTION PRACTICES,33,CROPS,1938,TOTAL,SURVEY,78,POTATOES
UNITED STATES,,,9000,NOT SPECIFIED,YIELD,,33,,YEAR,NEW HAMPSHIRE,VEGETABLES,00,,NEW HAMPSHIRE,ALL CLASSES,,ANNUAL,ALL UTILIZATION PRACTICES,,,"POTATOES - YIELD, MEASURED IN CWT / ACRE",NH,2012-01-01 00:00:00.000,,CWT / ACRE,,STATE,00000000,,00,ALL PRODUCTION PRACTICES,33,CROPS,1937,TOTAL,SURVEY,84,POTATOES
UNITED STATES,,,9000,NOT SPECIFIED,YIELD,,33,,YEAR,NEW HAMPSHIRE,VEGETABLES,00,,NEW HAMPSHIRE,ALL CLASSES,,ANNUAL,ALL UTILIZATION PRACTICES,,,"POTATOES - YIELD, MEASURED IN CWT / ACRE",NH,2012-01-01 00:00:00.000,,CWT / ACRE,,STATE,00000000,,00,ALL PRODUCTION PRACTICES,33,CROPS,1936,TOTAL,SURVEY,102,POTATOES
UNITED STATES,,,9000,NOT SPECIFIED,YIELD,,33,,YEAR,NEW HAMPSHIRE,VEGETABLES,00,,NEW HAMPSHIRE,ALL CLASSES,,ANNUAL,ALL UTILIZATION PRACTICES,,,"POTATOES - YIELD, MEASURED IN CWT / ACRE",NH,2012-01-01 00:00:00.000,,CWT / ACRE,,STATE,00000000,,00,ALL PRODUCTION PRACTICES,33,CROPS,1935,TOTAL,SURVEY,69,POTATOES
UNITED STATES,,,9000,NOT SPECIFIED,YIELD,,33,,YEAR,NEW HAMPSHIRE,VEGETABLES,00,,NEW HAMPSHIRE,ALL CLASSES,,ANNUAL,ALL UTILIZATION PRACTICES,,,"POTATOES - YIELD, MEASURED IN CWT / ACRE",NH,2012-01-01 00:00:00.000,,CWT / ACRE,,STATE,00000000,,00,ALL PRODUCTION PRACTICES,33,CROPS,1934,TOTAL,SURVEY,103,POTATOES
UNITED STATES,,,9000,NOT SPECIFIED,YIELD,,33,,YEAR,NEW HAMPSHIRE,VEGETABLES,00,,NEW HAMPSHIRE,ALL CLASSES,,ANNUAL,ALL UTILIZATION PRACTICES,,,"POTATOES - YIELD, MEASURED IN CWT / ACRE",NH,2012-01-01 00:00:00.000,,CWT / ACRE,,STATE,00000000,,00,ALL PRODUCTION PRACTICES,33,CROPS,1933,TOTAL,SURVEY,105,POTATOES
UNITED STATES,,,9000,NOT SPECIFIED,YIELD,,33,,YEAR,NEW HAMPSHIRE,VEGETABLES,00,,NEW HAMPSHIRE,ALL CLASSES,,ANNUAL,ALL UTILIZATION PRACTICES,,,"POTATOES - YIELD, MEASURED IN CWT / ACRE",NH,2012-01-01 00:00:00.000,,CWT / ACRE,,STATE,00000000,,00,ALL PRODUCTION PRACTICES,33,CROPS,1932,TOTAL,SURVEY,96,POTATOES
UNITED STATES,,,9000,NOT SPECIFIED,YIELD,,33,,YEAR,NEW HAMPSHIRE,VEGETABLES,00,,NEW HAMPSHIRE,ALL CLASSES,,ANNUAL,ALL UTILIZATION PRACTICES,,,"POTATOES - YIELD, MEASURED IN CWT / ACRE",NH,2012-01-01 00:00:00.000,,CWT / ACRE,,STATE,00000000,,00,ALL PRODUCTION PRACTICES,33,CROPS,1931,TOTAL,SURVEY,96,POTATOES
UNITED STATES,,,9000,NOT SPECIFIED,YIELD,,33,,YEAR,NEW HAMPSHIRE,VEGETABLES,00,,NEW HAMPSHIRE,ALL CLASSES,,ANNUAL,ALL UTILIZATION PRACTICES,,,"POTATOES - YIELD, MEASURED IN CWT / ACRE",NH,2012-01-01 00:00:00.000,,CWT / ACRE,,STATE,00000000,,00,ALL PRODUCTION PRACTICES,33,CROPS,1930,TOTAL,SURVEY,105,POTATOES
UNITED STATES,,,9000,NOT SPECIFIED,YIELD,,33,,YEAR,NEW HAMPSHIRE,VEGETABLES,00,,NEW HAMPSHIRE,ALL CLASSES,,ANNUAL,ALL UTILIZATION PRACTICES,,,"POTATOES - YIELD, MEASURED IN CWT / ACRE",NH,2012-01-01 00:00:00.000,,CWT / ACRE,,STATE,00000000,,00,ALL PRODUCTION PRACTICES,33,CROPS,1929,TOTAL,SURVEY,87,POTATOES
UNITED STATES,,,9000,NOT SPECIFIED,YIELD,,33,,YEAR,NEW HAMPSHIRE,VEGETABLES,00,,NEW HAMPSHIRE,ALL CLASSES,,ANNUAL,ALL UTILIZATION PRACTICES,,,"POTATOES - YIELD, MEASURED IN CWT / ACRE",NH,2012-01-01 00:00:00.000,,CWT / ACRE,,STATE,00000000,,00,ALL PRODUCTION PRACTICES,33,CROPS,1928,TOTAL,SURVEY,66,POTATOES
UNITED STATES,,,9000,NOT SPECIFIED,YIELD,,33,,YEAR,NEW HAMPSHIRE,VEGETABLES,00,,NEW HAMPSHIRE,ALL CLASSES,,ANNUAL,ALL UTILIZATION PRACTICES,,,"POTATOES - YIELD, MEASURED IN CWT / ACRE",NH,2012-01-01 00:00:00.000,,CWT / ACRE,,STATE,00000000,,00,ALL PRODUCTION PRACTICES,33,CROPS,1927,TOTAL,SURVEY,75,POTATOES
UNITED STATES,,,9000,NOT SPECIFIED,YIELD,,33,,YEAR,NEW HAMPSHIRE,VEGETABLES,00,,NEW HAMPSHIRE,ALL CLASSES,,ANNUAL,ALL UTILIZATION PRACTICES,,,"POTATOES - YIELD, MEASURED IN CWT / ACRE",NH,2012-01-01 00:00:00.000,,CWT / ACRE,,STATE,00000000,,00,ALL PRODUCTION PRACTICES,33,CROPS,1926,TOTAL,SURVEY,78,POTATOES
UNITED STATES,,,9000,NOT SPECIFIED,YIELD,,33,,YEAR,NEW HAMPSHIRE,VEGETABLES,00,,NEW HAMPSHIRE,ALL CLASSES,,ANNUAL,ALL UTILIZATION PRACTICES,,,"POTATOES - YIELD, MEASURED IN CWT / ACRE",NH,2012-01-01 00:00:00.000,,CWT / ACRE,,STATE,00000000,,00,ALL PRODUCTION PRACTICES,33,CROPS,1925,TOTAL,SURVEY,72,POTATOES
UNITED STATES,,,9000,NOT SPECIFIED,YIELD,,33,,YEAR,NEW HAMPSHIRE,VEGETABLES,00,,NEW HAMPSHIRE,ALL CLASSES,,ANNUAL,ALL UTILIZATION PRACTICES,,,"POTATOES - YIELD, MEASURED IN CWT / ACRE",NH,2012-01-01 00:00:00.000,,CWT / ACRE,,STATE,00000000,,00,ALL PRODUCTION PRACTICES,33,CROPS,1924,TOTAL,SURVEY,84,POTATOES
UNITED STATES,,,9000,NOT SPECIFIED,YIELD,,33,,YEAR,NEW HAMPSHIRE,VEGETABLES,00,,NEW HAMPSHIRE,ALL CLASSES,,ANNUAL,ALL UTILIZATION PRACTICES,,,"POTATOES - YIELD, MEASURED IN CWT / ACRE",NH,2012-01-01 00:00:00.000,,CWT / ACRE,,STATE,00000000,,00,ALL PRODUCTION PRACTICES,33,CROPS,1923,TOTAL,SURVEY,84,POTATOES
UNITED STATES,,,9000,NOT SPECIFIED,YIELD,,33,,YEAR,NEW HAMPSHIRE,VEGETABLES,00,,NEW HAMPSHIRE,ALL CLASSES,,ANNUAL,ALL UTILIZATION PRACTICES,,,"POTATOES - YIELD, MEASURED IN CWT / ACRE",NH,2012-01-01 00:00:00.000,,CWT / ACRE,,STATE,00000000,,00,ALL PRODUCTION PRACTICES,33,CROPS,1922,TOTAL,SURVEY,51,POTATOES
UNITED STATES,,,9000,NOT SPECIFIED,YIELD,,33,,YEAR,NEW HAMPSHIRE,VEGETABLES,00,,NEW HAMPSHIRE,ALL CLASSES,,ANNUAL,ALL UTILIZATION PRACTICES,,,"POTATOES - YIELD, MEASURED IN CWT / ACRE",NH,2012-01-01 00:00:00.000,,CWT / ACRE,,STATE,00000000,,00,ALL PRODUCTION PRACTICES,33,CROPS,1921,TOTAL,SURVEY,75,POTATOES
UNITED STATES,,,9000,NOT SPECIFIED,YIELD,,33,,YEAR,NEW HAMPSHIRE,VEGETABLES,00,,NEW HAMPSHIRE,ALL CLASSES,,ANNUAL,ALL UTILIZATION PRACTICES,,,"POTATOES - YIELD, MEASURED IN CWT / ACRE",NH,2012-01-01 00:00:00.000,,CWT / ACRE,,STATE,00000000,,00,ALL PRODUCTION PRACTICES,33,CROPS,1920,TOTAL,SURVEY,76,POTATOES
UNITED STATES,,,9000,NOT SPECIFIED,YIELD,,33,,YEAR,NEW HAMPSHIRE,VEGETABLES,00,,NEW HAMPSHIRE,ALL CLASSES,,ANNUAL,ALL UTILIZATION PRACTICES,,,"POTATOES - YIELD, MEASURED IN CWT / ACRE",NH,2012-01-01 00:00:00.000,,CWT / ACRE,,STATE,00000000,,00,ALL PRODUCTION PRACTICES,33,CROPS,1919,TOTAL,SURVEY,61,POTATOES
UNITED STATES,,,9000,NOT SPECIFIED,YIELD,,33,,YEAR,NEW HAMPSHIRE,VEGETABLES,00,,NEW HAMPSHIRE,ALL CLASSES,,ANNUAL,ALL UTILIZATION PRACTICES,,,"POTATOES - YIELD, MEASURED IN CWT / ACRE",NH,2012-01-01 00:00:00.000,,CWT / ACRE,,STATE,00000000,,00,ALL PRODUCTION PRACTICES,33,CROPS,1918,TOTAL,SURVEY,74,POTATOES
UNITED STATES,,,9000,NOT SPECIFIED,YIELD,,33,,YEAR,NEW HAMPSHIRE,VEGETABLES,00,,NEW HAMPSHIRE,ALL CLASSES,,ANNUAL,ALL UTILIZATION PRACTICES,,,"POTATOES - YIELD, MEASURED IN CWT / ACRE",NH,2012-01-01 00:00:00.000,,CWT / ACRE,,STATE,00000000,,00,ALL PRODUCTION PRACTICES,33,CROPS,1917,TOTAL,SURVEY,62,POTATOES
UNITED STATES,,,9000,NOT SPECIFIED,YIELD,,33,,YEAR,NEW HAMPSHIRE,VEGETABLES,00,,NEW HAMPSHIRE,ALL CLASSES,,ANNUAL,ALL UTILIZATION PRACTICES,,,"POTATOES - YIELD, MEASURED IN CWT / ACRE",NH,2012-01-01 00:00:00.000,,CWT / ACRE,,STATE,00000000,,00,ALL PRODUCTION PRACTICES,33,CROPS,1916,TOTAL,SURVEY,68,POTATOES
UNITED STATES,,,9000,NOT SPECIFIED,YIELD,,33,,YEAR,NEW HAMPSHIRE,VEGETABLES,00,,NEW HAMPSHIRE,ALL CLASSES,,ANNUAL,ALL UTILIZATION PRACTICES,,,"POTATOES - YIELD, MEASURED IN CWT / ACRE",NH,2012-01-01 00:00:00.000,,CWT / ACRE,,STATE,00000000,,00,ALL PRODUCTION PRACTICES,33,CROPS,1915,TOTAL,SURVEY,59,POTATOES
UNITED STATES,,,9000,NOT SPECIFIED,YIELD,,33,,YEAR,NEW HAMPSHIRE,VEGETABLES,00,,NEW HAMPSHIRE,ALL CLASSES,,ANNUAL,ALL UTILIZATION PRACTICES,,,"POTATOES - YIELD, MEASURED IN CWT / ACRE",NH,2012-01-01 00:00:00.000,,CWT / ACRE,,STATE,00000000,,00,ALL PRODUCTION PRACTICES,33,CROPS,1914,TOTAL,SURVEY,94,POTATOES
UNITED STATES,,,9000,NOT SPECIFIED,YIELD,,33,,YEAR,NEW HAMPSHIRE,VEGETABLES,00,,NEW HAMPSHIRE,ALL CLASSES,,ANNUAL,ALL UTILIZATION PRACTICES,,,"POTATOES - YIELD, MEASURED IN CWT / ACRE",NH,2012-01-01 00:00:00.000,,CWT / ACRE,,STATE,00000000,,00,ALL PRODUCTION PRACTICES,33,CROPS,1913,TOTAL,SURVEY,74,POTATOES
UNITED STATES,,,9000,NOT SPECIFIED,YIELD,,33,,YEAR,NEW HAMPSHIRE,VEGETABLES,00,,NEW HAMPSHIRE,ALL CLASSES,,ANNUAL,ALL UTILIZATION PRACTICES,,,"POTATOES - YIELD, MEASURED IN CWT / ACRE",NH,2012-01-01 00:00:00.000,,CWT / ACRE,,STATE,00000000,,00,ALL PRODUCTION PRACTICES,33,CROPS,1912,TOTAL,SURVEY,84,POTATOES
UNITED STATES,,,9000,NOT SPECIFIED,YIELD,,33,,YEAR,NEW HAMPSHIRE,VEGETABLES,00,,NEW HAMPSHIRE,ALL CLASSES,,ANNUAL,ALL UTILIZATION PRACTICES,,,"POTATOES - YIELD, MEASURED IN CWT / ACRE",NH,2012-01-01 00:00:00.000,,CWT / ACRE,,STATE,00000000,,00,ALL PRODUCTION PRACTICES,33,CROPS,1911,TOTAL,SURVEY,75,POTATOES
UNITED STATES,,,9000,NOT SPECIFIED,YIELD,,33,,YEAR,NEW HAMPSHIRE,VEGETABLES,00,,NEW HAMPSHIRE,ALL CLASSES,,ANNUAL,ALL UTILIZATION PRACTICES,,,"POTATOES - YIELD, MEASURED IN CWT / ACRE",NH,2012-01-01 00:00:00.000,,CWT / ACRE,,STATE,00000000,,00,ALL PRODUCTION PRACTICES,33,CROPS,1910,TOTAL,SURVEY,82,POTATOES
UNITED STATES,,,9000,NOT SPECIFIED,YIELD,,33,,YEAR,NEW HAMPSHIRE,VEGETABLES,00,,NEW HAMPSHIRE,ALL CLASSES,,ANNUAL,ALL UTILIZATION PRACTICES,,,"POTATOES - YIELD, MEASURED IN CWT / ACRE",NH,2012-01-01 00:00:00.000,,CWT / ACRE,,STATE,00000000,,00,ALL PRODUCTION PRACTICES,33,CROPS,1909,TOTAL,SURVEY,82,POTATOES
UNITED STATES,,,9000,NOT SPECIFIED,YIELD,,33,,YEAR,NEW HAMPSHIRE,VEGETABLES,00,,NEW HAMPSHIRE,ALL CLASSES,,ANNUAL,ALL UTILIZATION PRACTICES,,,"POTATOES - YIELD, MEASURED IN CWT / ACRE",NH,2012-01-01 00:00:00.000,,CWT / ACRE,,STATE,00000000,,00,ALL PRODUCTION PRACTICES,33,CROPS,1908,TOTAL,SURVEY,68,POTATOES
UNITED STATES,,,9000,NOT SPECIFIED,YIELD,,33,,YEAR,NEW HAMPSHIRE,VEGETABLES,00,,NEW HAMPSHIRE,ALL CLASSES,,ANNUAL,ALL UTILIZATION PRACTICES,,,"POTATOES - YIELD, MEASURED IN CWT / ACRE",NH,2012-01-01 00:00:00.000,,CWT / ACRE,,STATE,00000000,,00,ALL PRODUCTION PRACTICES,33,CROPS,1907,TOTAL,SURVEY,80,POTATOES
UNITED STATES,,,9000,NOT SPECIFIED,YIELD,,33,,YEAR,NEW HAMPSHIRE,VEGETABLES,00,,NEW HAMPSHIRE,ALL CLASSES,,ANNUAL,ALL UTILIZATION PRACTICES,,,"POTATOES - YIELD, MEASURED IN CWT / ACRE",NH,2012-01-01 00:00:00.000,,CWT / ACRE,,STATE,00000000,,00,ALL PRODUCTION PRACTICES,33,CROPS,1906,TOTAL,SURVEY,70,POTATOES
UNITED STATES,,,9000,NOT SPECIFIED,YIELD,,33,,YEAR,NEW HAMPSHIRE,VEGETABLES,00,,NEW HAMPSHIRE,ALL CLASSES,,ANNUAL,ALL UTILIZATION PRACTICES,,,"POTATOES - YIELD, MEASURED IN CWT / ACRE",NH,2012-01-01 00:00:00.000,,CWT / ACRE,,STATE,00000000,,00,ALL PRODUCTION PRACTICES,33,CROPS,1905,TOTAL,SURVEY,66,POTATOES
UNITED STATES,,,9000,NOT SPECIFIED,YIELD,,33,,YEAR,NEW HAMPSHIRE,VEGETABLES,00,,NEW HAMPSHIRE,ALL CLASSES,,ANNUAL,ALL UTILIZATION PRACTICES,,,"POTATOES - YIELD, MEASURED IN CWT / ACRE",NH,2012-01-01 00:00:00.000,,CWT / ACRE,,STATE,00000000,,00,ALL PRODUCTION PRACTICES,33,CROPS,1904,TOTAL,SURVEY,82,POTATOES
UNITED STATES,,,9000,NOT SPECIFIED,YIELD,,33,,YEAR,NEW HAMPSHIRE,VEGETABLES,00,,NEW HAMPSHIRE,ALL CLASSES,,ANNUAL,ALL UTILIZATION PRACTICES,,,"POTATOES - YIELD, MEASURED IN CWT / ACRE",NH,2012-01-01 00:00:00.000,,CWT / ACRE,,STATE,00000000,,00,ALL PRODUCTION PRACTICES,33,CROPS,1903,TOTAL,SURVEY,71,POTATOES
UNITED STATES,,,9000,NOT SPECIFIED,YIELD,,33,,YEAR,NEW HAMPSHIRE,VEGETABLES,00,,NEW HAMPSHIRE,ALL CLASSES,,ANNUAL,ALL UTILIZATION PRACTICES,,,"POTATOES - YIELD, MEASURED IN CWT / ACRE",NH,2012-01-01 00:00:00.000,,CWT / ACRE,,STATE,00000000,,00,ALL PRODUCTION PRACTICES,33,CROPS,1902,TOTAL,SURVEY,67,POTATOES
UNITED STATES,,,9000,NOT SPECIFIED,YIELD,,33,,YEAR,NEW HAMPSHIRE,VEGETABLES,00,,NEW HAMPSHIRE,ALL CLASSES,,ANNUAL,ALL UTILIZATION PRACTICES,,,"POTATOES - YIELD, MEASURED IN CWT / ACRE",NH,2012-01-01 00:00:00.000,,CWT / ACRE,,STATE,00000000,,00,ALL PRODUCTION PRACTICES,33,CROPS,1901,TOTAL,SURVEY,60,POTATOES
UNITED STATES,,,9000,NOT SPECIFIED,YIELD,,33,,YEAR,NEW HAMPSHIRE,VEGETABLES,00,,NEW HAMPSHIRE,ALL CLASSES,,ANNUAL,ALL UTILIZATION PRACTICES,,,"POTATOES - YIELD, MEASURED IN CWT / ACRE",NH,2012-01-01 00:00:00.000,,CWT / ACRE,,STATE,00000000,,00,ALL PRODUCTION PRACTICES,33,CROPS,1900,TOTAL,SURVEY,57,POTATOES
UNITED STATES,,,9000,NOT SPECIFIED,YIELD,,33,,YEAR,NEW HAMPSHIRE,VEGETABLES,00,,NEW HAMPSHIRE,ALL CLASSES,,ANNUAL,ALL UTILIZATION PRACTICES,,,"POTATOES - YIELD, MEASURED IN CWT / ACRE",NH,2012-01-01 00:00:00.000,,CWT / ACRE,,STATE,00000000,,00,ALL PRODUCTION PRACTICES,33,CROPS,1899,TOTAL,SURVEY,75,POTATOES
UNITED STATES,,,9000,NOT SPECIFIED,YIELD,,33,,YEAR,NEW HAMPSHIRE,VEGETABLES,00,,NEW HAMPSHIRE,ALL CLASSES,,ANNUAL,ALL UTILIZATION PRACTICES,,,"POTATOES - YIELD, MEASURED IN CWT / ACRE",NH,2012-01-01 00:00:00.000,,CWT / ACRE,,STATE,00000000,,00,ALL PRODUCTION PRACTICES,33,CROPS,1898,TOTAL,SURVEY,62,POTATOES
UNITED STATES,,,9000,NOT SPECIFIED,YIELD,,33,,YEAR,NEW HAMPSHIRE,VEGETABLES,00,,NEW HAMPSHIRE,ALL CLASSES,,ANNUAL,ALL UTILIZATION PRACTICES,,,"POTATOES - YIELD, MEASURED IN CWT / ACRE",NH,2012-01-01 00:00:00.000,,CWT / ACRE,,STATE,00000000,,00,ALL PRODUCTION PRACTICES,33,CROPS,1897,TOTAL,SURVEY,31,POTATOES
UNITED STATES,,,9000,NOT SPECIFIED,YIELD,,33,,YEAR,NEW HAMPSHIRE,VEGETABLES,00,,NEW HAMPSHIRE,ALL CLASSES,,ANNUAL,ALL UTILIZATION PRACTICES,,,"POTATOES - YIELD, MEASURED IN CWT / ACRE",NH,2012-01-01 00:00:00.000,,CWT / ACRE,,STATE,00000000,,00,ALL PRODUCTION PRACTICES,33,CROPS,1896,TOTAL,SURVEY,69,POTATOES
UNITED STATES,,,9000,NOT SPECIFIED,YIELD,,33,,YEAR,NEW HAMPSHIRE,VEGETABLES,00,,NEW HAMPSHIRE,ALL CLASSES,,ANNUAL,ALL UTILIZATION PRACTICES,,,"POTATOES - YIELD, MEASURED IN CWT / ACRE",NH,2012-01-01 00:00:00.000,,CWT / ACRE,,STATE,00000000,,00,ALL PRODUCTION PRACTICES,33,CROPS,1895,TOTAL,SURVEY,79,POTATOES
UNITED STATES,,,9000,NOT SPECIFIED,YIELD,,33,,YEAR,NEW HAMPSHIRE,VEGETABLES,00,,NEW HAMPSHIRE,ALL CLASSES,,ANNUAL,ALL UTILIZATION PRACTICES,,,"POTATOES - YIELD, MEASURED IN CWT / ACRE",NH,2012-01-01 00:00:00.000,,CWT / ACRE,,STATE,00000000,,00,ALL PRODUCTION PRACTICES,33,CROPS,1894,TOTAL,SURVEY,70,POTATOES
UNITED STATES,,,9000,NOT SPECIFIED,YIELD,,33,,YEAR,NEW HAMPSHIRE,VEGETABLES,00,,NEW HAMPSHIRE,ALL CLASSES,,ANNUAL,ALL UTILIZATION PRACTICES,,,"POTATOES - YIELD, MEASURED IN CWT / ACRE",NH,2012-01-01 00:00:00.000,,CWT / ACRE,,STATE,00000000,,00,ALL PRODUCTION PRACTICES,33,CROPS,1893,TOTAL,SURVEY,71,POTATOES
UNITED STATES,,,9000,NOT SPECIFIED,YIELD,,33,,YEAR,NEW HAMPSHIRE,VEGETABLES,00,,NEW HAMPSHIRE,ALL CLASSES,,ANNUAL,ALL UTILIZATION PRACTICES,,,"POTATOES - YIELD, MEASURED IN CWT / ACRE",NH,2012-01-01 00:00:00.000,,CWT / ACRE,,STATE,00000000,,00,ALL PRODUCTION PRACTICES,33,CROPS,1892,TOTAL,SURVEY,56,POTATOES
UNITED STATES,,,9000,NOT SPECIFIED,YIELD,,33,,YEAR,NEW HAMPSHIRE,VEGETABLES,00,,NEW HAMPSHIRE,ALL CLASSES,,ANNUAL,ALL UTILIZATION PRACTICES,,,"POTATOES - YIELD, MEASURED IN CWT / ACRE",NH,2012-01-01 00:00:00.000,,CWT / ACRE,,STATE,00000000,,00,ALL PRODUCTION PRACTICES,33,CROPS,1891,TOTAL,SURVEY,76,POTATOES
UNITED STATES,,,9000,NOT SPECIFIED,YIELD,,33,,YEAR,NEW HAMPSHIRE,VEGETABLES,00,,NEW HAMPSHIRE,ALL CLASSES,,ANNUAL,ALL UTILIZATION PRACTICES,,,"POTATOES - YIELD, MEASURED IN CWT / ACRE",NH,2012-01-01 00:00:00.000,,CWT / ACRE,,STATE,00000000,,00,ALL PRODUCTION PRACTICES,33,CROPS,1890,TOTAL,SURVEY,60,POTATOES
UNITED STATES,,,9000,NOT SPECIFIED,YIELD,,33,,YEAR,NEW HAMPSHIRE,VEGETABLES,00,,NEW HAMPSHIRE,ALL CLASSES,,ANNUAL,ALL UTILIZATION PRACTICES,,,"POTATOES - YIELD, MEASURED IN CWT / ACRE",NH,2012-01-01 00:00:00.000,,CWT / ACRE,,STATE,00000000,,00,ALL PRODUCTION PRACTICES,33,CROPS,1889,TOTAL,SURVEY,52,POTATOES
UNITED STATES,,,9000,NOT SPECIFIED,YIELD,,33,,YEAR,NEW HAMPSHIRE,VEGETABLES,00,,NEW HAMPSHIRE,ALL CLASSES,,ANNUAL,ALL UTILIZATION PRACTICES,,,"POTATOES - YIELD, MEASURED IN CWT / ACRE",NH,2012-01-01 00:00:00.000,,CWT / ACRE,,STATE,00000000,,00,ALL PRODUCTION PRACTICES,33,CROPS,1888,TOTAL,SURVEY,72,POTATOES
UNITED STATES,,,9000,NOT SPECIFIED,YIELD,,33,,YEAR,NEW HAMPSHIRE,VEGETABLES,00,,NEW HAMPSHIRE,ALL CLASSES,,ANNUAL,ALL UTILIZATION PRACTICES,,,"POTATOES - YIELD, MEASURED IN CWT / ACRE",NH,2012-01-01 00:00:00.000,,CWT / ACRE,,STATE,00000000,,00,ALL PRODUCTION PRACTICES,33,CROPS,1887,TOTAL,SURVEY,40,POTATOES
UNITED STATES,,,9000,NOT SPECIFIED,YIELD,,33,,YEAR,NEW HAMPSHIRE,VEGETABLES,00,,NEW HAMPSHIRE,ALL CLASSES,,ANNUAL,ALL UTILIZATION PRACTICES,,,"POTATOES - YIELD, MEASURED IN CWT / ACRE",NH,2012-01-01 00:00:00.000,,CWT / ACRE,,STATE,00000000,,00,ALL PRODUCTION PRACTICES,33,CROPS,1886,TOTAL,SURVEY,68,POTATOES
UNITED STATES,,,9000,NOT SPECIFIED,YIELD,,33,,YEAR,NEW HAMPSHIRE,VEGETABLES,00,,NEW HAMPSHIRE,ALL CLASSES,,ANNUAL,ALL UTILIZATION PRACTICES,,,"POTATOES - YIELD, MEASURED IN CWT / ACRE",NH,2012-01-01 00:00:00.000,,CWT / ACRE,,STATE,00000000,,00,ALL PRODUCTION PRACTICES,33,CROPS,1885,TOTAL,SURVEY,74,POTATOES
UNITED STATES,,,9000,NOT SPECIFIED,YIELD,,33,,YEAR,NEW HAMPSHIRE,VEGETABLES,00,,NEW HAMPSHIRE,ALL CLASSES,,ANNUAL,ALL UTILIZATION PRACTICES,,,"POTATOES - YIELD, MEASURED IN CWT / ACRE",NH,2012-01-01 00:00:00.000,,CWT / ACRE,,STATE,00000000,,00,ALL PRODUCTION PRACTICES,33,CROPS,1884,TOTAL,SURVEY,69,POTATOES
UNITED STATES,,,9000,NOT SPECIFIED,YIELD,,33,,YEAR,NEW HAMPSHIRE,VEGETABLES,00,,NEW HAMPSHIRE,ALL CLASSES,,ANNUAL,ALL UTILIZATION PRACTICES,,,"POTATOES - YIELD, MEASURED IN CWT / ACRE",NH,2012-01-01 00:00:00.000,,CWT / ACRE,,STATE,00000000,,00,ALL PRODUCTION PRACTICES,33,CROPS,1883,TOTAL,SURVEY,76,POTATOES
UNITED STATES,,,9000,NOT SPECIFIED,YIELD,,33,,YEAR,NEW HAMPSHIRE,VEGETABLES,00,,NEW HAMPSHIRE,ALL CLASSES,,ANNUAL,ALL UTILIZATION PRACTICES,,,"POTATOES - YIELD, MEASURED IN CWT / ACRE",NH,2012-01-01 00:00:00.000,,CWT / ACRE,,STATE,00000000,,00,ALL PRODUCTION PRACTICES,33,CROPS,1882,TOTAL,SURVEY,52,POTATOES
UNITED STATES,,,9000,NOT SPECIFIED,YIELD,,33,,YEAR,NEW HAMPSHIRE,VEGETABLES,00,,NEW HAMPSHIRE,ALL CLASSES,,ANNUAL,ALL UTILIZATION PRACTICES,,,"POTATOES - YIELD, MEASURED IN CWT / ACRE",NH,2012-01-01 00:00:00.000,,CWT / ACRE,,STATE,00000000,,00,ALL PRODUCTION PRACTICES,33,CROPS,1881,TOTAL,SURVEY,63,POTATOES
UNITED STATES,,,9000,NOT SPECIFIED,YIELD,,33,,YEAR,NEW HAMPSHIRE,VEGETABLES,00,,NEW HAMPSHIRE,ALL CLASSES,,ANNUAL,ALL UTILIZATION PRACTICES,,,"POTATOES - YIELD, MEASURED IN CWT / ACRE",NH,2012-01-01 00:00:00.000,,CWT / ACRE,,STATE,00000000,,00,ALL PRODUCTION PRACTICES,33,CROPS,1880,TOTAL,SURVEY,68,POTATOES
UNITED STATES,,,9000,NOT SPECIFIED,YIELD,,33,,YEAR,NEW HAMPSHIRE,VEGETABLES,00,,NEW HAMPSHIRE,ALL CLASSES,,ANNUAL,ALL UTILIZATION PRACTICES,,,"POTATOES - YIELD, MEASURED IN CWT / ACRE",NH,2012-01-01 00:00:00.000,,CWT / ACRE,,STATE,00000000,,00,ALL PRODUCTION PRACTICES,33,CROPS,1879,TOTAL,SURVEY,70,POTATOES
UNITED STATES,,,9000,NOT SPECIFIED,YIELD,,33,,YEAR,NEW HAMPSHIRE,VEGETABLES,00,,NEW HAMPSHIRE,ALL CLASSES,,ANNUAL,ALL UTILIZATION PRACTICES,,,"POTATOES - YIELD, MEASURED IN CWT / ACRE",NH,2012-01-01 00:00:00.000,,CWT / ACRE,,STATE,00000000,,00,ALL PRODUCTION PRACTICES,33,CROPS,1878,TOTAL,SURVEY,66,POTATOES
UNITED STATES,,,9000,NOT SPECIFIED,YIELD,,33,,YEAR,NEW HAMPSHIRE,VEGETABLES,00,,NEW HAMPSHIRE,ALL CLASSES,,ANNUAL,ALL UTILIZATION PRACTICES,,,"POTATOES - YIELD, MEASURED IN CWT / ACRE",NH,2012-01-01 00:00:00.000,,CWT / ACRE,,STATE,00000000,,00,ALL PRODUCTION PRACTICES,33,CROPS,1877,TOTAL,SURVEY,77,POTATOES
UNITED STATES,,,9000,NOT SPECIFIED,YIELD,,33,,YEAR,NEW HAMPSHIRE,VEGETABLES,00,,NEW HAMPSHIRE,ALL CLASSES,,ANNUAL,ALL UTILIZATION PRACTICES,,,"POTATOES - YIELD, MEASURED IN CWT / ACRE",NH,2012-01-01 00:00:00.000,,CWT / ACRE,,STATE,00000000,,00,ALL PRODUCTION PRACTICES,33,CROPS,1876,TOTAL,SURVEY,60,POTATOES
UNITED STATES,,,9000,NOT SPECIFIED,YIELD,,33,,YEAR,NEW HAMPSHIRE,VEGETABLES,00,,NEW HAMPSHIRE,ALL CLASSES,,ANNUAL,ALL UTILIZATION PRACTICES,,,"POTATOES - YIELD, MEASURED IN CWT / ACRE",NH,2012-01-01 00:00:00.000,,CWT / ACRE,,STATE,00000000,,00,ALL PRODUCTION PRACTICES,33,CROPS,1875,TOTAL,SURVEY,72,POTATOES
UNITED STATES,,,9000,NOT SPECIFIED,YIELD,,33,,YEAR,NEW HAMPSHIRE,VEGETABLES,00,,NEW HAMPSHIRE,ALL CLASSES,,ANNUAL,ALL UTILIZATION PRACTICES,,,"POTATOES - YIELD, MEASURED IN CWT / ACRE",NH,2012-01-01 00:00:00.000,,CWT / ACRE,,STATE,00000000,,00,ALL PRODUCTION PRACTICES,33,CROPS,1874,TOTAL,SURVEY,68,POTATOES
UNITED STATES,,,9000,NOT SPECIFIED,YIELD,,33,,YEAR,NEW HAMPSHIRE,VEGETABLES,00,,NEW HAMPSHIRE,ALL CLASSES,,ANNUAL,ALL UTILIZATION PRACTICES,,,"POTATOES - YIELD, MEASURED IN CWT / ACRE",NH,2012-01-01 00:00:00.000,,CWT / ACRE,,STATE,00000000,,00,ALL PRODUCTION PRACTICES,33,CROPS,1873,TOTAL,SURVEY,69,POTATOES
UNITED STATES,,,9000,NOT SPECIFIED,YIELD,,33,,YEAR,NEW HAMPSHIRE,VEGETABLES,00,,NEW HAMPSHIRE,ALL CLASSES,,ANNUAL,ALL UTILIZATION PRACTICES,,,"POTATOES - YIELD, MEASURED IN CWT / ACRE",NH,2012-01-01 00:00:00.000,,CWT / ACRE,,STATE,00000000,,00,ALL PRODUCTION PRACTICES,33,CROPS,1872,TOTAL,SURVEY,55,POTATOES
UNITED STATES,,,9000,NOT SPECIFIED,YIELD,,33,,YEAR,NEW HAMPSHIRE,VEGETABLES,00,,NEW HAMPSHIRE,ALL CLASSES,,ANNUAL,ALL UTILIZATION PRACTICES,,,"POTATOES - YIELD, MEASURED IN CWT / ACRE",NH,2012-01-01 00:00:00.000,,CWT / ACRE,,STATE,00000000,,00,ALL PRODUCTION PRACTICES,33,CROPS,1871,TOTAL,SURVEY,86,POTATOES
UNITED STATES,,,9000,NOT SPECIFIED,YIELD,,33,,YEAR,NEW HAMPSHIRE,VEGETABLES,00,,NEW HAMPSHIRE,ALL CLASSES,,ANNUAL,ALL UTILIZATION PRACTICES,,,"POTATOES - YIELD, MEASURED IN CWT / ACRE",NH,2012-01-01 00:00:00.000,,CWT / ACRE,,STATE,00000000,,00,ALL PRODUCTION PRACTICES,33,CROPS,1870,TOTAL,SURVEY,54,POTATOES
UNITED STATES,,,9000,NOT SPECIFIED,YIELD,,33,,YEAR,NEW HAMPSHIRE,VEGETABLES,00,,NEW HAMPSHIRE,ALL CLASSES,,ANNUAL,ALL UTILIZATION PRACTICES,,,"POTATOES - YIELD, MEASURED IN CWT / ACRE",NH,2012-01-01 00:00:00.000,,CWT / ACRE,,STATE,00000000,,00,ALL PRODUCTION PRACTICES,33,CROPS,1869,TOTAL,SURVEY,70,POTATOES
UNITED STATES,,,9000,NOT SPECIFIED,YIELD,,33,,YEAR,NEW HAMPSHIRE,VEGETABLES,00,,NEW HAMPSHIRE,ALL CLASSES,,ANNUAL,ALL UTILIZATION PRACTICES,,,"POTATOES - YIELD, MEASURED IN CWT / ACRE",NH,2012-01-01 00:00:00.000,,CWT / ACRE,,STATE,00000000,,00,ALL PRODUCTION PRACTICES,33,CROPS,1868,TOTAL,SURVEY,60,POTATOES
UNITED STATES,,,9000,NOT SPECIFIED,YIELD,,33,,YEAR,NEW HAMPSHIRE,VEGETABLES,00,,NEW HAMPSHIRE,ALL CLASSES,,ANNUAL,ALL UTILIZATION PRACTICES,,,"POTATOES - YIELD, MEASURED IN CWT / ACRE",NH,2012-01-01 00:00:00.000,,CWT / ACRE,,STATE,00000000,,00,ALL PRODUCTION PRACTICES,33,CROPS,1867,TOTAL,SURVEY,53,POTATOES
UNITED STATES,,,9000,NOT SPECIFIED,YIELD,,33,,YEAR,NEW HAMPSHIRE,VEGETABLES,00,,NEW HAMPSHIRE,ALL CLASSES,,ANNUAL,ALL UTILIZATION PRACTICES,,,"POTATOES - YIELD, MEASURED IN CWT / ACRE",NH,2012-01-01 00:00:00.000,,CWT / ACRE,,STATE,00000000,,00,ALL PRODUCTION PRACTICES,33,CROPS,1866,TOTAL,SURVEY,77,POTATOES
UNITED STATES,,,9000,NOT SPECIFIED,YIELD,,33,,YEAR,NEW HAMPSHIRE,VEGETABLES,00,,NEW HAMPSHIRE,FALL,,ANNUAL,ALL UTILIZATION PRACTICES,,,"POTATOES, FALL - YIELD, MEASURED IN CWT / ACRE",NH,2012-01-01 00:00:00.000,,CWT / ACRE,,STATE,00000000,,00,ALL PRODUCTION PRACTICES,33,CROPS,1977,TOTAL,SURVEY,235,POTATOES
UNITED STATES,,,9000,NOT SPECIFIED,YIELD,,33,,YEAR,NEW HAMPSHIRE,VEGETABLES,00,,NEW HAMPSHIRE,FALL,,ANNUAL,ALL UTILIZATION PRACTICES,,,"POTATOES, FALL - YIELD, MEASURED IN CWT / ACRE",NH,2012-01-01 00:00:00.000,,CWT / ACRE,,STATE,00000000,,00,ALL PRODUCTION PRACTICES,33,CROPS,1976,TOTAL,SURVEY,260,POTATOES
UNITED STATES,,,9000,NOT SPECIFIED,YIELD,,33,,YEAR,NEW HAMPSHIRE,VEGETABLES,00,,NEW HAMPSHIRE,FALL,,ANNUAL,ALL UTILIZATION PRACTICES,,,"POTATOES, FALL - YIELD, MEASURED IN CWT / ACRE",NH,2012-01-01 00:00:00.000,,CWT / ACRE,,STATE,00000000,,00,ALL PRODUCTION PRACTICES,33,CROPS,1975,TOTAL,SURVEY,230,POTATOES
UNITED STATES,,,9000,NOT SPECIFIED,YIELD,,33,,YEAR,NEW HAMPSHIRE,VEGETABLES,00,,NEW HAMPSHIRE,FALL,,ANNUAL,ALL UTILIZATION PRACTICES,,,"POTATOES, FALL - YIELD, MEASURED IN CWT / ACRE",NH,2012-01-01 00:00:00.000,,CWT / ACRE,,STATE,00000000,,00,ALL PRODUCTION PRACTICES,33,CROPS,1974,TOTAL,SURVEY,205,POTATOES
UNITED STATES,,,9000,NOT SPECIFIED,YIELD,,33,,YEAR,NEW HAMPSHIRE,VEGETABLES,00,,NEW HAMPSHIRE,FALL,,ANNUAL,ALL UTILIZATION PRACTICES,,,"POTATOES, FALL - YIELD, MEASURED IN CWT / ACRE",NH,2012-01-01 00:00:00.000,,CWT / ACRE,,STATE,00000000,,00,ALL PRODUCTION PRACTICES,33,CROPS,1973,TOTAL,SURVEY,170,POTATOES
UNITED STATES,,,9000,NOT SPECIFIED,YIELD,,33,,YEAR,NEW HAMPSHIRE,VEGETABLES,00,,NEW HAMPSHIRE,FALL,,ANNUAL,ALL UTILIZATION PRACTICES,,,"POTATOES, FALL - YIELD, MEASURED IN CWT / ACRE",NH,2012-01-01 00:00:00.000,,CWT / ACRE,,STATE,00000000,,00,ALL PRODUCTION PRACTICES,33,CROPS,1972,TOTAL,SURVEY,220,POTATOES
UNITED STATES,,,9000,NOT SPECIFIED,YIELD,,33,,YEAR,NEW HAMPSHIRE,VEGETABLES,00,,NEW HAMPSHIRE,FALL,,ANNUAL,ALL UTILIZATION PRACTICES,,,"POTATOES, FALL - YIELD, MEASURED IN CWT / ACRE",NH,2012-01-01 00:00:00.000,,CWT / ACRE,,STATE,00000000,,00,ALL PRODUCTION PRACTICES,33,CROPS,1971,TOTAL,SURVEY,270,POTATOES
UNITED STATES,,,9000,NOT SPECIFIED,YIELD,,33,,YEAR,NEW HAMPSHIRE,VEGETABLES,00,,NEW HAMPSHIRE,FALL,,ANNUAL,ALL UTILIZATION PRACTICES,,,"POTATOES, FALL - YIELD, MEASURED IN CWT / ACRE",NH,2012-01-01 00:00:00.000,,CWT / ACRE,,STATE,00000000,,00,ALL PRODUCTION PRACTICES,33,CROPS,1970,TOTAL,SURVEY,260,POTATOES
UNITED STATES,,,9000,NOT SPECIFIED,YIELD,,33,,YEAR,NEW HAMPSHIRE,VEGETABLES,00,,NEW HAMPSHIRE,FALL,,ANNUAL,ALL UTILIZATION PRACTICES,,,"POTATOES, FALL - YIELD, MEASURED IN CWT / ACRE",NH,2012-01-01 00:00:00.000,,CWT / ACRE,,STATE,00000000,,00,ALL PRODUCTION PRACTICES,33,CROPS,1969,TOTAL,SURVEY,210,POTATOES
UNITED STATES,,,9000,NOT SPECIFIED,YIELD,,33,,YEAR,NEW HAMPSHIRE,VEGETABLES,00,,NEW HAMPSHIRE,FALL,,ANNUAL,ALL UTILIZATION PRACTICES,,,"POTATOES, FALL - YIELD, MEASURED IN CWT / ACRE",NH,2012-01-01 00:00:00.000,,CWT / ACRE,,STATE,00000000,,00,ALL PRODUCTION PRACTICES,33,CROPS,1968,TOTAL,SURVEY,250,POTATOES
UNITED STATES,,,9000,NOT SPECIFIED,YIELD,,33,,YEAR,NEW HAMPSHIRE,VEGETABLES,00,,NEW HAMPSHIRE,FALL,,ANNUAL,ALL UTILIZATION PRACTICES,,,"POTATOES, FALL - YIELD, MEASURED IN CWT / ACRE",NH,2012-01-01 00:00:00.000,,CWT / ACRE,,STATE,00000000,,00,ALL PRODUCTION PRACTICES,33,CROPS,1967,TOTAL,SURVEY,210,POTATOES
UNITED STATES,,,9000,NOT SPECIFIED,YIELD,,33,,YEAR,NEW HAMPSHIRE,VEGETABLES,00,,NEW HAMPSHIRE,FALL,,ANNUAL,ALL UTILIZATION PRACTICES,,,"POTATOES, FALL - YIELD, MEASURED IN CWT / ACRE",NH,2012-01-01 00:00:00.000,,CWT / ACRE,,STATE,00000000,,00,ALL PRODUCTION PRACTICES,33,CROPS,1966,TOTAL,SURVEY,220,POTATOES
UNITED STATES,,,9000,NOT SPECIFIED,YIELD,,33,,YEAR,NEW HAMPSHIRE,VEGETABLES,00,,NEW HAMPSHIRE,FALL,,ANNUAL,ALL UTILIZATION PRACTICES,,,"POTATOES, FALL - YIELD, MEASURED IN CWT / ACRE",NH,2012-01-01 00:00:00.000,,CWT / ACRE,,STATE,00000000,,00,ALL PRODUCTION PRACTICES,33,CROPS,1965,TOTAL,SURVEY,220,POTATOES
UNITED STATES,,,9000,NOT SPECIFIED,YIELD,,33,,YEAR,NEW HAMPSHIRE,VEGETABLES,00,,NEW HAMPSHIRE,FALL,,ANNUAL,ALL UTILIZATION PRACTICES,,,"POTATOES, FALL - YIELD, MEASURED IN CWT / ACRE",NH,2012-01-01 00:00:00.000,,CWT / ACRE,,STATE,00000000,,00,ALL PRODUCTION PRACTICES,33,CROPS,1964,TOTAL,SURVEY,210,POTATOES
UNITED STATES,,,9000,NOT SPECIFIED,YIELD,,33,,YEAR,NEW HAMPSHIRE,VEGETABLES,00,,NEW HAMPSHIRE,FALL,,ANNUAL,ALL UTILIZATION PRACTICES,,,"POTATOES, FALL - YIELD, MEASURED IN CWT / ACRE",NH,2012-01-01 00:00:00.000,,CWT / ACRE,,STATE,00000000,,00,ALL PRODUCTION PRACTICES,33,CROPS,1963,TOTAL,SURVEY,210,POTATOES
UNITED STATES,,,9000,NOT SPECIFIED,YIELD,,33,,YEAR,NEW HAMPSHIRE,VEGETABLES,00,,NEW HAMPSHIRE,FALL,,ANNUAL,ALL UTILIZATION PRACTICES,,,"POTATOES, FALL - YIELD, MEASURED IN CWT / ACRE",NH,2012-01-01 00:00:00.000,,CWT / ACRE,,STATE,00000000,,00,ALL PRODUCTION PRACTICES,33,CROPS,1962,TOTAL,SURVEY,215,POTATOES
UNITED STATES,,,9000,NOT SPECIFIED,YIELD,,33,,YEAR,NEW HAMPSHIRE,VEGETABLES,00,,NEW HAMPSHIRE,FALL,,ANNUAL,ALL UTILIZATION PRACTICES,,,"POTATOES, FALL - YIELD, MEASURED IN CWT / ACRE",NH,2012-01-01 00:00:00.000,,CWT / ACRE,,STATE,00000000,,00,ALL PRODUCTION PRACTICES,33,CROPS,1961,TOTAL,SURVEY,205,POTATOES
UNITED STATES,,,9000,NOT SPECIFIED,YIELD,,33,,YEAR,NEW HAMPSHIRE,VEGETABLES,00,,NEW HAMPSHIRE,FALL,,ANNUAL,ALL UTILIZATION PRACTICES,,,"POTATOES, FALL - YIELD, MEASURED IN CWT / ACRE",NH,2012-01-01 00:00:00.000,,CWT / ACRE,,STATE,00000000,,00,ALL PRODUCTION PRACTICES,33,CROPS,1960,TOTAL,SURVEY,205,POTATOES
UNITED STATES,,,9000,NOT SPECIFIED,YIELD,,33,,YEAR,NEW HAMPSHIRE,VEGETABLES,00,,NEW HAMPSHIRE,FALL,,ANNUAL,ALL UTILIZATION PRACTICES,,,"POTATOES, FALL - YIELD, MEASURED IN CWT / ACRE",NH,2012-01-01 00:00:00.000,,CWT / ACRE,,STATE,00000000,,00,ALL PRODUCTION PRACTICES,33,CROPS,1959,TOTAL,SURVEY,180,POTATOES
UNITED STATES,,,9000,NOT SPECIFIED,YIELD,,33,,YEAR,NEW HAMPSHIRE,VEGETABLES,00,,NEW HAMPSHIRE,FALL,,ANNUAL,ALL UTILIZATION PRACTICES,,,"POTATOES, FALL - YIELD, MEASURED IN CWT / ACRE",NH,2012-01-01 00:00:00.000,,CWT / ACRE,,STATE,00000000,,00,ALL PRODUCTION PRACTICES,33,CROPS,1958,TOTAL,SURVEY,190,POTATOES
UNITED STATES,,,9000,NOT SPECIFIED,YIELD,,33,,YEAR,NEW HAMPSHIRE,VEGETABLES,00,,NEW HAMPSHIRE,FALL,,ANNUAL,ALL UTILIZATION PRACTICES,,,"POTATOES, FALL - YIELD, MEASURED IN CWT / ACRE",NH,2012-01-01 00:00:00.000,,CWT / ACRE,,STATE,00000000,,00,ALL PRODUCTION PRACTICES,33,CROPS,1957,TOTAL,SURVEY,170,POTATOES
UNITED STATES,,,9000,NOT SPECIFIED,YIELD,,33,,YEAR,NEW HAMPSHIRE,VEGETABLES,00,,NEW HAMPSHIRE,FALL,,ANNUAL,ALL UTILIZATION PRACTICES,,,"POTATOES, FALL - YIELD, MEASURED IN CWT / ACRE",NH,2012-01-01 00:00:00.000,,CWT / ACRE,,STATE,00000000,,00,ALL PRODUCTION PRACTICES,33,CROPS,1956,TOTAL,SURVEY,190,POTATOES
UNITED STATES,,,9000,NOT SPECIFIED,YIELD,,33,,YEAR,NEW HAMPSHIRE,VEGETABLES,00,,NEW HAMPSHIRE,FALL,,ANNUAL,ALL UTILIZATION PRACTICES,,,"POTATOES, FALL - YIELD, MEASURED IN CWT / ACRE",NH,2012-01-01 00:00:00.000,,CWT / ACRE,,STATE,00000000,,00,ALL PRODUCTION PRACTICES,33,CROPS,1955,TOTAL,SURVEY,165,POTATOES
UNITED STATES,,,9000,NOT SPECIFIED,YIELD,,33,,YEAR,NEW HAMPSHIRE,VEGETABLES,00,,NEW HAMPSHIRE,FALL,,ANNUAL,ALL UTILIZATION PRACTICES,,,"POTATOES, FALL - YIELD, MEASURED IN CWT / ACRE",NH,2012-01-01 00:00:00.000,,CWT / ACRE,,STATE,00000000,,00,ALL PRODUCTION PRACTICES,33,CROPS,1954,TOTAL,SURVEY,153,POTATOES
UNITED STATES,,,9000,NOT SPECIFIED,YIELD,,33,,YEAR,NEW HAMPSHIRE,VEGETABLES,00,,NEW HAMPSHIRE,FALL,,ANNUAL,ALL UTILIZATION PRACTICES,,,"POTATOES, FALL - YIELD, MEASURED IN CWT / ACRE",NH,2012-01-01 00:00:00.000,,CWT / ACRE,,STATE,00000000,,00,ALL PRODUCTION PRACTICES,33,CROPS,1953,TOTAL,SURVEY,153,POTATOES
UNITED STATES,,,9000,NOT SPECIFIED,YIELD,,33,,YEAR,NEW HAMPSHIRE,VEGETABLES,00,,NEW HAMPSHIRE,FALL,,ANNUAL,ALL UTILIZATION PRACTICES,,,"POTATOES, FALL - YIELD, MEASURED IN CWT / ACRE",NH,2012-01-01 00:00:00.000,,CWT / ACRE,,STATE,00000000,,00,ALL PRODUCTION PRACTICES,33,CROPS,1952,TOTAL,SURVEY,153,POTATOES
UNITED STATES,,,9000,NOT SPECIFIED,YIELD,,33,,YEAR,NEW HAMPSHIRE,VEGETABLES,00,,NEW HAMPSHIRE,FALL,,ANNUAL,ALL UTILIZATION PRACTICES,,,"POTATOES, FALL - YIELD, MEASURED IN CWT / ACRE",NH,2012-01-01 00:00:00.000,,CWT / ACRE,,STATE,00000000,,00,ALL PRODUCTION PRACTICES,33,CROPS,1951,TOTAL,SURVEY,150,POTATOES
UNITED STATES,,,9000,NOT SPECIFIED,YIELD,,33,,YEAR,NEW HAMPSHIRE,VEGETABLES,00,,NEW HAMPSHIRE,FALL,,ANNUAL,ALL UTILIZATION PRACTICES,,,"POTATOES, FALL - YIELD, MEASURED IN CWT / ACRE",NH,2012-01-01 00:00:00.000,,CWT / ACRE,,STATE,00000000,,00,ALL PRODUCTION PRACTICES,33,CROPS,1950,TOTAL,SURVEY,165,POTATOES
UNITED STATES,,,9000,NOT SPECIFIED,YIELD,,33,,YEAR,NEW HAMPSHIRE,VEGETABLES,00,,NEW HAMPSHIRE,FALL,,ANNUAL,ALL UTILIZATION PRACTICES,,,"POTATOES, FALL - YIELD, MEASURED IN CWT / ACRE",NH,2012-01-01 00:00:00.000,,CWT / ACRE,,STATE,00000000,,00,ALL PRODUCTION PRACTICES,33,CROPS,1949,TOTAL,SURVEY,153,POTATOES
UNITED STATES,,,9000,NOT SPECIFIED,YIELD,,33,,YEAR,NEW HAMPSHIRE,VEGETABLES,00,,NEW HAMPSHIRE,ALL CLASSES,,ANNUAL,FRESH MARKET,,,"SWEET CORN, FRESH MARKET - YIELD, MEASURED IN CWT / ACRE",NH,2017-04-07 11:54:15.000,,CWT / ACRE,,STATE,00000000,,00,ALL PRODUCTION PRACTICES,33,CROPS,2015,TOTAL,SURVEY,68,SWEET CORN
UNITED STATES,,,9000,NOT SPECIFIED,YIELD,,33,,YEAR,NEW HAMPSHIRE,VEGETABLES,00,,NEW HAMPSHIRE,ALL CLASSES,,ANNUAL,FRESH MARKET,,,"SWEET CORN, FRESH MARKET - YIELD, MEASURED IN CWT / ACRE",NH,2016-02-04 16:00:50.000,,CWT / ACRE,,STATE,00000000,,00,ALL PRODUCTION PRACTICES,33,CROPS,2014,TOTAL,SURVEY,65,SWEET CORN
UNITED STATES,,,9000,NOT SPECIFIED,YIELD,,33,,YEAR,NEW HAMPSHIRE,VEGETABLES,00,,NEW HAMPSHIRE,ALL CLASSES,,ANNUAL,FRESH MARKET,,,"SWEET CORN, FRESH MARKET - YIELD, MEASURED IN CWT / ACRE",NH,2016-02-04 16:00:50.000,,CWT / ACRE,,STATE,00000000,,00,ALL PRODUCTION PRACTICES,33,CROPS,2013,TOTAL,SURVEY,69,SWEET CORN
UNITED STATES,,,9000,NOT SPECIFIED,YIELD,,33,,YEAR,NEW HAMPSHIRE,VEGETABLES,00,,NEW HAMPSHIRE,ALL CLASSES,,ANNUAL,FRESH MARKET,,,"SWEET CORN, FRESH MARKET - YIELD, MEASURED IN CWT / ACRE",NH,2015-01-29 15:05:39.000,,CWT / ACRE,,STATE,00000000,,00,ALL PRODUCTION PRACTICES,33,CROPS,2012,TOTAL,SURVEY,60,SWEET CORN
UNITED STATES,,,9000,NOT SPECIFIED,YIELD,,33,,YEAR,NEW HAMPSHIRE,VEGETABLES,00,,NEW HAMPSHIRE,ALL CLASSES,,ANNUAL,FRESH MARKET,,,"SWEET CORN, FRESH MARKET - YIELD, MEASURED IN CWT / ACRE",NH,2014-11-07 09:54:31.000,,CWT / ACRE,,STATE,00000000,,00,ALL PRODUCTION PRACTICES,33,CROPS,2011,TOTAL,SURVEY,65,SWEET CORN
UNITED STATES,,,9000,NOT SPECIFIED,YIELD,,33,,YEAR,NEW HAMPSHIRE,VEGETABLES,00,,NEW HAMPSHIRE,ALL CLASSES,,ANNUAL,FRESH MARKET,,,"SWEET CORN, FRESH MARKET - YIELD, MEASURED IN CWT / ACRE",NH,2014-11-07 09:54:31.000,,CWT / ACRE,,STATE,00000000,,00,ALL PRODUCTION PRACTICES,33,CROPS,2010,TOTAL,SURVEY,55,SWEET CORN
UNITED STATES,,,9000,NOT SPECIFIED,YIELD,,33,,YEAR,NEW HAMPSHIRE,VEGETABLES,00,,NEW HAMPSHIRE,ALL CLASSES,,ANNUAL,FRESH MARKET,,,"SWEET CORN, FRESH MARKET - YIELD, MEASURED IN CWT / ACRE",NH,2014-11-07 09:54:31.000,,CWT / ACRE,,STATE,00000000,,00,ALL PRODUCTION PRACTICES,33,CROPS,2009,TOTAL,SURVEY,55,SWEET CORN
UNITED STATES,,,9000,NOT SPECIFIED,YIELD,,33,,YEAR,NEW HAMPSHIRE,VEGETABLES,00,,NEW HAMPSHIRE,ALL CLASSES,,ANNUAL,FRESH MARKET,,,"SWEET CORN, FRESH MARKET - YIELD, MEASURED IN CWT / ACRE",NH,2014-11-07 09:54:31.000,,CWT / ACRE,,STATE,00000000,,00,ALL PRODUCTION PRACTICES,33,CROPS,2008,TOTAL,SURVEY,80,SWEET CORN
UNITED STATES,,,9000,NOT SPECIFIED,YIELD,,33,,YEAR,NEW HAMPSHIRE,VEGETABLES,00,,NEW HAMPSHIRE,ALL CLASSES,,ANNUAL,FRESH MARKET,,,"SWEET CORN, FRESH MARKET - YIELD, MEASURED IN CWT / ACRE",NH,2007-05-15 10:15:06.000,,CWT / ACRE,,STATE,00000000,,00,ALL PRODUCTION PRACTICES,33,CROPS,2007,TOTAL,SURVEY,60,SWEET CORN
UNITED STATES,,,9000,NOT SPECIFIED,YIELD,,33,,YEAR,NEW HAMPSHIRE,VEGETABLES,00,,NEW HAMPSHIRE,ALL CLASSES,,ANNUAL,FRESH MARKET,,,"SWEET CORN, FRESH MARKET - YIELD, MEASURED IN CWT / ACRE",NH,2006-05-15 10:15:06.000,,CWT / ACRE,,STATE,00000000,,00,ALL PRODUCTION PRACTICES,33,CROPS,2006,TOTAL,SURVEY,60,SWEET CORN
UNITED STATES,,,9000,NOT SPECIFIED,YIELD,,33,,YEAR,NEW HAMPSHIRE,VEGETABLES,00,,NEW HAMPSHIRE,ALL CLASSES,,ANNUAL,FRESH MARKET,,,"SWEET CORN, FRESH MARKET - YIELD, MEASURED IN CWT / ACRE",NH,2005-05-15 10:15:06.000,,CWT / ACRE,,STATE,00000000,,00,ALL PRODUCTION PRACTICES,33,CROPS,2005,TOTAL,SURVEY,75,SWEET CORN
UNITED STATES,,,9000,NOT SPECIFIED,YIELD,,33,,YEAR,NEW HAMPSHIRE,VEGETABLES,00,,NEW HAMPSHIRE,ALL CLASSES,,ANNUAL,FRESH MARKET,,,"SWEET CORN, FRESH MARKET - YIELD, MEASURED IN CWT / ACRE",NH,2004-05-15 10:15:06.000,,CWT / ACRE,,STATE,00000000,,00,ALL PRODUCTION PRACTICES,33,CROPS,2004,TOTAL,SURVEY,70,SWEET CORN
UNITED STATES,,,9000,NOT SPECIFIED,YIELD,,33,,YEAR,NEW HAMPSHIRE,VEGETABLES,00,,NEW HAMPSHIRE,ALL CLASSES,,ANNUAL,FRESH MARKET,,,"SWEET CORN, FRESH MARKET - YIELD, MEASURED IN CWT / ACRE",NH,2003-05-15 10:15:06.000,,CWT / ACRE,,STATE,00000000,,00,ALL PRODUCTION PRACTICES,33,CROPS,2003,TOTAL,SURVEY,70,SWEET CORN
UNITED STATES,,,9000,NOT SPECIFIED,YIELD,,33,,YEAR,NEW HAMPSHIRE,VEGETABLES,00,,NEW HAMPSHIRE,ALL CLASSES,,ANNUAL,FRESH MARKET,,,"SWEET CORN, FRESH MARKET - YIELD, MEASURED IN CWT / ACRE",NH,2002-05-15 10:15:06.000,,CWT / ACRE,,STATE,00000000,,00,ALL PRODUCTION PRACTICES,33,CROPS,2002,TOTAL,SURVEY,50,SWEET CORN
UNITED STATES,,,9000,NOT SPECIFIED,YIELD,,33,,YEAR,NEW HAMPSHIRE,VEGETABLES,00,,NEW HAMPSHIRE,ALL CLASSES,,ANNUAL,FRESH MARKET,,,"SWEET CORN, FRESH MARKET - YIELD, MEASURED IN CWT / ACRE",NH,2001-05-15 10:15:06.000,,CWT / ACRE,,STATE,00000000,,00,ALL PRODUCTION PRACTICES,33,CROPS,2001,TOTAL,SURVEY,55,SWEET CORN
UNITED STATES,,,9000,NOT SPECIFIED,YIELD,,33,,YEAR,NEW HAMPSHIRE,VEGETABLES,00,,NEW HAMPSHIRE,ALL CLASSES,,ANNUAL,FRESH MARKET,,,"SWEET CORN, FRESH MARKET - YIELD, MEASURED IN CWT / ACRE",NH,2000-05-15 10:15:06.000,,CWT / ACRE,,STATE,00000000,,00,ALL PRODUCTION PRACTICES,33,CROPS,2000,TOTAL,SURVEY,60,SWEET CORN
UNITED STATES,,,9000,NOT SPECIFIED,YIELD,,33,,YEAR,NEW HAMPSHIRE,VEGETABLES,00,,NEW HAMPSHIRE,ALL CLASSES,,ANNUAL,FRESH MARKET,,,"SWEET CORN, FRESH MARKET - YIELD, MEASURED IN CWT / ACRE",NH,1999-05-15 10:15:06.000,,CWT / ACRE,,STATE,00000000,,00,ALL PRODUCTION PRACTICES,33,CROPS,1999,TOTAL,SURVEY,60,SWEET CORN
UNITED STATES,,,9000,NOT SPECIFIED,YIELD,,33,,YEAR,NEW HAMPSHIRE,VEGETABLES,00,,NEW HAMPSHIRE,ALL CLASSES,,ANNUAL,FRESH MARKET,,,"SWEET CORN, FRESH MARKET - YIELD, MEASURED IN CWT / ACRE",NH,1998-05-15 10:15:06.000,,CWT / ACRE,,STATE,00000000,,00,ALL PRODUCTION PRACTICES,33,CROPS,1998,TOTAL,SURVEY,60,SWEET CORN
