Value,watershed_desc,sector_desc,prodn_practice_desc,load_time,county_name,asd_code,end_code,region_desc,group_desc,domaincat_desc,location_desc,short_desc,year,CV (%),class_desc,begin_code,freq_desc,asd_desc,util_practice_desc,state_alpha,state_fips_code,county_code,congr_district_code,watershed_code,county_ansi,unit_desc,state_name,statisticcat_desc,week_ending,agg_level_desc,reference_period_desc,commodity_desc,zip_5,country_code,source_desc,domain_desc,state_ansi,country_name
                 (D),,CROPS,ALL PRODUCTION PRACTICES,2024-07-02 12:00:00.000,,,00,,CROP TOTALS,IRRIGATION STATUS: (ANY ON OPERATION),RHODE ISLAND,"CROP TOTALS - SALES, MEASURED IN $",2022,(D),ALL CLASSES,00,ANNUAL,,ALL UTILIZATION PRACTICES,RI,44,,,00000000,,$,RHODE ISLAND,SALES,,STATE,YEAR,CROP TOTALS,,9000,CENSUS,IRRIGATION STATUS,44,UNITED STATES
"33,616,000",,CROPS,ALL PRODUCTION PRACTICES,2018-02-01 00:00:00.000,,,00,,CROP TOTALS,IRRIGATION STATUS: (ANY ON OPERATION),RHODE ISLAND,"CROP TOTALS - SALES, MEASURED IN $",2017,9.5,ALL CLASSES,00,ANNUAL,,ALL UTILIZATION PRACTICES,RI,44,,,00000000,,$,RHODE ISLAND,SALES,,STATE,YEAR,CROP TOTALS,,9000,CENSUS,IRRIGATION STATUS,44,UNITED STATES
"41,443,000",,CROPS,ALL PRODUCTION PRACTICES,2012-12-31 00:00:00.000,,,00,,CROP TOTALS,IRRIGATION STATUS: (ANY ON OPERATION),RHODE ISLAND,"CROP TOTALS - SALES, MEASURED IN $",2012,9.7,ALL CLASSES,00,ANNUAL,,ALL UTILIZATION PRACTICES,RI,44,,,00000000,,$,RHODE ISLAND,SALES,,STATE,YEAR,CROP TOTALS,,9000,CENSUS,IRRIGATION STATUS,44,UNITED STATES
"45,021,000",,CROPS,ALL PRODUCTION PRACTICES,2012-01-01 00:00:00.000,,,00,,CROP TOTALS,IRRIGATION STATUS: (ANY ON OPERATION),RHODE ISLAND,"CROP TOTALS - SALES, MEASURED IN $",2007,,ALL CLASSES,00,ANNUAL,,ALL UTILIZATION PRACTICES,RI,44,,,00000000,,$,RHODE ISLAND,SALES,,STATE,YEAR,CROP TOTALS,,9000,CENSUS,IRRIGATION STATUS,44,UNITED STATES
"41,580,000",,CROPS,ALL PRODUCTION PRACTICES,2012-01-01 00:00:00.000,,,00,,CROP TOTALS,IRRIGATION STATUS: (ANY ON OPERATION),RHODE ISLAND,"CROP TOTALS - SALES, MEASURED IN $",2002,,ALL CLASSES,00,ANNUAL,,ALL UTILIZATION PRACTICES,RI,44,,,00000000,,$,RHODE ISLAND,SALES,,STATE,YEAR,CROP TOTALS,,9000,CENSUS,IRRIGATION STATUS,44,UNITED STATES
"30,459,000",,CROPS,ALL PRODUCTION PRACTICES,2012-01-01 00:00:00.000,,,00,,CROP TOTALS,IRRIGATION STATUS: (ANY ON OPERATION),RHODE ISLAND,"CROP TOTALS - SALES, MEASURED IN $",1997,,ALL CLASSES,00,ANNUAL,,ALL UTILIZATION PRACTICES,RI,44,,,00000000,,$,RHODE ISLAND,SALES,,STATE,YEAR,CROP TOTALS,,9000,CENSUS,IRRIGATION STATUS,44,UNITED STATES
"40,608,000",,CROPS,ALL PRODUCTION PRACTICES,2024-07-02 12:00:00.000,,,00,,CROP TOTALS,IRRIGATION STATUS: (HARVESTED CROPLAND IS ENTIRELY IRRIGATED),RHODE ISLAND,"CROP TOTALS - SALES, MEASURED IN $",2022,18.6,ALL CLASSES,00,ANNUAL,,ALL UTILIZATION PRACTICES,RI,44,,,00000000,,$,RHODE ISLAND,SALES,,STATE,YEAR,CROP TOTALS,,9000,CENSUS,IRRIGATION STATUS,44,UNITED STATES
"16,950,000",,CROPS,ALL PRODUCTION PRACTICES,2018-02-01 00:00:00.000,,,00,,CROP TOTALS,IRRIGATION STATUS: (HARVESTED CROPLAND IS ENTIRELY IRRIGATED),RHODE ISLAND,"CROP TOTALS - SALES, MEASURED IN $",2017,16.1,ALL CLASSES,00,ANNUAL,,ALL UTILIZATION PRACTICES,RI,44,,,00000000,,$,RHODE ISLAND,SALES,,STATE,YEAR,CROP TOTALS,,9000,CENSUS,IRRIGATION STATUS,44,UNITED STATES
"21,809,000",,CROPS,ALL PRODUCTION PRACTICES,2012-12-31 00:00:00.000,,,00,,CROP TOTALS,IRRIGATION STATUS: (HARVESTED CROPLAND IS ENTIRELY IRRIGATED),RHODE ISLAND,"CROP TOTALS - SALES, MEASURED IN $",2012,14.6,ALL CLASSES,00,ANNUAL,,ALL UTILIZATION PRACTICES,RI,44,,,00000000,,$,RHODE ISLAND,SALES,,STATE,YEAR,CROP TOTALS,,9000,CENSUS,IRRIGATION STATUS,44,UNITED STATES
"24,448,000",,CROPS,ALL PRODUCTION PRACTICES,2012-01-01 00:00:00.000,,,00,,CROP TOTALS,IRRIGATION STATUS: (HARVESTED CROPLAND IS ENTIRELY IRRIGATED),RHODE ISLAND,"CROP TOTALS - SALES, MEASURED IN $",2007,,ALL CLASSES,00,ANNUAL,,ALL UTILIZATION PRACTICES,RI,44,,,00000000,,$,RHODE ISLAND,SALES,,STATE,YEAR,CROP TOTALS,,9000,CENSUS,IRRIGATION STATUS,44,UNITED STATES
"20,365,000",,CROPS,ALL PRODUCTION PRACTICES,2012-01-01 00:00:00.000,,,00,,CROP TOTALS,IRRIGATION STATUS: (HARVESTED CROPLAND IS ENTIRELY IRRIGATED),RHODE ISLAND,"CROP TOTALS - SALES, MEASURED IN $",2002,,ALL CLASSES,00,ANNUAL,,ALL UTILIZATION PRACTICES,RI,44,,,00000000,,$,RHODE ISLAND,SALES,,STATE,YEAR,CROP TOTALS,,9000,CENSUS,IRRIGATION STATUS,44,UNITED STATES
"10,717,000",,CROPS,ALL PRODUCTION PRACTICES,2012-01-01 00:00:00.000,,,00,,CROP TOTALS,IRRIGATION STATUS: (HARVESTED CROPLAND IS ENTIRELY IRRIGATED),RHODE ISLAND,"CROP TOTALS - SALES, MEASURED IN $",1997,,ALL CLASSES,00,ANNUAL,,ALL UTILIZATION PRACTICES,RI,44,,,00000000,,$,RHODE ISLAND,SALES,,STATE,YEAR,CROP TOTALS,,9000,CENSUS,IRRIGATION STATUS,44,UNITED STATES
                 (D),,CROPS,ALL PRODUCTION PRACTICES,2024-07-02 12:00:00.000,,,00,,CROP TOTALS,IRRIGATION STATUS: (NONE ON OPERATION),RHODE ISLAND,"CROP TOTALS - SALES, MEASURED IN $",2022,(D),ALL CLASSES,00,ANNUAL,,ALL UTILIZATION PRACTICES,RI,44,,,00000000,,$,RHODE ISLAND,SALES,,STATE,YEAR,CROP TOTALS,,9000,CENSUS,IRRIGATION STATUS,44,UNITED STATES
"7,293,000",,CROPS,ALL PRODUCTION PRACTICES,2018-02-01 00:00:00.000,,,00,,CROP TOTALS,IRRIGATION STATUS: (NONE ON OPERATION),RHODE ISLAND,"CROP TOTALS - SALES, MEASURED IN $",2017,4.0,ALL CLASSES,00,ANNUAL,,ALL UTILIZATION PRACTICES,RI,44,,,00000000,,$,RHODE ISLAND,SALES,,STATE,YEAR,CROP TOTALS,,9000,CENSUS,IRRIGATION STATUS,44,UNITED STATES
"7,538,000",,CROPS,ALL PRODUCTION PRACTICES,2012-12-31 00:00:00.000,,,00,,CROP TOTALS,IRRIGATION STATUS: (NONE ON OPERATION),RHODE ISLAND,"CROP TOTALS - SALES, MEASURED IN $",2012,16.8,ALL CLASSES,00,ANNUAL,,ALL UTILIZATION PRACTICES,RI,44,,,00000000,,$,RHODE ISLAND,SALES,,STATE,YEAR,CROP TOTALS,,9000,CENSUS,IRRIGATION STATUS,44,UNITED STATES
"10,581,000",,CROPS,ALL PRODUCTION PRACTICES,2012-01-01 00:00:00.000,,,00,,CROP TOTALS,IRRIGATION STATUS: (NONE ON OPERATION),RHODE ISLAND,"CROP TOTALS - SALES, MEASURED IN $",2007,,ALL CLASSES,00,ANNUAL,,ALL UTILIZATION PRACTICES,RI,44,,,00000000,,$,RHODE ISLAND,SALES,,STATE,YEAR,CROP TOTALS,,9000,CENSUS,IRRIGATION STATUS,44,UNITED STATES
"5,558,000",,CROPS,ALL PRODUCTION PRACTICES,2012-01-01 00:00:00.000,,,00,,CROP TOTALS,IRRIGATION STATUS: (NONE ON OPERATION),RHODE ISLAND,"CROP TOTALS - SALES, MEASURED IN $",2002,,ALL CLASSES,00,ANNUAL,,ALL UTILIZATION PRACTICES,RI,44,,,00000000,,$,RHODE ISLAND,SALES,,STATE,YEAR,CROP TOTALS,,9000,CENSUS,IRRIGATION STATUS,44,UNITED STATES
"11,013,000",,CROPS,ALL PRODUCTION PRACTICES,2012-01-01 00:00:00.000,,,00,,CROP TOTALS,IRRIGATION STATUS: (NONE ON OPERATION),RHODE ISLAND,"CROP TOTALS - SALES, MEASURED IN $",1997,,ALL CLASSES,00,ANNUAL,,ALL UTILIZATION PRACTICES,RI,44,,,00000000,,$,RHODE ISLAND,SALES,,STATE,YEAR,CROP TOTALS,,9000,CENSUS,IRRIGATION STATUS,44,UNITED STATES
"71,744,000",,CROPS,ALL PRODUCTION PRACTICES,2024-07-02 12:00:00.000,,,00,,CROP TOTALS,NAICS CLASSIFICATION: (111),RHODE ISLAND,"CROP TOTALS - SALES, MEASURED IN $",2022,10.8,ALL CLASSES,00,ANNUAL,,ALL UTILIZATION PRACTICES,RI,44,,,00000000,,$,RHODE ISLAND,SALES,,STATE,YEAR,CROP TOTALS,,9000,CENSUS,NAICS CLASSIFICATION,44,UNITED STATES
"40,585,000",,CROPS,ALL PRODUCTION PRACTICES,2018-02-01 00:00:00.000,,,00,,CROP TOTALS,NAICS CLASSIFICATION: (111),RHODE ISLAND,"CROP TOTALS - SALES, MEASURED IN $",2017,7.8,ALL CLASSES,00,ANNUAL,,ALL UTILIZATION PRACTICES,RI,44,,,00000000,,$,RHODE ISLAND,SALES,,STATE,YEAR,CROP TOTALS,,9000,CENSUS,NAICS CLASSIFICATION,44,UNITED STATES
"48,533,000",,CROPS,ALL PRODUCTION PRACTICES,2012-12-31 00:00:00.000,,,00,,CROP TOTALS,NAICS CLASSIFICATION: (111),RHODE ISLAND,"CROP TOTALS - SALES, MEASURED IN $",2012,9.2,ALL CLASSES,00,ANNUAL,,ALL UTILIZATION PRACTICES,RI,44,,,00000000,,$,RHODE ISLAND,SALES,,STATE,YEAR,CROP TOTALS,,9000,CENSUS,NAICS CLASSIFICATION,44,UNITED STATES
"55,387,000",,CROPS,ALL PRODUCTION PRACTICES,2012-01-01 00:00:00.000,,,00,,CROP TOTALS,NAICS CLASSIFICATION: (111),RHODE ISLAND,"CROP TOTALS - SALES, MEASURED IN $",2007,,ALL CLASSES,00,ANNUAL,,ALL UTILIZATION PRACTICES,RI,44,,,00000000,,$,RHODE ISLAND,SALES,,STATE,YEAR,CROP TOTALS,,9000,CENSUS,NAICS CLASSIFICATION,44,UNITED STATES
"47,026,000",,CROPS,ALL PRODUCTION PRACTICES,2012-01-01 00:00:00.000,,,00,,CROP TOTALS,NAICS CLASSIFICATION: (111),RHODE ISLAND,"CROP TOTALS - SALES, MEASURED IN $",2002,,ALL CLASSES,00,ANNUAL,,ALL UTILIZATION PRACTICES,RI,44,,,00000000,,$,RHODE ISLAND,SALES,,STATE,YEAR,CROP TOTALS,,9000,CENSUS,NAICS CLASSIFICATION,44,UNITED STATES
                 (D),,CROPS,ALL PRODUCTION PRACTICES,2024-07-02 12:00:00.000,,,00,,CROP TOTALS,NAICS CLASSIFICATION: (1111),RHODE ISLAND,"CROP TOTALS - SALES, MEASURED IN $",2022,(D),ALL CLASSES,00,ANNUAL,,ALL UTILIZATION PRACTICES,RI,44,,,00000000,,$,RHODE ISLAND,SALES,,STATE,YEAR,CROP TOTALS,,9000,CENSUS,NAICS CLASSIFICATION,44,UNITED STATES
                 (D),,CROPS,ALL PRODUCTION PRACTICES,2018-02-01 00:00:00.000,,,00,,CROP TOTALS,NAICS CLASSIFICATION: (1111),RHODE ISLAND,"CROP TOTALS - SALES, MEASURED IN $",2017,(D),ALL CLASSES,00,ANNUAL,,ALL UTILIZATION PRACTICES,RI,44,,,00000000,,$,RHODE ISLAND,SALES,,STATE,YEAR,CROP TOTALS,,9000,CENSUS,NAICS CLASSIFICATION,44,UNITED STATES
"387,000",,CROPS,ALL PRODUCTION PRACTICES,2012-12-31 00:00:00.000,,,00,,CROP TOTALS,NAICS CLASSIFICATION: (1111),RHODE ISLAND,"CROP TOTALS - SALES, MEASURED IN $",2012,(H),ALL CLASSES,00,ANNUAL,,ALL UTILIZATION PRACTICES,RI,44,,,00000000,,$,RHODE ISLAND,SALES,,STATE,YEAR,CROP TOTALS,,9000,CENSUS,NAICS CLASSIFICATION,44,UNITED STATES
                 (D),,CROPS,ALL PRODUCTION PRACTICES,2012-01-01 00:00:00.000,,,00,,CROP TOTALS,NAICS CLASSIFICATION: (1111),RHODE ISLAND,"CROP TOTALS - SALES, MEASURED IN $",2007,,ALL CLASSES,00,ANNUAL,,ALL UTILIZATION PRACTICES,RI,44,,,00000000,,$,RHODE ISLAND,SALES,,STATE,YEAR,CROP TOTALS,,9000,CENSUS,NAICS CLASSIFICATION,44,UNITED STATES
                 (D),,CROPS,ALL PRODUCTION PRACTICES,2012-01-01 00:00:00.000,,,00,,CROP TOTALS,NAICS CLASSIFICATION: (1111),RHODE ISLAND,"CROP TOTALS - SALES, MEASURED IN $",2002,,ALL CLASSES,00,ANNUAL,,ALL UTILIZATION PRACTICES,RI,44,,,00000000,,$,RHODE ISLAND,SALES,,STATE,YEAR,CROP TOTALS,,9000,CENSUS,NAICS CLASSIFICATION,44,UNITED STATES
                 (D),,CROPS,ALL PRODUCTION PRACTICES,2012-01-01 00:00:00.000,,,00,,CROP TOTALS,NAICS CLASSIFICATION: (11111),RHODE ISLAND,"CROP TOTALS - SALES, MEASURED IN $",2002,,ALL CLASSES,00,ANNUAL,,ALL UTILIZATION PRACTICES,RI,44,,,00000000,,$,RHODE ISLAND,SALES,,STATE,YEAR,CROP TOTALS,,9000,CENSUS,NAICS CLASSIFICATION,44,UNITED STATES
"348,000",,CROPS,ALL PRODUCTION PRACTICES,2012-12-31 00:00:00.000,,,00,,CROP TOTALS,NAICS CLASSIFICATION: (11114),RHODE ISLAND,"CROP TOTALS - SALES, MEASURED IN $",2012,(H),ALL CLASSES,00,ANNUAL,,ALL UTILIZATION PRACTICES,RI,44,,,00000000,,$,RHODE ISLAND,SALES,,STATE,YEAR,CROP TOTALS,,9000,CENSUS,NAICS CLASSIFICATION,44,UNITED STATES
                 (D),,CROPS,ALL PRODUCTION PRACTICES,2024-07-02 12:00:00.000,,,00,,CROP TOTALS,NAICS CLASSIFICATION: (11115),RHODE ISLAND,"CROP TOTALS - SALES, MEASURED IN $",2022,(D),ALL CLASSES,00,ANNUAL,,ALL UTILIZATION PRACTICES,RI,44,,,00000000,,$,RHODE ISLAND,SALES,,STATE,YEAR,CROP TOTALS,,9000,CENSUS,NAICS CLASSIFICATION,44,UNITED STATES
                 (D),,CROPS,ALL PRODUCTION PRACTICES,2018-02-01 00:00:00.000,,,00,,CROP TOTALS,NAICS CLASSIFICATION: (11115),RHODE ISLAND,"CROP TOTALS - SALES, MEASURED IN $",2017,(D),ALL CLASSES,00,ANNUAL,,ALL UTILIZATION PRACTICES,RI,44,,,00000000,,$,RHODE ISLAND,SALES,,STATE,YEAR,CROP TOTALS,,9000,CENSUS,NAICS CLASSIFICATION,44,UNITED STATES
"39,000",,CROPS,ALL PRODUCTION PRACTICES,2012-12-31 00:00:00.000,,,00,,CROP TOTALS,NAICS CLASSIFICATION: (11115),RHODE ISLAND,"CROP TOTALS - SALES, MEASURED IN $",2012,72.2,ALL CLASSES,00,ANNUAL,,ALL UTILIZATION PRACTICES,RI,44,,,00000000,,$,RHODE ISLAND,SALES,,STATE,YEAR,CROP TOTALS,,9000,CENSUS,NAICS CLASSIFICATION,44,UNITED STATES
                 (D),,CROPS,ALL PRODUCTION PRACTICES,2012-01-01 00:00:00.000,,,00,,CROP TOTALS,NAICS CLASSIFICATION: (11115),RHODE ISLAND,"CROP TOTALS - SALES, MEASURED IN $",2007,,ALL CLASSES,00,ANNUAL,,ALL UTILIZATION PRACTICES,RI,44,,,00000000,,$,RHODE ISLAND,SALES,,STATE,YEAR,CROP TOTALS,,9000,CENSUS,NAICS CLASSIFICATION,44,UNITED STATES
                 (D),,CROPS,ALL PRODUCTION PRACTICES,2012-01-01 00:00:00.000,,,00,,CROP TOTALS,NAICS CLASSIFICATION: (11115),RHODE ISLAND,"CROP TOTALS - SALES, MEASURED IN $",2002,,ALL CLASSES,00,ANNUAL,,ALL UTILIZATION PRACTICES,RI,44,,,00000000,,$,RHODE ISLAND,SALES,,STATE,YEAR,CROP TOTALS,,9000,CENSUS,NAICS CLASSIFICATION,44,UNITED STATES
                 (D),,CROPS,ALL PRODUCTION PRACTICES,2012-01-01 00:00:00.000,,,00,,CROP TOTALS,NAICS CLASSIFICATION: (11119),RHODE ISLAND,"CROP TOTALS - SALES, MEASURED IN $",2002,,ALL CLASSES,00,ANNUAL,,ALL UTILIZATION PRACTICES,RI,44,,,00000000,,$,RHODE ISLAND,SALES,,STATE,YEAR,CROP TOTALS,,9000,CENSUS,NAICS CLASSIFICATION,44,UNITED STATES
"16,274,000",,CROPS,ALL PRODUCTION PRACTICES,2024-07-02 12:00:00.000,,,00,,CROP TOTALS,NAICS CLASSIFICATION: (1112),RHODE ISLAND,"CROP TOTALS - SALES, MEASURED IN $",2022,7.1,ALL CLASSES,00,ANNUAL,,ALL UTILIZATION PRACTICES,RI,44,,,00000000,,$,RHODE ISLAND,SALES,,STATE,YEAR,CROP TOTALS,,9000,CENSUS,NAICS CLASSIFICATION,44,UNITED STATES
"8,773,000",,CROPS,ALL PRODUCTION PRACTICES,2018-02-01 00:00:00.000,,,00,,CROP TOTALS,NAICS CLASSIFICATION: (1112),RHODE ISLAND,"CROP TOTALS - SALES, MEASURED IN $",2017,23.0,ALL CLASSES,00,ANNUAL,,ALL UTILIZATION PRACTICES,RI,44,,,00000000,,$,RHODE ISLAND,SALES,,STATE,YEAR,CROP TOTALS,,9000,CENSUS,NAICS CLASSIFICATION,44,UNITED STATES
                 (D),,CROPS,ALL PRODUCTION PRACTICES,2012-12-31 00:00:00.000,,,00,,CROP TOTALS,NAICS CLASSIFICATION: (1112),RHODE ISLAND,"CROP TOTALS - SALES, MEASURED IN $",2012,(D),ALL CLASSES,00,ANNUAL,,ALL UTILIZATION PRACTICES,RI,44,,,00000000,,$,RHODE ISLAND,SALES,,STATE,YEAR,CROP TOTALS,,9000,CENSUS,NAICS CLASSIFICATION,44,UNITED STATES
"7,878,000",,CROPS,ALL PRODUCTION PRACTICES,2012-01-01 00:00:00.000,,,00,,CROP TOTALS,NAICS CLASSIFICATION: (1112),RHODE ISLAND,"CROP TOTALS - SALES, MEASURED IN $",2007,,ALL CLASSES,00,ANNUAL,,ALL UTILIZATION PRACTICES,RI,44,,,00000000,,$,RHODE ISLAND,SALES,,STATE,YEAR,CROP TOTALS,,9000,CENSUS,NAICS CLASSIFICATION,44,UNITED STATES
"5,853,000",,CROPS,ALL PRODUCTION PRACTICES,2012-01-01 00:00:00.000,,,00,,CROP TOTALS,NAICS CLASSIFICATION: (1112),RHODE ISLAND,"CROP TOTALS - SALES, MEASURED IN $",2002,,ALL CLASSES,00,ANNUAL,,ALL UTILIZATION PRACTICES,RI,44,,,00000000,,$,RHODE ISLAND,SALES,,STATE,YEAR,CROP TOTALS,,9000,CENSUS,NAICS CLASSIFICATION,44,UNITED STATES
"3,738,000",,CROPS,ALL PRODUCTION PRACTICES,2024-07-02 12:00:00.000,,,00,,CROP TOTALS,NAICS CLASSIFICATION: (111211),RHODE ISLAND,"CROP TOTALS - SALES, MEASURED IN $",2022,0.8,ALL CLASSES,00,ANNUAL,,ALL UTILIZATION PRACTICES,RI,44,,,00000000,,$,RHODE ISLAND,SALES,,STATE,YEAR,CROP TOTALS,,9000,CENSUS,NAICS CLASSIFICATION,44,UNITED STATES
                 (D),,CROPS,ALL PRODUCTION PRACTICES,2018-02-01 00:00:00.000,,,00,,CROP TOTALS,NAICS CLASSIFICATION: (111211),RHODE ISLAND,"CROP TOTALS - SALES, MEASURED IN $",2017,(D),ALL CLASSES,00,ANNUAL,,ALL UTILIZATION PRACTICES,RI,44,,,00000000,,$,RHODE ISLAND,SALES,,STATE,YEAR,CROP TOTALS,,9000,CENSUS,NAICS CLASSIFICATION,44,UNITED STATES
"2,123,000",,CROPS,ALL PRODUCTION PRACTICES,2012-12-31 00:00:00.000,,,00,,CROP TOTALS,NAICS CLASSIFICATION: (111211),RHODE ISLAND,"CROP TOTALS - SALES, MEASURED IN $",2012,3.0,ALL CLASSES,00,ANNUAL,,ALL UTILIZATION PRACTICES,RI,44,,,00000000,,$,RHODE ISLAND,SALES,,STATE,YEAR,CROP TOTALS,,9000,CENSUS,NAICS CLASSIFICATION,44,UNITED STATES
                 (D),,CROPS,ALL PRODUCTION PRACTICES,2012-01-01 00:00:00.000,,,00,,CROP TOTALS,NAICS CLASSIFICATION: (111211),RHODE ISLAND,"CROP TOTALS - SALES, MEASURED IN $",2007,,ALL CLASSES,00,ANNUAL,,ALL UTILIZATION PRACTICES,RI,44,,,00000000,,$,RHODE ISLAND,SALES,,STATE,YEAR,CROP TOTALS,,9000,CENSUS,NAICS CLASSIFICATION,44,UNITED STATES
"1,072,000",,CROPS,ALL PRODUCTION PRACTICES,2012-01-01 00:00:00.000,,,00,,CROP TOTALS,NAICS CLASSIFICATION: (111211),RHODE ISLAND,"CROP TOTALS - SALES, MEASURED IN $",2002,,ALL CLASSES,00,ANNUAL,,ALL UTILIZATION PRACTICES,RI,44,,,00000000,,$,RHODE ISLAND,SALES,,STATE,YEAR,CROP TOTALS,,9000,CENSUS,NAICS CLASSIFICATION,44,UNITED STATES
"12,535,000",,CROPS,ALL PRODUCTION PRACTICES,2024-07-02 12:00:00.000,,,00,,CROP TOTALS,NAICS CLASSIFICATION: (111219),RHODE ISLAND,"CROP TOTALS - SALES, MEASURED IN $",2022,9.1,ALL CLASSES,00,ANNUAL,,ALL UTILIZATION PRACTICES,RI,44,,,00000000,,$,RHODE ISLAND,SALES,,STATE,YEAR,CROP TOTALS,,9000,CENSUS,NAICS CLASSIFICATION,44,UNITED STATES
                 (D),,CROPS,ALL PRODUCTION PRACTICES,2018-02-01 00:00:00.000,,,00,,CROP TOTALS,NAICS CLASSIFICATION: (111219),RHODE ISLAND,"CROP TOTALS - SALES, MEASURED IN $",2017,(D),ALL CLASSES,00,ANNUAL,,ALL UTILIZATION PRACTICES,RI,44,,,00000000,,$,RHODE ISLAND,SALES,,STATE,YEAR,CROP TOTALS,,9000,CENSUS,NAICS CLASSIFICATION,44,UNITED STATES
                 (D),,CROPS,ALL PRODUCTION PRACTICES,2012-12-31 00:00:00.000,,,00,,CROP TOTALS,NAICS CLASSIFICATION: (111219),RHODE ISLAND,"CROP TOTALS - SALES, MEASURED IN $",2012,(D),ALL CLASSES,00,ANNUAL,,ALL UTILIZATION PRACTICES,RI,44,,,00000000,,$,RHODE ISLAND,SALES,,STATE,YEAR,CROP TOTALS,,9000,CENSUS,NAICS CLASSIFICATION,44,UNITED STATES
                 (D),,CROPS,ALL PRODUCTION PRACTICES,2012-01-01 00:00:00.000,,,00,,CROP TOTALS,NAICS CLASSIFICATION: (111219),RHODE ISLAND,"CROP TOTALS - SALES, MEASURED IN $",2007,,ALL CLASSES,00,ANNUAL,,ALL UTILIZATION PRACTICES,RI,44,,,00000000,,$,RHODE ISLAND,SALES,,STATE,YEAR,CROP TOTALS,,9000,CENSUS,NAICS CLASSIFICATION,44,UNITED STATES
"4,780,000",,CROPS,ALL PRODUCTION PRACTICES,2012-01-01 00:00:00.000,,,00,,CROP TOTALS,NAICS CLASSIFICATION: (111219),RHODE ISLAND,"CROP TOTALS - SALES, MEASURED IN $",2002,,ALL CLASSES,00,ANNUAL,,ALL UTILIZATION PRACTICES,RI,44,,,00000000,,$,RHODE ISLAND,SALES,,STATE,YEAR,CROP TOTALS,,9000,CENSUS,NAICS CLASSIFICATION,44,UNITED STATES
                 (D),,CROPS,ALL PRODUCTION PRACTICES,2024-07-02 12:00:00.000,,,00,,CROP TOTALS,NAICS CLASSIFICATION: (1113),RHODE ISLAND,"CROP TOTALS - SALES, MEASURED IN $",2022,(D),ALL CLASSES,00,ANNUAL,,ALL UTILIZATION PRACTICES,RI,44,,,00000000,,$,RHODE ISLAND,SALES,,STATE,YEAR,CROP TOTALS,,9000,CENSUS,NAICS CLASSIFICATION,44,UNITED STATES
                 (D),,CROPS,ALL PRODUCTION PRACTICES,2018-02-01 00:00:00.000,,,00,,CROP TOTALS,NAICS CLASSIFICATION: (1113),RHODE ISLAND,"CROP TOTALS - SALES, MEASURED IN $",2017,(D),ALL CLASSES,00,ANNUAL,,ALL UTILIZATION PRACTICES,RI,44,,,00000000,,$,RHODE ISLAND,SALES,,STATE,YEAR,CROP TOTALS,,9000,CENSUS,NAICS CLASSIFICATION,44,UNITED STATES
                 (D),,CROPS,ALL PRODUCTION PRACTICES,2012-12-31 00:00:00.000,,,00,,CROP TOTALS,NAICS CLASSIFICATION: (1113),RHODE ISLAND,"CROP TOTALS - SALES, MEASURED IN $",2012,(D),ALL CLASSES,00,ANNUAL,,ALL UTILIZATION PRACTICES,RI,44,,,00000000,,$,RHODE ISLAND,SALES,,STATE,YEAR,CROP TOTALS,,9000,CENSUS,NAICS CLASSIFICATION,44,UNITED STATES
                 (D),,CROPS,ALL PRODUCTION PRACTICES,2012-01-01 00:00:00.000,,,00,,CROP TOTALS,NAICS CLASSIFICATION: (1113),RHODE ISLAND,"CROP TOTALS - SALES, MEASURED IN $",2007,,ALL CLASSES,00,ANNUAL,,ALL UTILIZATION PRACTICES,RI,44,,,00000000,,$,RHODE ISLAND,SALES,,STATE,YEAR,CROP TOTALS,,9000,CENSUS,NAICS CLASSIFICATION,44,UNITED STATES
                 (D),,CROPS,ALL PRODUCTION PRACTICES,2012-01-01 00:00:00.000,,,00,,CROP TOTALS,NAICS CLASSIFICATION: (1113),RHODE ISLAND,"CROP TOTALS - SALES, MEASURED IN $",2002,,ALL CLASSES,00,ANNUAL,,ALL UTILIZATION PRACTICES,RI,44,,,00000000,,$,RHODE ISLAND,SALES,,STATE,YEAR,CROP TOTALS,,9000,CENSUS,NAICS CLASSIFICATION,44,UNITED STATES
                 (D),,CROPS,ALL PRODUCTION PRACTICES,2024-07-02 12:00:00.000,,,00,,CROP TOTALS,NAICS CLASSIFICATION: (11133),RHODE ISLAND,"CROP TOTALS - SALES, MEASURED IN $",2022,(D),ALL CLASSES,00,ANNUAL,,ALL UTILIZATION PRACTICES,RI,44,,,00000000,,$,RHODE ISLAND,SALES,,STATE,YEAR,CROP TOTALS,,9000,CENSUS,NAICS CLASSIFICATION,44,UNITED STATES
                 (D),,CROPS,ALL PRODUCTION PRACTICES,2018-02-01 00:00:00.000,,,00,,CROP TOTALS,NAICS CLASSIFICATION: (11133),RHODE ISLAND,"CROP TOTALS - SALES, MEASURED IN $",2017,(D),ALL CLASSES,00,ANNUAL,,ALL UTILIZATION PRACTICES,RI,44,,,00000000,,$,RHODE ISLAND,SALES,,STATE,YEAR,CROP TOTALS,,9000,CENSUS,NAICS CLASSIFICATION,44,UNITED STATES
                 (D),,CROPS,ALL PRODUCTION PRACTICES,2012-12-31 00:00:00.000,,,00,,CROP TOTALS,NAICS CLASSIFICATION: (11133),RHODE ISLAND,"CROP TOTALS - SALES, MEASURED IN $",2012,(D),ALL CLASSES,00,ANNUAL,,ALL UTILIZATION PRACTICES,RI,44,,,00000000,,$,RHODE ISLAND,SALES,,STATE,YEAR,CROP TOTALS,,9000,CENSUS,NAICS CLASSIFICATION,44,UNITED STATES
                 (D),,CROPS,ALL PRODUCTION PRACTICES,2012-01-01 00:00:00.000,,,00,,CROP TOTALS,NAICS CLASSIFICATION: (11133),RHODE ISLAND,"CROP TOTALS - SALES, MEASURED IN $",2007,,ALL CLASSES,00,ANNUAL,,ALL UTILIZATION PRACTICES,RI,44,,,00000000,,$,RHODE ISLAND,SALES,,STATE,YEAR,CROP TOTALS,,9000,CENSUS,NAICS CLASSIFICATION,44,UNITED STATES
                 (D),,CROPS,ALL PRODUCTION PRACTICES,2012-01-01 00:00:00.000,,,00,,CROP TOTALS,NAICS CLASSIFICATION: (11133),RHODE ISLAND,"CROP TOTALS - SALES, MEASURED IN $",2002,,ALL CLASSES,00,ANNUAL,,ALL UTILIZATION PRACTICES,RI,44,,,00000000,,$,RHODE ISLAND,SALES,,STATE,YEAR,CROP TOTALS,,9000,CENSUS,NAICS CLASSIFICATION,44,UNITED STATES
                 (D),,CROPS,ALL PRODUCTION PRACTICES,2024-07-02 12:00:00.000,,,00,,CROP TOTALS,NAICS CLASSIFICATION: (111331),RHODE ISLAND,"CROP TOTALS - SALES, MEASURED IN $",2022,(D),ALL CLASSES,00,ANNUAL,,ALL UTILIZATION PRACTICES,RI,44,,,00000000,,$,RHODE ISLAND,SALES,,STATE,YEAR,CROP TOTALS,,9000,CENSUS,NAICS CLASSIFICATION,44,UNITED STATES
                 (D),,CROPS,ALL PRODUCTION PRACTICES,2018-02-01 00:00:00.000,,,00,,CROP TOTALS,NAICS CLASSIFICATION: (111331),RHODE ISLAND,"CROP TOTALS - SALES, MEASURED IN $",2017,(D),ALL CLASSES,00,ANNUAL,,ALL UTILIZATION PRACTICES,RI,44,,,00000000,,$,RHODE ISLAND,SALES,,STATE,YEAR,CROP TOTALS,,9000,CENSUS,NAICS CLASSIFICATION,44,UNITED STATES
                 (D),,CROPS,ALL PRODUCTION PRACTICES,2012-12-31 00:00:00.000,,,00,,CROP TOTALS,NAICS CLASSIFICATION: (111331),RHODE ISLAND,"CROP TOTALS - SALES, MEASURED IN $",2012,(D),ALL CLASSES,00,ANNUAL,,ALL UTILIZATION PRACTICES,RI,44,,,00000000,,$,RHODE ISLAND,SALES,,STATE,YEAR,CROP TOTALS,,9000,CENSUS,NAICS CLASSIFICATION,44,UNITED STATES
"1,362,000",,CROPS,ALL PRODUCTION PRACTICES,2012-01-01 00:00:00.000,,,00,,CROP TOTALS,NAICS CLASSIFICATION: (111331),RHODE ISLAND,"CROP TOTALS - SALES, MEASURED IN $",2007,,ALL CLASSES,00,ANNUAL,,ALL UTILIZATION PRACTICES,RI,44,,,00000000,,$,RHODE ISLAND,SALES,,STATE,YEAR,CROP TOTALS,,9000,CENSUS,NAICS CLASSIFICATION,44,UNITED STATES
                 (D),,CROPS,ALL PRODUCTION PRACTICES,2012-01-01 00:00:00.000,,,00,,CROP TOTALS,NAICS CLASSIFICATION: (111331),RHODE ISLAND,"CROP TOTALS - SALES, MEASURED IN $",2002,,ALL CLASSES,00,ANNUAL,,ALL UTILIZATION PRACTICES,RI,44,,,00000000,,$,RHODE ISLAND,SALES,,STATE,YEAR,CROP TOTALS,,9000,CENSUS,NAICS CLASSIFICATION,44,UNITED STATES
"640,000",,CROPS,ALL PRODUCTION PRACTICES,2024-07-02 12:00:00.000,,,00,,CROP TOTALS,NAICS CLASSIFICATION: (111332),RHODE ISLAND,"CROP TOTALS - SALES, MEASURED IN $",2022,16.6,ALL CLASSES,00,ANNUAL,,ALL UTILIZATION PRACTICES,RI,44,,,00000000,,$,RHODE ISLAND,SALES,,STATE,YEAR,CROP TOTALS,,9000,CENSUS,NAICS CLASSIFICATION,44,UNITED STATES
"375,000",,CROPS,ALL PRODUCTION PRACTICES,2018-02-01 00:00:00.000,,,00,,CROP TOTALS,NAICS CLASSIFICATION: (111332),RHODE ISLAND,"CROP TOTALS - SALES, MEASURED IN $",2017,18.7,ALL CLASSES,00,ANNUAL,,ALL UTILIZATION PRACTICES,RI,44,,,00000000,,$,RHODE ISLAND,SALES,,STATE,YEAR,CROP TOTALS,,9000,CENSUS,NAICS CLASSIFICATION,44,UNITED STATES
                 (D),,CROPS,ALL PRODUCTION PRACTICES,2012-12-31 00:00:00.000,,,00,,CROP TOTALS,NAICS CLASSIFICATION: (111332),RHODE ISLAND,"CROP TOTALS - SALES, MEASURED IN $",2012,(D),ALL CLASSES,00,ANNUAL,,ALL UTILIZATION PRACTICES,RI,44,,,00000000,,$,RHODE ISLAND,SALES,,STATE,YEAR,CROP TOTALS,,9000,CENSUS,NAICS CLASSIFICATION,44,UNITED STATES
                 (D),,CROPS,ALL PRODUCTION PRACTICES,2012-01-01 00:00:00.000,,,00,,CROP TOTALS,NAICS CLASSIFICATION: (111332),RHODE ISLAND,"CROP TOTALS - SALES, MEASURED IN $",2007,,ALL CLASSES,00,ANNUAL,,ALL UTILIZATION PRACTICES,RI,44,,,00000000,,$,RHODE ISLAND,SALES,,STATE,YEAR,CROP TOTALS,,9000,CENSUS,NAICS CLASSIFICATION,44,UNITED STATES
                 (D),,CROPS,ALL PRODUCTION PRACTICES,2012-01-01 00:00:00.000,,,00,,CROP TOTALS,NAICS CLASSIFICATION: (111332),RHODE ISLAND,"CROP TOTALS - SALES, MEASURED IN $",2002,,ALL CLASSES,00,ANNUAL,,ALL UTILIZATION PRACTICES,RI,44,,,00000000,,$,RHODE ISLAND,SALES,,STATE,YEAR,CROP TOTALS,,9000,CENSUS,NAICS CLASSIFICATION,44,UNITED STATES
"750,000",,CROPS,ALL PRODUCTION PRACTICES,2024-07-02 12:00:00.000,,,00,,CROP TOTALS,NAICS CLASSIFICATION: (111333),RHODE ISLAND,"CROP TOTALS - SALES, MEASURED IN $",2022,53.8,ALL CLASSES,00,ANNUAL,,ALL UTILIZATION PRACTICES,RI,44,,,00000000,,$,RHODE ISLAND,SALES,,STATE,YEAR,CROP TOTALS,,9000,CENSUS,NAICS CLASSIFICATION,44,UNITED STATES
                 (D),,CROPS,ALL PRODUCTION PRACTICES,2018-02-01 00:00:00.000,,,00,,CROP TOTALS,NAICS CLASSIFICATION: (111333),RHODE ISLAND,"CROP TOTALS - SALES, MEASURED IN $",2017,(D),ALL CLASSES,00,ANNUAL,,ALL UTILIZATION PRACTICES,RI,44,,,00000000,,$,RHODE ISLAND,SALES,,STATE,YEAR,CROP TOTALS,,9000,CENSUS,NAICS CLASSIFICATION,44,UNITED STATES
"84,000",,CROPS,ALL PRODUCTION PRACTICES,2012-01-01 00:00:00.000,,,00,,CROP TOTALS,NAICS CLASSIFICATION: (111333),RHODE ISLAND,"CROP TOTALS - SALES, MEASURED IN $",2007,,ALL CLASSES,00,ANNUAL,,ALL UTILIZATION PRACTICES,RI,44,,,00000000,,$,RHODE ISLAND,SALES,,STATE,YEAR,CROP TOTALS,,9000,CENSUS,NAICS CLASSIFICATION,44,UNITED STATES
                 (D),,CROPS,ALL PRODUCTION PRACTICES,2012-01-01 00:00:00.000,,,00,,CROP TOTALS,NAICS CLASSIFICATION: (111333),RHODE ISLAND,"CROP TOTALS - SALES, MEASURED IN $",2002,,ALL CLASSES,00,ANNUAL,,ALL UTILIZATION PRACTICES,RI,44,,,00000000,,$,RHODE ISLAND,SALES,,STATE,YEAR,CROP TOTALS,,9000,CENSUS,NAICS CLASSIFICATION,44,UNITED STATES
                 (D),,CROPS,ALL PRODUCTION PRACTICES,2024-07-02 12:00:00.000,,,00,,CROP TOTALS,NAICS CLASSIFICATION: (111334),RHODE ISLAND,"CROP TOTALS - SALES, MEASURED IN $",2022,(D),ALL CLASSES,00,ANNUAL,,ALL UTILIZATION PRACTICES,RI,44,,,00000000,,$,RHODE ISLAND,SALES,,STATE,YEAR,CROP TOTALS,,9000,CENSUS,NAICS CLASSIFICATION,44,UNITED STATES
"1,034,000",,CROPS,ALL PRODUCTION PRACTICES,2018-02-01 00:00:00.000,,,00,,CROP TOTALS,NAICS CLASSIFICATION: (111334),RHODE ISLAND,"CROP TOTALS - SALES, MEASURED IN $",2017,19.3,ALL CLASSES,00,ANNUAL,,ALL UTILIZATION PRACTICES,RI,44,,,00000000,,$,RHODE ISLAND,SALES,,STATE,YEAR,CROP TOTALS,,9000,CENSUS,NAICS CLASSIFICATION,44,UNITED STATES
"2,246,000",,CROPS,ALL PRODUCTION PRACTICES,2012-12-31 00:00:00.000,,,00,,CROP TOTALS,NAICS CLASSIFICATION: (111334),RHODE ISLAND,"CROP TOTALS - SALES, MEASURED IN $",2012,58.4,ALL CLASSES,00,ANNUAL,,ALL UTILIZATION PRACTICES,RI,44,,,00000000,,$,RHODE ISLAND,SALES,,STATE,YEAR,CROP TOTALS,,9000,CENSUS,NAICS CLASSIFICATION,44,UNITED STATES
                 (D),,CROPS,ALL PRODUCTION PRACTICES,2012-01-01 00:00:00.000,,,00,,CROP TOTALS,NAICS CLASSIFICATION: (111334),RHODE ISLAND,"CROP TOTALS - SALES, MEASURED IN $",2007,,ALL CLASSES,00,ANNUAL,,ALL UTILIZATION PRACTICES,RI,44,,,00000000,,$,RHODE ISLAND,SALES,,STATE,YEAR,CROP TOTALS,,9000,CENSUS,NAICS CLASSIFICATION,44,UNITED STATES
                 (D),,CROPS,ALL PRODUCTION PRACTICES,2012-01-01 00:00:00.000,,,00,,CROP TOTALS,NAICS CLASSIFICATION: (111334),RHODE ISLAND,"CROP TOTALS - SALES, MEASURED IN $",2002,,ALL CLASSES,00,ANNUAL,,ALL UTILIZATION PRACTICES,RI,44,,,00000000,,$,RHODE ISLAND,SALES,,STATE,YEAR,CROP TOTALS,,9000,CENSUS,NAICS CLASSIFICATION,44,UNITED STATES
                 (D),,CROPS,ALL PRODUCTION PRACTICES,2018-02-01 00:00:00.000,,,00,,CROP TOTALS,NAICS CLASSIFICATION: (111335),RHODE ISLAND,"CROP TOTALS - SALES, MEASURED IN $",2017,(D),ALL CLASSES,00,ANNUAL,,ALL UTILIZATION PRACTICES,RI,44,,,00000000,,$,RHODE ISLAND,SALES,,STATE,YEAR,CROP TOTALS,,9000,CENSUS,NAICS CLASSIFICATION,44,UNITED STATES
"236,000",,CROPS,ALL PRODUCTION PRACTICES,2024-07-02 12:00:00.000,,,00,,CROP TOTALS,NAICS CLASSIFICATION: (111339),RHODE ISLAND,"CROP TOTALS - SALES, MEASURED IN $",2022,23.7,ALL CLASSES,00,ANNUAL,,ALL UTILIZATION PRACTICES,RI,44,,,00000000,,$,RHODE ISLAND,SALES,,STATE,YEAR,CROP TOTALS,,9000,CENSUS,NAICS CLASSIFICATION,44,UNITED STATES
"296,000",,CROPS,ALL PRODUCTION PRACTICES,2018-02-01 00:00:00.000,,,00,,CROP TOTALS,NAICS CLASSIFICATION: (111339),RHODE ISLAND,"CROP TOTALS - SALES, MEASURED IN $",2017,4.4,ALL CLASSES,00,ANNUAL,,ALL UTILIZATION PRACTICES,RI,44,,,00000000,,$,RHODE ISLAND,SALES,,STATE,YEAR,CROP TOTALS,,9000,CENSUS,NAICS CLASSIFICATION,44,UNITED STATES
                 (D),,CROPS,ALL PRODUCTION PRACTICES,2012-12-31 00:00:00.000,,,00,,CROP TOTALS,NAICS CLASSIFICATION: (111339),RHODE ISLAND,"CROP TOTALS - SALES, MEASURED IN $",2012,(D),ALL CLASSES,00,ANNUAL,,ALL UTILIZATION PRACTICES,RI,44,,,00000000,,$,RHODE ISLAND,SALES,,STATE,YEAR,CROP TOTALS,,9000,CENSUS,NAICS CLASSIFICATION,44,UNITED STATES
                 (D),,CROPS,ALL PRODUCTION PRACTICES,2012-01-01 00:00:00.000,,,00,,CROP TOTALS,NAICS CLASSIFICATION: (111339),RHODE ISLAND,"CROP TOTALS - SALES, MEASURED IN $",2007,,ALL CLASSES,00,ANNUAL,,ALL UTILIZATION PRACTICES,RI,44,,,00000000,,$,RHODE ISLAND,SALES,,STATE,YEAR,CROP TOTALS,,9000,CENSUS,NAICS CLASSIFICATION,44,UNITED STATES
                 (D),,CROPS,ALL PRODUCTION PRACTICES,2012-01-01 00:00:00.000,,,00,,CROP TOTALS,NAICS CLASSIFICATION: (111339),RHODE ISLAND,"CROP TOTALS - SALES, MEASURED IN $",2002,,ALL CLASSES,00,ANNUAL,,ALL UTILIZATION PRACTICES,RI,44,,,00000000,,$,RHODE ISLAND,SALES,,STATE,YEAR,CROP TOTALS,,9000,CENSUS,NAICS CLASSIFICATION,44,UNITED STATES
"49,940,000",,CROPS,ALL PRODUCTION PRACTICES,2024-07-02 12:00:00.000,,,00,,CROP TOTALS,NAICS CLASSIFICATION: (1114),RHODE ISLAND,"CROP TOTALS - SALES, MEASURED IN $",2022,13.4,ALL CLASSES,00,ANNUAL,,ALL UTILIZATION PRACTICES,RI,44,,,00000000,,$,RHODE ISLAND,SALES,,STATE,YEAR,CROP TOTALS,,9000,CENSUS,NAICS CLASSIFICATION,44,UNITED STATES
                 (D),,CROPS,ALL PRODUCTION PRACTICES,2018-02-01 00:00:00.000,,,00,,CROP TOTALS,NAICS CLASSIFICATION: (1114),RHODE ISLAND,"CROP TOTALS - SALES, MEASURED IN $",2017,(D),ALL CLASSES,00,ANNUAL,,ALL UTILIZATION PRACTICES,RI,44,,,00000000,,$,RHODE ISLAND,SALES,,STATE,YEAR,CROP TOTALS,,9000,CENSUS,NAICS CLASSIFICATION,44,UNITED STATES
"32,669,000",,CROPS,ALL PRODUCTION PRACTICES,2012-12-31 00:00:00.000,,,00,,CROP TOTALS,NAICS CLASSIFICATION: (1114),RHODE ISLAND,"CROP TOTALS - SALES, MEASURED IN $",2012,13.1,ALL CLASSES,00,ANNUAL,,ALL UTILIZATION PRACTICES,RI,44,,,00000000,,$,RHODE ISLAND,SALES,,STATE,YEAR,CROP TOTALS,,9000,CENSUS,NAICS CLASSIFICATION,44,UNITED STATES
"40,497,000",,CROPS,ALL PRODUCTION PRACTICES,2012-01-01 00:00:00.000,,,00,,CROP TOTALS,NAICS CLASSIFICATION: (1114),RHODE ISLAND,"CROP TOTALS - SALES, MEASURED IN $",2007,,ALL CLASSES,00,ANNUAL,,ALL UTILIZATION PRACTICES,RI,44,,,00000000,,$,RHODE ISLAND,SALES,,STATE,YEAR,CROP TOTALS,,9000,CENSUS,NAICS CLASSIFICATION,44,UNITED STATES
"38,150,000",,CROPS,ALL PRODUCTION PRACTICES,2012-01-01 00:00:00.000,,,00,,CROP TOTALS,NAICS CLASSIFICATION: (1114),RHODE ISLAND,"CROP TOTALS - SALES, MEASURED IN $",2002,,ALL CLASSES,00,ANNUAL,,ALL UTILIZATION PRACTICES,RI,44,,,00000000,,$,RHODE ISLAND,SALES,,STATE,YEAR,CROP TOTALS,,9000,CENSUS,NAICS CLASSIFICATION,44,UNITED STATES
"7,994,000",,CROPS,ALL PRODUCTION PRACTICES,2024-07-02 12:00:00.000,,,00,,CROP TOTALS,NAICS CLASSIFICATION: (11141),RHODE ISLAND,"CROP TOTALS - SALES, MEASURED IN $",2022,31.9,ALL CLASSES,00,ANNUAL,,ALL UTILIZATION PRACTICES,RI,44,,,00000000,,$,RHODE ISLAND,SALES,,STATE,YEAR,CROP TOTALS,,9000,CENSUS,NAICS CLASSIFICATION,44,UNITED STATES
                 (D),,CROPS,ALL PRODUCTION PRACTICES,2018-02-01 00:00:00.000,,,00,,CROP TOTALS,NAICS CLASSIFICATION: (11141),RHODE ISLAND,"CROP TOTALS - SALES, MEASURED IN $",2017,(D),ALL CLASSES,00,ANNUAL,,ALL UTILIZATION PRACTICES,RI,44,,,00000000,,$,RHODE ISLAND,SALES,,STATE,YEAR,CROP TOTALS,,9000,CENSUS,NAICS CLASSIFICATION,44,UNITED STATES
"386,000",,CROPS,ALL PRODUCTION PRACTICES,2012-12-31 00:00:00.000,,,00,,CROP TOTALS,NAICS CLASSIFICATION: (11141),RHODE ISLAND,"CROP TOTALS - SALES, MEASURED IN $",2012,69.5,ALL CLASSES,00,ANNUAL,,ALL UTILIZATION PRACTICES,RI,44,,,00000000,,$,RHODE ISLAND,SALES,,STATE,YEAR,CROP TOTALS,,9000,CENSUS,NAICS CLASSIFICATION,44,UNITED STATES
                 (D),,CROPS,ALL PRODUCTION PRACTICES,2012-01-01 00:00:00.000,,,00,,CROP TOTALS,NAICS CLASSIFICATION: (11141),RHODE ISLAND,"CROP TOTALS - SALES, MEASURED IN $",2007,,ALL CLASSES,00,ANNUAL,,ALL UTILIZATION PRACTICES,RI,44,,,00000000,,$,RHODE ISLAND,SALES,,STATE,YEAR,CROP TOTALS,,9000,CENSUS,NAICS CLASSIFICATION,44,UNITED STATES
"173,000",,CROPS,ALL PRODUCTION PRACTICES,2012-01-01 00:00:00.000,,,00,,CROP TOTALS,NAICS CLASSIFICATION: (11141),RHODE ISLAND,"CROP TOTALS - SALES, MEASURED IN $",2002,,ALL CLASSES,00,ANNUAL,,ALL UTILIZATION PRACTICES,RI,44,,,00000000,,$,RHODE ISLAND,SALES,,STATE,YEAR,CROP TOTALS,,9000,CENSUS,NAICS CLASSIFICATION,44,UNITED STATES
"41,946,000",,CROPS,ALL PRODUCTION PRACTICES,2024-07-02 12:00:00.000,,,00,,CROP TOTALS,NAICS CLASSIFICATION: (11142),RHODE ISLAND,"CROP TOTALS - SALES, MEASURED IN $",2022,18.1,ALL CLASSES,00,ANNUAL,,ALL UTILIZATION PRACTICES,RI,44,,,00000000,,$,RHODE ISLAND,SALES,,STATE,YEAR,CROP TOTALS,,9000,CENSUS,NAICS CLASSIFICATION,44,UNITED STATES
"26,332,000",,CROPS,ALL PRODUCTION PRACTICES,2018-02-01 00:00:00.000,,,00,,CROP TOTALS,NAICS CLASSIFICATION: (11142),RHODE ISLAND,"CROP TOTALS - SALES, MEASURED IN $",2017,8.6,ALL CLASSES,00,ANNUAL,,ALL UTILIZATION PRACTICES,RI,44,,,00000000,,$,RHODE ISLAND,SALES,,STATE,YEAR,CROP TOTALS,,9000,CENSUS,NAICS CLASSIFICATION,44,UNITED STATES
"32,284,000",,CROPS,ALL PRODUCTION PRACTICES,2012-12-31 00:00:00.000,,,00,,CROP TOTALS,NAICS CLASSIFICATION: (11142),RHODE ISLAND,"CROP TOTALS - SALES, MEASURED IN $",2012,12.8,ALL CLASSES,00,ANNUAL,,ALL UTILIZATION PRACTICES,RI,44,,,00000000,,$,RHODE ISLAND,SALES,,STATE,YEAR,CROP TOTALS,,9000,CENSUS,NAICS CLASSIFICATION,44,UNITED STATES
                 (D),,CROPS,ALL PRODUCTION PRACTICES,2012-01-01 00:00:00.000,,,00,,CROP TOTALS,NAICS CLASSIFICATION: (11142),RHODE ISLAND,"CROP TOTALS - SALES, MEASURED IN $",2007,,ALL CLASSES,00,ANNUAL,,ALL UTILIZATION PRACTICES,RI,44,,,00000000,,$,RHODE ISLAND,SALES,,STATE,YEAR,CROP TOTALS,,9000,CENSUS,NAICS CLASSIFICATION,44,UNITED STATES
"37,976,000",,CROPS,ALL PRODUCTION PRACTICES,2012-01-01 00:00:00.000,,,00,,CROP TOTALS,NAICS CLASSIFICATION: (11142),RHODE ISLAND,"CROP TOTALS - SALES, MEASURED IN $",2002,,ALL CLASSES,00,ANNUAL,,ALL UTILIZATION PRACTICES,RI,44,,,00000000,,$,RHODE ISLAND,SALES,,STATE,YEAR,CROP TOTALS,,9000,CENSUS,NAICS CLASSIFICATION,44,UNITED STATES
"36,421,000",,CROPS,ALL PRODUCTION PRACTICES,2024-07-02 12:00:00.000,,,00,,CROP TOTALS,NAICS CLASSIFICATION: (111421),RHODE ISLAND,"CROP TOTALS - SALES, MEASURED IN $",2022,21.9,ALL CLASSES,00,ANNUAL,,ALL UTILIZATION PRACTICES,RI,44,,,00000000,,$,RHODE ISLAND,SALES,,STATE,YEAR,CROP TOTALS,,9000,CENSUS,NAICS CLASSIFICATION,44,UNITED STATES
"19,989,000",,CROPS,ALL PRODUCTION PRACTICES,2018-02-01 00:00:00.000,,,00,,CROP TOTALS,NAICS CLASSIFICATION: (111421),RHODE ISLAND,"CROP TOTALS - SALES, MEASURED IN $",2017,4.1,ALL CLASSES,00,ANNUAL,,ALL UTILIZATION PRACTICES,RI,44,,,00000000,,$,RHODE ISLAND,SALES,,STATE,YEAR,CROP TOTALS,,9000,CENSUS,NAICS CLASSIFICATION,44,UNITED STATES
"24,436,000",,CROPS,ALL PRODUCTION PRACTICES,2012-12-31 00:00:00.000,,,00,,CROP TOTALS,NAICS CLASSIFICATION: (111421),RHODE ISLAND,"CROP TOTALS - SALES, MEASURED IN $",2012,6.4,ALL CLASSES,00,ANNUAL,,ALL UTILIZATION PRACTICES,RI,44,,,00000000,,$,RHODE ISLAND,SALES,,STATE,YEAR,CROP TOTALS,,9000,CENSUS,NAICS CLASSIFICATION,44,UNITED STATES
                 (D),,CROPS,ALL PRODUCTION PRACTICES,2012-01-01 00:00:00.000,,,00,,CROP TOTALS,NAICS CLASSIFICATION: (111421),RHODE ISLAND,"CROP TOTALS - SALES, MEASURED IN $",2007,,ALL CLASSES,00,ANNUAL,,ALL UTILIZATION PRACTICES,RI,44,,,00000000,,$,RHODE ISLAND,SALES,,STATE,YEAR,CROP TOTALS,,9000,CENSUS,NAICS CLASSIFICATION,44,UNITED STATES
                 (D),,CROPS,ALL PRODUCTION PRACTICES,2012-01-01 00:00:00.000,,,00,,CROP TOTALS,NAICS CLASSIFICATION: (111421),RHODE ISLAND,"CROP TOTALS - SALES, MEASURED IN $",2002,,ALL CLASSES,00,ANNUAL,,ALL UTILIZATION PRACTICES,RI,44,,,00000000,,$,RHODE ISLAND,SALES,,STATE,YEAR,CROP TOTALS,,9000,CENSUS,NAICS CLASSIFICATION,44,UNITED STATES
"5,524,000",,CROPS,ALL PRODUCTION PRACTICES,2024-07-02 12:00:00.000,,,00,,CROP TOTALS,NAICS CLASSIFICATION: (111422),RHODE ISLAND,"CROP TOTALS - SALES, MEASURED IN $",2022,21.2,ALL CLASSES,00,ANNUAL,,ALL UTILIZATION PRACTICES,RI,44,,,00000000,,$,RHODE ISLAND,SALES,,STATE,YEAR,CROP TOTALS,,9000,CENSUS,NAICS CLASSIFICATION,44,UNITED STATES
"6,343,000",,CROPS,ALL PRODUCTION PRACTICES,2018-02-01 00:00:00.000,,,00,,CROP TOTALS,NAICS CLASSIFICATION: (111422),RHODE ISLAND,"CROP TOTALS - SALES, MEASURED IN $",2017,44.1,ALL CLASSES,00,ANNUAL,,ALL UTILIZATION PRACTICES,RI,44,,,00000000,,$,RHODE ISLAND,SALES,,STATE,YEAR,CROP TOTALS,,9000,CENSUS,NAICS CLASSIFICATION,44,UNITED STATES
"7,848,000",,CROPS,ALL PRODUCTION PRACTICES,2012-12-31 00:00:00.000,,,00,,CROP TOTALS,NAICS CLASSIFICATION: (111422),RHODE ISLAND,"CROP TOTALS - SALES, MEASURED IN $",2012,35.4,ALL CLASSES,00,ANNUAL,,ALL UTILIZATION PRACTICES,RI,44,,,00000000,,$,RHODE ISLAND,SALES,,STATE,YEAR,CROP TOTALS,,9000,CENSUS,NAICS CLASSIFICATION,44,UNITED STATES
"8,175,000",,CROPS,ALL PRODUCTION PRACTICES,2012-01-01 00:00:00.000,,,00,,CROP TOTALS,NAICS CLASSIFICATION: (111422),RHODE ISLAND,"CROP TOTALS - SALES, MEASURED IN $",2007,,ALL CLASSES,00,ANNUAL,,ALL UTILIZATION PRACTICES,RI,44,,,00000000,,$,RHODE ISLAND,SALES,,STATE,YEAR,CROP TOTALS,,9000,CENSUS,NAICS CLASSIFICATION,44,UNITED STATES
                 (D),,CROPS,ALL PRODUCTION PRACTICES,2012-01-01 00:00:00.000,,,00,,CROP TOTALS,NAICS CLASSIFICATION: (111422),RHODE ISLAND,"CROP TOTALS - SALES, MEASURED IN $",2002,,ALL CLASSES,00,ANNUAL,,ALL UTILIZATION PRACTICES,RI,44,,,00000000,,$,RHODE ISLAND,SALES,,STATE,YEAR,CROP TOTALS,,9000,CENSUS,NAICS CLASSIFICATION,44,UNITED STATES
"1,332,000",,CROPS,ALL PRODUCTION PRACTICES,2024-07-02 12:00:00.000,,,00,,CROP TOTALS,NAICS CLASSIFICATION: (1119),RHODE ISLAND,"CROP TOTALS - SALES, MEASURED IN $",2022,13.0,ALL CLASSES,00,ANNUAL,,ALL UTILIZATION PRACTICES,RI,44,,,00000000,,$,RHODE ISLAND,SALES,,STATE,YEAR,CROP TOTALS,,9000,CENSUS,NAICS CLASSIFICATION,44,UNITED STATES
                 (D),,CROPS,ALL PRODUCTION PRACTICES,2018-02-01 00:00:00.000,,,00,,CROP TOTALS,NAICS CLASSIFICATION: (1119),RHODE ISLAND,"CROP TOTALS - SALES, MEASURED IN $",2017,(D),ALL CLASSES,00,ANNUAL,,ALL UTILIZATION PRACTICES,RI,44,,,00000000,,$,RHODE ISLAND,SALES,,STATE,YEAR,CROP TOTALS,,9000,CENSUS,NAICS CLASSIFICATION,44,UNITED STATES
                 (D),,CROPS,ALL PRODUCTION PRACTICES,2012-12-31 00:00:00.000,,,00,,CROP TOTALS,NAICS CLASSIFICATION: (1119),RHODE ISLAND,"CROP TOTALS - SALES, MEASURED IN $",2012,(D),ALL CLASSES,00,ANNUAL,,ALL UTILIZATION PRACTICES,RI,44,,,00000000,,$,RHODE ISLAND,SALES,,STATE,YEAR,CROP TOTALS,,9000,CENSUS,NAICS CLASSIFICATION,44,UNITED STATES
                 (D),,CROPS,ALL PRODUCTION PRACTICES,2012-01-01 00:00:00.000,,,00,,CROP TOTALS,NAICS CLASSIFICATION: (1119),RHODE ISLAND,"CROP TOTALS - SALES, MEASURED IN $",2007,,ALL CLASSES,00,ANNUAL,,ALL UTILIZATION PRACTICES,RI,44,,,00000000,,$,RHODE ISLAND,SALES,,STATE,YEAR,CROP TOTALS,,9000,CENSUS,NAICS CLASSIFICATION,44,UNITED STATES
"858,000",,CROPS,ALL PRODUCTION PRACTICES,2012-01-01 00:00:00.000,,,00,,CROP TOTALS,NAICS CLASSIFICATION: (1119),RHODE ISLAND,"CROP TOTALS - SALES, MEASURED IN $",2002,,ALL CLASSES,00,ANNUAL,,ALL UTILIZATION PRACTICES,RI,44,,,00000000,,$,RHODE ISLAND,SALES,,STATE,YEAR,CROP TOTALS,,9000,CENSUS,NAICS CLASSIFICATION,44,UNITED STATES
"799,000",,CROPS,ALL PRODUCTION PRACTICES,2024-07-02 12:00:00.000,,,00,,CROP TOTALS,NAICS CLASSIFICATION: (11194),RHODE ISLAND,"CROP TOTALS - SALES, MEASURED IN $",2022,14.3,ALL CLASSES,00,ANNUAL,,ALL UTILIZATION PRACTICES,RI,44,,,00000000,,$,RHODE ISLAND,SALES,,STATE,YEAR,CROP TOTALS,,9000,CENSUS,NAICS CLASSIFICATION,44,UNITED STATES
                 (D),,CROPS,ALL PRODUCTION PRACTICES,2018-02-01 00:00:00.000,,,00,,CROP TOTALS,NAICS CLASSIFICATION: (11194),RHODE ISLAND,"CROP TOTALS - SALES, MEASURED IN $",2017,(D),ALL CLASSES,00,ANNUAL,,ALL UTILIZATION PRACTICES,RI,44,,,00000000,,$,RHODE ISLAND,SALES,,STATE,YEAR,CROP TOTALS,,9000,CENSUS,NAICS CLASSIFICATION,44,UNITED STATES
                 (D),,CROPS,ALL PRODUCTION PRACTICES,2012-12-31 00:00:00.000,,,00,,CROP TOTALS,NAICS CLASSIFICATION: (11194),RHODE ISLAND,"CROP TOTALS - SALES, MEASURED IN $",2012,(D),ALL CLASSES,00,ANNUAL,,ALL UTILIZATION PRACTICES,RI,44,,,00000000,,$,RHODE ISLAND,SALES,,STATE,YEAR,CROP TOTALS,,9000,CENSUS,NAICS CLASSIFICATION,44,UNITED STATES
"2,400,000",,CROPS,ALL PRODUCTION PRACTICES,2012-01-01 00:00:00.000,,,00,,CROP TOTALS,NAICS CLASSIFICATION: (11194),RHODE ISLAND,"CROP TOTALS - SALES, MEASURED IN $",2007,,ALL CLASSES,00,ANNUAL,,ALL UTILIZATION PRACTICES,RI,44,,,00000000,,$,RHODE ISLAND,SALES,,STATE,YEAR,CROP TOTALS,,9000,CENSUS,NAICS CLASSIFICATION,44,UNITED STATES
"602,000",,CROPS,ALL PRODUCTION PRACTICES,2012-01-01 00:00:00.000,,,00,,CROP TOTALS,NAICS CLASSIFICATION: (11194),RHODE ISLAND,"CROP TOTALS - SALES, MEASURED IN $",2002,,ALL CLASSES,00,ANNUAL,,ALL UTILIZATION PRACTICES,RI,44,,,00000000,,$,RHODE ISLAND,SALES,,STATE,YEAR,CROP TOTALS,,9000,CENSUS,NAICS CLASSIFICATION,44,UNITED STATES
"534,000",,CROPS,ALL PRODUCTION PRACTICES,2024-07-02 12:00:00.000,,,00,,CROP TOTALS,NAICS CLASSIFICATION: (11199),RHODE ISLAND,"CROP TOTALS - SALES, MEASURED IN $",2022,14.3,ALL CLASSES,00,ANNUAL,,ALL UTILIZATION PRACTICES,RI,44,,,00000000,,$,RHODE ISLAND,SALES,,STATE,YEAR,CROP TOTALS,,9000,CENSUS,NAICS CLASSIFICATION,44,UNITED STATES
                 (D),,CROPS,ALL PRODUCTION PRACTICES,2018-02-01 00:00:00.000,,,00,,CROP TOTALS,NAICS CLASSIFICATION: (11199),RHODE ISLAND,"CROP TOTALS - SALES, MEASURED IN $",2017,(D),ALL CLASSES,00,ANNUAL,,ALL UTILIZATION PRACTICES,RI,44,,,00000000,,$,RHODE ISLAND,SALES,,STATE,YEAR,CROP TOTALS,,9000,CENSUS,NAICS CLASSIFICATION,44,UNITED STATES
"985,000",,CROPS,ALL PRODUCTION PRACTICES,2012-12-31 00:00:00.000,,,00,,CROP TOTALS,NAICS CLASSIFICATION: (11199),RHODE ISLAND,"CROP TOTALS - SALES, MEASURED IN $",2012,35.2,ALL CLASSES,00,ANNUAL,,ALL UTILIZATION PRACTICES,RI,44,,,00000000,,$,RHODE ISLAND,SALES,,STATE,YEAR,CROP TOTALS,,9000,CENSUS,NAICS CLASSIFICATION,44,UNITED STATES
                 (D),,CROPS,ALL PRODUCTION PRACTICES,2012-01-01 00:00:00.000,,,00,,CROP TOTALS,NAICS CLASSIFICATION: (11199),RHODE ISLAND,"CROP TOTALS - SALES, MEASURED IN $",2007,,ALL CLASSES,00,ANNUAL,,ALL UTILIZATION PRACTICES,RI,44,,,00000000,,$,RHODE ISLAND,SALES,,STATE,YEAR,CROP TOTALS,,9000,CENSUS,NAICS CLASSIFICATION,44,UNITED STATES
"256,000",,CROPS,ALL PRODUCTION PRACTICES,2012-01-01 00:00:00.000,,,00,,CROP TOTALS,NAICS CLASSIFICATION: (11199),RHODE ISLAND,"CROP TOTALS - SALES, MEASURED IN $",2002,,ALL CLASSES,00,ANNUAL,,ALL UTILIZATION PRACTICES,RI,44,,,00000000,,$,RHODE ISLAND,SALES,,STATE,YEAR,CROP TOTALS,,9000,CENSUS,NAICS CLASSIFICATION,44,UNITED STATES
"469,000",,CROPS,ALL PRODUCTION PRACTICES,2024-07-02 12:00:00.000,,,00,,CROP TOTALS,NAICS CLASSIFICATION: (112),RHODE ISLAND,"CROP TOTALS - SALES, MEASURED IN $",2022,9.9,ALL CLASSES,00,ANNUAL,,ALL UTILIZATION PRACTICES,RI,44,,,00000000,,$,RHODE ISLAND,SALES,,STATE,YEAR,CROP TOTALS,,9000,CENSUS,NAICS CLASSIFICATION,44,UNITED STATES
"324,000",,CROPS,ALL PRODUCTION PRACTICES,2018-02-01 00:00:00.000,,,00,,CROP TOTALS,NAICS CLASSIFICATION: (112),RHODE ISLAND,"CROP TOTALS - SALES, MEASURED IN $",2017,19.1,ALL CLASSES,00,ANNUAL,,ALL UTILIZATION PRACTICES,RI,44,,,00000000,,$,RHODE ISLAND,SALES,,STATE,YEAR,CROP TOTALS,,9000,CENSUS,NAICS CLASSIFICATION,44,UNITED STATES
"448,000",,CROPS,ALL PRODUCTION PRACTICES,2012-12-31 00:00:00.000,,,00,,CROP TOTALS,NAICS CLASSIFICATION: (112),RHODE ISLAND,"CROP TOTALS - SALES, MEASURED IN $",2012,6.6,ALL CLASSES,00,ANNUAL,,ALL UTILIZATION PRACTICES,RI,44,,,00000000,,$,RHODE ISLAND,SALES,,STATE,YEAR,CROP TOTALS,,9000,CENSUS,NAICS CLASSIFICATION,44,UNITED STATES
"215,000",,CROPS,ALL PRODUCTION PRACTICES,2012-01-01 00:00:00.000,,,00,,CROP TOTALS,NAICS CLASSIFICATION: (112),RHODE ISLAND,"CROP TOTALS - SALES, MEASURED IN $",2007,,ALL CLASSES,00,ANNUAL,,ALL UTILIZATION PRACTICES,RI,44,,,00000000,,$,RHODE ISLAND,SALES,,STATE,YEAR,CROP TOTALS,,9000,CENSUS,NAICS CLASSIFICATION,44,UNITED STATES
"113,000",,CROPS,ALL PRODUCTION PRACTICES,2012-01-01 00:00:00.000,,,00,,CROP TOTALS,NAICS CLASSIFICATION: (112),RHODE ISLAND,"CROP TOTALS - SALES, MEASURED IN $",2002,,ALL CLASSES,00,ANNUAL,,ALL UTILIZATION PRACTICES,RI,44,,,00000000,,$,RHODE ISLAND,SALES,,STATE,YEAR,CROP TOTALS,,9000,CENSUS,NAICS CLASSIFICATION,44,UNITED STATES
"340,000",,CROPS,ALL PRODUCTION PRACTICES,2024-07-02 12:00:00.000,,,00,,CROP TOTALS,NAICS CLASSIFICATION: (1121),RHODE ISLAND,"CROP TOTALS - SALES, MEASURED IN $",2022,9.4,ALL CLASSES,00,ANNUAL,,ALL UTILIZATION PRACTICES,RI,44,,,00000000,,$,RHODE ISLAND,SALES,,STATE,YEAR,CROP TOTALS,,9000,CENSUS,NAICS CLASSIFICATION,44,UNITED STATES
"182,000",,CROPS,ALL PRODUCTION PRACTICES,2018-02-01 00:00:00.000,,,00,,CROP TOTALS,NAICS CLASSIFICATION: (1121),RHODE ISLAND,"CROP TOTALS - SALES, MEASURED IN $",2017,2.5,ALL CLASSES,00,ANNUAL,,ALL UTILIZATION PRACTICES,RI,44,,,00000000,,$,RHODE ISLAND,SALES,,STATE,YEAR,CROP TOTALS,,9000,CENSUS,NAICS CLASSIFICATION,44,UNITED STATES
"402,000",,CROPS,ALL PRODUCTION PRACTICES,2012-12-31 00:00:00.000,,,00,,CROP TOTALS,NAICS CLASSIFICATION: (1121),RHODE ISLAND,"CROP TOTALS - SALES, MEASURED IN $",2012,6.5,ALL CLASSES,00,ANNUAL,,ALL UTILIZATION PRACTICES,RI,44,,,00000000,,$,RHODE ISLAND,SALES,,STATE,YEAR,CROP TOTALS,,9000,CENSUS,NAICS CLASSIFICATION,44,UNITED STATES
"137,000",,CROPS,ALL PRODUCTION PRACTICES,2012-01-01 00:00:00.000,,,00,,CROP TOTALS,NAICS CLASSIFICATION: (1121),RHODE ISLAND,"CROP TOTALS - SALES, MEASURED IN $",2007,,ALL CLASSES,00,ANNUAL,,ALL UTILIZATION PRACTICES,RI,44,,,00000000,,$,RHODE ISLAND,SALES,,STATE,YEAR,CROP TOTALS,,9000,CENSUS,NAICS CLASSIFICATION,44,UNITED STATES
"48,000",,CROPS,ALL PRODUCTION PRACTICES,2012-01-01 00:00:00.000,,,00,,CROP TOTALS,NAICS CLASSIFICATION: (1121),RHODE ISLAND,"CROP TOTALS - SALES, MEASURED IN $",2002,,ALL CLASSES,00,ANNUAL,,ALL UTILIZATION PRACTICES,RI,44,,,00000000,,$,RHODE ISLAND,SALES,,STATE,YEAR,CROP TOTALS,,9000,CENSUS,NAICS CLASSIFICATION,44,UNITED STATES
                 (D),,CROPS,ALL PRODUCTION PRACTICES,2024-07-02 12:00:00.000,,,00,,CROP TOTALS,NAICS CLASSIFICATION: (11211),RHODE ISLAND,"CROP TOTALS - SALES, MEASURED IN $",2022,(D),ALL CLASSES,00,ANNUAL,,ALL UTILIZATION PRACTICES,RI,44,,,00000000,,$,RHODE ISLAND,SALES,,STATE,YEAR,CROP TOTALS,,9000,CENSUS,NAICS CLASSIFICATION,44,UNITED STATES
                 (D),,CROPS,ALL PRODUCTION PRACTICES,2018-02-01 00:00:00.000,,,00,,CROP TOTALS,NAICS CLASSIFICATION: (11211),RHODE ISLAND,"CROP TOTALS - SALES, MEASURED IN $",2017,(D),ALL CLASSES,00,ANNUAL,,ALL UTILIZATION PRACTICES,RI,44,,,00000000,,$,RHODE ISLAND,SALES,,STATE,YEAR,CROP TOTALS,,9000,CENSUS,NAICS CLASSIFICATION,44,UNITED STATES
"47,000",,CROPS,ALL PRODUCTION PRACTICES,2012-12-31 00:00:00.000,,,00,,CROP TOTALS,NAICS CLASSIFICATION: (11211),RHODE ISLAND,"CROP TOTALS - SALES, MEASURED IN $",2012,56.1,ALL CLASSES,00,ANNUAL,,ALL UTILIZATION PRACTICES,RI,44,,,00000000,,$,RHODE ISLAND,SALES,,STATE,YEAR,CROP TOTALS,,9000,CENSUS,NAICS CLASSIFICATION,44,UNITED STATES
"34,000",,CROPS,ALL PRODUCTION PRACTICES,2012-01-01 00:00:00.000,,,00,,CROP TOTALS,NAICS CLASSIFICATION: (11211),RHODE ISLAND,"CROP TOTALS - SALES, MEASURED IN $",2007,,ALL CLASSES,00,ANNUAL,,ALL UTILIZATION PRACTICES,RI,44,,,00000000,,$,RHODE ISLAND,SALES,,STATE,YEAR,CROP TOTALS,,9000,CENSUS,NAICS CLASSIFICATION,44,UNITED STATES
"33,000",,CROPS,ALL PRODUCTION PRACTICES,2012-01-01 00:00:00.000,,,00,,CROP TOTALS,NAICS CLASSIFICATION: (11211),RHODE ISLAND,"CROP TOTALS - SALES, MEASURED IN $",2002,,ALL CLASSES,00,ANNUAL,,ALL UTILIZATION PRACTICES,RI,44,,,00000000,,$,RHODE ISLAND,SALES,,STATE,YEAR,CROP TOTALS,,9000,CENSUS,NAICS CLASSIFICATION,44,UNITED STATES
                 (D),,CROPS,ALL PRODUCTION PRACTICES,2024-07-02 12:00:00.000,,,00,,CROP TOTALS,NAICS CLASSIFICATION: (112111),RHODE ISLAND,"CROP TOTALS - SALES, MEASURED IN $",2022,(D),ALL CLASSES,00,ANNUAL,,ALL UTILIZATION PRACTICES,RI,44,,,00000000,,$,RHODE ISLAND,SALES,,STATE,YEAR,CROP TOTALS,,9000,CENSUS,NAICS CLASSIFICATION,44,UNITED STATES
                 (D),,CROPS,ALL PRODUCTION PRACTICES,2018-02-01 00:00:00.000,,,00,,CROP TOTALS,NAICS CLASSIFICATION: (112111),RHODE ISLAND,"CROP TOTALS - SALES, MEASURED IN $",2017,(D),ALL CLASSES,00,ANNUAL,,ALL UTILIZATION PRACTICES,RI,44,,,00000000,,$,RHODE ISLAND,SALES,,STATE,YEAR,CROP TOTALS,,9000,CENSUS,NAICS CLASSIFICATION,44,UNITED STATES
"47,000",,CROPS,ALL PRODUCTION PRACTICES,2012-12-31 00:00:00.000,,,00,,CROP TOTALS,NAICS CLASSIFICATION: (112111),RHODE ISLAND,"CROP TOTALS - SALES, MEASURED IN $",2012,56.1,ALL CLASSES,00,ANNUAL,,ALL UTILIZATION PRACTICES,RI,44,,,00000000,,$,RHODE ISLAND,SALES,,STATE,YEAR,CROP TOTALS,,9000,CENSUS,NAICS CLASSIFICATION,44,UNITED STATES
                 (D),,CROPS,ALL PRODUCTION PRACTICES,2012-01-01 00:00:00.000,,,00,,CROP TOTALS,NAICS CLASSIFICATION: (112111),RHODE ISLAND,"CROP TOTALS - SALES, MEASURED IN $",2007,,ALL CLASSES,00,ANNUAL,,ALL UTILIZATION PRACTICES,RI,44,,,00000000,,$,RHODE ISLAND,SALES,,STATE,YEAR,CROP TOTALS,,9000,CENSUS,NAICS CLASSIFICATION,44,UNITED STATES
"33,000",,CROPS,ALL PRODUCTION PRACTICES,2012-01-01 00:00:00.000,,,00,,CROP TOTALS,NAICS CLASSIFICATION: (112111),RHODE ISLAND,"CROP TOTALS - SALES, MEASURED IN $",2002,,ALL CLASSES,00,ANNUAL,,ALL UTILIZATION PRACTICES,RI,44,,,00000000,,$,RHODE ISLAND,SALES,,STATE,YEAR,CROP TOTALS,,9000,CENSUS,NAICS CLASSIFICATION,44,UNITED STATES
                 (D),,CROPS,ALL PRODUCTION PRACTICES,2024-07-02 12:00:00.000,,,00,,CROP TOTALS,NAICS CLASSIFICATION: (112112),RHODE ISLAND,"CROP TOTALS - SALES, MEASURED IN $",2022,(D),ALL CLASSES,00,ANNUAL,,ALL UTILIZATION PRACTICES,RI,44,,,00000000,,$,RHODE ISLAND,SALES,,STATE,YEAR,CROP TOTALS,,9000,CENSUS,NAICS CLASSIFICATION,44,UNITED STATES
                 (D),,CROPS,ALL PRODUCTION PRACTICES,2012-01-01 00:00:00.000,,,00,,CROP TOTALS,NAICS CLASSIFICATION: (112112),RHODE ISLAND,"CROP TOTALS - SALES, MEASURED IN $",2007,,ALL CLASSES,00,ANNUAL,,ALL UTILIZATION PRACTICES,RI,44,,,00000000,,$,RHODE ISLAND,SALES,,STATE,YEAR,CROP TOTALS,,9000,CENSUS,NAICS CLASSIFICATION,44,UNITED STATES
                 (D),,CROPS,ALL PRODUCTION PRACTICES,2024-07-02 12:00:00.000,,,00,,CROP TOTALS,NAICS CLASSIFICATION: (11212),RHODE ISLAND,"CROP TOTALS - SALES, MEASURED IN $",2022,(D),ALL CLASSES,00,ANNUAL,,ALL UTILIZATION PRACTICES,RI,44,,,00000000,,$,RHODE ISLAND,SALES,,STATE,YEAR,CROP TOTALS,,9000,CENSUS,NAICS CLASSIFICATION,44,UNITED STATES
                 (D),,CROPS,ALL PRODUCTION PRACTICES,2018-02-01 00:00:00.000,,,00,,CROP TOTALS,NAICS CLASSIFICATION: (11212),RHODE ISLAND,"CROP TOTALS - SALES, MEASURED IN $",2017,(D),ALL CLASSES,00,ANNUAL,,ALL UTILIZATION PRACTICES,RI,44,,,00000000,,$,RHODE ISLAND,SALES,,STATE,YEAR,CROP TOTALS,,9000,CENSUS,NAICS CLASSIFICATION,44,UNITED STATES
"355,000",,CROPS,ALL PRODUCTION PRACTICES,2012-12-31 00:00:00.000,,,00,,CROP TOTALS,NAICS CLASSIFICATION: (11212),RHODE ISLAND,"CROP TOTALS - SALES, MEASURED IN $",2012,1.1,ALL CLASSES,00,ANNUAL,,ALL UTILIZATION PRACTICES,RI,44,,,00000000,,$,RHODE ISLAND,SALES,,STATE,YEAR,CROP TOTALS,,9000,CENSUS,NAICS CLASSIFICATION,44,UNITED STATES
"103,000",,CROPS,ALL PRODUCTION PRACTICES,2012-01-01 00:00:00.000,,,00,,CROP TOTALS,NAICS CLASSIFICATION: (11212),RHODE ISLAND,"CROP TOTALS - SALES, MEASURED IN $",2007,,ALL CLASSES,00,ANNUAL,,ALL UTILIZATION PRACTICES,RI,44,,,00000000,,$,RHODE ISLAND,SALES,,STATE,YEAR,CROP TOTALS,,9000,CENSUS,NAICS CLASSIFICATION,44,UNITED STATES
"15,000",,CROPS,ALL PRODUCTION PRACTICES,2012-01-01 00:00:00.000,,,00,,CROP TOTALS,NAICS CLASSIFICATION: (11212),RHODE ISLAND,"CROP TOTALS - SALES, MEASURED IN $",2002,,ALL CLASSES,00,ANNUAL,,ALL UTILIZATION PRACTICES,RI,44,,,00000000,,$,RHODE ISLAND,SALES,,STATE,YEAR,CROP TOTALS,,9000,CENSUS,NAICS CLASSIFICATION,44,UNITED STATES
                 (D),,CROPS,ALL PRODUCTION PRACTICES,2024-07-02 12:00:00.000,,,00,,CROP TOTALS,NAICS CLASSIFICATION: (1122),RHODE ISLAND,"CROP TOTALS - SALES, MEASURED IN $",2022,(D),ALL CLASSES,00,ANNUAL,,ALL UTILIZATION PRACTICES,RI,44,,,00000000,,$,RHODE ISLAND,SALES,,STATE,YEAR,CROP TOTALS,,9000,CENSUS,NAICS CLASSIFICATION,44,UNITED STATES
                 (D),,CROPS,ALL PRODUCTION PRACTICES,2018-02-01 00:00:00.000,,,00,,CROP TOTALS,NAICS CLASSIFICATION: (1122),RHODE ISLAND,"CROP TOTALS - SALES, MEASURED IN $",2017,(D),ALL CLASSES,00,ANNUAL,,ALL UTILIZATION PRACTICES,RI,44,,,00000000,,$,RHODE ISLAND,SALES,,STATE,YEAR,CROP TOTALS,,9000,CENSUS,NAICS CLASSIFICATION,44,UNITED STATES
"2,000",,CROPS,ALL PRODUCTION PRACTICES,2012-12-31 00:00:00.000,,,00,,CROP TOTALS,NAICS CLASSIFICATION: (1122),RHODE ISLAND,"CROP TOTALS - SALES, MEASURED IN $",2012,46.5,ALL CLASSES,00,ANNUAL,,ALL UTILIZATION PRACTICES,RI,44,,,00000000,,$,RHODE ISLAND,SALES,,STATE,YEAR,CROP TOTALS,,9000,CENSUS,NAICS CLASSIFICATION,44,UNITED STATES
                 (D),,CROPS,ALL PRODUCTION PRACTICES,2012-01-01 00:00:00.000,,,00,,CROP TOTALS,NAICS CLASSIFICATION: (1122),RHODE ISLAND,"CROP TOTALS - SALES, MEASURED IN $",2007,,ALL CLASSES,00,ANNUAL,,ALL UTILIZATION PRACTICES,RI,44,,,00000000,,$,RHODE ISLAND,SALES,,STATE,YEAR,CROP TOTALS,,9000,CENSUS,NAICS CLASSIFICATION,44,UNITED STATES
                 (D),,CROPS,ALL PRODUCTION PRACTICES,2012-01-01 00:00:00.000,,,00,,CROP TOTALS,NAICS CLASSIFICATION: (1122),RHODE ISLAND,"CROP TOTALS - SALES, MEASURED IN $",2002,,ALL CLASSES,00,ANNUAL,,ALL UTILIZATION PRACTICES,RI,44,,,00000000,,$,RHODE ISLAND,SALES,,STATE,YEAR,CROP TOTALS,,9000,CENSUS,NAICS CLASSIFICATION,44,UNITED STATES
                 (D),,CROPS,ALL PRODUCTION PRACTICES,2024-07-02 12:00:00.000,,,00,,CROP TOTALS,NAICS CLASSIFICATION: (1123),RHODE ISLAND,"CROP TOTALS - SALES, MEASURED IN $",2022,(D),ALL CLASSES,00,ANNUAL,,ALL UTILIZATION PRACTICES,RI,44,,,00000000,,$,RHODE ISLAND,SALES,,STATE,YEAR,CROP TOTALS,,9000,CENSUS,NAICS CLASSIFICATION,44,UNITED STATES
"17,000",,CROPS,ALL PRODUCTION PRACTICES,2018-02-01 00:00:00.000,,,00,,CROP TOTALS,NAICS CLASSIFICATION: (1123),RHODE ISLAND,"CROP TOTALS - SALES, MEASURED IN $",2017,(H),ALL CLASSES,00,ANNUAL,,ALL UTILIZATION PRACTICES,RI,44,,,00000000,,$,RHODE ISLAND,SALES,,STATE,YEAR,CROP TOTALS,,9000,CENSUS,NAICS CLASSIFICATION,44,UNITED STATES
"1,000",,CROPS,ALL PRODUCTION PRACTICES,2012-12-31 00:00:00.000,,,00,,CROP TOTALS,NAICS CLASSIFICATION: (1123),RHODE ISLAND,"CROP TOTALS - SALES, MEASURED IN $",2012,31.6,ALL CLASSES,00,ANNUAL,,ALL UTILIZATION PRACTICES,RI,44,,,00000000,,$,RHODE ISLAND,SALES,,STATE,YEAR,CROP TOTALS,,9000,CENSUS,NAICS CLASSIFICATION,44,UNITED STATES
                 (D),,CROPS,ALL PRODUCTION PRACTICES,2012-01-01 00:00:00.000,,,00,,CROP TOTALS,NAICS CLASSIFICATION: (1123),RHODE ISLAND,"CROP TOTALS - SALES, MEASURED IN $",2007,,ALL CLASSES,00,ANNUAL,,ALL UTILIZATION PRACTICES,RI,44,,,00000000,,$,RHODE ISLAND,SALES,,STATE,YEAR,CROP TOTALS,,9000,CENSUS,NAICS CLASSIFICATION,44,UNITED STATES
                 (D),,CROPS,ALL PRODUCTION PRACTICES,2012-01-01 00:00:00.000,,,00,,CROP TOTALS,NAICS CLASSIFICATION: (1123),RHODE ISLAND,"CROP TOTALS - SALES, MEASURED IN $",2002,,ALL CLASSES,00,ANNUAL,,ALL UTILIZATION PRACTICES,RI,44,,,00000000,,$,RHODE ISLAND,SALES,,STATE,YEAR,CROP TOTALS,,9000,CENSUS,NAICS CLASSIFICATION,44,UNITED STATES
                 (D),,CROPS,ALL PRODUCTION PRACTICES,2024-07-02 12:00:00.000,,,00,,CROP TOTALS,NAICS CLASSIFICATION: (11231),RHODE ISLAND,"CROP TOTALS - SALES, MEASURED IN $",2022,(D),ALL CLASSES,00,ANNUAL,,ALL UTILIZATION PRACTICES,RI,44,,,00000000,,$,RHODE ISLAND,SALES,,STATE,YEAR,CROP TOTALS,,9000,CENSUS,NAICS CLASSIFICATION,44,UNITED STATES
"10,000",,CROPS,ALL PRODUCTION PRACTICES,2018-02-01 00:00:00.000,,,00,,CROP TOTALS,NAICS CLASSIFICATION: (11231),RHODE ISLAND,"CROP TOTALS - SALES, MEASURED IN $",2017,(H),ALL CLASSES,00,ANNUAL,,ALL UTILIZATION PRACTICES,RI,44,,,00000000,,$,RHODE ISLAND,SALES,,STATE,YEAR,CROP TOTALS,,9000,CENSUS,NAICS CLASSIFICATION,44,UNITED STATES
                 (D),,CROPS,ALL PRODUCTION PRACTICES,2012-01-01 00:00:00.000,,,00,,CROP TOTALS,NAICS CLASSIFICATION: (11231),RHODE ISLAND,"CROP TOTALS - SALES, MEASURED IN $",2007,,ALL CLASSES,00,ANNUAL,,ALL UTILIZATION PRACTICES,RI,44,,,00000000,,$,RHODE ISLAND,SALES,,STATE,YEAR,CROP TOTALS,,9000,CENSUS,NAICS CLASSIFICATION,44,UNITED STATES
                 (D),,CROPS,ALL PRODUCTION PRACTICES,2012-01-01 00:00:00.000,,,00,,CROP TOTALS,NAICS CLASSIFICATION: (11231),RHODE ISLAND,"CROP TOTALS - SALES, MEASURED IN $",2002,,ALL CLASSES,00,ANNUAL,,ALL UTILIZATION PRACTICES,RI,44,,,00000000,,$,RHODE ISLAND,SALES,,STATE,YEAR,CROP TOTALS,,9000,CENSUS,NAICS CLASSIFICATION,44,UNITED STATES
"27,000",,CROPS,ALL PRODUCTION PRACTICES,2024-07-02 12:00:00.000,,,00,,CROP TOTALS,NAICS CLASSIFICATION: (11233),RHODE ISLAND,"CROP TOTALS - SALES, MEASURED IN $",2022,95.0,ALL CLASSES,00,ANNUAL,,ALL UTILIZATION PRACTICES,RI,44,,,00000000,,$,RHODE ISLAND,SALES,,STATE,YEAR,CROP TOTALS,,9000,CENSUS,NAICS CLASSIFICATION,44,UNITED STATES
                 (D),,CROPS,ALL PRODUCTION PRACTICES,2012-01-01 00:00:00.000,,,00,,CROP TOTALS,NAICS CLASSIFICATION: (11233),RHODE ISLAND,"CROP TOTALS - SALES, MEASURED IN $",2007,,ALL CLASSES,00,ANNUAL,,ALL UTILIZATION PRACTICES,RI,44,,,00000000,,$,RHODE ISLAND,SALES,,STATE,YEAR,CROP TOTALS,,9000,CENSUS,NAICS CLASSIFICATION,44,UNITED STATES
"8,000",,CROPS,ALL PRODUCTION PRACTICES,2018-02-01 00:00:00.000,,,00,,CROP TOTALS,NAICS CLASSIFICATION: (11239),RHODE ISLAND,"CROP TOTALS - SALES, MEASURED IN $",2017,(H),ALL CLASSES,00,ANNUAL,,ALL UTILIZATION PRACTICES,RI,44,,,00000000,,$,RHODE ISLAND,SALES,,STATE,YEAR,CROP TOTALS,,9000,CENSUS,NAICS CLASSIFICATION,44,UNITED STATES
"1,000",,CROPS,ALL PRODUCTION PRACTICES,2012-12-31 00:00:00.000,,,00,,CROP TOTALS,NAICS CLASSIFICATION: (11239),RHODE ISLAND,"CROP TOTALS - SALES, MEASURED IN $",2012,31.6,ALL CLASSES,00,ANNUAL,,ALL UTILIZATION PRACTICES,RI,44,,,00000000,,$,RHODE ISLAND,SALES,,STATE,YEAR,CROP TOTALS,,9000,CENSUS,NAICS CLASSIFICATION,44,UNITED STATES
                 (D),,CROPS,ALL PRODUCTION PRACTICES,2012-01-01 00:00:00.000,,,00,,CROP TOTALS,NAICS CLASSIFICATION: (11239),RHODE ISLAND,"CROP TOTALS - SALES, MEASURED IN $",2002,,ALL CLASSES,00,ANNUAL,,ALL UTILIZATION PRACTICES,RI,44,,,00000000,,$,RHODE ISLAND,SALES,,STATE,YEAR,CROP TOTALS,,9000,CENSUS,NAICS CLASSIFICATION,44,UNITED STATES
                 (D),,CROPS,ALL PRODUCTION PRACTICES,2024-07-02 12:00:00.000,,,00,,CROP TOTALS,NAICS CLASSIFICATION: (1124),RHODE ISLAND,"CROP TOTALS - SALES, MEASURED IN $",2022,(D),ALL CLASSES,00,ANNUAL,,ALL UTILIZATION PRACTICES,RI,44,,,00000000,,$,RHODE ISLAND,SALES,,STATE,YEAR,CROP TOTALS,,9000,CENSUS,NAICS CLASSIFICATION,44,UNITED STATES
                 (D),,CROPS,ALL PRODUCTION PRACTICES,2018-02-01 00:00:00.000,,,00,,CROP TOTALS,NAICS CLASSIFICATION: (1124),RHODE ISLAND,"CROP TOTALS - SALES, MEASURED IN $",2017,(D),ALL CLASSES,00,ANNUAL,,ALL UTILIZATION PRACTICES,RI,44,,,00000000,,$,RHODE ISLAND,SALES,,STATE,YEAR,CROP TOTALS,,9000,CENSUS,NAICS CLASSIFICATION,44,UNITED STATES
                 (D),,CROPS,ALL PRODUCTION PRACTICES,2012-12-31 00:00:00.000,,,00,,CROP TOTALS,NAICS CLASSIFICATION: (1124),RHODE ISLAND,"CROP TOTALS - SALES, MEASURED IN $",2012,(D),ALL CLASSES,00,ANNUAL,,ALL UTILIZATION PRACTICES,RI,44,,,00000000,,$,RHODE ISLAND,SALES,,STATE,YEAR,CROP TOTALS,,9000,CENSUS,NAICS CLASSIFICATION,44,UNITED STATES
                 (D),,CROPS,ALL PRODUCTION PRACTICES,2012-01-01 00:00:00.000,,,00,,CROP TOTALS,NAICS CLASSIFICATION: (1124),RHODE ISLAND,"CROP TOTALS - SALES, MEASURED IN $",2002,,ALL CLASSES,00,ANNUAL,,ALL UTILIZATION PRACTICES,RI,44,,,00000000,,$,RHODE ISLAND,SALES,,STATE,YEAR,CROP TOTALS,,9000,CENSUS,NAICS CLASSIFICATION,44,UNITED STATES
                 (D),,CROPS,ALL PRODUCTION PRACTICES,2024-07-02 12:00:00.000,,,00,,CROP TOTALS,NAICS CLASSIFICATION: (11241),RHODE ISLAND,"CROP TOTALS - SALES, MEASURED IN $",2022,(D),ALL CLASSES,00,ANNUAL,,ALL UTILIZATION PRACTICES,RI,44,,,00000000,,$,RHODE ISLAND,SALES,,STATE,YEAR,CROP TOTALS,,9000,CENSUS,NAICS CLASSIFICATION,44,UNITED STATES
                 (D),,CROPS,ALL PRODUCTION PRACTICES,2018-02-01 00:00:00.000,,,00,,CROP TOTALS,NAICS CLASSIFICATION: (11241),RHODE ISLAND,"CROP TOTALS - SALES, MEASURED IN $",2017,(D),ALL CLASSES,00,ANNUAL,,ALL UTILIZATION PRACTICES,RI,44,,,00000000,,$,RHODE ISLAND,SALES,,STATE,YEAR,CROP TOTALS,,9000,CENSUS,NAICS CLASSIFICATION,44,UNITED STATES
                 (D),,CROPS,ALL PRODUCTION PRACTICES,2012-12-31 00:00:00.000,,,00,,CROP TOTALS,NAICS CLASSIFICATION: (11241),RHODE ISLAND,"CROP TOTALS - SALES, MEASURED IN $",2012,(D),ALL CLASSES,00,ANNUAL,,ALL UTILIZATION PRACTICES,RI,44,,,00000000,,$,RHODE ISLAND,SALES,,STATE,YEAR,CROP TOTALS,,9000,CENSUS,NAICS CLASSIFICATION,44,UNITED STATES
                 (D),,CROPS,ALL PRODUCTION PRACTICES,2024-07-02 12:00:00.000,,,00,,CROP TOTALS,NAICS CLASSIFICATION: (11242),RHODE ISLAND,"CROP TOTALS - SALES, MEASURED IN $",2022,(D),ALL CLASSES,00,ANNUAL,,ALL UTILIZATION PRACTICES,RI,44,,,00000000,,$,RHODE ISLAND,SALES,,STATE,YEAR,CROP TOTALS,,9000,CENSUS,NAICS CLASSIFICATION,44,UNITED STATES
                 (D),,CROPS,ALL PRODUCTION PRACTICES,2012-01-01 00:00:00.000,,,00,,CROP TOTALS,NAICS CLASSIFICATION: (11242),RHODE ISLAND,"CROP TOTALS - SALES, MEASURED IN $",2002,,ALL CLASSES,00,ANNUAL,,ALL UTILIZATION PRACTICES,RI,44,,,00000000,,$,RHODE ISLAND,SALES,,STATE,YEAR,CROP TOTALS,,9000,CENSUS,NAICS CLASSIFICATION,44,UNITED STATES
                 (D),,CROPS,ALL PRODUCTION PRACTICES,2024-07-02 12:00:00.000,,,00,,CROP TOTALS,NAICS CLASSIFICATION: (1125),RHODE ISLAND,"CROP TOTALS - SALES, MEASURED IN $",2022,(D),ALL CLASSES,00,ANNUAL,,ALL UTILIZATION PRACTICES,RI,44,,,00000000,,$,RHODE ISLAND,SALES,,STATE,YEAR,CROP TOTALS,,9000,CENSUS,NAICS CLASSIFICATION,44,UNITED STATES
                 (D),,CROPS,ALL PRODUCTION PRACTICES,2018-02-01 00:00:00.000,,,00,,CROP TOTALS,NAICS CLASSIFICATION: (1125),RHODE ISLAND,"CROP TOTALS - SALES, MEASURED IN $",2017,(D),ALL CLASSES,00,ANNUAL,,ALL UTILIZATION PRACTICES,RI,44,,,00000000,,$,RHODE ISLAND,SALES,,STATE,YEAR,CROP TOTALS,,9000,CENSUS,NAICS CLASSIFICATION,44,UNITED STATES
                 (D),,CROPS,ALL PRODUCTION PRACTICES,2012-12-31 00:00:00.000,,,00,,CROP TOTALS,NAICS CLASSIFICATION: (1125),RHODE ISLAND,"CROP TOTALS - SALES, MEASURED IN $",2012,(D),ALL CLASSES,00,ANNUAL,,ALL UTILIZATION PRACTICES,RI,44,,,00000000,,$,RHODE ISLAND,SALES,,STATE,YEAR,CROP TOTALS,,9000,CENSUS,NAICS CLASSIFICATION,44,UNITED STATES
                 (D),,CROPS,ALL PRODUCTION PRACTICES,2024-07-02 12:00:00.000,,,00,,CROP TOTALS,NAICS CLASSIFICATION: (1129),RHODE ISLAND,"CROP TOTALS - SALES, MEASURED IN $",2022,(D),ALL CLASSES,00,ANNUAL,,ALL UTILIZATION PRACTICES,RI,44,,,00000000,,$,RHODE ISLAND,SALES,,STATE,YEAR,CROP TOTALS,,9000,CENSUS,NAICS CLASSIFICATION,44,UNITED STATES
"110,000",,CROPS,ALL PRODUCTION PRACTICES,2018-02-01 00:00:00.000,,,00,,CROP TOTALS,NAICS CLASSIFICATION: (1129),RHODE ISLAND,"CROP TOTALS - SALES, MEASURED IN $",2017,55.6,ALL CLASSES,00,ANNUAL,,ALL UTILIZATION PRACTICES,RI,44,,,00000000,,$,RHODE ISLAND,SALES,,STATE,YEAR,CROP TOTALS,,9000,CENSUS,NAICS CLASSIFICATION,44,UNITED STATES
                 (D),,CROPS,ALL PRODUCTION PRACTICES,2012-12-31 00:00:00.000,,,00,,CROP TOTALS,NAICS CLASSIFICATION: (1129),RHODE ISLAND,"CROP TOTALS - SALES, MEASURED IN $",2012,(D),ALL CLASSES,00,ANNUAL,,ALL UTILIZATION PRACTICES,RI,44,,,00000000,,$,RHODE ISLAND,SALES,,STATE,YEAR,CROP TOTALS,,9000,CENSUS,NAICS CLASSIFICATION,44,UNITED STATES
"70,000",,CROPS,ALL PRODUCTION PRACTICES,2012-01-01 00:00:00.000,,,00,,CROP TOTALS,NAICS CLASSIFICATION: (1129),RHODE ISLAND,"CROP TOTALS - SALES, MEASURED IN $",2007,,ALL CLASSES,00,ANNUAL,,ALL UTILIZATION PRACTICES,RI,44,,,00000000,,$,RHODE ISLAND,SALES,,STATE,YEAR,CROP TOTALS,,9000,CENSUS,NAICS CLASSIFICATION,44,UNITED STATES
"57,000",,CROPS,ALL PRODUCTION PRACTICES,2012-01-01 00:00:00.000,,,00,,CROP TOTALS,NAICS CLASSIFICATION: (1129),RHODE ISLAND,"CROP TOTALS - SALES, MEASURED IN $",2002,,ALL CLASSES,00,ANNUAL,,ALL UTILIZATION PRACTICES,RI,44,,,00000000,,$,RHODE ISLAND,SALES,,STATE,YEAR,CROP TOTALS,,9000,CENSUS,NAICS CLASSIFICATION,44,UNITED STATES
                 (D),,CROPS,ALL PRODUCTION PRACTICES,2018-02-01 00:00:00.000,,,00,,CROP TOTALS,NAICS CLASSIFICATION: (11291),RHODE ISLAND,"CROP TOTALS - SALES, MEASURED IN $",2017,(D),ALL CLASSES,00,ANNUAL,,ALL UTILIZATION PRACTICES,RI,44,,,00000000,,$,RHODE ISLAND,SALES,,STATE,YEAR,CROP TOTALS,,9000,CENSUS,NAICS CLASSIFICATION,44,UNITED STATES
                 (D),,CROPS,ALL PRODUCTION PRACTICES,2012-01-01 00:00:00.000,,,00,,CROP TOTALS,NAICS CLASSIFICATION: (11291),RHODE ISLAND,"CROP TOTALS - SALES, MEASURED IN $",2007,,ALL CLASSES,00,ANNUAL,,ALL UTILIZATION PRACTICES,RI,44,,,00000000,,$,RHODE ISLAND,SALES,,STATE,YEAR,CROP TOTALS,,9000,CENSUS,NAICS CLASSIFICATION,44,UNITED STATES
                 (D),,CROPS,ALL PRODUCTION PRACTICES,2012-01-01 00:00:00.000,,,00,,CROP TOTALS,NAICS CLASSIFICATION: (11291),RHODE ISLAND,"CROP TOTALS - SALES, MEASURED IN $",2002,,ALL CLASSES,00,ANNUAL,,ALL UTILIZATION PRACTICES,RI,44,,,00000000,,$,RHODE ISLAND,SALES,,STATE,YEAR,CROP TOTALS,,9000,CENSUS,NAICS CLASSIFICATION,44,UNITED STATES
                 (D),,CROPS,ALL PRODUCTION PRACTICES,2018-02-01 00:00:00.000,,,00,,CROP TOTALS,NAICS CLASSIFICATION: (11292),RHODE ISLAND,"CROP TOTALS - SALES, MEASURED IN $",2017,(D),ALL CLASSES,00,ANNUAL,,ALL UTILIZATION PRACTICES,RI,44,,,00000000,,$,RHODE ISLAND,SALES,,STATE,YEAR,CROP TOTALS,,9000,CENSUS,NAICS CLASSIFICATION,44,UNITED STATES
                 (D),,CROPS,ALL PRODUCTION PRACTICES,2012-12-31 00:00:00.000,,,00,,CROP TOTALS,NAICS CLASSIFICATION: (11292),RHODE ISLAND,"CROP TOTALS - SALES, MEASURED IN $",2012,(D),ALL CLASSES,00,ANNUAL,,ALL UTILIZATION PRACTICES,RI,44,,,00000000,,$,RHODE ISLAND,SALES,,STATE,YEAR,CROP TOTALS,,9000,CENSUS,NAICS CLASSIFICATION,44,UNITED STATES
"28,000",,CROPS,ALL PRODUCTION PRACTICES,2012-01-01 00:00:00.000,,,00,,CROP TOTALS,NAICS CLASSIFICATION: (11292),RHODE ISLAND,"CROP TOTALS - SALES, MEASURED IN $",2007,,ALL CLASSES,00,ANNUAL,,ALL UTILIZATION PRACTICES,RI,44,,,00000000,,$,RHODE ISLAND,SALES,,STATE,YEAR,CROP TOTALS,,9000,CENSUS,NAICS CLASSIFICATION,44,UNITED STATES
                 (D),,CROPS,ALL PRODUCTION PRACTICES,2012-01-01 00:00:00.000,,,00,,CROP TOTALS,NAICS CLASSIFICATION: (11292),RHODE ISLAND,"CROP TOTALS - SALES, MEASURED IN $",2002,,ALL CLASSES,00,ANNUAL,,ALL UTILIZATION PRACTICES,RI,44,,,00000000,,$,RHODE ISLAND,SALES,,STATE,YEAR,CROP TOTALS,,9000,CENSUS,NAICS CLASSIFICATION,44,UNITED STATES
                 (D),,CROPS,ALL PRODUCTION PRACTICES,2012-01-01 00:00:00.000,,,00,,CROP TOTALS,NAICS CLASSIFICATION: (11293),RHODE ISLAND,"CROP TOTALS - SALES, MEASURED IN $",2007,,ALL CLASSES,00,ANNUAL,,ALL UTILIZATION PRACTICES,RI,44,,,00000000,,$,RHODE ISLAND,SALES,,STATE,YEAR,CROP TOTALS,,9000,CENSUS,NAICS CLASSIFICATION,44,UNITED STATES
                 (D),,CROPS,ALL PRODUCTION PRACTICES,2024-07-02 12:00:00.000,,,00,,CROP TOTALS,NAICS CLASSIFICATION: (11299),RHODE ISLAND,"CROP TOTALS - SALES, MEASURED IN $",2022,(D),ALL CLASSES,00,ANNUAL,,ALL UTILIZATION PRACTICES,RI,44,,,00000000,,$,RHODE ISLAND,SALES,,STATE,YEAR,CROP TOTALS,,9000,CENSUS,NAICS CLASSIFICATION,44,UNITED STATES
                 (D),,CROPS,ALL PRODUCTION PRACTICES,2018-02-01 00:00:00.000,,,00,,CROP TOTALS,NAICS CLASSIFICATION: (11299),RHODE ISLAND,"CROP TOTALS - SALES, MEASURED IN $",2017,(D),ALL CLASSES,00,ANNUAL,,ALL UTILIZATION PRACTICES,RI,44,,,00000000,,$,RHODE ISLAND,SALES,,STATE,YEAR,CROP TOTALS,,9000,CENSUS,NAICS CLASSIFICATION,44,UNITED STATES
"12,000",,CROPS,ALL PRODUCTION PRACTICES,2012-12-31 00:00:00.000,,,00,,CROP TOTALS,NAICS CLASSIFICATION: (11299),RHODE ISLAND,"CROP TOTALS - SALES, MEASURED IN $",2012,53.3,ALL CLASSES,00,ANNUAL,,ALL UTILIZATION PRACTICES,RI,44,,,00000000,,$,RHODE ISLAND,SALES,,STATE,YEAR,CROP TOTALS,,9000,CENSUS,NAICS CLASSIFICATION,44,UNITED STATES
"33,000",,CROPS,ALL PRODUCTION PRACTICES,2012-01-01 00:00:00.000,,,00,,CROP TOTALS,NAICS CLASSIFICATION: (11299),RHODE ISLAND,"CROP TOTALS - SALES, MEASURED IN $",2007,,ALL CLASSES,00,ANNUAL,,ALL UTILIZATION PRACTICES,RI,44,,,00000000,,$,RHODE ISLAND,SALES,,STATE,YEAR,CROP TOTALS,,9000,CENSUS,NAICS CLASSIFICATION,44,UNITED STATES
"31,000",,CROPS,ALL PRODUCTION PRACTICES,2012-01-01 00:00:00.000,,,00,,CROP TOTALS,NAICS CLASSIFICATION: (11299),RHODE ISLAND,"CROP TOTALS - SALES, MEASURED IN $",2002,,ALL CLASSES,00,ANNUAL,,ALL UTILIZATION PRACTICES,RI,44,,,00000000,,$,RHODE ISLAND,SALES,,STATE,YEAR,CROP TOTALS,,9000,CENSUS,NAICS CLASSIFICATION,44,UNITED STATES
"779,000",,CROPS,ALL PRODUCTION PRACTICES,2024-07-02 12:00:00.000,BRISTOL,10,00,,CROP TOTALS,NOT SPECIFIED,"RHODE ISLAND, ALL COUNTIES, BRISTOL","CROP TOTALS - SALES, MEASURED IN $",2022,(L),ALL CLASSES,00,ANNUAL,ALL COUNTIES,ALL UTILIZATION PRACTICES,RI,44,001,,00000000,001,$,RHODE ISLAND,SALES,,COUNTY,YEAR,CROP TOTALS,,9000,CENSUS,TOTAL,44,UNITED STATES
"374,000",,CROPS,ALL PRODUCTION PRACTICES,2018-02-01 00:00:00.000,BRISTOL,10,00,,CROP TOTALS,NOT SPECIFIED,"RHODE ISLAND, ALL COUNTIES, BRISTOL","CROP TOTALS - SALES, MEASURED IN $",2017,10.0,ALL CLASSES,00,ANNUAL,ALL COUNTIES,ALL UTILIZATION PRACTICES,RI,44,001,,00000000,001,$,RHODE ISLAND,SALES,,COUNTY,YEAR,CROP TOTALS,,9000,CENSUS,TOTAL,44,UNITED STATES
"2,147,000",,CROPS,ALL PRODUCTION PRACTICES,2012-12-31 00:00:00.000,BRISTOL,10,00,,CROP TOTALS,NOT SPECIFIED,"RHODE ISLAND, ALL COUNTIES, BRISTOL","CROP TOTALS - SALES, MEASURED IN $",2012,7.5,ALL CLASSES,00,ANNUAL,ALL COUNTIES,ALL UTILIZATION PRACTICES,RI,44,001,,00000000,001,$,RHODE ISLAND,SALES,,COUNTY,YEAR,CROP TOTALS,,9000,CENSUS,TOTAL,44,UNITED STATES
"2,507,000",,CROPS,ALL PRODUCTION PRACTICES,2012-01-01 00:00:00.000,BRISTOL,10,00,,CROP TOTALS,NOT SPECIFIED,"RHODE ISLAND, ALL COUNTIES, BRISTOL","CROP TOTALS - SALES, MEASURED IN $",2007,,ALL CLASSES,00,ANNUAL,ALL COUNTIES,ALL UTILIZATION PRACTICES,RI,44,001,,00000000,001,$,RHODE ISLAND,SALES,,COUNTY,YEAR,CROP TOTALS,,9000,CENSUS,TOTAL,44,UNITED STATES
"3,671,000",,CROPS,ALL PRODUCTION PRACTICES,2012-01-01 00:00:00.000,BRISTOL,10,00,,CROP TOTALS,NOT SPECIFIED,"RHODE ISLAND, ALL COUNTIES, BRISTOL","CROP TOTALS - SALES, MEASURED IN $",2002,,ALL CLASSES,00,ANNUAL,ALL COUNTIES,ALL UTILIZATION PRACTICES,RI,44,001,,00000000,001,$,RHODE ISLAND,SALES,,COUNTY,YEAR,CROP TOTALS,,9000,CENSUS,TOTAL,44,UNITED STATES
"2,746,000",,CROPS,ALL PRODUCTION PRACTICES,2012-01-01 00:00:00.000,BRISTOL,10,00,,CROP TOTALS,NOT SPECIFIED,"RHODE ISLAND, ALL COUNTIES, BRISTOL","CROP TOTALS - SALES, MEASURED IN $",1997,,ALL CLASSES,00,ANNUAL,ALL COUNTIES,ALL UTILIZATION PRACTICES,RI,44,001,,00000000,001,$,RHODE ISLAND,SALES,,COUNTY,YEAR,CROP TOTALS,,9000,CENSUS,TOTAL,44,UNITED STATES
"2,703,000",,CROPS,ALL PRODUCTION PRACTICES,2024-07-02 12:00:00.000,KENT,10,00,,CROP TOTALS,NOT SPECIFIED,"RHODE ISLAND, ALL COUNTIES, KENT","CROP TOTALS - SALES, MEASURED IN $",2022,(L),ALL CLASSES,00,ANNUAL,ALL COUNTIES,ALL UTILIZATION PRACTICES,RI,44,003,,00000000,003,$,RHODE ISLAND,SALES,,COUNTY,YEAR,CROP TOTALS,,9000,CENSUS,TOTAL,44,UNITED STATES
"2,315,000",,CROPS,ALL PRODUCTION PRACTICES,2018-02-01 00:00:00.000,KENT,10,00,,CROP TOTALS,NOT SPECIFIED,"RHODE ISLAND, ALL COUNTIES, KENT","CROP TOTALS - SALES, MEASURED IN $",2017,10.0,ALL CLASSES,00,ANNUAL,ALL COUNTIES,ALL UTILIZATION PRACTICES,RI,44,003,,00000000,003,$,RHODE ISLAND,SALES,,COUNTY,YEAR,CROP TOTALS,,9000,CENSUS,TOTAL,44,UNITED STATES
"3,498,000",,CROPS,ALL PRODUCTION PRACTICES,2012-12-31 00:00:00.000,KENT,10,00,,CROP TOTALS,NOT SPECIFIED,"RHODE ISLAND, ALL COUNTIES, KENT","CROP TOTALS - SALES, MEASURED IN $",2012,7.5,ALL CLASSES,00,ANNUAL,ALL COUNTIES,ALL UTILIZATION PRACTICES,RI,44,003,,00000000,003,$,RHODE ISLAND,SALES,,COUNTY,YEAR,CROP TOTALS,,9000,CENSUS,TOTAL,44,UNITED STATES
"3,452,000",,CROPS,ALL PRODUCTION PRACTICES,2012-01-01 00:00:00.000,KENT,10,00,,CROP TOTALS,NOT SPECIFIED,"RHODE ISLAND, ALL COUNTIES, KENT","CROP TOTALS - SALES, MEASURED IN $",2007,,ALL CLASSES,00,ANNUAL,ALL COUNTIES,ALL UTILIZATION PRACTICES,RI,44,003,,00000000,003,$,RHODE ISLAND,SALES,,COUNTY,YEAR,CROP TOTALS,,9000,CENSUS,TOTAL,44,UNITED STATES
"3,383,000",,CROPS,ALL PRODUCTION PRACTICES,2012-01-01 00:00:00.000,KENT,10,00,,CROP TOTALS,NOT SPECIFIED,"RHODE ISLAND, ALL COUNTIES, KENT","CROP TOTALS - SALES, MEASURED IN $",2002,,ALL CLASSES,00,ANNUAL,ALL COUNTIES,ALL UTILIZATION PRACTICES,RI,44,003,,00000000,003,$,RHODE ISLAND,SALES,,COUNTY,YEAR,CROP TOTALS,,9000,CENSUS,TOTAL,44,UNITED STATES
"2,385,000",,CROPS,ALL PRODUCTION PRACTICES,2012-01-01 00:00:00.000,KENT,10,00,,CROP TOTALS,NOT SPECIFIED,"RHODE ISLAND, ALL COUNTIES, KENT","CROP TOTALS - SALES, MEASURED IN $",1997,,ALL CLASSES,00,ANNUAL,ALL COUNTIES,ALL UTILIZATION PRACTICES,RI,44,003,,00000000,003,$,RHODE ISLAND,SALES,,COUNTY,YEAR,CROP TOTALS,,9000,CENSUS,TOTAL,44,UNITED STATES
"16,048,000",,CROPS,ALL PRODUCTION PRACTICES,2024-07-02 12:00:00.000,NEWPORT,10,00,,CROP TOTALS,NOT SPECIFIED,"RHODE ISLAND, ALL COUNTIES, NEWPORT","CROP TOTALS - SALES, MEASURED IN $",2022,(L),ALL CLASSES,00,ANNUAL,ALL COUNTIES,ALL UTILIZATION PRACTICES,RI,44,005,,00000000,005,$,RHODE ISLAND,SALES,,COUNTY,YEAR,CROP TOTALS,,9000,CENSUS,TOTAL,44,UNITED STATES
"12,093,000",,CROPS,ALL PRODUCTION PRACTICES,2018-02-01 00:00:00.000,NEWPORT,10,00,,CROP TOTALS,NOT SPECIFIED,"RHODE ISLAND, ALL COUNTIES, NEWPORT","CROP TOTALS - SALES, MEASURED IN $",2017,10.0,ALL CLASSES,00,ANNUAL,ALL COUNTIES,ALL UTILIZATION PRACTICES,RI,44,005,,00000000,005,$,RHODE ISLAND,SALES,,COUNTY,YEAR,CROP TOTALS,,9000,CENSUS,TOTAL,44,UNITED STATES
"12,153,000",,CROPS,ALL PRODUCTION PRACTICES,2012-12-31 00:00:00.000,NEWPORT,10,00,,CROP TOTALS,NOT SPECIFIED,"RHODE ISLAND, ALL COUNTIES, NEWPORT","CROP TOTALS - SALES, MEASURED IN $",2012,7.5,ALL CLASSES,00,ANNUAL,ALL COUNTIES,ALL UTILIZATION PRACTICES,RI,44,005,,00000000,005,$,RHODE ISLAND,SALES,,COUNTY,YEAR,CROP TOTALS,,9000,CENSUS,TOTAL,44,UNITED STATES
"16,144,000",,CROPS,ALL PRODUCTION PRACTICES,2012-01-01 00:00:00.000,NEWPORT,10,00,,CROP TOTALS,NOT SPECIFIED,"RHODE ISLAND, ALL COUNTIES, NEWPORT","CROP TOTALS - SALES, MEASURED IN $",2007,,ALL CLASSES,00,ANNUAL,ALL COUNTIES,ALL UTILIZATION PRACTICES,RI,44,005,,00000000,005,$,RHODE ISLAND,SALES,,COUNTY,YEAR,CROP TOTALS,,9000,CENSUS,TOTAL,44,UNITED STATES
"13,172,000",,CROPS,ALL PRODUCTION PRACTICES,2012-01-01 00:00:00.000,NEWPORT,10,00,,CROP TOTALS,NOT SPECIFIED,"RHODE ISLAND, ALL COUNTIES, NEWPORT","CROP TOTALS - SALES, MEASURED IN $",2002,,ALL CLASSES,00,ANNUAL,ALL COUNTIES,ALL UTILIZATION PRACTICES,RI,44,005,,00000000,005,$,RHODE ISLAND,SALES,,COUNTY,YEAR,CROP TOTALS,,9000,CENSUS,TOTAL,44,UNITED STATES
"12,205,000",,CROPS,ALL PRODUCTION PRACTICES,2012-01-01 00:00:00.000,NEWPORT,10,00,,CROP TOTALS,NOT SPECIFIED,"RHODE ISLAND, ALL COUNTIES, NEWPORT","CROP TOTALS - SALES, MEASURED IN $",1997,,ALL CLASSES,00,ANNUAL,ALL COUNTIES,ALL UTILIZATION PRACTICES,RI,44,005,,00000000,005,$,RHODE ISLAND,SALES,,COUNTY,YEAR,CROP TOTALS,,9000,CENSUS,TOTAL,44,UNITED STATES
"10,464,000",,CROPS,ALL PRODUCTION PRACTICES,2024-07-02 12:00:00.000,PROVIDENCE,10,00,,CROP TOTALS,NOT SPECIFIED,"RHODE ISLAND, ALL COUNTIES, PROVIDENCE","CROP TOTALS - SALES, MEASURED IN $",2022,(L),ALL CLASSES,00,ANNUAL,ALL COUNTIES,ALL UTILIZATION PRACTICES,RI,44,007,,00000000,007,$,RHODE ISLAND,SALES,,COUNTY,YEAR,CROP TOTALS,,9000,CENSUS,TOTAL,44,UNITED STATES
"9,033,000",,CROPS,ALL PRODUCTION PRACTICES,2018-02-01 00:00:00.000,PROVIDENCE,10,00,,CROP TOTALS,NOT SPECIFIED,"RHODE ISLAND, ALL COUNTIES, PROVIDENCE","CROP TOTALS - SALES, MEASURED IN $",2017,10.0,ALL CLASSES,00,ANNUAL,ALL COUNTIES,ALL UTILIZATION PRACTICES,RI,44,007,,00000000,007,$,RHODE ISLAND,SALES,,COUNTY,YEAR,CROP TOTALS,,9000,CENSUS,TOTAL,44,UNITED STATES
"10,954,000",,CROPS,ALL PRODUCTION PRACTICES,2012-12-31 00:00:00.000,PROVIDENCE,10,00,,CROP TOTALS,NOT SPECIFIED,"RHODE ISLAND, ALL COUNTIES, PROVIDENCE","CROP TOTALS - SALES, MEASURED IN $",2012,7.5,ALL CLASSES,00,ANNUAL,ALL COUNTIES,ALL UTILIZATION PRACTICES,RI,44,007,,00000000,007,$,RHODE ISLAND,SALES,,COUNTY,YEAR,CROP TOTALS,,9000,CENSUS,TOTAL,44,UNITED STATES
"11,534,000",,CROPS,ALL PRODUCTION PRACTICES,2012-01-01 00:00:00.000,PROVIDENCE,10,00,,CROP TOTALS,NOT SPECIFIED,"RHODE ISLAND, ALL COUNTIES, PROVIDENCE","CROP TOTALS - SALES, MEASURED IN $",2007,,ALL CLASSES,00,ANNUAL,ALL COUNTIES,ALL UTILIZATION PRACTICES,RI,44,007,,00000000,007,$,RHODE ISLAND,SALES,,COUNTY,YEAR,CROP TOTALS,,9000,CENSUS,TOTAL,44,UNITED STATES
"8,361,000",,CROPS,ALL PRODUCTION PRACTICES,2012-01-01 00:00:00.000,PROVIDENCE,10,00,,CROP TOTALS,NOT SPECIFIED,"RHODE ISLAND, ALL COUNTIES, PROVIDENCE","CROP TOTALS - SALES, MEASURED IN $",2002,,ALL CLASSES,00,ANNUAL,ALL COUNTIES,ALL UTILIZATION PRACTICES,RI,44,007,,00000000,007,$,RHODE ISLAND,SALES,,COUNTY,YEAR,CROP TOTALS,,9000,CENSUS,TOTAL,44,UNITED STATES
"6,696,000",,CROPS,ALL PRODUCTION PRACTICES,2012-01-01 00:00:00.000,PROVIDENCE,10,00,,CROP TOTALS,NOT SPECIFIED,"RHODE ISLAND, ALL COUNTIES, PROVIDENCE","CROP TOTALS - SALES, MEASURED IN $",1997,,ALL CLASSES,00,ANNUAL,ALL COUNTIES,ALL UTILIZATION PRACTICES,RI,44,007,,00000000,007,$,RHODE ISLAND,SALES,,COUNTY,YEAR,CROP TOTALS,,9000,CENSUS,TOTAL,44,UNITED STATES
"42,218,000",,CROPS,ALL PRODUCTION PRACTICES,2024-07-02 12:00:00.000,WASHINGTON,10,00,,CROP TOTALS,NOT SPECIFIED,"RHODE ISLAND, ALL COUNTIES, WASHINGTON","CROP TOTALS - SALES, MEASURED IN $",2022,(L),ALL CLASSES,00,ANNUAL,ALL COUNTIES,ALL UTILIZATION PRACTICES,RI,44,009,,00000000,009,$,RHODE ISLAND,SALES,,COUNTY,YEAR,CROP TOTALS,,9000,CENSUS,TOTAL,44,UNITED STATES
"17,095,000",,CROPS,ALL PRODUCTION PRACTICES,2018-02-01 00:00:00.000,WASHINGTON,10,00,,CROP TOTALS,NOT SPECIFIED,"RHODE ISLAND, ALL COUNTIES, WASHINGTON","CROP TOTALS - SALES, MEASURED IN $",2017,10.0,ALL CLASSES,00,ANNUAL,ALL COUNTIES,ALL UTILIZATION PRACTICES,RI,44,009,,00000000,009,$,RHODE ISLAND,SALES,,COUNTY,YEAR,CROP TOTALS,,9000,CENSUS,TOTAL,44,UNITED STATES
"20,229,000",,CROPS,ALL PRODUCTION PRACTICES,2012-12-31 00:00:00.000,WASHINGTON,10,00,,CROP TOTALS,NOT SPECIFIED,"RHODE ISLAND, ALL COUNTIES, WASHINGTON","CROP TOTALS - SALES, MEASURED IN $",2012,7.5,ALL CLASSES,00,ANNUAL,ALL COUNTIES,ALL UTILIZATION PRACTICES,RI,44,009,,00000000,009,$,RHODE ISLAND,SALES,,COUNTY,YEAR,CROP TOTALS,,9000,CENSUS,TOTAL,44,UNITED STATES
"21,964,000",,CROPS,ALL PRODUCTION PRACTICES,2012-01-01 00:00:00.000,WASHINGTON,10,00,,CROP TOTALS,NOT SPECIFIED,"RHODE ISLAND, ALL COUNTIES, WASHINGTON","CROP TOTALS - SALES, MEASURED IN $",2007,,ALL CLASSES,00,ANNUAL,ALL COUNTIES,ALL UTILIZATION PRACTICES,RI,44,009,,00000000,009,$,RHODE ISLAND,SALES,,COUNTY,YEAR,CROP TOTALS,,9000,CENSUS,TOTAL,44,UNITED STATES
"18,551,000",,CROPS,ALL PRODUCTION PRACTICES,2012-01-01 00:00:00.000,WASHINGTON,10,00,,CROP TOTALS,NOT SPECIFIED,"RHODE ISLAND, ALL COUNTIES, WASHINGTON","CROP TOTALS - SALES, MEASURED IN $",2002,,ALL CLASSES,00,ANNUAL,ALL COUNTIES,ALL UTILIZATION PRACTICES,RI,44,009,,00000000,009,$,RHODE ISLAND,SALES,,COUNTY,YEAR,CROP TOTALS,,9000,CENSUS,TOTAL,44,UNITED STATES
"17,440,000",,CROPS,ALL PRODUCTION PRACTICES,2012-01-01 00:00:00.000,WASHINGTON,10,00,,CROP TOTALS,NOT SPECIFIED,"RHODE ISLAND, ALL COUNTIES, WASHINGTON","CROP TOTALS - SALES, MEASURED IN $",1997,,ALL CLASSES,00,ANNUAL,ALL COUNTIES,ALL UTILIZATION PRACTICES,RI,44,009,,00000000,009,$,RHODE ISLAND,SALES,,COUNTY,YEAR,CROP TOTALS,,9000,CENSUS,TOTAL,44,UNITED STATES
"72,212,000",,CROPS,ALL PRODUCTION PRACTICES,2024-07-02 12:00:00.000,,,00,,CROP TOTALS,NOT SPECIFIED,RHODE ISLAND,"CROP TOTALS - SALES, MEASURED IN $",2022,10.7,ALL CLASSES,00,ANNUAL,,ALL UTILIZATION PRACTICES,RI,44,,,00000000,,$,RHODE ISLAND,SALES,,STATE,YEAR,CROP TOTALS,,9000,CENSUS,TOTAL,44,UNITED STATES
"40,909,000",,CROPS,ALL PRODUCTION PRACTICES,2018-02-01 00:00:00.000,,,00,,CROP TOTALS,NOT SPECIFIED,RHODE ISLAND,"CROP TOTALS - SALES, MEASURED IN $",2017,7.8,ALL CLASSES,00,ANNUAL,,ALL UTILIZATION PRACTICES,RI,44,,,00000000,,$,RHODE ISLAND,SALES,,STATE,YEAR,CROP TOTALS,,9000,CENSUS,TOTAL,44,UNITED STATES
"48,981,000",,CROPS,ALL PRODUCTION PRACTICES,2012-12-31 00:00:00.000,,,00,,CROP TOTALS,NOT SPECIFIED,RHODE ISLAND,"CROP TOTALS - SALES, MEASURED IN $",2012,9.1,ALL CLASSES,00,ANNUAL,,ALL UTILIZATION PRACTICES,RI,44,,,00000000,,$,RHODE ISLAND,SALES,,STATE,YEAR,CROP TOTALS,,9000,CENSUS,TOTAL,44,UNITED STATES
"55,602,000",,CROPS,ALL PRODUCTION PRACTICES,2012-01-01 00:00:00.000,,,00,,CROP TOTALS,NOT SPECIFIED,RHODE ISLAND,"CROP TOTALS - SALES, MEASURED IN $",2007,,ALL CLASSES,00,ANNUAL,,ALL UTILIZATION PRACTICES,RI,44,,,00000000,,$,RHODE ISLAND,SALES,,STATE,YEAR,CROP TOTALS,,9000,CENSUS,TOTAL,44,UNITED STATES
"47,138,000",,CROPS,ALL PRODUCTION PRACTICES,2012-01-01 00:00:00.000,,,00,,CROP TOTALS,NOT SPECIFIED,RHODE ISLAND,"CROP TOTALS - SALES, MEASURED IN $",2002,,ALL CLASSES,00,ANNUAL,,ALL UTILIZATION PRACTICES,RI,44,,,00000000,,$,RHODE ISLAND,SALES,,STATE,YEAR,CROP TOTALS,,9000,CENSUS,TOTAL,44,UNITED STATES
"41,472,000",,CROPS,ALL PRODUCTION PRACTICES,2012-01-01 00:00:00.000,,,00,,CROP TOTALS,NOT SPECIFIED,RHODE ISLAND,"CROP TOTALS - SALES, MEASURED IN $",1997,,ALL CLASSES,00,ANNUAL,,ALL UTILIZATION PRACTICES,RI,44,,,00000000,,$,RHODE ISLAND,SALES,,STATE,YEAR,CROP TOTALS,,9000,CENSUS,TOTAL,44,UNITED STATES
323,,CROPS,ALL PRODUCTION PRACTICES,2024-07-02 12:00:00.000,,,00,,CROP TOTALS,IRRIGATION STATUS: (ANY ON OPERATION),RHODE ISLAND,CROP TOTALS - OPERATIONS WITH SALES,2022,11.6,ALL CLASSES,00,ANNUAL,,ALL UTILIZATION PRACTICES,RI,44,,,00000000,,OPERATIONS,RHODE ISLAND,SALES,,STATE,YEAR,CROP TOTALS,,9000,CENSUS,IRRIGATION STATUS,44,UNITED STATES
230,,CROPS,ALL PRODUCTION PRACTICES,2018-02-01 00:00:00.000,,,00,,CROP TOTALS,IRRIGATION STATUS: (ANY ON OPERATION),RHODE ISLAND,CROP TOTALS - OPERATIONS WITH SALES,2017,14.5,ALL CLASSES,00,ANNUAL,,ALL UTILIZATION PRACTICES,RI,44,,,00000000,,OPERATIONS,RHODE ISLAND,SALES,,STATE,YEAR,CROP TOTALS,,9000,CENSUS,IRRIGATION STATUS,44,UNITED STATES
291,,CROPS,ALL PRODUCTION PRACTICES,2012-12-31 00:00:00.000,,,00,,CROP TOTALS,IRRIGATION STATUS: (ANY ON OPERATION),RHODE ISLAND,CROP TOTALS - OPERATIONS WITH SALES,2012,24.7,ALL CLASSES,00,ANNUAL,,ALL UTILIZATION PRACTICES,RI,44,,,00000000,,OPERATIONS,RHODE ISLAND,SALES,,STATE,YEAR,CROP TOTALS,,9000,CENSUS,IRRIGATION STATUS,44,UNITED STATES
301,,CROPS,ALL PRODUCTION PRACTICES,2012-01-01 00:00:00.000,,,00,,CROP TOTALS,IRRIGATION STATUS: (ANY ON OPERATION),RHODE ISLAND,CROP TOTALS - OPERATIONS WITH SALES,2007,,ALL CLASSES,00,ANNUAL,,ALL UTILIZATION PRACTICES,RI,44,,,00000000,,OPERATIONS,RHODE ISLAND,SALES,,STATE,YEAR,CROP TOTALS,,9000,CENSUS,IRRIGATION STATUS,44,UNITED STATES
260,,CROPS,ALL PRODUCTION PRACTICES,2012-01-01 00:00:00.000,,,00,,CROP TOTALS,IRRIGATION STATUS: (ANY ON OPERATION),RHODE ISLAND,CROP TOTALS - OPERATIONS WITH SALES,2002,,ALL CLASSES,00,ANNUAL,,ALL UTILIZATION PRACTICES,RI,44,,,00000000,,OPERATIONS,RHODE ISLAND,SALES,,STATE,YEAR,CROP TOTALS,,9000,CENSUS,IRRIGATION STATUS,44,UNITED STATES
206,,CROPS,ALL PRODUCTION PRACTICES,2012-01-01 00:00:00.000,,,00,,CROP TOTALS,IRRIGATION STATUS: (ANY ON OPERATION),RHODE ISLAND,CROP TOTALS - OPERATIONS WITH SALES,1997,,ALL CLASSES,00,ANNUAL,,ALL UTILIZATION PRACTICES,RI,44,,,00000000,,OPERATIONS,RHODE ISLAND,SALES,,STATE,YEAR,CROP TOTALS,,9000,CENSUS,IRRIGATION STATUS,44,UNITED STATES
189,,CROPS,ALL PRODUCTION PRACTICES,2024-07-02 12:00:00.000,,,00,,CROP TOTALS,IRRIGATION STATUS: (HARVESTED CROPLAND IS ENTIRELY IRRIGATED),RHODE ISLAND,CROP TOTALS - OPERATIONS WITH SALES,2022,13.6,ALL CLASSES,00,ANNUAL,,ALL UTILIZATION PRACTICES,RI,44,,,00000000,,OPERATIONS,RHODE ISLAND,SALES,,STATE,YEAR,CROP TOTALS,,9000,CENSUS,IRRIGATION STATUS,44,UNITED STATES
130,,CROPS,ALL PRODUCTION PRACTICES,2018-02-01 00:00:00.000,,,00,,CROP TOTALS,IRRIGATION STATUS: (HARVESTED CROPLAND IS ENTIRELY IRRIGATED),RHODE ISLAND,CROP TOTALS - OPERATIONS WITH SALES,2017,20.1,ALL CLASSES,00,ANNUAL,,ALL UTILIZATION PRACTICES,RI,44,,,00000000,,OPERATIONS,RHODE ISLAND,SALES,,STATE,YEAR,CROP TOTALS,,9000,CENSUS,IRRIGATION STATUS,44,UNITED STATES
178,,CROPS,ALL PRODUCTION PRACTICES,2012-12-31 00:00:00.000,,,00,,CROP TOTALS,IRRIGATION STATUS: (HARVESTED CROPLAND IS ENTIRELY IRRIGATED),RHODE ISLAND,CROP TOTALS - OPERATIONS WITH SALES,2012,35.4,ALL CLASSES,00,ANNUAL,,ALL UTILIZATION PRACTICES,RI,44,,,00000000,,OPERATIONS,RHODE ISLAND,SALES,,STATE,YEAR,CROP TOTALS,,9000,CENSUS,IRRIGATION STATUS,44,UNITED STATES
172,,CROPS,ALL PRODUCTION PRACTICES,2012-01-01 00:00:00.000,,,00,,CROP TOTALS,IRRIGATION STATUS: (HARVESTED CROPLAND IS ENTIRELY IRRIGATED),RHODE ISLAND,CROP TOTALS - OPERATIONS WITH SALES,2007,,ALL CLASSES,00,ANNUAL,,ALL UTILIZATION PRACTICES,RI,44,,,00000000,,OPERATIONS,RHODE ISLAND,SALES,,STATE,YEAR,CROP TOTALS,,9000,CENSUS,IRRIGATION STATUS,44,UNITED STATES
148,,CROPS,ALL PRODUCTION PRACTICES,2012-01-01 00:00:00.000,,,00,,CROP TOTALS,IRRIGATION STATUS: (HARVESTED CROPLAND IS ENTIRELY IRRIGATED),RHODE ISLAND,CROP TOTALS - OPERATIONS WITH SALES,2002,,ALL CLASSES,00,ANNUAL,,ALL UTILIZATION PRACTICES,RI,44,,,00000000,,OPERATIONS,RHODE ISLAND,SALES,,STATE,YEAR,CROP TOTALS,,9000,CENSUS,IRRIGATION STATUS,44,UNITED STATES
123,,CROPS,ALL PRODUCTION PRACTICES,2012-01-01 00:00:00.000,,,00,,CROP TOTALS,IRRIGATION STATUS: (HARVESTED CROPLAND IS ENTIRELY IRRIGATED),RHODE ISLAND,CROP TOTALS - OPERATIONS WITH SALES,1997,,ALL CLASSES,00,ANNUAL,,ALL UTILIZATION PRACTICES,RI,44,,,00000000,,OPERATIONS,RHODE ISLAND,SALES,,STATE,YEAR,CROP TOTALS,,9000,CENSUS,IRRIGATION STATUS,44,UNITED STATES
313,,CROPS,ALL PRODUCTION PRACTICES,2024-07-02 12:00:00.000,,,00,,CROP TOTALS,IRRIGATION STATUS: (NONE ON OPERATION),RHODE ISLAND,CROP TOTALS - OPERATIONS WITH SALES,2022,11.9,ALL CLASSES,00,ANNUAL,,ALL UTILIZATION PRACTICES,RI,44,,,00000000,,OPERATIONS,RHODE ISLAND,SALES,,STATE,YEAR,CROP TOTALS,,9000,CENSUS,IRRIGATION STATUS,44,UNITED STATES
347,,CROPS,ALL PRODUCTION PRACTICES,2018-02-01 00:00:00.000,,,00,,CROP TOTALS,IRRIGATION STATUS: (NONE ON OPERATION),RHODE ISLAND,CROP TOTALS - OPERATIONS WITH SALES,2017,22.2,ALL CLASSES,00,ANNUAL,,ALL UTILIZATION PRACTICES,RI,44,,,00000000,,OPERATIONS,RHODE ISLAND,SALES,,STATE,YEAR,CROP TOTALS,,9000,CENSUS,IRRIGATION STATUS,44,UNITED STATES
370,,CROPS,ALL PRODUCTION PRACTICES,2012-12-31 00:00:00.000,,,00,,CROP TOTALS,IRRIGATION STATUS: (NONE ON OPERATION),RHODE ISLAND,CROP TOTALS - OPERATIONS WITH SALES,2012,12.4,ALL CLASSES,00,ANNUAL,,ALL UTILIZATION PRACTICES,RI,44,,,00000000,,OPERATIONS,RHODE ISLAND,SALES,,STATE,YEAR,CROP TOTALS,,9000,CENSUS,IRRIGATION STATUS,44,UNITED STATES
404,,CROPS,ALL PRODUCTION PRACTICES,2012-01-01 00:00:00.000,,,00,,CROP TOTALS,IRRIGATION STATUS: (NONE ON OPERATION),RHODE ISLAND,CROP TOTALS - OPERATIONS WITH SALES,2007,,ALL CLASSES,00,ANNUAL,,ALL UTILIZATION PRACTICES,RI,44,,,00000000,,OPERATIONS,RHODE ISLAND,SALES,,STATE,YEAR,CROP TOTALS,,9000,CENSUS,IRRIGATION STATUS,44,UNITED STATES
266,,CROPS,ALL PRODUCTION PRACTICES,2012-01-01 00:00:00.000,,,00,,CROP TOTALS,IRRIGATION STATUS: (NONE ON OPERATION),RHODE ISLAND,CROP TOTALS - OPERATIONS WITH SALES,2002,,ALL CLASSES,00,ANNUAL,,ALL UTILIZATION PRACTICES,RI,44,,,00000000,,OPERATIONS,RHODE ISLAND,SALES,,STATE,YEAR,CROP TOTALS,,9000,CENSUS,IRRIGATION STATUS,44,UNITED STATES
415,,CROPS,ALL PRODUCTION PRACTICES,2012-01-01 00:00:00.000,,,00,,CROP TOTALS,IRRIGATION STATUS: (NONE ON OPERATION),RHODE ISLAND,CROP TOTALS - OPERATIONS WITH SALES,1997,,ALL CLASSES,00,ANNUAL,,ALL UTILIZATION PRACTICES,RI,44,,,00000000,,OPERATIONS,RHODE ISLAND,SALES,,STATE,YEAR,CROP TOTALS,,9000,CENSUS,IRRIGATION STATUS,44,UNITED STATES
48,,CROPS,ALL PRODUCTION PRACTICES,2012-01-01 00:00:00.000,,,00,,CROP TOTALS,"SALES: (250,000 OR MORE $)",RHODE ISLAND,CROP TOTALS - OPERATIONS WITH SALES,2007,,ALL CLASSES,00,ANNUAL,,ALL UTILIZATION PRACTICES,RI,44,,,00000000,,OPERATIONS,RHODE ISLAND,SALES,,STATE,YEAR,CROP TOTALS,,9000,CENSUS,SALES,44,UNITED STATES
1,,CROPS,ALL PRODUCTION PRACTICES,2018-02-01 12:00:00.000,,,00,,CROP TOTALS,"SALES: (250,000 OR MORE $)",02804,CROP TOTALS - OPERATIONS WITH SALES,2017,,ALL CLASSES,00,ANNUAL,,ALL UTILIZATION PRACTICES,RI,44,,,00000000,,OPERATIONS,RHODE ISLAND,SALES,,ZIP CODE,YEAR,CROP TOTALS,02804,9000,CENSUS,SALES,44,UNITED STATES
1,,CROPS,ALL PRODUCTION PRACTICES,2012-01-01 00:00:00.000,,,00,,CROP TOTALS,"SALES: (250,000 OR MORE $)",02804,CROP TOTALS - OPERATIONS WITH SALES,2007,,ALL CLASSES,00,ANNUAL,,ALL UTILIZATION PRACTICES,RI,44,,,00000000,,OPERATIONS,RHODE ISLAND,SALES,,ZIP CODE,YEAR,CROP TOTALS,02804,9000,CENSUS,SALES,44,UNITED STATES
1,,CROPS,ALL PRODUCTION PRACTICES,2012-01-01 00:00:00.000,,,00,,CROP TOTALS,"SALES: (250,000 OR MORE $)",02806,CROP TOTALS - OPERATIONS WITH SALES,2007,,ALL CLASSES,00,ANNUAL,,ALL UTILIZATION PRACTICES,RI,44,,,00000000,,OPERATIONS,RHODE ISLAND,SALES,,ZIP CODE,YEAR,CROP TOTALS,02806,9000,CENSUS,SALES,44,UNITED STATES
1,,CROPS,ALL PRODUCTION PRACTICES,2012-01-01 00:00:00.000,,,00,,CROP TOTALS,"SALES: (250,000 OR MORE $)",02813,CROP TOTALS - OPERATIONS WITH SALES,2007,,ALL CLASSES,00,ANNUAL,,ALL UTILIZATION PRACTICES,RI,44,,,00000000,,OPERATIONS,RHODE ISLAND,SALES,,ZIP CODE,YEAR,CROP TOTALS,02813,9000,CENSUS,SALES,44,UNITED STATES
1,,CROPS,ALL PRODUCTION PRACTICES,2012-01-01 00:00:00.000,,,00,,CROP TOTALS,"SALES: (250,000 OR MORE $)",02814,CROP TOTALS - OPERATIONS WITH SALES,2007,,ALL CLASSES,00,ANNUAL,,ALL UTILIZATION PRACTICES,RI,44,,,00000000,,OPERATIONS,RHODE ISLAND,SALES,,ZIP CODE,YEAR,CROP TOTALS,02814,9000,CENSUS,SALES,44,UNITED STATES
1,,CROPS,ALL PRODUCTION PRACTICES,2012-01-01 00:00:00.000,,,00,,CROP TOTALS,"SALES: (250,000 OR MORE $)",02816,CROP TOTALS - OPERATIONS WITH SALES,2007,,ALL CLASSES,00,ANNUAL,,ALL UTILIZATION PRACTICES,RI,44,,,00000000,,OPERATIONS,RHODE ISLAND,SALES,,ZIP CODE,YEAR,CROP TOTALS,02816,9000,CENSUS,SALES,44,UNITED STATES
3,,CROPS,ALL PRODUCTION PRACTICES,2024-11-07 12:00:00.000,,,00,,CROP TOTALS,"SALES: (250,000 OR MORE $)",02822,CROP TOTALS - OPERATIONS WITH SALES,2022,,ALL CLASSES,00,ANNUAL,,ALL UTILIZATION PRACTICES,RI,44,,,00000000,,OPERATIONS,RHODE ISLAND,SALES,,ZIP CODE,YEAR,CROP TOTALS,02822,9000,CENSUS,SALES,44,UNITED STATES
2,,CROPS,ALL PRODUCTION PRACTICES,2018-02-01 12:00:00.000,,,00,,CROP TOTALS,"SALES: (250,000 OR MORE $)",02822,CROP TOTALS - OPERATIONS WITH SALES,2017,,ALL CLASSES,00,ANNUAL,,ALL UTILIZATION PRACTICES,RI,44,,,00000000,,OPERATIONS,RHODE ISLAND,SALES,,ZIP CODE,YEAR,CROP TOTALS,02822,9000,CENSUS,SALES,44,UNITED STATES
2,,CROPS,ALL PRODUCTION PRACTICES,2012-01-01 00:00:00.000,,,00,,CROP TOTALS,"SALES: (250,000 OR MORE $)",02822,CROP TOTALS - OPERATIONS WITH SALES,2007,,ALL CLASSES,00,ANNUAL,,ALL UTILIZATION PRACTICES,RI,44,,,00000000,,OPERATIONS,RHODE ISLAND,SALES,,ZIP CODE,YEAR,CROP TOTALS,02822,9000,CENSUS,SALES,44,UNITED STATES
1,,CROPS,ALL PRODUCTION PRACTICES,2012-01-01 00:00:00.000,,,00,,CROP TOTALS,"SALES: (250,000 OR MORE $)",02825,CROP TOTALS - OPERATIONS WITH SALES,2007,,ALL CLASSES,00,ANNUAL,,ALL UTILIZATION PRACTICES,RI,44,,,00000000,,OPERATIONS,RHODE ISLAND,SALES,,ZIP CODE,YEAR,CROP TOTALS,02825,9000,CENSUS,SALES,44,UNITED STATES
1,,CROPS,ALL PRODUCTION PRACTICES,2024-11-07 12:00:00.000,,,00,,CROP TOTALS,"SALES: (250,000 OR MORE $)",02827,CROP TOTALS - OPERATIONS WITH SALES,2022,,ALL CLASSES,00,ANNUAL,,ALL UTILIZATION PRACTICES,RI,44,,,00000000,,OPERATIONS,RHODE ISLAND,SALES,,ZIP CODE,YEAR,CROP TOTALS,02827,9000,CENSUS,SALES,44,UNITED STATES
1,,CROPS,ALL PRODUCTION PRACTICES,2018-02-01 12:00:00.000,,,00,,CROP TOTALS,"SALES: (250,000 OR MORE $)",02827,CROP TOTALS - OPERATIONS WITH SALES,2017,,ALL CLASSES,00,ANNUAL,,ALL UTILIZATION PRACTICES,RI,44,,,00000000,,OPERATIONS,RHODE ISLAND,SALES,,ZIP CODE,YEAR,CROP TOTALS,02827,9000,CENSUS,SALES,44,UNITED STATES
1,,CROPS,ALL PRODUCTION PRACTICES,2012-01-01 00:00:00.000,,,00,,CROP TOTALS,"SALES: (250,000 OR MORE $)",02827,CROP TOTALS - OPERATIONS WITH SALES,2007,,ALL CLASSES,00,ANNUAL,,ALL UTILIZATION PRACTICES,RI,44,,,00000000,,OPERATIONS,RHODE ISLAND,SALES,,ZIP CODE,YEAR,CROP TOTALS,02827,9000,CENSUS,SALES,44,UNITED STATES
1,,CROPS,ALL PRODUCTION PRACTICES,2012-01-01 00:00:00.000,,,00,,CROP TOTALS,"SALES: (250,000 OR MORE $)",02830,CROP TOTALS - OPERATIONS WITH SALES,2007,,ALL CLASSES,00,ANNUAL,,ALL UTILIZATION PRACTICES,RI,44,,,00000000,,OPERATIONS,RHODE ISLAND,SALES,,ZIP CODE,YEAR,CROP TOTALS,02830,9000,CENSUS,SALES,44,UNITED STATES
1,,CROPS,ALL PRODUCTION PRACTICES,2024-11-07 12:00:00.000,,,00,,CROP TOTALS,"SALES: (250,000 OR MORE $)",02831,CROP TOTALS - OPERATIONS WITH SALES,2022,,ALL CLASSES,00,ANNUAL,,ALL UTILIZATION PRACTICES,RI,44,,,00000000,,OPERATIONS,RHODE ISLAND,SALES,,ZIP CODE,YEAR,CROP TOTALS,02831,9000,CENSUS,SALES,44,UNITED STATES
1,,CROPS,ALL PRODUCTION PRACTICES,2018-02-01 12:00:00.000,,,00,,CROP TOTALS,"SALES: (250,000 OR MORE $)",02831,CROP TOTALS - OPERATIONS WITH SALES,2017,,ALL CLASSES,00,ANNUAL,,ALL UTILIZATION PRACTICES,RI,44,,,00000000,,OPERATIONS,RHODE ISLAND,SALES,,ZIP CODE,YEAR,CROP TOTALS,02831,9000,CENSUS,SALES,44,UNITED STATES
1,,CROPS,ALL PRODUCTION PRACTICES,2012-01-01 00:00:00.000,,,00,,CROP TOTALS,"SALES: (250,000 OR MORE $)",02831,CROP TOTALS - OPERATIONS WITH SALES,2007,,ALL CLASSES,00,ANNUAL,,ALL UTILIZATION PRACTICES,RI,44,,,00000000,,OPERATIONS,RHODE ISLAND,SALES,,ZIP CODE,YEAR,CROP TOTALS,02831,9000,CENSUS,SALES,44,UNITED STATES
5,,CROPS,ALL PRODUCTION PRACTICES,2024-11-07 12:00:00.000,,,00,,CROP TOTALS,"SALES: (250,000 OR MORE $)",02837,CROP TOTALS - OPERATIONS WITH SALES,2022,,ALL CLASSES,00,ANNUAL,,ALL UTILIZATION PRACTICES,RI,44,,,00000000,,OPERATIONS,RHODE ISLAND,SALES,,ZIP CODE,YEAR,CROP TOTALS,02837,9000,CENSUS,SALES,44,UNITED STATES
2,,CROPS,ALL PRODUCTION PRACTICES,2018-02-01 12:00:00.000,,,00,,CROP TOTALS,"SALES: (250,000 OR MORE $)",02837,CROP TOTALS - OPERATIONS WITH SALES,2017,,ALL CLASSES,00,ANNUAL,,ALL UTILIZATION PRACTICES,RI,44,,,00000000,,OPERATIONS,RHODE ISLAND,SALES,,ZIP CODE,YEAR,CROP TOTALS,02837,9000,CENSUS,SALES,44,UNITED STATES
2,,CROPS,ALL PRODUCTION PRACTICES,2012-01-01 00:00:00.000,,,00,,CROP TOTALS,"SALES: (250,000 OR MORE $)",02837,CROP TOTALS - OPERATIONS WITH SALES,2007,,ALL CLASSES,00,ANNUAL,,ALL UTILIZATION PRACTICES,RI,44,,,00000000,,OPERATIONS,RHODE ISLAND,SALES,,ZIP CODE,YEAR,CROP TOTALS,02837,9000,CENSUS,SALES,44,UNITED STATES
4,,CROPS,ALL PRODUCTION PRACTICES,2024-11-07 12:00:00.000,,,00,,CROP TOTALS,"SALES: (250,000 OR MORE $)",02842,CROP TOTALS - OPERATIONS WITH SALES,2022,,ALL CLASSES,00,ANNUAL,,ALL UTILIZATION PRACTICES,RI,44,,,00000000,,OPERATIONS,RHODE ISLAND,SALES,,ZIP CODE,YEAR,CROP TOTALS,02842,9000,CENSUS,SALES,44,UNITED STATES
2,,CROPS,ALL PRODUCTION PRACTICES,2018-02-01 12:00:00.000,,,00,,CROP TOTALS,"SALES: (250,000 OR MORE $)",02842,CROP TOTALS - OPERATIONS WITH SALES,2017,,ALL CLASSES,00,ANNUAL,,ALL UTILIZATION PRACTICES,RI,44,,,00000000,,OPERATIONS,RHODE ISLAND,SALES,,ZIP CODE,YEAR,CROP TOTALS,02842,9000,CENSUS,SALES,44,UNITED STATES
5,,CROPS,ALL PRODUCTION PRACTICES,2012-01-01 00:00:00.000,,,00,,CROP TOTALS,"SALES: (250,000 OR MORE $)",02842,CROP TOTALS - OPERATIONS WITH SALES,2007,,ALL CLASSES,00,ANNUAL,,ALL UTILIZATION PRACTICES,RI,44,,,00000000,,OPERATIONS,RHODE ISLAND,SALES,,ZIP CODE,YEAR,CROP TOTALS,02842,9000,CENSUS,SALES,44,UNITED STATES
1,,CROPS,ALL PRODUCTION PRACTICES,2018-02-01 12:00:00.000,,,00,,CROP TOTALS,"SALES: (250,000 OR MORE $)",02857,CROP TOTALS - OPERATIONS WITH SALES,2017,,ALL CLASSES,00,ANNUAL,,ALL UTILIZATION PRACTICES,RI,44,,,00000000,,OPERATIONS,RHODE ISLAND,SALES,,ZIP CODE,YEAR,CROP TOTALS,02857,9000,CENSUS,SALES,44,UNITED STATES
1,,CROPS,ALL PRODUCTION PRACTICES,2012-01-01 00:00:00.000,,,00,,CROP TOTALS,"SALES: (250,000 OR MORE $)",02857,CROP TOTALS - OPERATIONS WITH SALES,2007,,ALL CLASSES,00,ANNUAL,,ALL UTILIZATION PRACTICES,RI,44,,,00000000,,OPERATIONS,RHODE ISLAND,SALES,,ZIP CODE,YEAR,CROP TOTALS,02857,9000,CENSUS,SALES,44,UNITED STATES
3,,CROPS,ALL PRODUCTION PRACTICES,2024-11-07 12:00:00.000,,,00,,CROP TOTALS,"SALES: (250,000 OR MORE $)",02871,CROP TOTALS - OPERATIONS WITH SALES,2022,,ALL CLASSES,00,ANNUAL,,ALL UTILIZATION PRACTICES,RI,44,,,00000000,,OPERATIONS,RHODE ISLAND,SALES,,ZIP CODE,YEAR,CROP TOTALS,02871,9000,CENSUS,SALES,44,UNITED STATES
4,,CROPS,ALL PRODUCTION PRACTICES,2018-02-01 12:00:00.000,,,00,,CROP TOTALS,"SALES: (250,000 OR MORE $)",02871,CROP TOTALS - OPERATIONS WITH SALES,2017,,ALL CLASSES,00,ANNUAL,,ALL UTILIZATION PRACTICES,RI,44,,,00000000,,OPERATIONS,RHODE ISLAND,SALES,,ZIP CODE,YEAR,CROP TOTALS,02871,9000,CENSUS,SALES,44,UNITED STATES
5,,CROPS,ALL PRODUCTION PRACTICES,2012-01-01 00:00:00.000,,,00,,CROP TOTALS,"SALES: (250,000 OR MORE $)",02871,CROP TOTALS - OPERATIONS WITH SALES,2007,,ALL CLASSES,00,ANNUAL,,ALL UTILIZATION PRACTICES,RI,44,,,00000000,,OPERATIONS,RHODE ISLAND,SALES,,ZIP CODE,YEAR,CROP TOTALS,02871,9000,CENSUS,SALES,44,UNITED STATES
1,,CROPS,ALL PRODUCTION PRACTICES,2024-11-07 12:00:00.000,,,00,,CROP TOTALS,"SALES: (250,000 OR MORE $)",02874,CROP TOTALS - OPERATIONS WITH SALES,2022,,ALL CLASSES,00,ANNUAL,,ALL UTILIZATION PRACTICES,RI,44,,,00000000,,OPERATIONS,RHODE ISLAND,SALES,,ZIP CODE,YEAR,CROP TOTALS,02874,9000,CENSUS,SALES,44,UNITED STATES
1,,CROPS,ALL PRODUCTION PRACTICES,2012-01-01 00:00:00.000,,,00,,CROP TOTALS,"SALES: (250,000 OR MORE $)",02874,CROP TOTALS - OPERATIONS WITH SALES,2007,,ALL CLASSES,00,ANNUAL,,ALL UTILIZATION PRACTICES,RI,44,,,00000000,,OPERATIONS,RHODE ISLAND,SALES,,ZIP CODE,YEAR,CROP TOTALS,02874,9000,CENSUS,SALES,44,UNITED STATES
2,,CROPS,ALL PRODUCTION PRACTICES,2024-11-07 12:00:00.000,,,00,,CROP TOTALS,"SALES: (250,000 OR MORE $)",02877,CROP TOTALS - OPERATIONS WITH SALES,2022,,ALL CLASSES,00,ANNUAL,,ALL UTILIZATION PRACTICES,RI,44,,,00000000,,OPERATIONS,RHODE ISLAND,SALES,,ZIP CODE,YEAR,CROP TOTALS,02877,9000,CENSUS,SALES,44,UNITED STATES
2,,CROPS,ALL PRODUCTION PRACTICES,2018-02-01 12:00:00.000,,,00,,CROP TOTALS,"SALES: (250,000 OR MORE $)",02877,CROP TOTALS - OPERATIONS WITH SALES,2017,,ALL CLASSES,00,ANNUAL,,ALL UTILIZATION PRACTICES,RI,44,,,00000000,,OPERATIONS,RHODE ISLAND,SALES,,ZIP CODE,YEAR,CROP TOTALS,02877,9000,CENSUS,SALES,44,UNITED STATES
2,,CROPS,ALL PRODUCTION PRACTICES,2012-01-01 00:00:00.000,,,00,,CROP TOTALS,"SALES: (250,000 OR MORE $)",02877,CROP TOTALS - OPERATIONS WITH SALES,2007,,ALL CLASSES,00,ANNUAL,,ALL UTILIZATION PRACTICES,RI,44,,,00000000,,OPERATIONS,RHODE ISLAND,SALES,,ZIP CODE,YEAR,CROP TOTALS,02877,9000,CENSUS,SALES,44,UNITED STATES
3,,CROPS,ALL PRODUCTION PRACTICES,2024-11-07 12:00:00.000,,,00,,CROP TOTALS,"SALES: (250,000 OR MORE $)",02878,CROP TOTALS - OPERATIONS WITH SALES,2022,,ALL CLASSES,00,ANNUAL,,ALL UTILIZATION PRACTICES,RI,44,,,00000000,,OPERATIONS,RHODE ISLAND,SALES,,ZIP CODE,YEAR,CROP TOTALS,02878,9000,CENSUS,SALES,44,UNITED STATES
1,,CROPS,ALL PRODUCTION PRACTICES,2018-02-01 12:00:00.000,,,00,,CROP TOTALS,"SALES: (250,000 OR MORE $)",02878,CROP TOTALS - OPERATIONS WITH SALES,2017,,ALL CLASSES,00,ANNUAL,,ALL UTILIZATION PRACTICES,RI,44,,,00000000,,OPERATIONS,RHODE ISLAND,SALES,,ZIP CODE,YEAR,CROP TOTALS,02878,9000,CENSUS,SALES,44,UNITED STATES
1,,CROPS,ALL PRODUCTION PRACTICES,2012-01-01 00:00:00.000,,,00,,CROP TOTALS,"SALES: (250,000 OR MORE $)",02878,CROP TOTALS - OPERATIONS WITH SALES,2007,,ALL CLASSES,00,ANNUAL,,ALL UTILIZATION PRACTICES,RI,44,,,00000000,,OPERATIONS,RHODE ISLAND,SALES,,ZIP CODE,YEAR,CROP TOTALS,02878,9000,CENSUS,SALES,44,UNITED STATES
2,,CROPS,ALL PRODUCTION PRACTICES,2024-11-07 12:00:00.000,,,00,,CROP TOTALS,"SALES: (250,000 OR MORE $)",02879,CROP TOTALS - OPERATIONS WITH SALES,2022,,ALL CLASSES,00,ANNUAL,,ALL UTILIZATION PRACTICES,RI,44,,,00000000,,OPERATIONS,RHODE ISLAND,SALES,,ZIP CODE,YEAR,CROP TOTALS,02879,9000,CENSUS,SALES,44,UNITED STATES
3,,CROPS,ALL PRODUCTION PRACTICES,2018-02-01 12:00:00.000,,,00,,CROP TOTALS,"SALES: (250,000 OR MORE $)",02879,CROP TOTALS - OPERATIONS WITH SALES,2017,,ALL CLASSES,00,ANNUAL,,ALL UTILIZATION PRACTICES,RI,44,,,00000000,,OPERATIONS,RHODE ISLAND,SALES,,ZIP CODE,YEAR,CROP TOTALS,02879,9000,CENSUS,SALES,44,UNITED STATES
2,,CROPS,ALL PRODUCTION PRACTICES,2012-01-01 00:00:00.000,,,00,,CROP TOTALS,"SALES: (250,000 OR MORE $)",02879,CROP TOTALS - OPERATIONS WITH SALES,2007,,ALL CLASSES,00,ANNUAL,,ALL UTILIZATION PRACTICES,RI,44,,,00000000,,OPERATIONS,RHODE ISLAND,SALES,,ZIP CODE,YEAR,CROP TOTALS,02879,9000,CENSUS,SALES,44,UNITED STATES
1,,CROPS,ALL PRODUCTION PRACTICES,2012-01-01 00:00:00.000,,,00,,CROP TOTALS,"SALES: (250,000 OR MORE $)",02880,CROP TOTALS - OPERATIONS WITH SALES,2007,,ALL CLASSES,00,ANNUAL,,ALL UTILIZATION PRACTICES,RI,44,,,00000000,,OPERATIONS,RHODE ISLAND,SALES,,ZIP CODE,YEAR,CROP TOTALS,02880,9000,CENSUS,SALES,44,UNITED STATES
1,,CROPS,ALL PRODUCTION PRACTICES,2012-01-01 00:00:00.000,,,00,,CROP TOTALS,"SALES: (250,000 OR MORE $)",02882,CROP TOTALS - OPERATIONS WITH SALES,2007,,ALL CLASSES,00,ANNUAL,,ALL UTILIZATION PRACTICES,RI,44,,,00000000,,OPERATIONS,RHODE ISLAND,SALES,,ZIP CODE,YEAR,CROP TOTALS,02882,9000,CENSUS,SALES,44,UNITED STATES
1,,CROPS,ALL PRODUCTION PRACTICES,2018-02-01 12:00:00.000,,,00,,CROP TOTALS,"SALES: (250,000 OR MORE $)",02886,CROP TOTALS - OPERATIONS WITH SALES,2017,,ALL CLASSES,00,ANNUAL,,ALL UTILIZATION PRACTICES,RI,44,,,00000000,,OPERATIONS,RHODE ISLAND,SALES,,ZIP CODE,YEAR,CROP TOTALS,02886,9000,CENSUS,SALES,44,UNITED STATES
1,,CROPS,ALL PRODUCTION PRACTICES,2012-01-01 00:00:00.000,,,00,,CROP TOTALS,"SALES: (250,000 OR MORE $)",02886,CROP TOTALS - OPERATIONS WITH SALES,2007,,ALL CLASSES,00,ANNUAL,,ALL UTILIZATION PRACTICES,RI,44,,,00000000,,OPERATIONS,RHODE ISLAND,SALES,,ZIP CODE,YEAR,CROP TOTALS,02886,9000,CENSUS,SALES,44,UNITED STATES
3,,CROPS,ALL PRODUCTION PRACTICES,2024-11-07 12:00:00.000,,,00,,CROP TOTALS,"SALES: (250,000 OR MORE $)",02888,CROP TOTALS - OPERATIONS WITH SALES,2022,,ALL CLASSES,00,ANNUAL,,ALL UTILIZATION PRACTICES,RI,44,,,00000000,,OPERATIONS,RHODE ISLAND,SALES,,ZIP CODE,YEAR,CROP TOTALS,02888,9000,CENSUS,SALES,44,UNITED STATES
1,,CROPS,ALL PRODUCTION PRACTICES,2018-02-01 12:00:00.000,,,00,,CROP TOTALS,"SALES: (250,000 OR MORE $)",02888,CROP TOTALS - OPERATIONS WITH SALES,2017,,ALL CLASSES,00,ANNUAL,,ALL UTILIZATION PRACTICES,RI,44,,,00000000,,OPERATIONS,RHODE ISLAND,SALES,,ZIP CODE,YEAR,CROP TOTALS,02888,9000,CENSUS,SALES,44,UNITED STATES
3,,CROPS,ALL PRODUCTION PRACTICES,2024-11-07 12:00:00.000,,,00,,CROP TOTALS,"SALES: (250,000 OR MORE $)",02889,CROP TOTALS - OPERATIONS WITH SALES,2022,,ALL CLASSES,00,ANNUAL,,ALL UTILIZATION PRACTICES,RI,44,,,00000000,,OPERATIONS,RHODE ISLAND,SALES,,ZIP CODE,YEAR,CROP TOTALS,02889,9000,CENSUS,SALES,44,UNITED STATES
1,,CROPS,ALL PRODUCTION PRACTICES,2018-02-01 12:00:00.000,,,00,,CROP TOTALS,"SALES: (250,000 OR MORE $)",02889,CROP TOTALS - OPERATIONS WITH SALES,2017,,ALL CLASSES,00,ANNUAL,,ALL UTILIZATION PRACTICES,RI,44,,,00000000,,OPERATIONS,RHODE ISLAND,SALES,,ZIP CODE,YEAR,CROP TOTALS,02889,9000,CENSUS,SALES,44,UNITED STATES
1,,CROPS,ALL PRODUCTION PRACTICES,2024-11-07 12:00:00.000,,,00,,CROP TOTALS,"SALES: (250,000 OR MORE $)",02891,CROP TOTALS - OPERATIONS WITH SALES,2022,,ALL CLASSES,00,ANNUAL,,ALL UTILIZATION PRACTICES,RI,44,,,00000000,,OPERATIONS,RHODE ISLAND,SALES,,ZIP CODE,YEAR,CROP TOTALS,02891,9000,CENSUS,SALES,44,UNITED STATES
2,,CROPS,ALL PRODUCTION PRACTICES,2018-02-01 12:00:00.000,,,00,,CROP TOTALS,"SALES: (250,000 OR MORE $)",02891,CROP TOTALS - OPERATIONS WITH SALES,2017,,ALL CLASSES,00,ANNUAL,,ALL UTILIZATION PRACTICES,RI,44,,,00000000,,OPERATIONS,RHODE ISLAND,SALES,,ZIP CODE,YEAR,CROP TOTALS,02891,9000,CENSUS,SALES,44,UNITED STATES
1,,CROPS,ALL PRODUCTION PRACTICES,2012-01-01 00:00:00.000,,,00,,CROP TOTALS,"SALES: (250,000 OR MORE $)",02891,CROP TOTALS - OPERATIONS WITH SALES,2007,,ALL CLASSES,00,ANNUAL,,ALL UTILIZATION PRACTICES,RI,44,,,00000000,,OPERATIONS,RHODE ISLAND,SALES,,ZIP CODE,YEAR,CROP TOTALS,02891,9000,CENSUS,SALES,44,UNITED STATES
12,,CROPS,ALL PRODUCTION PRACTICES,2024-11-07 12:00:00.000,,,00,,CROP TOTALS,"SALES: (250,000 OR MORE $)",02892,CROP TOTALS - OPERATIONS WITH SALES,2022,,ALL CLASSES,00,ANNUAL,,ALL UTILIZATION PRACTICES,RI,44,,,00000000,,OPERATIONS,RHODE ISLAND,SALES,,ZIP CODE,YEAR,CROP TOTALS,02892,9000,CENSUS,SALES,44,UNITED STATES
8,,CROPS,ALL PRODUCTION PRACTICES,2018-02-01 12:00:00.000,,,00,,CROP TOTALS,"SALES: (250,000 OR MORE $)",02892,CROP TOTALS - OPERATIONS WITH SALES,2017,,ALL CLASSES,00,ANNUAL,,ALL UTILIZATION PRACTICES,RI,44,,,00000000,,OPERATIONS,RHODE ISLAND,SALES,,ZIP CODE,YEAR,CROP TOTALS,02892,9000,CENSUS,SALES,44,UNITED STATES
6,,CROPS,ALL PRODUCTION PRACTICES,2012-01-01 00:00:00.000,,,00,,CROP TOTALS,"SALES: (250,000 OR MORE $)",02892,CROP TOTALS - OPERATIONS WITH SALES,2007,,ALL CLASSES,00,ANNUAL,,ALL UTILIZATION PRACTICES,RI,44,,,00000000,,OPERATIONS,RHODE ISLAND,SALES,,ZIP CODE,YEAR,CROP TOTALS,02892,9000,CENSUS,SALES,44,UNITED STATES
1,,CROPS,ALL PRODUCTION PRACTICES,2024-11-07 12:00:00.000,,,00,,CROP TOTALS,"SALES: (250,000 OR MORE $)",02894,CROP TOTALS - OPERATIONS WITH SALES,2022,,ALL CLASSES,00,ANNUAL,,ALL UTILIZATION PRACTICES,RI,44,,,00000000,,OPERATIONS,RHODE ISLAND,SALES,,ZIP CODE,YEAR,CROP TOTALS,02894,9000,CENSUS,SALES,44,UNITED STATES
1,,CROPS,ALL PRODUCTION PRACTICES,2012-01-01 00:00:00.000,,,00,,CROP TOTALS,"SALES: (250,000 OR MORE $)",02894,CROP TOTALS - OPERATIONS WITH SALES,2007,,ALL CLASSES,00,ANNUAL,,ALL UTILIZATION PRACTICES,RI,44,,,00000000,,OPERATIONS,RHODE ISLAND,SALES,,ZIP CODE,YEAR,CROP TOTALS,02894,9000,CENSUS,SALES,44,UNITED STATES
1,,CROPS,ALL PRODUCTION PRACTICES,2024-11-07 12:00:00.000,,,00,,CROP TOTALS,"SALES: (250,000 OR MORE $)",02901,CROP TOTALS - OPERATIONS WITH SALES,2022,,ALL CLASSES,00,ANNUAL,,ALL UTILIZATION PRACTICES,RI,44,,,00000000,,OPERATIONS,RHODE ISLAND,SALES,,ZIP CODE,YEAR,CROP TOTALS,02901,9000,CENSUS,SALES,44,UNITED STATES
1,,CROPS,ALL PRODUCTION PRACTICES,2012-01-01 00:00:00.000,,,00,,CROP TOTALS,"SALES: (250,000 OR MORE $)",02905,CROP TOTALS - OPERATIONS WITH SALES,2007,,ALL CLASSES,00,ANNUAL,,ALL UTILIZATION PRACTICES,RI,44,,,00000000,,OPERATIONS,RHODE ISLAND,SALES,,ZIP CODE,YEAR,CROP TOTALS,02905,9000,CENSUS,SALES,44,UNITED STATES
2,,CROPS,ALL PRODUCTION PRACTICES,2024-11-07 12:00:00.000,,,00,,CROP TOTALS,"SALES: (250,000 OR MORE $)",02910,CROP TOTALS - OPERATIONS WITH SALES,2022,,ALL CLASSES,00,ANNUAL,,ALL UTILIZATION PRACTICES,RI,44,,,00000000,,OPERATIONS,RHODE ISLAND,SALES,,ZIP CODE,YEAR,CROP TOTALS,02910,9000,CENSUS,SALES,44,UNITED STATES
1,,CROPS,ALL PRODUCTION PRACTICES,2012-01-01 00:00:00.000,,,00,,CROP TOTALS,"SALES: (250,000 OR MORE $)",02917,CROP TOTALS - OPERATIONS WITH SALES,2007,,ALL CLASSES,00,ANNUAL,,ALL UTILIZATION PRACTICES,RI,44,,,00000000,,OPERATIONS,RHODE ISLAND,SALES,,ZIP CODE,YEAR,CROP TOTALS,02917,9000,CENSUS,SALES,44,UNITED STATES
5,,CROPS,ALL PRODUCTION PRACTICES,2024-11-07 12:00:00.000,,,00,,CROP TOTALS,"SALES: (250,000 OR MORE $)",02919,CROP TOTALS - OPERATIONS WITH SALES,2022,,ALL CLASSES,00,ANNUAL,,ALL UTILIZATION PRACTICES,RI,44,,,00000000,,OPERATIONS,RHODE ISLAND,SALES,,ZIP CODE,YEAR,CROP TOTALS,02919,9000,CENSUS,SALES,44,UNITED STATES
1,,CROPS,ALL PRODUCTION PRACTICES,2018-02-01 12:00:00.000,,,00,,CROP TOTALS,"SALES: (250,000 OR MORE $)",02919,CROP TOTALS - OPERATIONS WITH SALES,2017,,ALL CLASSES,00,ANNUAL,,ALL UTILIZATION PRACTICES,RI,44,,,00000000,,OPERATIONS,RHODE ISLAND,SALES,,ZIP CODE,YEAR,CROP TOTALS,02919,9000,CENSUS,SALES,44,UNITED STATES
3,,CROPS,ALL PRODUCTION PRACTICES,2012-01-01 00:00:00.000,,,00,,CROP TOTALS,"SALES: (250,000 OR MORE $)",02919,CROP TOTALS - OPERATIONS WITH SALES,2007,,ALL CLASSES,00,ANNUAL,,ALL UTILIZATION PRACTICES,RI,44,,,00000000,,OPERATIONS,RHODE ISLAND,SALES,,ZIP CODE,YEAR,CROP TOTALS,02919,9000,CENSUS,SALES,44,UNITED STATES
1,,CROPS,ALL PRODUCTION PRACTICES,2024-11-07 12:00:00.000,,,00,,CROP TOTALS,"SALES: (250,000 OR MORE $)",02921,CROP TOTALS - OPERATIONS WITH SALES,2022,,ALL CLASSES,00,ANNUAL,,ALL UTILIZATION PRACTICES,RI,44,,,00000000,,OPERATIONS,RHODE ISLAND,SALES,,ZIP CODE,YEAR,CROP TOTALS,02921,9000,CENSUS,SALES,44,UNITED STATES
1,,CROPS,ALL PRODUCTION PRACTICES,2018-02-01 12:00:00.000,,,00,,CROP TOTALS,"SALES: (250,000 OR MORE $)",02921,CROP TOTALS - OPERATIONS WITH SALES,2017,,ALL CLASSES,00,ANNUAL,,ALL UTILIZATION PRACTICES,RI,44,,,00000000,,OPERATIONS,RHODE ISLAND,SALES,,ZIP CODE,YEAR,CROP TOTALS,02921,9000,CENSUS,SALES,44,UNITED STATES
2,,CROPS,ALL PRODUCTION PRACTICES,2012-01-01 00:00:00.000,,,00,,CROP TOTALS,"SALES: (250,000 OR MORE $)",02921,CROP TOTALS - OPERATIONS WITH SALES,2007,,ALL CLASSES,00,ANNUAL,,ALL UTILIZATION PRACTICES,RI,44,,,00000000,,OPERATIONS,RHODE ISLAND,SALES,,ZIP CODE,YEAR,CROP TOTALS,02921,9000,CENSUS,SALES,44,UNITED STATES
86,,CROPS,ALL PRODUCTION PRACTICES,2012-01-01 00:00:00.000,,,00,,CROP TOTALS,"SALES: (50,000 TO 249,999 $)",RHODE ISLAND,CROP TOTALS - OPERATIONS WITH SALES,2007,,ALL CLASSES,00,ANNUAL,,ALL UTILIZATION PRACTICES,RI,44,,,00000000,,OPERATIONS,RHODE ISLAND,SALES,,STATE,YEAR,CROP TOTALS,,9000,CENSUS,SALES,44,UNITED STATES
1,,CROPS,ALL PRODUCTION PRACTICES,2024-11-07 12:00:00.000,,,00,,CROP TOTALS,"SALES: (50,000 TO 249,999 $)",02804,CROP TOTALS - OPERATIONS WITH SALES,2022,,ALL CLASSES,00,ANNUAL,,ALL UTILIZATION PRACTICES,RI,44,,,00000000,,OPERATIONS,RHODE ISLAND,SALES,,ZIP CODE,YEAR,CROP TOTALS,02804,9000,CENSUS,SALES,44,UNITED STATES
1,,CROPS,ALL PRODUCTION PRACTICES,2018-02-01 12:00:00.000,,,00,,CROP TOTALS,"SALES: (50,000 TO 249,999 $)",02809,CROP TOTALS - OPERATIONS WITH SALES,2017,,ALL CLASSES,00,ANNUAL,,ALL UTILIZATION PRACTICES,RI,44,,,00000000,,OPERATIONS,RHODE ISLAND,SALES,,ZIP CODE,YEAR,CROP TOTALS,02809,9000,CENSUS,SALES,44,UNITED STATES
2,,CROPS,ALL PRODUCTION PRACTICES,2012-01-01 00:00:00.000,,,00,,CROP TOTALS,"SALES: (50,000 TO 249,999 $)",02809,CROP TOTALS - OPERATIONS WITH SALES,2007,,ALL CLASSES,00,ANNUAL,,ALL UTILIZATION PRACTICES,RI,44,,,00000000,,OPERATIONS,RHODE ISLAND,SALES,,ZIP CODE,YEAR,CROP TOTALS,02809,9000,CENSUS,SALES,44,UNITED STATES
2,,CROPS,ALL PRODUCTION PRACTICES,2018-02-01 12:00:00.000,,,00,,CROP TOTALS,"SALES: (50,000 TO 249,999 $)",02812,CROP TOTALS - OPERATIONS WITH SALES,2017,,ALL CLASSES,00,ANNUAL,,ALL UTILIZATION PRACTICES,RI,44,,,00000000,,OPERATIONS,RHODE ISLAND,SALES,,ZIP CODE,YEAR,CROP TOTALS,02812,9000,CENSUS,SALES,44,UNITED STATES
3,,CROPS,ALL PRODUCTION PRACTICES,2024-11-07 12:00:00.000,,,00,,CROP TOTALS,"SALES: (50,000 TO 249,999 $)",02813,CROP TOTALS - OPERATIONS WITH SALES,2022,,ALL CLASSES,00,ANNUAL,,ALL UTILIZATION PRACTICES,RI,44,,,00000000,,OPERATIONS,RHODE ISLAND,SALES,,ZIP CODE,YEAR,CROP TOTALS,02813,9000,CENSUS,SALES,44,UNITED STATES
1,,CROPS,ALL PRODUCTION PRACTICES,2012-01-01 00:00:00.000,,,00,,CROP TOTALS,"SALES: (50,000 TO 249,999 $)",02813,CROP TOTALS - OPERATIONS WITH SALES,2007,,ALL CLASSES,00,ANNUAL,,ALL UTILIZATION PRACTICES,RI,44,,,00000000,,OPERATIONS,RHODE ISLAND,SALES,,ZIP CODE,YEAR,CROP TOTALS,02813,9000,CENSUS,SALES,44,UNITED STATES
1,,CROPS,ALL PRODUCTION PRACTICES,2024-11-07 12:00:00.000,,,00,,CROP TOTALS,"SALES: (50,000 TO 249,999 $)",02814,CROP TOTALS - OPERATIONS WITH SALES,2022,,ALL CLASSES,00,ANNUAL,,ALL UTILIZATION PRACTICES,RI,44,,,00000000,,OPERATIONS,RHODE ISLAND,SALES,,ZIP CODE,YEAR,CROP TOTALS,02814,9000,CENSUS,SALES,44,UNITED STATES
3,,CROPS,ALL PRODUCTION PRACTICES,2018-02-01 12:00:00.000,,,00,,CROP TOTALS,"SALES: (50,000 TO 249,999 $)",02816,CROP TOTALS - OPERATIONS WITH SALES,2017,,ALL CLASSES,00,ANNUAL,,ALL UTILIZATION PRACTICES,RI,44,,,00000000,,OPERATIONS,RHODE ISLAND,SALES,,ZIP CODE,YEAR,CROP TOTALS,02816,9000,CENSUS,SALES,44,UNITED STATES
1,,CROPS,ALL PRODUCTION PRACTICES,2012-01-01 00:00:00.000,,,00,,CROP TOTALS,"SALES: (50,000 TO 249,999 $)",02816,CROP TOTALS - OPERATIONS WITH SALES,2007,,ALL CLASSES,00,ANNUAL,,ALL UTILIZATION PRACTICES,RI,44,,,00000000,,OPERATIONS,RHODE ISLAND,SALES,,ZIP CODE,YEAR,CROP TOTALS,02816,9000,CENSUS,SALES,44,UNITED STATES
1,,CROPS,ALL PRODUCTION PRACTICES,2024-11-07 12:00:00.000,,,00,,CROP TOTALS,"SALES: (50,000 TO 249,999 $)",02817,CROP TOTALS - OPERATIONS WITH SALES,2022,,ALL CLASSES,00,ANNUAL,,ALL UTILIZATION PRACTICES,RI,44,,,00000000,,OPERATIONS,RHODE ISLAND,SALES,,ZIP CODE,YEAR,CROP TOTALS,02817,9000,CENSUS,SALES,44,UNITED STATES
1,,CROPS,ALL PRODUCTION PRACTICES,2024-11-07 12:00:00.000,,,00,,CROP TOTALS,"SALES: (50,000 TO 249,999 $)",02818,CROP TOTALS - OPERATIONS WITH SALES,2022,,ALL CLASSES,00,ANNUAL,,ALL UTILIZATION PRACTICES,RI,44,,,00000000,,OPERATIONS,RHODE ISLAND,SALES,,ZIP CODE,YEAR,CROP TOTALS,02818,9000,CENSUS,SALES,44,UNITED STATES
3,,CROPS,ALL PRODUCTION PRACTICES,2012-01-01 00:00:00.000,,,00,,CROP TOTALS,"SALES: (50,000 TO 249,999 $)",02818,CROP TOTALS - OPERATIONS WITH SALES,2007,,ALL CLASSES,00,ANNUAL,,ALL UTILIZATION PRACTICES,RI,44,,,00000000,,OPERATIONS,RHODE ISLAND,SALES,,ZIP CODE,YEAR,CROP TOTALS,02818,9000,CENSUS,SALES,44,UNITED STATES
6,,CROPS,ALL PRODUCTION PRACTICES,2024-11-07 12:00:00.000,,,00,,CROP TOTALS,"SALES: (50,000 TO 249,999 $)",02822,CROP TOTALS - OPERATIONS WITH SALES,2022,,ALL CLASSES,00,ANNUAL,,ALL UTILIZATION PRACTICES,RI,44,,,00000000,,OPERATIONS,RHODE ISLAND,SALES,,ZIP CODE,YEAR,CROP TOTALS,02822,9000,CENSUS,SALES,44,UNITED STATES
2,,CROPS,ALL PRODUCTION PRACTICES,2018-02-01 12:00:00.000,,,00,,CROP TOTALS,"SALES: (50,000 TO 249,999 $)",02822,CROP TOTALS - OPERATIONS WITH SALES,2017,,ALL CLASSES,00,ANNUAL,,ALL UTILIZATION PRACTICES,RI,44,,,00000000,,OPERATIONS,RHODE ISLAND,SALES,,ZIP CODE,YEAR,CROP TOTALS,02822,9000,CENSUS,SALES,44,UNITED STATES
2,,CROPS,ALL PRODUCTION PRACTICES,2012-01-01 00:00:00.000,,,00,,CROP TOTALS,"SALES: (50,000 TO 249,999 $)",02822,CROP TOTALS - OPERATIONS WITH SALES,2007,,ALL CLASSES,00,ANNUAL,,ALL UTILIZATION PRACTICES,RI,44,,,00000000,,OPERATIONS,RHODE ISLAND,SALES,,ZIP CODE,YEAR,CROP TOTALS,02822,9000,CENSUS,SALES,44,UNITED STATES
3,,CROPS,ALL PRODUCTION PRACTICES,2024-11-07 12:00:00.000,,,00,,CROP TOTALS,"SALES: (50,000 TO 249,999 $)",02825,CROP TOTALS - OPERATIONS WITH SALES,2022,,ALL CLASSES,00,ANNUAL,,ALL UTILIZATION PRACTICES,RI,44,,,00000000,,OPERATIONS,RHODE ISLAND,SALES,,ZIP CODE,YEAR,CROP TOTALS,02825,9000,CENSUS,SALES,44,UNITED STATES
4,,CROPS,ALL PRODUCTION PRACTICES,2018-02-01 12:00:00.000,,,00,,CROP TOTALS,"SALES: (50,000 TO 249,999 $)",02825,CROP TOTALS - OPERATIONS WITH SALES,2017,,ALL CLASSES,00,ANNUAL,,ALL UTILIZATION PRACTICES,RI,44,,,00000000,,OPERATIONS,RHODE ISLAND,SALES,,ZIP CODE,YEAR,CROP TOTALS,02825,9000,CENSUS,SALES,44,UNITED STATES
1,,CROPS,ALL PRODUCTION PRACTICES,2012-01-01 00:00:00.000,,,00,,CROP TOTALS,"SALES: (50,000 TO 249,999 $)",02825,CROP TOTALS - OPERATIONS WITH SALES,2007,,ALL CLASSES,00,ANNUAL,,ALL UTILIZATION PRACTICES,RI,44,,,00000000,,OPERATIONS,RHODE ISLAND,SALES,,ZIP CODE,YEAR,CROP TOTALS,02825,9000,CENSUS,SALES,44,UNITED STATES
2,,CROPS,ALL PRODUCTION PRACTICES,2024-11-07 12:00:00.000,,,00,,CROP TOTALS,"SALES: (50,000 TO 249,999 $)",02826,CROP TOTALS - OPERATIONS WITH SALES,2022,,ALL CLASSES,00,ANNUAL,,ALL UTILIZATION PRACTICES,RI,44,,,00000000,,OPERATIONS,RHODE ISLAND,SALES,,ZIP CODE,YEAR,CROP TOTALS,02826,9000,CENSUS,SALES,44,UNITED STATES
1,,CROPS,ALL PRODUCTION PRACTICES,2012-01-01 00:00:00.000,,,00,,CROP TOTALS,"SALES: (50,000 TO 249,999 $)",02827,CROP TOTALS - OPERATIONS WITH SALES,2007,,ALL CLASSES,00,ANNUAL,,ALL UTILIZATION PRACTICES,RI,44,,,00000000,,OPERATIONS,RHODE ISLAND,SALES,,ZIP CODE,YEAR,CROP TOTALS,02827,9000,CENSUS,SALES,44,UNITED STATES
2,,CROPS,ALL PRODUCTION PRACTICES,2024-11-07 12:00:00.000,,,00,,CROP TOTALS,"SALES: (50,000 TO 249,999 $)",02828,CROP TOTALS - OPERATIONS WITH SALES,2022,,ALL CLASSES,00,ANNUAL,,ALL UTILIZATION PRACTICES,RI,44,,,00000000,,OPERATIONS,RHODE ISLAND,SALES,,ZIP CODE,YEAR,CROP TOTALS,02828,9000,CENSUS,SALES,44,UNITED STATES
4,,CROPS,ALL PRODUCTION PRACTICES,2012-01-01 00:00:00.000,,,00,,CROP TOTALS,"SALES: (50,000 TO 249,999 $)",02828,CROP TOTALS - OPERATIONS WITH SALES,2007,,ALL CLASSES,00,ANNUAL,,ALL UTILIZATION PRACTICES,RI,44,,,00000000,,OPERATIONS,RHODE ISLAND,SALES,,ZIP CODE,YEAR,CROP TOTALS,02828,9000,CENSUS,SALES,44,UNITED STATES
1,,CROPS,ALL PRODUCTION PRACTICES,2018-02-01 12:00:00.000,,,00,,CROP TOTALS,"SALES: (50,000 TO 249,999 $)",02830,CROP TOTALS - OPERATIONS WITH SALES,2017,,ALL CLASSES,00,ANNUAL,,ALL UTILIZATION PRACTICES,RI,44,,,00000000,,OPERATIONS,RHODE ISLAND,SALES,,ZIP CODE,YEAR,CROP TOTALS,02830,9000,CENSUS,SALES,44,UNITED STATES
1,,CROPS,ALL PRODUCTION PRACTICES,2024-11-07 12:00:00.000,,,00,,CROP TOTALS,"SALES: (50,000 TO 249,999 $)",02831,CROP TOTALS - OPERATIONS WITH SALES,2022,,ALL CLASSES,00,ANNUAL,,ALL UTILIZATION PRACTICES,RI,44,,,00000000,,OPERATIONS,RHODE ISLAND,SALES,,ZIP CODE,YEAR,CROP TOTALS,02831,9000,CENSUS,SALES,44,UNITED STATES
1,,CROPS,ALL PRODUCTION PRACTICES,2018-02-01 12:00:00.000,,,00,,CROP TOTALS,"SALES: (50,000 TO 249,999 $)",02831,CROP TOTALS - OPERATIONS WITH SALES,2017,,ALL CLASSES,00,ANNUAL,,ALL UTILIZATION PRACTICES,RI,44,,,00000000,,OPERATIONS,RHODE ISLAND,SALES,,ZIP CODE,YEAR,CROP TOTALS,02831,9000,CENSUS,SALES,44,UNITED STATES
2,,CROPS,ALL PRODUCTION PRACTICES,2012-01-01 00:00:00.000,,,00,,CROP TOTALS,"SALES: (50,000 TO 249,999 $)",02831,CROP TOTALS - OPERATIONS WITH SALES,2007,,ALL CLASSES,00,ANNUAL,,ALL UTILIZATION PRACTICES,RI,44,,,00000000,,OPERATIONS,RHODE ISLAND,SALES,,ZIP CODE,YEAR,CROP TOTALS,02831,9000,CENSUS,SALES,44,UNITED STATES
1,,CROPS,ALL PRODUCTION PRACTICES,2018-02-01 12:00:00.000,,,00,,CROP TOTALS,"SALES: (50,000 TO 249,999 $)",02832,CROP TOTALS - OPERATIONS WITH SALES,2017,,ALL CLASSES,00,ANNUAL,,ALL UTILIZATION PRACTICES,RI,44,,,00000000,,OPERATIONS,RHODE ISLAND,SALES,,ZIP CODE,YEAR,CROP TOTALS,02832,9000,CENSUS,SALES,44,UNITED STATES
2,,CROPS,ALL PRODUCTION PRACTICES,2012-01-01 00:00:00.000,,,00,,CROP TOTALS,"SALES: (50,000 TO 249,999 $)",02832,CROP TOTALS - OPERATIONS WITH SALES,2007,,ALL CLASSES,00,ANNUAL,,ALL UTILIZATION PRACTICES,RI,44,,,00000000,,OPERATIONS,RHODE ISLAND,SALES,,ZIP CODE,YEAR,CROP TOTALS,02832,9000,CENSUS,SALES,44,UNITED STATES
1,,CROPS,ALL PRODUCTION PRACTICES,2012-01-01 00:00:00.000,,,00,,CROP TOTALS,"SALES: (50,000 TO 249,999 $)",02833,CROP TOTALS - OPERATIONS WITH SALES,2007,,ALL CLASSES,00,ANNUAL,,ALL UTILIZATION PRACTICES,RI,44,,,00000000,,OPERATIONS,RHODE ISLAND,SALES,,ZIP CODE,YEAR,CROP TOTALS,02833,9000,CENSUS,SALES,44,UNITED STATES
3,,CROPS,ALL PRODUCTION PRACTICES,2024-11-07 12:00:00.000,,,00,,CROP TOTALS,"SALES: (50,000 TO 249,999 $)",02835,CROP TOTALS - OPERATIONS WITH SALES,2022,,ALL CLASSES,00,ANNUAL,,ALL UTILIZATION PRACTICES,RI,44,,,00000000,,OPERATIONS,RHODE ISLAND,SALES,,ZIP CODE,YEAR,CROP TOTALS,02835,9000,CENSUS,SALES,44,UNITED STATES
9,,CROPS,ALL PRODUCTION PRACTICES,2024-11-07 12:00:00.000,,,00,,CROP TOTALS,"SALES: (50,000 TO 249,999 $)",02837,CROP TOTALS - OPERATIONS WITH SALES,2022,,ALL CLASSES,00,ANNUAL,,ALL UTILIZATION PRACTICES,RI,44,,,00000000,,OPERATIONS,RHODE ISLAND,SALES,,ZIP CODE,YEAR,CROP TOTALS,02837,9000,CENSUS,SALES,44,UNITED STATES
7,,CROPS,ALL PRODUCTION PRACTICES,2018-02-01 12:00:00.000,,,00,,CROP TOTALS,"SALES: (50,000 TO 249,999 $)",02837,CROP TOTALS - OPERATIONS WITH SALES,2017,,ALL CLASSES,00,ANNUAL,,ALL UTILIZATION PRACTICES,RI,44,,,00000000,,OPERATIONS,RHODE ISLAND,SALES,,ZIP CODE,YEAR,CROP TOTALS,02837,9000,CENSUS,SALES,44,UNITED STATES
10,,CROPS,ALL PRODUCTION PRACTICES,2012-01-01 00:00:00.000,,,00,,CROP TOTALS,"SALES: (50,000 TO 249,999 $)",02837,CROP TOTALS - OPERATIONS WITH SALES,2007,,ALL CLASSES,00,ANNUAL,,ALL UTILIZATION PRACTICES,RI,44,,,00000000,,OPERATIONS,RHODE ISLAND,SALES,,ZIP CODE,YEAR,CROP TOTALS,02837,9000,CENSUS,SALES,44,UNITED STATES
2,,CROPS,ALL PRODUCTION PRACTICES,2024-11-07 12:00:00.000,,,00,,CROP TOTALS,"SALES: (50,000 TO 249,999 $)",02842,CROP TOTALS - OPERATIONS WITH SALES,2022,,ALL CLASSES,00,ANNUAL,,ALL UTILIZATION PRACTICES,RI,44,,,00000000,,OPERATIONS,RHODE ISLAND,SALES,,ZIP CODE,YEAR,CROP TOTALS,02842,9000,CENSUS,SALES,44,UNITED STATES
4,,CROPS,ALL PRODUCTION PRACTICES,2018-02-01 12:00:00.000,,,00,,CROP TOTALS,"SALES: (50,000 TO 249,999 $)",02842,CROP TOTALS - OPERATIONS WITH SALES,2017,,ALL CLASSES,00,ANNUAL,,ALL UTILIZATION PRACTICES,RI,44,,,00000000,,OPERATIONS,RHODE ISLAND,SALES,,ZIP CODE,YEAR,CROP TOTALS,02842,9000,CENSUS,SALES,44,UNITED STATES
3,,CROPS,ALL PRODUCTION PRACTICES,2012-01-01 00:00:00.000,,,00,,CROP TOTALS,"SALES: (50,000 TO 249,999 $)",02842,CROP TOTALS - OPERATIONS WITH SALES,2007,,ALL CLASSES,00,ANNUAL,,ALL UTILIZATION PRACTICES,RI,44,,,00000000,,OPERATIONS,RHODE ISLAND,SALES,,ZIP CODE,YEAR,CROP TOTALS,02842,9000,CENSUS,SALES,44,UNITED STATES
1,,CROPS,ALL PRODUCTION PRACTICES,2024-11-07 12:00:00.000,,,00,,CROP TOTALS,"SALES: (50,000 TO 249,999 $)",02852,CROP TOTALS - OPERATIONS WITH SALES,2022,,ALL CLASSES,00,ANNUAL,,ALL UTILIZATION PRACTICES,RI,44,,,00000000,,OPERATIONS,RHODE ISLAND,SALES,,ZIP CODE,YEAR,CROP TOTALS,02852,9000,CENSUS,SALES,44,UNITED STATES
3,,CROPS,ALL PRODUCTION PRACTICES,2018-02-01 12:00:00.000,,,00,,CROP TOTALS,"SALES: (50,000 TO 249,999 $)",02852,CROP TOTALS - OPERATIONS WITH SALES,2017,,ALL CLASSES,00,ANNUAL,,ALL UTILIZATION PRACTICES,RI,44,,,00000000,,OPERATIONS,RHODE ISLAND,SALES,,ZIP CODE,YEAR,CROP TOTALS,02852,9000,CENSUS,SALES,44,UNITED STATES
4,,CROPS,ALL PRODUCTION PRACTICES,2012-01-01 00:00:00.000,,,00,,CROP TOTALS,"SALES: (50,000 TO 249,999 $)",02852,CROP TOTALS - OPERATIONS WITH SALES,2007,,ALL CLASSES,00,ANNUAL,,ALL UTILIZATION PRACTICES,RI,44,,,00000000,,OPERATIONS,RHODE ISLAND,SALES,,ZIP CODE,YEAR,CROP TOTALS,02852,9000,CENSUS,SALES,44,UNITED STATES
5,,CROPS,ALL PRODUCTION PRACTICES,2024-11-07 12:00:00.000,,,00,,CROP TOTALS,"SALES: (50,000 TO 249,999 $)",02857,CROP TOTALS - OPERATIONS WITH SALES,2022,,ALL CLASSES,00,ANNUAL,,ALL UTILIZATION PRACTICES,RI,44,,,00000000,,OPERATIONS,RHODE ISLAND,SALES,,ZIP CODE,YEAR,CROP TOTALS,02857,9000,CENSUS,SALES,44,UNITED STATES
4,,CROPS,ALL PRODUCTION PRACTICES,2018-02-01 12:00:00.000,,,00,,CROP TOTALS,"SALES: (50,000 TO 249,999 $)",02857,CROP TOTALS - OPERATIONS WITH SALES,2017,,ALL CLASSES,00,ANNUAL,,ALL UTILIZATION PRACTICES,RI,44,,,00000000,,OPERATIONS,RHODE ISLAND,SALES,,ZIP CODE,YEAR,CROP TOTALS,02857,9000,CENSUS,SALES,44,UNITED STATES
5,,CROPS,ALL PRODUCTION PRACTICES,2012-01-01 00:00:00.000,,,00,,CROP TOTALS,"SALES: (50,000 TO 249,999 $)",02857,CROP TOTALS - OPERATIONS WITH SALES,2007,,ALL CLASSES,00,ANNUAL,,ALL UTILIZATION PRACTICES,RI,44,,,00000000,,OPERATIONS,RHODE ISLAND,SALES,,ZIP CODE,YEAR,CROP TOTALS,02857,9000,CENSUS,SALES,44,UNITED STATES
1,,CROPS,ALL PRODUCTION PRACTICES,2012-01-01 00:00:00.000,,,00,,CROP TOTALS,"SALES: (50,000 TO 249,999 $)",02859,CROP TOTALS - OPERATIONS WITH SALES,2007,,ALL CLASSES,00,ANNUAL,,ALL UTILIZATION PRACTICES,RI,44,,,00000000,,OPERATIONS,RHODE ISLAND,SALES,,ZIP CODE,YEAR,CROP TOTALS,02859,9000,CENSUS,SALES,44,UNITED STATES
3,,CROPS,ALL PRODUCTION PRACTICES,2012-01-01 00:00:00.000,,,00,,CROP TOTALS,"SALES: (50,000 TO 249,999 $)",02864,CROP TOTALS - OPERATIONS WITH SALES,2007,,ALL CLASSES,00,ANNUAL,,ALL UTILIZATION PRACTICES,RI,44,,,00000000,,OPERATIONS,RHODE ISLAND,SALES,,ZIP CODE,YEAR,CROP TOTALS,02864,9000,CENSUS,SALES,44,UNITED STATES
1,,CROPS,ALL PRODUCTION PRACTICES,2024-11-07 12:00:00.000,,,00,,CROP TOTALS,"SALES: (50,000 TO 249,999 $)",02865,CROP TOTALS - OPERATIONS WITH SALES,2022,,ALL CLASSES,00,ANNUAL,,ALL UTILIZATION PRACTICES,RI,44,,,00000000,,OPERATIONS,RHODE ISLAND,SALES,,ZIP CODE,YEAR,CROP TOTALS,02865,9000,CENSUS,SALES,44,UNITED STATES
2,,CROPS,ALL PRODUCTION PRACTICES,2018-02-01 12:00:00.000,,,00,,CROP TOTALS,"SALES: (50,000 TO 249,999 $)",02865,CROP TOTALS - OPERATIONS WITH SALES,2017,,ALL CLASSES,00,ANNUAL,,ALL UTILIZATION PRACTICES,RI,44,,,00000000,,OPERATIONS,RHODE ISLAND,SALES,,ZIP CODE,YEAR,CROP TOTALS,02865,9000,CENSUS,SALES,44,UNITED STATES
1,,CROPS,ALL PRODUCTION PRACTICES,2012-01-01 00:00:00.000,,,00,,CROP TOTALS,"SALES: (50,000 TO 249,999 $)",02865,CROP TOTALS - OPERATIONS WITH SALES,2007,,ALL CLASSES,00,ANNUAL,,ALL UTILIZATION PRACTICES,RI,44,,,00000000,,OPERATIONS,RHODE ISLAND,SALES,,ZIP CODE,YEAR,CROP TOTALS,02865,9000,CENSUS,SALES,44,UNITED STATES
5,,CROPS,ALL PRODUCTION PRACTICES,2024-11-07 12:00:00.000,,,00,,CROP TOTALS,"SALES: (50,000 TO 249,999 $)",02871,CROP TOTALS - OPERATIONS WITH SALES,2022,,ALL CLASSES,00,ANNUAL,,ALL UTILIZATION PRACTICES,RI,44,,,00000000,,OPERATIONS,RHODE ISLAND,SALES,,ZIP CODE,YEAR,CROP TOTALS,02871,9000,CENSUS,SALES,44,UNITED STATES
7,,CROPS,ALL PRODUCTION PRACTICES,2018-02-01 12:00:00.000,,,00,,CROP TOTALS,"SALES: (50,000 TO 249,999 $)",02871,CROP TOTALS - OPERATIONS WITH SALES,2017,,ALL CLASSES,00,ANNUAL,,ALL UTILIZATION PRACTICES,RI,44,,,00000000,,OPERATIONS,RHODE ISLAND,SALES,,ZIP CODE,YEAR,CROP TOTALS,02871,9000,CENSUS,SALES,44,UNITED STATES
5,,CROPS,ALL PRODUCTION PRACTICES,2012-01-01 00:00:00.000,,,00,,CROP TOTALS,"SALES: (50,000 TO 249,999 $)",02871,CROP TOTALS - OPERATIONS WITH SALES,2007,,ALL CLASSES,00,ANNUAL,,ALL UTILIZATION PRACTICES,RI,44,,,00000000,,OPERATIONS,RHODE ISLAND,SALES,,ZIP CODE,YEAR,CROP TOTALS,02871,9000,CENSUS,SALES,44,UNITED STATES
4,,CROPS,ALL PRODUCTION PRACTICES,2024-11-07 12:00:00.000,,,00,,CROP TOTALS,"SALES: (50,000 TO 249,999 $)",02874,CROP TOTALS - OPERATIONS WITH SALES,2022,,ALL CLASSES,00,ANNUAL,,ALL UTILIZATION PRACTICES,RI,44,,,00000000,,OPERATIONS,RHODE ISLAND,SALES,,ZIP CODE,YEAR,CROP TOTALS,02874,9000,CENSUS,SALES,44,UNITED STATES
3,,CROPS,ALL PRODUCTION PRACTICES,2018-02-01 12:00:00.000,,,00,,CROP TOTALS,"SALES: (50,000 TO 249,999 $)",02874,CROP TOTALS - OPERATIONS WITH SALES,2017,,ALL CLASSES,00,ANNUAL,,ALL UTILIZATION PRACTICES,RI,44,,,00000000,,OPERATIONS,RHODE ISLAND,SALES,,ZIP CODE,YEAR,CROP TOTALS,02874,9000,CENSUS,SALES,44,UNITED STATES
2,,CROPS,ALL PRODUCTION PRACTICES,2012-01-01 00:00:00.000,,,00,,CROP TOTALS,"SALES: (50,000 TO 249,999 $)",02874,CROP TOTALS - OPERATIONS WITH SALES,2007,,ALL CLASSES,00,ANNUAL,,ALL UTILIZATION PRACTICES,RI,44,,,00000000,,OPERATIONS,RHODE ISLAND,SALES,,ZIP CODE,YEAR,CROP TOTALS,02874,9000,CENSUS,SALES,44,UNITED STATES
2,,CROPS,ALL PRODUCTION PRACTICES,2024-11-07 12:00:00.000,,,00,,CROP TOTALS,"SALES: (50,000 TO 249,999 $)",02878,CROP TOTALS - OPERATIONS WITH SALES,2022,,ALL CLASSES,00,ANNUAL,,ALL UTILIZATION PRACTICES,RI,44,,,00000000,,OPERATIONS,RHODE ISLAND,SALES,,ZIP CODE,YEAR,CROP TOTALS,02878,9000,CENSUS,SALES,44,UNITED STATES
6,,CROPS,ALL PRODUCTION PRACTICES,2018-02-01 12:00:00.000,,,00,,CROP TOTALS,"SALES: (50,000 TO 249,999 $)",02878,CROP TOTALS - OPERATIONS WITH SALES,2017,,ALL CLASSES,00,ANNUAL,,ALL UTILIZATION PRACTICES,RI,44,,,00000000,,OPERATIONS,RHODE ISLAND,SALES,,ZIP CODE,YEAR,CROP TOTALS,02878,9000,CENSUS,SALES,44,UNITED STATES
5,,CROPS,ALL PRODUCTION PRACTICES,2012-01-01 00:00:00.000,,,00,,CROP TOTALS,"SALES: (50,000 TO 249,999 $)",02878,CROP TOTALS - OPERATIONS WITH SALES,2007,,ALL CLASSES,00,ANNUAL,,ALL UTILIZATION PRACTICES,RI,44,,,00000000,,OPERATIONS,RHODE ISLAND,SALES,,ZIP CODE,YEAR,CROP TOTALS,02878,9000,CENSUS,SALES,44,UNITED STATES
9,,CROPS,ALL PRODUCTION PRACTICES,2024-11-07 12:00:00.000,,,00,,CROP TOTALS,"SALES: (50,000 TO 249,999 $)",02879,CROP TOTALS - OPERATIONS WITH SALES,2022,,ALL CLASSES,00,ANNUAL,,ALL UTILIZATION PRACTICES,RI,44,,,00000000,,OPERATIONS,RHODE ISLAND,SALES,,ZIP CODE,YEAR,CROP TOTALS,02879,9000,CENSUS,SALES,44,UNITED STATES
8,,CROPS,ALL PRODUCTION PRACTICES,2018-02-01 12:00:00.000,,,00,,CROP TOTALS,"SALES: (50,000 TO 249,999 $)",02879,CROP TOTALS - OPERATIONS WITH SALES,2017,,ALL CLASSES,00,ANNUAL,,ALL UTILIZATION PRACTICES,RI,44,,,00000000,,OPERATIONS,RHODE ISLAND,SALES,,ZIP CODE,YEAR,CROP TOTALS,02879,9000,CENSUS,SALES,44,UNITED STATES
1,,CROPS,ALL PRODUCTION PRACTICES,2012-01-01 00:00:00.000,,,00,,CROP TOTALS,"SALES: (50,000 TO 249,999 $)",02879,CROP TOTALS - OPERATIONS WITH SALES,2007,,ALL CLASSES,00,ANNUAL,,ALL UTILIZATION PRACTICES,RI,44,,,00000000,,OPERATIONS,RHODE ISLAND,SALES,,ZIP CODE,YEAR,CROP TOTALS,02879,9000,CENSUS,SALES,44,UNITED STATES
2,,CROPS,ALL PRODUCTION PRACTICES,2024-11-07 12:00:00.000,,,00,,CROP TOTALS,"SALES: (50,000 TO 249,999 $)",02881,CROP TOTALS - OPERATIONS WITH SALES,2022,,ALL CLASSES,00,ANNUAL,,ALL UTILIZATION PRACTICES,RI,44,,,00000000,,OPERATIONS,RHODE ISLAND,SALES,,ZIP CODE,YEAR,CROP TOTALS,02881,9000,CENSUS,SALES,44,UNITED STATES
2,,CROPS,ALL PRODUCTION PRACTICES,2024-11-07 12:00:00.000,,,00,,CROP TOTALS,"SALES: (50,000 TO 249,999 $)",02882,CROP TOTALS - OPERATIONS WITH SALES,2022,,ALL CLASSES,00,ANNUAL,,ALL UTILIZATION PRACTICES,RI,44,,,00000000,,OPERATIONS,RHODE ISLAND,SALES,,ZIP CODE,YEAR,CROP TOTALS,02882,9000,CENSUS,SALES,44,UNITED STATES
2,,CROPS,ALL PRODUCTION PRACTICES,2018-02-01 12:00:00.000,,,00,,CROP TOTALS,"SALES: (50,000 TO 249,999 $)",02882,CROP TOTALS - OPERATIONS WITH SALES,2017,,ALL CLASSES,00,ANNUAL,,ALL UTILIZATION PRACTICES,RI,44,,,00000000,,OPERATIONS,RHODE ISLAND,SALES,,ZIP CODE,YEAR,CROP TOTALS,02882,9000,CENSUS,SALES,44,UNITED STATES
6,,CROPS,ALL PRODUCTION PRACTICES,2024-11-07 12:00:00.000,,,00,,CROP TOTALS,"SALES: (50,000 TO 249,999 $)",02885,CROP TOTALS - OPERATIONS WITH SALES,2022,,ALL CLASSES,00,ANNUAL,,ALL UTILIZATION PRACTICES,RI,44,,,00000000,,OPERATIONS,RHODE ISLAND,SALES,,ZIP CODE,YEAR,CROP TOTALS,02885,9000,CENSUS,SALES,44,UNITED STATES
4,,CROPS,ALL PRODUCTION PRACTICES,2012-01-01 00:00:00.000,,,00,,CROP TOTALS,"SALES: (50,000 TO 249,999 $)",02885,CROP TOTALS - OPERATIONS WITH SALES,2007,,ALL CLASSES,00,ANNUAL,,ALL UTILIZATION PRACTICES,RI,44,,,00000000,,OPERATIONS,RHODE ISLAND,SALES,,ZIP CODE,YEAR,CROP TOTALS,02885,9000,CENSUS,SALES,44,UNITED STATES
2,,CROPS,ALL PRODUCTION PRACTICES,2018-02-01 12:00:00.000,,,00,,CROP TOTALS,"SALES: (50,000 TO 249,999 $)",02886,CROP TOTALS - OPERATIONS WITH SALES,2017,,ALL CLASSES,00,ANNUAL,,ALL UTILIZATION PRACTICES,RI,44,,,00000000,,OPERATIONS,RHODE ISLAND,SALES,,ZIP CODE,YEAR,CROP TOTALS,02886,9000,CENSUS,SALES,44,UNITED STATES
1,,CROPS,ALL PRODUCTION PRACTICES,2012-01-01 00:00:00.000,,,00,,CROP TOTALS,"SALES: (50,000 TO 249,999 $)",02886,CROP TOTALS - OPERATIONS WITH SALES,2007,,ALL CLASSES,00,ANNUAL,,ALL UTILIZATION PRACTICES,RI,44,,,00000000,,OPERATIONS,RHODE ISLAND,SALES,,ZIP CODE,YEAR,CROP TOTALS,02886,9000,CENSUS,SALES,44,UNITED STATES
1,,CROPS,ALL PRODUCTION PRACTICES,2012-01-01 00:00:00.000,,,00,,CROP TOTALS,"SALES: (50,000 TO 249,999 $)",02888,CROP TOTALS - OPERATIONS WITH SALES,2007,,ALL CLASSES,00,ANNUAL,,ALL UTILIZATION PRACTICES,RI,44,,,00000000,,OPERATIONS,RHODE ISLAND,SALES,,ZIP CODE,YEAR,CROP TOTALS,02888,9000,CENSUS,SALES,44,UNITED STATES
2,,CROPS,ALL PRODUCTION PRACTICES,2018-02-01 12:00:00.000,,,00,,CROP TOTALS,"SALES: (50,000 TO 249,999 $)",02889,CROP TOTALS - OPERATIONS WITH SALES,2017,,ALL CLASSES,00,ANNUAL,,ALL UTILIZATION PRACTICES,RI,44,,,00000000,,OPERATIONS,RHODE ISLAND,SALES,,ZIP CODE,YEAR,CROP TOTALS,02889,9000,CENSUS,SALES,44,UNITED STATES
1,,CROPS,ALL PRODUCTION PRACTICES,2012-01-01 00:00:00.000,,,00,,CROP TOTALS,"SALES: (50,000 TO 249,999 $)",02889,CROP TOTALS - OPERATIONS WITH SALES,2007,,ALL CLASSES,00,ANNUAL,,ALL UTILIZATION PRACTICES,RI,44,,,00000000,,OPERATIONS,RHODE ISLAND,SALES,,ZIP CODE,YEAR,CROP TOTALS,02889,9000,CENSUS,SALES,44,UNITED STATES
2,,CROPS,ALL PRODUCTION PRACTICES,2024-11-07 12:00:00.000,,,00,,CROP TOTALS,"SALES: (50,000 TO 249,999 $)",02891,CROP TOTALS - OPERATIONS WITH SALES,2022,,ALL CLASSES,00,ANNUAL,,ALL UTILIZATION PRACTICES,RI,44,,,00000000,,OPERATIONS,RHODE ISLAND,SALES,,ZIP CODE,YEAR,CROP TOTALS,02891,9000,CENSUS,SALES,44,UNITED STATES
2,,CROPS,ALL PRODUCTION PRACTICES,2018-02-01 12:00:00.000,,,00,,CROP TOTALS,"SALES: (50,000 TO 249,999 $)",02891,CROP TOTALS - OPERATIONS WITH SALES,2017,,ALL CLASSES,00,ANNUAL,,ALL UTILIZATION PRACTICES,RI,44,,,00000000,,OPERATIONS,RHODE ISLAND,SALES,,ZIP CODE,YEAR,CROP TOTALS,02891,9000,CENSUS,SALES,44,UNITED STATES
1,,CROPS,ALL PRODUCTION PRACTICES,2012-01-01 00:00:00.000,,,00,,CROP TOTALS,"SALES: (50,000 TO 249,999 $)",02891,CROP TOTALS - OPERATIONS WITH SALES,2007,,ALL CLASSES,00,ANNUAL,,ALL UTILIZATION PRACTICES,RI,44,,,00000000,,OPERATIONS,RHODE ISLAND,SALES,,ZIP CODE,YEAR,CROP TOTALS,02891,9000,CENSUS,SALES,44,UNITED STATES
6,,CROPS,ALL PRODUCTION PRACTICES,2024-11-07 12:00:00.000,,,00,,CROP TOTALS,"SALES: (50,000 TO 249,999 $)",02892,CROP TOTALS - OPERATIONS WITH SALES,2022,,ALL CLASSES,00,ANNUAL,,ALL UTILIZATION PRACTICES,RI,44,,,00000000,,OPERATIONS,RHODE ISLAND,SALES,,ZIP CODE,YEAR,CROP TOTALS,02892,9000,CENSUS,SALES,44,UNITED STATES
3,,CROPS,ALL PRODUCTION PRACTICES,2018-02-01 12:00:00.000,,,00,,CROP TOTALS,"SALES: (50,000 TO 249,999 $)",02892,CROP TOTALS - OPERATIONS WITH SALES,2017,,ALL CLASSES,00,ANNUAL,,ALL UTILIZATION PRACTICES,RI,44,,,00000000,,OPERATIONS,RHODE ISLAND,SALES,,ZIP CODE,YEAR,CROP TOTALS,02892,9000,CENSUS,SALES,44,UNITED STATES
3,,CROPS,ALL PRODUCTION PRACTICES,2012-01-01 00:00:00.000,,,00,,CROP TOTALS,"SALES: (50,000 TO 249,999 $)",02892,CROP TOTALS - OPERATIONS WITH SALES,2007,,ALL CLASSES,00,ANNUAL,,ALL UTILIZATION PRACTICES,RI,44,,,00000000,,OPERATIONS,RHODE ISLAND,SALES,,ZIP CODE,YEAR,CROP TOTALS,02892,9000,CENSUS,SALES,44,UNITED STATES
2,,CROPS,ALL PRODUCTION PRACTICES,2018-02-01 12:00:00.000,,,00,,CROP TOTALS,"SALES: (50,000 TO 249,999 $)",02896,CROP TOTALS - OPERATIONS WITH SALES,2017,,ALL CLASSES,00,ANNUAL,,ALL UTILIZATION PRACTICES,RI,44,,,00000000,,OPERATIONS,RHODE ISLAND,SALES,,ZIP CODE,YEAR,CROP TOTALS,02896,9000,CENSUS,SALES,44,UNITED STATES
3,,CROPS,ALL PRODUCTION PRACTICES,2012-01-01 00:00:00.000,,,00,,CROP TOTALS,"SALES: (50,000 TO 249,999 $)",02896,CROP TOTALS - OPERATIONS WITH SALES,2007,,ALL CLASSES,00,ANNUAL,,ALL UTILIZATION PRACTICES,RI,44,,,00000000,,OPERATIONS,RHODE ISLAND,SALES,,ZIP CODE,YEAR,CROP TOTALS,02896,9000,CENSUS,SALES,44,UNITED STATES
1,,CROPS,ALL PRODUCTION PRACTICES,2024-11-07 12:00:00.000,,,00,,CROP TOTALS,"SALES: (50,000 TO 249,999 $)",02898,CROP TOTALS - OPERATIONS WITH SALES,2022,,ALL CLASSES,00,ANNUAL,,ALL UTILIZATION PRACTICES,RI,44,,,00000000,,OPERATIONS,RHODE ISLAND,SALES,,ZIP CODE,YEAR,CROP TOTALS,02898,9000,CENSUS,SALES,44,UNITED STATES
1,,CROPS,ALL PRODUCTION PRACTICES,2024-11-07 12:00:00.000,,,00,,CROP TOTALS,"SALES: (50,000 TO 249,999 $)",02907,CROP TOTALS - OPERATIONS WITH SALES,2022,,ALL CLASSES,00,ANNUAL,,ALL UTILIZATION PRACTICES,RI,44,,,00000000,,OPERATIONS,RHODE ISLAND,SALES,,ZIP CODE,YEAR,CROP TOTALS,02907,9000,CENSUS,SALES,44,UNITED STATES
3,,CROPS,ALL PRODUCTION PRACTICES,2018-02-01 12:00:00.000,,,00,,CROP TOTALS,"SALES: (50,000 TO 249,999 $)",02909,CROP TOTALS - OPERATIONS WITH SALES,2017,,ALL CLASSES,00,ANNUAL,,ALL UTILIZATION PRACTICES,RI,44,,,00000000,,OPERATIONS,RHODE ISLAND,SALES,,ZIP CODE,YEAR,CROP TOTALS,02909,9000,CENSUS,SALES,44,UNITED STATES
1,,CROPS,ALL PRODUCTION PRACTICES,2018-02-01 12:00:00.000,,,00,,CROP TOTALS,"SALES: (50,000 TO 249,999 $)",02910,CROP TOTALS - OPERATIONS WITH SALES,2017,,ALL CLASSES,00,ANNUAL,,ALL UTILIZATION PRACTICES,RI,44,,,00000000,,OPERATIONS,RHODE ISLAND,SALES,,ZIP CODE,YEAR,CROP TOTALS,02910,9000,CENSUS,SALES,44,UNITED STATES
2,,CROPS,ALL PRODUCTION PRACTICES,2024-11-07 12:00:00.000,,,00,,CROP TOTALS,"SALES: (50,000 TO 249,999 $)",02917,CROP TOTALS - OPERATIONS WITH SALES,2022,,ALL CLASSES,00,ANNUAL,,ALL UTILIZATION PRACTICES,RI,44,,,00000000,,OPERATIONS,RHODE ISLAND,SALES,,ZIP CODE,YEAR,CROP TOTALS,02917,9000,CENSUS,SALES,44,UNITED STATES
1,,CROPS,ALL PRODUCTION PRACTICES,2018-02-01 12:00:00.000,,,00,,CROP TOTALS,"SALES: (50,000 TO 249,999 $)",02917,CROP TOTALS - OPERATIONS WITH SALES,2017,,ALL CLASSES,00,ANNUAL,,ALL UTILIZATION PRACTICES,RI,44,,,00000000,,OPERATIONS,RHODE ISLAND,SALES,,ZIP CODE,YEAR,CROP TOTALS,02917,9000,CENSUS,SALES,44,UNITED STATES
1,,CROPS,ALL PRODUCTION PRACTICES,2012-01-01 00:00:00.000,,,00,,CROP TOTALS,"SALES: (50,000 TO 249,999 $)",02917,CROP TOTALS - OPERATIONS WITH SALES,2007,,ALL CLASSES,00,ANNUAL,,ALL UTILIZATION PRACTICES,RI,44,,,00000000,,OPERATIONS,RHODE ISLAND,SALES,,ZIP CODE,YEAR,CROP TOTALS,02917,9000,CENSUS,SALES,44,UNITED STATES
1,,CROPS,ALL PRODUCTION PRACTICES,2024-11-07 12:00:00.000,,,00,,CROP TOTALS,"SALES: (50,000 TO 249,999 $)",02919,CROP TOTALS - OPERATIONS WITH SALES,2022,,ALL CLASSES,00,ANNUAL,,ALL UTILIZATION PRACTICES,RI,44,,,00000000,,OPERATIONS,RHODE ISLAND,SALES,,ZIP CODE,YEAR,CROP TOTALS,02919,9000,CENSUS,SALES,44,UNITED STATES
10,,CROPS,ALL PRODUCTION PRACTICES,2018-02-01 12:00:00.000,,,00,,CROP TOTALS,"SALES: (50,000 TO 249,999 $)",02919,CROP TOTALS - OPERATIONS WITH SALES,2017,,ALL CLASSES,00,ANNUAL,,ALL UTILIZATION PRACTICES,RI,44,,,00000000,,OPERATIONS,RHODE ISLAND,SALES,,ZIP CODE,YEAR,CROP TOTALS,02919,9000,CENSUS,SALES,44,UNITED STATES
6,,CROPS,ALL PRODUCTION PRACTICES,2012-01-01 00:00:00.000,,,00,,CROP TOTALS,"SALES: (50,000 TO 249,999 $)",02919,CROP TOTALS - OPERATIONS WITH SALES,2007,,ALL CLASSES,00,ANNUAL,,ALL UTILIZATION PRACTICES,RI,44,,,00000000,,OPERATIONS,RHODE ISLAND,SALES,,ZIP CODE,YEAR,CROP TOTALS,02919,9000,CENSUS,SALES,44,UNITED STATES
1,,CROPS,ALL PRODUCTION PRACTICES,2024-11-07 12:00:00.000,,,00,,CROP TOTALS,"SALES: (50,000 TO 249,999 $)",02921,CROP TOTALS - OPERATIONS WITH SALES,2022,,ALL CLASSES,00,ANNUAL,,ALL UTILIZATION PRACTICES,RI,44,,,00000000,,OPERATIONS,RHODE ISLAND,SALES,,ZIP CODE,YEAR,CROP TOTALS,02921,9000,CENSUS,SALES,44,UNITED STATES
8,,CROPS,ALL PRODUCTION PRACTICES,2018-02-01 12:00:00.000,,,00,,CROP TOTALS,"SALES: (50,000 TO 249,999 $)",02921,CROP TOTALS - OPERATIONS WITH SALES,2017,,ALL CLASSES,00,ANNUAL,,ALL UTILIZATION PRACTICES,RI,44,,,00000000,,OPERATIONS,RHODE ISLAND,SALES,,ZIP CODE,YEAR,CROP TOTALS,02921,9000,CENSUS,SALES,44,UNITED STATES
5,,CROPS,ALL PRODUCTION PRACTICES,2012-01-01 00:00:00.000,,,00,,CROP TOTALS,"SALES: (50,000 TO 249,999 $)",02921,CROP TOTALS - OPERATIONS WITH SALES,2007,,ALL CLASSES,00,ANNUAL,,ALL UTILIZATION PRACTICES,RI,44,,,00000000,,OPERATIONS,RHODE ISLAND,SALES,,ZIP CODE,YEAR,CROP TOTALS,02921,9000,CENSUS,SALES,44,UNITED STATES
2,,CROPS,ALL PRODUCTION PRACTICES,2024-11-07 12:00:00.000,,,00,,CROP TOTALS,"SALES: (50,000 TO 249,999 $)",99999,CROP TOTALS - OPERATIONS WITH SALES,2022,,ALL CLASSES,00,ANNUAL,,ALL UTILIZATION PRACTICES,RI,44,,,00000000,,OPERATIONS,RHODE ISLAND,SALES,,ZIP CODE,YEAR,CROP TOTALS,99999,9000,CENSUS,SALES,44,UNITED STATES
2,,CROPS,ALL PRODUCTION PRACTICES,2018-02-01 12:00:00.000,,,00,,CROP TOTALS,"SALES: (50,000 TO 249,999 $)",99999,CROP TOTALS - OPERATIONS WITH SALES,2017,,ALL CLASSES,00,ANNUAL,,ALL UTILIZATION PRACTICES,RI,44,,,00000000,,OPERATIONS,RHODE ISLAND,SALES,,ZIP CODE,YEAR,CROP TOTALS,99999,9000,CENSUS,SALES,44,UNITED STATES
571,,CROPS,ALL PRODUCTION PRACTICES,2012-01-01 00:00:00.000,,,00,,CROP TOTALS,"SALES: (LESS THAN 50,000 $)",RHODE ISLAND,CROP TOTALS - OPERATIONS WITH SALES,2007,,ALL CLASSES,00,ANNUAL,,ALL UTILIZATION PRACTICES,RI,44,,,00000000,,OPERATIONS,RHODE ISLAND,SALES,,STATE,YEAR,CROP TOTALS,,9000,CENSUS,SALES,44,UNITED STATES
7,,CROPS,ALL PRODUCTION PRACTICES,2024-11-07 12:00:00.000,,,00,,CROP TOTALS,"SALES: (LESS THAN 50,000 $)",02804,CROP TOTALS - OPERATIONS WITH SALES,2022,,ALL CLASSES,00,ANNUAL,,ALL UTILIZATION PRACTICES,RI,44,,,00000000,,OPERATIONS,RHODE ISLAND,SALES,,ZIP CODE,YEAR,CROP TOTALS,02804,9000,CENSUS,SALES,44,UNITED STATES
2,,CROPS,ALL PRODUCTION PRACTICES,2018-02-01 12:00:00.000,,,00,,CROP TOTALS,"SALES: (LESS THAN 50,000 $)",02804,CROP TOTALS - OPERATIONS WITH SALES,2017,,ALL CLASSES,00,ANNUAL,,ALL UTILIZATION PRACTICES,RI,44,,,00000000,,OPERATIONS,RHODE ISLAND,SALES,,ZIP CODE,YEAR,CROP TOTALS,02804,9000,CENSUS,SALES,44,UNITED STATES
8,,CROPS,ALL PRODUCTION PRACTICES,2012-01-01 00:00:00.000,,,00,,CROP TOTALS,"SALES: (LESS THAN 50,000 $)",02804,CROP TOTALS - OPERATIONS WITH SALES,2007,,ALL CLASSES,00,ANNUAL,,ALL UTILIZATION PRACTICES,RI,44,,,00000000,,OPERATIONS,RHODE ISLAND,SALES,,ZIP CODE,YEAR,CROP TOTALS,02804,9000,CENSUS,SALES,44,UNITED STATES
9,,CROPS,ALL PRODUCTION PRACTICES,2024-11-07 12:00:00.000,,,00,,CROP TOTALS,"SALES: (LESS THAN 50,000 $)",02806,CROP TOTALS - OPERATIONS WITH SALES,2022,,ALL CLASSES,00,ANNUAL,,ALL UTILIZATION PRACTICES,RI,44,,,00000000,,OPERATIONS,RHODE ISLAND,SALES,,ZIP CODE,YEAR,CROP TOTALS,02806,9000,CENSUS,SALES,44,UNITED STATES
2,,CROPS,ALL PRODUCTION PRACTICES,2018-02-01 12:00:00.000,,,00,,CROP TOTALS,"SALES: (LESS THAN 50,000 $)",02806,CROP TOTALS - OPERATIONS WITH SALES,2017,,ALL CLASSES,00,ANNUAL,,ALL UTILIZATION PRACTICES,RI,44,,,00000000,,OPERATIONS,RHODE ISLAND,SALES,,ZIP CODE,YEAR,CROP TOTALS,02806,9000,CENSUS,SALES,44,UNITED STATES
1,,CROPS,ALL PRODUCTION PRACTICES,2012-01-01 00:00:00.000,,,00,,CROP TOTALS,"SALES: (LESS THAN 50,000 $)",02806,CROP TOTALS - OPERATIONS WITH SALES,2007,,ALL CLASSES,00,ANNUAL,,ALL UTILIZATION PRACTICES,RI,44,,,00000000,,OPERATIONS,RHODE ISLAND,SALES,,ZIP CODE,YEAR,CROP TOTALS,02806,9000,CENSUS,SALES,44,UNITED STATES
9,,CROPS,ALL PRODUCTION PRACTICES,2024-11-07 12:00:00.000,,,00,,CROP TOTALS,"SALES: (LESS THAN 50,000 $)",02807,CROP TOTALS - OPERATIONS WITH SALES,2022,,ALL CLASSES,00,ANNUAL,,ALL UTILIZATION PRACTICES,RI,44,,,00000000,,OPERATIONS,RHODE ISLAND,SALES,,ZIP CODE,YEAR,CROP TOTALS,02807,9000,CENSUS,SALES,44,UNITED STATES
2,,CROPS,ALL PRODUCTION PRACTICES,2018-02-01 12:00:00.000,,,00,,CROP TOTALS,"SALES: (LESS THAN 50,000 $)",02807,CROP TOTALS - OPERATIONS WITH SALES,2017,,ALL CLASSES,00,ANNUAL,,ALL UTILIZATION PRACTICES,RI,44,,,00000000,,OPERATIONS,RHODE ISLAND,SALES,,ZIP CODE,YEAR,CROP TOTALS,02807,9000,CENSUS,SALES,44,UNITED STATES
12,,CROPS,ALL PRODUCTION PRACTICES,2012-01-01 00:00:00.000,,,00,,CROP TOTALS,"SALES: (LESS THAN 50,000 $)",02807,CROP TOTALS - OPERATIONS WITH SALES,2007,,ALL CLASSES,00,ANNUAL,,ALL UTILIZATION PRACTICES,RI,44,,,00000000,,OPERATIONS,RHODE ISLAND,SALES,,ZIP CODE,YEAR,CROP TOTALS,02807,9000,CENSUS,SALES,44,UNITED STATES
8,,CROPS,ALL PRODUCTION PRACTICES,2024-11-07 12:00:00.000,,,00,,CROP TOTALS,"SALES: (LESS THAN 50,000 $)",02808,CROP TOTALS - OPERATIONS WITH SALES,2022,,ALL CLASSES,00,ANNUAL,,ALL UTILIZATION PRACTICES,RI,44,,,00000000,,OPERATIONS,RHODE ISLAND,SALES,,ZIP CODE,YEAR,CROP TOTALS,02808,9000,CENSUS,SALES,44,UNITED STATES
6,,CROPS,ALL PRODUCTION PRACTICES,2018-02-01 12:00:00.000,,,00,,CROP TOTALS,"SALES: (LESS THAN 50,000 $)",02808,CROP TOTALS - OPERATIONS WITH SALES,2017,,ALL CLASSES,00,ANNUAL,,ALL UTILIZATION PRACTICES,RI,44,,,00000000,,OPERATIONS,RHODE ISLAND,SALES,,ZIP CODE,YEAR,CROP TOTALS,02808,9000,CENSUS,SALES,44,UNITED STATES
4,,CROPS,ALL PRODUCTION PRACTICES,2012-01-01 00:00:00.000,,,00,,CROP TOTALS,"SALES: (LESS THAN 50,000 $)",02808,CROP TOTALS - OPERATIONS WITH SALES,2007,,ALL CLASSES,00,ANNUAL,,ALL UTILIZATION PRACTICES,RI,44,,,00000000,,OPERATIONS,RHODE ISLAND,SALES,,ZIP CODE,YEAR,CROP TOTALS,02808,9000,CENSUS,SALES,44,UNITED STATES
5,,CROPS,ALL PRODUCTION PRACTICES,2024-11-07 12:00:00.000,,,00,,CROP TOTALS,"SALES: (LESS THAN 50,000 $)",02809,CROP TOTALS - OPERATIONS WITH SALES,2022,,ALL CLASSES,00,ANNUAL,,ALL UTILIZATION PRACTICES,RI,44,,,00000000,,OPERATIONS,RHODE ISLAND,SALES,,ZIP CODE,YEAR,CROP TOTALS,02809,9000,CENSUS,SALES,44,UNITED STATES
4,,CROPS,ALL PRODUCTION PRACTICES,2018-02-01 12:00:00.000,,,00,,CROP TOTALS,"SALES: (LESS THAN 50,000 $)",02809,CROP TOTALS - OPERATIONS WITH SALES,2017,,ALL CLASSES,00,ANNUAL,,ALL UTILIZATION PRACTICES,RI,44,,,00000000,,OPERATIONS,RHODE ISLAND,SALES,,ZIP CODE,YEAR,CROP TOTALS,02809,9000,CENSUS,SALES,44,UNITED STATES
6,,CROPS,ALL PRODUCTION PRACTICES,2012-01-01 00:00:00.000,,,00,,CROP TOTALS,"SALES: (LESS THAN 50,000 $)",02809,CROP TOTALS - OPERATIONS WITH SALES,2007,,ALL CLASSES,00,ANNUAL,,ALL UTILIZATION PRACTICES,RI,44,,,00000000,,OPERATIONS,RHODE ISLAND,SALES,,ZIP CODE,YEAR,CROP TOTALS,02809,9000,CENSUS,SALES,44,UNITED STATES
1,,CROPS,ALL PRODUCTION PRACTICES,2024-11-07 12:00:00.000,,,00,,CROP TOTALS,"SALES: (LESS THAN 50,000 $)",02812,CROP TOTALS - OPERATIONS WITH SALES,2022,,ALL CLASSES,00,ANNUAL,,ALL UTILIZATION PRACTICES,RI,44,,,00000000,,OPERATIONS,RHODE ISLAND,SALES,,ZIP CODE,YEAR,CROP TOTALS,02812,9000,CENSUS,SALES,44,UNITED STATES
5,,CROPS,ALL PRODUCTION PRACTICES,2018-02-01 12:00:00.000,,,00,,CROP TOTALS,"SALES: (LESS THAN 50,000 $)",02812,CROP TOTALS - OPERATIONS WITH SALES,2017,,ALL CLASSES,00,ANNUAL,,ALL UTILIZATION PRACTICES,RI,44,,,00000000,,OPERATIONS,RHODE ISLAND,SALES,,ZIP CODE,YEAR,CROP TOTALS,02812,9000,CENSUS,SALES,44,UNITED STATES
2,,CROPS,ALL PRODUCTION PRACTICES,2012-01-01 00:00:00.000,,,00,,CROP TOTALS,"SALES: (LESS THAN 50,000 $)",02812,CROP TOTALS - OPERATIONS WITH SALES,2007,,ALL CLASSES,00,ANNUAL,,ALL UTILIZATION PRACTICES,RI,44,,,00000000,,OPERATIONS,RHODE ISLAND,SALES,,ZIP CODE,YEAR,CROP TOTALS,02812,9000,CENSUS,SALES,44,UNITED STATES
14,,CROPS,ALL PRODUCTION PRACTICES,2024-11-07 12:00:00.000,,,00,,CROP TOTALS,"SALES: (LESS THAN 50,000 $)",02813,CROP TOTALS - OPERATIONS WITH SALES,2022,,ALL CLASSES,00,ANNUAL,,ALL UTILIZATION PRACTICES,RI,44,,,00000000,,OPERATIONS,RHODE ISLAND,SALES,,ZIP CODE,YEAR,CROP TOTALS,02813,9000,CENSUS,SALES,44,UNITED STATES
15,,CROPS,ALL PRODUCTION PRACTICES,2018-02-01 12:00:00.000,,,00,,CROP TOTALS,"SALES: (LESS THAN 50,000 $)",02813,CROP TOTALS - OPERATIONS WITH SALES,2017,,ALL CLASSES,00,ANNUAL,,ALL UTILIZATION PRACTICES,RI,44,,,00000000,,OPERATIONS,RHODE ISLAND,SALES,,ZIP CODE,YEAR,CROP TOTALS,02813,9000,CENSUS,SALES,44,UNITED STATES
10,,CROPS,ALL PRODUCTION PRACTICES,2012-01-01 00:00:00.000,,,00,,CROP TOTALS,"SALES: (LESS THAN 50,000 $)",02813,CROP TOTALS - OPERATIONS WITH SALES,2007,,ALL CLASSES,00,ANNUAL,,ALL UTILIZATION PRACTICES,RI,44,,,00000000,,OPERATIONS,RHODE ISLAND,SALES,,ZIP CODE,YEAR,CROP TOTALS,02813,9000,CENSUS,SALES,44,UNITED STATES
10,,CROPS,ALL PRODUCTION PRACTICES,2024-11-07 12:00:00.000,,,00,,CROP TOTALS,"SALES: (LESS THAN 50,000 $)",02814,CROP TOTALS - OPERATIONS WITH SALES,2022,,ALL CLASSES,00,ANNUAL,,ALL UTILIZATION PRACTICES,RI,44,,,00000000,,OPERATIONS,RHODE ISLAND,SALES,,ZIP CODE,YEAR,CROP TOTALS,02814,9000,CENSUS,SALES,44,UNITED STATES
19,,CROPS,ALL PRODUCTION PRACTICES,2018-02-01 12:00:00.000,,,00,,CROP TOTALS,"SALES: (LESS THAN 50,000 $)",02814,CROP TOTALS - OPERATIONS WITH SALES,2017,,ALL CLASSES,00,ANNUAL,,ALL UTILIZATION PRACTICES,RI,44,,,00000000,,OPERATIONS,RHODE ISLAND,SALES,,ZIP CODE,YEAR,CROP TOTALS,02814,9000,CENSUS,SALES,44,UNITED STATES
31,,CROPS,ALL PRODUCTION PRACTICES,2012-01-01 00:00:00.000,,,00,,CROP TOTALS,"SALES: (LESS THAN 50,000 $)",02814,CROP TOTALS - OPERATIONS WITH SALES,2007,,ALL CLASSES,00,ANNUAL,,ALL UTILIZATION PRACTICES,RI,44,,,00000000,,OPERATIONS,RHODE ISLAND,SALES,,ZIP CODE,YEAR,CROP TOTALS,02814,9000,CENSUS,SALES,44,UNITED STATES
8,,CROPS,ALL PRODUCTION PRACTICES,2024-11-07 12:00:00.000,,,00,,CROP TOTALS,"SALES: (LESS THAN 50,000 $)",02816,CROP TOTALS - OPERATIONS WITH SALES,2022,,ALL CLASSES,00,ANNUAL,,ALL UTILIZATION PRACTICES,RI,44,,,00000000,,OPERATIONS,RHODE ISLAND,SALES,,ZIP CODE,YEAR,CROP TOTALS,02816,9000,CENSUS,SALES,44,UNITED STATES
4,,CROPS,ALL PRODUCTION PRACTICES,2018-02-01 12:00:00.000,,,00,,CROP TOTALS,"SALES: (LESS THAN 50,000 $)",02816,CROP TOTALS - OPERATIONS WITH SALES,2017,,ALL CLASSES,00,ANNUAL,,ALL UTILIZATION PRACTICES,RI,44,,,00000000,,OPERATIONS,RHODE ISLAND,SALES,,ZIP CODE,YEAR,CROP TOTALS,02816,9000,CENSUS,SALES,44,UNITED STATES
11,,CROPS,ALL PRODUCTION PRACTICES,2012-01-01 00:00:00.000,,,00,,CROP TOTALS,"SALES: (LESS THAN 50,000 $)",02816,CROP TOTALS - OPERATIONS WITH SALES,2007,,ALL CLASSES,00,ANNUAL,,ALL UTILIZATION PRACTICES,RI,44,,,00000000,,OPERATIONS,RHODE ISLAND,SALES,,ZIP CODE,YEAR,CROP TOTALS,02816,9000,CENSUS,SALES,44,UNITED STATES
14,,CROPS,ALL PRODUCTION PRACTICES,2024-11-07 12:00:00.000,,,00,,CROP TOTALS,"SALES: (LESS THAN 50,000 $)",02817,CROP TOTALS - OPERATIONS WITH SALES,2022,,ALL CLASSES,00,ANNUAL,,ALL UTILIZATION PRACTICES,RI,44,,,00000000,,OPERATIONS,RHODE ISLAND,SALES,,ZIP CODE,YEAR,CROP TOTALS,02817,9000,CENSUS,SALES,44,UNITED STATES
12,,CROPS,ALL PRODUCTION PRACTICES,2018-02-01 12:00:00.000,,,00,,CROP TOTALS,"SALES: (LESS THAN 50,000 $)",02817,CROP TOTALS - OPERATIONS WITH SALES,2017,,ALL CLASSES,00,ANNUAL,,ALL UTILIZATION PRACTICES,RI,44,,,00000000,,OPERATIONS,RHODE ISLAND,SALES,,ZIP CODE,YEAR,CROP TOTALS,02817,9000,CENSUS,SALES,44,UNITED STATES
21,,CROPS,ALL PRODUCTION PRACTICES,2012-01-01 00:00:00.000,,,00,,CROP TOTALS,"SALES: (LESS THAN 50,000 $)",02817,CROP TOTALS - OPERATIONS WITH SALES,2007,,ALL CLASSES,00,ANNUAL,,ALL UTILIZATION PRACTICES,RI,44,,,00000000,,OPERATIONS,RHODE ISLAND,SALES,,ZIP CODE,YEAR,CROP TOTALS,02817,9000,CENSUS,SALES,44,UNITED STATES
4,,CROPS,ALL PRODUCTION PRACTICES,2024-11-07 12:00:00.000,,,00,,CROP TOTALS,"SALES: (LESS THAN 50,000 $)",02818,CROP TOTALS - OPERATIONS WITH SALES,2022,,ALL CLASSES,00,ANNUAL,,ALL UTILIZATION PRACTICES,RI,44,,,00000000,,OPERATIONS,RHODE ISLAND,SALES,,ZIP CODE,YEAR,CROP TOTALS,02818,9000,CENSUS,SALES,44,UNITED STATES
8,,CROPS,ALL PRODUCTION PRACTICES,2018-02-01 12:00:00.000,,,00,,CROP TOTALS,"SALES: (LESS THAN 50,000 $)",02818,CROP TOTALS - OPERATIONS WITH SALES,2017,,ALL CLASSES,00,ANNUAL,,ALL UTILIZATION PRACTICES,RI,44,,,00000000,,OPERATIONS,RHODE ISLAND,SALES,,ZIP CODE,YEAR,CROP TOTALS,02818,9000,CENSUS,SALES,44,UNITED STATES
10,,CROPS,ALL PRODUCTION PRACTICES,2012-01-01 00:00:00.000,,,00,,CROP TOTALS,"SALES: (LESS THAN 50,000 $)",02818,CROP TOTALS - OPERATIONS WITH SALES,2007,,ALL CLASSES,00,ANNUAL,,ALL UTILIZATION PRACTICES,RI,44,,,00000000,,OPERATIONS,RHODE ISLAND,SALES,,ZIP CODE,YEAR,CROP TOTALS,02818,9000,CENSUS,SALES,44,UNITED STATES
17,,CROPS,ALL PRODUCTION PRACTICES,2024-11-07 12:00:00.000,,,00,,CROP TOTALS,"SALES: (LESS THAN 50,000 $)",02822,CROP TOTALS - OPERATIONS WITH SALES,2022,,ALL CLASSES,00,ANNUAL,,ALL UTILIZATION PRACTICES,RI,44,,,00000000,,OPERATIONS,RHODE ISLAND,SALES,,ZIP CODE,YEAR,CROP TOTALS,02822,9000,CENSUS,SALES,44,UNITED STATES
32,,CROPS,ALL PRODUCTION PRACTICES,2018-02-01 12:00:00.000,,,00,,CROP TOTALS,"SALES: (LESS THAN 50,000 $)",02822,CROP TOTALS - OPERATIONS WITH SALES,2017,,ALL CLASSES,00,ANNUAL,,ALL UTILIZATION PRACTICES,RI,44,,,00000000,,OPERATIONS,RHODE ISLAND,SALES,,ZIP CODE,YEAR,CROP TOTALS,02822,9000,CENSUS,SALES,44,UNITED STATES
38,,CROPS,ALL PRODUCTION PRACTICES,2012-01-01 00:00:00.000,,,00,,CROP TOTALS,"SALES: (LESS THAN 50,000 $)",02822,CROP TOTALS - OPERATIONS WITH SALES,2007,,ALL CLASSES,00,ANNUAL,,ALL UTILIZATION PRACTICES,RI,44,,,00000000,,OPERATIONS,RHODE ISLAND,SALES,,ZIP CODE,YEAR,CROP TOTALS,02822,9000,CENSUS,SALES,44,UNITED STATES
34,,CROPS,ALL PRODUCTION PRACTICES,2024-11-07 12:00:00.000,,,00,,CROP TOTALS,"SALES: (LESS THAN 50,000 $)",02825,CROP TOTALS - OPERATIONS WITH SALES,2022,,ALL CLASSES,00,ANNUAL,,ALL UTILIZATION PRACTICES,RI,44,,,00000000,,OPERATIONS,RHODE ISLAND,SALES,,ZIP CODE,YEAR,CROP TOTALS,02825,9000,CENSUS,SALES,44,UNITED STATES
29,,CROPS,ALL PRODUCTION PRACTICES,2018-02-01 12:00:00.000,,,00,,CROP TOTALS,"SALES: (LESS THAN 50,000 $)",02825,CROP TOTALS - OPERATIONS WITH SALES,2017,,ALL CLASSES,00,ANNUAL,,ALL UTILIZATION PRACTICES,RI,44,,,00000000,,OPERATIONS,RHODE ISLAND,SALES,,ZIP CODE,YEAR,CROP TOTALS,02825,9000,CENSUS,SALES,44,UNITED STATES
34,,CROPS,ALL PRODUCTION PRACTICES,2012-01-01 00:00:00.000,,,00,,CROP TOTALS,"SALES: (LESS THAN 50,000 $)",02825,CROP TOTALS - OPERATIONS WITH SALES,2007,,ALL CLASSES,00,ANNUAL,,ALL UTILIZATION PRACTICES,RI,44,,,00000000,,OPERATIONS,RHODE ISLAND,SALES,,ZIP CODE,YEAR,CROP TOTALS,02825,9000,CENSUS,SALES,44,UNITED STATES
12,,CROPS,ALL PRODUCTION PRACTICES,2024-11-07 12:00:00.000,,,00,,CROP TOTALS,"SALES: (LESS THAN 50,000 $)",02827,CROP TOTALS - OPERATIONS WITH SALES,2022,,ALL CLASSES,00,ANNUAL,,ALL UTILIZATION PRACTICES,RI,44,,,00000000,,OPERATIONS,RHODE ISLAND,SALES,,ZIP CODE,YEAR,CROP TOTALS,02827,9000,CENSUS,SALES,44,UNITED STATES
11,,CROPS,ALL PRODUCTION PRACTICES,2018-02-01 12:00:00.000,,,00,,CROP TOTALS,"SALES: (LESS THAN 50,000 $)",02827,CROP TOTALS - OPERATIONS WITH SALES,2017,,ALL CLASSES,00,ANNUAL,,ALL UTILIZATION PRACTICES,RI,44,,,00000000,,OPERATIONS,RHODE ISLAND,SALES,,ZIP CODE,YEAR,CROP TOTALS,02827,9000,CENSUS,SALES,44,UNITED STATES
17,,CROPS,ALL PRODUCTION PRACTICES,2012-01-01 00:00:00.000,,,00,,CROP TOTALS,"SALES: (LESS THAN 50,000 $)",02827,CROP TOTALS - OPERATIONS WITH SALES,2007,,ALL CLASSES,00,ANNUAL,,ALL UTILIZATION PRACTICES,RI,44,,,00000000,,OPERATIONS,RHODE ISLAND,SALES,,ZIP CODE,YEAR,CROP TOTALS,02827,9000,CENSUS,SALES,44,UNITED STATES
5,,CROPS,ALL PRODUCTION PRACTICES,2024-11-07 12:00:00.000,,,00,,CROP TOTALS,"SALES: (LESS THAN 50,000 $)",02828,CROP TOTALS - OPERATIONS WITH SALES,2022,,ALL CLASSES,00,ANNUAL,,ALL UTILIZATION PRACTICES,RI,44,,,00000000,,OPERATIONS,RHODE ISLAND,SALES,,ZIP CODE,YEAR,CROP TOTALS,02828,9000,CENSUS,SALES,44,UNITED STATES
4,,CROPS,ALL PRODUCTION PRACTICES,2018-02-01 12:00:00.000,,,00,,CROP TOTALS,"SALES: (LESS THAN 50,000 $)",02828,CROP TOTALS - OPERATIONS WITH SALES,2017,,ALL CLASSES,00,ANNUAL,,ALL UTILIZATION PRACTICES,RI,44,,,00000000,,OPERATIONS,RHODE ISLAND,SALES,,ZIP CODE,YEAR,CROP TOTALS,02828,9000,CENSUS,SALES,44,UNITED STATES
2,,CROPS,ALL PRODUCTION PRACTICES,2012-01-01 00:00:00.000,,,00,,CROP TOTALS,"SALES: (LESS THAN 50,000 $)",02828,CROP TOTALS - OPERATIONS WITH SALES,2007,,ALL CLASSES,00,ANNUAL,,ALL UTILIZATION PRACTICES,RI,44,,,00000000,,OPERATIONS,RHODE ISLAND,SALES,,ZIP CODE,YEAR,CROP TOTALS,02828,9000,CENSUS,SALES,44,UNITED STATES
7,,CROPS,ALL PRODUCTION PRACTICES,2024-11-07 12:00:00.000,,,00,,CROP TOTALS,"SALES: (LESS THAN 50,000 $)",02829,CROP TOTALS - OPERATIONS WITH SALES,2022,,ALL CLASSES,00,ANNUAL,,ALL UTILIZATION PRACTICES,RI,44,,,00000000,,OPERATIONS,RHODE ISLAND,SALES,,ZIP CODE,YEAR,CROP TOTALS,02829,9000,CENSUS,SALES,44,UNITED STATES
2,,CROPS,ALL PRODUCTION PRACTICES,2018-02-01 12:00:00.000,,,00,,CROP TOTALS,"SALES: (LESS THAN 50,000 $)",02829,CROP TOTALS - OPERATIONS WITH SALES,2017,,ALL CLASSES,00,ANNUAL,,ALL UTILIZATION PRACTICES,RI,44,,,00000000,,OPERATIONS,RHODE ISLAND,SALES,,ZIP CODE,YEAR,CROP TOTALS,02829,9000,CENSUS,SALES,44,UNITED STATES
3,,CROPS,ALL PRODUCTION PRACTICES,2012-01-01 00:00:00.000,,,00,,CROP TOTALS,"SALES: (LESS THAN 50,000 $)",02829,CROP TOTALS - OPERATIONS WITH SALES,2007,,ALL CLASSES,00,ANNUAL,,ALL UTILIZATION PRACTICES,RI,44,,,00000000,,OPERATIONS,RHODE ISLAND,SALES,,ZIP CODE,YEAR,CROP TOTALS,02829,9000,CENSUS,SALES,44,UNITED STATES
3,,CROPS,ALL PRODUCTION PRACTICES,2024-11-07 12:00:00.000,,,00,,CROP TOTALS,"SALES: (LESS THAN 50,000 $)",02830,CROP TOTALS - OPERATIONS WITH SALES,2022,,ALL CLASSES,00,ANNUAL,,ALL UTILIZATION PRACTICES,RI,44,,,00000000,,OPERATIONS,RHODE ISLAND,SALES,,ZIP CODE,YEAR,CROP TOTALS,02830,9000,CENSUS,SALES,44,UNITED STATES
2,,CROPS,ALL PRODUCTION PRACTICES,2018-02-01 12:00:00.000,,,00,,CROP TOTALS,"SALES: (LESS THAN 50,000 $)",02830,CROP TOTALS - OPERATIONS WITH SALES,2017,,ALL CLASSES,00,ANNUAL,,ALL UTILIZATION PRACTICES,RI,44,,,00000000,,OPERATIONS,RHODE ISLAND,SALES,,ZIP CODE,YEAR,CROP TOTALS,02830,9000,CENSUS,SALES,44,UNITED STATES
11,,CROPS,ALL PRODUCTION PRACTICES,2012-01-01 00:00:00.000,,,00,,CROP TOTALS,"SALES: (LESS THAN 50,000 $)",02830,CROP TOTALS - OPERATIONS WITH SALES,2007,,ALL CLASSES,00,ANNUAL,,ALL UTILIZATION PRACTICES,RI,44,,,00000000,,OPERATIONS,RHODE ISLAND,SALES,,ZIP CODE,YEAR,CROP TOTALS,02830,9000,CENSUS,SALES,44,UNITED STATES
4,,CROPS,ALL PRODUCTION PRACTICES,2024-11-07 12:00:00.000,,,00,,CROP TOTALS,"SALES: (LESS THAN 50,000 $)",02831,CROP TOTALS - OPERATIONS WITH SALES,2022,,ALL CLASSES,00,ANNUAL,,ALL UTILIZATION PRACTICES,RI,44,,,00000000,,OPERATIONS,RHODE ISLAND,SALES,,ZIP CODE,YEAR,CROP TOTALS,02831,9000,CENSUS,SALES,44,UNITED STATES
2,,CROPS,ALL PRODUCTION PRACTICES,2018-02-01 12:00:00.000,,,00,,CROP TOTALS,"SALES: (LESS THAN 50,000 $)",02831,CROP TOTALS - OPERATIONS WITH SALES,2017,,ALL CLASSES,00,ANNUAL,,ALL UTILIZATION PRACTICES,RI,44,,,00000000,,OPERATIONS,RHODE ISLAND,SALES,,ZIP CODE,YEAR,CROP TOTALS,02831,9000,CENSUS,SALES,44,UNITED STATES
6,,CROPS,ALL PRODUCTION PRACTICES,2012-01-01 00:00:00.000,,,00,,CROP TOTALS,"SALES: (LESS THAN 50,000 $)",02831,CROP TOTALS - OPERATIONS WITH SALES,2007,,ALL CLASSES,00,ANNUAL,,ALL UTILIZATION PRACTICES,RI,44,,,00000000,,OPERATIONS,RHODE ISLAND,SALES,,ZIP CODE,YEAR,CROP TOTALS,02831,9000,CENSUS,SALES,44,UNITED STATES
9,,CROPS,ALL PRODUCTION PRACTICES,2024-11-07 12:00:00.000,,,00,,CROP TOTALS,"SALES: (LESS THAN 50,000 $)",02832,CROP TOTALS - OPERATIONS WITH SALES,2022,,ALL CLASSES,00,ANNUAL,,ALL UTILIZATION PRACTICES,RI,44,,,00000000,,OPERATIONS,RHODE ISLAND,SALES,,ZIP CODE,YEAR,CROP TOTALS,02832,9000,CENSUS,SALES,44,UNITED STATES
15,,CROPS,ALL PRODUCTION PRACTICES,2018-02-01 12:00:00.000,,,00,,CROP TOTALS,"SALES: (LESS THAN 50,000 $)",02832,CROP TOTALS - OPERATIONS WITH SALES,2017,,ALL CLASSES,00,ANNUAL,,ALL UTILIZATION PRACTICES,RI,44,,,00000000,,OPERATIONS,RHODE ISLAND,SALES,,ZIP CODE,YEAR,CROP TOTALS,02832,9000,CENSUS,SALES,44,UNITED STATES
20,,CROPS,ALL PRODUCTION PRACTICES,2012-01-01 00:00:00.000,,,00,,CROP TOTALS,"SALES: (LESS THAN 50,000 $)",02832,CROP TOTALS - OPERATIONS WITH SALES,2007,,ALL CLASSES,00,ANNUAL,,ALL UTILIZATION PRACTICES,RI,44,,,00000000,,OPERATIONS,RHODE ISLAND,SALES,,ZIP CODE,YEAR,CROP TOTALS,02832,9000,CENSUS,SALES,44,UNITED STATES
2,,CROPS,ALL PRODUCTION PRACTICES,2018-02-01 12:00:00.000,,,00,,CROP TOTALS,"SALES: (LESS THAN 50,000 $)",02833,CROP TOTALS - OPERATIONS WITH SALES,2017,,ALL CLASSES,00,ANNUAL,,ALL UTILIZATION PRACTICES,RI,44,,,00000000,,OPERATIONS,RHODE ISLAND,SALES,,ZIP CODE,YEAR,CROP TOTALS,02833,9000,CENSUS,SALES,44,UNITED STATES
2,,CROPS,ALL PRODUCTION PRACTICES,2012-01-01 00:00:00.000,,,00,,CROP TOTALS,"SALES: (LESS THAN 50,000 $)",02833,CROP TOTALS - OPERATIONS WITH SALES,2007,,ALL CLASSES,00,ANNUAL,,ALL UTILIZATION PRACTICES,RI,44,,,00000000,,OPERATIONS,RHODE ISLAND,SALES,,ZIP CODE,YEAR,CROP TOTALS,02833,9000,CENSUS,SALES,44,UNITED STATES
7,,CROPS,ALL PRODUCTION PRACTICES,2024-11-07 12:00:00.000,,,00,,CROP TOTALS,"SALES: (LESS THAN 50,000 $)",02835,CROP TOTALS - OPERATIONS WITH SALES,2022,,ALL CLASSES,00,ANNUAL,,ALL UTILIZATION PRACTICES,RI,44,,,00000000,,OPERATIONS,RHODE ISLAND,SALES,,ZIP CODE,YEAR,CROP TOTALS,02835,9000,CENSUS,SALES,44,UNITED STATES
8,,CROPS,ALL PRODUCTION PRACTICES,2018-02-01 12:00:00.000,,,00,,CROP TOTALS,"SALES: (LESS THAN 50,000 $)",02835,CROP TOTALS - OPERATIONS WITH SALES,2017,,ALL CLASSES,00,ANNUAL,,ALL UTILIZATION PRACTICES,RI,44,,,00000000,,OPERATIONS,RHODE ISLAND,SALES,,ZIP CODE,YEAR,CROP TOTALS,02835,9000,CENSUS,SALES,44,UNITED STATES
9,,CROPS,ALL PRODUCTION PRACTICES,2012-01-01 00:00:00.000,,,00,,CROP TOTALS,"SALES: (LESS THAN 50,000 $)",02835,CROP TOTALS - OPERATIONS WITH SALES,2007,,ALL CLASSES,00,ANNUAL,,ALL UTILIZATION PRACTICES,RI,44,,,00000000,,OPERATIONS,RHODE ISLAND,SALES,,ZIP CODE,YEAR,CROP TOTALS,02835,9000,CENSUS,SALES,44,UNITED STATES
8,,CROPS,ALL PRODUCTION PRACTICES,2024-11-07 12:00:00.000,,,00,,CROP TOTALS,"SALES: (LESS THAN 50,000 $)",02837,CROP TOTALS - OPERATIONS WITH SALES,2022,,ALL CLASSES,00,ANNUAL,,ALL UTILIZATION PRACTICES,RI,44,,,00000000,,OPERATIONS,RHODE ISLAND,SALES,,ZIP CODE,YEAR,CROP TOTALS,02837,9000,CENSUS,SALES,44,UNITED STATES
20,,CROPS,ALL PRODUCTION PRACTICES,2018-02-01 12:00:00.000,,,00,,CROP TOTALS,"SALES: (LESS THAN 50,000 $)",02837,CROP TOTALS - OPERATIONS WITH SALES,2017,,ALL CLASSES,00,ANNUAL,,ALL UTILIZATION PRACTICES,RI,44,,,00000000,,OPERATIONS,RHODE ISLAND,SALES,,ZIP CODE,YEAR,CROP TOTALS,02837,9000,CENSUS,SALES,44,UNITED STATES
24,,CROPS,ALL PRODUCTION PRACTICES,2012-01-01 00:00:00.000,,,00,,CROP TOTALS,"SALES: (LESS THAN 50,000 $)",02837,CROP TOTALS - OPERATIONS WITH SALES,2007,,ALL CLASSES,00,ANNUAL,,ALL UTILIZATION PRACTICES,RI,44,,,00000000,,OPERATIONS,RHODE ISLAND,SALES,,ZIP CODE,YEAR,CROP TOTALS,02837,9000,CENSUS,SALES,44,UNITED STATES
1,,CROPS,ALL PRODUCTION PRACTICES,2024-11-07 12:00:00.000,,,00,,CROP TOTALS,"SALES: (LESS THAN 50,000 $)",02839,CROP TOTALS - OPERATIONS WITH SALES,2022,,ALL CLASSES,00,ANNUAL,,ALL UTILIZATION PRACTICES,RI,44,,,00000000,,OPERATIONS,RHODE ISLAND,SALES,,ZIP CODE,YEAR,CROP TOTALS,02839,9000,CENSUS,SALES,44,UNITED STATES
1,,CROPS,ALL PRODUCTION PRACTICES,2012-01-01 00:00:00.000,,,00,,CROP TOTALS,"SALES: (LESS THAN 50,000 $)",02839,CROP TOTALS - OPERATIONS WITH SALES,2007,,ALL CLASSES,00,ANNUAL,,ALL UTILIZATION PRACTICES,RI,44,,,00000000,,OPERATIONS,RHODE ISLAND,SALES,,ZIP CODE,YEAR,CROP TOTALS,02839,9000,CENSUS,SALES,44,UNITED STATES
2,,CROPS,ALL PRODUCTION PRACTICES,2024-11-07 12:00:00.000,,,00,,CROP TOTALS,"SALES: (LESS THAN 50,000 $)",02842,CROP TOTALS - OPERATIONS WITH SALES,2022,,ALL CLASSES,00,ANNUAL,,ALL UTILIZATION PRACTICES,RI,44,,,00000000,,OPERATIONS,RHODE ISLAND,SALES,,ZIP CODE,YEAR,CROP TOTALS,02842,9000,CENSUS,SALES,44,UNITED STATES
6,,CROPS,ALL PRODUCTION PRACTICES,2018-02-01 12:00:00.000,,,00,,CROP TOTALS,"SALES: (LESS THAN 50,000 $)",02842,CROP TOTALS - OPERATIONS WITH SALES,2017,,ALL CLASSES,00,ANNUAL,,ALL UTILIZATION PRACTICES,RI,44,,,00000000,,OPERATIONS,RHODE ISLAND,SALES,,ZIP CODE,YEAR,CROP TOTALS,02842,9000,CENSUS,SALES,44,UNITED STATES
9,,CROPS,ALL PRODUCTION PRACTICES,2012-01-01 00:00:00.000,,,00,,CROP TOTALS,"SALES: (LESS THAN 50,000 $)",02842,CROP TOTALS - OPERATIONS WITH SALES,2007,,ALL CLASSES,00,ANNUAL,,ALL UTILIZATION PRACTICES,RI,44,,,00000000,,OPERATIONS,RHODE ISLAND,SALES,,ZIP CODE,YEAR,CROP TOTALS,02842,9000,CENSUS,SALES,44,UNITED STATES
14,,CROPS,ALL PRODUCTION PRACTICES,2024-11-07 12:00:00.000,,,00,,CROP TOTALS,"SALES: (LESS THAN 50,000 $)",02852,CROP TOTALS - OPERATIONS WITH SALES,2022,,ALL CLASSES,00,ANNUAL,,ALL UTILIZATION PRACTICES,RI,44,,,00000000,,OPERATIONS,RHODE ISLAND,SALES,,ZIP CODE,YEAR,CROP TOTALS,02852,9000,CENSUS,SALES,44,UNITED STATES
12,,CROPS,ALL PRODUCTION PRACTICES,2018-02-01 12:00:00.000,,,00,,CROP TOTALS,"SALES: (LESS THAN 50,000 $)",02852,CROP TOTALS - OPERATIONS WITH SALES,2017,,ALL CLASSES,00,ANNUAL,,ALL UTILIZATION PRACTICES,RI,44,,,00000000,,OPERATIONS,RHODE ISLAND,SALES,,ZIP CODE,YEAR,CROP TOTALS,02852,9000,CENSUS,SALES,44,UNITED STATES
10,,CROPS,ALL PRODUCTION PRACTICES,2012-01-01 00:00:00.000,,,00,,CROP TOTALS,"SALES: (LESS THAN 50,000 $)",02852,CROP TOTALS - OPERATIONS WITH SALES,2007,,ALL CLASSES,00,ANNUAL,,ALL UTILIZATION PRACTICES,RI,44,,,00000000,,OPERATIONS,RHODE ISLAND,SALES,,ZIP CODE,YEAR,CROP TOTALS,02852,9000,CENSUS,SALES,44,UNITED STATES
15,,CROPS,ALL PRODUCTION PRACTICES,2024-11-07 12:00:00.000,,,00,,CROP TOTALS,"SALES: (LESS THAN 50,000 $)",02857,CROP TOTALS - OPERATIONS WITH SALES,2022,,ALL CLASSES,00,ANNUAL,,ALL UTILIZATION PRACTICES,RI,44,,,00000000,,OPERATIONS,RHODE ISLAND,SALES,,ZIP CODE,YEAR,CROP TOTALS,02857,9000,CENSUS,SALES,44,UNITED STATES
14,,CROPS,ALL PRODUCTION PRACTICES,2018-02-01 12:00:00.000,,,00,,CROP TOTALS,"SALES: (LESS THAN 50,000 $)",02857,CROP TOTALS - OPERATIONS WITH SALES,2017,,ALL CLASSES,00,ANNUAL,,ALL UTILIZATION PRACTICES,RI,44,,,00000000,,OPERATIONS,RHODE ISLAND,SALES,,ZIP CODE,YEAR,CROP TOTALS,02857,9000,CENSUS,SALES,44,UNITED STATES
26,,CROPS,ALL PRODUCTION PRACTICES,2012-01-01 00:00:00.000,,,00,,CROP TOTALS,"SALES: (LESS THAN 50,000 $)",02857,CROP TOTALS - OPERATIONS WITH SALES,2007,,ALL CLASSES,00,ANNUAL,,ALL UTILIZATION PRACTICES,RI,44,,,00000000,,OPERATIONS,RHODE ISLAND,SALES,,ZIP CODE,YEAR,CROP TOTALS,02857,9000,CENSUS,SALES,44,UNITED STATES
8,,CROPS,ALL PRODUCTION PRACTICES,2024-11-07 12:00:00.000,,,00,,CROP TOTALS,"SALES: (LESS THAN 50,000 $)",02859,CROP TOTALS - OPERATIONS WITH SALES,2022,,ALL CLASSES,00,ANNUAL,,ALL UTILIZATION PRACTICES,RI,44,,,00000000,,OPERATIONS,RHODE ISLAND,SALES,,ZIP CODE,YEAR,CROP TOTALS,02859,9000,CENSUS,SALES,44,UNITED STATES
5,,CROPS,ALL PRODUCTION PRACTICES,2018-02-01 12:00:00.000,,,00,,CROP TOTALS,"SALES: (LESS THAN 50,000 $)",02859,CROP TOTALS - OPERATIONS WITH SALES,2017,,ALL CLASSES,00,ANNUAL,,ALL UTILIZATION PRACTICES,RI,44,,,00000000,,OPERATIONS,RHODE ISLAND,SALES,,ZIP CODE,YEAR,CROP TOTALS,02859,9000,CENSUS,SALES,44,UNITED STATES
9,,CROPS,ALL PRODUCTION PRACTICES,2012-01-01 00:00:00.000,,,00,,CROP TOTALS,"SALES: (LESS THAN 50,000 $)",02859,CROP TOTALS - OPERATIONS WITH SALES,2007,,ALL CLASSES,00,ANNUAL,,ALL UTILIZATION PRACTICES,RI,44,,,00000000,,OPERATIONS,RHODE ISLAND,SALES,,ZIP CODE,YEAR,CROP TOTALS,02859,9000,CENSUS,SALES,44,UNITED STATES
2,,CROPS,ALL PRODUCTION PRACTICES,2024-11-07 12:00:00.000,,,00,,CROP TOTALS,"SALES: (LESS THAN 50,000 $)",02860,CROP TOTALS - OPERATIONS WITH SALES,2022,,ALL CLASSES,00,ANNUAL,,ALL UTILIZATION PRACTICES,RI,44,,,00000000,,OPERATIONS,RHODE ISLAND,SALES,,ZIP CODE,YEAR,CROP TOTALS,02860,9000,CENSUS,SALES,44,UNITED STATES
11,,CROPS,ALL PRODUCTION PRACTICES,2024-11-07 12:00:00.000,,,00,,CROP TOTALS,"SALES: (LESS THAN 50,000 $)",02864,CROP TOTALS - OPERATIONS WITH SALES,2022,,ALL CLASSES,00,ANNUAL,,ALL UTILIZATION PRACTICES,RI,44,,,00000000,,OPERATIONS,RHODE ISLAND,SALES,,ZIP CODE,YEAR,CROP TOTALS,02864,9000,CENSUS,SALES,44,UNITED STATES
19,,CROPS,ALL PRODUCTION PRACTICES,2018-02-01 12:00:00.000,,,00,,CROP TOTALS,"SALES: (LESS THAN 50,000 $)",02864,CROP TOTALS - OPERATIONS WITH SALES,2017,,ALL CLASSES,00,ANNUAL,,ALL UTILIZATION PRACTICES,RI,44,,,00000000,,OPERATIONS,RHODE ISLAND,SALES,,ZIP CODE,YEAR,CROP TOTALS,02864,9000,CENSUS,SALES,44,UNITED STATES
19,,CROPS,ALL PRODUCTION PRACTICES,2012-01-01 00:00:00.000,,,00,,CROP TOTALS,"SALES: (LESS THAN 50,000 $)",02864,CROP TOTALS - OPERATIONS WITH SALES,2007,,ALL CLASSES,00,ANNUAL,,ALL UTILIZATION PRACTICES,RI,44,,,00000000,,OPERATIONS,RHODE ISLAND,SALES,,ZIP CODE,YEAR,CROP TOTALS,02864,9000,CENSUS,SALES,44,UNITED STATES
9,,CROPS,ALL PRODUCTION PRACTICES,2024-11-07 12:00:00.000,,,00,,CROP TOTALS,"SALES: (LESS THAN 50,000 $)",02865,CROP TOTALS - OPERATIONS WITH SALES,2022,,ALL CLASSES,00,ANNUAL,,ALL UTILIZATION PRACTICES,RI,44,,,00000000,,OPERATIONS,RHODE ISLAND,SALES,,ZIP CODE,YEAR,CROP TOTALS,02865,9000,CENSUS,SALES,44,UNITED STATES
2,,CROPS,ALL PRODUCTION PRACTICES,2018-02-01 12:00:00.000,,,00,,CROP TOTALS,"SALES: (LESS THAN 50,000 $)",02865,CROP TOTALS - OPERATIONS WITH SALES,2017,,ALL CLASSES,00,ANNUAL,,ALL UTILIZATION PRACTICES,RI,44,,,00000000,,OPERATIONS,RHODE ISLAND,SALES,,ZIP CODE,YEAR,CROP TOTALS,02865,9000,CENSUS,SALES,44,UNITED STATES
8,,CROPS,ALL PRODUCTION PRACTICES,2012-01-01 00:00:00.000,,,00,,CROP TOTALS,"SALES: (LESS THAN 50,000 $)",02865,CROP TOTALS - OPERATIONS WITH SALES,2007,,ALL CLASSES,00,ANNUAL,,ALL UTILIZATION PRACTICES,RI,44,,,00000000,,OPERATIONS,RHODE ISLAND,SALES,,ZIP CODE,YEAR,CROP TOTALS,02865,9000,CENSUS,SALES,44,UNITED STATES
21,,CROPS,ALL PRODUCTION PRACTICES,2024-11-07 12:00:00.000,,,00,,CROP TOTALS,"SALES: (LESS THAN 50,000 $)",02871,CROP TOTALS - OPERATIONS WITH SALES,2022,,ALL CLASSES,00,ANNUAL,,ALL UTILIZATION PRACTICES,RI,44,,,00000000,,OPERATIONS,RHODE ISLAND,SALES,,ZIP CODE,YEAR,CROP TOTALS,02871,9000,CENSUS,SALES,44,UNITED STATES
4,,CROPS,ALL PRODUCTION PRACTICES,2018-02-01 12:00:00.000,,,00,,CROP TOTALS,"SALES: (LESS THAN 50,000 $)",02871,CROP TOTALS - OPERATIONS WITH SALES,2017,,ALL CLASSES,00,ANNUAL,,ALL UTILIZATION PRACTICES,RI,44,,,00000000,,OPERATIONS,RHODE ISLAND,SALES,,ZIP CODE,YEAR,CROP TOTALS,02871,9000,CENSUS,SALES,44,UNITED STATES
14,,CROPS,ALL PRODUCTION PRACTICES,2012-01-01 00:00:00.000,,,00,,CROP TOTALS,"SALES: (LESS THAN 50,000 $)",02871,CROP TOTALS - OPERATIONS WITH SALES,2007,,ALL CLASSES,00,ANNUAL,,ALL UTILIZATION PRACTICES,RI,44,,,00000000,,OPERATIONS,RHODE ISLAND,SALES,,ZIP CODE,YEAR,CROP TOTALS,02871,9000,CENSUS,SALES,44,UNITED STATES
1,,CROPS,ALL PRODUCTION PRACTICES,2024-11-07 12:00:00.000,,,00,,CROP TOTALS,"SALES: (LESS THAN 50,000 $)",02872,CROP TOTALS - OPERATIONS WITH SALES,2022,,ALL CLASSES,00,ANNUAL,,ALL UTILIZATION PRACTICES,RI,44,,,00000000,,OPERATIONS,RHODE ISLAND,SALES,,ZIP CODE,YEAR,CROP TOTALS,02872,9000,CENSUS,SALES,44,UNITED STATES
1,,CROPS,ALL PRODUCTION PRACTICES,2018-02-01 12:00:00.000,,,00,,CROP TOTALS,"SALES: (LESS THAN 50,000 $)",02873,CROP TOTALS - OPERATIONS WITH SALES,2017,,ALL CLASSES,00,ANNUAL,,ALL UTILIZATION PRACTICES,RI,44,,,00000000,,OPERATIONS,RHODE ISLAND,SALES,,ZIP CODE,YEAR,CROP TOTALS,02873,9000,CENSUS,SALES,44,UNITED STATES
1,,CROPS,ALL PRODUCTION PRACTICES,2012-01-01 00:00:00.000,,,00,,CROP TOTALS,"SALES: (LESS THAN 50,000 $)",02873,CROP TOTALS - OPERATIONS WITH SALES,2007,,ALL CLASSES,00,ANNUAL,,ALL UTILIZATION PRACTICES,RI,44,,,00000000,,OPERATIONS,RHODE ISLAND,SALES,,ZIP CODE,YEAR,CROP TOTALS,02873,9000,CENSUS,SALES,44,UNITED STATES
6,,CROPS,ALL PRODUCTION PRACTICES,2024-11-07 12:00:00.000,,,00,,CROP TOTALS,"SALES: (LESS THAN 50,000 $)",02874,CROP TOTALS - OPERATIONS WITH SALES,2022,,ALL CLASSES,00,ANNUAL,,ALL UTILIZATION PRACTICES,RI,44,,,00000000,,OPERATIONS,RHODE ISLAND,SALES,,ZIP CODE,YEAR,CROP TOTALS,02874,9000,CENSUS,SALES,44,UNITED STATES
3,,CROPS,ALL PRODUCTION PRACTICES,2018-02-01 12:00:00.000,,,00,,CROP TOTALS,"SALES: (LESS THAN 50,000 $)",02874,CROP TOTALS - OPERATIONS WITH SALES,2017,,ALL CLASSES,00,ANNUAL,,ALL UTILIZATION PRACTICES,RI,44,,,00000000,,OPERATIONS,RHODE ISLAND,SALES,,ZIP CODE,YEAR,CROP TOTALS,02874,9000,CENSUS,SALES,44,UNITED STATES
2,,CROPS,ALL PRODUCTION PRACTICES,2012-01-01 00:00:00.000,,,00,,CROP TOTALS,"SALES: (LESS THAN 50,000 $)",02874,CROP TOTALS - OPERATIONS WITH SALES,2007,,ALL CLASSES,00,ANNUAL,,ALL UTILIZATION PRACTICES,RI,44,,,00000000,,OPERATIONS,RHODE ISLAND,SALES,,ZIP CODE,YEAR,CROP TOTALS,02874,9000,CENSUS,SALES,44,UNITED STATES
1,,CROPS,ALL PRODUCTION PRACTICES,2024-11-07 12:00:00.000,,,00,,CROP TOTALS,"SALES: (LESS THAN 50,000 $)",02875,CROP TOTALS - OPERATIONS WITH SALES,2022,,ALL CLASSES,00,ANNUAL,,ALL UTILIZATION PRACTICES,RI,44,,,00000000,,OPERATIONS,RHODE ISLAND,SALES,,ZIP CODE,YEAR,CROP TOTALS,02875,9000,CENSUS,SALES,44,UNITED STATES
3,,CROPS,ALL PRODUCTION PRACTICES,2012-01-01 00:00:00.000,,,00,,CROP TOTALS,"SALES: (LESS THAN 50,000 $)",02875,CROP TOTALS - OPERATIONS WITH SALES,2007,,ALL CLASSES,00,ANNUAL,,ALL UTILIZATION PRACTICES,RI,44,,,00000000,,OPERATIONS,RHODE ISLAND,SALES,,ZIP CODE,YEAR,CROP TOTALS,02875,9000,CENSUS,SALES,44,UNITED STATES
2,,CROPS,ALL PRODUCTION PRACTICES,2024-11-07 12:00:00.000,,,00,,CROP TOTALS,"SALES: (LESS THAN 50,000 $)",02876,CROP TOTALS - OPERATIONS WITH SALES,2022,,ALL CLASSES,00,ANNUAL,,ALL UTILIZATION PRACTICES,RI,44,,,00000000,,OPERATIONS,RHODE ISLAND,SALES,,ZIP CODE,YEAR,CROP TOTALS,02876,9000,CENSUS,SALES,44,UNITED STATES
3,,CROPS,ALL PRODUCTION PRACTICES,2018-02-01 12:00:00.000,,,00,,CROP TOTALS,"SALES: (LESS THAN 50,000 $)",02876,CROP TOTALS - OPERATIONS WITH SALES,2017,,ALL CLASSES,00,ANNUAL,,ALL UTILIZATION PRACTICES,RI,44,,,00000000,,OPERATIONS,RHODE ISLAND,SALES,,ZIP CODE,YEAR,CROP TOTALS,02876,9000,CENSUS,SALES,44,UNITED STATES
2,,CROPS,ALL PRODUCTION PRACTICES,2012-01-01 00:00:00.000,,,00,,CROP TOTALS,"SALES: (LESS THAN 50,000 $)",02876,CROP TOTALS - OPERATIONS WITH SALES,2007,,ALL CLASSES,00,ANNUAL,,ALL UTILIZATION PRACTICES,RI,44,,,00000000,,OPERATIONS,RHODE ISLAND,SALES,,ZIP CODE,YEAR,CROP TOTALS,02876,9000,CENSUS,SALES,44,UNITED STATES
56,,CROPS,ALL PRODUCTION PRACTICES,2024-11-07 12:00:00.000,,,00,,CROP TOTALS,"SALES: (LESS THAN 50,000 $)",02878,CROP TOTALS - OPERATIONS WITH SALES,2022,,ALL CLASSES,00,ANNUAL,,ALL UTILIZATION PRACTICES,RI,44,,,00000000,,OPERATIONS,RHODE ISLAND,SALES,,ZIP CODE,YEAR,CROP TOTALS,02878,9000,CENSUS,SALES,44,UNITED STATES
34,,CROPS,ALL PRODUCTION PRACTICES,2018-02-01 12:00:00.000,,,00,,CROP TOTALS,"SALES: (LESS THAN 50,000 $)",02878,CROP TOTALS - OPERATIONS WITH SALES,2017,,ALL CLASSES,00,ANNUAL,,ALL UTILIZATION PRACTICES,RI,44,,,00000000,,OPERATIONS,RHODE ISLAND,SALES,,ZIP CODE,YEAR,CROP TOTALS,02878,9000,CENSUS,SALES,44,UNITED STATES
29,,CROPS,ALL PRODUCTION PRACTICES,2012-01-01 00:00:00.000,,,00,,CROP TOTALS,"SALES: (LESS THAN 50,000 $)",02878,CROP TOTALS - OPERATIONS WITH SALES,2007,,ALL CLASSES,00,ANNUAL,,ALL UTILIZATION PRACTICES,RI,44,,,00000000,,OPERATIONS,RHODE ISLAND,SALES,,ZIP CODE,YEAR,CROP TOTALS,02878,9000,CENSUS,SALES,44,UNITED STATES
13,,CROPS,ALL PRODUCTION PRACTICES,2024-11-07 12:00:00.000,,,00,,CROP TOTALS,"SALES: (LESS THAN 50,000 $)",02879,CROP TOTALS - OPERATIONS WITH SALES,2022,,ALL CLASSES,00,ANNUAL,,ALL UTILIZATION PRACTICES,RI,44,,,00000000,,OPERATIONS,RHODE ISLAND,SALES,,ZIP CODE,YEAR,CROP TOTALS,02879,9000,CENSUS,SALES,44,UNITED STATES
20,,CROPS,ALL PRODUCTION PRACTICES,2018-02-01 12:00:00.000,,,00,,CROP TOTALS,"SALES: (LESS THAN 50,000 $)",02879,CROP TOTALS - OPERATIONS WITH SALES,2017,,ALL CLASSES,00,ANNUAL,,ALL UTILIZATION PRACTICES,RI,44,,,00000000,,OPERATIONS,RHODE ISLAND,SALES,,ZIP CODE,YEAR,CROP TOTALS,02879,9000,CENSUS,SALES,44,UNITED STATES
26,,CROPS,ALL PRODUCTION PRACTICES,2012-01-01 00:00:00.000,,,00,,CROP TOTALS,"SALES: (LESS THAN 50,000 $)",02879,CROP TOTALS - OPERATIONS WITH SALES,2007,,ALL CLASSES,00,ANNUAL,,ALL UTILIZATION PRACTICES,RI,44,,,00000000,,OPERATIONS,RHODE ISLAND,SALES,,ZIP CODE,YEAR,CROP TOTALS,02879,9000,CENSUS,SALES,44,UNITED STATES
3,,CROPS,ALL PRODUCTION PRACTICES,2024-11-07 12:00:00.000,,,00,,CROP TOTALS,"SALES: (LESS THAN 50,000 $)",02880,CROP TOTALS - OPERATIONS WITH SALES,2022,,ALL CLASSES,00,ANNUAL,,ALL UTILIZATION PRACTICES,RI,44,,,00000000,,OPERATIONS,RHODE ISLAND,SALES,,ZIP CODE,YEAR,CROP TOTALS,02880,9000,CENSUS,SALES,44,UNITED STATES
2,,CROPS,ALL PRODUCTION PRACTICES,2012-01-01 00:00:00.000,,,00,,CROP TOTALS,"SALES: (LESS THAN 50,000 $)",02880,CROP TOTALS - OPERATIONS WITH SALES,2007,,ALL CLASSES,00,ANNUAL,,ALL UTILIZATION PRACTICES,RI,44,,,00000000,,OPERATIONS,RHODE ISLAND,SALES,,ZIP CODE,YEAR,CROP TOTALS,02880,9000,CENSUS,SALES,44,UNITED STATES
1,,CROPS,ALL PRODUCTION PRACTICES,2024-11-07 12:00:00.000,,,00,,CROP TOTALS,"SALES: (LESS THAN 50,000 $)",02881,CROP TOTALS - OPERATIONS WITH SALES,2022,,ALL CLASSES,00,ANNUAL,,ALL UTILIZATION PRACTICES,RI,44,,,00000000,,OPERATIONS,RHODE ISLAND,SALES,,ZIP CODE,YEAR,CROP TOTALS,02881,9000,CENSUS,SALES,44,UNITED STATES
2,,CROPS,ALL PRODUCTION PRACTICES,2018-02-01 12:00:00.000,,,00,,CROP TOTALS,"SALES: (LESS THAN 50,000 $)",02881,CROP TOTALS - OPERATIONS WITH SALES,2017,,ALL CLASSES,00,ANNUAL,,ALL UTILIZATION PRACTICES,RI,44,,,00000000,,OPERATIONS,RHODE ISLAND,SALES,,ZIP CODE,YEAR,CROP TOTALS,02881,9000,CENSUS,SALES,44,UNITED STATES
4,,CROPS,ALL PRODUCTION PRACTICES,2012-01-01 00:00:00.000,,,00,,CROP TOTALS,"SALES: (LESS THAN 50,000 $)",02881,CROP TOTALS - OPERATIONS WITH SALES,2007,,ALL CLASSES,00,ANNUAL,,ALL UTILIZATION PRACTICES,RI,44,,,00000000,,OPERATIONS,RHODE ISLAND,SALES,,ZIP CODE,YEAR,CROP TOTALS,02881,9000,CENSUS,SALES,44,UNITED STATES
4,,CROPS,ALL PRODUCTION PRACTICES,2024-11-07 12:00:00.000,,,00,,CROP TOTALS,"SALES: (LESS THAN 50,000 $)",02882,CROP TOTALS - OPERATIONS WITH SALES,2022,,ALL CLASSES,00,ANNUAL,,ALL UTILIZATION PRACTICES,RI,44,,,00000000,,OPERATIONS,RHODE ISLAND,SALES,,ZIP CODE,YEAR,CROP TOTALS,02882,9000,CENSUS,SALES,44,UNITED STATES
2,,CROPS,ALL PRODUCTION PRACTICES,2018-02-01 12:00:00.000,,,00,,CROP TOTALS,"SALES: (LESS THAN 50,000 $)",02882,CROP TOTALS - OPERATIONS WITH SALES,2017,,ALL CLASSES,00,ANNUAL,,ALL UTILIZATION PRACTICES,RI,44,,,00000000,,OPERATIONS,RHODE ISLAND,SALES,,ZIP CODE,YEAR,CROP TOTALS,02882,9000,CENSUS,SALES,44,UNITED STATES
1,,CROPS,ALL PRODUCTION PRACTICES,2012-01-01 00:00:00.000,,,00,,CROP TOTALS,"SALES: (LESS THAN 50,000 $)",02882,CROP TOTALS - OPERATIONS WITH SALES,2007,,ALL CLASSES,00,ANNUAL,,ALL UTILIZATION PRACTICES,RI,44,,,00000000,,OPERATIONS,RHODE ISLAND,SALES,,ZIP CODE,YEAR,CROP TOTALS,02882,9000,CENSUS,SALES,44,UNITED STATES
3,,CROPS,ALL PRODUCTION PRACTICES,2024-11-07 12:00:00.000,,,00,,CROP TOTALS,"SALES: (LESS THAN 50,000 $)",02885,CROP TOTALS - OPERATIONS WITH SALES,2022,,ALL CLASSES,00,ANNUAL,,ALL UTILIZATION PRACTICES,RI,44,,,00000000,,OPERATIONS,RHODE ISLAND,SALES,,ZIP CODE,YEAR,CROP TOTALS,02885,9000,CENSUS,SALES,44,UNITED STATES
11,,CROPS,ALL PRODUCTION PRACTICES,2018-02-01 12:00:00.000,,,00,,CROP TOTALS,"SALES: (LESS THAN 50,000 $)",02885,CROP TOTALS - OPERATIONS WITH SALES,2017,,ALL CLASSES,00,ANNUAL,,ALL UTILIZATION PRACTICES,RI,44,,,00000000,,OPERATIONS,RHODE ISLAND,SALES,,ZIP CODE,YEAR,CROP TOTALS,02885,9000,CENSUS,SALES,44,UNITED STATES
15,,CROPS,ALL PRODUCTION PRACTICES,2012-01-01 00:00:00.000,,,00,,CROP TOTALS,"SALES: (LESS THAN 50,000 $)",02885,CROP TOTALS - OPERATIONS WITH SALES,2007,,ALL CLASSES,00,ANNUAL,,ALL UTILIZATION PRACTICES,RI,44,,,00000000,,OPERATIONS,RHODE ISLAND,SALES,,ZIP CODE,YEAR,CROP TOTALS,02885,9000,CENSUS,SALES,44,UNITED STATES
10,,CROPS,ALL PRODUCTION PRACTICES,2024-11-07 12:00:00.000,,,00,,CROP TOTALS,"SALES: (LESS THAN 50,000 $)",02886,CROP TOTALS - OPERATIONS WITH SALES,2022,,ALL CLASSES,00,ANNUAL,,ALL UTILIZATION PRACTICES,RI,44,,,00000000,,OPERATIONS,RHODE ISLAND,SALES,,ZIP CODE,YEAR,CROP TOTALS,02886,9000,CENSUS,SALES,44,UNITED STATES
1,,CROPS,ALL PRODUCTION PRACTICES,2018-02-01 12:00:00.000,,,00,,CROP TOTALS,"SALES: (LESS THAN 50,000 $)",02886,CROP TOTALS - OPERATIONS WITH SALES,2017,,ALL CLASSES,00,ANNUAL,,ALL UTILIZATION PRACTICES,RI,44,,,00000000,,OPERATIONS,RHODE ISLAND,SALES,,ZIP CODE,YEAR,CROP TOTALS,02886,9000,CENSUS,SALES,44,UNITED STATES
2,,CROPS,ALL PRODUCTION PRACTICES,2012-01-01 00:00:00.000,,,00,,CROP TOTALS,"SALES: (LESS THAN 50,000 $)",02886,CROP TOTALS - OPERATIONS WITH SALES,2007,,ALL CLASSES,00,ANNUAL,,ALL UTILIZATION PRACTICES,RI,44,,,00000000,,OPERATIONS,RHODE ISLAND,SALES,,ZIP CODE,YEAR,CROP TOTALS,02886,9000,CENSUS,SALES,44,UNITED STATES
3,,CROPS,ALL PRODUCTION PRACTICES,2012-01-01 00:00:00.000,,,00,,CROP TOTALS,"SALES: (LESS THAN 50,000 $)",02888,CROP TOTALS - OPERATIONS WITH SALES,2007,,ALL CLASSES,00,ANNUAL,,ALL UTILIZATION PRACTICES,RI,44,,,00000000,,OPERATIONS,RHODE ISLAND,SALES,,ZIP CODE,YEAR,CROP TOTALS,02888,9000,CENSUS,SALES,44,UNITED STATES
5,,CROPS,ALL PRODUCTION PRACTICES,2024-11-07 12:00:00.000,,,00,,CROP TOTALS,"SALES: (LESS THAN 50,000 $)",02889,CROP TOTALS - OPERATIONS WITH SALES,2022,,ALL CLASSES,00,ANNUAL,,ALL UTILIZATION PRACTICES,RI,44,,,00000000,,OPERATIONS,RHODE ISLAND,SALES,,ZIP CODE,YEAR,CROP TOTALS,02889,9000,CENSUS,SALES,44,UNITED STATES
5,,CROPS,ALL PRODUCTION PRACTICES,2018-02-01 12:00:00.000,,,00,,CROP TOTALS,"SALES: (LESS THAN 50,000 $)",02889,CROP TOTALS - OPERATIONS WITH SALES,2017,,ALL CLASSES,00,ANNUAL,,ALL UTILIZATION PRACTICES,RI,44,,,00000000,,OPERATIONS,RHODE ISLAND,SALES,,ZIP CODE,YEAR,CROP TOTALS,02889,9000,CENSUS,SALES,44,UNITED STATES
4,,CROPS,ALL PRODUCTION PRACTICES,2012-01-01 00:00:00.000,,,00,,CROP TOTALS,"SALES: (LESS THAN 50,000 $)",02889,CROP TOTALS - OPERATIONS WITH SALES,2007,,ALL CLASSES,00,ANNUAL,,ALL UTILIZATION PRACTICES,RI,44,,,00000000,,OPERATIONS,RHODE ISLAND,SALES,,ZIP CODE,YEAR,CROP TOTALS,02889,9000,CENSUS,SALES,44,UNITED STATES
4,,CROPS,ALL PRODUCTION PRACTICES,2024-11-07 12:00:00.000,,,00,,CROP TOTALS,"SALES: (LESS THAN 50,000 $)",02891,CROP TOTALS - OPERATIONS WITH SALES,2022,,ALL CLASSES,00,ANNUAL,,ALL UTILIZATION PRACTICES,RI,44,,,00000000,,OPERATIONS,RHODE ISLAND,SALES,,ZIP CODE,YEAR,CROP TOTALS,02891,9000,CENSUS,SALES,44,UNITED STATES
6,,CROPS,ALL PRODUCTION PRACTICES,2018-02-01 12:00:00.000,,,00,,CROP TOTALS,"SALES: (LESS THAN 50,000 $)",02891,CROP TOTALS - OPERATIONS WITH SALES,2017,,ALL CLASSES,00,ANNUAL,,ALL UTILIZATION PRACTICES,RI,44,,,00000000,,OPERATIONS,RHODE ISLAND,SALES,,ZIP CODE,YEAR,CROP TOTALS,02891,9000,CENSUS,SALES,44,UNITED STATES
8,,CROPS,ALL PRODUCTION PRACTICES,2012-01-01 00:00:00.000,,,00,,CROP TOTALS,"SALES: (LESS THAN 50,000 $)",02891,CROP TOTALS - OPERATIONS WITH SALES,2007,,ALL CLASSES,00,ANNUAL,,ALL UTILIZATION PRACTICES,RI,44,,,00000000,,OPERATIONS,RHODE ISLAND,SALES,,ZIP CODE,YEAR,CROP TOTALS,02891,9000,CENSUS,SALES,44,UNITED STATES
16,,CROPS,ALL PRODUCTION PRACTICES,2024-11-07 12:00:00.000,,,00,,CROP TOTALS,"SALES: (LESS THAN 50,000 $)",02892,CROP TOTALS - OPERATIONS WITH SALES,2022,,ALL CLASSES,00,ANNUAL,,ALL UTILIZATION PRACTICES,RI,44,,,00000000,,OPERATIONS,RHODE ISLAND,SALES,,ZIP CODE,YEAR,CROP TOTALS,02892,9000,CENSUS,SALES,44,UNITED STATES
9,,CROPS,ALL PRODUCTION PRACTICES,2018-02-01 12:00:00.000,,,00,,CROP TOTALS,"SALES: (LESS THAN 50,000 $)",02892,CROP TOTALS - OPERATIONS WITH SALES,2017,,ALL CLASSES,00,ANNUAL,,ALL UTILIZATION PRACTICES,RI,44,,,00000000,,OPERATIONS,RHODE ISLAND,SALES,,ZIP CODE,YEAR,CROP TOTALS,02892,9000,CENSUS,SALES,44,UNITED STATES
16,,CROPS,ALL PRODUCTION PRACTICES,2012-01-01 00:00:00.000,,,00,,CROP TOTALS,"SALES: (LESS THAN 50,000 $)",02892,CROP TOTALS - OPERATIONS WITH SALES,2007,,ALL CLASSES,00,ANNUAL,,ALL UTILIZATION PRACTICES,RI,44,,,00000000,,OPERATIONS,RHODE ISLAND,SALES,,ZIP CODE,YEAR,CROP TOTALS,02892,9000,CENSUS,SALES,44,UNITED STATES
1,,CROPS,ALL PRODUCTION PRACTICES,2012-01-01 00:00:00.000,,,00,,CROP TOTALS,"SALES: (LESS THAN 50,000 $)",02894,CROP TOTALS - OPERATIONS WITH SALES,2007,,ALL CLASSES,00,ANNUAL,,ALL UTILIZATION PRACTICES,RI,44,,,00000000,,OPERATIONS,RHODE ISLAND,SALES,,ZIP CODE,YEAR,CROP TOTALS,02894,9000,CENSUS,SALES,44,UNITED STATES
2,,CROPS,ALL PRODUCTION PRACTICES,2012-01-01 00:00:00.000,,,00,,CROP TOTALS,"SALES: (LESS THAN 50,000 $)",02895,CROP TOTALS - OPERATIONS WITH SALES,2007,,ALL CLASSES,00,ANNUAL,,ALL UTILIZATION PRACTICES,RI,44,,,00000000,,OPERATIONS,RHODE ISLAND,SALES,,ZIP CODE,YEAR,CROP TOTALS,02895,9000,CENSUS,SALES,44,UNITED STATES
9,,CROPS,ALL PRODUCTION PRACTICES,2024-11-07 12:00:00.000,,,00,,CROP TOTALS,"SALES: (LESS THAN 50,000 $)",02896,CROP TOTALS - OPERATIONS WITH SALES,2022,,ALL CLASSES,00,ANNUAL,,ALL UTILIZATION PRACTICES,RI,44,,,00000000,,OPERATIONS,RHODE ISLAND,SALES,,ZIP CODE,YEAR,CROP TOTALS,02896,9000,CENSUS,SALES,44,UNITED STATES
4,,CROPS,ALL PRODUCTION PRACTICES,2018-02-01 12:00:00.000,,,00,,CROP TOTALS,"SALES: (LESS THAN 50,000 $)",02896,CROP TOTALS - OPERATIONS WITH SALES,2017,,ALL CLASSES,00,ANNUAL,,ALL UTILIZATION PRACTICES,RI,44,,,00000000,,OPERATIONS,RHODE ISLAND,SALES,,ZIP CODE,YEAR,CROP TOTALS,02896,9000,CENSUS,SALES,44,UNITED STATES
4,,CROPS,ALL PRODUCTION PRACTICES,2012-01-01 00:00:00.000,,,00,,CROP TOTALS,"SALES: (LESS THAN 50,000 $)",02896,CROP TOTALS - OPERATIONS WITH SALES,2007,,ALL CLASSES,00,ANNUAL,,ALL UTILIZATION PRACTICES,RI,44,,,00000000,,OPERATIONS,RHODE ISLAND,SALES,,ZIP CODE,YEAR,CROP TOTALS,02896,9000,CENSUS,SALES,44,UNITED STATES
3,,CROPS,ALL PRODUCTION PRACTICES,2024-11-07 12:00:00.000,,,00,,CROP TOTALS,"SALES: (LESS THAN 50,000 $)",02898,CROP TOTALS - OPERATIONS WITH SALES,2022,,ALL CLASSES,00,ANNUAL,,ALL UTILIZATION PRACTICES,RI,44,,,00000000,,OPERATIONS,RHODE ISLAND,SALES,,ZIP CODE,YEAR,CROP TOTALS,02898,9000,CENSUS,SALES,44,UNITED STATES
1,,CROPS,ALL PRODUCTION PRACTICES,2018-02-01 12:00:00.000,,,00,,CROP TOTALS,"SALES: (LESS THAN 50,000 $)",02898,CROP TOTALS - OPERATIONS WITH SALES,2017,,ALL CLASSES,00,ANNUAL,,ALL UTILIZATION PRACTICES,RI,44,,,00000000,,OPERATIONS,RHODE ISLAND,SALES,,ZIP CODE,YEAR,CROP TOTALS,02898,9000,CENSUS,SALES,44,UNITED STATES
2,,CROPS,ALL PRODUCTION PRACTICES,2012-01-01 00:00:00.000,,,00,,CROP TOTALS,"SALES: (LESS THAN 50,000 $)",02898,CROP TOTALS - OPERATIONS WITH SALES,2007,,ALL CLASSES,00,ANNUAL,,ALL UTILIZATION PRACTICES,RI,44,,,00000000,,OPERATIONS,RHODE ISLAND,SALES,,ZIP CODE,YEAR,CROP TOTALS,02898,9000,CENSUS,SALES,44,UNITED STATES
11,,CROPS,ALL PRODUCTION PRACTICES,2018-02-01 12:00:00.000,,,00,,CROP TOTALS,"SALES: (LESS THAN 50,000 $)",02901,CROP TOTALS - OPERATIONS WITH SALES,2017,,ALL CLASSES,00,ANNUAL,,ALL UTILIZATION PRACTICES,RI,44,,,00000000,,OPERATIONS,RHODE ISLAND,SALES,,ZIP CODE,YEAR,CROP TOTALS,02901,9000,CENSUS,SALES,44,UNITED STATES
3,,CROPS,ALL PRODUCTION PRACTICES,2012-01-01 00:00:00.000,,,00,,CROP TOTALS,"SALES: (LESS THAN 50,000 $)",02903,CROP TOTALS - OPERATIONS WITH SALES,2007,,ALL CLASSES,00,ANNUAL,,ALL UTILIZATION PRACTICES,RI,44,,,00000000,,OPERATIONS,RHODE ISLAND,SALES,,ZIP CODE,YEAR,CROP TOTALS,02903,9000,CENSUS,SALES,44,UNITED STATES
7,,CROPS,ALL PRODUCTION PRACTICES,2024-11-07 12:00:00.000,,,00,,CROP TOTALS,"SALES: (LESS THAN 50,000 $)",02904,CROP TOTALS - OPERATIONS WITH SALES,2022,,ALL CLASSES,00,ANNUAL,,ALL UTILIZATION PRACTICES,RI,44,,,00000000,,OPERATIONS,RHODE ISLAND,SALES,,ZIP CODE,YEAR,CROP TOTALS,02904,9000,CENSUS,SALES,44,UNITED STATES
6,,CROPS,ALL PRODUCTION PRACTICES,2018-02-01 12:00:00.000,,,00,,CROP TOTALS,"SALES: (LESS THAN 50,000 $)",02904,CROP TOTALS - OPERATIONS WITH SALES,2017,,ALL CLASSES,00,ANNUAL,,ALL UTILIZATION PRACTICES,RI,44,,,00000000,,OPERATIONS,RHODE ISLAND,SALES,,ZIP CODE,YEAR,CROP TOTALS,02904,9000,CENSUS,SALES,44,UNITED STATES
1,,CROPS,ALL PRODUCTION PRACTICES,2012-01-01 00:00:00.000,,,00,,CROP TOTALS,"SALES: (LESS THAN 50,000 $)",02904,CROP TOTALS - OPERATIONS WITH SALES,2007,,ALL CLASSES,00,ANNUAL,,ALL UTILIZATION PRACTICES,RI,44,,,00000000,,OPERATIONS,RHODE ISLAND,SALES,,ZIP CODE,YEAR,CROP TOTALS,02904,9000,CENSUS,SALES,44,UNITED STATES
3,,CROPS,ALL PRODUCTION PRACTICES,2018-02-01 12:00:00.000,,,00,,CROP TOTALS,"SALES: (LESS THAN 50,000 $)",02905,CROP TOTALS - OPERATIONS WITH SALES,2017,,ALL CLASSES,00,ANNUAL,,ALL UTILIZATION PRACTICES,RI,44,,,00000000,,OPERATIONS,RHODE ISLAND,SALES,,ZIP CODE,YEAR,CROP TOTALS,02905,9000,CENSUS,SALES,44,UNITED STATES
2,,CROPS,ALL PRODUCTION PRACTICES,2012-01-01 00:00:00.000,,,00,,CROP TOTALS,"SALES: (LESS THAN 50,000 $)",02905,CROP TOTALS - OPERATIONS WITH SALES,2007,,ALL CLASSES,00,ANNUAL,,ALL UTILIZATION PRACTICES,RI,44,,,00000000,,OPERATIONS,RHODE ISLAND,SALES,,ZIP CODE,YEAR,CROP TOTALS,02905,9000,CENSUS,SALES,44,UNITED STATES
1,,CROPS,ALL PRODUCTION PRACTICES,2024-11-07 12:00:00.000,,,00,,CROP TOTALS,"SALES: (LESS THAN 50,000 $)",02906,CROP TOTALS - OPERATIONS WITH SALES,2022,,ALL CLASSES,00,ANNUAL,,ALL UTILIZATION PRACTICES,RI,44,,,00000000,,OPERATIONS,RHODE ISLAND,SALES,,ZIP CODE,YEAR,CROP TOTALS,02906,9000,CENSUS,SALES,44,UNITED STATES
11,,CROPS,ALL PRODUCTION PRACTICES,2024-11-07 12:00:00.000,,,00,,CROP TOTALS,"SALES: (LESS THAN 50,000 $)",02907,CROP TOTALS - OPERATIONS WITH SALES,2022,,ALL CLASSES,00,ANNUAL,,ALL UTILIZATION PRACTICES,RI,44,,,00000000,,OPERATIONS,RHODE ISLAND,SALES,,ZIP CODE,YEAR,CROP TOTALS,02907,9000,CENSUS,SALES,44,UNITED STATES
5,,CROPS,ALL PRODUCTION PRACTICES,2018-02-01 12:00:00.000,,,00,,CROP TOTALS,"SALES: (LESS THAN 50,000 $)",02907,CROP TOTALS - OPERATIONS WITH SALES,2017,,ALL CLASSES,00,ANNUAL,,ALL UTILIZATION PRACTICES,RI,44,,,00000000,,OPERATIONS,RHODE ISLAND,SALES,,ZIP CODE,YEAR,CROP TOTALS,02907,9000,CENSUS,SALES,44,UNITED STATES
5,,CROPS,ALL PRODUCTION PRACTICES,2012-01-01 00:00:00.000,,,00,,CROP TOTALS,"SALES: (LESS THAN 50,000 $)",02907,CROP TOTALS - OPERATIONS WITH SALES,2007,,ALL CLASSES,00,ANNUAL,,ALL UTILIZATION PRACTICES,RI,44,,,00000000,,OPERATIONS,RHODE ISLAND,SALES,,ZIP CODE,YEAR,CROP TOTALS,02907,9000,CENSUS,SALES,44,UNITED STATES
1,,CROPS,ALL PRODUCTION PRACTICES,2024-11-07 12:00:00.000,,,00,,CROP TOTALS,"SALES: (LESS THAN 50,000 $)",02908,CROP TOTALS - OPERATIONS WITH SALES,2022,,ALL CLASSES,00,ANNUAL,,ALL UTILIZATION PRACTICES,RI,44,,,00000000,,OPERATIONS,RHODE ISLAND,SALES,,ZIP CODE,YEAR,CROP TOTALS,02908,9000,CENSUS,SALES,44,UNITED STATES
1,,CROPS,ALL PRODUCTION PRACTICES,2018-02-01 12:00:00.000,,,00,,CROP TOTALS,"SALES: (LESS THAN 50,000 $)",02909,CROP TOTALS - OPERATIONS WITH SALES,2017,,ALL CLASSES,00,ANNUAL,,ALL UTILIZATION PRACTICES,RI,44,,,00000000,,OPERATIONS,RHODE ISLAND,SALES,,ZIP CODE,YEAR,CROP TOTALS,02909,9000,CENSUS,SALES,44,UNITED STATES
9,,CROPS,ALL PRODUCTION PRACTICES,2018-02-01 12:00:00.000,,,00,,CROP TOTALS,"SALES: (LESS THAN 50,000 $)",02910,CROP TOTALS - OPERATIONS WITH SALES,2017,,ALL CLASSES,00,ANNUAL,,ALL UTILIZATION PRACTICES,RI,44,,,00000000,,OPERATIONS,RHODE ISLAND,SALES,,ZIP CODE,YEAR,CROP TOTALS,02910,9000,CENSUS,SALES,44,UNITED STATES
3,,CROPS,ALL PRODUCTION PRACTICES,2012-01-01 00:00:00.000,,,00,,CROP TOTALS,"SALES: (LESS THAN 50,000 $)",02910,CROP TOTALS - OPERATIONS WITH SALES,2007,,ALL CLASSES,00,ANNUAL,,ALL UTILIZATION PRACTICES,RI,44,,,00000000,,OPERATIONS,RHODE ISLAND,SALES,,ZIP CODE,YEAR,CROP TOTALS,02910,9000,CENSUS,SALES,44,UNITED STATES
18,,CROPS,ALL PRODUCTION PRACTICES,2024-11-07 12:00:00.000,,,00,,CROP TOTALS,"SALES: (LESS THAN 50,000 $)",02917,CROP TOTALS - OPERATIONS WITH SALES,2022,,ALL CLASSES,00,ANNUAL,,ALL UTILIZATION PRACTICES,RI,44,,,00000000,,OPERATIONS,RHODE ISLAND,SALES,,ZIP CODE,YEAR,CROP TOTALS,02917,9000,CENSUS,SALES,44,UNITED STATES
8,,CROPS,ALL PRODUCTION PRACTICES,2018-02-01 12:00:00.000,,,00,,CROP TOTALS,"SALES: (LESS THAN 50,000 $)",02917,CROP TOTALS - OPERATIONS WITH SALES,2017,,ALL CLASSES,00,ANNUAL,,ALL UTILIZATION PRACTICES,RI,44,,,00000000,,OPERATIONS,RHODE ISLAND,SALES,,ZIP CODE,YEAR,CROP TOTALS,02917,9000,CENSUS,SALES,44,UNITED STATES
14,,CROPS,ALL PRODUCTION PRACTICES,2012-01-01 00:00:00.000,,,00,,CROP TOTALS,"SALES: (LESS THAN 50,000 $)",02917,CROP TOTALS - OPERATIONS WITH SALES,2007,,ALL CLASSES,00,ANNUAL,,ALL UTILIZATION PRACTICES,RI,44,,,00000000,,OPERATIONS,RHODE ISLAND,SALES,,ZIP CODE,YEAR,CROP TOTALS,02917,9000,CENSUS,SALES,44,UNITED STATES
16,,CROPS,ALL PRODUCTION PRACTICES,2024-11-07 12:00:00.000,,,00,,CROP TOTALS,"SALES: (LESS THAN 50,000 $)",02919,CROP TOTALS - OPERATIONS WITH SALES,2022,,ALL CLASSES,00,ANNUAL,,ALL UTILIZATION PRACTICES,RI,44,,,00000000,,OPERATIONS,RHODE ISLAND,SALES,,ZIP CODE,YEAR,CROP TOTALS,02919,9000,CENSUS,SALES,44,UNITED STATES
14,,CROPS,ALL PRODUCTION PRACTICES,2018-02-01 12:00:00.000,,,00,,CROP TOTALS,"SALES: (LESS THAN 50,000 $)",02919,CROP TOTALS - OPERATIONS WITH SALES,2017,,ALL CLASSES,00,ANNUAL,,ALL UTILIZATION PRACTICES,RI,44,,,00000000,,OPERATIONS,RHODE ISLAND,SALES,,ZIP CODE,YEAR,CROP TOTALS,02919,9000,CENSUS,SALES,44,UNITED STATES
19,,CROPS,ALL PRODUCTION PRACTICES,2012-01-01 00:00:00.000,,,00,,CROP TOTALS,"SALES: (LESS THAN 50,000 $)",02919,CROP TOTALS - OPERATIONS WITH SALES,2007,,ALL CLASSES,00,ANNUAL,,ALL UTILIZATION PRACTICES,RI,44,,,00000000,,OPERATIONS,RHODE ISLAND,SALES,,ZIP CODE,YEAR,CROP TOTALS,02919,9000,CENSUS,SALES,44,UNITED STATES
3,,CROPS,ALL PRODUCTION PRACTICES,2018-02-01 12:00:00.000,,,00,,CROP TOTALS,"SALES: (LESS THAN 50,000 $)",02920,CROP TOTALS - OPERATIONS WITH SALES,2017,,ALL CLASSES,00,ANNUAL,,ALL UTILIZATION PRACTICES,RI,44,,,00000000,,OPERATIONS,RHODE ISLAND,SALES,,ZIP CODE,YEAR,CROP TOTALS,02920,9000,CENSUS,SALES,44,UNITED STATES
2,,CROPS,ALL PRODUCTION PRACTICES,2012-01-01 00:00:00.000,,,00,,CROP TOTALS,"SALES: (LESS THAN 50,000 $)",02920,CROP TOTALS - OPERATIONS WITH SALES,2007,,ALL CLASSES,00,ANNUAL,,ALL UTILIZATION PRACTICES,RI,44,,,00000000,,OPERATIONS,RHODE ISLAND,SALES,,ZIP CODE,YEAR,CROP TOTALS,02920,9000,CENSUS,SALES,44,UNITED STATES
9,,CROPS,ALL PRODUCTION PRACTICES,2024-11-07 12:00:00.000,,,00,,CROP TOTALS,"SALES: (LESS THAN 50,000 $)",02921,CROP TOTALS - OPERATIONS WITH SALES,2022,,ALL CLASSES,00,ANNUAL,,ALL UTILIZATION PRACTICES,RI,44,,,00000000,,OPERATIONS,RHODE ISLAND,SALES,,ZIP CODE,YEAR,CROP TOTALS,02921,9000,CENSUS,SALES,44,UNITED STATES
10,,CROPS,ALL PRODUCTION PRACTICES,2018-02-01 12:00:00.000,,,00,,CROP TOTALS,"SALES: (LESS THAN 50,000 $)",02921,CROP TOTALS - OPERATIONS WITH SALES,2017,,ALL CLASSES,00,ANNUAL,,ALL UTILIZATION PRACTICES,RI,44,,,00000000,,OPERATIONS,RHODE ISLAND,SALES,,ZIP CODE,YEAR,CROP TOTALS,02921,9000,CENSUS,SALES,44,UNITED STATES
9,,CROPS,ALL PRODUCTION PRACTICES,2012-01-01 00:00:00.000,,,00,,CROP TOTALS,"SALES: (LESS THAN 50,000 $)",02921,CROP TOTALS - OPERATIONS WITH SALES,2007,,ALL CLASSES,00,ANNUAL,,ALL UTILIZATION PRACTICES,RI,44,,,00000000,,OPERATIONS,RHODE ISLAND,SALES,,ZIP CODE,YEAR,CROP TOTALS,02921,9000,CENSUS,SALES,44,UNITED STATES
3,,CROPS,ALL PRODUCTION PRACTICES,2024-11-07 12:00:00.000,,,00,,CROP TOTALS,"SALES: (LESS THAN 50,000 $)",02940,CROP TOTALS - OPERATIONS WITH SALES,2022,,ALL CLASSES,00,ANNUAL,,ALL UTILIZATION PRACTICES,RI,44,,,00000000,,OPERATIONS,RHODE ISLAND,SALES,,ZIP CODE,YEAR,CROP TOTALS,02940,9000,CENSUS,SALES,44,UNITED STATES
13,,CROPS,ALL PRODUCTION PRACTICES,2024-11-07 12:00:00.000,,,00,,CROP TOTALS,"SALES: (LESS THAN 50,000 $)",99999,CROP TOTALS - OPERATIONS WITH SALES,2022,,ALL CLASSES,00,ANNUAL,,ALL UTILIZATION PRACTICES,RI,44,,,00000000,,OPERATIONS,RHODE ISLAND,SALES,,ZIP CODE,YEAR,CROP TOTALS,99999,9000,CENSUS,SALES,44,UNITED STATES
5,,CROPS,ALL PRODUCTION PRACTICES,2018-02-01 12:00:00.000,,,00,,CROP TOTALS,"SALES: (LESS THAN 50,000 $)",99999,CROP TOTALS - OPERATIONS WITH SALES,2017,,ALL CLASSES,00,ANNUAL,,ALL UTILIZATION PRACTICES,RI,44,,,00000000,,OPERATIONS,RHODE ISLAND,SALES,,ZIP CODE,YEAR,CROP TOTALS,99999,9000,CENSUS,SALES,44,UNITED STATES
8,,CROPS,ALL PRODUCTION PRACTICES,2012-01-01 00:00:00.000,,,00,,CROP TOTALS,"SALES: (LESS THAN 50,000 $)",99999,CROP TOTALS - OPERATIONS WITH SALES,2007,,ALL CLASSES,00,ANNUAL,,ALL UTILIZATION PRACTICES,RI,44,,,00000000,,OPERATIONS,RHODE ISLAND,SALES,,ZIP CODE,YEAR,CROP TOTALS,99999,9000,CENSUS,SALES,44,UNITED STATES
23,,CROPS,ALL PRODUCTION PRACTICES,2024-07-02 12:00:00.000,BRISTOL,10,00,,CROP TOTALS,NOT SPECIFIED,"RHODE ISLAND, ALL COUNTIES, BRISTOL",CROP TOTALS - OPERATIONS WITH SALES,2022,14.0,ALL CLASSES,00,ANNUAL,ALL COUNTIES,ALL UTILIZATION PRACTICES,RI,44,001,,00000000,001,OPERATIONS,RHODE ISLAND,SALES,,COUNTY,YEAR,CROP TOTALS,,9000,CENSUS,TOTAL,44,UNITED STATES
18,,CROPS,ALL PRODUCTION PRACTICES,2018-02-01 00:00:00.000,BRISTOL,10,00,,CROP TOTALS,NOT SPECIFIED,"RHODE ISLAND, ALL COUNTIES, BRISTOL",CROP TOTALS - OPERATIONS WITH SALES,2017,25.2,ALL CLASSES,00,ANNUAL,ALL COUNTIES,ALL UTILIZATION PRACTICES,RI,44,001,,00000000,001,OPERATIONS,RHODE ISLAND,SALES,,COUNTY,YEAR,CROP TOTALS,,9000,CENSUS,TOTAL,44,UNITED STATES
21,,CROPS,ALL PRODUCTION PRACTICES,2012-12-31 00:00:00.000,BRISTOL,10,00,,CROP TOTALS,NOT SPECIFIED,"RHODE ISLAND, ALL COUNTIES, BRISTOL",CROP TOTALS - OPERATIONS WITH SALES,2012,16.6,ALL CLASSES,00,ANNUAL,ALL COUNTIES,ALL UTILIZATION PRACTICES,RI,44,001,,00000000,001,OPERATIONS,RHODE ISLAND,SALES,,COUNTY,YEAR,CROP TOTALS,,9000,CENSUS,TOTAL,44,UNITED STATES
31,,CROPS,ALL PRODUCTION PRACTICES,2012-01-01 00:00:00.000,BRISTOL,10,00,,CROP TOTALS,NOT SPECIFIED,"RHODE ISLAND, ALL COUNTIES, BRISTOL",CROP TOTALS - OPERATIONS WITH SALES,2007,,ALL CLASSES,00,ANNUAL,ALL COUNTIES,ALL UTILIZATION PRACTICES,RI,44,001,,00000000,001,OPERATIONS,RHODE ISLAND,SALES,,COUNTY,YEAR,CROP TOTALS,,9000,CENSUS,TOTAL,44,UNITED STATES
26,,CROPS,ALL PRODUCTION PRACTICES,2012-01-01 00:00:00.000,BRISTOL,10,00,,CROP TOTALS,NOT SPECIFIED,"RHODE ISLAND, ALL COUNTIES, BRISTOL",CROP TOTALS - OPERATIONS WITH SALES,2002,,ALL CLASSES,00,ANNUAL,ALL COUNTIES,ALL UTILIZATION PRACTICES,RI,44,001,,00000000,001,OPERATIONS,RHODE ISLAND,SALES,,COUNTY,YEAR,CROP TOTALS,,9000,CENSUS,TOTAL,44,UNITED STATES
36,,CROPS,ALL PRODUCTION PRACTICES,2012-01-01 00:00:00.000,BRISTOL,10,00,,CROP TOTALS,NOT SPECIFIED,"RHODE ISLAND, ALL COUNTIES, BRISTOL",CROP TOTALS - OPERATIONS WITH SALES,1997,,ALL CLASSES,00,ANNUAL,ALL COUNTIES,ALL UTILIZATION PRACTICES,RI,44,001,,00000000,001,OPERATIONS,RHODE ISLAND,SALES,,COUNTY,YEAR,CROP TOTALS,,9000,CENSUS,TOTAL,44,UNITED STATES
63,,CROPS,ALL PRODUCTION PRACTICES,2024-07-02 12:00:00.000,KENT,10,00,,CROP TOTALS,NOT SPECIFIED,"RHODE ISLAND, ALL COUNTIES, KENT",CROP TOTALS - OPERATIONS WITH SALES,2022,14.0,ALL CLASSES,00,ANNUAL,ALL COUNTIES,ALL UTILIZATION PRACTICES,RI,44,003,,00000000,003,OPERATIONS,RHODE ISLAND,SALES,,COUNTY,YEAR,CROP TOTALS,,9000,CENSUS,TOTAL,44,UNITED STATES
52,,CROPS,ALL PRODUCTION PRACTICES,2018-02-01 00:00:00.000,KENT,10,00,,CROP TOTALS,NOT SPECIFIED,"RHODE ISLAND, ALL COUNTIES, KENT",CROP TOTALS - OPERATIONS WITH SALES,2017,25.2,ALL CLASSES,00,ANNUAL,ALL COUNTIES,ALL UTILIZATION PRACTICES,RI,44,003,,00000000,003,OPERATIONS,RHODE ISLAND,SALES,,COUNTY,YEAR,CROP TOTALS,,9000,CENSUS,TOTAL,44,UNITED STATES
78,,CROPS,ALL PRODUCTION PRACTICES,2012-12-31 00:00:00.000,KENT,10,00,,CROP TOTALS,NOT SPECIFIED,"RHODE ISLAND, ALL COUNTIES, KENT",CROP TOTALS - OPERATIONS WITH SALES,2012,16.6,ALL CLASSES,00,ANNUAL,ALL COUNTIES,ALL UTILIZATION PRACTICES,RI,44,003,,00000000,003,OPERATIONS,RHODE ISLAND,SALES,,COUNTY,YEAR,CROP TOTALS,,9000,CENSUS,TOTAL,44,UNITED STATES
86,,CROPS,ALL PRODUCTION PRACTICES,2012-01-01 00:00:00.000,KENT,10,00,,CROP TOTALS,NOT SPECIFIED,"RHODE ISLAND, ALL COUNTIES, KENT",CROP TOTALS - OPERATIONS WITH SALES,2007,,ALL CLASSES,00,ANNUAL,ALL COUNTIES,ALL UTILIZATION PRACTICES,RI,44,003,,00000000,003,OPERATIONS,RHODE ISLAND,SALES,,COUNTY,YEAR,CROP TOTALS,,9000,CENSUS,TOTAL,44,UNITED STATES
65,,CROPS,ALL PRODUCTION PRACTICES,2012-01-01 00:00:00.000,KENT,10,00,,CROP TOTALS,NOT SPECIFIED,"RHODE ISLAND, ALL COUNTIES, KENT",CROP TOTALS - OPERATIONS WITH SALES,2002,,ALL CLASSES,00,ANNUAL,ALL COUNTIES,ALL UTILIZATION PRACTICES,RI,44,003,,00000000,003,OPERATIONS,RHODE ISLAND,SALES,,COUNTY,YEAR,CROP TOTALS,,9000,CENSUS,TOTAL,44,UNITED STATES
60,,CROPS,ALL PRODUCTION PRACTICES,2012-01-01 00:00:00.000,KENT,10,00,,CROP TOTALS,NOT SPECIFIED,"RHODE ISLAND, ALL COUNTIES, KENT",CROP TOTALS - OPERATIONS WITH SALES,1997,,ALL CLASSES,00,ANNUAL,ALL COUNTIES,ALL UTILIZATION PRACTICES,RI,44,003,,00000000,003,OPERATIONS,RHODE ISLAND,SALES,,COUNTY,YEAR,CROP TOTALS,,9000,CENSUS,TOTAL,44,UNITED STATES
134,,CROPS,ALL PRODUCTION PRACTICES,2024-07-02 12:00:00.000,NEWPORT,10,00,,CROP TOTALS,NOT SPECIFIED,"RHODE ISLAND, ALL COUNTIES, NEWPORT",CROP TOTALS - OPERATIONS WITH SALES,2022,14.0,ALL CLASSES,00,ANNUAL,ALL COUNTIES,ALL UTILIZATION PRACTICES,RI,44,005,,00000000,005,OPERATIONS,RHODE ISLAND,SALES,,COUNTY,YEAR,CROP TOTALS,,9000,CENSUS,TOTAL,44,UNITED STATES
109,,CROPS,ALL PRODUCTION PRACTICES,2018-02-01 00:00:00.000,NEWPORT,10,00,,CROP TOTALS,NOT SPECIFIED,"RHODE ISLAND, ALL COUNTIES, NEWPORT",CROP TOTALS - OPERATIONS WITH SALES,2017,25.2,ALL CLASSES,00,ANNUAL,ALL COUNTIES,ALL UTILIZATION PRACTICES,RI,44,005,,00000000,005,OPERATIONS,RHODE ISLAND,SALES,,COUNTY,YEAR,CROP TOTALS,,9000,CENSUS,TOTAL,44,UNITED STATES
118,,CROPS,ALL PRODUCTION PRACTICES,2012-12-31 00:00:00.000,NEWPORT,10,00,,CROP TOTALS,NOT SPECIFIED,"RHODE ISLAND, ALL COUNTIES, NEWPORT",CROP TOTALS - OPERATIONS WITH SALES,2012,16.6,ALL CLASSES,00,ANNUAL,ALL COUNTIES,ALL UTILIZATION PRACTICES,RI,44,005,,00000000,005,OPERATIONS,RHODE ISLAND,SALES,,COUNTY,YEAR,CROP TOTALS,,9000,CENSUS,TOTAL,44,UNITED STATES
124,,CROPS,ALL PRODUCTION PRACTICES,2012-01-01 00:00:00.000,NEWPORT,10,00,,CROP TOTALS,NOT SPECIFIED,"RHODE ISLAND, ALL COUNTIES, NEWPORT",CROP TOTALS - OPERATIONS WITH SALES,2007,,ALL CLASSES,00,ANNUAL,ALL COUNTIES,ALL UTILIZATION PRACTICES,RI,44,005,,00000000,005,OPERATIONS,RHODE ISLAND,SALES,,COUNTY,YEAR,CROP TOTALS,,9000,CENSUS,TOTAL,44,UNITED STATES
117,,CROPS,ALL PRODUCTION PRACTICES,2012-01-01 00:00:00.000,NEWPORT,10,00,,CROP TOTALS,NOT SPECIFIED,"RHODE ISLAND, ALL COUNTIES, NEWPORT",CROP TOTALS - OPERATIONS WITH SALES,2002,,ALL CLASSES,00,ANNUAL,ALL COUNTIES,ALL UTILIZATION PRACTICES,RI,44,005,,00000000,005,OPERATIONS,RHODE ISLAND,SALES,,COUNTY,YEAR,CROP TOTALS,,9000,CENSUS,TOTAL,44,UNITED STATES
128,,CROPS,ALL PRODUCTION PRACTICES,2012-01-01 00:00:00.000,NEWPORT,10,00,,CROP TOTALS,NOT SPECIFIED,"RHODE ISLAND, ALL COUNTIES, NEWPORT",CROP TOTALS - OPERATIONS WITH SALES,1997,,ALL CLASSES,00,ANNUAL,ALL COUNTIES,ALL UTILIZATION PRACTICES,RI,44,005,,00000000,005,OPERATIONS,RHODE ISLAND,SALES,,COUNTY,YEAR,CROP TOTALS,,9000,CENSUS,TOTAL,44,UNITED STATES
221,,CROPS,ALL PRODUCTION PRACTICES,2024-07-02 12:00:00.000,PROVIDENCE,10,00,,CROP TOTALS,NOT SPECIFIED,"RHODE ISLAND, ALL COUNTIES, PROVIDENCE",CROP TOTALS - OPERATIONS WITH SALES,2022,14.0,ALL CLASSES,00,ANNUAL,ALL COUNTIES,ALL UTILIZATION PRACTICES,RI,44,007,,00000000,007,OPERATIONS,RHODE ISLAND,SALES,,COUNTY,YEAR,CROP TOTALS,,9000,CENSUS,TOTAL,44,UNITED STATES
208,,CROPS,ALL PRODUCTION PRACTICES,2018-02-01 00:00:00.000,PROVIDENCE,10,00,,CROP TOTALS,NOT SPECIFIED,"RHODE ISLAND, ALL COUNTIES, PROVIDENCE",CROP TOTALS - OPERATIONS WITH SALES,2017,25.2,ALL CLASSES,00,ANNUAL,ALL COUNTIES,ALL UTILIZATION PRACTICES,RI,44,007,,00000000,007,OPERATIONS,RHODE ISLAND,SALES,,COUNTY,YEAR,CROP TOTALS,,9000,CENSUS,TOTAL,44,UNITED STATES
219,,CROPS,ALL PRODUCTION PRACTICES,2012-12-31 00:00:00.000,PROVIDENCE,10,00,,CROP TOTALS,NOT SPECIFIED,"RHODE ISLAND, ALL COUNTIES, PROVIDENCE",CROP TOTALS - OPERATIONS WITH SALES,2012,16.6,ALL CLASSES,00,ANNUAL,ALL COUNTIES,ALL UTILIZATION PRACTICES,RI,44,007,,00000000,007,OPERATIONS,RHODE ISLAND,SALES,,COUNTY,YEAR,CROP TOTALS,,9000,CENSUS,TOTAL,44,UNITED STATES
251,,CROPS,ALL PRODUCTION PRACTICES,2012-01-01 00:00:00.000,PROVIDENCE,10,00,,CROP TOTALS,NOT SPECIFIED,"RHODE ISLAND, ALL COUNTIES, PROVIDENCE",CROP TOTALS - OPERATIONS WITH SALES,2007,,ALL CLASSES,00,ANNUAL,ALL COUNTIES,ALL UTILIZATION PRACTICES,RI,44,007,,00000000,007,OPERATIONS,RHODE ISLAND,SALES,,COUNTY,YEAR,CROP TOTALS,,9000,CENSUS,TOTAL,44,UNITED STATES
173,,CROPS,ALL PRODUCTION PRACTICES,2012-01-01 00:00:00.000,PROVIDENCE,10,00,,CROP TOTALS,NOT SPECIFIED,"RHODE ISLAND, ALL COUNTIES, PROVIDENCE",CROP TOTALS - OPERATIONS WITH SALES,2002,,ALL CLASSES,00,ANNUAL,ALL COUNTIES,ALL UTILIZATION PRACTICES,RI,44,007,,00000000,007,OPERATIONS,RHODE ISLAND,SALES,,COUNTY,YEAR,CROP TOTALS,,9000,CENSUS,TOTAL,44,UNITED STATES
208,,CROPS,ALL PRODUCTION PRACTICES,2012-01-01 00:00:00.000,PROVIDENCE,10,00,,CROP TOTALS,NOT SPECIFIED,"RHODE ISLAND, ALL COUNTIES, PROVIDENCE",CROP TOTALS - OPERATIONS WITH SALES,1997,,ALL CLASSES,00,ANNUAL,ALL COUNTIES,ALL UTILIZATION PRACTICES,RI,44,007,,00000000,007,OPERATIONS,RHODE ISLAND,SALES,,COUNTY,YEAR,CROP TOTALS,,9000,CENSUS,TOTAL,44,UNITED STATES
195,,CROPS,ALL PRODUCTION PRACTICES,2024-07-02 12:00:00.000,WASHINGTON,10,00,,CROP TOTALS,NOT SPECIFIED,"RHODE ISLAND, ALL COUNTIES, WASHINGTON",CROP TOTALS - OPERATIONS WITH SALES,2022,14.0,ALL CLASSES,00,ANNUAL,ALL COUNTIES,ALL UTILIZATION PRACTICES,RI,44,009,,00000000,009,OPERATIONS,RHODE ISLAND,SALES,,COUNTY,YEAR,CROP TOTALS,,9000,CENSUS,TOTAL,44,UNITED STATES
190,,CROPS,ALL PRODUCTION PRACTICES,2018-02-01 00:00:00.000,WASHINGTON,10,00,,CROP TOTALS,NOT SPECIFIED,"RHODE ISLAND, ALL COUNTIES, WASHINGTON",CROP TOTALS - OPERATIONS WITH SALES,2017,25.2,ALL CLASSES,00,ANNUAL,ALL COUNTIES,ALL UTILIZATION PRACTICES,RI,44,009,,00000000,009,OPERATIONS,RHODE ISLAND,SALES,,COUNTY,YEAR,CROP TOTALS,,9000,CENSUS,TOTAL,44,UNITED STATES
225,,CROPS,ALL PRODUCTION PRACTICES,2012-12-31 00:00:00.000,WASHINGTON,10,00,,CROP TOTALS,NOT SPECIFIED,"RHODE ISLAND, ALL COUNTIES, WASHINGTON",CROP TOTALS - OPERATIONS WITH SALES,2012,16.6,ALL CLASSES,00,ANNUAL,ALL COUNTIES,ALL UTILIZATION PRACTICES,RI,44,009,,00000000,009,OPERATIONS,RHODE ISLAND,SALES,,COUNTY,YEAR,CROP TOTALS,,9000,CENSUS,TOTAL,44,UNITED STATES
213,,CROPS,ALL PRODUCTION PRACTICES,2012-01-01 00:00:00.000,WASHINGTON,10,00,,CROP TOTALS,NOT SPECIFIED,"RHODE ISLAND, ALL COUNTIES, WASHINGTON",CROP TOTALS - OPERATIONS WITH SALES,2007,,ALL CLASSES,00,ANNUAL,ALL COUNTIES,ALL UTILIZATION PRACTICES,RI,44,009,,00000000,009,OPERATIONS,RHODE ISLAND,SALES,,COUNTY,YEAR,CROP TOTALS,,9000,CENSUS,TOTAL,44,UNITED STATES
145,,CROPS,ALL PRODUCTION PRACTICES,2012-01-01 00:00:00.000,WASHINGTON,10,00,,CROP TOTALS,NOT SPECIFIED,"RHODE ISLAND, ALL COUNTIES, WASHINGTON",CROP TOTALS - OPERATIONS WITH SALES,2002,,ALL CLASSES,00,ANNUAL,ALL COUNTIES,ALL UTILIZATION PRACTICES,RI,44,009,,00000000,009,OPERATIONS,RHODE ISLAND,SALES,,COUNTY,YEAR,CROP TOTALS,,9000,CENSUS,TOTAL,44,UNITED STATES
189,,CROPS,ALL PRODUCTION PRACTICES,2012-01-01 00:00:00.000,WASHINGTON,10,00,,CROP TOTALS,NOT SPECIFIED,"RHODE ISLAND, ALL COUNTIES, WASHINGTON",CROP TOTALS - OPERATIONS WITH SALES,1997,,ALL CLASSES,00,ANNUAL,ALL COUNTIES,ALL UTILIZATION PRACTICES,RI,44,009,,00000000,009,OPERATIONS,RHODE ISLAND,SALES,,COUNTY,YEAR,CROP TOTALS,,9000,CENSUS,TOTAL,44,UNITED STATES
636,,CROPS,ALL PRODUCTION PRACTICES,2024-07-02 12:00:00.000,,,00,,CROP TOTALS,NOT SPECIFIED,RHODE ISLAND,CROP TOTALS - OPERATIONS WITH SALES,2022,11.0,ALL CLASSES,00,ANNUAL,,ALL UTILIZATION PRACTICES,RI,44,,,00000000,,OPERATIONS,RHODE ISLAND,SALES,,STATE,YEAR,CROP TOTALS,,9000,CENSUS,TOTAL,44,UNITED STATES
577,,CROPS,ALL PRODUCTION PRACTICES,2018-02-01 00:00:00.000,,,00,,CROP TOTALS,NOT SPECIFIED,RHODE ISLAND,CROP TOTALS - OPERATIONS WITH SALES,2017,17.2,ALL CLASSES,00,ANNUAL,,ALL UTILIZATION PRACTICES,RI,44,,,00000000,,OPERATIONS,RHODE ISLAND,SALES,,STATE,YEAR,CROP TOTALS,,9000,CENSUS,TOTAL,44,UNITED STATES
661,,CROPS,ALL PRODUCTION PRACTICES,2012-12-31 00:00:00.000,,,00,,CROP TOTALS,NOT SPECIFIED,RHODE ISLAND,CROP TOTALS - OPERATIONS WITH SALES,2012,16.9,ALL CLASSES,00,ANNUAL,,ALL UTILIZATION PRACTICES,RI,44,,,00000000,,OPERATIONS,RHODE ISLAND,SALES,,STATE,YEAR,CROP TOTALS,,9000,CENSUS,TOTAL,44,UNITED STATES
705,,CROPS,ALL PRODUCTION PRACTICES,2012-01-01 00:00:00.000,,,00,,CROP TOTALS,NOT SPECIFIED,RHODE ISLAND,CROP TOTALS - OPERATIONS WITH SALES,2007,,ALL CLASSES,00,ANNUAL,,ALL UTILIZATION PRACTICES,RI,44,,,00000000,,OPERATIONS,RHODE ISLAND,SALES,,STATE,YEAR,CROP TOTALS,,9000,CENSUS,TOTAL,44,UNITED STATES
526,,CROPS,ALL PRODUCTION PRACTICES,2012-01-01 00:00:00.000,,,00,,CROP TOTALS,NOT SPECIFIED,RHODE ISLAND,CROP TOTALS - OPERATIONS WITH SALES,2002,,ALL CLASSES,00,ANNUAL,,ALL UTILIZATION PRACTICES,RI,44,,,00000000,,OPERATIONS,RHODE ISLAND,SALES,,STATE,YEAR,CROP TOTALS,,9000,CENSUS,TOTAL,44,UNITED STATES
621,,CROPS,ALL PRODUCTION PRACTICES,2012-01-01 00:00:00.000,,,00,,CROP TOTALS,NOT SPECIFIED,RHODE ISLAND,CROP TOTALS - OPERATIONS WITH SALES,1997,,ALL CLASSES,00,ANNUAL,,ALL UTILIZATION PRACTICES,RI,44,,,00000000,,OPERATIONS,RHODE ISLAND,SALES,,STATE,YEAR,CROP TOTALS,,9000,CENSUS,TOTAL,44,UNITED STATES
8,,CROPS,ALL PRODUCTION PRACTICES,2024-11-07 12:00:00.000,,,00,,CROP TOTALS,NOT SPECIFIED,02804,CROP TOTALS - OPERATIONS WITH SALES,2022,,ALL CLASSES,00,ANNUAL,,ALL UTILIZATION PRACTICES,RI,44,,,00000000,,OPERATIONS,RHODE ISLAND,SALES,,ZIP CODE,YEAR,CROP TOTALS,02804,9000,CENSUS,TOTAL,44,UNITED STATES
3,,CROPS,ALL PRODUCTION PRACTICES,2018-02-01 12:00:00.000,,,00,,CROP TOTALS,NOT SPECIFIED,02804,CROP TOTALS - OPERATIONS WITH SALES,2017,,ALL CLASSES,00,ANNUAL,,ALL UTILIZATION PRACTICES,RI,44,,,00000000,,OPERATIONS,RHODE ISLAND,SALES,,ZIP CODE,YEAR,CROP TOTALS,02804,9000,CENSUS,TOTAL,44,UNITED STATES
9,,CROPS,ALL PRODUCTION PRACTICES,2012-01-01 00:00:00.000,,,00,,CROP TOTALS,NOT SPECIFIED,02804,CROP TOTALS - OPERATIONS WITH SALES,2007,,ALL CLASSES,00,ANNUAL,,ALL UTILIZATION PRACTICES,RI,44,,,00000000,,OPERATIONS,RHODE ISLAND,SALES,,ZIP CODE,YEAR,CROP TOTALS,02804,9000,CENSUS,TOTAL,44,UNITED STATES
9,,CROPS,ALL PRODUCTION PRACTICES,2024-11-07 12:00:00.000,,,00,,CROP TOTALS,NOT SPECIFIED,02806,CROP TOTALS - OPERATIONS WITH SALES,2022,,ALL CLASSES,00,ANNUAL,,ALL UTILIZATION PRACTICES,RI,44,,,00000000,,OPERATIONS,RHODE ISLAND,SALES,,ZIP CODE,YEAR,CROP TOTALS,02806,9000,CENSUS,TOTAL,44,UNITED STATES
2,,CROPS,ALL PRODUCTION PRACTICES,2018-02-01 12:00:00.000,,,00,,CROP TOTALS,NOT SPECIFIED,02806,CROP TOTALS - OPERATIONS WITH SALES,2017,,ALL CLASSES,00,ANNUAL,,ALL UTILIZATION PRACTICES,RI,44,,,00000000,,OPERATIONS,RHODE ISLAND,SALES,,ZIP CODE,YEAR,CROP TOTALS,02806,9000,CENSUS,TOTAL,44,UNITED STATES
2,,CROPS,ALL PRODUCTION PRACTICES,2012-01-01 00:00:00.000,,,00,,CROP TOTALS,NOT SPECIFIED,02806,CROP TOTALS - OPERATIONS WITH SALES,2007,,ALL CLASSES,00,ANNUAL,,ALL UTILIZATION PRACTICES,RI,44,,,00000000,,OPERATIONS,RHODE ISLAND,SALES,,ZIP CODE,YEAR,CROP TOTALS,02806,9000,CENSUS,TOTAL,44,UNITED STATES
9,,CROPS,ALL PRODUCTION PRACTICES,2024-11-07 12:00:00.000,,,00,,CROP TOTALS,NOT SPECIFIED,02807,CROP TOTALS - OPERATIONS WITH SALES,2022,,ALL CLASSES,00,ANNUAL,,ALL UTILIZATION PRACTICES,RI,44,,,00000000,,OPERATIONS,RHODE ISLAND,SALES,,ZIP CODE,YEAR,CROP TOTALS,02807,9000,CENSUS,TOTAL,44,UNITED STATES
2,,CROPS,ALL PRODUCTION PRACTICES,2018-02-01 12:00:00.000,,,00,,CROP TOTALS,NOT SPECIFIED,02807,CROP TOTALS - OPERATIONS WITH SALES,2017,,ALL CLASSES,00,ANNUAL,,ALL UTILIZATION PRACTICES,RI,44,,,00000000,,OPERATIONS,RHODE ISLAND,SALES,,ZIP CODE,YEAR,CROP TOTALS,02807,9000,CENSUS,TOTAL,44,UNITED STATES
12,,CROPS,ALL PRODUCTION PRACTICES,2012-01-01 00:00:00.000,,,00,,CROP TOTALS,NOT SPECIFIED,02807,CROP TOTALS - OPERATIONS WITH SALES,2007,,ALL CLASSES,00,ANNUAL,,ALL UTILIZATION PRACTICES,RI,44,,,00000000,,OPERATIONS,RHODE ISLAND,SALES,,ZIP CODE,YEAR,CROP TOTALS,02807,9000,CENSUS,TOTAL,44,UNITED STATES
8,,CROPS,ALL PRODUCTION PRACTICES,2024-11-07 12:00:00.000,,,00,,CROP TOTALS,NOT SPECIFIED,02808,CROP TOTALS - OPERATIONS WITH SALES,2022,,ALL CLASSES,00,ANNUAL,,ALL UTILIZATION PRACTICES,RI,44,,,00000000,,OPERATIONS,RHODE ISLAND,SALES,,ZIP CODE,YEAR,CROP TOTALS,02808,9000,CENSUS,TOTAL,44,UNITED STATES
6,,CROPS,ALL PRODUCTION PRACTICES,2018-02-01 12:00:00.000,,,00,,CROP TOTALS,NOT SPECIFIED,02808,CROP TOTALS - OPERATIONS WITH SALES,2017,,ALL CLASSES,00,ANNUAL,,ALL UTILIZATION PRACTICES,RI,44,,,00000000,,OPERATIONS,RHODE ISLAND,SALES,,ZIP CODE,YEAR,CROP TOTALS,02808,9000,CENSUS,TOTAL,44,UNITED STATES
4,,CROPS,ALL PRODUCTION PRACTICES,2012-01-01 00:00:00.000,,,00,,CROP TOTALS,NOT SPECIFIED,02808,CROP TOTALS - OPERATIONS WITH SALES,2007,,ALL CLASSES,00,ANNUAL,,ALL UTILIZATION PRACTICES,RI,44,,,00000000,,OPERATIONS,RHODE ISLAND,SALES,,ZIP CODE,YEAR,CROP TOTALS,02808,9000,CENSUS,TOTAL,44,UNITED STATES
5,,CROPS,ALL PRODUCTION PRACTICES,2024-11-07 12:00:00.000,,,00,,CROP TOTALS,NOT SPECIFIED,02809,CROP TOTALS - OPERATIONS WITH SALES,2022,,ALL CLASSES,00,ANNUAL,,ALL UTILIZATION PRACTICES,RI,44,,,00000000,,OPERATIONS,RHODE ISLAND,SALES,,ZIP CODE,YEAR,CROP TOTALS,02809,9000,CENSUS,TOTAL,44,UNITED STATES
5,,CROPS,ALL PRODUCTION PRACTICES,2018-02-01 12:00:00.000,,,00,,CROP TOTALS,NOT SPECIFIED,02809,CROP TOTALS - OPERATIONS WITH SALES,2017,,ALL CLASSES,00,ANNUAL,,ALL UTILIZATION PRACTICES,RI,44,,,00000000,,OPERATIONS,RHODE ISLAND,SALES,,ZIP CODE,YEAR,CROP TOTALS,02809,9000,CENSUS,TOTAL,44,UNITED STATES
8,,CROPS,ALL PRODUCTION PRACTICES,2012-01-01 00:00:00.000,,,00,,CROP TOTALS,NOT SPECIFIED,02809,CROP TOTALS - OPERATIONS WITH SALES,2007,,ALL CLASSES,00,ANNUAL,,ALL UTILIZATION PRACTICES,RI,44,,,00000000,,OPERATIONS,RHODE ISLAND,SALES,,ZIP CODE,YEAR,CROP TOTALS,02809,9000,CENSUS,TOTAL,44,UNITED STATES
1,,CROPS,ALL PRODUCTION PRACTICES,2024-11-07 12:00:00.000,,,00,,CROP TOTALS,NOT SPECIFIED,02812,CROP TOTALS - OPERATIONS WITH SALES,2022,,ALL CLASSES,00,ANNUAL,,ALL UTILIZATION PRACTICES,RI,44,,,00000000,,OPERATIONS,RHODE ISLAND,SALES,,ZIP CODE,YEAR,CROP TOTALS,02812,9000,CENSUS,TOTAL,44,UNITED STATES
7,,CROPS,ALL PRODUCTION PRACTICES,2018-02-01 12:00:00.000,,,00,,CROP TOTALS,NOT SPECIFIED,02812,CROP TOTALS - OPERATIONS WITH SALES,2017,,ALL CLASSES,00,ANNUAL,,ALL UTILIZATION PRACTICES,RI,44,,,00000000,,OPERATIONS,RHODE ISLAND,SALES,,ZIP CODE,YEAR,CROP TOTALS,02812,9000,CENSUS,TOTAL,44,UNITED STATES
2,,CROPS,ALL PRODUCTION PRACTICES,2012-01-01 00:00:00.000,,,00,,CROP TOTALS,NOT SPECIFIED,02812,CROP TOTALS - OPERATIONS WITH SALES,2007,,ALL CLASSES,00,ANNUAL,,ALL UTILIZATION PRACTICES,RI,44,,,00000000,,OPERATIONS,RHODE ISLAND,SALES,,ZIP CODE,YEAR,CROP TOTALS,02812,9000,CENSUS,TOTAL,44,UNITED STATES
17,,CROPS,ALL PRODUCTION PRACTICES,2024-11-07 12:00:00.000,,,00,,CROP TOTALS,NOT SPECIFIED,02813,CROP TOTALS - OPERATIONS WITH SALES,2022,,ALL CLASSES,00,ANNUAL,,ALL UTILIZATION PRACTICES,RI,44,,,00000000,,OPERATIONS,RHODE ISLAND,SALES,,ZIP CODE,YEAR,CROP TOTALS,02813,9000,CENSUS,TOTAL,44,UNITED STATES
15,,CROPS,ALL PRODUCTION PRACTICES,2018-02-01 12:00:00.000,,,00,,CROP TOTALS,NOT SPECIFIED,02813,CROP TOTALS - OPERATIONS WITH SALES,2017,,ALL CLASSES,00,ANNUAL,,ALL UTILIZATION PRACTICES,RI,44,,,00000000,,OPERATIONS,RHODE ISLAND,SALES,,ZIP CODE,YEAR,CROP TOTALS,02813,9000,CENSUS,TOTAL,44,UNITED STATES
12,,CROPS,ALL PRODUCTION PRACTICES,2012-01-01 00:00:00.000,,,00,,CROP TOTALS,NOT SPECIFIED,02813,CROP TOTALS - OPERATIONS WITH SALES,2007,,ALL CLASSES,00,ANNUAL,,ALL UTILIZATION PRACTICES,RI,44,,,00000000,,OPERATIONS,RHODE ISLAND,SALES,,ZIP CODE,YEAR,CROP TOTALS,02813,9000,CENSUS,TOTAL,44,UNITED STATES
11,,CROPS,ALL PRODUCTION PRACTICES,2024-11-07 12:00:00.000,,,00,,CROP TOTALS,NOT SPECIFIED,02814,CROP TOTALS - OPERATIONS WITH SALES,2022,,ALL CLASSES,00,ANNUAL,,ALL UTILIZATION PRACTICES,RI,44,,,00000000,,OPERATIONS,RHODE ISLAND,SALES,,ZIP CODE,YEAR,CROP TOTALS,02814,9000,CENSUS,TOTAL,44,UNITED STATES
19,,CROPS,ALL PRODUCTION PRACTICES,2018-02-01 12:00:00.000,,,00,,CROP TOTALS,NOT SPECIFIED,02814,CROP TOTALS - OPERATIONS WITH SALES,2017,,ALL CLASSES,00,ANNUAL,,ALL UTILIZATION PRACTICES,RI,44,,,00000000,,OPERATIONS,RHODE ISLAND,SALES,,ZIP CODE,YEAR,CROP TOTALS,02814,9000,CENSUS,TOTAL,44,UNITED STATES
32,,CROPS,ALL PRODUCTION PRACTICES,2012-01-01 00:00:00.000,,,00,,CROP TOTALS,NOT SPECIFIED,02814,CROP TOTALS - OPERATIONS WITH SALES,2007,,ALL CLASSES,00,ANNUAL,,ALL UTILIZATION PRACTICES,RI,44,,,00000000,,OPERATIONS,RHODE ISLAND,SALES,,ZIP CODE,YEAR,CROP TOTALS,02814,9000,CENSUS,TOTAL,44,UNITED STATES
8,,CROPS,ALL PRODUCTION PRACTICES,2024-11-07 12:00:00.000,,,00,,CROP TOTALS,NOT SPECIFIED,02816,CROP TOTALS - OPERATIONS WITH SALES,2022,,ALL CLASSES,00,ANNUAL,,ALL UTILIZATION PRACTICES,RI,44,,,00000000,,OPERATIONS,RHODE ISLAND,SALES,,ZIP CODE,YEAR,CROP TOTALS,02816,9000,CENSUS,TOTAL,44,UNITED STATES
7,,CROPS,ALL PRODUCTION PRACTICES,2018-02-01 12:00:00.000,,,00,,CROP TOTALS,NOT SPECIFIED,02816,CROP TOTALS - OPERATIONS WITH SALES,2017,,ALL CLASSES,00,ANNUAL,,ALL UTILIZATION PRACTICES,RI,44,,,00000000,,OPERATIONS,RHODE ISLAND,SALES,,ZIP CODE,YEAR,CROP TOTALS,02816,9000,CENSUS,TOTAL,44,UNITED STATES
13,,CROPS,ALL PRODUCTION PRACTICES,2012-01-01 00:00:00.000,,,00,,CROP TOTALS,NOT SPECIFIED,02816,CROP TOTALS - OPERATIONS WITH SALES,2007,,ALL CLASSES,00,ANNUAL,,ALL UTILIZATION PRACTICES,RI,44,,,00000000,,OPERATIONS,RHODE ISLAND,SALES,,ZIP CODE,YEAR,CROP TOTALS,02816,9000,CENSUS,TOTAL,44,UNITED STATES
15,,CROPS,ALL PRODUCTION PRACTICES,2024-11-07 12:00:00.000,,,00,,CROP TOTALS,NOT SPECIFIED,02817,CROP TOTALS - OPERATIONS WITH SALES,2022,,ALL CLASSES,00,ANNUAL,,ALL UTILIZATION PRACTICES,RI,44,,,00000000,,OPERATIONS,RHODE ISLAND,SALES,,ZIP CODE,YEAR,CROP TOTALS,02817,9000,CENSUS,TOTAL,44,UNITED STATES
12,,CROPS,ALL PRODUCTION PRACTICES,2018-02-01 12:00:00.000,,,00,,CROP TOTALS,NOT SPECIFIED,02817,CROP TOTALS - OPERATIONS WITH SALES,2017,,ALL CLASSES,00,ANNUAL,,ALL UTILIZATION PRACTICES,RI,44,,,00000000,,OPERATIONS,RHODE ISLAND,SALES,,ZIP CODE,YEAR,CROP TOTALS,02817,9000,CENSUS,TOTAL,44,UNITED STATES
21,,CROPS,ALL PRODUCTION PRACTICES,2012-01-01 00:00:00.000,,,00,,CROP TOTALS,NOT SPECIFIED,02817,CROP TOTALS - OPERATIONS WITH SALES,2007,,ALL CLASSES,00,ANNUAL,,ALL UTILIZATION PRACTICES,RI,44,,,00000000,,OPERATIONS,RHODE ISLAND,SALES,,ZIP CODE,YEAR,CROP TOTALS,02817,9000,CENSUS,TOTAL,44,UNITED STATES
5,,CROPS,ALL PRODUCTION PRACTICES,2024-11-07 12:00:00.000,,,00,,CROP TOTALS,NOT SPECIFIED,02818,CROP TOTALS - OPERATIONS WITH SALES,2022,,ALL CLASSES,00,ANNUAL,,ALL UTILIZATION PRACTICES,RI,44,,,00000000,,OPERATIONS,RHODE ISLAND,SALES,,ZIP CODE,YEAR,CROP TOTALS,02818,9000,CENSUS,TOTAL,44,UNITED STATES
8,,CROPS,ALL PRODUCTION PRACTICES,2018-02-01 12:00:00.000,,,00,,CROP TOTALS,NOT SPECIFIED,02818,CROP TOTALS - OPERATIONS WITH SALES,2017,,ALL CLASSES,00,ANNUAL,,ALL UTILIZATION PRACTICES,RI,44,,,00000000,,OPERATIONS,RHODE ISLAND,SALES,,ZIP CODE,YEAR,CROP TOTALS,02818,9000,CENSUS,TOTAL,44,UNITED STATES
13,,CROPS,ALL PRODUCTION PRACTICES,2012-01-01 00:00:00.000,,,00,,CROP TOTALS,NOT SPECIFIED,02818,CROP TOTALS - OPERATIONS WITH SALES,2007,,ALL CLASSES,00,ANNUAL,,ALL UTILIZATION PRACTICES,RI,44,,,00000000,,OPERATIONS,RHODE ISLAND,SALES,,ZIP CODE,YEAR,CROP TOTALS,02818,9000,CENSUS,TOTAL,44,UNITED STATES
26,,CROPS,ALL PRODUCTION PRACTICES,2024-11-07 12:00:00.000,,,00,,CROP TOTALS,NOT SPECIFIED,02822,CROP TOTALS - OPERATIONS WITH SALES,2022,,ALL CLASSES,00,ANNUAL,,ALL UTILIZATION PRACTICES,RI,44,,,00000000,,OPERATIONS,RHODE ISLAND,SALES,,ZIP CODE,YEAR,CROP TOTALS,02822,9000,CENSUS,TOTAL,44,UNITED STATES
36,,CROPS,ALL PRODUCTION PRACTICES,2018-02-01 12:00:00.000,,,00,,CROP TOTALS,NOT SPECIFIED,02822,CROP TOTALS - OPERATIONS WITH SALES,2017,,ALL CLASSES,00,ANNUAL,,ALL UTILIZATION PRACTICES,RI,44,,,00000000,,OPERATIONS,RHODE ISLAND,SALES,,ZIP CODE,YEAR,CROP TOTALS,02822,9000,CENSUS,TOTAL,44,UNITED STATES
42,,CROPS,ALL PRODUCTION PRACTICES,2012-01-01 00:00:00.000,,,00,,CROP TOTALS,NOT SPECIFIED,02822,CROP TOTALS - OPERATIONS WITH SALES,2007,,ALL CLASSES,00,ANNUAL,,ALL UTILIZATION PRACTICES,RI,44,,,00000000,,OPERATIONS,RHODE ISLAND,SALES,,ZIP CODE,YEAR,CROP TOTALS,02822,9000,CENSUS,TOTAL,44,UNITED STATES
37,,CROPS,ALL PRODUCTION PRACTICES,2024-11-07 12:00:00.000,,,00,,CROP TOTALS,NOT SPECIFIED,02825,CROP TOTALS - OPERATIONS WITH SALES,2022,,ALL CLASSES,00,ANNUAL,,ALL UTILIZATION PRACTICES,RI,44,,,00000000,,OPERATIONS,RHODE ISLAND,SALES,,ZIP CODE,YEAR,CROP TOTALS,02825,9000,CENSUS,TOTAL,44,UNITED STATES
33,,CROPS,ALL PRODUCTION PRACTICES,2018-02-01 12:00:00.000,,,00,,CROP TOTALS,NOT SPECIFIED,02825,CROP TOTALS - OPERATIONS WITH SALES,2017,,ALL CLASSES,00,ANNUAL,,ALL UTILIZATION PRACTICES,RI,44,,,00000000,,OPERATIONS,RHODE ISLAND,SALES,,ZIP CODE,YEAR,CROP TOTALS,02825,9000,CENSUS,TOTAL,44,UNITED STATES
36,,CROPS,ALL PRODUCTION PRACTICES,2012-01-01 00:00:00.000,,,00,,CROP TOTALS,NOT SPECIFIED,02825,CROP TOTALS - OPERATIONS WITH SALES,2007,,ALL CLASSES,00,ANNUAL,,ALL UTILIZATION PRACTICES,RI,44,,,00000000,,OPERATIONS,RHODE ISLAND,SALES,,ZIP CODE,YEAR,CROP TOTALS,02825,9000,CENSUS,TOTAL,44,UNITED STATES
2,,CROPS,ALL PRODUCTION PRACTICES,2024-11-07 12:00:00.000,,,00,,CROP TOTALS,NOT SPECIFIED,02826,CROP TOTALS - OPERATIONS WITH SALES,2022,,ALL CLASSES,00,ANNUAL,,ALL UTILIZATION PRACTICES,RI,44,,,00000000,,OPERATIONS,RHODE ISLAND,SALES,,ZIP CODE,YEAR,CROP TOTALS,02826,9000,CENSUS,TOTAL,44,UNITED STATES
13,,CROPS,ALL PRODUCTION PRACTICES,2024-11-07 12:00:00.000,,,00,,CROP TOTALS,NOT SPECIFIED,02827,CROP TOTALS - OPERATIONS WITH SALES,2022,,ALL CLASSES,00,ANNUAL,,ALL UTILIZATION PRACTICES,RI,44,,,00000000,,OPERATIONS,RHODE ISLAND,SALES,,ZIP CODE,YEAR,CROP TOTALS,02827,9000,CENSUS,TOTAL,44,UNITED STATES
12,,CROPS,ALL PRODUCTION PRACTICES,2018-02-01 12:00:00.000,,,00,,CROP TOTALS,NOT SPECIFIED,02827,CROP TOTALS - OPERATIONS WITH SALES,2017,,ALL CLASSES,00,ANNUAL,,ALL UTILIZATION PRACTICES,RI,44,,,00000000,,OPERATIONS,RHODE ISLAND,SALES,,ZIP CODE,YEAR,CROP TOTALS,02827,9000,CENSUS,TOTAL,44,UNITED STATES
19,,CROPS,ALL PRODUCTION PRACTICES,2012-01-01 00:00:00.000,,,00,,CROP TOTALS,NOT SPECIFIED,02827,CROP TOTALS - OPERATIONS WITH SALES,2007,,ALL CLASSES,00,ANNUAL,,ALL UTILIZATION PRACTICES,RI,44,,,00000000,,OPERATIONS,RHODE ISLAND,SALES,,ZIP CODE,YEAR,CROP TOTALS,02827,9000,CENSUS,TOTAL,44,UNITED STATES
7,,CROPS,ALL PRODUCTION PRACTICES,2024-11-07 12:00:00.000,,,00,,CROP TOTALS,NOT SPECIFIED,02828,CROP TOTALS - OPERATIONS WITH SALES,2022,,ALL CLASSES,00,ANNUAL,,ALL UTILIZATION PRACTICES,RI,44,,,00000000,,OPERATIONS,RHODE ISLAND,SALES,,ZIP CODE,YEAR,CROP TOTALS,02828,9000,CENSUS,TOTAL,44,UNITED STATES
4,,CROPS,ALL PRODUCTION PRACTICES,2018-02-01 12:00:00.000,,,00,,CROP TOTALS,NOT SPECIFIED,02828,CROP TOTALS - OPERATIONS WITH SALES,2017,,ALL CLASSES,00,ANNUAL,,ALL UTILIZATION PRACTICES,RI,44,,,00000000,,OPERATIONS,RHODE ISLAND,SALES,,ZIP CODE,YEAR,CROP TOTALS,02828,9000,CENSUS,TOTAL,44,UNITED STATES
6,,CROPS,ALL PRODUCTION PRACTICES,2012-01-01 00:00:00.000,,,00,,CROP TOTALS,NOT SPECIFIED,02828,CROP TOTALS - OPERATIONS WITH SALES,2007,,ALL CLASSES,00,ANNUAL,,ALL UTILIZATION PRACTICES,RI,44,,,00000000,,OPERATIONS,RHODE ISLAND,SALES,,ZIP CODE,YEAR,CROP TOTALS,02828,9000,CENSUS,TOTAL,44,UNITED STATES
7,,CROPS,ALL PRODUCTION PRACTICES,2024-11-07 12:00:00.000,,,00,,CROP TOTALS,NOT SPECIFIED,02829,CROP TOTALS - OPERATIONS WITH SALES,2022,,ALL CLASSES,00,ANNUAL,,ALL UTILIZATION PRACTICES,RI,44,,,00000000,,OPERATIONS,RHODE ISLAND,SALES,,ZIP CODE,YEAR,CROP TOTALS,02829,9000,CENSUS,TOTAL,44,UNITED STATES
2,,CROPS,ALL PRODUCTION PRACTICES,2018-02-01 12:00:00.000,,,00,,CROP TOTALS,NOT SPECIFIED,02829,CROP TOTALS - OPERATIONS WITH SALES,2017,,ALL CLASSES,00,ANNUAL,,ALL UTILIZATION PRACTICES,RI,44,,,00000000,,OPERATIONS,RHODE ISLAND,SALES,,ZIP CODE,YEAR,CROP TOTALS,02829,9000,CENSUS,TOTAL,44,UNITED STATES
3,,CROPS,ALL PRODUCTION PRACTICES,2012-01-01 00:00:00.000,,,00,,CROP TOTALS,NOT SPECIFIED,02829,CROP TOTALS - OPERATIONS WITH SALES,2007,,ALL CLASSES,00,ANNUAL,,ALL UTILIZATION PRACTICES,RI,44,,,00000000,,OPERATIONS,RHODE ISLAND,SALES,,ZIP CODE,YEAR,CROP TOTALS,02829,9000,CENSUS,TOTAL,44,UNITED STATES
3,,CROPS,ALL PRODUCTION PRACTICES,2024-11-07 12:00:00.000,,,00,,CROP TOTALS,NOT SPECIFIED,02830,CROP TOTALS - OPERATIONS WITH SALES,2022,,ALL CLASSES,00,ANNUAL,,ALL UTILIZATION PRACTICES,RI,44,,,00000000,,OPERATIONS,RHODE ISLAND,SALES,,ZIP CODE,YEAR,CROP TOTALS,02830,9000,CENSUS,TOTAL,44,UNITED STATES
3,,CROPS,ALL PRODUCTION PRACTICES,2018-02-01 12:00:00.000,,,00,,CROP TOTALS,NOT SPECIFIED,02830,CROP TOTALS - OPERATIONS WITH SALES,2017,,ALL CLASSES,00,ANNUAL,,ALL UTILIZATION PRACTICES,RI,44,,,00000000,,OPERATIONS,RHODE ISLAND,SALES,,ZIP CODE,YEAR,CROP TOTALS,02830,9000,CENSUS,TOTAL,44,UNITED STATES
12,,CROPS,ALL PRODUCTION PRACTICES,2012-01-01 00:00:00.000,,,00,,CROP TOTALS,NOT SPECIFIED,02830,CROP TOTALS - OPERATIONS WITH SALES,2007,,ALL CLASSES,00,ANNUAL,,ALL UTILIZATION PRACTICES,RI,44,,,00000000,,OPERATIONS,RHODE ISLAND,SALES,,ZIP CODE,YEAR,CROP TOTALS,02830,9000,CENSUS,TOTAL,44,UNITED STATES
6,,CROPS,ALL PRODUCTION PRACTICES,2024-11-07 12:00:00.000,,,00,,CROP TOTALS,NOT SPECIFIED,02831,CROP TOTALS - OPERATIONS WITH SALES,2022,,ALL CLASSES,00,ANNUAL,,ALL UTILIZATION PRACTICES,RI,44,,,00000000,,OPERATIONS,RHODE ISLAND,SALES,,ZIP CODE,YEAR,CROP TOTALS,02831,9000,CENSUS,TOTAL,44,UNITED STATES
4,,CROPS,ALL PRODUCTION PRACTICES,2018-02-01 12:00:00.000,,,00,,CROP TOTALS,NOT SPECIFIED,02831,CROP TOTALS - OPERATIONS WITH SALES,2017,,ALL CLASSES,00,ANNUAL,,ALL UTILIZATION PRACTICES,RI,44,,,00000000,,OPERATIONS,RHODE ISLAND,SALES,,ZIP CODE,YEAR,CROP TOTALS,02831,9000,CENSUS,TOTAL,44,UNITED STATES
9,,CROPS,ALL PRODUCTION PRACTICES,2012-01-01 00:00:00.000,,,00,,CROP TOTALS,NOT SPECIFIED,02831,CROP TOTALS - OPERATIONS WITH SALES,2007,,ALL CLASSES,00,ANNUAL,,ALL UTILIZATION PRACTICES,RI,44,,,00000000,,OPERATIONS,RHODE ISLAND,SALES,,ZIP CODE,YEAR,CROP TOTALS,02831,9000,CENSUS,TOTAL,44,UNITED STATES
9,,CROPS,ALL PRODUCTION PRACTICES,2024-11-07 12:00:00.000,,,00,,CROP TOTALS,NOT SPECIFIED,02832,CROP TOTALS - OPERATIONS WITH SALES,2022,,ALL CLASSES,00,ANNUAL,,ALL UTILIZATION PRACTICES,RI,44,,,00000000,,OPERATIONS,RHODE ISLAND,SALES,,ZIP CODE,YEAR,CROP TOTALS,02832,9000,CENSUS,TOTAL,44,UNITED STATES
16,,CROPS,ALL PRODUCTION PRACTICES,2018-02-01 12:00:00.000,,,00,,CROP TOTALS,NOT SPECIFIED,02832,CROP TOTALS - OPERATIONS WITH SALES,2017,,ALL CLASSES,00,ANNUAL,,ALL UTILIZATION PRACTICES,RI,44,,,00000000,,OPERATIONS,RHODE ISLAND,SALES,,ZIP CODE,YEAR,CROP TOTALS,02832,9000,CENSUS,TOTAL,44,UNITED STATES
22,,CROPS,ALL PRODUCTION PRACTICES,2012-01-01 00:00:00.000,,,00,,CROP TOTALS,NOT SPECIFIED,02832,CROP TOTALS - OPERATIONS WITH SALES,2007,,ALL CLASSES,00,ANNUAL,,ALL UTILIZATION PRACTICES,RI,44,,,00000000,,OPERATIONS,RHODE ISLAND,SALES,,ZIP CODE,YEAR,CROP TOTALS,02832,9000,CENSUS,TOTAL,44,UNITED STATES
2,,CROPS,ALL PRODUCTION PRACTICES,2018-02-01 12:00:00.000,,,00,,CROP TOTALS,NOT SPECIFIED,02833,CROP TOTALS - OPERATIONS WITH SALES,2017,,ALL CLASSES,00,ANNUAL,,ALL UTILIZATION PRACTICES,RI,44,,,00000000,,OPERATIONS,RHODE ISLAND,SALES,,ZIP CODE,YEAR,CROP TOTALS,02833,9000,CENSUS,TOTAL,44,UNITED STATES
3,,CROPS,ALL PRODUCTION PRACTICES,2012-01-01 00:00:00.000,,,00,,CROP TOTALS,NOT SPECIFIED,02833,CROP TOTALS - OPERATIONS WITH SALES,2007,,ALL CLASSES,00,ANNUAL,,ALL UTILIZATION PRACTICES,RI,44,,,00000000,,OPERATIONS,RHODE ISLAND,SALES,,ZIP CODE,YEAR,CROP TOTALS,02833,9000,CENSUS,TOTAL,44,UNITED STATES
10,,CROPS,ALL PRODUCTION PRACTICES,2024-11-07 12:00:00.000,,,00,,CROP TOTALS,NOT SPECIFIED,02835,CROP TOTALS - OPERATIONS WITH SALES,2022,,ALL CLASSES,00,ANNUAL,,ALL UTILIZATION PRACTICES,RI,44,,,00000000,,OPERATIONS,RHODE ISLAND,SALES,,ZIP CODE,YEAR,CROP TOTALS,02835,9000,CENSUS,TOTAL,44,UNITED STATES
8,,CROPS,ALL PRODUCTION PRACTICES,2018-02-01 12:00:00.000,,,00,,CROP TOTALS,NOT SPECIFIED,02835,CROP TOTALS - OPERATIONS WITH SALES,2017,,ALL CLASSES,00,ANNUAL,,ALL UTILIZATION PRACTICES,RI,44,,,00000000,,OPERATIONS,RHODE ISLAND,SALES,,ZIP CODE,YEAR,CROP TOTALS,02835,9000,CENSUS,TOTAL,44,UNITED STATES
9,,CROPS,ALL PRODUCTION PRACTICES,2012-01-01 00:00:00.000,,,00,,CROP TOTALS,NOT SPECIFIED,02835,CROP TOTALS - OPERATIONS WITH SALES,2007,,ALL CLASSES,00,ANNUAL,,ALL UTILIZATION PRACTICES,RI,44,,,00000000,,OPERATIONS,RHODE ISLAND,SALES,,ZIP CODE,YEAR,CROP TOTALS,02835,9000,CENSUS,TOTAL,44,UNITED STATES
22,,CROPS,ALL PRODUCTION PRACTICES,2024-11-07 12:00:00.000,,,00,,CROP TOTALS,NOT SPECIFIED,02837,CROP TOTALS - OPERATIONS WITH SALES,2022,,ALL CLASSES,00,ANNUAL,,ALL UTILIZATION PRACTICES,RI,44,,,00000000,,OPERATIONS,RHODE ISLAND,SALES,,ZIP CODE,YEAR,CROP TOTALS,02837,9000,CENSUS,TOTAL,44,UNITED STATES
29,,CROPS,ALL PRODUCTION PRACTICES,2018-02-01 12:00:00.000,,,00,,CROP TOTALS,NOT SPECIFIED,02837,CROP TOTALS - OPERATIONS WITH SALES,2017,,ALL CLASSES,00,ANNUAL,,ALL UTILIZATION PRACTICES,RI,44,,,00000000,,OPERATIONS,RHODE ISLAND,SALES,,ZIP CODE,YEAR,CROP TOTALS,02837,9000,CENSUS,TOTAL,44,UNITED STATES
36,,CROPS,ALL PRODUCTION PRACTICES,2012-01-01 00:00:00.000,,,00,,CROP TOTALS,NOT SPECIFIED,02837,CROP TOTALS - OPERATIONS WITH SALES,2007,,ALL CLASSES,00,ANNUAL,,ALL UTILIZATION PRACTICES,RI,44,,,00000000,,OPERATIONS,RHODE ISLAND,SALES,,ZIP CODE,YEAR,CROP TOTALS,02837,9000,CENSUS,TOTAL,44,UNITED STATES
1,,CROPS,ALL PRODUCTION PRACTICES,2024-11-07 12:00:00.000,,,00,,CROP TOTALS,NOT SPECIFIED,02839,CROP TOTALS - OPERATIONS WITH SALES,2022,,ALL CLASSES,00,ANNUAL,,ALL UTILIZATION PRACTICES,RI,44,,,00000000,,OPERATIONS,RHODE ISLAND,SALES,,ZIP CODE,YEAR,CROP TOTALS,02839,9000,CENSUS,TOTAL,44,UNITED STATES
1,,CROPS,ALL PRODUCTION PRACTICES,2012-01-01 00:00:00.000,,,00,,CROP TOTALS,NOT SPECIFIED,02839,CROP TOTALS - OPERATIONS WITH SALES,2007,,ALL CLASSES,00,ANNUAL,,ALL UTILIZATION PRACTICES,RI,44,,,00000000,,OPERATIONS,RHODE ISLAND,SALES,,ZIP CODE,YEAR,CROP TOTALS,02839,9000,CENSUS,TOTAL,44,UNITED STATES
8,,CROPS,ALL PRODUCTION PRACTICES,2024-11-07 12:00:00.000,,,00,,CROP TOTALS,NOT SPECIFIED,02842,CROP TOTALS - OPERATIONS WITH SALES,2022,,ALL CLASSES,00,ANNUAL,,ALL UTILIZATION PRACTICES,RI,44,,,00000000,,OPERATIONS,RHODE ISLAND,SALES,,ZIP CODE,YEAR,CROP TOTALS,02842,9000,CENSUS,TOTAL,44,UNITED STATES
12,,CROPS,ALL PRODUCTION PRACTICES,2018-02-01 12:00:00.000,,,00,,CROP TOTALS,NOT SPECIFIED,02842,CROP TOTALS - OPERATIONS WITH SALES,2017,,ALL CLASSES,00,ANNUAL,,ALL UTILIZATION PRACTICES,RI,44,,,00000000,,OPERATIONS,RHODE ISLAND,SALES,,ZIP CODE,YEAR,CROP TOTALS,02842,9000,CENSUS,TOTAL,44,UNITED STATES
17,,CROPS,ALL PRODUCTION PRACTICES,2012-01-01 00:00:00.000,,,00,,CROP TOTALS,NOT SPECIFIED,02842,CROP TOTALS - OPERATIONS WITH SALES,2007,,ALL CLASSES,00,ANNUAL,,ALL UTILIZATION PRACTICES,RI,44,,,00000000,,OPERATIONS,RHODE ISLAND,SALES,,ZIP CODE,YEAR,CROP TOTALS,02842,9000,CENSUS,TOTAL,44,UNITED STATES
15,,CROPS,ALL PRODUCTION PRACTICES,2024-11-07 12:00:00.000,,,00,,CROP TOTALS,NOT SPECIFIED,02852,CROP TOTALS - OPERATIONS WITH SALES,2022,,ALL CLASSES,00,ANNUAL,,ALL UTILIZATION PRACTICES,RI,44,,,00000000,,OPERATIONS,RHODE ISLAND,SALES,,ZIP CODE,YEAR,CROP TOTALS,02852,9000,CENSUS,TOTAL,44,UNITED STATES
15,,CROPS,ALL PRODUCTION PRACTICES,2018-02-01 12:00:00.000,,,00,,CROP TOTALS,NOT SPECIFIED,02852,CROP TOTALS - OPERATIONS WITH SALES,2017,,ALL CLASSES,00,ANNUAL,,ALL UTILIZATION PRACTICES,RI,44,,,00000000,,OPERATIONS,RHODE ISLAND,SALES,,ZIP CODE,YEAR,CROP TOTALS,02852,9000,CENSUS,TOTAL,44,UNITED STATES
14,,CROPS,ALL PRODUCTION PRACTICES,2012-01-01 00:00:00.000,,,00,,CROP TOTALS,NOT SPECIFIED,02852,CROP TOTALS - OPERATIONS WITH SALES,2007,,ALL CLASSES,00,ANNUAL,,ALL UTILIZATION PRACTICES,RI,44,,,00000000,,OPERATIONS,RHODE ISLAND,SALES,,ZIP CODE,YEAR,CROP TOTALS,02852,9000,CENSUS,TOTAL,44,UNITED STATES
20,,CROPS,ALL PRODUCTION PRACTICES,2024-11-07 12:00:00.000,,,00,,CROP TOTALS,NOT SPECIFIED,02857,CROP TOTALS - OPERATIONS WITH SALES,2022,,ALL CLASSES,00,ANNUAL,,ALL UTILIZATION PRACTICES,RI,44,,,00000000,,OPERATIONS,RHODE ISLAND,SALES,,ZIP CODE,YEAR,CROP TOTALS,02857,9000,CENSUS,TOTAL,44,UNITED STATES
19,,CROPS,ALL PRODUCTION PRACTICES,2018-02-01 12:00:00.000,,,00,,CROP TOTALS,NOT SPECIFIED,02857,CROP TOTALS - OPERATIONS WITH SALES,2017,,ALL CLASSES,00,ANNUAL,,ALL UTILIZATION PRACTICES,RI,44,,,00000000,,OPERATIONS,RHODE ISLAND,SALES,,ZIP CODE,YEAR,CROP TOTALS,02857,9000,CENSUS,TOTAL,44,UNITED STATES
32,,CROPS,ALL PRODUCTION PRACTICES,2012-01-01 00:00:00.000,,,00,,CROP TOTALS,NOT SPECIFIED,02857,CROP TOTALS - OPERATIONS WITH SALES,2007,,ALL CLASSES,00,ANNUAL,,ALL UTILIZATION PRACTICES,RI,44,,,00000000,,OPERATIONS,RHODE ISLAND,SALES,,ZIP CODE,YEAR,CROP TOTALS,02857,9000,CENSUS,TOTAL,44,UNITED STATES
8,,CROPS,ALL PRODUCTION PRACTICES,2024-11-07 12:00:00.000,,,00,,CROP TOTALS,NOT SPECIFIED,02859,CROP TOTALS - OPERATIONS WITH SALES,2022,,ALL CLASSES,00,ANNUAL,,ALL UTILIZATION PRACTICES,RI,44,,,00000000,,OPERATIONS,RHODE ISLAND,SALES,,ZIP CODE,YEAR,CROP TOTALS,02859,9000,CENSUS,TOTAL,44,UNITED STATES
5,,CROPS,ALL PRODUCTION PRACTICES,2018-02-01 12:00:00.000,,,00,,CROP TOTALS,NOT SPECIFIED,02859,CROP TOTALS - OPERATIONS WITH SALES,2017,,ALL CLASSES,00,ANNUAL,,ALL UTILIZATION PRACTICES,RI,44,,,00000000,,OPERATIONS,RHODE ISLAND,SALES,,ZIP CODE,YEAR,CROP TOTALS,02859,9000,CENSUS,TOTAL,44,UNITED STATES
10,,CROPS,ALL PRODUCTION PRACTICES,2012-01-01 00:00:00.000,,,00,,CROP TOTALS,NOT SPECIFIED,02859,CROP TOTALS - OPERATIONS WITH SALES,2007,,ALL CLASSES,00,ANNUAL,,ALL UTILIZATION PRACTICES,RI,44,,,00000000,,OPERATIONS,RHODE ISLAND,SALES,,ZIP CODE,YEAR,CROP TOTALS,02859,9000,CENSUS,TOTAL,44,UNITED STATES
2,,CROPS,ALL PRODUCTION PRACTICES,2024-11-07 12:00:00.000,,,00,,CROP TOTALS,NOT SPECIFIED,02860,CROP TOTALS - OPERATIONS WITH SALES,2022,,ALL CLASSES,00,ANNUAL,,ALL UTILIZATION PRACTICES,RI,44,,,00000000,,OPERATIONS,RHODE ISLAND,SALES,,ZIP CODE,YEAR,CROP TOTALS,02860,9000,CENSUS,TOTAL,44,UNITED STATES
11,,CROPS,ALL PRODUCTION PRACTICES,2024-11-07 12:00:00.000,,,00,,CROP TOTALS,NOT SPECIFIED,02864,CROP TOTALS - OPERATIONS WITH SALES,2022,,ALL CLASSES,00,ANNUAL,,ALL UTILIZATION PRACTICES,RI,44,,,00000000,,OPERATIONS,RHODE ISLAND,SALES,,ZIP CODE,YEAR,CROP TOTALS,02864,9000,CENSUS,TOTAL,44,UNITED STATES
19,,CROPS,ALL PRODUCTION PRACTICES,2018-02-01 12:00:00.000,,,00,,CROP TOTALS,NOT SPECIFIED,02864,CROP TOTALS - OPERATIONS WITH SALES,2017,,ALL CLASSES,00,ANNUAL,,ALL UTILIZATION PRACTICES,RI,44,,,00000000,,OPERATIONS,RHODE ISLAND,SALES,,ZIP CODE,YEAR,CROP TOTALS,02864,9000,CENSUS,TOTAL,44,UNITED STATES
22,,CROPS,ALL PRODUCTION PRACTICES,2012-01-01 00:00:00.000,,,00,,CROP TOTALS,NOT SPECIFIED,02864,CROP TOTALS - OPERATIONS WITH SALES,2007,,ALL CLASSES,00,ANNUAL,,ALL UTILIZATION PRACTICES,RI,44,,,00000000,,OPERATIONS,RHODE ISLAND,SALES,,ZIP CODE,YEAR,CROP TOTALS,02864,9000,CENSUS,TOTAL,44,UNITED STATES
10,,CROPS,ALL PRODUCTION PRACTICES,2024-11-07 12:00:00.000,,,00,,CROP TOTALS,NOT SPECIFIED,02865,CROP TOTALS - OPERATIONS WITH SALES,2022,,ALL CLASSES,00,ANNUAL,,ALL UTILIZATION PRACTICES,RI,44,,,00000000,,OPERATIONS,RHODE ISLAND,SALES,,ZIP CODE,YEAR,CROP TOTALS,02865,9000,CENSUS,TOTAL,44,UNITED STATES
4,,CROPS,ALL PRODUCTION PRACTICES,2018-02-01 12:00:00.000,,,00,,CROP TOTALS,NOT SPECIFIED,02865,CROP TOTALS - OPERATIONS WITH SALES,2017,,ALL CLASSES,00,ANNUAL,,ALL UTILIZATION PRACTICES,RI,44,,,00000000,,OPERATIONS,RHODE ISLAND,SALES,,ZIP CODE,YEAR,CROP TOTALS,02865,9000,CENSUS,TOTAL,44,UNITED STATES
9,,CROPS,ALL PRODUCTION PRACTICES,2012-01-01 00:00:00.000,,,00,,CROP TOTALS,NOT SPECIFIED,02865,CROP TOTALS - OPERATIONS WITH SALES,2007,,ALL CLASSES,00,ANNUAL,,ALL UTILIZATION PRACTICES,RI,44,,,00000000,,OPERATIONS,RHODE ISLAND,SALES,,ZIP CODE,YEAR,CROP TOTALS,02865,9000,CENSUS,TOTAL,44,UNITED STATES
29,,CROPS,ALL PRODUCTION PRACTICES,2024-11-07 12:00:00.000,,,00,,CROP TOTALS,NOT SPECIFIED,02871,CROP TOTALS - OPERATIONS WITH SALES,2022,,ALL CLASSES,00,ANNUAL,,ALL UTILIZATION PRACTICES,RI,44,,,00000000,,OPERATIONS,RHODE ISLAND,SALES,,ZIP CODE,YEAR,CROP TOTALS,02871,9000,CENSUS,TOTAL,44,UNITED STATES
15,,CROPS,ALL PRODUCTION PRACTICES,2018-02-01 12:00:00.000,,,00,,CROP TOTALS,NOT SPECIFIED,02871,CROP TOTALS - OPERATIONS WITH SALES,2017,,ALL CLASSES,00,ANNUAL,,ALL UTILIZATION PRACTICES,RI,44,,,00000000,,OPERATIONS,RHODE ISLAND,SALES,,ZIP CODE,YEAR,CROP TOTALS,02871,9000,CENSUS,TOTAL,44,UNITED STATES
24,,CROPS,ALL PRODUCTION PRACTICES,2012-01-01 00:00:00.000,,,00,,CROP TOTALS,NOT SPECIFIED,02871,CROP TOTALS - OPERATIONS WITH SALES,2007,,ALL CLASSES,00,ANNUAL,,ALL UTILIZATION PRACTICES,RI,44,,,00000000,,OPERATIONS,RHODE ISLAND,SALES,,ZIP CODE,YEAR,CROP TOTALS,02871,9000,CENSUS,TOTAL,44,UNITED STATES
1,,CROPS,ALL PRODUCTION PRACTICES,2024-11-07 12:00:00.000,,,00,,CROP TOTALS,NOT SPECIFIED,02872,CROP TOTALS - OPERATIONS WITH SALES,2022,,ALL CLASSES,00,ANNUAL,,ALL UTILIZATION PRACTICES,RI,44,,,00000000,,OPERATIONS,RHODE ISLAND,SALES,,ZIP CODE,YEAR,CROP TOTALS,02872,9000,CENSUS,TOTAL,44,UNITED STATES
1,,CROPS,ALL PRODUCTION PRACTICES,2018-02-01 12:00:00.000,,,00,,CROP TOTALS,NOT SPECIFIED,02873,CROP TOTALS - OPERATIONS WITH SALES,2017,,ALL CLASSES,00,ANNUAL,,ALL UTILIZATION PRACTICES,RI,44,,,00000000,,OPERATIONS,RHODE ISLAND,SALES,,ZIP CODE,YEAR,CROP TOTALS,02873,9000,CENSUS,TOTAL,44,UNITED STATES
1,,CROPS,ALL PRODUCTION PRACTICES,2012-01-01 00:00:00.000,,,00,,CROP TOTALS,NOT SPECIFIED,02873,CROP TOTALS - OPERATIONS WITH SALES,2007,,ALL CLASSES,00,ANNUAL,,ALL UTILIZATION PRACTICES,RI,44,,,00000000,,OPERATIONS,RHODE ISLAND,SALES,,ZIP CODE,YEAR,CROP TOTALS,02873,9000,CENSUS,TOTAL,44,UNITED STATES
11,,CROPS,ALL PRODUCTION PRACTICES,2024-11-07 12:00:00.000,,,00,,CROP TOTALS,NOT SPECIFIED,02874,CROP TOTALS - OPERATIONS WITH SALES,2022,,ALL CLASSES,00,ANNUAL,,ALL UTILIZATION PRACTICES,RI,44,,,00000000,,OPERATIONS,RHODE ISLAND,SALES,,ZIP CODE,YEAR,CROP TOTALS,02874,9000,CENSUS,TOTAL,44,UNITED STATES
6,,CROPS,ALL PRODUCTION PRACTICES,2018-02-01 12:00:00.000,,,00,,CROP TOTALS,NOT SPECIFIED,02874,CROP TOTALS - OPERATIONS WITH SALES,2017,,ALL CLASSES,00,ANNUAL,,ALL UTILIZATION PRACTICES,RI,44,,,00000000,,OPERATIONS,RHODE ISLAND,SALES,,ZIP CODE,YEAR,CROP TOTALS,02874,9000,CENSUS,TOTAL,44,UNITED STATES
5,,CROPS,ALL PRODUCTION PRACTICES,2012-01-01 00:00:00.000,,,00,,CROP TOTALS,NOT SPECIFIED,02874,CROP TOTALS - OPERATIONS WITH SALES,2007,,ALL CLASSES,00,ANNUAL,,ALL UTILIZATION PRACTICES,RI,44,,,00000000,,OPERATIONS,RHODE ISLAND,SALES,,ZIP CODE,YEAR,CROP TOTALS,02874,9000,CENSUS,TOTAL,44,UNITED STATES
1,,CROPS,ALL PRODUCTION PRACTICES,2024-11-07 12:00:00.000,,,00,,CROP TOTALS,NOT SPECIFIED,02875,CROP TOTALS - OPERATIONS WITH SALES,2022,,ALL CLASSES,00,ANNUAL,,ALL UTILIZATION PRACTICES,RI,44,,,00000000,,OPERATIONS,RHODE ISLAND,SALES,,ZIP CODE,YEAR,CROP TOTALS,02875,9000,CENSUS,TOTAL,44,UNITED STATES
3,,CROPS,ALL PRODUCTION PRACTICES,2012-01-01 00:00:00.000,,,00,,CROP TOTALS,NOT SPECIFIED,02875,CROP TOTALS - OPERATIONS WITH SALES,2007,,ALL CLASSES,00,ANNUAL,,ALL UTILIZATION PRACTICES,RI,44,,,00000000,,OPERATIONS,RHODE ISLAND,SALES,,ZIP CODE,YEAR,CROP TOTALS,02875,9000,CENSUS,TOTAL,44,UNITED STATES
2,,CROPS,ALL PRODUCTION PRACTICES,2024-11-07 12:00:00.000,,,00,,CROP TOTALS,NOT SPECIFIED,02876,CROP TOTALS - OPERATIONS WITH SALES,2022,,ALL CLASSES,00,ANNUAL,,ALL UTILIZATION PRACTICES,RI,44,,,00000000,,OPERATIONS,RHODE ISLAND,SALES,,ZIP CODE,YEAR,CROP TOTALS,02876,9000,CENSUS,TOTAL,44,UNITED STATES
3,,CROPS,ALL PRODUCTION PRACTICES,2018-02-01 12:00:00.000,,,00,,CROP TOTALS,NOT SPECIFIED,02876,CROP TOTALS - OPERATIONS WITH SALES,2017,,ALL CLASSES,00,ANNUAL,,ALL UTILIZATION PRACTICES,RI,44,,,00000000,,OPERATIONS,RHODE ISLAND,SALES,,ZIP CODE,YEAR,CROP TOTALS,02876,9000,CENSUS,TOTAL,44,UNITED STATES
2,,CROPS,ALL PRODUCTION PRACTICES,2012-01-01 00:00:00.000,,,00,,CROP TOTALS,NOT SPECIFIED,02876,CROP TOTALS - OPERATIONS WITH SALES,2007,,ALL CLASSES,00,ANNUAL,,ALL UTILIZATION PRACTICES,RI,44,,,00000000,,OPERATIONS,RHODE ISLAND,SALES,,ZIP CODE,YEAR,CROP TOTALS,02876,9000,CENSUS,TOTAL,44,UNITED STATES
2,,CROPS,ALL PRODUCTION PRACTICES,2024-11-07 12:00:00.000,,,00,,CROP TOTALS,NOT SPECIFIED,02877,CROP TOTALS - OPERATIONS WITH SALES,2022,,ALL CLASSES,00,ANNUAL,,ALL UTILIZATION PRACTICES,RI,44,,,00000000,,OPERATIONS,RHODE ISLAND,SALES,,ZIP CODE,YEAR,CROP TOTALS,02877,9000,CENSUS,TOTAL,44,UNITED STATES
2,,CROPS,ALL PRODUCTION PRACTICES,2018-02-01 12:00:00.000,,,00,,CROP TOTALS,NOT SPECIFIED,02877,CROP TOTALS - OPERATIONS WITH SALES,2017,,ALL CLASSES,00,ANNUAL,,ALL UTILIZATION PRACTICES,RI,44,,,00000000,,OPERATIONS,RHODE ISLAND,SALES,,ZIP CODE,YEAR,CROP TOTALS,02877,9000,CENSUS,TOTAL,44,UNITED STATES
2,,CROPS,ALL PRODUCTION PRACTICES,2012-01-01 00:00:00.000,,,00,,CROP TOTALS,NOT SPECIFIED,02877,CROP TOTALS - OPERATIONS WITH SALES,2007,,ALL CLASSES,00,ANNUAL,,ALL UTILIZATION PRACTICES,RI,44,,,00000000,,OPERATIONS,RHODE ISLAND,SALES,,ZIP CODE,YEAR,CROP TOTALS,02877,9000,CENSUS,TOTAL,44,UNITED STATES
61,,CROPS,ALL PRODUCTION PRACTICES,2024-11-07 12:00:00.000,,,00,,CROP TOTALS,NOT SPECIFIED,02878,CROP TOTALS - OPERATIONS WITH SALES,2022,,ALL CLASSES,00,ANNUAL,,ALL UTILIZATION PRACTICES,RI,44,,,00000000,,OPERATIONS,RHODE ISLAND,SALES,,ZIP CODE,YEAR,CROP TOTALS,02878,9000,CENSUS,TOTAL,44,UNITED STATES
41,,CROPS,ALL PRODUCTION PRACTICES,2018-02-01 12:00:00.000,,,00,,CROP TOTALS,NOT SPECIFIED,02878,CROP TOTALS - OPERATIONS WITH SALES,2017,,ALL CLASSES,00,ANNUAL,,ALL UTILIZATION PRACTICES,RI,44,,,00000000,,OPERATIONS,RHODE ISLAND,SALES,,ZIP CODE,YEAR,CROP TOTALS,02878,9000,CENSUS,TOTAL,44,UNITED STATES
35,,CROPS,ALL PRODUCTION PRACTICES,2012-01-01 00:00:00.000,,,00,,CROP TOTALS,NOT SPECIFIED,02878,CROP TOTALS - OPERATIONS WITH SALES,2007,,ALL CLASSES,00,ANNUAL,,ALL UTILIZATION PRACTICES,RI,44,,,00000000,,OPERATIONS,RHODE ISLAND,SALES,,ZIP CODE,YEAR,CROP TOTALS,02878,9000,CENSUS,TOTAL,44,UNITED STATES
24,,CROPS,ALL PRODUCTION PRACTICES,2024-11-07 12:00:00.000,,,00,,CROP TOTALS,NOT SPECIFIED,02879,CROP TOTALS - OPERATIONS WITH SALES,2022,,ALL CLASSES,00,ANNUAL,,ALL UTILIZATION PRACTICES,RI,44,,,00000000,,OPERATIONS,RHODE ISLAND,SALES,,ZIP CODE,YEAR,CROP TOTALS,02879,9000,CENSUS,TOTAL,44,UNITED STATES
31,,CROPS,ALL PRODUCTION PRACTICES,2018-02-01 12:00:00.000,,,00,,CROP TOTALS,NOT SPECIFIED,02879,CROP TOTALS - OPERATIONS WITH SALES,2017,,ALL CLASSES,00,ANNUAL,,ALL UTILIZATION PRACTICES,RI,44,,,00000000,,OPERATIONS,RHODE ISLAND,SALES,,ZIP CODE,YEAR,CROP TOTALS,02879,9000,CENSUS,TOTAL,44,UNITED STATES
29,,CROPS,ALL PRODUCTION PRACTICES,2012-01-01 00:00:00.000,,,00,,CROP TOTALS,NOT SPECIFIED,02879,CROP TOTALS - OPERATIONS WITH SALES,2007,,ALL CLASSES,00,ANNUAL,,ALL UTILIZATION PRACTICES,RI,44,,,00000000,,OPERATIONS,RHODE ISLAND,SALES,,ZIP CODE,YEAR,CROP TOTALS,02879,9000,CENSUS,TOTAL,44,UNITED STATES
3,,CROPS,ALL PRODUCTION PRACTICES,2024-11-07 12:00:00.000,,,00,,CROP TOTALS,NOT SPECIFIED,02880,CROP TOTALS - OPERATIONS WITH SALES,2022,,ALL CLASSES,00,ANNUAL,,ALL UTILIZATION PRACTICES,RI,44,,,00000000,,OPERATIONS,RHODE ISLAND,SALES,,ZIP CODE,YEAR,CROP TOTALS,02880,9000,CENSUS,TOTAL,44,UNITED STATES
3,,CROPS,ALL PRODUCTION PRACTICES,2012-01-01 00:00:00.000,,,00,,CROP TOTALS,NOT SPECIFIED,02880,CROP TOTALS - OPERATIONS WITH SALES,2007,,ALL CLASSES,00,ANNUAL,,ALL UTILIZATION PRACTICES,RI,44,,,00000000,,OPERATIONS,RHODE ISLAND,SALES,,ZIP CODE,YEAR,CROP TOTALS,02880,9000,CENSUS,TOTAL,44,UNITED STATES
3,,CROPS,ALL PRODUCTION PRACTICES,2024-11-07 12:00:00.000,,,00,,CROP TOTALS,NOT SPECIFIED,02881,CROP TOTALS - OPERATIONS WITH SALES,2022,,ALL CLASSES,00,ANNUAL,,ALL UTILIZATION PRACTICES,RI,44,,,00000000,,OPERATIONS,RHODE ISLAND,SALES,,ZIP CODE,YEAR,CROP TOTALS,02881,9000,CENSUS,TOTAL,44,UNITED STATES
2,,CROPS,ALL PRODUCTION PRACTICES,2018-02-01 12:00:00.000,,,00,,CROP TOTALS,NOT SPECIFIED,02881,CROP TOTALS - OPERATIONS WITH SALES,2017,,ALL CLASSES,00,ANNUAL,,ALL UTILIZATION PRACTICES,RI,44,,,00000000,,OPERATIONS,RHODE ISLAND,SALES,,ZIP CODE,YEAR,CROP TOTALS,02881,9000,CENSUS,TOTAL,44,UNITED STATES
4,,CROPS,ALL PRODUCTION PRACTICES,2012-01-01 00:00:00.000,,,00,,CROP TOTALS,NOT SPECIFIED,02881,CROP TOTALS - OPERATIONS WITH SALES,2007,,ALL CLASSES,00,ANNUAL,,ALL UTILIZATION PRACTICES,RI,44,,,00000000,,OPERATIONS,RHODE ISLAND,SALES,,ZIP CODE,YEAR,CROP TOTALS,02881,9000,CENSUS,TOTAL,44,UNITED STATES
6,,CROPS,ALL PRODUCTION PRACTICES,2024-11-07 12:00:00.000,,,00,,CROP TOTALS,NOT SPECIFIED,02882,CROP TOTALS - OPERATIONS WITH SALES,2022,,ALL CLASSES,00,ANNUAL,,ALL UTILIZATION PRACTICES,RI,44,,,00000000,,OPERATIONS,RHODE ISLAND,SALES,,ZIP CODE,YEAR,CROP TOTALS,02882,9000,CENSUS,TOTAL,44,UNITED STATES
4,,CROPS,ALL PRODUCTION PRACTICES,2018-02-01 12:00:00.000,,,00,,CROP TOTALS,NOT SPECIFIED,02882,CROP TOTALS - OPERATIONS WITH SALES,2017,,ALL CLASSES,00,ANNUAL,,ALL UTILIZATION PRACTICES,RI,44,,,00000000,,OPERATIONS,RHODE ISLAND,SALES,,ZIP CODE,YEAR,CROP TOTALS,02882,9000,CENSUS,TOTAL,44,UNITED STATES
2,,CROPS,ALL PRODUCTION PRACTICES,2012-01-01 00:00:00.000,,,00,,CROP TOTALS,NOT SPECIFIED,02882,CROP TOTALS - OPERATIONS WITH SALES,2007,,ALL CLASSES,00,ANNUAL,,ALL UTILIZATION PRACTICES,RI,44,,,00000000,,OPERATIONS,RHODE ISLAND,SALES,,ZIP CODE,YEAR,CROP TOTALS,02882,9000,CENSUS,TOTAL,44,UNITED STATES
9,,CROPS,ALL PRODUCTION PRACTICES,2024-11-07 12:00:00.000,,,00,,CROP TOTALS,NOT SPECIFIED,02885,CROP TOTALS - OPERATIONS WITH SALES,2022,,ALL CLASSES,00,ANNUAL,,ALL UTILIZATION PRACTICES,RI,44,,,00000000,,OPERATIONS,RHODE ISLAND,SALES,,ZIP CODE,YEAR,CROP TOTALS,02885,9000,CENSUS,TOTAL,44,UNITED STATES
11,,CROPS,ALL PRODUCTION PRACTICES,2018-02-01 12:00:00.000,,,00,,CROP TOTALS,NOT SPECIFIED,02885,CROP TOTALS - OPERATIONS WITH SALES,2017,,ALL CLASSES,00,ANNUAL,,ALL UTILIZATION PRACTICES,RI,44,,,00000000,,OPERATIONS,RHODE ISLAND,SALES,,ZIP CODE,YEAR,CROP TOTALS,02885,9000,CENSUS,TOTAL,44,UNITED STATES
19,,CROPS,ALL PRODUCTION PRACTICES,2012-01-01 00:00:00.000,,,00,,CROP TOTALS,NOT SPECIFIED,02885,CROP TOTALS - OPERATIONS WITH SALES,2007,,ALL CLASSES,00,ANNUAL,,ALL UTILIZATION PRACTICES,RI,44,,,00000000,,OPERATIONS,RHODE ISLAND,SALES,,ZIP CODE,YEAR,CROP TOTALS,02885,9000,CENSUS,TOTAL,44,UNITED STATES
10,,CROPS,ALL PRODUCTION PRACTICES,2024-11-07 12:00:00.000,,,00,,CROP TOTALS,NOT SPECIFIED,02886,CROP TOTALS - OPERATIONS WITH SALES,2022,,ALL CLASSES,00,ANNUAL,,ALL UTILIZATION PRACTICES,RI,44,,,00000000,,OPERATIONS,RHODE ISLAND,SALES,,ZIP CODE,YEAR,CROP TOTALS,02886,9000,CENSUS,TOTAL,44,UNITED STATES
4,,CROPS,ALL PRODUCTION PRACTICES,2018-02-01 12:00:00.000,,,00,,CROP TOTALS,NOT SPECIFIED,02886,CROP TOTALS - OPERATIONS WITH SALES,2017,,ALL CLASSES,00,ANNUAL,,ALL UTILIZATION PRACTICES,RI,44,,,00000000,,OPERATIONS,RHODE ISLAND,SALES,,ZIP CODE,YEAR,CROP TOTALS,02886,9000,CENSUS,TOTAL,44,UNITED STATES
4,,CROPS,ALL PRODUCTION PRACTICES,2012-01-01 00:00:00.000,,,00,,CROP TOTALS,NOT SPECIFIED,02886,CROP TOTALS - OPERATIONS WITH SALES,2007,,ALL CLASSES,00,ANNUAL,,ALL UTILIZATION PRACTICES,RI,44,,,00000000,,OPERATIONS,RHODE ISLAND,SALES,,ZIP CODE,YEAR,CROP TOTALS,02886,9000,CENSUS,TOTAL,44,UNITED STATES
3,,CROPS,ALL PRODUCTION PRACTICES,2024-11-07 12:00:00.000,,,00,,CROP TOTALS,NOT SPECIFIED,02888,CROP TOTALS - OPERATIONS WITH SALES,2022,,ALL CLASSES,00,ANNUAL,,ALL UTILIZATION PRACTICES,RI,44,,,00000000,,OPERATIONS,RHODE ISLAND,SALES,,ZIP CODE,YEAR,CROP TOTALS,02888,9000,CENSUS,TOTAL,44,UNITED STATES
1,,CROPS,ALL PRODUCTION PRACTICES,2018-02-01 12:00:00.000,,,00,,CROP TOTALS,NOT SPECIFIED,02888,CROP TOTALS - OPERATIONS WITH SALES,2017,,ALL CLASSES,00,ANNUAL,,ALL UTILIZATION PRACTICES,RI,44,,,00000000,,OPERATIONS,RHODE ISLAND,SALES,,ZIP CODE,YEAR,CROP TOTALS,02888,9000,CENSUS,TOTAL,44,UNITED STATES
4,,CROPS,ALL PRODUCTION PRACTICES,2012-01-01 00:00:00.000,,,00,,CROP TOTALS,NOT SPECIFIED,02888,CROP TOTALS - OPERATIONS WITH SALES,2007,,ALL CLASSES,00,ANNUAL,,ALL UTILIZATION PRACTICES,RI,44,,,00000000,,OPERATIONS,RHODE ISLAND,SALES,,ZIP CODE,YEAR,CROP TOTALS,02888,9000,CENSUS,TOTAL,44,UNITED STATES
8,,CROPS,ALL PRODUCTION PRACTICES,2024-11-07 12:00:00.000,,,00,,CROP TOTALS,NOT SPECIFIED,02889,CROP TOTALS - OPERATIONS WITH SALES,2022,,ALL CLASSES,00,ANNUAL,,ALL UTILIZATION PRACTICES,RI,44,,,00000000,,OPERATIONS,RHODE ISLAND,SALES,,ZIP CODE,YEAR,CROP TOTALS,02889,9000,CENSUS,TOTAL,44,UNITED STATES
8,,CROPS,ALL PRODUCTION PRACTICES,2018-02-01 12:00:00.000,,,00,,CROP TOTALS,NOT SPECIFIED,02889,CROP TOTALS - OPERATIONS WITH SALES,2017,,ALL CLASSES,00,ANNUAL,,ALL UTILIZATION PRACTICES,RI,44,,,00000000,,OPERATIONS,RHODE ISLAND,SALES,,ZIP CODE,YEAR,CROP TOTALS,02889,9000,CENSUS,TOTAL,44,UNITED STATES
5,,CROPS,ALL PRODUCTION PRACTICES,2012-01-01 00:00:00.000,,,00,,CROP TOTALS,NOT SPECIFIED,02889,CROP TOTALS - OPERATIONS WITH SALES,2007,,ALL CLASSES,00,ANNUAL,,ALL UTILIZATION PRACTICES,RI,44,,,00000000,,OPERATIONS,RHODE ISLAND,SALES,,ZIP CODE,YEAR,CROP TOTALS,02889,9000,CENSUS,TOTAL,44,UNITED STATES
7,,CROPS,ALL PRODUCTION PRACTICES,2024-11-07 12:00:00.000,,,00,,CROP TOTALS,NOT SPECIFIED,02891,CROP TOTALS - OPERATIONS WITH SALES,2022,,ALL CLASSES,00,ANNUAL,,ALL UTILIZATION PRACTICES,RI,44,,,00000000,,OPERATIONS,RHODE ISLAND,SALES,,ZIP CODE,YEAR,CROP TOTALS,02891,9000,CENSUS,TOTAL,44,UNITED STATES
10,,CROPS,ALL PRODUCTION PRACTICES,2018-02-01 12:00:00.000,,,00,,CROP TOTALS,NOT SPECIFIED,02891,CROP TOTALS - OPERATIONS WITH SALES,2017,,ALL CLASSES,00,ANNUAL,,ALL UTILIZATION PRACTICES,RI,44,,,00000000,,OPERATIONS,RHODE ISLAND,SALES,,ZIP CODE,YEAR,CROP TOTALS,02891,9000,CENSUS,TOTAL,44,UNITED STATES
10,,CROPS,ALL PRODUCTION PRACTICES,2012-01-01 00:00:00.000,,,00,,CROP TOTALS,NOT SPECIFIED,02891,CROP TOTALS - OPERATIONS WITH SALES,2007,,ALL CLASSES,00,ANNUAL,,ALL UTILIZATION PRACTICES,RI,44,,,00000000,,OPERATIONS,RHODE ISLAND,SALES,,ZIP CODE,YEAR,CROP TOTALS,02891,9000,CENSUS,TOTAL,44,UNITED STATES
34,,CROPS,ALL PRODUCTION PRACTICES,2024-11-07 12:00:00.000,,,00,,CROP TOTALS,NOT SPECIFIED,02892,CROP TOTALS - OPERATIONS WITH SALES,2022,,ALL CLASSES,00,ANNUAL,,ALL UTILIZATION PRACTICES,RI,44,,,00000000,,OPERATIONS,RHODE ISLAND,SALES,,ZIP CODE,YEAR,CROP TOTALS,02892,9000,CENSUS,TOTAL,44,UNITED STATES
20,,CROPS,ALL PRODUCTION PRACTICES,2018-02-01 12:00:00.000,,,00,,CROP TOTALS,NOT SPECIFIED,02892,CROP TOTALS - OPERATIONS WITH SALES,2017,,ALL CLASSES,00,ANNUAL,,ALL UTILIZATION PRACTICES,RI,44,,,00000000,,OPERATIONS,RHODE ISLAND,SALES,,ZIP CODE,YEAR,CROP TOTALS,02892,9000,CENSUS,TOTAL,44,UNITED STATES
25,,CROPS,ALL PRODUCTION PRACTICES,2012-01-01 00:00:00.000,,,00,,CROP TOTALS,NOT SPECIFIED,02892,CROP TOTALS - OPERATIONS WITH SALES,2007,,ALL CLASSES,00,ANNUAL,,ALL UTILIZATION PRACTICES,RI,44,,,00000000,,OPERATIONS,RHODE ISLAND,SALES,,ZIP CODE,YEAR,CROP TOTALS,02892,9000,CENSUS,TOTAL,44,UNITED STATES
1,,CROPS,ALL PRODUCTION PRACTICES,2024-11-07 12:00:00.000,,,00,,CROP TOTALS,NOT SPECIFIED,02894,CROP TOTALS - OPERATIONS WITH SALES,2022,,ALL CLASSES,00,ANNUAL,,ALL UTILIZATION PRACTICES,RI,44,,,00000000,,OPERATIONS,RHODE ISLAND,SALES,,ZIP CODE,YEAR,CROP TOTALS,02894,9000,CENSUS,TOTAL,44,UNITED STATES
2,,CROPS,ALL PRODUCTION PRACTICES,2012-01-01 00:00:00.000,,,00,,CROP TOTALS,NOT SPECIFIED,02894,CROP TOTALS - OPERATIONS WITH SALES,2007,,ALL CLASSES,00,ANNUAL,,ALL UTILIZATION PRACTICES,RI,44,,,00000000,,OPERATIONS,RHODE ISLAND,SALES,,ZIP CODE,YEAR,CROP TOTALS,02894,9000,CENSUS,TOTAL,44,UNITED STATES
2,,CROPS,ALL PRODUCTION PRACTICES,2012-01-01 00:00:00.000,,,00,,CROP TOTALS,NOT SPECIFIED,02895,CROP TOTALS - OPERATIONS WITH SALES,2007,,ALL CLASSES,00,ANNUAL,,ALL UTILIZATION PRACTICES,RI,44,,,00000000,,OPERATIONS,RHODE ISLAND,SALES,,ZIP CODE,YEAR,CROP TOTALS,02895,9000,CENSUS,TOTAL,44,UNITED STATES
9,,CROPS,ALL PRODUCTION PRACTICES,2024-11-07 12:00:00.000,,,00,,CROP TOTALS,NOT SPECIFIED,02896,CROP TOTALS - OPERATIONS WITH SALES,2022,,ALL CLASSES,00,ANNUAL,,ALL UTILIZATION PRACTICES,RI,44,,,00000000,,OPERATIONS,RHODE ISLAND,SALES,,ZIP CODE,YEAR,CROP TOTALS,02896,9000,CENSUS,TOTAL,44,UNITED STATES
6,,CROPS,ALL PRODUCTION PRACTICES,2018-02-01 12:00:00.000,,,00,,CROP TOTALS,NOT SPECIFIED,02896,CROP TOTALS - OPERATIONS WITH SALES,2017,,ALL CLASSES,00,ANNUAL,,ALL UTILIZATION PRACTICES,RI,44,,,00000000,,OPERATIONS,RHODE ISLAND,SALES,,ZIP CODE,YEAR,CROP TOTALS,02896,9000,CENSUS,TOTAL,44,UNITED STATES
7,,CROPS,ALL PRODUCTION PRACTICES,2012-01-01 00:00:00.000,,,00,,CROP TOTALS,NOT SPECIFIED,02896,CROP TOTALS - OPERATIONS WITH SALES,2007,,ALL CLASSES,00,ANNUAL,,ALL UTILIZATION PRACTICES,RI,44,,,00000000,,OPERATIONS,RHODE ISLAND,SALES,,ZIP CODE,YEAR,CROP TOTALS,02896,9000,CENSUS,TOTAL,44,UNITED STATES
4,,CROPS,ALL PRODUCTION PRACTICES,2024-11-07 12:00:00.000,,,00,,CROP TOTALS,NOT SPECIFIED,02898,CROP TOTALS - OPERATIONS WITH SALES,2022,,ALL CLASSES,00,ANNUAL,,ALL UTILIZATION PRACTICES,RI,44,,,00000000,,OPERATIONS,RHODE ISLAND,SALES,,ZIP CODE,YEAR,CROP TOTALS,02898,9000,CENSUS,TOTAL,44,UNITED STATES
1,,CROPS,ALL PRODUCTION PRACTICES,2018-02-01 12:00:00.000,,,00,,CROP TOTALS,NOT SPECIFIED,02898,CROP TOTALS - OPERATIONS WITH SALES,2017,,ALL CLASSES,00,ANNUAL,,ALL UTILIZATION PRACTICES,RI,44,,,00000000,,OPERATIONS,RHODE ISLAND,SALES,,ZIP CODE,YEAR,CROP TOTALS,02898,9000,CENSUS,TOTAL,44,UNITED STATES
2,,CROPS,ALL PRODUCTION PRACTICES,2012-01-01 00:00:00.000,,,00,,CROP TOTALS,NOT SPECIFIED,02898,CROP TOTALS - OPERATIONS WITH SALES,2007,,ALL CLASSES,00,ANNUAL,,ALL UTILIZATION PRACTICES,RI,44,,,00000000,,OPERATIONS,RHODE ISLAND,SALES,,ZIP CODE,YEAR,CROP TOTALS,02898,9000,CENSUS,TOTAL,44,UNITED STATES
1,,CROPS,ALL PRODUCTION PRACTICES,2024-11-07 12:00:00.000,,,00,,CROP TOTALS,NOT SPECIFIED,02901,CROP TOTALS - OPERATIONS WITH SALES,2022,,ALL CLASSES,00,ANNUAL,,ALL UTILIZATION PRACTICES,RI,44,,,00000000,,OPERATIONS,RHODE ISLAND,SALES,,ZIP CODE,YEAR,CROP TOTALS,02901,9000,CENSUS,TOTAL,44,UNITED STATES
11,,CROPS,ALL PRODUCTION PRACTICES,2018-02-01 12:00:00.000,,,00,,CROP TOTALS,NOT SPECIFIED,02901,CROP TOTALS - OPERATIONS WITH SALES,2017,,ALL CLASSES,00,ANNUAL,,ALL UTILIZATION PRACTICES,RI,44,,,00000000,,OPERATIONS,RHODE ISLAND,SALES,,ZIP CODE,YEAR,CROP TOTALS,02901,9000,CENSUS,TOTAL,44,UNITED STATES
3,,CROPS,ALL PRODUCTION PRACTICES,2012-01-01 00:00:00.000,,,00,,CROP TOTALS,NOT SPECIFIED,02903,CROP TOTALS - OPERATIONS WITH SALES,2007,,ALL CLASSES,00,ANNUAL,,ALL UTILIZATION PRACTICES,RI,44,,,00000000,,OPERATIONS,RHODE ISLAND,SALES,,ZIP CODE,YEAR,CROP TOTALS,02903,9000,CENSUS,TOTAL,44,UNITED STATES
7,,CROPS,ALL PRODUCTION PRACTICES,2024-11-07 12:00:00.000,,,00,,CROP TOTALS,NOT SPECIFIED,02904,CROP TOTALS - OPERATIONS WITH SALES,2022,,ALL CLASSES,00,ANNUAL,,ALL UTILIZATION PRACTICES,RI,44,,,00000000,,OPERATIONS,RHODE ISLAND,SALES,,ZIP CODE,YEAR,CROP TOTALS,02904,9000,CENSUS,TOTAL,44,UNITED STATES
6,,CROPS,ALL PRODUCTION PRACTICES,2018-02-01 12:00:00.000,,,00,,CROP TOTALS,NOT SPECIFIED,02904,CROP TOTALS - OPERATIONS WITH SALES,2017,,ALL CLASSES,00,ANNUAL,,ALL UTILIZATION PRACTICES,RI,44,,,00000000,,OPERATIONS,RHODE ISLAND,SALES,,ZIP CODE,YEAR,CROP TOTALS,02904,9000,CENSUS,TOTAL,44,UNITED STATES
1,,CROPS,ALL PRODUCTION PRACTICES,2012-01-01 00:00:00.000,,,00,,CROP TOTALS,NOT SPECIFIED,02904,CROP TOTALS - OPERATIONS WITH SALES,2007,,ALL CLASSES,00,ANNUAL,,ALL UTILIZATION PRACTICES,RI,44,,,00000000,,OPERATIONS,RHODE ISLAND,SALES,,ZIP CODE,YEAR,CROP TOTALS,02904,9000,CENSUS,TOTAL,44,UNITED STATES
3,,CROPS,ALL PRODUCTION PRACTICES,2018-02-01 12:00:00.000,,,00,,CROP TOTALS,NOT SPECIFIED,02905,CROP TOTALS - OPERATIONS WITH SALES,2017,,ALL CLASSES,00,ANNUAL,,ALL UTILIZATION PRACTICES,RI,44,,,00000000,,OPERATIONS,RHODE ISLAND,SALES,,ZIP CODE,YEAR,CROP TOTALS,02905,9000,CENSUS,TOTAL,44,UNITED STATES
3,,CROPS,ALL PRODUCTION PRACTICES,2012-01-01 00:00:00.000,,,00,,CROP TOTALS,NOT SPECIFIED,02905,CROP TOTALS - OPERATIONS WITH SALES,2007,,ALL CLASSES,00,ANNUAL,,ALL UTILIZATION PRACTICES,RI,44,,,00000000,,OPERATIONS,RHODE ISLAND,SALES,,ZIP CODE,YEAR,CROP TOTALS,02905,9000,CENSUS,TOTAL,44,UNITED STATES
1,,CROPS,ALL PRODUCTION PRACTICES,2024-11-07 12:00:00.000,,,00,,CROP TOTALS,NOT SPECIFIED,02906,CROP TOTALS - OPERATIONS WITH SALES,2022,,ALL CLASSES,00,ANNUAL,,ALL UTILIZATION PRACTICES,RI,44,,,00000000,,OPERATIONS,RHODE ISLAND,SALES,,ZIP CODE,YEAR,CROP TOTALS,02906,9000,CENSUS,TOTAL,44,UNITED STATES
12,,CROPS,ALL PRODUCTION PRACTICES,2024-11-07 12:00:00.000,,,00,,CROP TOTALS,NOT SPECIFIED,02907,CROP TOTALS - OPERATIONS WITH SALES,2022,,ALL CLASSES,00,ANNUAL,,ALL UTILIZATION PRACTICES,RI,44,,,00000000,,OPERATIONS,RHODE ISLAND,SALES,,ZIP CODE,YEAR,CROP TOTALS,02907,9000,CENSUS,TOTAL,44,UNITED STATES
5,,CROPS,ALL PRODUCTION PRACTICES,2018-02-01 12:00:00.000,,,00,,CROP TOTALS,NOT SPECIFIED,02907,CROP TOTALS - OPERATIONS WITH SALES,2017,,ALL CLASSES,00,ANNUAL,,ALL UTILIZATION PRACTICES,RI,44,,,00000000,,OPERATIONS,RHODE ISLAND,SALES,,ZIP CODE,YEAR,CROP TOTALS,02907,9000,CENSUS,TOTAL,44,UNITED STATES
5,,CROPS,ALL PRODUCTION PRACTICES,2012-01-01 00:00:00.000,,,00,,CROP TOTALS,NOT SPECIFIED,02907,CROP TOTALS - OPERATIONS WITH SALES,2007,,ALL CLASSES,00,ANNUAL,,ALL UTILIZATION PRACTICES,RI,44,,,00000000,,OPERATIONS,RHODE ISLAND,SALES,,ZIP CODE,YEAR,CROP TOTALS,02907,9000,CENSUS,TOTAL,44,UNITED STATES
1,,CROPS,ALL PRODUCTION PRACTICES,2024-11-07 12:00:00.000,,,00,,CROP TOTALS,NOT SPECIFIED,02908,CROP TOTALS - OPERATIONS WITH SALES,2022,,ALL CLASSES,00,ANNUAL,,ALL UTILIZATION PRACTICES,RI,44,,,00000000,,OPERATIONS,RHODE ISLAND,SALES,,ZIP CODE,YEAR,CROP TOTALS,02908,9000,CENSUS,TOTAL,44,UNITED STATES
4,,CROPS,ALL PRODUCTION PRACTICES,2018-02-01 12:00:00.000,,,00,,CROP TOTALS,NOT SPECIFIED,02909,CROP TOTALS - OPERATIONS WITH SALES,2017,,ALL CLASSES,00,ANNUAL,,ALL UTILIZATION PRACTICES,RI,44,,,00000000,,OPERATIONS,RHODE ISLAND,SALES,,ZIP CODE,YEAR,CROP TOTALS,02909,9000,CENSUS,TOTAL,44,UNITED STATES
2,,CROPS,ALL PRODUCTION PRACTICES,2024-11-07 12:00:00.000,,,00,,CROP TOTALS,NOT SPECIFIED,02910,CROP TOTALS - OPERATIONS WITH SALES,2022,,ALL CLASSES,00,ANNUAL,,ALL UTILIZATION PRACTICES,RI,44,,,00000000,,OPERATIONS,RHODE ISLAND,SALES,,ZIP CODE,YEAR,CROP TOTALS,02910,9000,CENSUS,TOTAL,44,UNITED STATES
10,,CROPS,ALL PRODUCTION PRACTICES,2018-02-01 12:00:00.000,,,00,,CROP TOTALS,NOT SPECIFIED,02910,CROP TOTALS - OPERATIONS WITH SALES,2017,,ALL CLASSES,00,ANNUAL,,ALL UTILIZATION PRACTICES,RI,44,,,00000000,,OPERATIONS,RHODE ISLAND,SALES,,ZIP CODE,YEAR,CROP TOTALS,02910,9000,CENSUS,TOTAL,44,UNITED STATES
3,,CROPS,ALL PRODUCTION PRACTICES,2012-01-01 00:00:00.000,,,00,,CROP TOTALS,NOT SPECIFIED,02910,CROP TOTALS - OPERATIONS WITH SALES,2007,,ALL CLASSES,00,ANNUAL,,ALL UTILIZATION PRACTICES,RI,44,,,00000000,,OPERATIONS,RHODE ISLAND,SALES,,ZIP CODE,YEAR,CROP TOTALS,02910,9000,CENSUS,TOTAL,44,UNITED STATES
20,,CROPS,ALL PRODUCTION PRACTICES,2024-11-07 12:00:00.000,,,00,,CROP TOTALS,NOT SPECIFIED,02917,CROP TOTALS - OPERATIONS WITH SALES,2022,,ALL CLASSES,00,ANNUAL,,ALL UTILIZATION PRACTICES,RI,44,,,00000000,,OPERATIONS,RHODE ISLAND,SALES,,ZIP CODE,YEAR,CROP TOTALS,02917,9000,CENSUS,TOTAL,44,UNITED STATES
9,,CROPS,ALL PRODUCTION PRACTICES,2018-02-01 12:00:00.000,,,00,,CROP TOTALS,NOT SPECIFIED,02917,CROP TOTALS - OPERATIONS WITH SALES,2017,,ALL CLASSES,00,ANNUAL,,ALL UTILIZATION PRACTICES,RI,44,,,00000000,,OPERATIONS,RHODE ISLAND,SALES,,ZIP CODE,YEAR,CROP TOTALS,02917,9000,CENSUS,TOTAL,44,UNITED STATES
16,,CROPS,ALL PRODUCTION PRACTICES,2012-01-01 00:00:00.000,,,00,,CROP TOTALS,NOT SPECIFIED,02917,CROP TOTALS - OPERATIONS WITH SALES,2007,,ALL CLASSES,00,ANNUAL,,ALL UTILIZATION PRACTICES,RI,44,,,00000000,,OPERATIONS,RHODE ISLAND,SALES,,ZIP CODE,YEAR,CROP TOTALS,02917,9000,CENSUS,TOTAL,44,UNITED STATES
22,,CROPS,ALL PRODUCTION PRACTICES,2024-11-07 12:00:00.000,,,00,,CROP TOTALS,NOT SPECIFIED,02919,CROP TOTALS - OPERATIONS WITH SALES,2022,,ALL CLASSES,00,ANNUAL,,ALL UTILIZATION PRACTICES,RI,44,,,00000000,,OPERATIONS,RHODE ISLAND,SALES,,ZIP CODE,YEAR,CROP TOTALS,02919,9000,CENSUS,TOTAL,44,UNITED STATES
25,,CROPS,ALL PRODUCTION PRACTICES,2018-02-01 12:00:00.000,,,00,,CROP TOTALS,NOT SPECIFIED,02919,CROP TOTALS - OPERATIONS WITH SALES,2017,,ALL CLASSES,00,ANNUAL,,ALL UTILIZATION PRACTICES,RI,44,,,00000000,,OPERATIONS,RHODE ISLAND,SALES,,ZIP CODE,YEAR,CROP TOTALS,02919,9000,CENSUS,TOTAL,44,UNITED STATES
28,,CROPS,ALL PRODUCTION PRACTICES,2012-01-01 00:00:00.000,,,00,,CROP TOTALS,NOT SPECIFIED,02919,CROP TOTALS - OPERATIONS WITH SALES,2007,,ALL CLASSES,00,ANNUAL,,ALL UTILIZATION PRACTICES,RI,44,,,00000000,,OPERATIONS,RHODE ISLAND,SALES,,ZIP CODE,YEAR,CROP TOTALS,02919,9000,CENSUS,TOTAL,44,UNITED STATES
3,,CROPS,ALL PRODUCTION PRACTICES,2018-02-01 12:00:00.000,,,00,,CROP TOTALS,NOT SPECIFIED,02920,CROP TOTALS - OPERATIONS WITH SALES,2017,,ALL CLASSES,00,ANNUAL,,ALL UTILIZATION PRACTICES,RI,44,,,00000000,,OPERATIONS,RHODE ISLAND,SALES,,ZIP CODE,YEAR,CROP TOTALS,02920,9000,CENSUS,TOTAL,44,UNITED STATES
2,,CROPS,ALL PRODUCTION PRACTICES,2012-01-01 00:00:00.000,,,00,,CROP TOTALS,NOT SPECIFIED,02920,CROP TOTALS - OPERATIONS WITH SALES,2007,,ALL CLASSES,00,ANNUAL,,ALL UTILIZATION PRACTICES,RI,44,,,00000000,,OPERATIONS,RHODE ISLAND,SALES,,ZIP CODE,YEAR,CROP TOTALS,02920,9000,CENSUS,TOTAL,44,UNITED STATES
11,,CROPS,ALL PRODUCTION PRACTICES,2024-11-07 12:00:00.000,,,00,,CROP TOTALS,NOT SPECIFIED,02921,CROP TOTALS - OPERATIONS WITH SALES,2022,,ALL CLASSES,00,ANNUAL,,ALL UTILIZATION PRACTICES,RI,44,,,00000000,,OPERATIONS,RHODE ISLAND,SALES,,ZIP CODE,YEAR,CROP TOTALS,02921,9000,CENSUS,TOTAL,44,UNITED STATES
19,,CROPS,ALL PRODUCTION PRACTICES,2018-02-01 12:00:00.000,,,00,,CROP TOTALS,NOT SPECIFIED,02921,CROP TOTALS - OPERATIONS WITH SALES,2017,,ALL CLASSES,00,ANNUAL,,ALL UTILIZATION PRACTICES,RI,44,,,00000000,,OPERATIONS,RHODE ISLAND,SALES,,ZIP CODE,YEAR,CROP TOTALS,02921,9000,CENSUS,TOTAL,44,UNITED STATES
16,,CROPS,ALL PRODUCTION PRACTICES,2012-01-01 00:00:00.000,,,00,,CROP TOTALS,NOT SPECIFIED,02921,CROP TOTALS - OPERATIONS WITH SALES,2007,,ALL CLASSES,00,ANNUAL,,ALL UTILIZATION PRACTICES,RI,44,,,00000000,,OPERATIONS,RHODE ISLAND,SALES,,ZIP CODE,YEAR,CROP TOTALS,02921,9000,CENSUS,TOTAL,44,UNITED STATES
3,,CROPS,ALL PRODUCTION PRACTICES,2024-11-07 12:00:00.000,,,00,,CROP TOTALS,NOT SPECIFIED,02940,CROP TOTALS - OPERATIONS WITH SALES,2022,,ALL CLASSES,00,ANNUAL,,ALL UTILIZATION PRACTICES,RI,44,,,00000000,,OPERATIONS,RHODE ISLAND,SALES,,ZIP CODE,YEAR,CROP TOTALS,02940,9000,CENSUS,TOTAL,44,UNITED STATES
15,,CROPS,ALL PRODUCTION PRACTICES,2024-11-07 12:00:00.000,,,00,,CROP TOTALS,NOT SPECIFIED,99999,CROP TOTALS - OPERATIONS WITH SALES,2022,,ALL CLASSES,00,ANNUAL,,ALL UTILIZATION PRACTICES,RI,44,,,00000000,,OPERATIONS,RHODE ISLAND,SALES,,ZIP CODE,YEAR,CROP TOTALS,99999,9000,CENSUS,TOTAL,44,UNITED STATES
7,,CROPS,ALL PRODUCTION PRACTICES,2018-02-01 12:00:00.000,,,00,,CROP TOTALS,NOT SPECIFIED,99999,CROP TOTALS - OPERATIONS WITH SALES,2017,,ALL CLASSES,00,ANNUAL,,ALL UTILIZATION PRACTICES,RI,44,,,00000000,,OPERATIONS,RHODE ISLAND,SALES,,ZIP CODE,YEAR,CROP TOTALS,99999,9000,CENSUS,TOTAL,44,UNITED STATES
8,,CROPS,ALL PRODUCTION PRACTICES,2012-01-01 00:00:00.000,,,00,,CROP TOTALS,NOT SPECIFIED,99999,CROP TOTALS - OPERATIONS WITH SALES,2007,,ALL CLASSES,00,ANNUAL,,ALL UTILIZATION PRACTICES,RI,44,,,00000000,,OPERATIONS,RHODE ISLAND,SALES,,ZIP CODE,YEAR,CROP TOTALS,99999,9000,CENSUS,TOTAL,44,UNITED STATES
60.3,,CROPS,ALL PRODUCTION PRACTICES,2024-07-02 12:00:00.000,,,00,,CROP TOTALS,NOT SPECIFIED,RHODE ISLAND,"CROP TOTALS - SALES, MEASURED IN PCT OF FARM OPERATIONS",2022,4.2,ALL CLASSES,00,ANNUAL,,ALL UTILIZATION PRACTICES,RI,44,,,00000000,,PCT OF FARM OPERATIONS,RHODE ISLAND,SALES,,STATE,YEAR,CROP TOTALS,,9000,CENSUS,TOTAL,44,UNITED STATES
55.3,,CROPS,ALL PRODUCTION PRACTICES,2018-02-01 00:00:00.000,,,00,,CROP TOTALS,NOT SPECIFIED,RHODE ISLAND,"CROP TOTALS - SALES, MEASURED IN PCT OF FARM OPERATIONS",2017,13.9,ALL CLASSES,00,ANNUAL,,ALL UTILIZATION PRACTICES,RI,44,,,00000000,,PCT OF FARM OPERATIONS,RHODE ISLAND,SALES,,STATE,YEAR,CROP TOTALS,,9000,CENSUS,TOTAL,44,UNITED STATES
53.2,,CROPS,ALL PRODUCTION PRACTICES,2012-12-31 00:00:00.000,,,00,,CROP TOTALS,NOT SPECIFIED,RHODE ISLAND,"CROP TOTALS - SALES, MEASURED IN PCT OF FARM OPERATIONS",2012,9.6,ALL CLASSES,00,ANNUAL,,ALL UTILIZATION PRACTICES,RI,44,,,00000000,,PCT OF FARM OPERATIONS,RHODE ISLAND,SALES,,STATE,YEAR,CROP TOTALS,,9000,CENSUS,TOTAL,44,UNITED STATES
77.8,,CROPS,ALL PRODUCTION PRACTICES,2024-07-02 12:00:00.000,,,00,,CROP TOTALS,NOT SPECIFIED,RHODE ISLAND,"CROP TOTALS - SALES, MEASURED IN PCT OF FARM SALES",2022,2.5,ALL CLASSES,00,ANNUAL,,ALL UTILIZATION PRACTICES,RI,44,,,00000000,,PCT OF FARM SALES,RHODE ISLAND,SALES,,STATE,YEAR,CROP TOTALS,,9000,CENSUS,TOTAL,44,UNITED STATES
70.5,,CROPS,ALL PRODUCTION PRACTICES,2018-02-01 00:00:00.000,,,00,,CROP TOTALS,NOT SPECIFIED,RHODE ISLAND,"CROP TOTALS - SALES, MEASURED IN PCT OF FARM SALES",2017,4.0,ALL CLASSES,00,ANNUAL,,ALL UTILIZATION PRACTICES,RI,44,,,00000000,,PCT OF FARM SALES,RHODE ISLAND,SALES,,STATE,YEAR,CROP TOTALS,,9000,CENSUS,TOTAL,44,UNITED STATES
82.1,,CROPS,ALL PRODUCTION PRACTICES,2012-12-31 00:00:00.000,,,00,,CROP TOTALS,NOT SPECIFIED,RHODE ISLAND,"CROP TOTALS - SALES, MEASURED IN PCT OF FARM SALES",2012,1.9,ALL CLASSES,00,ANNUAL,,ALL UTILIZATION PRACTICES,RI,44,,,00000000,,PCT OF FARM SALES,RHODE ISLAND,SALES,,STATE,YEAR,CROP TOTALS,,9000,CENSUS,TOTAL,44,UNITED STATES
84.4,,CROPS,ALL PRODUCTION PRACTICES,2012-01-01 00:00:00.000,,,00,,CROP TOTALS,NOT SPECIFIED,RHODE ISLAND,"CROP TOTALS - SALES, MEASURED IN PCT OF FARM SALES",2007,,ALL CLASSES,00,ANNUAL,,ALL UTILIZATION PRACTICES,RI,44,,,00000000,,PCT OF FARM SALES,RHODE ISLAND,SALES,,STATE,YEAR,CROP TOTALS,,9000,CENSUS,TOTAL,44,UNITED STATES
84.9,,CROPS,ALL PRODUCTION PRACTICES,2012-01-01 00:00:00.000,,,00,,CROP TOTALS,NOT SPECIFIED,RHODE ISLAND,"CROP TOTALS - SALES, MEASURED IN PCT OF FARM SALES",2002,,ALL CLASSES,00,ANNUAL,,ALL UTILIZATION PRACTICES,RI,44,,,00000000,,PCT OF FARM SALES,RHODE ISLAND,SALES,,STATE,YEAR,CROP TOTALS,,9000,CENSUS,TOTAL,44,UNITED STATES
                 (D),,CROPS,ORGANIC,2012-01-01 00:00:00.000,BRISTOL,10,00,,CROP TOTALS,ORGANIC STATUS: (NOP STANDARDS),"RHODE ISLAND, ALL COUNTIES, BRISTOL","CROP TOTALS, ORGANIC - SALES, MEASURED IN $",2007,,ALL CLASSES,00,ANNUAL,ALL COUNTIES,ALL UTILIZATION PRACTICES,RI,44,001,,00000000,001,$,RHODE ISLAND,SALES,,COUNTY,YEAR,CROP TOTALS,,9000,CENSUS,ORGANIC STATUS,44,UNITED STATES
                 (D),,CROPS,ORGANIC,2012-01-01 00:00:00.000,KENT,10,00,,CROP TOTALS,ORGANIC STATUS: (NOP STANDARDS),"RHODE ISLAND, ALL COUNTIES, KENT","CROP TOTALS, ORGANIC - SALES, MEASURED IN $",2007,,ALL CLASSES,00,ANNUAL,ALL COUNTIES,ALL UTILIZATION PRACTICES,RI,44,003,,00000000,003,$,RHODE ISLAND,SALES,,COUNTY,YEAR,CROP TOTALS,,9000,CENSUS,ORGANIC STATUS,44,UNITED STATES
                 (D),,CROPS,ORGANIC,2012-01-01 00:00:00.000,NEWPORT,10,00,,CROP TOTALS,ORGANIC STATUS: (NOP STANDARDS),"RHODE ISLAND, ALL COUNTIES, NEWPORT","CROP TOTALS, ORGANIC - SALES, MEASURED IN $",2007,,ALL CLASSES,00,ANNUAL,ALL COUNTIES,ALL UTILIZATION PRACTICES,RI,44,005,,00000000,005,$,RHODE ISLAND,SALES,,COUNTY,YEAR,CROP TOTALS,,9000,CENSUS,ORGANIC STATUS,44,UNITED STATES
                 (D),,CROPS,ORGANIC,2012-01-01 00:00:00.000,PROVIDENCE,10,00,,CROP TOTALS,ORGANIC STATUS: (NOP STANDARDS),"RHODE ISLAND, ALL COUNTIES, PROVIDENCE","CROP TOTALS, ORGANIC - SALES, MEASURED IN $",2007,,ALL CLASSES,00,ANNUAL,ALL COUNTIES,ALL UTILIZATION PRACTICES,RI,44,007,,00000000,007,$,RHODE ISLAND,SALES,,COUNTY,YEAR,CROP TOTALS,,9000,CENSUS,ORGANIC STATUS,44,UNITED STATES
                 (D),,CROPS,ORGANIC,2012-01-01 00:00:00.000,WASHINGTON,10,00,,CROP TOTALS,ORGANIC STATUS: (NOP STANDARDS),"RHODE ISLAND, ALL COUNTIES, WASHINGTON","CROP TOTALS, ORGANIC - SALES, MEASURED IN $",2007,,ALL CLASSES,00,ANNUAL,ALL COUNTIES,ALL UTILIZATION PRACTICES,RI,44,009,,00000000,009,$,RHODE ISLAND,SALES,,COUNTY,YEAR,CROP TOTALS,,9000,CENSUS,ORGANIC STATUS,44,UNITED STATES
"765,000",,CROPS,ORGANIC,2012-01-01 00:00:00.000,,,00,,CROP TOTALS,ORGANIC STATUS: (NOP STANDARDS),RHODE ISLAND,"CROP TOTALS, ORGANIC - SALES, MEASURED IN $",2007,,ALL CLASSES,00,ANNUAL,,ALL UTILIZATION PRACTICES,RI,44,,,00000000,,$,RHODE ISLAND,SALES,,STATE,YEAR,CROP TOTALS,,9000,CENSUS,ORGANIC STATUS,44,UNITED STATES
"894,000",,CROPS,ORGANIC,2015-01-31 00:00:00.000,,,00,,CROP TOTALS,ORGANIC STATUS: (NOP USDA CERTIFIED & EXEMPT),RHODE ISLAND,"CROP TOTALS, ORGANIC - SALES, MEASURED IN $",2014,12.7,ALL CLASSES,00,ANNUAL,,ALL UTILIZATION PRACTICES,RI,44,,,00000000,,$,RHODE ISLAND,SALES,,STATE,YEAR,CROP TOTALS,,9000,CENSUS,ORGANIC STATUS,44,UNITED STATES
"1,116,741",,CROPS,ORGANIC,2012-01-01 00:00:00.000,,,00,,CROP TOTALS,ORGANIC STATUS: (NOP USDA CERTIFIED & EXEMPT),RHODE ISLAND,"CROP TOTALS, ORGANIC - SALES, MEASURED IN $",2008,,ALL CLASSES,00,ANNUAL,,ALL UTILIZATION PRACTICES,RI,44,,,00000000,,$,RHODE ISLAND,SALES,,STATE,YEAR,CROP TOTALS,,9000,CENSUS,ORGANIC STATUS,44,UNITED STATES
"1,414,000",,CROPS,ORGANIC,2022-12-15 12:00:00.000,,,00,,CROP TOTALS,ORGANIC STATUS: (NOP USDA CERTIFIED),RHODE ISLAND,"CROP TOTALS, ORGANIC - SALES, MEASURED IN $",2021,37.3,ALL CLASSES,00,ANNUAL,,ALL UTILIZATION PRACTICES,RI,44,,,00000000,,$,RHODE ISLAND,SALES,,STATE,YEAR,CROP TOTALS,,9000,CENSUS,ORGANIC STATUS,44,UNITED STATES
                 (D),,CROPS,ORGANIC,2018-02-01 00:00:00.000,,,00,,CROP TOTALS,ORGANIC STATUS: (NOP USDA CERTIFIED),RHODE ISLAND,"CROP TOTALS, ORGANIC - SALES, MEASURED IN $",2019,(D),ALL CLASSES,00,ANNUAL,,ALL UTILIZATION PRACTICES,RI,44,,,00000000,,$,RHODE ISLAND,SALES,,STATE,YEAR,CROP TOTALS,,9000,CENSUS,ORGANIC STATUS,44,UNITED STATES
"2,210,000",,CROPS,ORGANIC,2016-01-31 00:00:00.000,,,00,,CROP TOTALS,ORGANIC STATUS: (NOP USDA CERTIFIED),RHODE ISLAND,"CROP TOTALS, ORGANIC - SALES, MEASURED IN $",2016,5.4,ALL CLASSES,00,ANNUAL,,ALL UTILIZATION PRACTICES,RI,44,,,00000000,,$,RHODE ISLAND,SALES,,STATE,YEAR,CROP TOTALS,,9000,CENSUS,ORGANIC STATUS,44,UNITED STATES
"474,000",,CROPS,ORGANIC,2015-01-31 00:00:00.000,,,00,,CROP TOTALS,ORGANIC STATUS: (NOP USDA CERTIFIED),RHODE ISLAND,"CROP TOTALS, ORGANIC - SALES, MEASURED IN $",2015,17.4,ALL CLASSES,00,ANNUAL,,ALL UTILIZATION PRACTICES,RI,44,,,00000000,,$,RHODE ISLAND,SALES,,STATE,YEAR,CROP TOTALS,,9000,CENSUS,ORGANIC STATUS,44,UNITED STATES
                 (D),,CROPS,ORGANIC,2012-12-31 00:00:00.000,,,00,,CROP TOTALS,ORGANIC STATUS: (NOP USDA CERTIFIED),RHODE ISLAND,"CROP TOTALS, ORGANIC - SALES, MEASURED IN $",2011,,ALL CLASSES,00,ANNUAL,,ALL UTILIZATION PRACTICES,RI,44,,,00000000,,$,RHODE ISLAND,SALES,,STATE,YEAR,CROP TOTALS,,9000,CENSUS,ORGANIC STATUS,44,UNITED STATES
"315,000",,CROPS,ORGANIC,2012-01-01 00:00:00.000,,,00,,CROP TOTALS,"ORGANIC STATUS: (NOP STANDARDS) AND SALES: (50,000 OR MORE $)",RHODE ISLAND,"CROP TOTALS, ORGANIC - SALES, MEASURED IN $",2007,,ALL CLASSES,00,ANNUAL,,ALL UTILIZATION PRACTICES,RI,44,,,00000000,,$,RHODE ISLAND,SALES,,STATE,YEAR,CROP TOTALS,,9000,CENSUS,ORGANIC STATUS AND SALES,44,UNITED STATES
"451,000",,CROPS,ORGANIC,2012-01-01 00:00:00.000,,,00,,CROP TOTALS,"ORGANIC STATUS: (NOP STANDARDS) AND SALES: (LESS THAN 50,000 $)",RHODE ISLAND,"CROP TOTALS, ORGANIC - SALES, MEASURED IN $",2007,,ALL CLASSES,00,ANNUAL,,ALL UTILIZATION PRACTICES,RI,44,,,00000000,,$,RHODE ISLAND,SALES,,STATE,YEAR,CROP TOTALS,,9000,CENSUS,ORGANIC STATUS AND SALES,44,UNITED STATES
1,,CROPS,ORGANIC,2012-01-01 00:00:00.000,BRISTOL,10,00,,CROP TOTALS,ORGANIC STATUS: (NOP STANDARDS),"RHODE ISLAND, ALL COUNTIES, BRISTOL","CROP TOTALS, ORGANIC - OPERATIONS WITH SALES",2007,,ALL CLASSES,00,ANNUAL,ALL COUNTIES,ALL UTILIZATION PRACTICES,RI,44,001,,00000000,001,OPERATIONS,RHODE ISLAND,SALES,,COUNTY,YEAR,CROP TOTALS,,9000,CENSUS,ORGANIC STATUS,44,UNITED STATES
1,,CROPS,ORGANIC,2012-01-01 00:00:00.000,KENT,10,00,,CROP TOTALS,ORGANIC STATUS: (NOP STANDARDS),"RHODE ISLAND, ALL COUNTIES, KENT","CROP TOTALS, ORGANIC - OPERATIONS WITH SALES",2007,,ALL CLASSES,00,ANNUAL,ALL COUNTIES,ALL UTILIZATION PRACTICES,RI,44,003,,00000000,003,OPERATIONS,RHODE ISLAND,SALES,,COUNTY,YEAR,CROP TOTALS,,9000,CENSUS,ORGANIC STATUS,44,UNITED STATES
10,,CROPS,ORGANIC,2012-01-01 00:00:00.000,NEWPORT,10,00,,CROP TOTALS,ORGANIC STATUS: (NOP STANDARDS),"RHODE ISLAND, ALL COUNTIES, NEWPORT","CROP TOTALS, ORGANIC - OPERATIONS WITH SALES",2007,,ALL CLASSES,00,ANNUAL,ALL COUNTIES,ALL UTILIZATION PRACTICES,RI,44,005,,00000000,005,OPERATIONS,RHODE ISLAND,SALES,,COUNTY,YEAR,CROP TOTALS,,9000,CENSUS,ORGANIC STATUS,44,UNITED STATES
21,,CROPS,ORGANIC,2012-01-01 00:00:00.000,PROVIDENCE,10,00,,CROP TOTALS,ORGANIC STATUS: (NOP STANDARDS),"RHODE ISLAND, ALL COUNTIES, PROVIDENCE","CROP TOTALS, ORGANIC - OPERATIONS WITH SALES",2007,,ALL CLASSES,00,ANNUAL,ALL COUNTIES,ALL UTILIZATION PRACTICES,RI,44,007,,00000000,007,OPERATIONS,RHODE ISLAND,SALES,,COUNTY,YEAR,CROP TOTALS,,9000,CENSUS,ORGANIC STATUS,44,UNITED STATES
10,,CROPS,ORGANIC,2012-01-01 00:00:00.000,WASHINGTON,10,00,,CROP TOTALS,ORGANIC STATUS: (NOP STANDARDS),"RHODE ISLAND, ALL COUNTIES, WASHINGTON","CROP TOTALS, ORGANIC - OPERATIONS WITH SALES",2007,,ALL CLASSES,00,ANNUAL,ALL COUNTIES,ALL UTILIZATION PRACTICES,RI,44,009,,00000000,009,OPERATIONS,RHODE ISLAND,SALES,,COUNTY,YEAR,CROP TOTALS,,9000,CENSUS,ORGANIC STATUS,44,UNITED STATES
43,,CROPS,ORGANIC,2012-01-01 00:00:00.000,,,00,,CROP TOTALS,ORGANIC STATUS: (NOP STANDARDS),RHODE ISLAND,"CROP TOTALS, ORGANIC - OPERATIONS WITH SALES",2007,,ALL CLASSES,00,ANNUAL,,ALL UTILIZATION PRACTICES,RI,44,,,00000000,,OPERATIONS,RHODE ISLAND,SALES,,STATE,YEAR,CROP TOTALS,,9000,CENSUS,ORGANIC STATUS,44,UNITED STATES
24,,CROPS,ORGANIC,2015-01-31 00:00:00.000,,,00,,CROP TOTALS,ORGANIC STATUS: (NOP USDA CERTIFIED & EXEMPT),RHODE ISLAND,"CROP TOTALS, ORGANIC - OPERATIONS WITH SALES",2014,4.2,ALL CLASSES,00,ANNUAL,,ALL UTILIZATION PRACTICES,RI,44,,,00000000,,OPERATIONS,RHODE ISLAND,SALES,,STATE,YEAR,CROP TOTALS,,9000,CENSUS,ORGANIC STATUS,44,UNITED STATES
26,,CROPS,ORGANIC,2012-01-01 00:00:00.000,,,00,,CROP TOTALS,ORGANIC STATUS: (NOP USDA CERTIFIED & EXEMPT),RHODE ISLAND,"CROP TOTALS, ORGANIC - OPERATIONS WITH SALES",2008,,ALL CLASSES,00,ANNUAL,,ALL UTILIZATION PRACTICES,RI,44,,,00000000,,OPERATIONS,RHODE ISLAND,SALES,,STATE,YEAR,CROP TOTALS,,9000,CENSUS,ORGANIC STATUS,44,UNITED STATES
26,,CROPS,ORGANIC,2022-12-15 12:00:00.000,,,00,,CROP TOTALS,ORGANIC STATUS: (NOP USDA CERTIFIED),RHODE ISLAND,"CROP TOTALS, ORGANIC - OPERATIONS WITH SALES",2021,37.7,ALL CLASSES,00,ANNUAL,,ALL UTILIZATION PRACTICES,RI,44,,,00000000,,OPERATIONS,RHODE ISLAND,SALES,,STATE,YEAR,CROP TOTALS,,9000,CENSUS,ORGANIC STATUS,44,UNITED STATES
19,,CROPS,ORGANIC,2018-02-01 00:00:00.000,,,00,,CROP TOTALS,ORGANIC STATUS: (NOP USDA CERTIFIED),RHODE ISLAND,"CROP TOTALS, ORGANIC - OPERATIONS WITH SALES",2019,5.1,ALL CLASSES,00,ANNUAL,,ALL UTILIZATION PRACTICES,RI,44,,,00000000,,OPERATIONS,RHODE ISLAND,SALES,,STATE,YEAR,CROP TOTALS,,9000,CENSUS,ORGANIC STATUS,44,UNITED STATES
23,,CROPS,ORGANIC,2016-01-31 00:00:00.000,,,00,,CROP TOTALS,ORGANIC STATUS: (NOP USDA CERTIFIED),RHODE ISLAND,"CROP TOTALS, ORGANIC - OPERATIONS WITH SALES",2016,1.4,ALL CLASSES,00,ANNUAL,,ALL UTILIZATION PRACTICES,RI,44,,,00000000,,OPERATIONS,RHODE ISLAND,SALES,,STATE,YEAR,CROP TOTALS,,9000,CENSUS,ORGANIC STATUS,44,UNITED STATES
19,,CROPS,ORGANIC,2015-01-31 00:00:00.000,,,00,,CROP TOTALS,ORGANIC STATUS: (NOP USDA CERTIFIED),RHODE ISLAND,"CROP TOTALS, ORGANIC - OPERATIONS WITH SALES",2015,6.0,ALL CLASSES,00,ANNUAL,,ALL UTILIZATION PRACTICES,RI,44,,,00000000,,OPERATIONS,RHODE ISLAND,SALES,,STATE,YEAR,CROP TOTALS,,9000,CENSUS,ORGANIC STATUS,44,UNITED STATES
17,,CROPS,ORGANIC,2012-12-31 00:00:00.000,,,00,,CROP TOTALS,ORGANIC STATUS: (NOP USDA CERTIFIED),RHODE ISLAND,"CROP TOTALS, ORGANIC - OPERATIONS WITH SALES",2011,,ALL CLASSES,00,ANNUAL,,ALL UTILIZATION PRACTICES,RI,44,,,00000000,,OPERATIONS,RHODE ISLAND,SALES,,STATE,YEAR,CROP TOTALS,,9000,CENSUS,ORGANIC STATUS,44,UNITED STATES
3,,CROPS,ORGANIC,2012-01-01 00:00:00.000,,,00,,CROP TOTALS,"ORGANIC STATUS: (NOP STANDARDS) AND SALES: (50,000 OR MORE $)",RHODE ISLAND,"CROP TOTALS, ORGANIC - OPERATIONS WITH SALES",2007,,ALL CLASSES,00,ANNUAL,,ALL UTILIZATION PRACTICES,RI,44,,,00000000,,OPERATIONS,RHODE ISLAND,SALES,,STATE,YEAR,CROP TOTALS,,9000,CENSUS,ORGANIC STATUS AND SALES,44,UNITED STATES
40,,CROPS,ORGANIC,2012-01-01 00:00:00.000,,,00,,CROP TOTALS,"ORGANIC STATUS: (NOP STANDARDS) AND SALES: (LESS THAN 50,000 $)",RHODE ISLAND,"CROP TOTALS, ORGANIC - OPERATIONS WITH SALES",2007,,ALL CLASSES,00,ANNUAL,,ALL UTILIZATION PRACTICES,RI,44,,,00000000,,OPERATIONS,RHODE ISLAND,SALES,,STATE,YEAR,CROP TOTALS,,9000,CENSUS,ORGANIC STATUS AND SALES,44,UNITED STATES
28,,CROPS,"ORGANIC, LOSS DUE TO GMO MATERIAL, NONE",2022-12-15 12:00:00.000,,,00,,CROP TOTALS,ORGANIC STATUS: (NOP USDA CERTIFIED),RHODE ISLAND,"CROP TOTALS, ORGANIC, LOSS DUE TO GMO MATERIAL, NONE - OPERATIONS WITH LOSS",2021,37.2,ALL CLASSES,00,ANNUAL,,ALL UTILIZATION PRACTICES,RI,44,,,00000000,,OPERATIONS,RHODE ISLAND,LOSS,,STATE,YEAR,CROP TOTALS,,9000,CENSUS,ORGANIC STATUS,44,UNITED STATES
20,,CROPS,"ORGANIC, LOSS DUE TO GMO MATERIAL, NONE",2018-02-01 00:00:00.000,,,00,,CROP TOTALS,ORGANIC STATUS: (NOP USDA CERTIFIED),RHODE ISLAND,"CROP TOTALS, ORGANIC, LOSS DUE TO GMO MATERIAL, NONE - OPERATIONS WITH LOSS",2019,4.1,ALL CLASSES,00,ANNUAL,,ALL UTILIZATION PRACTICES,RI,44,,,00000000,,OPERATIONS,RHODE ISLAND,LOSS,,STATE,YEAR,CROP TOTALS,,9000,CENSUS,ORGANIC STATUS,44,UNITED STATES
28,,CROPS,"ORGANIC, LOSS DUE TO NON-NOP PESTICIDES, NONE",2022-12-15 12:00:00.000,,,00,,CROP TOTALS,ORGANIC STATUS: (NOP USDA CERTIFIED),RHODE ISLAND,"CROP TOTALS, ORGANIC, LOSS DUE TO NON-NOP PESTICIDES, NONE - OPERATIONS WITH LOSS",2021,37.2,ALL CLASSES,00,ANNUAL,,ALL UTILIZATION PRACTICES,RI,44,,,00000000,,OPERATIONS,RHODE ISLAND,LOSS,,STATE,YEAR,CROP TOTALS,,9000,CENSUS,ORGANIC STATUS,44,UNITED STATES
20,,CROPS,"ORGANIC, LOSS DUE TO NON-NOP PESTICIDES, NONE",2018-02-01 00:00:00.000,,,00,,CROP TOTALS,ORGANIC STATUS: (NOP USDA CERTIFIED),RHODE ISLAND,"CROP TOTALS, ORGANIC, LOSS DUE TO NON-NOP PESTICIDES, NONE - OPERATIONS WITH LOSS",2019,3.7,ALL CLASSES,00,ANNUAL,,ALL UTILIZATION PRACTICES,RI,44,,,00000000,,OPERATIONS,RHODE ISLAND,LOSS,,STATE,YEAR,CROP TOTALS,,9000,CENSUS,ORGANIC STATUS,44,UNITED STATES
"2,450,000",,CROPS,ALL PRODUCTION PRACTICES,2025-02-26 15:00:00.000,,,00,,CROP TOTALS,NOT SPECIFIED,RHODE ISLAND,"CROP TOTALS, (EXCL HORTICULTURE) - PRODUCTION, MEASURED IN $",2023,,(EXCL HORTICULTURE),00,ANNUAL,,ALL UTILIZATION PRACTICES,RI,44,,,00000000,,$,RHODE ISLAND,PRODUCTION,,STATE,YEAR,CROP TOTALS,,9000,SURVEY,TOTAL,44,UNITED STATES
"2,620,000",,CROPS,ALL PRODUCTION PRACTICES,2024-02-16 15:00:00.000,,,00,,CROP TOTALS,NOT SPECIFIED,RHODE ISLAND,"CROP TOTALS, (EXCL HORTICULTURE) - PRODUCTION, MEASURED IN $",2022,,(EXCL HORTICULTURE),00,ANNUAL,,ALL UTILIZATION PRACTICES,RI,44,,,00000000,,$,RHODE ISLAND,PRODUCTION,,STATE,YEAR,CROP TOTALS,,9000,SURVEY,TOTAL,44,UNITED STATES
"2,086,000",,CROPS,ALL PRODUCTION PRACTICES,2024-02-16 15:00:00.000,,,00,,CROP TOTALS,NOT SPECIFIED,RHODE ISLAND,"CROP TOTALS, (EXCL HORTICULTURE) - PRODUCTION, MEASURED IN $",2021,,(EXCL HORTICULTURE),00,ANNUAL,,ALL UTILIZATION PRACTICES,RI,44,,,00000000,,$,RHODE ISLAND,PRODUCTION,,STATE,YEAR,CROP TOTALS,,9000,SURVEY,TOTAL,44,UNITED STATES
"1,440,000",,CROPS,ALL PRODUCTION PRACTICES,2024-02-16 15:00:00.000,,,00,,CROP TOTALS,NOT SPECIFIED,RHODE ISLAND,"CROP TOTALS, (EXCL HORTICULTURE) - PRODUCTION, MEASURED IN $",2020,,(EXCL HORTICULTURE),00,ANNUAL,,ALL UTILIZATION PRACTICES,RI,44,,,00000000,,$,RHODE ISLAND,PRODUCTION,,STATE,YEAR,CROP TOTALS,,9000,SURVEY,TOTAL,44,UNITED STATES
"1,199,000",,CROPS,ALL PRODUCTION PRACTICES,2024-02-16 15:00:00.000,,,00,,CROP TOTALS,NOT SPECIFIED,RHODE ISLAND,"CROP TOTALS, (EXCL HORTICULTURE) - PRODUCTION, MEASURED IN $",2019,,(EXCL HORTICULTURE),00,ANNUAL,,ALL UTILIZATION PRACTICES,RI,44,,,00000000,,$,RHODE ISLAND,PRODUCTION,,STATE,YEAR,CROP TOTALS,,9000,SURVEY,TOTAL,44,UNITED STATES
"1,684,000",,CROPS,ALL PRODUCTION PRACTICES,2024-02-16 15:00:00.000,,,00,,CROP TOTALS,NOT SPECIFIED,RHODE ISLAND,"CROP TOTALS, (EXCL HORTICULTURE) - PRODUCTION, MEASURED IN $",2018,,(EXCL HORTICULTURE),00,ANNUAL,,ALL UTILIZATION PRACTICES,RI,44,,,00000000,,$,RHODE ISLAND,PRODUCTION,,STATE,YEAR,CROP TOTALS,,9000,SURVEY,TOTAL,44,UNITED STATES
"1,650,000",,CROPS,ALL PRODUCTION PRACTICES,2020-02-24 15:05:49.000,,,00,,CROP TOTALS,NOT SPECIFIED,RHODE ISLAND,"CROP TOTALS, (EXCL HORTICULTURE) - PRODUCTION, MEASURED IN $",2017,,(EXCL HORTICULTURE),00,ANNUAL,,ALL UTILIZATION PRACTICES,RI,44,,,00000000,,$,RHODE ISLAND,PRODUCTION,,STATE,YEAR,CROP TOTALS,,9000,SURVEY,TOTAL,44,UNITED STATES
"1,458,000",,CROPS,ALL PRODUCTION PRACTICES,2019-04-12 16:46:44.000,,,00,,CROP TOTALS,NOT SPECIFIED,RHODE ISLAND,"CROP TOTALS, (EXCL HORTICULTURE) - PRODUCTION, MEASURED IN $",2016,,(EXCL HORTICULTURE),00,ANNUAL,,ALL UTILIZATION PRACTICES,RI,44,,,00000000,,$,RHODE ISLAND,PRODUCTION,,STATE,YEAR,CROP TOTALS,,9000,SURVEY,TOTAL,44,UNITED STATES
"6,603,000",,CROPS,ALL PRODUCTION PRACTICES,2019-04-05 15:00:25.000,,,00,,CROP TOTALS,NOT SPECIFIED,RHODE ISLAND,"CROP TOTALS, (EXCL HORTICULTURE) - PRODUCTION, MEASURED IN $",2015,,(EXCL HORTICULTURE),00,ANNUAL,,ALL UTILIZATION PRACTICES,RI,44,,,00000000,,$,RHODE ISLAND,PRODUCTION,,STATE,YEAR,CROP TOTALS,,9000,SURVEY,TOTAL,44,UNITED STATES
"7,245,000",,CROPS,ALL PRODUCTION PRACTICES,2019-04-05 15:00:25.000,,,00,,CROP TOTALS,NOT SPECIFIED,RHODE ISLAND,"CROP TOTALS, (EXCL HORTICULTURE) - PRODUCTION, MEASURED IN $",2014,,(EXCL HORTICULTURE),00,ANNUAL,,ALL UTILIZATION PRACTICES,RI,44,,,00000000,,$,RHODE ISLAND,PRODUCTION,,STATE,YEAR,CROP TOTALS,,9000,SURVEY,TOTAL,44,UNITED STATES
"9,075,000",,CROPS,ALL PRODUCTION PRACTICES,2019-04-05 15:00:25.000,,,00,,CROP TOTALS,NOT SPECIFIED,RHODE ISLAND,"CROP TOTALS, (EXCL HORTICULTURE) - PRODUCTION, MEASURED IN $",2013,,(EXCL HORTICULTURE),00,ANNUAL,,ALL UTILIZATION PRACTICES,RI,44,,,00000000,,$,RHODE ISLAND,PRODUCTION,,STATE,YEAR,CROP TOTALS,,9000,SURVEY,TOTAL,44,UNITED STATES
"10,171,000",,CROPS,ALL PRODUCTION PRACTICES,2015-02-25 16:30:07.000,,,00,,CROP TOTALS,NOT SPECIFIED,RHODE ISLAND,"CROP TOTALS, (EXCL HORTICULTURE) - PRODUCTION, MEASURED IN $",2012,,(EXCL HORTICULTURE),00,ANNUAL,,ALL UTILIZATION PRACTICES,RI,44,,,00000000,,$,RHODE ISLAND,PRODUCTION,,STATE,YEAR,CROP TOTALS,,9000,SURVEY,TOTAL,44,UNITED STATES
"10,116,000",,CROPS,ALL PRODUCTION PRACTICES,2014-11-06 10:31:04.000,,,00,,CROP TOTALS,NOT SPECIFIED,RHODE ISLAND,"CROP TOTALS, (EXCL HORTICULTURE) - PRODUCTION, MEASURED IN $",2011,,(EXCL HORTICULTURE),00,ANNUAL,,ALL UTILIZATION PRACTICES,RI,44,,,00000000,,$,RHODE ISLAND,PRODUCTION,,STATE,YEAR,CROP TOTALS,,9000,SURVEY,TOTAL,44,UNITED STATES
"9,565,000",,CROPS,ALL PRODUCTION PRACTICES,2014-11-06 10:31:04.000,,,00,,CROP TOTALS,NOT SPECIFIED,RHODE ISLAND,"CROP TOTALS, (EXCL HORTICULTURE) - PRODUCTION, MEASURED IN $",2010,,(EXCL HORTICULTURE),00,ANNUAL,,ALL UTILIZATION PRACTICES,RI,44,,,00000000,,$,RHODE ISLAND,PRODUCTION,,STATE,YEAR,CROP TOTALS,,9000,SURVEY,TOTAL,44,UNITED STATES
"6,801,000",,CROPS,ALL PRODUCTION PRACTICES,2014-11-06 10:31:04.000,,,00,,CROP TOTALS,NOT SPECIFIED,RHODE ISLAND,"CROP TOTALS, (EXCL HORTICULTURE) - PRODUCTION, MEASURED IN $",2009,,(EXCL HORTICULTURE),00,ANNUAL,,ALL UTILIZATION PRACTICES,RI,44,,,00000000,,$,RHODE ISLAND,PRODUCTION,,STATE,YEAR,CROP TOTALS,,9000,SURVEY,TOTAL,44,UNITED STATES
"9,072,000",,CROPS,ALL PRODUCTION PRACTICES,2014-11-06 10:31:04.000,,,00,,CROP TOTALS,NOT SPECIFIED,RHODE ISLAND,"CROP TOTALS, (EXCL HORTICULTURE) - PRODUCTION, MEASURED IN $",2008,,(EXCL HORTICULTURE),00,ANNUAL,,ALL UTILIZATION PRACTICES,RI,44,,,00000000,,$,RHODE ISLAND,PRODUCTION,,STATE,YEAR,CROP TOTALS,,9000,SURVEY,TOTAL,44,UNITED STATES
"7,610,000",,CROPS,ALL PRODUCTION PRACTICES,2014-11-06 10:31:04.000,,,00,,CROP TOTALS,NOT SPECIFIED,RHODE ISLAND,"CROP TOTALS, (EXCL HORTICULTURE) - PRODUCTION, MEASURED IN $",2007,,(EXCL HORTICULTURE),00,ANNUAL,,ALL UTILIZATION PRACTICES,RI,44,,,00000000,,$,RHODE ISLAND,PRODUCTION,,STATE,YEAR,CROP TOTALS,,9000,SURVEY,TOTAL,44,UNITED STATES
