country_name,group_desc,CV (%),county_ansi,begin_code,watershed_desc,end_code,zip_5,Value,county_name,class_desc,unit_desc,state_alpha,week_ending,state_name,location_desc,asd_desc,short_desc,prodn_practice_desc,util_practice_desc,state_fips_code,freq_desc,source_desc,county_code,asd_code,region_desc,statisticcat_desc,domaincat_desc,agg_level_desc,year,watershed_code,domain_desc,country_code,congr_district_code,sector_desc,commodity_desc,state_ansi,reference_period_desc,load_time
UNITED STATES,FIELD CROPS,(L),,00,,00,,18,,"DRY EDIBLE, (EXCL CHICKPEAS & LIMA)",CWT / ACRE,HI,,HAWAII,HAWAII,,"BEANS, DRY EDIBLE, (EXCL CHICKPEAS & LIMA), IRRIGATED, ENTIRE CROP - YIELD, MEASURED IN CWT / ACRE","IRRIGATED, ENTIRE CROP",ALL UTILIZATION PRACTICES,15,ANNUAL,CENSUS,,,,YIELD,NOT SPECIFIED,STATE,2017,00000000,TOTAL,9000,,CROPS,BEANS,15,YEAR,2018-02-01 00:00:00.000
UNITED STATES,FIELD CROPS,(D),,00,,00,,                 (D),,"DRY EDIBLE, (EXCL CHICKPEAS & LIMA)",CWT / ACRE,HI,,HAWAII,HAWAII,,"BEANS, DRY EDIBLE, (EXCL CHICKPEAS & LIMA), IRRIGATED, NONE OF CROP - YIELD, MEASURED IN CWT / ACRE","IRRIGATED, NONE OF CROP",ALL UTILIZATION PRACTICES,15,ANNUAL,CENSUS,,,,YIELD,NOT SPECIFIED,STATE,2022,00000000,TOTAL,9000,,CROPS,BEANS,15,YEAR,2024-07-02 12:00:00.000
UNITED STATES,FIELD CROPS,,,00,,00,,40,,"DRY EDIBLE, INCL CHICKPEAS",CWT / ACRE,HI,,HAWAII,HAWAII,,"BEANS, DRY EDIBLE, INCL CHICKPEAS, IRRIGATED - YIELD, MEASURED IN CWT / ACRE",IRRIGATED,ALL UTILIZATION PRACTICES,15,ANNUAL,CENSUS,,,,YIELD,"IRRIGATION METHOD, PRIMARY: (PRESSURE)",STATE,2013,00000000,"IRRIGATION METHOD, PRIMARY",9000,,CROPS,BEANS,15,YEAR,2012-12-31 00:00:00.000
UNITED STATES,FIELD CROPS,,,00,,00,,40,,"DRY EDIBLE, INCL CHICKPEAS",CWT / ACRE,HI,,HAWAII,HAWAII,,"BEANS, DRY EDIBLE, INCL CHICKPEAS, IRRIGATED - YIELD, MEASURED IN CWT / ACRE",IRRIGATED,ALL UTILIZATION PRACTICES,15,ANNUAL,CENSUS,,,,YIELD,NOT SPECIFIED,STATE,2013,00000000,TOTAL,9000,,CROPS,BEANS,15,YEAR,2012-12-31 00:00:00.000
UNITED STATES,FIELD CROPS,,,00,,00,,54,,ALL CLASSES,BU / ACRE,HI,,HAWAII,HAWAII,,"CORN, GRAIN, IRRIGATED - YIELD, MEASURED IN BU / ACRE",IRRIGATED,GRAIN,15,ANNUAL,CENSUS,,,,YIELD,"IRRIGATION METHOD, PRIMARY: (GRAVITY)",STATE,2013,00000000,"IRRIGATION METHOD, PRIMARY",9000,,CROPS,CORN,15,YEAR,2012-12-31 00:00:00.000
UNITED STATES,FIELD CROPS,(L),,00,,00,,59,,ALL CLASSES,BU / ACRE,HI,,HAWAII,HAWAII,,"CORN, GRAIN, IRRIGATED - YIELD, MEASURED IN BU / ACRE",IRRIGATED,GRAIN,15,ANNUAL,CENSUS,,,,YIELD,"IRRIGATION METHOD, PRIMARY: (PRESSURE)",STATE,2018,00000000,"IRRIGATION METHOD, PRIMARY",9000,,CROPS,CORN,15,YEAR,2018-02-01 00:00:00.000
UNITED STATES,FIELD CROPS,,,00,,00,,55,,ALL CLASSES,BU / ACRE,HI,,HAWAII,HAWAII,,"CORN, GRAIN, IRRIGATED - YIELD, MEASURED IN BU / ACRE",IRRIGATED,GRAIN,15,ANNUAL,CENSUS,,,,YIELD,"IRRIGATION METHOD, PRIMARY: (PRESSURE)",STATE,2013,00000000,"IRRIGATION METHOD, PRIMARY",9000,,CROPS,CORN,15,YEAR,2012-12-31 00:00:00.000
UNITED STATES,FIELD CROPS,(L),,00,,00,,59,,ALL CLASSES,BU / ACRE,HI,,HAWAII,HAWAII,,"CORN, GRAIN, IRRIGATED - YIELD, MEASURED IN BU / ACRE",IRRIGATED,GRAIN,15,ANNUAL,CENSUS,,,,YIELD,NOT SPECIFIED,STATE,2018,00000000,TOTAL,9000,,CROPS,CORN,15,YEAR,2018-02-01 00:00:00.000
UNITED STATES,FIELD CROPS,,,00,,00,,54,,ALL CLASSES,BU / ACRE,HI,,HAWAII,HAWAII,,"CORN, GRAIN, IRRIGATED - YIELD, MEASURED IN BU / ACRE",IRRIGATED,GRAIN,15,ANNUAL,CENSUS,,,,YIELD,NOT SPECIFIED,STATE,2013,00000000,TOTAL,9000,,CROPS,CORN,15,YEAR,2012-12-31 00:00:00.000
UNITED STATES,FIELD CROPS,(D),,00,,00,,                 (D),,ALL CLASSES,BU / ACRE,HI,,HAWAII,HAWAII,,"CORN, GRAIN, IRRIGATED, ENTIRE CROP - YIELD, MEASURED IN BU / ACRE","IRRIGATED, ENTIRE CROP",GRAIN,15,ANNUAL,CENSUS,,,,YIELD,NOT SPECIFIED,STATE,2022,00000000,TOTAL,9000,,CROPS,CORN,15,YEAR,2024-07-02 12:00:00.000
UNITED STATES,FIELD CROPS,81.3,,00,,00,,105.9,,ALL CLASSES,BU / ACRE,HI,,HAWAII,HAWAII,,"CORN, GRAIN, IRRIGATED, ENTIRE CROP - YIELD, MEASURED IN BU / ACRE","IRRIGATED, ENTIRE CROP",GRAIN,15,ANNUAL,CENSUS,,,,YIELD,NOT SPECIFIED,STATE,2017,00000000,TOTAL,9000,,CROPS,CORN,15,YEAR,2018-02-01 00:00:00.000
UNITED STATES,FIELD CROPS,3.0,,00,,00,,70.6,,ALL CLASSES,BU / ACRE,HI,,HAWAII,HAWAII,,"CORN, GRAIN, IRRIGATED, ENTIRE CROP - YIELD, MEASURED IN BU / ACRE","IRRIGATED, ENTIRE CROP",GRAIN,15,ANNUAL,CENSUS,,,,YIELD,NOT SPECIFIED,STATE,2012,00000000,TOTAL,9000,,CROPS,CORN,15,YEAR,2012-12-31 00:00:00.000
UNITED STATES,FIELD CROPS,,,00,,00,,40.1,,ALL CLASSES,BU / ACRE,HI,,HAWAII,HAWAII,,"CORN, GRAIN, IRRIGATED, ENTIRE CROP - YIELD, MEASURED IN BU / ACRE","IRRIGATED, ENTIRE CROP",GRAIN,15,ANNUAL,CENSUS,,,,YIELD,NOT SPECIFIED,STATE,2007,00000000,TOTAL,9000,,CROPS,CORN,15,YEAR,2012-01-01 00:00:00.000
UNITED STATES,FIELD CROPS,,,00,,00,,46.4,,ALL CLASSES,BU / ACRE,HI,,HAWAII,HAWAII,,"CORN, GRAIN, IRRIGATED, ENTIRE CROP - YIELD, MEASURED IN BU / ACRE","IRRIGATED, ENTIRE CROP",GRAIN,15,ANNUAL,CENSUS,,,,YIELD,NOT SPECIFIED,STATE,2002,00000000,TOTAL,9000,,CROPS,CORN,15,YEAR,2012-01-01 00:00:00.000
UNITED STATES,FIELD CROPS,,,00,,00,,                 (D),,ALL CLASSES,TONS / ACRE,HI,,HAWAII,HAWAII,,"CORN, SILAGE, IRRIGATED, ENTIRE CROP - YIELD, MEASURED IN TONS / ACRE","IRRIGATED, ENTIRE CROP",SILAGE,15,ANNUAL,CENSUS,,,,YIELD,NOT SPECIFIED,STATE,2002,00000000,TOTAL,9000,,CROPS,CORN,15,YEAR,2012-01-01 00:00:00.000
UNITED STATES,FIELD CROPS,(D),,00,,00,,                 (D),,ALL CLASSES,BU / ACRE,HI,,HAWAII,HAWAII,,"CORN, GRAIN, IRRIGATED, NONE OF CROP - YIELD, MEASURED IN BU / ACRE","IRRIGATED, NONE OF CROP",GRAIN,15,ANNUAL,CENSUS,,,,YIELD,NOT SPECIFIED,STATE,2022,00000000,TOTAL,9000,,CROPS,CORN,15,YEAR,2024-07-02 12:00:00.000
UNITED STATES,FIELD CROPS,(D),,00,,00,,                 (D),,ALL CLASSES,BU / ACRE,HI,,HAWAII,HAWAII,,"CORN, GRAIN, IRRIGATED, NONE OF CROP - YIELD, MEASURED IN BU / ACRE","IRRIGATED, NONE OF CROP",GRAIN,15,ANNUAL,CENSUS,,,,YIELD,NOT SPECIFIED,STATE,2017,00000000,TOTAL,9000,,CROPS,CORN,15,YEAR,2018-02-01 00:00:00.000
UNITED STATES,FIELD CROPS,(D),,00,,00,,                 (D),,ALL CLASSES,TONS / ACRE,HI,,HAWAII,HAWAII,,"CORN, SILAGE, IRRIGATED, NONE OF CROP - YIELD, MEASURED IN TONS / ACRE","IRRIGATED, NONE OF CROP",SILAGE,15,ANNUAL,CENSUS,,,,YIELD,NOT SPECIFIED,STATE,2017,00000000,TOTAL,9000,,CROPS,CORN,15,YEAR,2018-02-01 00:00:00.000
UNITED STATES,FIELD CROPS,(D),,00,,00,,                 (D),,ALL CLASSES,TONS / ACRE,HI,,HAWAII,HAWAII,,"CORN, SILAGE, IRRIGATED, NONE OF CROP - YIELD, MEASURED IN TONS / ACRE","IRRIGATED, NONE OF CROP",SILAGE,15,ANNUAL,CENSUS,,,,YIELD,NOT SPECIFIED,STATE,2012,00000000,TOTAL,9000,,CROPS,CORN,15,YEAR,2012-12-31 00:00:00.000
UNITED STATES,FIELD CROPS,(D),,00,,00,,                 (D),,ALL CLASSES,BU / ACRE,HI,,HAWAII,HAWAII,,"CORN, GRAIN, IRRIGATED, PART OF CROP - YIELD, MEASURED IN BU / ACRE","IRRIGATED, PART OF CROP",GRAIN,15,ANNUAL,CENSUS,,,,YIELD,NOT SPECIFIED,STATE,2017,00000000,TOTAL,9000,,CROPS,CORN,15,YEAR,2018-02-01 00:00:00.000
UNITED STATES,FIELD CROPS,(D),,00,,00,,                 (D),,(EXCL ALFALFA),TONS / ACRE,HI,,HAWAII,HAWAII,,"HAY, (EXCL ALFALFA), IRRIGATED, ENTIRE CROP - YIELD, MEASURED IN TONS / ACRE","IRRIGATED, ENTIRE CROP",ALL UTILIZATION PRACTICES,15,ANNUAL,CENSUS,,,,YIELD,NOT SPECIFIED,STATE,2022,00000000,TOTAL,9000,,CROPS,HAY,15,YEAR,2024-07-02 12:00:00.000
UNITED STATES,FIELD CROPS,11.1,,00,,00,,2.1,,(EXCL ALFALFA),TONS / ACRE,HI,,HAWAII,HAWAII,,"HAY, (EXCL ALFALFA), IRRIGATED, NONE OF CROP - YIELD, MEASURED IN TONS / ACRE","IRRIGATED, NONE OF CROP",ALL UTILIZATION PRACTICES,15,ANNUAL,CENSUS,,,,YIELD,NOT SPECIFIED,STATE,2022,00000000,TOTAL,9000,,CROPS,HAY,15,YEAR,2024-07-02 12:00:00.000
UNITED STATES,FIELD CROPS,(D),,00,,00,,                 (D),,(EXCL ALFALFA),TONS / ACRE,HI,,HAWAII,HAWAII,,"HAY, (EXCL ALFALFA), IRRIGATED, NONE OF CROP - YIELD, MEASURED IN TONS / ACRE","IRRIGATED, NONE OF CROP",ALL UTILIZATION PRACTICES,15,ANNUAL,CENSUS,,,,YIELD,NOT SPECIFIED,STATE,2017,00000000,TOTAL,9000,,CROPS,HAY,15,YEAR,2018-02-01 00:00:00.000
UNITED STATES,FIELD CROPS,(D),,00,,00,,                 (D),,ALFALFA,TONS / ACRE,HI,,HAWAII,HAWAII,,"HAY, ALFALFA, IRRIGATED, ENTIRE CROP - YIELD, MEASURED IN TONS / ACRE","IRRIGATED, ENTIRE CROP",ALL UTILIZATION PRACTICES,15,ANNUAL,CENSUS,,,,YIELD,NOT SPECIFIED,STATE,2022,00000000,TOTAL,9000,,CROPS,HAY,15,YEAR,2024-07-02 12:00:00.000
UNITED STATES,FIELD CROPS,,,00,,00,,3,,ALFALFA,TONS / ACRE,HI,,HAWAII,HAWAII,,"HAY, ALFALFA, IRRIGATED, ENTIRE CROP - YIELD, MEASURED IN TONS / ACRE","IRRIGATED, ENTIRE CROP",ALL UTILIZATION PRACTICES,15,ANNUAL,CENSUS,,,,YIELD,NOT SPECIFIED,STATE,2007,00000000,TOTAL,9000,,CROPS,HAY,15,YEAR,2012-01-01 00:00:00.000
UNITED STATES,FIELD CROPS,,,00,,00,,                 (D),,ALFALFA,TONS / ACRE,HI,,HAWAII,HAWAII,,"HAY, ALFALFA, IRRIGATED, ENTIRE CROP - YIELD, MEASURED IN TONS / ACRE","IRRIGATED, ENTIRE CROP",ALL UTILIZATION PRACTICES,15,ANNUAL,CENSUS,,,,YIELD,NOT SPECIFIED,STATE,2002,00000000,TOTAL,9000,,CROPS,HAY,15,YEAR,2012-01-01 00:00:00.000
UNITED STATES,FIELD CROPS,(D),,00,,00,,                 (D),,ALFALFA,TONS / ACRE,HI,,HAWAII,HAWAII,,"HAY, ALFALFA, IRRIGATED, NONE OF CROP - YIELD, MEASURED IN TONS / ACRE","IRRIGATED, NONE OF CROP",ALL UTILIZATION PRACTICES,15,ANNUAL,CENSUS,,,,YIELD,NOT SPECIFIED,STATE,2017,00000000,TOTAL,9000,,CROPS,HAY,15,YEAR,2018-02-01 00:00:00.000
UNITED STATES,FIELD CROPS,(D),,00,,00,,                 (D),,"TAME, (EXCL ALFALFA & SMALL GRAIN)",TONS / ACRE,HI,,HAWAII,HAWAII,,"HAY, TAME, (EXCL ALFALFA & SMALL GRAIN), IRRIGATED, ENTIRE CROP - YIELD, MEASURED IN TONS / ACRE","IRRIGATED, ENTIRE CROP",ALL UTILIZATION PRACTICES,15,ANNUAL,CENSUS,,,,YIELD,NOT SPECIFIED,STATE,2012,00000000,TOTAL,9000,,CROPS,HAY,15,YEAR,2012-12-31 00:00:00.000
UNITED STATES,FIELD CROPS,,,00,,00,,1.9,,"TAME, (EXCL ALFALFA & SMALL GRAIN)",TONS / ACRE,HI,,HAWAII,HAWAII,,"HAY, TAME, (EXCL ALFALFA & SMALL GRAIN), IRRIGATED, ENTIRE CROP - YIELD, MEASURED IN TONS / ACRE","IRRIGATED, ENTIRE CROP",ALL UTILIZATION PRACTICES,15,ANNUAL,CENSUS,,,,YIELD,NOT SPECIFIED,STATE,2007,00000000,TOTAL,9000,,CROPS,HAY,15,YEAR,2012-01-01 00:00:00.000
UNITED STATES,FIELD CROPS,(D),,00,,00,,                 (D),,"TAME, (EXCL ALFALFA & SMALL GRAIN)",TONS / ACRE,HI,,HAWAII,HAWAII,,"HAY, TAME, (EXCL ALFALFA & SMALL GRAIN), IRRIGATED, NONE OF CROP - YIELD, MEASURED IN TONS / ACRE","IRRIGATED, NONE OF CROP",ALL UTILIZATION PRACTICES,15,ANNUAL,CENSUS,,,,YIELD,NOT SPECIFIED,STATE,2012,00000000,TOTAL,9000,,CROPS,HAY,15,YEAR,2012-12-31 00:00:00.000
UNITED STATES,FIELD CROPS,,,00,,00,,                 (D),,"TAME, (EXCL ALFALFA & SMALL GRAIN)",TONS / ACRE,HI,,HAWAII,HAWAII,,"HAY, TAME, (EXCL ALFALFA & SMALL GRAIN), IRRIGATED, NONE OF CROP - YIELD, MEASURED IN TONS / ACRE","IRRIGATED, NONE OF CROP",ALL UTILIZATION PRACTICES,15,ANNUAL,CENSUS,,,,YIELD,NOT SPECIFIED,STATE,2007,00000000,TOTAL,9000,,CROPS,HAY,15,YEAR,2012-01-01 00:00:00.000
UNITED STATES,FIELD CROPS,,,00,,00,,                 (D),,"TAME, (EXCL ALFALFA & SMALL GRAIN)",TONS / ACRE,HI,,HAWAII,HAWAII,,"HAY, TAME, (EXCL ALFALFA & SMALL GRAIN), IRRIGATED, NONE OF CROP - YIELD, MEASURED IN TONS / ACRE","IRRIGATED, NONE OF CROP",ALL UTILIZATION PRACTICES,15,ANNUAL,CENSUS,,,,YIELD,NOT SPECIFIED,STATE,2002,00000000,TOTAL,9000,,CROPS,HAY,15,YEAR,2012-01-01 00:00:00.000
UNITED STATES,FIELD CROPS,,,00,,00,,                 (D),,"TAME, (EXCL ALFALFA & SMALL GRAIN)",TONS / ACRE,HI,,HAWAII,HAWAII,,"HAY, TAME, (EXCL ALFALFA & SMALL GRAIN), IRRIGATED, PART OF CROP - YIELD, MEASURED IN TONS / ACRE","IRRIGATED, PART OF CROP",ALL UTILIZATION PRACTICES,15,ANNUAL,CENSUS,,,,YIELD,NOT SPECIFIED,STATE,2007,00000000,TOTAL,9000,,CROPS,HAY,15,YEAR,2012-01-01 00:00:00.000
UNITED STATES,FIELD CROPS,,,00,,00,,                 (D),,"TAME, (EXCL ALFALFA & SMALL GRAIN)",TONS / ACRE,HI,,HAWAII,HAWAII,,"HAY, TAME, (EXCL ALFALFA & SMALL GRAIN), IRRIGATED, PART OF CROP - YIELD, MEASURED IN TONS / ACRE","IRRIGATED, PART OF CROP",ALL UTILIZATION PRACTICES,15,ANNUAL,CENSUS,,,,YIELD,NOT SPECIFIED,STATE,2002,00000000,TOTAL,9000,,CROPS,HAY,15,YEAR,2012-01-01 00:00:00.000
UNITED STATES,FIELD CROPS,,,00,,00,,                 (D),,(EXCL ALFALFA),"TONS / ACRE, DRY BASIS",HI,,HAWAII,HAWAII,,"HAY & HAYLAGE, (EXCL ALFALFA), IRRIGATED - YIELD, MEASURED IN TONS / ACRE, DRY BASIS",IRRIGATED,ALL UTILIZATION PRACTICES,15,ANNUAL,CENSUS,,,,YIELD,"IRRIGATION METHOD, PRIMARY: (PRESSURE)",STATE,2013,00000000,"IRRIGATION METHOD, PRIMARY",9000,,CROPS,HAY & HAYLAGE,15,YEAR,2012-12-31 00:00:00.000
UNITED STATES,FIELD CROPS,,,00,,00,,                 (D),,(EXCL ALFALFA),"TONS / ACRE, DRY BASIS",HI,,HAWAII,HAWAII,,"HAY & HAYLAGE, (EXCL ALFALFA), IRRIGATED - YIELD, MEASURED IN TONS / ACRE, DRY BASIS",IRRIGATED,ALL UTILIZATION PRACTICES,15,ANNUAL,CENSUS,,,,YIELD,NOT SPECIFIED,STATE,2013,00000000,TOTAL,9000,,CROPS,HAY & HAYLAGE,15,YEAR,2012-12-31 00:00:00.000
UNITED STATES,FIELD CROPS,(L),,00,,00,,6.6,,ALFALFA,"TONS / ACRE, DRY BASIS",HI,,HAWAII,HAWAII,,"HAY & HAYLAGE, ALFALFA, IRRIGATED - YIELD, MEASURED IN TONS / ACRE, DRY BASIS",IRRIGATED,ALL UTILIZATION PRACTICES,15,ANNUAL,CENSUS,,,,YIELD,"IRRIGATION METHOD, PRIMARY: (PRESSURE)",STATE,2018,00000000,"IRRIGATION METHOD, PRIMARY",9000,,CROPS,HAY & HAYLAGE,15,YEAR,2018-02-01 00:00:00.000
UNITED STATES,FIELD CROPS,(L),,00,,00,,6.6,,ALFALFA,"TONS / ACRE, DRY BASIS",HI,,HAWAII,HAWAII,,"HAY & HAYLAGE, ALFALFA, IRRIGATED - YIELD, MEASURED IN TONS / ACRE, DRY BASIS",IRRIGATED,ALL UTILIZATION PRACTICES,15,ANNUAL,CENSUS,,,,YIELD,NOT SPECIFIED,STATE,2018,00000000,TOTAL,9000,,CROPS,HAY & HAYLAGE,15,YEAR,2018-02-01 00:00:00.000
UNITED STATES,FIELD CROPS,(D),,00,,00,,                 (D),,(EXCL ALFALFA),TONS / ACRE,HI,,HAWAII,HAWAII,,"HAYLAGE, (EXCL ALFALFA), IRRIGATED, ENTIRE CROP - YIELD, MEASURED IN TONS / ACRE","IRRIGATED, ENTIRE CROP",ALL UTILIZATION PRACTICES,15,ANNUAL,CENSUS,,,,YIELD,NOT SPECIFIED,STATE,2022,00000000,TOTAL,9000,,CROPS,HAYLAGE,15,YEAR,2024-07-02 12:00:00.000
UNITED STATES,FIELD CROPS,(D),,00,,00,,                 (D),,(EXCL ALFALFA),TONS / ACRE,HI,,HAWAII,HAWAII,,"HAYLAGE, (EXCL ALFALFA), IRRIGATED, ENTIRE CROP - YIELD, MEASURED IN TONS / ACRE","IRRIGATED, ENTIRE CROP",ALL UTILIZATION PRACTICES,15,ANNUAL,CENSUS,,,,YIELD,NOT SPECIFIED,STATE,2017,00000000,TOTAL,9000,,CROPS,HAYLAGE,15,YEAR,2018-02-01 00:00:00.000
UNITED STATES,FIELD CROPS,(D),,00,,00,,                 (D),,(EXCL ALFALFA),TONS / ACRE,HI,,HAWAII,HAWAII,,"HAYLAGE, (EXCL ALFALFA), IRRIGATED, ENTIRE CROP - YIELD, MEASURED IN TONS / ACRE","IRRIGATED, ENTIRE CROP",ALL UTILIZATION PRACTICES,15,ANNUAL,CENSUS,,,,YIELD,NOT SPECIFIED,STATE,2012,00000000,TOTAL,9000,,CROPS,HAYLAGE,15,YEAR,2012-12-31 00:00:00.000
UNITED STATES,FIELD CROPS,,,00,,00,,                 (D),,(EXCL ALFALFA),TONS / ACRE,HI,,HAWAII,HAWAII,,"HAYLAGE, (EXCL ALFALFA), IRRIGATED, ENTIRE CROP - YIELD, MEASURED IN TONS / ACRE","IRRIGATED, ENTIRE CROP",ALL UTILIZATION PRACTICES,15,ANNUAL,CENSUS,,,,YIELD,NOT SPECIFIED,STATE,2007,00000000,TOTAL,9000,,CROPS,HAYLAGE,15,YEAR,2012-01-01 00:00:00.000
UNITED STATES,FIELD CROPS,4.4,,00,,00,,3.5,,(EXCL ALFALFA),TONS / ACRE,HI,,HAWAII,HAWAII,,"HAYLAGE, (EXCL ALFALFA), IRRIGATED, NONE OF CROP - YIELD, MEASURED IN TONS / ACRE","IRRIGATED, NONE OF CROP",ALL UTILIZATION PRACTICES,15,ANNUAL,CENSUS,,,,YIELD,NOT SPECIFIED,STATE,2022,00000000,TOTAL,9000,,CROPS,HAYLAGE,15,YEAR,2024-07-02 12:00:00.000
UNITED STATES,FIELD CROPS,(D),,00,,00,,                 (D),,(EXCL ALFALFA),TONS / ACRE,HI,,HAWAII,HAWAII,,"HAYLAGE, (EXCL ALFALFA), IRRIGATED, NONE OF CROP - YIELD, MEASURED IN TONS / ACRE","IRRIGATED, NONE OF CROP",ALL UTILIZATION PRACTICES,15,ANNUAL,CENSUS,,,,YIELD,NOT SPECIFIED,STATE,2017,00000000,TOTAL,9000,,CROPS,HAYLAGE,15,YEAR,2018-02-01 00:00:00.000
UNITED STATES,FIELD CROPS,55.4,,00,,00,,3.7,,(EXCL ALFALFA),TONS / ACRE,HI,,HAWAII,HAWAII,,"HAYLAGE, (EXCL ALFALFA), IRRIGATED, NONE OF CROP - YIELD, MEASURED IN TONS / ACRE","IRRIGATED, NONE OF CROP",ALL UTILIZATION PRACTICES,15,ANNUAL,CENSUS,,,,YIELD,NOT SPECIFIED,STATE,2012,00000000,TOTAL,9000,,CROPS,HAYLAGE,15,YEAR,2012-12-31 00:00:00.000
UNITED STATES,FIELD CROPS,,,00,,00,,                 (D),,(EXCL ALFALFA),TONS / ACRE,HI,,HAWAII,HAWAII,,"HAYLAGE, (EXCL ALFALFA), IRRIGATED, NONE OF CROP - YIELD, MEASURED IN TONS / ACRE","IRRIGATED, NONE OF CROP",ALL UTILIZATION PRACTICES,15,ANNUAL,CENSUS,,,,YIELD,NOT SPECIFIED,STATE,2007,00000000,TOTAL,9000,,CROPS,HAYLAGE,15,YEAR,2012-01-01 00:00:00.000
UNITED STATES,FIELD CROPS,(D),,00,,00,,                 (D),,(EXCL ALFALFA),TONS / ACRE,HI,,HAWAII,HAWAII,,"HAYLAGE, (EXCL ALFALFA), IRRIGATED, PART OF CROP - YIELD, MEASURED IN TONS / ACRE","IRRIGATED, PART OF CROP",ALL UTILIZATION PRACTICES,15,ANNUAL,CENSUS,,,,YIELD,NOT SPECIFIED,STATE,2022,00000000,TOTAL,9000,,CROPS,HAYLAGE,15,YEAR,2024-07-02 12:00:00.000
UNITED STATES,FIELD CROPS,(D),,00,,00,,                 (D),,(EXCL ALFALFA),TONS / ACRE,HI,,HAWAII,HAWAII,,"HAYLAGE, (EXCL ALFALFA), IRRIGATED, PART OF CROP - YIELD, MEASURED IN TONS / ACRE","IRRIGATED, PART OF CROP",ALL UTILIZATION PRACTICES,15,ANNUAL,CENSUS,,,,YIELD,NOT SPECIFIED,STATE,2017,00000000,TOTAL,9000,,CROPS,HAYLAGE,15,YEAR,2018-02-01 00:00:00.000
UNITED STATES,FIELD CROPS,(D),,00,,00,,                 (D),,(EXCL ALFALFA),TONS / ACRE,HI,,HAWAII,HAWAII,,"HAYLAGE, (EXCL ALFALFA), IRRIGATED, PART OF CROP - YIELD, MEASURED IN TONS / ACRE","IRRIGATED, PART OF CROP",ALL UTILIZATION PRACTICES,15,ANNUAL,CENSUS,,,,YIELD,NOT SPECIFIED,STATE,2012,00000000,TOTAL,9000,,CROPS,HAYLAGE,15,YEAR,2012-12-31 00:00:00.000
UNITED STATES,FIELD CROPS,(D),,00,,00,,                 (D),,ALFALFA,TONS / ACRE,HI,,HAWAII,HAWAII,,"HAYLAGE, ALFALFA, IRRIGATED, ENTIRE CROP - YIELD, MEASURED IN TONS / ACRE","IRRIGATED, ENTIRE CROP",ALL UTILIZATION PRACTICES,15,ANNUAL,CENSUS,,,,YIELD,NOT SPECIFIED,STATE,2022,00000000,TOTAL,9000,,CROPS,HAYLAGE,15,YEAR,2024-07-02 12:00:00.000
UNITED STATES,FIELD CROPS,,,00,,00,,"4,576",,ALL CLASSES,LB / ACRE,HI,,HAWAII,HAWAII,,"PEANUTS, IRRIGATED - YIELD, MEASURED IN LB / ACRE",IRRIGATED,ALL UTILIZATION PRACTICES,15,ANNUAL,CENSUS,,,,YIELD,"IRRIGATION METHOD, PRIMARY: (GRAVITY)",STATE,2013,00000000,"IRRIGATION METHOD, PRIMARY",9000,,CROPS,PEANUTS,15,YEAR,2012-12-31 00:00:00.000
UNITED STATES,FIELD CROPS,,,00,,00,,"4,576",,ALL CLASSES,LB / ACRE,HI,,HAWAII,HAWAII,,"PEANUTS, IRRIGATED - YIELD, MEASURED IN LB / ACRE",IRRIGATED,ALL UTILIZATION PRACTICES,15,ANNUAL,CENSUS,,,,YIELD,NOT SPECIFIED,STATE,2013,00000000,TOTAL,9000,,CROPS,PEANUTS,15,YEAR,2012-12-31 00:00:00.000
UNITED STATES,FIELD CROPS,(D),,00,,00,,                 (D),,ALL CLASSES,LB / ACRE,HI,,HAWAII,HAWAII,,"PEANUTS, IRRIGATED, NONE OF CROP - YIELD, MEASURED IN LB / ACRE","IRRIGATED, NONE OF CROP",ALL UTILIZATION PRACTICES,15,ANNUAL,CENSUS,,,,YIELD,NOT SPECIFIED,STATE,2022,00000000,TOTAL,9000,,CROPS,PEANUTS,15,YEAR,2024-07-02 12:00:00.000
UNITED STATES,FIELD CROPS,(L),,00,,00,,500,,ALL CLASSES,LB / ACRE,HI,,HAWAII,HAWAII,,"PEANUTS, IRRIGATED, NONE OF CROP - YIELD, MEASURED IN LB / ACRE","IRRIGATED, NONE OF CROP",ALL UTILIZATION PRACTICES,15,ANNUAL,CENSUS,,,,YIELD,NOT SPECIFIED,STATE,2017,00000000,TOTAL,9000,,CROPS,PEANUTS,15,YEAR,2018-02-01 00:00:00.000
UNITED STATES,FIELD CROPS,,,00,,00,,                 (D),,ALL CLASSES,CWT / ACRE,HI,,HAWAII,HAWAII,,"RICE, IRRIGATED - YIELD, MEASURED IN CWT / ACRE",IRRIGATED,ALL UTILIZATION PRACTICES,15,ANNUAL,CENSUS,,,,YIELD,"IRRIGATION METHOD, PRIMARY: (GRAVITY)",STATE,2013,00000000,"IRRIGATION METHOD, PRIMARY",9000,,CROPS,RICE,15,YEAR,2012-12-31 00:00:00.000
UNITED STATES,FIELD CROPS,,,00,,00,,                 (D),,ALL CLASSES,CWT / ACRE,HI,,HAWAII,HAWAII,,"RICE, IRRIGATED - YIELD, MEASURED IN CWT / ACRE",IRRIGATED,ALL UTILIZATION PRACTICES,15,ANNUAL,CENSUS,,,,YIELD,NOT SPECIFIED,STATE,2013,00000000,TOTAL,9000,,CROPS,RICE,15,YEAR,2012-12-31 00:00:00.000
UNITED STATES,FIELD CROPS,(D),,00,,00,,                 (D),,ALL CLASSES,CWT / ACRE,HI,,HAWAII,HAWAII,,"RICE, IRRIGATED, ENTIRE CROP - YIELD, MEASURED IN CWT / ACRE","IRRIGATED, ENTIRE CROP",ALL UTILIZATION PRACTICES,15,ANNUAL,CENSUS,,,,YIELD,NOT SPECIFIED,STATE,2022,00000000,TOTAL,9000,,CROPS,RICE,15,YEAR,2024-07-02 12:00:00.000
UNITED STATES,FIELD CROPS,(D),,00,,00,,                 (D),,ALL CLASSES,BU / ACRE,HI,,HAWAII,HAWAII,,"SORGHUM, GRAIN, IRRIGATED, ENTIRE CROP - YIELD, MEASURED IN BU / ACRE","IRRIGATED, ENTIRE CROP",GRAIN,15,ANNUAL,CENSUS,,,,YIELD,NOT SPECIFIED,STATE,2012,00000000,TOTAL,9000,,CROPS,SORGHUM,15,YEAR,2012-12-31 00:00:00.000
UNITED STATES,FIELD CROPS,1.1,,00,,00,,50,,ALL CLASSES,BU / ACRE,HI,,HAWAII,HAWAII,,"SOYBEANS, IRRIGATED - YIELD, MEASURED IN BU / ACRE",IRRIGATED,ALL UTILIZATION PRACTICES,15,ANNUAL,CENSUS,,,,YIELD,"IRRIGATION METHOD, PRIMARY: (PRESSURE)",STATE,2018,00000000,"IRRIGATION METHOD, PRIMARY",9000,,CROPS,SOYBEANS,15,YEAR,2018-02-01 00:00:00.000
UNITED STATES,FIELD CROPS,,,00,,00,,                 (D),,ALL CLASSES,BU / ACRE,HI,,HAWAII,HAWAII,,"SOYBEANS, IRRIGATED - YIELD, MEASURED IN BU / ACRE",IRRIGATED,ALL UTILIZATION PRACTICES,15,ANNUAL,CENSUS,,,,YIELD,"IRRIGATION METHOD, PRIMARY: (PRESSURE)",STATE,2013,00000000,"IRRIGATION METHOD, PRIMARY",9000,,CROPS,SOYBEANS,15,YEAR,2012-12-31 00:00:00.000
UNITED STATES,FIELD CROPS,1.1,,00,,00,,50,,ALL CLASSES,BU / ACRE,HI,,HAWAII,HAWAII,,"SOYBEANS, IRRIGATED - YIELD, MEASURED IN BU / ACRE",IRRIGATED,ALL UTILIZATION PRACTICES,15,ANNUAL,CENSUS,,,,YIELD,NOT SPECIFIED,STATE,2018,00000000,TOTAL,9000,,CROPS,SOYBEANS,15,YEAR,2018-02-01 00:00:00.000
UNITED STATES,FIELD CROPS,,,00,,00,,                 (D),,ALL CLASSES,BU / ACRE,HI,,HAWAII,HAWAII,,"SOYBEANS, IRRIGATED - YIELD, MEASURED IN BU / ACRE",IRRIGATED,ALL UTILIZATION PRACTICES,15,ANNUAL,CENSUS,,,,YIELD,NOT SPECIFIED,STATE,2013,00000000,TOTAL,9000,,CROPS,SOYBEANS,15,YEAR,2012-12-31 00:00:00.000
UNITED STATES,FIELD CROPS,(D),,00,,00,,                 (D),,ALL CLASSES,BU / ACRE,HI,,HAWAII,HAWAII,,"SOYBEANS, IRRIGATED, ENTIRE CROP - YIELD, MEASURED IN BU / ACRE","IRRIGATED, ENTIRE CROP",ALL UTILIZATION PRACTICES,15,ANNUAL,CENSUS,,,,YIELD,NOT SPECIFIED,STATE,2022,00000000,TOTAL,9000,,CROPS,SOYBEANS,15,YEAR,2024-07-02 12:00:00.000
UNITED STATES,FIELD CROPS,(D),,00,,00,,                 (D),,ALL CLASSES,BU / ACRE,HI,,HAWAII,HAWAII,,"SOYBEANS, IRRIGATED, ENTIRE CROP - YIELD, MEASURED IN BU / ACRE","IRRIGATED, ENTIRE CROP",ALL UTILIZATION PRACTICES,15,ANNUAL,CENSUS,,,,YIELD,NOT SPECIFIED,STATE,2017,00000000,TOTAL,9000,,CROPS,SOYBEANS,15,YEAR,2018-02-01 00:00:00.000
UNITED STATES,FIELD CROPS,(D),,00,,00,,                 (D),,ALL CLASSES,BU / ACRE,HI,,HAWAII,HAWAII,,"SOYBEANS, IRRIGATED, ENTIRE CROP - YIELD, MEASURED IN BU / ACRE","IRRIGATED, ENTIRE CROP",ALL UTILIZATION PRACTICES,15,ANNUAL,CENSUS,,,,YIELD,NOT SPECIFIED,STATE,2012,00000000,TOTAL,9000,,CROPS,SOYBEANS,15,YEAR,2012-12-31 00:00:00.000
UNITED STATES,FIELD CROPS,,,00,,00,,                 (D),,ALL CLASSES,BU / ACRE,HI,,HAWAII,HAWAII,,"SOYBEANS, IRRIGATED, ENTIRE CROP - YIELD, MEASURED IN BU / ACRE","IRRIGATED, ENTIRE CROP",ALL UTILIZATION PRACTICES,15,ANNUAL,CENSUS,,,,YIELD,NOT SPECIFIED,STATE,2002,00000000,TOTAL,9000,,CROPS,SOYBEANS,15,YEAR,2012-01-01 00:00:00.000
UNITED STATES,FIELD CROPS,(D),,00,,00,,                 (D),,ALL CLASSES,TONS / ACRE,HI,,HAWAII,HAWAII,,"SUGARCANE, IRRIGATED, ENTIRE CROP, SUGAR - YIELD, MEASURED IN TONS / ACRE","IRRIGATED, ENTIRE CROP",SUGAR,15,ANNUAL,CENSUS,,,,YIELD,NOT SPECIFIED,STATE,2012,00000000,TOTAL,9000,,CROPS,SUGARCANE,15,YEAR,2012-12-31 00:00:00.000
UNITED STATES,FIELD CROPS,,,00,,00,,                 (D),,ALL CLASSES,TONS / ACRE,HI,,HAWAII,HAWAII,,"SUGARCANE, IRRIGATED, ENTIRE CROP, SUGAR - YIELD, MEASURED IN TONS / ACRE","IRRIGATED, ENTIRE CROP",SUGAR,15,ANNUAL,CENSUS,,,,YIELD,NOT SPECIFIED,STATE,2007,00000000,TOTAL,9000,,CROPS,SUGARCANE,15,YEAR,2012-01-01 00:00:00.000
UNITED STATES,FIELD CROPS,,,00,,00,,                 (D),,ALL CLASSES,TONS / ACRE,HI,,HAWAII,HAWAII,,"SUGARCANE, IRRIGATED, ENTIRE CROP, SUGAR - YIELD, MEASURED IN TONS / ACRE","IRRIGATED, ENTIRE CROP",SUGAR,15,ANNUAL,CENSUS,,,,YIELD,NOT SPECIFIED,STATE,2002,00000000,TOTAL,9000,,CROPS,SUGARCANE,15,YEAR,2012-01-01 00:00:00.000
UNITED STATES,FIELD CROPS,(D),,00,,00,,                 (D),,ALL CLASSES,TONS / ACRE,HI,,HAWAII,HAWAII,,"SUGARCANE, IRRIGATED, NONE OF CROP, SUGAR - YIELD, MEASURED IN TONS / ACRE","IRRIGATED, NONE OF CROP",SUGAR,15,ANNUAL,CENSUS,,,,YIELD,NOT SPECIFIED,STATE,2017,00000000,TOTAL,9000,,CROPS,SUGARCANE,15,YEAR,2018-02-01 00:00:00.000
UNITED STATES,FIELD CROPS,14.8,,00,,00,,63.8,,ALL CLASSES,TONS / ACRE,HI,,HAWAII,HAWAII,,"SUGARCANE, IRRIGATED, NONE OF CROP, SUGAR - YIELD, MEASURED IN TONS / ACRE","IRRIGATED, NONE OF CROP",SUGAR,15,ANNUAL,CENSUS,,,,YIELD,NOT SPECIFIED,STATE,2012,00000000,TOTAL,9000,,CROPS,SUGARCANE,15,YEAR,2012-12-31 00:00:00.000
UNITED STATES,FIELD CROPS,,,00,,00,,2,,ALL CLASSES,TONS / ACRE,HI,,HAWAII,HAWAII,,"SUGARCANE, IRRIGATED, NONE OF CROP, SUGAR - YIELD, MEASURED IN TONS / ACRE","IRRIGATED, NONE OF CROP",SUGAR,15,ANNUAL,CENSUS,,,,YIELD,NOT SPECIFIED,STATE,2007,00000000,TOTAL,9000,,CROPS,SUGARCANE,15,YEAR,2012-01-01 00:00:00.000
UNITED STATES,FIELD CROPS,(D),,00,,00,,                 (D),,ALL CLASSES,TONS / ACRE,HI,,HAWAII,HAWAII,,"SUGARCANE, IRRIGATED, PART OF CROP, SUGAR - YIELD, MEASURED IN TONS / ACRE","IRRIGATED, PART OF CROP",SUGAR,15,ANNUAL,CENSUS,,,,YIELD,NOT SPECIFIED,STATE,2017,00000000,TOTAL,9000,,CROPS,SUGARCANE,15,YEAR,2018-02-01 00:00:00.000
UNITED STATES,VEGETABLES,(L),,00,,00,,200,,ALL CLASSES,CWT / ACRE,HI,,HAWAII,HAWAII,,"LETTUCE, IRRIGATED - YIELD, MEASURED IN CWT / ACRE",IRRIGATED,ALL UTILIZATION PRACTICES,15,ANNUAL,CENSUS,,,,YIELD,"IRRIGATION METHOD, PRIMARY: (PRESSURE, LOW FLOW (DRIP OR MICRO SPRINKLER))",STATE,2018,00000000,"IRRIGATION METHOD, PRIMARY",9000,,CROPS,LETTUCE,15,YEAR,2018-02-01 00:00:00.000
UNITED STATES,VEGETABLES,,,00,,00,,214,,ALL CLASSES,CWT / ACRE,HI,,HAWAII,HAWAII,,"LETTUCE, IRRIGATED - YIELD, MEASURED IN CWT / ACRE",IRRIGATED,ALL UTILIZATION PRACTICES,15,ANNUAL,CENSUS,,,,YIELD,"IRRIGATION METHOD, PRIMARY: (PRESSURE, LOW FLOW (DRIP OR MICRO SPRINKLER))",STATE,2013,00000000,"IRRIGATION METHOD, PRIMARY",9000,,CROPS,LETTUCE,15,YEAR,2012-12-31 00:00:00.000
UNITED STATES,VEGETABLES,(L),,00,,00,,200,,ALL CLASSES,CWT / ACRE,HI,,HAWAII,HAWAII,,"LETTUCE, IRRIGATED - YIELD, MEASURED IN CWT / ACRE",IRRIGATED,ALL UTILIZATION PRACTICES,15,ANNUAL,CENSUS,,,,YIELD,"IRRIGATION METHOD, PRIMARY: (PRESSURE, SPRINKLER)",STATE,2018,00000000,"IRRIGATION METHOD, PRIMARY",9000,,CROPS,LETTUCE,15,YEAR,2018-02-01 00:00:00.000
UNITED STATES,VEGETABLES,,,00,,00,,279,,ALL CLASSES,CWT / ACRE,HI,,HAWAII,HAWAII,,"LETTUCE, IRRIGATED - YIELD, MEASURED IN CWT / ACRE",IRRIGATED,ALL UTILIZATION PRACTICES,15,ANNUAL,CENSUS,,,,YIELD,"IRRIGATION METHOD, PRIMARY: (PRESSURE, SPRINKLER)",STATE,2013,00000000,"IRRIGATION METHOD, PRIMARY",9000,,CROPS,LETTUCE,15,YEAR,2012-12-31 00:00:00.000
UNITED STATES,VEGETABLES,(L),,00,,00,,200,,ALL CLASSES,CWT / ACRE,HI,,HAWAII,HAWAII,,"LETTUCE, IRRIGATED - YIELD, MEASURED IN CWT / ACRE",IRRIGATED,ALL UTILIZATION PRACTICES,15,ANNUAL,CENSUS,,,,YIELD,NOT SPECIFIED,STATE,2018,00000000,TOTAL,9000,,CROPS,LETTUCE,15,YEAR,2018-02-01 00:00:00.000
UNITED STATES,VEGETABLES,,,00,,00,,242,,ALL CLASSES,CWT / ACRE,HI,,HAWAII,HAWAII,,"LETTUCE, IRRIGATED - YIELD, MEASURED IN CWT / ACRE",IRRIGATED,ALL UTILIZATION PRACTICES,15,ANNUAL,CENSUS,,,,YIELD,NOT SPECIFIED,STATE,2013,00000000,TOTAL,9000,,CROPS,LETTUCE,15,YEAR,2012-12-31 00:00:00.000
UNITED STATES,VEGETABLES,(L),,00,,00,,402,,ALL CLASSES,CWT / ACRE,HI,,HAWAII,HAWAII,,"POTATOES, IRRIGATED - YIELD, MEASURED IN CWT / ACRE",IRRIGATED,ALL UTILIZATION PRACTICES,15,ANNUAL,CENSUS,,,,YIELD,"IRRIGATION METHOD, PRIMARY: (PRESSURE, LOW FLOW (DRIP OR MICRO SPRINKLER))",STATE,2018,00000000,"IRRIGATION METHOD, PRIMARY",9000,,CROPS,POTATOES,15,YEAR,2018-02-01 00:00:00.000
UNITED STATES,VEGETABLES,(L),,00,,00,,402,,ALL CLASSES,CWT / ACRE,HI,,HAWAII,HAWAII,,"POTATOES, IRRIGATED - YIELD, MEASURED IN CWT / ACRE",IRRIGATED,ALL UTILIZATION PRACTICES,15,ANNUAL,CENSUS,,,,YIELD,NOT SPECIFIED,STATE,2018,00000000,TOTAL,9000,,CROPS,POTATOES,15,YEAR,2018-02-01 00:00:00.000
UNITED STATES,VEGETABLES,,,00,,00,,                 (D),,ALL CLASSES,CWT / ACRE,HI,,HAWAII,HAWAII,,"POTATOES, IRRIGATED, ENTIRE CROP - YIELD, MEASURED IN CWT / ACRE","IRRIGATED, ENTIRE CROP",ALL UTILIZATION PRACTICES,15,ANNUAL,CENSUS,,,,YIELD,NOT SPECIFIED,STATE,2002,00000000,TOTAL,9000,,CROPS,POTATOES,15,YEAR,2012-01-01 00:00:00.000
UNITED STATES,VEGETABLES,,,00,,00,,                 (D),,ALL CLASSES,CWT / ACRE,HI,,HAWAII,HAWAII,,"POTATOES, IRRIGATED, NONE OF CROP - YIELD, MEASURED IN CWT / ACRE","IRRIGATED, NONE OF CROP",ALL UTILIZATION PRACTICES,15,ANNUAL,CENSUS,,,,YIELD,NOT SPECIFIED,STATE,2002,00000000,TOTAL,9000,,CROPS,POTATOES,15,YEAR,2012-01-01 00:00:00.000
UNITED STATES,VEGETABLES,,,00,,00,,1,,ALL CLASSES,CWT / ACRE,HI,,HAWAII,HAWAII,,"POTATOES, NON-IRRIGATED - YIELD, MEASURED IN CWT / ACRE",NON-IRRIGATED,ALL UTILIZATION PRACTICES,15,ANNUAL,CENSUS,,,,YIELD,IRRIGATION STATUS: (ANY ON OPERATION),STATE,2013,00000000,IRRIGATION STATUS,9000,,CROPS,POTATOES,15,YEAR,2012-12-31 00:00:00.000
UNITED STATES,VEGETABLES,(D),,00,,00,,                 (D),,ALL CLASSES,CWT / ACRE,HI,,HAWAII,HAWAII,,"SWEET CORN, IRRIGATED - YIELD, MEASURED IN CWT / ACRE",IRRIGATED,ALL UTILIZATION PRACTICES,15,ANNUAL,CENSUS,,,,YIELD,"IRRIGATION METHOD, PRIMARY: (PRESSURE, LOW FLOW (DRIP OR MICRO SPRINKLER))",STATE,2018,00000000,"IRRIGATION METHOD, PRIMARY",9000,,CROPS,SWEET CORN,15,YEAR,2018-02-01 00:00:00.000
UNITED STATES,VEGETABLES,,,00,,00,,                 (D),,ALL CLASSES,CWT / ACRE,HI,,HAWAII,HAWAII,,"SWEET CORN, IRRIGATED - YIELD, MEASURED IN CWT / ACRE",IRRIGATED,ALL UTILIZATION PRACTICES,15,ANNUAL,CENSUS,,,,YIELD,"IRRIGATION METHOD, PRIMARY: (PRESSURE, LOW FLOW (DRIP OR MICRO SPRINKLER))",STATE,2013,00000000,"IRRIGATION METHOD, PRIMARY",9000,,CROPS,SWEET CORN,15,YEAR,2012-12-31 00:00:00.000
UNITED STATES,VEGETABLES,,,00,,00,,40,,ALL CLASSES,CWT / ACRE,HI,,HAWAII,HAWAII,,"SWEET CORN, IRRIGATED - YIELD, MEASURED IN CWT / ACRE",IRRIGATED,ALL UTILIZATION PRACTICES,15,ANNUAL,CENSUS,,,,YIELD,"IRRIGATION METHOD, PRIMARY: (PRESSURE, SPRINKLER)",STATE,2013,00000000,"IRRIGATION METHOD, PRIMARY",9000,,CROPS,SWEET CORN,15,YEAR,2012-12-31 00:00:00.000
UNITED STATES,VEGETABLES,(D),,00,,00,,                 (D),,ALL CLASSES,CWT / ACRE,HI,,HAWAII,HAWAII,,"SWEET CORN, IRRIGATED - YIELD, MEASURED IN CWT / ACRE",IRRIGATED,ALL UTILIZATION PRACTICES,15,ANNUAL,CENSUS,,,,YIELD,NOT SPECIFIED,STATE,2018,00000000,TOTAL,9000,,CROPS,SWEET CORN,15,YEAR,2018-02-01 00:00:00.000
UNITED STATES,VEGETABLES,,,00,,00,,                 (D),,ALL CLASSES,CWT / ACRE,HI,,HAWAII,HAWAII,,"SWEET CORN, IRRIGATED - YIELD, MEASURED IN CWT / ACRE",IRRIGATED,ALL UTILIZATION PRACTICES,15,ANNUAL,CENSUS,,,,YIELD,NOT SPECIFIED,STATE,2013,00000000,TOTAL,9000,,CROPS,SWEET CORN,15,YEAR,2012-12-31 00:00:00.000
UNITED STATES,VEGETABLES,(D),,00,,00,,                 (D),,ALL CLASSES,CWT / ACRE,HI,,HAWAII,HAWAII,,"TOMATOES, IN THE OPEN, IRRIGATED - YIELD, MEASURED IN CWT / ACRE","IN THE OPEN, IRRIGATED",ALL UTILIZATION PRACTICES,15,ANNUAL,CENSUS,,,,YIELD,"IRRIGATION METHOD, PRIMARY: (PRESSURE, LOW FLOW (DRIP OR MICRO SPRINKLER))",STATE,2018,00000000,"IRRIGATION METHOD, PRIMARY",9000,,CROPS,TOMATOES,15,YEAR,2018-02-01 00:00:00.000
UNITED STATES,VEGETABLES,,,00,,00,,                 (D),,ALL CLASSES,CWT / ACRE,HI,,HAWAII,HAWAII,,"TOMATOES, IN THE OPEN, IRRIGATED - YIELD, MEASURED IN CWT / ACRE","IN THE OPEN, IRRIGATED",ALL UTILIZATION PRACTICES,15,ANNUAL,CENSUS,,,,YIELD,"IRRIGATION METHOD, PRIMARY: (PRESSURE, LOW FLOW (DRIP OR MICRO SPRINKLER))",STATE,2013,00000000,"IRRIGATION METHOD, PRIMARY",9000,,CROPS,TOMATOES,15,YEAR,2012-12-31 00:00:00.000
UNITED STATES,VEGETABLES,(D),,00,,00,,                 (D),,ALL CLASSES,CWT / ACRE,HI,,HAWAII,HAWAII,,"TOMATOES, IN THE OPEN, IRRIGATED - YIELD, MEASURED IN CWT / ACRE","IN THE OPEN, IRRIGATED",ALL UTILIZATION PRACTICES,15,ANNUAL,CENSUS,,,,YIELD,NOT SPECIFIED,STATE,2018,00000000,TOTAL,9000,,CROPS,TOMATOES,15,YEAR,2018-02-01 00:00:00.000
UNITED STATES,VEGETABLES,,,00,,00,,                 (D),,ALL CLASSES,CWT / ACRE,HI,,HAWAII,HAWAII,,"TOMATOES, IN THE OPEN, IRRIGATED - YIELD, MEASURED IN CWT / ACRE","IN THE OPEN, IRRIGATED",ALL UTILIZATION PRACTICES,15,ANNUAL,CENSUS,,,,YIELD,NOT SPECIFIED,STATE,2013,00000000,TOTAL,9000,,CROPS,TOMATOES,15,YEAR,2012-12-31 00:00:00.000
UNITED STATES,FIELD CROPS,,,00,,00,,                 (D),,INDUSTRIAL,LBS / ACRE,HI,,HAWAII,HAWAII,,"HEMP, INDUSTRIAL, IN THE OPEN, FIBER - YIELD, MEASURED IN LBS / ACRE",IN THE OPEN,FIBER,15,ANNUAL,SURVEY,,,,YIELD,NOT SPECIFIED,STATE,2023,00000000,TOTAL,9000,,CROPS,HEMP,15,YEAR,2024-04-17 15:00:00.000
UNITED STATES,FIELD CROPS,,,00,,00,,                 (D),,INDUSTRIAL,LBS / ACRE,HI,,HAWAII,HAWAII,,"HEMP, INDUSTRIAL, IN THE OPEN, FIBER - YIELD, MEASURED IN LBS / ACRE",IN THE OPEN,FIBER,15,ANNUAL,SURVEY,,,,YIELD,NOT SPECIFIED,STATE,2022,00000000,TOTAL,9000,,CROPS,HEMP,15,YEAR,2024-04-17 15:00:00.000
UNITED STATES,FIELD CROPS,,,00,,00,,                 (D),,INDUSTRIAL,LBS / ACRE,HI,,HAWAII,HAWAII,,"HEMP, INDUSTRIAL, IN THE OPEN, FLORAL - YIELD, MEASURED IN LBS / ACRE",IN THE OPEN,FLORAL,15,ANNUAL,SURVEY,,,,YIELD,NOT SPECIFIED,STATE,2023,00000000,TOTAL,9000,,CROPS,HEMP,15,YEAR,2024-04-17 15:00:00.000
UNITED STATES,FIELD CROPS,,,00,,00,,                 (D),,INDUSTRIAL,LBS / ACRE,HI,,HAWAII,HAWAII,,"HEMP, INDUSTRIAL, IN THE OPEN, FLORAL - YIELD, MEASURED IN LBS / ACRE",IN THE OPEN,FLORAL,15,ANNUAL,SURVEY,,,,YIELD,NOT SPECIFIED,STATE,2022,00000000,TOTAL,9000,,CROPS,HEMP,15,YEAR,2024-04-17 15:00:00.000
UNITED STATES,FIELD CROPS,,,00,,00,,830,,INDUSTRIAL,LBS / ACRE,HI,,HAWAII,HAWAII,,"HEMP, INDUSTRIAL, IN THE OPEN, FLORAL - YIELD, MEASURED IN LBS / ACRE",IN THE OPEN,FLORAL,15,ANNUAL,SURVEY,,,,YIELD,NOT SPECIFIED,STATE,2021,00000000,TOTAL,9000,,CROPS,HEMP,15,YEAR,2023-04-19 15:00:00.000
UNITED STATES,FIELD CROPS,,,00,,00,,20,,ALL CLASSES,TONS / ACRE,HI,,HAWAII,HAWAII,,"SUGARCANE, SEED - YIELD, MEASURED IN TONS / ACRE",ALL PRODUCTION PRACTICES,SEED,15,ANNUAL,SURVEY,,,,YIELD,NOT SPECIFIED,STATE,2015,00000000,TOTAL,9000,,CROPS,SUGARCANE,15,YEAR,2019-02-06 15:00:06.000
UNITED STATES,FIELD CROPS,,,00,,00,,20,,ALL CLASSES,TONS / ACRE,HI,,HAWAII,HAWAII,,"SUGARCANE, SEED - YIELD, MEASURED IN TONS / ACRE",ALL PRODUCTION PRACTICES,SEED,15,ANNUAL,SURVEY,,,,YIELD,NOT SPECIFIED,STATE,2015,00000000,TOTAL,9000,,CROPS,SUGARCANE,15,YEAR - DEC FORECAST,2015-12-09 12:09:37.000
UNITED STATES,FIELD CROPS,,,00,,00,,20.4,,ALL CLASSES,TONS / ACRE,HI,,HAWAII,HAWAII,,"SUGARCANE, SEED - YIELD, MEASURED IN TONS / ACRE",ALL PRODUCTION PRACTICES,SEED,15,ANNUAL,SURVEY,,,,YIELD,NOT SPECIFIED,STATE,2014,00000000,TOTAL,9000,,CROPS,SUGARCANE,15,YEAR,2019-02-06 15:00:06.000
UNITED STATES,FIELD CROPS,,,00,,00,,20.4,,ALL CLASSES,TONS / ACRE,HI,,HAWAII,HAWAII,,"SUGARCANE, SEED - YIELD, MEASURED IN TONS / ACRE",ALL PRODUCTION PRACTICES,SEED,15,ANNUAL,SURVEY,,,,YIELD,NOT SPECIFIED,STATE,2014,00000000,TOTAL,9000,,CROPS,SUGARCANE,15,YEAR - DEC FORECAST,2015-02-10 12:01:19.000
UNITED STATES,FIELD CROPS,,,00,,00,,20.4,,ALL CLASSES,TONS / ACRE,HI,,HAWAII,HAWAII,,"SUGARCANE, SEED - YIELD, MEASURED IN TONS / ACRE",ALL PRODUCTION PRACTICES,SEED,15,ANNUAL,SURVEY,,,,YIELD,NOT SPECIFIED,STATE,2014,00000000,TOTAL,9000,,CROPS,SUGARCANE,15,YEAR - FEB FORECAST,2015-03-10 12:01:04.000
UNITED STATES,FIELD CROPS,,,00,,00,,20.5,,ALL CLASSES,TONS / ACRE,HI,,HAWAII,HAWAII,,"SUGARCANE, SEED - YIELD, MEASURED IN TONS / ACRE",ALL PRODUCTION PRACTICES,SEED,15,ANNUAL,SURVEY,,,,YIELD,NOT SPECIFIED,STATE,2013,00000000,TOTAL,9000,,CROPS,SUGARCANE,15,YEAR,2019-02-06 15:00:06.000
UNITED STATES,FIELD CROPS,,,00,,00,,30,,ALL CLASSES,TONS / ACRE,HI,,HAWAII,HAWAII,,"SUGARCANE, SEED - YIELD, MEASURED IN TONS / ACRE",ALL PRODUCTION PRACTICES,SEED,15,ANNUAL,SURVEY,,,,YIELD,NOT SPECIFIED,STATE,2013,00000000,TOTAL,9000,,CROPS,SUGARCANE,15,YEAR - DEC FORECAST,2014-03-10 12:02:59.000
UNITED STATES,FIELD CROPS,,,00,,00,,30,,ALL CLASSES,TONS / ACRE,HI,,HAWAII,HAWAII,,"SUGARCANE, SEED - YIELD, MEASURED IN TONS / ACRE",ALL PRODUCTION PRACTICES,SEED,15,ANNUAL,SURVEY,,,,YIELD,NOT SPECIFIED,STATE,2012,00000000,TOTAL,9000,,CROPS,SUGARCANE,15,YEAR,2014-11-03 15:05:48.000
UNITED STATES,FIELD CROPS,,,00,,00,,30,,ALL CLASSES,TONS / ACRE,HI,,HAWAII,HAWAII,,"SUGARCANE, SEED - YIELD, MEASURED IN TONS / ACRE",ALL PRODUCTION PRACTICES,SEED,15,ANNUAL,SURVEY,,,,YIELD,NOT SPECIFIED,STATE,2012,00000000,TOTAL,9000,,CROPS,SUGARCANE,15,YEAR - DEC FORECAST,2013-03-08 12:45:17.000
UNITED STATES,FIELD CROPS,,,00,,00,,30,,ALL CLASSES,TONS / ACRE,HI,,HAWAII,HAWAII,,"SUGARCANE, SEED - YIELD, MEASURED IN TONS / ACRE",ALL PRODUCTION PRACTICES,SEED,15,ANNUAL,SURVEY,,,,YIELD,NOT SPECIFIED,STATE,2011,00000000,TOTAL,9000,,CROPS,SUGARCANE,15,YEAR,2014-11-03 15:05:48.000
UNITED STATES,FIELD CROPS,,,00,,00,,30,,ALL CLASSES,TONS / ACRE,HI,,HAWAII,HAWAII,,"SUGARCANE, SEED - YIELD, MEASURED IN TONS / ACRE",ALL PRODUCTION PRACTICES,SEED,15,ANNUAL,SURVEY,,,,YIELD,NOT SPECIFIED,STATE,2011,00000000,TOTAL,9000,,CROPS,SUGARCANE,15,YEAR - DEC FORECAST,2012-01-01 00:00:00.000
UNITED STATES,FIELD CROPS,,,00,,00,,26.3,,ALL CLASSES,TONS / ACRE,HI,,HAWAII,HAWAII,,"SUGARCANE, SEED - YIELD, MEASURED IN TONS / ACRE",ALL PRODUCTION PRACTICES,SEED,15,ANNUAL,SURVEY,,,,YIELD,NOT SPECIFIED,STATE,2010,00000000,TOTAL,9000,,CROPS,SUGARCANE,15,YEAR,2014-11-03 15:05:48.000
UNITED STATES,FIELD CROPS,,,00,,00,,30,,ALL CLASSES,TONS / ACRE,HI,,HAWAII,HAWAII,,"SUGARCANE, SEED - YIELD, MEASURED IN TONS / ACRE",ALL PRODUCTION PRACTICES,SEED,15,ANNUAL,SURVEY,,,,YIELD,NOT SPECIFIED,STATE,2010,00000000,TOTAL,9000,,CROPS,SUGARCANE,15,YEAR - DEC FORECAST,2012-01-01 00:00:00.000
UNITED STATES,FIELD CROPS,,,00,,00,,30,,ALL CLASSES,TONS / ACRE,HI,,HAWAII,HAWAII,,"SUGARCANE, SEED - YIELD, MEASURED IN TONS / ACRE",ALL PRODUCTION PRACTICES,SEED,15,ANNUAL,SURVEY,,,,YIELD,NOT SPECIFIED,STATE,2010,00000000,TOTAL,9000,,CROPS,SUGARCANE,15,YEAR - FEB FORECAST,2012-01-01 00:00:00.000
UNITED STATES,FIELD CROPS,,,00,,00,,26.3,,ALL CLASSES,TONS / ACRE,HI,,HAWAII,HAWAII,,"SUGARCANE, SEED - YIELD, MEASURED IN TONS / ACRE",ALL PRODUCTION PRACTICES,SEED,15,ANNUAL,SURVEY,,,,YIELD,NOT SPECIFIED,STATE,2009,00000000,TOTAL,9000,,CROPS,SUGARCANE,15,YEAR,2014-11-03 15:05:48.000
UNITED STATES,FIELD CROPS,,,00,,00,,30,,ALL CLASSES,TONS / ACRE,HI,,HAWAII,HAWAII,,"SUGARCANE, SEED - YIELD, MEASURED IN TONS / ACRE",ALL PRODUCTION PRACTICES,SEED,15,ANNUAL,SURVEY,,,,YIELD,NOT SPECIFIED,STATE,2009,00000000,TOTAL,9000,,CROPS,SUGARCANE,15,YEAR - DEC FORECAST,2012-01-01 00:00:00.000
UNITED STATES,FIELD CROPS,,,00,,00,,30,,ALL CLASSES,TONS / ACRE,HI,,HAWAII,HAWAII,,"SUGARCANE, SEED - YIELD, MEASURED IN TONS / ACRE",ALL PRODUCTION PRACTICES,SEED,15,ANNUAL,SURVEY,,,,YIELD,NOT SPECIFIED,STATE,2009,00000000,TOTAL,9000,,CROPS,SUGARCANE,15,YEAR - FEB FORECAST,2012-01-01 00:00:00.000
UNITED STATES,FIELD CROPS,,,00,,00,,30,,ALL CLASSES,TONS / ACRE,HI,,HAWAII,HAWAII,,"SUGARCANE, SEED - YIELD, MEASURED IN TONS / ACRE",ALL PRODUCTION PRACTICES,SEED,15,ANNUAL,SURVEY,,,,YIELD,NOT SPECIFIED,STATE,2008,00000000,TOTAL,9000,,CROPS,SUGARCANE,15,YEAR,2014-11-03 15:05:48.000
UNITED STATES,FIELD CROPS,,,00,,00,,34,,ALL CLASSES,TONS / ACRE,HI,,HAWAII,HAWAII,,"SUGARCANE, SEED - YIELD, MEASURED IN TONS / ACRE",ALL PRODUCTION PRACTICES,SEED,15,ANNUAL,SURVEY,,,,YIELD,NOT SPECIFIED,STATE,2008,00000000,TOTAL,9000,,CROPS,SUGARCANE,15,YEAR - DEC FORECAST,2012-01-01 00:00:00.000
UNITED STATES,FIELD CROPS,,,00,,00,,34,,ALL CLASSES,TONS / ACRE,HI,,HAWAII,HAWAII,,"SUGARCANE, SEED - YIELD, MEASURED IN TONS / ACRE",ALL PRODUCTION PRACTICES,SEED,15,ANNUAL,SURVEY,,,,YIELD,NOT SPECIFIED,STATE,2008,00000000,TOTAL,9000,,CROPS,SUGARCANE,15,YEAR - FEB FORECAST,2012-01-01 00:00:00.000
UNITED STATES,FIELD CROPS,,,00,,00,,28.3,,ALL CLASSES,TONS / ACRE,HI,,HAWAII,HAWAII,,"SUGARCANE, SEED - YIELD, MEASURED IN TONS / ACRE",ALL PRODUCTION PRACTICES,SEED,15,ANNUAL,SURVEY,,,,YIELD,NOT SPECIFIED,STATE,2007,00000000,TOTAL,9000,,CROPS,SUGARCANE,15,YEAR,2014-11-03 15:05:48.000
UNITED STATES,FIELD CROPS,,,00,,00,,30.7,,ALL CLASSES,TONS / ACRE,HI,,HAWAII,HAWAII,,"SUGARCANE, SEED - YIELD, MEASURED IN TONS / ACRE",ALL PRODUCTION PRACTICES,SEED,15,ANNUAL,SURVEY,,,,YIELD,NOT SPECIFIED,STATE,2007,00000000,TOTAL,9000,,CROPS,SUGARCANE,15,YEAR - DEC FORECAST,2012-01-01 00:00:00.000
UNITED STATES,FIELD CROPS,,,00,,00,,32,,ALL CLASSES,TONS / ACRE,HI,,HAWAII,HAWAII,,"SUGARCANE, SEED - YIELD, MEASURED IN TONS / ACRE",ALL PRODUCTION PRACTICES,SEED,15,ANNUAL,SURVEY,,,,YIELD,NOT SPECIFIED,STATE,2006,00000000,TOTAL,9000,,CROPS,SUGARCANE,15,YEAR,2012-01-01 00:00:00.000
UNITED STATES,FIELD CROPS,,,00,,00,,33.3,,ALL CLASSES,TONS / ACRE,HI,,HAWAII,HAWAII,,"SUGARCANE, SEED - YIELD, MEASURED IN TONS / ACRE",ALL PRODUCTION PRACTICES,SEED,15,ANNUAL,SURVEY,,,,YIELD,NOT SPECIFIED,STATE,2006,00000000,TOTAL,9000,,CROPS,SUGARCANE,15,YEAR - DEC FORECAST,2012-01-01 00:00:00.000
UNITED STATES,FIELD CROPS,,,00,,00,,34.8,,ALL CLASSES,TONS / ACRE,HI,,HAWAII,HAWAII,,"SUGARCANE, SEED - YIELD, MEASURED IN TONS / ACRE",ALL PRODUCTION PRACTICES,SEED,15,ANNUAL,SURVEY,,,,YIELD,NOT SPECIFIED,STATE,2005,00000000,TOTAL,9000,,CROPS,SUGARCANE,15,YEAR,2012-01-01 00:00:00.000
UNITED STATES,FIELD CROPS,,,00,,00,,36,,ALL CLASSES,TONS / ACRE,HI,,HAWAII,HAWAII,,"SUGARCANE, SEED - YIELD, MEASURED IN TONS / ACRE",ALL PRODUCTION PRACTICES,SEED,15,ANNUAL,SURVEY,,,,YIELD,NOT SPECIFIED,STATE,2005,00000000,TOTAL,9000,,CROPS,SUGARCANE,15,YEAR - DEC FORECAST,2012-01-01 00:00:00.000
UNITED STATES,FIELD CROPS,,,00,,00,,36,,ALL CLASSES,TONS / ACRE,HI,,HAWAII,HAWAII,,"SUGARCANE, SEED - YIELD, MEASURED IN TONS / ACRE",ALL PRODUCTION PRACTICES,SEED,15,ANNUAL,SURVEY,,,,YIELD,NOT SPECIFIED,STATE,2005,00000000,TOTAL,9000,,CROPS,SUGARCANE,15,YEAR - FEB FORECAST,2012-01-01 00:00:00.000
UNITED STATES,FIELD CROPS,,,00,,00,,33.5,,ALL CLASSES,TONS / ACRE,HI,,HAWAII,HAWAII,,"SUGARCANE, SEED - YIELD, MEASURED IN TONS / ACRE",ALL PRODUCTION PRACTICES,SEED,15,ANNUAL,SURVEY,,,,YIELD,NOT SPECIFIED,STATE,2004,00000000,TOTAL,9000,,CROPS,SUGARCANE,15,YEAR,2012-01-01 00:00:00.000
UNITED STATES,FIELD CROPS,,,00,,00,,37,,ALL CLASSES,TONS / ACRE,HI,,HAWAII,HAWAII,,"SUGARCANE, SEED - YIELD, MEASURED IN TONS / ACRE",ALL PRODUCTION PRACTICES,SEED,15,ANNUAL,SURVEY,,,,YIELD,NOT SPECIFIED,STATE,2004,00000000,TOTAL,9000,,CROPS,SUGARCANE,15,YEAR - DEC FORECAST,2012-01-01 00:00:00.000
UNITED STATES,FIELD CROPS,,,00,,00,,37,,ALL CLASSES,TONS / ACRE,HI,,HAWAII,HAWAII,,"SUGARCANE, SEED - YIELD, MEASURED IN TONS / ACRE",ALL PRODUCTION PRACTICES,SEED,15,ANNUAL,SURVEY,,,,YIELD,NOT SPECIFIED,STATE,2004,00000000,TOTAL,9000,,CROPS,SUGARCANE,15,YEAR - FEB FORECAST,2012-01-01 00:00:00.000
UNITED STATES,FIELD CROPS,,,00,,00,,37.3,,ALL CLASSES,TONS / ACRE,HI,,HAWAII,HAWAII,,"SUGARCANE, SEED - YIELD, MEASURED IN TONS / ACRE",ALL PRODUCTION PRACTICES,SEED,15,ANNUAL,SURVEY,,,,YIELD,NOT SPECIFIED,STATE,2003,00000000,TOTAL,9000,,CROPS,SUGARCANE,15,YEAR,2012-01-01 00:00:00.000
UNITED STATES,FIELD CROPS,,,00,,00,,37.6,,ALL CLASSES,TONS / ACRE,HI,,HAWAII,HAWAII,,"SUGARCANE, SEED - YIELD, MEASURED IN TONS / ACRE",ALL PRODUCTION PRACTICES,SEED,15,ANNUAL,SURVEY,,,,YIELD,NOT SPECIFIED,STATE,2003,00000000,TOTAL,9000,,CROPS,SUGARCANE,15,YEAR - DEC FORECAST,2012-01-01 00:00:00.000
UNITED STATES,FIELD CROPS,,,00,,00,,37.6,,ALL CLASSES,TONS / ACRE,HI,,HAWAII,HAWAII,,"SUGARCANE, SEED - YIELD, MEASURED IN TONS / ACRE",ALL PRODUCTION PRACTICES,SEED,15,ANNUAL,SURVEY,,,,YIELD,NOT SPECIFIED,STATE,2003,00000000,TOTAL,9000,,CROPS,SUGARCANE,15,YEAR - FEB FORECAST,2012-01-01 00:00:00.000
UNITED STATES,FIELD CROPS,,,00,,00,,35.5,,ALL CLASSES,TONS / ACRE,HI,,HAWAII,HAWAII,,"SUGARCANE, SEED - YIELD, MEASURED IN TONS / ACRE",ALL PRODUCTION PRACTICES,SEED,15,ANNUAL,SURVEY,,,,YIELD,NOT SPECIFIED,STATE,2002,00000000,TOTAL,9000,,CROPS,SUGARCANE,15,YEAR,2012-01-01 00:00:00.000
UNITED STATES,FIELD CROPS,,,00,,00,,39.1,,ALL CLASSES,TONS / ACRE,HI,,HAWAII,HAWAII,,"SUGARCANE, SEED - YIELD, MEASURED IN TONS / ACRE",ALL PRODUCTION PRACTICES,SEED,15,ANNUAL,SURVEY,,,,YIELD,NOT SPECIFIED,STATE,2002,00000000,TOTAL,9000,,CROPS,SUGARCANE,15,YEAR - DEC FORECAST,2012-01-01 00:00:00.000
UNITED STATES,FIELD CROPS,,,00,,00,,39.1,,ALL CLASSES,TONS / ACRE,HI,,HAWAII,HAWAII,,"SUGARCANE, SEED - YIELD, MEASURED IN TONS / ACRE",ALL PRODUCTION PRACTICES,SEED,15,ANNUAL,SURVEY,,,,YIELD,NOT SPECIFIED,STATE,2002,00000000,TOTAL,9000,,CROPS,SUGARCANE,15,YEAR - FEB FORECAST,2012-01-01 00:00:00.000
UNITED STATES,FIELD CROPS,,,00,,00,,36.2,,ALL CLASSES,TONS / ACRE,HI,,HAWAII,HAWAII,,"SUGARCANE, SEED - YIELD, MEASURED IN TONS / ACRE",ALL PRODUCTION PRACTICES,SEED,15,ANNUAL,SURVEY,,,,YIELD,NOT SPECIFIED,STATE,2001,00000000,TOTAL,9000,,CROPS,SUGARCANE,15,YEAR,2012-01-01 00:00:00.000
UNITED STATES,FIELD CROPS,,,00,,00,,31.5,,ALL CLASSES,TONS / ACRE,HI,,HAWAII,HAWAII,,"SUGARCANE, SEED - YIELD, MEASURED IN TONS / ACRE",ALL PRODUCTION PRACTICES,SEED,15,ANNUAL,SURVEY,,,,YIELD,NOT SPECIFIED,STATE,2001,00000000,TOTAL,9000,,CROPS,SUGARCANE,15,YEAR - DEC FORECAST,2012-01-01 00:00:00.000
UNITED STATES,FIELD CROPS,,,00,,00,,38,,ALL CLASSES,TONS / ACRE,HI,,HAWAII,HAWAII,,"SUGARCANE, SEED - YIELD, MEASURED IN TONS / ACRE",ALL PRODUCTION PRACTICES,SEED,15,ANNUAL,SURVEY,,,,YIELD,NOT SPECIFIED,STATE,2000,00000000,TOTAL,9000,,CROPS,SUGARCANE,15,YEAR,2012-01-01 00:00:00.000
UNITED STATES,FIELD CROPS,,,00,,00,,34,,ALL CLASSES,TONS / ACRE,HI,,HAWAII,HAWAII,,"SUGARCANE, SEED - YIELD, MEASURED IN TONS / ACRE",ALL PRODUCTION PRACTICES,SEED,15,ANNUAL,SURVEY,,,,YIELD,NOT SPECIFIED,STATE,2000,00000000,TOTAL,9000,,CROPS,SUGARCANE,15,YEAR - DEC FORECAST,2012-01-01 00:00:00.000
UNITED STATES,FIELD CROPS,,,00,,00,,34,,ALL CLASSES,TONS / ACRE,HI,,HAWAII,HAWAII,,"SUGARCANE, SEED - YIELD, MEASURED IN TONS / ACRE",ALL PRODUCTION PRACTICES,SEED,15,ANNUAL,SURVEY,,,,YIELD,NOT SPECIFIED,STATE,2000,00000000,TOTAL,9000,,CROPS,SUGARCANE,15,YEAR - FEB FORECAST,2012-01-01 00:00:00.000
UNITED STATES,FIELD CROPS,,,00,,00,,35.8,,ALL CLASSES,TONS / ACRE,HI,,HAWAII,HAWAII,,"SUGARCANE, SEED - YIELD, MEASURED IN TONS / ACRE",ALL PRODUCTION PRACTICES,SEED,15,ANNUAL,SURVEY,,,,YIELD,NOT SPECIFIED,STATE,1999,00000000,TOTAL,9000,,CROPS,SUGARCANE,15,YEAR,2012-01-01 00:00:00.000
UNITED STATES,FIELD CROPS,,,00,,00,,32.9,,ALL CLASSES,TONS / ACRE,HI,,HAWAII,HAWAII,,"SUGARCANE, SEED - YIELD, MEASURED IN TONS / ACRE",ALL PRODUCTION PRACTICES,SEED,15,ANNUAL,SURVEY,,,,YIELD,NOT SPECIFIED,STATE,1999,00000000,TOTAL,9000,,CROPS,SUGARCANE,15,YEAR - DEC FORECAST,2012-01-01 00:00:00.000
UNITED STATES,FIELD CROPS,,,00,,00,,32.9,,ALL CLASSES,TONS / ACRE,HI,,HAWAII,HAWAII,,"SUGARCANE, SEED - YIELD, MEASURED IN TONS / ACRE",ALL PRODUCTION PRACTICES,SEED,15,ANNUAL,SURVEY,,,,YIELD,NOT SPECIFIED,STATE,1999,00000000,TOTAL,9000,,CROPS,SUGARCANE,15,YEAR - FEB FORECAST,2012-01-01 00:00:00.000
UNITED STATES,FIELD CROPS,,,00,,00,,32.9,,ALL CLASSES,TONS / ACRE,HI,,HAWAII,HAWAII,,"SUGARCANE, SEED - YIELD, MEASURED IN TONS / ACRE",ALL PRODUCTION PRACTICES,SEED,15,ANNUAL,SURVEY,,,,YIELD,NOT SPECIFIED,STATE,1999,00000000,TOTAL,9000,,CROPS,SUGARCANE,15,YEAR - MAR FORECAST,2012-01-01 00:00:00.000
UNITED STATES,FIELD CROPS,,,00,,00,,32.4,,ALL CLASSES,TONS / ACRE,HI,,HAWAII,HAWAII,,"SUGARCANE, SEED - YIELD, MEASURED IN TONS / ACRE",ALL PRODUCTION PRACTICES,SEED,15,ANNUAL,SURVEY,,,,YIELD,NOT SPECIFIED,STATE,1998,00000000,TOTAL,9000,,CROPS,SUGARCANE,15,YEAR,2012-01-01 00:00:00.000
UNITED STATES,FIELD CROPS,,,00,,00,,38.2,,ALL CLASSES,TONS / ACRE,HI,,HAWAII,HAWAII,,"SUGARCANE, SEED - YIELD, MEASURED IN TONS / ACRE",ALL PRODUCTION PRACTICES,SEED,15,ANNUAL,SURVEY,,,,YIELD,NOT SPECIFIED,STATE,1997,00000000,TOTAL,9000,,CROPS,SUGARCANE,15,YEAR,2012-01-01 00:00:00.000
UNITED STATES,FIELD CROPS,,,00,,00,,30.6,,ALL CLASSES,TONS / ACRE,HI,,HAWAII,HAWAII,,"SUGARCANE, SEED - YIELD, MEASURED IN TONS / ACRE",ALL PRODUCTION PRACTICES,SEED,15,ANNUAL,SURVEY,,,,YIELD,NOT SPECIFIED,STATE,1996,00000000,TOTAL,9000,,CROPS,SUGARCANE,15,YEAR,2012-01-01 00:00:00.000
UNITED STATES,FIELD CROPS,,,00,,00,,26,,ALL CLASSES,TONS / ACRE,HI,,HAWAII,HAWAII,,"SUGARCANE, SEED - YIELD, MEASURED IN TONS / ACRE",ALL PRODUCTION PRACTICES,SEED,15,ANNUAL,SURVEY,,,,YIELD,NOT SPECIFIED,STATE,1995,00000000,TOTAL,9000,,CROPS,SUGARCANE,15,YEAR,2012-01-01 00:00:00.000
UNITED STATES,FIELD CROPS,,,00,,00,,19.5,,ALL CLASSES,TONS / ACRE,HI,,HAWAII,HAWAII,,"SUGARCANE, SEED - YIELD, MEASURED IN TONS / ACRE",ALL PRODUCTION PRACTICES,SEED,15,ANNUAL,SURVEY,,,,YIELD,NOT SPECIFIED,STATE,1994,00000000,TOTAL,9000,,CROPS,SUGARCANE,15,YEAR,2012-01-01 00:00:00.000
UNITED STATES,FIELD CROPS,,,00,,00,,19.2,,ALL CLASSES,TONS / ACRE,HI,,HAWAII,HAWAII,,"SUGARCANE, SEED - YIELD, MEASURED IN TONS / ACRE",ALL PRODUCTION PRACTICES,SEED,15,ANNUAL,SURVEY,,,,YIELD,NOT SPECIFIED,STATE,1993,00000000,TOTAL,9000,,CROPS,SUGARCANE,15,YEAR,2012-01-01 00:00:00.000
UNITED STATES,FIELD CROPS,,,00,,00,,31,,ALL CLASSES,TONS / ACRE,HI,,HAWAII,HAWAII,,"SUGARCANE, SEED - YIELD, MEASURED IN TONS / ACRE",ALL PRODUCTION PRACTICES,SEED,15,ANNUAL,SURVEY,,,,YIELD,NOT SPECIFIED,STATE,1992,00000000,TOTAL,9000,,CROPS,SUGARCANE,15,YEAR,2012-01-01 00:00:00.000
UNITED STATES,FIELD CROPS,,,00,,00,,30.9,,ALL CLASSES,TONS / ACRE,HI,,HAWAII,HAWAII,,"SUGARCANE, SEED - YIELD, MEASURED IN TONS / ACRE",ALL PRODUCTION PRACTICES,SEED,15,ANNUAL,SURVEY,,,,YIELD,NOT SPECIFIED,STATE,1991,00000000,TOTAL,9000,,CROPS,SUGARCANE,15,YEAR,2012-01-01 00:00:00.000
UNITED STATES,FIELD CROPS,,,00,,00,,26.4,,ALL CLASSES,TONS / ACRE,HI,,HAWAII,HAWAII,,"SUGARCANE, SEED - YIELD, MEASURED IN TONS / ACRE",ALL PRODUCTION PRACTICES,SEED,15,ANNUAL,SURVEY,,,,YIELD,NOT SPECIFIED,STATE,1990,00000000,TOTAL,9000,,CROPS,SUGARCANE,15,YEAR,2012-01-01 00:00:00.000
UNITED STATES,FIELD CROPS,,,00,,00,,29.1,,ALL CLASSES,TONS / ACRE,HI,,HAWAII,HAWAII,,"SUGARCANE, SEED - YIELD, MEASURED IN TONS / ACRE",ALL PRODUCTION PRACTICES,SEED,15,ANNUAL,SURVEY,,,,YIELD,NOT SPECIFIED,STATE,1989,00000000,TOTAL,9000,,CROPS,SUGARCANE,15,YEAR,2012-01-01 00:00:00.000
UNITED STATES,FIELD CROPS,,,00,,00,,27.5,,ALL CLASSES,TONS / ACRE,HI,,HAWAII,HAWAII,,"SUGARCANE, SEED - YIELD, MEASURED IN TONS / ACRE",ALL PRODUCTION PRACTICES,SEED,15,ANNUAL,SURVEY,,,,YIELD,NOT SPECIFIED,STATE,1988,00000000,TOTAL,9000,,CROPS,SUGARCANE,15,YEAR,2012-01-01 00:00:00.000
UNITED STATES,FIELD CROPS,,,00,,00,,25.8,,ALL CLASSES,TONS / ACRE,HI,,HAWAII,HAWAII,,"SUGARCANE, SEED - YIELD, MEASURED IN TONS / ACRE",ALL PRODUCTION PRACTICES,SEED,15,ANNUAL,SURVEY,,,,YIELD,NOT SPECIFIED,STATE,1987,00000000,TOTAL,9000,,CROPS,SUGARCANE,15,YEAR,2012-01-01 00:00:00.000
UNITED STATES,FIELD CROPS,,,00,,00,,31.5,,ALL CLASSES,TONS / ACRE,HI,,HAWAII,HAWAII,,"SUGARCANE, SEED - YIELD, MEASURED IN TONS / ACRE",ALL PRODUCTION PRACTICES,SEED,15,ANNUAL,SURVEY,,,,YIELD,NOT SPECIFIED,STATE,1986,00000000,TOTAL,9000,,CROPS,SUGARCANE,15,YEAR,2012-01-01 00:00:00.000
UNITED STATES,FIELD CROPS,,,00,,00,,33.3,,ALL CLASSES,TONS / ACRE,HI,,HAWAII,HAWAII,,"SUGARCANE, SEED - YIELD, MEASURED IN TONS / ACRE",ALL PRODUCTION PRACTICES,SEED,15,ANNUAL,SURVEY,,,,YIELD,NOT SPECIFIED,STATE,1985,00000000,TOTAL,9000,,CROPS,SUGARCANE,15,YEAR,2012-01-01 00:00:00.000
UNITED STATES,FIELD CROPS,,,00,,00,,40.4,,ALL CLASSES,TONS / ACRE,HI,,HAWAII,HAWAII,,"SUGARCANE, SEED - YIELD, MEASURED IN TONS / ACRE",ALL PRODUCTION PRACTICES,SEED,15,ANNUAL,SURVEY,,,,YIELD,NOT SPECIFIED,STATE,1984,00000000,TOTAL,9000,,CROPS,SUGARCANE,15,YEAR,2012-01-01 00:00:00.000
UNITED STATES,FIELD CROPS,,,00,,00,,35.8,,ALL CLASSES,TONS / ACRE,HI,,HAWAII,HAWAII,,"SUGARCANE, SEED - YIELD, MEASURED IN TONS / ACRE",ALL PRODUCTION PRACTICES,SEED,15,ANNUAL,SURVEY,,,,YIELD,NOT SPECIFIED,STATE,1983,00000000,TOTAL,9000,,CROPS,SUGARCANE,15,YEAR,2012-01-01 00:00:00.000
UNITED STATES,FIELD CROPS,,,00,,00,,35,,ALL CLASSES,TONS / ACRE,HI,,HAWAII,HAWAII,,"SUGARCANE, SEED - YIELD, MEASURED IN TONS / ACRE",ALL PRODUCTION PRACTICES,SEED,15,ANNUAL,SURVEY,,,,YIELD,NOT SPECIFIED,STATE,1982,00000000,TOTAL,9000,,CROPS,SUGARCANE,15,YEAR,2012-01-01 00:00:00.000
UNITED STATES,FIELD CROPS,,,00,,00,,34.7,,ALL CLASSES,TONS / ACRE,HI,,HAWAII,HAWAII,,"SUGARCANE, SEED - YIELD, MEASURED IN TONS / ACRE",ALL PRODUCTION PRACTICES,SEED,15,ANNUAL,SURVEY,,,,YIELD,NOT SPECIFIED,STATE,1981,00000000,TOTAL,9000,,CROPS,SUGARCANE,15,YEAR,2012-01-01 00:00:00.000
UNITED STATES,FIELD CROPS,,,00,,00,,32.7,,ALL CLASSES,TONS / ACRE,HI,,HAWAII,HAWAII,,"SUGARCANE, SEED - YIELD, MEASURED IN TONS / ACRE",ALL PRODUCTION PRACTICES,SEED,15,ANNUAL,SURVEY,,,,YIELD,NOT SPECIFIED,STATE,1980,00000000,TOTAL,9000,,CROPS,SUGARCANE,15,YEAR,2012-01-01 00:00:00.000
UNITED STATES,FIELD CROPS,,,00,,00,,31.1,,ALL CLASSES,TONS / ACRE,HI,,HAWAII,HAWAII,,"SUGARCANE, SEED - YIELD, MEASURED IN TONS / ACRE",ALL PRODUCTION PRACTICES,SEED,15,ANNUAL,SURVEY,,,,YIELD,NOT SPECIFIED,STATE,1979,00000000,TOTAL,9000,,CROPS,SUGARCANE,15,YEAR,2012-01-01 00:00:00.000
UNITED STATES,FIELD CROPS,,,00,,00,,30.5,,ALL CLASSES,TONS / ACRE,HI,,HAWAII,HAWAII,,"SUGARCANE, SEED - YIELD, MEASURED IN TONS / ACRE",ALL PRODUCTION PRACTICES,SEED,15,ANNUAL,SURVEY,,,,YIELD,NOT SPECIFIED,STATE,1978,00000000,TOTAL,9000,,CROPS,SUGARCANE,15,YEAR,2012-01-01 00:00:00.000
UNITED STATES,FIELD CROPS,,,00,,00,,27.2,,ALL CLASSES,TONS / ACRE,HI,,HAWAII,HAWAII,,"SUGARCANE, SEED - YIELD, MEASURED IN TONS / ACRE",ALL PRODUCTION PRACTICES,SEED,15,ANNUAL,SURVEY,,,,YIELD,NOT SPECIFIED,STATE,1977,00000000,TOTAL,9000,,CROPS,SUGARCANE,15,YEAR,2012-01-01 00:00:00.000
UNITED STATES,FIELD CROPS,,,00,,00,,27.8,,ALL CLASSES,TONS / ACRE,HI,,HAWAII,HAWAII,,"SUGARCANE, SEED - YIELD, MEASURED IN TONS / ACRE",ALL PRODUCTION PRACTICES,SEED,15,ANNUAL,SURVEY,,,,YIELD,NOT SPECIFIED,STATE,1976,00000000,TOTAL,9000,,CROPS,SUGARCANE,15,YEAR,2012-01-01 00:00:00.000
UNITED STATES,FIELD CROPS,,,00,,00,,28.3,,ALL CLASSES,TONS / ACRE,HI,,HAWAII,HAWAII,,"SUGARCANE, SEED - YIELD, MEASURED IN TONS / ACRE",ALL PRODUCTION PRACTICES,SEED,15,ANNUAL,SURVEY,,,,YIELD,NOT SPECIFIED,STATE,1975,00000000,TOTAL,9000,,CROPS,SUGARCANE,15,YEAR,2012-01-01 00:00:00.000
UNITED STATES,FIELD CROPS,,,00,,00,,29.3,,ALL CLASSES,TONS / ACRE,HI,,HAWAII,HAWAII,,"SUGARCANE, SEED - YIELD, MEASURED IN TONS / ACRE",ALL PRODUCTION PRACTICES,SEED,15,ANNUAL,SURVEY,,,,YIELD,NOT SPECIFIED,STATE,1974,00000000,TOTAL,9000,,CROPS,SUGARCANE,15,YEAR,2012-01-01 00:00:00.000
UNITED STATES,FIELD CROPS,,,00,,00,,24.3,,ALL CLASSES,TONS / ACRE,HI,,HAWAII,HAWAII,,"SUGARCANE, SEED - YIELD, MEASURED IN TONS / ACRE",ALL PRODUCTION PRACTICES,SEED,15,ANNUAL,SURVEY,,,,YIELD,NOT SPECIFIED,STATE,1973,00000000,TOTAL,9000,,CROPS,SUGARCANE,15,YEAR,2012-01-01 00:00:00.000
UNITED STATES,FIELD CROPS,,,00,,00,,27.7,,ALL CLASSES,TONS / ACRE,HI,,HAWAII,HAWAII,,"SUGARCANE, SEED - YIELD, MEASURED IN TONS / ACRE",ALL PRODUCTION PRACTICES,SEED,15,ANNUAL,SURVEY,,,,YIELD,NOT SPECIFIED,STATE,1972,00000000,TOTAL,9000,,CROPS,SUGARCANE,15,YEAR,2012-01-01 00:00:00.000
UNITED STATES,FIELD CROPS,,,00,,00,,27.6,,ALL CLASSES,TONS / ACRE,HI,,HAWAII,HAWAII,,"SUGARCANE, SEED - YIELD, MEASURED IN TONS / ACRE",ALL PRODUCTION PRACTICES,SEED,15,ANNUAL,SURVEY,,,,YIELD,NOT SPECIFIED,STATE,1971,00000000,TOTAL,9000,,CROPS,SUGARCANE,15,YEAR,2012-01-01 00:00:00.000
UNITED STATES,FIELD CROPS,,,00,,00,,32.6,,ALL CLASSES,TONS / ACRE,HI,,HAWAII,HAWAII,,"SUGARCANE, SEED - YIELD, MEASURED IN TONS / ACRE",ALL PRODUCTION PRACTICES,SEED,15,ANNUAL,SURVEY,,,,YIELD,NOT SPECIFIED,STATE,1970,00000000,TOTAL,9000,,CROPS,SUGARCANE,15,YEAR,2012-01-01 00:00:00.000
UNITED STATES,FIELD CROPS,,,00,,00,,33,,ALL CLASSES,TONS / ACRE,HI,,HAWAII,HAWAII,,"SUGARCANE, SEED - YIELD, MEASURED IN TONS / ACRE",ALL PRODUCTION PRACTICES,SEED,15,ANNUAL,SURVEY,,,,YIELD,NOT SPECIFIED,STATE,1969,00000000,TOTAL,9000,,CROPS,SUGARCANE,15,YEAR,2012-01-01 00:00:00.000
UNITED STATES,FIELD CROPS,,,00,,00,,32.8,,ALL CLASSES,TONS / ACRE,HI,,HAWAII,HAWAII,,"SUGARCANE, SEED - YIELD, MEASURED IN TONS / ACRE",ALL PRODUCTION PRACTICES,SEED,15,ANNUAL,SURVEY,,,,YIELD,NOT SPECIFIED,STATE,1968,00000000,TOTAL,9000,,CROPS,SUGARCANE,15,YEAR,2012-01-01 00:00:00.000
UNITED STATES,FIELD CROPS,,,00,,00,,37,,ALL CLASSES,TONS / ACRE,HI,,HAWAII,HAWAII,,"SUGARCANE, SEED - YIELD, MEASURED IN TONS / ACRE",ALL PRODUCTION PRACTICES,SEED,15,ANNUAL,SURVEY,,,,YIELD,NOT SPECIFIED,STATE,1967,00000000,TOTAL,9000,,CROPS,SUGARCANE,15,YEAR,2012-01-01 00:00:00.000
UNITED STATES,FIELD CROPS,,,00,,00,,37.5,,ALL CLASSES,TONS / ACRE,HI,,HAWAII,HAWAII,,"SUGARCANE, SEED - YIELD, MEASURED IN TONS / ACRE",ALL PRODUCTION PRACTICES,SEED,15,ANNUAL,SURVEY,,,,YIELD,NOT SPECIFIED,STATE,1966,00000000,TOTAL,9000,,CROPS,SUGARCANE,15,YEAR,2012-01-01 00:00:00.000
UNITED STATES,FIELD CROPS,,,00,,00,,39.1,,ALL CLASSES,TONS / ACRE,HI,,HAWAII,HAWAII,,"SUGARCANE, SEED - YIELD, MEASURED IN TONS / ACRE",ALL PRODUCTION PRACTICES,SEED,15,ANNUAL,SURVEY,,,,YIELD,NOT SPECIFIED,STATE,1965,00000000,TOTAL,9000,,CROPS,SUGARCANE,15,YEAR,2012-01-01 00:00:00.000
UNITED STATES,FIELD CROPS,,,00,,00,,40.4,,ALL CLASSES,TONS / ACRE,HI,,HAWAII,HAWAII,,"SUGARCANE, SEED - YIELD, MEASURED IN TONS / ACRE",ALL PRODUCTION PRACTICES,SEED,15,ANNUAL,SURVEY,,,,YIELD,NOT SPECIFIED,STATE,1964,00000000,TOTAL,9000,,CROPS,SUGARCANE,15,YEAR,2012-01-01 00:00:00.000
UNITED STATES,FIELD CROPS,,,00,,00,,42,,ALL CLASSES,TONS / ACRE,HI,,HAWAII,HAWAII,,"SUGARCANE, SEED - YIELD, MEASURED IN TONS / ACRE",ALL PRODUCTION PRACTICES,SEED,15,ANNUAL,SURVEY,,,,YIELD,NOT SPECIFIED,STATE,1963,00000000,TOTAL,9000,,CROPS,SUGARCANE,15,YEAR,2012-01-01 00:00:00.000
UNITED STATES,FIELD CROPS,,,00,,00,,40.8,,ALL CLASSES,TONS / ACRE,HI,,HAWAII,HAWAII,,"SUGARCANE, SEED - YIELD, MEASURED IN TONS / ACRE",ALL PRODUCTION PRACTICES,SEED,15,ANNUAL,SURVEY,,,,YIELD,NOT SPECIFIED,STATE,1962,00000000,TOTAL,9000,,CROPS,SUGARCANE,15,YEAR,2012-01-01 00:00:00.000
UNITED STATES,FIELD CROPS,,,00,,00,,39.7,,ALL CLASSES,TONS / ACRE,HI,,HAWAII,HAWAII,,"SUGARCANE, SEED - YIELD, MEASURED IN TONS / ACRE",ALL PRODUCTION PRACTICES,SEED,15,ANNUAL,SURVEY,,,,YIELD,NOT SPECIFIED,STATE,1961,00000000,TOTAL,9000,,CROPS,SUGARCANE,15,YEAR,2012-01-01 00:00:00.000
UNITED STATES,FIELD CROPS,,,00,,00,,40.9,,ALL CLASSES,TONS / ACRE,HI,,HAWAII,HAWAII,,"SUGARCANE, SEED - YIELD, MEASURED IN TONS / ACRE",ALL PRODUCTION PRACTICES,SEED,15,ANNUAL,SURVEY,,,,YIELD,NOT SPECIFIED,STATE,1960,00000000,TOTAL,9000,,CROPS,SUGARCANE,15,YEAR,2012-01-01 00:00:00.000
UNITED STATES,FIELD CROPS,,,00,,00,,39.7,,ALL CLASSES,TONS / ACRE,HI,,HAWAII,HAWAII,,"SUGARCANE, SEED - YIELD, MEASURED IN TONS / ACRE",ALL PRODUCTION PRACTICES,SEED,15,ANNUAL,SURVEY,,,,YIELD,NOT SPECIFIED,STATE,1959,00000000,TOTAL,9000,,CROPS,SUGARCANE,15,YEAR,2012-01-01 00:00:00.000
UNITED STATES,FIELD CROPS,,,00,,00,,62.3,,ALL CLASSES,TONS / ACRE,HI,,HAWAII,"HAWAII, HAWAII ISLAND",HAWAII ISLAND,"SUGARCANE, SUGAR - YIELD, MEASURED IN TONS / ACRE",ALL PRODUCTION PRACTICES,SUGAR,15,ANNUAL,SURVEY,,11,,YIELD,NOT SPECIFIED,AGRICULTURAL DISTRICT,1996,00000000,TOTAL,9000,,CROPS,SUGARCANE,15,YEAR,2012-01-01 00:00:00.000
UNITED STATES,FIELD CROPS,,,00,,00,,66.2,,ALL CLASSES,TONS / ACRE,HI,,HAWAII,"HAWAII, HAWAII ISLAND",HAWAII ISLAND,"SUGARCANE, SUGAR - YIELD, MEASURED IN TONS / ACRE",ALL PRODUCTION PRACTICES,SUGAR,15,ANNUAL,SURVEY,,11,,YIELD,NOT SPECIFIED,AGRICULTURAL DISTRICT,1995,00000000,TOTAL,9000,,CROPS,SUGARCANE,15,YEAR,2012-01-01 00:00:00.000
UNITED STATES,FIELD CROPS,,,00,,00,,73.9,,ALL CLASSES,TONS / ACRE,HI,,HAWAII,"HAWAII, HAWAII ISLAND",HAWAII ISLAND,"SUGARCANE, SUGAR - YIELD, MEASURED IN TONS / ACRE",ALL PRODUCTION PRACTICES,SUGAR,15,ANNUAL,SURVEY,,11,,YIELD,NOT SPECIFIED,AGRICULTURAL DISTRICT,1994,00000000,TOTAL,9000,,CROPS,SUGARCANE,15,YEAR,2012-01-01 00:00:00.000
UNITED STATES,FIELD CROPS,,,00,,00,,81.5,,ALL CLASSES,TONS / ACRE,HI,,HAWAII,"HAWAII, HAWAII ISLAND",HAWAII ISLAND,"SUGARCANE, SUGAR - YIELD, MEASURED IN TONS / ACRE",ALL PRODUCTION PRACTICES,SUGAR,15,ANNUAL,SURVEY,,11,,YIELD,NOT SPECIFIED,AGRICULTURAL DISTRICT,1993,00000000,TOTAL,9000,,CROPS,SUGARCANE,15,YEAR,2012-01-01 00:00:00.000
UNITED STATES,FIELD CROPS,,,00,,00,,88.1,,ALL CLASSES,TONS / ACRE,HI,,HAWAII,"HAWAII, HAWAII ISLAND",HAWAII ISLAND,"SUGARCANE, SUGAR - YIELD, MEASURED IN TONS / ACRE",ALL PRODUCTION PRACTICES,SUGAR,15,ANNUAL,SURVEY,,11,,YIELD,NOT SPECIFIED,AGRICULTURAL DISTRICT,1992,00000000,TOTAL,9000,,CROPS,SUGARCANE,15,YEAR,2012-01-01 00:00:00.000
UNITED STATES,FIELD CROPS,,,00,,00,,95.3,,ALL CLASSES,TONS / ACRE,HI,,HAWAII,"HAWAII, HAWAII ISLAND",HAWAII ISLAND,"SUGARCANE, SUGAR - YIELD, MEASURED IN TONS / ACRE",ALL PRODUCTION PRACTICES,SUGAR,15,ANNUAL,SURVEY,,11,,YIELD,NOT SPECIFIED,AGRICULTURAL DISTRICT,1991,00000000,TOTAL,9000,,CROPS,SUGARCANE,15,YEAR,2012-01-01 00:00:00.000
UNITED STATES,FIELD CROPS,,,00,,00,,94.4,,ALL CLASSES,TONS / ACRE,HI,,HAWAII,"HAWAII, HAWAII ISLAND",HAWAII ISLAND,"SUGARCANE, SUGAR - YIELD, MEASURED IN TONS / ACRE",ALL PRODUCTION PRACTICES,SUGAR,15,ANNUAL,SURVEY,,11,,YIELD,NOT SPECIFIED,AGRICULTURAL DISTRICT,1990,00000000,TOTAL,9000,,CROPS,SUGARCANE,15,YEAR,2012-01-01 00:00:00.000
UNITED STATES,FIELD CROPS,,,00,,00,,92.2,,ALL CLASSES,TONS / ACRE,HI,,HAWAII,"HAWAII, HAWAII ISLAND",HAWAII ISLAND,"SUGARCANE, SUGAR - YIELD, MEASURED IN TONS / ACRE",ALL PRODUCTION PRACTICES,SUGAR,15,ANNUAL,SURVEY,,11,,YIELD,NOT SPECIFIED,AGRICULTURAL DISTRICT,1989,00000000,TOTAL,9000,,CROPS,SUGARCANE,15,YEAR,2012-01-01 00:00:00.000
UNITED STATES,FIELD CROPS,,,00,,00,,87.8,,ALL CLASSES,TONS / ACRE,HI,,HAWAII,"HAWAII, HAWAII ISLAND",HAWAII ISLAND,"SUGARCANE, SUGAR - YIELD, MEASURED IN TONS / ACRE",ALL PRODUCTION PRACTICES,SUGAR,15,ANNUAL,SURVEY,,11,,YIELD,NOT SPECIFIED,AGRICULTURAL DISTRICT,1988,00000000,TOTAL,9000,,CROPS,SUGARCANE,15,YEAR,2012-01-01 00:00:00.000
UNITED STATES,FIELD CROPS,,,00,,00,,90.4,,ALL CLASSES,TONS / ACRE,HI,,HAWAII,"HAWAII, HAWAII ISLAND",HAWAII ISLAND,"SUGARCANE, SUGAR - YIELD, MEASURED IN TONS / ACRE",ALL PRODUCTION PRACTICES,SUGAR,15,ANNUAL,SURVEY,,11,,YIELD,NOT SPECIFIED,AGRICULTURAL DISTRICT,1987,00000000,TOTAL,9000,,CROPS,SUGARCANE,15,YEAR,2012-01-01 00:00:00.000
UNITED STATES,FIELD CROPS,,,00,,00,,97.5,,ALL CLASSES,TONS / ACRE,HI,,HAWAII,"HAWAII, HAWAII ISLAND",HAWAII ISLAND,"SUGARCANE, SUGAR - YIELD, MEASURED IN TONS / ACRE",ALL PRODUCTION PRACTICES,SUGAR,15,ANNUAL,SURVEY,,11,,YIELD,NOT SPECIFIED,AGRICULTURAL DISTRICT,1986,00000000,TOTAL,9000,,CROPS,SUGARCANE,15,YEAR,2012-01-01 00:00:00.000
UNITED STATES,FIELD CROPS,,,00,,00,,93.6,,ALL CLASSES,TONS / ACRE,HI,,HAWAII,"HAWAII, HAWAII ISLAND",HAWAII ISLAND,"SUGARCANE, SUGAR - YIELD, MEASURED IN TONS / ACRE",ALL PRODUCTION PRACTICES,SUGAR,15,ANNUAL,SURVEY,,11,,YIELD,NOT SPECIFIED,AGRICULTURAL DISTRICT,1985,00000000,TOTAL,9000,,CROPS,SUGARCANE,15,YEAR,2012-01-01 00:00:00.000
UNITED STATES,FIELD CROPS,,,00,,00,,101.8,,ALL CLASSES,TONS / ACRE,HI,,HAWAII,"HAWAII, HAWAII ISLAND",HAWAII ISLAND,"SUGARCANE, SUGAR - YIELD, MEASURED IN TONS / ACRE",ALL PRODUCTION PRACTICES,SUGAR,15,ANNUAL,SURVEY,,11,,YIELD,NOT SPECIFIED,AGRICULTURAL DISTRICT,1984,00000000,TOTAL,9000,,CROPS,SUGARCANE,15,YEAR,2012-01-01 00:00:00.000
UNITED STATES,FIELD CROPS,,,00,,00,,107.6,,ALL CLASSES,TONS / ACRE,HI,,HAWAII,"HAWAII, HAWAII ISLAND",HAWAII ISLAND,"SUGARCANE, SUGAR - YIELD, MEASURED IN TONS / ACRE",ALL PRODUCTION PRACTICES,SUGAR,15,ANNUAL,SURVEY,,11,,YIELD,NOT SPECIFIED,AGRICULTURAL DISTRICT,1983,00000000,TOTAL,9000,,CROPS,SUGARCANE,15,YEAR,2012-01-01 00:00:00.000
UNITED STATES,FIELD CROPS,,,00,,00,,107.7,,ALL CLASSES,TONS / ACRE,HI,,HAWAII,"HAWAII, HAWAII ISLAND",HAWAII ISLAND,"SUGARCANE, SUGAR - YIELD, MEASURED IN TONS / ACRE",ALL PRODUCTION PRACTICES,SUGAR,15,ANNUAL,SURVEY,,11,,YIELD,NOT SPECIFIED,AGRICULTURAL DISTRICT,1982,00000000,TOTAL,9000,,CROPS,SUGARCANE,15,YEAR,2012-01-01 00:00:00.000
UNITED STATES,FIELD CROPS,,,00,,00,,91.3,,ALL CLASSES,TONS / ACRE,HI,,HAWAII,"HAWAII, HAWAII ISLAND",HAWAII ISLAND,"SUGARCANE, SUGAR - YIELD, MEASURED IN TONS / ACRE",ALL PRODUCTION PRACTICES,SUGAR,15,ANNUAL,SURVEY,,11,,YIELD,NOT SPECIFIED,AGRICULTURAL DISTRICT,1981,00000000,TOTAL,9000,,CROPS,SUGARCANE,15,YEAR,2012-01-01 00:00:00.000
UNITED STATES,FIELD CROPS,,,00,,00,,99.4,,ALL CLASSES,TONS / ACRE,HI,,HAWAII,"HAWAII, HAWAII ISLAND",HAWAII ISLAND,"SUGARCANE, SUGAR - YIELD, MEASURED IN TONS / ACRE",ALL PRODUCTION PRACTICES,SUGAR,15,ANNUAL,SURVEY,,11,,YIELD,NOT SPECIFIED,AGRICULTURAL DISTRICT,1980,00000000,TOTAL,9000,,CROPS,SUGARCANE,15,YEAR,2012-01-01 00:00:00.000
UNITED STATES,FIELD CROPS,,,00,,00,,68.8,,ALL CLASSES,TONS / ACRE,HI,,HAWAII,"HAWAII, KAUAI AND NIIHAU ISLANDS",KAUAI AND NIIHAU ISLANDS,"SUGARCANE, SUGAR - YIELD, MEASURED IN TONS / ACRE",ALL PRODUCTION PRACTICES,SUGAR,15,ANNUAL,SURVEY,,24,,YIELD,NOT SPECIFIED,AGRICULTURAL DISTRICT,2009,00000000,TOTAL,9000,,CROPS,SUGARCANE,15,YEAR,2012-01-01 00:00:00.000
UNITED STATES,FIELD CROPS,,,00,,00,,88.6,,ALL CLASSES,TONS / ACRE,HI,,HAWAII,"HAWAII, KAUAI AND NIIHAU ISLANDS",KAUAI AND NIIHAU ISLANDS,"SUGARCANE, SUGAR - YIELD, MEASURED IN TONS / ACRE",ALL PRODUCTION PRACTICES,SUGAR,15,ANNUAL,SURVEY,,24,,YIELD,NOT SPECIFIED,AGRICULTURAL DISTRICT,2008,00000000,TOTAL,9000,,CROPS,SUGARCANE,15,YEAR,2012-01-01 00:00:00.000
UNITED STATES,FIELD CROPS,,,00,,00,,86.6,,ALL CLASSES,TONS / ACRE,HI,,HAWAII,"HAWAII, KAUAI AND NIIHAU ISLANDS",KAUAI AND NIIHAU ISLANDS,"SUGARCANE, SUGAR - YIELD, MEASURED IN TONS / ACRE",ALL PRODUCTION PRACTICES,SUGAR,15,ANNUAL,SURVEY,,24,,YIELD,NOT SPECIFIED,AGRICULTURAL DISTRICT,2007,00000000,TOTAL,9000,,CROPS,SUGARCANE,15,YEAR,2012-01-01 00:00:00.000
UNITED STATES,FIELD CROPS,,,00,,00,,83.1,,ALL CLASSES,TONS / ACRE,HI,,HAWAII,"HAWAII, KAUAI AND NIIHAU ISLANDS",KAUAI AND NIIHAU ISLANDS,"SUGARCANE, SUGAR - YIELD, MEASURED IN TONS / ACRE",ALL PRODUCTION PRACTICES,SUGAR,15,ANNUAL,SURVEY,,24,,YIELD,NOT SPECIFIED,AGRICULTURAL DISTRICT,2006,00000000,TOTAL,9000,,CROPS,SUGARCANE,15,YEAR,2012-01-01 00:00:00.000
UNITED STATES,FIELD CROPS,,,00,,00,,82.7,,ALL CLASSES,TONS / ACRE,HI,,HAWAII,"HAWAII, KAUAI AND NIIHAU ISLANDS",KAUAI AND NIIHAU ISLANDS,"SUGARCANE, SUGAR - YIELD, MEASURED IN TONS / ACRE",ALL PRODUCTION PRACTICES,SUGAR,15,ANNUAL,SURVEY,,24,,YIELD,NOT SPECIFIED,AGRICULTURAL DISTRICT,2005,00000000,TOTAL,9000,,CROPS,SUGARCANE,15,YEAR,2012-01-01 00:00:00.000
UNITED STATES,FIELD CROPS,,,00,,00,,87.8,,ALL CLASSES,TONS / ACRE,HI,,HAWAII,"HAWAII, KAUAI AND NIIHAU ISLANDS",KAUAI AND NIIHAU ISLANDS,"SUGARCANE, SUGAR - YIELD, MEASURED IN TONS / ACRE",ALL PRODUCTION PRACTICES,SUGAR,15,ANNUAL,SURVEY,,24,,YIELD,NOT SPECIFIED,AGRICULTURAL DISTRICT,2004,00000000,TOTAL,9000,,CROPS,SUGARCANE,15,YEAR,2012-01-01 00:00:00.000
UNITED STATES,FIELD CROPS,,,00,,00,,92.6,,ALL CLASSES,TONS / ACRE,HI,,HAWAII,"HAWAII, KAUAI AND NIIHAU ISLANDS",KAUAI AND NIIHAU ISLANDS,"SUGARCANE, SUGAR - YIELD, MEASURED IN TONS / ACRE",ALL PRODUCTION PRACTICES,SUGAR,15,ANNUAL,SURVEY,,24,,YIELD,NOT SPECIFIED,AGRICULTURAL DISTRICT,2003,00000000,TOTAL,9000,,CROPS,SUGARCANE,15,YEAR,2012-01-01 00:00:00.000
UNITED STATES,FIELD CROPS,,,00,,00,,86.5,,ALL CLASSES,TONS / ACRE,HI,,HAWAII,"HAWAII, KAUAI AND NIIHAU ISLANDS",KAUAI AND NIIHAU ISLANDS,"SUGARCANE, SUGAR - YIELD, MEASURED IN TONS / ACRE",ALL PRODUCTION PRACTICES,SUGAR,15,ANNUAL,SURVEY,,24,,YIELD,NOT SPECIFIED,AGRICULTURAL DISTRICT,2002,00000000,TOTAL,9000,,CROPS,SUGARCANE,15,YEAR,2012-01-01 00:00:00.000
UNITED STATES,FIELD CROPS,,,00,,00,,92.1,,ALL CLASSES,TONS / ACRE,HI,,HAWAII,"HAWAII, KAUAI AND NIIHAU ISLANDS",KAUAI AND NIIHAU ISLANDS,"SUGARCANE, SUGAR - YIELD, MEASURED IN TONS / ACRE",ALL PRODUCTION PRACTICES,SUGAR,15,ANNUAL,SURVEY,,24,,YIELD,NOT SPECIFIED,AGRICULTURAL DISTRICT,2001,00000000,TOTAL,9000,,CROPS,SUGARCANE,15,YEAR,2012-01-01 00:00:00.000
UNITED STATES,FIELD CROPS,,,00,,00,,55.2,,ALL CLASSES,TONS / ACRE,HI,,HAWAII,"HAWAII, KAUAI AND NIIHAU ISLANDS",KAUAI AND NIIHAU ISLANDS,"SUGARCANE, SUGAR - YIELD, MEASURED IN TONS / ACRE",ALL PRODUCTION PRACTICES,SUGAR,15,ANNUAL,SURVEY,,24,,YIELD,NOT SPECIFIED,AGRICULTURAL DISTRICT,2000,00000000,TOTAL,9000,,CROPS,SUGARCANE,15,YEAR,2012-01-01 00:00:00.000
UNITED STATES,FIELD CROPS,,,00,,00,,66,,ALL CLASSES,TONS / ACRE,HI,,HAWAII,"HAWAII, KAUAI AND NIIHAU ISLANDS",KAUAI AND NIIHAU ISLANDS,"SUGARCANE, SUGAR - YIELD, MEASURED IN TONS / ACRE",ALL PRODUCTION PRACTICES,SUGAR,15,ANNUAL,SURVEY,,24,,YIELD,NOT SPECIFIED,AGRICULTURAL DISTRICT,1999,00000000,TOTAL,9000,,CROPS,SUGARCANE,15,YEAR,2012-01-01 00:00:00.000
UNITED STATES,FIELD CROPS,,,00,,00,,83.5,,ALL CLASSES,TONS / ACRE,HI,,HAWAII,"HAWAII, KAUAI AND NIIHAU ISLANDS",KAUAI AND NIIHAU ISLANDS,"SUGARCANE, SUGAR - YIELD, MEASURED IN TONS / ACRE",ALL PRODUCTION PRACTICES,SUGAR,15,ANNUAL,SURVEY,,24,,YIELD,NOT SPECIFIED,AGRICULTURAL DISTRICT,1998,00000000,TOTAL,9000,,CROPS,SUGARCANE,15,YEAR,2012-01-01 00:00:00.000
UNITED STATES,FIELD CROPS,,,00,,00,,92.8,,ALL CLASSES,TONS / ACRE,HI,,HAWAII,"HAWAII, KAUAI AND NIIHAU ISLANDS",KAUAI AND NIIHAU ISLANDS,"SUGARCANE, SUGAR - YIELD, MEASURED IN TONS / ACRE",ALL PRODUCTION PRACTICES,SUGAR,15,ANNUAL,SURVEY,,24,,YIELD,NOT SPECIFIED,AGRICULTURAL DISTRICT,1997,00000000,TOTAL,9000,,CROPS,SUGARCANE,15,YEAR,2012-01-01 00:00:00.000
UNITED STATES,FIELD CROPS,,,00,,00,,81,,ALL CLASSES,TONS / ACRE,HI,,HAWAII,"HAWAII, KAUAI AND NIIHAU ISLANDS",KAUAI AND NIIHAU ISLANDS,"SUGARCANE, SUGAR - YIELD, MEASURED IN TONS / ACRE",ALL PRODUCTION PRACTICES,SUGAR,15,ANNUAL,SURVEY,,24,,YIELD,NOT SPECIFIED,AGRICULTURAL DISTRICT,1996,00000000,TOTAL,9000,,CROPS,SUGARCANE,15,YEAR,2012-01-01 00:00:00.000
UNITED STATES,FIELD CROPS,,,00,,00,,81.2,,ALL CLASSES,TONS / ACRE,HI,,HAWAII,"HAWAII, KAUAI AND NIIHAU ISLANDS",KAUAI AND NIIHAU ISLANDS,"SUGARCANE, SUGAR - YIELD, MEASURED IN TONS / ACRE",ALL PRODUCTION PRACTICES,SUGAR,15,ANNUAL,SURVEY,,24,,YIELD,NOT SPECIFIED,AGRICULTURAL DISTRICT,1995,00000000,TOTAL,9000,,CROPS,SUGARCANE,15,YEAR,2012-01-01 00:00:00.000
UNITED STATES,FIELD CROPS,,,00,,00,,71.8,,ALL CLASSES,TONS / ACRE,HI,,HAWAII,"HAWAII, KAUAI AND NIIHAU ISLANDS",KAUAI AND NIIHAU ISLANDS,"SUGARCANE, SUGAR - YIELD, MEASURED IN TONS / ACRE",ALL PRODUCTION PRACTICES,SUGAR,15,ANNUAL,SURVEY,,24,,YIELD,NOT SPECIFIED,AGRICULTURAL DISTRICT,1994,00000000,TOTAL,9000,,CROPS,SUGARCANE,15,YEAR,2012-01-01 00:00:00.000
UNITED STATES,FIELD CROPS,,,00,,00,,65.8,,ALL CLASSES,TONS / ACRE,HI,,HAWAII,"HAWAII, KAUAI AND NIIHAU ISLANDS",KAUAI AND NIIHAU ISLANDS,"SUGARCANE, SUGAR - YIELD, MEASURED IN TONS / ACRE",ALL PRODUCTION PRACTICES,SUGAR,15,ANNUAL,SURVEY,,24,,YIELD,NOT SPECIFIED,AGRICULTURAL DISTRICT,1993,00000000,TOTAL,9000,,CROPS,SUGARCANE,15,YEAR,2012-01-01 00:00:00.000
UNITED STATES,FIELD CROPS,,,00,,00,,74.9,,ALL CLASSES,TONS / ACRE,HI,,HAWAII,"HAWAII, KAUAI AND NIIHAU ISLANDS",KAUAI AND NIIHAU ISLANDS,"SUGARCANE, SUGAR - YIELD, MEASURED IN TONS / ACRE",ALL PRODUCTION PRACTICES,SUGAR,15,ANNUAL,SURVEY,,24,,YIELD,NOT SPECIFIED,AGRICULTURAL DISTRICT,1992,00000000,TOTAL,9000,,CROPS,SUGARCANE,15,YEAR,2012-01-01 00:00:00.000
UNITED STATES,FIELD CROPS,,,00,,00,,73.9,,ALL CLASSES,TONS / ACRE,HI,,HAWAII,"HAWAII, KAUAI AND NIIHAU ISLANDS",KAUAI AND NIIHAU ISLANDS,"SUGARCANE, SUGAR - YIELD, MEASURED IN TONS / ACRE",ALL PRODUCTION PRACTICES,SUGAR,15,ANNUAL,SURVEY,,24,,YIELD,NOT SPECIFIED,AGRICULTURAL DISTRICT,1991,00000000,TOTAL,9000,,CROPS,SUGARCANE,15,YEAR,2012-01-01 00:00:00.000
UNITED STATES,FIELD CROPS,,,00,,00,,79.9,,ALL CLASSES,TONS / ACRE,HI,,HAWAII,"HAWAII, KAUAI AND NIIHAU ISLANDS",KAUAI AND NIIHAU ISLANDS,"SUGARCANE, SUGAR - YIELD, MEASURED IN TONS / ACRE",ALL PRODUCTION PRACTICES,SUGAR,15,ANNUAL,SURVEY,,24,,YIELD,NOT SPECIFIED,AGRICULTURAL DISTRICT,1990,00000000,TOTAL,9000,,CROPS,SUGARCANE,15,YEAR,2012-01-01 00:00:00.000
UNITED STATES,FIELD CROPS,,,00,,00,,89.6,,ALL CLASSES,TONS / ACRE,HI,,HAWAII,"HAWAII, KAUAI AND NIIHAU ISLANDS",KAUAI AND NIIHAU ISLANDS,"SUGARCANE, SUGAR - YIELD, MEASURED IN TONS / ACRE",ALL PRODUCTION PRACTICES,SUGAR,15,ANNUAL,SURVEY,,24,,YIELD,NOT SPECIFIED,AGRICULTURAL DISTRICT,1989,00000000,TOTAL,9000,,CROPS,SUGARCANE,15,YEAR,2012-01-01 00:00:00.000
UNITED STATES,FIELD CROPS,,,00,,00,,99.5,,ALL CLASSES,TONS / ACRE,HI,,HAWAII,"HAWAII, KAUAI AND NIIHAU ISLANDS",KAUAI AND NIIHAU ISLANDS,"SUGARCANE, SUGAR - YIELD, MEASURED IN TONS / ACRE",ALL PRODUCTION PRACTICES,SUGAR,15,ANNUAL,SURVEY,,24,,YIELD,NOT SPECIFIED,AGRICULTURAL DISTRICT,1988,00000000,TOTAL,9000,,CROPS,SUGARCANE,15,YEAR,2012-01-01 00:00:00.000
UNITED STATES,FIELD CROPS,,,00,,00,,103.4,,ALL CLASSES,TONS / ACRE,HI,,HAWAII,"HAWAII, KAUAI AND NIIHAU ISLANDS",KAUAI AND NIIHAU ISLANDS,"SUGARCANE, SUGAR - YIELD, MEASURED IN TONS / ACRE",ALL PRODUCTION PRACTICES,SUGAR,15,ANNUAL,SURVEY,,24,,YIELD,NOT SPECIFIED,AGRICULTURAL DISTRICT,1987,00000000,TOTAL,9000,,CROPS,SUGARCANE,15,YEAR,2012-01-01 00:00:00.000
UNITED STATES,FIELD CROPS,,,00,,00,,94.6,,ALL CLASSES,TONS / ACRE,HI,,HAWAII,"HAWAII, KAUAI AND NIIHAU ISLANDS",KAUAI AND NIIHAU ISLANDS,"SUGARCANE, SUGAR - YIELD, MEASURED IN TONS / ACRE",ALL PRODUCTION PRACTICES,SUGAR,15,ANNUAL,SURVEY,,24,,YIELD,NOT SPECIFIED,AGRICULTURAL DISTRICT,1986,00000000,TOTAL,9000,,CROPS,SUGARCANE,15,YEAR,2012-01-01 00:00:00.000
UNITED STATES,FIELD CROPS,,,00,,00,,85.8,,ALL CLASSES,TONS / ACRE,HI,,HAWAII,"HAWAII, KAUAI AND NIIHAU ISLANDS",KAUAI AND NIIHAU ISLANDS,"SUGARCANE, SUGAR - YIELD, MEASURED IN TONS / ACRE",ALL PRODUCTION PRACTICES,SUGAR,15,ANNUAL,SURVEY,,24,,YIELD,NOT SPECIFIED,AGRICULTURAL DISTRICT,1985,00000000,TOTAL,9000,,CROPS,SUGARCANE,15,YEAR,2012-01-01 00:00:00.000
UNITED STATES,FIELD CROPS,,,00,,00,,76.1,,ALL CLASSES,TONS / ACRE,HI,,HAWAII,"HAWAII, KAUAI AND NIIHAU ISLANDS",KAUAI AND NIIHAU ISLANDS,"SUGARCANE, SUGAR - YIELD, MEASURED IN TONS / ACRE",ALL PRODUCTION PRACTICES,SUGAR,15,ANNUAL,SURVEY,,24,,YIELD,NOT SPECIFIED,AGRICULTURAL DISTRICT,1984,00000000,TOTAL,9000,,CROPS,SUGARCANE,15,YEAR,2012-01-01 00:00:00.000
UNITED STATES,FIELD CROPS,,,00,,00,,79,,ALL CLASSES,TONS / ACRE,HI,,HAWAII,"HAWAII, KAUAI AND NIIHAU ISLANDS",KAUAI AND NIIHAU ISLANDS,"SUGARCANE, SUGAR - YIELD, MEASURED IN TONS / ACRE",ALL PRODUCTION PRACTICES,SUGAR,15,ANNUAL,SURVEY,,24,,YIELD,NOT SPECIFIED,AGRICULTURAL DISTRICT,1983,00000000,TOTAL,9000,,CROPS,SUGARCANE,15,YEAR,2012-01-01 00:00:00.000
UNITED STATES,FIELD CROPS,,,00,,00,,89.4,,ALL CLASSES,TONS / ACRE,HI,,HAWAII,"HAWAII, KAUAI AND NIIHAU ISLANDS",KAUAI AND NIIHAU ISLANDS,"SUGARCANE, SUGAR - YIELD, MEASURED IN TONS / ACRE",ALL PRODUCTION PRACTICES,SUGAR,15,ANNUAL,SURVEY,,24,,YIELD,NOT SPECIFIED,AGRICULTURAL DISTRICT,1982,00000000,TOTAL,9000,,CROPS,SUGARCANE,15,YEAR,2012-01-01 00:00:00.000
UNITED STATES,FIELD CROPS,,,00,,00,,89.4,,ALL CLASSES,TONS / ACRE,HI,,HAWAII,"HAWAII, KAUAI AND NIIHAU ISLANDS",KAUAI AND NIIHAU ISLANDS,"SUGARCANE, SUGAR - YIELD, MEASURED IN TONS / ACRE",ALL PRODUCTION PRACTICES,SUGAR,15,ANNUAL,SURVEY,,24,,YIELD,NOT SPECIFIED,AGRICULTURAL DISTRICT,1981,00000000,TOTAL,9000,,CROPS,SUGARCANE,15,YEAR,2012-01-01 00:00:00.000
UNITED STATES,FIELD CROPS,,,00,,00,,83.2,,ALL CLASSES,TONS / ACRE,HI,,HAWAII,"HAWAII, KAUAI AND NIIHAU ISLANDS",KAUAI AND NIIHAU ISLANDS,"SUGARCANE, SUGAR - YIELD, MEASURED IN TONS / ACRE",ALL PRODUCTION PRACTICES,SUGAR,15,ANNUAL,SURVEY,,24,,YIELD,NOT SPECIFIED,AGRICULTURAL DISTRICT,1980,00000000,TOTAL,9000,,CROPS,SUGARCANE,15,YEAR,2012-01-01 00:00:00.000
UNITED STATES,FIELD CROPS,,,00,,00,,86.2,,ALL CLASSES,TONS / ACRE,HI,,HAWAII,"HAWAII, MAUI, MOLOKAI & LANAI ISLAND","MAUI, MOLOKAI & LANAI ISLAND","SUGARCANE, SUGAR - YIELD, MEASURED IN TONS / ACRE",ALL PRODUCTION PRACTICES,SUGAR,15,ANNUAL,SURVEY,,35,,YIELD,NOT SPECIFIED,AGRICULTURAL DISTRICT,2016,00000000,TOTAL,9000,,CROPS,SUGARCANE,15,YEAR,2017-06-01 15:00:06.000
UNITED STATES,FIELD CROPS,,,00,,00,,88.3,,ALL CLASSES,TONS / ACRE,HI,,HAWAII,"HAWAII, MAUI, MOLOKAI & LANAI ISLAND","MAUI, MOLOKAI & LANAI ISLAND","SUGARCANE, SUGAR - YIELD, MEASURED IN TONS / ACRE",ALL PRODUCTION PRACTICES,SUGAR,15,ANNUAL,SURVEY,,35,,YIELD,NOT SPECIFIED,AGRICULTURAL DISTRICT,2015,00000000,TOTAL,9000,,CROPS,SUGARCANE,15,YEAR,2017-06-01 15:00:06.000
UNITED STATES,FIELD CROPS,,,00,,00,,88.8,,ALL CLASSES,TONS / ACRE,HI,,HAWAII,"HAWAII, MAUI, MOLOKAI & LANAI ISLAND","MAUI, MOLOKAI & LANAI ISLAND","SUGARCANE, SUGAR - YIELD, MEASURED IN TONS / ACRE",ALL PRODUCTION PRACTICES,SUGAR,15,ANNUAL,SURVEY,,35,,YIELD,NOT SPECIFIED,AGRICULTURAL DISTRICT,2014,00000000,TOTAL,9000,,CROPS,SUGARCANE,15,YEAR,2016-07-21 15:31:05.000
UNITED STATES,FIELD CROPS,,,00,,00,,87.2,,ALL CLASSES,TONS / ACRE,HI,,HAWAII,"HAWAII, MAUI, MOLOKAI & LANAI ISLAND","MAUI, MOLOKAI & LANAI ISLAND","SUGARCANE, SUGAR - YIELD, MEASURED IN TONS / ACRE",ALL PRODUCTION PRACTICES,SUGAR,15,ANNUAL,SURVEY,,35,,YIELD,NOT SPECIFIED,AGRICULTURAL DISTRICT,2013,00000000,TOTAL,9000,,CROPS,SUGARCANE,15,YEAR,2014-07-17 15:17:11.000
UNITED STATES,FIELD CROPS,,,00,,00,,79.4,,ALL CLASSES,TONS / ACRE,HI,,HAWAII,"HAWAII, MAUI, MOLOKAI & LANAI ISLAND","MAUI, MOLOKAI & LANAI ISLAND","SUGARCANE, SUGAR - YIELD, MEASURED IN TONS / ACRE",ALL PRODUCTION PRACTICES,SUGAR,15,ANNUAL,SURVEY,,35,,YIELD,NOT SPECIFIED,AGRICULTURAL DISTRICT,2012,00000000,TOTAL,9000,,CROPS,SUGARCANE,15,YEAR,2013-07-18 15:13:46.000
UNITED STATES,FIELD CROPS,,,00,,00,,85.2,,ALL CLASSES,TONS / ACRE,HI,,HAWAII,"HAWAII, MAUI, MOLOKAI & LANAI ISLAND","MAUI, MOLOKAI & LANAI ISLAND","SUGARCANE, SUGAR - YIELD, MEASURED IN TONS / ACRE",ALL PRODUCTION PRACTICES,SUGAR,15,ANNUAL,SURVEY,,35,,YIELD,NOT SPECIFIED,AGRICULTURAL DISTRICT,2011,00000000,TOTAL,9000,,CROPS,SUGARCANE,15,YEAR,2011-07-19 15:04:26.000
UNITED STATES,FIELD CROPS,,,00,,00,,77.1,,ALL CLASSES,TONS / ACRE,HI,,HAWAII,"HAWAII, MAUI, MOLOKAI & LANAI ISLAND","MAUI, MOLOKAI & LANAI ISLAND","SUGARCANE, SUGAR - YIELD, MEASURED IN TONS / ACRE",ALL PRODUCTION PRACTICES,SUGAR,15,ANNUAL,SURVEY,,35,,YIELD,NOT SPECIFIED,AGRICULTURAL DISTRICT,2010,00000000,TOTAL,9000,,CROPS,SUGARCANE,15,YEAR,2010-07-20 15:55:43.000
UNITED STATES,FIELD CROPS,,,00,,00,,64.5,,ALL CLASSES,TONS / ACRE,HI,,HAWAII,"HAWAII, MAUI, MOLOKAI & LANAI ISLAND","MAUI, MOLOKAI & LANAI ISLAND","SUGARCANE, SUGAR - YIELD, MEASURED IN TONS / ACRE",ALL PRODUCTION PRACTICES,SUGAR,15,ANNUAL,SURVEY,,35,,YIELD,NOT SPECIFIED,AGRICULTURAL DISTRICT,2009,00000000,TOTAL,9000,,CROPS,SUGARCANE,15,YEAR,2012-01-01 00:00:00.000
UNITED STATES,FIELD CROPS,,,00,,00,,65.8,,ALL CLASSES,TONS / ACRE,HI,,HAWAII,"HAWAII, MAUI, MOLOKAI & LANAI ISLAND","MAUI, MOLOKAI & LANAI ISLAND","SUGARCANE, SUGAR - YIELD, MEASURED IN TONS / ACRE",ALL PRODUCTION PRACTICES,SUGAR,15,ANNUAL,SURVEY,,35,,YIELD,NOT SPECIFIED,AGRICULTURAL DISTRICT,2008,00000000,TOTAL,9000,,CROPS,SUGARCANE,15,YEAR,2012-01-01 00:00:00.000
UNITED STATES,FIELD CROPS,,,00,,00,,70.4,,ALL CLASSES,TONS / ACRE,HI,,HAWAII,"HAWAII, MAUI, MOLOKAI & LANAI ISLAND","MAUI, MOLOKAI & LANAI ISLAND","SUGARCANE, SUGAR - YIELD, MEASURED IN TONS / ACRE",ALL PRODUCTION PRACTICES,SUGAR,15,ANNUAL,SURVEY,,35,,YIELD,NOT SPECIFIED,AGRICULTURAL DISTRICT,2007,00000000,TOTAL,9000,,CROPS,SUGARCANE,15,YEAR,2012-01-01 00:00:00.000
UNITED STATES,FIELD CROPS,,,00,,00,,78.3,,ALL CLASSES,TONS / ACRE,HI,,HAWAII,"HAWAII, MAUI, MOLOKAI & LANAI ISLAND","MAUI, MOLOKAI & LANAI ISLAND","SUGARCANE, SUGAR - YIELD, MEASURED IN TONS / ACRE",ALL PRODUCTION PRACTICES,SUGAR,15,ANNUAL,SURVEY,,35,,YIELD,NOT SPECIFIED,AGRICULTURAL DISTRICT,2006,00000000,TOTAL,9000,,CROPS,SUGARCANE,15,YEAR,2012-01-01 00:00:00.000
UNITED STATES,FIELD CROPS,,,00,,00,,80.2,,ALL CLASSES,TONS / ACRE,HI,,HAWAII,"HAWAII, MAUI, MOLOKAI & LANAI ISLAND","MAUI, MOLOKAI & LANAI ISLAND","SUGARCANE, SUGAR - YIELD, MEASURED IN TONS / ACRE",ALL PRODUCTION PRACTICES,SUGAR,15,ANNUAL,SURVEY,,35,,YIELD,NOT SPECIFIED,AGRICULTURAL DISTRICT,2005,00000000,TOTAL,9000,,CROPS,SUGARCANE,15,YEAR,2012-01-01 00:00:00.000
UNITED STATES,FIELD CROPS,,,00,,00,,91.7,,ALL CLASSES,TONS / ACRE,HI,,HAWAII,"HAWAII, MAUI, MOLOKAI & LANAI ISLAND","MAUI, MOLOKAI & LANAI ISLAND","SUGARCANE, SUGAR - YIELD, MEASURED IN TONS / ACRE",ALL PRODUCTION PRACTICES,SUGAR,15,ANNUAL,SURVEY,,35,,YIELD,NOT SPECIFIED,AGRICULTURAL DISTRICT,2004,00000000,TOTAL,9000,,CROPS,SUGARCANE,15,YEAR,2012-01-01 00:00:00.000
UNITED STATES,FIELD CROPS,,,00,,00,,104.5,,ALL CLASSES,TONS / ACRE,HI,,HAWAII,"HAWAII, MAUI, MOLOKAI & LANAI ISLAND","MAUI, MOLOKAI & LANAI ISLAND","SUGARCANE, SUGAR - YIELD, MEASURED IN TONS / ACRE",ALL PRODUCTION PRACTICES,SUGAR,15,ANNUAL,SURVEY,,35,,YIELD,NOT SPECIFIED,AGRICULTURAL DISTRICT,2003,00000000,TOTAL,9000,,CROPS,SUGARCANE,15,YEAR,2012-01-01 00:00:00.000
UNITED STATES,FIELD CROPS,,,00,,00,,102.7,,ALL CLASSES,TONS / ACRE,HI,,HAWAII,"HAWAII, MAUI, MOLOKAI & LANAI ISLAND","MAUI, MOLOKAI & LANAI ISLAND","SUGARCANE, SUGAR - YIELD, MEASURED IN TONS / ACRE",ALL PRODUCTION PRACTICES,SUGAR,15,ANNUAL,SURVEY,,35,,YIELD,NOT SPECIFIED,AGRICULTURAL DISTRICT,2002,00000000,TOTAL,9000,,CROPS,SUGARCANE,15,YEAR,2012-01-01 00:00:00.000
UNITED STATES,FIELD CROPS,,,00,,00,,98.7,,ALL CLASSES,TONS / ACRE,HI,,HAWAII,"HAWAII, MAUI, MOLOKAI & LANAI ISLAND","MAUI, MOLOKAI & LANAI ISLAND","SUGARCANE, SUGAR - YIELD, MEASURED IN TONS / ACRE",ALL PRODUCTION PRACTICES,SUGAR,15,ANNUAL,SURVEY,,35,,YIELD,NOT SPECIFIED,AGRICULTURAL DISTRICT,2001,00000000,TOTAL,9000,,CROPS,SUGARCANE,15,YEAR,2012-01-01 00:00:00.000
UNITED STATES,FIELD CROPS,,,00,,00,,84.9,,ALL CLASSES,TONS / ACRE,HI,,HAWAII,"HAWAII, MAUI, MOLOKAI & LANAI ISLAND","MAUI, MOLOKAI & LANAI ISLAND","SUGARCANE, SUGAR - YIELD, MEASURED IN TONS / ACRE",ALL PRODUCTION PRACTICES,SUGAR,15,ANNUAL,SURVEY,,35,,YIELD,NOT SPECIFIED,AGRICULTURAL DISTRICT,2000,00000000,TOTAL,9000,,CROPS,SUGARCANE,15,YEAR,2012-01-01 00:00:00.000
UNITED STATES,FIELD CROPS,,,00,,00,,91.9,,ALL CLASSES,TONS / ACRE,HI,,HAWAII,"HAWAII, MAUI, MOLOKAI & LANAI ISLAND","MAUI, MOLOKAI & LANAI ISLAND","SUGARCANE, SUGAR - YIELD, MEASURED IN TONS / ACRE",ALL PRODUCTION PRACTICES,SUGAR,15,ANNUAL,SURVEY,,35,,YIELD,NOT SPECIFIED,AGRICULTURAL DISTRICT,1999,00000000,TOTAL,9000,,CROPS,SUGARCANE,15,YEAR,2012-01-01 00:00:00.000
UNITED STATES,FIELD CROPS,,,00,,00,,93.8,,ALL CLASSES,TONS / ACRE,HI,,HAWAII,"HAWAII, MAUI, MOLOKAI & LANAI ISLAND","MAUI, MOLOKAI & LANAI ISLAND","SUGARCANE, SUGAR - YIELD, MEASURED IN TONS / ACRE",ALL PRODUCTION PRACTICES,SUGAR,15,ANNUAL,SURVEY,,35,,YIELD,NOT SPECIFIED,AGRICULTURAL DISTRICT,1998,00000000,TOTAL,9000,,CROPS,SUGARCANE,15,YEAR,2012-01-01 00:00:00.000
UNITED STATES,FIELD CROPS,,,00,,00,,90.6,,ALL CLASSES,TONS / ACRE,HI,,HAWAII,"HAWAII, MAUI, MOLOKAI & LANAI ISLAND","MAUI, MOLOKAI & LANAI ISLAND","SUGARCANE, SUGAR - YIELD, MEASURED IN TONS / ACRE",ALL PRODUCTION PRACTICES,SUGAR,15,ANNUAL,SURVEY,,35,,YIELD,NOT SPECIFIED,AGRICULTURAL DISTRICT,1997,00000000,TOTAL,9000,,CROPS,SUGARCANE,15,YEAR,2012-01-01 00:00:00.000
UNITED STATES,FIELD CROPS,,,00,,00,,84.7,,ALL CLASSES,TONS / ACRE,HI,,HAWAII,"HAWAII, MAUI, MOLOKAI & LANAI ISLAND","MAUI, MOLOKAI & LANAI ISLAND","SUGARCANE, SUGAR - YIELD, MEASURED IN TONS / ACRE",ALL PRODUCTION PRACTICES,SUGAR,15,ANNUAL,SURVEY,,35,,YIELD,NOT SPECIFIED,AGRICULTURAL DISTRICT,1996,00000000,TOTAL,9000,,CROPS,SUGARCANE,15,YEAR,2012-01-01 00:00:00.000
UNITED STATES,FIELD CROPS,,,00,,00,,81.3,,ALL CLASSES,TONS / ACRE,HI,,HAWAII,"HAWAII, MAUI, MOLOKAI & LANAI ISLAND","MAUI, MOLOKAI & LANAI ISLAND","SUGARCANE, SUGAR - YIELD, MEASURED IN TONS / ACRE",ALL PRODUCTION PRACTICES,SUGAR,15,ANNUAL,SURVEY,,35,,YIELD,NOT SPECIFIED,AGRICULTURAL DISTRICT,1995,00000000,TOTAL,9000,,CROPS,SUGARCANE,15,YEAR,2012-01-01 00:00:00.000
UNITED STATES,FIELD CROPS,,,00,,00,,88.7,,ALL CLASSES,TONS / ACRE,HI,,HAWAII,"HAWAII, MAUI, MOLOKAI & LANAI ISLAND","MAUI, MOLOKAI & LANAI ISLAND","SUGARCANE, SUGAR - YIELD, MEASURED IN TONS / ACRE",ALL PRODUCTION PRACTICES,SUGAR,15,ANNUAL,SURVEY,,35,,YIELD,NOT SPECIFIED,AGRICULTURAL DISTRICT,1994,00000000,TOTAL,9000,,CROPS,SUGARCANE,15,YEAR,2012-01-01 00:00:00.000
UNITED STATES,FIELD CROPS,,,00,,00,,96,,ALL CLASSES,TONS / ACRE,HI,,HAWAII,"HAWAII, MAUI, MOLOKAI & LANAI ISLAND","MAUI, MOLOKAI & LANAI ISLAND","SUGARCANE, SUGAR - YIELD, MEASURED IN TONS / ACRE",ALL PRODUCTION PRACTICES,SUGAR,15,ANNUAL,SURVEY,,35,,YIELD,NOT SPECIFIED,AGRICULTURAL DISTRICT,1993,00000000,TOTAL,9000,,CROPS,SUGARCANE,15,YEAR,2012-01-01 00:00:00.000
UNITED STATES,FIELD CROPS,,,00,,00,,90.3,,ALL CLASSES,TONS / ACRE,HI,,HAWAII,"HAWAII, MAUI, MOLOKAI & LANAI ISLAND","MAUI, MOLOKAI & LANAI ISLAND","SUGARCANE, SUGAR - YIELD, MEASURED IN TONS / ACRE",ALL PRODUCTION PRACTICES,SUGAR,15,ANNUAL,SURVEY,,35,,YIELD,NOT SPECIFIED,AGRICULTURAL DISTRICT,1992,00000000,TOTAL,9000,,CROPS,SUGARCANE,15,YEAR,2012-01-01 00:00:00.000
UNITED STATES,FIELD CROPS,,,00,,00,,87.7,,ALL CLASSES,TONS / ACRE,HI,,HAWAII,"HAWAII, MAUI, MOLOKAI & LANAI ISLAND","MAUI, MOLOKAI & LANAI ISLAND","SUGARCANE, SUGAR - YIELD, MEASURED IN TONS / ACRE",ALL PRODUCTION PRACTICES,SUGAR,15,ANNUAL,SURVEY,,35,,YIELD,NOT SPECIFIED,AGRICULTURAL DISTRICT,1991,00000000,TOTAL,9000,,CROPS,SUGARCANE,15,YEAR,2012-01-01 00:00:00.000
UNITED STATES,FIELD CROPS,,,00,,00,,94.2,,ALL CLASSES,TONS / ACRE,HI,,HAWAII,"HAWAII, MAUI, MOLOKAI & LANAI ISLAND","MAUI, MOLOKAI & LANAI ISLAND","SUGARCANE, SUGAR - YIELD, MEASURED IN TONS / ACRE",ALL PRODUCTION PRACTICES,SUGAR,15,ANNUAL,SURVEY,,35,,YIELD,NOT SPECIFIED,AGRICULTURAL DISTRICT,1990,00000000,TOTAL,9000,,CROPS,SUGARCANE,15,YEAR,2012-01-01 00:00:00.000
UNITED STATES,FIELD CROPS,,,00,,00,,98.2,,ALL CLASSES,TONS / ACRE,HI,,HAWAII,"HAWAII, MAUI, MOLOKAI & LANAI ISLAND","MAUI, MOLOKAI & LANAI ISLAND","SUGARCANE, SUGAR - YIELD, MEASURED IN TONS / ACRE",ALL PRODUCTION PRACTICES,SUGAR,15,ANNUAL,SURVEY,,35,,YIELD,NOT SPECIFIED,AGRICULTURAL DISTRICT,1989,00000000,TOTAL,9000,,CROPS,SUGARCANE,15,YEAR,2012-01-01 00:00:00.000
UNITED STATES,FIELD CROPS,,,00,,00,,100.9,,ALL CLASSES,TONS / ACRE,HI,,HAWAII,"HAWAII, MAUI, MOLOKAI & LANAI ISLAND","MAUI, MOLOKAI & LANAI ISLAND","SUGARCANE, SUGAR - YIELD, MEASURED IN TONS / ACRE",ALL PRODUCTION PRACTICES,SUGAR,15,ANNUAL,SURVEY,,35,,YIELD,NOT SPECIFIED,AGRICULTURAL DISTRICT,1988,00000000,TOTAL,9000,,CROPS,SUGARCANE,15,YEAR,2012-01-01 00:00:00.000
UNITED STATES,FIELD CROPS,,,00,,00,,107,,ALL CLASSES,TONS / ACRE,HI,,HAWAII,"HAWAII, MAUI, MOLOKAI & LANAI ISLAND","MAUI, MOLOKAI & LANAI ISLAND","SUGARCANE, SUGAR - YIELD, MEASURED IN TONS / ACRE",ALL PRODUCTION PRACTICES,SUGAR,15,ANNUAL,SURVEY,,35,,YIELD,NOT SPECIFIED,AGRICULTURAL DISTRICT,1987,00000000,TOTAL,9000,,CROPS,SUGARCANE,15,YEAR,2012-01-01 00:00:00.000
UNITED STATES,FIELD CROPS,,,00,,00,,102.8,,ALL CLASSES,TONS / ACRE,HI,,HAWAII,"HAWAII, MAUI, MOLOKAI & LANAI ISLAND","MAUI, MOLOKAI & LANAI ISLAND","SUGARCANE, SUGAR - YIELD, MEASURED IN TONS / ACRE",ALL PRODUCTION PRACTICES,SUGAR,15,ANNUAL,SURVEY,,35,,YIELD,NOT SPECIFIED,AGRICULTURAL DISTRICT,1986,00000000,TOTAL,9000,,CROPS,SUGARCANE,15,YEAR,2012-01-01 00:00:00.000
UNITED STATES,FIELD CROPS,,,00,,00,,98.6,,ALL CLASSES,TONS / ACRE,HI,,HAWAII,"HAWAII, MAUI, MOLOKAI & LANAI ISLAND","MAUI, MOLOKAI & LANAI ISLAND","SUGARCANE, SUGAR - YIELD, MEASURED IN TONS / ACRE",ALL PRODUCTION PRACTICES,SUGAR,15,ANNUAL,SURVEY,,35,,YIELD,NOT SPECIFIED,AGRICULTURAL DISTRICT,1985,00000000,TOTAL,9000,,CROPS,SUGARCANE,15,YEAR,2012-01-01 00:00:00.000
UNITED STATES,FIELD CROPS,,,00,,00,,101.5,,ALL CLASSES,TONS / ACRE,HI,,HAWAII,"HAWAII, MAUI, MOLOKAI & LANAI ISLAND","MAUI, MOLOKAI & LANAI ISLAND","SUGARCANE, SUGAR - YIELD, MEASURED IN TONS / ACRE",ALL PRODUCTION PRACTICES,SUGAR,15,ANNUAL,SURVEY,,35,,YIELD,NOT SPECIFIED,AGRICULTURAL DISTRICT,1984,00000000,TOTAL,9000,,CROPS,SUGARCANE,15,YEAR,2012-01-01 00:00:00.000
UNITED STATES,FIELD CROPS,,,00,,00,,100.1,,ALL CLASSES,TONS / ACRE,HI,,HAWAII,"HAWAII, MAUI, MOLOKAI & LANAI ISLAND","MAUI, MOLOKAI & LANAI ISLAND","SUGARCANE, SUGAR - YIELD, MEASURED IN TONS / ACRE",ALL PRODUCTION PRACTICES,SUGAR,15,ANNUAL,SURVEY,,35,,YIELD,NOT SPECIFIED,AGRICULTURAL DISTRICT,1983,00000000,TOTAL,9000,,CROPS,SUGARCANE,15,YEAR,2012-01-01 00:00:00.000
UNITED STATES,FIELD CROPS,,,00,,00,,96.5,,ALL CLASSES,TONS / ACRE,HI,,HAWAII,"HAWAII, MAUI, MOLOKAI & LANAI ISLAND","MAUI, MOLOKAI & LANAI ISLAND","SUGARCANE, SUGAR - YIELD, MEASURED IN TONS / ACRE",ALL PRODUCTION PRACTICES,SUGAR,15,ANNUAL,SURVEY,,35,,YIELD,NOT SPECIFIED,AGRICULTURAL DISTRICT,1982,00000000,TOTAL,9000,,CROPS,SUGARCANE,15,YEAR,2012-01-01 00:00:00.000
UNITED STATES,FIELD CROPS,,,00,,00,,90.6,,ALL CLASSES,TONS / ACRE,HI,,HAWAII,"HAWAII, MAUI, MOLOKAI & LANAI ISLAND","MAUI, MOLOKAI & LANAI ISLAND","SUGARCANE, SUGAR - YIELD, MEASURED IN TONS / ACRE",ALL PRODUCTION PRACTICES,SUGAR,15,ANNUAL,SURVEY,,35,,YIELD,NOT SPECIFIED,AGRICULTURAL DISTRICT,1981,00000000,TOTAL,9000,,CROPS,SUGARCANE,15,YEAR,2012-01-01 00:00:00.000
UNITED STATES,FIELD CROPS,,,00,,00,,101.2,,ALL CLASSES,TONS / ACRE,HI,,HAWAII,"HAWAII, MAUI, MOLOKAI & LANAI ISLAND","MAUI, MOLOKAI & LANAI ISLAND","SUGARCANE, SUGAR - YIELD, MEASURED IN TONS / ACRE",ALL PRODUCTION PRACTICES,SUGAR,15,ANNUAL,SURVEY,,35,,YIELD,NOT SPECIFIED,AGRICULTURAL DISTRICT,1980,00000000,TOTAL,9000,,CROPS,SUGARCANE,15,YEAR,2012-01-01 00:00:00.000
UNITED STATES,FIELD CROPS,,,00,,00,,85,,ALL CLASSES,TONS / ACRE,HI,,HAWAII,"HAWAII, OAHU ISLAND",OAHU ISLAND,"SUGARCANE, SUGAR - YIELD, MEASURED IN TONS / ACRE",ALL PRODUCTION PRACTICES,SUGAR,15,ANNUAL,SURVEY,,62,,YIELD,NOT SPECIFIED,AGRICULTURAL DISTRICT,1996,00000000,TOTAL,9000,,CROPS,SUGARCANE,15,YEAR,2012-01-01 00:00:00.000
UNITED STATES,FIELD CROPS,,,00,,00,,96.1,,ALL CLASSES,TONS / ACRE,HI,,HAWAII,"HAWAII, OAHU ISLAND",OAHU ISLAND,"SUGARCANE, SUGAR - YIELD, MEASURED IN TONS / ACRE",ALL PRODUCTION PRACTICES,SUGAR,15,ANNUAL,SURVEY,,62,,YIELD,NOT SPECIFIED,AGRICULTURAL DISTRICT,1995,00000000,TOTAL,9000,,CROPS,SUGARCANE,15,YEAR,2012-01-01 00:00:00.000
UNITED STATES,FIELD CROPS,,,00,,00,,98.5,,ALL CLASSES,TONS / ACRE,HI,,HAWAII,"HAWAII, OAHU ISLAND",OAHU ISLAND,"SUGARCANE, SUGAR - YIELD, MEASURED IN TONS / ACRE",ALL PRODUCTION PRACTICES,SUGAR,15,ANNUAL,SURVEY,,62,,YIELD,NOT SPECIFIED,AGRICULTURAL DISTRICT,1994,00000000,TOTAL,9000,,CROPS,SUGARCANE,15,YEAR,2012-01-01 00:00:00.000
UNITED STATES,FIELD CROPS,,,00,,00,,100.3,,ALL CLASSES,TONS / ACRE,HI,,HAWAII,"HAWAII, OAHU ISLAND",OAHU ISLAND,"SUGARCANE, SUGAR - YIELD, MEASURED IN TONS / ACRE",ALL PRODUCTION PRACTICES,SUGAR,15,ANNUAL,SURVEY,,62,,YIELD,NOT SPECIFIED,AGRICULTURAL DISTRICT,1993,00000000,TOTAL,9000,,CROPS,SUGARCANE,15,YEAR,2012-01-01 00:00:00.000
UNITED STATES,FIELD CROPS,,,00,,00,,104.7,,ALL CLASSES,TONS / ACRE,HI,,HAWAII,"HAWAII, OAHU ISLAND",OAHU ISLAND,"SUGARCANE, SUGAR - YIELD, MEASURED IN TONS / ACRE",ALL PRODUCTION PRACTICES,SUGAR,15,ANNUAL,SURVEY,,62,,YIELD,NOT SPECIFIED,AGRICULTURAL DISTRICT,1992,00000000,TOTAL,9000,,CROPS,SUGARCANE,15,YEAR,2012-01-01 00:00:00.000
UNITED STATES,FIELD CROPS,,,00,,00,,94.6,,ALL CLASSES,TONS / ACRE,HI,,HAWAII,"HAWAII, OAHU ISLAND",OAHU ISLAND,"SUGARCANE, SUGAR - YIELD, MEASURED IN TONS / ACRE",ALL PRODUCTION PRACTICES,SUGAR,15,ANNUAL,SURVEY,,62,,YIELD,NOT SPECIFIED,AGRICULTURAL DISTRICT,1991,00000000,TOTAL,9000,,CROPS,SUGARCANE,15,YEAR,2012-01-01 00:00:00.000
UNITED STATES,FIELD CROPS,,,00,,00,,97,,ALL CLASSES,TONS / ACRE,HI,,HAWAII,"HAWAII, OAHU ISLAND",OAHU ISLAND,"SUGARCANE, SUGAR - YIELD, MEASURED IN TONS / ACRE",ALL PRODUCTION PRACTICES,SUGAR,15,ANNUAL,SURVEY,,62,,YIELD,NOT SPECIFIED,AGRICULTURAL DISTRICT,1990,00000000,TOTAL,9000,,CROPS,SUGARCANE,15,YEAR,2012-01-01 00:00:00.000
UNITED STATES,FIELD CROPS,,,00,,00,,103.2,,ALL CLASSES,TONS / ACRE,HI,,HAWAII,"HAWAII, OAHU ISLAND",OAHU ISLAND,"SUGARCANE, SUGAR - YIELD, MEASURED IN TONS / ACRE",ALL PRODUCTION PRACTICES,SUGAR,15,ANNUAL,SURVEY,,62,,YIELD,NOT SPECIFIED,AGRICULTURAL DISTRICT,1989,00000000,TOTAL,9000,,CROPS,SUGARCANE,15,YEAR,2012-01-01 00:00:00.000
UNITED STATES,FIELD CROPS,,,00,,00,,102.5,,ALL CLASSES,TONS / ACRE,HI,,HAWAII,"HAWAII, OAHU ISLAND",OAHU ISLAND,"SUGARCANE, SUGAR - YIELD, MEASURED IN TONS / ACRE",ALL PRODUCTION PRACTICES,SUGAR,15,ANNUAL,SURVEY,,62,,YIELD,NOT SPECIFIED,AGRICULTURAL DISTRICT,1988,00000000,TOTAL,9000,,CROPS,SUGARCANE,15,YEAR,2012-01-01 00:00:00.000
UNITED STATES,FIELD CROPS,,,00,,00,,111.1,,ALL CLASSES,TONS / ACRE,HI,,HAWAII,"HAWAII, OAHU ISLAND",OAHU ISLAND,"SUGARCANE, SUGAR - YIELD, MEASURED IN TONS / ACRE",ALL PRODUCTION PRACTICES,SUGAR,15,ANNUAL,SURVEY,,62,,YIELD,NOT SPECIFIED,AGRICULTURAL DISTRICT,1987,00000000,TOTAL,9000,,CROPS,SUGARCANE,15,YEAR,2012-01-01 00:00:00.000
UNITED STATES,FIELD CROPS,,,00,,00,,111.9,,ALL CLASSES,TONS / ACRE,HI,,HAWAII,"HAWAII, OAHU ISLAND",OAHU ISLAND,"SUGARCANE, SUGAR - YIELD, MEASURED IN TONS / ACRE",ALL PRODUCTION PRACTICES,SUGAR,15,ANNUAL,SURVEY,,62,,YIELD,NOT SPECIFIED,AGRICULTURAL DISTRICT,1986,00000000,TOTAL,9000,,CROPS,SUGARCANE,15,YEAR,2012-01-01 00:00:00.000
UNITED STATES,FIELD CROPS,,,00,,00,,111.9,,ALL CLASSES,TONS / ACRE,HI,,HAWAII,"HAWAII, OAHU ISLAND",OAHU ISLAND,"SUGARCANE, SUGAR - YIELD, MEASURED IN TONS / ACRE",ALL PRODUCTION PRACTICES,SUGAR,15,ANNUAL,SURVEY,,62,,YIELD,NOT SPECIFIED,AGRICULTURAL DISTRICT,1985,00000000,TOTAL,9000,,CROPS,SUGARCANE,15,YEAR,2012-01-01 00:00:00.000
UNITED STATES,FIELD CROPS,,,00,,00,,92.9,,ALL CLASSES,TONS / ACRE,HI,,HAWAII,"HAWAII, OAHU ISLAND",OAHU ISLAND,"SUGARCANE, SUGAR - YIELD, MEASURED IN TONS / ACRE",ALL PRODUCTION PRACTICES,SUGAR,15,ANNUAL,SURVEY,,62,,YIELD,NOT SPECIFIED,AGRICULTURAL DISTRICT,1984,00000000,TOTAL,9000,,CROPS,SUGARCANE,15,YEAR,2012-01-01 00:00:00.000
UNITED STATES,FIELD CROPS,,,00,,00,,86.6,,ALL CLASSES,TONS / ACRE,HI,,HAWAII,"HAWAII, OAHU ISLAND",OAHU ISLAND,"SUGARCANE, SUGAR - YIELD, MEASURED IN TONS / ACRE",ALL PRODUCTION PRACTICES,SUGAR,15,ANNUAL,SURVEY,,62,,YIELD,NOT SPECIFIED,AGRICULTURAL DISTRICT,1983,00000000,TOTAL,9000,,CROPS,SUGARCANE,15,YEAR,2012-01-01 00:00:00.000
UNITED STATES,FIELD CROPS,,,00,,00,,92.6,,ALL CLASSES,TONS / ACRE,HI,,HAWAII,"HAWAII, OAHU ISLAND",OAHU ISLAND,"SUGARCANE, SUGAR - YIELD, MEASURED IN TONS / ACRE",ALL PRODUCTION PRACTICES,SUGAR,15,ANNUAL,SURVEY,,62,,YIELD,NOT SPECIFIED,AGRICULTURAL DISTRICT,1982,00000000,TOTAL,9000,,CROPS,SUGARCANE,15,YEAR,2012-01-01 00:00:00.000
UNITED STATES,FIELD CROPS,,,00,,00,,89.7,,ALL CLASSES,TONS / ACRE,HI,,HAWAII,"HAWAII, OAHU ISLAND",OAHU ISLAND,"SUGARCANE, SUGAR - YIELD, MEASURED IN TONS / ACRE",ALL PRODUCTION PRACTICES,SUGAR,15,ANNUAL,SURVEY,,62,,YIELD,NOT SPECIFIED,AGRICULTURAL DISTRICT,1981,00000000,TOTAL,9000,,CROPS,SUGARCANE,15,YEAR,2012-01-01 00:00:00.000
UNITED STATES,FIELD CROPS,,,00,,00,,89.7,,ALL CLASSES,TONS / ACRE,HI,,HAWAII,"HAWAII, OAHU ISLAND",OAHU ISLAND,"SUGARCANE, SUGAR - YIELD, MEASURED IN TONS / ACRE",ALL PRODUCTION PRACTICES,SUGAR,15,ANNUAL,SURVEY,,62,,YIELD,NOT SPECIFIED,AGRICULTURAL DISTRICT,1980,00000000,TOTAL,9000,,CROPS,SUGARCANE,15,YEAR,2012-01-01 00:00:00.000
UNITED STATES,FIELD CROPS,,001,00,,00,,62.3,HAWAII,ALL CLASSES,TONS / ACRE,HI,,HAWAII,"HAWAII, HAWAII ISLAND, HAWAII",HAWAII ISLAND,"SUGARCANE, SUGAR - YIELD, MEASURED IN TONS / ACRE",ALL PRODUCTION PRACTICES,SUGAR,15,ANNUAL,SURVEY,001,11,,YIELD,NOT SPECIFIED,COUNTY,1996,00000000,TOTAL,9000,,CROPS,SUGARCANE,15,YEAR,2012-01-01 00:00:00.000
UNITED STATES,FIELD CROPS,,001,00,,00,,66.2,HAWAII,ALL CLASSES,TONS / ACRE,HI,,HAWAII,"HAWAII, HAWAII ISLAND, HAWAII",HAWAII ISLAND,"SUGARCANE, SUGAR - YIELD, MEASURED IN TONS / ACRE",ALL PRODUCTION PRACTICES,SUGAR,15,ANNUAL,SURVEY,001,11,,YIELD,NOT SPECIFIED,COUNTY,1995,00000000,TOTAL,9000,,CROPS,SUGARCANE,15,YEAR,2012-01-01 00:00:00.000
UNITED STATES,FIELD CROPS,,001,00,,00,,73.9,HAWAII,ALL CLASSES,TONS / ACRE,HI,,HAWAII,"HAWAII, HAWAII ISLAND, HAWAII",HAWAII ISLAND,"SUGARCANE, SUGAR - YIELD, MEASURED IN TONS / ACRE",ALL PRODUCTION PRACTICES,SUGAR,15,ANNUAL,SURVEY,001,11,,YIELD,NOT SPECIFIED,COUNTY,1994,00000000,TOTAL,9000,,CROPS,SUGARCANE,15,YEAR,2012-01-01 00:00:00.000
UNITED STATES,FIELD CROPS,,001,00,,00,,81.5,HAWAII,ALL CLASSES,TONS / ACRE,HI,,HAWAII,"HAWAII, HAWAII ISLAND, HAWAII",HAWAII ISLAND,"SUGARCANE, SUGAR - YIELD, MEASURED IN TONS / ACRE",ALL PRODUCTION PRACTICES,SUGAR,15,ANNUAL,SURVEY,001,11,,YIELD,NOT SPECIFIED,COUNTY,1993,00000000,TOTAL,9000,,CROPS,SUGARCANE,15,YEAR,2012-01-01 00:00:00.000
UNITED STATES,FIELD CROPS,,001,00,,00,,88.1,HAWAII,ALL CLASSES,TONS / ACRE,HI,,HAWAII,"HAWAII, HAWAII ISLAND, HAWAII",HAWAII ISLAND,"SUGARCANE, SUGAR - YIELD, MEASURED IN TONS / ACRE",ALL PRODUCTION PRACTICES,SUGAR,15,ANNUAL,SURVEY,001,11,,YIELD,NOT SPECIFIED,COUNTY,1992,00000000,TOTAL,9000,,CROPS,SUGARCANE,15,YEAR,2012-01-01 00:00:00.000
UNITED STATES,FIELD CROPS,,001,00,,00,,95.3,HAWAII,ALL CLASSES,TONS / ACRE,HI,,HAWAII,"HAWAII, HAWAII ISLAND, HAWAII",HAWAII ISLAND,"SUGARCANE, SUGAR - YIELD, MEASURED IN TONS / ACRE",ALL PRODUCTION PRACTICES,SUGAR,15,ANNUAL,SURVEY,001,11,,YIELD,NOT SPECIFIED,COUNTY,1991,00000000,TOTAL,9000,,CROPS,SUGARCANE,15,YEAR,2012-01-01 00:00:00.000
UNITED STATES,FIELD CROPS,,001,00,,00,,94.4,HAWAII,ALL CLASSES,TONS / ACRE,HI,,HAWAII,"HAWAII, HAWAII ISLAND, HAWAII",HAWAII ISLAND,"SUGARCANE, SUGAR - YIELD, MEASURED IN TONS / ACRE",ALL PRODUCTION PRACTICES,SUGAR,15,ANNUAL,SURVEY,001,11,,YIELD,NOT SPECIFIED,COUNTY,1990,00000000,TOTAL,9000,,CROPS,SUGARCANE,15,YEAR,2012-01-01 00:00:00.000
UNITED STATES,FIELD CROPS,,001,00,,00,,92.2,HAWAII,ALL CLASSES,TONS / ACRE,HI,,HAWAII,"HAWAII, HAWAII ISLAND, HAWAII",HAWAII ISLAND,"SUGARCANE, SUGAR - YIELD, MEASURED IN TONS / ACRE",ALL PRODUCTION PRACTICES,SUGAR,15,ANNUAL,SURVEY,001,11,,YIELD,NOT SPECIFIED,COUNTY,1989,00000000,TOTAL,9000,,CROPS,SUGARCANE,15,YEAR,2012-01-01 00:00:00.000
UNITED STATES,FIELD CROPS,,001,00,,00,,87.8,HAWAII,ALL CLASSES,TONS / ACRE,HI,,HAWAII,"HAWAII, HAWAII ISLAND, HAWAII",HAWAII ISLAND,"SUGARCANE, SUGAR - YIELD, MEASURED IN TONS / ACRE",ALL PRODUCTION PRACTICES,SUGAR,15,ANNUAL,SURVEY,001,11,,YIELD,NOT SPECIFIED,COUNTY,1988,00000000,TOTAL,9000,,CROPS,SUGARCANE,15,YEAR,2012-01-01 00:00:00.000
UNITED STATES,FIELD CROPS,,001,00,,00,,90.4,HAWAII,ALL CLASSES,TONS / ACRE,HI,,HAWAII,"HAWAII, HAWAII ISLAND, HAWAII",HAWAII ISLAND,"SUGARCANE, SUGAR - YIELD, MEASURED IN TONS / ACRE",ALL PRODUCTION PRACTICES,SUGAR,15,ANNUAL,SURVEY,001,11,,YIELD,NOT SPECIFIED,COUNTY,1987,00000000,TOTAL,9000,,CROPS,SUGARCANE,15,YEAR,2012-01-01 00:00:00.000
UNITED STATES,FIELD CROPS,,001,00,,00,,97.5,HAWAII,ALL CLASSES,TONS / ACRE,HI,,HAWAII,"HAWAII, HAWAII ISLAND, HAWAII",HAWAII ISLAND,"SUGARCANE, SUGAR - YIELD, MEASURED IN TONS / ACRE",ALL PRODUCTION PRACTICES,SUGAR,15,ANNUAL,SURVEY,001,11,,YIELD,NOT SPECIFIED,COUNTY,1986,00000000,TOTAL,9000,,CROPS,SUGARCANE,15,YEAR,2012-01-01 00:00:00.000
UNITED STATES,FIELD CROPS,,001,00,,00,,93.6,HAWAII,ALL CLASSES,TONS / ACRE,HI,,HAWAII,"HAWAII, HAWAII ISLAND, HAWAII",HAWAII ISLAND,"SUGARCANE, SUGAR - YIELD, MEASURED IN TONS / ACRE",ALL PRODUCTION PRACTICES,SUGAR,15,ANNUAL,SURVEY,001,11,,YIELD,NOT SPECIFIED,COUNTY,1985,00000000,TOTAL,9000,,CROPS,SUGARCANE,15,YEAR,2012-01-01 00:00:00.000
UNITED STATES,FIELD CROPS,,001,00,,00,,101.8,HAWAII,ALL CLASSES,TONS / ACRE,HI,,HAWAII,"HAWAII, HAWAII ISLAND, HAWAII",HAWAII ISLAND,"SUGARCANE, SUGAR - YIELD, MEASURED IN TONS / ACRE",ALL PRODUCTION PRACTICES,SUGAR,15,ANNUAL,SURVEY,001,11,,YIELD,NOT SPECIFIED,COUNTY,1984,00000000,TOTAL,9000,,CROPS,SUGARCANE,15,YEAR,2012-01-01 00:00:00.000
UNITED STATES,FIELD CROPS,,001,00,,00,,107.6,HAWAII,ALL CLASSES,TONS / ACRE,HI,,HAWAII,"HAWAII, HAWAII ISLAND, HAWAII",HAWAII ISLAND,"SUGARCANE, SUGAR - YIELD, MEASURED IN TONS / ACRE",ALL PRODUCTION PRACTICES,SUGAR,15,ANNUAL,SURVEY,001,11,,YIELD,NOT SPECIFIED,COUNTY,1983,00000000,TOTAL,9000,,CROPS,SUGARCANE,15,YEAR,2012-01-01 00:00:00.000
UNITED STATES,FIELD CROPS,,001,00,,00,,107.7,HAWAII,ALL CLASSES,TONS / ACRE,HI,,HAWAII,"HAWAII, HAWAII ISLAND, HAWAII",HAWAII ISLAND,"SUGARCANE, SUGAR - YIELD, MEASURED IN TONS / ACRE",ALL PRODUCTION PRACTICES,SUGAR,15,ANNUAL,SURVEY,001,11,,YIELD,NOT SPECIFIED,COUNTY,1982,00000000,TOTAL,9000,,CROPS,SUGARCANE,15,YEAR,2012-01-01 00:00:00.000
UNITED STATES,FIELD CROPS,,001,00,,00,,91.3,HAWAII,ALL CLASSES,TONS / ACRE,HI,,HAWAII,"HAWAII, HAWAII ISLAND, HAWAII",HAWAII ISLAND,"SUGARCANE, SUGAR - YIELD, MEASURED IN TONS / ACRE",ALL PRODUCTION PRACTICES,SUGAR,15,ANNUAL,SURVEY,001,11,,YIELD,NOT SPECIFIED,COUNTY,1981,00000000,TOTAL,9000,,CROPS,SUGARCANE,15,YEAR,2012-01-01 00:00:00.000
UNITED STATES,FIELD CROPS,,001,00,,00,,99.4,HAWAII,ALL CLASSES,TONS / ACRE,HI,,HAWAII,"HAWAII, HAWAII ISLAND, HAWAII",HAWAII ISLAND,"SUGARCANE, SUGAR - YIELD, MEASURED IN TONS / ACRE",ALL PRODUCTION PRACTICES,SUGAR,15,ANNUAL,SURVEY,001,11,,YIELD,NOT SPECIFIED,COUNTY,1980,00000000,TOTAL,9000,,CROPS,SUGARCANE,15,YEAR,2012-01-01 00:00:00.000
UNITED STATES,FIELD CROPS,,001,00,,00,,102.4,HAWAII,ALL CLASSES,TONS / ACRE,HI,,HAWAII,"HAWAII, HAWAII ISLAND, HAWAII",HAWAII ISLAND,"SUGARCANE, SUGAR - YIELD, MEASURED IN TONS / ACRE",ALL PRODUCTION PRACTICES,SUGAR,15,ANNUAL,SURVEY,001,11,,YIELD,NOT SPECIFIED,COUNTY,1979,00000000,TOTAL,9000,,CROPS,SUGARCANE,15,YEAR,2012-01-01 00:00:00.000
UNITED STATES,FIELD CROPS,,001,00,,00,,102.5,HAWAII,ALL CLASSES,TONS / ACRE,HI,,HAWAII,"HAWAII, HAWAII ISLAND, HAWAII",HAWAII ISLAND,"SUGARCANE, SUGAR - YIELD, MEASURED IN TONS / ACRE",ALL PRODUCTION PRACTICES,SUGAR,15,ANNUAL,SURVEY,001,11,,YIELD,NOT SPECIFIED,COUNTY,1978,00000000,TOTAL,9000,,CROPS,SUGARCANE,15,YEAR,2012-01-01 00:00:00.000
UNITED STATES,FIELD CROPS,,001,00,,00,,101.3,HAWAII,ALL CLASSES,TONS / ACRE,HI,,HAWAII,"HAWAII, HAWAII ISLAND, HAWAII",HAWAII ISLAND,"SUGARCANE, SUGAR - YIELD, MEASURED IN TONS / ACRE",ALL PRODUCTION PRACTICES,SUGAR,15,ANNUAL,SURVEY,001,11,,YIELD,NOT SPECIFIED,COUNTY,1977,00000000,TOTAL,9000,,CROPS,SUGARCANE,15,YEAR,2012-01-01 00:00:00.000
UNITED STATES,FIELD CROPS,,007,00,,00,,68.8,KAUAI,ALL CLASSES,TONS / ACRE,HI,,HAWAII,"HAWAII, KAUAI AND NIIHAU ISLANDS, KAUAI",KAUAI AND NIIHAU ISLANDS,"SUGARCANE, SUGAR - YIELD, MEASURED IN TONS / ACRE",ALL PRODUCTION PRACTICES,SUGAR,15,ANNUAL,SURVEY,007,24,,YIELD,NOT SPECIFIED,COUNTY,2009,00000000,TOTAL,9000,,CROPS,SUGARCANE,15,YEAR,2012-01-01 00:00:00.000
UNITED STATES,FIELD CROPS,,007,00,,00,,88.6,KAUAI,ALL CLASSES,TONS / ACRE,HI,,HAWAII,"HAWAII, KAUAI AND NIIHAU ISLANDS, KAUAI",KAUAI AND NIIHAU ISLANDS,"SUGARCANE, SUGAR - YIELD, MEASURED IN TONS / ACRE",ALL PRODUCTION PRACTICES,SUGAR,15,ANNUAL,SURVEY,007,24,,YIELD,NOT SPECIFIED,COUNTY,2008,00000000,TOTAL,9000,,CROPS,SUGARCANE,15,YEAR,2012-01-01 00:00:00.000
UNITED STATES,FIELD CROPS,,007,00,,00,,86.6,KAUAI,ALL CLASSES,TONS / ACRE,HI,,HAWAII,"HAWAII, KAUAI AND NIIHAU ISLANDS, KAUAI",KAUAI AND NIIHAU ISLANDS,"SUGARCANE, SUGAR - YIELD, MEASURED IN TONS / ACRE",ALL PRODUCTION PRACTICES,SUGAR,15,ANNUAL,SURVEY,007,24,,YIELD,NOT SPECIFIED,COUNTY,2007,00000000,TOTAL,9000,,CROPS,SUGARCANE,15,YEAR,2012-01-01 00:00:00.000
UNITED STATES,FIELD CROPS,,007,00,,00,,83.1,KAUAI,ALL CLASSES,TONS / ACRE,HI,,HAWAII,"HAWAII, KAUAI AND NIIHAU ISLANDS, KAUAI",KAUAI AND NIIHAU ISLANDS,"SUGARCANE, SUGAR - YIELD, MEASURED IN TONS / ACRE",ALL PRODUCTION PRACTICES,SUGAR,15,ANNUAL,SURVEY,007,24,,YIELD,NOT SPECIFIED,COUNTY,2006,00000000,TOTAL,9000,,CROPS,SUGARCANE,15,YEAR,2012-01-01 00:00:00.000
UNITED STATES,FIELD CROPS,,007,00,,00,,82.7,KAUAI,ALL CLASSES,TONS / ACRE,HI,,HAWAII,"HAWAII, KAUAI AND NIIHAU ISLANDS, KAUAI",KAUAI AND NIIHAU ISLANDS,"SUGARCANE, SUGAR - YIELD, MEASURED IN TONS / ACRE",ALL PRODUCTION PRACTICES,SUGAR,15,ANNUAL,SURVEY,007,24,,YIELD,NOT SPECIFIED,COUNTY,2005,00000000,TOTAL,9000,,CROPS,SUGARCANE,15,YEAR,2012-01-01 00:00:00.000
UNITED STATES,FIELD CROPS,,007,00,,00,,87.8,KAUAI,ALL CLASSES,TONS / ACRE,HI,,HAWAII,"HAWAII, KAUAI AND NIIHAU ISLANDS, KAUAI",KAUAI AND NIIHAU ISLANDS,"SUGARCANE, SUGAR - YIELD, MEASURED IN TONS / ACRE",ALL PRODUCTION PRACTICES,SUGAR,15,ANNUAL,SURVEY,007,24,,YIELD,NOT SPECIFIED,COUNTY,2004,00000000,TOTAL,9000,,CROPS,SUGARCANE,15,YEAR,2012-01-01 00:00:00.000
UNITED STATES,FIELD CROPS,,007,00,,00,,92.6,KAUAI,ALL CLASSES,TONS / ACRE,HI,,HAWAII,"HAWAII, KAUAI AND NIIHAU ISLANDS, KAUAI",KAUAI AND NIIHAU ISLANDS,"SUGARCANE, SUGAR - YIELD, MEASURED IN TONS / ACRE",ALL PRODUCTION PRACTICES,SUGAR,15,ANNUAL,SURVEY,007,24,,YIELD,NOT SPECIFIED,COUNTY,2003,00000000,TOTAL,9000,,CROPS,SUGARCANE,15,YEAR,2012-01-01 00:00:00.000
UNITED STATES,FIELD CROPS,,007,00,,00,,86.5,KAUAI,ALL CLASSES,TONS / ACRE,HI,,HAWAII,"HAWAII, KAUAI AND NIIHAU ISLANDS, KAUAI",KAUAI AND NIIHAU ISLANDS,"SUGARCANE, SUGAR - YIELD, MEASURED IN TONS / ACRE",ALL PRODUCTION PRACTICES,SUGAR,15,ANNUAL,SURVEY,007,24,,YIELD,NOT SPECIFIED,COUNTY,2002,00000000,TOTAL,9000,,CROPS,SUGARCANE,15,YEAR,2012-01-01 00:00:00.000
UNITED STATES,FIELD CROPS,,007,00,,00,,92.1,KAUAI,ALL CLASSES,TONS / ACRE,HI,,HAWAII,"HAWAII, KAUAI AND NIIHAU ISLANDS, KAUAI",KAUAI AND NIIHAU ISLANDS,"SUGARCANE, SUGAR - YIELD, MEASURED IN TONS / ACRE",ALL PRODUCTION PRACTICES,SUGAR,15,ANNUAL,SURVEY,007,24,,YIELD,NOT SPECIFIED,COUNTY,2001,00000000,TOTAL,9000,,CROPS,SUGARCANE,15,YEAR,2012-01-01 00:00:00.000
UNITED STATES,FIELD CROPS,,007,00,,00,,55.2,KAUAI,ALL CLASSES,TONS / ACRE,HI,,HAWAII,"HAWAII, KAUAI AND NIIHAU ISLANDS, KAUAI",KAUAI AND NIIHAU ISLANDS,"SUGARCANE, SUGAR - YIELD, MEASURED IN TONS / ACRE",ALL PRODUCTION PRACTICES,SUGAR,15,ANNUAL,SURVEY,007,24,,YIELD,NOT SPECIFIED,COUNTY,2000,00000000,TOTAL,9000,,CROPS,SUGARCANE,15,YEAR,2012-01-01 00:00:00.000
UNITED STATES,FIELD CROPS,,007,00,,00,,66,KAUAI,ALL CLASSES,TONS / ACRE,HI,,HAWAII,"HAWAII, KAUAI AND NIIHAU ISLANDS, KAUAI",KAUAI AND NIIHAU ISLANDS,"SUGARCANE, SUGAR - YIELD, MEASURED IN TONS / ACRE",ALL PRODUCTION PRACTICES,SUGAR,15,ANNUAL,SURVEY,007,24,,YIELD,NOT SPECIFIED,COUNTY,1999,00000000,TOTAL,9000,,CROPS,SUGARCANE,15,YEAR,2012-01-01 00:00:00.000
UNITED STATES,FIELD CROPS,,007,00,,00,,83.5,KAUAI,ALL CLASSES,TONS / ACRE,HI,,HAWAII,"HAWAII, KAUAI AND NIIHAU ISLANDS, KAUAI",KAUAI AND NIIHAU ISLANDS,"SUGARCANE, SUGAR - YIELD, MEASURED IN TONS / ACRE",ALL PRODUCTION PRACTICES,SUGAR,15,ANNUAL,SURVEY,007,24,,YIELD,NOT SPECIFIED,COUNTY,1998,00000000,TOTAL,9000,,CROPS,SUGARCANE,15,YEAR,2012-01-01 00:00:00.000
UNITED STATES,FIELD CROPS,,007,00,,00,,92.8,KAUAI,ALL CLASSES,TONS / ACRE,HI,,HAWAII,"HAWAII, KAUAI AND NIIHAU ISLANDS, KAUAI",KAUAI AND NIIHAU ISLANDS,"SUGARCANE, SUGAR - YIELD, MEASURED IN TONS / ACRE",ALL PRODUCTION PRACTICES,SUGAR,15,ANNUAL,SURVEY,007,24,,YIELD,NOT SPECIFIED,COUNTY,1997,00000000,TOTAL,9000,,CROPS,SUGARCANE,15,YEAR,2012-01-01 00:00:00.000
UNITED STATES,FIELD CROPS,,007,00,,00,,81,KAUAI,ALL CLASSES,TONS / ACRE,HI,,HAWAII,"HAWAII, KAUAI AND NIIHAU ISLANDS, KAUAI",KAUAI AND NIIHAU ISLANDS,"SUGARCANE, SUGAR - YIELD, MEASURED IN TONS / ACRE",ALL PRODUCTION PRACTICES,SUGAR,15,ANNUAL,SURVEY,007,24,,YIELD,NOT SPECIFIED,COUNTY,1996,00000000,TOTAL,9000,,CROPS,SUGARCANE,15,YEAR,2012-01-01 00:00:00.000
UNITED STATES,FIELD CROPS,,007,00,,00,,81.2,KAUAI,ALL CLASSES,TONS / ACRE,HI,,HAWAII,"HAWAII, KAUAI AND NIIHAU ISLANDS, KAUAI",KAUAI AND NIIHAU ISLANDS,"SUGARCANE, SUGAR - YIELD, MEASURED IN TONS / ACRE",ALL PRODUCTION PRACTICES,SUGAR,15,ANNUAL,SURVEY,007,24,,YIELD,NOT SPECIFIED,COUNTY,1995,00000000,TOTAL,9000,,CROPS,SUGARCANE,15,YEAR,2012-01-01 00:00:00.000
UNITED STATES,FIELD CROPS,,007,00,,00,,71.8,KAUAI,ALL CLASSES,TONS / ACRE,HI,,HAWAII,"HAWAII, KAUAI AND NIIHAU ISLANDS, KAUAI",KAUAI AND NIIHAU ISLANDS,"SUGARCANE, SUGAR - YIELD, MEASURED IN TONS / ACRE",ALL PRODUCTION PRACTICES,SUGAR,15,ANNUAL,SURVEY,007,24,,YIELD,NOT SPECIFIED,COUNTY,1994,00000000,TOTAL,9000,,CROPS,SUGARCANE,15,YEAR,2012-01-01 00:00:00.000
UNITED STATES,FIELD CROPS,,007,00,,00,,65.8,KAUAI,ALL CLASSES,TONS / ACRE,HI,,HAWAII,"HAWAII, KAUAI AND NIIHAU ISLANDS, KAUAI",KAUAI AND NIIHAU ISLANDS,"SUGARCANE, SUGAR - YIELD, MEASURED IN TONS / ACRE",ALL PRODUCTION PRACTICES,SUGAR,15,ANNUAL,SURVEY,007,24,,YIELD,NOT SPECIFIED,COUNTY,1993,00000000,TOTAL,9000,,CROPS,SUGARCANE,15,YEAR,2012-01-01 00:00:00.000
UNITED STATES,FIELD CROPS,,007,00,,00,,74.9,KAUAI,ALL CLASSES,TONS / ACRE,HI,,HAWAII,"HAWAII, KAUAI AND NIIHAU ISLANDS, KAUAI",KAUAI AND NIIHAU ISLANDS,"SUGARCANE, SUGAR - YIELD, MEASURED IN TONS / ACRE",ALL PRODUCTION PRACTICES,SUGAR,15,ANNUAL,SURVEY,007,24,,YIELD,NOT SPECIFIED,COUNTY,1992,00000000,TOTAL,9000,,CROPS,SUGARCANE,15,YEAR,2012-01-01 00:00:00.000
UNITED STATES,FIELD CROPS,,007,00,,00,,73.9,KAUAI,ALL CLASSES,TONS / ACRE,HI,,HAWAII,"HAWAII, KAUAI AND NIIHAU ISLANDS, KAUAI",KAUAI AND NIIHAU ISLANDS,"SUGARCANE, SUGAR - YIELD, MEASURED IN TONS / ACRE",ALL PRODUCTION PRACTICES,SUGAR,15,ANNUAL,SURVEY,007,24,,YIELD,NOT SPECIFIED,COUNTY,1991,00000000,TOTAL,9000,,CROPS,SUGARCANE,15,YEAR,2012-01-01 00:00:00.000
UNITED STATES,FIELD CROPS,,007,00,,00,,79.9,KAUAI,ALL CLASSES,TONS / ACRE,HI,,HAWAII,"HAWAII, KAUAI AND NIIHAU ISLANDS, KAUAI",KAUAI AND NIIHAU ISLANDS,"SUGARCANE, SUGAR - YIELD, MEASURED IN TONS / ACRE",ALL PRODUCTION PRACTICES,SUGAR,15,ANNUAL,SURVEY,007,24,,YIELD,NOT SPECIFIED,COUNTY,1990,00000000,TOTAL,9000,,CROPS,SUGARCANE,15,YEAR,2012-01-01 00:00:00.000
UNITED STATES,FIELD CROPS,,007,00,,00,,89.6,KAUAI,ALL CLASSES,TONS / ACRE,HI,,HAWAII,"HAWAII, KAUAI AND NIIHAU ISLANDS, KAUAI",KAUAI AND NIIHAU ISLANDS,"SUGARCANE, SUGAR - YIELD, MEASURED IN TONS / ACRE",ALL PRODUCTION PRACTICES,SUGAR,15,ANNUAL,SURVEY,007,24,,YIELD,NOT SPECIFIED,COUNTY,1989,00000000,TOTAL,9000,,CROPS,SUGARCANE,15,YEAR,2012-01-01 00:00:00.000
UNITED STATES,FIELD CROPS,,007,00,,00,,99.5,KAUAI,ALL CLASSES,TONS / ACRE,HI,,HAWAII,"HAWAII, KAUAI AND NIIHAU ISLANDS, KAUAI",KAUAI AND NIIHAU ISLANDS,"SUGARCANE, SUGAR - YIELD, MEASURED IN TONS / ACRE",ALL PRODUCTION PRACTICES,SUGAR,15,ANNUAL,SURVEY,007,24,,YIELD,NOT SPECIFIED,COUNTY,1988,00000000,TOTAL,9000,,CROPS,SUGARCANE,15,YEAR,2012-01-01 00:00:00.000
UNITED STATES,FIELD CROPS,,007,00,,00,,103.4,KAUAI,ALL CLASSES,TONS / ACRE,HI,,HAWAII,"HAWAII, KAUAI AND NIIHAU ISLANDS, KAUAI",KAUAI AND NIIHAU ISLANDS,"SUGARCANE, SUGAR - YIELD, MEASURED IN TONS / ACRE",ALL PRODUCTION PRACTICES,SUGAR,15,ANNUAL,SURVEY,007,24,,YIELD,NOT SPECIFIED,COUNTY,1987,00000000,TOTAL,9000,,CROPS,SUGARCANE,15,YEAR,2012-01-01 00:00:00.000
UNITED STATES,FIELD CROPS,,007,00,,00,,94.6,KAUAI,ALL CLASSES,TONS / ACRE,HI,,HAWAII,"HAWAII, KAUAI AND NIIHAU ISLANDS, KAUAI",KAUAI AND NIIHAU ISLANDS,"SUGARCANE, SUGAR - YIELD, MEASURED IN TONS / ACRE",ALL PRODUCTION PRACTICES,SUGAR,15,ANNUAL,SURVEY,007,24,,YIELD,NOT SPECIFIED,COUNTY,1986,00000000,TOTAL,9000,,CROPS,SUGARCANE,15,YEAR,2012-01-01 00:00:00.000
UNITED STATES,FIELD CROPS,,007,00,,00,,85.8,KAUAI,ALL CLASSES,TONS / ACRE,HI,,HAWAII,"HAWAII, KAUAI AND NIIHAU ISLANDS, KAUAI",KAUAI AND NIIHAU ISLANDS,"SUGARCANE, SUGAR - YIELD, MEASURED IN TONS / ACRE",ALL PRODUCTION PRACTICES,SUGAR,15,ANNUAL,SURVEY,007,24,,YIELD,NOT SPECIFIED,COUNTY,1985,00000000,TOTAL,9000,,CROPS,SUGARCANE,15,YEAR,2012-01-01 00:00:00.000
UNITED STATES,FIELD CROPS,,007,00,,00,,76.1,KAUAI,ALL CLASSES,TONS / ACRE,HI,,HAWAII,"HAWAII, KAUAI AND NIIHAU ISLANDS, KAUAI",KAUAI AND NIIHAU ISLANDS,"SUGARCANE, SUGAR - YIELD, MEASURED IN TONS / ACRE",ALL PRODUCTION PRACTICES,SUGAR,15,ANNUAL,SURVEY,007,24,,YIELD,NOT SPECIFIED,COUNTY,1984,00000000,TOTAL,9000,,CROPS,SUGARCANE,15,YEAR,2012-01-01 00:00:00.000
UNITED STATES,FIELD CROPS,,007,00,,00,,79,KAUAI,ALL CLASSES,TONS / ACRE,HI,,HAWAII,"HAWAII, KAUAI AND NIIHAU ISLANDS, KAUAI",KAUAI AND NIIHAU ISLANDS,"SUGARCANE, SUGAR - YIELD, MEASURED IN TONS / ACRE",ALL PRODUCTION PRACTICES,SUGAR,15,ANNUAL,SURVEY,007,24,,YIELD,NOT SPECIFIED,COUNTY,1983,00000000,TOTAL,9000,,CROPS,SUGARCANE,15,YEAR,2012-01-01 00:00:00.000
UNITED STATES,FIELD CROPS,,007,00,,00,,89.4,KAUAI,ALL CLASSES,TONS / ACRE,HI,,HAWAII,"HAWAII, KAUAI AND NIIHAU ISLANDS, KAUAI",KAUAI AND NIIHAU ISLANDS,"SUGARCANE, SUGAR - YIELD, MEASURED IN TONS / ACRE",ALL PRODUCTION PRACTICES,SUGAR,15,ANNUAL,SURVEY,007,24,,YIELD,NOT SPECIFIED,COUNTY,1982,00000000,TOTAL,9000,,CROPS,SUGARCANE,15,YEAR,2012-01-01 00:00:00.000
UNITED STATES,FIELD CROPS,,007,00,,00,,89.4,KAUAI,ALL CLASSES,TONS / ACRE,HI,,HAWAII,"HAWAII, KAUAI AND NIIHAU ISLANDS, KAUAI",KAUAI AND NIIHAU ISLANDS,"SUGARCANE, SUGAR - YIELD, MEASURED IN TONS / ACRE",ALL PRODUCTION PRACTICES,SUGAR,15,ANNUAL,SURVEY,007,24,,YIELD,NOT SPECIFIED,COUNTY,1981,00000000,TOTAL,9000,,CROPS,SUGARCANE,15,YEAR,2012-01-01 00:00:00.000
UNITED STATES,FIELD CROPS,,007,00,,00,,83.2,KAUAI,ALL CLASSES,TONS / ACRE,HI,,HAWAII,"HAWAII, KAUAI AND NIIHAU ISLANDS, KAUAI",KAUAI AND NIIHAU ISLANDS,"SUGARCANE, SUGAR - YIELD, MEASURED IN TONS / ACRE",ALL PRODUCTION PRACTICES,SUGAR,15,ANNUAL,SURVEY,007,24,,YIELD,NOT SPECIFIED,COUNTY,1980,00000000,TOTAL,9000,,CROPS,SUGARCANE,15,YEAR,2012-01-01 00:00:00.000
UNITED STATES,FIELD CROPS,,007,00,,00,,85.9,KAUAI,ALL CLASSES,TONS / ACRE,HI,,HAWAII,"HAWAII, KAUAI AND NIIHAU ISLANDS, KAUAI",KAUAI AND NIIHAU ISLANDS,"SUGARCANE, SUGAR - YIELD, MEASURED IN TONS / ACRE",ALL PRODUCTION PRACTICES,SUGAR,15,ANNUAL,SURVEY,007,24,,YIELD,NOT SPECIFIED,COUNTY,1979,00000000,TOTAL,9000,,CROPS,SUGARCANE,15,YEAR,2012-01-01 00:00:00.000
UNITED STATES,FIELD CROPS,,007,00,,00,,86.7,KAUAI,ALL CLASSES,TONS / ACRE,HI,,HAWAII,"HAWAII, KAUAI AND NIIHAU ISLANDS, KAUAI",KAUAI AND NIIHAU ISLANDS,"SUGARCANE, SUGAR - YIELD, MEASURED IN TONS / ACRE",ALL PRODUCTION PRACTICES,SUGAR,15,ANNUAL,SURVEY,007,24,,YIELD,NOT SPECIFIED,COUNTY,1978,00000000,TOTAL,9000,,CROPS,SUGARCANE,15,YEAR,2012-01-01 00:00:00.000
UNITED STATES,FIELD CROPS,,007,00,,00,,84.6,KAUAI,ALL CLASSES,TONS / ACRE,HI,,HAWAII,"HAWAII, KAUAI AND NIIHAU ISLANDS, KAUAI",KAUAI AND NIIHAU ISLANDS,"SUGARCANE, SUGAR - YIELD, MEASURED IN TONS / ACRE",ALL PRODUCTION PRACTICES,SUGAR,15,ANNUAL,SURVEY,007,24,,YIELD,NOT SPECIFIED,COUNTY,1977,00000000,TOTAL,9000,,CROPS,SUGARCANE,15,YEAR,2012-01-01 00:00:00.000
UNITED STATES,FIELD CROPS,,009,00,,00,,86.2,MAUI & KALAWAO,ALL CLASSES,TONS / ACRE,HI,,HAWAII,"HAWAII, MAUI, MOLOKAI & LANAI ISLAND, MAUI & KALAWAO","MAUI, MOLOKAI & LANAI ISLAND","SUGARCANE, SUGAR - YIELD, MEASURED IN TONS / ACRE",ALL PRODUCTION PRACTICES,SUGAR,15,ANNUAL,SURVEY,009,35,,YIELD,NOT SPECIFIED,COUNTY,2016,00000000,TOTAL,9000,,CROPS,SUGARCANE,15,YEAR,2017-06-01 15:00:06.000
UNITED STATES,FIELD CROPS,,009,00,,00,,88.3,MAUI & KALAWAO,ALL CLASSES,TONS / ACRE,HI,,HAWAII,"HAWAII, MAUI, MOLOKAI & LANAI ISLAND, MAUI & KALAWAO","MAUI, MOLOKAI & LANAI ISLAND","SUGARCANE, SUGAR - YIELD, MEASURED IN TONS / ACRE",ALL PRODUCTION PRACTICES,SUGAR,15,ANNUAL,SURVEY,009,35,,YIELD,NOT SPECIFIED,COUNTY,2015,00000000,TOTAL,9000,,CROPS,SUGARCANE,15,YEAR,2017-06-01 15:00:06.000
UNITED STATES,FIELD CROPS,,009,00,,00,,88.8,MAUI & KALAWAO,ALL CLASSES,TONS / ACRE,HI,,HAWAII,"HAWAII, MAUI, MOLOKAI & LANAI ISLAND, MAUI & KALAWAO","MAUI, MOLOKAI & LANAI ISLAND","SUGARCANE, SUGAR - YIELD, MEASURED IN TONS / ACRE",ALL PRODUCTION PRACTICES,SUGAR,15,ANNUAL,SURVEY,009,35,,YIELD,NOT SPECIFIED,COUNTY,2014,00000000,TOTAL,9000,,CROPS,SUGARCANE,15,YEAR,2016-07-21 15:31:05.000
UNITED STATES,FIELD CROPS,,009,00,,00,,87.2,MAUI & KALAWAO,ALL CLASSES,TONS / ACRE,HI,,HAWAII,"HAWAII, MAUI, MOLOKAI & LANAI ISLAND, MAUI & KALAWAO","MAUI, MOLOKAI & LANAI ISLAND","SUGARCANE, SUGAR - YIELD, MEASURED IN TONS / ACRE",ALL PRODUCTION PRACTICES,SUGAR,15,ANNUAL,SURVEY,009,35,,YIELD,NOT SPECIFIED,COUNTY,2013,00000000,TOTAL,9000,,CROPS,SUGARCANE,15,YEAR,2014-07-17 15:17:11.000
UNITED STATES,FIELD CROPS,,009,00,,00,,79.4,MAUI & KALAWAO,ALL CLASSES,TONS / ACRE,HI,,HAWAII,"HAWAII, MAUI, MOLOKAI & LANAI ISLAND, MAUI & KALAWAO","MAUI, MOLOKAI & LANAI ISLAND","SUGARCANE, SUGAR - YIELD, MEASURED IN TONS / ACRE",ALL PRODUCTION PRACTICES,SUGAR,15,ANNUAL,SURVEY,009,35,,YIELD,NOT SPECIFIED,COUNTY,2012,00000000,TOTAL,9000,,CROPS,SUGARCANE,15,YEAR,2013-07-18 15:13:46.000
UNITED STATES,FIELD CROPS,,009,00,,00,,85.2,MAUI & KALAWAO,ALL CLASSES,TONS / ACRE,HI,,HAWAII,"HAWAII, MAUI, MOLOKAI & LANAI ISLAND, MAUI & KALAWAO","MAUI, MOLOKAI & LANAI ISLAND","SUGARCANE, SUGAR - YIELD, MEASURED IN TONS / ACRE",ALL PRODUCTION PRACTICES,SUGAR,15,ANNUAL,SURVEY,009,35,,YIELD,NOT SPECIFIED,COUNTY,2011,00000000,TOTAL,9000,,CROPS,SUGARCANE,15,YEAR,2011-07-19 15:04:26.000
UNITED STATES,FIELD CROPS,,009,00,,00,,77.1,MAUI & KALAWAO,ALL CLASSES,TONS / ACRE,HI,,HAWAII,"HAWAII, MAUI, MOLOKAI & LANAI ISLAND, MAUI & KALAWAO","MAUI, MOLOKAI & LANAI ISLAND","SUGARCANE, SUGAR - YIELD, MEASURED IN TONS / ACRE",ALL PRODUCTION PRACTICES,SUGAR,15,ANNUAL,SURVEY,009,35,,YIELD,NOT SPECIFIED,COUNTY,2010,00000000,TOTAL,9000,,CROPS,SUGARCANE,15,YEAR,2010-07-20 15:55:43.000
UNITED STATES,FIELD CROPS,,009,00,,00,,64.5,MAUI & KALAWAO,ALL CLASSES,TONS / ACRE,HI,,HAWAII,"HAWAII, MAUI, MOLOKAI & LANAI ISLAND, MAUI & KALAWAO","MAUI, MOLOKAI & LANAI ISLAND","SUGARCANE, SUGAR - YIELD, MEASURED IN TONS / ACRE",ALL PRODUCTION PRACTICES,SUGAR,15,ANNUAL,SURVEY,009,35,,YIELD,NOT SPECIFIED,COUNTY,2009,00000000,TOTAL,9000,,CROPS,SUGARCANE,15,YEAR,2012-01-01 00:00:00.000
UNITED STATES,FIELD CROPS,,009,00,,00,,65.8,MAUI & KALAWAO,ALL CLASSES,TONS / ACRE,HI,,HAWAII,"HAWAII, MAUI, MOLOKAI & LANAI ISLAND, MAUI & KALAWAO","MAUI, MOLOKAI & LANAI ISLAND","SUGARCANE, SUGAR - YIELD, MEASURED IN TONS / ACRE",ALL PRODUCTION PRACTICES,SUGAR,15,ANNUAL,SURVEY,009,35,,YIELD,NOT SPECIFIED,COUNTY,2008,00000000,TOTAL,9000,,CROPS,SUGARCANE,15,YEAR,2012-01-01 00:00:00.000
UNITED STATES,FIELD CROPS,,009,00,,00,,70.4,MAUI & KALAWAO,ALL CLASSES,TONS / ACRE,HI,,HAWAII,"HAWAII, MAUI, MOLOKAI & LANAI ISLAND, MAUI & KALAWAO","MAUI, MOLOKAI & LANAI ISLAND","SUGARCANE, SUGAR - YIELD, MEASURED IN TONS / ACRE",ALL PRODUCTION PRACTICES,SUGAR,15,ANNUAL,SURVEY,009,35,,YIELD,NOT SPECIFIED,COUNTY,2007,00000000,TOTAL,9000,,CROPS,SUGARCANE,15,YEAR,2012-01-01 00:00:00.000
UNITED STATES,FIELD CROPS,,009,00,,00,,78.3,MAUI & KALAWAO,ALL CLASSES,TONS / ACRE,HI,,HAWAII,"HAWAII, MAUI, MOLOKAI & LANAI ISLAND, MAUI & KALAWAO","MAUI, MOLOKAI & LANAI ISLAND","SUGARCANE, SUGAR - YIELD, MEASURED IN TONS / ACRE",ALL PRODUCTION PRACTICES,SUGAR,15,ANNUAL,SURVEY,009,35,,YIELD,NOT SPECIFIED,COUNTY,2006,00000000,TOTAL,9000,,CROPS,SUGARCANE,15,YEAR,2012-01-01 00:00:00.000
UNITED STATES,FIELD CROPS,,009,00,,00,,80.2,MAUI & KALAWAO,ALL CLASSES,TONS / ACRE,HI,,HAWAII,"HAWAII, MAUI, MOLOKAI & LANAI ISLAND, MAUI & KALAWAO","MAUI, MOLOKAI & LANAI ISLAND","SUGARCANE, SUGAR - YIELD, MEASURED IN TONS / ACRE",ALL PRODUCTION PRACTICES,SUGAR,15,ANNUAL,SURVEY,009,35,,YIELD,NOT SPECIFIED,COUNTY,2005,00000000,TOTAL,9000,,CROPS,SUGARCANE,15,YEAR,2012-01-01 00:00:00.000
UNITED STATES,FIELD CROPS,,009,00,,00,,91.7,MAUI & KALAWAO,ALL CLASSES,TONS / ACRE,HI,,HAWAII,"HAWAII, MAUI, MOLOKAI & LANAI ISLAND, MAUI & KALAWAO","MAUI, MOLOKAI & LANAI ISLAND","SUGARCANE, SUGAR - YIELD, MEASURED IN TONS / ACRE",ALL PRODUCTION PRACTICES,SUGAR,15,ANNUAL,SURVEY,009,35,,YIELD,NOT SPECIFIED,COUNTY,2004,00000000,TOTAL,9000,,CROPS,SUGARCANE,15,YEAR,2012-01-01 00:00:00.000
UNITED STATES,FIELD CROPS,,009,00,,00,,104.5,MAUI & KALAWAO,ALL CLASSES,TONS / ACRE,HI,,HAWAII,"HAWAII, MAUI, MOLOKAI & LANAI ISLAND, MAUI & KALAWAO","MAUI, MOLOKAI & LANAI ISLAND","SUGARCANE, SUGAR - YIELD, MEASURED IN TONS / ACRE",ALL PRODUCTION PRACTICES,SUGAR,15,ANNUAL,SURVEY,009,35,,YIELD,NOT SPECIFIED,COUNTY,2003,00000000,TOTAL,9000,,CROPS,SUGARCANE,15,YEAR,2012-01-01 00:00:00.000
UNITED STATES,FIELD CROPS,,009,00,,00,,102.7,MAUI & KALAWAO,ALL CLASSES,TONS / ACRE,HI,,HAWAII,"HAWAII, MAUI, MOLOKAI & LANAI ISLAND, MAUI & KALAWAO","MAUI, MOLOKAI & LANAI ISLAND","SUGARCANE, SUGAR - YIELD, MEASURED IN TONS / ACRE",ALL PRODUCTION PRACTICES,SUGAR,15,ANNUAL,SURVEY,009,35,,YIELD,NOT SPECIFIED,COUNTY,2002,00000000,TOTAL,9000,,CROPS,SUGARCANE,15,YEAR,2012-01-01 00:00:00.000
UNITED STATES,FIELD CROPS,,009,00,,00,,98.7,MAUI & KALAWAO,ALL CLASSES,TONS / ACRE,HI,,HAWAII,"HAWAII, MAUI, MOLOKAI & LANAI ISLAND, MAUI & KALAWAO","MAUI, MOLOKAI & LANAI ISLAND","SUGARCANE, SUGAR - YIELD, MEASURED IN TONS / ACRE",ALL PRODUCTION PRACTICES,SUGAR,15,ANNUAL,SURVEY,009,35,,YIELD,NOT SPECIFIED,COUNTY,2001,00000000,TOTAL,9000,,CROPS,SUGARCANE,15,YEAR,2012-01-01 00:00:00.000
UNITED STATES,FIELD CROPS,,009,00,,00,,84.9,MAUI & KALAWAO,ALL CLASSES,TONS / ACRE,HI,,HAWAII,"HAWAII, MAUI, MOLOKAI & LANAI ISLAND, MAUI & KALAWAO","MAUI, MOLOKAI & LANAI ISLAND","SUGARCANE, SUGAR - YIELD, MEASURED IN TONS / ACRE",ALL PRODUCTION PRACTICES,SUGAR,15,ANNUAL,SURVEY,009,35,,YIELD,NOT SPECIFIED,COUNTY,2000,00000000,TOTAL,9000,,CROPS,SUGARCANE,15,YEAR,2012-01-01 00:00:00.000
UNITED STATES,FIELD CROPS,,009,00,,00,,91.9,MAUI & KALAWAO,ALL CLASSES,TONS / ACRE,HI,,HAWAII,"HAWAII, MAUI, MOLOKAI & LANAI ISLAND, MAUI & KALAWAO","MAUI, MOLOKAI & LANAI ISLAND","SUGARCANE, SUGAR - YIELD, MEASURED IN TONS / ACRE",ALL PRODUCTION PRACTICES,SUGAR,15,ANNUAL,SURVEY,009,35,,YIELD,NOT SPECIFIED,COUNTY,1999,00000000,TOTAL,9000,,CROPS,SUGARCANE,15,YEAR,2012-01-01 00:00:00.000
UNITED STATES,FIELD CROPS,,009,00,,00,,93.8,MAUI & KALAWAO,ALL CLASSES,TONS / ACRE,HI,,HAWAII,"HAWAII, MAUI, MOLOKAI & LANAI ISLAND, MAUI & KALAWAO","MAUI, MOLOKAI & LANAI ISLAND","SUGARCANE, SUGAR - YIELD, MEASURED IN TONS / ACRE",ALL PRODUCTION PRACTICES,SUGAR,15,ANNUAL,SURVEY,009,35,,YIELD,NOT SPECIFIED,COUNTY,1998,00000000,TOTAL,9000,,CROPS,SUGARCANE,15,YEAR,2012-01-01 00:00:00.000
UNITED STATES,FIELD CROPS,,009,00,,00,,90.6,MAUI & KALAWAO,ALL CLASSES,TONS / ACRE,HI,,HAWAII,"HAWAII, MAUI, MOLOKAI & LANAI ISLAND, MAUI & KALAWAO","MAUI, MOLOKAI & LANAI ISLAND","SUGARCANE, SUGAR - YIELD, MEASURED IN TONS / ACRE",ALL PRODUCTION PRACTICES,SUGAR,15,ANNUAL,SURVEY,009,35,,YIELD,NOT SPECIFIED,COUNTY,1997,00000000,TOTAL,9000,,CROPS,SUGARCANE,15,YEAR,2012-01-01 00:00:00.000
UNITED STATES,FIELD CROPS,,009,00,,00,,84.7,MAUI & KALAWAO,ALL CLASSES,TONS / ACRE,HI,,HAWAII,"HAWAII, MAUI, MOLOKAI & LANAI ISLAND, MAUI & KALAWAO","MAUI, MOLOKAI & LANAI ISLAND","SUGARCANE, SUGAR - YIELD, MEASURED IN TONS / ACRE",ALL PRODUCTION PRACTICES,SUGAR,15,ANNUAL,SURVEY,009,35,,YIELD,NOT SPECIFIED,COUNTY,1996,00000000,TOTAL,9000,,CROPS,SUGARCANE,15,YEAR,2012-01-01 00:00:00.000
UNITED STATES,FIELD CROPS,,009,00,,00,,81.3,MAUI & KALAWAO,ALL CLASSES,TONS / ACRE,HI,,HAWAII,"HAWAII, MAUI, MOLOKAI & LANAI ISLAND, MAUI & KALAWAO","MAUI, MOLOKAI & LANAI ISLAND","SUGARCANE, SUGAR - YIELD, MEASURED IN TONS / ACRE",ALL PRODUCTION PRACTICES,SUGAR,15,ANNUAL,SURVEY,009,35,,YIELD,NOT SPECIFIED,COUNTY,1995,00000000,TOTAL,9000,,CROPS,SUGARCANE,15,YEAR,2012-01-01 00:00:00.000
UNITED STATES,FIELD CROPS,,009,00,,00,,88.7,MAUI & KALAWAO,ALL CLASSES,TONS / ACRE,HI,,HAWAII,"HAWAII, MAUI, MOLOKAI & LANAI ISLAND, MAUI & KALAWAO","MAUI, MOLOKAI & LANAI ISLAND","SUGARCANE, SUGAR - YIELD, MEASURED IN TONS / ACRE",ALL PRODUCTION PRACTICES,SUGAR,15,ANNUAL,SURVEY,009,35,,YIELD,NOT SPECIFIED,COUNTY,1994,00000000,TOTAL,9000,,CROPS,SUGARCANE,15,YEAR,2012-01-01 00:00:00.000
UNITED STATES,FIELD CROPS,,009,00,,00,,96,MAUI & KALAWAO,ALL CLASSES,TONS / ACRE,HI,,HAWAII,"HAWAII, MAUI, MOLOKAI & LANAI ISLAND, MAUI & KALAWAO","MAUI, MOLOKAI & LANAI ISLAND","SUGARCANE, SUGAR - YIELD, MEASURED IN TONS / ACRE",ALL PRODUCTION PRACTICES,SUGAR,15,ANNUAL,SURVEY,009,35,,YIELD,NOT SPECIFIED,COUNTY,1993,00000000,TOTAL,9000,,CROPS,SUGARCANE,15,YEAR,2012-01-01 00:00:00.000
UNITED STATES,FIELD CROPS,,009,00,,00,,90.3,MAUI & KALAWAO,ALL CLASSES,TONS / ACRE,HI,,HAWAII,"HAWAII, MAUI, MOLOKAI & LANAI ISLAND, MAUI & KALAWAO","MAUI, MOLOKAI & LANAI ISLAND","SUGARCANE, SUGAR - YIELD, MEASURED IN TONS / ACRE",ALL PRODUCTION PRACTICES,SUGAR,15,ANNUAL,SURVEY,009,35,,YIELD,NOT SPECIFIED,COUNTY,1992,00000000,TOTAL,9000,,CROPS,SUGARCANE,15,YEAR,2012-01-01 00:00:00.000
UNITED STATES,FIELD CROPS,,009,00,,00,,87.7,MAUI & KALAWAO,ALL CLASSES,TONS / ACRE,HI,,HAWAII,"HAWAII, MAUI, MOLOKAI & LANAI ISLAND, MAUI & KALAWAO","MAUI, MOLOKAI & LANAI ISLAND","SUGARCANE, SUGAR - YIELD, MEASURED IN TONS / ACRE",ALL PRODUCTION PRACTICES,SUGAR,15,ANNUAL,SURVEY,009,35,,YIELD,NOT SPECIFIED,COUNTY,1991,00000000,TOTAL,9000,,CROPS,SUGARCANE,15,YEAR,2012-01-01 00:00:00.000
UNITED STATES,FIELD CROPS,,009,00,,00,,94.2,MAUI & KALAWAO,ALL CLASSES,TONS / ACRE,HI,,HAWAII,"HAWAII, MAUI, MOLOKAI & LANAI ISLAND, MAUI & KALAWAO","MAUI, MOLOKAI & LANAI ISLAND","SUGARCANE, SUGAR - YIELD, MEASURED IN TONS / ACRE",ALL PRODUCTION PRACTICES,SUGAR,15,ANNUAL,SURVEY,009,35,,YIELD,NOT SPECIFIED,COUNTY,1990,00000000,TOTAL,9000,,CROPS,SUGARCANE,15,YEAR,2012-01-01 00:00:00.000
UNITED STATES,FIELD CROPS,,009,00,,00,,98.2,MAUI & KALAWAO,ALL CLASSES,TONS / ACRE,HI,,HAWAII,"HAWAII, MAUI, MOLOKAI & LANAI ISLAND, MAUI & KALAWAO","MAUI, MOLOKAI & LANAI ISLAND","SUGARCANE, SUGAR - YIELD, MEASURED IN TONS / ACRE",ALL PRODUCTION PRACTICES,SUGAR,15,ANNUAL,SURVEY,009,35,,YIELD,NOT SPECIFIED,COUNTY,1989,00000000,TOTAL,9000,,CROPS,SUGARCANE,15,YEAR,2012-01-01 00:00:00.000
UNITED STATES,FIELD CROPS,,009,00,,00,,100.9,MAUI & KALAWAO,ALL CLASSES,TONS / ACRE,HI,,HAWAII,"HAWAII, MAUI, MOLOKAI & LANAI ISLAND, MAUI & KALAWAO","MAUI, MOLOKAI & LANAI ISLAND","SUGARCANE, SUGAR - YIELD, MEASURED IN TONS / ACRE",ALL PRODUCTION PRACTICES,SUGAR,15,ANNUAL,SURVEY,009,35,,YIELD,NOT SPECIFIED,COUNTY,1988,00000000,TOTAL,9000,,CROPS,SUGARCANE,15,YEAR,2012-01-01 00:00:00.000
UNITED STATES,FIELD CROPS,,009,00,,00,,107,MAUI & KALAWAO,ALL CLASSES,TONS / ACRE,HI,,HAWAII,"HAWAII, MAUI, MOLOKAI & LANAI ISLAND, MAUI & KALAWAO","MAUI, MOLOKAI & LANAI ISLAND","SUGARCANE, SUGAR - YIELD, MEASURED IN TONS / ACRE",ALL PRODUCTION PRACTICES,SUGAR,15,ANNUAL,SURVEY,009,35,,YIELD,NOT SPECIFIED,COUNTY,1987,00000000,TOTAL,9000,,CROPS,SUGARCANE,15,YEAR,2012-01-01 00:00:00.000
UNITED STATES,FIELD CROPS,,009,00,,00,,102.8,MAUI & KALAWAO,ALL CLASSES,TONS / ACRE,HI,,HAWAII,"HAWAII, MAUI, MOLOKAI & LANAI ISLAND, MAUI & KALAWAO","MAUI, MOLOKAI & LANAI ISLAND","SUGARCANE, SUGAR - YIELD, MEASURED IN TONS / ACRE",ALL PRODUCTION PRACTICES,SUGAR,15,ANNUAL,SURVEY,009,35,,YIELD,NOT SPECIFIED,COUNTY,1986,00000000,TOTAL,9000,,CROPS,SUGARCANE,15,YEAR,2012-01-01 00:00:00.000
UNITED STATES,FIELD CROPS,,009,00,,00,,98.6,MAUI & KALAWAO,ALL CLASSES,TONS / ACRE,HI,,HAWAII,"HAWAII, MAUI, MOLOKAI & LANAI ISLAND, MAUI & KALAWAO","MAUI, MOLOKAI & LANAI ISLAND","SUGARCANE, SUGAR - YIELD, MEASURED IN TONS / ACRE",ALL PRODUCTION PRACTICES,SUGAR,15,ANNUAL,SURVEY,009,35,,YIELD,NOT SPECIFIED,COUNTY,1985,00000000,TOTAL,9000,,CROPS,SUGARCANE,15,YEAR,2012-01-01 00:00:00.000
UNITED STATES,FIELD CROPS,,009,00,,00,,101.5,MAUI & KALAWAO,ALL CLASSES,TONS / ACRE,HI,,HAWAII,"HAWAII, MAUI, MOLOKAI & LANAI ISLAND, MAUI & KALAWAO","MAUI, MOLOKAI & LANAI ISLAND","SUGARCANE, SUGAR - YIELD, MEASURED IN TONS / ACRE",ALL PRODUCTION PRACTICES,SUGAR,15,ANNUAL,SURVEY,009,35,,YIELD,NOT SPECIFIED,COUNTY,1984,00000000,TOTAL,9000,,CROPS,SUGARCANE,15,YEAR,2012-01-01 00:00:00.000
UNITED STATES,FIELD CROPS,,009,00,,00,,100.1,MAUI & KALAWAO,ALL CLASSES,TONS / ACRE,HI,,HAWAII,"HAWAII, MAUI, MOLOKAI & LANAI ISLAND, MAUI & KALAWAO","MAUI, MOLOKAI & LANAI ISLAND","SUGARCANE, SUGAR - YIELD, MEASURED IN TONS / ACRE",ALL PRODUCTION PRACTICES,SUGAR,15,ANNUAL,SURVEY,009,35,,YIELD,NOT SPECIFIED,COUNTY,1983,00000000,TOTAL,9000,,CROPS,SUGARCANE,15,YEAR,2012-01-01 00:00:00.000
UNITED STATES,FIELD CROPS,,009,00,,00,,96.5,MAUI & KALAWAO,ALL CLASSES,TONS / ACRE,HI,,HAWAII,"HAWAII, MAUI, MOLOKAI & LANAI ISLAND, MAUI & KALAWAO","MAUI, MOLOKAI & LANAI ISLAND","SUGARCANE, SUGAR - YIELD, MEASURED IN TONS / ACRE",ALL PRODUCTION PRACTICES,SUGAR,15,ANNUAL,SURVEY,009,35,,YIELD,NOT SPECIFIED,COUNTY,1982,00000000,TOTAL,9000,,CROPS,SUGARCANE,15,YEAR,2012-01-01 00:00:00.000
UNITED STATES,FIELD CROPS,,009,00,,00,,90.6,MAUI & KALAWAO,ALL CLASSES,TONS / ACRE,HI,,HAWAII,"HAWAII, MAUI, MOLOKAI & LANAI ISLAND, MAUI & KALAWAO","MAUI, MOLOKAI & LANAI ISLAND","SUGARCANE, SUGAR - YIELD, MEASURED IN TONS / ACRE",ALL PRODUCTION PRACTICES,SUGAR,15,ANNUAL,SURVEY,009,35,,YIELD,NOT SPECIFIED,COUNTY,1981,00000000,TOTAL,9000,,CROPS,SUGARCANE,15,YEAR,2012-01-01 00:00:00.000
UNITED STATES,FIELD CROPS,,009,00,,00,,101.2,MAUI & KALAWAO,ALL CLASSES,TONS / ACRE,HI,,HAWAII,"HAWAII, MAUI, MOLOKAI & LANAI ISLAND, MAUI & KALAWAO","MAUI, MOLOKAI & LANAI ISLAND","SUGARCANE, SUGAR - YIELD, MEASURED IN TONS / ACRE",ALL PRODUCTION PRACTICES,SUGAR,15,ANNUAL,SURVEY,009,35,,YIELD,NOT SPECIFIED,COUNTY,1980,00000000,TOTAL,9000,,CROPS,SUGARCANE,15,YEAR,2012-01-01 00:00:00.000
UNITED STATES,FIELD CROPS,,009,00,,00,,100.5,MAUI & KALAWAO,ALL CLASSES,TONS / ACRE,HI,,HAWAII,"HAWAII, MAUI, MOLOKAI & LANAI ISLAND, MAUI & KALAWAO","MAUI, MOLOKAI & LANAI ISLAND","SUGARCANE, SUGAR - YIELD, MEASURED IN TONS / ACRE",ALL PRODUCTION PRACTICES,SUGAR,15,ANNUAL,SURVEY,009,35,,YIELD,NOT SPECIFIED,COUNTY,1979,00000000,TOTAL,9000,,CROPS,SUGARCANE,15,YEAR,2012-01-01 00:00:00.000
UNITED STATES,FIELD CROPS,,009,00,,00,,87.1,MAUI & KALAWAO,ALL CLASSES,TONS / ACRE,HI,,HAWAII,"HAWAII, MAUI, MOLOKAI & LANAI ISLAND, MAUI & KALAWAO","MAUI, MOLOKAI & LANAI ISLAND","SUGARCANE, SUGAR - YIELD, MEASURED IN TONS / ACRE",ALL PRODUCTION PRACTICES,SUGAR,15,ANNUAL,SURVEY,009,35,,YIELD,NOT SPECIFIED,COUNTY,1978,00000000,TOTAL,9000,,CROPS,SUGARCANE,15,YEAR,2012-01-01 00:00:00.000
UNITED STATES,FIELD CROPS,,009,00,,00,,91.6,MAUI & KALAWAO,ALL CLASSES,TONS / ACRE,HI,,HAWAII,"HAWAII, MAUI, MOLOKAI & LANAI ISLAND, MAUI & KALAWAO","MAUI, MOLOKAI & LANAI ISLAND","SUGARCANE, SUGAR - YIELD, MEASURED IN TONS / ACRE",ALL PRODUCTION PRACTICES,SUGAR,15,ANNUAL,SURVEY,009,35,,YIELD,NOT SPECIFIED,COUNTY,1977,00000000,TOTAL,9000,,CROPS,SUGARCANE,15,YEAR,2012-01-01 00:00:00.000
UNITED STATES,FIELD CROPS,,003,00,,00,,85,HONOLULU,ALL CLASSES,TONS / ACRE,HI,,HAWAII,"HAWAII, OAHU ISLAND, HONOLULU",OAHU ISLAND,"SUGARCANE, SUGAR - YIELD, MEASURED IN TONS / ACRE",ALL PRODUCTION PRACTICES,SUGAR,15,ANNUAL,SURVEY,003,62,,YIELD,NOT SPECIFIED,COUNTY,1996,00000000,TOTAL,9000,,CROPS,SUGARCANE,15,YEAR,2012-01-01 00:00:00.000
UNITED STATES,FIELD CROPS,,003,00,,00,,96.1,HONOLULU,ALL CLASSES,TONS / ACRE,HI,,HAWAII,"HAWAII, OAHU ISLAND, HONOLULU",OAHU ISLAND,"SUGARCANE, SUGAR - YIELD, MEASURED IN TONS / ACRE",ALL PRODUCTION PRACTICES,SUGAR,15,ANNUAL,SURVEY,003,62,,YIELD,NOT SPECIFIED,COUNTY,1995,00000000,TOTAL,9000,,CROPS,SUGARCANE,15,YEAR,2012-01-01 00:00:00.000
UNITED STATES,FIELD CROPS,,003,00,,00,,98.5,HONOLULU,ALL CLASSES,TONS / ACRE,HI,,HAWAII,"HAWAII, OAHU ISLAND, HONOLULU",OAHU ISLAND,"SUGARCANE, SUGAR - YIELD, MEASURED IN TONS / ACRE",ALL PRODUCTION PRACTICES,SUGAR,15,ANNUAL,SURVEY,003,62,,YIELD,NOT SPECIFIED,COUNTY,1994,00000000,TOTAL,9000,,CROPS,SUGARCANE,15,YEAR,2012-01-01 00:00:00.000
UNITED STATES,FIELD CROPS,,003,00,,00,,100.3,HONOLULU,ALL CLASSES,TONS / ACRE,HI,,HAWAII,"HAWAII, OAHU ISLAND, HONOLULU",OAHU ISLAND,"SUGARCANE, SUGAR - YIELD, MEASURED IN TONS / ACRE",ALL PRODUCTION PRACTICES,SUGAR,15,ANNUAL,SURVEY,003,62,,YIELD,NOT SPECIFIED,COUNTY,1993,00000000,TOTAL,9000,,CROPS,SUGARCANE,15,YEAR,2012-01-01 00:00:00.000
UNITED STATES,FIELD CROPS,,003,00,,00,,104.7,HONOLULU,ALL CLASSES,TONS / ACRE,HI,,HAWAII,"HAWAII, OAHU ISLAND, HONOLULU",OAHU ISLAND,"SUGARCANE, SUGAR - YIELD, MEASURED IN TONS / ACRE",ALL PRODUCTION PRACTICES,SUGAR,15,ANNUAL,SURVEY,003,62,,YIELD,NOT SPECIFIED,COUNTY,1992,00000000,TOTAL,9000,,CROPS,SUGARCANE,15,YEAR,2012-01-01 00:00:00.000
UNITED STATES,FIELD CROPS,,003,00,,00,,94.6,HONOLULU,ALL CLASSES,TONS / ACRE,HI,,HAWAII,"HAWAII, OAHU ISLAND, HONOLULU",OAHU ISLAND,"SUGARCANE, SUGAR - YIELD, MEASURED IN TONS / ACRE",ALL PRODUCTION PRACTICES,SUGAR,15,ANNUAL,SURVEY,003,62,,YIELD,NOT SPECIFIED,COUNTY,1991,00000000,TOTAL,9000,,CROPS,SUGARCANE,15,YEAR,2012-01-01 00:00:00.000
UNITED STATES,FIELD CROPS,,003,00,,00,,97,HONOLULU,ALL CLASSES,TONS / ACRE,HI,,HAWAII,"HAWAII, OAHU ISLAND, HONOLULU",OAHU ISLAND,"SUGARCANE, SUGAR - YIELD, MEASURED IN TONS / ACRE",ALL PRODUCTION PRACTICES,SUGAR,15,ANNUAL,SURVEY,003,62,,YIELD,NOT SPECIFIED,COUNTY,1990,00000000,TOTAL,9000,,CROPS,SUGARCANE,15,YEAR,2012-01-01 00:00:00.000
UNITED STATES,FIELD CROPS,,003,00,,00,,103.2,HONOLULU,ALL CLASSES,TONS / ACRE,HI,,HAWAII,"HAWAII, OAHU ISLAND, HONOLULU",OAHU ISLAND,"SUGARCANE, SUGAR - YIELD, MEASURED IN TONS / ACRE",ALL PRODUCTION PRACTICES,SUGAR,15,ANNUAL,SURVEY,003,62,,YIELD,NOT SPECIFIED,COUNTY,1989,00000000,TOTAL,9000,,CROPS,SUGARCANE,15,YEAR,2012-01-01 00:00:00.000
UNITED STATES,FIELD CROPS,,003,00,,00,,102.5,HONOLULU,ALL CLASSES,TONS / ACRE,HI,,HAWAII,"HAWAII, OAHU ISLAND, HONOLULU",OAHU ISLAND,"SUGARCANE, SUGAR - YIELD, MEASURED IN TONS / ACRE",ALL PRODUCTION PRACTICES,SUGAR,15,ANNUAL,SURVEY,003,62,,YIELD,NOT SPECIFIED,COUNTY,1988,00000000,TOTAL,9000,,CROPS,SUGARCANE,15,YEAR,2012-01-01 00:00:00.000
UNITED STATES,FIELD CROPS,,003,00,,00,,111.1,HONOLULU,ALL CLASSES,TONS / ACRE,HI,,HAWAII,"HAWAII, OAHU ISLAND, HONOLULU",OAHU ISLAND,"SUGARCANE, SUGAR - YIELD, MEASURED IN TONS / ACRE",ALL PRODUCTION PRACTICES,SUGAR,15,ANNUAL,SURVEY,003,62,,YIELD,NOT SPECIFIED,COUNTY,1987,00000000,TOTAL,9000,,CROPS,SUGARCANE,15,YEAR,2012-01-01 00:00:00.000
UNITED STATES,FIELD CROPS,,003,00,,00,,111.9,HONOLULU,ALL CLASSES,TONS / ACRE,HI,,HAWAII,"HAWAII, OAHU ISLAND, HONOLULU",OAHU ISLAND,"SUGARCANE, SUGAR - YIELD, MEASURED IN TONS / ACRE",ALL PRODUCTION PRACTICES,SUGAR,15,ANNUAL,SURVEY,003,62,,YIELD,NOT SPECIFIED,COUNTY,1986,00000000,TOTAL,9000,,CROPS,SUGARCANE,15,YEAR,2012-01-01 00:00:00.000
UNITED STATES,FIELD CROPS,,003,00,,00,,111.9,HONOLULU,ALL CLASSES,TONS / ACRE,HI,,HAWAII,"HAWAII, OAHU ISLAND, HONOLULU",OAHU ISLAND,"SUGARCANE, SUGAR - YIELD, MEASURED IN TONS / ACRE",ALL PRODUCTION PRACTICES,SUGAR,15,ANNUAL,SURVEY,003,62,,YIELD,NOT SPECIFIED,COUNTY,1985,00000000,TOTAL,9000,,CROPS,SUGARCANE,15,YEAR,2012-01-01 00:00:00.000
UNITED STATES,FIELD CROPS,,003,00,,00,,92.9,HONOLULU,ALL CLASSES,TONS / ACRE,HI,,HAWAII,"HAWAII, OAHU ISLAND, HONOLULU",OAHU ISLAND,"SUGARCANE, SUGAR - YIELD, MEASURED IN TONS / ACRE",ALL PRODUCTION PRACTICES,SUGAR,15,ANNUAL,SURVEY,003,62,,YIELD,NOT SPECIFIED,COUNTY,1984,00000000,TOTAL,9000,,CROPS,SUGARCANE,15,YEAR,2012-01-01 00:00:00.000
UNITED STATES,FIELD CROPS,,003,00,,00,,86.6,HONOLULU,ALL CLASSES,TONS / ACRE,HI,,HAWAII,"HAWAII, OAHU ISLAND, HONOLULU",OAHU ISLAND,"SUGARCANE, SUGAR - YIELD, MEASURED IN TONS / ACRE",ALL PRODUCTION PRACTICES,SUGAR,15,ANNUAL,SURVEY,003,62,,YIELD,NOT SPECIFIED,COUNTY,1983,00000000,TOTAL,9000,,CROPS,SUGARCANE,15,YEAR,2012-01-01 00:00:00.000
UNITED STATES,FIELD CROPS,,003,00,,00,,92.6,HONOLULU,ALL CLASSES,TONS / ACRE,HI,,HAWAII,"HAWAII, OAHU ISLAND, HONOLULU",OAHU ISLAND,"SUGARCANE, SUGAR - YIELD, MEASURED IN TONS / ACRE",ALL PRODUCTION PRACTICES,SUGAR,15,ANNUAL,SURVEY,003,62,,YIELD,NOT SPECIFIED,COUNTY,1982,00000000,TOTAL,9000,,CROPS,SUGARCANE,15,YEAR,2012-01-01 00:00:00.000
UNITED STATES,FIELD CROPS,,003,00,,00,,89.7,HONOLULU,ALL CLASSES,TONS / ACRE,HI,,HAWAII,"HAWAII, OAHU ISLAND, HONOLULU",OAHU ISLAND,"SUGARCANE, SUGAR - YIELD, MEASURED IN TONS / ACRE",ALL PRODUCTION PRACTICES,SUGAR,15,ANNUAL,SURVEY,003,62,,YIELD,NOT SPECIFIED,COUNTY,1981,00000000,TOTAL,9000,,CROPS,SUGARCANE,15,YEAR,2012-01-01 00:00:00.000
UNITED STATES,FIELD CROPS,,003,00,,00,,89.7,HONOLULU,ALL CLASSES,TONS / ACRE,HI,,HAWAII,"HAWAII, OAHU ISLAND, HONOLULU",OAHU ISLAND,"SUGARCANE, SUGAR - YIELD, MEASURED IN TONS / ACRE",ALL PRODUCTION PRACTICES,SUGAR,15,ANNUAL,SURVEY,003,62,,YIELD,NOT SPECIFIED,COUNTY,1980,00000000,TOTAL,9000,,CROPS,SUGARCANE,15,YEAR,2012-01-01 00:00:00.000
UNITED STATES,FIELD CROPS,,003,00,,00,,87.9,HONOLULU,ALL CLASSES,TONS / ACRE,HI,,HAWAII,"HAWAII, OAHU ISLAND, HONOLULU",OAHU ISLAND,"SUGARCANE, SUGAR - YIELD, MEASURED IN TONS / ACRE",ALL PRODUCTION PRACTICES,SUGAR,15,ANNUAL,SURVEY,003,62,,YIELD,NOT SPECIFIED,COUNTY,1979,00000000,TOTAL,9000,,CROPS,SUGARCANE,15,YEAR,2012-01-01 00:00:00.000
UNITED STATES,FIELD CROPS,,003,00,,00,,88.6,HONOLULU,ALL CLASSES,TONS / ACRE,HI,,HAWAII,"HAWAII, OAHU ISLAND, HONOLULU",OAHU ISLAND,"SUGARCANE, SUGAR - YIELD, MEASURED IN TONS / ACRE",ALL PRODUCTION PRACTICES,SUGAR,15,ANNUAL,SURVEY,003,62,,YIELD,NOT SPECIFIED,COUNTY,1978,00000000,TOTAL,9000,,CROPS,SUGARCANE,15,YEAR,2012-01-01 00:00:00.000
UNITED STATES,FIELD CROPS,,003,00,,00,,87.4,HONOLULU,ALL CLASSES,TONS / ACRE,HI,,HAWAII,"HAWAII, OAHU ISLAND, HONOLULU",OAHU ISLAND,"SUGARCANE, SUGAR - YIELD, MEASURED IN TONS / ACRE",ALL PRODUCTION PRACTICES,SUGAR,15,ANNUAL,SURVEY,003,62,,YIELD,NOT SPECIFIED,COUNTY,1977,00000000,TOTAL,9000,,CROPS,SUGARCANE,15,YEAR,2012-01-01 00:00:00.000
UNITED STATES,FIELD CROPS,,,00,,00,,86.2,,ALL CLASSES,TONS / ACRE,HI,,HAWAII,HAWAII,,"SUGARCANE, SUGAR - YIELD, MEASURED IN TONS / ACRE",ALL PRODUCTION PRACTICES,SUGAR,15,ANNUAL,SURVEY,,,,YIELD,NOT SPECIFIED,STATE,2016,00000000,TOTAL,9000,,CROPS,SUGARCANE,15,YEAR,2019-02-06 15:00:06.000
UNITED STATES,FIELD CROPS,,,00,,00,,91.9,,ALL CLASSES,TONS / ACRE,HI,,HAWAII,HAWAII,,"SUGARCANE, SUGAR - YIELD, MEASURED IN TONS / ACRE",ALL PRODUCTION PRACTICES,SUGAR,15,ANNUAL,SURVEY,,,,YIELD,NOT SPECIFIED,STATE,2016,00000000,TOTAL,9000,,CROPS,SUGARCANE,15,YEAR - DEC FORECAST,2016-12-09 12:00:00.000
UNITED STATES,FIELD CROPS,,,00,,00,,88.3,,ALL CLASSES,TONS / ACRE,HI,,HAWAII,HAWAII,,"SUGARCANE, SUGAR - YIELD, MEASURED IN TONS / ACRE",ALL PRODUCTION PRACTICES,SUGAR,15,ANNUAL,SURVEY,,,,YIELD,NOT SPECIFIED,STATE,2015,00000000,TOTAL,9000,,CROPS,SUGARCANE,15,YEAR,2019-02-06 15:00:06.000
UNITED STATES,FIELD CROPS,,,00,,00,,86.2,,ALL CLASSES,TONS / ACRE,HI,,HAWAII,HAWAII,,"SUGARCANE, SUGAR - YIELD, MEASURED IN TONS / ACRE",ALL PRODUCTION PRACTICES,SUGAR,15,ANNUAL,SURVEY,,,,YIELD,NOT SPECIFIED,STATE,2015,00000000,TOTAL,9000,,CROPS,SUGARCANE,15,YEAR - DEC FORECAST,2015-12-09 12:09:37.000
UNITED STATES,FIELD CROPS,,,00,,00,,88.8,,ALL CLASSES,TONS / ACRE,HI,,HAWAII,HAWAII,,"SUGARCANE, SUGAR - YIELD, MEASURED IN TONS / ACRE",ALL PRODUCTION PRACTICES,SUGAR,15,ANNUAL,SURVEY,,,,YIELD,NOT SPECIFIED,STATE,2014,00000000,TOTAL,9000,,CROPS,SUGARCANE,15,YEAR,2019-02-06 15:00:06.000
UNITED STATES,FIELD CROPS,,,00,,00,,82,,ALL CLASSES,TONS / ACRE,HI,,HAWAII,HAWAII,,"SUGARCANE, SUGAR - YIELD, MEASURED IN TONS / ACRE",ALL PRODUCTION PRACTICES,SUGAR,15,ANNUAL,SURVEY,,,,YIELD,NOT SPECIFIED,STATE,2014,00000000,TOTAL,9000,,CROPS,SUGARCANE,15,YEAR - DEC FORECAST,2015-02-10 12:01:19.000
UNITED STATES,FIELD CROPS,,,00,,00,,82,,ALL CLASSES,TONS / ACRE,HI,,HAWAII,HAWAII,,"SUGARCANE, SUGAR - YIELD, MEASURED IN TONS / ACRE",ALL PRODUCTION PRACTICES,SUGAR,15,ANNUAL,SURVEY,,,,YIELD,NOT SPECIFIED,STATE,2014,00000000,TOTAL,9000,,CROPS,SUGARCANE,15,YEAR - FEB FORECAST,2015-03-10 12:01:04.000
UNITED STATES,FIELD CROPS,,,00,,00,,87.2,,ALL CLASSES,TONS / ACRE,HI,,HAWAII,HAWAII,,"SUGARCANE, SUGAR - YIELD, MEASURED IN TONS / ACRE",ALL PRODUCTION PRACTICES,SUGAR,15,ANNUAL,SURVEY,,,,YIELD,NOT SPECIFIED,STATE,2013,00000000,TOTAL,9000,,CROPS,SUGARCANE,15,YEAR,2019-02-06 15:00:06.000
UNITED STATES,FIELD CROPS,,,00,,00,,85.5,,ALL CLASSES,TONS / ACRE,HI,,HAWAII,HAWAII,,"SUGARCANE, SUGAR - YIELD, MEASURED IN TONS / ACRE",ALL PRODUCTION PRACTICES,SUGAR,15,ANNUAL,SURVEY,,,,YIELD,NOT SPECIFIED,STATE,2013,00000000,TOTAL,9000,,CROPS,SUGARCANE,15,YEAR - DEC FORECAST,2014-03-10 12:02:59.000
UNITED STATES,FIELD CROPS,,,00,,00,,79.4,,ALL CLASSES,TONS / ACRE,HI,,HAWAII,HAWAII,,"SUGARCANE, SUGAR - YIELD, MEASURED IN TONS / ACRE",ALL PRODUCTION PRACTICES,SUGAR,15,ANNUAL,SURVEY,,,,YIELD,NOT SPECIFIED,STATE,2012,00000000,TOTAL,9000,,CROPS,SUGARCANE,15,YEAR,2014-11-03 15:05:48.000
UNITED STATES,FIELD CROPS,,,00,,00,,84.8,,ALL CLASSES,TONS / ACRE,HI,,HAWAII,HAWAII,,"SUGARCANE, SUGAR - YIELD, MEASURED IN TONS / ACRE",ALL PRODUCTION PRACTICES,SUGAR,15,ANNUAL,SURVEY,,,,YIELD,NOT SPECIFIED,STATE,2012,00000000,TOTAL,9000,,CROPS,SUGARCANE,15,YEAR - DEC FORECAST,2013-03-08 12:45:17.000
UNITED STATES,FIELD CROPS,,,00,,00,,85.2,,ALL CLASSES,TONS / ACRE,HI,,HAWAII,HAWAII,,"SUGARCANE, SUGAR - YIELD, MEASURED IN TONS / ACRE",ALL PRODUCTION PRACTICES,SUGAR,15,ANNUAL,SURVEY,,,,YIELD,NOT SPECIFIED,STATE,2011,00000000,TOTAL,9000,,CROPS,SUGARCANE,15,YEAR,2014-11-03 15:05:48.000
UNITED STATES,FIELD CROPS,,,00,,00,,82,,ALL CLASSES,TONS / ACRE,HI,,HAWAII,HAWAII,,"SUGARCANE, SUGAR - YIELD, MEASURED IN TONS / ACRE",ALL PRODUCTION PRACTICES,SUGAR,15,ANNUAL,SURVEY,,,,YIELD,NOT SPECIFIED,STATE,2011,00000000,TOTAL,9000,,CROPS,SUGARCANE,15,YEAR - DEC FORECAST,2012-01-01 00:00:00.000
UNITED STATES,FIELD CROPS,,,00,,00,,77.1,,ALL CLASSES,TONS / ACRE,HI,,HAWAII,HAWAII,,"SUGARCANE, SUGAR - YIELD, MEASURED IN TONS / ACRE",ALL PRODUCTION PRACTICES,SUGAR,15,ANNUAL,SURVEY,,,,YIELD,NOT SPECIFIED,STATE,2010,00000000,TOTAL,9000,,CROPS,SUGARCANE,15,YEAR,2014-11-03 15:05:48.000
UNITED STATES,FIELD CROPS,,,00,,00,,76.3,,ALL CLASSES,TONS / ACRE,HI,,HAWAII,HAWAII,,"SUGARCANE, SUGAR - YIELD, MEASURED IN TONS / ACRE",ALL PRODUCTION PRACTICES,SUGAR,15,ANNUAL,SURVEY,,,,YIELD,NOT SPECIFIED,STATE,2010,00000000,TOTAL,9000,,CROPS,SUGARCANE,15,YEAR - DEC FORECAST,2012-01-01 00:00:00.000
UNITED STATES,FIELD CROPS,,,00,,00,,76.3,,ALL CLASSES,TONS / ACRE,HI,,HAWAII,HAWAII,,"SUGARCANE, SUGAR - YIELD, MEASURED IN TONS / ACRE",ALL PRODUCTION PRACTICES,SUGAR,15,ANNUAL,SURVEY,,,,YIELD,NOT SPECIFIED,STATE,2010,00000000,TOTAL,9000,,CROPS,SUGARCANE,15,YEAR - FEB FORECAST,2012-01-01 00:00:00.000
UNITED STATES,FIELD CROPS,,,00,,00,,65.6,,ALL CLASSES,TONS / ACRE,HI,,HAWAII,HAWAII,,"SUGARCANE, SUGAR - YIELD, MEASURED IN TONS / ACRE",ALL PRODUCTION PRACTICES,SUGAR,15,ANNUAL,SURVEY,,,,YIELD,NOT SPECIFIED,STATE,2009,00000000,TOTAL,9000,,CROPS,SUGARCANE,15,YEAR,2014-11-03 15:05:48.000
UNITED STATES,FIELD CROPS,,,00,,00,,71,,ALL CLASSES,TONS / ACRE,HI,,HAWAII,HAWAII,,"SUGARCANE, SUGAR - YIELD, MEASURED IN TONS / ACRE",ALL PRODUCTION PRACTICES,SUGAR,15,ANNUAL,SURVEY,,,,YIELD,NOT SPECIFIED,STATE,2009,00000000,TOTAL,9000,,CROPS,SUGARCANE,15,YEAR - DEC FORECAST,2012-01-01 00:00:00.000
UNITED STATES,FIELD CROPS,,,00,,00,,71,,ALL CLASSES,TONS / ACRE,HI,,HAWAII,HAWAII,,"SUGARCANE, SUGAR - YIELD, MEASURED IN TONS / ACRE",ALL PRODUCTION PRACTICES,SUGAR,15,ANNUAL,SURVEY,,,,YIELD,NOT SPECIFIED,STATE,2009,00000000,TOTAL,9000,,CROPS,SUGARCANE,15,YEAR - FEB FORECAST,2012-01-01 00:00:00.000
UNITED STATES,FIELD CROPS,,,00,,00,,69.7,,ALL CLASSES,TONS / ACRE,HI,,HAWAII,HAWAII,,"SUGARCANE, SUGAR - YIELD, MEASURED IN TONS / ACRE",ALL PRODUCTION PRACTICES,SUGAR,15,ANNUAL,SURVEY,,,,YIELD,NOT SPECIFIED,STATE,2008,00000000,TOTAL,9000,,CROPS,SUGARCANE,15,YEAR,2014-11-03 15:05:48.000
UNITED STATES,FIELD CROPS,,,00,,00,,80,,ALL CLASSES,TONS / ACRE,HI,,HAWAII,HAWAII,,"SUGARCANE, SUGAR - YIELD, MEASURED IN TONS / ACRE",ALL PRODUCTION PRACTICES,SUGAR,15,ANNUAL,SURVEY,,,,YIELD,NOT SPECIFIED,STATE,2008,00000000,TOTAL,9000,,CROPS,SUGARCANE,15,YEAR - DEC FORECAST,2012-01-01 00:00:00.000
UNITED STATES,FIELD CROPS,,,00,,00,,80,,ALL CLASSES,TONS / ACRE,HI,,HAWAII,HAWAII,,"SUGARCANE, SUGAR - YIELD, MEASURED IN TONS / ACRE",ALL PRODUCTION PRACTICES,SUGAR,15,ANNUAL,SURVEY,,,,YIELD,NOT SPECIFIED,STATE,2008,00000000,TOTAL,9000,,CROPS,SUGARCANE,15,YEAR - FEB FORECAST,2012-01-01 00:00:00.000
UNITED STATES,FIELD CROPS,,,00,,00,,73.2,,ALL CLASSES,TONS / ACRE,HI,,HAWAII,HAWAII,,"SUGARCANE, SUGAR - YIELD, MEASURED IN TONS / ACRE",ALL PRODUCTION PRACTICES,SUGAR,15,ANNUAL,SURVEY,,,,YIELD,NOT SPECIFIED,STATE,2007,00000000,TOTAL,9000,,CROPS,SUGARCANE,15,YEAR,2014-11-03 15:05:48.000
UNITED STATES,FIELD CROPS,,,00,,00,,84.5,,ALL CLASSES,TONS / ACRE,HI,,HAWAII,HAWAII,,"SUGARCANE, SUGAR - YIELD, MEASURED IN TONS / ACRE",ALL PRODUCTION PRACTICES,SUGAR,15,ANNUAL,SURVEY,,,,YIELD,NOT SPECIFIED,STATE,2007,00000000,TOTAL,9000,,CROPS,SUGARCANE,15,YEAR - DEC FORECAST,2012-01-01 00:00:00.000
UNITED STATES,FIELD CROPS,,,00,,00,,79.1,,ALL CLASSES,TONS / ACRE,HI,,HAWAII,HAWAII,,"SUGARCANE, SUGAR - YIELD, MEASURED IN TONS / ACRE",ALL PRODUCTION PRACTICES,SUGAR,15,ANNUAL,SURVEY,,,,YIELD,NOT SPECIFIED,STATE,2006,00000000,TOTAL,9000,,CROPS,SUGARCANE,15,YEAR,2012-01-01 00:00:00.000
UNITED STATES,FIELD CROPS,,,00,,00,,83.5,,ALL CLASSES,TONS / ACRE,HI,,HAWAII,HAWAII,,"SUGARCANE, SUGAR - YIELD, MEASURED IN TONS / ACRE",ALL PRODUCTION PRACTICES,SUGAR,15,ANNUAL,SURVEY,,,,YIELD,NOT SPECIFIED,STATE,2006,00000000,TOTAL,9000,,CROPS,SUGARCANE,15,YEAR - DEC FORECAST,2012-01-01 00:00:00.000
UNITED STATES,FIELD CROPS,,,00,,00,,80.8,,ALL CLASSES,TONS / ACRE,HI,,HAWAII,HAWAII,,"SUGARCANE, SUGAR - YIELD, MEASURED IN TONS / ACRE",ALL PRODUCTION PRACTICES,SUGAR,15,ANNUAL,SURVEY,,,,YIELD,NOT SPECIFIED,STATE,2005,00000000,TOTAL,9000,,CROPS,SUGARCANE,15,YEAR,2012-01-01 00:00:00.000
UNITED STATES,FIELD CROPS,,,00,,00,,90.3,,ALL CLASSES,TONS / ACRE,HI,,HAWAII,HAWAII,,"SUGARCANE, SUGAR - YIELD, MEASURED IN TONS / ACRE",ALL PRODUCTION PRACTICES,SUGAR,15,ANNUAL,SURVEY,,,,YIELD,NOT SPECIFIED,STATE,2005,00000000,TOTAL,9000,,CROPS,SUGARCANE,15,YEAR - DEC FORECAST,2012-01-01 00:00:00.000
UNITED STATES,FIELD CROPS,,,00,,00,,90.3,,ALL CLASSES,TONS / ACRE,HI,,HAWAII,HAWAII,,"SUGARCANE, SUGAR - YIELD, MEASURED IN TONS / ACRE",ALL PRODUCTION PRACTICES,SUGAR,15,ANNUAL,SURVEY,,,,YIELD,NOT SPECIFIED,STATE,2005,00000000,TOTAL,9000,,CROPS,SUGARCANE,15,YEAR - FEB FORECAST,2012-01-01 00:00:00.000
UNITED STATES,FIELD CROPS,,,00,,00,,90.8,,ALL CLASSES,TONS / ACRE,HI,,HAWAII,HAWAII,,"SUGARCANE, SUGAR - YIELD, MEASURED IN TONS / ACRE",ALL PRODUCTION PRACTICES,SUGAR,15,ANNUAL,SURVEY,,,,YIELD,NOT SPECIFIED,STATE,2004,00000000,TOTAL,9000,,CROPS,SUGARCANE,15,YEAR,2012-01-01 00:00:00.000
UNITED STATES,FIELD CROPS,,,00,,00,,96,,ALL CLASSES,TONS / ACRE,HI,,HAWAII,HAWAII,,"SUGARCANE, SUGAR - YIELD, MEASURED IN TONS / ACRE",ALL PRODUCTION PRACTICES,SUGAR,15,ANNUAL,SURVEY,,,,YIELD,NOT SPECIFIED,STATE,2004,00000000,TOTAL,9000,,CROPS,SUGARCANE,15,YEAR - DEC FORECAST,2012-01-01 00:00:00.000
UNITED STATES,FIELD CROPS,,,00,,00,,96,,ALL CLASSES,TONS / ACRE,HI,,HAWAII,HAWAII,,"SUGARCANE, SUGAR - YIELD, MEASURED IN TONS / ACRE",ALL PRODUCTION PRACTICES,SUGAR,15,ANNUAL,SURVEY,,,,YIELD,NOT SPECIFIED,STATE,2004,00000000,TOTAL,9000,,CROPS,SUGARCANE,15,YEAR - FEB FORECAST,2012-01-01 00:00:00.000
UNITED STATES,FIELD CROPS,,,00,,00,,102,,ALL CLASSES,TONS / ACRE,HI,,HAWAII,HAWAII,,"SUGARCANE, SUGAR - YIELD, MEASURED IN TONS / ACRE",ALL PRODUCTION PRACTICES,SUGAR,15,ANNUAL,SURVEY,,,,YIELD,NOT SPECIFIED,STATE,2003,00000000,TOTAL,9000,,CROPS,SUGARCANE,15,YEAR,2012-01-01 00:00:00.000
UNITED STATES,FIELD CROPS,,,00,,00,,99.2,,ALL CLASSES,TONS / ACRE,HI,,HAWAII,HAWAII,,"SUGARCANE, SUGAR - YIELD, MEASURED IN TONS / ACRE",ALL PRODUCTION PRACTICES,SUGAR,15,ANNUAL,SURVEY,,,,YIELD,NOT SPECIFIED,STATE,2003,00000000,TOTAL,9000,,CROPS,SUGARCANE,15,YEAR - DEC FORECAST,2012-01-01 00:00:00.000
UNITED STATES,FIELD CROPS,,,00,,00,,99.2,,ALL CLASSES,TONS / ACRE,HI,,HAWAII,HAWAII,,"SUGARCANE, SUGAR - YIELD, MEASURED IN TONS / ACRE",ALL PRODUCTION PRACTICES,SUGAR,15,ANNUAL,SURVEY,,,,YIELD,NOT SPECIFIED,STATE,2003,00000000,TOTAL,9000,,CROPS,SUGARCANE,15,YEAR - FEB FORECAST,2012-01-01 00:00:00.000
UNITED STATES,FIELD CROPS,,,00,,00,,99,,ALL CLASSES,TONS / ACRE,HI,,HAWAII,HAWAII,,"SUGARCANE, SUGAR - YIELD, MEASURED IN TONS / ACRE",ALL PRODUCTION PRACTICES,SUGAR,15,ANNUAL,SURVEY,,,,YIELD,NOT SPECIFIED,STATE,2002,00000000,TOTAL,9000,,CROPS,SUGARCANE,15,YEAR,2012-01-01 00:00:00.000
UNITED STATES,FIELD CROPS,,,00,,00,,94.3,,ALL CLASSES,TONS / ACRE,HI,,HAWAII,HAWAII,,"SUGARCANE, SUGAR - YIELD, MEASURED IN TONS / ACRE",ALL PRODUCTION PRACTICES,SUGAR,15,ANNUAL,SURVEY,,,,YIELD,NOT SPECIFIED,STATE,2002,00000000,TOTAL,9000,,CROPS,SUGARCANE,15,YEAR - DEC FORECAST,2012-01-01 00:00:00.000
UNITED STATES,FIELD CROPS,,,00,,00,,94.3,,ALL CLASSES,TONS / ACRE,HI,,HAWAII,HAWAII,,"SUGARCANE, SUGAR - YIELD, MEASURED IN TONS / ACRE",ALL PRODUCTION PRACTICES,SUGAR,15,ANNUAL,SURVEY,,,,YIELD,NOT SPECIFIED,STATE,2002,00000000,TOTAL,9000,,CROPS,SUGARCANE,15,YEAR - FEB FORECAST,2012-01-01 00:00:00.000
UNITED STATES,FIELD CROPS,,,00,,00,,97.3,,ALL CLASSES,TONS / ACRE,HI,,HAWAII,HAWAII,,"SUGARCANE, SUGAR - YIELD, MEASURED IN TONS / ACRE",ALL PRODUCTION PRACTICES,SUGAR,15,ANNUAL,SURVEY,,,,YIELD,NOT SPECIFIED,STATE,2001,00000000,TOTAL,9000,,CROPS,SUGARCANE,15,YEAR,2012-01-01 00:00:00.000
UNITED STATES,FIELD CROPS,,,00,,00,,89.5,,ALL CLASSES,TONS / ACRE,HI,,HAWAII,HAWAII,,"SUGARCANE, SUGAR - YIELD, MEASURED IN TONS / ACRE",ALL PRODUCTION PRACTICES,SUGAR,15,ANNUAL,SURVEY,,,,YIELD,NOT SPECIFIED,STATE,2001,00000000,TOTAL,9000,,CROPS,SUGARCANE,15,YEAR - DEC FORECAST,2012-01-01 00:00:00.000
UNITED STATES,FIELD CROPS,,,00,,00,,78.3,,ALL CLASSES,TONS / ACRE,HI,,HAWAII,HAWAII,,"SUGARCANE, SUGAR - YIELD, MEASURED IN TONS / ACRE",ALL PRODUCTION PRACTICES,SUGAR,15,ANNUAL,SURVEY,,,,YIELD,NOT SPECIFIED,STATE,2000,00000000,TOTAL,9000,,CROPS,SUGARCANE,15,YEAR,2012-01-01 00:00:00.000
UNITED STATES,FIELD CROPS,,,00,,00,,80.7,,ALL CLASSES,TONS / ACRE,HI,,HAWAII,HAWAII,,"SUGARCANE, SUGAR - YIELD, MEASURED IN TONS / ACRE",ALL PRODUCTION PRACTICES,SUGAR,15,ANNUAL,SURVEY,,,,YIELD,NOT SPECIFIED,STATE,2000,00000000,TOTAL,9000,,CROPS,SUGARCANE,15,YEAR - DEC FORECAST,2012-01-01 00:00:00.000
UNITED STATES,FIELD CROPS,,,00,,00,,80.7,,ALL CLASSES,TONS / ACRE,HI,,HAWAII,HAWAII,,"SUGARCANE, SUGAR - YIELD, MEASURED IN TONS / ACRE",ALL PRODUCTION PRACTICES,SUGAR,15,ANNUAL,SURVEY,,,,YIELD,NOT SPECIFIED,STATE,2000,00000000,TOTAL,9000,,CROPS,SUGARCANE,15,YEAR - FEB FORECAST,2012-01-01 00:00:00.000
UNITED STATES,FIELD CROPS,,,00,,00,,81.7,,ALL CLASSES,TONS / ACRE,HI,,HAWAII,HAWAII,,"SUGARCANE, SUGAR - YIELD, MEASURED IN TONS / ACRE",ALL PRODUCTION PRACTICES,SUGAR,15,ANNUAL,SURVEY,,,,YIELD,NOT SPECIFIED,STATE,1999,00000000,TOTAL,9000,,CROPS,SUGARCANE,15,YEAR,2012-01-01 00:00:00.000
UNITED STATES,FIELD CROPS,,,00,,00,,87.6,,ALL CLASSES,TONS / ACRE,HI,,HAWAII,HAWAII,,"SUGARCANE, SUGAR - YIELD, MEASURED IN TONS / ACRE",ALL PRODUCTION PRACTICES,SUGAR,15,ANNUAL,SURVEY,,,,YIELD,NOT SPECIFIED,STATE,1999,00000000,TOTAL,9000,,CROPS,SUGARCANE,15,YEAR - DEC FORECAST,2012-01-01 00:00:00.000
UNITED STATES,FIELD CROPS,,,00,,00,,87.6,,ALL CLASSES,TONS / ACRE,HI,,HAWAII,HAWAII,,"SUGARCANE, SUGAR - YIELD, MEASURED IN TONS / ACRE",ALL PRODUCTION PRACTICES,SUGAR,15,ANNUAL,SURVEY,,,,YIELD,NOT SPECIFIED,STATE,1999,00000000,TOTAL,9000,,CROPS,SUGARCANE,15,YEAR - FEB FORECAST,2012-01-01 00:00:00.000
UNITED STATES,FIELD CROPS,,,00,,00,,87.6,,ALL CLASSES,TONS / ACRE,HI,,HAWAII,HAWAII,,"SUGARCANE, SUGAR - YIELD, MEASURED IN TONS / ACRE",ALL PRODUCTION PRACTICES,SUGAR,15,ANNUAL,SURVEY,,,,YIELD,NOT SPECIFIED,STATE,1999,00000000,TOTAL,9000,,CROPS,SUGARCANE,15,YEAR - MAR FORECAST,2012-01-01 00:00:00.000
UNITED STATES,FIELD CROPS,,,00,,00,,90,,ALL CLASSES,TONS / ACRE,HI,,HAWAII,HAWAII,,"SUGARCANE, SUGAR - YIELD, MEASURED IN TONS / ACRE",ALL PRODUCTION PRACTICES,SUGAR,15,ANNUAL,SURVEY,,,,YIELD,NOT SPECIFIED,STATE,1998,00000000,TOTAL,9000,,CROPS,SUGARCANE,15,YEAR,2012-01-01 00:00:00.000
UNITED STATES,FIELD CROPS,,,00,,00,,91.4,,ALL CLASSES,TONS / ACRE,HI,,HAWAII,HAWAII,,"SUGARCANE, SUGAR - YIELD, MEASURED IN TONS / ACRE",ALL PRODUCTION PRACTICES,SUGAR,15,ANNUAL,SURVEY,,,,YIELD,NOT SPECIFIED,STATE,1997,00000000,TOTAL,9000,,CROPS,SUGARCANE,15,YEAR,2012-01-01 00:00:00.000
UNITED STATES,FIELD CROPS,,,00,,00,,82.6,,ALL CLASSES,TONS / ACRE,HI,,HAWAII,HAWAII,,"SUGARCANE, SUGAR - YIELD, MEASURED IN TONS / ACRE",ALL PRODUCTION PRACTICES,SUGAR,15,ANNUAL,SURVEY,,,,YIELD,NOT SPECIFIED,STATE,1996,00000000,TOTAL,9000,,CROPS,SUGARCANE,15,YEAR,2012-01-01 00:00:00.000
UNITED STATES,FIELD CROPS,,,00,,00,,81.5,,ALL CLASSES,TONS / ACRE,HI,,HAWAII,HAWAII,,"SUGARCANE, SUGAR - YIELD, MEASURED IN TONS / ACRE",ALL PRODUCTION PRACTICES,SUGAR,15,ANNUAL,SURVEY,,,,YIELD,NOT SPECIFIED,STATE,1995,00000000,TOTAL,9000,,CROPS,SUGARCANE,15,YEAR,2012-01-01 00:00:00.000
UNITED STATES,FIELD CROPS,,,00,,00,,81.9,,ALL CLASSES,TONS / ACRE,HI,,HAWAII,HAWAII,,"SUGARCANE, SUGAR - YIELD, MEASURED IN TONS / ACRE",ALL PRODUCTION PRACTICES,SUGAR,15,ANNUAL,SURVEY,,,,YIELD,NOT SPECIFIED,STATE,1994,00000000,TOTAL,9000,,CROPS,SUGARCANE,15,YEAR,2012-01-01 00:00:00.000
UNITED STATES,FIELD CROPS,,,00,,00,,85,,ALL CLASSES,TONS / ACRE,HI,,HAWAII,HAWAII,,"SUGARCANE, SUGAR - YIELD, MEASURED IN TONS / ACRE",ALL PRODUCTION PRACTICES,SUGAR,15,ANNUAL,SURVEY,,,,YIELD,NOT SPECIFIED,STATE,1993,00000000,TOTAL,9000,,CROPS,SUGARCANE,15,YEAR,2012-01-01 00:00:00.000
UNITED STATES,FIELD CROPS,,,00,,00,,88,,ALL CLASSES,TONS / ACRE,HI,,HAWAII,HAWAII,,"SUGARCANE, SUGAR - YIELD, MEASURED IN TONS / ACRE",ALL PRODUCTION PRACTICES,SUGAR,15,ANNUAL,SURVEY,,,,YIELD,NOT SPECIFIED,STATE,1992,00000000,TOTAL,9000,,CROPS,SUGARCANE,15,YEAR,2012-01-01 00:00:00.000
UNITED STATES,FIELD CROPS,,,00,,00,,86.9,,ALL CLASSES,TONS / ACRE,HI,,HAWAII,HAWAII,,"SUGARCANE, SUGAR - YIELD, MEASURED IN TONS / ACRE",ALL PRODUCTION PRACTICES,SUGAR,15,ANNUAL,SURVEY,,,,YIELD,NOT SPECIFIED,STATE,1991,00000000,TOTAL,9000,,CROPS,SUGARCANE,15,YEAR,2012-01-01 00:00:00.000
UNITED STATES,FIELD CROPS,,,00,,00,,90.8,,ALL CLASSES,TONS / ACRE,HI,,HAWAII,HAWAII,,"SUGARCANE, SUGAR - YIELD, MEASURED IN TONS / ACRE",ALL PRODUCTION PRACTICES,SUGAR,15,ANNUAL,SURVEY,,,,YIELD,NOT SPECIFIED,STATE,1990,00000000,TOTAL,9000,,CROPS,SUGARCANE,15,YEAR,2012-01-01 00:00:00.000
UNITED STATES,FIELD CROPS,,,00,,00,,94.8,,ALL CLASSES,TONS / ACRE,HI,,HAWAII,HAWAII,,"SUGARCANE, SUGAR - YIELD, MEASURED IN TONS / ACRE",ALL PRODUCTION PRACTICES,SUGAR,15,ANNUAL,SURVEY,,,,YIELD,NOT SPECIFIED,STATE,1989,00000000,TOTAL,9000,,CROPS,SUGARCANE,15,YEAR,2012-01-01 00:00:00.000
UNITED STATES,FIELD CROPS,,,00,,00,,96.4,,ALL CLASSES,TONS / ACRE,HI,,HAWAII,HAWAII,,"SUGARCANE, SUGAR - YIELD, MEASURED IN TONS / ACRE",ALL PRODUCTION PRACTICES,SUGAR,15,ANNUAL,SURVEY,,,,YIELD,NOT SPECIFIED,STATE,1988,00000000,TOTAL,9000,,CROPS,SUGARCANE,15,YEAR,2012-01-01 00:00:00.000
UNITED STATES,FIELD CROPS,,,00,,00,,100.8,,ALL CLASSES,TONS / ACRE,HI,,HAWAII,HAWAII,,"SUGARCANE, SUGAR - YIELD, MEASURED IN TONS / ACRE",ALL PRODUCTION PRACTICES,SUGAR,15,ANNUAL,SURVEY,,,,YIELD,NOT SPECIFIED,STATE,1987,00000000,TOTAL,9000,,CROPS,SUGARCANE,15,YEAR,2012-01-01 00:00:00.000
UNITED STATES,FIELD CROPS,,,00,,00,,100.2,,ALL CLASSES,TONS / ACRE,HI,,HAWAII,HAWAII,,"SUGARCANE, SUGAR - YIELD, MEASURED IN TONS / ACRE",ALL PRODUCTION PRACTICES,SUGAR,15,ANNUAL,SURVEY,,,,YIELD,NOT SPECIFIED,STATE,1986,00000000,TOTAL,9000,,CROPS,SUGARCANE,15,YEAR,2012-01-01 00:00:00.000
UNITED STATES,FIELD CROPS,,,00,,00,,95.4,,ALL CLASSES,TONS / ACRE,HI,,HAWAII,HAWAII,,"SUGARCANE, SUGAR - YIELD, MEASURED IN TONS / ACRE",ALL PRODUCTION PRACTICES,SUGAR,15,ANNUAL,SURVEY,,,,YIELD,NOT SPECIFIED,STATE,1985,00000000,TOTAL,9000,,CROPS,SUGARCANE,15,YEAR,2012-01-01 00:00:00.000
UNITED STATES,FIELD CROPS,,,00,,00,,94.5,,ALL CLASSES,TONS / ACRE,HI,,HAWAII,HAWAII,,"SUGARCANE, SUGAR - YIELD, MEASURED IN TONS / ACRE",ALL PRODUCTION PRACTICES,SUGAR,15,ANNUAL,SURVEY,,,,YIELD,NOT SPECIFIED,STATE,1984,00000000,TOTAL,9000,,CROPS,SUGARCANE,15,YEAR,2012-01-01 00:00:00.000
UNITED STATES,FIELD CROPS,,,00,,00,,96.2,,ALL CLASSES,TONS / ACRE,HI,,HAWAII,HAWAII,,"SUGARCANE, SUGAR - YIELD, MEASURED IN TONS / ACRE",ALL PRODUCTION PRACTICES,SUGAR,15,ANNUAL,SURVEY,,,,YIELD,NOT SPECIFIED,STATE,1983,00000000,TOTAL,9000,,CROPS,SUGARCANE,15,YEAR,2012-01-01 00:00:00.000
UNITED STATES,FIELD CROPS,,,00,,00,,98.6,,ALL CLASSES,TONS / ACRE,HI,,HAWAII,HAWAII,,"SUGARCANE, SUGAR - YIELD, MEASURED IN TONS / ACRE",ALL PRODUCTION PRACTICES,SUGAR,15,ANNUAL,SURVEY,,,,YIELD,NOT SPECIFIED,STATE,1982,00000000,TOTAL,9000,,CROPS,SUGARCANE,15,YEAR,2012-01-01 00:00:00.000
UNITED STATES,FIELD CROPS,,,00,,00,,90.5,,ALL CLASSES,TONS / ACRE,HI,,HAWAII,HAWAII,,"SUGARCANE, SUGAR - YIELD, MEASURED IN TONS / ACRE",ALL PRODUCTION PRACTICES,SUGAR,15,ANNUAL,SURVEY,,,,YIELD,NOT SPECIFIED,STATE,1981,00000000,TOTAL,9000,,CROPS,SUGARCANE,15,YEAR,2012-01-01 00:00:00.000
UNITED STATES,FIELD CROPS,,,00,,00,,94.6,,ALL CLASSES,TONS / ACRE,HI,,HAWAII,HAWAII,,"SUGARCANE, SUGAR - YIELD, MEASURED IN TONS / ACRE",ALL PRODUCTION PRACTICES,SUGAR,15,ANNUAL,SURVEY,,,,YIELD,NOT SPECIFIED,STATE,1980,00000000,TOTAL,9000,,CROPS,SUGARCANE,15,YEAR,2012-01-01 00:00:00.000
UNITED STATES,FIELD CROPS,,,00,,00,,95.7,,ALL CLASSES,TONS / ACRE,HI,,HAWAII,HAWAII,,"SUGARCANE, SUGAR - YIELD, MEASURED IN TONS / ACRE",ALL PRODUCTION PRACTICES,SUGAR,15,ANNUAL,SURVEY,,,,YIELD,NOT SPECIFIED,STATE,1979,00000000,TOTAL,9000,,CROPS,SUGARCANE,15,YEAR,2012-01-01 00:00:00.000
UNITED STATES,FIELD CROPS,,,00,,00,,93.2,,ALL CLASSES,TONS / ACRE,HI,,HAWAII,HAWAII,,"SUGARCANE, SUGAR - YIELD, MEASURED IN TONS / ACRE",ALL PRODUCTION PRACTICES,SUGAR,15,ANNUAL,SURVEY,,,,YIELD,NOT SPECIFIED,STATE,1978,00000000,TOTAL,9000,,CROPS,SUGARCANE,15,YEAR,2012-01-01 00:00:00.000
UNITED STATES,FIELD CROPS,,,00,,00,,92.9,,ALL CLASSES,TONS / ACRE,HI,,HAWAII,HAWAII,,"SUGARCANE, SUGAR - YIELD, MEASURED IN TONS / ACRE",ALL PRODUCTION PRACTICES,SUGAR,15,ANNUAL,SURVEY,,,,YIELD,NOT SPECIFIED,STATE,1977,00000000,TOTAL,9000,,CROPS,SUGARCANE,15,YEAR,2012-01-01 00:00:00.000
UNITED STATES,FIELD CROPS,,,00,,00,,91.8,,ALL CLASSES,TONS / ACRE,HI,,HAWAII,HAWAII,,"SUGARCANE, SUGAR - YIELD, MEASURED IN TONS / ACRE",ALL PRODUCTION PRACTICES,SUGAR,15,ANNUAL,SURVEY,,,,YIELD,NOT SPECIFIED,STATE,1976,00000000,TOTAL,9000,,CROPS,SUGARCANE,15,YEAR,2012-01-01 00:00:00.000
UNITED STATES,FIELD CROPS,,,00,,00,,90.2,,ALL CLASSES,TONS / ACRE,HI,,HAWAII,HAWAII,,"SUGARCANE, SUGAR - YIELD, MEASURED IN TONS / ACRE",ALL PRODUCTION PRACTICES,SUGAR,15,ANNUAL,SURVEY,,,,YIELD,NOT SPECIFIED,STATE,1975,00000000,TOTAL,9000,,CROPS,SUGARCANE,15,YEAR,2012-01-01 00:00:00.000
UNITED STATES,FIELD CROPS,,,00,,00,,94.8,,ALL CLASSES,TONS / ACRE,HI,,HAWAII,HAWAII,,"SUGARCANE, SUGAR - YIELD, MEASURED IN TONS / ACRE",ALL PRODUCTION PRACTICES,SUGAR,15,ANNUAL,SURVEY,,,,YIELD,NOT SPECIFIED,STATE,1974,00000000,TOTAL,9000,,CROPS,SUGARCANE,15,YEAR,2012-01-01 00:00:00.000
UNITED STATES,FIELD CROPS,,,00,,00,,89.1,,ALL CLASSES,TONS / ACRE,HI,,HAWAII,HAWAII,,"SUGARCANE, SUGAR - YIELD, MEASURED IN TONS / ACRE",ALL PRODUCTION PRACTICES,SUGAR,15,ANNUAL,SURVEY,,,,YIELD,NOT SPECIFIED,STATE,1973,00000000,TOTAL,9000,,CROPS,SUGARCANE,15,YEAR,2012-01-01 00:00:00.000
UNITED STATES,FIELD CROPS,,,00,,00,,91.5,,ALL CLASSES,TONS / ACRE,HI,,HAWAII,HAWAII,,"SUGARCANE, SUGAR - YIELD, MEASURED IN TONS / ACRE",ALL PRODUCTION PRACTICES,SUGAR,15,ANNUAL,SURVEY,,,,YIELD,NOT SPECIFIED,STATE,1972,00000000,TOTAL,9000,,CROPS,SUGARCANE,15,YEAR,2012-01-01 00:00:00.000
UNITED STATES,FIELD CROPS,,,00,,00,,92.3,,ALL CLASSES,TONS / ACRE,HI,,HAWAII,HAWAII,,"SUGARCANE, SUGAR - YIELD, MEASURED IN TONS / ACRE",ALL PRODUCTION PRACTICES,SUGAR,15,ANNUAL,SURVEY,,,,YIELD,NOT SPECIFIED,STATE,1971,00000000,TOTAL,9000,,CROPS,SUGARCANE,15,YEAR,2012-01-01 00:00:00.000
UNITED STATES,FIELD CROPS,,,00,,00,,91.9,,ALL CLASSES,TONS / ACRE,HI,,HAWAII,HAWAII,,"SUGARCANE, SUGAR - YIELD, MEASURED IN TONS / ACRE",ALL PRODUCTION PRACTICES,SUGAR,15,ANNUAL,SURVEY,,,,YIELD,NOT SPECIFIED,STATE,1970,00000000,TOTAL,9000,,CROPS,SUGARCANE,15,YEAR,2012-01-01 00:00:00.000
UNITED STATES,FIELD CROPS,,,00,,00,,95.8,,ALL CLASSES,TONS / ACRE,HI,,HAWAII,HAWAII,,"SUGARCANE, SUGAR - YIELD, MEASURED IN TONS / ACRE",ALL PRODUCTION PRACTICES,SUGAR,15,ANNUAL,SURVEY,,,,YIELD,NOT SPECIFIED,STATE,1969,00000000,TOTAL,9000,,CROPS,SUGARCANE,15,YEAR,2012-01-01 00:00:00.000
UNITED STATES,FIELD CROPS,,,00,,00,,99.4,,ALL CLASSES,TONS / ACRE,HI,,HAWAII,HAWAII,,"SUGARCANE, SUGAR - YIELD, MEASURED IN TONS / ACRE",ALL PRODUCTION PRACTICES,SUGAR,15,ANNUAL,SURVEY,,,,YIELD,NOT SPECIFIED,STATE,1968,00000000,TOTAL,9000,,CROPS,SUGARCANE,15,YEAR,2012-01-01 00:00:00.000
UNITED STATES,FIELD CROPS,,,00,,00,,98.8,,ALL CLASSES,TONS / ACRE,HI,,HAWAII,HAWAII,,"SUGARCANE, SUGAR - YIELD, MEASURED IN TONS / ACRE",ALL PRODUCTION PRACTICES,SUGAR,15,ANNUAL,SURVEY,,,,YIELD,NOT SPECIFIED,STATE,1967,00000000,TOTAL,9000,,CROPS,SUGARCANE,15,YEAR,2012-01-01 00:00:00.000
UNITED STATES,FIELD CROPS,,,00,,00,,98.8,,ALL CLASSES,TONS / ACRE,HI,,HAWAII,HAWAII,,"SUGARCANE, SUGAR - YIELD, MEASURED IN TONS / ACRE",ALL PRODUCTION PRACTICES,SUGAR,15,ANNUAL,SURVEY,,,,YIELD,NOT SPECIFIED,STATE,1966,00000000,TOTAL,9000,,CROPS,SUGARCANE,15,YEAR,2012-01-01 00:00:00.000
UNITED STATES,FIELD CROPS,,,00,,00,,98,,ALL CLASSES,TONS / ACRE,HI,,HAWAII,HAWAII,,"SUGARCANE, SUGAR - YIELD, MEASURED IN TONS / ACRE",ALL PRODUCTION PRACTICES,SUGAR,15,ANNUAL,SURVEY,,,,YIELD,NOT SPECIFIED,STATE,1965,00000000,TOTAL,9000,,CROPS,SUGARCANE,15,YEAR,2012-01-01 00:00:00.000
UNITED STATES,FIELD CROPS,,,00,,00,,94.7,,ALL CLASSES,TONS / ACRE,HI,,HAWAII,HAWAII,,"SUGARCANE, SUGAR - YIELD, MEASURED IN TONS / ACRE",ALL PRODUCTION PRACTICES,SUGAR,15,ANNUAL,SURVEY,,,,YIELD,NOT SPECIFIED,STATE,1964,00000000,TOTAL,9000,,CROPS,SUGARCANE,15,YEAR,2012-01-01 00:00:00.000
UNITED STATES,FIELD CROPS,,,00,,00,,93.4,,ALL CLASSES,TONS / ACRE,HI,,HAWAII,HAWAII,,"SUGARCANE, SUGAR - YIELD, MEASURED IN TONS / ACRE",ALL PRODUCTION PRACTICES,SUGAR,15,ANNUAL,SURVEY,,,,YIELD,NOT SPECIFIED,STATE,1963,00000000,TOTAL,9000,,CROPS,SUGARCANE,15,YEAR,2012-01-01 00:00:00.000
UNITED STATES,FIELD CROPS,,,00,,00,,90.4,,ALL CLASSES,TONS / ACRE,HI,,HAWAII,HAWAII,,"SUGARCANE, SUGAR - YIELD, MEASURED IN TONS / ACRE",ALL PRODUCTION PRACTICES,SUGAR,15,ANNUAL,SURVEY,,,,YIELD,NOT SPECIFIED,STATE,1962,00000000,TOTAL,9000,,CROPS,SUGARCANE,15,YEAR,2012-01-01 00:00:00.000
UNITED STATES,FIELD CROPS,,,00,,00,,88.6,,ALL CLASSES,TONS / ACRE,HI,,HAWAII,HAWAII,,"SUGARCANE, SUGAR - YIELD, MEASURED IN TONS / ACRE",ALL PRODUCTION PRACTICES,SUGAR,15,ANNUAL,SURVEY,,,,YIELD,NOT SPECIFIED,STATE,1961,00000000,TOTAL,9000,,CROPS,SUGARCANE,15,YEAR,2012-01-01 00:00:00.000
UNITED STATES,FIELD CROPS,,,00,,00,,83.1,,ALL CLASSES,TONS / ACRE,HI,,HAWAII,HAWAII,,"SUGARCANE, SUGAR - YIELD, MEASURED IN TONS / ACRE",ALL PRODUCTION PRACTICES,SUGAR,15,ANNUAL,SURVEY,,,,YIELD,NOT SPECIFIED,STATE,1960,00000000,TOTAL,9000,,CROPS,SUGARCANE,15,YEAR,2012-01-01 00:00:00.000
UNITED STATES,FIELD CROPS,,,00,,00,,85.3,,ALL CLASSES,TONS / ACRE,HI,,HAWAII,HAWAII,,"SUGARCANE, SUGAR - YIELD, MEASURED IN TONS / ACRE",ALL PRODUCTION PRACTICES,SUGAR,15,ANNUAL,SURVEY,,,,YIELD,NOT SPECIFIED,STATE,1959,00000000,TOTAL,9000,,CROPS,SUGARCANE,15,YEAR,2012-01-01 00:00:00.000
UNITED STATES,FIELD CROPS,,,00,,00,,89.8,,ALL CLASSES,TONS / ACRE,HI,,HAWAII,HAWAII,,"SUGARCANE, SUGAR - YIELD, MEASURED IN TONS / ACRE",ALL PRODUCTION PRACTICES,SUGAR,15,ANNUAL,SURVEY,,,,YIELD,NOT SPECIFIED,STATE,1958,00000000,TOTAL,9000,,CROPS,SUGARCANE,15,YEAR,2012-01-01 00:00:00.000
UNITED STATES,FIELD CROPS,,,00,,00,,88.5,,ALL CLASSES,TONS / ACRE,HI,,HAWAII,HAWAII,,"SUGARCANE, SUGAR - YIELD, MEASURED IN TONS / ACRE",ALL PRODUCTION PRACTICES,SUGAR,15,ANNUAL,SURVEY,,,,YIELD,NOT SPECIFIED,STATE,1957,00000000,TOTAL,9000,,CROPS,SUGARCANE,15,YEAR,2012-01-01 00:00:00.000
UNITED STATES,FIELD CROPS,,,00,,00,,92.6,,ALL CLASSES,TONS / ACRE,HI,,HAWAII,HAWAII,,"SUGARCANE, SUGAR - YIELD, MEASURED IN TONS / ACRE",ALL PRODUCTION PRACTICES,SUGAR,15,ANNUAL,SURVEY,,,,YIELD,NOT SPECIFIED,STATE,1956,00000000,TOTAL,9000,,CROPS,SUGARCANE,15,YEAR,2012-01-01 00:00:00.000
UNITED STATES,FIELD CROPS,,,00,,00,,92.9,,ALL CLASSES,TONS / ACRE,HI,,HAWAII,HAWAII,,"SUGARCANE, SUGAR - YIELD, MEASURED IN TONS / ACRE",ALL PRODUCTION PRACTICES,SUGAR,15,ANNUAL,SURVEY,,,,YIELD,NOT SPECIFIED,STATE,1955,00000000,TOTAL,9000,,CROPS,SUGARCANE,15,YEAR,2012-01-01 00:00:00.000
UNITED STATES,FIELD CROPS,,,00,,00,,87.7,,ALL CLASSES,TONS / ACRE,HI,,HAWAII,HAWAII,,"SUGARCANE, SUGAR - YIELD, MEASURED IN TONS / ACRE",ALL PRODUCTION PRACTICES,SUGAR,15,ANNUAL,SURVEY,,,,YIELD,NOT SPECIFIED,STATE,1954,00000000,TOTAL,9000,,CROPS,SUGARCANE,15,YEAR,2012-01-01 00:00:00.000
UNITED STATES,FIELD CROPS,,,00,,00,,83.1,,ALL CLASSES,TONS / ACRE,HI,,HAWAII,HAWAII,,"SUGARCANE, SUGAR - YIELD, MEASURED IN TONS / ACRE",ALL PRODUCTION PRACTICES,SUGAR,15,ANNUAL,SURVEY,,,,YIELD,NOT SPECIFIED,STATE,1953,00000000,TOTAL,9000,,CROPS,SUGARCANE,15,YEAR,2012-01-01 00:00:00.000
UNITED STATES,FIELD CROPS,,,00,,00,,80.4,,ALL CLASSES,TONS / ACRE,HI,,HAWAII,HAWAII,,"SUGARCANE, SUGAR - YIELD, MEASURED IN TONS / ACRE",ALL PRODUCTION PRACTICES,SUGAR,15,ANNUAL,SURVEY,,,,YIELD,NOT SPECIFIED,STATE,1952,00000000,TOTAL,9000,,CROPS,SUGARCANE,15,YEAR,2012-01-01 00:00:00.000
UNITED STATES,FIELD CROPS,,,00,,00,,77.4,,ALL CLASSES,TONS / ACRE,HI,,HAWAII,HAWAII,,"SUGARCANE, SUGAR - YIELD, MEASURED IN TONS / ACRE",ALL PRODUCTION PRACTICES,SUGAR,15,ANNUAL,SURVEY,,,,YIELD,NOT SPECIFIED,STATE,1951,00000000,TOTAL,9000,,CROPS,SUGARCANE,15,YEAR,2012-01-01 00:00:00.000
UNITED STATES,FIELD CROPS,,,00,,00,,74.7,,ALL CLASSES,TONS / ACRE,HI,,HAWAII,HAWAII,,"SUGARCANE, SUGAR - YIELD, MEASURED IN TONS / ACRE",ALL PRODUCTION PRACTICES,SUGAR,15,ANNUAL,SURVEY,,,,YIELD,NOT SPECIFIED,STATE,1950,00000000,TOTAL,9000,,CROPS,SUGARCANE,15,YEAR,2012-01-01 00:00:00.000
UNITED STATES,FIELD CROPS,,,00,,00,,74,,ALL CLASSES,TONS / ACRE,HI,,HAWAII,HAWAII,,"SUGARCANE, SUGAR - YIELD, MEASURED IN TONS / ACRE",ALL PRODUCTION PRACTICES,SUGAR,15,ANNUAL,SURVEY,,,,YIELD,NOT SPECIFIED,STATE,1949,00000000,TOTAL,9000,,CROPS,SUGARCANE,15,YEAR,2012-01-01 00:00:00.000
UNITED STATES,FIELD CROPS,,,00,,00,,75.4,,ALL CLASSES,TONS / ACRE,HI,,HAWAII,HAWAII,,"SUGARCANE, SUGAR - YIELD, MEASURED IN TONS / ACRE",ALL PRODUCTION PRACTICES,SUGAR,15,ANNUAL,SURVEY,,,,YIELD,NOT SPECIFIED,STATE,1948,00000000,TOTAL,9000,,CROPS,SUGARCANE,15,YEAR,2012-01-01 00:00:00.000
UNITED STATES,FIELD CROPS,,,00,,00,,70.3,,ALL CLASSES,TONS / ACRE,HI,,HAWAII,HAWAII,,"SUGARCANE, SUGAR - YIELD, MEASURED IN TONS / ACRE",ALL PRODUCTION PRACTICES,SUGAR,15,ANNUAL,SURVEY,,,,YIELD,NOT SPECIFIED,STATE,1947,00000000,TOTAL,9000,,CROPS,SUGARCANE,15,YEAR,2012-01-01 00:00:00.000
UNITED STATES,FIELD CROPS,,,00,,00,,71.1,,ALL CLASSES,TONS / ACRE,HI,,HAWAII,HAWAII,,"SUGARCANE, SUGAR - YIELD, MEASURED IN TONS / ACRE",ALL PRODUCTION PRACTICES,SUGAR,15,ANNUAL,SURVEY,,,,YIELD,NOT SPECIFIED,STATE,1946,00000000,TOTAL,9000,,CROPS,SUGARCANE,15,YEAR,2012-01-01 00:00:00.000
UNITED STATES,FIELD CROPS,,,00,,00,,71.4,,ALL CLASSES,TONS / ACRE,HI,,HAWAII,HAWAII,,"SUGARCANE, SUGAR - YIELD, MEASURED IN TONS / ACRE",ALL PRODUCTION PRACTICES,SUGAR,15,ANNUAL,SURVEY,,,,YIELD,NOT SPECIFIED,STATE,1945,00000000,TOTAL,9000,,CROPS,SUGARCANE,15,YEAR,2012-01-01 00:00:00.000
UNITED STATES,FIELD CROPS,,,00,,00,,71.5,,ALL CLASSES,TONS / ACRE,HI,,HAWAII,HAWAII,,"SUGARCANE, SUGAR - YIELD, MEASURED IN TONS / ACRE",ALL PRODUCTION PRACTICES,SUGAR,15,ANNUAL,SURVEY,,,,YIELD,NOT SPECIFIED,STATE,1944,00000000,TOTAL,9000,,CROPS,SUGARCANE,15,YEAR,2012-01-01 00:00:00.000
UNITED STATES,FIELD CROPS,,,00,,00,,71.9,,ALL CLASSES,TONS / ACRE,HI,,HAWAII,HAWAII,,"SUGARCANE, SUGAR - YIELD, MEASURED IN TONS / ACRE",ALL PRODUCTION PRACTICES,SUGAR,15,ANNUAL,SURVEY,,,,YIELD,NOT SPECIFIED,STATE,1943,00000000,TOTAL,9000,,CROPS,SUGARCANE,15,YEAR,2012-01-01 00:00:00.000
UNITED STATES,FIELD CROPS,,,00,,00,,69,,ALL CLASSES,TONS / ACRE,HI,,HAWAII,HAWAII,,"SUGARCANE, SUGAR - YIELD, MEASURED IN TONS / ACRE",ALL PRODUCTION PRACTICES,SUGAR,15,ANNUAL,SURVEY,,,,YIELD,NOT SPECIFIED,STATE,1942,00000000,TOTAL,9000,,CROPS,SUGARCANE,15,YEAR,2012-01-01 00:00:00.000
UNITED STATES,FIELD CROPS,,,00,,00,,65.4,,ALL CLASSES,TONS / ACRE,HI,,HAWAII,HAWAII,,"SUGARCANE, SUGAR - YIELD, MEASURED IN TONS / ACRE",ALL PRODUCTION PRACTICES,SUGAR,15,ANNUAL,SURVEY,,,,YIELD,NOT SPECIFIED,STATE,1941,00000000,TOTAL,9000,,CROPS,SUGARCANE,15,YEAR,2012-01-01 00:00:00.000
UNITED STATES,FIELD CROPS,,,00,,00,,62.7,,ALL CLASSES,TONS / ACRE,HI,,HAWAII,HAWAII,,"SUGARCANE, SUGAR - YIELD, MEASURED IN TONS / ACRE",ALL PRODUCTION PRACTICES,SUGAR,15,ANNUAL,SURVEY,,,,YIELD,NOT SPECIFIED,STATE,1940,00000000,TOTAL,9000,,CROPS,SUGARCANE,15,YEAR,2012-01-01 00:00:00.000
UNITED STATES,FIELD CROPS,,,00,,00,,62.2,,ALL CLASSES,TONS / ACRE,HI,,HAWAII,HAWAII,,"SUGARCANE, SUGAR - YIELD, MEASURED IN TONS / ACRE",ALL PRODUCTION PRACTICES,SUGAR,15,ANNUAL,SURVEY,,,,YIELD,NOT SPECIFIED,STATE,1939,00000000,TOTAL,9000,,CROPS,SUGARCANE,15,YEAR,2012-01-01 00:00:00.000
UNITED STATES,FIELD CROPS,,,00,,00,,65,,ALL CLASSES,TONS / ACRE,HI,,HAWAII,HAWAII,,"SUGARCANE, SUGAR - YIELD, MEASURED IN TONS / ACRE",ALL PRODUCTION PRACTICES,SUGAR,15,ANNUAL,SURVEY,,,,YIELD,NOT SPECIFIED,STATE,1938,00000000,TOTAL,9000,,CROPS,SUGARCANE,15,YEAR,2012-01-01 00:00:00.000
UNITED STATES,FIELD CROPS,,,00,,00,,69.5,,ALL CLASSES,TONS / ACRE,HI,,HAWAII,HAWAII,,"SUGARCANE, SUGAR - YIELD, MEASURED IN TONS / ACRE",ALL PRODUCTION PRACTICES,SUGAR,15,ANNUAL,SURVEY,,,,YIELD,NOT SPECIFIED,STATE,1937,00000000,TOTAL,9000,,CROPS,SUGARCANE,15,YEAR,2012-01-01 00:00:00.000
UNITED STATES,FIELD CROPS,,,00,,00,,70.1,,ALL CLASSES,TONS / ACRE,HI,,HAWAII,HAWAII,,"SUGARCANE, SUGAR - YIELD, MEASURED IN TONS / ACRE",ALL PRODUCTION PRACTICES,SUGAR,15,ANNUAL,SURVEY,,,,YIELD,NOT SPECIFIED,STATE,1936,00000000,TOTAL,9000,,CROPS,SUGARCANE,15,YEAR,2012-01-01 00:00:00.000
UNITED STATES,FIELD CROPS,,,00,,00,,67.8,,ALL CLASSES,TONS / ACRE,HI,,HAWAII,HAWAII,,"SUGARCANE, SUGAR - YIELD, MEASURED IN TONS / ACRE",ALL PRODUCTION PRACTICES,SUGAR,15,ANNUAL,SURVEY,,,,YIELD,NOT SPECIFIED,STATE,1935,00000000,TOTAL,9000,,CROPS,SUGARCANE,15,YEAR,2012-01-01 00:00:00.000
UNITED STATES,FIELD CROPS,,,00,,00,,59.5,,ALL CLASSES,TONS / ACRE,HI,,HAWAII,HAWAII,,"SUGARCANE, SUGAR - YIELD, MEASURED IN TONS / ACRE",ALL PRODUCTION PRACTICES,SUGAR,15,ANNUAL,SURVEY,,,,YIELD,NOT SPECIFIED,STATE,1934,00000000,TOTAL,9000,,CROPS,SUGARCANE,15,YEAR,2012-01-01 00:00:00.000
UNITED STATES,FIELD CROPS,,,00,,00,,86.2,,ALL CLASSES,TONS / ACRE,HI,,HAWAII,HAWAII,,"SUGARCANE, SUGAR & SEED - YIELD, MEASURED IN TONS / ACRE",ALL PRODUCTION PRACTICES,SUGAR & SEED,15,ANNUAL,SURVEY,,,,YIELD,NOT SPECIFIED,STATE,2016,00000000,TOTAL,9000,,CROPS,SUGARCANE,15,YEAR,2019-02-06 15:00:06.000
UNITED STATES,FIELD CROPS,,,00,,00,,82.7,,ALL CLASSES,TONS / ACRE,HI,,HAWAII,HAWAII,,"SUGARCANE, SUGAR & SEED - YIELD, MEASURED IN TONS / ACRE",ALL PRODUCTION PRACTICES,SUGAR & SEED,15,ANNUAL,SURVEY,,,,YIELD,NOT SPECIFIED,STATE,2016,00000000,TOTAL,9000,,CROPS,SUGARCANE,15,YEAR - AUG FORECAST,2016-08-12 12:00:00.000
UNITED STATES,FIELD CROPS,,,00,,00,,91.9,,ALL CLASSES,TONS / ACRE,HI,,HAWAII,HAWAII,,"SUGARCANE, SUGAR & SEED - YIELD, MEASURED IN TONS / ACRE",ALL PRODUCTION PRACTICES,SUGAR & SEED,15,ANNUAL,SURVEY,,,,YIELD,NOT SPECIFIED,STATE,2016,00000000,TOTAL,9000,,CROPS,SUGARCANE,15,YEAR - DEC FORECAST,2016-12-09 12:00:00.000
UNITED STATES,FIELD CROPS,,,00,,00,,91.9,,ALL CLASSES,TONS / ACRE,HI,,HAWAII,HAWAII,,"SUGARCANE, SUGAR & SEED - YIELD, MEASURED IN TONS / ACRE",ALL PRODUCTION PRACTICES,SUGAR & SEED,15,ANNUAL,SURVEY,,,,YIELD,NOT SPECIFIED,STATE,2016,00000000,TOTAL,9000,,CROPS,SUGARCANE,15,YEAR - NOV FORECAST,2016-11-09 13:11:41.000
UNITED STATES,FIELD CROPS,,,00,,00,,91.9,,ALL CLASSES,TONS / ACRE,HI,,HAWAII,HAWAII,,"SUGARCANE, SUGAR & SEED - YIELD, MEASURED IN TONS / ACRE",ALL PRODUCTION PRACTICES,SUGAR & SEED,15,ANNUAL,SURVEY,,,,YIELD,NOT SPECIFIED,STATE,2016,00000000,TOTAL,9000,,CROPS,SUGARCANE,15,YEAR - OCT FORECAST,2016-10-12 12:00:00.000
UNITED STATES,FIELD CROPS,,,00,,00,,91.9,,ALL CLASSES,TONS / ACRE,HI,,HAWAII,HAWAII,,"SUGARCANE, SUGAR & SEED - YIELD, MEASURED IN TONS / ACRE",ALL PRODUCTION PRACTICES,SUGAR & SEED,15,ANNUAL,SURVEY,,,,YIELD,NOT SPECIFIED,STATE,2016,00000000,TOTAL,9000,,CROPS,SUGARCANE,15,YEAR - SEP FORECAST,2016-09-12 12:00:00.000
UNITED STATES,FIELD CROPS,,,00,,00,,78.3,,ALL CLASSES,TONS / ACRE,HI,,HAWAII,HAWAII,,"SUGARCANE, SUGAR & SEED - YIELD, MEASURED IN TONS / ACRE",ALL PRODUCTION PRACTICES,SUGAR & SEED,15,ANNUAL,SURVEY,,,,YIELD,NOT SPECIFIED,STATE,2015,00000000,TOTAL,9000,,CROPS,SUGARCANE,15,YEAR,2019-02-06 15:00:06.000
UNITED STATES,FIELD CROPS,,,00,,00,,78.4,,ALL CLASSES,TONS / ACRE,HI,,HAWAII,HAWAII,,"SUGARCANE, SUGAR & SEED - YIELD, MEASURED IN TONS / ACRE",ALL PRODUCTION PRACTICES,SUGAR & SEED,15,ANNUAL,SURVEY,,,,YIELD,NOT SPECIFIED,STATE,2015,00000000,TOTAL,9000,,CROPS,SUGARCANE,15,YEAR - AUG FORECAST,2015-08-12 12:00:00.000
UNITED STATES,FIELD CROPS,,,00,,00,,78.4,,ALL CLASSES,TONS / ACRE,HI,,HAWAII,HAWAII,,"SUGARCANE, SUGAR & SEED - YIELD, MEASURED IN TONS / ACRE",ALL PRODUCTION PRACTICES,SUGAR & SEED,15,ANNUAL,SURVEY,,,,YIELD,NOT SPECIFIED,STATE,2015,00000000,TOTAL,9000,,CROPS,SUGARCANE,15,YEAR - DEC FORECAST,2015-12-09 12:09:37.000
UNITED STATES,FIELD CROPS,,,00,,00,,78.4,,ALL CLASSES,TONS / ACRE,HI,,HAWAII,HAWAII,,"SUGARCANE, SUGAR & SEED - YIELD, MEASURED IN TONS / ACRE",ALL PRODUCTION PRACTICES,SUGAR & SEED,15,ANNUAL,SURVEY,,,,YIELD,NOT SPECIFIED,STATE,2015,00000000,TOTAL,9000,,CROPS,SUGARCANE,15,YEAR - NOV FORECAST,2015-11-10 12:00:00.000
UNITED STATES,FIELD CROPS,,,00,,00,,78.4,,ALL CLASSES,TONS / ACRE,HI,,HAWAII,HAWAII,,"SUGARCANE, SUGAR & SEED - YIELD, MEASURED IN TONS / ACRE",ALL PRODUCTION PRACTICES,SUGAR & SEED,15,ANNUAL,SURVEY,,,,YIELD,NOT SPECIFIED,STATE,2015,00000000,TOTAL,9000,,CROPS,SUGARCANE,15,YEAR - OCT FORECAST,2015-10-09 12:00:00.000
UNITED STATES,FIELD CROPS,,,00,,00,,78.4,,ALL CLASSES,TONS / ACRE,HI,,HAWAII,HAWAII,,"SUGARCANE, SUGAR & SEED - YIELD, MEASURED IN TONS / ACRE",ALL PRODUCTION PRACTICES,SUGAR & SEED,15,ANNUAL,SURVEY,,,,YIELD,NOT SPECIFIED,STATE,2015,00000000,TOTAL,9000,,CROPS,SUGARCANE,15,YEAR - SEP FORECAST,2015-09-11 12:00:00.000
UNITED STATES,FIELD CROPS,,,00,,00,,79.6,,ALL CLASSES,TONS / ACRE,HI,,HAWAII,HAWAII,,"SUGARCANE, SUGAR & SEED - YIELD, MEASURED IN TONS / ACRE",ALL PRODUCTION PRACTICES,SUGAR & SEED,15,ANNUAL,SURVEY,,,,YIELD,NOT SPECIFIED,STATE,2014,00000000,TOTAL,9000,,CROPS,SUGARCANE,15,YEAR,2019-02-06 15:00:06.000
UNITED STATES,FIELD CROPS,,,00,,00,,75,,ALL CLASSES,TONS / ACRE,HI,,HAWAII,HAWAII,,"SUGARCANE, SUGAR & SEED - YIELD, MEASURED IN TONS / ACRE",ALL PRODUCTION PRACTICES,SUGAR & SEED,15,ANNUAL,SURVEY,,,,YIELD,NOT SPECIFIED,STATE,2014,00000000,TOTAL,9000,,CROPS,SUGARCANE,15,YEAR - AUG FORECAST,2014-08-12 12:08:43.000
UNITED STATES,FIELD CROPS,,,00,,00,,74.9,,ALL CLASSES,TONS / ACRE,HI,,HAWAII,HAWAII,,"SUGARCANE, SUGAR & SEED - YIELD, MEASURED IN TONS / ACRE",ALL PRODUCTION PRACTICES,SUGAR & SEED,15,ANNUAL,SURVEY,,,,YIELD,NOT SPECIFIED,STATE,2014,00000000,TOTAL,9000,,CROPS,SUGARCANE,15,YEAR - DEC FORECAST,2015-02-10 12:01:19.000
UNITED STATES,FIELD CROPS,,,00,,00,,74.9,,ALL CLASSES,TONS / ACRE,HI,,HAWAII,HAWAII,,"SUGARCANE, SUGAR & SEED - YIELD, MEASURED IN TONS / ACRE",ALL PRODUCTION PRACTICES,SUGAR & SEED,15,ANNUAL,SURVEY,,,,YIELD,NOT SPECIFIED,STATE,2014,00000000,TOTAL,9000,,CROPS,SUGARCANE,15,YEAR - FEB FORECAST,2015-03-10 12:01:04.000
UNITED STATES,FIELD CROPS,,,00,,00,,75,,ALL CLASSES,TONS / ACRE,HI,,HAWAII,HAWAII,,"SUGARCANE, SUGAR & SEED - YIELD, MEASURED IN TONS / ACRE",ALL PRODUCTION PRACTICES,SUGAR & SEED,15,ANNUAL,SURVEY,,,,YIELD,NOT SPECIFIED,STATE,2014,00000000,TOTAL,9000,,CROPS,SUGARCANE,15,YEAR - NOV FORECAST,2014-12-10 12:22:11.000
UNITED STATES,FIELD CROPS,,,00,,00,,75,,ALL CLASSES,TONS / ACRE,HI,,HAWAII,HAWAII,,"SUGARCANE, SUGAR & SEED - YIELD, MEASURED IN TONS / ACRE",ALL PRODUCTION PRACTICES,SUGAR & SEED,15,ANNUAL,SURVEY,,,,YIELD,NOT SPECIFIED,STATE,2014,00000000,TOTAL,9000,,CROPS,SUGARCANE,15,YEAR - OCT FORECAST,2014-10-10 12:19:39.000
UNITED STATES,FIELD CROPS,,,00,,00,,75,,ALL CLASSES,TONS / ACRE,HI,,HAWAII,HAWAII,,"SUGARCANE, SUGAR & SEED - YIELD, MEASURED IN TONS / ACRE",ALL PRODUCTION PRACTICES,SUGAR & SEED,15,ANNUAL,SURVEY,,,,YIELD,NOT SPECIFIED,STATE,2014,00000000,TOTAL,9000,,CROPS,SUGARCANE,15,YEAR - SEP FORECAST,2014-09-11 12:09:02.000
UNITED STATES,FIELD CROPS,,,00,,00,,78.9,,ALL CLASSES,TONS / ACRE,HI,,HAWAII,HAWAII,,"SUGARCANE, SUGAR & SEED - YIELD, MEASURED IN TONS / ACRE",ALL PRODUCTION PRACTICES,SUGAR & SEED,15,ANNUAL,SURVEY,,,,YIELD,NOT SPECIFIED,STATE,2013,00000000,TOTAL,9000,,CROPS,SUGARCANE,15,YEAR,2019-02-06 15:00:06.000
UNITED STATES,FIELD CROPS,,,00,,00,,80.8,,ALL CLASSES,TONS / ACRE,HI,,HAWAII,HAWAII,,"SUGARCANE, SUGAR & SEED - YIELD, MEASURED IN TONS / ACRE",ALL PRODUCTION PRACTICES,SUGAR & SEED,15,ANNUAL,SURVEY,,,,YIELD,NOT SPECIFIED,STATE,2013,00000000,TOTAL,9000,,CROPS,SUGARCANE,15,YEAR - AUG FORECAST,2013-08-12 13:39:11.000
UNITED STATES,FIELD CROPS,,,00,,00,,80.7,,ALL CLASSES,TONS / ACRE,HI,,HAWAII,HAWAII,,"SUGARCANE, SUGAR & SEED - YIELD, MEASURED IN TONS / ACRE",ALL PRODUCTION PRACTICES,SUGAR & SEED,15,ANNUAL,SURVEY,,,,YIELD,NOT SPECIFIED,STATE,2013,00000000,TOTAL,9000,,CROPS,SUGARCANE,15,YEAR - DEC FORECAST,2014-03-10 12:02:59.000
UNITED STATES,FIELD CROPS,,,00,,00,,80.8,,ALL CLASSES,TONS / ACRE,HI,,HAWAII,HAWAII,,"SUGARCANE, SUGAR & SEED - YIELD, MEASURED IN TONS / ACRE",ALL PRODUCTION PRACTICES,SUGAR & SEED,15,ANNUAL,SURVEY,,,,YIELD,NOT SPECIFIED,STATE,2013,00000000,TOTAL,9000,,CROPS,SUGARCANE,15,YEAR - NOV FORECAST,2013-12-10 12:10:37.000
UNITED STATES,FIELD CROPS,,,00,,00,,80.8,,ALL CLASSES,TONS / ACRE,HI,,HAWAII,HAWAII,,"SUGARCANE, SUGAR & SEED - YIELD, MEASURED IN TONS / ACRE",ALL PRODUCTION PRACTICES,SUGAR & SEED,15,ANNUAL,SURVEY,,,,YIELD,NOT SPECIFIED,STATE,2013,00000000,TOTAL,9000,,CROPS,SUGARCANE,15,YEAR - SEP FORECAST,2013-09-12 14:51:04.000
UNITED STATES,FIELD CROPS,,,00,,00,,75.1,,ALL CLASSES,TONS / ACRE,HI,,HAWAII,HAWAII,,"SUGARCANE, SUGAR & SEED - YIELD, MEASURED IN TONS / ACRE",ALL PRODUCTION PRACTICES,SUGAR & SEED,15,ANNUAL,SURVEY,,,,YIELD,NOT SPECIFIED,STATE,2012,00000000,TOTAL,9000,,CROPS,SUGARCANE,15,YEAR,2014-11-03 15:05:48.000
UNITED STATES,FIELD CROPS,,,00,,00,,80,,ALL CLASSES,TONS / ACRE,HI,,HAWAII,HAWAII,,"SUGARCANE, SUGAR & SEED - YIELD, MEASURED IN TONS / ACRE",ALL PRODUCTION PRACTICES,SUGAR & SEED,15,ANNUAL,SURVEY,,,,YIELD,NOT SPECIFIED,STATE,2012,00000000,TOTAL,9000,,CROPS,SUGARCANE,15,YEAR - AUG FORECAST,2012-08-10 12:59:15.000
UNITED STATES,FIELD CROPS,,,00,,00,,79.9,,ALL CLASSES,TONS / ACRE,HI,,HAWAII,HAWAII,,"SUGARCANE, SUGAR & SEED - YIELD, MEASURED IN TONS / ACRE",ALL PRODUCTION PRACTICES,SUGAR & SEED,15,ANNUAL,SURVEY,,,,YIELD,NOT SPECIFIED,STATE,2012,00000000,TOTAL,9000,,CROPS,SUGARCANE,15,YEAR - DEC FORECAST,2013-03-08 12:45:17.000
UNITED STATES,FIELD CROPS,,,00,,00,,80,,ALL CLASSES,TONS / ACRE,HI,,HAWAII,HAWAII,,"SUGARCANE, SUGAR & SEED - YIELD, MEASURED IN TONS / ACRE",ALL PRODUCTION PRACTICES,SUGAR & SEED,15,ANNUAL,SURVEY,,,,YIELD,NOT SPECIFIED,STATE,2012,00000000,TOTAL,9000,,CROPS,SUGARCANE,15,YEAR - NOV FORECAST,2012-12-11 11:18:29.000
UNITED STATES,FIELD CROPS,,,00,,00,,80,,ALL CLASSES,TONS / ACRE,HI,,HAWAII,HAWAII,,"SUGARCANE, SUGAR & SEED - YIELD, MEASURED IN TONS / ACRE",ALL PRODUCTION PRACTICES,SUGAR & SEED,15,ANNUAL,SURVEY,,,,YIELD,NOT SPECIFIED,STATE,2012,00000000,TOTAL,9000,,CROPS,SUGARCANE,15,YEAR - OCT FORECAST,2012-10-11 11:19:07.000
UNITED STATES,FIELD CROPS,,,00,,00,,80,,ALL CLASSES,TONS / ACRE,HI,,HAWAII,HAWAII,,"SUGARCANE, SUGAR & SEED - YIELD, MEASURED IN TONS / ACRE",ALL PRODUCTION PRACTICES,SUGAR & SEED,15,ANNUAL,SURVEY,,,,YIELD,NOT SPECIFIED,STATE,2012,00000000,TOTAL,9000,,CROPS,SUGARCANE,15,YEAR - SEP FORECAST,2012-09-12 11:03:54.000
UNITED STATES,FIELD CROPS,,,00,,00,,80.2,,ALL CLASSES,TONS / ACRE,HI,,HAWAII,HAWAII,,"SUGARCANE, SUGAR & SEED - YIELD, MEASURED IN TONS / ACRE",ALL PRODUCTION PRACTICES,SUGAR & SEED,15,ANNUAL,SURVEY,,,,YIELD,NOT SPECIFIED,STATE,2011,00000000,TOTAL,9000,,CROPS,SUGARCANE,15,YEAR,2014-11-03 15:05:48.000
UNITED STATES,FIELD CROPS,,,00,,00,,77.4,,ALL CLASSES,TONS / ACRE,HI,,HAWAII,HAWAII,,"SUGARCANE, SUGAR & SEED - YIELD, MEASURED IN TONS / ACRE",ALL PRODUCTION PRACTICES,SUGAR & SEED,15,ANNUAL,SURVEY,,,,YIELD,NOT SPECIFIED,STATE,2011,00000000,TOTAL,9000,,CROPS,SUGARCANE,15,YEAR - AUG FORECAST,2012-01-01 00:00:00.000
UNITED STATES,FIELD CROPS,,,00,,00,,77.4,,ALL CLASSES,TONS / ACRE,HI,,HAWAII,HAWAII,,"SUGARCANE, SUGAR & SEED - YIELD, MEASURED IN TONS / ACRE",ALL PRODUCTION PRACTICES,SUGAR & SEED,15,ANNUAL,SURVEY,,,,YIELD,NOT SPECIFIED,STATE,2011,00000000,TOTAL,9000,,CROPS,SUGARCANE,15,YEAR - DEC FORECAST,2012-01-01 00:00:00.000
UNITED STATES,FIELD CROPS,,,00,,00,,77.4,,ALL CLASSES,TONS / ACRE,HI,,HAWAII,HAWAII,,"SUGARCANE, SUGAR & SEED - YIELD, MEASURED IN TONS / ACRE",ALL PRODUCTION PRACTICES,SUGAR & SEED,15,ANNUAL,SURVEY,,,,YIELD,NOT SPECIFIED,STATE,2011,00000000,TOTAL,9000,,CROPS,SUGARCANE,15,YEAR - NOV FORECAST,2012-01-01 00:00:00.000
UNITED STATES,FIELD CROPS,,,00,,00,,77.4,,ALL CLASSES,TONS / ACRE,HI,,HAWAII,HAWAII,,"SUGARCANE, SUGAR & SEED - YIELD, MEASURED IN TONS / ACRE",ALL PRODUCTION PRACTICES,SUGAR & SEED,15,ANNUAL,SURVEY,,,,YIELD,NOT SPECIFIED,STATE,2011,00000000,TOTAL,9000,,CROPS,SUGARCANE,15,YEAR - OCT FORECAST,2012-01-01 00:00:00.000
UNITED STATES,FIELD CROPS,,,00,,00,,77.4,,ALL CLASSES,TONS / ACRE,HI,,HAWAII,HAWAII,,"SUGARCANE, SUGAR & SEED - YIELD, MEASURED IN TONS / ACRE",ALL PRODUCTION PRACTICES,SUGAR & SEED,15,ANNUAL,SURVEY,,,,YIELD,NOT SPECIFIED,STATE,2011,00000000,TOTAL,9000,,CROPS,SUGARCANE,15,YEAR - SEP FORECAST,2012-01-01 00:00:00.000
UNITED STATES,FIELD CROPS,,,00,,00,,71.6,,ALL CLASSES,TONS / ACRE,HI,,HAWAII,HAWAII,,"SUGARCANE, SUGAR & SEED - YIELD, MEASURED IN TONS / ACRE",ALL PRODUCTION PRACTICES,SUGAR & SEED,15,ANNUAL,SURVEY,,,,YIELD,NOT SPECIFIED,STATE,2010,00000000,TOTAL,9000,,CROPS,SUGARCANE,15,YEAR,2014-11-03 15:05:48.000
UNITED STATES,FIELD CROPS,,,00,,00,,72.2,,ALL CLASSES,TONS / ACRE,HI,,HAWAII,HAWAII,,"SUGARCANE, SUGAR & SEED - YIELD, MEASURED IN TONS / ACRE",ALL PRODUCTION PRACTICES,SUGAR & SEED,15,ANNUAL,SURVEY,,,,YIELD,NOT SPECIFIED,STATE,2010,00000000,TOTAL,9000,,CROPS,SUGARCANE,15,YEAR - AUG FORECAST,2012-01-01 00:00:00.000
UNITED STATES,FIELD CROPS,,,00,,00,,72.3,,ALL CLASSES,TONS / ACRE,HI,,HAWAII,HAWAII,,"SUGARCANE, SUGAR & SEED - YIELD, MEASURED IN TONS / ACRE",ALL PRODUCTION PRACTICES,SUGAR & SEED,15,ANNUAL,SURVEY,,,,YIELD,NOT SPECIFIED,STATE,2010,00000000,TOTAL,9000,,CROPS,SUGARCANE,15,YEAR - DEC FORECAST,2012-01-01 00:00:00.000
UNITED STATES,FIELD CROPS,,,00,,00,,72.3,,ALL CLASSES,TONS / ACRE,HI,,HAWAII,HAWAII,,"SUGARCANE, SUGAR & SEED - YIELD, MEASURED IN TONS / ACRE",ALL PRODUCTION PRACTICES,SUGAR & SEED,15,ANNUAL,SURVEY,,,,YIELD,NOT SPECIFIED,STATE,2010,00000000,TOTAL,9000,,CROPS,SUGARCANE,15,YEAR - FEB FORECAST,2012-01-01 00:00:00.000
UNITED STATES,FIELD CROPS,,,00,,00,,72.2,,ALL CLASSES,TONS / ACRE,HI,,HAWAII,HAWAII,,"SUGARCANE, SUGAR & SEED - YIELD, MEASURED IN TONS / ACRE",ALL PRODUCTION PRACTICES,SUGAR & SEED,15,ANNUAL,SURVEY,,,,YIELD,NOT SPECIFIED,STATE,2010,00000000,TOTAL,9000,,CROPS,SUGARCANE,15,YEAR - NOV FORECAST,2012-01-01 00:00:00.000
UNITED STATES,FIELD CROPS,,,00,,00,,72.2,,ALL CLASSES,TONS / ACRE,HI,,HAWAII,HAWAII,,"SUGARCANE, SUGAR & SEED - YIELD, MEASURED IN TONS / ACRE",ALL PRODUCTION PRACTICES,SUGAR & SEED,15,ANNUAL,SURVEY,,,,YIELD,NOT SPECIFIED,STATE,2010,00000000,TOTAL,9000,,CROPS,SUGARCANE,15,YEAR - OCT FORECAST,2012-01-01 00:00:00.000
UNITED STATES,FIELD CROPS,,,00,,00,,72.2,,ALL CLASSES,TONS / ACRE,HI,,HAWAII,HAWAII,,"SUGARCANE, SUGAR & SEED - YIELD, MEASURED IN TONS / ACRE",ALL PRODUCTION PRACTICES,SUGAR & SEED,15,ANNUAL,SURVEY,,,,YIELD,NOT SPECIFIED,STATE,2010,00000000,TOTAL,9000,,CROPS,SUGARCANE,15,YEAR - SEP FORECAST,2012-01-01 00:00:00.000
UNITED STATES,FIELD CROPS,,,00,,00,,62.3,,ALL CLASSES,TONS / ACRE,HI,,HAWAII,HAWAII,,"SUGARCANE, SUGAR & SEED - YIELD, MEASURED IN TONS / ACRE",ALL PRODUCTION PRACTICES,SUGAR & SEED,15,ANNUAL,SURVEY,,,,YIELD,NOT SPECIFIED,STATE,2009,00000000,TOTAL,9000,,CROPS,SUGARCANE,15,YEAR,2014-11-03 15:05:48.000
UNITED STATES,FIELD CROPS,,,00,,00,,67.2,,ALL CLASSES,TONS / ACRE,HI,,HAWAII,HAWAII,,"SUGARCANE, SUGAR & SEED - YIELD, MEASURED IN TONS / ACRE",ALL PRODUCTION PRACTICES,SUGAR & SEED,15,ANNUAL,SURVEY,,,,YIELD,NOT SPECIFIED,STATE,2009,00000000,TOTAL,9000,,CROPS,SUGARCANE,15,YEAR - AUG FORECAST,2012-01-01 00:00:00.000
UNITED STATES,FIELD CROPS,,,00,,00,,67.2,,ALL CLASSES,TONS / ACRE,HI,,HAWAII,HAWAII,,"SUGARCANE, SUGAR & SEED - YIELD, MEASURED IN TONS / ACRE",ALL PRODUCTION PRACTICES,SUGAR & SEED,15,ANNUAL,SURVEY,,,,YIELD,NOT SPECIFIED,STATE,2009,00000000,TOTAL,9000,,CROPS,SUGARCANE,15,YEAR - DEC FORECAST,2012-01-01 00:00:00.000
UNITED STATES,FIELD CROPS,,,00,,00,,67.2,,ALL CLASSES,TONS / ACRE,HI,,HAWAII,HAWAII,,"SUGARCANE, SUGAR & SEED - YIELD, MEASURED IN TONS / ACRE",ALL PRODUCTION PRACTICES,SUGAR & SEED,15,ANNUAL,SURVEY,,,,YIELD,NOT SPECIFIED,STATE,2009,00000000,TOTAL,9000,,CROPS,SUGARCANE,15,YEAR - FEB FORECAST,2012-01-01 00:00:00.000
UNITED STATES,FIELD CROPS,,,00,,00,,67.2,,ALL CLASSES,TONS / ACRE,HI,,HAWAII,HAWAII,,"SUGARCANE, SUGAR & SEED - YIELD, MEASURED IN TONS / ACRE",ALL PRODUCTION PRACTICES,SUGAR & SEED,15,ANNUAL,SURVEY,,,,YIELD,NOT SPECIFIED,STATE,2009,00000000,TOTAL,9000,,CROPS,SUGARCANE,15,YEAR - NOV FORECAST,2012-01-01 00:00:00.000
UNITED STATES,FIELD CROPS,,,00,,00,,67.2,,ALL CLASSES,TONS / ACRE,HI,,HAWAII,HAWAII,,"SUGARCANE, SUGAR & SEED - YIELD, MEASURED IN TONS / ACRE",ALL PRODUCTION PRACTICES,SUGAR & SEED,15,ANNUAL,SURVEY,,,,YIELD,NOT SPECIFIED,STATE,2009,00000000,TOTAL,9000,,CROPS,SUGARCANE,15,YEAR - OCT FORECAST,2012-01-01 00:00:00.000
UNITED STATES,FIELD CROPS,,,00,,00,,67.2,,ALL CLASSES,TONS / ACRE,HI,,HAWAII,HAWAII,,"SUGARCANE, SUGAR & SEED - YIELD, MEASURED IN TONS / ACRE",ALL PRODUCTION PRACTICES,SUGAR & SEED,15,ANNUAL,SURVEY,,,,YIELD,NOT SPECIFIED,STATE,2009,00000000,TOTAL,9000,,CROPS,SUGARCANE,15,YEAR - SEP FORECAST,2012-01-01 00:00:00.000
UNITED STATES,FIELD CROPS,,,00,,00,,65.5,,ALL CLASSES,TONS / ACRE,HI,,HAWAII,HAWAII,,"SUGARCANE, SUGAR & SEED - YIELD, MEASURED IN TONS / ACRE",ALL PRODUCTION PRACTICES,SUGAR & SEED,15,ANNUAL,SURVEY,,,,YIELD,NOT SPECIFIED,STATE,2008,00000000,TOTAL,9000,,CROPS,SUGARCANE,15,YEAR,2014-11-03 15:05:48.000
UNITED STATES,FIELD CROPS,,,00,,00,,75.8,,ALL CLASSES,TONS / ACRE,HI,,HAWAII,HAWAII,,"SUGARCANE, SUGAR & SEED - YIELD, MEASURED IN TONS / ACRE",ALL PRODUCTION PRACTICES,SUGAR & SEED,15,ANNUAL,SURVEY,,,,YIELD,NOT SPECIFIED,STATE,2008,00000000,TOTAL,9000,,CROPS,SUGARCANE,15,YEAR - AUG FORECAST,2012-01-01 00:00:00.000
UNITED STATES,FIELD CROPS,,,00,,00,,75.8,,ALL CLASSES,TONS / ACRE,HI,,HAWAII,HAWAII,,"SUGARCANE, SUGAR & SEED - YIELD, MEASURED IN TONS / ACRE",ALL PRODUCTION PRACTICES,SUGAR & SEED,15,ANNUAL,SURVEY,,,,YIELD,NOT SPECIFIED,STATE,2008,00000000,TOTAL,9000,,CROPS,SUGARCANE,15,YEAR - DEC FORECAST,2012-01-01 00:00:00.000
UNITED STATES,FIELD CROPS,,,00,,00,,75.8,,ALL CLASSES,TONS / ACRE,HI,,HAWAII,HAWAII,,"SUGARCANE, SUGAR & SEED - YIELD, MEASURED IN TONS / ACRE",ALL PRODUCTION PRACTICES,SUGAR & SEED,15,ANNUAL,SURVEY,,,,YIELD,NOT SPECIFIED,STATE,2008,00000000,TOTAL,9000,,CROPS,SUGARCANE,15,YEAR - FEB FORECAST,2012-01-01 00:00:00.000
UNITED STATES,FIELD CROPS,,,00,,00,,75.8,,ALL CLASSES,TONS / ACRE,HI,,HAWAII,HAWAII,,"SUGARCANE, SUGAR & SEED - YIELD, MEASURED IN TONS / ACRE",ALL PRODUCTION PRACTICES,SUGAR & SEED,15,ANNUAL,SURVEY,,,,YIELD,NOT SPECIFIED,STATE,2008,00000000,TOTAL,9000,,CROPS,SUGARCANE,15,YEAR - NOV FORECAST,2012-01-01 00:00:00.000
UNITED STATES,FIELD CROPS,,,00,,00,,75.8,,ALL CLASSES,TONS / ACRE,HI,,HAWAII,HAWAII,,"SUGARCANE, SUGAR & SEED - YIELD, MEASURED IN TONS / ACRE",ALL PRODUCTION PRACTICES,SUGAR & SEED,15,ANNUAL,SURVEY,,,,YIELD,NOT SPECIFIED,STATE,2008,00000000,TOTAL,9000,,CROPS,SUGARCANE,15,YEAR - OCT FORECAST,2012-01-01 00:00:00.000
UNITED STATES,FIELD CROPS,,,00,,00,,75.8,,ALL CLASSES,TONS / ACRE,HI,,HAWAII,HAWAII,,"SUGARCANE, SUGAR & SEED - YIELD, MEASURED IN TONS / ACRE",ALL PRODUCTION PRACTICES,SUGAR & SEED,15,ANNUAL,SURVEY,,,,YIELD,NOT SPECIFIED,STATE,2008,00000000,TOTAL,9000,,CROPS,SUGARCANE,15,YEAR - SEP FORECAST,2012-01-01 00:00:00.000
UNITED STATES,FIELD CROPS,,,00,,00,,68.3,,ALL CLASSES,TONS / ACRE,HI,,HAWAII,HAWAII,,"SUGARCANE, SUGAR & SEED - YIELD, MEASURED IN TONS / ACRE",ALL PRODUCTION PRACTICES,SUGAR & SEED,15,ANNUAL,SURVEY,,,,YIELD,NOT SPECIFIED,STATE,2007,00000000,TOTAL,9000,,CROPS,SUGARCANE,15,YEAR,2014-11-03 15:05:48.000
UNITED STATES,FIELD CROPS,,,00,,00,,79,,ALL CLASSES,TONS / ACRE,HI,,HAWAII,HAWAII,,"SUGARCANE, SUGAR & SEED - YIELD, MEASURED IN TONS / ACRE",ALL PRODUCTION PRACTICES,SUGAR & SEED,15,ANNUAL,SURVEY,,,,YIELD,NOT SPECIFIED,STATE,2007,00000000,TOTAL,9000,,CROPS,SUGARCANE,15,YEAR - AUG FORECAST,2012-01-01 00:00:00.000
UNITED STATES,FIELD CROPS,,,00,,00,,79,,ALL CLASSES,TONS / ACRE,HI,,HAWAII,HAWAII,,"SUGARCANE, SUGAR & SEED - YIELD, MEASURED IN TONS / ACRE",ALL PRODUCTION PRACTICES,SUGAR & SEED,15,ANNUAL,SURVEY,,,,YIELD,NOT SPECIFIED,STATE,2007,00000000,TOTAL,9000,,CROPS,SUGARCANE,15,YEAR - DEC FORECAST,2012-01-01 00:00:00.000
UNITED STATES,FIELD CROPS,,,00,,00,,79,,ALL CLASSES,TONS / ACRE,HI,,HAWAII,HAWAII,,"SUGARCANE, SUGAR & SEED - YIELD, MEASURED IN TONS / ACRE",ALL PRODUCTION PRACTICES,SUGAR & SEED,15,ANNUAL,SURVEY,,,,YIELD,NOT SPECIFIED,STATE,2007,00000000,TOTAL,9000,,CROPS,SUGARCANE,15,YEAR - NOV FORECAST,2012-01-01 00:00:00.000
UNITED STATES,FIELD CROPS,,,00,,00,,79,,ALL CLASSES,TONS / ACRE,HI,,HAWAII,HAWAII,,"SUGARCANE, SUGAR & SEED - YIELD, MEASURED IN TONS / ACRE",ALL PRODUCTION PRACTICES,SUGAR & SEED,15,ANNUAL,SURVEY,,,,YIELD,NOT SPECIFIED,STATE,2007,00000000,TOTAL,9000,,CROPS,SUGARCANE,15,YEAR - OCT FORECAST,2012-01-01 00:00:00.000
UNITED STATES,FIELD CROPS,,,00,,00,,79,,ALL CLASSES,TONS / ACRE,HI,,HAWAII,HAWAII,,"SUGARCANE, SUGAR & SEED - YIELD, MEASURED IN TONS / ACRE",ALL PRODUCTION PRACTICES,SUGAR & SEED,15,ANNUAL,SURVEY,,,,YIELD,NOT SPECIFIED,STATE,2007,00000000,TOTAL,9000,,CROPS,SUGARCANE,15,YEAR - SEP FORECAST,2012-01-01 00:00:00.000
UNITED STATES,FIELD CROPS,,,00,,00,,75.7,,ALL CLASSES,TONS / ACRE,HI,,HAWAII,HAWAII,,"SUGARCANE, SUGAR & SEED - YIELD, MEASURED IN TONS / ACRE",ALL PRODUCTION PRACTICES,SUGAR & SEED,15,ANNUAL,SURVEY,,,,YIELD,NOT SPECIFIED,STATE,2006,00000000,TOTAL,9000,,CROPS,SUGARCANE,15,YEAR,2012-01-01 00:00:00.000
UNITED STATES,FIELD CROPS,,,00,,00,,79,,ALL CLASSES,TONS / ACRE,HI,,HAWAII,HAWAII,,"SUGARCANE, SUGAR & SEED - YIELD, MEASURED IN TONS / ACRE",ALL PRODUCTION PRACTICES,SUGAR & SEED,15,ANNUAL,SURVEY,,,,YIELD,NOT SPECIFIED,STATE,2006,00000000,TOTAL,9000,,CROPS,SUGARCANE,15,YEAR - AUG FORECAST,2012-01-01 00:00:00.000
UNITED STATES,FIELD CROPS,,,00,,00,,79,,ALL CLASSES,TONS / ACRE,HI,,HAWAII,HAWAII,,"SUGARCANE, SUGAR & SEED - YIELD, MEASURED IN TONS / ACRE",ALL PRODUCTION PRACTICES,SUGAR & SEED,15,ANNUAL,SURVEY,,,,YIELD,NOT SPECIFIED,STATE,2006,00000000,TOTAL,9000,,CROPS,SUGARCANE,15,YEAR - DEC FORECAST,2012-01-01 00:00:00.000
UNITED STATES,FIELD CROPS,,,00,,00,,79,,ALL CLASSES,TONS / ACRE,HI,,HAWAII,HAWAII,,"SUGARCANE, SUGAR & SEED - YIELD, MEASURED IN TONS / ACRE",ALL PRODUCTION PRACTICES,SUGAR & SEED,15,ANNUAL,SURVEY,,,,YIELD,NOT SPECIFIED,STATE,2006,00000000,TOTAL,9000,,CROPS,SUGARCANE,15,YEAR - NOV FORECAST,2012-01-01 00:00:00.000
UNITED STATES,FIELD CROPS,,,00,,00,,79,,ALL CLASSES,TONS / ACRE,HI,,HAWAII,HAWAII,,"SUGARCANE, SUGAR & SEED - YIELD, MEASURED IN TONS / ACRE",ALL PRODUCTION PRACTICES,SUGAR & SEED,15,ANNUAL,SURVEY,,,,YIELD,NOT SPECIFIED,STATE,2006,00000000,TOTAL,9000,,CROPS,SUGARCANE,15,YEAR - OCT FORECAST,2012-01-01 00:00:00.000
UNITED STATES,FIELD CROPS,,,00,,00,,79,,ALL CLASSES,TONS / ACRE,HI,,HAWAII,HAWAII,,"SUGARCANE, SUGAR & SEED - YIELD, MEASURED IN TONS / ACRE",ALL PRODUCTION PRACTICES,SUGAR & SEED,15,ANNUAL,SURVEY,,,,YIELD,NOT SPECIFIED,STATE,2006,00000000,TOTAL,9000,,CROPS,SUGARCANE,15,YEAR - SEP FORECAST,2012-01-01 00:00:00.000
UNITED STATES,FIELD CROPS,,,00,,00,,77.3,,ALL CLASSES,TONS / ACRE,HI,,HAWAII,HAWAII,,"SUGARCANE, SUGAR & SEED - YIELD, MEASURED IN TONS / ACRE",ALL PRODUCTION PRACTICES,SUGAR & SEED,15,ANNUAL,SURVEY,,,,YIELD,NOT SPECIFIED,STATE,2005,00000000,TOTAL,9000,,CROPS,SUGARCANE,15,YEAR,2012-01-01 00:00:00.000
UNITED STATES,FIELD CROPS,,,00,,00,,86.9,,ALL CLASSES,TONS / ACRE,HI,,HAWAII,HAWAII,,"SUGARCANE, SUGAR & SEED - YIELD, MEASURED IN TONS / ACRE",ALL PRODUCTION PRACTICES,SUGAR & SEED,15,ANNUAL,SURVEY,,,,YIELD,NOT SPECIFIED,STATE,2005,00000000,TOTAL,9000,,CROPS,SUGARCANE,15,YEAR - AUG FORECAST,2012-01-01 00:00:00.000
UNITED STATES,FIELD CROPS,,,00,,00,,86.9,,ALL CLASSES,TONS / ACRE,HI,,HAWAII,HAWAII,,"SUGARCANE, SUGAR & SEED - YIELD, MEASURED IN TONS / ACRE",ALL PRODUCTION PRACTICES,SUGAR & SEED,15,ANNUAL,SURVEY,,,,YIELD,NOT SPECIFIED,STATE,2005,00000000,TOTAL,9000,,CROPS,SUGARCANE,15,YEAR - DEC FORECAST,2012-01-01 00:00:00.000
UNITED STATES,FIELD CROPS,,,00,,00,,86.9,,ALL CLASSES,TONS / ACRE,HI,,HAWAII,HAWAII,,"SUGARCANE, SUGAR & SEED - YIELD, MEASURED IN TONS / ACRE",ALL PRODUCTION PRACTICES,SUGAR & SEED,15,ANNUAL,SURVEY,,,,YIELD,NOT SPECIFIED,STATE,2005,00000000,TOTAL,9000,,CROPS,SUGARCANE,15,YEAR - FEB FORECAST,2012-01-01 00:00:00.000
UNITED STATES,FIELD CROPS,,,00,,00,,86.9,,ALL CLASSES,TONS / ACRE,HI,,HAWAII,HAWAII,,"SUGARCANE, SUGAR & SEED - YIELD, MEASURED IN TONS / ACRE",ALL PRODUCTION PRACTICES,SUGAR & SEED,15,ANNUAL,SURVEY,,,,YIELD,NOT SPECIFIED,STATE,2005,00000000,TOTAL,9000,,CROPS,SUGARCANE,15,YEAR - NOV FORECAST,2012-01-01 00:00:00.000
UNITED STATES,FIELD CROPS,,,00,,00,,86.9,,ALL CLASSES,TONS / ACRE,HI,,HAWAII,HAWAII,,"SUGARCANE, SUGAR & SEED - YIELD, MEASURED IN TONS / ACRE",ALL PRODUCTION PRACTICES,SUGAR & SEED,15,ANNUAL,SURVEY,,,,YIELD,NOT SPECIFIED,STATE,2005,00000000,TOTAL,9000,,CROPS,SUGARCANE,15,YEAR - OCT FORECAST,2012-01-01 00:00:00.000
UNITED STATES,FIELD CROPS,,,00,,00,,86.9,,ALL CLASSES,TONS / ACRE,HI,,HAWAII,HAWAII,,"SUGARCANE, SUGAR & SEED - YIELD, MEASURED IN TONS / ACRE",ALL PRODUCTION PRACTICES,SUGAR & SEED,15,ANNUAL,SURVEY,,,,YIELD,NOT SPECIFIED,STATE,2005,00000000,TOTAL,9000,,CROPS,SUGARCANE,15,YEAR - SEP FORECAST,2012-01-01 00:00:00.000
UNITED STATES,FIELD CROPS,,,00,,00,,87.3,,ALL CLASSES,TONS / ACRE,HI,,HAWAII,HAWAII,,"SUGARCANE, SUGAR & SEED - YIELD, MEASURED IN TONS / ACRE",ALL PRODUCTION PRACTICES,SUGAR & SEED,15,ANNUAL,SURVEY,,,,YIELD,NOT SPECIFIED,STATE,2004,00000000,TOTAL,9000,,CROPS,SUGARCANE,15,YEAR,2012-01-01 00:00:00.000
UNITED STATES,FIELD CROPS,,,00,,00,,91.9,,ALL CLASSES,TONS / ACRE,HI,,HAWAII,HAWAII,,"SUGARCANE, SUGAR & SEED - YIELD, MEASURED IN TONS / ACRE",ALL PRODUCTION PRACTICES,SUGAR & SEED,15,ANNUAL,SURVEY,,,,YIELD,NOT SPECIFIED,STATE,2004,00000000,TOTAL,9000,,CROPS,SUGARCANE,15,YEAR - DEC FORECAST,2012-01-01 00:00:00.000
UNITED STATES,FIELD CROPS,,,00,,00,,91.9,,ALL CLASSES,TONS / ACRE,HI,,HAWAII,HAWAII,,"SUGARCANE, SUGAR & SEED - YIELD, MEASURED IN TONS / ACRE",ALL PRODUCTION PRACTICES,SUGAR & SEED,15,ANNUAL,SURVEY,,,,YIELD,NOT SPECIFIED,STATE,2004,00000000,TOTAL,9000,,CROPS,SUGARCANE,15,YEAR - FEB FORECAST,2012-01-01 00:00:00.000
UNITED STATES,FIELD CROPS,,,00,,00,,94,,ALL CLASSES,TONS / ACRE,HI,,HAWAII,HAWAII,,"SUGARCANE, SUGAR & SEED - YIELD, MEASURED IN TONS / ACRE",ALL PRODUCTION PRACTICES,SUGAR & SEED,15,ANNUAL,SURVEY,,,,YIELD,NOT SPECIFIED,STATE,2004,00000000,TOTAL,9000,,CROPS,SUGARCANE,15,YEAR - NOV FORECAST,2012-01-01 00:00:00.000
UNITED STATES,FIELD CROPS,,,00,,00,,94,,ALL CLASSES,TONS / ACRE,HI,,HAWAII,HAWAII,,"SUGARCANE, SUGAR & SEED - YIELD, MEASURED IN TONS / ACRE",ALL PRODUCTION PRACTICES,SUGAR & SEED,15,ANNUAL,SURVEY,,,,YIELD,NOT SPECIFIED,STATE,2004,00000000,TOTAL,9000,,CROPS,SUGARCANE,15,YEAR - OCT FORECAST,2012-01-01 00:00:00.000
UNITED STATES,FIELD CROPS,,,00,,00,,94,,ALL CLASSES,TONS / ACRE,HI,,HAWAII,HAWAII,,"SUGARCANE, SUGAR & SEED - YIELD, MEASURED IN TONS / ACRE",ALL PRODUCTION PRACTICES,SUGAR & SEED,15,ANNUAL,SURVEY,,,,YIELD,NOT SPECIFIED,STATE,2004,00000000,TOTAL,9000,,CROPS,SUGARCANE,15,YEAR - SEP FORECAST,2012-01-01 00:00:00.000
UNITED STATES,FIELD CROPS,,,00,,00,,97.7,,ALL CLASSES,TONS / ACRE,HI,,HAWAII,HAWAII,,"SUGARCANE, SUGAR & SEED - YIELD, MEASURED IN TONS / ACRE",ALL PRODUCTION PRACTICES,SUGAR & SEED,15,ANNUAL,SURVEY,,,,YIELD,NOT SPECIFIED,STATE,2003,00000000,TOTAL,9000,,CROPS,SUGARCANE,15,YEAR,2012-01-01 00:00:00.000
UNITED STATES,FIELD CROPS,,,00,,00,,95,,ALL CLASSES,TONS / ACRE,HI,,HAWAII,HAWAII,,"SUGARCANE, SUGAR & SEED - YIELD, MEASURED IN TONS / ACRE",ALL PRODUCTION PRACTICES,SUGAR & SEED,15,ANNUAL,SURVEY,,,,YIELD,NOT SPECIFIED,STATE,2003,00000000,TOTAL,9000,,CROPS,SUGARCANE,15,YEAR - AUG FORECAST,2012-01-01 00:00:00.000
UNITED STATES,FIELD CROPS,,,00,,00,,95,,ALL CLASSES,TONS / ACRE,HI,,HAWAII,HAWAII,,"SUGARCANE, SUGAR & SEED - YIELD, MEASURED IN TONS / ACRE",ALL PRODUCTION PRACTICES,SUGAR & SEED,15,ANNUAL,SURVEY,,,,YIELD,NOT SPECIFIED,STATE,2003,00000000,TOTAL,9000,,CROPS,SUGARCANE,15,YEAR - DEC FORECAST,2012-01-01 00:00:00.000
UNITED STATES,FIELD CROPS,,,00,,00,,95,,ALL CLASSES,TONS / ACRE,HI,,HAWAII,HAWAII,,"SUGARCANE, SUGAR & SEED - YIELD, MEASURED IN TONS / ACRE",ALL PRODUCTION PRACTICES,SUGAR & SEED,15,ANNUAL,SURVEY,,,,YIELD,NOT SPECIFIED,STATE,2003,00000000,TOTAL,9000,,CROPS,SUGARCANE,15,YEAR - FEB FORECAST,2012-01-01 00:00:00.000
UNITED STATES,FIELD CROPS,,,00,,00,,95,,ALL CLASSES,TONS / ACRE,HI,,HAWAII,HAWAII,,"SUGARCANE, SUGAR & SEED - YIELD, MEASURED IN TONS / ACRE",ALL PRODUCTION PRACTICES,SUGAR & SEED,15,ANNUAL,SURVEY,,,,YIELD,NOT SPECIFIED,STATE,2003,00000000,TOTAL,9000,,CROPS,SUGARCANE,15,YEAR - NOV FORECAST,2012-01-01 00:00:00.000
UNITED STATES,FIELD CROPS,,,00,,00,,95,,ALL CLASSES,TONS / ACRE,HI,,HAWAII,HAWAII,,"SUGARCANE, SUGAR & SEED - YIELD, MEASURED IN TONS / ACRE",ALL PRODUCTION PRACTICES,SUGAR & SEED,15,ANNUAL,SURVEY,,,,YIELD,NOT SPECIFIED,STATE,2003,00000000,TOTAL,9000,,CROPS,SUGARCANE,15,YEAR - OCT FORECAST,2012-01-01 00:00:00.000
UNITED STATES,FIELD CROPS,,,00,,00,,95,,ALL CLASSES,TONS / ACRE,HI,,HAWAII,HAWAII,,"SUGARCANE, SUGAR & SEED - YIELD, MEASURED IN TONS / ACRE",ALL PRODUCTION PRACTICES,SUGAR & SEED,15,ANNUAL,SURVEY,,,,YIELD,NOT SPECIFIED,STATE,2003,00000000,TOTAL,9000,,CROPS,SUGARCANE,15,YEAR - SEP FORECAST,2012-01-01 00:00:00.000
UNITED STATES,FIELD CROPS,,,00,,00,,95.1,,ALL CLASSES,TONS / ACRE,HI,,HAWAII,HAWAII,,"SUGARCANE, SUGAR & SEED - YIELD, MEASURED IN TONS / ACRE",ALL PRODUCTION PRACTICES,SUGAR & SEED,15,ANNUAL,SURVEY,,,,YIELD,NOT SPECIFIED,STATE,2002,00000000,TOTAL,9000,,CROPS,SUGARCANE,15,YEAR,2012-01-01 00:00:00.000
UNITED STATES,FIELD CROPS,,,00,,00,,91,,ALL CLASSES,TONS / ACRE,HI,,HAWAII,HAWAII,,"SUGARCANE, SUGAR & SEED - YIELD, MEASURED IN TONS / ACRE",ALL PRODUCTION PRACTICES,SUGAR & SEED,15,ANNUAL,SURVEY,,,,YIELD,NOT SPECIFIED,STATE,2002,00000000,TOTAL,9000,,CROPS,SUGARCANE,15,YEAR - AUG FORECAST,2012-01-01 00:00:00.000
UNITED STATES,FIELD CROPS,,,00,,00,,91,,ALL CLASSES,TONS / ACRE,HI,,HAWAII,HAWAII,,"SUGARCANE, SUGAR & SEED - YIELD, MEASURED IN TONS / ACRE",ALL PRODUCTION PRACTICES,SUGAR & SEED,15,ANNUAL,SURVEY,,,,YIELD,NOT SPECIFIED,STATE,2002,00000000,TOTAL,9000,,CROPS,SUGARCANE,15,YEAR - DEC FORECAST,2012-01-01 00:00:00.000
UNITED STATES,FIELD CROPS,,,00,,00,,91,,ALL CLASSES,TONS / ACRE,HI,,HAWAII,HAWAII,,"SUGARCANE, SUGAR & SEED - YIELD, MEASURED IN TONS / ACRE",ALL PRODUCTION PRACTICES,SUGAR & SEED,15,ANNUAL,SURVEY,,,,YIELD,NOT SPECIFIED,STATE,2002,00000000,TOTAL,9000,,CROPS,SUGARCANE,15,YEAR - FEB FORECAST,2012-01-01 00:00:00.000
UNITED STATES,FIELD CROPS,,,00,,00,,91,,ALL CLASSES,TONS / ACRE,HI,,HAWAII,HAWAII,,"SUGARCANE, SUGAR & SEED - YIELD, MEASURED IN TONS / ACRE",ALL PRODUCTION PRACTICES,SUGAR & SEED,15,ANNUAL,SURVEY,,,,YIELD,NOT SPECIFIED,STATE,2002,00000000,TOTAL,9000,,CROPS,SUGARCANE,15,YEAR - NOV FORECAST,2012-01-01 00:00:00.000
UNITED STATES,FIELD CROPS,,,00,,00,,91,,ALL CLASSES,TONS / ACRE,HI,,HAWAII,HAWAII,,"SUGARCANE, SUGAR & SEED - YIELD, MEASURED IN TONS / ACRE",ALL PRODUCTION PRACTICES,SUGAR & SEED,15,ANNUAL,SURVEY,,,,YIELD,NOT SPECIFIED,STATE,2002,00000000,TOTAL,9000,,CROPS,SUGARCANE,15,YEAR - OCT FORECAST,2012-01-01 00:00:00.000
UNITED STATES,FIELD CROPS,,,00,,00,,91,,ALL CLASSES,TONS / ACRE,HI,,HAWAII,HAWAII,,"SUGARCANE, SUGAR & SEED - YIELD, MEASURED IN TONS / ACRE",ALL PRODUCTION PRACTICES,SUGAR & SEED,15,ANNUAL,SURVEY,,,,YIELD,NOT SPECIFIED,STATE,2002,00000000,TOTAL,9000,,CROPS,SUGARCANE,15,YEAR - SEP FORECAST,2012-01-01 00:00:00.000
UNITED STATES,FIELD CROPS,,,00,,00,,92.9,,ALL CLASSES,TONS / ACRE,HI,,HAWAII,HAWAII,,"SUGARCANE, SUGAR & SEED - YIELD, MEASURED IN TONS / ACRE",ALL PRODUCTION PRACTICES,SUGAR & SEED,15,ANNUAL,SURVEY,,,,YIELD,NOT SPECIFIED,STATE,2001,00000000,TOTAL,9000,,CROPS,SUGARCANE,15,YEAR,2012-01-01 00:00:00.000
UNITED STATES,FIELD CROPS,,,00,,00,,85,,ALL CLASSES,TONS / ACRE,HI,,HAWAII,HAWAII,,"SUGARCANE, SUGAR & SEED - YIELD, MEASURED IN TONS / ACRE",ALL PRODUCTION PRACTICES,SUGAR & SEED,15,ANNUAL,SURVEY,,,,YIELD,NOT SPECIFIED,STATE,2001,00000000,TOTAL,9000,,CROPS,SUGARCANE,15,YEAR - AUG FORECAST,2012-01-01 00:00:00.000
UNITED STATES,FIELD CROPS,,,00,,00,,85,,ALL CLASSES,TONS / ACRE,HI,,HAWAII,HAWAII,,"SUGARCANE, SUGAR & SEED - YIELD, MEASURED IN TONS / ACRE",ALL PRODUCTION PRACTICES,SUGAR & SEED,15,ANNUAL,SURVEY,,,,YIELD,NOT SPECIFIED,STATE,2001,00000000,TOTAL,9000,,CROPS,SUGARCANE,15,YEAR - DEC FORECAST,2012-01-01 00:00:00.000
UNITED STATES,FIELD CROPS,,,00,,00,,85,,ALL CLASSES,TONS / ACRE,HI,,HAWAII,HAWAII,,"SUGARCANE, SUGAR & SEED - YIELD, MEASURED IN TONS / ACRE",ALL PRODUCTION PRACTICES,SUGAR & SEED,15,ANNUAL,SURVEY,,,,YIELD,NOT SPECIFIED,STATE,2001,00000000,TOTAL,9000,,CROPS,SUGARCANE,15,YEAR - NOV FORECAST,2012-01-01 00:00:00.000
UNITED STATES,FIELD CROPS,,,00,,00,,85,,ALL CLASSES,TONS / ACRE,HI,,HAWAII,HAWAII,,"SUGARCANE, SUGAR & SEED - YIELD, MEASURED IN TONS / ACRE",ALL PRODUCTION PRACTICES,SUGAR & SEED,15,ANNUAL,SURVEY,,,,YIELD,NOT SPECIFIED,STATE,2001,00000000,TOTAL,9000,,CROPS,SUGARCANE,15,YEAR - OCT FORECAST,2012-01-01 00:00:00.000
UNITED STATES,FIELD CROPS,,,00,,00,,85,,ALL CLASSES,TONS / ACRE,HI,,HAWAII,HAWAII,,"SUGARCANE, SUGAR & SEED - YIELD, MEASURED IN TONS / ACRE",ALL PRODUCTION PRACTICES,SUGAR & SEED,15,ANNUAL,SURVEY,,,,YIELD,NOT SPECIFIED,STATE,2001,00000000,TOTAL,9000,,CROPS,SUGARCANE,15,YEAR - SEP FORECAST,2012-01-01 00:00:00.000
UNITED STATES,FIELD CROPS,,,00,,00,,76,,ALL CLASSES,TONS / ACRE,HI,,HAWAII,HAWAII,,"SUGARCANE, SUGAR & SEED - YIELD, MEASURED IN TONS / ACRE",ALL PRODUCTION PRACTICES,SUGAR & SEED,15,ANNUAL,SURVEY,,,,YIELD,NOT SPECIFIED,STATE,2000,00000000,TOTAL,9000,,CROPS,SUGARCANE,15,YEAR,2012-01-01 00:00:00.000
UNITED STATES,FIELD CROPS,,,00,,00,,77,,ALL CLASSES,TONS / ACRE,HI,,HAWAII,HAWAII,,"SUGARCANE, SUGAR & SEED - YIELD, MEASURED IN TONS / ACRE",ALL PRODUCTION PRACTICES,SUGAR & SEED,15,ANNUAL,SURVEY,,,,YIELD,NOT SPECIFIED,STATE,2000,00000000,TOTAL,9000,,CROPS,SUGARCANE,15,YEAR - AUG FORECAST,2012-01-01 00:00:00.000
UNITED STATES,FIELD CROPS,,,00,,00,,77,,ALL CLASSES,TONS / ACRE,HI,,HAWAII,HAWAII,,"SUGARCANE, SUGAR & SEED - YIELD, MEASURED IN TONS / ACRE",ALL PRODUCTION PRACTICES,SUGAR & SEED,15,ANNUAL,SURVEY,,,,YIELD,NOT SPECIFIED,STATE,2000,00000000,TOTAL,9000,,CROPS,SUGARCANE,15,YEAR - DEC FORECAST,2012-01-01 00:00:00.000
UNITED STATES,FIELD CROPS,,,00,,00,,77,,ALL CLASSES,TONS / ACRE,HI,,HAWAII,HAWAII,,"SUGARCANE, SUGAR & SEED - YIELD, MEASURED IN TONS / ACRE",ALL PRODUCTION PRACTICES,SUGAR & SEED,15,ANNUAL,SURVEY,,,,YIELD,NOT SPECIFIED,STATE,2000,00000000,TOTAL,9000,,CROPS,SUGARCANE,15,YEAR - FEB FORECAST,2012-01-01 00:00:00.000
UNITED STATES,FIELD CROPS,,,00,,00,,77,,ALL CLASSES,TONS / ACRE,HI,,HAWAII,HAWAII,,"SUGARCANE, SUGAR & SEED - YIELD, MEASURED IN TONS / ACRE",ALL PRODUCTION PRACTICES,SUGAR & SEED,15,ANNUAL,SURVEY,,,,YIELD,NOT SPECIFIED,STATE,2000,00000000,TOTAL,9000,,CROPS,SUGARCANE,15,YEAR - NOV FORECAST,2012-01-01 00:00:00.000
UNITED STATES,FIELD CROPS,,,00,,00,,77,,ALL CLASSES,TONS / ACRE,HI,,HAWAII,HAWAII,,"SUGARCANE, SUGAR & SEED - YIELD, MEASURED IN TONS / ACRE",ALL PRODUCTION PRACTICES,SUGAR & SEED,15,ANNUAL,SURVEY,,,,YIELD,NOT SPECIFIED,STATE,2000,00000000,TOTAL,9000,,CROPS,SUGARCANE,15,YEAR - OCT FORECAST,2012-01-01 00:00:00.000
UNITED STATES,FIELD CROPS,,,00,,00,,77,,ALL CLASSES,TONS / ACRE,HI,,HAWAII,HAWAII,,"SUGARCANE, SUGAR & SEED - YIELD, MEASURED IN TONS / ACRE",ALL PRODUCTION PRACTICES,SUGAR & SEED,15,ANNUAL,SURVEY,,,,YIELD,NOT SPECIFIED,STATE,2000,00000000,TOTAL,9000,,CROPS,SUGARCANE,15,YEAR - SEP FORECAST,2012-01-01 00:00:00.000
UNITED STATES,FIELD CROPS,,,00,,00,,79.4,,ALL CLASSES,TONS / ACRE,HI,,HAWAII,HAWAII,,"SUGARCANE, SUGAR & SEED - YIELD, MEASURED IN TONS / ACRE",ALL PRODUCTION PRACTICES,SUGAR & SEED,15,ANNUAL,SURVEY,,,,YIELD,NOT SPECIFIED,STATE,1999,00000000,TOTAL,9000,,CROPS,SUGARCANE,15,YEAR,2012-01-01 00:00:00.000
UNITED STATES,FIELD CROPS,,,00,,00,,84,,ALL CLASSES,TONS / ACRE,HI,,HAWAII,HAWAII,,"SUGARCANE, SUGAR & SEED - YIELD, MEASURED IN TONS / ACRE",ALL PRODUCTION PRACTICES,SUGAR & SEED,15,ANNUAL,SURVEY,,,,YIELD,NOT SPECIFIED,STATE,1999,00000000,TOTAL,9000,,CROPS,SUGARCANE,15,YEAR - AUG FORECAST,2012-01-01 00:00:00.000
UNITED STATES,FIELD CROPS,,,00,,00,,84,,ALL CLASSES,TONS / ACRE,HI,,HAWAII,HAWAII,,"SUGARCANE, SUGAR & SEED - YIELD, MEASURED IN TONS / ACRE",ALL PRODUCTION PRACTICES,SUGAR & SEED,15,ANNUAL,SURVEY,,,,YIELD,NOT SPECIFIED,STATE,1999,00000000,TOTAL,9000,,CROPS,SUGARCANE,15,YEAR - DEC FORECAST,2012-01-01 00:00:00.000
UNITED STATES,FIELD CROPS,,,00,,00,,84,,ALL CLASSES,TONS / ACRE,HI,,HAWAII,HAWAII,,"SUGARCANE, SUGAR & SEED - YIELD, MEASURED IN TONS / ACRE",ALL PRODUCTION PRACTICES,SUGAR & SEED,15,ANNUAL,SURVEY,,,,YIELD,NOT SPECIFIED,STATE,1999,00000000,TOTAL,9000,,CROPS,SUGARCANE,15,YEAR - FEB FORECAST,2012-01-01 00:00:00.000
UNITED STATES,FIELD CROPS,,,00,,00,,84,,ALL CLASSES,TONS / ACRE,HI,,HAWAII,HAWAII,,"SUGARCANE, SUGAR & SEED - YIELD, MEASURED IN TONS / ACRE",ALL PRODUCTION PRACTICES,SUGAR & SEED,15,ANNUAL,SURVEY,,,,YIELD,NOT SPECIFIED,STATE,1999,00000000,TOTAL,9000,,CROPS,SUGARCANE,15,YEAR - MAR FORECAST,2012-01-01 00:00:00.000
UNITED STATES,FIELD CROPS,,,00,,00,,84,,ALL CLASSES,TONS / ACRE,HI,,HAWAII,HAWAII,,"SUGARCANE, SUGAR & SEED - YIELD, MEASURED IN TONS / ACRE",ALL PRODUCTION PRACTICES,SUGAR & SEED,15,ANNUAL,SURVEY,,,,YIELD,NOT SPECIFIED,STATE,1999,00000000,TOTAL,9000,,CROPS,SUGARCANE,15,YEAR - NOV FORECAST,2012-01-01 00:00:00.000
UNITED STATES,FIELD CROPS,,,00,,00,,84,,ALL CLASSES,TONS / ACRE,HI,,HAWAII,HAWAII,,"SUGARCANE, SUGAR & SEED - YIELD, MEASURED IN TONS / ACRE",ALL PRODUCTION PRACTICES,SUGAR & SEED,15,ANNUAL,SURVEY,,,,YIELD,NOT SPECIFIED,STATE,1999,00000000,TOTAL,9000,,CROPS,SUGARCANE,15,YEAR - OCT FORECAST,2012-01-01 00:00:00.000
UNITED STATES,FIELD CROPS,,,00,,00,,84,,ALL CLASSES,TONS / ACRE,HI,,HAWAII,HAWAII,,"SUGARCANE, SUGAR & SEED - YIELD, MEASURED IN TONS / ACRE",ALL PRODUCTION PRACTICES,SUGAR & SEED,15,ANNUAL,SURVEY,,,,YIELD,NOT SPECIFIED,STATE,1999,00000000,TOTAL,9000,,CROPS,SUGARCANE,15,YEAR - SEP FORECAST,2012-01-01 00:00:00.000
UNITED STATES,FIELD CROPS,,,00,,00,,86.1,,ALL CLASSES,TONS / ACRE,HI,,HAWAII,HAWAII,,"SUGARCANE, SUGAR & SEED - YIELD, MEASURED IN TONS / ACRE",ALL PRODUCTION PRACTICES,SUGAR & SEED,15,ANNUAL,SURVEY,,,,YIELD,NOT SPECIFIED,STATE,1998,00000000,TOTAL,9000,,CROPS,SUGARCANE,15,YEAR,2012-01-01 00:00:00.000
UNITED STATES,FIELD CROPS,,,00,,00,,88,,ALL CLASSES,TONS / ACRE,HI,,HAWAII,HAWAII,,"SUGARCANE, SUGAR & SEED - YIELD, MEASURED IN TONS / ACRE",ALL PRODUCTION PRACTICES,SUGAR & SEED,15,ANNUAL,SURVEY,,,,YIELD,NOT SPECIFIED,STATE,1997,00000000,TOTAL,9000,,CROPS,SUGARCANE,15,YEAR,2012-01-01 00:00:00.000
UNITED STATES,FIELD CROPS,,,00,,00,,79.1,,ALL CLASSES,TONS / ACRE,HI,,HAWAII,HAWAII,,"SUGARCANE, SUGAR & SEED - YIELD, MEASURED IN TONS / ACRE",ALL PRODUCTION PRACTICES,SUGAR & SEED,15,ANNUAL,SURVEY,,,,YIELD,NOT SPECIFIED,STATE,1996,00000000,TOTAL,9000,,CROPS,SUGARCANE,15,YEAR,2012-01-01 00:00:00.000
UNITED STATES,FIELD CROPS,,,00,,00,,76.8,,ALL CLASSES,TONS / ACRE,HI,,HAWAII,HAWAII,,"SUGARCANE, SUGAR & SEED - YIELD, MEASURED IN TONS / ACRE",ALL PRODUCTION PRACTICES,SUGAR & SEED,15,ANNUAL,SURVEY,,,,YIELD,NOT SPECIFIED,STATE,1995,00000000,TOTAL,9000,,CROPS,SUGARCANE,15,YEAR,2012-01-01 00:00:00.000
UNITED STATES,FIELD CROPS,,,00,,00,,77.4,,ALL CLASSES,TONS / ACRE,HI,,HAWAII,HAWAII,,"SUGARCANE, SUGAR & SEED - YIELD, MEASURED IN TONS / ACRE",ALL PRODUCTION PRACTICES,SUGAR & SEED,15,ANNUAL,SURVEY,,,,YIELD,NOT SPECIFIED,STATE,1994,00000000,TOTAL,9000,,CROPS,SUGARCANE,15,YEAR,2012-01-01 00:00:00.000
UNITED STATES,FIELD CROPS,,,00,,00,,80.2,,ALL CLASSES,TONS / ACRE,HI,,HAWAII,HAWAII,,"SUGARCANE, SUGAR & SEED - YIELD, MEASURED IN TONS / ACRE",ALL PRODUCTION PRACTICES,SUGAR & SEED,15,ANNUAL,SURVEY,,,,YIELD,NOT SPECIFIED,STATE,1993,00000000,TOTAL,9000,,CROPS,SUGARCANE,15,YEAR,2012-01-01 00:00:00.000
UNITED STATES,FIELD CROPS,,,00,,00,,82.8,,ALL CLASSES,TONS / ACRE,HI,,HAWAII,HAWAII,,"SUGARCANE, SUGAR & SEED - YIELD, MEASURED IN TONS / ACRE",ALL PRODUCTION PRACTICES,SUGAR & SEED,15,ANNUAL,SURVEY,,,,YIELD,NOT SPECIFIED,STATE,1992,00000000,TOTAL,9000,,CROPS,SUGARCANE,15,YEAR,2012-01-01 00:00:00.000
UNITED STATES,FIELD CROPS,,,00,,00,,81.9,,ALL CLASSES,TONS / ACRE,HI,,HAWAII,HAWAII,,"SUGARCANE, SUGAR & SEED - YIELD, MEASURED IN TONS / ACRE",ALL PRODUCTION PRACTICES,SUGAR & SEED,15,ANNUAL,SURVEY,,,,YIELD,NOT SPECIFIED,STATE,1991,00000000,TOTAL,9000,,CROPS,SUGARCANE,15,YEAR,2012-01-01 00:00:00.000
UNITED STATES,FIELD CROPS,,,00,,00,,85.1,,ALL CLASSES,TONS / ACRE,HI,,HAWAII,HAWAII,,"SUGARCANE, SUGAR & SEED - YIELD, MEASURED IN TONS / ACRE",ALL PRODUCTION PRACTICES,SUGAR & SEED,15,ANNUAL,SURVEY,,,,YIELD,NOT SPECIFIED,STATE,1990,00000000,TOTAL,9000,,CROPS,SUGARCANE,15,YEAR,2012-01-01 00:00:00.000
UNITED STATES,FIELD CROPS,,,00,,00,,89.4,,ALL CLASSES,TONS / ACRE,HI,,HAWAII,HAWAII,,"SUGARCANE, SUGAR & SEED - YIELD, MEASURED IN TONS / ACRE",ALL PRODUCTION PRACTICES,SUGAR & SEED,15,ANNUAL,SURVEY,,,,YIELD,NOT SPECIFIED,STATE,1989,00000000,TOTAL,9000,,CROPS,SUGARCANE,15,YEAR,2012-01-01 00:00:00.000
UNITED STATES,FIELD CROPS,,,00,,00,,90.6,,ALL CLASSES,TONS / ACRE,HI,,HAWAII,HAWAII,,"SUGARCANE, SUGAR & SEED - YIELD, MEASURED IN TONS / ACRE",ALL PRODUCTION PRACTICES,SUGAR & SEED,15,ANNUAL,SURVEY,,,,YIELD,NOT SPECIFIED,STATE,1988,00000000,TOTAL,9000,,CROPS,SUGARCANE,15,YEAR,2012-01-01 00:00:00.000
UNITED STATES,FIELD CROPS,,,00,,00,,94.7,,ALL CLASSES,TONS / ACRE,HI,,HAWAII,HAWAII,,"SUGARCANE, SUGAR & SEED - YIELD, MEASURED IN TONS / ACRE",ALL PRODUCTION PRACTICES,SUGAR & SEED,15,ANNUAL,SURVEY,,,,YIELD,NOT SPECIFIED,STATE,1987,00000000,TOTAL,9000,,CROPS,SUGARCANE,15,YEAR,2012-01-01 00:00:00.000
UNITED STATES,FIELD CROPS,,,00,,00,,95.2,,ALL CLASSES,TONS / ACRE,HI,,HAWAII,HAWAII,,"SUGARCANE, SUGAR & SEED - YIELD, MEASURED IN TONS / ACRE",ALL PRODUCTION PRACTICES,SUGAR & SEED,15,ANNUAL,SURVEY,,,,YIELD,NOT SPECIFIED,STATE,1986,00000000,TOTAL,9000,,CROPS,SUGARCANE,15,YEAR,2012-01-01 00:00:00.000
UNITED STATES,FIELD CROPS,,,00,,00,,90.9,,ALL CLASSES,TONS / ACRE,HI,,HAWAII,HAWAII,,"SUGARCANE, SUGAR & SEED - YIELD, MEASURED IN TONS / ACRE",ALL PRODUCTION PRACTICES,SUGAR & SEED,15,ANNUAL,SURVEY,,,,YIELD,NOT SPECIFIED,STATE,1985,00000000,TOTAL,9000,,CROPS,SUGARCANE,15,YEAR,2012-01-01 00:00:00.000
UNITED STATES,FIELD CROPS,,,00,,00,,91.2,,ALL CLASSES,TONS / ACRE,HI,,HAWAII,HAWAII,,"SUGARCANE, SUGAR & SEED - YIELD, MEASURED IN TONS / ACRE",ALL PRODUCTION PRACTICES,SUGAR & SEED,15,ANNUAL,SURVEY,,,,YIELD,NOT SPECIFIED,STATE,1984,00000000,TOTAL,9000,,CROPS,SUGARCANE,15,YEAR,2012-01-01 00:00:00.000
UNITED STATES,FIELD CROPS,,,00,,00,,92.2,,ALL CLASSES,TONS / ACRE,HI,,HAWAII,HAWAII,,"SUGARCANE, SUGAR & SEED - YIELD, MEASURED IN TONS / ACRE",ALL PRODUCTION PRACTICES,SUGAR & SEED,15,ANNUAL,SURVEY,,,,YIELD,NOT SPECIFIED,STATE,1983,00000000,TOTAL,9000,,CROPS,SUGARCANE,15,YEAR,2012-01-01 00:00:00.000
UNITED STATES,FIELD CROPS,,,00,,00,,95,,ALL CLASSES,TONS / ACRE,HI,,HAWAII,HAWAII,,"SUGARCANE, SUGAR & SEED - YIELD, MEASURED IN TONS / ACRE",ALL PRODUCTION PRACTICES,SUGAR & SEED,15,ANNUAL,SURVEY,,,,YIELD,NOT SPECIFIED,STATE,1982,00000000,TOTAL,9000,,CROPS,SUGARCANE,15,YEAR,2012-01-01 00:00:00.000
UNITED STATES,FIELD CROPS,,,00,,00,,86.7,,ALL CLASSES,TONS / ACRE,HI,,HAWAII,HAWAII,,"SUGARCANE, SUGAR & SEED - YIELD, MEASURED IN TONS / ACRE",ALL PRODUCTION PRACTICES,SUGAR & SEED,15,ANNUAL,SURVEY,,,,YIELD,NOT SPECIFIED,STATE,1981,00000000,TOTAL,9000,,CROPS,SUGARCANE,15,YEAR,2012-01-01 00:00:00.000
UNITED STATES,FIELD CROPS,,,00,,00,,90.4,,ALL CLASSES,TONS / ACRE,HI,,HAWAII,HAWAII,,"SUGARCANE, SUGAR & SEED - YIELD, MEASURED IN TONS / ACRE",ALL PRODUCTION PRACTICES,SUGAR & SEED,15,ANNUAL,SURVEY,,,,YIELD,NOT SPECIFIED,STATE,1980,00000000,TOTAL,9000,,CROPS,SUGARCANE,15,YEAR,2012-01-01 00:00:00.000
UNITED STATES,FIELD CROPS,,,00,,00,,91.4,,ALL CLASSES,TONS / ACRE,HI,,HAWAII,HAWAII,,"SUGARCANE, SUGAR & SEED - YIELD, MEASURED IN TONS / ACRE",ALL PRODUCTION PRACTICES,SUGAR & SEED,15,ANNUAL,SURVEY,,,,YIELD,NOT SPECIFIED,STATE,1979,00000000,TOTAL,9000,,CROPS,SUGARCANE,15,YEAR,2012-01-01 00:00:00.000
UNITED STATES,FIELD CROPS,,,00,,00,,89.3,,ALL CLASSES,TONS / ACRE,HI,,HAWAII,HAWAII,,"SUGARCANE, SUGAR & SEED - YIELD, MEASURED IN TONS / ACRE",ALL PRODUCTION PRACTICES,SUGAR & SEED,15,ANNUAL,SURVEY,,,,YIELD,NOT SPECIFIED,STATE,1978,00000000,TOTAL,9000,,CROPS,SUGARCANE,15,YEAR,2012-01-01 00:00:00.000
UNITED STATES,FIELD CROPS,,,00,,00,,88.7,,ALL CLASSES,TONS / ACRE,HI,,HAWAII,HAWAII,,"SUGARCANE, SUGAR & SEED - YIELD, MEASURED IN TONS / ACRE",ALL PRODUCTION PRACTICES,SUGAR & SEED,15,ANNUAL,SURVEY,,,,YIELD,NOT SPECIFIED,STATE,1977,00000000,TOTAL,9000,,CROPS,SUGARCANE,15,YEAR,2012-01-01 00:00:00.000
UNITED STATES,FIELD CROPS,,,00,,00,,87.7,,ALL CLASSES,TONS / ACRE,HI,,HAWAII,HAWAII,,"SUGARCANE, SUGAR & SEED - YIELD, MEASURED IN TONS / ACRE",ALL PRODUCTION PRACTICES,SUGAR & SEED,15,ANNUAL,SURVEY,,,,YIELD,NOT SPECIFIED,STATE,1976,00000000,TOTAL,9000,,CROPS,SUGARCANE,15,YEAR,2012-01-01 00:00:00.000
UNITED STATES,FIELD CROPS,,,00,,00,,86.7,,ALL CLASSES,TONS / ACRE,HI,,HAWAII,HAWAII,,"SUGARCANE, SUGAR & SEED - YIELD, MEASURED IN TONS / ACRE",ALL PRODUCTION PRACTICES,SUGAR & SEED,15,ANNUAL,SURVEY,,,,YIELD,NOT SPECIFIED,STATE,1975,00000000,TOTAL,9000,,CROPS,SUGARCANE,15,YEAR,2012-01-01 00:00:00.000
UNITED STATES,FIELD CROPS,,,00,,00,,91.2,,ALL CLASSES,TONS / ACRE,HI,,HAWAII,HAWAII,,"SUGARCANE, SUGAR & SEED - YIELD, MEASURED IN TONS / ACRE",ALL PRODUCTION PRACTICES,SUGAR & SEED,15,ANNUAL,SURVEY,,,,YIELD,NOT SPECIFIED,STATE,1974,00000000,TOTAL,9000,,CROPS,SUGARCANE,15,YEAR,2012-01-01 00:00:00.000
UNITED STATES,FIELD CROPS,,,00,,00,,84.9,,ALL CLASSES,TONS / ACRE,HI,,HAWAII,HAWAII,,"SUGARCANE, SUGAR & SEED - YIELD, MEASURED IN TONS / ACRE",ALL PRODUCTION PRACTICES,SUGAR & SEED,15,ANNUAL,SURVEY,,,,YIELD,NOT SPECIFIED,STATE,1973,00000000,TOTAL,9000,,CROPS,SUGARCANE,15,YEAR,2012-01-01 00:00:00.000
UNITED STATES,FIELD CROPS,,,00,,00,,88,,ALL CLASSES,TONS / ACRE,HI,,HAWAII,HAWAII,,"SUGARCANE, SUGAR & SEED - YIELD, MEASURED IN TONS / ACRE",ALL PRODUCTION PRACTICES,SUGAR & SEED,15,ANNUAL,SURVEY,,,,YIELD,NOT SPECIFIED,STATE,1972,00000000,TOTAL,9000,,CROPS,SUGARCANE,15,YEAR,2012-01-01 00:00:00.000
UNITED STATES,FIELD CROPS,,,00,,00,,88.7,,ALL CLASSES,TONS / ACRE,HI,,HAWAII,HAWAII,,"SUGARCANE, SUGAR & SEED - YIELD, MEASURED IN TONS / ACRE",ALL PRODUCTION PRACTICES,SUGAR & SEED,15,ANNUAL,SURVEY,,,,YIELD,NOT SPECIFIED,STATE,1971,00000000,TOTAL,9000,,CROPS,SUGARCANE,15,YEAR,2012-01-01 00:00:00.000
UNITED STATES,FIELD CROPS,,,00,,00,,89.1,,ALL CLASSES,TONS / ACRE,HI,,HAWAII,HAWAII,,"SUGARCANE, SUGAR & SEED - YIELD, MEASURED IN TONS / ACRE",ALL PRODUCTION PRACTICES,SUGAR & SEED,15,ANNUAL,SURVEY,,,,YIELD,NOT SPECIFIED,STATE,1970,00000000,TOTAL,9000,,CROPS,SUGARCANE,15,YEAR,2012-01-01 00:00:00.000
UNITED STATES,FIELD CROPS,,,00,,00,,92.9,,ALL CLASSES,TONS / ACRE,HI,,HAWAII,HAWAII,,"SUGARCANE, SUGAR & SEED - YIELD, MEASURED IN TONS / ACRE",ALL PRODUCTION PRACTICES,SUGAR & SEED,15,ANNUAL,SURVEY,,,,YIELD,NOT SPECIFIED,STATE,1969,00000000,TOTAL,9000,,CROPS,SUGARCANE,15,YEAR,2012-01-01 00:00:00.000
UNITED STATES,FIELD CROPS,,,00,,00,,96.4,,ALL CLASSES,TONS / ACRE,HI,,HAWAII,HAWAII,,"SUGARCANE, SUGAR & SEED - YIELD, MEASURED IN TONS / ACRE",ALL PRODUCTION PRACTICES,SUGAR & SEED,15,ANNUAL,SURVEY,,,,YIELD,NOT SPECIFIED,STATE,1968,00000000,TOTAL,9000,,CROPS,SUGARCANE,15,YEAR,2012-01-01 00:00:00.000
UNITED STATES,FIELD CROPS,,,00,,00,,96.2,,ALL CLASSES,TONS / ACRE,HI,,HAWAII,HAWAII,,"SUGARCANE, SUGAR & SEED - YIELD, MEASURED IN TONS / ACRE",ALL PRODUCTION PRACTICES,SUGAR & SEED,15,ANNUAL,SURVEY,,,,YIELD,NOT SPECIFIED,STATE,1967,00000000,TOTAL,9000,,CROPS,SUGARCANE,15,YEAR,2012-01-01 00:00:00.000
UNITED STATES,FIELD CROPS,,,00,,00,,96.3,,ALL CLASSES,TONS / ACRE,HI,,HAWAII,HAWAII,,"SUGARCANE, SUGAR & SEED - YIELD, MEASURED IN TONS / ACRE",ALL PRODUCTION PRACTICES,SUGAR & SEED,15,ANNUAL,SURVEY,,,,YIELD,NOT SPECIFIED,STATE,1966,00000000,TOTAL,9000,,CROPS,SUGARCANE,15,YEAR,2012-01-01 00:00:00.000
UNITED STATES,FIELD CROPS,,,00,,00,,95.6,,ALL CLASSES,TONS / ACRE,HI,,HAWAII,HAWAII,,"SUGARCANE, SUGAR & SEED - YIELD, MEASURED IN TONS / ACRE",ALL PRODUCTION PRACTICES,SUGAR & SEED,15,ANNUAL,SURVEY,,,,YIELD,NOT SPECIFIED,STATE,1965,00000000,TOTAL,9000,,CROPS,SUGARCANE,15,YEAR,2012-01-01 00:00:00.000
UNITED STATES,FIELD CROPS,,,00,,00,,92.4,,ALL CLASSES,TONS / ACRE,HI,,HAWAII,HAWAII,,"SUGARCANE, SUGAR & SEED - YIELD, MEASURED IN TONS / ACRE",ALL PRODUCTION PRACTICES,SUGAR & SEED,15,ANNUAL,SURVEY,,,,YIELD,NOT SPECIFIED,STATE,1964,00000000,TOTAL,9000,,CROPS,SUGARCANE,15,YEAR,2012-01-01 00:00:00.000
UNITED STATES,FIELD CROPS,,,00,,00,,91.6,,ALL CLASSES,TONS / ACRE,HI,,HAWAII,HAWAII,,"SUGARCANE, SUGAR & SEED - YIELD, MEASURED IN TONS / ACRE",ALL PRODUCTION PRACTICES,SUGAR & SEED,15,ANNUAL,SURVEY,,,,YIELD,NOT SPECIFIED,STATE,1963,00000000,TOTAL,9000,,CROPS,SUGARCANE,15,YEAR,2012-01-01 00:00:00.000
UNITED STATES,FIELD CROPS,,,00,,00,,88.7,,ALL CLASSES,TONS / ACRE,HI,,HAWAII,HAWAII,,"SUGARCANE, SUGAR & SEED - YIELD, MEASURED IN TONS / ACRE",ALL PRODUCTION PRACTICES,SUGAR & SEED,15,ANNUAL,SURVEY,,,,YIELD,NOT SPECIFIED,STATE,1962,00000000,TOTAL,9000,,CROPS,SUGARCANE,15,YEAR,2012-01-01 00:00:00.000
UNITED STATES,FIELD CROPS,,,00,,00,,86.9,,ALL CLASSES,TONS / ACRE,HI,,HAWAII,HAWAII,,"SUGARCANE, SUGAR & SEED - YIELD, MEASURED IN TONS / ACRE",ALL PRODUCTION PRACTICES,SUGAR & SEED,15,ANNUAL,SURVEY,,,,YIELD,NOT SPECIFIED,STATE,1961,00000000,TOTAL,9000,,CROPS,SUGARCANE,15,YEAR,2012-01-01 00:00:00.000
UNITED STATES,FIELD CROPS,,,00,,00,,81.8,,ALL CLASSES,TONS / ACRE,HI,,HAWAII,HAWAII,,"SUGARCANE, SUGAR & SEED - YIELD, MEASURED IN TONS / ACRE",ALL PRODUCTION PRACTICES,SUGAR & SEED,15,ANNUAL,SURVEY,,,,YIELD,NOT SPECIFIED,STATE,1960,00000000,TOTAL,9000,,CROPS,SUGARCANE,15,YEAR,2012-01-01 00:00:00.000
UNITED STATES,FIELD CROPS,,,00,,00,,84,,ALL CLASSES,TONS / ACRE,HI,,HAWAII,HAWAII,,"SUGARCANE, SUGAR & SEED - YIELD, MEASURED IN TONS / ACRE",ALL PRODUCTION PRACTICES,SUGAR & SEED,15,ANNUAL,SURVEY,,,,YIELD,NOT SPECIFIED,STATE,1959,00000000,TOTAL,9000,,CROPS,SUGARCANE,15,YEAR,2012-01-01 00:00:00.000
UNITED STATES,FIELD CROPS,,,00,,00,,89.8,,ALL CLASSES,TONS / ACRE,HI,,HAWAII,HAWAII,,"SUGARCANE, SUGAR & SEED - YIELD, MEASURED IN TONS / ACRE",ALL PRODUCTION PRACTICES,SUGAR & SEED,15,ANNUAL,SURVEY,,,,YIELD,NOT SPECIFIED,STATE,1958,00000000,TOTAL,9000,,CROPS,SUGARCANE,15,YEAR,2012-01-01 00:00:00.000
UNITED STATES,FIELD CROPS,,,00,,00,,88.5,,ALL CLASSES,TONS / ACRE,HI,,HAWAII,HAWAII,,"SUGARCANE, SUGAR & SEED - YIELD, MEASURED IN TONS / ACRE",ALL PRODUCTION PRACTICES,SUGAR & SEED,15,ANNUAL,SURVEY,,,,YIELD,NOT SPECIFIED,STATE,1957,00000000,TOTAL,9000,,CROPS,SUGARCANE,15,YEAR,2012-01-01 00:00:00.000
UNITED STATES,FIELD CROPS,,,00,,00,,92.6,,ALL CLASSES,TONS / ACRE,HI,,HAWAII,HAWAII,,"SUGARCANE, SUGAR & SEED - YIELD, MEASURED IN TONS / ACRE",ALL PRODUCTION PRACTICES,SUGAR & SEED,15,ANNUAL,SURVEY,,,,YIELD,NOT SPECIFIED,STATE,1956,00000000,TOTAL,9000,,CROPS,SUGARCANE,15,YEAR,2012-01-01 00:00:00.000
UNITED STATES,FIELD CROPS,,,00,,00,,92.9,,ALL CLASSES,TONS / ACRE,HI,,HAWAII,HAWAII,,"SUGARCANE, SUGAR & SEED - YIELD, MEASURED IN TONS / ACRE",ALL PRODUCTION PRACTICES,SUGAR & SEED,15,ANNUAL,SURVEY,,,,YIELD,NOT SPECIFIED,STATE,1955,00000000,TOTAL,9000,,CROPS,SUGARCANE,15,YEAR,2012-01-01 00:00:00.000
UNITED STATES,FIELD CROPS,,,00,,00,,87.7,,ALL CLASSES,TONS / ACRE,HI,,HAWAII,HAWAII,,"SUGARCANE, SUGAR & SEED - YIELD, MEASURED IN TONS / ACRE",ALL PRODUCTION PRACTICES,SUGAR & SEED,15,ANNUAL,SURVEY,,,,YIELD,NOT SPECIFIED,STATE,1954,00000000,TOTAL,9000,,CROPS,SUGARCANE,15,YEAR,2012-01-01 00:00:00.000
UNITED STATES,FIELD CROPS,,,00,,00,,83.1,,ALL CLASSES,TONS / ACRE,HI,,HAWAII,HAWAII,,"SUGARCANE, SUGAR & SEED - YIELD, MEASURED IN TONS / ACRE",ALL PRODUCTION PRACTICES,SUGAR & SEED,15,ANNUAL,SURVEY,,,,YIELD,NOT SPECIFIED,STATE,1953,00000000,TOTAL,9000,,CROPS,SUGARCANE,15,YEAR,2012-01-01 00:00:00.000
UNITED STATES,FIELD CROPS,,,00,,00,,80.4,,ALL CLASSES,TONS / ACRE,HI,,HAWAII,HAWAII,,"SUGARCANE, SUGAR & SEED - YIELD, MEASURED IN TONS / ACRE",ALL PRODUCTION PRACTICES,SUGAR & SEED,15,ANNUAL,SURVEY,,,,YIELD,NOT SPECIFIED,STATE,1952,00000000,TOTAL,9000,,CROPS,SUGARCANE,15,YEAR,2012-01-01 00:00:00.000
UNITED STATES,FIELD CROPS,,,00,,00,,77.4,,ALL CLASSES,TONS / ACRE,HI,,HAWAII,HAWAII,,"SUGARCANE, SUGAR & SEED - YIELD, MEASURED IN TONS / ACRE",ALL PRODUCTION PRACTICES,SUGAR & SEED,15,ANNUAL,SURVEY,,,,YIELD,NOT SPECIFIED,STATE,1951,00000000,TOTAL,9000,,CROPS,SUGARCANE,15,YEAR,2012-01-01 00:00:00.000
UNITED STATES,FIELD CROPS,,,00,,00,,74.7,,ALL CLASSES,TONS / ACRE,HI,,HAWAII,HAWAII,,"SUGARCANE, SUGAR & SEED - YIELD, MEASURED IN TONS / ACRE",ALL PRODUCTION PRACTICES,SUGAR & SEED,15,ANNUAL,SURVEY,,,,YIELD,NOT SPECIFIED,STATE,1950,00000000,TOTAL,9000,,CROPS,SUGARCANE,15,YEAR,2012-01-01 00:00:00.000
UNITED STATES,FIELD CROPS,,,00,,00,,74,,ALL CLASSES,TONS / ACRE,HI,,HAWAII,HAWAII,,"SUGARCANE, SUGAR & SEED - YIELD, MEASURED IN TONS / ACRE",ALL PRODUCTION PRACTICES,SUGAR & SEED,15,ANNUAL,SURVEY,,,,YIELD,NOT SPECIFIED,STATE,1949,00000000,TOTAL,9000,,CROPS,SUGARCANE,15,YEAR,2012-01-01 00:00:00.000
UNITED STATES,FIELD CROPS,,,00,,00,,75.4,,ALL CLASSES,TONS / ACRE,HI,,HAWAII,HAWAII,,"SUGARCANE, SUGAR & SEED - YIELD, MEASURED IN TONS / ACRE",ALL PRODUCTION PRACTICES,SUGAR & SEED,15,ANNUAL,SURVEY,,,,YIELD,NOT SPECIFIED,STATE,1948,00000000,TOTAL,9000,,CROPS,SUGARCANE,15,YEAR,2012-01-01 00:00:00.000
UNITED STATES,FIELD CROPS,,,00,,00,,70.3,,ALL CLASSES,TONS / ACRE,HI,,HAWAII,HAWAII,,"SUGARCANE, SUGAR & SEED - YIELD, MEASURED IN TONS / ACRE",ALL PRODUCTION PRACTICES,SUGAR & SEED,15,ANNUAL,SURVEY,,,,YIELD,NOT SPECIFIED,STATE,1947,00000000,TOTAL,9000,,CROPS,SUGARCANE,15,YEAR,2012-01-01 00:00:00.000
UNITED STATES,FIELD CROPS,,,00,,00,,71.1,,ALL CLASSES,TONS / ACRE,HI,,HAWAII,HAWAII,,"SUGARCANE, SUGAR & SEED - YIELD, MEASURED IN TONS / ACRE",ALL PRODUCTION PRACTICES,SUGAR & SEED,15,ANNUAL,SURVEY,,,,YIELD,NOT SPECIFIED,STATE,1946,00000000,TOTAL,9000,,CROPS,SUGARCANE,15,YEAR,2012-01-01 00:00:00.000
UNITED STATES,FIELD CROPS,,,00,,00,,71.4,,ALL CLASSES,TONS / ACRE,HI,,HAWAII,HAWAII,,"SUGARCANE, SUGAR & SEED - YIELD, MEASURED IN TONS / ACRE",ALL PRODUCTION PRACTICES,SUGAR & SEED,15,ANNUAL,SURVEY,,,,YIELD,NOT SPECIFIED,STATE,1945,00000000,TOTAL,9000,,CROPS,SUGARCANE,15,YEAR,2012-01-01 00:00:00.000
UNITED STATES,FIELD CROPS,,,00,,00,,71.5,,ALL CLASSES,TONS / ACRE,HI,,HAWAII,HAWAII,,"SUGARCANE, SUGAR & SEED - YIELD, MEASURED IN TONS / ACRE",ALL PRODUCTION PRACTICES,SUGAR & SEED,15,ANNUAL,SURVEY,,,,YIELD,NOT SPECIFIED,STATE,1944,00000000,TOTAL,9000,,CROPS,SUGARCANE,15,YEAR,2012-01-01 00:00:00.000
UNITED STATES,FIELD CROPS,,,00,,00,,71.9,,ALL CLASSES,TONS / ACRE,HI,,HAWAII,HAWAII,,"SUGARCANE, SUGAR & SEED - YIELD, MEASURED IN TONS / ACRE",ALL PRODUCTION PRACTICES,SUGAR & SEED,15,ANNUAL,SURVEY,,,,YIELD,NOT SPECIFIED,STATE,1943,00000000,TOTAL,9000,,CROPS,SUGARCANE,15,YEAR,2012-01-01 00:00:00.000
UNITED STATES,FIELD CROPS,,,00,,00,,69,,ALL CLASSES,TONS / ACRE,HI,,HAWAII,HAWAII,,"SUGARCANE, SUGAR & SEED - YIELD, MEASURED IN TONS / ACRE",ALL PRODUCTION PRACTICES,SUGAR & SEED,15,ANNUAL,SURVEY,,,,YIELD,NOT SPECIFIED,STATE,1942,00000000,TOTAL,9000,,CROPS,SUGARCANE,15,YEAR,2012-01-01 00:00:00.000
UNITED STATES,FIELD CROPS,,,00,,00,,65.4,,ALL CLASSES,TONS / ACRE,HI,,HAWAII,HAWAII,,"SUGARCANE, SUGAR & SEED - YIELD, MEASURED IN TONS / ACRE",ALL PRODUCTION PRACTICES,SUGAR & SEED,15,ANNUAL,SURVEY,,,,YIELD,NOT SPECIFIED,STATE,1941,00000000,TOTAL,9000,,CROPS,SUGARCANE,15,YEAR,2012-01-01 00:00:00.000
UNITED STATES,FIELD CROPS,,,00,,00,,62.7,,ALL CLASSES,TONS / ACRE,HI,,HAWAII,HAWAII,,"SUGARCANE, SUGAR & SEED - YIELD, MEASURED IN TONS / ACRE",ALL PRODUCTION PRACTICES,SUGAR & SEED,15,ANNUAL,SURVEY,,,,YIELD,NOT SPECIFIED,STATE,1940,00000000,TOTAL,9000,,CROPS,SUGARCANE,15,YEAR,2012-01-01 00:00:00.000
UNITED STATES,FIELD CROPS,,,00,,00,,62.2,,ALL CLASSES,TONS / ACRE,HI,,HAWAII,HAWAII,,"SUGARCANE, SUGAR & SEED - YIELD, MEASURED IN TONS / ACRE",ALL PRODUCTION PRACTICES,SUGAR & SEED,15,ANNUAL,SURVEY,,,,YIELD,NOT SPECIFIED,STATE,1939,00000000,TOTAL,9000,,CROPS,SUGARCANE,15,YEAR,2012-01-01 00:00:00.000
UNITED STATES,FIELD CROPS,,,00,,00,,65,,ALL CLASSES,TONS / ACRE,HI,,HAWAII,HAWAII,,"SUGARCANE, SUGAR & SEED - YIELD, MEASURED IN TONS / ACRE",ALL PRODUCTION PRACTICES,SUGAR & SEED,15,ANNUAL,SURVEY,,,,YIELD,NOT SPECIFIED,STATE,1938,00000000,TOTAL,9000,,CROPS,SUGARCANE,15,YEAR,2012-01-01 00:00:00.000
UNITED STATES,FIELD CROPS,,,00,,00,,69.5,,ALL CLASSES,TONS / ACRE,HI,,HAWAII,HAWAII,,"SUGARCANE, SUGAR & SEED - YIELD, MEASURED IN TONS / ACRE",ALL PRODUCTION PRACTICES,SUGAR & SEED,15,ANNUAL,SURVEY,,,,YIELD,NOT SPECIFIED,STATE,1937,00000000,TOTAL,9000,,CROPS,SUGARCANE,15,YEAR,2012-01-01 00:00:00.000
UNITED STATES,FIELD CROPS,,,00,,00,,70.1,,ALL CLASSES,TONS / ACRE,HI,,HAWAII,HAWAII,,"SUGARCANE, SUGAR & SEED - YIELD, MEASURED IN TONS / ACRE",ALL PRODUCTION PRACTICES,SUGAR & SEED,15,ANNUAL,SURVEY,,,,YIELD,NOT SPECIFIED,STATE,1936,00000000,TOTAL,9000,,CROPS,SUGARCANE,15,YEAR,2012-01-01 00:00:00.000
UNITED STATES,FIELD CROPS,,,00,,00,,67.8,,ALL CLASSES,TONS / ACRE,HI,,HAWAII,HAWAII,,"SUGARCANE, SUGAR & SEED - YIELD, MEASURED IN TONS / ACRE",ALL PRODUCTION PRACTICES,SUGAR & SEED,15,ANNUAL,SURVEY,,,,YIELD,NOT SPECIFIED,STATE,1935,00000000,TOTAL,9000,,CROPS,SUGARCANE,15,YEAR,2012-01-01 00:00:00.000
UNITED STATES,FIELD CROPS,,,00,,00,,59.5,,ALL CLASSES,TONS / ACRE,HI,,HAWAII,HAWAII,,"SUGARCANE, SUGAR & SEED - YIELD, MEASURED IN TONS / ACRE",ALL PRODUCTION PRACTICES,SUGAR & SEED,15,ANNUAL,SURVEY,,,,YIELD,NOT SPECIFIED,STATE,1934,00000000,TOTAL,9000,,CROPS,SUGARCANE,15,YEAR,2012-01-01 00:00:00.000
UNITED STATES,FIELD CROPS,,,00,,00,,"9,630",,ALL CLASSES,LB / ACRE,HI,,HAWAII,HAWAII,,"TARO - YIELD, MEASURED IN LB / ACRE",ALL PRODUCTION PRACTICES,ALL UTILIZATION PRACTICES,15,ANNUAL,SURVEY,,,,YIELD,NOT SPECIFIED,STATE,2018,00000000,TOTAL,9000,,CROPS,TARO,15,YEAR,2024-01-09 15:00:00.000
UNITED STATES,FIELD CROPS,,,00,,00,,"10,530",,ALL CLASSES,LB / ACRE,HI,,HAWAII,HAWAII,,"TARO - YIELD, MEASURED IN LB / ACRE",ALL PRODUCTION PRACTICES,ALL UTILIZATION PRACTICES,15,ANNUAL,SURVEY,,,,YIELD,NOT SPECIFIED,STATE,2017,00000000,TOTAL,9000,,CROPS,TARO,15,YEAR,2019-02-06 15:00:06.000
UNITED STATES,FIELD CROPS,,,00,,00,,"11,300",,ALL CLASSES,LB / ACRE,HI,,HAWAII,HAWAII,,"TARO - YIELD, MEASURED IN LB / ACRE",ALL PRODUCTION PRACTICES,ALL UTILIZATION PRACTICES,15,ANNUAL,SURVEY,,,,YIELD,NOT SPECIFIED,STATE,2016,00000000,TOTAL,9000,,CROPS,TARO,15,YEAR,2019-02-06 15:00:06.000
UNITED STATES,FIELD CROPS,,,00,,00,,"10,300",,ALL CLASSES,LB / ACRE,HI,,HAWAII,HAWAII,,"TARO - YIELD, MEASURED IN LB / ACRE",ALL PRODUCTION PRACTICES,ALL UTILIZATION PRACTICES,15,ANNUAL,SURVEY,,,,YIELD,NOT SPECIFIED,STATE,2015,00000000,TOTAL,9000,,CROPS,TARO,15,YEAR,2019-02-06 15:00:06.000
UNITED STATES,FIELD CROPS,,,00,,00,,"9,000",,ALL CLASSES,LB / ACRE,HI,,HAWAII,HAWAII,,"TARO - YIELD, MEASURED IN LB / ACRE",ALL PRODUCTION PRACTICES,ALL UTILIZATION PRACTICES,15,ANNUAL,SURVEY,,,,YIELD,NOT SPECIFIED,STATE,2014,00000000,TOTAL,9000,,CROPS,TARO,15,YEAR,2019-02-06 15:00:06.000
UNITED STATES,FIELD CROPS,,,00,,00,,"7,800",,ALL CLASSES,LB / ACRE,HI,,HAWAII,HAWAII,,"TARO - YIELD, MEASURED IN LB / ACRE",ALL PRODUCTION PRACTICES,ALL UTILIZATION PRACTICES,15,ANNUAL,SURVEY,,,,YIELD,NOT SPECIFIED,STATE,2013,00000000,TOTAL,9000,,CROPS,TARO,15,YEAR,2019-02-06 15:00:06.000
UNITED STATES,FRUIT & TREE NUTS,,,00,,00,,0.3,,ALL CLASSES,TONS / ACRE,HI,,HAWAII,HAWAII,,"AVOCADOS - YIELD, MEASURED IN TONS / ACRE",ALL PRODUCTION PRACTICES,ALL UTILIZATION PRACTICES,15,ANNUAL,SURVEY,,,,YIELD,NOT SPECIFIED,STATE,2023,00000000,TOTAL,9000,,CROPS,AVOCADOS,15,YEAR,2024-05-07 15:00:00.000
UNITED STATES,FRUIT & TREE NUTS,,,00,,00,,0.48,,ALL CLASSES,TONS / ACRE,HI,,HAWAII,HAWAII,,"AVOCADOS - YIELD, MEASURED IN TONS / ACRE",ALL PRODUCTION PRACTICES,ALL UTILIZATION PRACTICES,15,ANNUAL,SURVEY,,,,YIELD,NOT SPECIFIED,STATE,2022,00000000,TOTAL,9000,,CROPS,AVOCADOS,15,YEAR,2024-01-03 15:00:00.000
UNITED STATES,FRUIT & TREE NUTS,,,00,,00,,0.8,,ALL CLASSES,TONS / ACRE,HI,,HAWAII,HAWAII,,"AVOCADOS - YIELD, MEASURED IN TONS / ACRE",ALL PRODUCTION PRACTICES,ALL UTILIZATION PRACTICES,15,ANNUAL,SURVEY,,,,YIELD,NOT SPECIFIED,STATE,2021,00000000,TOTAL,9000,,CROPS,AVOCADOS,15,YEAR,2024-01-03 15:00:00.000
UNITED STATES,FRUIT & TREE NUTS,,,00,,00,,0.74,,ALL CLASSES,TONS / ACRE,HI,,HAWAII,HAWAII,,"AVOCADOS - YIELD, MEASURED IN TONS / ACRE",ALL PRODUCTION PRACTICES,ALL UTILIZATION PRACTICES,15,ANNUAL,SURVEY,,,,YIELD,NOT SPECIFIED,STATE,2020,00000000,TOTAL,9000,,CROPS,AVOCADOS,15,YEAR,2024-01-03 15:00:00.000
UNITED STATES,FRUIT & TREE NUTS,,,00,,00,,1,,ALL CLASSES,TONS / ACRE,HI,,HAWAII,HAWAII,,"AVOCADOS - YIELD, MEASURED IN TONS / ACRE",ALL PRODUCTION PRACTICES,ALL UTILIZATION PRACTICES,15,ANNUAL,SURVEY,,,,YIELD,NOT SPECIFIED,STATE,2019,00000000,TOTAL,9000,,CROPS,AVOCADOS,15,YEAR,2024-01-03 15:00:00.000
UNITED STATES,FRUIT & TREE NUTS,,,00,,00,,1.04,,ALL CLASSES,TONS / ACRE,HI,,HAWAII,HAWAII,,"AVOCADOS - YIELD, MEASURED IN TONS / ACRE",ALL PRODUCTION PRACTICES,ALL UTILIZATION PRACTICES,15,ANNUAL,SURVEY,,,,YIELD,NOT SPECIFIED,STATE,2018,00000000,TOTAL,9000,,CROPS,AVOCADOS,15,YEAR,2024-01-03 15:00:00.000
UNITED STATES,FRUIT & TREE NUTS,,,00,,00,,1.05,,ALL CLASSES,TONS / ACRE,HI,,HAWAII,HAWAII,,"AVOCADOS - YIELD, MEASURED IN TONS / ACRE",ALL PRODUCTION PRACTICES,ALL UTILIZATION PRACTICES,15,ANNUAL,SURVEY,,,,YIELD,NOT SPECIFIED,STATE,2017,00000000,TOTAL,9000,,CROPS,AVOCADOS,15,YEAR,2019-03-12 15:04:48.000
UNITED STATES,FRUIT & TREE NUTS,,,00,,00,,1.19,,ALL CLASSES,TONS / ACRE,HI,,HAWAII,HAWAII,,"AVOCADOS - YIELD, MEASURED IN TONS / ACRE",ALL PRODUCTION PRACTICES,ALL UTILIZATION PRACTICES,15,ANNUAL,SURVEY,,,,YIELD,NOT SPECIFIED,STATE,2016,00000000,TOTAL,9000,,CROPS,AVOCADOS,15,YEAR,2019-03-12 15:04:48.000
UNITED STATES,FRUIT & TREE NUTS,,,00,,00,,0.81,,ALL CLASSES,TONS / ACRE,HI,,HAWAII,HAWAII,,"AVOCADOS - YIELD, MEASURED IN TONS / ACRE",ALL PRODUCTION PRACTICES,ALL UTILIZATION PRACTICES,15,ANNUAL,SURVEY,,,,YIELD,NOT SPECIFIED,STATE,2015,00000000,TOTAL,9000,,CROPS,AVOCADOS,15,YEAR,2019-03-12 15:04:48.000
UNITED STATES,FRUIT & TREE NUTS,,,00,,00,,0.59,,ALL CLASSES,TONS / ACRE,HI,,HAWAII,HAWAII,,"AVOCADOS - YIELD, MEASURED IN TONS / ACRE",ALL PRODUCTION PRACTICES,ALL UTILIZATION PRACTICES,15,ANNUAL,SURVEY,,,,YIELD,NOT SPECIFIED,STATE,2014,00000000,TOTAL,9000,,CROPS,AVOCADOS,15,YEAR,2019-03-12 15:04:48.000
UNITED STATES,FRUIT & TREE NUTS,,,00,,00,,0.8,,ALL CLASSES,TONS / ACRE,HI,,HAWAII,HAWAII,,"AVOCADOS - YIELD, MEASURED IN TONS / ACRE",ALL PRODUCTION PRACTICES,ALL UTILIZATION PRACTICES,15,ANNUAL,SURVEY,,,,YIELD,NOT SPECIFIED,STATE,2013,00000000,TOTAL,9000,,CROPS,AVOCADOS,15,YEAR,2019-03-12 15:04:48.000
UNITED STATES,FRUIT & TREE NUTS,,,00,,00,,                (NA),,ALL CLASSES,TONS / ACRE,HI,,HAWAII,HAWAII,,"AVOCADOS - YIELD, MEASURED IN TONS / ACRE",ALL PRODUCTION PRACTICES,ALL UTILIZATION PRACTICES,15,ANNUAL,SURVEY,,,,YIELD,NOT SPECIFIED,STATE,2012,00000000,TOTAL,9000,,CROPS,AVOCADOS,15,YEAR,2014-11-17 08:34:41.000
UNITED STATES,FRUIT & TREE NUTS,,,00,,00,,1,,ALL CLASSES,TONS / ACRE,HI,,HAWAII,HAWAII,,"AVOCADOS - YIELD, MEASURED IN TONS / ACRE",ALL PRODUCTION PRACTICES,ALL UTILIZATION PRACTICES,15,ANNUAL,SURVEY,,,,YIELD,NOT SPECIFIED,STATE,2011,00000000,TOTAL,9000,,CROPS,AVOCADOS,15,YEAR,2014-11-17 08:34:41.000
UNITED STATES,FRUIT & TREE NUTS,,,00,,00,,1,,ALL CLASSES,TONS / ACRE,HI,,HAWAII,HAWAII,,"AVOCADOS - YIELD, MEASURED IN TONS / ACRE",ALL PRODUCTION PRACTICES,ALL UTILIZATION PRACTICES,15,ANNUAL,SURVEY,,,,YIELD,NOT SPECIFIED,STATE,2010,00000000,TOTAL,9000,,CROPS,AVOCADOS,15,YEAR,2014-11-17 08:34:41.000
UNITED STATES,FRUIT & TREE NUTS,,,00,,00,,1.41,,ALL CLASSES,TONS / ACRE,HI,,HAWAII,HAWAII,,"AVOCADOS - YIELD, MEASURED IN TONS / ACRE",ALL PRODUCTION PRACTICES,ALL UTILIZATION PRACTICES,15,ANNUAL,SURVEY,,,,YIELD,NOT SPECIFIED,STATE,2009,00000000,TOTAL,9000,,CROPS,AVOCADOS,15,YEAR,2014-11-17 08:34:41.000
UNITED STATES,FRUIT & TREE NUTS,,,00,,00,,1.52,,ALL CLASSES,TONS / ACRE,HI,,HAWAII,HAWAII,,"AVOCADOS - YIELD, MEASURED IN TONS / ACRE",ALL PRODUCTION PRACTICES,ALL UTILIZATION PRACTICES,15,ANNUAL,SURVEY,,,,YIELD,NOT SPECIFIED,STATE,2008,00000000,TOTAL,9000,,CROPS,AVOCADOS,15,YEAR,2014-11-17 08:34:41.000
UNITED STATES,FRUIT & TREE NUTS,,,00,,00,,1.66,,ALL CLASSES,TONS / ACRE,HI,,HAWAII,HAWAII,,"AVOCADOS - YIELD, MEASURED IN TONS / ACRE",ALL PRODUCTION PRACTICES,ALL UTILIZATION PRACTICES,15,ANNUAL,SURVEY,,,,YIELD,NOT SPECIFIED,STATE,2007,00000000,TOTAL,9000,,CROPS,AVOCADOS,15,YEAR,2014-11-17 08:34:41.000
UNITED STATES,FRUIT & TREE NUTS,,,00,,00,,"7,000",,ALL CLASSES,LB / ACRE,HI,,HAWAII,HAWAII,,"BANANAS, UTILIZED - YIELD, MEASURED IN LB / ACRE",ALL PRODUCTION PRACTICES,UTILIZED,15,ANNUAL,SURVEY,,,,YIELD,NOT SPECIFIED,STATE,2017,00000000,TOTAL,9000,,CROPS,BANANAS,15,YEAR,2019-03-12 15:04:48.000
UNITED STATES,FRUIT & TREE NUTS,,,00,,00,,"5,300",,ALL CLASSES,LB / ACRE,HI,,HAWAII,HAWAII,,"BANANAS, UTILIZED - YIELD, MEASURED IN LB / ACRE",ALL PRODUCTION PRACTICES,UTILIZED,15,ANNUAL,SURVEY,,,,YIELD,NOT SPECIFIED,STATE,2016,00000000,TOTAL,9000,,CROPS,BANANAS,15,YEAR,2019-03-12 15:04:48.000
UNITED STATES,FRUIT & TREE NUTS,,,00,,00,,"8,000",,ALL CLASSES,LB / ACRE,HI,,HAWAII,HAWAII,,"BANANAS, UTILIZED - YIELD, MEASURED IN LB / ACRE",ALL PRODUCTION PRACTICES,UTILIZED,15,ANNUAL,SURVEY,,,,YIELD,NOT SPECIFIED,STATE,2015,00000000,TOTAL,9000,,CROPS,BANANAS,15,YEAR,2019-03-12 15:04:48.000
UNITED STATES,FRUIT & TREE NUTS,,,00,,00,,"9,900",,ALL CLASSES,LB / ACRE,HI,,HAWAII,HAWAII,,"BANANAS, UTILIZED - YIELD, MEASURED IN LB / ACRE",ALL PRODUCTION PRACTICES,UTILIZED,15,ANNUAL,SURVEY,,,,YIELD,NOT SPECIFIED,STATE,2014,00000000,TOTAL,9000,,CROPS,BANANAS,15,YEAR,2019-03-12 15:04:48.000
UNITED STATES,FRUIT & TREE NUTS,,,00,,00,,"11,600",,ALL CLASSES,LB / ACRE,HI,,HAWAII,HAWAII,,"BANANAS, UTILIZED - YIELD, MEASURED IN LB / ACRE",ALL PRODUCTION PRACTICES,UTILIZED,15,ANNUAL,SURVEY,,,,YIELD,NOT SPECIFIED,STATE,2013,00000000,TOTAL,9000,,CROPS,BANANAS,15,YEAR,2019-03-12 15:04:48.000
UNITED STATES,FRUIT & TREE NUTS,,,00,,00,,                (NA),,ALL CLASSES,LB / ACRE,HI,,HAWAII,HAWAII,,"BANANAS, UTILIZED - YIELD, MEASURED IN LB / ACRE",ALL PRODUCTION PRACTICES,UTILIZED,15,ANNUAL,SURVEY,,,,YIELD,NOT SPECIFIED,STATE,2012,00000000,TOTAL,9000,,CROPS,BANANAS,15,YEAR,2017-08-02 15:03:26.000
UNITED STATES,FRUIT & TREE NUTS,,,00,,00,,"17,400",,ALL CLASSES,LB / ACRE,HI,,HAWAII,HAWAII,,"BANANAS, UTILIZED - YIELD, MEASURED IN LB / ACRE",ALL PRODUCTION PRACTICES,UTILIZED,15,ANNUAL,SURVEY,,,,YIELD,NOT SPECIFIED,STATE,2011,00000000,TOTAL,9000,,CROPS,BANANAS,15,YEAR,2017-08-02 15:03:26.000
UNITED STATES,FRUIT & TREE NUTS,,,00,,00,,"16,200",,ALL CLASSES,LB / ACRE,HI,,HAWAII,HAWAII,,"BANANAS, UTILIZED - YIELD, MEASURED IN LB / ACRE",ALL PRODUCTION PRACTICES,UTILIZED,15,ANNUAL,SURVEY,,,,YIELD,NOT SPECIFIED,STATE,2010,00000000,TOTAL,9000,,CROPS,BANANAS,15,YEAR,2017-08-02 15:03:26.000
UNITED STATES,FRUIT & TREE NUTS,,,00,,00,,"16,800",,ALL CLASSES,LB / ACRE,HI,,HAWAII,HAWAII,,"BANANAS, UTILIZED - YIELD, MEASURED IN LB / ACRE",ALL PRODUCTION PRACTICES,UTILIZED,15,ANNUAL,SURVEY,,,,YIELD,NOT SPECIFIED,STATE,2009,00000000,TOTAL,9000,,CROPS,BANANAS,15,YEAR,2017-08-02 15:03:26.000
UNITED STATES,FRUIT & TREE NUTS,,,00,,00,,"15,800",,ALL CLASSES,LB / ACRE,HI,,HAWAII,HAWAII,,"BANANAS, UTILIZED - YIELD, MEASURED IN LB / ACRE",ALL PRODUCTION PRACTICES,UTILIZED,15,ANNUAL,SURVEY,,,,YIELD,NOT SPECIFIED,STATE,2008,00000000,TOTAL,9000,,CROPS,BANANAS,15,YEAR,2017-08-02 15:03:26.000
UNITED STATES,FRUIT & TREE NUTS,,,00,,00,,"19,700",,ALL CLASSES,LB / ACRE,HI,,HAWAII,HAWAII,,"BANANAS, UTILIZED - YIELD, MEASURED IN LB / ACRE",ALL PRODUCTION PRACTICES,UTILIZED,15,ANNUAL,SURVEY,,,,YIELD,NOT SPECIFIED,STATE,2007,00000000,TOTAL,9000,,CROPS,BANANAS,15,YEAR,2017-08-02 15:03:26.000
UNITED STATES,FRUIT & TREE NUTS,,,00,,00,,942,,ALL CLASSES,LB / ACRE,HI,,HAWAII,HAWAII,,"COFFEE - YIELD, MEASURED IN LB / ACRE",ALL PRODUCTION PRACTICES,ALL UTILIZATION PRACTICES,15,ANNUAL,SURVEY,,,,YIELD,NOT SPECIFIED,STATE,2015,00000000,TOTAL,9000,,CROPS,COFFEE,15,YEAR,2016-01-12 13:18:01.000
UNITED STATES,FRUIT & TREE NUTS,,,00,,00,,"1,141",,ALL CLASSES,LB / ACRE,HI,,HAWAII,HAWAII,,"COFFEE - YIELD, MEASURED IN LB / ACRE",ALL PRODUCTION PRACTICES,ALL UTILIZATION PRACTICES,15,ANNUAL,SURVEY,,,,YIELD,NOT SPECIFIED,STATE,2014,00000000,TOTAL,9000,,CROPS,COFFEE,15,YEAR,2016-06-10 12:00:00.000
UNITED STATES,FRUIT & TREE NUTS,,,00,,00,,"1,020",,ALL CLASSES,LB / ACRE,HI,,HAWAII,HAWAII,,"COFFEE - YIELD, MEASURED IN LB / ACRE",ALL PRODUCTION PRACTICES,ALL UTILIZATION PRACTICES,15,ANNUAL,SURVEY,,,,YIELD,NOT SPECIFIED,STATE,2013,00000000,TOTAL,9000,,CROPS,COFFEE,15,YEAR,2015-08-12 12:00:00.000
UNITED STATES,FRUIT & TREE NUTS,,,00,,00,,890,,ALL CLASSES,LB / ACRE,HI,,HAWAII,HAWAII,,"COFFEE - YIELD, MEASURED IN LB / ACRE",ALL PRODUCTION PRACTICES,ALL UTILIZATION PRACTICES,15,ANNUAL,SURVEY,,,,YIELD,NOT SPECIFIED,STATE,2012,00000000,TOTAL,9000,,CROPS,COFFEE,15,YEAR,2014-11-03 15:05:48.000
UNITED STATES,FRUIT & TREE NUTS,,,00,,00,,990,,ALL CLASSES,LB / ACRE,HI,,HAWAII,HAWAII,,"COFFEE - YIELD, MEASURED IN LB / ACRE",ALL PRODUCTION PRACTICES,ALL UTILIZATION PRACTICES,15,ANNUAL,SURVEY,,,,YIELD,NOT SPECIFIED,STATE,2011,00000000,TOTAL,9000,,CROPS,COFFEE,15,YEAR,2014-11-03 15:05:48.000
UNITED STATES,FRUIT & TREE NUTS,,,00,,00,,"1,170",,ALL CLASSES,LB / ACRE,HI,,HAWAII,HAWAII,,"COFFEE - YIELD, MEASURED IN LB / ACRE",ALL PRODUCTION PRACTICES,ALL UTILIZATION PRACTICES,15,ANNUAL,SURVEY,,,,YIELD,NOT SPECIFIED,STATE,2010,00000000,TOTAL,9000,,CROPS,COFFEE,15,YEAR,2014-11-03 15:05:48.000
UNITED STATES,FRUIT & TREE NUTS,,,00,,00,,"1,210",,ALL CLASSES,LB / ACRE,HI,,HAWAII,HAWAII,,"COFFEE - YIELD, MEASURED IN LB / ACRE",ALL PRODUCTION PRACTICES,ALL UTILIZATION PRACTICES,15,ANNUAL,SURVEY,,,,YIELD,NOT SPECIFIED,STATE,2009,00000000,TOTAL,9000,,CROPS,COFFEE,15,YEAR,2014-11-03 15:05:48.000
UNITED STATES,FRUIT & TREE NUTS,,,00,,00,,"1,260",,ALL CLASSES,LB / ACRE,HI,,HAWAII,HAWAII,,"COFFEE - YIELD, MEASURED IN LB / ACRE",ALL PRODUCTION PRACTICES,ALL UTILIZATION PRACTICES,15,ANNUAL,SURVEY,,,,YIELD,NOT SPECIFIED,STATE,2008,00000000,TOTAL,9000,,CROPS,COFFEE,15,YEAR,2014-11-03 15:05:48.000
UNITED STATES,FRUIT & TREE NUTS,,,00,,00,,"1,170",,ALL CLASSES,LB / ACRE,HI,,HAWAII,HAWAII,,"COFFEE - YIELD, MEASURED IN LB / ACRE",ALL PRODUCTION PRACTICES,ALL UTILIZATION PRACTICES,15,ANNUAL,SURVEY,,,,YIELD,NOT SPECIFIED,STATE,2007,00000000,TOTAL,9000,,CROPS,COFFEE,15,YEAR,2014-11-03 15:05:48.000
UNITED STATES,FRUIT & TREE NUTS,,,00,,00,,"1,170",,ALL CLASSES,LB / ACRE,HI,,HAWAII,HAWAII,,"COFFEE - YIELD, MEASURED IN LB / ACRE",ALL PRODUCTION PRACTICES,ALL UTILIZATION PRACTICES,15,ANNUAL,SURVEY,,,,YIELD,NOT SPECIFIED,STATE,2006,00000000,TOTAL,9000,,CROPS,COFFEE,15,YEAR,2012-01-01 00:00:00.000
UNITED STATES,FRUIT & TREE NUTS,,,00,,00,,"1,340",,ALL CLASSES,LB / ACRE,HI,,HAWAII,HAWAII,,"COFFEE - YIELD, MEASURED IN LB / ACRE",ALL PRODUCTION PRACTICES,ALL UTILIZATION PRACTICES,15,ANNUAL,SURVEY,,,,YIELD,NOT SPECIFIED,STATE,2005,00000000,TOTAL,9000,,CROPS,COFFEE,15,YEAR,2012-01-01 00:00:00.000
UNITED STATES,FRUIT & TREE NUTS,,,00,,00,,965,,ALL CLASSES,LB / ACRE,HI,,HAWAII,HAWAII,,"COFFEE - YIELD, MEASURED IN LB / ACRE",ALL PRODUCTION PRACTICES,ALL UTILIZATION PRACTICES,15,ANNUAL,SURVEY,,,,YIELD,NOT SPECIFIED,STATE,2004,00000000,TOTAL,9000,,CROPS,COFFEE,15,YEAR,2012-01-01 00:00:00.000
UNITED STATES,FRUIT & TREE NUTS,,,00,,00,,"1,410",,ALL CLASSES,LB / ACRE,HI,,HAWAII,HAWAII,,"COFFEE - YIELD, MEASURED IN LB / ACRE",ALL PRODUCTION PRACTICES,ALL UTILIZATION PRACTICES,15,ANNUAL,SURVEY,,,,YIELD,NOT SPECIFIED,STATE,2003,00000000,TOTAL,9000,,CROPS,COFFEE,15,YEAR,2012-01-01 00:00:00.000
UNITED STATES,FRUIT & TREE NUTS,,,00,,00,,"1,270",,ALL CLASSES,LB / ACRE,HI,,HAWAII,HAWAII,,"COFFEE - YIELD, MEASURED IN LB / ACRE",ALL PRODUCTION PRACTICES,ALL UTILIZATION PRACTICES,15,ANNUAL,SURVEY,,,,YIELD,NOT SPECIFIED,STATE,2002,00000000,TOTAL,9000,,CROPS,COFFEE,15,YEAR,2012-01-01 00:00:00.000
UNITED STATES,FRUIT & TREE NUTS,,,00,,00,,"1,270",,ALL CLASSES,LB / ACRE,HI,,HAWAII,HAWAII,,"COFFEE - YIELD, MEASURED IN LB / ACRE",ALL PRODUCTION PRACTICES,ALL UTILIZATION PRACTICES,15,ANNUAL,SURVEY,,,,YIELD,NOT SPECIFIED,STATE,2001,00000000,TOTAL,9000,,CROPS,COFFEE,15,YEAR,2012-01-01 00:00:00.000
UNITED STATES,FRUIT & TREE NUTS,,,00,,00,,"1,280",,ALL CLASSES,LB / ACRE,HI,,HAWAII,HAWAII,,"COFFEE - YIELD, MEASURED IN LB / ACRE",ALL PRODUCTION PRACTICES,ALL UTILIZATION PRACTICES,15,ANNUAL,SURVEY,,,,YIELD,NOT SPECIFIED,STATE,2000,00000000,TOTAL,9000,,CROPS,COFFEE,15,YEAR,2012-01-01 00:00:00.000
UNITED STATES,FRUIT & TREE NUTS,,,00,,00,,"1,560",,ALL CLASSES,LB / ACRE,HI,,HAWAII,HAWAII,,"COFFEE - YIELD, MEASURED IN LB / ACRE",ALL PRODUCTION PRACTICES,ALL UTILIZATION PRACTICES,15,ANNUAL,SURVEY,,,,YIELD,NOT SPECIFIED,STATE,1999,00000000,TOTAL,9000,,CROPS,COFFEE,15,YEAR,2012-01-01 00:00:00.000
UNITED STATES,FRUIT & TREE NUTS,,,00,,00,,"1,560",,ALL CLASSES,LB / ACRE,HI,,HAWAII,HAWAII,,"COFFEE - YIELD, MEASURED IN LB / ACRE",ALL PRODUCTION PRACTICES,ALL UTILIZATION PRACTICES,15,ANNUAL,SURVEY,,,,YIELD,NOT SPECIFIED,STATE,1998,00000000,TOTAL,9000,,CROPS,COFFEE,15,YEAR,2012-01-01 00:00:00.000
UNITED STATES,FRUIT & TREE NUTS,,,00,,00,,"1,620",,ALL CLASSES,LB / ACRE,HI,,HAWAII,HAWAII,,"COFFEE - YIELD, MEASURED IN LB / ACRE",ALL PRODUCTION PRACTICES,ALL UTILIZATION PRACTICES,15,ANNUAL,SURVEY,,,,YIELD,NOT SPECIFIED,STATE,1997,00000000,TOTAL,9000,,CROPS,COFFEE,15,YEAR,2012-01-01 00:00:00.000
UNITED STATES,FRUIT & TREE NUTS,,,00,,00,,"1,190",,ALL CLASSES,LB / ACRE,HI,,HAWAII,HAWAII,,"COFFEE - YIELD, MEASURED IN LB / ACRE",ALL PRODUCTION PRACTICES,ALL UTILIZATION PRACTICES,15,ANNUAL,SURVEY,,,,YIELD,NOT SPECIFIED,STATE,1996,00000000,TOTAL,9000,,CROPS,COFFEE,15,YEAR,2012-01-01 00:00:00.000
UNITED STATES,FRUIT & TREE NUTS,,,00,,00,,980,,ALL CLASSES,LB / ACRE,HI,,HAWAII,HAWAII,,"COFFEE - YIELD, MEASURED IN LB / ACRE",ALL PRODUCTION PRACTICES,ALL UTILIZATION PRACTICES,15,ANNUAL,SURVEY,,,,YIELD,NOT SPECIFIED,STATE,1995,00000000,TOTAL,9000,,CROPS,COFFEE,15,YEAR,2012-01-01 00:00:00.000
UNITED STATES,FRUIT & TREE NUTS,,,00,,00,,980,,ALL CLASSES,LB / ACRE,HI,,HAWAII,HAWAII,,"COFFEE - YIELD, MEASURED IN LB / ACRE",ALL PRODUCTION PRACTICES,ALL UTILIZATION PRACTICES,15,ANNUAL,SURVEY,,,,YIELD,NOT SPECIFIED,STATE,1994,00000000,TOTAL,9000,,CROPS,COFFEE,15,YEAR,2012-01-01 00:00:00.000
UNITED STATES,FRUIT & TREE NUTS,,,00,,00,,690,,ALL CLASSES,LB / ACRE,HI,,HAWAII,HAWAII,,"COFFEE - YIELD, MEASURED IN LB / ACRE",ALL PRODUCTION PRACTICES,ALL UTILIZATION PRACTICES,15,ANNUAL,SURVEY,,,,YIELD,NOT SPECIFIED,STATE,1993,00000000,TOTAL,9000,,CROPS,COFFEE,15,YEAR,2012-01-01 00:00:00.000
UNITED STATES,FRUIT & TREE NUTS,,,00,,00,,600,,ALL CLASSES,LB / ACRE,HI,,HAWAII,HAWAII,,"COFFEE - YIELD, MEASURED IN LB / ACRE",ALL PRODUCTION PRACTICES,ALL UTILIZATION PRACTICES,15,ANNUAL,SURVEY,,,,YIELD,NOT SPECIFIED,STATE,1992,00000000,TOTAL,9000,,CROPS,COFFEE,15,YEAR,2012-01-01 00:00:00.000
UNITED STATES,FRUIT & TREE NUTS,,,00,,00,,"1,170",,ALL CLASSES,LB / ACRE,HI,,HAWAII,HAWAII,,"COFFEE - YIELD, MEASURED IN LB / ACRE",ALL PRODUCTION PRACTICES,ALL UTILIZATION PRACTICES,15,ANNUAL,SURVEY,,,,YIELD,NOT SPECIFIED,STATE,1991,00000000,TOTAL,9000,,CROPS,COFFEE,15,YEAR,2012-01-01 00:00:00.000
UNITED STATES,FRUIT & TREE NUTS,,,00,,00,,"1,170",,ALL CLASSES,LB / ACRE,HI,,HAWAII,HAWAII,,"COFFEE - YIELD, MEASURED IN LB / ACRE",ALL PRODUCTION PRACTICES,ALL UTILIZATION PRACTICES,15,ANNUAL,SURVEY,,,,YIELD,NOT SPECIFIED,STATE,1990,00000000,TOTAL,9000,,CROPS,COFFEE,15,YEAR,2012-01-01 00:00:00.000
UNITED STATES,FRUIT & TREE NUTS,,,00,,00,,"1,390",,ALL CLASSES,LB / ACRE,HI,,HAWAII,HAWAII,,"COFFEE - YIELD, MEASURED IN LB / ACRE",ALL PRODUCTION PRACTICES,ALL UTILIZATION PRACTICES,15,ANNUAL,SURVEY,,,,YIELD,NOT SPECIFIED,STATE,1989,00000000,TOTAL,9000,,CROPS,COFFEE,15,YEAR,2012-01-01 00:00:00.000
UNITED STATES,FRUIT & TREE NUTS,,,00,,00,,930,,ALL CLASSES,LB / ACRE,HI,,HAWAII,HAWAII,,"COFFEE - YIELD, MEASURED IN LB / ACRE",ALL PRODUCTION PRACTICES,ALL UTILIZATION PRACTICES,15,ANNUAL,SURVEY,,,,YIELD,NOT SPECIFIED,STATE,1988,00000000,TOTAL,9000,,CROPS,COFFEE,15,YEAR,2012-01-01 00:00:00.000
UNITED STATES,FRUIT & TREE NUTS,,,00,,00,,880,,ALL CLASSES,LB / ACRE,HI,,HAWAII,HAWAII,,"COFFEE - YIELD, MEASURED IN LB / ACRE",ALL PRODUCTION PRACTICES,ALL UTILIZATION PRACTICES,15,ANNUAL,SURVEY,,,,YIELD,NOT SPECIFIED,STATE,1987,00000000,TOTAL,9000,,CROPS,COFFEE,15,YEAR,2012-01-01 00:00:00.000
UNITED STATES,FRUIT & TREE NUTS,,,00,,00,,"1,500",,ALL CLASSES,LB / ACRE,HI,,HAWAII,HAWAII,,"COFFEE - YIELD, MEASURED IN LB / ACRE",ALL PRODUCTION PRACTICES,ALL UTILIZATION PRACTICES,15,ANNUAL,SURVEY,,,,YIELD,NOT SPECIFIED,STATE,1986,00000000,TOTAL,9000,,CROPS,COFFEE,15,YEAR,2012-01-01 00:00:00.000
UNITED STATES,FRUIT & TREE NUTS,,,00,,00,,"1,120",,ALL CLASSES,LB / ACRE,HI,,HAWAII,HAWAII,,"COFFEE - YIELD, MEASURED IN LB / ACRE",ALL PRODUCTION PRACTICES,ALL UTILIZATION PRACTICES,15,ANNUAL,SURVEY,,,,YIELD,NOT SPECIFIED,STATE,1985,00000000,TOTAL,9000,,CROPS,COFFEE,15,YEAR,2012-01-01 00:00:00.000
UNITED STATES,FRUIT & TREE NUTS,,,00,,00,,"1,030",,ALL CLASSES,LB / ACRE,HI,,HAWAII,HAWAII,,"COFFEE - YIELD, MEASURED IN LB / ACRE",ALL PRODUCTION PRACTICES,ALL UTILIZATION PRACTICES,15,ANNUAL,SURVEY,,,,YIELD,NOT SPECIFIED,STATE,1984,00000000,TOTAL,9000,,CROPS,COFFEE,15,YEAR,2012-01-01 00:00:00.000
UNITED STATES,FRUIT & TREE NUTS,,,00,,00,,"1,560",,ALL CLASSES,LB / ACRE,HI,,HAWAII,HAWAII,,"COFFEE - YIELD, MEASURED IN LB / ACRE",ALL PRODUCTION PRACTICES,ALL UTILIZATION PRACTICES,15,ANNUAL,SURVEY,,,,YIELD,NOT SPECIFIED,STATE,1983,00000000,TOTAL,9000,,CROPS,COFFEE,15,YEAR,2012-01-01 00:00:00.000
UNITED STATES,FRUIT & TREE NUTS,,,00,,00,,520,,ALL CLASSES,LB / ACRE,HI,,HAWAII,HAWAII,,"COFFEE - YIELD, MEASURED IN LB / ACRE",ALL PRODUCTION PRACTICES,ALL UTILIZATION PRACTICES,15,ANNUAL,SURVEY,,,,YIELD,NOT SPECIFIED,STATE,1982,00000000,TOTAL,9000,,CROPS,COFFEE,15,YEAR,2012-01-01 00:00:00.000
UNITED STATES,FRUIT & TREE NUTS,,,00,,00,,"1,300",,ALL CLASSES,LB / ACRE,HI,,HAWAII,HAWAII,,"COFFEE - YIELD, MEASURED IN LB / ACRE",ALL PRODUCTION PRACTICES,ALL UTILIZATION PRACTICES,15,ANNUAL,SURVEY,,,,YIELD,NOT SPECIFIED,STATE,1981,00000000,TOTAL,9000,,CROPS,COFFEE,15,YEAR,2012-01-01 00:00:00.000
UNITED STATES,FRUIT & TREE NUTS,,,00,,00,,850,,ALL CLASSES,LB / ACRE,HI,,HAWAII,HAWAII,,"COFFEE - YIELD, MEASURED IN LB / ACRE",ALL PRODUCTION PRACTICES,ALL UTILIZATION PRACTICES,15,ANNUAL,SURVEY,,,,YIELD,NOT SPECIFIED,STATE,1980,00000000,TOTAL,9000,,CROPS,COFFEE,15,YEAR,2012-01-01 00:00:00.000
UNITED STATES,FRUIT & TREE NUTS,,,00,,00,,"1,220",,ALL CLASSES,LB / ACRE,HI,,HAWAII,HAWAII,,"COFFEE - YIELD, MEASURED IN LB / ACRE",ALL PRODUCTION PRACTICES,ALL UTILIZATION PRACTICES,15,ANNUAL,SURVEY,,,,YIELD,NOT SPECIFIED,STATE,1979,00000000,TOTAL,9000,,CROPS,COFFEE,15,YEAR,2012-01-01 00:00:00.000
UNITED STATES,FRUIT & TREE NUTS,,,00,,00,,880,,ALL CLASSES,LB / ACRE,HI,,HAWAII,HAWAII,,"COFFEE - YIELD, MEASURED IN LB / ACRE",ALL PRODUCTION PRACTICES,ALL UTILIZATION PRACTICES,15,ANNUAL,SURVEY,,,,YIELD,NOT SPECIFIED,STATE,1978,00000000,TOTAL,9000,,CROPS,COFFEE,15,YEAR,2012-01-01 00:00:00.000
UNITED STATES,FRUIT & TREE NUTS,,,00,,00,,"1,140",,ALL CLASSES,LB / ACRE,HI,,HAWAII,HAWAII,,"COFFEE - YIELD, MEASURED IN LB / ACRE",ALL PRODUCTION PRACTICES,ALL UTILIZATION PRACTICES,15,ANNUAL,SURVEY,,,,YIELD,NOT SPECIFIED,STATE,1977,00000000,TOTAL,9000,,CROPS,COFFEE,15,YEAR,2012-01-01 00:00:00.000
UNITED STATES,FRUIT & TREE NUTS,,,00,,00,,"1,060",,ALL CLASSES,LB / ACRE,HI,,HAWAII,HAWAII,,"COFFEE - YIELD, MEASURED IN LB / ACRE",ALL PRODUCTION PRACTICES,ALL UTILIZATION PRACTICES,15,ANNUAL,SURVEY,,,,YIELD,NOT SPECIFIED,STATE,1976,00000000,TOTAL,9000,,CROPS,COFFEE,15,YEAR,2012-01-01 00:00:00.000
UNITED STATES,FRUIT & TREE NUTS,,,00,,00,,930,,ALL CLASSES,LB / ACRE,HI,,HAWAII,HAWAII,,"COFFEE - YIELD, MEASURED IN LB / ACRE",ALL PRODUCTION PRACTICES,ALL UTILIZATION PRACTICES,15,ANNUAL,SURVEY,,,,YIELD,NOT SPECIFIED,STATE,1975,00000000,TOTAL,9000,,CROPS,COFFEE,15,YEAR,2012-01-01 00:00:00.000
UNITED STATES,FRUIT & TREE NUTS,,,00,,00,,615,,ALL CLASSES,LB / ACRE,HI,,HAWAII,HAWAII,,"COFFEE - YIELD, MEASURED IN LB / ACRE",ALL PRODUCTION PRACTICES,ALL UTILIZATION PRACTICES,15,ANNUAL,SURVEY,,,,YIELD,NOT SPECIFIED,STATE,1974,00000000,TOTAL,9000,,CROPS,COFFEE,15,YEAR,2012-01-01 00:00:00.000
UNITED STATES,FRUIT & TREE NUTS,,,00,,00,,"1,220",,ALL CLASSES,LB / ACRE,HI,,HAWAII,HAWAII,,"COFFEE - YIELD, MEASURED IN LB / ACRE",ALL PRODUCTION PRACTICES,ALL UTILIZATION PRACTICES,15,ANNUAL,SURVEY,,,,YIELD,NOT SPECIFIED,STATE,1973,00000000,TOTAL,9000,,CROPS,COFFEE,15,YEAR,2012-01-01 00:00:00.000
UNITED STATES,FRUIT & TREE NUTS,,,00,,00,,"1,520",,ALL CLASSES,LB / ACRE,HI,,HAWAII,HAWAII,,"COFFEE - YIELD, MEASURED IN LB / ACRE",ALL PRODUCTION PRACTICES,ALL UTILIZATION PRACTICES,15,ANNUAL,SURVEY,,,,YIELD,NOT SPECIFIED,STATE,1972,00000000,TOTAL,9000,,CROPS,COFFEE,15,YEAR,2012-01-01 00:00:00.000
UNITED STATES,FRUIT & TREE NUTS,,,00,,00,,"1,220",,ALL CLASSES,LB / ACRE,HI,,HAWAII,HAWAII,,"COFFEE - YIELD, MEASURED IN LB / ACRE",ALL PRODUCTION PRACTICES,ALL UTILIZATION PRACTICES,15,ANNUAL,SURVEY,,,,YIELD,NOT SPECIFIED,STATE,1971,00000000,TOTAL,9000,,CROPS,COFFEE,15,YEAR,2012-01-01 00:00:00.000
UNITED STATES,FRUIT & TREE NUTS,,,00,,00,,"1,590",,ALL CLASSES,LB / ACRE,HI,,HAWAII,HAWAII,,"COFFEE - YIELD, MEASURED IN LB / ACRE",ALL PRODUCTION PRACTICES,ALL UTILIZATION PRACTICES,15,ANNUAL,SURVEY,,,,YIELD,NOT SPECIFIED,STATE,1970,00000000,TOTAL,9000,,CROPS,COFFEE,15,YEAR,2012-01-01 00:00:00.000
UNITED STATES,FRUIT & TREE NUTS,,,00,,00,,"1,420",,ALL CLASSES,LB / ACRE,HI,,HAWAII,HAWAII,,"COFFEE - YIELD, MEASURED IN LB / ACRE",ALL PRODUCTION PRACTICES,ALL UTILIZATION PRACTICES,15,ANNUAL,SURVEY,,,,YIELD,NOT SPECIFIED,STATE,1969,00000000,TOTAL,9000,,CROPS,COFFEE,15,YEAR,2012-01-01 00:00:00.000
UNITED STATES,FRUIT & TREE NUTS,,,00,,00,,"1,780",,ALL CLASSES,LB / ACRE,HI,,HAWAII,HAWAII,,"COFFEE - YIELD, MEASURED IN LB / ACRE",ALL PRODUCTION PRACTICES,ALL UTILIZATION PRACTICES,15,ANNUAL,SURVEY,,,,YIELD,NOT SPECIFIED,STATE,1968,00000000,TOTAL,9000,,CROPS,COFFEE,15,YEAR,2012-01-01 00:00:00.000
UNITED STATES,FRUIT & TREE NUTS,,,00,,00,,"1,550",,ALL CLASSES,LB / ACRE,HI,,HAWAII,HAWAII,,"COFFEE - YIELD, MEASURED IN LB / ACRE",ALL PRODUCTION PRACTICES,ALL UTILIZATION PRACTICES,15,ANNUAL,SURVEY,,,,YIELD,NOT SPECIFIED,STATE,1967,00000000,TOTAL,9000,,CROPS,COFFEE,15,YEAR,2012-01-01 00:00:00.000
UNITED STATES,FRUIT & TREE NUTS,,,00,,00,,"2,170",,ALL CLASSES,LB / ACRE,HI,,HAWAII,HAWAII,,"COFFEE - YIELD, MEASURED IN LB / ACRE",ALL PRODUCTION PRACTICES,ALL UTILIZATION PRACTICES,15,ANNUAL,SURVEY,,,,YIELD,NOT SPECIFIED,STATE,1966,00000000,TOTAL,9000,,CROPS,COFFEE,15,YEAR,2012-01-01 00:00:00.000
UNITED STATES,FRUIT & TREE NUTS,,,00,,00,,"1,970",,ALL CLASSES,LB / ACRE,HI,,HAWAII,HAWAII,,"COFFEE - YIELD, MEASURED IN LB / ACRE",ALL PRODUCTION PRACTICES,ALL UTILIZATION PRACTICES,15,ANNUAL,SURVEY,,,,YIELD,NOT SPECIFIED,STATE,1965,00000000,TOTAL,9000,,CROPS,COFFEE,15,YEAR,2012-01-01 00:00:00.000
UNITED STATES,FRUIT & TREE NUTS,,,00,,00,,"2,550",,ALL CLASSES,LB / ACRE,HI,,HAWAII,HAWAII,,"COFFEE - YIELD, MEASURED IN LB / ACRE",ALL PRODUCTION PRACTICES,ALL UTILIZATION PRACTICES,15,ANNUAL,SURVEY,,,,YIELD,NOT SPECIFIED,STATE,1964,00000000,TOTAL,9000,,CROPS,COFFEE,15,YEAR,2012-01-01 00:00:00.000
UNITED STATES,FRUIT & TREE NUTS,,,00,,00,,"1,410",,ALL CLASSES,LB / ACRE,HI,,HAWAII,HAWAII,,"COFFEE - YIELD, MEASURED IN LB / ACRE",ALL PRODUCTION PRACTICES,ALL UTILIZATION PRACTICES,15,ANNUAL,SURVEY,,,,YIELD,NOT SPECIFIED,STATE,1963,00000000,TOTAL,9000,,CROPS,COFFEE,15,YEAR,2012-01-01 00:00:00.000
UNITED STATES,FRUIT & TREE NUTS,,,00,,00,,"2,780",,ALL CLASSES,LB / ACRE,HI,,HAWAII,HAWAII,,"COFFEE - YIELD, MEASURED IN LB / ACRE",ALL PRODUCTION PRACTICES,ALL UTILIZATION PRACTICES,15,ANNUAL,SURVEY,,,,YIELD,NOT SPECIFIED,STATE,1962,00000000,TOTAL,9000,,CROPS,COFFEE,15,YEAR,2012-01-01 00:00:00.000
UNITED STATES,FRUIT & TREE NUTS,,,00,,00,,"1,630",,ALL CLASSES,LB / ACRE,HI,,HAWAII,HAWAII,,"COFFEE - YIELD, MEASURED IN LB / ACRE",ALL PRODUCTION PRACTICES,ALL UTILIZATION PRACTICES,15,ANNUAL,SURVEY,,,,YIELD,NOT SPECIFIED,STATE,1961,00000000,TOTAL,9000,,CROPS,COFFEE,15,YEAR,2012-01-01 00:00:00.000
UNITED STATES,FRUIT & TREE NUTS,,,00,,00,,"2,410",,ALL CLASSES,LB / ACRE,HI,,HAWAII,HAWAII,,"COFFEE - YIELD, MEASURED IN LB / ACRE",ALL PRODUCTION PRACTICES,ALL UTILIZATION PRACTICES,15,ANNUAL,SURVEY,,,,YIELD,NOT SPECIFIED,STATE,1960,00000000,TOTAL,9000,,CROPS,COFFEE,15,YEAR,2012-01-01 00:00:00.000
UNITED STATES,FRUIT & TREE NUTS,,,00,,00,,"2,200",,ALL CLASSES,LB / ACRE,HI,,HAWAII,HAWAII,,"COFFEE - YIELD, MEASURED IN LB / ACRE",ALL PRODUCTION PRACTICES,ALL UTILIZATION PRACTICES,15,ANNUAL,SURVEY,,,,YIELD,NOT SPECIFIED,STATE,1959,00000000,TOTAL,9000,,CROPS,COFFEE,15,YEAR,2012-01-01 00:00:00.000
UNITED STATES,FRUIT & TREE NUTS,,,00,,00,,"1,850",,ALL CLASSES,LB / ACRE,HI,,HAWAII,HAWAII,,"COFFEE - YIELD, MEASURED IN LB / ACRE",ALL PRODUCTION PRACTICES,ALL UTILIZATION PRACTICES,15,ANNUAL,SURVEY,,,,YIELD,NOT SPECIFIED,STATE,1958,00000000,TOTAL,9000,,CROPS,COFFEE,15,YEAR,2012-01-01 00:00:00.000
UNITED STATES,FRUIT & TREE NUTS,,,00,,00,,"3,690",,ALL CLASSES,LB / ACRE,HI,,HAWAII,HAWAII,,"COFFEE - YIELD, MEASURED IN LB / ACRE",ALL PRODUCTION PRACTICES,ALL UTILIZATION PRACTICES,15,ANNUAL,SURVEY,,,,YIELD,NOT SPECIFIED,STATE,1957,00000000,TOTAL,9000,,CROPS,COFFEE,15,YEAR,2012-01-01 00:00:00.000
UNITED STATES,FRUIT & TREE NUTS,,,00,,00,,"2,290",,ALL CLASSES,LB / ACRE,HI,,HAWAII,HAWAII,,"COFFEE - YIELD, MEASURED IN LB / ACRE",ALL PRODUCTION PRACTICES,ALL UTILIZATION PRACTICES,15,ANNUAL,SURVEY,,,,YIELD,NOT SPECIFIED,STATE,1956,00000000,TOTAL,9000,,CROPS,COFFEE,15,YEAR,2012-01-01 00:00:00.000
UNITED STATES,FRUIT & TREE NUTS,,,00,,00,,"2,900",,ALL CLASSES,LB / ACRE,HI,,HAWAII,HAWAII,,"COFFEE - YIELD, MEASURED IN LB / ACRE",ALL PRODUCTION PRACTICES,ALL UTILIZATION PRACTICES,15,ANNUAL,SURVEY,,,,YIELD,NOT SPECIFIED,STATE,1955,00000000,TOTAL,9000,,CROPS,COFFEE,15,YEAR,2012-01-01 00:00:00.000
UNITED STATES,FRUIT & TREE NUTS,,,00,,00,,"3,500",,ALL CLASSES,LB / ACRE,HI,,HAWAII,HAWAII,,"COFFEE - YIELD, MEASURED IN LB / ACRE",ALL PRODUCTION PRACTICES,ALL UTILIZATION PRACTICES,15,ANNUAL,SURVEY,,,,YIELD,NOT SPECIFIED,STATE,1954,00000000,TOTAL,9000,,CROPS,COFFEE,15,YEAR,2012-01-01 00:00:00.000
UNITED STATES,FRUIT & TREE NUTS,,,00,,00,,"2,950",,ALL CLASSES,LB / ACRE,HI,,HAWAII,HAWAII,,"COFFEE - YIELD, MEASURED IN LB / ACRE",ALL PRODUCTION PRACTICES,ALL UTILIZATION PRACTICES,15,ANNUAL,SURVEY,,,,YIELD,NOT SPECIFIED,STATE,1953,00000000,TOTAL,9000,,CROPS,COFFEE,15,YEAR,2012-01-01 00:00:00.000
UNITED STATES,FRUIT & TREE NUTS,,,00,,00,,"2,980",,ALL CLASSES,LB / ACRE,HI,,HAWAII,HAWAII,,"COFFEE - YIELD, MEASURED IN LB / ACRE",ALL PRODUCTION PRACTICES,ALL UTILIZATION PRACTICES,15,ANNUAL,SURVEY,,,,YIELD,NOT SPECIFIED,STATE,1952,00000000,TOTAL,9000,,CROPS,COFFEE,15,YEAR,2012-01-01 00:00:00.000
UNITED STATES,FRUIT & TREE NUTS,,,00,,00,,"2,830",,ALL CLASSES,LB / ACRE,HI,,HAWAII,HAWAII,,"COFFEE - YIELD, MEASURED IN LB / ACRE",ALL PRODUCTION PRACTICES,ALL UTILIZATION PRACTICES,15,ANNUAL,SURVEY,,,,YIELD,NOT SPECIFIED,STATE,1951,00000000,TOTAL,9000,,CROPS,COFFEE,15,YEAR,2012-01-01 00:00:00.000
UNITED STATES,FRUIT & TREE NUTS,,,00,,00,,"2,770",,ALL CLASSES,LB / ACRE,HI,,HAWAII,HAWAII,,"COFFEE - YIELD, MEASURED IN LB / ACRE",ALL PRODUCTION PRACTICES,ALL UTILIZATION PRACTICES,15,ANNUAL,SURVEY,,,,YIELD,NOT SPECIFIED,STATE,1950,00000000,TOTAL,9000,,CROPS,COFFEE,15,YEAR,2012-01-01 00:00:00.000
UNITED STATES,FRUIT & TREE NUTS,,,00,,00,,"1,590",,ALL CLASSES,LB / ACRE,HI,,HAWAII,HAWAII,,"COFFEE - YIELD, MEASURED IN LB / ACRE",ALL PRODUCTION PRACTICES,ALL UTILIZATION PRACTICES,15,ANNUAL,SURVEY,,,,YIELD,NOT SPECIFIED,STATE,1949,00000000,TOTAL,9000,,CROPS,COFFEE,15,YEAR,2012-01-01 00:00:00.000
UNITED STATES,FRUIT & TREE NUTS,,,00,,00,,"2,180",,ALL CLASSES,LB / ACRE,HI,,HAWAII,HAWAII,,"COFFEE - YIELD, MEASURED IN LB / ACRE",ALL PRODUCTION PRACTICES,ALL UTILIZATION PRACTICES,15,ANNUAL,SURVEY,,,,YIELD,NOT SPECIFIED,STATE,1948,00000000,TOTAL,9000,,CROPS,COFFEE,15,YEAR,2012-01-01 00:00:00.000
UNITED STATES,FRUIT & TREE NUTS,,,00,,00,,"2,590",,ALL CLASSES,LB / ACRE,HI,,HAWAII,HAWAII,,"COFFEE - YIELD, MEASURED IN LB / ACRE",ALL PRODUCTION PRACTICES,ALL UTILIZATION PRACTICES,15,ANNUAL,SURVEY,,,,YIELD,NOT SPECIFIED,STATE,1947,00000000,TOTAL,9000,,CROPS,COFFEE,15,YEAR,2012-01-01 00:00:00.000
UNITED STATES,FRUIT & TREE NUTS,,,00,,00,,"2,550",,ALL CLASSES,LB / ACRE,HI,,HAWAII,HAWAII,,"COFFEE - YIELD, MEASURED IN LB / ACRE",ALL PRODUCTION PRACTICES,ALL UTILIZATION PRACTICES,15,ANNUAL,SURVEY,,,,YIELD,NOT SPECIFIED,STATE,1946,00000000,TOTAL,9000,,CROPS,COFFEE,15,YEAR,2012-01-01 00:00:00.000
UNITED STATES,FRUIT & TREE NUTS,,,00,,00,,"3,440",,ALL CLASSES,"LB / ACRE, CHERRY BASIS",HI,,HAWAII,HAWAII,,"COFFEE - YIELD, MEASURED IN LB / ACRE, CHERRY BASIS",ALL PRODUCTION PRACTICES,ALL UTILIZATION PRACTICES,15,ANNUAL,SURVEY,,,,YIELD,NOT SPECIFIED,STATE,2024,00000000,TOTAL,9000,,CROPS,COFFEE,15,YEAR,2025-01-24 15:00:00.000
UNITED STATES,FRUIT & TREE NUTS,,,00,,00,,"3,150",,ALL CLASSES,"LB / ACRE, CHERRY BASIS",HI,,HAWAII,HAWAII,,"COFFEE - YIELD, MEASURED IN LB / ACRE, CHERRY BASIS",ALL PRODUCTION PRACTICES,ALL UTILIZATION PRACTICES,15,ANNUAL,SURVEY,,,,YIELD,NOT SPECIFIED,STATE,2023,00000000,TOTAL,9000,,CROPS,COFFEE,15,YEAR,2025-01-24 15:00:00.000
UNITED STATES,FRUIT & TREE NUTS,,,00,,00,,"3,150",,ALL CLASSES,"LB / ACRE, CHERRY BASIS",HI,,HAWAII,HAWAII,,"COFFEE - YIELD, MEASURED IN LB / ACRE, CHERRY BASIS",ALL PRODUCTION PRACTICES,ALL UTILIZATION PRACTICES,15,ANNUAL,SURVEY,,,,YIELD,NOT SPECIFIED,STATE,2022,00000000,TOTAL,9000,,CROPS,COFFEE,15,YEAR,2024-01-03 15:00:00.000
UNITED STATES,FRUIT & TREE NUTS,,,00,,00,,"3,950",,ALL CLASSES,"LB / ACRE, CHERRY BASIS",HI,,HAWAII,HAWAII,,"COFFEE - YIELD, MEASURED IN LB / ACRE, CHERRY BASIS",ALL PRODUCTION PRACTICES,ALL UTILIZATION PRACTICES,15,ANNUAL,SURVEY,,,,YIELD,NOT SPECIFIED,STATE,2021,00000000,TOTAL,9000,,CROPS,COFFEE,15,YEAR,2024-01-03 15:00:00.000
UNITED STATES,FRUIT & TREE NUTS,,,00,,00,,"3,510",,ALL CLASSES,"LB / ACRE, CHERRY BASIS",HI,,HAWAII,HAWAII,,"COFFEE - YIELD, MEASURED IN LB / ACRE, CHERRY BASIS",ALL PRODUCTION PRACTICES,ALL UTILIZATION PRACTICES,15,ANNUAL,SURVEY,,,,YIELD,NOT SPECIFIED,STATE,2020,00000000,TOTAL,9000,,CROPS,COFFEE,15,YEAR,2024-01-03 15:00:00.000
UNITED STATES,FRUIT & TREE NUTS,,,00,,00,,"3,841",,ALL CLASSES,"LB / ACRE, CHERRY BASIS",HI,,HAWAII,HAWAII,,"COFFEE - YIELD, MEASURED IN LB / ACRE, CHERRY BASIS",ALL PRODUCTION PRACTICES,ALL UTILIZATION PRACTICES,15,ANNUAL,SURVEY,,,,YIELD,NOT SPECIFIED,STATE,2019,00000000,TOTAL,9000,,CROPS,COFFEE,15,YEAR,2024-01-03 15:00:00.000
UNITED STATES,FRUIT & TREE NUTS,,,00,,00,,"3,900",,ALL CLASSES,"LB / ACRE, CHERRY BASIS",HI,,HAWAII,HAWAII,,"COFFEE - YIELD, MEASURED IN LB / ACRE, CHERRY BASIS",ALL PRODUCTION PRACTICES,ALL UTILIZATION PRACTICES,15,ANNUAL,SURVEY,,,,YIELD,NOT SPECIFIED,STATE,2018,00000000,TOTAL,9000,,CROPS,COFFEE,15,YEAR,2024-01-03 15:00:00.000
UNITED STATES,FRUIT & TREE NUTS,,,00,,00,,"3,530",,ALL CLASSES,"LB / ACRE, CHERRY BASIS",HI,,HAWAII,HAWAII,,"COFFEE - YIELD, MEASURED IN LB / ACRE, CHERRY BASIS",ALL PRODUCTION PRACTICES,ALL UTILIZATION PRACTICES,15,ANNUAL,SURVEY,,,,YIELD,NOT SPECIFIED,STATE,2017,00000000,TOTAL,9000,,CROPS,COFFEE,15,YEAR,2019-03-12 15:11:57.000
UNITED STATES,FRUIT & TREE NUTS,,,00,,00,,"4,180",,ALL CLASSES,"LB / ACRE, CHERRY BASIS",HI,,HAWAII,HAWAII,,"COFFEE - YIELD, MEASURED IN LB / ACRE, CHERRY BASIS",ALL PRODUCTION PRACTICES,ALL UTILIZATION PRACTICES,15,ANNUAL,SURVEY,,,,YIELD,NOT SPECIFIED,STATE,2016,00000000,TOTAL,9000,,CROPS,COFFEE,15,YEAR,2019-03-12 15:11:57.000
UNITED STATES,FRUIT & TREE NUTS,,,00,,00,,"4,600",,ALL CLASSES,"LB / ACRE, CHERRY BASIS",HI,,HAWAII,HAWAII,,"COFFEE - YIELD, MEASURED IN LB / ACRE, CHERRY BASIS",ALL PRODUCTION PRACTICES,ALL UTILIZATION PRACTICES,15,ANNUAL,SURVEY,,,,YIELD,NOT SPECIFIED,STATE,2015,00000000,TOTAL,9000,,CROPS,COFFEE,15,YEAR,2019-03-12 15:11:57.000
UNITED STATES,FRUIT & TREE NUTS,,,00,,00,,"4,720",,ALL CLASSES,"LB / ACRE, CHERRY BASIS",HI,,HAWAII,HAWAII,,"COFFEE - YIELD, MEASURED IN LB / ACRE, CHERRY BASIS",ALL PRODUCTION PRACTICES,ALL UTILIZATION PRACTICES,15,ANNUAL,SURVEY,,,,YIELD,NOT SPECIFIED,STATE,2014,00000000,TOTAL,9000,,CROPS,COFFEE,15,YEAR,2019-03-12 15:11:57.000
UNITED STATES,FRUIT & TREE NUTS,,,00,,00,,                (NA),,ALL CLASSES,"LB / ACRE, CHERRY BASIS",HI,,HAWAII,HAWAII,,"COFFEE - YIELD, MEASURED IN LB / ACRE, CHERRY BASIS",ALL PRODUCTION PRACTICES,ALL UTILIZATION PRACTICES,15,ANNUAL,SURVEY,,,,YIELD,NOT SPECIFIED,STATE,2013,00000000,TOTAL,9000,,CROPS,COFFEE,15,YEAR,2016-03-02 08:54:52.000
UNITED STATES,FRUIT & TREE NUTS,,,00,,00,,1.72,,ALL CLASSES,TONS / ACRE,HI,,HAWAII,HAWAII,,"COFFEE - YIELD, MEASURED IN TONS / ACRE",ALL PRODUCTION PRACTICES,ALL UTILIZATION PRACTICES,15,ANNUAL,SURVEY,,,,YIELD,NOT SPECIFIED,STATE,2024,00000000,TOTAL,9000,,CROPS,COFFEE,15,YEAR,2025-01-24 15:00:00.000
UNITED STATES,FRUIT & TREE NUTS,,,00,,00,,1.58,,ALL CLASSES,TONS / ACRE,HI,,HAWAII,HAWAII,,"COFFEE - YIELD, MEASURED IN TONS / ACRE",ALL PRODUCTION PRACTICES,ALL UTILIZATION PRACTICES,15,ANNUAL,SURVEY,,,,YIELD,NOT SPECIFIED,STATE,2023,00000000,TOTAL,9000,,CROPS,COFFEE,15,YEAR,2025-01-24 15:00:00.000
UNITED STATES,FRUIT & TREE NUTS,,,00,,00,,1.58,,ALL CLASSES,TONS / ACRE,HI,,HAWAII,HAWAII,,"COFFEE - YIELD, MEASURED IN TONS / ACRE",ALL PRODUCTION PRACTICES,ALL UTILIZATION PRACTICES,15,ANNUAL,SURVEY,,,,YIELD,NOT SPECIFIED,STATE,2022,00000000,TOTAL,9000,,CROPS,COFFEE,15,YEAR,2024-01-03 15:00:00.000
UNITED STATES,FRUIT & TREE NUTS,,,00,,00,,1.98,,ALL CLASSES,TONS / ACRE,HI,,HAWAII,HAWAII,,"COFFEE - YIELD, MEASURED IN TONS / ACRE",ALL PRODUCTION PRACTICES,ALL UTILIZATION PRACTICES,15,ANNUAL,SURVEY,,,,YIELD,NOT SPECIFIED,STATE,2021,00000000,TOTAL,9000,,CROPS,COFFEE,15,YEAR,2024-01-03 15:00:00.000
UNITED STATES,FRUIT & TREE NUTS,,,00,,00,,1.76,,ALL CLASSES,TONS / ACRE,HI,,HAWAII,HAWAII,,"COFFEE - YIELD, MEASURED IN TONS / ACRE",ALL PRODUCTION PRACTICES,ALL UTILIZATION PRACTICES,15,ANNUAL,SURVEY,,,,YIELD,NOT SPECIFIED,STATE,2020,00000000,TOTAL,9000,,CROPS,COFFEE,15,YEAR,2024-01-03 15:00:00.000
UNITED STATES,FRUIT & TREE NUTS,,,00,,00,,1.92,,ALL CLASSES,TONS / ACRE,HI,,HAWAII,HAWAII,,"COFFEE - YIELD, MEASURED IN TONS / ACRE",ALL PRODUCTION PRACTICES,ALL UTILIZATION PRACTICES,15,ANNUAL,SURVEY,,,,YIELD,NOT SPECIFIED,STATE,2019,00000000,TOTAL,9000,,CROPS,COFFEE,15,YEAR,2024-01-03 15:00:00.000
UNITED STATES,FRUIT & TREE NUTS,,,00,,00,,1.95,,ALL CLASSES,TONS / ACRE,HI,,HAWAII,HAWAII,,"COFFEE - YIELD, MEASURED IN TONS / ACRE",ALL PRODUCTION PRACTICES,ALL UTILIZATION PRACTICES,15,ANNUAL,SURVEY,,,,YIELD,NOT SPECIFIED,STATE,2018,00000000,TOTAL,9000,,CROPS,COFFEE,15,YEAR,2024-01-03 15:00:00.000
UNITED STATES,FRUIT & TREE NUTS,,,00,,00,,1.77,,ALL CLASSES,TONS / ACRE,HI,,HAWAII,HAWAII,,"COFFEE - YIELD, MEASURED IN TONS / ACRE",ALL PRODUCTION PRACTICES,ALL UTILIZATION PRACTICES,15,ANNUAL,SURVEY,,,,YIELD,NOT SPECIFIED,STATE,2017,00000000,TOTAL,9000,,CROPS,COFFEE,15,YEAR,2019-03-12 15:11:57.000
UNITED STATES,FRUIT & TREE NUTS,,,00,,00,,2.09,,ALL CLASSES,TONS / ACRE,HI,,HAWAII,HAWAII,,"COFFEE - YIELD, MEASURED IN TONS / ACRE",ALL PRODUCTION PRACTICES,ALL UTILIZATION PRACTICES,15,ANNUAL,SURVEY,,,,YIELD,NOT SPECIFIED,STATE,2016,00000000,TOTAL,9000,,CROPS,COFFEE,15,YEAR,2019-03-12 15:11:57.000
UNITED STATES,FRUIT & TREE NUTS,,,00,,00,,2.3,,ALL CLASSES,TONS / ACRE,HI,,HAWAII,HAWAII,,"COFFEE - YIELD, MEASURED IN TONS / ACRE",ALL PRODUCTION PRACTICES,ALL UTILIZATION PRACTICES,15,ANNUAL,SURVEY,,,,YIELD,NOT SPECIFIED,STATE,2015,00000000,TOTAL,9000,,CROPS,COFFEE,15,YEAR,2019-03-12 15:11:57.000
UNITED STATES,FRUIT & TREE NUTS,,,00,,00,,2.36,,ALL CLASSES,TONS / ACRE,HI,,HAWAII,HAWAII,,"COFFEE - YIELD, MEASURED IN TONS / ACRE",ALL PRODUCTION PRACTICES,ALL UTILIZATION PRACTICES,15,ANNUAL,SURVEY,,,,YIELD,NOT SPECIFIED,STATE,2014,00000000,TOTAL,9000,,CROPS,COFFEE,15,YEAR,2019-03-12 15:11:57.000
UNITED STATES,FRUIT & TREE NUTS,,,00,,00,,"17,000",,ALL CLASSES,LB / ACRE,HI,,HAWAII,HAWAII,,"GUAVAS, UTILIZED - YIELD, MEASURED IN LB / ACRE",ALL PRODUCTION PRACTICES,UTILIZED,15,ANNUAL,SURVEY,,,,YIELD,NOT SPECIFIED,STATE,2014,00000000,TOTAL,9000,,CROPS,GUAVAS,15,YEAR,2017-06-27 15:05:45.000
UNITED STATES,FRUIT & TREE NUTS,,,00,,00,,22,,ALL CLASSES,LB / ACRE,HI,,HAWAII,HAWAII,,"GUAVAS, UTILIZED - YIELD, MEASURED IN LB / ACRE",ALL PRODUCTION PRACTICES,UTILIZED,15,ANNUAL,SURVEY,,,,YIELD,NOT SPECIFIED,STATE,2013,00000000,TOTAL,9000,,CROPS,GUAVAS,15,YEAR,2016-07-06 15:42:37.000
UNITED STATES,FRUIT & TREE NUTS,,,00,,00,,17.3,,ALL CLASSES,LB / ACRE,HI,,HAWAII,HAWAII,,"GUAVAS, UTILIZED - YIELD, MEASURED IN LB / ACRE",ALL PRODUCTION PRACTICES,UTILIZED,15,ANNUAL,SURVEY,,,,YIELD,NOT SPECIFIED,STATE,2011,00000000,TOTAL,9000,,CROPS,GUAVAS,15,YEAR,2014-11-17 08:34:41.000
UNITED STATES,FRUIT & TREE NUTS,,,00,,00,,11.3,,ALL CLASSES,LB / ACRE,HI,,HAWAII,HAWAII,,"GUAVAS, UTILIZED - YIELD, MEASURED IN LB / ACRE",ALL PRODUCTION PRACTICES,UTILIZED,15,ANNUAL,SURVEY,,,,YIELD,NOT SPECIFIED,STATE,2010,00000000,TOTAL,9000,,CROPS,GUAVAS,15,YEAR,2014-11-17 08:34:41.000
UNITED STATES,FRUIT & TREE NUTS,,,00,,00,,15.6,,ALL CLASSES,LB / ACRE,HI,,HAWAII,HAWAII,,"GUAVAS, UTILIZED - YIELD, MEASURED IN LB / ACRE",ALL PRODUCTION PRACTICES,UTILIZED,15,ANNUAL,SURVEY,,,,YIELD,NOT SPECIFIED,STATE,2009,00000000,TOTAL,9000,,CROPS,GUAVAS,15,YEAR,2014-11-17 08:34:41.000
UNITED STATES,FRUIT & TREE NUTS,,,00,,00,,21.9,,ALL CLASSES,LB / ACRE,HI,,HAWAII,HAWAII,,"GUAVAS, UTILIZED - YIELD, MEASURED IN LB / ACRE",ALL PRODUCTION PRACTICES,UTILIZED,15,ANNUAL,SURVEY,,,,YIELD,NOT SPECIFIED,STATE,2008,00000000,TOTAL,9000,,CROPS,GUAVAS,15,YEAR,2014-11-17 08:34:41.000
UNITED STATES,FRUIT & TREE NUTS,,,00,,00,,25.3,,ALL CLASSES,LB / ACRE,HI,,HAWAII,HAWAII,,"GUAVAS, UTILIZED - YIELD, MEASURED IN LB / ACRE",ALL PRODUCTION PRACTICES,UTILIZED,15,ANNUAL,SURVEY,,,,YIELD,NOT SPECIFIED,STATE,2007,00000000,TOTAL,9000,,CROPS,GUAVAS,15,YEAR,2014-11-17 08:34:41.000
UNITED STATES,FRUIT & TREE NUTS,,,00,,00,,"2,300",,ALL CLASSES,LB / ACRE,HI,,HAWAII,HAWAII,,"MACADAMIAS, UTILIZED - YIELD, MEASURED IN LB / ACRE",ALL PRODUCTION PRACTICES,UTILIZED,15,ANNUAL,SURVEY,,,,YIELD,NOT SPECIFIED,STATE,2023,00000000,TOTAL,9000,,CROPS,MACADAMIAS,15,YEAR,2024-05-07 15:00:00.000
UNITED STATES,FRUIT & TREE NUTS,,,00,,00,,"2,330",,ALL CLASSES,LB / ACRE,HI,,HAWAII,HAWAII,,"MACADAMIAS, UTILIZED - YIELD, MEASURED IN LB / ACRE",ALL PRODUCTION PRACTICES,UTILIZED,15,ANNUAL,SURVEY,,,,YIELD,NOT SPECIFIED,STATE,2022,00000000,TOTAL,9000,,CROPS,MACADAMIAS,15,YEAR,2024-01-03 15:00:00.000
UNITED STATES,FRUIT & TREE NUTS,,,00,,00,,"3,110",,ALL CLASSES,LB / ACRE,HI,,HAWAII,HAWAII,,"MACADAMIAS, UTILIZED - YIELD, MEASURED IN LB / ACRE",ALL PRODUCTION PRACTICES,UTILIZED,15,ANNUAL,SURVEY,,,,YIELD,NOT SPECIFIED,STATE,2021,00000000,TOTAL,9000,,CROPS,MACADAMIAS,15,YEAR,2024-01-03 15:00:00.000
UNITED STATES,FRUIT & TREE NUTS,,,00,,00,,"2,350",,ALL CLASSES,LB / ACRE,HI,,HAWAII,HAWAII,,"MACADAMIAS, UTILIZED - YIELD, MEASURED IN LB / ACRE",ALL PRODUCTION PRACTICES,UTILIZED,15,ANNUAL,SURVEY,,,,YIELD,NOT SPECIFIED,STATE,2020,00000000,TOTAL,9000,,CROPS,MACADAMIAS,15,YEAR,2024-01-03 15:00:00.000
UNITED STATES,FRUIT & TREE NUTS,,,00,,00,,"2,410",,ALL CLASSES,LB / ACRE,HI,,HAWAII,HAWAII,,"MACADAMIAS, UTILIZED - YIELD, MEASURED IN LB / ACRE",ALL PRODUCTION PRACTICES,UTILIZED,15,ANNUAL,SURVEY,,,,YIELD,NOT SPECIFIED,STATE,2019,00000000,TOTAL,9000,,CROPS,MACADAMIAS,15,YEAR,2024-01-03 15:00:00.000
UNITED STATES,FRUIT & TREE NUTS,,,00,,00,,"2,090",,ALL CLASSES,LB / ACRE,HI,,HAWAII,HAWAII,,"MACADAMIAS, UTILIZED - YIELD, MEASURED IN LB / ACRE",ALL PRODUCTION PRACTICES,UTILIZED,15,ANNUAL,SURVEY,,,,YIELD,NOT SPECIFIED,STATE,2018,00000000,TOTAL,9000,,CROPS,MACADAMIAS,15,YEAR,2024-01-03 15:00:00.000
UNITED STATES,FRUIT & TREE NUTS,,,00,,00,,"2,880",,ALL CLASSES,LB / ACRE,HI,,HAWAII,HAWAII,,"MACADAMIAS, UTILIZED, IN SHELL - YIELD, MEASURED IN LB / ACRE",ALL PRODUCTION PRACTICES,"UTILIZED, IN SHELL",15,ANNUAL,SURVEY,,,,YIELD,NOT SPECIFIED,STATE,2017,00000000,TOTAL,9000,,CROPS,MACADAMIAS,15,YEAR,2019-03-12 15:04:48.000
UNITED STATES,FRUIT & TREE NUTS,,,00,,00,,"2,550",,ALL CLASSES,LB / ACRE,HI,,HAWAII,HAWAII,,"MACADAMIAS, UTILIZED, IN SHELL - YIELD, MEASURED IN LB / ACRE",ALL PRODUCTION PRACTICES,"UTILIZED, IN SHELL",15,ANNUAL,SURVEY,,,,YIELD,NOT SPECIFIED,STATE,2016,00000000,TOTAL,9000,,CROPS,MACADAMIAS,15,YEAR,2019-03-12 15:04:48.000
UNITED STATES,FRUIT & TREE NUTS,,,00,,00,,"2,940",,ALL CLASSES,LB / ACRE,HI,,HAWAII,HAWAII,,"MACADAMIAS, UTILIZED, IN SHELL - YIELD, MEASURED IN LB / ACRE",ALL PRODUCTION PRACTICES,"UTILIZED, IN SHELL",15,ANNUAL,SURVEY,,,,YIELD,NOT SPECIFIED,STATE,2015,00000000,TOTAL,9000,,CROPS,MACADAMIAS,15,YEAR,2019-03-12 15:04:48.000
UNITED STATES,FRUIT & TREE NUTS,,,00,,00,,"2,880",,ALL CLASSES,LB / ACRE,HI,,HAWAII,HAWAII,,"MACADAMIAS, UTILIZED, IN SHELL - YIELD, MEASURED IN LB / ACRE",ALL PRODUCTION PRACTICES,"UTILIZED, IN SHELL",15,ANNUAL,SURVEY,,,,YIELD,NOT SPECIFIED,STATE,2014,00000000,TOTAL,9000,,CROPS,MACADAMIAS,15,YEAR,2019-03-12 15:04:48.000
UNITED STATES,FRUIT & TREE NUTS,,,00,,00,,"2,560",,ALL CLASSES,LB / ACRE,HI,,HAWAII,HAWAII,,"MACADAMIAS, UTILIZED, IN SHELL - YIELD, MEASURED IN LB / ACRE",ALL PRODUCTION PRACTICES,"UTILIZED, IN SHELL",15,ANNUAL,SURVEY,,,,YIELD,NOT SPECIFIED,STATE,2013,00000000,TOTAL,9000,,CROPS,MACADAMIAS,15,YEAR,2019-03-12 15:04:48.000
UNITED STATES,FRUIT & TREE NUTS,,,00,,00,,"2,930",,ALL CLASSES,LB / ACRE,HI,,HAWAII,HAWAII,,"MACADAMIAS, UTILIZED, IN SHELL - YIELD, MEASURED IN LB / ACRE",ALL PRODUCTION PRACTICES,"UTILIZED, IN SHELL",15,ANNUAL,SURVEY,,,,YIELD,NOT SPECIFIED,STATE,2012,00000000,TOTAL,9000,,CROPS,MACADAMIAS,15,YEAR,2015-07-17 15:31:26.000
UNITED STATES,FRUIT & TREE NUTS,,,00,,00,,"3,270",,ALL CLASSES,LB / ACRE,HI,,HAWAII,HAWAII,,"MACADAMIAS, UTILIZED, IN SHELL - YIELD, MEASURED IN LB / ACRE",ALL PRODUCTION PRACTICES,"UTILIZED, IN SHELL",15,ANNUAL,SURVEY,,,,YIELD,NOT SPECIFIED,STATE,2011,00000000,TOTAL,9000,,CROPS,MACADAMIAS,15,YEAR,2014-11-17 08:34:41.000
UNITED STATES,FRUIT & TREE NUTS,,,00,,00,,"2,670",,ALL CLASSES,LB / ACRE,HI,,HAWAII,HAWAII,,"MACADAMIAS, UTILIZED, IN SHELL - YIELD, MEASURED IN LB / ACRE",ALL PRODUCTION PRACTICES,"UTILIZED, IN SHELL",15,ANNUAL,SURVEY,,,,YIELD,NOT SPECIFIED,STATE,2010,00000000,TOTAL,9000,,CROPS,MACADAMIAS,15,YEAR,2014-11-17 08:34:41.000
UNITED STATES,FRUIT & TREE NUTS,,,00,,00,,"2,800",,ALL CLASSES,LB / ACRE,HI,,HAWAII,HAWAII,,"MACADAMIAS, UTILIZED, IN SHELL - YIELD, MEASURED IN LB / ACRE",ALL PRODUCTION PRACTICES,"UTILIZED, IN SHELL",15,ANNUAL,SURVEY,,,,YIELD,NOT SPECIFIED,STATE,2009,00000000,TOTAL,9000,,CROPS,MACADAMIAS,15,YEAR,2009-07-26 08:57:33.000
UNITED STATES,FRUIT & TREE NUTS,,,00,,00,,"3,330",,ALL CLASSES,LB / ACRE,HI,,HAWAII,HAWAII,,"MACADAMIAS, UTILIZED, IN SHELL - YIELD, MEASURED IN LB / ACRE",ALL PRODUCTION PRACTICES,"UTILIZED, IN SHELL",15,ANNUAL,SURVEY,,,,YIELD,NOT SPECIFIED,STATE,2008,00000000,TOTAL,9000,,CROPS,MACADAMIAS,15,YEAR,2014-11-17 08:34:41.000
UNITED STATES,FRUIT & TREE NUTS,,,00,,00,,"2,730",,ALL CLASSES,LB / ACRE,HI,,HAWAII,HAWAII,,"MACADAMIAS, UTILIZED, IN SHELL - YIELD, MEASURED IN LB / ACRE",ALL PRODUCTION PRACTICES,"UTILIZED, IN SHELL",15,ANNUAL,SURVEY,,,,YIELD,NOT SPECIFIED,STATE,2007,00000000,TOTAL,9000,,CROPS,MACADAMIAS,15,YEAR,2014-11-17 08:34:41.000
UNITED STATES,FRUIT & TREE NUTS,,,00,,00,,"15,800",,ALL CLASSES,LB / ACRE,HI,,HAWAII,HAWAII,,"PAPAYAS - YIELD, MEASURED IN LB / ACRE",ALL PRODUCTION PRACTICES,ALL UTILIZATION PRACTICES,15,ANNUAL,SURVEY,,,,YIELD,NOT SPECIFIED,STATE,2023,00000000,TOTAL,9000,,CROPS,PAPAYAS,15,YEAR,2024-05-07 15:00:00.000
UNITED STATES,FRUIT & TREE NUTS,,,00,,00,,"16,700",,ALL CLASSES,LB / ACRE,HI,,HAWAII,HAWAII,,"PAPAYAS - YIELD, MEASURED IN LB / ACRE",ALL PRODUCTION PRACTICES,ALL UTILIZATION PRACTICES,15,ANNUAL,SURVEY,,,,YIELD,NOT SPECIFIED,STATE,2022,00000000,TOTAL,9000,,CROPS,PAPAYAS,15,YEAR,2024-01-03 15:00:00.000
UNITED STATES,FRUIT & TREE NUTS,,,00,,00,,"22,300",,ALL CLASSES,LB / ACRE,HI,,HAWAII,HAWAII,,"PAPAYAS - YIELD, MEASURED IN LB / ACRE",ALL PRODUCTION PRACTICES,ALL UTILIZATION PRACTICES,15,ANNUAL,SURVEY,,,,YIELD,NOT SPECIFIED,STATE,2021,00000000,TOTAL,9000,,CROPS,PAPAYAS,15,YEAR,2024-01-03 15:00:00.000
UNITED STATES,FRUIT & TREE NUTS,,,00,,00,,"13,800",,ALL CLASSES,LB / ACRE,HI,,HAWAII,HAWAII,,"PAPAYAS - YIELD, MEASURED IN LB / ACRE",ALL PRODUCTION PRACTICES,ALL UTILIZATION PRACTICES,15,ANNUAL,SURVEY,,,,YIELD,NOT SPECIFIED,STATE,2020,00000000,TOTAL,9000,,CROPS,PAPAYAS,15,YEAR,2024-01-03 15:00:00.000
UNITED STATES,FRUIT & TREE NUTS,,,00,,00,,"17,000",,ALL CLASSES,LB / ACRE,HI,,HAWAII,HAWAII,,"PAPAYAS - YIELD, MEASURED IN LB / ACRE",ALL PRODUCTION PRACTICES,ALL UTILIZATION PRACTICES,15,ANNUAL,SURVEY,,,,YIELD,NOT SPECIFIED,STATE,2019,00000000,TOTAL,9000,,CROPS,PAPAYAS,15,YEAR,2024-01-03 15:00:00.000
UNITED STATES,FRUIT & TREE NUTS,,,00,,00,,"13,000",,ALL CLASSES,LB / ACRE,HI,,HAWAII,HAWAII,,"PAPAYAS - YIELD, MEASURED IN LB / ACRE",ALL PRODUCTION PRACTICES,ALL UTILIZATION PRACTICES,15,ANNUAL,SURVEY,,,,YIELD,NOT SPECIFIED,STATE,2018,00000000,TOTAL,9000,,CROPS,PAPAYAS,15,YEAR,2024-01-03 15:00:00.000
UNITED STATES,FRUIT & TREE NUTS,,,00,,00,,"23,300",,ALL CLASSES,LB / ACRE,HI,,HAWAII,HAWAII,,"PAPAYAS, UTILIZED - YIELD, MEASURED IN LB / ACRE",ALL PRODUCTION PRACTICES,UTILIZED,15,ANNUAL,SURVEY,,,,YIELD,NOT SPECIFIED,STATE,2017,00000000,TOTAL,9000,,CROPS,PAPAYAS,15,YEAR,2019-03-12 15:04:48.000
UNITED STATES,FRUIT & TREE NUTS,,,00,,00,,"28,200",,ALL CLASSES,LB / ACRE,HI,,HAWAII,HAWAII,,"PAPAYAS, UTILIZED - YIELD, MEASURED IN LB / ACRE",ALL PRODUCTION PRACTICES,UTILIZED,15,ANNUAL,SURVEY,,,,YIELD,NOT SPECIFIED,STATE,2016,00000000,TOTAL,9000,,CROPS,PAPAYAS,15,YEAR,2019-03-12 15:04:48.000
UNITED STATES,FRUIT & TREE NUTS,,,00,,00,,"30,300",,ALL CLASSES,LB / ACRE,HI,,HAWAII,HAWAII,,"PAPAYAS, UTILIZED - YIELD, MEASURED IN LB / ACRE",ALL PRODUCTION PRACTICES,UTILIZED,15,ANNUAL,SURVEY,,,,YIELD,NOT SPECIFIED,STATE,2015,00000000,TOTAL,9000,,CROPS,PAPAYAS,15,YEAR,2019-03-12 15:04:48.000
UNITED STATES,FRUIT & TREE NUTS,,,00,,00,,"26,100",,ALL CLASSES,LB / ACRE,HI,,HAWAII,HAWAII,,"PAPAYAS, UTILIZED - YIELD, MEASURED IN LB / ACRE",ALL PRODUCTION PRACTICES,UTILIZED,15,ANNUAL,SURVEY,,,,YIELD,NOT SPECIFIED,STATE,2014,00000000,TOTAL,9000,,CROPS,PAPAYAS,15,YEAR,2019-03-12 15:04:48.000
UNITED STATES,FRUIT & TREE NUTS,,,00,,00,,"34,600",,ALL CLASSES,LB / ACRE,HI,,HAWAII,HAWAII,,"PAPAYAS, UTILIZED - YIELD, MEASURED IN LB / ACRE",ALL PRODUCTION PRACTICES,UTILIZED,15,ANNUAL,SURVEY,,,,YIELD,NOT SPECIFIED,STATE,2013,00000000,TOTAL,9000,,CROPS,PAPAYAS,15,YEAR,2019-03-12 15:04:48.000
UNITED STATES,FRUIT & TREE NUTS,,,00,,00,,                (NA),,ALL CLASSES,LB / ACRE,HI,,HAWAII,HAWAII,,"PAPAYAS, UTILIZED - YIELD, MEASURED IN LB / ACRE",ALL PRODUCTION PRACTICES,UTILIZED,15,ANNUAL,SURVEY,,,,YIELD,NOT SPECIFIED,STATE,2012,00000000,TOTAL,9000,,CROPS,PAPAYAS,15,YEAR,2015-07-17 15:31:26.000
UNITED STATES,FRUIT & TREE NUTS,,,00,,00,,"22,000",,ALL CLASSES,LB / ACRE,HI,,HAWAII,HAWAII,,"PAPAYAS, UTILIZED - YIELD, MEASURED IN LB / ACRE",ALL PRODUCTION PRACTICES,UTILIZED,15,ANNUAL,SURVEY,,,,YIELD,NOT SPECIFIED,STATE,2011,00000000,TOTAL,9000,,CROPS,PAPAYAS,15,YEAR,2014-11-17 08:34:41.000
UNITED STATES,FRUIT & TREE NUTS,,,00,,00,,"22,300",,ALL CLASSES,LB / ACRE,HI,,HAWAII,HAWAII,,"PAPAYAS, UTILIZED - YIELD, MEASURED IN LB / ACRE",ALL PRODUCTION PRACTICES,UTILIZED,15,ANNUAL,SURVEY,,,,YIELD,NOT SPECIFIED,STATE,2010,00000000,TOTAL,9000,,CROPS,PAPAYAS,15,YEAR,2014-11-17 08:34:41.000
UNITED STATES,FRUIT & TREE NUTS,,,00,,00,,"23,800",,ALL CLASSES,LB / ACRE,HI,,HAWAII,HAWAII,,"PAPAYAS, UTILIZED - YIELD, MEASURED IN LB / ACRE",ALL PRODUCTION PRACTICES,UTILIZED,15,ANNUAL,SURVEY,,,,YIELD,NOT SPECIFIED,STATE,2009,00000000,TOTAL,9000,,CROPS,PAPAYAS,15,YEAR,2014-11-17 08:34:41.000
UNITED STATES,FRUIT & TREE NUTS,,,00,,00,,"24,300",,ALL CLASSES,LB / ACRE,HI,,HAWAII,HAWAII,,"PAPAYAS, UTILIZED - YIELD, MEASURED IN LB / ACRE",ALL PRODUCTION PRACTICES,UTILIZED,15,ANNUAL,SURVEY,,,,YIELD,NOT SPECIFIED,STATE,2008,00000000,TOTAL,9000,,CROPS,PAPAYAS,15,YEAR,2014-11-17 08:34:41.000
UNITED STATES,FRUIT & TREE NUTS,,,00,,00,,"25,500",,ALL CLASSES,LB / ACRE,HI,,HAWAII,HAWAII,,"PAPAYAS, UTILIZED - YIELD, MEASURED IN LB / ACRE",ALL PRODUCTION PRACTICES,UTILIZED,15,ANNUAL,SURVEY,,,,YIELD,NOT SPECIFIED,STATE,2007,00000000,TOTAL,9000,,CROPS,PAPAYAS,15,YEAR,2014-11-17 08:34:41.000
UNITED STATES,VEGETABLES,,,00,,00,,50,,SNAP,CWT / ACRE,HI,,HAWAII,HAWAII,,"BEANS, SNAP, FRESH MARKET - YIELD, MEASURED IN CWT / ACRE",ALL PRODUCTION PRACTICES,FRESH MARKET,15,ANNUAL,SURVEY,,,,YIELD,NOT SPECIFIED,STATE,1999,00000000,TOTAL,9000,,CROPS,BEANS,15,YEAR,1999-05-15 10:15:06.000
UNITED STATES,VEGETABLES,,,00,,00,,45,,SNAP,CWT / ACRE,HI,,HAWAII,HAWAII,,"BEANS, SNAP, FRESH MARKET - YIELD, MEASURED IN CWT / ACRE",ALL PRODUCTION PRACTICES,FRESH MARKET,15,ANNUAL,SURVEY,,,,YIELD,NOT SPECIFIED,STATE,1998,00000000,TOTAL,9000,,CROPS,BEANS,15,YEAR,1998-05-15 10:15:06.000
UNITED STATES,VEGETABLES,,,00,,00,,250,,ALL CLASSES,CWT / ACRE,HI,,HAWAII,HAWAII,,"CABBAGE, FRESH MARKET - YIELD, MEASURED IN CWT / ACRE",ALL PRODUCTION PRACTICES,FRESH MARKET,15,ANNUAL,SURVEY,,,,YIELD,NOT SPECIFIED,STATE,2001,00000000,TOTAL,9000,,CROPS,CABBAGE,15,YEAR,2001-05-15 10:15:06.000
UNITED STATES,VEGETABLES,,,00,,00,,270,,ALL CLASSES,CWT / ACRE,HI,,HAWAII,HAWAII,,"CABBAGE, FRESH MARKET - YIELD, MEASURED IN CWT / ACRE",ALL PRODUCTION PRACTICES,FRESH MARKET,15,ANNUAL,SURVEY,,,,YIELD,NOT SPECIFIED,STATE,2000,00000000,TOTAL,9000,,CROPS,CABBAGE,15,YEAR,2000-05-15 10:15:06.000
UNITED STATES,VEGETABLES,,,00,,00,,260,,ALL CLASSES,CWT / ACRE,HI,,HAWAII,HAWAII,,"CABBAGE, FRESH MARKET - YIELD, MEASURED IN CWT / ACRE",ALL PRODUCTION PRACTICES,FRESH MARKET,15,ANNUAL,SURVEY,,,,YIELD,NOT SPECIFIED,STATE,1999,00000000,TOTAL,9000,,CROPS,CABBAGE,15,YEAR,1999-05-15 10:15:06.000
UNITED STATES,VEGETABLES,,,00,,00,,255,,ALL CLASSES,CWT / ACRE,HI,,HAWAII,HAWAII,,"CABBAGE, FRESH MARKET - YIELD, MEASURED IN CWT / ACRE",ALL PRODUCTION PRACTICES,FRESH MARKET,15,ANNUAL,SURVEY,,,,YIELD,NOT SPECIFIED,STATE,1998,00000000,TOTAL,9000,,CROPS,CABBAGE,15,YEAR,1998-05-15 10:15:06.000
UNITED STATES,VEGETABLES,,,00,,00,,120,,ALL CLASSES,CWT / ACRE,HI,,HAWAII,HAWAII,,"CUCUMBERS, FRESH MARKET - YIELD, MEASURED IN CWT / ACRE",ALL PRODUCTION PRACTICES,FRESH MARKET,15,ANNUAL,SURVEY,,,,YIELD,NOT SPECIFIED,STATE,1999,00000000,TOTAL,9000,,CROPS,CUCUMBERS,15,YEAR,1999-05-15 10:15:06.000
UNITED STATES,VEGETABLES,,,00,,00,,125,,ALL CLASSES,CWT / ACRE,HI,,HAWAII,HAWAII,,"CUCUMBERS, FRESH MARKET - YIELD, MEASURED IN CWT / ACRE",ALL PRODUCTION PRACTICES,FRESH MARKET,15,ANNUAL,SURVEY,,,,YIELD,NOT SPECIFIED,STATE,1998,00000000,TOTAL,9000,,CROPS,CUCUMBERS,15,YEAR,1998-05-15 10:15:06.000
UNITED STATES,VEGETABLES,,,00,,00,,200,,ALL CLASSES,CWT / ACRE,HI,,HAWAII,HAWAII,,"EGGPLANT, FRESH MARKET - YIELD, MEASURED IN CWT / ACRE",ALL PRODUCTION PRACTICES,FRESH MARKET,15,ANNUAL,SURVEY,,,,YIELD,NOT SPECIFIED,STATE,2001,00000000,TOTAL,9000,,CROPS,EGGPLANT,15,YEAR,2001-05-15 10:15:06.000
UNITED STATES,VEGETABLES,,,00,,00,,240,,ALL CLASSES,CWT / ACRE,HI,,HAWAII,HAWAII,,"EGGPLANT, FRESH MARKET - YIELD, MEASURED IN CWT / ACRE",ALL PRODUCTION PRACTICES,FRESH MARKET,15,ANNUAL,SURVEY,,,,YIELD,NOT SPECIFIED,STATE,2000,00000000,TOTAL,9000,,CROPS,EGGPLANT,15,YEAR,2000-05-15 10:15:06.000
UNITED STATES,VEGETABLES,,,00,,00,,"30,000",,ALL CLASSES,LB / ACRE,HI,,HAWAII,HAWAII,,"GINGER ROOT - YIELD, MEASURED IN LB / ACRE",ALL PRODUCTION PRACTICES,ALL UTILIZATION PRACTICES,15,ANNUAL,SURVEY,,,,YIELD,NOT SPECIFIED,STATE,2008,00000000,TOTAL,9000,,CROPS,GINGER ROOT,15,YEAR,2014-11-03 15:05:48.000
UNITED STATES,VEGETABLES,,,00,,00,,"35,000",,ALL CLASSES,LB / ACRE,HI,,HAWAII,HAWAII,,"GINGER ROOT - YIELD, MEASURED IN LB / ACRE",ALL PRODUCTION PRACTICES,ALL UTILIZATION PRACTICES,15,ANNUAL,SURVEY,,,,YIELD,NOT SPECIFIED,STATE,2007,00000000,TOTAL,9000,,CROPS,GINGER ROOT,15,YEAR,2014-11-03 15:05:48.000
UNITED STATES,VEGETABLES,,,00,,00,,"43,000",,ALL CLASSES,LB / ACRE,HI,,HAWAII,HAWAII,,"GINGER ROOT - YIELD, MEASURED IN LB / ACRE",ALL PRODUCTION PRACTICES,ALL UTILIZATION PRACTICES,15,ANNUAL,SURVEY,,,,YIELD,NOT SPECIFIED,STATE,2006,00000000,TOTAL,9000,,CROPS,GINGER ROOT,15,YEAR,2012-01-01 00:00:00.000
UNITED STATES,VEGETABLES,,,00,,00,,"42,500",,ALL CLASSES,LB / ACRE,HI,,HAWAII,HAWAII,,"GINGER ROOT - YIELD, MEASURED IN LB / ACRE",ALL PRODUCTION PRACTICES,ALL UTILIZATION PRACTICES,15,ANNUAL,SURVEY,,,,YIELD,NOT SPECIFIED,STATE,2005,00000000,TOTAL,9000,,CROPS,GINGER ROOT,15,YEAR,2012-01-01 00:00:00.000
UNITED STATES,VEGETABLES,,,00,,00,,"40,000",,ALL CLASSES,LB / ACRE,HI,,HAWAII,HAWAII,,"GINGER ROOT - YIELD, MEASURED IN LB / ACRE",ALL PRODUCTION PRACTICES,ALL UTILIZATION PRACTICES,15,ANNUAL,SURVEY,,,,YIELD,NOT SPECIFIED,STATE,2004,00000000,TOTAL,9000,,CROPS,GINGER ROOT,15,YEAR,2012-01-01 00:00:00.000
UNITED STATES,VEGETABLES,,,00,,00,,"37,500",,ALL CLASSES,LB / ACRE,HI,,HAWAII,HAWAII,,"GINGER ROOT - YIELD, MEASURED IN LB / ACRE",ALL PRODUCTION PRACTICES,ALL UTILIZATION PRACTICES,15,ANNUAL,SURVEY,,,,YIELD,NOT SPECIFIED,STATE,2003,00000000,TOTAL,9000,,CROPS,GINGER ROOT,15,YEAR,2012-01-01 00:00:00.000
UNITED STATES,VEGETABLES,,,00,,00,,"45,000",,ALL CLASSES,LB / ACRE,HI,,HAWAII,HAWAII,,"GINGER ROOT - YIELD, MEASURED IN LB / ACRE",ALL PRODUCTION PRACTICES,ALL UTILIZATION PRACTICES,15,ANNUAL,SURVEY,,,,YIELD,NOT SPECIFIED,STATE,2002,00000000,TOTAL,9000,,CROPS,GINGER ROOT,15,YEAR,2012-01-01 00:00:00.000
UNITED STATES,VEGETABLES,,,00,,00,,"50,000",,ALL CLASSES,LB / ACRE,HI,,HAWAII,HAWAII,,"GINGER ROOT - YIELD, MEASURED IN LB / ACRE",ALL PRODUCTION PRACTICES,ALL UTILIZATION PRACTICES,15,ANNUAL,SURVEY,,,,YIELD,NOT SPECIFIED,STATE,2001,00000000,TOTAL,9000,,CROPS,GINGER ROOT,15,YEAR,2012-01-01 00:00:00.000
UNITED STATES,VEGETABLES,,,00,,00,,"50,000",,ALL CLASSES,LB / ACRE,HI,,HAWAII,HAWAII,,"GINGER ROOT - YIELD, MEASURED IN LB / ACRE",ALL PRODUCTION PRACTICES,ALL UTILIZATION PRACTICES,15,ANNUAL,SURVEY,,,,YIELD,NOT SPECIFIED,STATE,2000,00000000,TOTAL,9000,,CROPS,GINGER ROOT,15,YEAR,2012-01-01 00:00:00.000
UNITED STATES,VEGETABLES,,,00,,00,,"46,000",,ALL CLASSES,LB / ACRE,HI,,HAWAII,HAWAII,,"GINGER ROOT - YIELD, MEASURED IN LB / ACRE",ALL PRODUCTION PRACTICES,ALL UTILIZATION PRACTICES,15,ANNUAL,SURVEY,,,,YIELD,NOT SPECIFIED,STATE,1999,00000000,TOTAL,9000,,CROPS,GINGER ROOT,15,YEAR,2012-01-01 00:00:00.000
UNITED STATES,VEGETABLES,,,00,,00,,"50,000",,ALL CLASSES,LB / ACRE,HI,,HAWAII,HAWAII,,"GINGER ROOT - YIELD, MEASURED IN LB / ACRE",ALL PRODUCTION PRACTICES,ALL UTILIZATION PRACTICES,15,ANNUAL,SURVEY,,,,YIELD,NOT SPECIFIED,STATE,1998,00000000,TOTAL,9000,,CROPS,GINGER ROOT,15,YEAR,2012-01-01 00:00:00.000
UNITED STATES,VEGETABLES,,,00,,00,,"44,000",,ALL CLASSES,LB / ACRE,HI,,HAWAII,HAWAII,,"GINGER ROOT - YIELD, MEASURED IN LB / ACRE",ALL PRODUCTION PRACTICES,ALL UTILIZATION PRACTICES,15,ANNUAL,SURVEY,,,,YIELD,NOT SPECIFIED,STATE,1997,00000000,TOTAL,9000,,CROPS,GINGER ROOT,15,YEAR,2012-01-01 00:00:00.000
UNITED STATES,VEGETABLES,,,00,,00,,"47,000",,ALL CLASSES,LB / ACRE,HI,,HAWAII,HAWAII,,"GINGER ROOT - YIELD, MEASURED IN LB / ACRE",ALL PRODUCTION PRACTICES,ALL UTILIZATION PRACTICES,15,ANNUAL,SURVEY,,,,YIELD,NOT SPECIFIED,STATE,1996,00000000,TOTAL,9000,,CROPS,GINGER ROOT,15,YEAR,2012-01-01 00:00:00.000
UNITED STATES,VEGETABLES,,,00,,00,,"43,000",,ALL CLASSES,LB / ACRE,HI,,HAWAII,HAWAII,,"GINGER ROOT - YIELD, MEASURED IN LB / ACRE",ALL PRODUCTION PRACTICES,ALL UTILIZATION PRACTICES,15,ANNUAL,SURVEY,,,,YIELD,NOT SPECIFIED,STATE,1995,00000000,TOTAL,9000,,CROPS,GINGER ROOT,15,YEAR,2012-01-01 00:00:00.000
UNITED STATES,VEGETABLES,,,00,,00,,"40,000",,ALL CLASSES,LB / ACRE,HI,,HAWAII,HAWAII,,"GINGER ROOT - YIELD, MEASURED IN LB / ACRE",ALL PRODUCTION PRACTICES,ALL UTILIZATION PRACTICES,15,ANNUAL,SURVEY,,,,YIELD,NOT SPECIFIED,STATE,1994,00000000,TOTAL,9000,,CROPS,GINGER ROOT,15,YEAR,2012-01-01 00:00:00.000
UNITED STATES,VEGETABLES,,,00,,00,,"27,500",,ALL CLASSES,LB / ACRE,HI,,HAWAII,HAWAII,,"GINGER ROOT - YIELD, MEASURED IN LB / ACRE",ALL PRODUCTION PRACTICES,ALL UTILIZATION PRACTICES,15,ANNUAL,SURVEY,,,,YIELD,NOT SPECIFIED,STATE,1993,00000000,TOTAL,9000,,CROPS,GINGER ROOT,15,YEAR,2012-01-01 00:00:00.000
UNITED STATES,VEGETABLES,,,00,,00,,"40,000",,ALL CLASSES,LB / ACRE,HI,,HAWAII,HAWAII,,"GINGER ROOT - YIELD, MEASURED IN LB / ACRE",ALL PRODUCTION PRACTICES,ALL UTILIZATION PRACTICES,15,ANNUAL,SURVEY,,,,YIELD,NOT SPECIFIED,STATE,1992,00000000,TOTAL,9000,,CROPS,GINGER ROOT,15,YEAR,2012-01-01 00:00:00.000
UNITED STATES,VEGETABLES,,,00,,00,,"48,000",,ALL CLASSES,LB / ACRE,HI,,HAWAII,HAWAII,,"GINGER ROOT - YIELD, MEASURED IN LB / ACRE",ALL PRODUCTION PRACTICES,ALL UTILIZATION PRACTICES,15,ANNUAL,SURVEY,,,,YIELD,NOT SPECIFIED,STATE,1991,00000000,TOTAL,9000,,CROPS,GINGER ROOT,15,YEAR,2012-01-01 00:00:00.000
UNITED STATES,VEGETABLES,,,00,,00,,"50,000",,ALL CLASSES,LB / ACRE,HI,,HAWAII,HAWAII,,"GINGER ROOT - YIELD, MEASURED IN LB / ACRE",ALL PRODUCTION PRACTICES,ALL UTILIZATION PRACTICES,15,ANNUAL,SURVEY,,,,YIELD,NOT SPECIFIED,STATE,1990,00000000,TOTAL,9000,,CROPS,GINGER ROOT,15,YEAR,2012-01-01 00:00:00.000
UNITED STATES,VEGETABLES,,,00,,00,,"50,000",,ALL CLASSES,LB / ACRE,HI,,HAWAII,HAWAII,,"GINGER ROOT - YIELD, MEASURED IN LB / ACRE",ALL PRODUCTION PRACTICES,ALL UTILIZATION PRACTICES,15,ANNUAL,SURVEY,,,,YIELD,NOT SPECIFIED,STATE,1989,00000000,TOTAL,9000,,CROPS,GINGER ROOT,15,YEAR,2012-01-01 00:00:00.000
UNITED STATES,VEGETABLES,,,00,,00,,"49,100",,ALL CLASSES,LB / ACRE,HI,,HAWAII,HAWAII,,"GINGER ROOT - YIELD, MEASURED IN LB / ACRE",ALL PRODUCTION PRACTICES,ALL UTILIZATION PRACTICES,15,ANNUAL,SURVEY,,,,YIELD,NOT SPECIFIED,STATE,1988,00000000,TOTAL,9000,,CROPS,GINGER ROOT,15,YEAR,2012-01-01 00:00:00.000
UNITED STATES,VEGETABLES,,,00,,00,,"46,700",,ALL CLASSES,LB / ACRE,HI,,HAWAII,HAWAII,,"GINGER ROOT - YIELD, MEASURED IN LB / ACRE",ALL PRODUCTION PRACTICES,ALL UTILIZATION PRACTICES,15,ANNUAL,SURVEY,,,,YIELD,NOT SPECIFIED,STATE,1987,00000000,TOTAL,9000,,CROPS,GINGER ROOT,15,YEAR,2012-01-01 00:00:00.000
UNITED STATES,VEGETABLES,,,00,,00,,"40,700",,ALL CLASSES,LB / ACRE,HI,,HAWAII,HAWAII,,"GINGER ROOT - YIELD, MEASURED IN LB / ACRE",ALL PRODUCTION PRACTICES,ALL UTILIZATION PRACTICES,15,ANNUAL,SURVEY,,,,YIELD,NOT SPECIFIED,STATE,1986,00000000,TOTAL,9000,,CROPS,GINGER ROOT,15,YEAR,2012-01-01 00:00:00.000
UNITED STATES,VEGETABLES,,,00,,00,,"43,400",,ALL CLASSES,LB / ACRE,HI,,HAWAII,HAWAII,,"GINGER ROOT - YIELD, MEASURED IN LB / ACRE",ALL PRODUCTION PRACTICES,ALL UTILIZATION PRACTICES,15,ANNUAL,SURVEY,,,,YIELD,NOT SPECIFIED,STATE,1985,00000000,TOTAL,9000,,CROPS,GINGER ROOT,15,YEAR,2012-01-01 00:00:00.000
UNITED STATES,VEGETABLES,,,00,,00,,"37,400",,ALL CLASSES,LB / ACRE,HI,,HAWAII,HAWAII,,"GINGER ROOT - YIELD, MEASURED IN LB / ACRE",ALL PRODUCTION PRACTICES,ALL UTILIZATION PRACTICES,15,ANNUAL,SURVEY,,,,YIELD,NOT SPECIFIED,STATE,1984,00000000,TOTAL,9000,,CROPS,GINGER ROOT,15,YEAR,2012-01-01 00:00:00.000
UNITED STATES,VEGETABLES,,,00,,00,,"32,100",,ALL CLASSES,LB / ACRE,HI,,HAWAII,HAWAII,,"GINGER ROOT - YIELD, MEASURED IN LB / ACRE",ALL PRODUCTION PRACTICES,ALL UTILIZATION PRACTICES,15,ANNUAL,SURVEY,,,,YIELD,NOT SPECIFIED,STATE,1983,00000000,TOTAL,9000,,CROPS,GINGER ROOT,15,YEAR,2012-01-01 00:00:00.000
UNITED STATES,VEGETABLES,,,00,,00,,"36,300",,ALL CLASSES,LB / ACRE,HI,,HAWAII,HAWAII,,"GINGER ROOT - YIELD, MEASURED IN LB / ACRE",ALL PRODUCTION PRACTICES,ALL UTILIZATION PRACTICES,15,ANNUAL,SURVEY,,,,YIELD,NOT SPECIFIED,STATE,1982,00000000,TOTAL,9000,,CROPS,GINGER ROOT,15,YEAR,2012-01-01 00:00:00.000
UNITED STATES,VEGETABLES,,,00,,00,,"44,700",,ALL CLASSES,LB / ACRE,HI,,HAWAII,HAWAII,,"GINGER ROOT - YIELD, MEASURED IN LB / ACRE",ALL PRODUCTION PRACTICES,ALL UTILIZATION PRACTICES,15,ANNUAL,SURVEY,,,,YIELD,NOT SPECIFIED,STATE,1981,00000000,TOTAL,9000,,CROPS,GINGER ROOT,15,YEAR,2012-01-01 00:00:00.000
UNITED STATES,VEGETABLES,,,00,,00,,"40,800",,ALL CLASSES,LB / ACRE,HI,,HAWAII,HAWAII,,"GINGER ROOT - YIELD, MEASURED IN LB / ACRE",ALL PRODUCTION PRACTICES,ALL UTILIZATION PRACTICES,15,ANNUAL,SURVEY,,,,YIELD,NOT SPECIFIED,STATE,1980,00000000,TOTAL,9000,,CROPS,GINGER ROOT,15,YEAR,2012-01-01 00:00:00.000
UNITED STATES,VEGETABLES,,,00,,00,,"24,800",,ALL CLASSES,LB / ACRE,HI,,HAWAII,HAWAII,,"GINGER ROOT - YIELD, MEASURED IN LB / ACRE",ALL PRODUCTION PRACTICES,ALL UTILIZATION PRACTICES,15,ANNUAL,SURVEY,,,,YIELD,NOT SPECIFIED,STATE,1979,00000000,TOTAL,9000,,CROPS,GINGER ROOT,15,YEAR,2012-01-01 00:00:00.000
UNITED STATES,VEGETABLES,,,00,,00,,"24,400",,ALL CLASSES,LB / ACRE,HI,,HAWAII,HAWAII,,"GINGER ROOT - YIELD, MEASURED IN LB / ACRE",ALL PRODUCTION PRACTICES,ALL UTILIZATION PRACTICES,15,ANNUAL,SURVEY,,,,YIELD,NOT SPECIFIED,STATE,1978,00000000,TOTAL,9000,,CROPS,GINGER ROOT,15,YEAR,2012-01-01 00:00:00.000
UNITED STATES,VEGETABLES,,,00,,00,,"28,500",,ALL CLASSES,LB / ACRE,HI,,HAWAII,HAWAII,,"GINGER ROOT - YIELD, MEASURED IN LB / ACRE",ALL PRODUCTION PRACTICES,ALL UTILIZATION PRACTICES,15,ANNUAL,SURVEY,,,,YIELD,NOT SPECIFIED,STATE,1977,00000000,TOTAL,9000,,CROPS,GINGER ROOT,15,YEAR,2012-01-01 00:00:00.000
UNITED STATES,VEGETABLES,,,00,,00,,"36,100",,ALL CLASSES,LB / ACRE,HI,,HAWAII,HAWAII,,"GINGER ROOT - YIELD, MEASURED IN LB / ACRE",ALL PRODUCTION PRACTICES,ALL UTILIZATION PRACTICES,15,ANNUAL,SURVEY,,,,YIELD,NOT SPECIFIED,STATE,1976,00000000,TOTAL,9000,,CROPS,GINGER ROOT,15,YEAR,2012-01-01 00:00:00.000
UNITED STATES,VEGETABLES,,,00,,00,,"36,000",,ALL CLASSES,LB / ACRE,HI,,HAWAII,HAWAII,,"GINGER ROOT - YIELD, MEASURED IN LB / ACRE",ALL PRODUCTION PRACTICES,ALL UTILIZATION PRACTICES,15,ANNUAL,SURVEY,,,,YIELD,NOT SPECIFIED,STATE,1975,00000000,TOTAL,9000,,CROPS,GINGER ROOT,15,YEAR,2012-01-01 00:00:00.000
UNITED STATES,VEGETABLES,,,00,,00,,"32,000",,ALL CLASSES,LB / ACRE,HI,,HAWAII,HAWAII,,"GINGER ROOT - YIELD, MEASURED IN LB / ACRE",ALL PRODUCTION PRACTICES,ALL UTILIZATION PRACTICES,15,ANNUAL,SURVEY,,,,YIELD,NOT SPECIFIED,STATE,1974,00000000,TOTAL,9000,,CROPS,GINGER ROOT,15,YEAR,2012-01-01 00:00:00.000
UNITED STATES,VEGETABLES,,,00,,00,,"39,600",,ALL CLASSES,LB / ACRE,HI,,HAWAII,HAWAII,,"GINGER ROOT - YIELD, MEASURED IN LB / ACRE",ALL PRODUCTION PRACTICES,ALL UTILIZATION PRACTICES,15,ANNUAL,SURVEY,,,,YIELD,NOT SPECIFIED,STATE,1973,00000000,TOTAL,9000,,CROPS,GINGER ROOT,15,YEAR,2012-01-01 00:00:00.000
UNITED STATES,VEGETABLES,,,00,,00,,"29,400",,ALL CLASSES,LB / ACRE,HI,,HAWAII,HAWAII,,"GINGER ROOT - YIELD, MEASURED IN LB / ACRE",ALL PRODUCTION PRACTICES,ALL UTILIZATION PRACTICES,15,ANNUAL,SURVEY,,,,YIELD,NOT SPECIFIED,STATE,1972,00000000,TOTAL,9000,,CROPS,GINGER ROOT,15,YEAR,2012-01-01 00:00:00.000
UNITED STATES,VEGETABLES,,,00,,00,,"40,200",,ALL CLASSES,LB / ACRE,HI,,HAWAII,HAWAII,,"GINGER ROOT - YIELD, MEASURED IN LB / ACRE",ALL PRODUCTION PRACTICES,ALL UTILIZATION PRACTICES,15,ANNUAL,SURVEY,,,,YIELD,NOT SPECIFIED,STATE,1971,00000000,TOTAL,9000,,CROPS,GINGER ROOT,15,YEAR,2012-01-01 00:00:00.000
UNITED STATES,VEGETABLES,,,00,,00,,"39,300",,ALL CLASSES,LB / ACRE,HI,,HAWAII,HAWAII,,"GINGER ROOT - YIELD, MEASURED IN LB / ACRE",ALL PRODUCTION PRACTICES,ALL UTILIZATION PRACTICES,15,ANNUAL,SURVEY,,,,YIELD,NOT SPECIFIED,STATE,1970,00000000,TOTAL,9000,,CROPS,GINGER ROOT,15,YEAR,2012-01-01 00:00:00.000
UNITED STATES,VEGETABLES,,,00,,00,,"40,000",,ALL CLASSES,LB / ACRE,HI,,HAWAII,HAWAII,,"GINGER ROOT - YIELD, MEASURED IN LB / ACRE",ALL PRODUCTION PRACTICES,ALL UTILIZATION PRACTICES,15,ANNUAL,SURVEY,,,,YIELD,NOT SPECIFIED,STATE,1969,00000000,TOTAL,9000,,CROPS,GINGER ROOT,15,YEAR,2012-01-01 00:00:00.000
UNITED STATES,VEGETABLES,,,00,,00,,"37,100",,ALL CLASSES,LB / ACRE,HI,,HAWAII,HAWAII,,"GINGER ROOT - YIELD, MEASURED IN LB / ACRE",ALL PRODUCTION PRACTICES,ALL UTILIZATION PRACTICES,15,ANNUAL,SURVEY,,,,YIELD,NOT SPECIFIED,STATE,1968,00000000,TOTAL,9000,,CROPS,GINGER ROOT,15,YEAR,2012-01-01 00:00:00.000
UNITED STATES,VEGETABLES,,,00,,00,,"37,900",,ALL CLASSES,LB / ACRE,HI,,HAWAII,HAWAII,,"GINGER ROOT - YIELD, MEASURED IN LB / ACRE",ALL PRODUCTION PRACTICES,ALL UTILIZATION PRACTICES,15,ANNUAL,SURVEY,,,,YIELD,NOT SPECIFIED,STATE,1967,00000000,TOTAL,9000,,CROPS,GINGER ROOT,15,YEAR,2012-01-01 00:00:00.000
UNITED STATES,VEGETABLES,,,00,,00,,"35,000",,ALL CLASSES,LB / ACRE,HI,,HAWAII,HAWAII,,"GINGER ROOT - YIELD, MEASURED IN LB / ACRE",ALL PRODUCTION PRACTICES,ALL UTILIZATION PRACTICES,15,ANNUAL,SURVEY,,,,YIELD,NOT SPECIFIED,STATE,1966,00000000,TOTAL,9000,,CROPS,GINGER ROOT,15,YEAR,2012-01-01 00:00:00.000
UNITED STATES,VEGETABLES,,,00,,00,,"35,000",,ALL CLASSES,LB / ACRE,HI,,HAWAII,HAWAII,,"GINGER ROOT - YIELD, MEASURED IN LB / ACRE",ALL PRODUCTION PRACTICES,ALL UTILIZATION PRACTICES,15,ANNUAL,SURVEY,,,,YIELD,NOT SPECIFIED,STATE,1965,00000000,TOTAL,9000,,CROPS,GINGER ROOT,15,YEAR,2012-01-01 00:00:00.000
UNITED STATES,VEGETABLES,,,00,,00,,"26,200",,ALL CLASSES,LB / ACRE,HI,,HAWAII,HAWAII,,"GINGER ROOT - YIELD, MEASURED IN LB / ACRE",ALL PRODUCTION PRACTICES,ALL UTILIZATION PRACTICES,15,ANNUAL,SURVEY,,,,YIELD,NOT SPECIFIED,STATE,1964,00000000,TOTAL,9000,,CROPS,GINGER ROOT,15,YEAR,2012-01-01 00:00:00.000
UNITED STATES,VEGETABLES,,,00,,00,,"22,600",,ALL CLASSES,LB / ACRE,HI,,HAWAII,HAWAII,,"GINGER ROOT - YIELD, MEASURED IN LB / ACRE",ALL PRODUCTION PRACTICES,ALL UTILIZATION PRACTICES,15,ANNUAL,SURVEY,,,,YIELD,NOT SPECIFIED,STATE,1963,00000000,TOTAL,9000,,CROPS,GINGER ROOT,15,YEAR,2012-01-01 00:00:00.000
UNITED STATES,VEGETABLES,,,00,,00,,"17,100",,ALL CLASSES,LB / ACRE,HI,,HAWAII,HAWAII,,"GINGER ROOT - YIELD, MEASURED IN LB / ACRE",ALL PRODUCTION PRACTICES,ALL UTILIZATION PRACTICES,15,ANNUAL,SURVEY,,,,YIELD,NOT SPECIFIED,STATE,1962,00000000,TOTAL,9000,,CROPS,GINGER ROOT,15,YEAR,2012-01-01 00:00:00.000
UNITED STATES,VEGETABLES,,,00,,00,,"25,200",,ALL CLASSES,LB / ACRE,HI,,HAWAII,HAWAII,,"GINGER ROOT - YIELD, MEASURED IN LB / ACRE",ALL PRODUCTION PRACTICES,ALL UTILIZATION PRACTICES,15,ANNUAL,SURVEY,,,,YIELD,NOT SPECIFIED,STATE,1961,00000000,TOTAL,9000,,CROPS,GINGER ROOT,15,YEAR,2012-01-01 00:00:00.000
UNITED STATES,VEGETABLES,,,00,,00,,"28,300",,ALL CLASSES,LB / ACRE,HI,,HAWAII,HAWAII,,"GINGER ROOT - YIELD, MEASURED IN LB / ACRE",ALL PRODUCTION PRACTICES,ALL UTILIZATION PRACTICES,15,ANNUAL,SURVEY,,,,YIELD,NOT SPECIFIED,STATE,1960,00000000,TOTAL,9000,,CROPS,GINGER ROOT,15,YEAR,2012-01-01 00:00:00.000
UNITED STATES,VEGETABLES,,,00,,00,,"29,200",,ALL CLASSES,LB / ACRE,HI,,HAWAII,HAWAII,,"GINGER ROOT - YIELD, MEASURED IN LB / ACRE",ALL PRODUCTION PRACTICES,ALL UTILIZATION PRACTICES,15,ANNUAL,SURVEY,,,,YIELD,NOT SPECIFIED,STATE,1959,00000000,TOTAL,9000,,CROPS,GINGER ROOT,15,YEAR,2012-01-01 00:00:00.000
UNITED STATES,VEGETABLES,,,00,,00,,"32,700",,ALL CLASSES,LB / ACRE,HI,,HAWAII,HAWAII,,"GINGER ROOT - YIELD, MEASURED IN LB / ACRE",ALL PRODUCTION PRACTICES,ALL UTILIZATION PRACTICES,15,ANNUAL,SURVEY,,,,YIELD,NOT SPECIFIED,STATE,1958,00000000,TOTAL,9000,,CROPS,GINGER ROOT,15,YEAR,2012-01-01 00:00:00.000
UNITED STATES,VEGETABLES,,,00,,00,,"33,500",,ALL CLASSES,LB / ACRE,HI,,HAWAII,HAWAII,,"GINGER ROOT - YIELD, MEASURED IN LB / ACRE",ALL PRODUCTION PRACTICES,ALL UTILIZATION PRACTICES,15,ANNUAL,SURVEY,,,,YIELD,NOT SPECIFIED,STATE,1957,00000000,TOTAL,9000,,CROPS,GINGER ROOT,15,YEAR,2012-01-01 00:00:00.000
UNITED STATES,VEGETABLES,,,00,,00,,"34,500",,ALL CLASSES,LB / ACRE,HI,,HAWAII,HAWAII,,"GINGER ROOT - YIELD, MEASURED IN LB / ACRE",ALL PRODUCTION PRACTICES,ALL UTILIZATION PRACTICES,15,ANNUAL,SURVEY,,,,YIELD,NOT SPECIFIED,STATE,1956,00000000,TOTAL,9000,,CROPS,GINGER ROOT,15,YEAR,2012-01-01 00:00:00.000
UNITED STATES,VEGETABLES,,,00,,00,,"39,200",,ALL CLASSES,LB / ACRE,HI,,HAWAII,HAWAII,,"GINGER ROOT - YIELD, MEASURED IN LB / ACRE",ALL PRODUCTION PRACTICES,ALL UTILIZATION PRACTICES,15,ANNUAL,SURVEY,,,,YIELD,NOT SPECIFIED,STATE,1955,00000000,TOTAL,9000,,CROPS,GINGER ROOT,15,YEAR,2012-01-01 00:00:00.000
UNITED STATES,VEGETABLES,,,00,,00,,"40,200",,ALL CLASSES,LB / ACRE,HI,,HAWAII,HAWAII,,"GINGER ROOT - YIELD, MEASURED IN LB / ACRE",ALL PRODUCTION PRACTICES,ALL UTILIZATION PRACTICES,15,ANNUAL,SURVEY,,,,YIELD,NOT SPECIFIED,STATE,1954,00000000,TOTAL,9000,,CROPS,GINGER ROOT,15,YEAR,2012-01-01 00:00:00.000
UNITED STATES,VEGETABLES,,,00,,00,,"43,500",,ALL CLASSES,LB / ACRE,HI,,HAWAII,HAWAII,,"GINGER ROOT - YIELD, MEASURED IN LB / ACRE",ALL PRODUCTION PRACTICES,ALL UTILIZATION PRACTICES,15,ANNUAL,SURVEY,,,,YIELD,NOT SPECIFIED,STATE,1953,00000000,TOTAL,9000,,CROPS,GINGER ROOT,15,YEAR,2012-01-01 00:00:00.000
UNITED STATES,VEGETABLES,,,00,,00,,225,,WATERMELON,CWT / ACRE,HI,,HAWAII,HAWAII,,"MELONS, WATERMELON, FRESH MARKET - YIELD, MEASURED IN CWT / ACRE",ALL PRODUCTION PRACTICES,FRESH MARKET,15,ANNUAL,SURVEY,,,,YIELD,NOT SPECIFIED,STATE,2000,00000000,TOTAL,9000,,CROPS,MELONS,15,YEAR,2000-05-15 10:15:06.000
UNITED STATES,VEGETABLES,,,00,,00,,200,,WATERMELON,CWT / ACRE,HI,,HAWAII,HAWAII,,"MELONS, WATERMELON, FRESH MARKET - YIELD, MEASURED IN CWT / ACRE",ALL PRODUCTION PRACTICES,FRESH MARKET,15,ANNUAL,SURVEY,,,,YIELD,NOT SPECIFIED,STATE,1999,00000000,TOTAL,9000,,CROPS,MELONS,15,YEAR,1999-05-15 10:15:06.000
UNITED STATES,VEGETABLES,,,00,,00,,200,,WATERMELON,CWT / ACRE,HI,,HAWAII,HAWAII,,"MELONS, WATERMELON, FRESH MARKET - YIELD, MEASURED IN CWT / ACRE",ALL PRODUCTION PRACTICES,FRESH MARKET,15,ANNUAL,SURVEY,,,,YIELD,NOT SPECIFIED,STATE,1998,00000000,TOTAL,9000,,CROPS,MELONS,15,YEAR,1998-05-15 10:15:06.000
UNITED STATES,VEGETABLES,,,00,,00,,330,,ALL CLASSES,CWT / ACRE,HI,,HAWAII,HAWAII,,"TOMATOES, IN THE OPEN, FRESH MARKET - YIELD, MEASURED IN CWT / ACRE",IN THE OPEN,FRESH MARKET,15,ANNUAL,SURVEY,,,,YIELD,NOT SPECIFIED,STATE,2000,00000000,TOTAL,9000,,CROPS,TOMATOES,15,YEAR,2013-05-20 21:49:42.000
UNITED STATES,VEGETABLES,,,00,,00,,400,,ALL CLASSES,CWT / ACRE,HI,,HAWAII,HAWAII,,"TOMATOES, IN THE OPEN, FRESH MARKET - YIELD, MEASURED IN CWT / ACRE",IN THE OPEN,FRESH MARKET,15,ANNUAL,SURVEY,,,,YIELD,NOT SPECIFIED,STATE,1999,00000000,TOTAL,9000,,CROPS,TOMATOES,15,YEAR,2013-05-20 21:49:42.000
UNITED STATES,VEGETABLES,,,00,,00,,340,,ALL CLASSES,CWT / ACRE,HI,,HAWAII,HAWAII,,"TOMATOES, IN THE OPEN, FRESH MARKET - YIELD, MEASURED IN CWT / ACRE",IN THE OPEN,FRESH MARKET,15,ANNUAL,SURVEY,,,,YIELD,NOT SPECIFIED,STATE,1998,00000000,TOTAL,9000,,CROPS,TOMATOES,15,YEAR,2013-05-20 21:49:42.000
