Year,State,State_ANSI,County,County_ANSI,Crop_Yield,ZIndexValue,Anomaly
2022,ALABAMA,1.0,AUTAUGA,1,29212000,0.75,0.79
2022,ALABAMA,1.0,BULLOCK,11,36100000,0.77,0.76
2022,ALABAMA,1.0,DALLAS,47,40553000,0.39,0.41
2022,ALABAMA,1.0,ELMORE,51,24592000,0.95,1.01
2022,ALABAMA,1.0,GREENE,63,2405000,1.35,1.37
2022,ALABAMA,1.0,HALE,65,6685000,0.83,0.86
2022,ALABAMA,1.0,LOWNDES,85,23120000,0.7,0.68
2022,ALABAMA,1.0,MACON,87,23787000,1.08,1.09
2022,ALABAMA,1.0,MARENGO,91,11769000,0.62,0.64
2022,ALABAMA,1.0,MONTGOMERY,101,19736000,0.85,0.88
2022,ALABAMA,1.0,PERRY,105,23833000,0.6,0.65
2022,ALABAMA,1.0,SUMTER,119,2785000,0.87,0.92
2022,ALABAMA,1.0,BALDWIN,3,123196000,0.63,0.62
2022,ALABAMA,1.0,BUTLER,13,3506000,0.6,0.64
2022,ALABAMA,1.0,CHOCTAW,23,2087000,1.0,0.97
2022,ALABAMA,1.0,CLARKE,25,2088000,0.61,0.64
2022,ALABAMA,1.0,CONECUH,35,8493000,0.77,0.83
2022,ALABAMA,1.0,ESCAMBIA,53,32884000,0.82,0.83
2022,ALABAMA,1.0,MOBILE,97,116788000,0.88,0.85
2022,ALABAMA,1.0,MONROE,99,21836000,0.69,0.76
2022,ALABAMA,1.0,WASHINGTON,129,4690000,1.0,0.96
2022,ALABAMA,1.0,WILCOX,131,4751000,0.51,0.54
2022,ALABAMA,1.0,BLOUNT,9,18821000,1.4,1.35
2022,ALABAMA,1.0,CALHOUN,15,18728000,0.74,0.74
2022,ALABAMA,1.0,CHEROKEE,19,64806000,1.41,1.44
2022,ALABAMA,1.0,CLEBURNE,29,3288000,0.76,0.76
2022,ALABAMA,1.0,CULLMAN,43,24283000,1.26,1.23
2022,ALABAMA,1.0,DE KALB,49,43541000,1.53,1.56
2022,ALABAMA,1.0,ETOWAH,55,15181000,1.2,1.19
2022,ALABAMA,1.0,JACKSON,71,53418000,1.3,1.33
2022,ALABAMA,1.0,MARSHALL,95,19732000,1.32,1.31
2022,ALABAMA,1.0,SAINT CLAIR,115,22962000,1.37,1.33
2022,ALABAMA,1.0,COLBERT,33,34519000,1.36,1.36
2022,ALABAMA,1.0,FRANKLIN,59,12579000,1.46,1.47
2022,ALABAMA,1.0,LAUDERDALE,77,59491000,1.37,1.35
2022,ALABAMA,1.0,LAWRENCE,79,84219000,1.48,1.45
2022,ALABAMA,1.0,LIMESTONE,83,95909000,1.51,1.54
2022,ALABAMA,1.0,MADISON,89,107133000,1.46,1.49
2022,ALABAMA,1.0,MARION,93,11672000,1.56,1.56
2022,ALABAMA,1.0,MORGAN,103,21812000,1.42,1.43
2022,ALABAMA,1.0,WINSTON,133,2790000,1.5,1.47
2022,ALABAMA,1.0,BIBB,7,2387000,0.94,0.98
2022,ALABAMA,1.0,CHAMBERS,17,2244000,0.82,0.87
2022,ALABAMA,1.0,CHILTON,21,15067000,0.76,0.82
2022,ALABAMA,1.0,CLAY,27,2919000,0.68,0.67
2022,ALABAMA,1.0,COOSA,37,742000,0.7,0.76
2022,ALABAMA,1.0,FAYETTE,57,3697000,1.21,1.22
2022,ALABAMA,1.0,JEFFERSON,73,2439000,1.34,1.34
2022,ALABAMA,1.0,LAMAR,75,4024000,1.18,1.22
2022,ALABAMA,1.0,LEE,81,46904000,1.08,1.13
2022,ALABAMA,1.0,PICKENS,107,17975000,1.52,1.55
2022,ALABAMA,1.0,RANDOLPH,111,10913000,0.6,0.62
2022,ALABAMA,1.0,SHELBY,117,22106000,1.39,1.42
2022,ALABAMA,1.0,TALLADEGA,121,27639000,0.84,0.84
2022,ALABAMA,1.0,TALLAPOOSA,123,5913000,0.69,0.75
2022,ALABAMA,1.0,TUSCALOOSA,125,17980000,1.19,1.2
2022,ALABAMA,1.0,WALKER,127,4185000,1.28,1.26
2022,ALABAMA,1.0,BARBOUR,5,23929000,0.56,0.55
2022,ALABAMA,1.0,COFFEE,31,27753000,0.48,0.43
2022,ALABAMA,1.0,COVINGTON,39,28100000,0.59,0.59
2022,ALABAMA,1.0,CRENSHAW,41,3804000,0.6,0.61
2022,ALABAMA,1.0,DALE,45,21571000,0.63,0.57
2022,ALABAMA,1.0,GENEVA,61,42487000,0.74,0.68
2022,ALABAMA,1.0,HENRY,67,38927000,0.75,0.72
2022,ALABAMA,1.0,HOUSTON,69,69754000,1.14,1.07
2022,ALABAMA,1.0,PIKE,109,13937000,0.62,0.59
2022,ALABAMA,1.0,RUSSELL,113,8863000,1.04,1.07
2022,ARIZONA,4.0,APACHE,1,3411000,0.75,0.79
2022,ARIZONA,4.0,COCONINO,5,1437000,0.56,0.55
2022,ARIZONA,4.0,GILA,7,412000,0.94,0.98
2022,ARIZONA,4.0,MOHAVE,15,48846000,0.74,0.74
2022,ARIZONA,4.0,NAVAJO,17,4898000,0.82,0.87
2022,ARIZONA,4.0,YAVAPAI,25,11889000,0.61,0.64
2022,ARIZONA,4.0,COCHISE,3,223269000,0.63,0.62
2022,ARIZONA,4.0,GRAHAM,9,49939000,1.4,1.35
2022,ARIZONA,4.0,GREENLEE,11,1239000,0.77,0.76
2022,ARIZONA,4.0,MARICOPA,13,742596000,0.6,0.64
2022,ARIZONA,4.0,PIMA,19,87130000,1.41,1.44
2022,ARIZONA,4.0,PINAL,21,365172000,0.76,0.82
2022,ARIZONA,4.0,SANTA CRUZ,23,6486000,1.0,0.97
2022,ARKANSAS,5.0,CONWAY,29,18511000,0.76,0.76
2022,ARKANSAS,5.0,FAULKNER,45,14967000,0.63,0.57
2022,ARKANSAS,5.0,GARLAND,51,4769000,0.95,1.01
2022,ARKANSAS,5.0,GRANT,53,871000,0.82,0.83
2022,ARKANSAS,5.0,HOT SPRING,59,1335000,1.46,1.47
2022,ARKANSAS,5.0,PERRY,105,13506000,0.6,0.65
2022,ARKANSAS,5.0,PULASKI,119,17210000,0.87,0.92
2022,ARKANSAS,5.0,SALINE,125,2569000,1.19,1.2
2022,ARKANSAS,5.0,ARKANSAS,1,328084000,0.75,0.79
2022,ARKANSAS,5.0,CRITTENDEN,35,260727000,0.77,0.83
2022,ARKANSAS,5.0,CROSS,37,221417000,0.7,0.76
2022,ARKANSAS,5.0,LEE,77,240354000,1.37,1.35
2022,ARKANSAS,5.0,LONOKE,85,264720000,0.7,0.68
2022,ARKANSAS,5.0,PHILLIPS,107,305505000,1.52,1.55
2022,ARKANSAS,5.0,PRAIRIE,117,161013000,1.39,1.42
2022,ARKANSAS,5.0,SAINT FRANCIS,123,203112000,0.69,0.75
2022,ARKANSAS,5.0,BAXTER,5,1317000,0.56,0.55
2022,ARKANSAS,5.0,CLEBURNE,23,1884000,1.0,0.97
2022,ARKANSAS,5.0,FULTON,49,1414000,1.53,1.56
2022,ARKANSAS,5.0,IZARD,65,1485000,0.83,0.86
2022,ARKANSAS,5.0,MARION,89,905000,1.46,1.49
2022,ARKANSAS,5.0,SEARCY,129,1313000,1.0,0.96
2022,ARKANSAS,5.0,SHARP,135,3549000,0.36,0.32
2022,ARKANSAS,5.0,STONE,137,2364000,0.27,0.27
2022,ARKANSAS,5.0,VAN BUREN,141,1397000,0.02,0.02
2022,ARKANSAS,5.0,CLAY,21,206156000,0.76,0.82
2022,ARKANSAS,5.0,CRAIGHEAD,31,239606000,0.48,0.43
2022,ARKANSAS,5.0,GREENE,55,155230000,1.2,1.19
2022,ARKANSAS,5.0,INDEPENDENCE,63,37113000,1.35,1.37
2022,ARKANSAS,5.0,JACKSON,67,190922000,0.75,0.72
2022,ARKANSAS,5.0,LAWRENCE,75,148322000,1.18,1.22
2022,ARKANSAS,5.0,MISSISSIPPI,93,460044000,1.56,1.56
2022,ARKANSAS,5.0,POINSETT,111,262455000,0.6,0.62
2022,ARKANSAS,5.0,RANDOLPH,121,64406000,0.84,0.84
2022,ARKANSAS,5.0,WHITE,145,62649000,-0.1,-0.05
2022,ARKANSAS,5.0,BENTON,7,8257000,0.94,0.98
2022,ARKANSAS,5.0,BOONE,9,3153000,1.4,1.35
2022,ARKANSAS,5.0,CARROLL,15,4358000,0.74,0.74
2022,ARKANSAS,5.0,MADISON,87,8232000,1.08,1.09
2022,ARKANSAS,5.0,NEWTON,101,956000,0.85,0.88
2022,ARKANSAS,5.0,WASHINGTON,143,11555000,-0.08,-0.08
2022,ARKANSAS,5.0,BRADLEY,11,7938000,0.77,0.76
2022,ARKANSAS,5.0,CALHOUN,13,480000,0.6,0.64
2022,ARKANSAS,5.0,CLARK,19,6019000,1.41,1.44
2022,ARKANSAS,5.0,CLEVELAND,25,885000,0.61,0.64
2022,ARKANSAS,5.0,COLUMBIA,27,2622000,0.68,0.67
2022,ARKANSAS,5.0,DALLAS,39,148000,0.59,0.59
2022,ARKANSAS,5.0,NEVADA,99,4535000,0.69,0.76
2022,ARKANSAS,5.0,OUACHITA,103,839000,1.42,1.43
2022,ARKANSAS,5.0,UNION,139,827000,0.04,0.05
2022,ARKANSAS,5.0,ASHLEY,3,96357000,0.63,0.62
2022,ARKANSAS,5.0,DESHA,41,204748000,0.6,0.61
2022,ARKANSAS,5.0,DREW,43,43245000,1.26,1.23
2022,ARKANSAS,5.0,JEFFERSON,69,216461000,1.14,1.07
2022,ARKANSAS,5.0,LINCOLN,79,151845000,1.48,1.45
2022,ARKANSAS,5.0,HEMPSTEAD,57,7984000,1.21,1.22
2022,ARKANSAS,5.0,HOWARD,61,2212000,0.74,0.68
2022,ARKANSAS,5.0,LAFAYETTE,73,30255000,1.34,1.34
2022,ARKANSAS,5.0,LITTLE RIVER,81,20180000,1.08,1.13
2022,ARKANSAS,5.0,MILLER,91,54771000,0.62,0.64
2022,ARKANSAS,5.0,MONTGOMERY,97,1272000,0.88,0.85
2022,ARKANSAS,5.0,PIKE,109,1110000,0.62,0.59
2022,ARKANSAS,5.0,SEVIER,133,1859000,1.5,1.47
2022,ARKANSAS,5.0,CRAWFORD,33,19928000,1.36,1.36
2022,ARKANSAS,5.0,FRANKLIN,47,5699000,0.39,0.41
2022,ARKANSAS,5.0,JOHNSON,71,5824000,1.3,1.33
2022,ARKANSAS,5.0,LOGAN,83,12600000,1.51,1.54
2022,ARKANSAS,5.0,POLK,113,1730000,1.04,1.07
2022,ARKANSAS,5.0,POPE,115,17086000,1.37,1.33
2022,ARKANSAS,5.0,SCOTT,127,2115000,1.28,1.26
2022,ARKANSAS,5.0,SEBASTIAN,131,6711000,0.51,0.54
2022,ARKANSAS,5.0,YELL,149,17661000,-0.43,-0.44
2022,CALIFORNIA,6.0,ALAMEDA,1,119191000,0.75,0.79
2022,CALIFORNIA,6.0,CONTRA COSTA,13,76859000,0.6,0.64
2022,CALIFORNIA,6.0,LAKE,33,67322000,1.36,1.36
2022,CALIFORNIA,6.0,MARIN,41,8937000,0.6,0.61
2022,CALIFORNIA,6.0,MONTEREY,53,5421074000,0.82,0.83
2022,CALIFORNIA,6.0,NAPA,55,705888000,1.2,1.19
2022,CALIFORNIA,6.0,SAN BENITO,69,312282000,1.14,1.07
2022,CALIFORNIA,6.0,SAN LUIS OBISPO,79,1150226000,1.48,1.45
2022,CALIFORNIA,6.0,SAN MATEO,81,85184000,1.08,1.13
2022,CALIFORNIA,6.0,SANTA CLARA,85,305321000,0.7,0.68
2022,CALIFORNIA,6.0,SANTA CRUZ,87,683895000,1.08,1.09
2022,CALIFORNIA,6.0,SONOMA,97,667796000,0.88,0.85
2022,CALIFORNIA,6.0,LASSEN,35,65151000,0.77,0.83
2022,CALIFORNIA,6.0,MODOC,49,122831000,1.53,1.56
2022,CALIFORNIA,6.0,PLUMAS,63,11113000,1.35,1.37
2022,CALIFORNIA,6.0,DEL NORTE,15,10911000,0.74,0.74
2022,CALIFORNIA,6.0,HUMBOLDT,23,90603000,1.0,0.97
2022,CALIFORNIA,6.0,MENDOCINO,45,134525000,0.63,0.57
2022,CALIFORNIA,6.0,BUTTE,7,490451000,0.94,0.98
2022,CALIFORNIA,6.0,COLUSA,11,535080000,0.77,0.76
2022,CALIFORNIA,6.0,GLENN,21,427890000,0.76,0.82
2022,CALIFORNIA,6.0,SACRAMENTO,67,436983000,0.75,0.72
2022,CALIFORNIA,6.0,SOLANO,95,394167000,1.32,1.31
2022,CALIFORNIA,6.0,SUTTER,101,432934000,0.85,0.88
2022,CALIFORNIA,6.0,TEHAMA,103,143704000,1.42,1.43
2022,CALIFORNIA,6.0,YOLO,113,619006000,1.04,1.07
2022,CALIFORNIA,6.0,YUBA,115,222718000,1.37,1.33
2022,CALIFORNIA,6.0,FRESNO,19,5099734000,1.41,1.44
2022,CALIFORNIA,6.0,KERN,29,3932779000,0.76,0.76
2022,CALIFORNIA,6.0,KINGS,31,1071407000,0.48,0.43
2022,CALIFORNIA,6.0,MADERA,39,1219319000,0.59,0.59
2022,CALIFORNIA,6.0,MERCED,47,1637985000,0.39,0.41
2022,CALIFORNIA,6.0,SAN JOAQUIN,77,2119795000,1.37,1.35
2022,CALIFORNIA,6.0,STANISLAUS,99,1439992000,0.69,0.76
2022,CALIFORNIA,6.0,TULARE,107,2881689000,1.52,1.55
2022,CALIFORNIA,6.0,AMADOR,5,15756000,0.56,0.55
2022,CALIFORNIA,6.0,CALAVERAS,9,7422000,1.4,1.35
2022,CALIFORNIA,6.0,EL DORADO,17,23391000,0.82,0.87
2022,CALIFORNIA,6.0,INYO,27,14529000,0.68,0.67
2022,CALIFORNIA,6.0,MARIPOSA,43,4136000,1.26,1.23
2022,CALIFORNIA,6.0,MONO,51,31651000,0.95,1.01
2022,CALIFORNIA,6.0,NEVADA,57,9405000,1.21,1.22
2022,CALIFORNIA,6.0,PLACER,61,29677000,0.74,0.68
2022,CALIFORNIA,6.0,SIERRA,91,840000,0.62,0.64
2022,CALIFORNIA,6.0,TUOLUMNE,109,1727000,0.62,0.59
2022,CALIFORNIA,6.0,SHASTA,89,34759000,1.46,1.49
2022,CALIFORNIA,6.0,SISKIYOU,93,258743000,1.56,1.56
2022,CALIFORNIA,6.0,IMPERIAL,25,2236942000,0.61,0.64
2022,CALIFORNIA,6.0,LOS ANGELES,37,177940000,0.7,0.76
2022,CALIFORNIA,6.0,ORANGE,59,69533000,1.46,1.47
2022,CALIFORNIA,6.0,RIVERSIDE,65,1113260000,0.83,0.86
2022,CALIFORNIA,6.0,SAN BERNARDINO,71,99258000,1.3,1.33
2022,CALIFORNIA,6.0,SAN DIEGO,73,1004974000,1.34,1.34
2022,CALIFORNIA,6.0,SANTA BARBARA,83,2570654000,1.51,1.54
2022,CALIFORNIA,6.0,VENTURA,111,2119347000,0.6,0.62
2022,COLORADO,8.0,ADAMS,1,69359000,0.75,0.79
2022,COLORADO,8.0,ARAPAHOE,5,5114000,0.56,0.55
2022,COLORADO,8.0,CHEYENNE,17,76099000,0.82,0.87
2022,COLORADO,8.0,DENVER,31,993000,0.48,0.43
2022,COLORADO,8.0,DOUGLAS,35,6995000,0.77,0.83
2022,COLORADO,8.0,EL PASO,41,11561000,0.6,0.61
2022,COLORADO,8.0,ELBERT,39,15642000,0.59,0.59
2022,COLORADO,8.0,KIOWA,61,57808000,0.74,0.68
2022,COLORADO,8.0,KIT CARSON,63,191157000,1.35,1.37
2022,COLORADO,8.0,LINCOLN,73,47801000,1.34,1.34
2022,COLORADO,8.0,PHILLIPS,95,148205000,1.32,1.31
2022,COLORADO,8.0,WASHINGTON,121,114287000,0.84,0.84
2022,COLORADO,8.0,YUMA,125,287474000,1.19,1.2
2022,COLORADO,8.0,BOULDER,13,21408000,0.6,0.64
2022,COLORADO,8.0,JEFFERSON,59,23125000,1.46,1.47
2022,COLORADO,8.0,LARIMER,69,93528000,1.14,1.07
2022,COLORADO,8.0,LOGAN,75,120275000,1.18,1.22
2022,COLORADO,8.0,MORGAN,87,95870000,1.08,1.09
2022,COLORADO,8.0,SEDGWICK,115,64271000,1.37,1.33
2022,COLORADO,8.0,WELD,123,439837000,0.69,0.75
2022,COLORADO,8.0,CHAFFEE,15,2919000,0.74,0.74
2022,COLORADO,8.0,CLEAR CREEK,19,21000,1.41,1.44
2022,COLORADO,8.0,EAGLE,37,4218000,0.7,0.76
2022,COLORADO,8.0,GILPIN,47,6000,0.39,0.41
2022,COLORADO,8.0,GRAND,49,1381000,1.53,1.56
2022,COLORADO,8.0,GUNNISON,51,4408000,0.95,1.01
2022,COLORADO,8.0,JACKSON,57,8254000,1.21,1.22
2022,COLORADO,8.0,LAKE,65,164000,0.83,0.86
2022,COLORADO,8.0,MOFFAT,81,4301000,1.08,1.13
2022,COLORADO,8.0,PARK,93,1800000,1.56,1.56
2022,COLORADO,8.0,RIO BLANCO,103,4889000,1.42,1.43
2022,COLORADO,8.0,ROUTT,107,10249000,1.52,1.55
2022,COLORADO,8.0,SUMMIT,117,490000,1.39,1.42
2022,COLORADO,8.0,TELLER,119,86000,0.87,0.92
2022,COLORADO,8.0,ALAMOSA,3,104260000,0.63,0.62
2022,COLORADO,8.0,CONEJOS,21,29700000,0.76,0.82
2022,COLORADO,8.0,COSTILLA,23,26363000,1.0,0.97
2022,COLORADO,8.0,MINERAL,79,302000,1.48,1.45
2022,COLORADO,8.0,RIO GRANDE,105,141102000,0.6,0.65
2022,COLORADO,8.0,SAGUACHE,109,140333000,0.62,0.59
2022,COLORADO,8.0,BACA,9,75907000,1.4,1.35
2022,COLORADO,8.0,BENT,11,18262000,0.77,0.76
2022,COLORADO,8.0,CUSTER,27,3450000,0.68,0.67
2022,COLORADO,8.0,FREMONT,43,4347000,1.26,1.23
2022,COLORADO,8.0,LAS ANIMAS,71,3962000,1.3,1.33
2022,COLORADO,8.0,OTERO,89,44995000,1.46,1.49
2022,COLORADO,8.0,PROWERS,99,81766000,0.69,0.76
2022,COLORADO,8.0,PUEBLO,101,26590000,0.85,0.88
2022,COLORADO,8.0,ARCHULETA,7,3413000,0.94,0.98
2022,COLORADO,8.0,DELTA,29,37099000,0.76,0.76
2022,COLORADO,8.0,DOLORES,33,4919000,1.36,1.36
2022,COLORADO,8.0,GARFIELD,45,6963000,0.63,0.57
2022,COLORADO,8.0,HINSDALE,53,21000,0.82,0.83
2022,COLORADO,8.0,LA PLATA,67,16440000,0.75,0.72
2022,COLORADO,8.0,MESA,77,53900000,1.37,1.35
2022,COLORADO,8.0,MONTEZUMA,83,27072000,1.51,1.54
2022,COLORADO,8.0,MONTROSE,85,29443000,0.7,0.68
2022,COLORADO,8.0,OURAY,91,577000,0.62,0.64
2022,COLORADO,8.0,SAN MIGUEL,113,733000,1.04,1.07
2022,CONNECTICUT,9.0,FAIRFIELD,1,21258000,0.75,0.79
2022,CONNECTICUT,9.0,HARTFORD,3,91161000,0.63,0.62
2022,CONNECTICUT,9.0,LITCHFIELD,5,29836000,0.56,0.55
2022,CONNECTICUT,9.0,MIDDLESEX,7,52808000,0.94,0.98
2022,CONNECTICUT,9.0,NEW HAVEN,9,126265000,1.4,1.35
2022,CONNECTICUT,9.0,NEW LONDON,11,110318000,0.77,0.76
2022,CONNECTICUT,9.0,TOLLAND,13,50002000,0.6,0.64
2022,CONNECTICUT,9.0,WINDHAM,15,27633000,0.74,0.74
2022,DELAWARE,10.0,KENT,1,173669000,0.75,0.79
2022,DELAWARE,10.0,NEW CASTLE,3,53790000,0.63,0.62
2022,DELAWARE,10.0,SUSSEX,5,243241000,0.56,0.55
2022,FLORIDA,12.0,ALACHUA,1,122338000,0.75,0.79
2022,FLORIDA,12.0,BRADFORD,7,9334000,0.94,0.98
2022,FLORIDA,12.0,CITRUS,17,14934000,0.82,0.87
2022,FLORIDA,12.0,CLAY,19,2158000,1.41,1.44
2022,FLORIDA,12.0,FLAGLER,35,56578000,0.77,0.83
2022,FLORIDA,12.0,GILCHRIST,41,67989000,0.6,0.61
2022,FLORIDA,12.0,HERNANDO,53,29047000,0.82,0.83
2022,FLORIDA,12.0,HILLSBOROUGH,57,661031000,1.21,1.22
2022,FLORIDA,12.0,LAKE,69,252681000,1.14,1.07
2022,FLORIDA,12.0,LEVY,75,68644000,1.18,1.22
2022,FLORIDA,12.0,MARION,83,61320000,1.51,1.54
2022,FLORIDA,12.0,ORANGE,95,377377000,1.32,1.31
2022,FLORIDA,12.0,OSCEOLA,97,38635000,0.88,0.85
2022,FLORIDA,12.0,PASCO,101,69313000,0.85,0.88
2022,FLORIDA,12.0,PINELLAS,103,6831000,1.42,1.43
2022,FLORIDA,12.0,POLK,105,238431000,0.6,0.65
2022,FLORIDA,12.0,PUTNAM,107,62235000,1.52,1.55
2022,FLORIDA,12.0,SEMINOLE,117,10377000,1.39,1.42
2022,FLORIDA,12.0,ST. JOHNS,109,55911000,0.62,0.59
2022,FLORIDA,12.0,SUMTER,119,48531000,0.87,0.92
2022,FLORIDA,12.0,UNION,125,5316000,1.19,1.2
2022,FLORIDA,12.0,VOLUSIA,127,243898000,1.28,1.26
2022,FLORIDA,12.0,BAKER,3,18595000,0.63,0.62
2022,FLORIDA,12.0,COLUMBIA,23,35176000,1.0,0.97
2022,FLORIDA,12.0,DIXIE,29,9398000,0.76,0.76
2022,FLORIDA,12.0,DUVAL,31,5520000,0.48,0.43
2022,FLORIDA,12.0,HAMILTON,47,26140000,0.39,0.41
2022,FLORIDA,12.0,LAFAYETTE,67,53545000,0.75,0.72
2022,FLORIDA,12.0,MADISON,79,89535000,1.48,1.45
2022,FLORIDA,12.0,NASSAU,89,3092000,1.46,1.49
2022,FLORIDA,12.0,SUWANNEE,121,79359000,0.84,0.84
2022,FLORIDA,12.0,TAYLOR,123,1766000,0.69,0.75
2022,FLORIDA,12.0,BAY,5,2954000,0.56,0.55
2022,FLORIDA,12.0,CALHOUN,13,23242000,0.6,0.64
2022,FLORIDA,12.0,ESCAMBIA,33,38872000,1.36,1.36
2022,FLORIDA,12.0,FRANKLIN,37,45000,0.7,0.76
2022,FLORIDA,12.0,GADSDEN,39,40508000,0.59,0.59
2022,FLORIDA,12.0,GULF,45,493000,0.63,0.57
2022,FLORIDA,12.0,HOLMES,59,17327000,1.46,1.47
2022,FLORIDA,12.0,JACKSON,63,81211000,1.35,1.37
2022,FLORIDA,12.0,JEFFERSON,65,79633000,0.83,0.86
2022,FLORIDA,12.0,LEON,73,11905000,1.34,1.34
2022,FLORIDA,12.0,LIBERTY,77,177000,1.37,1.35
2022,FLORIDA,12.0,OKALOOSA,91,4791000,0.62,0.64
2022,FLORIDA,12.0,SANTA ROSA,113,60195000,1.04,1.07
2022,FLORIDA,12.0,WAKULLA,129,7609000,1.0,0.96
2022,FLORIDA,12.0,WALTON,131,11981000,0.51,0.54
2022,FLORIDA,12.0,WASHINGTON,133,4800000,1.5,1.47
2022,FLORIDA,12.0,BREVARD,9,68213000,1.4,1.35
2022,FLORIDA,12.0,BROWARD,11,58910000,0.77,0.76
2022,FLORIDA,12.0,CHARLOTTE,15,59168000,0.74,0.74
2022,FLORIDA,12.0,COLLIER,21,381075000,0.76,0.82
2022,FLORIDA,12.0,DE SOTO,27,180429000,0.68,0.67
2022,FLORIDA,12.0,GLADES,43,84564000,1.26,1.23
2022,FLORIDA,12.0,HARDEE,49,166074000,1.53,1.56
2022,FLORIDA,12.0,HENDRY,51,602629000,0.95,1.01
2022,FLORIDA,12.0,HIGHLANDS,55,185063000,1.2,1.19
2022,FLORIDA,12.0,INDIAN RIVER,61,91083000,0.74,0.68
2022,FLORIDA,12.0,LEE,71,115680000,1.3,1.33
2022,FLORIDA,12.0,MANATEE,81,278621000,1.08,1.13
2022,FLORIDA,12.0,MARTIN,85,109866000,0.7,0.68
2022,FLORIDA,12.0,MIAMI-DADE,86,1106142000,-0.41,-0.51
2022,FLORIDA,12.0,MONROE,87,144000,1.08,1.09
2022,FLORIDA,12.0,OKEECHOBEE,93,47163000,1.56,1.56
2022,FLORIDA,12.0,PALM BEACH,99,1214278000,0.69,0.76
2022,FLORIDA,12.0,SARASOTA,115,40506000,1.37,1.33
2022,FLORIDA,12.0,ST. LUCIE,111,98925000,0.6,0.62
2022,GEORGIA,13.0,BALDWIN,9,1153000,1.4,1.35
2022,GEORGIA,13.0,BIBB,21,277000,0.76,0.82
2022,GEORGIA,13.0,BLECKLEY,23,13449000,1.0,0.97
2022,GEORGIA,13.0,BUTTS,35,2718000,0.77,0.83
2022,GEORGIA,13.0,CRAWFORD,79,8164000,1.48,1.45
2022,GEORGIA,13.0,DODGE,91,16926000,0.62,0.64
2022,GEORGIA,13.0,GREENE,133,8565000,1.5,1.47
2022,GEORGIA,13.0,HANCOCK,141,1417000,0.02,0.02
2022,GEORGIA,13.0,HOUSTON,153,17140000,0.69,0.62
2022,GEORGIA,13.0,JASPER,159,2049000,0.45,0.35
2022,GEORGIA,13.0,JOHNSON,167,15949000,1.03,0.9
2022,GEORGIA,13.0,JONES,169,995000,0.52,0.45
2022,GEORGIA,13.0,LAURENS,175,26208000,1.4,1.3
2022,GEORGIA,13.0,MONTGOMERY,209,22405000,1.77,1.72
2022,GEORGIA,13.0,MORGAN,211,7179000,0.39,0.27
2022,GEORGIA,13.0,NEWTON,217,2266000,0.43,0.34
2022,GEORGIA,13.0,PEACH,225,75551000,0.54,0.46
2022,GEORGIA,13.0,PULASKI,235,28261000,0.96,0.9
2022,GEORGIA,13.0,PUTNAM,237,2914000,0.62,0.48
2022,GEORGIA,13.0,ROCKDALE,247,326000,0.42,0.37
2022,GEORGIA,13.0,TALIAFERRO,265,110000,0.25,0.14
2022,GEORGIA,13.0,TREUTLEN,283,13390000,1.71,1.62
2022,GEORGIA,13.0,TWIGGS,289,15782000,0.74,0.67
2022,GEORGIA,13.0,WASHINGTON,303,17542000,0.69,0.58
2022,GEORGIA,13.0,WHEELER,309,19567000,1.61,1.55
2022,GEORGIA,13.0,WILKINSON,319,899000,0.71,0.63
2022,GEORGIA,13.0,BULLOCH,31,97062000,0.48,0.43
2022,GEORGIA,13.0,BURKE,33,81307000,1.36,1.36
2022,GEORGIA,13.0,CANDLER,43,26927000,1.26,1.23
2022,GEORGIA,13.0,COLUMBIA,73,5182000,1.34,1.34
2022,GEORGIA,13.0,EFFINGHAM,103,16395000,1.42,1.43
2022,GEORGIA,13.0,EMANUEL,107,27036000,1.52,1.55
2022,GEORGIA,13.0,GLASCOCK,125,2465000,1.19,1.2
2022,GEORGIA,13.0,JEFFERSON,163,65736000,0.58,0.47
2022,GEORGIA,13.0,JENKINS,165,20877000,0.44,0.37
2022,GEORGIA,13.0,RICHMOND,245,3233000,0.25,0.2
2022,GEORGIA,13.0,SCREVEN,251,71760000,0.65,0.58
2022,GEORGIA,13.0,WARREN,301,3016000,0.5,0.39
2022,GEORGIA,13.0,BARROW,13,927000,0.6,0.64
2022,GEORGIA,13.0,CHEROKEE,57,5244000,1.21,1.22
2022,GEORGIA,13.0,DAWSON,85,596000,0.7,0.68
2022,GEORGIA,13.0,DE KALB,89,479000,1.46,1.49
2022,GEORGIA,13.0,FANNIN,111,3909000,0.6,0.62
2022,GEORGIA,13.0,FORSYTH,117,7469000,1.39,1.42
2022,GEORGIA,13.0,FULTON,121,1072000,0.84,0.84
2022,GEORGIA,13.0,GILMER,123,6714000,0.69,0.75
2022,GEORGIA,13.0,GWINNETT,135,9597000,0.36,0.32
2022,GEORGIA,13.0,HALL,139,6631000,0.04,0.05
2022,GEORGIA,13.0,JACKSON,157,6374000,0.53,0.52
2022,GEORGIA,13.0,LUMPKIN,187,2888000,0.43,0.45
2022,GEORGIA,13.0,OCONEE,219,25116000,0.04,-0.02
2022,GEORGIA,13.0,PICKENS,227,1676000,0.74,0.77
2022,GEORGIA,13.0,TOWNS,281,307000,0.48,0.47
2022,GEORGIA,13.0,UNION,291,6753000,0.81,0.81
2022,GEORGIA,13.0,WALTON,297,9395000,0.41,0.34
2022,GEORGIA,13.0,WHITE,311,3119000,0.42,0.45
2022,GEORGIA,13.0,BANKS,11,2813000,0.77,0.76
2022,GEORGIA,13.0,ELBERT,105,5651000,0.6,0.65
2022,GEORGIA,13.0,FRANKLIN,119,4704000,0.87,0.92
2022,GEORGIA,13.0,HABERSHAM,137,2831000,0.27,0.27
2022,GEORGIA,13.0,HART,147,25958000,-0.2,-0.2
2022,GEORGIA,13.0,LINCOLN,181,829000,0.09,-0.01
2022,GEORGIA,13.0,MADISON,195,5758000,0.24,0.21
2022,GEORGIA,13.0,OGLETHORPE,221,18754000,0.0,-0.07
2022,GEORGIA,13.0,RABUN,241,9431000,-0.12,-0.12
2022,GEORGIA,13.0,STEPHENS,257,876000,0.37,0.38
2022,GEORGIA,13.0,WILKES,317,8971000,0.14,0.06
2022,GEORGIA,13.0,BARTOW,15,26863000,0.74,0.74
2022,GEORGIA,13.0,CATOOSA,47,912000,0.39,0.41
2022,GEORGIA,13.0,CHATTOOGA,55,4734000,1.2,1.19
2022,GEORGIA,13.0,DADE,83,1013000,1.51,1.54
2022,GEORGIA,13.0,FLOYD,115,7901000,1.37,1.33
2022,GEORGIA,13.0,GORDON,129,18611000,1.0,0.96
2022,GEORGIA,13.0,MURRAY,213,12409000,1.37,1.39
2022,GEORGIA,13.0,PAULDING,223,1254000,0.67,0.69
2022,GEORGIA,13.0,POLK,233,16636000,0.89,0.93
2022,GEORGIA,13.0,WALKER,295,9521000,1.03,1.07
2022,GEORGIA,13.0,WHITFIELD,313,1911000,1.07,1.12
2022,GEORGIA,13.0,ATKINSON,3,46282000,0.63,0.62
2022,GEORGIA,13.0,BEN HILL,17,15132000,0.82,0.87
2022,GEORGIA,13.0,BERRIEN,19,68709000,1.41,1.44
2022,GEORGIA,13.0,BROOKS,27,116667000,0.68,0.67
2022,GEORGIA,13.0,CLINCH,65,66546000,0.83,0.86
2022,GEORGIA,13.0,COFFEE,69,101887000,1.14,1.07
2022,GEORGIA,13.0,COLQUITT,71,190651000,1.3,1.33
2022,GEORGIA,13.0,COOK,75,64080000,1.18,1.22
2022,GEORGIA,13.0,CRISP,81,76688000,1.08,1.13
2022,GEORGIA,13.0,DOOLY,93,144648000,1.56,1.56
2022,GEORGIA,13.0,ECHOLS,101,14377000,0.85,0.88
2022,GEORGIA,13.0,IRWIN,155,58462000,1.03,0.99
2022,GEORGIA,13.0,JEFF DAVIS,161,27324000,1.11,1.06
2022,GEORGIA,13.0,LANIER,173,26601000,1.1,1.05
2022,GEORGIA,13.0,LOWNDES,185,37161000,0.94,0.89
2022,GEORGIA,13.0,TELFAIR,271,17915000,1.14,1.09
2022,GEORGIA,13.0,TIFT,277,70450000,1.26,1.23
2022,GEORGIA,13.0,TURNER,287,53338000,0.54,0.48
2022,GEORGIA,13.0,WILCOX,315,49544000,0.61,0.55
2022,GEORGIA,13.0,WORTH,321,140072000,0.68,0.61
2022,GEORGIA,13.0,APPLING,1,61457000,0.75,0.79
2022,GEORGIA,13.0,BACON,5,62048000,0.56,0.55
2022,GEORGIA,13.0,BRYAN,29,1402000,0.76,0.76
2022,GEORGIA,13.0,CAMDEN,39,598000,0.59,0.59
2022,GEORGIA,13.0,CHARLTON,49,299000,1.53,1.56
2022,GEORGIA,13.0,CHATHAM,51,8924000,0.95,1.01
2022,GEORGIA,13.0,EVANS,109,20831000,0.62,0.59
2022,GEORGIA,13.0,GLYNN,127,167000,1.28,1.26
2022,GEORGIA,13.0,LIBERTY,179,151000,0.75,0.73
2022,GEORGIA,13.0,LONG,183,3119000,0.96,0.95
2022,GEORGIA,13.0,PIERCE,229,39167000,0.76,0.75
2022,GEORGIA,13.0,TATTNALL,267,141555000,1.27,1.22
2022,GEORGIA,13.0,TOOMBS,279,77017000,1.61,1.55
2022,GEORGIA,13.0,WARE,299,30298000,0.57,0.57
2022,GEORGIA,13.0,WAYNE,305,24671000,0.83,0.86
2022,GEORGIA,13.0,BAKER,7,43610000,0.94,0.98
2022,GEORGIA,13.0,CALHOUN,37,69522000,0.7,0.76
2022,GEORGIA,13.0,CLAY,61,16238000,0.74,0.68
2022,GEORGIA,13.0,DECATUR,87,188340000,1.08,1.09
2022,GEORGIA,13.0,DOUGHERTY,95,17326000,1.32,1.31
2022,GEORGIA,13.0,EARLY,99,58017000,0.69,0.76
2022,GEORGIA,13.0,GRADY,131,60386000,0.51,0.54
2022,GEORGIA,13.0,MILLER,201,86134000,0.71,0.68
2022,GEORGIA,13.0,MITCHELL,205,163404000,0.65,0.59
2022,GEORGIA,13.0,RANDOLPH,243,47130000,0.76,0.74
2022,GEORGIA,13.0,SEMINOLE,253,78835000,0.95,0.9
2022,GEORGIA,13.0,STEWART,259,14014000,1.0,1.0
2022,GEORGIA,13.0,SUMTER,261,88129000,0.75,0.69
2022,GEORGIA,13.0,TERRELL,273,93178000,0.74,0.69
2022,GEORGIA,13.0,THOMAS,275,74142000,1.02,0.97
2022,GEORGIA,13.0,CARROLL,45,27937000,0.63,0.57
2022,GEORGIA,13.0,CLAYTON,63,106000,1.35,1.37
2022,GEORGIA,13.0,COWETA,77,12353000,1.37,1.35
2022,GEORGIA,13.0,DOUGLAS,97,523000,0.88,0.85
2022,GEORGIA,13.0,FAYETTE,113,1404000,1.04,1.07
2022,GEORGIA,13.0,HARALSON,143,1868000,-0.08,-0.08
2022,GEORGIA,13.0,HARRIS,145,2697000,-0.1,-0.05
2022,GEORGIA,13.0,HEARD,149,3050000,-0.43,-0.44
2022,GEORGIA,13.0,HENRY,151,2635000,0.37,0.33
2022,GEORGIA,13.0,LAMAR,171,12150000,0.25,0.23
2022,GEORGIA,13.0,MACON,193,67556000,0.52,0.45
2022,GEORGIA,13.0,MARION,197,5900000,0.87,0.85
2022,GEORGIA,13.0,MERIWETHER,199,10021000,0.3,0.32
2022,GEORGIA,13.0,MUSCOGEE,215,162000,0.84,0.89
2022,GEORGIA,13.0,PIKE,231,4614000,0.17,0.15
2022,GEORGIA,13.0,SPALDING,255,1872000,0.21,0.2
2022,GEORGIA,13.0,TALBOT,263,376000,0.46,0.47
2022,GEORGIA,13.0,TAYLOR,269,30593000,0.52,0.46
2022,GEORGIA,13.0,TROUP,285,2356000,0.65,0.66
2022,GEORGIA,13.0,UPSON,293,2792000,0.3,0.26
2022,HAWAII,15.0,HAWAII,1,177913000,0.75,0.79
2022,HAWAII,15.0,KAUAI,7,79484000,0.94,0.98
2022,HAWAII,15.0,MAUI & KALAWAO,9,88427000,1.4,1.35
2022,HAWAII,15.0,HONOLULU,3,168670000,0.63,0.62
2022,IDAHO,16.0,BANNOCK,5,32650000,0.56,0.55
2022,IDAHO,16.0,BEAR LAKE,7,12106000,0.94,0.98
2022,IDAHO,16.0,BINGHAM,11,476088000,0.77,0.76
2022,IDAHO,16.0,BONNEVILLE,19,181323000,1.41,1.44
2022,IDAHO,16.0,CARIBOU,29,81384000,0.76,0.76
2022,IDAHO,16.0,CLARK,33,39187000,1.36,1.36
2022,IDAHO,16.0,CUSTER,37,10956000,0.7,0.76
2022,IDAHO,16.0,FRANKLIN,41,37557000,0.6,0.61
2022,IDAHO,16.0,FREMONT,43,228065000,1.26,1.23
2022,IDAHO,16.0,JEFFERSON,51,216106000,0.95,1.01
2022,IDAHO,16.0,LEMHI,59,8060000,1.46,1.47
2022,IDAHO,16.0,MADISON,65,206490000,0.83,0.86
2022,IDAHO,16.0,ONEIDA,71,37465000,1.3,1.33
2022,IDAHO,16.0,POWER,77,299477000,1.37,1.35
2022,IDAHO,16.0,TETON,81,57258000,1.08,1.13
2022,IDAHO,16.0,BENEWAH,9,24985000,1.4,1.35
2022,IDAHO,16.0,BONNER,17,10334000,0.82,0.87
2022,IDAHO,16.0,BOUNDARY,21,44816000,0.76,0.82
2022,IDAHO,16.0,CLEARWATER,35,3490000,0.77,0.83
2022,IDAHO,16.0,IDAHO,49,49927000,1.53,1.56
2022,IDAHO,16.0,KOOTENAI,55,19591000,1.2,1.19
2022,IDAHO,16.0,LATAH,57,97626000,1.21,1.22
2022,IDAHO,16.0,NEZ PERCE,69,89503000,1.14,1.07
2022,IDAHO,16.0,SHOSHONE,79,85000,1.48,1.45
2022,IDAHO,16.0,BLAINE,13,48959000,0.6,0.64
2022,IDAHO,16.0,CAMAS,25,27581000,0.61,0.64
2022,IDAHO,16.0,CASSIA,31,390187000,0.48,0.43
2022,IDAHO,16.0,GOODING,47,135890000,0.39,0.41
2022,IDAHO,16.0,JEROME,53,201101000,0.82,0.83
2022,IDAHO,16.0,LINCOLN,63,35359000,1.35,1.37
2022,IDAHO,16.0,MINIDOKA,67,412353000,0.75,0.72
2022,IDAHO,16.0,TWIN FALLS,83,279269000,1.51,1.54
2022,IDAHO,16.0,ADA,1,39332000,0.75,0.79
2022,IDAHO,16.0,ADAMS,3,2764000,0.63,0.62
2022,IDAHO,16.0,BOISE,15,4876000,0.74,0.74
2022,IDAHO,16.0,CANYON,27,453907000,0.68,0.67
2022,IDAHO,16.0,ELMORE,39,94044000,0.59,0.59
2022,IDAHO,16.0,GEM,45,22149000,0.63,0.57
2022,IDAHO,16.0,OWYHEE,73,98692000,1.34,1.34
2022,IDAHO,16.0,PAYETTE,75,81867000,1.18,1.22
2022,IDAHO,16.0,VALLEY,85,1685000,0.7,0.68
2022,IDAHO,16.0,WASHINGTON,87,39570000,1.08,1.09
2022,ILLINOIS,17.0,DE WITT,39,181473000,0.59,0.59
2022,ILLINOIS,17.0,LOGAN,107,405673000,1.52,1.55
2022,ILLINOIS,17.0,MACON,115,286487000,1.37,1.33
2022,ILLINOIS,17.0,MARSHALL,123,194312000,0.69,0.75
2022,ILLINOIS,17.0,MASON,125,298972000,1.19,1.2
2022,ILLINOIS,17.0,MCLEAN,113,607743000,1.04,1.07
2022,ILLINOIS,17.0,MENARD,129,133921000,1.0,0.96
2022,ILLINOIS,17.0,PEORIA,143,236055000,-0.08,-0.08
2022,ILLINOIS,17.0,STARK,175,168975000,1.4,1.3
2022,ILLINOIS,17.0,TAZEWELL,179,346372000,0.75,0.73
2022,ILLINOIS,17.0,WOODFORD,203,258235000,0.36,0.36
2022,ILLINOIS,17.0,CHAMPAIGN,19,569095000,1.41,1.44
2022,ILLINOIS,17.0,FORD,53,256541000,0.82,0.83
2022,ILLINOIS,17.0,IROQUOIS,75,641908000,1.18,1.22
2022,ILLINOIS,17.0,KANKAKEE,91,324658000,0.62,0.64
2022,ILLINOIS,17.0,LIVINGSTON,105,604277000,0.6,0.65
2022,ILLINOIS,17.0,PIATT,147,255139000,-0.2,-0.2
2022,ILLINOIS,17.0,VERMILION,183,435961000,0.96,0.95
2022,ILLINOIS,17.0,CLARK,23,198377000,1.0,0.97
2022,ILLINOIS,17.0,CLAY,25,156909000,0.61,0.64
2022,ILLINOIS,17.0,COLES,29,184390000,0.76,0.76
2022,ILLINOIS,17.0,CRAWFORD,33,174035000,1.36,1.36
2022,ILLINOIS,17.0,CUMBERLAND,35,119450000,0.77,0.83
2022,ILLINOIS,17.0,DOUGLAS,41,216177000,0.6,0.61
2022,ILLINOIS,17.0,EFFINGHAM,49,203160000,1.53,1.56
2022,ILLINOIS,17.0,FAYETTE,51,218883000,0.95,1.01
2022,ILLINOIS,17.0,JASPER,79,180310000,1.48,1.45
2022,ILLINOIS,17.0,LAWRENCE,101,182955000,0.85,0.88
2022,ILLINOIS,17.0,MARION,121,160579000,0.84,0.84
2022,ILLINOIS,17.0,MOULTRIE,139,181117000,0.04,0.05
2022,ILLINOIS,17.0,RICHLAND,159,150614000,0.45,0.35
2022,ILLINOIS,17.0,SHELBY,173,292486000,1.1,1.05
2022,ILLINOIS,17.0,BOONE,7,124801000,0.94,0.98
2022,ILLINOIS,17.0,COOK,31,19388000,0.48,0.43
2022,ILLINOIS,17.0,DE KALB,37,377578000,0.7,0.76
2022,ILLINOIS,17.0,DU PAGE,43,7178000,1.26,1.23
2022,ILLINOIS,17.0,GRUNDY,63,185699000,1.35,1.37
2022,ILLINOIS,17.0,KANE,89,225813000,1.46,1.49
2022,ILLINOIS,17.0,KENDALL,93,153698000,1.56,1.56
2022,ILLINOIS,17.0,LA SALLE,99,581926000,0.69,0.76
2022,ILLINOIS,17.0,LAKE,97,40971000,0.88,0.85
2022,ILLINOIS,17.0,MCHENRY,111,213422000,0.6,0.62
2022,ILLINOIS,17.0,WILL,197,226933000,0.87,0.85
2022,ILLINOIS,17.0,BUREAU,11,509821000,0.77,0.76
2022,ILLINOIS,17.0,CARROLL,15,261943000,0.74,0.74
2022,ILLINOIS,17.0,HENRY,73,439738000,1.34,1.34
2022,ILLINOIS,17.0,JO DAVIESS,85,178076000,0.7,0.68
2022,ILLINOIS,17.0,LEE,103,375022000,1.42,1.43
2022,ILLINOIS,17.0,MERCER,131,223292000,0.51,0.54
2022,ILLINOIS,17.0,OGLE,141,374799000,0.02,0.02
2022,ILLINOIS,17.0,PUTNAM,155,53029000,1.03,0.99
2022,ILLINOIS,17.0,ROCK ISLAND,161,119103000,1.11,1.06
2022,ILLINOIS,17.0,STEPHENSON,177,259752000,0.51,0.44
2022,ILLINOIS,17.0,WHITESIDE,195,346974000,0.24,0.21
2022,ILLINOIS,17.0,WINNEBAGO,201,134839000,0.71,0.68
2022,ILLINOIS,17.0,EDWARDS,47,81633000,0.39,0.41
2022,ILLINOIS,17.0,FRANKLIN,55,98601000,1.2,1.19
2022,ILLINOIS,17.0,GALLATIN,59,142222000,1.46,1.47
2022,ILLINOIS,17.0,HAMILTON,65,141754000,0.83,0.86
2022,ILLINOIS,17.0,JEFFERSON,81,116131000,1.08,1.13
2022,ILLINOIS,17.0,MASSAC,127,67287000,1.28,1.26
2022,ILLINOIS,17.0,POPE,151,15729000,0.37,0.33
2022,ILLINOIS,17.0,SALINE,165,87400000,0.44,0.37
2022,ILLINOIS,17.0,WABASH,185,82498000,0.94,0.89
2022,ILLINOIS,17.0,WAYNE,191,193439000,0.34,0.37
2022,ILLINOIS,17.0,WHITE,193,190255000,0.52,0.45
2022,ILLINOIS,17.0,ALEXANDER,3,27547000,0.63,0.62
2022,ILLINOIS,17.0,CLINTON,27,233923000,0.68,0.67
2022,ILLINOIS,17.0,JACKSON,77,168318000,1.37,1.35
2022,ILLINOIS,17.0,JOHNSON,87,21406000,1.08,1.09
2022,ILLINOIS,17.0,MONROE,133,116302000,1.5,1.47
2022,ILLINOIS,17.0,PERRY,145,104181000,-0.1,-0.05
2022,ILLINOIS,17.0,PULASKI,153,59264000,0.69,0.62
2022,ILLINOIS,17.0,RANDOLPH,157,149347000,0.53,0.52
2022,ILLINOIS,17.0,ST CLAIR,163,206503000,0.58,0.47
2022,ILLINOIS,17.0,UNION,181,51168000,0.09,-0.01
2022,ILLINOIS,17.0,WASHINGTON,189,278463000,0.34,0.24
2022,ILLINOIS,17.0,WILLIAMSON,199,43156000,0.3,0.32
2022,ILLINOIS,17.0,ADAMS,1,268222000,0.75,0.79
2022,ILLINOIS,17.0,BROWN,9,64168000,1.4,1.35
2022,ILLINOIS,17.0,FULTON,57,256289000,1.21,1.22
2022,ILLINOIS,17.0,HANCOCK,67,312978000,0.75,0.72
2022,ILLINOIS,17.0,HENDERSON,71,164640000,1.3,1.33
2022,ILLINOIS,17.0,KNOX,95,383997000,1.32,1.31
2022,ILLINOIS,17.0,MCDONOUGH,109,237393000,0.62,0.59
2022,ILLINOIS,17.0,SCHUYLER,169,106974000,0.52,0.45
2022,ILLINOIS,17.0,WARREN,187,265246000,0.43,0.45
2022,ILLINOIS,17.0,BOND,5,114450000,0.56,0.55
2022,ILLINOIS,17.0,CALHOUN,13,41690000,0.6,0.64
2022,ILLINOIS,17.0,CASS,17,133955000,0.82,0.87
2022,ILLINOIS,17.0,CHRISTIAN,21,365236000,0.76,0.82
2022,ILLINOIS,17.0,GREENE,61,212535000,0.74,0.68
2022,ILLINOIS,17.0,JERSEY,83,118133000,1.51,1.54
2022,ILLINOIS,17.0,MACOUPIN,117,368610000,1.39,1.42
2022,ILLINOIS,17.0,MADISON,119,207949000,0.87,0.92
2022,ILLINOIS,17.0,MONTGOMERY,135,320720000,0.36,0.32
2022,ILLINOIS,17.0,MORGAN,137,239131000,0.27,0.27
2022,ILLINOIS,17.0,PIKE,149,263976000,-0.43,-0.44
2022,ILLINOIS,17.0,SANGAMON,167,503959000,1.03,0.9
2022,ILLINOIS,17.0,SCOTT,171,84197000,0.25,0.23
2022,INDIANA,18.0,BARTHOLOMEW,5,110964000,0.56,0.55
2022,INDIANA,18.0,BOONE,11,211879000,0.77,0.76
2022,INDIANA,18.0,CLINTON,23,205049000,1.0,0.97
2022,INDIANA,18.0,DECATUR,31,153814000,0.48,0.43
2022,INDIANA,18.0,GRANT,53,147104000,0.82,0.83
2022,INDIANA,18.0,HAMILTON,57,138518000,1.21,1.22
2022,INDIANA,18.0,HANCOCK,59,158849000,1.46,1.47
2022,INDIANA,18.0,HENDRICKS,63,111523000,1.35,1.37
2022,INDIANA,18.0,HOWARD,67,126968000,0.75,0.72
2022,INDIANA,18.0,JOHNSON,81,119604000,1.08,1.13
2022,INDIANA,18.0,MADISON,95,199084000,1.32,1.31
2022,INDIANA,18.0,MARION,97,14244000,0.88,0.85
2022,INDIANA,18.0,MORGAN,109,108718000,0.62,0.59
2022,INDIANA,18.0,RUSH,139,175822000,0.04,0.05
2022,INDIANA,18.0,SHELBY,145,201254000,-0.1,-0.05
2022,INDIANA,18.0,TIPTON,159,153477000,0.45,0.35
2022,INDIANA,18.0,BLACKFORD,9,62875000,1.4,1.35
2022,INDIANA,18.0,DELAWARE,35,145015000,0.77,0.83
2022,INDIANA,18.0,FAYETTE,41,77572000,0.6,0.61
2022,INDIANA,18.0,HENRY,65,152576000,0.83,0.86
2022,INDIANA,18.0,JAY,75,161672000,1.18,1.22
2022,INDIANA,18.0,RANDOLPH,135,208505000,0.36,0.32
2022,INDIANA,18.0,UNION,161,58159000,1.11,1.06
2022,INDIANA,18.0,WAYNE,177,108671000,0.51,0.44
2022,INDIANA,18.0,CARROLL,15,189484000,0.74,0.74
2022,INDIANA,18.0,CASS,17,198376000,0.82,0.87
2022,INDIANA,18.0,ELKHART,39,146413000,0.59,0.59
2022,INDIANA,18.0,FULTON,49,145336000,1.53,1.56
2022,INDIANA,18.0,KOSCIUSKO,85,237248000,0.7,0.68
2022,INDIANA,18.0,MARSHALL,99,160235000,0.69,0.76
2022,INDIANA,18.0,MIAMI,103,174319000,1.42,1.43
2022,INDIANA,18.0,ST. JOSEPH,141,130136000,0.02,0.02
2022,INDIANA,18.0,WABASH,169,157082000,0.52,0.45
2022,INDIANA,18.0,ADAMS,1,173313000,0.75,0.79
2022,INDIANA,18.0,ALLEN,3,254903000,0.63,0.62
2022,INDIANA,18.0,DE KALB,33,125795000,1.36,1.36
2022,INDIANA,18.0,HUNTINGTON,69,192513000,1.14,1.07
2022,INDIANA,18.0,LAGRANGE,87,102601000,1.08,1.09
2022,INDIANA,18.0,NOBLE,113,118460000,1.04,1.07
2022,INDIANA,18.0,STEUBEN,151,66720000,0.37,0.33
2022,INDIANA,18.0,WELLS,179,186302000,0.75,0.73
2022,INDIANA,18.0,WHITLEY,183,129394000,0.96,0.95
2022,INDIANA,18.0,BENTON,7,224401000,0.94,0.98
2022,INDIANA,18.0,JASPER,73,273010000,1.34,1.34
2022,INDIANA,18.0,LA PORTE,91,272100000,0.62,0.64
2022,INDIANA,18.0,LAKE,89,97283000,1.46,1.49
2022,INDIANA,18.0,NEWTON,111,174716000,0.6,0.62
2022,INDIANA,18.0,PORTER,127,100362000,1.28,1.26
2022,INDIANA,18.0,PULASKI,131,225487000,0.51,0.54
2022,INDIANA,18.0,STARKE,149,71718000,-0.43,-0.44
2022,INDIANA,18.0,WHITE,181,301611000,0.09,-0.01
2022,INDIANA,18.0,BROWN,13,4493000,0.6,0.64
2022,INDIANA,18.0,CRAWFORD,25,17220000,0.61,0.64
2022,INDIANA,18.0,FLOYD,43,5613000,1.26,1.23
2022,INDIANA,18.0,HARRISON,61,64633000,0.74,0.68
2022,INDIANA,18.0,JACKSON,71,118072000,1.3,1.33
2022,INDIANA,18.0,LAWRENCE,93,32663000,1.56,1.56
2022,INDIANA,18.0,MONROE,105,12999000,0.6,0.65
2022,INDIANA,18.0,ORANGE,117,53129000,1.39,1.42
2022,INDIANA,18.0,PERRY,123,21697000,0.69,0.75
2022,INDIANA,18.0,WASHINGTON,175,110612000,1.4,1.3
2022,INDIANA,18.0,CLARK,19,50736000,1.41,1.44
2022,INDIANA,18.0,DEARBORN,29,9250000,0.76,0.76
2022,INDIANA,18.0,FRANKLIN,47,90891000,0.39,0.41
2022,INDIANA,18.0,JEFFERSON,77,36934000,1.37,1.35
2022,INDIANA,18.0,JENNINGS,79,66842000,1.48,1.45
2022,INDIANA,18.0,OHIO,115,4266000,1.37,1.33
2022,INDIANA,18.0,RIPLEY,137,116474000,0.27,0.27
2022,INDIANA,18.0,SCOTT,143,25118000,-0.08,-0.08
2022,INDIANA,18.0,SWITZERLAND,155,21283000,1.03,0.99
2022,INDIANA,18.0,DAVIESS,27,153610000,0.68,0.67
2022,INDIANA,18.0,DUBOIS,37,94744000,0.7,0.76
2022,INDIANA,18.0,GIBSON,51,222298000,0.95,1.01
2022,INDIANA,18.0,GREENE,55,110731000,1.2,1.19
2022,INDIANA,18.0,KNOX,83,341602000,1.51,1.54
2022,INDIANA,18.0,MARTIN,101,28747000,0.85,0.88
2022,INDIANA,18.0,PIKE,125,56655000,1.19,1.2
2022,INDIANA,18.0,POSEY,129,217933000,1.0,0.96
2022,INDIANA,18.0,SPENCER,147,111883000,-0.2,-0.2
2022,INDIANA,18.0,SULLIVAN,153,150703000,0.69,0.62
2022,INDIANA,18.0,VANDERBURGH,163,49034000,0.58,0.47
2022,INDIANA,18.0,WARRICK,173,99069000,1.1,1.05
2022,INDIANA,18.0,CLAY,21,141299000,0.76,0.82
2022,INDIANA,18.0,FOUNTAIN,45,168406000,0.63,0.57
2022,INDIANA,18.0,MONTGOMERY,107,220792000,1.52,1.55
2022,INDIANA,18.0,OWEN,119,29377000,0.87,0.92
2022,INDIANA,18.0,PARKE,121,116947000,0.84,0.84
2022,INDIANA,18.0,PUTNAM,133,127755000,1.5,1.47
2022,INDIANA,18.0,TIPPECANOE,157,206937000,0.53,0.52
2022,INDIANA,18.0,VERMILLION,165,82747000,0.44,0.37
2022,INDIANA,18.0,VIGO,167,81067000,1.03,0.9
2022,INDIANA,18.0,WARREN,171,173882000,0.25,0.23
2022,IOWA,19.0,BOONE,15,312238000,0.74,0.74
2022,IOWA,19.0,DALLAS,49,239758000,1.53,1.56
2022,IOWA,19.0,GRUNDY,75,348394000,1.18,1.22
2022,IOWA,19.0,HAMILTON,79,370837000,1.48,1.45
2022,IOWA,19.0,HARDIN,83,338318000,1.51,1.54
2022,IOWA,19.0,JASPER,99,363487000,0.69,0.76
2022,IOWA,19.0,MARSHALL,127,314107000,1.28,1.26
2022,IOWA,19.0,POLK,153,153028000,0.69,0.62
2022,IOWA,19.0,POWESHIEK,157,214705000,0.53,0.52
2022,IOWA,19.0,STORY,169,284887000,0.52,0.45
2022,IOWA,19.0,TAMA,171,300093000,0.25,0.23
2022,IOWA,19.0,WEBSTER,187,327080000,0.43,0.45
2022,IOWA,19.0,BENTON,11,340534000,0.77,0.76
2022,IOWA,19.0,CEDAR,31,365481000,0.48,0.43
2022,IOWA,19.0,CLINTON,45,311105000,0.63,0.57
2022,IOWA,19.0,IOWA,95,247348000,1.32,1.31
2022,IOWA,19.0,JACKSON,97,176285000,0.88,0.85
2022,IOWA,19.0,JOHNSON,103,200646000,1.42,1.43
2022,IOWA,19.0,JONES,105,259702000,0.6,0.65
2022,IOWA,19.0,LINN,113,312165000,1.04,1.07
2022,IOWA,19.0,MUSCATINE,139,167634000,0.04,0.05
2022,IOWA,19.0,SCOTT,163,206604000,0.58,0.47
2022,IOWA,19.0,BUTLER,23,290218000,1.0,0.97
2022,IOWA,19.0,CERRO GORDO,33,331604000,1.36,1.36
2022,IOWA,19.0,FLOYD,67,274945000,0.75,0.72
2022,IOWA,19.0,FRANKLIN,69,338844000,1.14,1.07
2022,IOWA,19.0,HANCOCK,81,347975000,1.08,1.13
2022,IOWA,19.0,HUMBOLDT,91,210382000,0.62,0.64
2022,IOWA,19.0,KOSSUTH,109,571903000,0.62,0.59
2022,IOWA,19.0,MITCHELL,131,239041000,0.51,0.54
2022,IOWA,19.0,WINNEBAGO,189,188509000,0.34,0.24
2022,IOWA,19.0,WORTH,195,143726000,0.24,0.21
2022,IOWA,19.0,WRIGHT,197,372955000,0.87,0.85
2022,IOWA,19.0,ALLAMAKEE,5,126944000,0.56,0.55
2022,IOWA,19.0,BLACK HAWK,13,284772000,0.6,0.64
2022,IOWA,19.0,BREMER,17,224823000,0.82,0.87
2022,IOWA,19.0,BUCHANAN,19,369758000,1.41,1.44
2022,IOWA,19.0,CHICKASAW,37,253816000,0.7,0.76
2022,IOWA,19.0,CLAYTON,43,257152000,1.26,1.23
2022,IOWA,19.0,DELAWARE,55,317090000,1.2,1.19
2022,IOWA,19.0,DUBUQUE,61,246976000,0.74,0.68
2022,IOWA,19.0,FAYETTE,65,347244000,0.83,0.86
2022,IOWA,19.0,HOWARD,89,266736000,1.46,1.49
2022,IOWA,19.0,WINNESHIEK,191,256870000,0.34,0.37
2022,IOWA,19.0,BUENA VISTA,21,290561000,0.76,0.82
2022,IOWA,19.0,CHEROKEE,35,264896000,0.77,0.83
2022,IOWA,19.0,CLAY,41,250984000,0.6,0.61
2022,IOWA,19.0,DICKINSON,59,141447000,1.46,1.47
2022,IOWA,19.0,EMMET,63,204779000,1.35,1.37
2022,IOWA,19.0,LYON,119,269534000,0.87,0.92
2022,IOWA,19.0,O BRIEN,141,247812000,0.02,0.02
2022,IOWA,19.0,OSCEOLA,143,196269000,-0.08,-0.08
2022,IOWA,19.0,PALO ALTO,147,325165000,-0.2,-0.2
2022,IOWA,19.0,PLYMOUTH,149,407014000,-0.43,-0.44
2022,IOWA,19.0,POCAHONTAS,151,293453000,0.37,0.33
2022,IOWA,19.0,SIOUX,167,449282000,1.03,0.9
2022,IOWA,19.0,APPANOOSE,7,53121000,0.94,0.98
2022,IOWA,19.0,CLARKE,39,32805000,0.59,0.59
2022,IOWA,19.0,DECATUR,53,51359000,0.82,0.83
2022,IOWA,19.0,LUCAS,117,39287000,1.39,1.42
2022,IOWA,19.0,MADISON,121,155667000,0.84,0.84
2022,IOWA,19.0,MARION,125,128260000,1.19,1.2
2022,IOWA,19.0,MONROE,135,48482000,0.36,0.32
2022,IOWA,19.0,RINGGOLD,159,92775000,0.45,0.35
2022,IOWA,19.0,UNION,175,89973000,1.4,1.3
2022,IOWA,19.0,WARREN,181,153046000,0.09,-0.01
2022,IOWA,19.0,WAYNE,185,120049000,0.94,0.89
2022,IOWA,19.0,DAVIS,51,60389000,0.95,1.01
2022,IOWA,19.0,DES MOINES,57,117380000,1.21,1.22
2022,IOWA,19.0,HENRY,87,149663000,1.08,1.09
2022,IOWA,19.0,JEFFERSON,101,111599000,0.85,0.88
2022,IOWA,19.0,KEOKUK,107,159130000,1.52,1.55
2022,IOWA,19.0,LEE,111,131487000,0.6,0.62
2022,IOWA,19.0,LOUISA,115,142993000,1.37,1.33
2022,IOWA,19.0,MAHASKA,123,212990000,0.69,0.75
2022,IOWA,19.0,VAN BUREN,177,77982000,0.51,0.44
2022,IOWA,19.0,WAPELLO,179,96455000,0.75,0.73
2022,IOWA,19.0,WASHINGTON,183,198590000,0.96,0.95
2022,IOWA,19.0,ADAIR,1,170010000,0.75,0.79
2022,IOWA,19.0,ADAMS,3,126305000,0.63,0.62
2022,IOWA,19.0,CASS,29,205721000,0.76,0.76
2022,IOWA,19.0,FREMONT,71,226629000,1.3,1.33
2022,IOWA,19.0,MILLS,129,171085000,1.0,0.96
2022,IOWA,19.0,MONTGOMERY,137,194385000,0.27,0.27
2022,IOWA,19.0,PAGE,145,194473000,-0.1,-0.05
2022,IOWA,19.0,POTTAWATTAMIE,155,487545000,1.03,0.99
2022,IOWA,19.0,TAYLOR,173,152111000,1.1,1.05
2022,IOWA,19.0,AUDUBON,9,218228000,1.4,1.35
2022,IOWA,19.0,CALHOUN,25,279217000,0.61,0.64
2022,IOWA,19.0,CARROLL,27,321869000,0.68,0.67
2022,IOWA,19.0,CRAWFORD,47,395614000,0.39,0.41
2022,IOWA,19.0,GREENE,73,284810000,1.34,1.34
2022,IOWA,19.0,GUTHRIE,77,175216000,1.37,1.35
2022,IOWA,19.0,HARRISON,85,262326000,0.7,0.68
2022,IOWA,19.0,IDA,93,201728000,1.56,1.56
2022,IOWA,19.0,MONONA,133,294187000,1.5,1.47
2022,IOWA,19.0,SAC,161,323463000,1.11,1.06
2022,IOWA,19.0,SHELBY,165,317540000,0.44,0.37
2022,IOWA,19.0,WOODBURY,193,380926000,0.52,0.45
2022,KANSAS,20.0,BARTON,9,120735000,1.4,1.35
2022,KANSAS,20.0,DICKINSON,41,95815000,0.6,0.61
2022,KANSAS,20.0,ELLIS,51,60794000,0.95,1.01
2022,KANSAS,20.0,ELLSWORTH,53,27187000,0.82,0.83
2022,KANSAS,20.0,LINCOLN,105,34764000,0.6,0.65
2022,KANSAS,20.0,MARION,115,106888000,1.37,1.33
2022,KANSAS,20.0,MCPHERSON,113,181673000,1.04,1.07
2022,KANSAS,20.0,RICE,159,103138000,0.45,0.35
2022,KANSAS,20.0,RUSH,165,53723000,0.44,0.37
2022,KANSAS,20.0,RUSSELL,167,43495000,1.03,0.9
2022,KANSAS,20.0,SALINE,169,56197000,0.52,0.45
2022,KANSAS,20.0,ANDERSON,3,55434000,0.63,0.62
2022,KANSAS,20.0,CHASE,17,27064000,0.82,0.87
2022,KANSAS,20.0,COFFEY,31,49839000,0.48,0.43
2022,KANSAS,20.0,DOUGLAS,45,72753000,0.63,0.57
2022,KANSAS,20.0,FRANKLIN,59,67005000,1.46,1.47
2022,KANSAS,20.0,GEARY,61,30420000,0.74,0.68
2022,KANSAS,20.0,JOHNSON,91,14406000,0.62,0.64
2022,KANSAS,20.0,LINN,107,32715000,1.52,1.55
2022,KANSAS,20.0,LYON,111,56629000,0.6,0.62
2022,KANSAS,20.0,MIAMI,121,55171000,0.84,0.84
2022,KANSAS,20.0,MORRIS,127,56328000,1.28,1.26
2022,KANSAS,20.0,OSAGE,139,57443000,0.04,0.05
2022,KANSAS,20.0,SHAWNEE,177,44879000,0.51,0.44
2022,KANSAS,20.0,WABAUNSEE,197,33694000,0.87,0.85
2022,KANSAS,20.0,CLAY,27,106859000,0.68,0.67
2022,KANSAS,20.0,CLOUD,29,95456000,0.76,0.76
2022,KANSAS,20.0,JEWELL,89,125244000,1.46,1.49
2022,KANSAS,20.0,MITCHELL,123,107453000,0.69,0.75
2022,KANSAS,20.0,OSBORNE,141,75331000,0.02,0.02
2022,KANSAS,20.0,OTTAWA,143,80054000,-0.08,-0.08
2022,KANSAS,20.0,PHILLIPS,147,73493000,-0.2,-0.2
2022,KANSAS,20.0,REPUBLIC,157,155867000,0.53,0.52
2022,KANSAS,20.0,ROOKS,163,82069000,0.58,0.47
2022,KANSAS,20.0,SMITH,183,128980000,0.96,0.95
2022,KANSAS,20.0,WASHINGTON,201,142409000,0.71,0.68
2022,KANSAS,20.0,ATCHISON,5,89228000,0.56,0.55
2022,KANSAS,20.0,BROWN,13,234466000,0.6,0.64
2022,KANSAS,20.0,DONIPHAN,43,127792000,1.26,1.23
2022,KANSAS,20.0,JACKSON,85,47762000,0.7,0.68
2022,KANSAS,20.0,JEFFERSON,87,48945000,1.08,1.09
2022,KANSAS,20.0,LEAVENWORTH,103,44885000,1.42,1.43
2022,KANSAS,20.0,MARSHALL,117,171039000,1.39,1.42
2022,KANSAS,20.0,NEMAHA,131,187782000,0.51,0.54
2022,KANSAS,20.0,POTTAWATOMIE,149,70531000,-0.43,-0.44
2022,KANSAS,20.0,RILEY,161,44092000,1.11,1.06
2022,KANSAS,20.0,WYANDOTTE,209,4893000,1.77,1.72
2022,KANSAS,20.0,CHEYENNE,23,79895000,1.0,0.97
2022,KANSAS,20.0,DECATUR,39,47411000,0.59,0.59
2022,KANSAS,20.0,GRAHAM,65,42230000,0.83,0.86
2022,KANSAS,20.0,NORTON,137,43135000,0.27,0.27
2022,KANSAS,20.0,RAWLINS,153,51552000,0.69,0.62
2022,KANSAS,20.0,SHERIDAN,179,90709000,0.75,0.73
2022,KANSAS,20.0,SHERMAN,181,140337000,0.09,-0.01
2022,KANSAS,20.0,THOMAS,193,133533000,0.52,0.45
2022,KANSAS,20.0,BARBER,7,43111000,0.94,0.98
2022,KANSAS,20.0,COMANCHE,33,20712000,1.36,1.36
2022,KANSAS,20.0,EDWARDS,47,116221000,0.39,0.41
2022,KANSAS,20.0,HARPER,77,52356000,1.37,1.35
2022,KANSAS,20.0,HARVEY,79,110569000,1.48,1.45
2022,KANSAS,20.0,KINGMAN,95,55160000,1.32,1.31
2022,KANSAS,20.0,KIOWA,97,45837000,0.88,0.85
2022,KANSAS,20.0,PRATT,151,144215000,0.37,0.33
2022,KANSAS,20.0,RENO,155,170335000,1.03,0.99
2022,KANSAS,20.0,SEDGWICK,173,144026000,1.1,1.05
2022,KANSAS,20.0,STAFFORD,185,99631000,0.94,0.89
2022,KANSAS,20.0,SUMNER,191,168143000,0.34,0.37
2022,KANSAS,20.0,ALLEN,1,36387000,0.75,0.79
2022,KANSAS,20.0,BOURBON,11,23818000,0.77,0.76
2022,KANSAS,20.0,BUTLER,15,90350000,0.74,0.74
2022,KANSAS,20.0,CHAUTAUQUA,19,11354000,1.41,1.44
2022,KANSAS,20.0,CHEROKEE,21,66147000,0.76,0.82
2022,KANSAS,20.0,COWLEY,35,55952000,0.77,0.83
2022,KANSAS,20.0,CRAWFORD,37,50076000,0.7,0.76
2022,KANSAS,20.0,ELK,49,11776000,1.53,1.56
2022,KANSAS,20.0,GREENWOOD,73,25464000,1.34,1.34
2022,KANSAS,20.0,LABETTE,99,46142000,0.69,0.76
2022,KANSAS,20.0,MONTGOMERY,125,36267000,1.19,1.2
2022,KANSAS,20.0,NEOSHO,133,35461000,1.5,1.47
2022,KANSAS,20.0,WILSON,205,50654000,0.65,0.59
2022,KANSAS,20.0,WOODSON,207,32978000,0.37,0.34
2022,KANSAS,20.0,CLARK,25,16380000,0.61,0.64
2022,KANSAS,20.0,FINNEY,55,209091000,1.2,1.19
2022,KANSAS,20.0,FORD,57,132898000,1.21,1.22
2022,KANSAS,20.0,GRANT,67,95730000,0.75,0.72
2022,KANSAS,20.0,GRAY,69,145636000,1.14,1.07
2022,KANSAS,20.0,HAMILTON,75,57717000,1.18,1.22
2022,KANSAS,20.0,HASKELL,81,140366000,1.08,1.13
2022,KANSAS,20.0,HODGEMAN,83,62504000,1.51,1.54
2022,KANSAS,20.0,KEARNY,93,107943000,1.56,1.56
2022,KANSAS,20.0,MEADE,119,160516000,0.87,0.92
2022,KANSAS,20.0,MORTON,129,53289000,1.0,0.96
2022,KANSAS,20.0,SEWARD,175,121032000,1.4,1.3
2022,KANSAS,20.0,STANTON,187,68604000,0.43,0.45
2022,KANSAS,20.0,STEVENS,189,158323000,0.34,0.24
2022,KANSAS,20.0,GOVE,63,79265000,1.35,1.37
2022,KANSAS,20.0,GREELEY,71,77200000,1.3,1.33
2022,KANSAS,20.0,LOGAN,109,55289000,0.62,0.59
2022,KANSAS,20.0,NESS,135,57171000,0.36,0.32
2022,KANSAS,20.0,SCOTT,171,84476000,0.25,0.23
2022,KANSAS,20.0,TREGO,195,48534000,0.24,0.21
2022,KANSAS,20.0,WALLACE,199,75833000,0.3,0.32
2022,KANSAS,20.0,WICHITA,203,98907000,0.36,0.36
2022,KENTUCKY,21.0,ANDERSON,5,3717000,0.56,0.55
2022,KENTUCKY,21.0,BATH,11,12447000,0.77,0.76
2022,KENTUCKY,21.0,BOURBON,17,31443000,0.82,0.87
2022,KENTUCKY,21.0,BOYLE,21,22587000,0.76,0.82
2022,KENTUCKY,21.0,CLARK,49,14689000,1.53,1.56
2022,KENTUCKY,21.0,FAYETTE,67,13999000,0.75,0.72
2022,KENTUCKY,21.0,FLEMING,69,16963000,1.14,1.07
2022,KENTUCKY,21.0,FRANKLIN,73,7975000,1.34,1.34
2022,KENTUCKY,21.0,GARRARD,79,15854000,1.48,1.45
2022,KENTUCKY,21.0,HARRISON,97,19988000,0.88,0.85
2022,KENTUCKY,21.0,JESSAMINE,113,11518000,1.04,1.07
2022,KENTUCKY,21.0,LINCOLN,137,38007000,0.27,0.27
2022,KENTUCKY,21.0,MADISON,151,18045000,0.37,0.33
2022,KENTUCKY,21.0,MASON,161,25941000,1.11,1.06
2022,KENTUCKY,21.0,MERCER,167,32042000,1.03,0.9
2022,KENTUCKY,21.0,MONTGOMERY,173,5984000,1.1,1.05
2022,KENTUCKY,21.0,NICHOLAS,181,12901000,0.09,-0.01
2022,KENTUCKY,21.0,ROBERTSON,201,1491000,0.71,0.68
2022,KENTUCKY,21.0,SCOTT,209,21945000,1.77,1.72
2022,KENTUCKY,21.0,SHELBY,211,70681000,0.39,0.27
2022,KENTUCKY,21.0,SPENCER,215,11503000,0.84,0.89
2022,KENTUCKY,21.0,WASHINGTON,229,21098000,0.76,0.75
2022,KENTUCKY,21.0,WOODFORD,239,16355000,0.75,0.73
2022,KENTUCKY,21.0,ADAIR,1,19974000,0.75,0.79
2022,KENTUCKY,21.0,ALLEN,3,20580000,0.63,0.62
2022,KENTUCKY,21.0,BARREN,9,54232000,1.4,1.35
2022,KENTUCKY,21.0,BRECKINRIDGE,27,60228000,0.68,0.67
2022,KENTUCKY,21.0,BULLITT,29,8085000,0.76,0.76
2022,KENTUCKY,21.0,BUTLER,31,41871000,0.48,0.43
2022,KENTUCKY,21.0,CASEY,45,23413000,0.63,0.57
2022,KENTUCKY,21.0,CLINTON,53,5261000,0.82,0.83
2022,KENTUCKY,21.0,CUMBERLAND,57,5599000,1.21,1.22
2022,KENTUCKY,21.0,EDMONSON,61,22492000,0.74,0.68
2022,KENTUCKY,21.0,GRAYSON,85,35188000,0.7,0.68
2022,KENTUCKY,21.0,GREEN,87,51219000,1.08,1.09
2022,KENTUCKY,21.0,HARDIN,93,56402000,1.56,1.56
2022,KENTUCKY,21.0,HART,99,31519000,0.69,0.76
2022,KENTUCKY,21.0,JEFFERSON,111,2969000,0.6,0.62
2022,KENTUCKY,21.0,LARUE,123,52438000,0.69,0.75
2022,KENTUCKY,21.0,MARION,155,47343000,1.03,0.99
2022,KENTUCKY,21.0,MEADE,163,40054000,0.58,0.47
2022,KENTUCKY,21.0,METCALFE,169,20307000,0.52,0.45
2022,KENTUCKY,21.0,MONROE,171,21315000,0.25,0.23
2022,KENTUCKY,21.0,NELSON,179,57178000,0.75,0.73
2022,KENTUCKY,21.0,RUSSELL,207,22613000,0.37,0.34
2022,KENTUCKY,21.0,TAYLOR,217,25831000,0.43,0.34
2022,KENTUCKY,21.0,WARREN,227,99237000,0.74,0.77
2022,KENTUCKY,21.0,BELL,13,1066000,0.6,0.64
2022,KENTUCKY,21.0,BOYD,19,504000,1.41,1.44
2022,KENTUCKY,21.0,BREATHITT,25,734000,0.61,0.64
2022,KENTUCKY,21.0,CARTER,43,3740000,1.26,1.23
2022,KENTUCKY,21.0,CLAY,51,2741000,0.95,1.01
2022,KENTUCKY,21.0,ELLIOTT,63,1335000,1.35,1.37
2022,KENTUCKY,21.0,ESTILL,65,1711000,0.83,0.86
2022,KENTUCKY,21.0,FLOYD,71,207000,1.3,1.33
2022,KENTUCKY,21.0,GREENUP,89,4172000,1.46,1.49
2022,KENTUCKY,21.0,HARLAN,95,504000,1.32,1.31
2022,KENTUCKY,21.0,JACKSON,109,3344000,0.62,0.59
2022,KENTUCKY,21.0,JOHNSON,115,1031000,1.37,1.33
2022,KENTUCKY,21.0,KNOTT,119,92000,0.87,0.92
2022,KENTUCKY,21.0,KNOX,121,1625000,0.84,0.84
2022,KENTUCKY,21.0,LAUREL,125,9681000,1.19,1.2
2022,KENTUCKY,21.0,LAWRENCE,127,823000,1.28,1.26
2022,KENTUCKY,21.0,LEE,129,620000,1.0,0.96
2022,KENTUCKY,21.0,LESLIE,131,171000,0.51,0.54
2022,KENTUCKY,21.0,LETCHER,133,453000,1.5,1.47
2022,KENTUCKY,21.0,LEWIS,135,12755000,0.36,0.32
2022,KENTUCKY,21.0,MAGOFFIN,153,1186000,0.69,0.62
2022,KENTUCKY,21.0,MARTIN,159,109000,0.45,0.35
2022,KENTUCKY,21.0,MCCREARY,147,624000,-0.2,-0.2
2022,KENTUCKY,21.0,MENIFEE,165,1394000,0.44,0.37
2022,KENTUCKY,21.0,MORGAN,175,2377000,1.4,1.3
2022,KENTUCKY,21.0,OWSLEY,189,715000,0.34,0.24
2022,KENTUCKY,21.0,PERRY,193,649000,0.52,0.45
2022,KENTUCKY,21.0,PIKE,195,382000,0.24,0.21
2022,KENTUCKY,21.0,POWELL,197,4386000,0.87,0.85
2022,KENTUCKY,21.0,PULASKI,199,36563000,0.3,0.32
2022,KENTUCKY,21.0,ROCKCASTLE,203,4726000,0.36,0.36
2022,KENTUCKY,21.0,ROWAN,205,2853000,0.65,0.59
2022,KENTUCKY,21.0,WAYNE,231,17433000,0.17,0.15
2022,KENTUCKY,21.0,WHITLEY,235,2788000,0.96,0.9
2022,KENTUCKY,21.0,WOLFE,237,1220000,0.62,0.48
2022,KENTUCKY,21.0,CALDWELL,33,61804000,1.36,1.36
2022,KENTUCKY,21.0,CHRISTIAN,47,216120000,0.39,0.41
2022,KENTUCKY,21.0,CRITTENDEN,55,53578000,1.2,1.19
2022,KENTUCKY,21.0,DAVIESS,59,203336000,1.46,1.47
2022,KENTUCKY,21.0,HANCOCK,91,19065000,0.62,0.64
2022,KENTUCKY,21.0,HENDERSON,101,142463000,0.85,0.88
2022,KENTUCKY,21.0,HOPKINS,107,115890000,1.52,1.55
2022,KENTUCKY,21.0,LOGAN,141,158573000,0.02,0.02
2022,KENTUCKY,21.0,MCLEAN,149,89237000,-0.43,-0.44
2022,KENTUCKY,21.0,MUHLENBERG,177,43078000,0.51,0.44
2022,KENTUCKY,21.0,OHIO,183,55331000,0.96,0.95
2022,KENTUCKY,21.0,SIMPSON,213,83703000,1.37,1.39
2022,KENTUCKY,21.0,TODD,219,124004000,0.04,-0.02
2022,KENTUCKY,21.0,UNION,225,184158000,0.54,0.46
2022,KENTUCKY,21.0,WEBSTER,233,115737000,0.89,0.93
2022,KENTUCKY,21.0,BOONE,15,10240000,0.74,0.74
2022,KENTUCKY,21.0,BRACKEN,23,8293000,1.0,0.97
2022,KENTUCKY,21.0,CAMPBELL,37,3783000,0.7,0.76
2022,KENTUCKY,21.0,CARROLL,41,2596000,0.6,0.61
2022,KENTUCKY,21.0,GALLATIN,77,10608000,1.37,1.35
2022,KENTUCKY,21.0,GRANT,81,4938000,1.08,1.13
2022,KENTUCKY,21.0,HENRY,103,20512000,1.42,1.43
2022,KENTUCKY,21.0,KENTON,117,2129000,1.39,1.42
2022,KENTUCKY,21.0,OLDHAM,185,12341000,0.94,0.89
2022,KENTUCKY,21.0,OWEN,187,18432000,0.43,0.45
2022,KENTUCKY,21.0,PENDLETON,191,6668000,0.34,0.37
2022,KENTUCKY,21.0,TRIMBLE,223,7150000,0.67,0.69
2022,KENTUCKY,21.0,BALLARD,7,58302000,0.94,0.98
2022,KENTUCKY,21.0,CALLOWAY,35,71285000,0.77,0.83
2022,KENTUCKY,21.0,CARLISLE,39,74263000,0.59,0.59
2022,KENTUCKY,21.0,FULTON,75,62090000,1.18,1.22
2022,KENTUCKY,21.0,GRAVES,83,140864000,1.51,1.54
2022,KENTUCKY,21.0,HICKMAN,105,68984000,0.6,0.65
2022,KENTUCKY,21.0,LIVINGSTON,139,37495000,0.04,0.05
2022,KENTUCKY,21.0,LYON,143,9655000,-0.08,-0.08
2022,KENTUCKY,21.0,MARSHALL,157,23076000,0.53,0.52
2022,KENTUCKY,21.0,MCCRACKEN,145,31058000,-0.1,-0.05
2022,KENTUCKY,21.0,TRIGG,221,43278000,0.0,-0.07
2022,LOUISIANA,22.0,AVOYELLES,9,153288000,1.4,1.35
2022,LOUISIANA,22.0,CATAHOULA,25,120382000,0.61,0.64
2022,LOUISIANA,22.0,CONCORDIA,29,121165000,0.76,0.76
2022,LOUISIANA,22.0,EVANGELINE,39,59971000,0.59,0.59
2022,LOUISIANA,22.0,GRANT,43,8465000,1.26,1.23
2022,LOUISIANA,22.0,LA SALLE,59,1389000,1.46,1.47
2022,LOUISIANA,22.0,POINTE COUPEE,77,183899000,1.37,1.35
2022,LOUISIANA,22.0,RAPIDES,79,155349000,1.48,1.45
2022,LOUISIANA,22.0,SAINT LANDRY,97,131217000,0.88,0.85
2022,LOUISIANA,22.0,WEST BATON ROUGE,121,55220000,0.84,0.84
2022,LOUISIANA,22.0,EAST BATON ROUGE,33,3662000,1.36,1.36
2022,LOUISIANA,22.0,EAST FELICIANA,37,4865000,0.7,0.76
2022,LOUISIANA,22.0,LIVINGSTON,63,2893000,1.35,1.37
2022,LOUISIANA,22.0,SAINT HELENA,91,1982000,0.62,0.64
2022,LOUISIANA,22.0,SAINT TAMMANY,103,12006000,1.42,1.43
2022,LOUISIANA,22.0,TANGIPAHOA,105,24211000,0.6,0.65
2022,LOUISIANA,22.0,WASHINGTON,117,30168000,1.39,1.42
2022,LOUISIANA,22.0,WEST FELICIANA,125,1257000,1.19,1.2
2022,LOUISIANA,22.0,BIENVILLE,13,1308000,0.6,0.64
2022,LOUISIANA,22.0,CALDWELL,21,8062000,0.76,0.82
2022,LOUISIANA,22.0,CLAIBORNE,27,880000,0.68,0.67
2022,LOUISIANA,22.0,JACKSON,49,733000,1.53,1.56
2022,LOUISIANA,22.0,LINCOLN,61,1506000,0.74,0.68
2022,LOUISIANA,22.0,OUACHITA,73,28275000,1.34,1.34
2022,LOUISIANA,22.0,UNION,111,3612000,0.6,0.62
2022,LOUISIANA,22.0,WINN,127,648000,1.28,1.26
2022,LOUISIANA,22.0,EAST CARROLL,35,134651000,0.77,0.83
2022,LOUISIANA,22.0,FRANKLIN,41,140054000,0.6,0.61
2022,LOUISIANA,22.0,MADISON,65,131479000,0.83,0.86
2022,LOUISIANA,22.0,MOREHOUSE,67,172258000,0.75,0.72
2022,LOUISIANA,22.0,RICHLAND,83,114212000,1.51,1.54
2022,LOUISIANA,22.0,TENSAS,107,128131000,1.52,1.55
2022,LOUISIANA,22.0,WEST CARROLL,123,53448000,0.69,0.75
2022,LOUISIANA,22.0,BOSSIER,15,2166000,0.74,0.74
2022,LOUISIANA,22.0,CADDO,17,37466000,0.82,0.87
2022,LOUISIANA,22.0,DE SOTO,31,2923000,0.48,0.43
2022,LOUISIANA,22.0,RED RIVER,81,12941000,1.08,1.13
2022,LOUISIANA,22.0,WEBSTER,119,851000,0.87,0.92
2022,LOUISIANA,22.0,ASSUMPTION,7,101934000,0.94,0.98
2022,LOUISIANA,22.0,IBERIA,45,173946000,0.63,0.57
2022,LOUISIANA,22.0,IBERVILLE,47,99758000,0.39,0.41
2022,LOUISIANA,22.0,LAFAYETTE,55,23052000,1.2,1.19
2022,LOUISIANA,22.0,SAINT MARTIN,99,109411000,0.69,0.76
2022,LOUISIANA,22.0,SAINT MARY,101,109795000,0.85,0.88
2022,LOUISIANA,22.0,ASCENSION,5,27718000,0.56,0.55
2022,LOUISIANA,22.0,LAFOURCHE,57,54368000,1.21,1.22
2022,LOUISIANA,22.0,ORLEANS,71,1010000,1.3,1.33
2022,LOUISIANA,22.0,PLAQUEMINES,75,3607000,1.18,1.22
2022,LOUISIANA,22.0,SAINT BERNARD,87,288000,1.08,1.09
2022,LOUISIANA,22.0,SAINT CHARLES,89,7638000,1.46,1.49
2022,LOUISIANA,22.0,SAINT JAMES,93,63197000,1.56,1.56
2022,LOUISIANA,22.0,ACADIA,1,154203000,0.75,0.79
2022,LOUISIANA,22.0,ALLEN,3,26410000,0.63,0.62
2022,LOUISIANA,22.0,BEAUREGARD,11,8356000,0.77,0.76
2022,LOUISIANA,22.0,CALCASIEU,19,6497000,1.41,1.44
2022,LOUISIANA,22.0,CAMERON,23,2087000,1.0,0.97
2022,LOUISIANA,22.0,JEFFERSON DAVIS,53,94971000,0.82,0.83
2022,LOUISIANA,22.0,VERMILION,113,174668000,1.04,1.07
2022,LOUISIANA,22.0,NATCHITOCHES,69,31991000,1.14,1.07
2022,LOUISIANA,22.0,SABINE,85,1191000,0.7,0.68
2022,LOUISIANA,22.0,VERNON,115,1512000,1.37,1.33
2022,MAINE,23.0,HANCOCK,9,17214000,1.4,1.35
2022,MAINE,23.0,PENOBSCOT,19,31256000,1.41,1.44
2022,MAINE,23.0,PISCATAQUIS,21,4263000,0.76,0.82
2022,MAINE,23.0,SOMERSET,25,62334000,0.61,0.64
2022,MAINE,23.0,WALDO,27,8500000,0.68,0.67
2022,MAINE,23.0,AROOSTOOK,3,276432000,0.63,0.62
2022,MAINE,23.0,ANDROSCOGGIN,1,14500000,0.75,0.79
2022,MAINE,23.0,CUMBERLAND,5,21095000,0.56,0.55
2022,MAINE,23.0,KENNEBEC,11,17926000,0.77,0.76
2022,MAINE,23.0,KNOX,13,9140000,0.6,0.64
2022,MAINE,23.0,LINCOLN,15,9525000,0.74,0.74
2022,MAINE,23.0,OXFORD,17,21855000,0.82,0.87
2022,MAINE,23.0,SAGADAHOC,23,5861000,1.0,0.97
2022,MAINE,23.0,YORK,31,25539000,0.48,0.43
2022,MARYLAND,24.0,DORCHESTER,19,100552000,1.41,1.44
2022,MARYLAND,24.0,SOMERSET,39,33789000,0.59,0.59
2022,MARYLAND,24.0,WICOMICO,45,97962000,0.63,0.57
2022,MARYLAND,24.0,WORCESTER,47,55247000,0.39,0.41
2022,MARYLAND,24.0,BALTIMORE,5,84845000,0.56,0.55
2022,MARYLAND,24.0,CARROLL,13,86280000,0.6,0.64
2022,MARYLAND,24.0,FREDERICK,21,98997000,0.76,0.82
2022,MARYLAND,24.0,HARFORD,25,48435000,0.61,0.64
2022,MARYLAND,24.0,HOWARD,27,26353000,0.68,0.67
2022,MARYLAND,24.0,MONTGOMERY,31,66793000,0.48,0.43
2022,MARYLAND,24.0,WASHINGTON,43,55297000,1.26,1.23
2022,MARYLAND,24.0,ANNE ARUNDEL,3,19946000,0.63,0.62
2022,MARYLAND,24.0,CALVERT,9,12075000,1.4,1.35
2022,MARYLAND,24.0,CHARLES,17,19032000,0.82,0.87
2022,MARYLAND,24.0,PRINCE GEORGES,33,18671000,1.36,1.36
2022,MARYLAND,24.0,ST MARYS,37,29164000,0.7,0.76
2022,MARYLAND,24.0,CAROLINE,11,100819000,0.77,0.76
2022,MARYLAND,24.0,CECIL,15,101468000,0.74,0.74
2022,MARYLAND,24.0,KENT,29,108601000,0.76,0.76
2022,MARYLAND,24.0,QUEEN ANNES,35,145799000,0.77,0.83
2022,MARYLAND,24.0,TALBOT,41,67495000,0.6,0.61
2022,MARYLAND,24.0,ALLEGANY,1,4678000,0.75,0.79
2022,MARYLAND,24.0,GARRETT,23,17288000,1.0,0.97
2022,MASSACHUSETTS,25.0,BARNSTABLE,1,17916000,0.75,0.79
2022,MASSACHUSETTS,25.0,BERKSHIRE,3,12960000,0.63,0.62
2022,MASSACHUSETTS,25.0,BRISTOL,5,32074000,0.56,0.55
2022,MASSACHUSETTS,25.0,DUKES,7,2045000,0.94,0.98
2022,MASSACHUSETTS,25.0,ESSEX,9,28240000,1.4,1.35
2022,MASSACHUSETTS,25.0,FRANKLIN,11,64926000,0.77,0.76
2022,MASSACHUSETTS,25.0,HAMPDEN,13,22834000,0.6,0.64
2022,MASSACHUSETTS,25.0,HAMPSHIRE,15,46152000,0.74,0.74
2022,MASSACHUSETTS,25.0,MIDDLESEX,17,76891000,0.82,0.87
2022,MASSACHUSETTS,25.0,NANTUCKET,19,2898000,1.41,1.44
2022,MASSACHUSETTS,25.0,NORFOLK,21,11265000,0.76,0.82
2022,MASSACHUSETTS,25.0,PLYMOUTH,23,76105000,1.0,0.97
2022,MASSACHUSETTS,25.0,SUFFOLK,25,1059000,0.61,0.64
2022,MASSACHUSETTS,25.0,WORCESTER,27,63028000,0.68,0.67
2022,MICHIGAN,26.0,CLARE,35,8458000,0.77,0.83
2022,MICHIGAN,26.0,GLADWIN,51,14758000,0.95,1.01
2022,MICHIGAN,26.0,GRATIOT,57,229269000,1.21,1.22
2022,MICHIGAN,26.0,ISABELLA,73,92475000,1.34,1.34
2022,MICHIGAN,26.0,MECOSTA,107,54096000,1.52,1.55
2022,MICHIGAN,26.0,MIDLAND,111,46566000,0.6,0.62
2022,MICHIGAN,26.0,MONTCALM,117,205559000,1.39,1.42
2022,MICHIGAN,26.0,OSCEOLA,133,21134000,1.5,1.47
2022,MICHIGAN,26.0,ARENAC,11,41584000,0.77,0.76
2022,MICHIGAN,26.0,BAY,17,160405000,0.82,0.87
2022,MICHIGAN,26.0,HURON,63,358939000,1.35,1.37
2022,MICHIGAN,26.0,SAGINAW,145,221807000,-0.1,-0.05
2022,MICHIGAN,26.0,SANILAC,151,343503000,0.37,0.33
2022,MICHIGAN,26.0,TUSCOLA,157,243945000,0.53,0.52
2022,MICHIGAN,26.0,ALCONA,1,7495000,0.75,0.79
2022,MICHIGAN,26.0,ALPENA,7,17483000,0.94,0.98
2022,MICHIGAN,26.0,CHEBOYGAN,31,6464000,0.48,0.43
2022,MICHIGAN,26.0,CRAWFORD,39,23000,0.59,0.59
2022,MICHIGAN,26.0,IOSCO,69,4855000,1.14,1.07
2022,MICHIGAN,26.0,MONTMORENCY,119,4195000,0.87,0.92
2022,MICHIGAN,26.0,OGEMAW,129,19066000,1.0,0.96
2022,MICHIGAN,26.0,OSCODA,135,1969000,0.36,0.32
2022,MICHIGAN,26.0,OTSEGO,137,17434000,0.27,0.27
2022,MICHIGAN,26.0,PRESQUE ISLE,141,18476000,0.02,0.02
2022,MICHIGAN,26.0,ANTRIM,9,36935000,1.4,1.35
2022,MICHIGAN,26.0,BENZIE,19,12217000,1.41,1.44
2022,MICHIGAN,26.0,CHARLEVOIX,29,7330000,0.76,0.76
2022,MICHIGAN,26.0,EMMET,47,7225000,0.39,0.41
2022,MICHIGAN,26.0,GRAND TRAVERSE,55,43652000,1.2,1.19
2022,MICHIGAN,26.0,KALKASKA,79,14404000,1.48,1.45
2022,MICHIGAN,26.0,LEELANAU,89,54699000,1.46,1.49
2022,MICHIGAN,26.0,MANISTEE,101,14871000,0.85,0.88
2022,MICHIGAN,26.0,MISSAUKEE,113,61553000,1.04,1.07
2022,MICHIGAN,26.0,WEXFORD,165,15602000,0.44,0.37
2022,MICHIGAN,26.0,BARRY,15,63808000,0.74,0.74
2022,MICHIGAN,26.0,BRANCH,23,171638000,1.0,0.97
2022,MICHIGAN,26.0,CALHOUN,25,117359000,0.61,0.64
2022,MICHIGAN,26.0,CLINTON,37,128677000,0.7,0.76
2022,MICHIGAN,26.0,EATON,45,117719000,0.63,0.57
2022,MICHIGAN,26.0,HILLSDALE,59,163916000,1.46,1.47
2022,MICHIGAN,26.0,INGHAM,65,111841000,0.83,0.86
2022,MICHIGAN,26.0,IONIA,67,146285000,0.75,0.72
2022,MICHIGAN,26.0,JACKSON,75,93879000,1.18,1.22
2022,MICHIGAN,26.0,SHIAWASSEE,155,113088000,1.03,0.99
2022,MICHIGAN,26.0,ST JOSEPH,149,239296000,-0.43,-0.44
2022,MICHIGAN,26.0,GENESEE,49,74446000,1.53,1.56
2022,MICHIGAN,26.0,LAPEER,87,104556000,1.08,1.09
2022,MICHIGAN,26.0,LENAWEE,91,235575000,0.62,0.64
2022,MICHIGAN,26.0,LIVINGSTON,93,43346000,1.56,1.56
2022,MICHIGAN,26.0,MACOMB,99,102217000,0.69,0.76
2022,MICHIGAN,26.0,MONROE,115,200079000,1.37,1.33
2022,MICHIGAN,26.0,OAKLAND,125,35421000,1.19,1.2
2022,MICHIGAN,26.0,ST CLAIR,147,91087000,-0.2,-0.2
2022,MICHIGAN,26.0,WASHTENAW,161,99610000,1.11,1.06
2022,MICHIGAN,26.0,WAYNE,163,38897000,0.58,0.47
2022,MICHIGAN,26.0,ALLEGAN,5,205036000,0.56,0.55
2022,MICHIGAN,26.0,BERRIEN,21,221962000,0.76,0.82
2022,MICHIGAN,26.0,CASS,27,147600000,0.68,0.67
2022,MICHIGAN,26.0,KALAMAZOO,77,245005000,1.37,1.35
2022,MICHIGAN,26.0,KENT,81,314593000,1.08,1.13
2022,MICHIGAN,26.0,OTTAWA,139,417545000,0.04,0.05
2022,MICHIGAN,26.0,VAN BUREN,159,187214000,0.45,0.35
2022,MICHIGAN,26.0,ALGER,3,2210000,0.63,0.62
2022,MICHIGAN,26.0,CHIPPEWA,33,7700000,1.36,1.36
2022,MICHIGAN,26.0,DELTA,41,8687000,0.6,0.61
2022,MICHIGAN,26.0,DICKINSON,43,3221000,1.26,1.23
2022,MICHIGAN,26.0,GOGEBIC,53,1669000,0.82,0.83
2022,MICHIGAN,26.0,HOUGHTON,61,2584000,0.74,0.68
2022,MICHIGAN,26.0,IRON,71,2005000,1.3,1.33
2022,MICHIGAN,26.0,MACKINAC,97,1423000,0.88,0.85
2022,MICHIGAN,26.0,MARQUETTE,103,1787000,1.42,1.43
2022,MICHIGAN,26.0,MENOMINEE,109,7911000,0.62,0.59
2022,MICHIGAN,26.0,ONTONAGON,131,1743000,0.51,0.54
2022,MICHIGAN,26.0,SCHOOLCRAFT,153,406000,0.69,0.62
2022,MICHIGAN,26.0,LAKE,85,1225000,0.7,0.68
2022,MICHIGAN,26.0,MASON,105,61021000,0.6,0.65
2022,MICHIGAN,26.0,MUSKEGON,121,69788000,0.84,0.84
2022,MICHIGAN,26.0,NEWAYGO,123,78566000,0.69,0.75
2022,MICHIGAN,26.0,OCEANA,127,139551000,1.28,1.26
2022,MINNESOTA,27.0,BENTON,9,84372000,1.4,1.35
2022,MINNESOTA,27.0,CARVER,19,118943000,1.41,1.44
2022,MINNESOTA,27.0,KANDIYOHI,67,376326000,0.75,0.72
2022,MINNESOTA,27.0,MCLEOD,85,218846000,0.7,0.68
2022,MINNESOTA,27.0,MEEKER,93,198492000,1.56,1.56
2022,MINNESOTA,27.0,MORRISON,97,121192000,0.88,0.85
2022,MINNESOTA,27.0,RENVILLE,129,581026000,1.0,0.96
2022,MINNESOTA,27.0,SCOTT,139,64614000,0.04,0.05
2022,MINNESOTA,27.0,SHERBURNE,141,96205000,0.02,0.02
2022,MINNESOTA,27.0,SIBLEY,143,341817000,-0.08,-0.08
2022,MINNESOTA,27.0,STEARNS,145,314418000,-0.1,-0.05
2022,MINNESOTA,27.0,TODD,153,108415000,0.69,0.62
2022,MINNESOTA,27.0,WADENA,159,59702000,0.45,0.35
2022,MINNESOTA,27.0,WRIGHT,171,150721000,0.25,0.23
2022,MINNESOTA,27.0,AITKIN,1,13454000,0.75,0.79
2022,MINNESOTA,27.0,ANOKA,3,71779000,0.63,0.62
2022,MINNESOTA,27.0,CARLTON,17,6931000,0.82,0.87
2022,MINNESOTA,27.0,CHISAGO,25,44472000,0.61,0.64
2022,MINNESOTA,27.0,CROW WING,35,13633000,0.77,0.83
2022,MINNESOTA,27.0,HENNEPIN,53,51495000,0.82,0.83
2022,MINNESOTA,27.0,ISANTI,59,40789000,1.46,1.47
2022,MINNESOTA,27.0,KANABEC,65,25695000,0.83,0.86
2022,MINNESOTA,27.0,MILLE LACS,95,27365000,1.32,1.31
2022,MINNESOTA,27.0,PINE,115,30766000,1.37,1.33
2022,MINNESOTA,27.0,WASHINGTON,163,54703000,0.58,0.47
2022,MINNESOTA,27.0,BELTRAMI,7,26620000,0.94,0.98
2022,MINNESOTA,27.0,CASS,21,9647000,0.76,0.82
2022,MINNESOTA,27.0,HUBBARD,57,47496000,1.21,1.22
2022,MINNESOTA,27.0,ITASCA,61,9417000,0.74,0.68
2022,MINNESOTA,27.0,KOOCHICHING,71,8207000,1.3,1.33
2022,MINNESOTA,27.0,LAKE OF THE WOODS,77,31158000,1.37,1.35
2022,MINNESOTA,27.0,COOK,31,320000,0.48,0.43
2022,MINNESOTA,27.0,ST. LOUIS,137,16083000,0.27,0.27
2022,MINNESOTA,27.0,BECKER,5,190394000,0.56,0.55
2022,MINNESOTA,27.0,CLAY,27,400878000,0.68,0.67
2022,MINNESOTA,27.0,CLEARWATER,29,35732000,0.76,0.76
2022,MINNESOTA,27.0,KITTSON,69,295748000,1.14,1.07
2022,MINNESOTA,27.0,MAHNOMEN,87,131407000,1.08,1.09
2022,MINNESOTA,27.0,MARSHALL,89,407720000,1.46,1.49
2022,MINNESOTA,27.0,NORMAN,107,323379000,1.52,1.55
2022,MINNESOTA,27.0,PENNINGTON,113,96307000,1.04,1.07
2022,MINNESOTA,27.0,POLK,119,683717000,0.87,0.92
2022,MINNESOTA,27.0,RED LAKE,125,91408000,1.19,1.2
2022,MINNESOTA,27.0,ROSEAU,135,178824000,0.36,0.32
2022,MINNESOTA,27.0,BLUE EARTH,13,463455000,0.6,0.64
2022,MINNESOTA,27.0,BROWN,15,249798000,0.74,0.74
2022,MINNESOTA,27.0,FARIBAULT,43,379350000,1.26,1.23
2022,MINNESOTA,27.0,FREEBORN,47,319725000,0.39,0.41
2022,MINNESOTA,27.0,LE SUEUR,79,155921000,1.48,1.45
2022,MINNESOTA,27.0,MARTIN,91,461489000,0.62,0.64
2022,MINNESOTA,27.0,NICOLLET,103,260718000,1.42,1.43
2022,MINNESOTA,27.0,RICE,131,225622000,0.51,0.54
2022,MINNESOTA,27.0,STEELE,147,268995000,-0.2,-0.2
2022,MINNESOTA,27.0,WASECA,161,262973000,1.11,1.06
2022,MINNESOTA,27.0,WATONWAN,165,254705000,0.44,0.37
2022,MINNESOTA,27.0,DAKOTA,37,283036000,0.7,0.76
2022,MINNESOTA,27.0,DODGE,39,272325000,0.59,0.59
2022,MINNESOTA,27.0,FILLMORE,45,336081000,0.63,0.57
2022,MINNESOTA,27.0,GOODHUE,49,339139000,1.53,1.56
2022,MINNESOTA,27.0,HOUSTON,55,87780000,1.2,1.19
2022,MINNESOTA,27.0,MOWER,99,348518000,0.69,0.76
2022,MINNESOTA,27.0,OLMSTED,109,225715000,0.62,0.59
2022,MINNESOTA,27.0,WABASHA,157,133265000,0.53,0.52
2022,MINNESOTA,27.0,WINONA,169,151455000,0.52,0.45
2022,MINNESOTA,27.0,COTTONWOOD,33,353652000,1.36,1.36
2022,MINNESOTA,27.0,JACKSON,63,348611000,1.35,1.37
2022,MINNESOTA,27.0,LINCOLN,81,124923000,1.08,1.13
2022,MINNESOTA,27.0,LYON,83,311297000,1.51,1.54
2022,MINNESOTA,27.0,MURRAY,101,253460000,0.85,0.88
2022,MINNESOTA,27.0,NOBLES,105,292440000,0.6,0.65
2022,MINNESOTA,27.0,PIPESTONE,117,139438000,1.39,1.42
2022,MINNESOTA,27.0,REDWOOD,127,462562000,1.28,1.26
2022,MINNESOTA,27.0,ROCK,133,226806000,1.5,1.47
2022,MINNESOTA,27.0,BIG STONE,11,158655000,0.77,0.76
2022,MINNESOTA,27.0,CHIPPEWA,23,334319000,1.0,0.97
2022,MINNESOTA,27.0,DOUGLAS,41,133283000,0.6,0.61
2022,MINNESOTA,27.0,GRANT,51,253439000,0.95,1.01
2022,MINNESOTA,27.0,LAC QUI PARLE,73,289072000,1.34,1.34
2022,MINNESOTA,27.0,OTTER TAIL,111,336363000,0.6,0.62
2022,MINNESOTA,27.0,POPE,121,176399000,0.84,0.84
2022,MINNESOTA,27.0,STEVENS,149,256441000,-0.43,-0.44
2022,MINNESOTA,27.0,SWIFT,151,278222000,0.37,0.33
2022,MINNESOTA,27.0,TRAVERSE,155,199004000,1.03,0.99
2022,MINNESOTA,27.0,WILKIN,167,252735000,1.03,0.9
2022,MINNESOTA,27.0,YELLOW MEDICINE,173,278355000,1.1,1.05
2022,MISSISSIPPI,28.0,ATTALA,7,7321000,0.94,0.98
2022,MISSISSIPPI,28.0,CARROLL,15,22708000,0.74,0.74
2022,MISSISSIPPI,28.0,CHOCTAW,19,479000,1.41,1.44
2022,MISSISSIPPI,28.0,HOLMES,51,99467000,0.95,1.01
2022,MISSISSIPPI,28.0,LEAKE,79,5079000,1.48,1.45
2022,MISSISSIPPI,28.0,MADISON,89,35327000,1.46,1.49
2022,MISSISSIPPI,28.0,MONTGOMERY,97,16343000,0.88,0.85
2022,MISSISSIPPI,28.0,RANKIN,121,16936000,0.84,0.84
2022,MISSISSIPPI,28.0,SCOTT,123,5809000,0.69,0.75
2022,MISSISSIPPI,28.0,WEBSTER,155,16698000,1.03,0.99
2022,MISSISSIPPI,28.0,CHICKASAW,17,44806000,0.82,0.87
2022,MISSISSIPPI,28.0,CLAY,25,18115000,0.61,0.64
2022,MISSISSIPPI,28.0,KEMPER,69,970000,1.14,1.07
2022,MISSISSIPPI,28.0,LOWNDES,87,25429000,1.08,1.09
2022,MISSISSIPPI,28.0,MONROE,95,32172000,1.32,1.31
2022,MISSISSIPPI,28.0,NESHOBA,99,4185000,0.69,0.76
2022,MISSISSIPPI,28.0,NOXUBEE,103,91113000,1.42,1.43
2022,MISSISSIPPI,28.0,OKTIBBEHA,105,4697000,0.6,0.65
2022,MISSISSIPPI,28.0,WINSTON,159,2561000,0.45,0.35
2022,MISSISSIPPI,28.0,HUMPHREYS,53,124587000,0.82,0.83
2022,MISSISSIPPI,28.0,LEFLORE,83,215388000,1.51,1.54
2022,MISSISSIPPI,28.0,SHARKEY,125,122123000,1.19,1.2
2022,MISSISSIPPI,28.0,SUNFLOWER,133,299953000,1.5,1.47
2022,MISSISSIPPI,28.0,YAZOO,163,134176000,0.58,0.47
2022,MISSISSIPPI,28.0,BENTON,9,12872000,1.4,1.35
2022,MISSISSIPPI,28.0,CALHOUN,13,93270000,0.6,0.64
2022,MISSISSIPPI,28.0,DE SOTO,33,50292000,1.36,1.36
2022,MISSISSIPPI,28.0,GRENADA,43,14293000,1.26,1.23
2022,MISSISSIPPI,28.0,LAFAYETTE,71,7944000,1.3,1.33
2022,MISSISSIPPI,28.0,MARSHALL,93,25678000,1.56,1.56
2022,MISSISSIPPI,28.0,PANOLA,107,44111000,1.52,1.55
2022,MISSISSIPPI,28.0,TATE,137,25604000,0.27,0.27
2022,MISSISSIPPI,28.0,YALOBUSHA,161,22814000,1.11,1.06
2022,MISSISSIPPI,28.0,ALCORN,3,19715000,0.63,0.62
2022,MISSISSIPPI,28.0,ITAWAMBA,57,15552000,1.21,1.22
2022,MISSISSIPPI,28.0,LEE,81,29770000,1.08,1.13
2022,MISSISSIPPI,28.0,PONTOTOC,115,28831000,1.37,1.33
2022,MISSISSIPPI,28.0,PRENTISS,117,21930000,1.39,1.42
2022,MISSISSIPPI,28.0,TIPPAH,139,12912000,0.04,0.05
2022,MISSISSIPPI,28.0,TISHOMINGO,141,2105000,0.02,0.02
2022,MISSISSIPPI,28.0,UNION,145,21596000,-0.1,-0.05
2022,MISSISSIPPI,28.0,COVINGTON,31,6135000,0.48,0.43
2022,MISSISSIPPI,28.0,JEFFERSON DAVIS,65,2601000,0.83,0.86
2022,MISSISSIPPI,28.0,LAMAR,73,3062000,1.34,1.34
2022,MISSISSIPPI,28.0,LAWRENCE,77,5084000,1.37,1.35
2022,MISSISSIPPI,28.0,MARION,91,1854000,0.62,0.64
2022,MISSISSIPPI,28.0,PIKE,113,3386000,1.04,1.07
2022,MISSISSIPPI,28.0,SIMPSON,127,2375000,1.28,1.26
2022,MISSISSIPPI,28.0,SMITH,129,5312000,1.0,0.96
2022,MISSISSIPPI,28.0,WALTHALL,147,2126000,-0.2,-0.2
2022,MISSISSIPPI,28.0,CLARKE,23,11054000,1.0,0.97
2022,MISSISSIPPI,28.0,FORREST,35,4791000,0.77,0.83
2022,MISSISSIPPI,28.0,GEORGE,39,15884000,0.59,0.59
2022,MISSISSIPPI,28.0,GREENE,41,6101000,0.6,0.61
2022,MISSISSIPPI,28.0,HANCOCK,45,1530000,0.63,0.57
2022,MISSISSIPPI,28.0,HARRISON,47,1765000,0.39,0.41
2022,MISSISSIPPI,28.0,JACKSON,59,5670000,1.46,1.47
2022,MISSISSIPPI,28.0,JASPER,61,1160000,0.74,0.68
2022,MISSISSIPPI,28.0,JONES,67,3815000,0.75,0.72
2022,MISSISSIPPI,28.0,LAUDERDALE,75,1470000,1.18,1.22
2022,MISSISSIPPI,28.0,NEWTON,101,5772000,0.85,0.88
2022,MISSISSIPPI,28.0,PEARL RIVER,109,12342000,0.62,0.59
2022,MISSISSIPPI,28.0,PERRY,111,4462000,0.6,0.62
2022,MISSISSIPPI,28.0,STONE,131,11795000,0.51,0.54
2022,MISSISSIPPI,28.0,WAYNE,153,4334000,0.69,0.62
2022,MISSISSIPPI,28.0,ADAMS,1,6467000,0.75,0.79
2022,MISSISSIPPI,28.0,AMITE,5,2035000,0.56,0.55
2022,MISSISSIPPI,28.0,COPIAH,29,2404000,0.76,0.76
2022,MISSISSIPPI,28.0,FRANKLIN,37,1038000,0.7,0.76
2022,MISSISSIPPI,28.0,HINDS,49,29989000,1.53,1.56
2022,MISSISSIPPI,28.0,JEFFERSON,63,6811000,1.35,1.37
2022,MISSISSIPPI,28.0,LINCOLN,85,1898000,0.7,0.68
2022,MISSISSIPPI,28.0,WARREN,149,31849000,-0.43,-0.44
2022,MISSISSIPPI,28.0,WILKINSON,157,1409000,0.53,0.52
2022,MISSISSIPPI,28.0,BOLIVAR,11,346100000,0.77,0.76
2022,MISSISSIPPI,28.0,TALLAHATCHIE,135,164091000,0.36,0.32
2022,MISSOURI,29.0,BENTON,15,23414000,0.74,0.74
2022,MISSOURI,29.0,BOONE,19,66855000,1.41,1.44
2022,MISSOURI,29.0,CALLAWAY,27,64860000,0.68,0.67
2022,MISSOURI,29.0,CAMDEN,29,4214000,0.76,0.76
2022,MISSOURI,29.0,COLE,51,15032000,0.95,1.01
2022,MISSOURI,29.0,COOPER,53,90636000,0.82,0.83
2022,MISSOURI,29.0,DALLAS,59,8076000,1.46,1.47
2022,MISSOURI,29.0,HICKORY,85,10970000,0.7,0.68
2022,MISSOURI,29.0,HOWARD,89,65069000,1.46,1.49
2022,MISSOURI,29.0,LACLEDE,105,6214000,0.6,0.65
2022,MISSOURI,29.0,MARIES,125,5052000,1.19,1.2
2022,MISSOURI,29.0,MILLER,131,11796000,0.51,0.54
2022,MISSOURI,29.0,MONITEAU,135,24157000,0.36,0.32
2022,MISSOURI,29.0,MORGAN,141,20315000,0.02,0.02
2022,MISSOURI,29.0,OSAGE,151,27261000,0.37,0.33
2022,MISSOURI,29.0,PETTIS,159,99321000,0.45,0.35
2022,MISSOURI,29.0,PHELPS,161,3091000,1.11,1.06
2022,MISSOURI,29.0,POLK,167,12331000,1.03,0.9
2022,MISSOURI,29.0,PULASKI,169,2949000,0.52,0.45
2022,MISSOURI,29.0,SALINE,195,296704000,0.24,0.21
2022,MISSOURI,29.0,CRAWFORD,55,5004000,1.2,1.19
2022,MISSOURI,29.0,FRANKLIN,71,55150000,1.3,1.33
2022,MISSOURI,29.0,GASCONADE,73,15598000,1.34,1.34
2022,MISSOURI,29.0,JEFFERSON,99,16803000,0.69,0.76
2022,MISSOURI,29.0,LINCOLN,113,83142000,1.04,1.07
2022,MISSOURI,29.0,MONTGOMERY,139,86499000,0.04,0.05
2022,MISSOURI,29.0,PERRY,157,58484000,0.53,0.52
2022,MISSOURI,29.0,ST CHARLES,183,94844000,0.96,0.95
2022,MISSOURI,29.0,ST FRANCOIS,187,9809000,0.43,0.45
2022,MISSOURI,29.0,ST LOUIS,189,27140000,0.34,0.24
2022,MISSOURI,29.0,STE GENEVIEVE,186,42388000,0.39,0.31
2022,MISSOURI,29.0,WARREN,219,42949000,0.04,-0.02
2022,MISSOURI,29.0,WASHINGTON,221,1494000,0.0,-0.07
2022,MISSOURI,29.0,ADAIR,1,41745000,0.75,0.79
2022,MISSOURI,29.0,CARROLL,33,191532000,1.36,1.36
2022,MISSOURI,29.0,CHARITON,41,155453000,0.6,0.61
2022,MISSOURI,29.0,GRUNDY,79,83269000,1.48,1.45
2022,MISSOURI,29.0,LINN,115,88596000,1.37,1.33
2022,MISSOURI,29.0,LIVINGSTON,117,119559000,1.39,1.42
2022,MISSOURI,29.0,MACON,121,109216000,0.84,0.84
2022,MISSOURI,29.0,MERCER,129,50419000,1.0,0.96
2022,MISSOURI,29.0,PUTNAM,171,42531000,0.25,0.23
2022,MISSOURI,29.0,RANDOLPH,175,67601000,1.4,1.3
2022,MISSOURI,29.0,SCHUYLER,197,24790000,0.87,0.85
2022,MISSOURI,29.0,SULLIVAN,211,41264000,0.39,0.27
2022,MISSOURI,29.0,AUDRAIN,7,197676000,0.94,0.98
2022,MISSOURI,29.0,CLARK,45,81331000,0.63,0.57
2022,MISSOURI,29.0,KNOX,103,85370000,1.42,1.43
2022,MISSOURI,29.0,LEWIS,111,106133000,0.6,0.62
2022,MISSOURI,29.0,MARION,127,104206000,1.28,1.26
2022,MISSOURI,29.0,MONROE,137,118084000,0.27,0.27
2022,MISSOURI,29.0,PIKE,163,123226000,0.58,0.47
2022,MISSOURI,29.0,RALLS,173,92410000,1.1,1.05
2022,MISSOURI,29.0,SCOTLAND,199,76048000,0.3,0.32
2022,MISSOURI,29.0,SHELBY,205,128729000,0.65,0.59
2022,MISSOURI,29.0,ANDREW,3,83994000,0.63,0.62
2022,MISSOURI,29.0,ATCHISON,5,229210000,0.56,0.55
2022,MISSOURI,29.0,BUCHANAN,21,68936000,0.76,0.82
2022,MISSOURI,29.0,CALDWELL,25,66872000,0.61,0.64
2022,MISSOURI,29.0,CLAY,47,28416000,0.39,0.41
2022,MISSOURI,29.0,CLINTON,49,87774000,1.53,1.56
2022,MISSOURI,29.0,DAVIESS,61,122813000,0.74,0.68
2022,MISSOURI,29.0,DE KALB,63,74056000,1.35,1.37
2022,MISSOURI,29.0,GENTRY,75,76876000,1.18,1.22
2022,MISSOURI,29.0,HARRISON,81,109889000,1.08,1.13
2022,MISSOURI,29.0,HOLT,87,182478000,1.08,1.09
2022,MISSOURI,29.0,NODAWAY,147,194746000,-0.2,-0.2
2022,MISSOURI,29.0,PLATTE,165,68820000,0.44,0.37
2022,MISSOURI,29.0,RAY,177,98395000,0.51,0.44
2022,MISSOURI,29.0,WORTH,227,33615000,0.74,0.77
2022,MISSOURI,29.0,BOLLINGER,17,18570000,0.82,0.87
2022,MISSOURI,29.0,DENT,65,2861000,0.83,0.86
2022,MISSOURI,29.0,DOUGLAS,67,3268000,0.75,0.72
2022,MISSOURI,29.0,HOWELL,91,4979000,0.62,0.64
2022,MISSOURI,29.0,IRON,93,1303000,1.56,1.56
2022,MISSOURI,29.0,MADISON,123,2326000,0.69,0.75
2022,MISSOURI,29.0,OREGON,149,1383000,-0.43,-0.44
2022,MISSOURI,29.0,OZARK,153,2116000,0.69,0.62
2022,MISSOURI,29.0,REYNOLDS,179,467000,0.75,0.73
2022,MISSOURI,29.0,RIPLEY,181,13069000,0.09,-0.01
2022,MISSOURI,29.0,SHANNON,203,710000,0.36,0.36
2022,MISSOURI,29.0,TANEY,213,1172000,1.37,1.39
2022,MISSOURI,29.0,TEXAS,215,9838000,0.84,0.89
2022,MISSOURI,29.0,WAYNE,223,2709000,0.67,0.69
2022,MISSOURI,29.0,WEBSTER,225,8215000,0.54,0.46
2022,MISSOURI,29.0,WRIGHT,229,5196000,0.76,0.75
2022,MISSOURI,29.0,BUTLER,23,161013000,1.0,0.97
2022,MISSOURI,29.0,CAPE GIRARDEAU,31,93096000,0.48,0.43
2022,MISSOURI,29.0,DUNKLIN,69,292700000,1.14,1.07
2022,MISSOURI,29.0,MISSISSIPPI,133,209859000,1.5,1.47
2022,MISSOURI,29.0,PEMISCOT,155,233522000,1.03,0.99
2022,MISSOURI,29.0,SCOTT,201,169869000,0.71,0.68
2022,MISSOURI,29.0,STODDARD,207,315349000,0.37,0.34
2022,MISSOURI,29.0,BARRY,9,16198000,1.4,1.35
2022,MISSOURI,29.0,BARTON,11,84407000,0.77,0.76
2022,MISSOURI,29.0,CHRISTIAN,43,6389000,1.26,1.23
2022,MISSOURI,29.0,DADE,57,39667000,1.21,1.22
2022,MISSOURI,29.0,GREENE,77,9215000,1.37,1.35
2022,MISSOURI,29.0,JASPER,97,41274000,0.88,0.85
2022,MISSOURI,29.0,LAWRENCE,109,27965000,0.62,0.59
2022,MISSOURI,29.0,MCDONALD,119,4289000,0.87,0.92
2022,MISSOURI,29.0,NEWTON,145,13616000,-0.1,-0.05
2022,MISSOURI,29.0,STONE,209,3031000,1.77,1.72
2022,MISSOURI,29.0,BATES,13,124651000,0.6,0.64
2022,MISSOURI,29.0,CASS,37,106191000,0.7,0.76
2022,MISSOURI,29.0,CEDAR,39,12479000,0.59,0.59
2022,MISSOURI,29.0,HENRY,83,71859000,1.51,1.54
2022,MISSOURI,29.0,JACKSON,95,29838000,1.32,1.31
2022,MISSOURI,29.0,JOHNSON,101,99648000,0.85,0.88
2022,MISSOURI,29.0,LAFAYETTE,107,182446000,1.52,1.55
2022,MISSOURI,29.0,ST CLAIR,185,27152000,0.94,0.89
2022,MISSOURI,29.0,VERNON,217,92113000,0.43,0.34
2022,MONTANA,30.0,BROADWATER,7,30440000,0.94,0.98
2022,MONTANA,30.0,CASCADE,13,55302000,0.6,0.64
2022,MONTANA,30.0,FERGUS,27,69188000,0.68,0.67
2022,MONTANA,30.0,GOLDEN VALLEY,37,14161000,0.7,0.76
2022,MONTANA,30.0,JUDITH BASIN,45,29335000,0.63,0.57
2022,MONTANA,30.0,LEWIS AND CLARK,49,19830000,1.53,1.56
2022,MONTANA,30.0,MEAGHER,59,6839000,1.46,1.47
2022,MONTANA,30.0,MUSSELSHELL,65,12148000,0.83,0.86
2022,MONTANA,30.0,PETROLEUM,69,7337000,1.14,1.07
2022,MONTANA,30.0,WHEATLAND,107,11218000,1.52,1.55
2022,MONTANA,30.0,BLAINE,5,54460000,0.56,0.55
2022,MONTANA,30.0,CHOUTEAU,15,174003000,0.74,0.74
2022,MONTANA,30.0,GLACIER,35,58048000,0.77,0.83
2022,MONTANA,30.0,HILL,41,159760000,0.6,0.61
2022,MONTANA,30.0,LIBERTY,51,84238000,0.95,1.01
2022,MONTANA,30.0,PHILLIPS,71,32839000,1.3,1.33
2022,MONTANA,30.0,PONDERA,73,70697000,1.34,1.34
2022,MONTANA,30.0,TETON,99,88401000,0.69,0.76
2022,MONTANA,30.0,TOOLE,101,98653000,0.85,0.88
2022,MONTANA,30.0,DANIELS,19,97409000,1.41,1.44
2022,MONTANA,30.0,DAWSON,21,73886000,0.76,0.82
2022,MONTANA,30.0,GARFIELD,33,27708000,1.36,1.36
2022,MONTANA,30.0,MCCONE,55,86340000,1.2,1.19
2022,MONTANA,30.0,RICHLAND,83,76822000,1.51,1.54
2022,MONTANA,30.0,ROOSEVELT,85,133626000,0.7,0.68
2022,MONTANA,30.0,SHERIDAN,91,183014000,0.62,0.64
2022,MONTANA,30.0,VALLEY,105,100912000,0.6,0.65
2022,MONTANA,30.0,DEER LODGE,23,898000,1.0,0.97
2022,MONTANA,30.0,FLATHEAD,29,46580000,0.76,0.76
2022,MONTANA,30.0,GRANITE,39,2645000,0.59,0.59
2022,MONTANA,30.0,LAKE,47,38669000,0.39,0.41
2022,MONTANA,30.0,LINCOLN,53,2056000,0.82,0.83
2022,MONTANA,30.0,MINERAL,61,400000,0.74,0.68
2022,MONTANA,30.0,MISSOULA,63,5695000,1.35,1.37
2022,MONTANA,30.0,POWELL,77,6105000,1.37,1.35
2022,MONTANA,30.0,RAVALLI,81,17793000,1.08,1.13
2022,MONTANA,30.0,SANDERS,89,4479000,1.46,1.49
2022,MONTANA,30.0,BIG HORN,3,60638000,0.63,0.62
2022,MONTANA,30.0,CARBON,9,31815000,1.4,1.35
2022,MONTANA,30.0,PARK,67,12483000,0.75,0.72
2022,MONTANA,30.0,STILLWATER,95,21382000,1.32,1.31
2022,MONTANA,30.0,SWEET GRASS,97,4851000,0.88,0.85
2022,MONTANA,30.0,TREASURE,103,35685000,1.42,1.43
2022,MONTANA,30.0,YELLOWSTONE,111,56618000,0.6,0.62
2022,MONTANA,30.0,CARTER,11,15345000,0.77,0.76
2022,MONTANA,30.0,CUSTER,17,17504000,0.82,0.87
2022,MONTANA,30.0,FALLON,25,20115000,0.61,0.64
2022,MONTANA,30.0,POWDER RIVER,75,9470000,1.18,1.22
2022,MONTANA,30.0,PRAIRIE,79,8009000,1.48,1.45
2022,MONTANA,30.0,ROSEBUD,87,24693000,1.08,1.09
2022,MONTANA,30.0,WIBAUX,109,17562000,0.62,0.59
2022,MONTANA,30.0,BEAVERHEAD,1,30019000,0.75,0.79
2022,MONTANA,30.0,GALLATIN,31,109772000,0.48,0.43
2022,MONTANA,30.0,JEFFERSON,43,3901000,1.26,1.23
2022,MONTANA,30.0,MADISON,57,20344000,1.21,1.22
2022,MONTANA,30.0,SILVER BOW,93,1313000,1.56,1.56
2022,NEBRASKA,31.0,BUFFALO,19,348554000,1.41,1.44
2022,NEBRASKA,31.0,CUSTER,41,406159000,0.6,0.61
2022,NEBRASKA,31.0,DAWSON,47,362528000,0.39,0.41
2022,NEBRASKA,31.0,GREELEY,77,62887000,1.37,1.35
2022,NEBRASKA,31.0,HALL,79,240881000,1.48,1.45
2022,NEBRASKA,31.0,HOWARD,93,111340000,1.56,1.56
2022,NEBRASKA,31.0,SHERMAN,163,99522000,0.58,0.47
2022,NEBRASKA,31.0,VALLEY,175,93223000,1.4,1.3
2022,NEBRASKA,31.0,BUTLER,23,257401000,1.0,0.97
2022,NEBRASKA,31.0,CASS,25,191375000,0.61,0.64
2022,NEBRASKA,31.0,COLFAX,37,151662000,0.7,0.76
2022,NEBRASKA,31.0,DODGE,53,272319000,0.82,0.83
2022,NEBRASKA,31.0,DOUGLAS,55,57426000,1.2,1.19
2022,NEBRASKA,31.0,HAMILTON,81,339645000,1.08,1.13
2022,NEBRASKA,31.0,LANCASTER,109,202777000,0.62,0.59
2022,NEBRASKA,31.0,MERRICK,121,149746000,0.84,0.84
2022,NEBRASKA,31.0,NANCE,125,63940000,1.19,1.2
2022,NEBRASKA,31.0,PLATTE,141,329147000,0.02,0.02
2022,NEBRASKA,31.0,POLK,143,183554000,-0.08,-0.08
2022,NEBRASKA,31.0,SARPY,153,41604000,0.69,0.62
2022,NEBRASKA,31.0,SAUNDERS,155,330729000,1.03,0.99
2022,NEBRASKA,31.0,SEWARD,159,251081000,0.45,0.35
2022,NEBRASKA,31.0,WASHINGTON,177,129122000,0.51,0.44
2022,NEBRASKA,31.0,YORK,185,346244000,0.94,0.89
2022,NEBRASKA,31.0,ARTHUR,5,9074000,0.56,0.55
2022,NEBRASKA,31.0,BLAINE,9,2591000,1.4,1.35
2022,NEBRASKA,31.0,BOYD,15,27729000,0.74,0.74
2022,NEBRASKA,31.0,BROWN,17,50433000,0.82,0.87
2022,NEBRASKA,31.0,CHERRY,31,57847000,0.48,0.43
2022,NEBRASKA,31.0,GARFIELD,71,13747000,1.3,1.33
2022,NEBRASKA,31.0,GRANT,75,378000,1.18,1.22
2022,NEBRASKA,31.0,HOLT,89,405545000,1.46,1.49
2022,NEBRASKA,31.0,HOOKER,91,813000,0.62,0.64
2022,NEBRASKA,31.0,KEYA PAHA,103,31181000,1.42,1.43
2022,NEBRASKA,31.0,LOGAN,113,10504000,1.04,1.07
2022,NEBRASKA,31.0,LOUP,115,8176000,1.37,1.33
2022,NEBRASKA,31.0,MCPHERSON,117,2045000,1.39,1.42
2022,NEBRASKA,31.0,ROCK,149,50032000,-0.43,-0.44
2022,NEBRASKA,31.0,THOMAS,171,2408000,0.25,0.23
2022,NEBRASKA,31.0,WHEELER,183,49581000,0.96,0.95
2022,NEBRASKA,31.0,ANTELOPE,3,369607000,0.63,0.62
2022,NEBRASKA,31.0,BOONE,11,285075000,0.77,0.76
2022,NEBRASKA,31.0,BURT,21,165655000,0.76,0.82
2022,NEBRASKA,31.0,CEDAR,27,307503000,0.68,0.67
2022,NEBRASKA,31.0,CUMING,39,236936000,0.59,0.59
2022,NEBRASKA,31.0,DAKOTA,43,119656000,1.26,1.23
2022,NEBRASKA,31.0,DIXON,51,140007000,0.95,1.01
2022,NEBRASKA,31.0,KNOX,107,160837000,1.52,1.55
2022,NEBRASKA,31.0,MADISON,119,216104000,0.87,0.92
2022,NEBRASKA,31.0,PIERCE,139,167609000,0.04,0.05
2022,NEBRASKA,31.0,STANTON,167,122622000,1.03,0.9
2022,NEBRASKA,31.0,THURSTON,173,97986000,1.1,1.05
2022,NEBRASKA,31.0,WAYNE,179,186863000,0.75,0.73
2022,NEBRASKA,31.0,BANNER,7,23993000,0.94,0.98
2022,NEBRASKA,31.0,BOX BUTTE,13,165028000,0.6,0.64
2022,NEBRASKA,31.0,CHEYENNE,33,62457000,1.36,1.36
2022,NEBRASKA,31.0,DAWES,45,18022000,0.63,0.57
2022,NEBRASKA,31.0,DEUEL,49,32444000,1.53,1.56
2022,NEBRASKA,31.0,GARDEN,69,44115000,1.14,1.07
2022,NEBRASKA,31.0,KIMBALL,105,36631000,0.6,0.65
2022,NEBRASKA,31.0,MORRILL,123,113207000,0.69,0.75
2022,NEBRASKA,31.0,SCOTTS BLUFF,157,138927000,0.53,0.52
2022,NEBRASKA,31.0,SHERIDAN,161,75297000,1.11,1.06
2022,NEBRASKA,31.0,SIOUX,165,17989000,0.44,0.37
2022,NEBRASKA,31.0,ADAMS,1,290211000,0.75,0.79
2022,NEBRASKA,31.0,FRANKLIN,61,115020000,0.74,0.68
2022,NEBRASKA,31.0,FURNAS,65,134433000,0.83,0.86
2022,NEBRASKA,31.0,GOSPER,73,107454000,1.34,1.34
2022,NEBRASKA,31.0,HARLAN,83,111900000,1.51,1.54
2022,NEBRASKA,31.0,KEARNEY,99,306116000,0.69,0.76
2022,NEBRASKA,31.0,PHELPS,137,259214000,0.27,0.27
2022,NEBRASKA,31.0,WEBSTER,181,150754000,0.09,-0.01
2022,NEBRASKA,31.0,CLAY,35,324180000,0.77,0.83
2022,NEBRASKA,31.0,FILLMORE,59,345881000,1.46,1.47
2022,NEBRASKA,31.0,GAGE,67,276147000,0.75,0.72
2022,NEBRASKA,31.0,JEFFERSON,95,173862000,1.32,1.31
2022,NEBRASKA,31.0,JOHNSON,97,36806000,0.88,0.85
2022,NEBRASKA,31.0,NEMAHA,127,161832000,1.28,1.26
2022,NEBRASKA,31.0,NUCKOLLS,129,171533000,1.0,0.96
2022,NEBRASKA,31.0,OTOE,131,195980000,0.51,0.54
2022,NEBRASKA,31.0,PAWNEE,133,64135000,1.5,1.47
2022,NEBRASKA,31.0,RICHARDSON,147,195141000,-0.2,-0.2
2022,NEBRASKA,31.0,SALINE,151,192359000,0.37,0.33
2022,NEBRASKA,31.0,THAYER,169,251926000,0.52,0.45
2022,NEBRASKA,31.0,CHASE,29,179801000,0.76,0.76
2022,NEBRASKA,31.0,DUNDY,57,71693000,1.21,1.22
2022,NEBRASKA,31.0,FRONTIER,63,100854000,1.35,1.37
2022,NEBRASKA,31.0,HAYES,85,54086000,0.7,0.68
2022,NEBRASKA,31.0,HITCHCOCK,87,33304000,1.08,1.09
2022,NEBRASKA,31.0,KEITH,101,94500000,0.85,0.88
2022,NEBRASKA,31.0,LINCOLN,111,321131000,0.6,0.62
2022,NEBRASKA,31.0,PERKINS,135,169081000,0.36,0.32
2022,NEBRASKA,31.0,RED WILLOW,145,69113000,-0.1,-0.05
2022,NEVADA,32.0,ELKO,7,8739000,0.94,0.98
2022,NEVADA,32.0,EUREKA,11,28792000,0.77,0.76
2022,NEVADA,32.0,LANDER,15,36205000,0.74,0.74
2022,NEVADA,32.0,WHITE PINE,33,19103000,1.36,1.36
2022,NEVADA,32.0,CHURCHILL,1,21635000,0.75,0.79
2022,NEVADA,32.0,DOUGLAS,5,6614000,0.56,0.55
2022,NEVADA,32.0,HUMBOLDT,13,103396000,0.6,0.64
2022,NEVADA,32.0,LYON,19,117790000,1.41,1.44
2022,NEVADA,32.0,PERSHING,27,33091000,0.68,0.67
2022,NEVADA,32.0,WASHOE,31,8960000,0.48,0.43
2022,NEVADA,32.0,CLARK,3,5167000,0.63,0.62
2022,NEVADA,32.0,ESMERALDA,9,13724000,1.4,1.35
2022,NEVADA,32.0,LINCOLN,17,18801000,0.82,0.87
2022,NEVADA,32.0,MINERAL,21,3185000,0.76,0.82
2022,NEW HAMPSHIRE,33.0,BELKNAP,1,5382000,0.75,0.79
2022,NEW HAMPSHIRE,33.0,CARROLL,3,4218000,0.63,0.62
2022,NEW HAMPSHIRE,33.0,CHESHIRE,5,10864000,0.56,0.55
2022,NEW HAMPSHIRE,33.0,COOS,7,6980000,0.94,0.98
2022,NEW HAMPSHIRE,33.0,GRAFTON,9,8584000,1.4,1.35
2022,NEW HAMPSHIRE,33.0,HILLSBOROUGH,11,20137000,0.77,0.76
2022,NEW HAMPSHIRE,33.0,MERRIMACK,13,54033000,0.6,0.64
2022,NEW HAMPSHIRE,33.0,ROCKINGHAM,15,15308000,0.74,0.74
2022,NEW HAMPSHIRE,33.0,STRAFFORD,17,9287000,0.82,0.87
2022,NEW HAMPSHIRE,33.0,SULLIVAN,19,9552000,1.41,1.44
2022,NEW JERSEY,34.0,BURLINGTON,5,129776000,0.56,0.55
2022,NEW JERSEY,34.0,MERCER,21,22719000,0.76,0.82
2022,NEW JERSEY,34.0,MIDDLESEX,23,39052000,1.0,0.97
2022,NEW JERSEY,34.0,MONMOUTH,25,98544000,0.61,0.64
2022,NEW JERSEY,34.0,OCEAN,29,21914000,0.76,0.76
2022,NEW JERSEY,34.0,BERGEN,3,10320000,0.63,0.62
2022,NEW JERSEY,34.0,ESSEX,13,4087000,0.6,0.64
2022,NEW JERSEY,34.0,HUNTERDON,19,98793000,1.41,1.44
2022,NEW JERSEY,34.0,MORRIS,27,30264000,0.68,0.67
2022,NEW JERSEY,34.0,PASSAIC,31,4408000,0.48,0.43
2022,NEW JERSEY,34.0,SOMERSET,35,19492000,0.77,0.83
2022,NEW JERSEY,34.0,SUSSEX,37,21089000,0.7,0.76
2022,NEW JERSEY,34.0,WARREN,41,104822000,0.6,0.61
2022,NEW JERSEY,34.0,ATLANTIC,1,146042000,0.75,0.79
2022,NEW JERSEY,34.0,CAMDEN,7,33903000,0.94,0.98
2022,NEW JERSEY,34.0,CAPE MAY,9,14517000,1.4,1.35
2022,NEW JERSEY,34.0,CUMBERLAND,11,301111000,0.77,0.76
2022,NEW JERSEY,34.0,GLOUCESTER,15,130578000,0.74,0.74
2022,NEW JERSEY,34.0,SALEM,33,121321000,1.36,1.36
2022,NEW MEXICO,35.0,COLFAX,7,1304000,0.94,0.98
2022,NEW MEXICO,35.0,CURRY,9,54407000,1.4,1.35
2022,NEW MEXICO,35.0,DE BACA,11,6253000,0.77,0.76
2022,NEW MEXICO,35.0,GUADALUPE,19,307000,1.41,1.44
2022,NEW MEXICO,35.0,HARDING,21,125000,0.76,0.82
2022,NEW MEXICO,35.0,MORA,33,3392000,1.36,1.36
2022,NEW MEXICO,35.0,QUAY,37,10299000,0.7,0.76
2022,NEW MEXICO,35.0,ROOSEVELT,41,41442000,0.6,0.61
2022,NEW MEXICO,35.0,SAN MIGUEL,47,1687000,0.39,0.41
2022,NEW MEXICO,35.0,TORRANCE,57,12269000,1.21,1.22
2022,NEW MEXICO,35.0,UNION,59,21341000,1.46,1.47
2022,NEW MEXICO,35.0,BERNALILLO,1,10516000,0.75,0.79
2022,NEW MEXICO,35.0,CIBOLA,6,955000,-0.8,-0.95
2022,NEW MEXICO,35.0,MCKINLEY,31,939000,0.48,0.43
2022,NEW MEXICO,35.0,RIO ARRIBA,39,12360000,0.59,0.59
2022,NEW MEXICO,35.0,SAN JUAN,45,120763000,0.63,0.57
2022,NEW MEXICO,35.0,SANDOVAL,43,5561000,1.26,1.23
2022,NEW MEXICO,35.0,SANTA FE,49,12151000,1.53,1.56
2022,NEW MEXICO,35.0,TAOS,55,3484000,1.2,1.19
2022,NEW MEXICO,35.0,VALENCIA,61,9290000,0.74,0.68
2022,NEW MEXICO,35.0,CHAVES,5,82855000,0.56,0.55
2022,NEW MEXICO,35.0,DONA ANA,13,227640000,0.6,0.64
2022,NEW MEXICO,35.0,EDDY,15,53937000,0.74,0.74
2022,NEW MEXICO,35.0,LEA,25,46824000,0.61,0.64
2022,NEW MEXICO,35.0,LINCOLN,27,690000,0.68,0.67
2022,NEW MEXICO,35.0,OTERO,35,14331000,0.77,0.83
2022,NEW MEXICO,35.0,CATRON,3,188000,0.63,0.62
2022,NEW MEXICO,35.0,GRANT,17,1269000,0.82,0.87
2022,NEW MEXICO,35.0,HIDALGO,23,21238000,1.0,0.97
2022,NEW MEXICO,35.0,LUNA,29,97220000,0.76,0.76
2022,NEW MEXICO,35.0,SIERRA,51,14566000,0.95,1.01
2022,NEW MEXICO,35.0,SOCORRO,53,6323000,0.82,0.83
2022,NEW YORK,36.0,CAYUGA,11,105227000,0.77,0.76
2022,NEW YORK,36.0,CHENANGO,17,39469000,0.82,0.87
2022,NEW YORK,36.0,CORTLAND,23,18281000,1.0,0.97
2022,NEW YORK,36.0,HERKIMER,43,17199000,1.26,1.23
2022,NEW YORK,36.0,MADISON,53,79727000,0.82,0.83
2022,NEW YORK,36.0,ONEIDA,65,68800000,0.83,0.86
2022,NEW YORK,36.0,ONONDAGA,67,73721000,0.75,0.72
2022,NEW YORK,36.0,OSWEGO,75,30584000,1.18,1.22
2022,NEW YORK,36.0,OTSEGO,77,33325000,1.37,1.35
2022,NEW YORK,36.0,ALBANY,1,33908000,0.75,0.79
2022,NEW YORK,36.0,FULTON,35,5151000,0.77,0.83
2022,NEW YORK,36.0,MONTGOMERY,57,26898000,1.21,1.22
2022,NEW YORK,36.0,RENSSELAER,83,27630000,1.51,1.54
2022,NEW YORK,36.0,SARATOGA,91,37814000,0.62,0.64
2022,NEW YORK,36.0,SCHENECTADY,93,4301000,1.56,1.56
2022,NEW YORK,36.0,SCHOHARIE,95,19359000,1.32,1.31
2022,NEW YORK,36.0,WASHINGTON,115,31117000,1.37,1.33
2022,NEW YORK,36.0,NASSAU,59,2781000,1.46,1.47
2022,NEW YORK,36.0,NEW YORK,61,21000,0.74,0.68
2022,NEW YORK,36.0,RICHMOND,85,79000,0.7,0.68
2022,NEW YORK,36.0,SUFFOLK,103,339806000,1.42,1.43
2022,NEW YORK,36.0,CLINTON,19,58539000,1.41,1.44
2022,NEW YORK,36.0,ESSEX,31,9577000,0.48,0.43
2022,NEW YORK,36.0,FRANKLIN,33,25270000,1.36,1.36
2022,NEW YORK,36.0,HAMILTON,41,238000,0.6,0.61
2022,NEW YORK,36.0,WARREN,113,2097000,1.04,1.07
2022,NEW YORK,36.0,JEFFERSON,45,75329000,0.63,0.57
2022,NEW YORK,36.0,LEWIS,49,24748000,1.53,1.56
2022,NEW YORK,36.0,ST LAWRENCE,89,38317000,1.46,1.49
2022,NEW YORK,36.0,COLUMBIA,21,58056000,0.76,0.82
2022,NEW YORK,36.0,DELAWARE,25,16418000,0.61,0.64
2022,NEW YORK,36.0,DUTCHESS,27,29405000,0.68,0.67
2022,NEW YORK,36.0,GREENE,39,10091000,0.59,0.59
2022,NEW YORK,36.0,ORANGE,71,73397000,1.3,1.33
2022,NEW YORK,36.0,PUTNAM,79,1294000,1.48,1.45
2022,NEW YORK,36.0,SULLIVAN,105,6663000,0.6,0.65
2022,NEW YORK,36.0,ULSTER,111,95184000,0.6,0.62
2022,NEW YORK,36.0,WESTCHESTER,119,4838000,0.87,0.92
2022,NEW YORK,36.0,BROOME,7,15850000,0.94,0.98
2022,NEW YORK,36.0,CHEMUNG,15,14544000,0.74,0.74
2022,NEW YORK,36.0,SCHUYLER,97,23001000,0.88,0.85
2022,NEW YORK,36.0,TIOGA,107,21806000,1.52,1.55
2022,NEW YORK,36.0,TOMPKINS,109,28842000,0.62,0.59
2022,NEW YORK,36.0,ALLEGANY,3,24346000,0.63,0.62
2022,NEW YORK,36.0,CATTARAUGUS,9,27519000,1.4,1.35
2022,NEW YORK,36.0,CHAUTAUQUA,13,105736000,0.6,0.64
2022,NEW YORK,36.0,STEUBEN,101,85384000,0.85,0.88
2022,NEW YORK,36.0,ERIE,29,80609000,0.76,0.76
2022,NEW YORK,36.0,GENESEE,37,121078000,0.7,0.76
2022,NEW YORK,36.0,LIVINGSTON,51,85474000,0.95,1.01
2022,NEW YORK,36.0,MONROE,55,91147000,1.2,1.19
2022,NEW YORK,36.0,NIAGARA,63,87468000,1.35,1.37
2022,NEW YORK,36.0,ONTARIO,69,97595000,1.14,1.07
2022,NEW YORK,36.0,ORLEANS,73,212385000,1.34,1.34
2022,NEW YORK,36.0,SENECA,99,62725000,0.69,0.76
2022,NEW YORK,36.0,WAYNE,117,267565000,1.39,1.42
2022,NEW YORK,36.0,WYOMING,121,83160000,0.84,0.84
2022,NEW YORK,36.0,YATES,123,66304000,0.69,0.75
2022,NORTH CAROLINA,37.0,BEAUFORT,13,106660000,0.6,0.64
2022,NORTH CAROLINA,37.0,CRAVEN,49,52164000,1.53,1.56
2022,NORTH CAROLINA,37.0,GREENE,79,85975000,1.48,1.45
2022,NORTH CAROLINA,37.0,JOHNSTON,101,155800000,0.85,0.88
2022,NORTH CAROLINA,37.0,JONES,103,34364000,1.42,1.43
2022,NORTH CAROLINA,37.0,LENOIR,107,93924000,1.52,1.55
2022,NORTH CAROLINA,37.0,PAMLICO,137,31587000,0.27,0.27
2022,NORTH CAROLINA,37.0,PITT,147,120972000,-0.2,-0.2
2022,NORTH CAROLINA,37.0,WAYNE,191,117126000,0.34,0.37
2022,NORTH CAROLINA,37.0,WILSON,195,172402000,0.24,0.21
2022,NORTH CAROLINA,37.0,ALEXANDER,3,11853000,0.63,0.62
2022,NORTH CAROLINA,37.0,CATAWBA,35,31383000,0.77,0.83
2022,NORTH CAROLINA,37.0,CHATHAM,37,16881000,0.7,0.76
2022,NORTH CAROLINA,37.0,DAVIDSON,57,14484000,1.21,1.22
2022,NORTH CAROLINA,37.0,DAVIE,59,22457000,1.46,1.47
2022,NORTH CAROLINA,37.0,IREDELL,97,34967000,0.88,0.85
2022,NORTH CAROLINA,37.0,LEE,105,16343000,0.6,0.65
2022,NORTH CAROLINA,37.0,RANDOLPH,151,25602000,0.37,0.33
2022,NORTH CAROLINA,37.0,ROWAN,159,52416000,0.45,0.35
2022,NORTH CAROLINA,37.0,WAKE,183,52751000,0.96,0.95
2022,NORTH CAROLINA,37.0,BERTIE,15,117711000,0.74,0.74
2022,NORTH CAROLINA,37.0,CHOWAN,41,70779000,0.6,0.61
2022,NORTH CAROLINA,37.0,CURRITUCK,53,29465000,0.82,0.83
2022,NORTH CAROLINA,37.0,DARE,55,163000,1.2,1.19
2022,NORTH CAROLINA,37.0,EDGECOMBE,65,134856000,0.83,0.86
2022,NORTH CAROLINA,37.0,GATES,73,38555000,1.34,1.34
2022,NORTH CAROLINA,37.0,HALIFAX,83,107765000,1.51,1.54
2022,NORTH CAROLINA,37.0,HERTFORD,91,43220000,0.62,0.64
2022,NORTH CAROLINA,37.0,MARTIN,117,91943000,1.39,1.42
2022,NORTH CAROLINA,37.0,NASH,127,121691000,1.28,1.26
2022,NORTH CAROLINA,37.0,NORTHAMPTON,131,89122000,0.51,0.54
2022,NORTH CAROLINA,37.0,PASQUOTANK,139,79140000,0.04,0.05
2022,NORTH CAROLINA,37.0,PERQUIMANS,143,61603000,-0.08,-0.08
2022,NORTH CAROLINA,37.0,WASHINGTON,187,70565000,0.43,0.45
2022,NORTH CAROLINA,37.0,ALLEGHANY,5,42120000,0.56,0.55
2022,NORTH CAROLINA,37.0,ASHE,9,65768000,1.4,1.35
2022,NORTH CAROLINA,37.0,AVERY,11,25379000,0.77,0.76
2022,NORTH CAROLINA,37.0,CALDWELL,27,21865000,0.68,0.67
2022,NORTH CAROLINA,37.0,SURRY,171,45634000,0.25,0.23
2022,NORTH CAROLINA,37.0,WILKES,193,19478000,0.52,0.45
2022,NORTH CAROLINA,37.0,YADKIN,197,48274000,0.87,0.85
2022,NORTH CAROLINA,37.0,ALAMANCE,1,11359000,0.75,0.79
2022,NORTH CAROLINA,37.0,CASWELL,33,16416000,1.36,1.36
2022,NORTH CAROLINA,37.0,DURHAM,63,9617000,1.35,1.37
2022,NORTH CAROLINA,37.0,FORSYTH,67,13237000,0.75,0.72
2022,NORTH CAROLINA,37.0,FRANKLIN,69,51043000,1.14,1.07
2022,NORTH CAROLINA,37.0,GRANVILLE,77,21079000,1.37,1.35
2022,NORTH CAROLINA,37.0,GUILFORD,81,46301000,1.08,1.13
2022,NORTH CAROLINA,37.0,ORANGE,135,17548000,0.36,0.32
2022,NORTH CAROLINA,37.0,ROCKINGHAM,157,18600000,0.53,0.52
2022,NORTH CAROLINA,37.0,STOKES,169,12332000,0.52,0.45
2022,NORTH CAROLINA,37.0,VANCE,181,12262000,0.09,-0.01
2022,NORTH CAROLINA,37.0,WARREN,185,14987000,0.94,0.89
2022,NORTH CAROLINA,37.0,BLADEN,17,86454000,0.82,0.87
2022,NORTH CAROLINA,37.0,BRUNSWICK,19,29591000,1.41,1.44
2022,NORTH CAROLINA,37.0,COLUMBUS,47,61447000,0.39,0.41
2022,NORTH CAROLINA,37.0,CUMBERLAND,51,28667000,0.95,1.01
2022,NORTH CAROLINA,37.0,DUPLIN,61,140293000,0.74,0.68
2022,NORTH CAROLINA,37.0,HARNETT,85,89274000,0.7,0.68
2022,NORTH CAROLINA,37.0,HOKE,93,13008000,1.56,1.56
2022,NORTH CAROLINA,37.0,NEW HANOVER,129,2334000,1.0,0.96
2022,NORTH CAROLINA,37.0,ONSLOW,133,34333000,1.5,1.47
2022,NORTH CAROLINA,37.0,PENDER,141,66931000,0.02,0.02
2022,NORTH CAROLINA,37.0,ROBESON,155,118850000,1.03,0.99
2022,NORTH CAROLINA,37.0,SAMPSON,163,263927000,0.58,0.47
2022,NORTH CAROLINA,37.0,SCOTLAND,165,18176000,0.44,0.37
2022,NORTH CAROLINA,37.0,ANSON,7,18371000,0.94,0.98
2022,NORTH CAROLINA,37.0,CABARRUS,25,22809000,0.61,0.64
2022,NORTH CAROLINA,37.0,CLEVELAND,45,23286000,0.63,0.57
2022,NORTH CAROLINA,37.0,GASTON,71,8318000,1.3,1.33
2022,NORTH CAROLINA,37.0,LINCOLN,109,12050000,0.62,0.59
2022,NORTH CAROLINA,37.0,MONTGOMERY,123,15766000,0.69,0.75
2022,NORTH CAROLINA,37.0,MOORE,125,26447000,1.19,1.2
2022,NORTH CAROLINA,37.0,RICHMOND,153,6086000,0.69,0.62
2022,NORTH CAROLINA,37.0,STANLY,167,42033000,1.03,0.9
2022,NORTH CAROLINA,37.0,UNION,179,125307000,0.75,0.73
2022,NORTH CAROLINA,37.0,BUNCOMBE,21,22341000,0.76,0.82
2022,NORTH CAROLINA,37.0,CHEROKEE,39,3113000,0.59,0.59
2022,NORTH CAROLINA,37.0,CLAY,43,1835000,1.26,1.23
2022,NORTH CAROLINA,37.0,GRAHAM,75,216000,1.18,1.22
2022,NORTH CAROLINA,37.0,HAYWOOD,87,7342000,1.08,1.09
2022,NORTH CAROLINA,37.0,HENDERSON,89,100843000,1.46,1.49
2022,NORTH CAROLINA,37.0,JACKSON,99,19629000,0.69,0.76
2022,NORTH CAROLINA,37.0,MACON,113,4011000,1.04,1.07
2022,NORTH CAROLINA,37.0,MCDOWELL,111,9710000,0.6,0.62
2022,NORTH CAROLINA,37.0,MITCHELL,121,2170000,0.84,0.84
2022,NORTH CAROLINA,37.0,POLK,149,5139000,-0.43,-0.44
2022,NORTH CAROLINA,37.0,RUTHERFORD,161,5093000,1.11,1.06
2022,NORTH CAROLINA,37.0,SWAIN,173,490000,1.1,1.05
2022,NORTH CAROLINA,37.0,TRANSYLVANIA,175,6472000,1.4,1.3
2022,NORTH CAROLINA,37.0,YANCEY,199,4345000,0.3,0.32
2022,NORTH DAKOTA,38.0,EDDY,27,96564000,0.68,0.67
2022,NORTH DAKOTA,38.0,FOSTER,31,130506000,0.48,0.43
2022,NORTH DAKOTA,38.0,KIDDER,43,151240000,1.26,1.23
2022,NORTH DAKOTA,38.0,SHERIDAN,83,123281000,1.51,1.54
2022,NORTH DAKOTA,38.0,STUTSMAN,93,363371000,1.56,1.56
2022,NORTH DAKOTA,38.0,WELLS,103,287326000,1.42,1.43
2022,NORTH DAKOTA,38.0,BARNES,3,311219000,0.63,0.62
2022,NORTH DAKOTA,38.0,CASS,17,595527000,0.82,0.87
2022,NORTH DAKOTA,38.0,GRIGGS,39,114519000,0.59,0.59
2022,NORTH DAKOTA,38.0,STEELE,91,181938000,0.62,0.64
2022,NORTH DAKOTA,38.0,TRAILL,97,345608000,0.88,0.85
2022,NORTH DAKOTA,38.0,BENSON,5,219800000,0.56,0.55
2022,NORTH DAKOTA,38.0,BOTTINEAU,9,332874000,1.4,1.35
2022,NORTH DAKOTA,38.0,MCHENRY,49,185835000,1.53,1.56
2022,NORTH DAKOTA,38.0,PIERCE,69,127407000,1.14,1.07
2022,NORTH DAKOTA,38.0,ROLETTE,79,136255000,1.48,1.45
2022,NORTH DAKOTA,38.0,GRAND FORKS,35,399874000,0.77,0.83
2022,NORTH DAKOTA,38.0,NELSON,63,160858000,1.35,1.37
2022,NORTH DAKOTA,38.0,PEMBINA,67,437430000,0.75,0.72
2022,NORTH DAKOTA,38.0,RAMSEY,71,239466000,1.3,1.33
2022,NORTH DAKOTA,38.0,TOWNER,95,199783000,1.32,1.31
2022,NORTH DAKOTA,38.0,WALSH,99,461855000,0.69,0.76
2022,NORTH DAKOTA,38.0,BURKE,13,105009000,0.6,0.64
2022,NORTH DAKOTA,38.0,DIVIDE,23,132211000,1.0,0.97
2022,NORTH DAKOTA,38.0,MOUNTRAIL,61,207233000,0.74,0.68
2022,NORTH DAKOTA,38.0,RENVILLE,75,193045000,1.18,1.22
2022,NORTH DAKOTA,38.0,WARD,101,340035000,0.85,0.88
2022,NORTH DAKOTA,38.0,WILLIAMS,105,248681000,0.6,0.65
2022,NORTH DAKOTA,38.0,BURLEIGH,15,127006000,0.74,0.74
2022,NORTH DAKOTA,38.0,EMMONS,29,220584000,0.76,0.76
2022,NORTH DAKOTA,38.0,GRANT,37,116562000,0.7,0.76
2022,NORTH DAKOTA,38.0,MORTON,59,147827000,1.46,1.47
2022,NORTH DAKOTA,38.0,SIOUX,85,28810000,0.7,0.68
2022,NORTH DAKOTA,38.0,DICKEY,21,230169000,0.76,0.82
2022,NORTH DAKOTA,38.0,LA MOURE,45,270203000,0.63,0.57
2022,NORTH DAKOTA,38.0,LOGAN,47,89031000,0.39,0.41
2022,NORTH DAKOTA,38.0,MCINTOSH,51,96698000,0.95,1.01
2022,NORTH DAKOTA,38.0,RANSOM,73,144548000,1.34,1.34
2022,NORTH DAKOTA,38.0,RICHLAND,77,452414000,1.37,1.35
2022,NORTH DAKOTA,38.0,SARGENT,81,192924000,1.08,1.13
2022,NORTH DAKOTA,38.0,ADAMS,1,106939000,0.75,0.79
2022,NORTH DAKOTA,38.0,BOWMAN,11,62985000,0.77,0.76
2022,NORTH DAKOTA,38.0,GOLDEN VALLEY,33,33748000,1.36,1.36
2022,NORTH DAKOTA,38.0,HETTINGER,41,183878000,0.6,0.61
2022,NORTH DAKOTA,38.0,SLOPE,87,69905000,1.08,1.09
2022,NORTH DAKOTA,38.0,STARK,89,140585000,1.46,1.49
2022,NORTH DAKOTA,38.0,DUNN,25,76705000,0.61,0.64
2022,NORTH DAKOTA,38.0,MCKENZIE,53,125894000,0.82,0.83
2022,NORTH DAKOTA,38.0,MCLEAN,55,315624000,1.2,1.19
2022,NORTH DAKOTA,38.0,MERCER,57,47302000,1.21,1.22
2022,NORTH DAKOTA,38.0,OLIVER,65,53435000,0.83,0.86
2022,OHIO,39.0,DELAWARE,41,117247000,0.6,0.61
2022,OHIO,39.0,FAIRFIELD,45,130491000,0.63,0.57
2022,OHIO,39.0,FAYETTE,47,162911000,0.39,0.41
2022,OHIO,39.0,FRANKLIN,49,55702000,1.53,1.56
2022,OHIO,39.0,KNOX,83,93284000,1.51,1.54
2022,OHIO,39.0,LICKING,89,109102000,1.46,1.49
2022,OHIO,39.0,MADISON,97,183586000,0.88,0.85
2022,OHIO,39.0,MARION,101,160140000,0.85,0.88
2022,OHIO,39.0,MORROW,117,94472000,1.39,1.42
2022,OHIO,39.0,PICKAWAY,129,225425000,1.0,0.96
2022,OHIO,39.0,ROSS,141,127188000,0.02,0.02
2022,OHIO,39.0,UNION,159,149760000,0.45,0.35
2022,OHIO,39.0,BELMONT,13,6805000,0.6,0.64
2022,OHIO,39.0,CARROLL,19,24201000,1.41,1.44
2022,OHIO,39.0,COSHOCTON,31,46400000,0.48,0.43
2022,OHIO,39.0,HARRISON,67,12546000,0.75,0.72
2022,OHIO,39.0,HOLMES,75,46562000,1.18,1.22
2022,OHIO,39.0,JEFFERSON,81,5845000,1.08,1.13
2022,OHIO,39.0,TUSCARAWAS,157,37375000,0.53,0.52
2022,OHIO,39.0,ASHLAND,5,76971000,0.56,0.55
2022,OHIO,39.0,CRAWFORD,33,175008000,1.36,1.36
2022,OHIO,39.0,ERIE,43,195959000,1.26,1.23
2022,OHIO,39.0,HURON,77,200322000,1.37,1.35
2022,OHIO,39.0,LORAIN,93,156832000,1.56,1.56
2022,OHIO,39.0,OTTAWA,123,79877000,0.69,0.75
2022,OHIO,39.0,RICHLAND,139,100863000,0.04,0.05
2022,OHIO,39.0,SANDUSKY,143,130453000,-0.08,-0.08
2022,OHIO,39.0,SENECA,147,172144000,-0.2,-0.2
2022,OHIO,39.0,WYANDOT,175,165967000,1.4,1.3
2022,OHIO,39.0,ASHTABULA,7,54900000,0.94,0.98
2022,OHIO,39.0,COLUMBIANA,29,64765000,0.76,0.76
2022,OHIO,39.0,CUYAHOGA,35,9015000,0.77,0.83
2022,OHIO,39.0,GEAUGA,55,21426000,1.2,1.19
2022,OHIO,39.0,LAKE,85,97273000,0.7,0.68
2022,OHIO,39.0,MAHONING,99,32969000,0.69,0.76
2022,OHIO,39.0,MEDINA,103,77120000,1.42,1.43
2022,OHIO,39.0,PORTAGE,133,42665000,1.5,1.47
2022,OHIO,39.0,STARK,151,63748000,0.37,0.33
2022,OHIO,39.0,SUMMIT,153,9709000,0.69,0.62
2022,OHIO,39.0,TRUMBULL,155,56922000,1.03,0.99
2022,OHIO,39.0,WAYNE,169,143265000,0.52,0.45
2022,OHIO,39.0,ALLEN,3,140665000,0.63,0.62
2022,OHIO,39.0,DEFIANCE,39,132856000,0.59,0.59
2022,OHIO,39.0,FULTON,51,211699000,0.95,1.01
2022,OHIO,39.0,HANCOCK,63,198082000,1.35,1.37
2022,OHIO,39.0,HENRY,69,214315000,1.14,1.07
2022,OHIO,39.0,LUCAS,95,72847000,1.32,1.31
2022,OHIO,39.0,PAULDING,125,140346000,1.19,1.2
2022,OHIO,39.0,PUTNAM,137,248334000,0.27,0.27
2022,OHIO,39.0,VAN WERT,161,199700000,1.11,1.06
2022,OHIO,39.0,WILLIAMS,171,171926000,0.25,0.23
2022,OHIO,39.0,WOOD,173,203245000,1.1,1.05
2022,OHIO,39.0,ADAMS,1,39169000,0.75,0.79
2022,OHIO,39.0,BROWN,15,71181000,0.74,0.74
2022,OHIO,39.0,GALLIA,53,10277000,0.82,0.83
2022,OHIO,39.0,HIGHLAND,71,124600000,1.3,1.33
2022,OHIO,39.0,JACKSON,79,7848000,1.48,1.45
2022,OHIO,39.0,LAWRENCE,87,3428000,1.08,1.09
2022,OHIO,39.0,PIKE,131,31796000,0.51,0.54
2022,OHIO,39.0,SCIOTO,145,21671000,-0.1,-0.05
2022,OHIO,39.0,ATHENS,9,8252000,1.4,1.35
2022,OHIO,39.0,GUERNSEY,59,11748000,1.46,1.47
2022,OHIO,39.0,HOCKING,73,6190000,1.34,1.34
2022,OHIO,39.0,MEIGS,105,8263000,0.6,0.65
2022,OHIO,39.0,MONROE,111,6406000,0.6,0.62
2022,OHIO,39.0,MORGAN,115,10773000,1.37,1.33
2022,OHIO,39.0,MUSKINGUM,119,45973000,0.87,0.92
2022,OHIO,39.0,NOBLE,121,4573000,0.84,0.84
2022,OHIO,39.0,PERRY,127,23311000,1.28,1.26
2022,OHIO,39.0,VINTON,163,1966000,0.58,0.47
2022,OHIO,39.0,WASHINGTON,167,31990000,1.03,0.9
2022,OHIO,39.0,BUTLER,17,49622000,0.82,0.87
2022,OHIO,39.0,CLERMONT,25,45928000,0.61,0.64
2022,OHIO,39.0,CLINTON,27,189671000,0.68,0.67
2022,OHIO,39.0,GREENE,57,127780000,1.21,1.22
2022,OHIO,39.0,HAMILTON,61,19839000,0.74,0.68
2022,OHIO,39.0,MONTGOMERY,113,103241000,1.04,1.07
2022,OHIO,39.0,PREBLE,135,164488000,0.36,0.32
2022,OHIO,39.0,WARREN,165,71118000,0.44,0.37
2022,OHIO,39.0,AUGLAIZE,11,183426000,0.77,0.76
2022,OHIO,39.0,CHAMPAIGN,21,188399000,0.76,0.82
2022,OHIO,39.0,CLARK,23,140906000,1.0,0.97
2022,OHIO,39.0,DARKE,37,291078000,0.7,0.76
2022,OHIO,39.0,HARDIN,65,206309000,0.83,0.86
2022,OHIO,39.0,LOGAN,91,149415000,0.62,0.64
2022,OHIO,39.0,MERCER,107,219635000,1.52,1.55
2022,OHIO,39.0,MIAMI,109,128381000,0.62,0.59
2022,OHIO,39.0,SHELBY,149,158113000,-0.43,-0.44
2022,OKLAHOMA,40.0,CANADIAN,17,34746000,0.82,0.87
2022,OKLAHOMA,40.0,CLEVELAND,27,4580000,0.68,0.67
2022,OKLAHOMA,40.0,CREEK,37,3874000,0.7,0.76
2022,OKLAHOMA,40.0,GRADY,51,26095000,0.95,1.01
2022,OKLAHOMA,40.0,KINGFISHER,73,33063000,1.34,1.34
2022,OKLAHOMA,40.0,LINCOLN,81,8170000,1.08,1.13
2022,OKLAHOMA,40.0,LOGAN,83,17392000,1.51,1.54
2022,OKLAHOMA,40.0,MCCLAIN,87,18210000,1.08,1.09
2022,OKLAHOMA,40.0,OKFUSKEE,107,3723000,1.52,1.55
2022,OKLAHOMA,40.0,OKLAHOMA,109,17033000,0.62,0.59
2022,OKLAHOMA,40.0,PAYNE,119,7693000,0.87,0.92
2022,OKLAHOMA,40.0,POTTAWATOMIE,125,7328000,1.19,1.2
2022,OKLAHOMA,40.0,SEMINOLE,133,4939000,1.5,1.47
2022,OKLAHOMA,40.0,ADAIR,1,2044000,0.75,0.79
2022,OKLAHOMA,40.0,CHEROKEE,21,43212000,0.76,0.82
2022,OKLAHOMA,40.0,HASKELL,61,3660000,0.74,0.68
2022,OKLAHOMA,40.0,HUGHES,63,2996000,1.35,1.37
2022,OKLAHOMA,40.0,MCINTOSH,91,4986000,0.62,0.64
2022,OKLAHOMA,40.0,MUSKOGEE,101,19376000,0.85,0.88
2022,OKLAHOMA,40.0,OKMULGEE,111,6628000,0.6,0.62
2022,OKLAHOMA,40.0,PITTSBURG,121,2987000,0.84,0.84
2022,OKLAHOMA,40.0,SEQUOYAH,135,11666000,0.36,0.32
2022,OKLAHOMA,40.0,ALFALFA,3,52823000,0.63,0.62
2022,OKLAHOMA,40.0,GARFIELD,47,79676000,0.39,0.41
2022,OKLAHOMA,40.0,GRANT,53,77812000,0.82,0.83
2022,OKLAHOMA,40.0,KAY,71,58539000,1.3,1.33
2022,OKLAHOMA,40.0,MAJOR,93,33977000,1.56,1.56
2022,OKLAHOMA,40.0,NOBLE,103,28293000,1.42,1.43
2022,OKLAHOMA,40.0,WOODS,151,21881000,0.37,0.33
2022,OKLAHOMA,40.0,WOODWARD,153,8368000,0.69,0.62
2022,OKLAHOMA,40.0,CRAIG,35,11108000,0.77,0.83
2022,OKLAHOMA,40.0,DELAWARE,41,7602000,0.6,0.61
2022,OKLAHOMA,40.0,MAYES,97,5541000,0.88,0.85
2022,OKLAHOMA,40.0,NOWATA,105,4374000,0.6,0.65
2022,OKLAHOMA,40.0,OSAGE,113,7561000,1.04,1.07
2022,OKLAHOMA,40.0,OTTAWA,115,73293000,1.37,1.33
2022,OKLAHOMA,40.0,PAWNEE,117,4904000,1.39,1.42
2022,OKLAHOMA,40.0,ROGERS,131,9687000,0.51,0.54
2022,OKLAHOMA,40.0,TULSA,143,23112000,-0.08,-0.08
2022,OKLAHOMA,40.0,WAGONER,145,63400000,-0.1,-0.05
2022,OKLAHOMA,40.0,WASHINGTON,147,11232000,-0.2,-0.2
2022,OKLAHOMA,40.0,BEAVER,7,22760000,0.94,0.98
2022,OKLAHOMA,40.0,CIMARRON,25,59761000,0.61,0.64
2022,OKLAHOMA,40.0,ELLIS,45,6727000,0.63,0.57
2022,OKLAHOMA,40.0,HARPER,59,16001000,1.46,1.47
2022,OKLAHOMA,40.0,TEXAS,139,154568000,0.04,0.05
2022,OKLAHOMA,40.0,ATOKA,5,4210000,0.56,0.55
2022,OKLAHOMA,40.0,BRYAN,13,25007000,0.6,0.64
2022,OKLAHOMA,40.0,CARTER,19,3276000,1.41,1.44
2022,OKLAHOMA,40.0,COAL,29,2563000,0.76,0.76
2022,OKLAHOMA,40.0,GARVIN,49,14204000,1.53,1.56
2022,OKLAHOMA,40.0,JEFFERSON,67,3896000,0.75,0.72
2022,OKLAHOMA,40.0,JOHNSTON,69,3798000,1.14,1.07
2022,OKLAHOMA,40.0,LOVE,85,3452000,0.7,0.68
2022,OKLAHOMA,40.0,MARSHALL,95,3169000,1.32,1.31
2022,OKLAHOMA,40.0,MURRAY,99,2075000,0.69,0.76
2022,OKLAHOMA,40.0,PONTOTOC,123,4891000,0.69,0.75
2022,OKLAHOMA,40.0,STEPHENS,137,5300000,0.27,0.27
2022,OKLAHOMA,40.0,CHOCTAW,23,4999000,1.0,0.97
2022,OKLAHOMA,40.0,LATIMER,77,835000,1.37,1.35
2022,OKLAHOMA,40.0,LEFLORE,79,7624000,1.48,1.45
2022,OKLAHOMA,40.0,MCCURTAIN,89,5382000,1.46,1.49
2022,OKLAHOMA,40.0,PUSHMATAHA,127,806000,1.28,1.26
2022,OKLAHOMA,40.0,CADDO,15,61275000,0.74,0.74
2022,OKLAHOMA,40.0,COMANCHE,31,12041000,0.48,0.43
2022,OKLAHOMA,40.0,COTTON,33,19701000,1.36,1.36
2022,OKLAHOMA,40.0,GREER,55,8774000,1.2,1.19
2022,OKLAHOMA,40.0,HARMON,57,14916000,1.21,1.22
2022,OKLAHOMA,40.0,JACKSON,65,35552000,0.83,0.86
2022,OKLAHOMA,40.0,KIOWA,75,30540000,1.18,1.22
2022,OKLAHOMA,40.0,TILLMAN,141,39851000,0.02,0.02
2022,OKLAHOMA,40.0,BECKHAM,9,26235000,1.4,1.35
2022,OKLAHOMA,40.0,BLAINE,11,31241000,0.77,0.76
2022,OKLAHOMA,40.0,CUSTER,39,39373000,0.59,0.59
2022,OKLAHOMA,40.0,DEWEY,43,9598000,1.26,1.23
2022,OKLAHOMA,40.0,ROGER MILLS,129,6622000,1.0,0.96
2022,OKLAHOMA,40.0,WASHITA,149,29523000,-0.43,-0.44
2022,OREGON,41.0,GILLIAM,21,35433000,0.76,0.82
2022,OREGON,41.0,HOOD RIVER,27,133533000,0.68,0.67
2022,OREGON,41.0,MORROW,49,370590000,1.53,1.56
2022,OREGON,41.0,SHERMAN,55,52405000,1.2,1.19
2022,OREGON,41.0,WASCO,65,126013000,0.83,0.86
2022,OREGON,41.0,BAKER,1,52580000,0.75,0.79
2022,OREGON,41.0,UMATILLA,59,448021000,1.46,1.47
2022,OREGON,41.0,UNION,61,42963000,0.74,0.68
2022,OREGON,41.0,WALLOWA,63,21630000,1.35,1.37
2022,OREGON,41.0,BENTON,3,104169000,0.63,0.62
2022,OREGON,41.0,CLACKAMAS,5,400592000,0.56,0.55
2022,OREGON,41.0,CLATSOP,7,2705000,0.94,0.98
2022,OREGON,41.0,LANE,39,98851000,0.59,0.59
2022,OREGON,41.0,LINN,43,258568000,1.26,1.23
2022,OREGON,41.0,MARION,47,757834000,0.39,0.41
2022,OREGON,41.0,MULTNOMAH,51,93361000,0.95,1.01
2022,OREGON,41.0,POLK,53,199885000,0.82,0.83
2022,OREGON,41.0,TILLAMOOK,57,3099000,1.21,1.22
2022,OREGON,41.0,WASHINGTON,67,313580000,0.75,0.72
2022,OREGON,41.0,YAMHILL,71,338685000,1.3,1.33
2022,OREGON,41.0,CROOK,13,19525000,0.6,0.64
2022,OREGON,41.0,DESCHUTES,17,26043000,0.82,0.87
2022,OREGON,41.0,GRANT,23,7632000,1.0,0.97
2022,OREGON,41.0,HARNEY,25,36470000,0.61,0.64
2022,OREGON,41.0,JEFFERSON,31,38724000,0.48,0.43
2022,OREGON,41.0,KLAMATH,35,97625000,0.77,0.83
2022,OREGON,41.0,LAKE,37,116330000,0.7,0.76
2022,OREGON,41.0,MALHEUR,45,204075000,0.63,0.57
2022,OREGON,41.0,WHEELER,69,1413000,1.14,1.07
2022,OREGON,41.0,COOS,11,18064000,0.77,0.76
2022,OREGON,41.0,CURRY,15,12321000,0.74,0.74
2022,OREGON,41.0,DOUGLAS,19,41973000,1.41,1.44
2022,OREGON,41.0,JACKSON,29,87268000,0.76,0.76
2022,OREGON,41.0,JOSEPHINE,33,24677000,1.36,1.36
2022,PENNSYLVANIA,42.0,BLAIR,13,31629000,0.6,0.64
2022,PENNSYLVANIA,42.0,CAMBRIA,21,27183000,0.76,0.82
2022,PENNSYLVANIA,42.0,CENTRE,27,37232000,0.68,0.67
2022,PENNSYLVANIA,42.0,CLEARFIELD,33,9245000,1.36,1.36
2022,PENNSYLVANIA,42.0,COLUMBIA,37,48288000,0.7,0.76
2022,PENNSYLVANIA,42.0,DAUPHIN,43,41868000,1.26,1.23
2022,PENNSYLVANIA,42.0,HUNTINGDON,61,29983000,0.74,0.68
2022,PENNSYLVANIA,42.0,JUNIATA,67,26880000,0.75,0.72
2022,PENNSYLVANIA,42.0,MIFFLIN,87,19893000,1.08,1.09
2022,PENNSYLVANIA,42.0,MONTOUR,93,27387000,1.56,1.56
2022,PENNSYLVANIA,42.0,NORTHUMBERLAND,97,66280000,0.88,0.85
2022,PENNSYLVANIA,42.0,PERRY,99,37270000,0.69,0.76
2022,PENNSYLVANIA,42.0,SNYDER,109,30785000,0.62,0.59
2022,PENNSYLVANIA,42.0,UNION,119,20297000,0.87,0.92
2022,PENNSYLVANIA,42.0,CARBON,25,15897000,0.61,0.64
2022,PENNSYLVANIA,42.0,LEHIGH,77,82733000,1.37,1.35
2022,PENNSYLVANIA,42.0,LUZERNE,79,25773000,1.48,1.45
2022,PENNSYLVANIA,42.0,MONROE,89,7959000,1.46,1.49
2022,PENNSYLVANIA,42.0,NORTHAMPTON,95,30446000,1.32,1.31
2022,PENNSYLVANIA,42.0,PIKE,103,552000,1.42,1.43
2022,PENNSYLVANIA,42.0,SCHUYLKILL,107,83472000,1.52,1.55
2022,PENNSYLVANIA,42.0,BRADFORD,15,38975000,0.74,0.74
2022,PENNSYLVANIA,42.0,CAMERON,23,330000,1.0,0.97
2022,PENNSYLVANIA,42.0,CLINTON,35,15863000,0.77,0.83
2022,PENNSYLVANIA,42.0,ELK,47,2298000,0.39,0.41
2022,PENNSYLVANIA,42.0,LYCOMING,81,37196000,1.08,1.13
2022,PENNSYLVANIA,42.0,MCKEAN,83,3298000,1.51,1.54
2022,PENNSYLVANIA,42.0,POTTER,105,14041000,0.6,0.65
2022,PENNSYLVANIA,42.0,SULLIVAN,113,3640000,1.04,1.07
2022,PENNSYLVANIA,42.0,TIOGA,117,33997000,1.39,1.42
2022,PENNSYLVANIA,42.0,LACKAWANNA,69,13610000,1.14,1.07
2022,PENNSYLVANIA,42.0,SUSQUEHANNA,115,18557000,1.37,1.33
2022,PENNSYLVANIA,42.0,WAYNE,127,11188000,1.28,1.26
2022,PENNSYLVANIA,42.0,WYOMING,131,9042000,0.51,0.54
2022,PENNSYLVANIA,42.0,CRAWFORD,39,59579000,0.59,0.59
2022,PENNSYLVANIA,42.0,ERIE,49,104365000,1.53,1.56
2022,PENNSYLVANIA,42.0,FOREST,53,929000,0.82,0.83
2022,PENNSYLVANIA,42.0,MERCER,85,56333000,0.7,0.68
2022,PENNSYLVANIA,42.0,VENANGO,121,9294000,0.84,0.84
2022,PENNSYLVANIA,42.0,WARREN,123,7953000,0.69,0.75
2022,PENNSYLVANIA,42.0,ADAMS,1,159812000,0.75,0.79
2022,PENNSYLVANIA,42.0,BEDFORD,9,49012000,1.4,1.35
2022,PENNSYLVANIA,42.0,CUMBERLAND,41,81439000,0.6,0.61
2022,PENNSYLVANIA,42.0,FRANKLIN,55,144354000,1.2,1.19
2022,PENNSYLVANIA,42.0,FULTON,57,18508000,1.21,1.22
2022,PENNSYLVANIA,42.0,YORK,133,178329000,1.5,1.47
2022,PENNSYLVANIA,42.0,BERKS,11,252233000,0.77,0.76
2022,PENNSYLVANIA,42.0,BUCKS,17,61411000,0.82,0.87
2022,PENNSYLVANIA,42.0,CHESTER,29,608174000,0.76,0.76
2022,PENNSYLVANIA,42.0,DELAWARE,45,2396000,0.63,0.57
2022,PENNSYLVANIA,42.0,LANCASTER,71,326645000,1.3,1.33
2022,PENNSYLVANIA,42.0,LEBANON,75,63643000,1.18,1.22
2022,PENNSYLVANIA,42.0,MONTGOMERY,91,26267000,0.62,0.64
2022,PENNSYLVANIA,42.0,PHILADELPHIA,101,2227000,0.85,0.88
2022,PENNSYLVANIA,42.0,ALLEGHENY,3,9956000,0.63,0.62
2022,PENNSYLVANIA,42.0,FAYETTE,51,18683000,0.95,1.01
2022,PENNSYLVANIA,42.0,GREENE,59,5638000,1.46,1.47
2022,PENNSYLVANIA,42.0,SOMERSET,111,56385000,0.6,0.62
2022,PENNSYLVANIA,42.0,WASHINGTON,125,24189000,1.19,1.2
2022,PENNSYLVANIA,42.0,WESTMORELAND,129,34350000,1.0,0.96
2022,PENNSYLVANIA,42.0,ARMSTRONG,5,30851000,0.56,0.55
2022,PENNSYLVANIA,42.0,BEAVER,7,17005000,0.94,0.98
2022,PENNSYLVANIA,42.0,BUTLER,19,47348000,1.41,1.44
2022,PENNSYLVANIA,42.0,CLARION,31,25244000,0.48,0.43
2022,PENNSYLVANIA,42.0,INDIANA,63,56686000,1.35,1.37
2022,PENNSYLVANIA,42.0,JEFFERSON,65,17689000,0.83,0.86
2022,PENNSYLVANIA,42.0,LAWRENCE,73,33477000,1.34,1.34
2022,RHODE ISLAND,44.0,BRISTOL,1,779000,0.75,0.79
2022,RHODE ISLAND,44.0,KENT,3,2703000,0.63,0.62
2022,RHODE ISLAND,44.0,NEWPORT,5,16048000,0.56,0.55
2022,RHODE ISLAND,44.0,PROVIDENCE,7,10464000,0.94,0.98
2022,RHODE ISLAND,44.0,WASHINGTON,9,42218000,1.4,1.35
2022,SOUTH CAROLINA,45.0,CALHOUN,17,62111000,0.82,0.87
2022,SOUTH CAROLINA,45.0,CLARENDON,27,86214000,0.68,0.67
2022,SOUTH CAROLINA,45.0,LEE,61,59538000,0.74,0.68
2022,SOUTH CAROLINA,45.0,LEXINGTON,63,75785000,1.35,1.37
2022,SOUTH CAROLINA,45.0,ORANGEBURG,75,136087000,1.18,1.22
2022,SOUTH CAROLINA,45.0,RICHLAND,79,37416000,1.48,1.45
2022,SOUTH CAROLINA,45.0,SUMTER,85,85558000,0.7,0.68
2022,SOUTH CAROLINA,45.0,CHESTERFIELD,25,36100000,0.61,0.64
2022,SOUTH CAROLINA,45.0,DARLINGTON,31,75911000,0.48,0.43
2022,SOUTH CAROLINA,45.0,DILLON,33,55307000,1.36,1.36
2022,SOUTH CAROLINA,45.0,FLORENCE,41,48372000,0.6,0.61
2022,SOUTH CAROLINA,45.0,GEORGETOWN,43,13882000,1.26,1.23
2022,SOUTH CAROLINA,45.0,HORRY,51,86145000,0.95,1.01
2022,SOUTH CAROLINA,45.0,MARION,67,21748000,0.75,0.72
2022,SOUTH CAROLINA,45.0,MARLBORO,69,40156000,1.14,1.07
2022,SOUTH CAROLINA,45.0,WILLIAMSBURG,89,60462000,1.46,1.49
2022,SOUTH CAROLINA,45.0,CHESTER,23,7808000,1.0,0.97
2022,SOUTH CAROLINA,45.0,FAIRFIELD,39,4177000,0.59,0.59
2022,SOUTH CAROLINA,45.0,KERSHAW,55,10288000,1.2,1.19
2022,SOUTH CAROLINA,45.0,LANCASTER,57,7036000,1.21,1.22
2022,SOUTH CAROLINA,45.0,YORK,91,71140000,0.62,0.64
2022,SOUTH CAROLINA,45.0,ANDERSON,7,16842000,0.94,0.98
2022,SOUTH CAROLINA,45.0,CHEROKEE,21,7638000,0.76,0.82
2022,SOUTH CAROLINA,45.0,GREENVILLE,45,22721000,0.63,0.57
2022,SOUTH CAROLINA,45.0,LAURENS,59,13554000,1.46,1.47
2022,SOUTH CAROLINA,45.0,OCONEE,73,7669000,1.34,1.34
2022,SOUTH CAROLINA,45.0,PICKENS,77,4471000,1.37,1.35
2022,SOUTH CAROLINA,45.0,SPARTANBURG,83,34542000,1.51,1.54
2022,SOUTH CAROLINA,45.0,UNION,87,2320000,1.08,1.09
2022,SOUTH CAROLINA,45.0,ALLENDALE,5,12516000,0.56,0.55
2022,SOUTH CAROLINA,45.0,BAMBERG,9,47304000,1.4,1.35
2022,SOUTH CAROLINA,45.0,BARNWELL,11,21926000,0.77,0.76
2022,SOUTH CAROLINA,45.0,BEAUFORT,13,22887000,0.6,0.64
2022,SOUTH CAROLINA,45.0,BERKELEY,15,3535000,0.74,0.74
2022,SOUTH CAROLINA,45.0,COLLETON,29,18089000,0.76,0.76
2022,SOUTH CAROLINA,45.0,DORCHESTER,35,25192000,0.77,0.83
2022,SOUTH CAROLINA,45.0,HAMPTON,49,31190000,1.53,1.56
2022,SOUTH CAROLINA,45.0,JASPER,53,17514000,0.82,0.83
2022,SOUTH CAROLINA,45.0,ABBEVILLE,1,7818000,0.75,0.79
2022,SOUTH CAROLINA,45.0,AIKEN,3,47237000,0.63,0.62
2022,SOUTH CAROLINA,45.0,EDGEFIELD,37,75148000,0.7,0.76
2022,SOUTH CAROLINA,45.0,GREENWOOD,47,2252000,0.39,0.41
2022,SOUTH CAROLINA,45.0,NEWBERRY,71,11380000,1.3,1.33
2022,SOUTH CAROLINA,45.0,SALUDA,81,50265000,1.08,1.13
2022,SOUTH DAKOTA,46.0,AURORA,3,98009000,0.63,0.62
2022,SOUTH DAKOTA,46.0,BEADLE,5,229378000,0.56,0.55
2022,SOUTH DAKOTA,46.0,BRULE,15,106875000,0.74,0.74
2022,SOUTH DAKOTA,46.0,BUFFALO,17,27651000,0.82,0.87
2022,SOUTH DAKOTA,46.0,HAND,59,275294000,1.46,1.47
2022,SOUTH DAKOTA,46.0,HUGHES,65,101935000,0.83,0.86
2022,SOUTH DAKOTA,46.0,HYDE,69,83121000,1.14,1.07
2022,SOUTH DAKOTA,46.0,JERAULD,73,98625000,1.34,1.34
2022,SOUTH DAKOTA,46.0,SULLY,119,202250000,0.87,0.92
2022,SOUTH DAKOTA,46.0,BROOKINGS,11,201583000,0.77,0.76
2022,SOUTH DAKOTA,46.0,DAVISON,35,84965000,0.77,0.83
2022,SOUTH DAKOTA,46.0,HANSON,61,87866000,0.74,0.68
2022,SOUTH DAKOTA,46.0,KINGSBURY,77,200684000,1.37,1.35
2022,SOUTH DAKOTA,46.0,LAKE,79,117390000,1.48,1.45
2022,SOUTH DAKOTA,46.0,MCCOOK,87,130820000,1.08,1.09
2022,SOUTH DAKOTA,46.0,MINER,97,111699000,0.88,0.85
2022,SOUTH DAKOTA,46.0,MINNEHAHA,99,198908000,0.69,0.76
2022,SOUTH DAKOTA,46.0,MOODY,101,145347000,0.85,0.88
2022,SOUTH DAKOTA,46.0,SANBORN,111,66688000,0.6,0.62
2022,SOUTH DAKOTA,46.0,BROWN,13,431424000,0.6,0.64
2022,SOUTH DAKOTA,46.0,CAMPBELL,21,111451000,0.76,0.82
2022,SOUTH DAKOTA,46.0,EDMUNDS,45,299631000,0.63,0.57
2022,SOUTH DAKOTA,46.0,FAULK,49,222359000,1.53,1.56
2022,SOUTH DAKOTA,46.0,MCPHERSON,89,126282000,1.46,1.49
2022,SOUTH DAKOTA,46.0,POTTER,107,206895000,1.52,1.55
2022,SOUTH DAKOTA,46.0,SPINK,115,437113000,1.37,1.33
2022,SOUTH DAKOTA,46.0,WALWORTH,129,119075000,1.0,0.96
2022,SOUTH DAKOTA,46.0,CLARK,25,180547000,0.61,0.64
2022,SOUTH DAKOTA,46.0,CODINGTON,29,114926000,0.76,0.76
2022,SOUTH DAKOTA,46.0,DAY,37,170124000,0.7,0.76
2022,SOUTH DAKOTA,46.0,DEUEL,39,109717000,0.59,0.59
2022,SOUTH DAKOTA,46.0,GRANT,51,158131000,0.95,1.01
2022,SOUTH DAKOTA,46.0,HAMLIN,57,130736000,1.21,1.22
2022,SOUTH DAKOTA,46.0,MARSHALL,91,160233000,0.62,0.64
2022,SOUTH DAKOTA,46.0,ROBERTS,109,229261000,0.62,0.59
2022,SOUTH DAKOTA,46.0,BUTTE,19,15189000,1.41,1.44
2022,SOUTH DAKOTA,46.0,CORSON,31,83770000,0.48,0.43
2022,SOUTH DAKOTA,46.0,DEWEY,41,30741000,0.6,0.61
2022,SOUTH DAKOTA,46.0,HARDING,63,25337000,1.35,1.37
2022,SOUTH DAKOTA,46.0,PERKINS,105,40461000,0.6,0.65
2022,SOUTH DAKOTA,46.0,ZIEBACH,137,29788000,0.27,0.27
2022,SOUTH DAKOTA,46.0,GREGORY,53,47541000,0.82,0.83
2022,SOUTH DAKOTA,46.0,JONES,75,49261000,1.18,1.22
2022,SOUTH DAKOTA,46.0,LYMAN,85,144327000,0.7,0.68
2022,SOUTH DAKOTA,46.0,MELLETTE,95,12399000,1.32,1.31
2022,SOUTH DAKOTA,46.0,TODD,121,9554000,0.84,0.84
2022,SOUTH DAKOTA,46.0,TRIPP,123,81792000,0.69,0.75
2022,SOUTH DAKOTA,46.0,BON HOMME,9,79885000,1.4,1.35
2022,SOUTH DAKOTA,46.0,CHARLES MIX,23,190127000,1.0,0.97
2022,SOUTH DAKOTA,46.0,CLAY,27,90105000,0.68,0.67
2022,SOUTH DAKOTA,46.0,DOUGLAS,43,77477000,1.26,1.23
2022,SOUTH DAKOTA,46.0,HUTCHINSON,67,161505000,0.75,0.72
2022,SOUTH DAKOTA,46.0,LINCOLN,83,126235000,1.51,1.54
2022,SOUTH DAKOTA,46.0,TURNER,125,180408000,1.19,1.2
2022,SOUTH DAKOTA,46.0,UNION,127,111101000,1.28,1.26
2022,SOUTH DAKOTA,46.0,YANKTON,135,86599000,0.36,0.32
2022,SOUTH DAKOTA,46.0,BENNETT,7,22117000,0.94,0.98
2022,SOUTH DAKOTA,46.0,CUSTER,33,3335000,1.36,1.36
2022,SOUTH DAKOTA,46.0,FALL RIVER,47,6605000,0.39,0.41
2022,SOUTH DAKOTA,46.0,OGLALA LAKOTA,102,7206000,-0.55,-1.04
2022,SOUTH DAKOTA,46.0,HAAKON,55,66582000,1.2,1.19
2022,SOUTH DAKOTA,46.0,JACKSON,71,13282000,1.3,1.33
2022,SOUTH DAKOTA,46.0,LAWRENCE,81,3243000,1.08,1.13
2022,SOUTH DAKOTA,46.0,MEADE,93,23717000,1.56,1.56
2022,SOUTH DAKOTA,46.0,PENNINGTON,103,36232000,1.42,1.43
2022,SOUTH DAKOTA,46.0,STANLEY,117,44370000,1.39,1.42
2022,TENNESSEE,47.0,BEDFORD,3,19720000,0.63,0.62
2022,TENNESSEE,47.0,CANNON,15,17569000,0.74,0.74
2022,TENNESSEE,47.0,CLAY,27,5565000,0.68,0.67
2022,TENNESSEE,47.0,DAVIDSON,37,13734000,0.7,0.76
2022,TENNESSEE,47.0,DE KALB,41,23810000,0.6,0.61
2022,TENNESSEE,47.0,GILES,55,21474000,1.2,1.19
2022,TENNESSEE,47.0,JACKSON,87,2067000,1.08,1.09
2022,TENNESSEE,47.0,LINCOLN,103,56991000,1.42,1.43
2022,TENNESSEE,47.0,MACON,111,36542000,0.6,0.62
2022,TENNESSEE,47.0,MARSHALL,117,11304000,1.39,1.42
2022,TENNESSEE,47.0,MAURY,119,27683000,0.87,0.92
2022,TENNESSEE,47.0,MOORE,127,1933000,1.28,1.26
2022,TENNESSEE,47.0,RUTHERFORD,149,25153000,-0.43,-0.44
2022,TENNESSEE,47.0,SMITH,159,19539000,0.45,0.35
2022,TENNESSEE,47.0,SUMNER,165,29255000,0.44,0.37
2022,TENNESSEE,47.0,TROUSDALE,169,3379000,0.52,0.45
2022,TENNESSEE,47.0,WILLIAMSON,187,25833000,0.43,0.45
2022,TENNESSEE,47.0,WILSON,189,8714000,0.34,0.24
2022,TENNESSEE,47.0,BLEDSOE,7,12855000,0.94,0.98
2022,TENNESSEE,47.0,COFFEE,31,47858000,0.48,0.43
2022,TENNESSEE,47.0,CUMBERLAND,35,17850000,0.77,0.83
2022,TENNESSEE,47.0,FENTRESS,49,6471000,1.53,1.56
2022,TENNESSEE,47.0,FRANKLIN,51,66028000,0.95,1.01
2022,TENNESSEE,47.0,GRUNDY,61,12934000,0.74,0.68
2022,TENNESSEE,47.0,MARION,115,15821000,1.37,1.33
2022,TENNESSEE,47.0,MORGAN,129,3114000,1.0,0.96
2022,TENNESSEE,47.0,OVERTON,133,18878000,1.5,1.47
2022,TENNESSEE,47.0,PICKETT,137,2600000,0.27,0.27
2022,TENNESSEE,47.0,PUTNAM,141,8722000,0.02,0.02
2022,TENNESSEE,47.0,SCOTT,151,1196000,0.37,0.33
2022,TENNESSEE,47.0,SEQUATCHIE,153,883000,0.69,0.62
2022,TENNESSEE,47.0,VAN BUREN,175,2307000,1.4,1.3
2022,TENNESSEE,47.0,WARREN,177,155052000,0.51,0.44
2022,TENNESSEE,47.0,WHITE,185,12531000,0.94,0.89
2022,TENNESSEE,47.0,DYER,45,156948000,0.63,0.57
2022,TENNESSEE,47.0,LAUDERDALE,97,124670000,0.88,0.85
2022,TENNESSEE,47.0,OBION,131,141778000,0.51,0.54
2022,TENNESSEE,47.0,SHELBY,157,34710000,0.53,0.52
2022,TENNESSEE,47.0,TIPTON,167,110884000,1.03,0.9
2022,TENNESSEE,47.0,ANDERSON,1,1638000,0.75,0.79
2022,TENNESSEE,47.0,BLOUNT,9,7615000,1.4,1.35
2022,TENNESSEE,47.0,BRADLEY,11,9832000,0.77,0.76
2022,TENNESSEE,47.0,CAMPBELL,13,1473000,0.6,0.64
2022,TENNESSEE,47.0,CARTER,19,2376000,1.41,1.44
2022,TENNESSEE,47.0,CLAIBORNE,25,3685000,0.61,0.64
2022,TENNESSEE,47.0,COCKE,29,47920000,0.76,0.76
2022,TENNESSEE,47.0,GRAINGER,57,22004000,1.21,1.22
2022,TENNESSEE,47.0,GREENE,59,24511000,1.46,1.47
2022,TENNESSEE,47.0,HAMBLEN,63,8033000,1.35,1.37
2022,TENNESSEE,47.0,HAMILTON,65,3333000,0.83,0.86
2022,TENNESSEE,47.0,HANCOCK,67,936000,0.75,0.72
2022,TENNESSEE,47.0,HAWKINS,73,5099000,1.34,1.34
2022,TENNESSEE,47.0,JEFFERSON,89,6950000,1.46,1.49
2022,TENNESSEE,47.0,JOHNSON,91,1834000,0.62,0.64
2022,TENNESSEE,47.0,KNOX,93,15424000,1.56,1.56
2022,TENNESSEE,47.0,LOUDON,105,75430000,0.6,0.65
2022,TENNESSEE,47.0,MCMINN,107,16568000,1.52,1.55
2022,TENNESSEE,47.0,MEIGS,121,3606000,0.84,0.84
2022,TENNESSEE,47.0,MONROE,123,12832000,0.69,0.75
2022,TENNESSEE,47.0,POLK,139,15554000,0.04,0.05
2022,TENNESSEE,47.0,RHEA,143,14543000,-0.08,-0.08
2022,TENNESSEE,47.0,ROANE,145,2467000,-0.1,-0.05
2022,TENNESSEE,47.0,SEVIER,155,2945000,1.03,0.99
2022,TENNESSEE,47.0,SULLIVAN,163,5223000,0.58,0.47
2022,TENNESSEE,47.0,UNION,173,1900000,1.1,1.05
2022,TENNESSEE,47.0,WASHINGTON,179,31797000,0.75,0.73
2022,TENNESSEE,47.0,BENTON,5,8943000,0.56,0.55
2022,TENNESSEE,47.0,CARROLL,17,75304000,0.82,0.87
2022,TENNESSEE,47.0,CHESTER,23,23656000,1.0,0.97
2022,TENNESSEE,47.0,CROCKETT,33,93523000,1.36,1.36
2022,TENNESSEE,47.0,DECATUR,39,12681000,0.59,0.59
2022,TENNESSEE,47.0,FAYETTE,47,102244000,0.39,0.41
2022,TENNESSEE,47.0,GIBSON,53,167639000,0.82,0.83
2022,TENNESSEE,47.0,HARDEMAN,69,19031000,1.14,1.07
2022,TENNESSEE,47.0,HARDIN,71,17422000,1.3,1.33
2022,TENNESSEE,47.0,HAYWOOD,75,152268000,1.18,1.22
2022,TENNESSEE,47.0,HENDERSON,77,21501000,1.37,1.35
2022,TENNESSEE,47.0,HENRY,79,69198000,1.48,1.45
2022,TENNESSEE,47.0,MADISON,113,67327000,1.04,1.07
2022,TENNESSEE,47.0,MCNAIRY,109,19713000,0.62,0.59
2022,TENNESSEE,47.0,WEAKLEY,183,138518000,0.96,0.95
2022,TENNESSEE,47.0,CHEATHAM,21,7813000,0.76,0.82
2022,TENNESSEE,47.0,DICKSON,43,8868000,1.26,1.23
2022,TENNESSEE,47.0,HICKMAN,81,12162000,1.08,1.13
2022,TENNESSEE,47.0,HOUSTON,83,1014000,1.51,1.54
2022,TENNESSEE,47.0,HUMPHREYS,85,7071000,0.7,0.68
2022,TENNESSEE,47.0,LAWRENCE,99,53747000,0.69,0.76
2022,TENNESSEE,47.0,LEWIS,101,4072000,0.85,0.88
2022,TENNESSEE,47.0,MONTGOMERY,125,61238000,1.19,1.2
2022,TENNESSEE,47.0,PERRY,135,3715000,0.36,0.32
2022,TENNESSEE,47.0,ROBERTSON,147,150040000,-0.2,-0.2
2022,TENNESSEE,47.0,STEWART,161,2071000,1.11,1.06
2022,TENNESSEE,47.0,WAYNE,181,5895000,0.09,-0.01
2022,TEXAS,48.0,BELL,27,49734000,0.68,0.67
2022,TEXAS,48.0,BOSQUE,35,21771000,0.77,0.83
2022,TEXAS,48.0,COLLIN,85,45111000,0.7,0.68
2022,TEXAS,48.0,COOKE,97,19860000,0.88,0.85
2022,TEXAS,48.0,CORYELL,99,16052000,0.69,0.76
2022,TEXAS,48.0,DALLAS,113,24837000,1.04,1.07
2022,TEXAS,48.0,DELTA,119,13904000,0.87,0.92
2022,TEXAS,48.0,DENTON,121,25217000,0.84,0.84
2022,TEXAS,48.0,ELLIS,139,50972000,0.04,0.05
2022,TEXAS,48.0,FALLS,145,56898000,-0.1,-0.05
2022,TEXAS,48.0,FANNIN,147,55953000,-0.2,-0.2
2022,TEXAS,48.0,GRAYSON,181,48035000,0.09,-0.01
2022,TEXAS,48.0,HAMILTON,193,4327000,0.52,0.45
2022,TEXAS,48.0,HILL,217,95298000,0.43,0.34
2022,TEXAS,48.0,HUNT,231,40205000,0.17,0.15
2022,TEXAS,48.0,JOHNSON,251,25113000,0.65,0.58
2022,TEXAS,48.0,KAUFMAN,257,10815000,0.37,0.38
2022,TEXAS,48.0,LAMAR,277,39024000,1.26,1.23
2022,TEXAS,48.0,LIMESTONE,293,11047000,0.3,0.26
2022,TEXAS,48.0,MCLENNAN,309,58299000,1.61,1.55
2022,TEXAS,48.0,MILAM,331,32682000,0.42,0.44
2022,TEXAS,48.0,NAVARRO,349,22173000,-0.04,-0.01
2022,TEXAS,48.0,ROCKWALL,397,3055000,-0.41,-0.36
2022,TEXAS,48.0,TARRANT,439,9059000,-0.43,-0.41
2022,TEXAS,48.0,WILLIAMSON,491,45113000,0.11,0.12
2022,TEXAS,48.0,ARANSAS,7,688000,0.94,0.98
2022,TEXAS,48.0,KLEBERG,273,16377000,0.74,0.69
2022,TEXAS,48.0,NUECES,355,134256000,0.31,0.27
2022,TEXAS,48.0,REFUGIO,391,28330000,1.18,1.19
2022,TEXAS,48.0,SAN PATRICIO,409,86457000,1.06,1.05
2022,TEXAS,48.0,ARCHER,9,8344000,1.4,1.35
2022,TEXAS,48.0,BROWN,49,6086000,1.53,1.56
2022,TEXAS,48.0,CALLAHAN,59,1999000,1.46,1.47
2022,TEXAS,48.0,CLAY,77,5441000,1.37,1.35
2022,TEXAS,48.0,COMANCHE,93,23627000,1.56,1.56
2022,TEXAS,48.0,EASTLAND,133,4339000,1.5,1.47
2022,TEXAS,48.0,ERATH,143,43591000,-0.08,-0.08
2022,TEXAS,48.0,HOOD,221,12953000,0.0,-0.07
2022,TEXAS,48.0,JACK,237,2022000,0.62,0.48
2022,TEXAS,48.0,MILLS,333,1361000,-0.6,-0.6
2022,TEXAS,48.0,MONTAGUE,337,11903000,-0.44,-0.42
2022,TEXAS,48.0,PALO PINTO,363,4199000,0.62,0.66
2022,TEXAS,48.0,PARKER,367,8531000,0.11,0.14
2022,TEXAS,48.0,SHACKELFORD,417,980000,0.29,0.31
2022,TEXAS,48.0,SOMERVELL,425,4091000,0.53,0.59
2022,TEXAS,48.0,STEPHENS,429,950000,0.66,0.66
2022,TEXAS,48.0,THROCKMORTON,447,5469000,0.13,0.16
2022,TEXAS,48.0,WISE,497,14755000,-0.01,-0.0
2022,TEXAS,48.0,YOUNG,503,5008000,0.22,0.24
2022,TEXAS,48.0,ANDERSON,1,24811000,0.75,0.79
2022,TEXAS,48.0,BOWIE,37,12317000,0.7,0.76
2022,TEXAS,48.0,CAMP,63,2164000,1.35,1.37
2022,TEXAS,48.0,CASS,67,4779000,0.75,0.72
2022,TEXAS,48.0,CHEROKEE,73,69848000,1.34,1.34
2022,TEXAS,48.0,FRANKLIN,159,3309000,0.45,0.35
2022,TEXAS,48.0,GREGG,183,647000,0.96,0.95
2022,TEXAS,48.0,HARRISON,203,4839000,0.36,0.36
2022,TEXAS,48.0,HENDERSON,213,10380000,1.37,1.39
2022,TEXAS,48.0,HOPKINS,223,14570000,0.67,0.69
2022,TEXAS,48.0,HOUSTON,225,12464000,0.54,0.46
2022,TEXAS,48.0,MARION,315,3652000,0.61,0.55
2022,TEXAS,48.0,MORRIS,343,848000,-0.36,-0.3
2022,TEXAS,48.0,NACOGDOCHES,347,5584000,0.06,0.03
2022,TEXAS,48.0,PANOLA,365,4799000,0.29,0.27
2022,TEXAS,48.0,RAINS,379,17098000,-0.22,-0.16
2022,TEXAS,48.0,RED RIVER,387,8755000,-0.36,-0.32
2022,TEXAS,48.0,RUSK,401,8974000,0.11,0.12
2022,TEXAS,48.0,SHELBY,419,4709000,0.11,0.09
2022,TEXAS,48.0,SMITH,423,29707000,0.16,0.25
2022,TEXAS,48.0,TITUS,449,2867000,-0.59,-0.52
2022,TEXAS,48.0,UPSHUR,459,2508000,0.03,0.1
2022,TEXAS,48.0,VAN ZANDT,467,75291000,-0.1,-0.04
2022,TEXAS,48.0,WOOD,499,10964000,-0.35,-0.27
2022,TEXAS,48.0,ANGELINA,5,6298000,0.56,0.55
2022,TEXAS,48.0,BRAZOS,41,10098000,0.6,0.61
2022,TEXAS,48.0,FREESTONE,161,6737000,1.11,1.06
2022,TEXAS,48.0,GRIMES,185,15847000,0.94,0.89
2022,TEXAS,48.0,HARDIN,199,1753000,0.3,0.32
2022,TEXAS,48.0,JASPER,241,8689000,-0.12,-0.12
2022,TEXAS,48.0,LEON,289,8819000,0.74,0.67
2022,TEXAS,48.0,MONTGOMERY,339,8658000,0.52,0.55
2022,TEXAS,48.0,NEWTON,351,565000,0.1,0.19
2022,TEXAS,48.0,POLK,373,5423000,0.41,0.41
2022,TEXAS,48.0,ROBERTSON,395,20376000,0.67,0.69
2022,TEXAS,48.0,SABINE,403,399000,-0.04,0.01
2022,TEXAS,48.0,SAN AUGUSTINE,405,1844000,0.06,0.07
2022,TEXAS,48.0,SAN JACINTO,407,3535000,0.63,0.65
2022,TEXAS,48.0,TRINITY,455,2127000,0.35,0.31
2022,TEXAS,48.0,TYLER,457,5295000,0.26,0.29
2022,TEXAS,48.0,WALKER,471,7847000,0.47,0.48
2022,TEXAS,48.0,WALLER,473,83806000,0.12,0.16
2022,TEXAS,48.0,BANDERA,19,777000,1.41,1.44
2022,TEXAS,48.0,BLANCO,31,6686000,0.48,0.43
2022,TEXAS,48.0,BURNET,53,6815000,0.82,0.83
2022,TEXAS,48.0,COKE,81,2753000,1.08,1.13
2022,TEXAS,48.0,CONCHO,95,18875000,1.32,1.31
2022,TEXAS,48.0,CROCKETT,105,2613000,0.6,0.65
2022,TEXAS,48.0,EDWARDS,137,395000,0.27,0.27
2022,TEXAS,48.0,GILLESPIE,171,11891000,0.25,0.23
2022,TEXAS,48.0,IRION,235,172000,0.96,0.9
2022,TEXAS,48.0,KENDALL,259,858000,1.0,1.0
2022,TEXAS,48.0,KERR,265,1079000,0.25,0.14
2022,TEXAS,48.0,KIMBLE,267,264000,1.27,1.22
2022,TEXAS,48.0,KINNEY,271,38000,1.14,1.09
2022,TEXAS,48.0,LAMPASAS,281,1607000,0.48,0.47
2022,TEXAS,48.0,LLANO,299,1534000,0.57,0.57
2022,TEXAS,48.0,MASON,319,11471000,0.71,0.63
2022,TEXAS,48.0,MCCULLOCH,307,2345000,0.9,0.88
2022,TEXAS,48.0,MENARD,327,481000,-0.46,-0.45
2022,TEXAS,48.0,REAGAN,383,1308000,-0.59,-0.61
2022,TEXAS,48.0,REAL,385,250000,-0.64,-0.65
2022,TEXAS,48.0,SAN SABA,411,4966000,-0.22,-0.22
2022,TEXAS,48.0,SCHLEICHER,413,5527000,-0.2,-0.23
2022,TEXAS,48.0,STERLING,431,235000,-0.67,-0.7
2022,TEXAS,48.0,TOM GREEN,451,25880000,-0.24,-0.27
2022,TEXAS,48.0,UPTON,461,6355000,-0.82,-0.82
2022,TEXAS,48.0,UVALDE,463,45851000,-0.7,-0.69
2022,TEXAS,48.0,VAL VERDE,465,289000,-0.98,-0.99
2022,TEXAS,48.0,CAMERON,61,125443000,0.74,0.68
2022,TEXAS,48.0,HIDALGO,215,362855000,0.84,0.89
2022,TEXAS,48.0,STARR,427,21506000,0.28,0.34
2022,TEXAS,48.0,WILLACY,489,90337000,1.38,1.44
2022,TEXAS,48.0,ARMSTRONG,11,16849000,0.77,0.76
2022,TEXAS,48.0,BRISCOE,45,9461000,0.63,0.57
2022,TEXAS,48.0,CARSON,65,112429000,0.83,0.86
2022,TEXAS,48.0,CASTRO,69,96353000,1.14,1.07
2022,TEXAS,48.0,DALLAM,111,188835000,0.6,0.62
2022,TEXAS,48.0,DEAF SMITH,117,102740000,1.39,1.42
2022,TEXAS,48.0,GRAY,179,28439000,0.75,0.73
2022,TEXAS,48.0,HALE,189,106440000,0.34,0.24
2022,TEXAS,48.0,HANSFORD,195,144496000,0.24,0.21
2022,TEXAS,48.0,HARTLEY,205,278013000,0.65,0.59
2022,TEXAS,48.0,HEMPHILL,211,2697000,0.39,0.27
2022,TEXAS,48.0,HUTCHINSON,233,43165000,0.89,0.93
2022,TEXAS,48.0,LIPSCOMB,295,12048000,1.03,1.07
2022,TEXAS,48.0,MOORE,341,75182000,-1.16,-1.26
2022,TEXAS,48.0,OCHILTREE,357,66841000,-0.55,-0.68
2022,TEXAS,48.0,OLDHAM,359,10109000,-1.25,-1.37
2022,TEXAS,48.0,PARMER,369,128399000,-0.8,-0.95
2022,TEXAS,48.0,POTTER,375,4293000,-0.98,-1.09
2022,TEXAS,48.0,RANDALL,381,39755000,-0.69,-0.82
2022,TEXAS,48.0,ROBERTS,393,7697000,-0.36,-0.51
2022,TEXAS,48.0,SHERMAN,421,190706000,-0.9,-1.0
2022,TEXAS,48.0,SWISHER,437,52404000,-0.83,-1.02
2022,TEXAS,48.0,BORDEN,33,14924000,1.36,1.36
2022,TEXAS,48.0,CHILDRESS,75,17816000,1.18,1.22
2022,TEXAS,48.0,COLLINGSWORTH,87,22847000,1.08,1.09
2022,TEXAS,48.0,COTTLE,101,10998000,0.85,0.88
2022,TEXAS,48.0,DICKENS,125,3874000,1.19,1.2
2022,TEXAS,48.0,DONLEY,129,17622000,1.0,0.96
2022,TEXAS,48.0,FOARD,155,907000,1.03,0.99
2022,TEXAS,48.0,GARZA,169,6252000,0.52,0.45
2022,TEXAS,48.0,HALL,191,12096000,0.34,0.37
2022,TEXAS,48.0,HARDEMAN,197,16006000,0.87,0.85
2022,TEXAS,48.0,KENT,263,1741000,0.46,0.47
2022,TEXAS,48.0,KING,269,932000,0.52,0.46
2022,TEXAS,48.0,MOTLEY,345,9939000,-0.53,-0.7
2022,TEXAS,48.0,WHEELER,483,11657000,-0.34,-0.5
2022,TEXAS,48.0,WICHITA,485,16644000,-0.05,-0.05
2022,TEXAS,48.0,WILBARGER,487,22698000,-0.22,-0.28
2022,TEXAS,48.0,AUSTIN,15,19506000,0.74,0.74
2022,TEXAS,48.0,BASTROP,21,19784000,0.76,0.82
2022,TEXAS,48.0,BEE,25,19930000,0.61,0.64
2022,TEXAS,48.0,BEXAR,29,48093000,0.76,0.76
2022,TEXAS,48.0,BURLESON,51,25068000,0.95,1.01
2022,TEXAS,48.0,CALDWELL,55,8721000,1.2,1.19
2022,TEXAS,48.0,COLORADO,89,70989000,1.46,1.49
2022,TEXAS,48.0,COMAL,91,1478000,0.62,0.64
2022,TEXAS,48.0,DE WITT,123,3115000,0.69,0.75
2022,TEXAS,48.0,FAYETTE,149,10412000,-0.43,-0.44
2022,TEXAS,48.0,GOLIAD,175,3855000,1.4,1.3
2022,TEXAS,48.0,GONZALES,177,37026000,0.51,0.44
2022,TEXAS,48.0,GUADALUPE,187,24849000,0.43,0.45
2022,TEXAS,48.0,HAYS,209,22385000,1.77,1.72
2022,TEXAS,48.0,KARNES,255,6299000,0.21,0.2
2022,TEXAS,48.0,LAVACA,285,15942000,0.65,0.66
2022,TEXAS,48.0,LEE,287,14945000,0.54,0.48
2022,TEXAS,48.0,MEDINA,325,37111000,-0.81,-0.78
2022,TEXAS,48.0,TRAVIS,453,28074000,0.54,0.55
2022,TEXAS,48.0,WASHINGTON,477,17914000,0.54,0.53
2022,TEXAS,48.0,WILSON,493,12872000,0.12,0.17
2022,TEXAS,48.0,ATASCOSA,13,16004000,0.6,0.64
2022,TEXAS,48.0,BROOKS,47,3485000,0.39,0.41
2022,TEXAS,48.0,DIMMIT,127,6920000,1.28,1.26
2022,TEXAS,48.0,DUVAL,131,1947000,0.51,0.54
2022,TEXAS,48.0,FRIO,163,86663000,0.58,0.47
2022,TEXAS,48.0,JIM HOGG,247,174000,0.42,0.37
2022,TEXAS,48.0,JIM WELLS,249,39927000,0.82,0.76
2022,TEXAS,48.0,LA SALLE,283,1122000,1.71,1.62
2022,TEXAS,48.0,LIVE OAK,297,1553000,0.41,0.34
2022,TEXAS,48.0,MAVERICK,323,2939000,-0.65,-0.58
2022,TEXAS,48.0,MCMULLEN,311,868000,0.42,0.45
2022,TEXAS,48.0,WEBB,479,477000,-0.57,-0.52
2022,TEXAS,48.0,ZAPATA,505,253000,-0.44,-0.39
2022,TEXAS,48.0,ZAVALA,507,49135000,-0.55,-0.49
2022,TEXAS,48.0,ANDREWS,3,5343000,0.63,0.62
2022,TEXAS,48.0,BAILEY,17,39401000,0.82,0.87
2022,TEXAS,48.0,COCHRAN,79,49603000,1.48,1.45
2022,TEXAS,48.0,CROSBY,107,46887000,1.52,1.55
2022,TEXAS,48.0,DAWSON,115,49659000,1.37,1.33
2022,TEXAS,48.0,GAINES,165,157314000,0.44,0.37
2022,TEXAS,48.0,GLASSCOCK,173,20889000,1.1,1.05
2022,TEXAS,48.0,HOCKLEY,219,57723000,0.04,-0.02
2022,TEXAS,48.0,HOWARD,227,27807000,0.74,0.77
2022,TEXAS,48.0,LAMB,279,78896000,1.61,1.55
2022,TEXAS,48.0,LYNN,305,41136000,0.83,0.86
2022,TEXAS,48.0,MARTIN,317,20841000,0.14,0.06
2022,TEXAS,48.0,MIDLAND,329,8332000,-0.7,-0.7
2022,TEXAS,48.0,TERRY,445,73878000,-0.61,-0.69
2022,TEXAS,48.0,YOAKUM,501,53372000,-0.73,-0.8
2022,TEXAS,48.0,BAYLOR,23,7452000,1.0,0.97
2022,TEXAS,48.0,COLEMAN,83,6620000,1.51,1.54
2022,TEXAS,48.0,FISHER,151,23218000,0.37,0.33
2022,TEXAS,48.0,HASKELL,207,37825000,0.37,0.34
2022,TEXAS,48.0,JONES,253,16349000,0.95,0.9
2022,TEXAS,48.0,KNOX,275,14820000,1.02,0.97
2022,TEXAS,48.0,MITCHELL,335,15465000,-0.37,-0.43
2022,TEXAS,48.0,NOLAN,353,8533000,0.29,0.32
2022,TEXAS,48.0,RUNNELS,399,12869000,-0.49,-0.47
2022,TEXAS,48.0,SCURRY,415,8172000,0.27,0.21
2022,TEXAS,48.0,STONEWALL,433,2460000,-0.42,-0.4
2022,TEXAS,48.0,TAYLOR,441,8735000,0.18,0.22
2022,TEXAS,48.0,BREWSTER,43,7569000,1.26,1.23
2022,TEXAS,48.0,CULBERSON,109,17702000,0.62,0.59
2022,TEXAS,48.0,ECTOR,135,237000,0.36,0.32
2022,TEXAS,48.0,EL PASO,141,34239000,0.02,0.02
2022,TEXAS,48.0,HUDSPETH,229,52050000,0.76,0.75
2022,TEXAS,48.0,LOVING,301,274000,0.5,0.39
2022,TEXAS,48.0,PECOS,371,29294000,-0.9,-0.92
2022,TEXAS,48.0,REEVES,389,21427000,-0.43,-0.42
2022,TEXAS,48.0,TERRELL,443,354000,-0.98,-1.01
2022,TEXAS,48.0,BRAZORIA,39,76616000,0.59,0.59
2022,TEXAS,48.0,CALHOUN,57,11172000,1.21,1.22
2022,TEXAS,48.0,CHAMBERS,71,39530000,1.3,1.33
2022,TEXAS,48.0,FORT BEND,157,48067000,0.53,0.52
2022,TEXAS,48.0,GALVESTON,167,7622000,1.03,0.9
2022,TEXAS,48.0,HARRIS,201,73449000,0.71,0.68
2022,TEXAS,48.0,JACKSON,239,51443000,0.75,0.73
2022,TEXAS,48.0,JEFFERSON,245,15901000,0.25,0.2
2022,TEXAS,48.0,LIBERTY,291,16379000,0.81,0.81
2022,TEXAS,48.0,MATAGORDA,321,107882000,0.68,0.61
2022,TEXAS,48.0,ORANGE,361,1563000,0.27,0.37
2022,TEXAS,48.0,VICTORIA,469,46235000,0.77,0.76
2022,TEXAS,48.0,WHARTON,481,354833000,1.06,1.02
2022,UTAH,49.0,JUAB,23,32073000,1.0,0.97
2022,UTAH,49.0,MILLARD,27,84093000,0.68,0.67
2022,UTAH,49.0,SANPETE,39,25277000,0.59,0.59
2022,UTAH,49.0,SEVIER,41,12748000,0.6,0.61
2022,UTAH,49.0,UTAH,49,103592000,1.53,1.56
2022,UTAH,49.0,CARBON,7,2713000,0.94,0.98
2022,UTAH,49.0,DAGGETT,9,1432000,1.4,1.35
2022,UTAH,49.0,DUCHESNE,13,19396000,0.6,0.64
2022,UTAH,49.0,EMERY,15,8978000,0.74,0.74
2022,UTAH,49.0,GRAND,19,3647000,1.41,1.44
2022,UTAH,49.0,SAN JUAN,37,11226000,0.7,0.76
2022,UTAH,49.0,SUMMIT,43,6783000,1.26,1.23
2022,UTAH,49.0,UINTAH,47,29493000,0.39,0.41
2022,UTAH,49.0,WASATCH,51,3436000,0.95,1.01
2022,UTAH,49.0,BOX ELDER,3,93002000,0.63,0.62
2022,UTAH,49.0,CACHE,5,57455000,0.56,0.55
2022,UTAH,49.0,DAVIS,11,23481000,0.77,0.76
2022,UTAH,49.0,MORGAN,29,5160000,0.76,0.76
2022,UTAH,49.0,RICH,33,11910000,1.36,1.36
2022,UTAH,49.0,SALT LAKE,35,16203000,0.77,0.83
2022,UTAH,49.0,TOOELE,45,17064000,0.63,0.57
2022,UTAH,49.0,WEBER,57,30248000,1.21,1.22
2022,UTAH,49.0,BEAVER,1,16791000,0.75,0.79
2022,UTAH,49.0,GARFIELD,17,8229000,0.82,0.87
2022,UTAH,49.0,IRON,21,76964000,0.76,0.82
2022,UTAH,49.0,KANE,25,556000,0.61,0.64
2022,UTAH,49.0,PIUTE,31,2236000,0.48,0.43
2022,UTAH,49.0,WASHINGTON,53,8582000,0.82,0.83
2022,UTAH,49.0,WAYNE,55,5048000,1.2,1.19
2022,VERMONT,50.0,ADDISON,1,48344000,0.75,0.79
2022,VERMONT,50.0,BENNINGTON,3,15816000,0.63,0.62
2022,VERMONT,50.0,CALEDONIA,5,13290000,0.56,0.55
2022,VERMONT,50.0,CHITTENDEN,7,35116000,0.94,0.98
2022,VERMONT,50.0,ESSEX,9,12184000,1.4,1.35
2022,VERMONT,50.0,FRANKLIN,11,67280000,0.77,0.76
2022,VERMONT,50.0,GRAND ISLE,13,3863000,0.6,0.64
2022,VERMONT,50.0,LAMOILLE,15,19349000,0.74,0.74
2022,VERMONT,50.0,ORANGE,17,18407000,0.82,0.87
2022,VERMONT,50.0,ORLEANS,19,27574000,1.41,1.44
2022,VERMONT,50.0,RUTLAND,21,17658000,0.76,0.82
2022,VERMONT,50.0,WASHINGTON,23,13984000,1.0,0.97
2022,VERMONT,50.0,WINDHAM,25,14319000,0.61,0.64
2022,VERMONT,50.0,WINDSOR,27,19299000,0.68,0.67
2022,VIRGINIA,51.0,ALBEMARLE,3,33413000,0.63,0.62
2022,VIRGINIA,51.0,AMELIA,7,15348000,0.94,0.98
2022,VIRGINIA,51.0,AMHERST,9,5630000,1.4,1.35
2022,VIRGINIA,51.0,APPOMATTOX,11,3949000,0.77,0.76
2022,VIRGINIA,51.0,BEDFORD,19,12239000,1.41,1.44
2022,VIRGINIA,51.0,BUCKINGHAM,29,7501000,0.76,0.76
2022,VIRGINIA,51.0,CAMPBELL,31,6708000,0.48,0.43
2022,VIRGINIA,51.0,CAROLINE,33,31202000,1.36,1.36
2022,VIRGINIA,51.0,CHESTERFIELD,41,2772000,0.6,0.61
2022,VIRGINIA,51.0,CUMBERLAND,49,4935000,1.53,1.56
2022,VIRGINIA,51.0,FLUVANNA,65,6891000,0.83,0.86
2022,VIRGINIA,51.0,GOOCHLAND,75,13335000,1.18,1.22
2022,VIRGINIA,51.0,GREENE,79,2047000,1.48,1.45
2022,VIRGINIA,51.0,HANOVER,85,51899000,0.7,0.68
2022,VIRGINIA,51.0,HENRICO,87,6839000,1.08,1.09
2022,VIRGINIA,51.0,LOUISA,109,17533000,0.62,0.59
2022,VIRGINIA,51.0,NELSON,125,29944000,1.19,1.2
2022,VIRGINIA,51.0,ORANGE,137,111546000,0.27,0.27
2022,VIRGINIA,51.0,POWHATAN,145,5093000,-0.1,-0.05
2022,VIRGINIA,51.0,PRINCE EDWARD,147,4351000,-0.2,-0.2
2022,VIRGINIA,51.0,SPOTSYLVANIA,177,8688000,0.51,0.44
2022,VIRGINIA,51.0,ACCOMACK,1,56657000,0.75,0.79
2022,VIRGINIA,51.0,ESSEX,57,39982000,1.21,1.22
2022,VIRGINIA,51.0,GLOUCESTER,73,14536000,1.34,1.34
2022,VIRGINIA,51.0,JAMES CITY,95,1726000,1.32,1.31
2022,VIRGINIA,51.0,KING AND QUEEN,97,23163000,0.88,0.85
2022,VIRGINIA,51.0,KING GEORGE,99,14320000,0.69,0.76
2022,VIRGINIA,51.0,KING WILLIAM,101,26202000,0.85,0.88
2022,VIRGINIA,51.0,LANCASTER,103,6735000,1.42,1.43
2022,VIRGINIA,51.0,MATHEWS,115,397000,1.37,1.33
2022,VIRGINIA,51.0,MIDDLESEX,119,10642000,0.87,0.92
2022,VIRGINIA,51.0,NEW KENT,127,10532000,1.28,1.26
2022,VIRGINIA,51.0,NORTHAMPTON,131,73165000,0.51,0.54
2022,VIRGINIA,51.0,NORTHUMBERLAND,133,36012000,1.5,1.47
2022,VIRGINIA,51.0,RICHMOND,159,27215000,0.45,0.35
2022,VIRGINIA,51.0,YORK,199,3065000,0.3,0.32
2022,VIRGINIA,51.0,CLARKE,43,7195000,1.26,1.23
2022,VIRGINIA,51.0,CULPEPER,47,54946000,0.39,0.41
2022,VIRGINIA,51.0,FAIRFAX,59,556000,1.46,1.47
2022,VIRGINIA,51.0,FAUQUIER,61,39605000,0.74,0.68
2022,VIRGINIA,51.0,FREDERICK,69,45095000,1.14,1.07
2022,VIRGINIA,51.0,LOUDOUN,107,38652000,1.52,1.55
2022,VIRGINIA,51.0,MADISON,113,21609000,1.04,1.07
2022,VIRGINIA,51.0,PAGE,139,9882000,0.04,0.05
2022,VIRGINIA,51.0,PRINCE WILLIAM,153,8306000,0.69,0.62
2022,VIRGINIA,51.0,RAPPAHANNOCK,157,6473000,0.53,0.52
2022,VIRGINIA,51.0,ROCKINGHAM,165,77417000,0.44,0.37
2022,VIRGINIA,51.0,SHENANDOAH,171,31736000,0.25,0.23
2022,VIRGINIA,51.0,STAFFORD,179,4240000,0.75,0.73
2022,VIRGINIA,51.0,WARREN,187,2599000,0.43,0.45
2022,VIRGINIA,51.0,BRUNSWICK,25,12876000,0.61,0.64
2022,VIRGINIA,51.0,CHESAPEAKE CITY,550,38174000,0.13,0.09
2022,VIRGINIA,51.0,DINWIDDIE,53,24638000,0.82,0.83
2022,VIRGINIA,51.0,ISLE OF WIGHT,93,55446000,1.56,1.56
2022,VIRGINIA,51.0,MECKLENBURG,117,34994000,1.39,1.42
2022,VIRGINIA,51.0,PRINCE GEORGE,149,10395000,-0.43,-0.44
2022,VIRGINIA,51.0,SOUTHAMPTON,175,74661000,1.4,1.3
2022,VIRGINIA,51.0,SUFFOLK CITY,800,56563000,0.44,0.39
2022,VIRGINIA,51.0,VIRGINIA BEACH CITY,810,20169000,-0.44,-0.45
2022,VIRGINIA,51.0,CHARLOTTE,37,15619000,0.7,0.76
2022,VIRGINIA,51.0,FRANKLIN,67,21466000,0.75,0.72
2022,VIRGINIA,51.0,HALIFAX,83,22472000,1.51,1.54
2022,VIRGINIA,51.0,HENRY,89,3532000,1.46,1.49
2022,VIRGINIA,51.0,LUNENBURG,111,11255000,0.6,0.62
2022,VIRGINIA,51.0,NOTTOWAY,135,5944000,0.36,0.32
2022,VIRGINIA,51.0,PATRICK,141,7015000,0.02,0.02
2022,VIRGINIA,51.0,PITTSYLVANIA,143,37093000,-0.08,-0.08
2022,VIRGINIA,51.0,BLAND,21,4298000,0.76,0.82
2022,VIRGINIA,51.0,BUCHANAN,27,346000,0.68,0.67
2022,VIRGINIA,51.0,CARROLL,35,11096000,0.77,0.83
2022,VIRGINIA,51.0,DICKENSON,51,99000,0.95,1.01
2022,VIRGINIA,51.0,FLOYD,63,17466000,1.35,1.37
2022,VIRGINIA,51.0,GILES,71,2390000,1.3,1.33
2022,VIRGINIA,51.0,GRAYSON,77,42456000,1.37,1.35
2022,VIRGINIA,51.0,LEE,105,5487000,0.6,0.65
2022,VIRGINIA,51.0,MONTGOMERY,121,12576000,0.84,0.84
2022,VIRGINIA,51.0,PULASKI,155,10751000,1.03,0.99
2022,VIRGINIA,51.0,RUSSELL,167,3862000,1.03,0.9
2022,VIRGINIA,51.0,SCOTT,169,6820000,0.52,0.45
2022,VIRGINIA,51.0,SMYTH,173,5080000,1.1,1.05
2022,VIRGINIA,51.0,TAZEWELL,185,2825000,0.94,0.89
2022,VIRGINIA,51.0,WASHINGTON,191,9564000,0.34,0.37
2022,VIRGINIA,51.0,WISE,195,1276000,0.24,0.21
2022,VIRGINIA,51.0,WYTHE,197,10987000,0.87,0.85
2022,VIRGINIA,51.0,ALLEGHANY,5,1823000,0.56,0.55
2022,VIRGINIA,51.0,AUGUSTA,15,48396000,0.74,0.74
2022,VIRGINIA,51.0,BATH,17,2132000,0.82,0.87
2022,VIRGINIA,51.0,BOTETOURT,23,7964000,1.0,0.97
2022,VIRGINIA,51.0,CRAIG,45,2515000,0.63,0.57
2022,VIRGINIA,51.0,HIGHLAND,91,2552000,0.62,0.64
2022,VIRGINIA,51.0,ROANOKE,161,2526000,1.11,1.06
2022,VIRGINIA,51.0,ROCKBRIDGE,163,12102000,0.58,0.47
2022,WASHINGTON,53.0,BENTON,5,1082522000,0.56,0.55
2022,WASHINGTON,53.0,CHELAN,7,262000000,0.94,0.98
2022,WASHINGTON,53.0,KITTITAS,37,62280000,0.7,0.76
2022,WASHINGTON,53.0,KLICKITAT,39,112168000,0.59,0.59
2022,WASHINGTON,53.0,OKANOGAN,47,320530000,0.39,0.41
2022,WASHINGTON,53.0,YAKIMA,77,1434170000,1.37,1.35
2022,WASHINGTON,53.0,ADAMS,1,408509000,0.75,0.79
2022,WASHINGTON,53.0,DOUGLAS,17,244651000,0.82,0.87
2022,WASHINGTON,53.0,FRANKLIN,21,660207000,0.76,0.82
2022,WASHINGTON,53.0,GRANT,25,1955954000,0.61,0.64
2022,WASHINGTON,53.0,LINCOLN,43,195576000,1.26,1.23
2022,WASHINGTON,53.0,FERRY,19,1430000,1.41,1.44
2022,WASHINGTON,53.0,PEND OREILLE,51,5369000,0.95,1.01
2022,WASHINGTON,53.0,SPOKANE,63,186043000,1.35,1.37
2022,WASHINGTON,53.0,ASOTIN,3,16662000,0.63,0.62
2022,WASHINGTON,53.0,COLUMBIA,13,89733000,0.6,0.64
2022,WASHINGTON,53.0,GARFIELD,23,49195000,1.0,0.97
2022,WASHINGTON,53.0,WHITMAN,75,447250000,1.18,1.22
2022,WASHINGTON,53.0,CLARK,11,35343000,0.77,0.76
2022,WASHINGTON,53.0,COWLITZ,15,23113000,0.74,0.74
2022,WASHINGTON,53.0,GRAYS HARBOR,27,22071000,0.68,0.67
2022,WASHINGTON,53.0,ISLAND,29,11015000,0.76,0.76
2022,WASHINGTON,53.0,JEFFERSON,31,3773000,0.48,0.43
2022,WASHINGTON,53.0,KING,33,60854000,1.36,1.36
2022,WASHINGTON,53.0,KITSAP,35,8372000,0.77,0.83
2022,WASHINGTON,53.0,LEWIS,41,83273000,0.6,0.61
2022,WASHINGTON,53.0,MASON,45,13563000,0.63,0.57
2022,WASHINGTON,53.0,PACIFIC,49,10047000,1.53,1.56
2022,WASHINGTON,53.0,PIERCE,53,53138000,0.82,0.83
2022,WASHINGTON,53.0,SAN JUAN,55,5734000,1.2,1.19
2022,WASHINGTON,53.0,SKAGIT,57,268545000,1.21,1.22
2022,WASHINGTON,53.0,SKAMANIA,59,3031000,1.46,1.47
2022,WASHINGTON,53.0,SNOHOMISH,61,128125000,0.74,0.68
2022,WASHINGTON,53.0,THURSTON,67,39950000,0.75,0.72
2022,WASHINGTON,53.0,WAHKIAKUM,69,303000,1.14,1.07
2022,WASHINGTON,53.0,WHATCOM,73,258992000,1.34,1.34
2022,WEST VIRGINIA,54.0,BERKELEY,3,25297000,0.63,0.62
2022,WEST VIRGINIA,54.0,GRANT,23,3622000,1.0,0.97
2022,WEST VIRGINIA,54.0,GREENBRIER,25,8268000,0.61,0.64
2022,WEST VIRGINIA,54.0,HAMPSHIRE,27,11253000,0.68,0.67
2022,WEST VIRGINIA,54.0,HARDY,31,10785000,0.48,0.43
2022,WEST VIRGINIA,54.0,JEFFERSON,37,31934000,0.7,0.76
2022,WEST VIRGINIA,54.0,MINERAL,57,4869000,1.21,1.22
2022,WEST VIRGINIA,54.0,MONROE,63,4300000,1.35,1.37
2022,WEST VIRGINIA,54.0,MORGAN,65,3537000,0.83,0.86
2022,WEST VIRGINIA,54.0,PENDLETON,71,5470000,1.3,1.33
2022,WEST VIRGINIA,54.0,POCAHONTAS,75,3009000,1.18,1.22
2022,WEST VIRGINIA,54.0,RANDOLPH,83,3691000,1.51,1.54
2022,WEST VIRGINIA,54.0,SUMMERS,89,2033000,1.46,1.49
2022,WEST VIRGINIA,54.0,TUCKER,93,793000,1.56,1.56
2022,WEST VIRGINIA,54.0,BARBOUR,1,3312000,0.75,0.79
2022,WEST VIRGINIA,54.0,BROOKE,9,776000,1.4,1.35
2022,WEST VIRGINIA,54.0,DODDRIDGE,17,1646000,0.82,0.87
2022,WEST VIRGINIA,54.0,HANCOCK,29,923000,0.76,0.76
2022,WEST VIRGINIA,54.0,HARRISON,33,2906000,1.36,1.36
2022,WEST VIRGINIA,54.0,LEWIS,41,1679000,0.6,0.61
2022,WEST VIRGINIA,54.0,MARION,49,1846000,1.53,1.56
2022,WEST VIRGINIA,54.0,MARSHALL,51,3111000,0.95,1.01
2022,WEST VIRGINIA,54.0,MONONGALIA,61,2899000,0.74,0.68
2022,WEST VIRGINIA,54.0,OHIO,69,1683000,1.14,1.07
2022,WEST VIRGINIA,54.0,PLEASANTS,73,1065000,1.34,1.34
2022,WEST VIRGINIA,54.0,PRESTON,77,9547000,1.37,1.35
2022,WEST VIRGINIA,54.0,RITCHIE,85,1982000,0.7,0.68
2022,WEST VIRGINIA,54.0,TAYLOR,91,1288000,0.62,0.64
2022,WEST VIRGINIA,54.0,TYLER,95,2148000,1.32,1.31
2022,WEST VIRGINIA,54.0,UPSHUR,97,2715000,0.88,0.85
2022,WEST VIRGINIA,54.0,WETZEL,103,766000,1.42,1.43
2022,WEST VIRGINIA,54.0,WOOD,107,3715000,1.52,1.55
2022,WEST VIRGINIA,54.0,BOONE,5,318000,0.56,0.55
2022,WEST VIRGINIA,54.0,BRAXTON,7,1601000,0.94,0.98
2022,WEST VIRGINIA,54.0,CABELL,11,1237000,0.77,0.76
2022,WEST VIRGINIA,54.0,CALHOUN,13,1562000,0.6,0.64
2022,WEST VIRGINIA,54.0,CLAY,15,571000,0.74,0.74
2022,WEST VIRGINIA,54.0,FAYETTE,19,5812000,1.41,1.44
2022,WEST VIRGINIA,54.0,GILMER,21,961000,0.76,0.82
2022,WEST VIRGINIA,54.0,JACKSON,35,4115000,0.77,0.83
2022,WEST VIRGINIA,54.0,KANAWHA,39,911000,0.59,0.59
2022,WEST VIRGINIA,54.0,LINCOLN,43,1017000,1.26,1.23
2022,WEST VIRGINIA,54.0,LOGAN,45,72000,0.63,0.57
2022,WEST VIRGINIA,54.0,MASON,53,34870000,0.82,0.83
2022,WEST VIRGINIA,54.0,MERCER,55,1727000,1.2,1.19
2022,WEST VIRGINIA,54.0,NICHOLAS,67,1624000,0.75,0.72
2022,WEST VIRGINIA,54.0,PUTNAM,79,5156000,1.48,1.45
2022,WEST VIRGINIA,54.0,RALEIGH,81,1716000,1.08,1.13
2022,WEST VIRGINIA,54.0,ROANE,87,3013000,1.08,1.09
2022,WEST VIRGINIA,54.0,WAYNE,99,1168000,0.69,0.76
2022,WEST VIRGINIA,54.0,WEBSTER,101,509000,0.85,0.88
2022,WEST VIRGINIA,54.0,WIRT,105,1204000,0.6,0.65
2022,WEST VIRGINIA,54.0,WYOMING,109,149000,0.62,0.59
2022,WISCONSIN,55.0,GREEN LAKE,47,77972000,0.39,0.41
2022,WISCONSIN,55.0,JUNEAU,57,91423000,1.21,1.22
2022,WISCONSIN,55.0,MARQUETTE,77,59486000,1.37,1.35
2022,WISCONSIN,55.0,PORTAGE,97,276705000,0.88,0.85
2022,WISCONSIN,55.0,WAUPACA,135,66422000,0.36,0.32
2022,WISCONSIN,55.0,WAUSHARA,137,139382000,0.27,0.27
2022,WISCONSIN,55.0,WOOD,141,93019000,0.02,0.02
2022,WISCONSIN,55.0,BROWN,9,70470000,1.4,1.35
2022,WISCONSIN,55.0,CALUMET,15,64342000,0.74,0.74
2022,WISCONSIN,55.0,DOOR,29,46911000,0.76,0.76
2022,WISCONSIN,55.0,FOND DU LAC,39,181773000,0.59,0.59
2022,WISCONSIN,55.0,KEWAUNEE,61,81981000,0.74,0.68
2022,WISCONSIN,55.0,MANITOWOC,71,80022000,1.3,1.33
2022,WISCONSIN,55.0,OUTAGAMIE,87,124570000,1.08,1.09
2022,WISCONSIN,55.0,SHEBOYGAN,117,95523000,1.39,1.42
2022,WISCONSIN,55.0,WINNEBAGO,139,68452000,0.04,0.05
2022,WISCONSIN,55.0,ASHLAND,3,3460000,0.63,0.62
2022,WISCONSIN,55.0,CLARK,19,122353000,1.41,1.44
2022,WISCONSIN,55.0,LINCOLN,69,22154000,1.14,1.07
2022,WISCONSIN,55.0,MARATHON,73,148651000,1.34,1.34
2022,WISCONSIN,55.0,ONEIDA,85,21119000,0.7,0.68
2022,WISCONSIN,55.0,PRICE,99,6024000,0.69,0.76
2022,WISCONSIN,55.0,TAYLOR,119,55276000,0.87,0.92
2022,WISCONSIN,55.0,VILAS,125,7792000,1.19,1.2
2022,WISCONSIN,55.0,FLORENCE,37,1012000,0.7,0.76
2022,WISCONSIN,55.0,FOREST,41,2852000,0.6,0.61
2022,WISCONSIN,55.0,LANGLADE,67,85013000,0.75,0.72
2022,WISCONSIN,55.0,MARINETTE,75,46808000,1.18,1.22
2022,WISCONSIN,55.0,OCONTO,83,62588000,1.51,1.54
2022,WISCONSIN,55.0,SHAWANO,115,90580000,1.37,1.33
2022,WISCONSIN,55.0,BARRON,5,106563000,0.56,0.55
2022,WISCONSIN,55.0,BAYFIELD,7,9544000,0.94,0.98
2022,WISCONSIN,55.0,BURNETT,13,19921000,0.6,0.64
2022,WISCONSIN,55.0,CHIPPEWA,17,129835000,0.82,0.87
2022,WISCONSIN,55.0,DOUGLAS,31,5681000,0.48,0.43
2022,WISCONSIN,55.0,POLK,95,83680000,1.32,1.31
2022,WISCONSIN,55.0,RUSK,107,22674000,1.52,1.55
2022,WISCONSIN,55.0,SAWYER,113,9541000,1.04,1.07
2022,WISCONSIN,55.0,WASHBURN,129,18556000,1.0,0.96
2022,WISCONSIN,55.0,COLUMBIA,21,181015000,0.76,0.82
2022,WISCONSIN,55.0,DANE,25,285447000,0.61,0.64
2022,WISCONSIN,55.0,DODGE,27,225713000,0.68,0.67
2022,WISCONSIN,55.0,GREEN,45,160459000,0.63,0.57
2022,WISCONSIN,55.0,JEFFERSON,55,141747000,1.2,1.19
2022,WISCONSIN,55.0,ROCK,105,241997000,0.6,0.65
2022,WISCONSIN,55.0,KENOSHA,59,48602000,1.46,1.47
2022,WISCONSIN,55.0,MILWAUKEE,79,6480000,1.48,1.45
2022,WISCONSIN,55.0,OZAUKEE,89,28695000,1.46,1.49
2022,WISCONSIN,55.0,RACINE,101,83346000,0.85,0.88
2022,WISCONSIN,55.0,WALWORTH,127,127583000,1.28,1.26
2022,WISCONSIN,55.0,WASHINGTON,131,70855000,0.51,0.54
2022,WISCONSIN,55.0,WAUKESHA,133,48067000,1.5,1.47
2022,WISCONSIN,55.0,CRAWFORD,23,54391000,1.0,0.97
2022,WISCONSIN,55.0,GRANT,43,238100000,1.26,1.23
2022,WISCONSIN,55.0,IOWA,49,141880000,1.53,1.56
2022,WISCONSIN,55.0,LAFAYETTE,65,210877000,0.83,0.86
2022,WISCONSIN,55.0,RICHLAND,103,59539000,1.42,1.43
2022,WISCONSIN,55.0,SAUK,111,126506000,0.6,0.62
2022,WISCONSIN,55.0,VERNON,123,100933000,0.69,0.75
2022,WISCONSIN,55.0,BUFFALO,11,98068000,0.77,0.76
2022,WISCONSIN,55.0,DUNN,33,167578000,1.36,1.36
2022,WISCONSIN,55.0,EAU CLAIRE,35,57825000,0.77,0.83
2022,WISCONSIN,55.0,JACKSON,53,127056000,0.82,0.83
2022,WISCONSIN,55.0,LA CROSSE,63,44313000,1.35,1.37
2022,WISCONSIN,55.0,MONROE,81,91848000,1.08,1.13
2022,WISCONSIN,55.0,PEPIN,91,41930000,0.62,0.64
2022,WISCONSIN,55.0,PIERCE,93,101486000,1.56,1.56
2022,WISCONSIN,55.0,ST CROIX,109,121744000,0.62,0.59
2022,WISCONSIN,55.0,TREMPEALEAU,121,118039000,0.84,0.84
2022,WYOMING,56.0,CAMPBELL,5,2902000,0.56,0.55
2022,WYOMING,56.0,CROOK,11,6146000,0.77,0.76
2022,WYOMING,56.0,JOHNSON,19,6613000,1.41,1.44
2022,WYOMING,56.0,SHERIDAN,33,5123000,1.36,1.36
2022,WYOMING,56.0,WESTON,45,874000,0.63,0.57
2022,WYOMING,56.0,BIG HORN,3,52694000,0.63,0.62
2022,WYOMING,56.0,FREMONT,13,30305000,0.6,0.64
2022,WYOMING,56.0,HOT SPRINGS,17,1034000,0.82,0.87
2022,WYOMING,56.0,PARK,29,47512000,0.76,0.76
2022,WYOMING,56.0,WASHAKIE,43,27215000,1.26,1.23
2022,WYOMING,56.0,ALBANY,1,6867000,0.75,0.79
2022,WYOMING,56.0,CARBON,7,5194000,0.94,0.98
2022,WYOMING,56.0,NATRONA,25,9202000,0.61,0.64
2022,WYOMING,56.0,SWEETWATER,37,3815000,0.7,0.76
2022,WYOMING,56.0,CONVERSE,9,3435000,1.4,1.35
2022,WYOMING,56.0,GOSHEN,15,51024000,0.74,0.74
2022,WYOMING,56.0,LARAMIE,21,36801000,0.76,0.82
2022,WYOMING,56.0,NIOBRARA,27,11435000,0.68,0.67
2022,WYOMING,56.0,PLATTE,31,23487000,0.48,0.43
2022,WYOMING,56.0,LINCOLN,23,12136000,1.0,0.97
2022,WYOMING,56.0,SUBLETTE,35,7425000,0.77,0.83
2022,WYOMING,56.0,TETON,39,4753000,0.59,0.59
2022,WYOMING,56.0,UINTA,41,2038000,0.6,0.61
2017,ALABAMA,1.0,AUTAUGA,1,12535000,-0.32,-0.27
2017,ALABAMA,1.0,DALLAS,47,27886000,-0.28,-0.26
2017,ALABAMA,1.0,ELMORE,51,17382000,-0.82,-0.75
2017,ALABAMA,1.0,GREENE,63,1178000,-1.01,-0.99
2017,ALABAMA,1.0,HALE,65,4198000,-1.01,-0.98
2017,ALABAMA,1.0,LOWNDES,85,12721000,-0.51,-0.53
2017,ALABAMA,1.0,MACON,87,16470000,-0.84,-0.82
2017,ALABAMA,1.0,MARENGO,91,5229000,-0.72,-0.71
2017,ALABAMA,1.0,MONTGOMERY,101,14435000,-0.73,-0.71
2017,ALABAMA,1.0,PERRY,105,11125000,-0.67,-0.61
2017,ALABAMA,1.0,SUMTER,119,4832000,-1.17,-1.12
2017,ALABAMA,1.0,BALDWIN,3,101620000,-0.07,-0.08
2017,ALABAMA,1.0,BUTLER,13,4619000,-0.41,-0.36
2017,ALABAMA,1.0,CHOCTAW,23,789000,-1.03,-1.06
2017,ALABAMA,1.0,CLARKE,25,1228000,-0.34,-0.31
2017,ALABAMA,1.0,CONECUH,35,8720000,-0.28,-0.22
2017,ALABAMA,1.0,ESCAMBIA,53,27430000,-0.42,-0.41
2017,ALABAMA,1.0,MOBILE,97,80448000,-0.08,-0.11
2017,ALABAMA,1.0,MONROE,99,21033000,-0.33,-0.26
2017,ALABAMA,1.0,WASHINGTON,129,7227000,-0.28,-0.31
2017,ALABAMA,1.0,WILCOX,131,2440000,-0.42,-0.39
2017,ALABAMA,1.0,BLOUNT,9,13240000,-1.83,-1.87
2017,ALABAMA,1.0,CALHOUN,15,13011000,-1.8,-1.8
2017,ALABAMA,1.0,CHEROKEE,19,39443000,-1.56,-1.53
2017,ALABAMA,1.0,CLEBURNE,29,3062000,-1.79,-1.79
2017,ALABAMA,1.0,CULLMAN,43,18602000,-1.38,-1.41
2017,ALABAMA,1.0,DE KALB,49,25045000,-1.25,-1.22
2017,ALABAMA,1.0,ETOWAH,55,6214000,-1.59,-1.6
2017,ALABAMA,1.0,JACKSON,71,30567000,-1.42,-1.38
2017,ALABAMA,1.0,MARSHALL,95,8255000,-1.42,-1.43
2017,ALABAMA,1.0,SAINT CLAIR,115,7736000,-1.77,-1.81
2017,ALABAMA,1.0,COLBERT,33,37831000,-0.96,-0.97
2017,ALABAMA,1.0,FRANKLIN,59,6334000,-0.89,-0.87
2017,ALABAMA,1.0,LAUDERDALE,77,40271000,-0.96,-0.98
2017,ALABAMA,1.0,LAWRENCE,79,58988000,-0.91,-0.94
2017,ALABAMA,1.0,LIMESTONE,83,78594000,-1.07,-1.04
2017,ALABAMA,1.0,MADISON,89,64597000,-0.88,-0.84
2017,ALABAMA,1.0,MARION,93,3222000,-0.83,-0.82
2017,ALABAMA,1.0,MORGAN,103,10767000,-1.19,-1.18
2017,ALABAMA,1.0,WINSTON,133,972000,-1.02,-1.05
2017,ALABAMA,1.0,BIBB,7,2246000,-1.0,-0.96
2017,ALABAMA,1.0,CHAMBERS,17,1681000,-1.13,-1.08
2017,ALABAMA,1.0,CHILTON,21,6700000,-0.6,-0.54
2017,ALABAMA,1.0,CLAY,27,981000,-1.26,-1.27
2017,ALABAMA,1.0,COOSA,37,300000,-0.88,-0.81
2017,ALABAMA,1.0,FAYETTE,57,7856000,-1.18,-1.17
2017,ALABAMA,1.0,JEFFERSON,73,1365000,-1.52,-1.52
2017,ALABAMA,1.0,LAMAR,75,3162000,-1.12,-1.08
2017,ALABAMA,1.0,PICKENS,107,7861000,-1.01,-0.97
2017,ALABAMA,1.0,RANDOLPH,111,2700000,-1.34,-1.32
2017,ALABAMA,1.0,SHELBY,117,13893000,-1.39,-1.36
2017,ALABAMA,1.0,TALLADEGA,121,11698000,-1.25,-1.25
2017,ALABAMA,1.0,TALLAPOOSA,123,1999000,-1.07,-1.01
2017,ALABAMA,1.0,TUSCALOOSA,125,6907000,-1.23,-1.22
2017,ALABAMA,1.0,WALKER,127,4376000,-1.28,-1.3
2017,ALABAMA,1.0,BARBOUR,5,12098000,-0.85,-0.86
2017,ALABAMA,1.0,COFFEE,31,17128000,-0.47,-0.52
2017,ALABAMA,1.0,COVINGTON,39,21062000,-0.47,-0.47
2017,ALABAMA,1.0,CRENSHAW,41,3735000,-0.62,-0.61
2017,ALABAMA,1.0,DALE,45,17024000,-0.39,-0.45
2017,ALABAMA,1.0,GENEVA,61,34381000,-0.1,-0.16
2017,ALABAMA,1.0,HENRY,67,28116000,-0.57,-0.59
2017,ALABAMA,1.0,HOUSTON,69,47485000,-0.11,-0.17
2017,ALABAMA,1.0,PIKE,109,10027000,-0.73,-0.76
2017,ALABAMA,1.0,RUSSELL,113,12331000,-0.9,-0.88
2017,ARIZONA,4.0,APACHE,1,3613000,-0.32,-0.27
2017,ARIZONA,4.0,COCONINO,5,977000,-0.85,-0.86
2017,ARIZONA,4.0,GILA,7,561000,-1.0,-0.96
2017,ARIZONA,4.0,MOHAVE,15,22975000,-1.8,-1.8
2017,ARIZONA,4.0,NAVAJO,17,4316000,-1.13,-1.08
2017,ARIZONA,4.0,YAVAPAI,25,14344000,-0.34,-0.31
2017,ARIZONA,4.0,COCHISE,3,82425000,-0.07,-0.08
2017,ARIZONA,4.0,GRAHAM,9,54751000,-1.83,-1.87
2017,ARIZONA,4.0,GREENLEE,11,2164000,-0.86,-0.87
2017,ARIZONA,4.0,MARICOPA,13,475684000,-0.41,-0.36
2017,ARIZONA,4.0,PIMA,19,63600000,-1.56,-1.53
2017,ARIZONA,4.0,PINAL,21,307665000,-0.6,-0.54
2017,ARIZONA,4.0,SANTA CRUZ,23,9580000,-1.03,-1.06
2017,ARKANSAS,5.0,CONWAY,29,15039000,-1.79,-1.79
2017,ARKANSAS,5.0,FAULKNER,45,11867000,-0.39,-0.45
2017,ARKANSAS,5.0,GARLAND,51,3048000,-0.82,-0.75
2017,ARKANSAS,5.0,GRANT,53,955000,-0.42,-0.41
2017,ARKANSAS,5.0,HOT SPRING,59,1201000,-0.89,-0.87
2017,ARKANSAS,5.0,PERRY,105,12214000,-0.67,-0.61
2017,ARKANSAS,5.0,PULASKI,119,16444000,-1.17,-1.12
2017,ARKANSAS,5.0,SALINE,125,1072000,-1.23,-1.22
2017,ARKANSAS,5.0,ARKANSAS,1,213439000,-0.32,-0.27
2017,ARKANSAS,5.0,CRITTENDEN,35,164474000,-0.28,-0.22
2017,ARKANSAS,5.0,CROSS,37,149166000,-0.88,-0.81
2017,ARKANSAS,5.0,LEE,77,129797000,-0.96,-0.98
2017,ARKANSAS,5.0,LONOKE,85,157566000,-0.51,-0.53
2017,ARKANSAS,5.0,PHILLIPS,107,189417000,-1.01,-0.97
2017,ARKANSAS,5.0,PRAIRIE,117,118224000,-1.39,-1.36
2017,ARKANSAS,5.0,SAINT FRANCIS,123,125507000,-1.07,-1.01
2017,ARKANSAS,5.0,BAXTER,5,872000,-0.85,-0.86
2017,ARKANSAS,5.0,CLEBURNE,23,1490000,-1.03,-1.06
2017,ARKANSAS,5.0,FULTON,49,2335000,-1.25,-1.22
2017,ARKANSAS,5.0,IZARD,65,1348000,-1.01,-0.98
2017,ARKANSAS,5.0,MARION,89,1009000,-0.88,-0.84
2017,ARKANSAS,5.0,SEARCY,129,1331000,-0.28,-0.31
2017,ARKANSAS,5.0,SHARP,135,1614000,0.16,0.12
2017,ARKANSAS,5.0,STONE,137,959000,-0.15,-0.15
2017,ARKANSAS,5.0,VAN BUREN,141,1074000,-0.25,-0.25
2017,ARKANSAS,5.0,CLAY,21,164460000,-0.6,-0.54
2017,ARKANSAS,5.0,CRAIGHEAD,31,191840000,-0.47,-0.52
2017,ARKANSAS,5.0,GREENE,55,128061000,-1.59,-1.6
2017,ARKANSAS,5.0,INDEPENDENCE,63,21020000,-1.01,-0.99
2017,ARKANSAS,5.0,JACKSON,67,116787000,-0.57,-0.59
2017,ARKANSAS,5.0,LAWRENCE,75,99781000,-1.12,-1.08
2017,ARKANSAS,5.0,MISSISSIPPI,93,300843000,-0.83,-0.82
2017,ARKANSAS,5.0,POINSETT,111,184724000,-1.34,-1.32
2017,ARKANSAS,5.0,RANDOLPH,121,40392000,-1.25,-1.25
2017,ARKANSAS,5.0,WHITE,145,34182000,-0.64,-0.59
2017,ARKANSAS,5.0,BENTON,7,7562000,-1.0,-0.96
2017,ARKANSAS,5.0,BOONE,9,3114000,-1.83,-1.87
2017,ARKANSAS,5.0,CARROLL,15,3409000,-1.8,-1.8
2017,ARKANSAS,5.0,MADISON,87,6055000,-0.84,-0.82
2017,ARKANSAS,5.0,NEWTON,101,860000,-0.73,-0.71
2017,ARKANSAS,5.0,WASHINGTON,143,7722000,-0.9,-0.9
2017,ARKANSAS,5.0,BRADLEY,11,6652000,-0.86,-0.87
2017,ARKANSAS,5.0,CALHOUN,13,349000,-0.41,-0.36
2017,ARKANSAS,5.0,CLARK,19,5663000,-1.56,-1.53
2017,ARKANSAS,5.0,CLEVELAND,25,500000,-0.34,-0.31
2017,ARKANSAS,5.0,COLUMBIA,27,3902000,-1.26,-1.27
2017,ARKANSAS,5.0,DALLAS,39,1175000,-0.47,-0.47
2017,ARKANSAS,5.0,NEVADA,99,1540000,-0.33,-0.26
2017,ARKANSAS,5.0,OUACHITA,103,346000,-1.19,-1.18
2017,ARKANSAS,5.0,UNION,139,597000,0.5,0.51
2017,ARKANSAS,5.0,ASHLEY,3,63443000,-0.07,-0.08
2017,ARKANSAS,5.0,CHICOT,17,143290000,-1.13,-1.08
2017,ARKANSAS,5.0,DESHA,41,161113000,-0.62,-0.61
2017,ARKANSAS,5.0,DREW,43,40275000,-1.38,-1.41
2017,ARKANSAS,5.0,JEFFERSON,69,143926000,-0.11,-0.17
2017,ARKANSAS,5.0,LINCOLN,79,94045000,-0.91,-0.94
2017,ARKANSAS,5.0,HEMPSTEAD,57,5162000,-1.18,-1.17
2017,ARKANSAS,5.0,HOWARD,61,1803000,-0.1,-0.16
2017,ARKANSAS,5.0,LAFAYETTE,73,18610000,-1.52,-1.52
2017,ARKANSAS,5.0,LITTLE RIVER,81,16617000,-0.93,-0.88
2017,ARKANSAS,5.0,MILLER,91,15772000,-0.72,-0.71
2017,ARKANSAS,5.0,MONTGOMERY,97,929000,-0.08,-0.11
2017,ARKANSAS,5.0,PIKE,109,1001000,-0.73,-0.76
2017,ARKANSAS,5.0,SEVIER,133,1233000,-1.02,-1.05
2017,ARKANSAS,5.0,CRAWFORD,33,17636000,-0.96,-0.97
2017,ARKANSAS,5.0,FRANKLIN,47,5144000,-0.28,-0.26
2017,ARKANSAS,5.0,JOHNSON,71,4205000,-1.42,-1.38
2017,ARKANSAS,5.0,LOGAN,83,6316000,-1.07,-1.04
2017,ARKANSAS,5.0,POLK,113,1684000,-0.9,-0.88
2017,ARKANSAS,5.0,POPE,115,9838000,-1.77,-1.81
2017,ARKANSAS,5.0,SCOTT,127,1631000,-1.28,-1.3
2017,ARKANSAS,5.0,SEBASTIAN,131,1670000,-0.42,-0.39
2017,ARKANSAS,5.0,YELL,149,6021000,-0.72,-0.73
2017,CALIFORNIA,6.0,ALAMEDA,1,35752000,-0.32,-0.27
2017,CALIFORNIA,6.0,CONTRA COSTA,13,64406000,-0.41,-0.36
2017,CALIFORNIA,6.0,LAKE,33,69361000,-0.96,-0.97
2017,CALIFORNIA,6.0,MARIN,41,11078000,-0.62,-0.61
2017,CALIFORNIA,6.0,MONTEREY,53,4077795000,-0.42,-0.41
2017,CALIFORNIA,6.0,NAPA,55,560242000,-1.59,-1.6
2017,CALIFORNIA,6.0,SAN BENITO,69,130203000,-0.11,-0.17
2017,CALIFORNIA,6.0,SAN LUIS OBISPO,79,667915000,-0.91,-0.94
2017,CALIFORNIA,6.0,SAN MATEO,81,78021000,-0.93,-0.88
2017,CALIFORNIA,6.0,SANTA CLARA,85,293727000,-0.51,-0.53
2017,CALIFORNIA,6.0,SANTA CRUZ,87,598445000,-0.84,-0.82
2017,CALIFORNIA,6.0,SONOMA,97,614868000,-0.08,-0.11
2017,CALIFORNIA,6.0,LASSEN,35,20676000,-0.28,-0.22
2017,CALIFORNIA,6.0,MODOC,49,80529000,-1.25,-1.22
2017,CALIFORNIA,6.0,PLUMAS,63,3365000,-1.01,-0.99
2017,CALIFORNIA,6.0,DEL NORTE,15,11111000,-1.8,-1.8
2017,CALIFORNIA,6.0,MENDOCINO,45,149847000,-0.39,-0.45
2017,CALIFORNIA,6.0,BUTTE,7,507638000,-1.0,-0.96
2017,CALIFORNIA,6.0,COLUSA,11,544843000,-0.86,-0.87
2017,CALIFORNIA,6.0,GLENN,21,521193000,-0.6,-0.54
2017,CALIFORNIA,6.0,SACRAMENTO,67,301953000,-0.57,-0.59
2017,CALIFORNIA,6.0,SOLANO,95,248410000,-1.42,-1.43
2017,CALIFORNIA,6.0,SUTTER,101,408224000,-0.73,-0.71
2017,CALIFORNIA,6.0,TEHAMA,103,162640000,-1.19,-1.18
2017,CALIFORNIA,6.0,YOLO,113,555211000,-0.9,-0.88
2017,CALIFORNIA,6.0,YUBA,115,159212000,-1.77,-1.81
2017,CALIFORNIA,6.0,FRESNO,19,4083741000,-1.56,-1.53
2017,CALIFORNIA,6.0,KERN,29,3435861000,-1.79,-1.79
2017,CALIFORNIA,6.0,KINGS,31,825626000,-0.47,-0.52
2017,CALIFORNIA,6.0,MADERA,39,1155326000,-0.47,-0.47
2017,CALIFORNIA,6.0,MERCED,47,1290175000,-0.28,-0.26
2017,CALIFORNIA,6.0,SAN JOAQUIN,77,1627303000,-0.96,-0.98
2017,CALIFORNIA,6.0,STANISLAUS,99,1339470000,-0.33,-0.26
2017,CALIFORNIA,6.0,TULARE,107,2223460000,-1.01,-0.97
2017,CALIFORNIA,6.0,AMADOR,5,23202000,-0.85,-0.86
2017,CALIFORNIA,6.0,CALAVERAS,9,9613000,-1.83,-1.87
2017,CALIFORNIA,6.0,EL DORADO,17,21352000,-1.13,-1.08
2017,CALIFORNIA,6.0,INYO,27,1522000,-1.26,-1.27
2017,CALIFORNIA,6.0,MARIPOSA,43,1894000,-1.38,-1.41
2017,CALIFORNIA,6.0,MONO,51,6279000,-0.82,-0.75
2017,CALIFORNIA,6.0,NEVADA,57,6798000,-1.18,-1.17
2017,CALIFORNIA,6.0,PLACER,61,37556000,-0.1,-0.16
2017,CALIFORNIA,6.0,SIERRA,91,692000,-0.72,-0.71
2017,CALIFORNIA,6.0,TUOLUMNE,109,1119000,-0.73,-0.76
2017,CALIFORNIA,6.0,SHASTA,89,21771000,-0.88,-0.84
2017,CALIFORNIA,6.0,SISKIYOU,93,156486000,-0.83,-0.82
2017,CALIFORNIA,6.0,IMPERIAL,25,1222570000,-0.34,-0.31
2017,CALIFORNIA,6.0,LOS ANGELES,37,133773000,-0.88,-0.81
2017,CALIFORNIA,6.0,ORANGE,59,82070000,-0.89,-0.87
2017,CALIFORNIA,6.0,RIVERSIDE,65,707083000,-1.01,-0.98
2017,CALIFORNIA,6.0,SAN BERNARDINO,71,94144000,-1.42,-1.38
2017,CALIFORNIA,6.0,SAN DIEGO,73,777747000,-1.52,-1.52
2017,CALIFORNIA,6.0,SANTA BARBARA,83,1489364000,-1.07,-1.04
2017,CALIFORNIA,6.0,VENTURA,111,1620611000,-1.34,-1.32
2017,COLORADO,8.0,ADAMS,1,103563000,-0.32,-0.27
2017,COLORADO,8.0,ARAPAHOE,5,20815000,-0.85,-0.86
2017,COLORADO,8.0,CHEYENNE,17,67819000,-1.13,-1.08
2017,COLORADO,8.0,DOUGLAS,35,11700000,-0.28,-0.22
2017,COLORADO,8.0,EL PASO,41,13803000,-0.62,-0.61
2017,COLORADO,8.0,ELBERT,39,7511000,-0.47,-0.47
2017,COLORADO,8.0,KIOWA,61,40491000,-0.1,-0.16
2017,COLORADO,8.0,KIT CARSON,63,153440000,-1.01,-0.99
2017,COLORADO,8.0,LINCOLN,73,39999000,-1.52,-1.52
2017,COLORADO,8.0,PHILLIPS,95,87942000,-1.42,-1.43
2017,COLORADO,8.0,WASHINGTON,121,94001000,-1.25,-1.25
2017,COLORADO,8.0,YUMA,125,199821000,-1.23,-1.22
2017,COLORADO,8.0,BOULDER,13,38380000,-0.41,-0.36
2017,COLORADO,8.0,BROOMFIELD,14,475000,-0.23,-0.3
2017,COLORADO,8.0,JEFFERSON,59,7036000,-0.89,-0.87
2017,COLORADO,8.0,LARIMER,69,68874000,-0.11,-0.17
2017,COLORADO,8.0,LOGAN,75,99146000,-1.12,-1.08
2017,COLORADO,8.0,MORGAN,87,89981000,-0.84,-0.82
2017,COLORADO,8.0,SEDGWICK,115,46232000,-1.77,-1.81
2017,COLORADO,8.0,WELD,123,348647000,-1.07,-1.01
2017,COLORADO,8.0,CHAFFEE,15,3998000,-1.8,-1.8
2017,COLORADO,8.0,CLEAR CREEK,19,53000,-1.56,-1.53
2017,COLORADO,8.0,EAGLE,37,1972000,-0.88,-0.81
2017,COLORADO,8.0,GILPIN,47,37000,-0.28,-0.26
2017,COLORADO,8.0,GRAND,49,3388000,-1.25,-1.22
2017,COLORADO,8.0,GUNNISON,51,5472000,-0.82,-0.75
2017,COLORADO,8.0,JACKSON,57,4530000,-1.18,-1.17
2017,COLORADO,8.0,MOFFAT,81,3861000,-0.93,-0.88
2017,COLORADO,8.0,PARK,93,383000,-0.83,-0.82
2017,COLORADO,8.0,PITKIN,97,1016000,-0.08,-0.11
2017,COLORADO,8.0,RIO BLANCO,103,2770000,-1.19,-1.18
2017,COLORADO,8.0,ROUTT,107,5116000,-1.01,-0.97
2017,COLORADO,8.0,SUMMIT,117,524000,-1.39,-1.36
2017,COLORADO,8.0,TELLER,119,151000,-1.17,-1.12
2017,COLORADO,8.0,ALAMOSA,3,81248000,-0.07,-0.08
2017,COLORADO,8.0,CONEJOS,21,34080000,-0.6,-0.54
2017,COLORADO,8.0,COSTILLA,23,19353000,-1.03,-1.06
2017,COLORADO,8.0,RIO GRANDE,105,87758000,-0.67,-0.61
2017,COLORADO,8.0,SAGUACHE,109,90393000,-0.73,-0.76
2017,COLORADO,8.0,BACA,9,52394000,-1.83,-1.87
2017,COLORADO,8.0,BENT,11,16433000,-0.86,-0.87
2017,COLORADO,8.0,CROWLEY,25,1312000,-0.34,-0.31
2017,COLORADO,8.0,CUSTER,27,4582000,-1.26,-1.27
2017,COLORADO,8.0,FREMONT,43,5136000,-1.38,-1.41
2017,COLORADO,8.0,HUERFANO,55,1421000,-1.59,-1.6
2017,COLORADO,8.0,LAS ANIMAS,71,3791000,-1.42,-1.38
2017,COLORADO,8.0,OTERO,89,30569000,-0.88,-0.84
2017,COLORADO,8.0,PROWERS,99,62809000,-0.33,-0.26
2017,COLORADO,8.0,PUEBLO,101,21356000,-0.73,-0.71
2017,COLORADO,8.0,ARCHULETA,7,1403000,-1.0,-0.96
2017,COLORADO,8.0,DELTA,29,30366000,-1.79,-1.79
2017,COLORADO,8.0,DOLORES,33,6038000,-0.96,-0.97
2017,COLORADO,8.0,GARFIELD,45,8786000,-0.39,-0.45
2017,COLORADO,8.0,LA PLATA,67,9319000,-0.57,-0.59
2017,COLORADO,8.0,MESA,77,45915000,-0.96,-0.98
2017,COLORADO,8.0,MONTEZUMA,83,29848000,-1.07,-1.04
2017,COLORADO,8.0,MONTROSE,85,18468000,-0.51,-0.53
2017,COLORADO,8.0,OURAY,91,723000,-0.72,-0.71
2017,COLORADO,8.0,SAN MIGUEL,113,895000,-0.9,-0.88
2017,CONNECTICUT,9.0,FAIRFIELD,1,22177000,-0.32,-0.27
2017,CONNECTICUT,9.0,HARTFORD,3,89276000,-0.07,-0.08
2017,CONNECTICUT,9.0,LITCHFIELD,5,20992000,-0.85,-0.86
2017,CONNECTICUT,9.0,MIDDLESEX,7,55274000,-1.0,-0.96
2017,CONNECTICUT,9.0,NEW HAVEN,9,107020000,-1.83,-1.87
2017,CONNECTICUT,9.0,NEW LONDON,11,75402000,-0.86,-0.87
2017,CONNECTICUT,9.0,TOLLAND,13,33273000,-0.41,-0.36
2017,CONNECTICUT,9.0,WINDHAM,15,16628000,-1.8,-1.8
2017,DELAWARE,10.0,KENT,1,109044000,-0.32,-0.27
2017,DELAWARE,10.0,NEW CASTLE,3,34207000,-0.07,-0.08
2017,DELAWARE,10.0,SUSSEX,5,182405000,-0.85,-0.86
2017,FLORIDA,12.0,ALACHUA,1,75208000,-0.32,-0.27
2017,FLORIDA,12.0,BRADFORD,7,3574000,-1.0,-0.96
2017,FLORIDA,12.0,CITRUS,17,9059000,-1.13,-1.08
2017,FLORIDA,12.0,CLAY,19,3039000,-1.56,-1.53
2017,FLORIDA,12.0,FLAGLER,35,12913000,-0.28,-0.22
2017,FLORIDA,12.0,GILCHRIST,41,30456000,-0.62,-0.61
2017,FLORIDA,12.0,HERNANDO,53,15057000,-0.42,-0.41
2017,FLORIDA,12.0,HILLSBOROUGH,57,409997000,-1.18,-1.17
2017,FLORIDA,12.0,LAKE,69,196406000,-0.11,-0.17
2017,FLORIDA,12.0,LEVY,75,50416000,-1.12,-1.08
2017,FLORIDA,12.0,MARION,83,59716000,-1.07,-1.04
2017,FLORIDA,12.0,ORANGE,95,224089000,-1.42,-1.43
2017,FLORIDA,12.0,OSCEOLA,97,44753000,-0.08,-0.11
2017,FLORIDA,12.0,PASCO,101,15022000,-0.73,-0.71
2017,FLORIDA,12.0,PINELLAS,103,1422000,-1.19,-1.18
2017,FLORIDA,12.0,POLK,105,241251000,-0.67,-0.61
2017,FLORIDA,12.0,PUTNAM,107,34994000,-1.01,-0.97
2017,FLORIDA,12.0,SEMINOLE,117,19472000,-1.39,-1.36
2017,FLORIDA,12.0,ST. JOHNS,109,58493000,-0.73,-0.76
2017,FLORIDA,12.0,SUMTER,119,20008000,-1.17,-1.12
2017,FLORIDA,12.0,UNION,125,3678000,-1.23,-1.22
2017,FLORIDA,12.0,VOLUSIA,127,183527000,-1.28,-1.3
2017,FLORIDA,12.0,BAKER,3,2124000,-0.07,-0.08
2017,FLORIDA,12.0,COLUMBIA,23,16572000,-1.03,-1.06
2017,FLORIDA,12.0,DIXIE,29,9152000,-1.79,-1.79
2017,FLORIDA,12.0,DUVAL,31,6456000,-0.47,-0.52
2017,FLORIDA,12.0,HAMILTON,47,29613000,-0.28,-0.26
2017,FLORIDA,12.0,LAFAYETTE,67,21100000,-0.57,-0.59
2017,FLORIDA,12.0,MADISON,79,35434000,-0.91,-0.94
2017,FLORIDA,12.0,NASSAU,89,703000,-0.88,-0.84
2017,FLORIDA,12.0,SUWANNEE,121,55653000,-1.25,-1.25
2017,FLORIDA,12.0,TAYLOR,123,2492000,-1.07,-1.01
2017,FLORIDA,12.0,BAY,5,2020000,-0.85,-0.86
2017,FLORIDA,12.0,CALHOUN,13,18816000,-0.41,-0.36
2017,FLORIDA,12.0,ESCAMBIA,33,24562000,-0.96,-0.97
2017,FLORIDA,12.0,GADSDEN,39,73655000,-0.47,-0.47
2017,FLORIDA,12.0,HOLMES,59,9799000,-0.89,-0.87
2017,FLORIDA,12.0,JACKSON,63,81111000,-1.01,-0.99
2017,FLORIDA,12.0,JEFFERSON,65,8742000,-1.01,-0.98
2017,FLORIDA,12.0,LEON,73,4064000,-1.52,-1.52
2017,FLORIDA,12.0,LIBERTY,77,168000,-0.96,-0.98
2017,FLORIDA,12.0,OKALOOSA,91,5854000,-0.72,-0.71
2017,FLORIDA,12.0,SANTA ROSA,113,34320000,-0.9,-0.88
2017,FLORIDA,12.0,WAKULLA,129,547000,-0.28,-0.31
2017,FLORIDA,12.0,WALTON,131,5986000,-0.42,-0.39
2017,FLORIDA,12.0,WASHINGTON,133,5946000,-1.02,-1.05
2017,FLORIDA,12.0,BREVARD,9,45355000,-1.83,-1.87
2017,FLORIDA,12.0,BROWARD,11,23444000,-0.86,-0.87
2017,FLORIDA,12.0,CHARLOTTE,15,40293000,-1.8,-1.8
2017,FLORIDA,12.0,COLLIER,21,183603000,-0.6,-0.54
2017,FLORIDA,12.0,DE SOTO,27,121297000,-1.26,-1.27
2017,FLORIDA,12.0,GLADES,43,49003000,-1.38,-1.41
2017,FLORIDA,12.0,HARDEE,49,122698000,-1.25,-1.22
2017,FLORIDA,12.0,HENDRY,51,301670000,-0.82,-0.75
2017,FLORIDA,12.0,HIGHLANDS,55,142548000,-1.59,-1.6
2017,FLORIDA,12.0,INDIAN RIVER,61,95128000,-0.1,-0.16
2017,FLORIDA,12.0,LEE,71,97911000,-1.42,-1.38
2017,FLORIDA,12.0,MANATEE,81,321421000,-0.93,-0.88
2017,FLORIDA,12.0,MARTIN,85,102840000,-0.51,-0.53
2017,FLORIDA,12.0,MIAMI-DADE,86,827873000,-0.83,-0.94
2017,FLORIDA,12.0,MONROE,87,871000,-0.84,-0.82
2017,FLORIDA,12.0,OKEECHOBEE,93,32156000,-0.83,-0.82
2017,FLORIDA,12.0,PALM BEACH,99,886197000,-0.33,-0.26
2017,FLORIDA,12.0,SARASOTA,115,17886000,-1.77,-1.81
2017,FLORIDA,12.0,ST. LUCIE,111,124671000,-1.34,-1.32
2017,GEORGIA,13.0,BALDWIN,9,479000,-1.83,-1.87
2017,GEORGIA,13.0,BIBB,21,311000,-0.6,-0.54
2017,GEORGIA,13.0,BLECKLEY,23,11606000,-1.03,-1.06
2017,GEORGIA,13.0,BUTTS,35,1611000,-0.28,-0.22
2017,GEORGIA,13.0,CRAWFORD,79,12541000,-0.91,-0.94
2017,GEORGIA,13.0,DODGE,91,22564000,-0.72,-0.71
2017,GEORGIA,13.0,GREENE,133,2402000,-1.02,-1.05
2017,GEORGIA,13.0,HANCOCK,141,1305000,-0.25,-0.25
2017,GEORGIA,13.0,HOUSTON,153,9997000,-1.0,-1.06
2017,GEORGIA,13.0,JASPER,159,1955000,-1.41,-1.51
2017,GEORGIA,13.0,JOHNSON,167,10140000,-0.76,-0.88
2017,GEORGIA,13.0,JONES,169,787000,-1.28,-1.35
2017,GEORGIA,13.0,LAURENS,175,18389000,-0.96,-1.06
2017,GEORGIA,13.0,MONROE,207,984000,-1.31,-1.34
2017,GEORGIA,13.0,MONTGOMERY,209,13540000,-0.9,-0.95
2017,GEORGIA,13.0,MORGAN,211,5761000,-1.25,-1.38
2017,GEORGIA,13.0,NEWTON,217,1869000,-1.45,-1.54
2017,GEORGIA,13.0,PEACH,225,57594000,-1.01,-1.09
2017,GEORGIA,13.0,PULASKI,235,19332000,-0.82,-0.87
2017,GEORGIA,13.0,PUTNAM,237,6950000,-1.32,-1.46
2017,GEORGIA,13.0,ROCKDALE,247,224000,-1.53,-1.58
2017,GEORGIA,13.0,TALIAFERRO,265,219000,-1.47,-1.58
2017,GEORGIA,13.0,TREUTLEN,283,5761000,-0.95,-1.04
2017,GEORGIA,13.0,TWIGGS,289,6321000,-1.02,-1.09
2017,GEORGIA,13.0,WASHINGTON,303,12922000,-0.91,-1.03
2017,GEORGIA,13.0,WHEELER,309,3095000,-0.87,-0.93
2017,GEORGIA,13.0,WILKINSON,319,2473000,-1.05,-1.13
2017,GEORGIA,13.0,BULLOCH,31,73836000,-0.47,-0.52
2017,GEORGIA,13.0,BURKE,33,67546000,-0.96,-0.97
2017,GEORGIA,13.0,CANDLER,43,15914000,-1.38,-1.41
2017,GEORGIA,13.0,COLUMBIA,73,1419000,-1.52,-1.52
2017,GEORGIA,13.0,EFFINGHAM,103,14973000,-1.19,-1.18
2017,GEORGIA,13.0,EMANUEL,107,28069000,-1.01,-0.97
2017,GEORGIA,13.0,GLASCOCK,125,1679000,-1.23,-1.22
2017,GEORGIA,13.0,JEFFERSON,163,42669000,-0.56,-0.67
2017,GEORGIA,13.0,JENKINS,165,18867000,-0.39,-0.47
2017,GEORGIA,13.0,RICHMOND,245,1959000,-0.35,-0.4
2017,GEORGIA,13.0,SCREVEN,251,48443000,-0.03,-0.1
2017,GEORGIA,13.0,WARREN,301,1485000,-1.22,-1.32
2017,GEORGIA,13.0,BARROW,13,865000,-0.41,-0.36
2017,GEORGIA,13.0,CHEROKEE,57,4943000,-1.18,-1.17
2017,GEORGIA,13.0,CLARKE,59,4236000,-0.89,-0.87
2017,GEORGIA,13.0,DAWSON,85,939000,-0.51,-0.53
2017,GEORGIA,13.0,DE KALB,89,388000,-0.88,-0.84
2017,GEORGIA,13.0,FANNIN,111,4993000,-1.34,-1.32
2017,GEORGIA,13.0,FORSYTH,117,5112000,-1.39,-1.36
2017,GEORGIA,13.0,FULTON,121,906000,-1.25,-1.25
2017,GEORGIA,13.0,GILMER,123,3027000,-1.07,-1.01
2017,GEORGIA,13.0,GWINNETT,135,16234000,0.16,0.12
2017,GEORGIA,13.0,HALL,139,2927000,0.5,0.51
2017,GEORGIA,13.0,JACKSON,157,10210000,-1.78,-1.79
2017,GEORGIA,13.0,LUMPKIN,187,3879000,-1.79,-1.76
2017,GEORGIA,13.0,OCONEE,219,14218000,-1.06,-1.12
2017,GEORGIA,13.0,PICKENS,227,912000,-1.73,-1.7
2017,GEORGIA,13.0,TOWNS,281,1580000,-1.77,-1.78
2017,GEORGIA,13.0,UNION,291,5626000,-1.71,-1.71
2017,GEORGIA,13.0,WALTON,297,6134000,-1.36,-1.43
2017,GEORGIA,13.0,WHITE,311,1628000,-1.88,-1.85
2017,GEORGIA,13.0,BANKS,11,3834000,-0.86,-0.87
2017,GEORGIA,13.0,ELBERT,105,5273000,-0.67,-0.61
2017,GEORGIA,13.0,FRANKLIN,119,2359000,-1.17,-1.12
2017,GEORGIA,13.0,HABERSHAM,137,1879000,-0.15,-0.15
2017,GEORGIA,13.0,HART,147,13293000,-0.59,-0.6
2017,GEORGIA,13.0,LINCOLN,181,715000,-1.38,-1.47
2017,GEORGIA,13.0,MADISON,195,4047000,-1.87,-1.9
2017,GEORGIA,13.0,OGLETHORPE,221,14077000,-1.51,-1.58
2017,GEORGIA,13.0,STEPHENS,257,296000,-2.19,-2.18
2017,GEORGIA,13.0,WILKES,317,5406000,-1.58,-1.66
2017,GEORGIA,13.0,BARTOW,15,8902000,-1.8,-1.8
2017,GEORGIA,13.0,CATOOSA,47,4408000,-0.28,-0.26
2017,GEORGIA,13.0,CHATTOOGA,55,2042000,-1.59,-1.6
2017,GEORGIA,13.0,DADE,83,804000,-1.07,-1.04
2017,GEORGIA,13.0,FLOYD,115,5463000,-1.77,-1.81
2017,GEORGIA,13.0,GORDON,129,8639000,-0.28,-0.31
2017,GEORGIA,13.0,MURRAY,213,4276000,-1.78,-1.76
2017,GEORGIA,13.0,PAULDING,223,543000,-1.69,-1.67
2017,GEORGIA,13.0,POLK,233,13442000,-1.74,-1.7
2017,GEORGIA,13.0,WALKER,295,4719000,-1.54,-1.5
2017,GEORGIA,13.0,WHITFIELD,313,1732000,-1.81,-1.77
2017,GEORGIA,13.0,ATKINSON,3,27437000,-0.07,-0.08
2017,GEORGIA,13.0,BEN HILL,17,14409000,-1.13,-1.08
2017,GEORGIA,13.0,BERRIEN,19,60458000,-1.56,-1.53
2017,GEORGIA,13.0,BROOKS,27,75151000,-1.26,-1.27
2017,GEORGIA,13.0,CLINCH,65,30427000,-1.01,-0.98
2017,GEORGIA,13.0,COFFEE,69,72407000,-0.11,-0.17
2017,GEORGIA,13.0,COLQUITT,71,196676000,-1.42,-1.38
2017,GEORGIA,13.0,COOK,75,55599000,-1.12,-1.08
2017,GEORGIA,13.0,CRISP,81,49182000,-0.93,-0.88
2017,GEORGIA,13.0,DOOLY,93,85310000,-0.83,-0.82
2017,GEORGIA,13.0,ECHOLS,101,14707000,-0.73,-0.71
2017,GEORGIA,13.0,IRWIN,155,51266000,-0.35,-0.39
2017,GEORGIA,13.0,JEFF DAVIS,161,28746000,-0.44,-0.49
2017,GEORGIA,13.0,LANIER,173,22638000,-0.15,-0.2
2017,GEORGIA,13.0,LOWNDES,185,30408000,-0.13,-0.18
2017,GEORGIA,13.0,TELFAIR,271,9461000,-0.63,-0.68
2017,GEORGIA,13.0,TIFT,277,80134000,-0.33,-0.36
2017,GEORGIA,13.0,TURNER,287,37246000,-0.61,-0.67
2017,GEORGIA,13.0,WILCOX,315,37193000,-0.77,-0.83
2017,GEORGIA,13.0,WORTH,321,87539000,-0.41,-0.47
2017,GEORGIA,13.0,APPLING,1,60900000,-0.32,-0.27
2017,GEORGIA,13.0,BACON,5,31876000,-0.85,-0.86
2017,GEORGIA,13.0,BRYAN,29,988000,-1.79,-1.79
2017,GEORGIA,13.0,CAMDEN,39,242000,-0.47,-0.47
2017,GEORGIA,13.0,CHARLTON,49,532000,-1.25,-1.22
2017,GEORGIA,13.0,CHATHAM,51,11700000,-0.82,-0.75
2017,GEORGIA,13.0,EVANS,109,19543000,-0.73,-0.76
2017,GEORGIA,13.0,GLYNN,127,81000,-1.28,-1.3
2017,GEORGIA,13.0,LIBERTY,179,294000,0.28,0.26
2017,GEORGIA,13.0,LONG,183,642000,0.25,0.25
2017,GEORGIA,13.0,PIERCE,229,34754000,-0.42,-0.43
2017,GEORGIA,13.0,TATTNALL,267,111249000,0.1,0.05
2017,GEORGIA,13.0,TOOMBS,279,74029000,-0.57,-0.62
2017,GEORGIA,13.0,WARE,299,23563000,-0.79,-0.79
2017,GEORGIA,13.0,WAYNE,305,13295000,-0.19,-0.17
2017,GEORGIA,13.0,BAKER,7,36145000,-1.0,-0.96
2017,GEORGIA,13.0,CALHOUN,37,50752000,-0.88,-0.81
2017,GEORGIA,13.0,CLAY,61,13938000,-0.1,-0.16
2017,GEORGIA,13.0,DECATUR,87,150219000,-0.84,-0.82
2017,GEORGIA,13.0,DOUGHERTY,95,36097000,-1.42,-1.43
2017,GEORGIA,13.0,EARLY,99,54318000,-0.33,-0.26
2017,GEORGIA,13.0,GRADY,131,67236000,-0.42,-0.39
2017,GEORGIA,13.0,LEE,177,46698000,-0.64,-0.71
2017,GEORGIA,13.0,MILLER,201,42094000,-0.05,-0.08
2017,GEORGIA,13.0,MITCHELL,205,117323000,0.27,0.21
2017,GEORGIA,13.0,RANDOLPH,243,36904000,-0.8,-0.82
2017,GEORGIA,13.0,SEMINOLE,253,57159000,-0.18,-0.22
2017,GEORGIA,13.0,STEWART,259,1186000,-0.88,-0.88
2017,GEORGIA,13.0,SUMTER,261,72622000,-0.91,-0.97
2017,GEORGIA,13.0,TERRELL,273,49385000,-0.74,-0.8
2017,GEORGIA,13.0,THOMAS,275,53628000,0.22,0.17
2017,GEORGIA,13.0,WEBSTER,307,18166000,-0.96,-0.98
2017,GEORGIA,13.0,CARROLL,45,7421000,-0.39,-0.45
2017,GEORGIA,13.0,CHATTAHOOCHEE,53,27000,-0.42,-0.41
2017,GEORGIA,13.0,CLAYTON,63,118000,-1.01,-0.99
2017,GEORGIA,13.0,COWETA,77,4263000,-0.96,-0.98
2017,GEORGIA,13.0,DOUGLAS,97,319000,-0.08,-0.11
2017,GEORGIA,13.0,FAYETTE,113,3207000,-0.9,-0.88
2017,GEORGIA,13.0,HARALSON,143,1382000,-0.9,-0.9
2017,GEORGIA,13.0,HARRIS,145,3676000,-0.64,-0.59
2017,GEORGIA,13.0,HEARD,149,3632000,-0.72,-0.73
2017,GEORGIA,13.0,HENRY,151,1650000,-1.53,-1.56
2017,GEORGIA,13.0,LAMAR,171,3971000,-1.28,-1.3
2017,GEORGIA,13.0,MACON,193,54286000,-0.96,-1.03
2017,GEORGIA,13.0,MARION,197,5047000,-0.94,-0.96
2017,GEORGIA,13.0,MERIWETHER,199,9465000,-1.25,-1.24
2017,GEORGIA,13.0,MUSCOGEE,215,156000,-0.88,-0.82
2017,GEORGIA,13.0,PIKE,231,2683000,-1.22,-1.24
2017,GEORGIA,13.0,SCHLEY,249,2807000,-0.95,-1.01
2017,GEORGIA,13.0,SPALDING,255,3246000,-1.39,-1.4
2017,GEORGIA,13.0,TALBOT,263,379000,-1.06,-1.05
2017,GEORGIA,13.0,TAYLOR,269,10259000,-1.01,-1.07
2017,GEORGIA,13.0,TROUP,285,2770000,-1.16,-1.14
2017,GEORGIA,13.0,UPSON,293,2673000,-1.05,-1.09
2017,HAWAII,15.0,HAWAII,1,160040000,-0.32,-0.27
2017,HAWAII,15.0,KAUAI,7,45899000,-1.0,-0.96
2017,HAWAII,15.0,MAUI & KALAWAO,9,74211000,-1.83,-1.87
2017,HAWAII,15.0,HONOLULU,3,136920000,-0.07,-0.08
2017,IDAHO,16.0,BANNOCK,5,21466000,-0.85,-0.86
2017,IDAHO,16.0,BEAR LAKE,7,17492000,-1.0,-0.96
2017,IDAHO,16.0,BINGHAM,11,352322000,-0.86,-0.87
2017,IDAHO,16.0,BONNEVILLE,19,110833000,-1.56,-1.53
2017,IDAHO,16.0,BUTTE,23,35667000,-1.03,-1.06
2017,IDAHO,16.0,CARIBOU,29,56207000,-1.79,-1.79
2017,IDAHO,16.0,CLARK,33,19233000,-0.96,-0.97
2017,IDAHO,16.0,CUSTER,37,8624000,-0.88,-0.81
2017,IDAHO,16.0,FRANKLIN,41,25772000,-0.62,-0.61
2017,IDAHO,16.0,FREMONT,43,117099000,-1.38,-1.41
2017,IDAHO,16.0,JEFFERSON,51,172865000,-0.82,-0.75
2017,IDAHO,16.0,LEMHI,59,5516000,-0.89,-0.87
2017,IDAHO,16.0,MADISON,65,146382000,-1.01,-0.98
2017,IDAHO,16.0,ONEIDA,71,16261000,-1.42,-1.38
2017,IDAHO,16.0,POWER,77,210861000,-0.96,-0.98
2017,IDAHO,16.0,TETON,81,40979000,-0.93,-0.88
2017,IDAHO,16.0,BENEWAH,9,18464000,-1.83,-1.87
2017,IDAHO,16.0,BONNER,17,6142000,-1.13,-1.08
2017,IDAHO,16.0,BOUNDARY,21,26927000,-0.6,-0.54
2017,IDAHO,16.0,CLEARWATER,35,3431000,-0.28,-0.22
2017,IDAHO,16.0,IDAHO,49,23938000,-1.25,-1.22
2017,IDAHO,16.0,KOOTENAI,55,17427000,-1.59,-1.6
2017,IDAHO,16.0,LATAH,57,73549000,-1.18,-1.17
2017,IDAHO,16.0,LEWIS,61,34096000,-0.1,-0.16
2017,IDAHO,16.0,NEZ PERCE,69,60493000,-0.11,-0.17
2017,IDAHO,16.0,SHOSHONE,79,65000,-0.91,-0.94
2017,IDAHO,16.0,BLAINE,13,16669000,-0.41,-0.36
2017,IDAHO,16.0,CAMAS,25,20470000,-0.34,-0.31
2017,IDAHO,16.0,CASSIA,31,255319000,-0.47,-0.52
2017,IDAHO,16.0,GOODING,47,72860000,-0.28,-0.26
2017,IDAHO,16.0,JEROME,53,121144000,-0.42,-0.41
2017,IDAHO,16.0,LINCOLN,63,42662000,-1.01,-0.99
2017,IDAHO,16.0,MINIDOKA,67,260145000,-0.57,-0.59
2017,IDAHO,16.0,TWIN FALLS,83,168671000,-1.07,-1.04
2017,IDAHO,16.0,ADA,1,42835000,-0.32,-0.27
2017,IDAHO,16.0,ADAMS,3,3198000,-0.07,-0.08
2017,IDAHO,16.0,BOISE,15,1547000,-1.8,-1.8
2017,IDAHO,16.0,CANYON,27,314467000,-1.26,-1.27
2017,IDAHO,16.0,ELMORE,39,119343000,-0.47,-0.47
2017,IDAHO,16.0,GEM,45,15510000,-0.39,-0.45
2017,IDAHO,16.0,OWYHEE,73,61775000,-1.52,-1.52
2017,IDAHO,16.0,PAYETTE,75,50198000,-1.12,-1.08
2017,IDAHO,16.0,VALLEY,85,922000,-0.51,-0.53
2017,IDAHO,16.0,WASHINGTON,87,20991000,-0.84,-0.82
2017,ILLINOIS,17.0,DE WITT,39,110317000,-0.47,-0.47
2017,ILLINOIS,17.0,LOGAN,107,222373000,-1.01,-0.97
2017,ILLINOIS,17.0,MACON,115,175910000,-1.77,-1.81
2017,ILLINOIS,17.0,MARSHALL,123,115628000,-1.07,-1.01
2017,ILLINOIS,17.0,MASON,125,171481000,-1.23,-1.22
2017,ILLINOIS,17.0,MCLEAN,113,388655000,-0.9,-0.88
2017,ILLINOIS,17.0,MENARD,129,83515000,-0.28,-0.31
2017,ILLINOIS,17.0,PEORIA,143,131530000,-0.9,-0.9
2017,ILLINOIS,17.0,STARK,175,112433000,-0.96,-1.06
2017,ILLINOIS,17.0,TAZEWELL,179,182080000,0.28,0.26
2017,ILLINOIS,17.0,WOODFORD,203,162509000,0.45,0.44
2017,ILLINOIS,17.0,CHAMPAIGN,19,361138000,-1.56,-1.53
2017,ILLINOIS,17.0,FORD,53,158467000,-0.42,-0.41
2017,ILLINOIS,17.0,IROQUOIS,75,354750000,-1.12,-1.08
2017,ILLINOIS,17.0,KANKAKEE,91,201805000,-0.72,-0.71
2017,ILLINOIS,17.0,LIVINGSTON,105,348133000,-0.67,-0.61
2017,ILLINOIS,17.0,PIATT,147,164455000,-0.59,-0.6
2017,ILLINOIS,17.0,VERMILION,183,269356000,0.25,0.25
2017,ILLINOIS,17.0,CLARK,23,120677000,-1.03,-1.06
2017,ILLINOIS,17.0,CLAY,25,100957000,-0.34,-0.31
2017,ILLINOIS,17.0,COLES,29,128176000,-1.79,-1.79
2017,ILLINOIS,17.0,CRAWFORD,33,98076000,-0.96,-0.97
2017,ILLINOIS,17.0,CUMBERLAND,35,78795000,-0.28,-0.22
2017,ILLINOIS,17.0,DOUGLAS,41,149731000,-0.62,-0.61
2017,ILLINOIS,17.0,EFFINGHAM,49,126304000,-1.25,-1.22
2017,ILLINOIS,17.0,FAYETTE,51,146544000,-0.82,-0.75
2017,ILLINOIS,17.0,JASPER,79,102178000,-0.91,-0.94
2017,ILLINOIS,17.0,LAWRENCE,101,111700000,-0.73,-0.71
2017,ILLINOIS,17.0,MARION,121,79228000,-1.25,-1.25
2017,ILLINOIS,17.0,MOULTRIE,139,132151000,0.5,0.51
2017,ILLINOIS,17.0,RICHLAND,159,68978000,-1.41,-1.51
2017,ILLINOIS,17.0,SHELBY,173,175046000,-0.15,-0.2
2017,ILLINOIS,17.0,BOONE,7,59227000,-1.0,-0.96
2017,ILLINOIS,17.0,COOK,31,17626000,-0.47,-0.52
2017,ILLINOIS,17.0,DE KALB,37,234020000,-0.88,-0.81
2017,ILLINOIS,17.0,DU PAGE,43,3784000,-1.38,-1.41
2017,ILLINOIS,17.0,GRUNDY,63,132215000,-1.01,-0.99
2017,ILLINOIS,17.0,KANE,89,153675000,-0.88,-0.84
2017,ILLINOIS,17.0,KENDALL,93,93879000,-0.83,-0.82
2017,ILLINOIS,17.0,LA SALLE,99,349158000,-0.33,-0.26
2017,ILLINOIS,17.0,LAKE,97,33281000,-0.08,-0.11
2017,ILLINOIS,17.0,MCHENRY,111,123350000,-1.34,-1.32
2017,ILLINOIS,17.0,WILL,197,123168000,-0.94,-0.96
2017,ILLINOIS,17.0,BUREAU,11,321705000,-0.86,-0.87
2017,ILLINOIS,17.0,CARROLL,15,149677000,-1.8,-1.8
2017,ILLINOIS,17.0,HENRY,73,272521000,-1.52,-1.52
2017,ILLINOIS,17.0,JO DAVIESS,85,98819000,-0.51,-0.53
2017,ILLINOIS,17.0,LEE,103,250315000,-1.19,-1.18
2017,ILLINOIS,17.0,MERCER,131,156420000,-0.42,-0.39
2017,ILLINOIS,17.0,OGLE,141,208347000,-0.25,-0.25
2017,ILLINOIS,17.0,ROCK ISLAND,161,80237000,-0.44,-0.49
2017,ILLINOIS,17.0,STEPHENSON,177,153335000,-0.64,-0.71
2017,ILLINOIS,17.0,WHITESIDE,195,210477000,-1.87,-1.9
2017,ILLINOIS,17.0,WINNEBAGO,201,83745000,-0.05,-0.08
2017,ILLINOIS,17.0,EDWARDS,47,46508000,-0.28,-0.26
2017,ILLINOIS,17.0,FRANKLIN,55,64927000,-1.59,-1.6
2017,ILLINOIS,17.0,GALLATIN,59,90406000,-0.89,-0.87
2017,ILLINOIS,17.0,HAMILTON,65,82059000,-1.01,-0.98
2017,ILLINOIS,17.0,JEFFERSON,81,78364000,-0.93,-0.88
2017,ILLINOIS,17.0,MASSAC,127,39651000,-1.28,-1.3
2017,ILLINOIS,17.0,POPE,151,6779000,-1.53,-1.56
2017,ILLINOIS,17.0,SALINE,165,55847000,-0.39,-0.47
2017,ILLINOIS,17.0,WABASH,185,50516000,-0.13,-0.18
2017,ILLINOIS,17.0,WAYNE,191,136656000,-0.71,-0.69
2017,ILLINOIS,17.0,WHITE,193,131428000,-0.96,-1.03
2017,ILLINOIS,17.0,ALEXANDER,3,16366000,-0.07,-0.08
2017,ILLINOIS,17.0,CLINTON,27,111387000,-1.26,-1.27
2017,ILLINOIS,17.0,JACKSON,77,74894000,-0.96,-0.98
2017,ILLINOIS,17.0,JOHNSON,87,14539000,-0.84,-0.82
2017,ILLINOIS,17.0,MONROE,133,65711000,-1.02,-1.05
2017,ILLINOIS,17.0,PERRY,145,61202000,-0.64,-0.59
2017,ILLINOIS,17.0,PULASKI,153,38764000,-1.0,-1.06
2017,ILLINOIS,17.0,RANDOLPH,157,84422000,-1.78,-1.79
2017,ILLINOIS,17.0,ST CLAIR,163,112719000,-0.56,-0.67
2017,ILLINOIS,17.0,UNION,181,43277000,-1.38,-1.47
2017,ILLINOIS,17.0,WASHINGTON,189,140502000,-1.1,-1.2
2017,ILLINOIS,17.0,WILLIAMSON,199,25830000,-1.25,-1.24
2017,ILLINOIS,17.0,ADAMS,1,197323000,-0.32,-0.27
2017,ILLINOIS,17.0,BROWN,9,39153000,-1.83,-1.87
2017,ILLINOIS,17.0,FULTON,57,169718000,-1.18,-1.17
2017,ILLINOIS,17.0,HANCOCK,67,223198000,-0.57,-0.59
2017,ILLINOIS,17.0,HENDERSON,71,101970000,-1.42,-1.38
2017,ILLINOIS,17.0,KNOX,95,223127000,-1.42,-1.43
2017,ILLINOIS,17.0,MCDONOUGH,109,177469000,-0.73,-0.76
2017,ILLINOIS,17.0,SCHUYLER,169,75150000,-1.28,-1.35
2017,ILLINOIS,17.0,WARREN,187,200657000,-1.79,-1.76
2017,ILLINOIS,17.0,BOND,5,75983000,-0.85,-0.86
2017,ILLINOIS,17.0,CALHOUN,13,28146000,-0.41,-0.36
2017,ILLINOIS,17.0,CASS,17,96520000,-1.13,-1.08
2017,ILLINOIS,17.0,CHRISTIAN,21,252853000,-0.6,-0.54
2017,ILLINOIS,17.0,GREENE,61,144226000,-0.1,-0.16
2017,ILLINOIS,17.0,JERSEY,83,78196000,-1.07,-1.04
2017,ILLINOIS,17.0,MACOUPIN,117,195398000,-1.39,-1.36
2017,ILLINOIS,17.0,MADISON,119,156991000,-1.17,-1.12
2017,ILLINOIS,17.0,MONTGOMERY,135,225138000,0.16,0.12
2017,ILLINOIS,17.0,MORGAN,137,152303000,-0.15,-0.15
2017,ILLINOIS,17.0,PIKE,149,180572000,-0.72,-0.73
2017,ILLINOIS,17.0,SANGAMON,167,325891000,-0.76,-0.88
2017,ILLINOIS,17.0,SCOTT,171,69411000,-1.28,-1.3
2017,INDIANA,18.0,BARTHOLOMEW,5,82123000,-0.85,-0.86
2017,INDIANA,18.0,BOONE,11,125077000,-0.86,-0.87
2017,INDIANA,18.0,CLINTON,23,144838000,-1.03,-1.06
2017,INDIANA,18.0,DECATUR,31,103485000,-0.47,-0.52
2017,INDIANA,18.0,GRANT,53,98772000,-0.42,-0.41
2017,INDIANA,18.0,HAMILTON,57,101961000,-1.18,-1.17
2017,INDIANA,18.0,HANCOCK,59,83478000,-0.89,-0.87
2017,INDIANA,18.0,HENDRICKS,63,81174000,-1.01,-0.99
2017,INDIANA,18.0,HOWARD,67,80685000,-0.57,-0.59
2017,INDIANA,18.0,JOHNSON,81,66727000,-0.93,-0.88
2017,INDIANA,18.0,MADISON,95,119837000,-1.42,-1.43
2017,INDIANA,18.0,MARION,97,11130000,-0.08,-0.11
2017,INDIANA,18.0,MORGAN,109,57302000,-0.73,-0.76
2017,INDIANA,18.0,RUSH,139,110845000,0.5,0.51
2017,INDIANA,18.0,SHELBY,145,119722000,-0.64,-0.59
2017,INDIANA,18.0,TIPTON,159,94376000,-1.41,-1.51
2017,INDIANA,18.0,BLACKFORD,9,47453000,-1.83,-1.87
2017,INDIANA,18.0,DELAWARE,35,85634000,-0.28,-0.22
2017,INDIANA,18.0,FAYETTE,41,38919000,-0.62,-0.61
2017,INDIANA,18.0,HENRY,65,79841000,-1.01,-0.98
2017,INDIANA,18.0,JAY,75,88121000,-1.12,-1.08
2017,INDIANA,18.0,RANDOLPH,135,118119000,0.16,0.12
2017,INDIANA,18.0,UNION,161,38334000,-0.44,-0.49
2017,INDIANA,18.0,WAYNE,177,68651000,-0.64,-0.71
2017,INDIANA,18.0,CARROLL,15,137422000,-1.8,-1.8
2017,INDIANA,18.0,CASS,17,99260000,-1.13,-1.08
2017,INDIANA,18.0,ELKHART,39,69734000,-0.47,-0.47
2017,INDIANA,18.0,FULTON,49,109566000,-1.25,-1.22
2017,INDIANA,18.0,KOSCIUSKO,85,125266000,-0.51,-0.53
2017,INDIANA,18.0,MARSHALL,99,94581000,-0.33,-0.26
2017,INDIANA,18.0,MIAMI,103,92498000,-1.19,-1.18
2017,INDIANA,18.0,ST. JOSEPH,141,83155000,-0.25,-0.25
2017,INDIANA,18.0,WABASH,169,95209000,-1.28,-1.35
2017,INDIANA,18.0,ADAMS,1,98747000,-0.32,-0.27
2017,INDIANA,18.0,ALLEN,3,125056000,-0.07,-0.08
2017,INDIANA,18.0,DE KALB,33,61258000,-0.96,-0.97
2017,INDIANA,18.0,HUNTINGTON,69,90528000,-0.11,-0.17
2017,INDIANA,18.0,LAGRANGE,87,82477000,-0.84,-0.82
2017,INDIANA,18.0,NOBLE,113,84364000,-0.9,-0.88
2017,INDIANA,18.0,STEUBEN,151,45492000,-1.53,-1.56
2017,INDIANA,18.0,WELLS,179,120116000,0.28,0.26
2017,INDIANA,18.0,WHITLEY,183,78922000,0.25,0.25
2017,INDIANA,18.0,BENTON,7,155422000,-1.0,-0.96
2017,INDIANA,18.0,JASPER,73,142497000,-1.52,-1.52
2017,INDIANA,18.0,LA PORTE,91,136771000,-0.72,-0.71
2017,INDIANA,18.0,LAKE,89,60814000,-0.88,-0.84
2017,INDIANA,18.0,NEWTON,111,95400000,-1.34,-1.32
2017,INDIANA,18.0,PORTER,127,68372000,-1.28,-1.3
2017,INDIANA,18.0,PULASKI,131,128018000,-0.42,-0.39
2017,INDIANA,18.0,STARKE,149,65688000,-0.72,-0.73
2017,INDIANA,18.0,WHITE,181,158810000,-1.38,-1.47
2017,INDIANA,18.0,BROWN,13,1637000,-0.41,-0.36
2017,INDIANA,18.0,CRAWFORD,25,3817000,-0.34,-0.31
2017,INDIANA,18.0,FLOYD,43,6478000,-1.38,-1.41
2017,INDIANA,18.0,HARRISON,61,46019000,-0.1,-0.16
2017,INDIANA,18.0,JACKSON,71,75693000,-1.42,-1.38
2017,INDIANA,18.0,LAWRENCE,93,30179000,-0.83,-0.82
2017,INDIANA,18.0,MONROE,105,6931000,-0.67,-0.61
2017,INDIANA,18.0,ORANGE,117,38116000,-1.39,-1.36
2017,INDIANA,18.0,PERRY,123,15743000,-1.07,-1.01
2017,INDIANA,18.0,WASHINGTON,175,68241000,-0.96,-1.06
2017,INDIANA,18.0,CLARK,19,35116000,-1.56,-1.53
2017,INDIANA,18.0,DEARBORN,29,8485000,-1.79,-1.79
2017,INDIANA,18.0,FRANKLIN,47,51514000,-0.28,-0.26
2017,INDIANA,18.0,JEFFERSON,77,26594000,-0.96,-0.98
2017,INDIANA,18.0,JENNINGS,79,44429000,-0.91,-0.94
2017,INDIANA,18.0,OHIO,115,3498000,-1.77,-1.81
2017,INDIANA,18.0,RIPLEY,137,67727000,-0.15,-0.15
2017,INDIANA,18.0,SCOTT,143,21192000,-0.9,-0.9
2017,INDIANA,18.0,SWITZERLAND,155,11048000,-0.35,-0.39
2017,INDIANA,18.0,DAVIESS,27,112564000,-1.26,-1.27
2017,INDIANA,18.0,DUBOIS,37,69883000,-0.88,-0.81
2017,INDIANA,18.0,GIBSON,51,127577000,-0.82,-0.75
2017,INDIANA,18.0,GREENE,55,61351000,-1.59,-1.6
2017,INDIANA,18.0,KNOX,83,195650000,-1.07,-1.04
2017,INDIANA,18.0,MARTIN,101,17999000,-0.73,-0.71
2017,INDIANA,18.0,PIKE,125,29019000,-1.23,-1.22
2017,INDIANA,18.0,POSEY,129,109595000,-0.28,-0.31
2017,INDIANA,18.0,SPENCER,147,69662000,-0.59,-0.6
2017,INDIANA,18.0,SULLIVAN,153,80280000,-1.0,-1.06
2017,INDIANA,18.0,VANDERBURGH,163,38203000,-0.56,-0.67
2017,INDIANA,18.0,WARRICK,173,45791000,-0.15,-0.2
2017,INDIANA,18.0,CLAY,21,73455000,-0.6,-0.54
2017,INDIANA,18.0,FOUNTAIN,45,105946000,-0.39,-0.45
2017,INDIANA,18.0,MONTGOMERY,107,153528000,-1.01,-0.97
2017,INDIANA,18.0,OWEN,119,28907000,-1.17,-1.12
2017,INDIANA,18.0,PARKE,121,78294000,-1.25,-1.25
2017,INDIANA,18.0,PUTNAM,133,72102000,-1.02,-1.05
2017,INDIANA,18.0,TIPPECANOE,157,118799000,-1.78,-1.79
2017,INDIANA,18.0,VERMILLION,165,58957000,-0.39,-0.47
2017,INDIANA,18.0,VIGO,167,54820000,-0.76,-0.88
2017,INDIANA,18.0,WARREN,171,104172000,-1.28,-1.3
2017,IOWA,19.0,BOONE,15,161299000,-1.8,-1.8
2017,IOWA,19.0,DALLAS,49,143768000,-1.25,-1.22
2017,IOWA,19.0,GRUNDY,75,188726000,-1.12,-1.08
2017,IOWA,19.0,HAMILTON,79,168467000,-0.91,-0.94
2017,IOWA,19.0,HARDIN,83,189174000,-1.07,-1.04
2017,IOWA,19.0,JASPER,99,178754000,-0.33,-0.26
2017,IOWA,19.0,MARSHALL,127,175281000,-1.28,-1.3
2017,IOWA,19.0,POLK,153,97742000,-1.0,-1.06
2017,IOWA,19.0,POWESHIEK,157,150792000,-1.78,-1.79
2017,IOWA,19.0,STORY,169,164285000,-1.28,-1.35
2017,IOWA,19.0,TAMA,171,197025000,-1.28,-1.3
2017,IOWA,19.0,WEBSTER,187,214836000,-1.79,-1.76
2017,IOWA,19.0,BENTON,11,218375000,-0.86,-0.87
2017,IOWA,19.0,CEDAR,31,187999000,-0.47,-0.52
2017,IOWA,19.0,CLINTON,45,210340000,-0.39,-0.45
2017,IOWA,19.0,IOWA,95,140410000,-1.42,-1.43
2017,IOWA,19.0,JACKSON,97,99043000,-0.08,-0.11
2017,IOWA,19.0,JOHNSON,103,143351000,-1.19,-1.18
2017,IOWA,19.0,JONES,105,156475000,-0.67,-0.61
2017,IOWA,19.0,LINN,113,161954000,-0.9,-0.88
2017,IOWA,19.0,MUSCATINE,139,103356000,0.5,0.51
2017,IOWA,19.0,SCOTT,163,129728000,-0.56,-0.67
2017,IOWA,19.0,BUTLER,23,182959000,-1.03,-1.06
2017,IOWA,19.0,CERRO GORDO,33,168979000,-0.96,-0.97
2017,IOWA,19.0,FLOYD,67,154879000,-0.57,-0.59
2017,IOWA,19.0,FRANKLIN,69,191024000,-0.11,-0.17
2017,IOWA,19.0,HANCOCK,81,188950000,-0.93,-0.88
2017,IOWA,19.0,HUMBOLDT,91,125501000,-0.72,-0.71
2017,IOWA,19.0,KOSSUTH,109,319352000,-0.73,-0.76
2017,IOWA,19.0,MITCHELL,131,150772000,-0.42,-0.39
2017,IOWA,19.0,WINNEBAGO,189,130702000,-1.1,-1.2
2017,IOWA,19.0,WORTH,195,124367000,-1.87,-1.9
2017,IOWA,19.0,WRIGHT,197,187302000,-0.94,-0.96
2017,IOWA,19.0,ALLAMAKEE,5,66738000,-0.85,-0.86
2017,IOWA,19.0,BLACK HAWK,13,161719000,-0.41,-0.36
2017,IOWA,19.0,BREMER,17,136590000,-1.13,-1.08
2017,IOWA,19.0,BUCHANAN,19,186505000,-1.56,-1.53
2017,IOWA,19.0,CHICKASAW,37,148092000,-0.88,-0.81
2017,IOWA,19.0,CLAYTON,43,142507000,-1.38,-1.41
2017,IOWA,19.0,DELAWARE,55,188158000,-1.59,-1.6
2017,IOWA,19.0,DUBUQUE,61,128304000,-0.1,-0.16
2017,IOWA,19.0,FAYETTE,65,171804000,-1.01,-0.98
2017,IOWA,19.0,HOWARD,89,148404000,-0.88,-0.84
2017,IOWA,19.0,WINNESHIEK,191,141368000,-0.71,-0.69
2017,IOWA,19.0,BUENA VISTA,21,176995000,-0.6,-0.54
2017,IOWA,19.0,CHEROKEE,35,162071000,-0.28,-0.22
2017,IOWA,19.0,CLAY,41,163609000,-0.62,-0.61
2017,IOWA,19.0,DICKINSON,59,88291000,-0.89,-0.87
2017,IOWA,19.0,EMMET,63,117253000,-1.01,-0.99
2017,IOWA,19.0,LYON,119,190522000,-1.17,-1.12
2017,IOWA,19.0,O BRIEN,141,177787000,-0.25,-0.25
2017,IOWA,19.0,OSCEOLA,143,125595000,-0.9,-0.9
2017,IOWA,19.0,PALO ALTO,147,182099000,-0.59,-0.6
2017,IOWA,19.0,PLYMOUTH,149,250275000,-0.72,-0.73
2017,IOWA,19.0,POCAHONTAS,151,171795000,-1.53,-1.56
2017,IOWA,19.0,SIOUX,167,277747000,-0.76,-0.88
2017,IOWA,19.0,APPANOOSE,7,26420000,-1.0,-0.96
2017,IOWA,19.0,CLARKE,39,21414000,-0.47,-0.47
2017,IOWA,19.0,DECATUR,53,35812000,-0.42,-0.41
2017,IOWA,19.0,LUCAS,117,22710000,-1.39,-1.36
2017,IOWA,19.0,MADISON,121,71608000,-1.25,-1.25
2017,IOWA,19.0,MARION,125,84162000,-1.23,-1.22
2017,IOWA,19.0,MONROE,135,29583000,0.16,0.12
2017,IOWA,19.0,RINGGOLD,159,50098000,-1.41,-1.51
2017,IOWA,19.0,UNION,175,54219000,-0.96,-1.06
2017,IOWA,19.0,WARREN,181,67084000,-1.38,-1.47
2017,IOWA,19.0,WAYNE,185,53161000,-0.13,-0.18
2017,IOWA,19.0,DAVIS,51,28465000,-0.82,-0.75
2017,IOWA,19.0,DES MOINES,57,87473000,-1.18,-1.17
2017,IOWA,19.0,HENRY,87,104539000,-0.84,-0.82
2017,IOWA,19.0,JEFFERSON,101,67941000,-0.73,-0.71
2017,IOWA,19.0,KEOKUK,107,112540000,-1.01,-0.97
2017,IOWA,19.0,LEE,111,75179000,-1.34,-1.32
2017,IOWA,19.0,LOUISA,115,93408000,-1.77,-1.81
2017,IOWA,19.0,MAHASKA,123,121758000,-1.07,-1.01
2017,IOWA,19.0,VAN BUREN,177,39525000,-0.64,-0.71
2017,IOWA,19.0,WAPELLO,179,56782000,0.28,0.26
2017,IOWA,19.0,WASHINGTON,183,137547000,0.25,0.25
2017,IOWA,19.0,ADAIR,1,103137000,-0.32,-0.27
2017,IOWA,19.0,ADAMS,3,64146000,-0.07,-0.08
2017,IOWA,19.0,CASS,29,115787000,-1.79,-1.79
2017,IOWA,19.0,FREMONT,71,130776000,-1.42,-1.38
2017,IOWA,19.0,MILLS,129,96648000,-0.28,-0.31
2017,IOWA,19.0,MONTGOMERY,137,111554000,-0.15,-0.15
2017,IOWA,19.0,PAGE,145,134674000,-0.64,-0.59
2017,IOWA,19.0,POTTAWATTAMIE,155,285817000,-0.35,-0.39
2017,IOWA,19.0,TAYLOR,173,84304000,-0.15,-0.2
2017,IOWA,19.0,AUDUBON,9,130110000,-1.83,-1.87
2017,IOWA,19.0,CALHOUN,25,176368000,-0.34,-0.31
2017,IOWA,19.0,CARROLL,27,178324000,-1.26,-1.27
2017,IOWA,19.0,CRAWFORD,47,221363000,-0.28,-0.26
2017,IOWA,19.0,GREENE,73,174491000,-1.52,-1.52
2017,IOWA,19.0,GUTHRIE,77,123915000,-0.96,-0.98
2017,IOWA,19.0,HARRISON,85,175304000,-0.51,-0.53
2017,IOWA,19.0,IDA,93,141001000,-0.83,-0.82
2017,IOWA,19.0,MONONA,133,154271000,-1.02,-1.05
2017,IOWA,19.0,SAC,161,183141000,-0.44,-0.49
2017,IOWA,19.0,SHELBY,165,196147000,-0.39,-0.47
2017,IOWA,19.0,WOODBURY,193,199671000,-0.96,-1.03
2017,KANSAS,20.0,BARTON,9,75111000,-1.83,-1.87
2017,KANSAS,20.0,DICKINSON,41,76274000,-0.62,-0.61
2017,KANSAS,20.0,ELLIS,51,31794000,-0.82,-0.75
2017,KANSAS,20.0,ELLSWORTH,53,26884000,-0.42,-0.41
2017,KANSAS,20.0,LINCOLN,105,31468000,-0.67,-0.61
2017,KANSAS,20.0,MARION,115,67006000,-1.77,-1.81
2017,KANSAS,20.0,MCPHERSON,113,94227000,-0.9,-0.88
2017,KANSAS,20.0,RICE,159,84694000,-1.41,-1.51
2017,KANSAS,20.0,RUSH,165,41335000,-0.39,-0.47
2017,KANSAS,20.0,RUSSELL,167,33000000,-0.76,-0.88
2017,KANSAS,20.0,SALINE,169,38816000,-1.28,-1.35
2017,KANSAS,20.0,ANDERSON,3,80868000,-0.07,-0.08
2017,KANSAS,20.0,CHASE,17,18710000,-1.13,-1.08
2017,KANSAS,20.0,COFFEY,31,46874000,-0.47,-0.52
2017,KANSAS,20.0,DOUGLAS,45,50494000,-0.39,-0.45
2017,KANSAS,20.0,FRANKLIN,59,75773000,-0.89,-0.87
2017,KANSAS,20.0,GEARY,61,14871000,-0.1,-0.16
2017,KANSAS,20.0,LINN,107,41143000,-1.01,-0.97
2017,KANSAS,20.0,LYON,111,60319000,-1.34,-1.32
2017,KANSAS,20.0,MIAMI,121,53030000,-1.25,-1.25
2017,KANSAS,20.0,MORRIS,127,36832000,-1.28,-1.3
2017,KANSAS,20.0,OSAGE,139,66913000,0.5,0.51
2017,KANSAS,20.0,SHAWNEE,177,39209000,-0.64,-0.71
2017,KANSAS,20.0,WABAUNSEE,197,25241000,-0.94,-0.96
2017,KANSAS,20.0,CLAY,27,81842000,-1.26,-1.27
2017,KANSAS,20.0,CLOUD,29,57157000,-1.79,-1.79
2017,KANSAS,20.0,JEWELL,89,85519000,-0.88,-0.84
2017,KANSAS,20.0,MITCHELL,123,68313000,-1.07,-1.01
2017,KANSAS,20.0,OSBORNE,141,44531000,-0.25,-0.25
2017,KANSAS,20.0,OTTAWA,143,50630000,-0.9,-0.9
2017,KANSAS,20.0,PHILLIPS,147,58668000,-0.59,-0.6
2017,KANSAS,20.0,REPUBLIC,157,97391000,-1.78,-1.79
2017,KANSAS,20.0,ROOKS,163,49140000,-0.56,-0.67
2017,KANSAS,20.0,SMITH,183,98054000,0.25,0.25
2017,KANSAS,20.0,WASHINGTON,201,87087000,-0.05,-0.08
2017,KANSAS,20.0,ATCHISON,5,66913000,-0.85,-0.86
2017,KANSAS,20.0,BROWN,13,112057000,-0.41,-0.36
2017,KANSAS,20.0,DONIPHAN,43,76581000,-1.38,-1.41
2017,KANSAS,20.0,JACKSON,85,40215000,-0.51,-0.53
2017,KANSAS,20.0,JEFFERSON,87,44922000,-0.84,-0.82
2017,KANSAS,20.0,LEAVENWORTH,103,30916000,-1.19,-1.18
2017,KANSAS,20.0,MARSHALL,117,92882000,-1.39,-1.36
2017,KANSAS,20.0,NEMAHA,131,76127000,-0.42,-0.39
2017,KANSAS,20.0,POTTAWATOMIE,149,41818000,-0.72,-0.73
2017,KANSAS,20.0,RILEY,161,32541000,-0.44,-0.49
2017,KANSAS,20.0,WYANDOTTE,209,4772000,-0.9,-0.95
2017,KANSAS,20.0,CHEYENNE,23,67858000,-1.03,-1.06
2017,KANSAS,20.0,DECATUR,39,47276000,-0.47,-0.47
2017,KANSAS,20.0,GRAHAM,65,44509000,-1.01,-0.98
2017,KANSAS,20.0,NORTON,137,61637000,-0.15,-0.15
2017,KANSAS,20.0,RAWLINS,153,66834000,-1.0,-1.06
2017,KANSAS,20.0,SHERIDAN,179,88556000,0.28,0.26
2017,KANSAS,20.0,SHERMAN,181,101362000,-1.38,-1.47
2017,KANSAS,20.0,THOMAS,193,131930000,-0.96,-1.03
2017,KANSAS,20.0,BARBER,7,38214000,-1.0,-0.96
2017,KANSAS,20.0,COMANCHE,33,16377000,-0.96,-0.97
2017,KANSAS,20.0,EDWARDS,47,69831000,-0.28,-0.26
2017,KANSAS,20.0,HARPER,77,46835000,-0.96,-0.98
2017,KANSAS,20.0,HARVEY,79,80360000,-0.91,-0.94
2017,KANSAS,20.0,KINGMAN,95,49504000,-1.42,-1.43
2017,KANSAS,20.0,KIOWA,97,53633000,-0.08,-0.11
2017,KANSAS,20.0,PAWNEE,145,77313000,-0.64,-0.59
2017,KANSAS,20.0,PRATT,151,91232000,-1.53,-1.56
2017,KANSAS,20.0,RENO,155,115991000,-0.35,-0.39
2017,KANSAS,20.0,SEDGWICK,173,94977000,-0.15,-0.2
2017,KANSAS,20.0,STAFFORD,185,82480000,-0.13,-0.18
2017,KANSAS,20.0,SUMNER,191,136753000,-0.71,-0.69
2017,KANSAS,20.0,ALLEN,1,31210000,-0.32,-0.27
2017,KANSAS,20.0,BOURBON,11,24925000,-0.86,-0.87
2017,KANSAS,20.0,BUTLER,15,78928000,-1.8,-1.8
2017,KANSAS,20.0,CHAUTAUQUA,19,10317000,-1.56,-1.53
2017,KANSAS,20.0,CHEROKEE,21,81160000,-0.6,-0.54
2017,KANSAS,20.0,COWLEY,35,53986000,-0.28,-0.22
2017,KANSAS,20.0,CRAWFORD,37,62355000,-0.88,-0.81
2017,KANSAS,20.0,ELK,49,8119000,-1.25,-1.22
2017,KANSAS,20.0,GREENWOOD,73,17293000,-1.52,-1.52
2017,KANSAS,20.0,LABETTE,99,65732000,-0.33,-0.26
2017,KANSAS,20.0,MONTGOMERY,125,55775000,-1.23,-1.22
2017,KANSAS,20.0,NEOSHO,133,45836000,-1.02,-1.05
2017,KANSAS,20.0,WILSON,205,49704000,0.27,0.21
2017,KANSAS,20.0,WOODSON,207,27749000,-1.31,-1.34
2017,KANSAS,20.0,CLARK,25,14987000,-0.34,-0.31
2017,KANSAS,20.0,FINNEY,55,181137000,-1.59,-1.6
2017,KANSAS,20.0,FORD,57,108771000,-1.18,-1.17
2017,KANSAS,20.0,GRANT,67,80280000,-0.57,-0.59
2017,KANSAS,20.0,GRAY,69,119343000,-0.11,-0.17
2017,KANSAS,20.0,HAMILTON,75,41273000,-1.12,-1.08
2017,KANSAS,20.0,HASKELL,81,106168000,-0.93,-0.88
2017,KANSAS,20.0,HODGEMAN,83,39927000,-1.07,-1.04
2017,KANSAS,20.0,KEARNY,93,76465000,-0.83,-0.82
2017,KANSAS,20.0,MEADE,119,90381000,-1.17,-1.12
2017,KANSAS,20.0,MORTON,129,40054000,-0.28,-0.31
2017,KANSAS,20.0,SEWARD,175,80237000,-0.96,-1.06
2017,KANSAS,20.0,STANTON,187,72702000,-1.79,-1.76
2017,KANSAS,20.0,STEVENS,189,109942000,-1.1,-1.2
2017,KANSAS,20.0,GOVE,63,59795000,-1.01,-0.99
2017,KANSAS,20.0,GREELEY,71,60096000,-1.42,-1.38
2017,KANSAS,20.0,LOGAN,109,47726000,-0.73,-0.76
2017,KANSAS,20.0,NESS,135,37301000,0.16,0.12
2017,KANSAS,20.0,SCOTT,171,86926000,-1.28,-1.3
2017,KANSAS,20.0,TREGO,195,34036000,-1.87,-1.9
2017,KANSAS,20.0,WALLACE,199,55821000,-1.25,-1.24
2017,KANSAS,20.0,WICHITA,203,71507000,0.45,0.44
2017,KENTUCKY,21.0,ANDERSON,5,4262000,-0.85,-0.86
2017,KENTUCKY,21.0,BATH,11,5649000,-0.86,-0.87
2017,KENTUCKY,21.0,BOURBON,17,45862000,-1.13,-1.08
2017,KENTUCKY,21.0,BOYLE,21,6453000,-0.6,-0.54
2017,KENTUCKY,21.0,CLARK,49,15468000,-1.25,-1.22
2017,KENTUCKY,21.0,FAYETTE,67,12708000,-0.57,-0.59
2017,KENTUCKY,21.0,FLEMING,69,18669000,-0.11,-0.17
2017,KENTUCKY,21.0,FRANKLIN,73,7971000,-1.52,-1.52
2017,KENTUCKY,21.0,GARRARD,79,11334000,-0.91,-0.94
2017,KENTUCKY,21.0,HARRISON,97,20305000,-0.08,-0.11
2017,KENTUCKY,21.0,JESSAMINE,113,5892000,-0.9,-0.88
2017,KENTUCKY,21.0,LINCOLN,137,18577000,-0.15,-0.15
2017,KENTUCKY,21.0,MADISON,151,7743000,-1.53,-1.56
2017,KENTUCKY,21.0,MASON,161,19894000,-0.44,-0.49
2017,KENTUCKY,21.0,MERCER,167,12034000,-0.76,-0.88
2017,KENTUCKY,21.0,MONTGOMERY,173,5690000,-0.15,-0.2
2017,KENTUCKY,21.0,NICHOLAS,181,12797000,-1.38,-1.47
2017,KENTUCKY,21.0,ROBERTSON,201,1118000,-0.05,-0.08
2017,KENTUCKY,21.0,SCOTT,209,15621000,-0.9,-0.95
2017,KENTUCKY,21.0,SHELBY,211,48735000,-1.25,-1.38
2017,KENTUCKY,21.0,SPENCER,215,13736000,-0.88,-0.82
2017,KENTUCKY,21.0,WASHINGTON,229,12015000,-0.42,-0.43
2017,KENTUCKY,21.0,WOODFORD,239,12812000,-0.79,-0.81
2017,KENTUCKY,21.0,ADAIR,1,18138000,-0.32,-0.27
2017,KENTUCKY,21.0,ALLEN,3,23415000,-0.07,-0.08
2017,KENTUCKY,21.0,BARREN,9,48692000,-1.83,-1.87
2017,KENTUCKY,21.0,BRECKINRIDGE,27,46772000,-1.26,-1.27
2017,KENTUCKY,21.0,BULLITT,29,4360000,-1.79,-1.79
2017,KENTUCKY,21.0,BUTLER,31,27316000,-0.47,-0.52
2017,KENTUCKY,21.0,CASEY,45,16151000,-0.39,-0.45
2017,KENTUCKY,21.0,CLINTON,53,3045000,-0.42,-0.41
2017,KENTUCKY,21.0,CUMBERLAND,57,4907000,-1.18,-1.17
2017,KENTUCKY,21.0,EDMONSON,61,11231000,-0.1,-0.16
2017,KENTUCKY,21.0,GRAYSON,85,22253000,-0.51,-0.53
2017,KENTUCKY,21.0,GREEN,87,31627000,-0.84,-0.82
2017,KENTUCKY,21.0,HARDIN,93,41527000,-0.83,-0.82
2017,KENTUCKY,21.0,HART,99,18987000,-0.33,-0.26
2017,KENTUCKY,21.0,JEFFERSON,111,4998000,-1.34,-1.32
2017,KENTUCKY,21.0,LARUE,123,32431000,-1.07,-1.01
2017,KENTUCKY,21.0,MARION,155,27256000,-0.35,-0.39
2017,KENTUCKY,21.0,MEADE,163,28007000,-0.56,-0.67
2017,KENTUCKY,21.0,METCALFE,169,20433000,-1.28,-1.35
2017,KENTUCKY,21.0,MONROE,171,17054000,-1.28,-1.3
2017,KENTUCKY,21.0,NELSON,179,42049000,0.28,0.26
2017,KENTUCKY,21.0,RUSSELL,207,8244000,-1.31,-1.34
2017,KENTUCKY,21.0,TAYLOR,217,22710000,-1.45,-1.54
2017,KENTUCKY,21.0,WARREN,227,60417000,-1.73,-1.7
2017,KENTUCKY,21.0,BELL,13,245000,-0.41,-0.36
2017,KENTUCKY,21.0,BOYD,19,451000,-1.56,-1.53
2017,KENTUCKY,21.0,BREATHITT,25,302000,-0.34,-0.31
2017,KENTUCKY,21.0,CARTER,43,2199000,-1.38,-1.41
2017,KENTUCKY,21.0,CLAY,51,3923000,-0.82,-0.75
2017,KENTUCKY,21.0,ELLIOTT,63,1001000,-1.01,-0.99
2017,KENTUCKY,21.0,ESTILL,65,1451000,-1.01,-0.98
2017,KENTUCKY,21.0,FLOYD,71,349000,-1.42,-1.38
2017,KENTUCKY,21.0,GREENUP,89,2915000,-0.88,-0.84
2017,KENTUCKY,21.0,HARLAN,95,146000,-1.42,-1.43
2017,KENTUCKY,21.0,JACKSON,109,2023000,-0.73,-0.76
2017,KENTUCKY,21.0,JOHNSON,115,210000,-1.77,-1.81
2017,KENTUCKY,21.0,KNOTT,119,35000,-1.17,-1.12
2017,KENTUCKY,21.0,KNOX,121,1347000,-1.25,-1.25
2017,KENTUCKY,21.0,LAUREL,125,6663000,-1.23,-1.22
2017,KENTUCKY,21.0,LAWRENCE,127,513000,-1.28,-1.3
2017,KENTUCKY,21.0,LEE,129,351000,-0.28,-0.31
2017,KENTUCKY,21.0,LESLIE,131,23000,-0.42,-0.39
2017,KENTUCKY,21.0,LETCHER,133,61000,-1.02,-1.05
2017,KENTUCKY,21.0,LEWIS,135,8721000,0.16,0.12
2017,KENTUCKY,21.0,MAGOFFIN,153,796000,-1.0,-1.06
2017,KENTUCKY,21.0,MARTIN,159,23000,-1.41,-1.51
2017,KENTUCKY,21.0,MCCREARY,147,601000,-0.59,-0.6
2017,KENTUCKY,21.0,MENIFEE,165,663000,-0.39,-0.47
2017,KENTUCKY,21.0,MORGAN,175,2219000,-0.96,-1.06
2017,KENTUCKY,21.0,OWSLEY,189,828000,-1.1,-1.2
2017,KENTUCKY,21.0,PERRY,193,90000,-0.96,-1.03
2017,KENTUCKY,21.0,PIKE,195,369000,-1.87,-1.9
2017,KENTUCKY,21.0,POWELL,197,1984000,-0.94,-0.96
2017,KENTUCKY,21.0,PULASKI,199,25069000,-1.25,-1.24
2017,KENTUCKY,21.0,ROCKCASTLE,203,2891000,0.45,0.44
2017,KENTUCKY,21.0,ROWAN,205,1661000,0.27,0.21
2017,KENTUCKY,21.0,WAYNE,231,9971000,-1.22,-1.24
2017,KENTUCKY,21.0,WHITLEY,235,2073000,-0.82,-0.87
2017,KENTUCKY,21.0,WOLFE,237,837000,-1.32,-1.46
2017,KENTUCKY,21.0,CALDWELL,33,40197000,-0.96,-0.97
2017,KENTUCKY,21.0,CHRISTIAN,47,166545000,-0.28,-0.26
2017,KENTUCKY,21.0,CRITTENDEN,55,27420000,-1.59,-1.6
2017,KENTUCKY,21.0,DAVIESS,59,119690000,-0.89,-0.87
2017,KENTUCKY,21.0,HANCOCK,91,8335000,-0.72,-0.71
2017,KENTUCKY,21.0,HENDERSON,101,86857000,-0.73,-0.71
2017,KENTUCKY,21.0,HOPKINS,107,38983000,-1.01,-0.97
2017,KENTUCKY,21.0,LOGAN,141,104697000,-0.25,-0.25
2017,KENTUCKY,21.0,MCLEAN,149,56751000,-0.72,-0.73
2017,KENTUCKY,21.0,MUHLENBERG,177,28616000,-0.64,-0.71
2017,KENTUCKY,21.0,OHIO,183,37715000,0.25,0.25
2017,KENTUCKY,21.0,SIMPSON,213,50943000,-1.78,-1.76
2017,KENTUCKY,21.0,TODD,219,82953000,-1.06,-1.12
2017,KENTUCKY,21.0,UNION,225,100706000,-1.01,-1.09
2017,KENTUCKY,21.0,WEBSTER,233,53150000,-1.74,-1.7
2017,KENTUCKY,21.0,BOONE,15,11551000,-1.8,-1.8
2017,KENTUCKY,21.0,BRACKEN,23,6454000,-1.03,-1.06
2017,KENTUCKY,21.0,CAMPBELL,37,3434000,-0.88,-0.81
2017,KENTUCKY,21.0,CARROLL,41,3349000,-0.62,-0.61
2017,KENTUCKY,21.0,GALLATIN,77,6634000,-0.96,-0.98
2017,KENTUCKY,21.0,GRANT,81,5907000,-0.93,-0.88
2017,KENTUCKY,21.0,HENRY,103,16511000,-1.19,-1.18
2017,KENTUCKY,21.0,KENTON,117,2872000,-1.39,-1.36
2017,KENTUCKY,21.0,OLDHAM,185,8554000,-0.13,-0.18
2017,KENTUCKY,21.0,OWEN,187,13117000,-1.79,-1.76
2017,KENTUCKY,21.0,PENDLETON,191,6070000,-0.71,-0.69
2017,KENTUCKY,21.0,TRIMBLE,223,9688000,-1.69,-1.67
2017,KENTUCKY,21.0,BALLARD,7,38125000,-1.0,-0.96
2017,KENTUCKY,21.0,CALLOWAY,35,58632000,-0.28,-0.22
2017,KENTUCKY,21.0,CARLISLE,39,38091000,-0.47,-0.47
2017,KENTUCKY,21.0,FULTON,75,44390000,-1.12,-1.08
2017,KENTUCKY,21.0,GRAVES,83,102810000,-1.07,-1.04
2017,KENTUCKY,21.0,HICKMAN,105,56917000,-0.67,-0.61
2017,KENTUCKY,21.0,LIVINGSTON,139,15405000,0.5,0.51
2017,KENTUCKY,21.0,LYON,143,5340000,-0.9,-0.9
2017,KENTUCKY,21.0,MARSHALL,157,17051000,-1.78,-1.79
2017,KENTUCKY,21.0,MCCRACKEN,145,22378000,-0.64,-0.59
2017,KENTUCKY,21.0,TRIGG,221,43877000,-1.51,-1.58
2017,LOUISIANA,22.0,AVOYELLES,9,93793000,-1.83,-1.87
2017,LOUISIANA,22.0,CATAHOULA,25,68876000,-0.34,-0.31
2017,LOUISIANA,22.0,CONCORDIA,29,98006000,-1.79,-1.79
2017,LOUISIANA,22.0,EVANGELINE,39,46353000,-0.47,-0.47
2017,LOUISIANA,22.0,GRANT,43,5791000,-1.38,-1.41
2017,LOUISIANA,22.0,LA SALLE,59,438000,-0.89,-0.87
2017,LOUISIANA,22.0,POINTE COUPEE,77,71991000,-0.96,-0.98
2017,LOUISIANA,22.0,RAPIDES,79,134760000,-0.91,-0.94
2017,LOUISIANA,22.0,SAINT LANDRY,97,79498000,-0.08,-0.11
2017,LOUISIANA,22.0,WEST BATON ROUGE,121,16143000,-1.25,-1.25
2017,LOUISIANA,22.0,EAST BATON ROUGE,33,2809000,-0.96,-0.97
2017,LOUISIANA,22.0,EAST FELICIANA,37,1676000,-0.88,-0.81
2017,LOUISIANA,22.0,LIVINGSTON,63,868000,-1.01,-0.99
2017,LOUISIANA,22.0,SAINT HELENA,91,1086000,-0.72,-0.71
2017,LOUISIANA,22.0,SAINT TAMMANY,103,5575000,-1.19,-1.18
2017,LOUISIANA,22.0,TANGIPAHOA,105,20061000,-0.67,-0.61
2017,LOUISIANA,22.0,WASHINGTON,117,11792000,-1.39,-1.36
2017,LOUISIANA,22.0,WEST FELICIANA,125,3904000,-1.23,-1.22
2017,LOUISIANA,22.0,BIENVILLE,13,834000,-0.41,-0.36
2017,LOUISIANA,22.0,CALDWELL,21,7207000,-0.6,-0.54
2017,LOUISIANA,22.0,CLAIBORNE,27,1932000,-1.26,-1.27
2017,LOUISIANA,22.0,JACKSON,49,461000,-1.25,-1.22
2017,LOUISIANA,22.0,LINCOLN,61,1337000,-0.1,-0.16
2017,LOUISIANA,22.0,OUACHITA,73,23799000,-1.52,-1.52
2017,LOUISIANA,22.0,UNION,111,1796000,-1.34,-1.32
2017,LOUISIANA,22.0,WINN,127,501000,-1.28,-1.3
2017,LOUISIANA,22.0,EAST CARROLL,35,116283000,-0.28,-0.22
2017,LOUISIANA,22.0,FRANKLIN,41,108928000,-0.62,-0.61
2017,LOUISIANA,22.0,MADISON,65,106170000,-1.01,-0.98
2017,LOUISIANA,22.0,MOREHOUSE,67,125721000,-0.57,-0.59
2017,LOUISIANA,22.0,RICHLAND,83,70465000,-1.07,-1.04
2017,LOUISIANA,22.0,TENSAS,107,93198000,-1.01,-0.97
2017,LOUISIANA,22.0,WEST CARROLL,123,60177000,-1.07,-1.01
2017,LOUISIANA,22.0,BOSSIER,15,9488000,-1.8,-1.8
2017,LOUISIANA,22.0,CADDO,17,38287000,-1.13,-1.08
2017,LOUISIANA,22.0,DE SOTO,31,2594000,-0.47,-0.52
2017,LOUISIANA,22.0,RED RIVER,81,6820000,-0.93,-0.88
2017,LOUISIANA,22.0,WEBSTER,119,1271000,-1.17,-1.12
2017,LOUISIANA,22.0,ASSUMPTION,7,45080000,-1.0,-0.96
2017,LOUISIANA,22.0,IBERIA,45,55841000,-0.39,-0.45
2017,LOUISIANA,22.0,IBERVILLE,47,46082000,-0.28,-0.26
2017,LOUISIANA,22.0,LAFAYETTE,55,16913000,-1.59,-1.6
2017,LOUISIANA,22.0,SAINT MARTIN,99,34946000,-0.33,-0.26
2017,LOUISIANA,22.0,SAINT MARY,101,44660000,-0.73,-0.71
2017,LOUISIANA,22.0,ASCENSION,5,11704000,-0.85,-0.86
2017,LOUISIANA,22.0,JEFFERSON,51,317000,-0.82,-0.75
2017,LOUISIANA,22.0,LAFOURCHE,57,26013000,-1.18,-1.17
2017,LOUISIANA,22.0,ORLEANS,71,188000,-1.42,-1.38
2017,LOUISIANA,22.0,PLAQUEMINES,75,4913000,-1.12,-1.08
2017,LOUISIANA,22.0,SAINT BERNARD,87,73000,-0.84,-0.82
2017,LOUISIANA,22.0,SAINT CHARLES,89,246000,-0.88,-0.84
2017,LOUISIANA,22.0,SAINT JAMES,93,26865000,-0.83,-0.82
2017,LOUISIANA,22.0,ST. JOHN THE BAPTIST,95,7188000,-1.42,-1.43
2017,LOUISIANA,22.0,TERREBONNE,109,17130000,-0.73,-0.76
2017,LOUISIANA,22.0,ACADIA,1,85304000,-0.32,-0.27
2017,LOUISIANA,22.0,ALLEN,3,14065000,-0.07,-0.08
2017,LOUISIANA,22.0,BEAUREGARD,11,7189000,-0.86,-0.87
2017,LOUISIANA,22.0,CALCASIEU,19,13296000,-1.56,-1.53
2017,LOUISIANA,22.0,CAMERON,23,5516000,-1.03,-1.06
2017,LOUISIANA,22.0,JEFFERSON DAVIS,53,57404000,-0.42,-0.41
2017,LOUISIANA,22.0,VERMILION,113,67011000,-0.9,-0.88
2017,LOUISIANA,22.0,NATCHITOCHES,69,29897000,-0.11,-0.17
2017,LOUISIANA,22.0,SABINE,85,1746000,-0.51,-0.53
2017,LOUISIANA,22.0,VERNON,115,678000,-1.77,-1.81
2017,MAINE,23.0,HANCOCK,9,10474000,-1.83,-1.87
2017,MAINE,23.0,PENOBSCOT,19,18123000,-1.56,-1.53
2017,MAINE,23.0,PISCATAQUIS,21,4300000,-0.6,-0.54
2017,MAINE,23.0,SOMERSET,25,55621000,-0.34,-0.31
2017,MAINE,23.0,WALDO,27,8479000,-1.26,-1.27
2017,MAINE,23.0,AROOSTOOK,3,187632000,-0.07,-0.08
2017,MAINE,23.0,ANDROSCOGGIN,1,15225000,-0.32,-0.27
2017,MAINE,23.0,CUMBERLAND,5,15596000,-0.85,-0.86
2017,MAINE,23.0,KENNEBEC,11,11464000,-0.86,-0.87
2017,MAINE,23.0,KNOX,13,6373000,-0.41,-0.36
2017,MAINE,23.0,LINCOLN,15,4538000,-1.8,-1.8
2017,MAINE,23.0,OXFORD,17,18935000,-1.13,-1.08
2017,MAINE,23.0,YORK,31,23563000,-0.47,-0.52
2017,MARYLAND,24.0,DORCHESTER,19,57550000,-1.56,-1.53
2017,MARYLAND,24.0,SOMERSET,39,22101000,-0.47,-0.47
2017,MARYLAND,24.0,WICOMICO,45,68341000,-0.39,-0.45
2017,MARYLAND,24.0,WORCESTER,47,37690000,-0.28,-0.26
2017,MARYLAND,24.0,BALTIMORE,5,58663000,-0.85,-0.86
2017,MARYLAND,24.0,CARROLL,13,72493000,-0.41,-0.36
2017,MARYLAND,24.0,FREDERICK,21,63556000,-0.6,-0.54
2017,MARYLAND,24.0,HARFORD,25,34112000,-0.34,-0.31
2017,MARYLAND,24.0,HOWARD,27,23517000,-1.26,-1.27
2017,MARYLAND,24.0,MONTGOMERY,31,37829000,-0.47,-0.52
2017,MARYLAND,24.0,WASHINGTON,43,38050000,-1.38,-1.41
2017,MARYLAND,24.0,ANNE ARUNDEL,3,12837000,-0.07,-0.08
2017,MARYLAND,24.0,CALVERT,9,5701000,-1.83,-1.87
2017,MARYLAND,24.0,CHARLES,17,12439000,-1.13,-1.08
2017,MARYLAND,24.0,PRINCE GEORGES,33,15248000,-0.96,-0.97
2017,MARYLAND,24.0,ST MARYS,37,20465000,-0.88,-0.81
2017,MARYLAND,24.0,CAROLINE,11,70845000,-0.86,-0.87
2017,MARYLAND,24.0,CECIL,15,78051000,-1.8,-1.8
2017,MARYLAND,24.0,KENT,29,68499000,-1.79,-1.79
2017,MARYLAND,24.0,QUEEN ANNES,35,91607000,-0.28,-0.22
2017,MARYLAND,24.0,TALBOT,41,43177000,-0.62,-0.61
2017,MARYLAND,24.0,ALLEGANY,1,3042000,-0.32,-0.27
2017,MARYLAND,24.0,GARRETT,23,12312000,-1.03,-1.06
2017,MASSACHUSETTS,25.0,BARNSTABLE,1,9333000,-0.32,-0.27
2017,MASSACHUSETTS,25.0,BERKSHIRE,3,10053000,-0.07,-0.08
2017,MASSACHUSETTS,25.0,BRISTOL,5,27679000,-0.85,-0.86
2017,MASSACHUSETTS,25.0,DUKES,7,3313000,-1.0,-0.96
2017,MASSACHUSETTS,25.0,ESSEX,9,28454000,-1.83,-1.87
2017,MASSACHUSETTS,25.0,FRANKLIN,11,50296000,-0.86,-0.87
2017,MASSACHUSETTS,25.0,HAMPDEN,13,21571000,-0.41,-0.36
2017,MASSACHUSETTS,25.0,HAMPSHIRE,15,35361000,-1.8,-1.8
2017,MASSACHUSETTS,25.0,MIDDLESEX,17,55825000,-1.13,-1.08
2017,MASSACHUSETTS,25.0,PLYMOUTH,23,62140000,-1.03,-1.06
2017,MASSACHUSETTS,25.0,SUFFOLK,25,504000,-0.34,-0.31
2017,MASSACHUSETTS,25.0,WORCESTER,27,46213000,-1.26,-1.27
2017,MICHIGAN,26.0,CLARE,35,4823000,-0.28,-0.22
2017,MICHIGAN,26.0,GLADWIN,51,8833000,-0.82,-0.75
2017,MICHIGAN,26.0,GRATIOT,57,121891000,-1.18,-1.17
2017,MICHIGAN,26.0,ISABELLA,73,61718000,-1.52,-1.52
2017,MICHIGAN,26.0,MECOSTA,107,38799000,-1.01,-0.97
2017,MICHIGAN,26.0,MIDLAND,111,26764000,-1.34,-1.32
2017,MICHIGAN,26.0,MONTCALM,117,128519000,-1.39,-1.36
2017,MICHIGAN,26.0,OSCEOLA,133,11663000,-1.02,-1.05
2017,MICHIGAN,26.0,ARENAC,11,29046000,-0.86,-0.87
2017,MICHIGAN,26.0,BAY,17,102895000,-1.13,-1.08
2017,MICHIGAN,26.0,HURON,63,262969000,-1.01,-0.99
2017,MICHIGAN,26.0,SAGINAW,145,149585000,-0.64,-0.59
2017,MICHIGAN,26.0,SANILAC,151,194146000,-1.53,-1.56
2017,MICHIGAN,26.0,TUSCOLA,157,160315000,-1.78,-1.79
2017,MICHIGAN,26.0,ALCONA,1,5008000,-0.32,-0.27
2017,MICHIGAN,26.0,ALPENA,7,7645000,-1.0,-0.96
2017,MICHIGAN,26.0,CHEBOYGAN,31,4201000,-0.47,-0.52
2017,MICHIGAN,26.0,CRAWFORD,39,22000,-0.47,-0.47
2017,MICHIGAN,26.0,IOSCO,69,4069000,-0.11,-0.17
2017,MICHIGAN,26.0,MONTMORENCY,119,3613000,-1.17,-1.12
2017,MICHIGAN,26.0,OGEMAW,129,12517000,-0.28,-0.31
2017,MICHIGAN,26.0,OSCODA,135,1330000,0.16,0.12
2017,MICHIGAN,26.0,OTSEGO,137,5047000,-0.15,-0.15
2017,MICHIGAN,26.0,PRESQUE ISLE,141,13012000,-0.25,-0.25
2017,MICHIGAN,26.0,ROSCOMMON,143,300000,-0.9,-0.9
2017,MICHIGAN,26.0,ANTRIM,9,28983000,-1.83,-1.87
2017,MICHIGAN,26.0,BENZIE,19,7868000,-1.56,-1.53
2017,MICHIGAN,26.0,CHARLEVOIX,29,4991000,-1.79,-1.79
2017,MICHIGAN,26.0,EMMET,47,6124000,-0.28,-0.26
2017,MICHIGAN,26.0,GRAND TRAVERSE,55,28372000,-1.59,-1.6
2017,MICHIGAN,26.0,KALKASKA,79,7683000,-0.91,-0.94
2017,MICHIGAN,26.0,LEELANAU,89,39772000,-0.88,-0.84
2017,MICHIGAN,26.0,MANISTEE,101,7804000,-0.73,-0.71
2017,MICHIGAN,26.0,MISSAUKEE,113,22013000,-0.9,-0.88
2017,MICHIGAN,26.0,WEXFORD,165,8704000,-0.39,-0.47
2017,MICHIGAN,26.0,BARRY,15,43167000,-1.8,-1.8
2017,MICHIGAN,26.0,BRANCH,23,106933000,-1.03,-1.06
2017,MICHIGAN,26.0,CALHOUN,25,69594000,-0.34,-0.31
2017,MICHIGAN,26.0,CLINTON,37,72219000,-0.88,-0.81
2017,MICHIGAN,26.0,EATON,45,74393000,-0.39,-0.45
2017,MICHIGAN,26.0,HILLSDALE,59,84795000,-0.89,-0.87
2017,MICHIGAN,26.0,INGHAM,65,72923000,-1.01,-0.98
2017,MICHIGAN,26.0,IONIA,67,83897000,-0.57,-0.59
2017,MICHIGAN,26.0,JACKSON,75,43582000,-1.12,-1.08
2017,MICHIGAN,26.0,SHIAWASSEE,155,65717000,-0.35,-0.39
2017,MICHIGAN,26.0,ST JOSEPH,149,158610000,-0.72,-0.73
2017,MICHIGAN,26.0,GENESEE,49,60891000,-1.25,-1.22
2017,MICHIGAN,26.0,LAPEER,87,63390000,-0.84,-0.82
2017,MICHIGAN,26.0,LENAWEE,91,168061000,-0.72,-0.71
2017,MICHIGAN,26.0,LIVINGSTON,93,30288000,-0.83,-0.82
2017,MICHIGAN,26.0,MACOMB,99,68751000,-0.33,-0.26
2017,MICHIGAN,26.0,MONROE,115,167904000,-1.77,-1.81
2017,MICHIGAN,26.0,OAKLAND,125,19640000,-1.23,-1.22
2017,MICHIGAN,26.0,ST CLAIR,147,71704000,-0.59,-0.6
2017,MICHIGAN,26.0,WASHTENAW,161,69551000,-0.44,-0.49
2017,MICHIGAN,26.0,WAYNE,163,22389000,-0.56,-0.67
2017,MICHIGAN,26.0,ALLEGAN,5,176650000,-0.85,-0.86
2017,MICHIGAN,26.0,BERRIEN,21,156686000,-0.6,-0.54
2017,MICHIGAN,26.0,CASS,27,99836000,-1.26,-1.27
2017,MICHIGAN,26.0,KALAMAZOO,77,176451000,-0.96,-0.98
2017,MICHIGAN,26.0,KENT,81,202387000,-0.93,-0.88
2017,MICHIGAN,26.0,OTTAWA,139,281964000,0.5,0.51
2017,MICHIGAN,26.0,VAN BUREN,159,167450000,-1.41,-1.51
2017,MICHIGAN,26.0,ALGER,3,1262000,-0.07,-0.08
2017,MICHIGAN,26.0,BARAGA,13,1291000,-0.41,-0.36
2017,MICHIGAN,26.0,CHIPPEWA,33,4023000,-0.96,-0.97
2017,MICHIGAN,26.0,DELTA,41,6469000,-0.62,-0.61
2017,MICHIGAN,26.0,DICKINSON,43,2379000,-1.38,-1.41
2017,MICHIGAN,26.0,GOGEBIC,53,217000,-0.42,-0.41
2017,MICHIGAN,26.0,HOUGHTON,61,2292000,-0.1,-0.16
2017,MICHIGAN,26.0,IRON,71,3248000,-1.42,-1.38
2017,MICHIGAN,26.0,KEWEENAW,83,2000,-1.07,-1.04
2017,MICHIGAN,26.0,LUCE,95,3333000,-1.42,-1.43
2017,MICHIGAN,26.0,MACKINAC,97,823000,-0.08,-0.11
2017,MICHIGAN,26.0,MARQUETTE,103,1134000,-1.19,-1.18
2017,MICHIGAN,26.0,MENOMINEE,109,4308000,-0.73,-0.76
2017,MICHIGAN,26.0,ONTONAGON,131,2493000,-0.42,-0.39
2017,MICHIGAN,26.0,SCHOOLCRAFT,153,1027000,-1.0,-1.06
2017,MICHIGAN,26.0,LAKE,85,1354000,-0.51,-0.53
2017,MICHIGAN,26.0,MASON,105,32939000,-0.67,-0.61
2017,MICHIGAN,26.0,MUSKEGON,121,43964000,-1.25,-1.25
2017,MICHIGAN,26.0,NEWAYGO,123,48256000,-1.07,-1.01
2017,MICHIGAN,26.0,OCEANA,127,82572000,-1.28,-1.3
2017,MINNESOTA,27.0,BENTON,9,63898000,-1.83,-1.87
2017,MINNESOTA,27.0,CARVER,19,68927000,-1.56,-1.53
2017,MINNESOTA,27.0,KANDIYOHI,67,199391000,-0.57,-0.59
2017,MINNESOTA,27.0,MCLEOD,85,128557000,-0.51,-0.53
2017,MINNESOTA,27.0,MEEKER,93,118463000,-0.83,-0.82
2017,MINNESOTA,27.0,MORRISON,97,68103000,-0.08,-0.11
2017,MINNESOTA,27.0,RENVILLE,129,372156000,-0.28,-0.31
2017,MINNESOTA,27.0,SCOTT,139,44518000,0.5,0.51
2017,MINNESOTA,27.0,SHERBURNE,141,75140000,-0.25,-0.25
2017,MINNESOTA,27.0,SIBLEY,143,182208000,-0.9,-0.9
2017,MINNESOTA,27.0,STEARNS,145,179121000,-0.64,-0.59
2017,MINNESOTA,27.0,TODD,153,56695000,-1.0,-1.06
2017,MINNESOTA,27.0,WADENA,159,29866000,-1.41,-1.51
2017,MINNESOTA,27.0,WRIGHT,171,112931000,-1.28,-1.3
2017,MINNESOTA,27.0,AITKIN,1,7045000,-0.32,-0.27
2017,MINNESOTA,27.0,ANOKA,3,35168000,-0.07,-0.08
2017,MINNESOTA,27.0,CARLTON,17,4782000,-1.13,-1.08
2017,MINNESOTA,27.0,CHISAGO,25,39429000,-0.34,-0.31
2017,MINNESOTA,27.0,CROW WING,35,9256000,-0.28,-0.22
2017,MINNESOTA,27.0,HENNEPIN,53,51923000,-0.42,-0.41
2017,MINNESOTA,27.0,ISANTI,59,36097000,-0.89,-0.87
2017,MINNESOTA,27.0,KANABEC,65,17958000,-1.01,-0.98
2017,MINNESOTA,27.0,MILLE LACS,95,23249000,-1.42,-1.43
2017,MINNESOTA,27.0,PINE,115,15052000,-1.77,-1.81
2017,MINNESOTA,27.0,RAMSEY,123,2204000,-1.07,-1.01
2017,MINNESOTA,27.0,WASHINGTON,163,54194000,-0.56,-0.67
2017,MINNESOTA,27.0,BELTRAMI,7,13287000,-1.0,-0.96
2017,MINNESOTA,27.0,CASS,21,7501000,-0.6,-0.54
2017,MINNESOTA,27.0,HUBBARD,57,39203000,-1.18,-1.17
2017,MINNESOTA,27.0,ITASCA,61,5176000,-0.1,-0.16
2017,MINNESOTA,27.0,KOOCHICHING,71,4447000,-1.42,-1.38
2017,MINNESOTA,27.0,LAKE OF THE WOODS,77,16570000,-0.96,-0.98
2017,MINNESOTA,27.0,COOK,31,365000,-0.47,-0.52
2017,MINNESOTA,27.0,LAKE,75,297000,-1.12,-1.08
2017,MINNESOTA,27.0,ST. LOUIS,137,9208000,-0.15,-0.15
2017,MINNESOTA,27.0,BECKER,5,103639000,-0.85,-0.86
2017,MINNESOTA,27.0,CLAY,27,240202000,-1.26,-1.27
2017,MINNESOTA,27.0,CLEARWATER,29,19741000,-1.79,-1.79
2017,MINNESOTA,27.0,KITTSON,69,122742000,-0.11,-0.17
2017,MINNESOTA,27.0,MAHNOMEN,87,66192000,-0.84,-0.82
2017,MINNESOTA,27.0,MARSHALL,89,246171000,-0.88,-0.84
2017,MINNESOTA,27.0,NORMAN,107,205738000,-1.01,-0.97
2017,MINNESOTA,27.0,PENNINGTON,113,60863000,-0.9,-0.88
2017,MINNESOTA,27.0,POLK,119,403170000,-1.17,-1.12
2017,MINNESOTA,27.0,RED LAKE,125,58400000,-1.23,-1.22
2017,MINNESOTA,27.0,ROSEAU,135,109252000,0.16,0.12
2017,MINNESOTA,27.0,BLUE EARTH,13,202637000,-0.41,-0.36
2017,MINNESOTA,27.0,BROWN,15,174744000,-1.8,-1.8
2017,MINNESOTA,27.0,FARIBAULT,43,231175000,-1.38,-1.41
2017,MINNESOTA,27.0,FREEBORN,47,220813000,-0.28,-0.26
2017,MINNESOTA,27.0,LE SUEUR,79,116103000,-0.91,-0.94
2017,MINNESOTA,27.0,MARTIN,91,265667000,-0.72,-0.71
2017,MINNESOTA,27.0,NICOLLET,103,137808000,-1.19,-1.18
2017,MINNESOTA,27.0,RICE,131,101687000,-0.42,-0.39
2017,MINNESOTA,27.0,STEELE,147,152976000,-0.59,-0.6
2017,MINNESOTA,27.0,WASECA,161,132628000,-0.44,-0.49
2017,MINNESOTA,27.0,WATONWAN,165,146175000,-0.39,-0.47
2017,MINNESOTA,27.0,DAKOTA,37,179531000,-0.88,-0.81
2017,MINNESOTA,27.0,DODGE,39,138341000,-0.47,-0.47
2017,MINNESOTA,27.0,FILLMORE,45,141313000,-0.39,-0.45
2017,MINNESOTA,27.0,GOODHUE,49,174108000,-1.25,-1.22
2017,MINNESOTA,27.0,HOUSTON,55,44905000,-1.59,-1.6
2017,MINNESOTA,27.0,MOWER,99,242698000,-0.33,-0.26
2017,MINNESOTA,27.0,OLMSTED,109,121634000,-0.73,-0.76
2017,MINNESOTA,27.0,WABASHA,157,80167000,-1.78,-1.79
2017,MINNESOTA,27.0,WINONA,169,69888000,-1.28,-1.35
2017,MINNESOTA,27.0,COTTONWOOD,33,193984000,-0.96,-0.97
2017,MINNESOTA,27.0,JACKSON,63,182899000,-1.01,-0.99
2017,MINNESOTA,27.0,LINCOLN,81,112540000,-0.93,-0.88
2017,MINNESOTA,27.0,LYON,83,182478000,-1.07,-1.04
2017,MINNESOTA,27.0,MURRAY,101,184081000,-0.73,-0.71
2017,MINNESOTA,27.0,NOBLES,105,205610000,-0.67,-0.61
2017,MINNESOTA,27.0,PIPESTONE,117,97897000,-1.39,-1.36
2017,MINNESOTA,27.0,REDWOOD,127,263895000,-1.28,-1.3
2017,MINNESOTA,27.0,ROCK,133,143225000,-1.02,-1.05
2017,MINNESOTA,27.0,BIG STONE,11,106965000,-0.86,-0.87
2017,MINNESOTA,27.0,CHIPPEWA,23,188056000,-1.03,-1.06
2017,MINNESOTA,27.0,DOUGLAS,41,74108000,-0.62,-0.61
2017,MINNESOTA,27.0,GRANT,51,143813000,-0.82,-0.75
2017,MINNESOTA,27.0,LAC QUI PARLE,73,170765000,-1.52,-1.52
2017,MINNESOTA,27.0,OTTER TAIL,111,200860000,-1.34,-1.32
2017,MINNESOTA,27.0,POPE,121,127063000,-1.25,-1.25
2017,MINNESOTA,27.0,STEVENS,149,139636000,-0.72,-0.73
2017,MINNESOTA,27.0,SWIFT,151,150481000,-1.53,-1.56
2017,MINNESOTA,27.0,TRAVERSE,155,164813000,-0.35,-0.39
2017,MINNESOTA,27.0,WILKIN,167,184681000,-0.76,-0.88
2017,MINNESOTA,27.0,YELLOW MEDICINE,173,170173000,-0.15,-0.2
2017,MISSISSIPPI,28.0,ATTALA,7,4349000,-1.0,-0.96
2017,MISSISSIPPI,28.0,CARROLL,15,32729000,-1.8,-1.8
2017,MISSISSIPPI,28.0,CHOCTAW,19,5511000,-1.56,-1.53
2017,MISSISSIPPI,28.0,HOLMES,51,63707000,-0.82,-0.75
2017,MISSISSIPPI,28.0,LEAKE,79,4612000,-0.91,-0.94
2017,MISSISSIPPI,28.0,MADISON,89,15772000,-0.88,-0.84
2017,MISSISSIPPI,28.0,MONTGOMERY,97,8129000,-0.08,-0.11
2017,MISSISSIPPI,28.0,RANKIN,121,8802000,-1.25,-1.25
2017,MISSISSIPPI,28.0,SCOTT,123,5665000,-1.07,-1.01
2017,MISSISSIPPI,28.0,WEBSTER,155,15100000,-0.35,-0.39
2017,MISSISSIPPI,28.0,CHICKASAW,17,42544000,-1.13,-1.08
2017,MISSISSIPPI,28.0,CLAY,25,4188000,-0.34,-0.31
2017,MISSISSIPPI,28.0,KEMPER,69,1108000,-0.11,-0.17
2017,MISSISSIPPI,28.0,LOWNDES,87,23374000,-0.84,-0.82
2017,MISSISSIPPI,28.0,MONROE,95,28493000,-1.42,-1.43
2017,MISSISSIPPI,28.0,NESHOBA,99,3682000,-0.33,-0.26
2017,MISSISSIPPI,28.0,NOXUBEE,103,48883000,-1.19,-1.18
2017,MISSISSIPPI,28.0,OKTIBBEHA,105,2977000,-0.67,-0.61
2017,MISSISSIPPI,28.0,WINSTON,159,2999000,-1.41,-1.51
2017,MISSISSIPPI,28.0,HUMPHREYS,53,72629000,-0.42,-0.41
2017,MISSISSIPPI,28.0,LEFLORE,83,142318000,-1.07,-1.04
2017,MISSISSIPPI,28.0,SHARKEY,125,80677000,-1.23,-1.22
2017,MISSISSIPPI,28.0,SUNFLOWER,133,192907000,-1.02,-1.05
2017,MISSISSIPPI,28.0,YAZOO,163,89300000,-0.56,-0.67
2017,MISSISSIPPI,28.0,BENTON,9,7716000,-1.83,-1.87
2017,MISSISSIPPI,28.0,CALHOUN,13,56223000,-0.41,-0.36
2017,MISSISSIPPI,28.0,DE SOTO,33,33818000,-0.96,-0.97
2017,MISSISSIPPI,28.0,GRENADA,43,8903000,-1.38,-1.41
2017,MISSISSIPPI,28.0,LAFAYETTE,71,6756000,-1.42,-1.38
2017,MISSISSIPPI,28.0,MARSHALL,93,18778000,-0.83,-0.82
2017,MISSISSIPPI,28.0,PANOLA,107,47835000,-1.01,-0.97
2017,MISSISSIPPI,28.0,TATE,137,28498000,-0.15,-0.15
2017,MISSISSIPPI,28.0,YALOBUSHA,161,12288000,-0.44,-0.49
2017,MISSISSIPPI,28.0,ALCORN,3,15014000,-0.07,-0.08
2017,MISSISSIPPI,28.0,ITAWAMBA,57,6502000,-1.18,-1.17
2017,MISSISSIPPI,28.0,LEE,81,24614000,-0.93,-0.88
2017,MISSISSIPPI,28.0,PONTOTOC,115,16655000,-1.77,-1.81
2017,MISSISSIPPI,28.0,PRENTISS,117,12423000,-1.39,-1.36
2017,MISSISSIPPI,28.0,TIPPAH,139,13663000,0.5,0.51
2017,MISSISSIPPI,28.0,TISHOMINGO,141,6291000,-0.25,-0.25
2017,MISSISSIPPI,28.0,UNION,145,12148000,-0.64,-0.59
2017,MISSISSIPPI,28.0,COVINGTON,31,3174000,-0.47,-0.52
2017,MISSISSIPPI,28.0,JEFFERSON DAVIS,65,1955000,-1.01,-0.98
2017,MISSISSIPPI,28.0,LAMAR,73,2865000,-1.52,-1.52
2017,MISSISSIPPI,28.0,LAWRENCE,77,3261000,-0.96,-0.98
2017,MISSISSIPPI,28.0,MARION,91,2238000,-0.72,-0.71
2017,MISSISSIPPI,28.0,PIKE,113,2724000,-0.9,-0.88
2017,MISSISSIPPI,28.0,SIMPSON,127,5373000,-1.28,-1.3
2017,MISSISSIPPI,28.0,SMITH,129,3858000,-0.28,-0.31
2017,MISSISSIPPI,28.0,WALTHALL,147,4181000,-0.59,-0.6
2017,MISSISSIPPI,28.0,CLARKE,23,1407000,-1.03,-1.06
2017,MISSISSIPPI,28.0,FORREST,35,4154000,-0.28,-0.22
2017,MISSISSIPPI,28.0,GEORGE,39,14577000,-0.47,-0.47
2017,MISSISSIPPI,28.0,GREENE,41,2790000,-0.62,-0.61
2017,MISSISSIPPI,28.0,HANCOCK,45,1087000,-0.39,-0.45
2017,MISSISSIPPI,28.0,HARRISON,47,2370000,-0.28,-0.26
2017,MISSISSIPPI,28.0,JACKSON,59,3604000,-0.89,-0.87
2017,MISSISSIPPI,28.0,JASPER,61,1723000,-0.1,-0.16
2017,MISSISSIPPI,28.0,JONES,67,4081000,-0.57,-0.59
2017,MISSISSIPPI,28.0,LAUDERDALE,75,730000,-1.12,-1.08
2017,MISSISSIPPI,28.0,NEWTON,101,5409000,-0.73,-0.71
2017,MISSISSIPPI,28.0,PEARL RIVER,109,8009000,-0.73,-0.76
2017,MISSISSIPPI,28.0,PERRY,111,3900000,-1.34,-1.32
2017,MISSISSIPPI,28.0,STONE,131,8365000,-0.42,-0.39
2017,MISSISSIPPI,28.0,WAYNE,153,7611000,-1.0,-1.06
2017,MISSISSIPPI,28.0,ADAMS,1,6065000,-0.32,-0.27
2017,MISSISSIPPI,28.0,AMITE,5,2049000,-0.85,-0.86
2017,MISSISSIPPI,28.0,CLAIBORNE,21,6366000,-0.6,-0.54
2017,MISSISSIPPI,28.0,COPIAH,29,3035000,-1.79,-1.79
2017,MISSISSIPPI,28.0,FRANKLIN,37,1271000,-0.88,-0.81
2017,MISSISSIPPI,28.0,HINDS,49,16724000,-1.25,-1.22
2017,MISSISSIPPI,28.0,JEFFERSON,63,2981000,-1.01,-0.99
2017,MISSISSIPPI,28.0,LINCOLN,85,1815000,-0.51,-0.53
2017,MISSISSIPPI,28.0,WARREN,149,17898000,-0.72,-0.73
2017,MISSISSIPPI,28.0,WILKINSON,157,2230000,-1.78,-1.79
2017,MISSISSIPPI,28.0,BOLIVAR,11,207721000,-0.86,-0.87
2017,MISSISSIPPI,28.0,COAHOMA,27,142661000,-1.26,-1.27
2017,MISSISSIPPI,28.0,TALLAHATCHIE,135,133529000,0.16,0.12
2017,MISSOURI,29.0,BENTON,15,16114000,-1.8,-1.8
2017,MISSOURI,29.0,BOONE,19,46361000,-1.56,-1.53
2017,MISSOURI,29.0,CALLAWAY,27,59278000,-1.26,-1.27
2017,MISSOURI,29.0,CAMDEN,29,1710000,-1.79,-1.79
2017,MISSOURI,29.0,COLE,51,13241000,-0.82,-0.75
2017,MISSOURI,29.0,COOPER,53,62480000,-0.42,-0.41
2017,MISSOURI,29.0,DALLAS,59,4893000,-0.89,-0.87
2017,MISSOURI,29.0,HICKORY,85,5616000,-0.51,-0.53
2017,MISSOURI,29.0,HOWARD,89,42557000,-0.88,-0.84
2017,MISSOURI,29.0,LACLEDE,105,5293000,-0.67,-0.61
2017,MISSOURI,29.0,MARIES,125,4731000,-1.23,-1.22
2017,MISSOURI,29.0,MILLER,131,6217000,-0.42,-0.39
2017,MISSOURI,29.0,MONITEAU,135,30832000,0.16,0.12
2017,MISSOURI,29.0,MORGAN,141,19835000,-0.25,-0.25
2017,MISSOURI,29.0,OSAGE,151,17385000,-1.53,-1.56
2017,MISSOURI,29.0,PETTIS,159,84855000,-1.41,-1.51
2017,MISSOURI,29.0,PHELPS,161,2477000,-0.44,-0.49
2017,MISSOURI,29.0,POLK,167,11019000,-0.76,-0.88
2017,MISSOURI,29.0,PULASKI,169,1286000,-1.28,-1.35
2017,MISSOURI,29.0,SALINE,195,181201000,-1.87,-1.9
2017,MISSOURI,29.0,CRAWFORD,55,3727000,-1.59,-1.6
2017,MISSOURI,29.0,FRANKLIN,71,26135000,-1.42,-1.38
2017,MISSOURI,29.0,GASCONADE,73,14957000,-1.52,-1.52
2017,MISSOURI,29.0,JEFFERSON,99,7502000,-0.33,-0.26
2017,MISSOURI,29.0,LINCOLN,113,60029000,-0.9,-0.88
2017,MISSOURI,29.0,MONTGOMERY,139,59478000,0.5,0.51
2017,MISSOURI,29.0,PERRY,157,35789000,-1.78,-1.79
2017,MISSOURI,29.0,ST CHARLES,183,53817000,0.25,0.25
2017,MISSOURI,29.0,ST FRANCOIS,187,7815000,-1.79,-1.76
2017,MISSOURI,29.0,ST LOUIS,189,19581000,-1.1,-1.2
2017,MISSOURI,29.0,STE GENEVIEVE,186,18225000,0.33,0.25
2017,MISSOURI,29.0,WARREN,219,36231000,-1.06,-1.12
2017,MISSOURI,29.0,WASHINGTON,221,1624000,-1.51,-1.58
2017,MISSOURI,29.0,ADAIR,1,34502000,-0.32,-0.27
2017,MISSOURI,29.0,CARROLL,33,126502000,-0.96,-0.97
2017,MISSOURI,29.0,CHARITON,41,98313000,-0.62,-0.61
2017,MISSOURI,29.0,GRUNDY,79,49205000,-0.91,-0.94
2017,MISSOURI,29.0,LINN,115,45555000,-1.77,-1.81
2017,MISSOURI,29.0,LIVINGSTON,117,75761000,-1.39,-1.36
2017,MISSOURI,29.0,MACON,121,69979000,-1.25,-1.25
2017,MISSOURI,29.0,MERCER,129,23369000,-0.28,-0.31
2017,MISSOURI,29.0,PUTNAM,171,22460000,-1.28,-1.3
2017,MISSOURI,29.0,RANDOLPH,175,37027000,-0.96,-1.06
2017,MISSOURI,29.0,SCHUYLER,197,14901000,-0.94,-0.96
2017,MISSOURI,29.0,SULLIVAN,211,28441000,-1.25,-1.38
2017,MISSOURI,29.0,AUDRAIN,7,151778000,-1.0,-0.96
2017,MISSOURI,29.0,CLARK,45,76825000,-0.39,-0.45
2017,MISSOURI,29.0,KNOX,103,51704000,-1.19,-1.18
2017,MISSOURI,29.0,LEWIS,111,60389000,-1.34,-1.32
2017,MISSOURI,29.0,MARION,127,75999000,-1.28,-1.3
2017,MISSOURI,29.0,MONROE,137,79825000,-0.15,-0.15
2017,MISSOURI,29.0,PIKE,163,79142000,-0.56,-0.67
2017,MISSOURI,29.0,RALLS,173,64676000,-0.15,-0.2
2017,MISSOURI,29.0,SCOTLAND,199,57552000,-1.25,-1.24
2017,MISSOURI,29.0,SHELBY,205,76397000,0.27,0.21
2017,MISSOURI,29.0,ANDREW,3,63904000,-0.07,-0.08
2017,MISSOURI,29.0,ATCHISON,5,143634000,-0.85,-0.86
2017,MISSOURI,29.0,BUCHANAN,21,59750000,-0.6,-0.54
2017,MISSOURI,29.0,CALDWELL,25,47629000,-0.34,-0.31
2017,MISSOURI,29.0,CLAY,47,19329000,-0.28,-0.26
2017,MISSOURI,29.0,CLINTON,49,64506000,-1.25,-1.22
2017,MISSOURI,29.0,DAVIESS,61,48068000,-0.1,-0.16
2017,MISSOURI,29.0,DE KALB,63,42354000,-1.01,-0.99
2017,MISSOURI,29.0,GENTRY,75,37594000,-1.12,-1.08
2017,MISSOURI,29.0,HARRISON,81,68651000,-0.93,-0.88
2017,MISSOURI,29.0,HOLT,87,104844000,-0.84,-0.82
2017,MISSOURI,29.0,NODAWAY,147,127824000,-0.59,-0.6
2017,MISSOURI,29.0,PLATTE,165,53142000,-0.39,-0.47
2017,MISSOURI,29.0,RAY,177,63912000,-0.64,-0.71
2017,MISSOURI,29.0,WORTH,227,15872000,-1.73,-1.7
2017,MISSOURI,29.0,BOLLINGER,17,18245000,-1.13,-1.08
2017,MISSOURI,29.0,CARTER,35,427000,-0.28,-0.22
2017,MISSOURI,29.0,DENT,65,2577000,-1.01,-0.98
2017,MISSOURI,29.0,DOUGLAS,67,1488000,-0.57,-0.59
2017,MISSOURI,29.0,HOWELL,91,4461000,-0.72,-0.71
2017,MISSOURI,29.0,IRON,93,379000,-0.83,-0.82
2017,MISSOURI,29.0,MADISON,123,794000,-1.07,-1.01
2017,MISSOURI,29.0,OREGON,149,1048000,-0.72,-0.73
2017,MISSOURI,29.0,OZARK,153,1594000,-1.0,-1.06
2017,MISSOURI,29.0,RIPLEY,181,7506000,-1.38,-1.47
2017,MISSOURI,29.0,SHANNON,203,900000,0.45,0.44
2017,MISSOURI,29.0,TANEY,213,1224000,-1.78,-1.76
2017,MISSOURI,29.0,TEXAS,215,5189000,-0.88,-0.82
2017,MISSOURI,29.0,WAYNE,223,7814000,-1.69,-1.67
2017,MISSOURI,29.0,WEBSTER,225,6779000,-1.01,-1.09
2017,MISSOURI,29.0,WRIGHT,229,3135000,-0.42,-0.43
2017,MISSOURI,29.0,BUTLER,23,111205000,-1.03,-1.06
2017,MISSOURI,29.0,CAPE GIRARDEAU,31,75225000,-0.47,-0.52
2017,MISSOURI,29.0,DUNKLIN,69,193535000,-0.11,-0.17
2017,MISSOURI,29.0,NEW MADRID,143,231399000,-0.9,-0.9
2017,MISSOURI,29.0,PEMISCOT,155,159192000,-0.35,-0.39
2017,MISSOURI,29.0,SCOTT,201,101627000,-0.05,-0.08
2017,MISSOURI,29.0,STODDARD,207,239334000,-1.31,-1.34
2017,MISSOURI,29.0,BARRY,9,16817000,-1.83,-1.87
2017,MISSOURI,29.0,BARTON,11,80550000,-0.86,-0.87
2017,MISSOURI,29.0,CHRISTIAN,43,5181000,-1.38,-1.41
2017,MISSOURI,29.0,DADE,57,29596000,-1.18,-1.17
2017,MISSOURI,29.0,GREENE,77,8215000,-0.96,-0.98
2017,MISSOURI,29.0,JASPER,97,46728000,-0.08,-0.11
2017,MISSOURI,29.0,LAWRENCE,109,21536000,-0.73,-0.76
2017,MISSOURI,29.0,MCDONALD,119,4501000,-1.17,-1.12
2017,MISSOURI,29.0,NEWTON,145,15276000,-0.64,-0.59
2017,MISSOURI,29.0,STONE,209,1508000,-0.9,-0.95
2017,MISSOURI,29.0,BATES,13,101134000,-0.41,-0.36
2017,MISSOURI,29.0,CASS,37,98757000,-0.88,-0.81
2017,MISSOURI,29.0,CEDAR,39,6639000,-0.47,-0.47
2017,MISSOURI,29.0,HENRY,83,59164000,-1.07,-1.04
2017,MISSOURI,29.0,JACKSON,95,30428000,-1.42,-1.43
2017,MISSOURI,29.0,JOHNSON,101,63044000,-0.73,-0.71
2017,MISSOURI,29.0,LAFAYETTE,107,131558000,-1.01,-0.97
2017,MISSOURI,29.0,ST CLAIR,185,28782000,-0.13,-0.18
2017,MISSOURI,29.0,VERNON,217,82335000,-1.45,-1.54
2017,MONTANA,30.0,BROADWATER,7,22510000,-1.0,-0.96
2017,MONTANA,30.0,CASCADE,13,51162000,-0.41,-0.36
2017,MONTANA,30.0,FERGUS,27,35964000,-1.26,-1.27
2017,MONTANA,30.0,GOLDEN VALLEY,37,5195000,-0.88,-0.81
2017,MONTANA,30.0,JUDITH BASIN,45,25050000,-0.39,-0.45
2017,MONTANA,30.0,LEWIS AND CLARK,49,13425000,-1.25,-1.22
2017,MONTANA,30.0,MEAGHER,59,4436000,-0.89,-0.87
2017,MONTANA,30.0,MUSSELSHELL,65,7744000,-1.01,-0.98
2017,MONTANA,30.0,PETROLEUM,69,3269000,-0.11,-0.17
2017,MONTANA,30.0,WHEATLAND,107,8753000,-1.01,-0.97
2017,MONTANA,30.0,BLAINE,5,39564000,-0.85,-0.86
2017,MONTANA,30.0,CHOUTEAU,15,143610000,-1.8,-1.8
2017,MONTANA,30.0,GLACIER,35,58386000,-0.28,-0.22
2017,MONTANA,30.0,HILL,41,107131000,-0.62,-0.61
2017,MONTANA,30.0,LIBERTY,51,69077000,-0.82,-0.75
2017,MONTANA,30.0,PHILLIPS,71,25376000,-1.42,-1.38
2017,MONTANA,30.0,PONDERA,73,76064000,-1.52,-1.52
2017,MONTANA,30.0,TETON,99,68719000,-0.33,-0.26
2017,MONTANA,30.0,TOOLE,101,66928000,-0.73,-0.71
2017,MONTANA,30.0,DANIELS,19,32626000,-1.56,-1.53
2017,MONTANA,30.0,DAWSON,21,25608000,-0.6,-0.54
2017,MONTANA,30.0,GARFIELD,33,9041000,-0.96,-0.97
2017,MONTANA,30.0,MCCONE,55,30002000,-1.59,-1.6
2017,MONTANA,30.0,RICHLAND,83,55377000,-1.07,-1.04
2017,MONTANA,30.0,ROOSEVELT,85,44529000,-0.51,-0.53
2017,MONTANA,30.0,SHERIDAN,91,58429000,-0.72,-0.71
2017,MONTANA,30.0,VALLEY,105,53295000,-0.67,-0.61
2017,MONTANA,30.0,DEER LODGE,23,731000,-1.03,-1.06
2017,MONTANA,30.0,FLATHEAD,29,27479000,-1.79,-1.79
2017,MONTANA,30.0,GRANITE,39,2946000,-0.47,-0.47
2017,MONTANA,30.0,LAKE,47,22042000,-0.28,-0.26
2017,MONTANA,30.0,LINCOLN,53,1011000,-0.42,-0.41
2017,MONTANA,30.0,MINERAL,61,228000,-0.1,-0.16
2017,MONTANA,30.0,MISSOULA,63,5641000,-1.01,-0.99
2017,MONTANA,30.0,POWELL,77,6533000,-0.96,-0.98
2017,MONTANA,30.0,RAVALLI,81,12710000,-0.93,-0.88
2017,MONTANA,30.0,SANDERS,89,5170000,-0.88,-0.84
2017,MONTANA,30.0,BIG HORN,3,33001000,-0.07,-0.08
2017,MONTANA,30.0,CARBON,9,33059000,-1.83,-1.87
2017,MONTANA,30.0,PARK,67,9403000,-0.57,-0.59
2017,MONTANA,30.0,STILLWATER,95,15631000,-1.42,-1.43
2017,MONTANA,30.0,SWEET GRASS,97,3133000,-0.08,-0.11
2017,MONTANA,30.0,TREASURE,103,27072000,-1.19,-1.18
2017,MONTANA,30.0,YELLOWSTONE,111,43078000,-1.34,-1.32
2017,MONTANA,30.0,CARTER,11,5998000,-0.86,-0.87
2017,MONTANA,30.0,CUSTER,17,11627000,-1.13,-1.08
2017,MONTANA,30.0,FALLON,25,6812000,-0.34,-0.31
2017,MONTANA,30.0,POWDER RIVER,75,3063000,-1.12,-1.08
2017,MONTANA,30.0,PRAIRIE,79,10801000,-0.91,-0.94
2017,MONTANA,30.0,ROSEBUD,87,17023000,-0.84,-0.82
2017,MONTANA,30.0,WIBAUX,109,5576000,-0.73,-0.76
2017,MONTANA,30.0,BEAVERHEAD,1,37220000,-0.32,-0.27
2017,MONTANA,30.0,GALLATIN,31,69017000,-0.47,-0.52
2017,MONTANA,30.0,JEFFERSON,43,4062000,-1.38,-1.41
2017,MONTANA,30.0,MADISON,57,23114000,-1.18,-1.17
2017,MONTANA,30.0,SILVER BOW,93,566000,-0.83,-0.82
2017,NEBRASKA,31.0,BUFFALO,19,173451000,-1.56,-1.53
2017,NEBRASKA,31.0,CUSTER,41,183505000,-0.62,-0.61
2017,NEBRASKA,31.0,DAWSON,47,171745000,-0.28,-0.26
2017,NEBRASKA,31.0,GREELEY,77,66026000,-0.96,-0.98
2017,NEBRASKA,31.0,HALL,79,174424000,-0.91,-0.94
2017,NEBRASKA,31.0,HOWARD,93,82699000,-0.83,-0.82
2017,NEBRASKA,31.0,SHERMAN,163,80928000,-0.56,-0.67
2017,NEBRASKA,31.0,VALLEY,175,77667000,-0.96,-1.06
2017,NEBRASKA,31.0,BUTLER,23,161537000,-1.03,-1.06
2017,NEBRASKA,31.0,CASS,25,151846000,-0.34,-0.31
2017,NEBRASKA,31.0,COLFAX,37,125977000,-0.88,-0.81
2017,NEBRASKA,31.0,DODGE,53,176598000,-0.42,-0.41
2017,NEBRASKA,31.0,DOUGLAS,55,52029000,-1.59,-1.6
2017,NEBRASKA,31.0,HAMILTON,81,191101000,-0.93,-0.88
2017,NEBRASKA,31.0,LANCASTER,109,155323000,-0.73,-0.76
2017,NEBRASKA,31.0,MERRICK,121,113804000,-1.25,-1.25
2017,NEBRASKA,31.0,NANCE,125,75414000,-1.23,-1.22
2017,NEBRASKA,31.0,PLATTE,141,191598000,-0.25,-0.25
2017,NEBRASKA,31.0,POLK,143,130365000,-0.9,-0.9
2017,NEBRASKA,31.0,SARPY,153,50426000,-1.0,-1.06
2017,NEBRASKA,31.0,SAUNDERS,155,225489000,-0.35,-0.39
2017,NEBRASKA,31.0,SEWARD,159,154240000,-1.41,-1.51
2017,NEBRASKA,31.0,WASHINGTON,177,108055000,-0.64,-0.71
2017,NEBRASKA,31.0,YORK,185,203876000,-0.13,-0.18
2017,NEBRASKA,31.0,ARTHUR,5,2389000,-0.85,-0.86
2017,NEBRASKA,31.0,BLAINE,9,2130000,-1.83,-1.87
2017,NEBRASKA,31.0,BOYD,15,40307000,-1.8,-1.8
2017,NEBRASKA,31.0,BROWN,17,22611000,-1.13,-1.08
2017,NEBRASKA,31.0,CHERRY,31,33754000,-0.47,-0.52
2017,NEBRASKA,31.0,GARFIELD,71,10780000,-1.42,-1.38
2017,NEBRASKA,31.0,HOLT,89,223826000,-0.88,-0.84
2017,NEBRASKA,31.0,KEYA PAHA,103,18199000,-1.19,-1.18
2017,NEBRASKA,31.0,LOGAN,113,10178000,-0.9,-0.88
2017,NEBRASKA,31.0,LOUP,115,4391000,-1.77,-1.81
2017,NEBRASKA,31.0,MCPHERSON,117,2142000,-1.39,-1.36
2017,NEBRASKA,31.0,ROCK,149,22262000,-0.72,-0.73
2017,NEBRASKA,31.0,THOMAS,171,2027000,-1.28,-1.3
2017,NEBRASKA,31.0,WHEELER,183,20934000,0.25,0.25
2017,NEBRASKA,31.0,ANTELOPE,3,192018000,-0.07,-0.08
2017,NEBRASKA,31.0,BOONE,11,161337000,-0.86,-0.87
2017,NEBRASKA,31.0,BURT,21,145280000,-0.6,-0.54
2017,NEBRASKA,31.0,CEDAR,27,186279000,-1.26,-1.27
2017,NEBRASKA,31.0,CUMING,39,178172000,-0.47,-0.47
2017,NEBRASKA,31.0,DAKOTA,43,77891000,-1.38,-1.41
2017,NEBRASKA,31.0,DIXON,51,103114000,-0.82,-0.75
2017,NEBRASKA,31.0,KNOX,107,108207000,-1.01,-0.97
2017,NEBRASKA,31.0,MADISON,119,157235000,-1.17,-1.12
2017,NEBRASKA,31.0,PIERCE,139,124628000,0.5,0.51
2017,NEBRASKA,31.0,STANTON,167,94566000,-0.76,-0.88
2017,NEBRASKA,31.0,THURSTON,173,101762000,-0.15,-0.2
2017,NEBRASKA,31.0,WAYNE,179,129086000,0.28,0.26
2017,NEBRASKA,31.0,BANNER,7,20802000,-1.0,-0.96
2017,NEBRASKA,31.0,BOX BUTTE,13,107840000,-0.41,-0.36
2017,NEBRASKA,31.0,CHEYENNE,33,61058000,-0.96,-0.97
2017,NEBRASKA,31.0,DAWES,45,13953000,-0.39,-0.45
2017,NEBRASKA,31.0,DEUEL,49,35283000,-1.25,-1.22
2017,NEBRASKA,31.0,GARDEN,69,33129000,-0.11,-0.17
2017,NEBRASKA,31.0,KIMBALL,105,30337000,-0.67,-0.61
2017,NEBRASKA,31.0,MORRILL,123,80390000,-1.07,-1.01
2017,NEBRASKA,31.0,SCOTTS BLUFF,157,98804000,-1.78,-1.79
2017,NEBRASKA,31.0,SHERIDAN,161,57459000,-0.44,-0.49
2017,NEBRASKA,31.0,SIOUX,165,17619000,-0.39,-0.47
2017,NEBRASKA,31.0,ADAMS,1,173393000,-0.32,-0.27
2017,NEBRASKA,31.0,FRANKLIN,61,90656000,-0.1,-0.16
2017,NEBRASKA,31.0,FURNAS,65,101518000,-1.01,-0.98
2017,NEBRASKA,31.0,GOSPER,73,73339000,-1.52,-1.52
2017,NEBRASKA,31.0,HARLAN,83,93939000,-1.07,-1.04
2017,NEBRASKA,31.0,KEARNEY,99,156789000,-0.33,-0.26
2017,NEBRASKA,31.0,PHELPS,137,172225000,-0.15,-0.15
2017,NEBRASKA,31.0,WEBSTER,181,77466000,-1.38,-1.47
2017,NEBRASKA,31.0,CLAY,35,157532000,-0.28,-0.22
2017,NEBRASKA,31.0,FILLMORE,59,180495000,-0.89,-0.87
2017,NEBRASKA,31.0,GAGE,67,180546000,-0.57,-0.59
2017,NEBRASKA,31.0,JEFFERSON,95,114177000,-1.42,-1.43
2017,NEBRASKA,31.0,JOHNSON,97,49187000,-0.08,-0.11
2017,NEBRASKA,31.0,NEMAHA,127,106734000,-1.28,-1.3
2017,NEBRASKA,31.0,NUCKOLLS,129,116590000,-0.28,-0.31
2017,NEBRASKA,31.0,OTOE,131,145447000,-0.42,-0.39
2017,NEBRASKA,31.0,PAWNEE,133,56768000,-1.02,-1.05
2017,NEBRASKA,31.0,RICHARDSON,147,117288000,-0.59,-0.6
2017,NEBRASKA,31.0,SALINE,151,144714000,-1.53,-1.56
2017,NEBRASKA,31.0,THAYER,169,128760000,-1.28,-1.35
2017,NEBRASKA,31.0,CHASE,29,152454000,-1.79,-1.79
2017,NEBRASKA,31.0,DUNDY,57,61119000,-1.18,-1.17
2017,NEBRASKA,31.0,FRONTIER,63,60762000,-1.01,-0.99
2017,NEBRASKA,31.0,HAYES,85,59864000,-0.51,-0.53
2017,NEBRASKA,31.0,HITCHCOCK,87,45613000,-0.84,-0.82
2017,NEBRASKA,31.0,KEITH,101,78469000,-0.73,-0.71
2017,NEBRASKA,31.0,LINCOLN,111,185239000,-1.34,-1.32
2017,NEBRASKA,31.0,PERKINS,135,146896000,0.16,0.12
2017,NEBRASKA,31.0,RED WILLOW,145,71804000,-0.64,-0.59
2017,NEVADA,32.0,ELKO,7,11094000,-1.0,-0.96
2017,NEVADA,32.0,EUREKA,11,29611000,-0.86,-0.87
2017,NEVADA,32.0,LANDER,15,21369000,-1.8,-1.8
2017,NEVADA,32.0,WHITE PINE,33,11657000,-0.96,-0.97
2017,NEVADA,32.0,CHURCHILL,1,19873000,-0.32,-0.27
2017,NEVADA,32.0,DOUGLAS,5,6023000,-0.85,-0.86
2017,NEVADA,32.0,HUMBOLDT,13,75242000,-0.41,-0.36
2017,NEVADA,32.0,LYON,19,29097000,-1.56,-1.53
2017,NEVADA,32.0,PERSHING,27,19720000,-1.26,-1.27
2017,NEVADA,32.0,WASHOE,31,9129000,-0.47,-0.52
2017,NEVADA,32.0,CLARK,3,11416000,-0.07,-0.08
2017,NEVADA,32.0,ESMERALDA,9,11500000,-1.83,-1.87
2017,NEVADA,32.0,LINCOLN,17,12880000,-1.13,-1.08
2017,NEVADA,32.0,NYE,23,5192000,-1.03,-1.06
2017,NEW HAMPSHIRE,33.0,BELKNAP,1,4320000,-0.32,-0.27
2017,NEW HAMPSHIRE,33.0,CARROLL,3,3741000,-0.07,-0.08
2017,NEW HAMPSHIRE,33.0,CHESHIRE,5,6927000,-0.85,-0.86
2017,NEW HAMPSHIRE,33.0,COOS,7,5335000,-1.0,-0.96
2017,NEW HAMPSHIRE,33.0,GRAFTON,9,7087000,-1.83,-1.87
2017,NEW HAMPSHIRE,33.0,HILLSBOROUGH,11,14489000,-0.86,-0.87
2017,NEW HAMPSHIRE,33.0,MERRIMACK,13,36550000,-0.41,-0.36
2017,NEW HAMPSHIRE,33.0,ROCKINGHAM,15,16250000,-1.8,-1.8
2017,NEW HAMPSHIRE,33.0,STRAFFORD,17,6459000,-1.13,-1.08
2017,NEW HAMPSHIRE,33.0,SULLIVAN,19,6643000,-1.56,-1.53
2017,NEW JERSEY,34.0,BURLINGTON,5,91098000,-0.85,-0.86
2017,NEW JERSEY,34.0,MERCER,21,20015000,-0.6,-0.54
2017,NEW JERSEY,34.0,MIDDLESEX,23,37593000,-1.03,-1.06
2017,NEW JERSEY,34.0,MONMOUTH,25,67389000,-0.34,-0.31
2017,NEW JERSEY,34.0,OCEAN,29,19976000,-1.79,-1.79
2017,NEW JERSEY,34.0,BERGEN,3,4972000,-0.07,-0.08
2017,NEW JERSEY,34.0,HUNTERDON,19,78867000,-1.56,-1.53
2017,NEW JERSEY,34.0,MORRIS,27,23117000,-1.26,-1.27
2017,NEW JERSEY,34.0,PASSAIC,31,2720000,-0.47,-0.52
2017,NEW JERSEY,34.0,SOMERSET,35,14382000,-0.28,-0.22
2017,NEW JERSEY,34.0,SUSSEX,37,10831000,-0.88,-0.81
2017,NEW JERSEY,34.0,WARREN,41,67078000,-0.62,-0.61
2017,NEW JERSEY,34.0,ATLANTIC,1,119103000,-0.32,-0.27
2017,NEW JERSEY,34.0,CAMDEN,7,22809000,-1.0,-0.96
2017,NEW JERSEY,34.0,CAPE MAY,9,8771000,-1.83,-1.87
2017,NEW JERSEY,34.0,CUMBERLAND,11,207439000,-0.86,-0.87
2017,NEW JERSEY,34.0,GLOUCESTER,15,94853000,-1.8,-1.8
2017,NEW JERSEY,34.0,SALEM,33,90351000,-0.96,-0.97
2017,NEW MEXICO,35.0,COLFAX,7,746000,-1.0,-0.96
2017,NEW MEXICO,35.0,CURRY,9,31525000,-1.83,-1.87
2017,NEW MEXICO,35.0,DE BACA,11,5486000,-0.86,-0.87
2017,NEW MEXICO,35.0,GUADALUPE,19,304000,-1.56,-1.53
2017,NEW MEXICO,35.0,HARDING,21,41000,-0.6,-0.54
2017,NEW MEXICO,35.0,MORA,33,2303000,-0.96,-0.97
2017,NEW MEXICO,35.0,QUAY,37,6392000,-0.88,-0.81
2017,NEW MEXICO,35.0,ROOSEVELT,41,30125000,-0.62,-0.61
2017,NEW MEXICO,35.0,SAN MIGUEL,47,714000,-0.28,-0.26
2017,NEW MEXICO,35.0,TORRANCE,57,11354000,-1.18,-1.17
2017,NEW MEXICO,35.0,UNION,59,8121000,-0.89,-0.87
2017,NEW MEXICO,35.0,BERNALILLO,1,4825000,-0.32,-0.27
2017,NEW MEXICO,35.0,CIBOLA,6,189000,-0.38,-0.53
2017,NEW MEXICO,35.0,MCKINLEY,31,636000,-0.47,-0.52
2017,NEW MEXICO,35.0,RIO ARRIBA,39,5226000,-0.47,-0.47
2017,NEW MEXICO,35.0,SAN JUAN,45,67795000,-0.39,-0.45
2017,NEW MEXICO,35.0,SANDOVAL,43,7898000,-1.38,-1.41
2017,NEW MEXICO,35.0,SANTA FE,49,13858000,-1.25,-1.22
2017,NEW MEXICO,35.0,TAOS,55,4201000,-1.59,-1.6
2017,NEW MEXICO,35.0,VALENCIA,61,4729000,-0.1,-0.16
2017,NEW MEXICO,35.0,CHAVES,5,42991000,-0.85,-0.86
2017,NEW MEXICO,35.0,DONA ANA,13,228899000,-0.41,-0.36
2017,NEW MEXICO,35.0,EDDY,15,48181000,-1.8,-1.8
2017,NEW MEXICO,35.0,LEA,25,33241000,-0.34,-0.31
2017,NEW MEXICO,35.0,LINCOLN,27,399000,-1.26,-1.27
2017,NEW MEXICO,35.0,OTERO,35,9408000,-0.28,-0.22
2017,NEW MEXICO,35.0,CATRON,3,134000,-0.07,-0.08
2017,NEW MEXICO,35.0,GRANT,17,618000,-1.13,-1.08
2017,NEW MEXICO,35.0,HIDALGO,23,12956000,-1.03,-1.06
2017,NEW MEXICO,35.0,LUNA,29,48403000,-1.79,-1.79
2017,NEW MEXICO,35.0,SIERRA,51,9826000,-0.82,-0.75
2017,NEW MEXICO,35.0,SOCORRO,53,9212000,-0.42,-0.41
2017,NEW YORK,36.0,CAYUGA,11,69912000,-0.86,-0.87
2017,NEW YORK,36.0,CHENANGO,17,17863000,-1.13,-1.08
2017,NEW YORK,36.0,CORTLAND,23,13688000,-1.03,-1.06
2017,NEW YORK,36.0,HERKIMER,43,13544000,-1.38,-1.41
2017,NEW YORK,36.0,MADISON,53,28115000,-0.42,-0.41
2017,NEW YORK,36.0,ONEIDA,65,29941000,-1.01,-0.98
2017,NEW YORK,36.0,ONONDAGA,67,39678000,-0.57,-0.59
2017,NEW YORK,36.0,OSWEGO,75,20901000,-1.12,-1.08
2017,NEW YORK,36.0,OTSEGO,77,19405000,-0.96,-0.98
2017,NEW YORK,36.0,ALBANY,1,36276000,-0.32,-0.27
2017,NEW YORK,36.0,FULTON,35,4338000,-0.28,-0.22
2017,NEW YORK,36.0,MONTGOMERY,57,17874000,-1.18,-1.17
2017,NEW YORK,36.0,RENSSELAER,83,24295000,-1.07,-1.04
2017,NEW YORK,36.0,SARATOGA,91,19030000,-0.72,-0.71
2017,NEW YORK,36.0,SCHENECTADY,93,3510000,-0.83,-0.82
2017,NEW YORK,36.0,SCHOHARIE,95,20108000,-1.42,-1.43
2017,NEW YORK,36.0,WASHINGTON,115,24501000,-1.77,-1.81
2017,NEW YORK,36.0,NEW YORK,61,45000,-0.1,-0.16
2017,NEW YORK,36.0,QUEENS,81,58000,-0.93,-0.88
2017,NEW YORK,36.0,SUFFOLK,103,204013000,-1.19,-1.18
2017,NEW YORK,36.0,CLINTON,19,44559000,-1.56,-1.53
2017,NEW YORK,36.0,ESSEX,31,6774000,-0.47,-0.52
2017,NEW YORK,36.0,FRANKLIN,33,16077000,-0.96,-0.97
2017,NEW YORK,36.0,JEFFERSON,45,35729000,-0.39,-0.45
2017,NEW YORK,36.0,LEWIS,49,21120000,-1.25,-1.22
2017,NEW YORK,36.0,ST LAWRENCE,89,33709000,-0.88,-0.84
2017,NEW YORK,36.0,COLUMBIA,21,49390000,-0.6,-0.54
2017,NEW YORK,36.0,DELAWARE,25,13291000,-0.34,-0.31
2017,NEW YORK,36.0,DUTCHESS,27,28449000,-1.26,-1.27
2017,NEW YORK,36.0,GREENE,39,9222000,-0.47,-0.47
2017,NEW YORK,36.0,ORANGE,71,66539000,-1.42,-1.38
2017,NEW YORK,36.0,PUTNAM,79,2866000,-0.91,-0.94
2017,NEW YORK,36.0,ROCKLAND,87,2056000,-0.84,-0.82
2017,NEW YORK,36.0,SULLIVAN,105,5593000,-0.67,-0.61
2017,NEW YORK,36.0,ULSTER,111,48002000,-1.34,-1.32
2017,NEW YORK,36.0,WESTCHESTER,119,5052000,-1.17,-1.12
2017,NEW YORK,36.0,BROOME,7,10396000,-1.0,-0.96
2017,NEW YORK,36.0,CHEMUNG,15,9615000,-1.8,-1.8
2017,NEW YORK,36.0,SCHUYLER,97,15154000,-0.08,-0.11
2017,NEW YORK,36.0,TIOGA,107,12205000,-1.01,-0.97
2017,NEW YORK,36.0,TOMPKINS,109,15932000,-0.73,-0.76
2017,NEW YORK,36.0,ALLEGANY,3,25711000,-0.07,-0.08
2017,NEW YORK,36.0,CATTARAUGUS,9,19887000,-1.83,-1.87
2017,NEW YORK,36.0,CHAUTAUQUA,13,73257000,-0.41,-0.36
2017,NEW YORK,36.0,STEUBEN,101,69620000,-0.73,-0.71
2017,NEW YORK,36.0,ERIE,29,61966000,-1.79,-1.79
2017,NEW YORK,36.0,GENESEE,37,80701000,-0.88,-0.81
2017,NEW YORK,36.0,LIVINGSTON,51,55238000,-0.82,-0.75
2017,NEW YORK,36.0,MONROE,55,66638000,-1.59,-1.6
2017,NEW YORK,36.0,NIAGARA,63,75458000,-1.01,-0.99
2017,NEW YORK,36.0,ONTARIO,69,63250000,-0.11,-0.17
2017,NEW YORK,36.0,ORLEANS,73,133165000,-1.52,-1.52
2017,NEW YORK,36.0,SENECA,99,47126000,-0.33,-0.26
2017,NEW YORK,36.0,WAYNE,117,155475000,-1.39,-1.36
2017,NEW YORK,36.0,WYOMING,121,64892000,-1.25,-1.25
2017,NEW YORK,36.0,YATES,123,47247000,-1.07,-1.01
2017,NORTH CAROLINA,37.0,BEAUFORT,13,73263000,-0.41,-0.36
2017,NORTH CAROLINA,37.0,CARTERET,31,23283000,-0.47,-0.52
2017,NORTH CAROLINA,37.0,CRAVEN,49,36777000,-1.25,-1.22
2017,NORTH CAROLINA,37.0,GREENE,79,70014000,-0.91,-0.94
2017,NORTH CAROLINA,37.0,JOHNSTON,101,147195000,-0.73,-0.71
2017,NORTH CAROLINA,37.0,JONES,103,29564000,-1.19,-1.18
2017,NORTH CAROLINA,37.0,LENOIR,107,73236000,-1.01,-0.97
2017,NORTH CAROLINA,37.0,PAMLICO,137,22973000,-0.15,-0.15
2017,NORTH CAROLINA,37.0,PITT,147,100859000,-0.59,-0.6
2017,NORTH CAROLINA,37.0,WAYNE,191,106981000,-0.71,-0.69
2017,NORTH CAROLINA,37.0,WILSON,195,162671000,-1.87,-1.9
2017,NORTH CAROLINA,37.0,ALEXANDER,3,8475000,-0.07,-0.08
2017,NORTH CAROLINA,37.0,CATAWBA,35,21796000,-0.28,-0.22
2017,NORTH CAROLINA,37.0,CHATHAM,37,11205000,-0.88,-0.81
2017,NORTH CAROLINA,37.0,DAVIDSON,57,16223000,-1.18,-1.17
2017,NORTH CAROLINA,37.0,DAVIE,59,12380000,-0.89,-0.87
2017,NORTH CAROLINA,37.0,IREDELL,97,18884000,-0.08,-0.11
2017,NORTH CAROLINA,37.0,LEE,105,18769000,-0.67,-0.61
2017,NORTH CAROLINA,37.0,RANDOLPH,151,27943000,-1.53,-1.56
2017,NORTH CAROLINA,37.0,ROWAN,159,48073000,-1.41,-1.51
2017,NORTH CAROLINA,37.0,WAKE,183,56546000,0.25,0.25
2017,NORTH CAROLINA,37.0,BERTIE,15,80485000,-1.8,-1.8
2017,NORTH CAROLINA,37.0,CAMDEN,29,39253000,-1.79,-1.79
2017,NORTH CAROLINA,37.0,CHOWAN,41,38531000,-0.62,-0.61
2017,NORTH CAROLINA,37.0,CURRITUCK,53,18157000,-0.42,-0.41
2017,NORTH CAROLINA,37.0,DARE,55,1013000,-1.59,-1.6
2017,NORTH CAROLINA,37.0,EDGECOMBE,65,92511000,-1.01,-0.98
2017,NORTH CAROLINA,37.0,GATES,73,23813000,-1.52,-1.52
2017,NORTH CAROLINA,37.0,HALIFAX,83,83069000,-1.07,-1.04
2017,NORTH CAROLINA,37.0,HERTFORD,91,45804000,-0.72,-0.71
2017,NORTH CAROLINA,37.0,MARTIN,117,78373000,-1.39,-1.36
2017,NORTH CAROLINA,37.0,NASH,127,126084000,-1.28,-1.3
2017,NORTH CAROLINA,37.0,NORTHAMPTON,131,58870000,-0.42,-0.39
2017,NORTH CAROLINA,37.0,PASQUOTANK,139,48375000,0.5,0.51
2017,NORTH CAROLINA,37.0,PERQUIMANS,143,40889000,-0.9,-0.9
2017,NORTH CAROLINA,37.0,WASHINGTON,187,43388000,-1.79,-1.76
2017,NORTH CAROLINA,37.0,ALLEGHANY,5,18168000,-0.85,-0.86
2017,NORTH CAROLINA,37.0,ASHE,9,43957000,-1.83,-1.87
2017,NORTH CAROLINA,37.0,AVERY,11,19306000,-0.86,-0.87
2017,NORTH CAROLINA,37.0,CALDWELL,27,11005000,-1.26,-1.27
2017,NORTH CAROLINA,37.0,SURRY,171,49393000,-1.28,-1.3
2017,NORTH CAROLINA,37.0,WATAUGA,189,8932000,-1.1,-1.2
2017,NORTH CAROLINA,37.0,WILKES,193,14838000,-0.96,-1.03
2017,NORTH CAROLINA,37.0,YADKIN,197,27245000,-0.94,-0.96
2017,NORTH CAROLINA,37.0,ALAMANCE,1,14739000,-0.32,-0.27
2017,NORTH CAROLINA,37.0,CASWELL,33,21113000,-0.96,-0.97
2017,NORTH CAROLINA,37.0,DURHAM,63,9007000,-1.01,-0.99
2017,NORTH CAROLINA,37.0,FORSYTH,67,9275000,-0.57,-0.59
2017,NORTH CAROLINA,37.0,FRANKLIN,69,34706000,-0.11,-0.17
2017,NORTH CAROLINA,37.0,GUILFORD,81,32829000,-0.93,-0.88
2017,NORTH CAROLINA,37.0,ORANGE,135,25363000,0.16,0.12
2017,NORTH CAROLINA,37.0,PERSON,145,34417000,-0.64,-0.59
2017,NORTH CAROLINA,37.0,ROCKINGHAM,157,29340000,-1.78,-1.79
2017,NORTH CAROLINA,37.0,STOKES,169,12420000,-1.28,-1.35
2017,NORTH CAROLINA,37.0,VANCE,181,16797000,-1.38,-1.47
2017,NORTH CAROLINA,37.0,WARREN,185,12323000,-0.13,-0.18
2017,NORTH CAROLINA,37.0,BLADEN,17,70578000,-1.13,-1.08
2017,NORTH CAROLINA,37.0,BRUNSWICK,19,15776000,-1.56,-1.53
2017,NORTH CAROLINA,37.0,COLUMBUS,47,58462000,-0.28,-0.26
2017,NORTH CAROLINA,37.0,CUMBERLAND,51,25424000,-0.82,-0.75
2017,NORTH CAROLINA,37.0,DUPLIN,61,97791000,-0.1,-0.16
2017,NORTH CAROLINA,37.0,HARNETT,85,71668000,-0.51,-0.53
2017,NORTH CAROLINA,37.0,HOKE,93,12697000,-0.83,-0.82
2017,NORTH CAROLINA,37.0,ONSLOW,133,23464000,-1.02,-1.05
2017,NORTH CAROLINA,37.0,PENDER,141,38367000,-0.25,-0.25
2017,NORTH CAROLINA,37.0,ROBESON,155,104041000,-0.35,-0.39
2017,NORTH CAROLINA,37.0,SAMPSON,163,203510000,-0.56,-0.67
2017,NORTH CAROLINA,37.0,SCOTLAND,165,11551000,-0.39,-0.47
2017,NORTH CAROLINA,37.0,ANSON,7,13135000,-1.0,-0.96
2017,NORTH CAROLINA,37.0,CABARRUS,25,17735000,-0.34,-0.31
2017,NORTH CAROLINA,37.0,CLEVELAND,45,15926000,-0.39,-0.45
2017,NORTH CAROLINA,37.0,GASTON,71,5660000,-1.42,-1.38
2017,NORTH CAROLINA,37.0,LINCOLN,109,8418000,-0.73,-0.76
2017,NORTH CAROLINA,37.0,MONTGOMERY,123,8205000,-1.07,-1.01
2017,NORTH CAROLINA,37.0,MOORE,125,18290000,-1.23,-1.22
2017,NORTH CAROLINA,37.0,RICHMOND,153,7129000,-1.0,-1.06
2017,NORTH CAROLINA,37.0,STANLY,167,22512000,-0.76,-0.88
2017,NORTH CAROLINA,37.0,UNION,179,86482000,0.28,0.26
2017,NORTH CAROLINA,37.0,BUNCOMBE,21,37180000,-0.6,-0.54
2017,NORTH CAROLINA,37.0,BURKE,23,19801000,-1.03,-1.06
2017,NORTH CAROLINA,37.0,CLAY,43,2045000,-1.38,-1.41
2017,NORTH CAROLINA,37.0,GRAHAM,75,389000,-1.12,-1.08
2017,NORTH CAROLINA,37.0,HAYWOOD,87,7831000,-0.84,-0.82
2017,NORTH CAROLINA,37.0,HENDERSON,89,64633000,-0.88,-0.84
2017,NORTH CAROLINA,37.0,JACKSON,99,11197000,-0.33,-0.26
2017,NORTH CAROLINA,37.0,MACON,113,1675000,-0.9,-0.88
2017,NORTH CAROLINA,37.0,MCDOWELL,111,13929000,-1.34,-1.32
2017,NORTH CAROLINA,37.0,MITCHELL,121,1759000,-1.25,-1.25
2017,NORTH CAROLINA,37.0,POLK,149,4935000,-0.72,-0.73
2017,NORTH CAROLINA,37.0,RUTHERFORD,161,3857000,-0.44,-0.49
2017,NORTH CAROLINA,37.0,SWAIN,173,1261000,-0.15,-0.2
2017,NORTH CAROLINA,37.0,TRANSYLVANIA,175,6722000,-0.96,-1.06
2017,NORTH CAROLINA,37.0,YANCEY,199,5667000,-1.25,-1.24
2017,NORTH DAKOTA,38.0,EDDY,27,63600000,-1.26,-1.27
2017,NORTH DAKOTA,38.0,FOSTER,31,90780000,-0.47,-0.52
2017,NORTH DAKOTA,38.0,KIDDER,43,72824000,-1.38,-1.41
2017,NORTH DAKOTA,38.0,SHERIDAN,83,73788000,-1.07,-1.04
2017,NORTH DAKOTA,38.0,STUTSMAN,93,286065000,-0.83,-0.82
2017,NORTH DAKOTA,38.0,WELLS,103,184896000,-1.19,-1.18
2017,NORTH DAKOTA,38.0,BARNES,3,257603000,-0.07,-0.08
2017,NORTH DAKOTA,38.0,CASS,17,417188000,-1.13,-1.08
2017,NORTH DAKOTA,38.0,GRIGGS,39,105078000,-0.47,-0.47
2017,NORTH DAKOTA,38.0,STEELE,91,145894000,-0.72,-0.71
2017,NORTH DAKOTA,38.0,TRAILL,97,223748000,-0.08,-0.11
2017,NORTH DAKOTA,38.0,BENSON,5,147665000,-0.85,-0.86
2017,NORTH DAKOTA,38.0,BOTTINEAU,9,199430000,-1.83,-1.87
2017,NORTH DAKOTA,38.0,MCHENRY,49,82196000,-1.25,-1.22
2017,NORTH DAKOTA,38.0,PIERCE,69,83304000,-0.11,-0.17
2017,NORTH DAKOTA,38.0,ROLETTE,79,77154000,-0.91,-0.94
2017,NORTH DAKOTA,38.0,CAVALIER,19,276485000,-1.56,-1.53
2017,NORTH DAKOTA,38.0,GRAND FORKS,35,294658000,-0.28,-0.22
2017,NORTH DAKOTA,38.0,NELSON,63,112527000,-1.01,-0.99
2017,NORTH DAKOTA,38.0,PEMBINA,67,275337000,-0.57,-0.59
2017,NORTH DAKOTA,38.0,RAMSEY,71,163906000,-1.42,-1.38
2017,NORTH DAKOTA,38.0,TOWNER,95,140915000,-1.42,-1.43
2017,NORTH DAKOTA,38.0,WALSH,99,323415000,-0.33,-0.26
2017,NORTH DAKOTA,38.0,BURKE,13,61157000,-0.41,-0.36
2017,NORTH DAKOTA,38.0,DIVIDE,23,61544000,-1.03,-1.06
2017,NORTH DAKOTA,38.0,MOUNTRAIL,61,105856000,-0.1,-0.16
2017,NORTH DAKOTA,38.0,RENVILLE,75,122657000,-1.12,-1.08
2017,NORTH DAKOTA,38.0,WARD,101,188435000,-0.73,-0.71
2017,NORTH DAKOTA,38.0,WILLIAMS,105,117426000,-0.67,-0.61
2017,NORTH DAKOTA,38.0,BURLEIGH,15,65405000,-1.8,-1.8
2017,NORTH DAKOTA,38.0,EMMONS,29,111806000,-1.79,-1.79
2017,NORTH DAKOTA,38.0,GRANT,37,29084000,-0.88,-0.81
2017,NORTH DAKOTA,38.0,MORTON,59,63552000,-0.89,-0.87
2017,NORTH DAKOTA,38.0,SIOUX,85,21718000,-0.51,-0.53
2017,NORTH DAKOTA,38.0,DICKEY,21,181796000,-0.6,-0.54
2017,NORTH DAKOTA,38.0,LA MOURE,45,192505000,-0.39,-0.45
2017,NORTH DAKOTA,38.0,LOGAN,47,55368000,-0.28,-0.26
2017,NORTH DAKOTA,38.0,MCINTOSH,51,53703000,-0.82,-0.75
2017,NORTH DAKOTA,38.0,RANSOM,73,137681000,-1.52,-1.52
2017,NORTH DAKOTA,38.0,RICHLAND,77,354985000,-0.96,-0.98
2017,NORTH DAKOTA,38.0,SARGENT,81,188725000,-0.93,-0.88
2017,NORTH DAKOTA,38.0,ADAMS,1,30430000,-0.32,-0.27
2017,NORTH DAKOTA,38.0,BILLINGS,7,5667000,-1.0,-0.96
2017,NORTH DAKOTA,38.0,BOWMAN,11,19553000,-0.86,-0.87
2017,NORTH DAKOTA,38.0,GOLDEN VALLEY,33,20849000,-0.96,-0.97
2017,NORTH DAKOTA,38.0,HETTINGER,41,53282000,-0.62,-0.61
2017,NORTH DAKOTA,38.0,SLOPE,87,19787000,-0.84,-0.82
2017,NORTH DAKOTA,38.0,STARK,89,43552000,-0.88,-0.84
2017,NORTH DAKOTA,38.0,DUNN,25,27704000,-0.34,-0.31
2017,NORTH DAKOTA,38.0,MCKENZIE,53,50179000,-0.42,-0.41
2017,NORTH DAKOTA,38.0,MCLEAN,55,150812000,-1.59,-1.6
2017,NORTH DAKOTA,38.0,MERCER,57,25030000,-1.18,-1.17
2017,NORTH DAKOTA,38.0,OLIVER,65,21911000,-1.01,-0.98
2017,OHIO,39.0,DELAWARE,41,77444000,-0.62,-0.61
2017,OHIO,39.0,FAIRFIELD,45,77395000,-0.39,-0.45
2017,OHIO,39.0,FAYETTE,47,106015000,-0.28,-0.26
2017,OHIO,39.0,FRANKLIN,49,44401000,-1.25,-1.22
2017,OHIO,39.0,KNOX,83,62206000,-1.07,-1.04
2017,OHIO,39.0,LICKING,89,83598000,-0.88,-0.84
2017,OHIO,39.0,MADISON,97,125443000,-0.08,-0.11
2017,OHIO,39.0,MARION,101,86277000,-0.73,-0.71
2017,OHIO,39.0,MORROW,117,61525000,-1.39,-1.36
2017,OHIO,39.0,PICKAWAY,129,148594000,-0.28,-0.31
2017,OHIO,39.0,ROSS,141,66744000,-0.25,-0.25
2017,OHIO,39.0,UNION,159,103467000,-1.41,-1.51
2017,OHIO,39.0,BELMONT,13,5887000,-0.41,-0.36
2017,OHIO,39.0,CARROLL,19,18942000,-1.56,-1.53
2017,OHIO,39.0,COSHOCTON,31,33266000,-0.47,-0.52
2017,OHIO,39.0,HARRISON,67,7831000,-0.57,-0.59
2017,OHIO,39.0,HOLMES,75,33467000,-1.12,-1.08
2017,OHIO,39.0,JEFFERSON,81,4228000,-0.93,-0.88
2017,OHIO,39.0,TUSCARAWAS,157,21505000,-1.78,-1.79
2017,OHIO,39.0,ASHLAND,5,44201000,-0.85,-0.86
2017,OHIO,39.0,CRAWFORD,33,116129000,-0.96,-0.97
2017,OHIO,39.0,ERIE,43,86949000,-1.38,-1.41
2017,OHIO,39.0,HURON,77,134900000,-0.96,-0.98
2017,OHIO,39.0,LORAIN,93,116621000,-0.83,-0.82
2017,OHIO,39.0,OTTAWA,123,55036000,-1.07,-1.01
2017,OHIO,39.0,RICHLAND,139,50084000,0.5,0.51
2017,OHIO,39.0,SANDUSKY,143,91797000,-0.9,-0.9
2017,OHIO,39.0,SENECA,147,115532000,-0.59,-0.6
2017,OHIO,39.0,WYANDOT,175,97545000,-0.96,-1.06
2017,OHIO,39.0,ASHTABULA,7,38304000,-1.0,-0.96
2017,OHIO,39.0,COLUMBIANA,29,34544000,-1.79,-1.79
2017,OHIO,39.0,CUYAHOGA,35,6138000,-0.28,-0.22
2017,OHIO,39.0,GEAUGA,55,17473000,-1.59,-1.6
2017,OHIO,39.0,LAKE,85,72643000,-0.51,-0.53
2017,OHIO,39.0,MAHONING,99,24543000,-0.33,-0.26
2017,OHIO,39.0,MEDINA,103,38203000,-1.19,-1.18
2017,OHIO,39.0,PORTAGE,133,24473000,-1.02,-1.05
2017,OHIO,39.0,STARK,151,40606000,-1.53,-1.56
2017,OHIO,39.0,SUMMIT,153,8631000,-1.0,-1.06
2017,OHIO,39.0,TRUMBULL,155,36118000,-0.35,-0.39
2017,OHIO,39.0,WAYNE,169,81357000,-1.28,-1.35
2017,OHIO,39.0,ALLEN,3,85838000,-0.07,-0.08
2017,OHIO,39.0,DEFIANCE,39,80238000,-0.47,-0.47
2017,OHIO,39.0,FULTON,51,122932000,-0.82,-0.75
2017,OHIO,39.0,HANCOCK,63,108759000,-1.01,-0.99
2017,OHIO,39.0,HENRY,69,116955000,-0.11,-0.17
2017,OHIO,39.0,LUCAS,95,47182000,-1.42,-1.43
2017,OHIO,39.0,PAULDING,125,80377000,-1.23,-1.22
2017,OHIO,39.0,PUTNAM,137,139440000,-0.15,-0.15
2017,OHIO,39.0,VAN WERT,161,123500000,-0.44,-0.49
2017,OHIO,39.0,WILLIAMS,171,81114000,-1.28,-1.3
2017,OHIO,39.0,WOOD,173,126418000,-0.15,-0.2
2017,OHIO,39.0,ADAMS,1,25082000,-0.32,-0.27
2017,OHIO,39.0,BROWN,15,63137000,-1.8,-1.8
2017,OHIO,39.0,GALLIA,53,9296000,-0.42,-0.41
2017,OHIO,39.0,HIGHLAND,71,94697000,-1.42,-1.38
2017,OHIO,39.0,JACKSON,79,5199000,-0.91,-0.94
2017,OHIO,39.0,LAWRENCE,87,2413000,-0.84,-0.82
2017,OHIO,39.0,PIKE,131,22680000,-0.42,-0.39
2017,OHIO,39.0,SCIOTO,145,13938000,-0.64,-0.59
2017,OHIO,39.0,ATHENS,9,5758000,-1.83,-1.87
2017,OHIO,39.0,GUERNSEY,59,10612000,-0.89,-0.87
2017,OHIO,39.0,HOCKING,73,4101000,-1.52,-1.52
2017,OHIO,39.0,MEIGS,105,10718000,-0.67,-0.61
2017,OHIO,39.0,MONROE,111,4892000,-1.34,-1.32
2017,OHIO,39.0,MORGAN,115,7158000,-1.77,-1.81
2017,OHIO,39.0,MUSKINGUM,119,28770000,-1.17,-1.12
2017,OHIO,39.0,NOBLE,121,2649000,-1.25,-1.25
2017,OHIO,39.0,PERRY,127,23119000,-1.28,-1.3
2017,OHIO,39.0,VINTON,163,4572000,-0.56,-0.67
2017,OHIO,39.0,WASHINGTON,167,23320000,-0.76,-0.88
2017,OHIO,39.0,BUTLER,17,40795000,-1.13,-1.08
2017,OHIO,39.0,CLERMONT,25,28445000,-0.34,-0.31
2017,OHIO,39.0,CLINTON,27,107673000,-1.26,-1.27
2017,OHIO,39.0,GREENE,57,88117000,-1.18,-1.17
2017,OHIO,39.0,HAMILTON,61,14001000,-0.1,-0.16
2017,OHIO,39.0,MONTGOMERY,113,69305000,-0.9,-0.88
2017,OHIO,39.0,PREBLE,135,98167000,0.16,0.12
2017,OHIO,39.0,WARREN,165,44718000,-0.39,-0.47
2017,OHIO,39.0,AUGLAIZE,11,98009000,-0.86,-0.87
2017,OHIO,39.0,CHAMPAIGN,21,99156000,-0.6,-0.54
2017,OHIO,39.0,CLARK,23,100167000,-1.03,-1.06
2017,OHIO,39.0,DARKE,37,161414000,-0.88,-0.81
2017,OHIO,39.0,HARDIN,65,107220000,-1.01,-0.98
2017,OHIO,39.0,LOGAN,91,86117000,-0.72,-0.71
2017,OHIO,39.0,MERCER,107,123310000,-1.01,-0.97
2017,OHIO,39.0,MIAMI,109,92006000,-0.73,-0.76
2017,OHIO,39.0,SHELBY,149,92711000,-0.72,-0.73
2017,OKLAHOMA,40.0,CANADIAN,17,28289000,-1.13,-1.08
2017,OKLAHOMA,40.0,CLEVELAND,27,7451000,-1.26,-1.27
2017,OKLAHOMA,40.0,CREEK,37,3039000,-0.88,-0.81
2017,OKLAHOMA,40.0,GRADY,51,22356000,-0.82,-0.75
2017,OKLAHOMA,40.0,KINGFISHER,73,31322000,-1.52,-1.52
2017,OKLAHOMA,40.0,LINCOLN,81,9776000,-0.93,-0.88
2017,OKLAHOMA,40.0,LOGAN,83,16204000,-1.07,-1.04
2017,OKLAHOMA,40.0,MCCLAIN,87,10517000,-0.84,-0.82
2017,OKLAHOMA,40.0,OKFUSKEE,107,5719000,-1.01,-0.97
2017,OKLAHOMA,40.0,OKLAHOMA,109,14604000,-0.73,-0.76
2017,OKLAHOMA,40.0,PAYNE,119,4645000,-1.17,-1.12
2017,OKLAHOMA,40.0,POTTAWATOMIE,125,7247000,-1.23,-1.22
2017,OKLAHOMA,40.0,SEMINOLE,133,2553000,-1.02,-1.05
2017,OKLAHOMA,40.0,ADAIR,1,3286000,-0.32,-0.27
2017,OKLAHOMA,40.0,CHEROKEE,21,30105000,-0.6,-0.54
2017,OKLAHOMA,40.0,HASKELL,61,2600000,-0.1,-0.16
2017,OKLAHOMA,40.0,HUGHES,63,3001000,-1.01,-0.99
2017,OKLAHOMA,40.0,MCINTOSH,91,1876000,-0.72,-0.71
2017,OKLAHOMA,40.0,MUSKOGEE,101,13613000,-0.73,-0.71
2017,OKLAHOMA,40.0,OKMULGEE,111,6292000,-1.34,-1.32
2017,OKLAHOMA,40.0,PITTSBURG,121,4447000,-1.25,-1.25
2017,OKLAHOMA,40.0,SEQUOYAH,135,14361000,0.16,0.12
2017,OKLAHOMA,40.0,ALFALFA,3,41490000,-0.07,-0.08
2017,OKLAHOMA,40.0,GARFIELD,47,62699000,-0.28,-0.26
2017,OKLAHOMA,40.0,GRANT,53,61531000,-0.42,-0.41
2017,OKLAHOMA,40.0,KAY,71,60022000,-1.42,-1.38
2017,OKLAHOMA,40.0,MAJOR,93,25773000,-0.83,-0.82
2017,OKLAHOMA,40.0,NOBLE,103,25010000,-1.19,-1.18
2017,OKLAHOMA,40.0,WOODS,151,18569000,-1.53,-1.56
2017,OKLAHOMA,40.0,WOODWARD,153,5672000,-1.0,-1.06
2017,OKLAHOMA,40.0,CRAIG,35,10426000,-0.28,-0.22
2017,OKLAHOMA,40.0,DELAWARE,41,6242000,-0.62,-0.61
2017,OKLAHOMA,40.0,MAYES,97,7435000,-0.08,-0.11
2017,OKLAHOMA,40.0,NOWATA,105,5978000,-0.67,-0.61
2017,OKLAHOMA,40.0,OSAGE,113,9475000,-0.9,-0.88
2017,OKLAHOMA,40.0,OTTAWA,115,69577000,-1.77,-1.81
2017,OKLAHOMA,40.0,PAWNEE,117,5849000,-1.39,-1.36
2017,OKLAHOMA,40.0,ROGERS,131,7395000,-0.42,-0.39
2017,OKLAHOMA,40.0,TULSA,143,16350000,-0.9,-0.9
2017,OKLAHOMA,40.0,WAGONER,145,30217000,-0.64,-0.59
2017,OKLAHOMA,40.0,WASHINGTON,147,6535000,-0.59,-0.6
2017,OKLAHOMA,40.0,BEAVER,7,19413000,-1.0,-0.96
2017,OKLAHOMA,40.0,CIMARRON,25,56470000,-0.34,-0.31
2017,OKLAHOMA,40.0,ELLIS,45,4746000,-0.39,-0.45
2017,OKLAHOMA,40.0,HARPER,59,6029000,-0.89,-0.87
2017,OKLAHOMA,40.0,TEXAS,139,125201000,0.5,0.51
2017,OKLAHOMA,40.0,ATOKA,5,3339000,-0.85,-0.86
2017,OKLAHOMA,40.0,BRYAN,13,20811000,-0.41,-0.36
2017,OKLAHOMA,40.0,CARTER,19,6404000,-1.56,-1.53
2017,OKLAHOMA,40.0,COAL,29,4022000,-1.79,-1.79
2017,OKLAHOMA,40.0,GARVIN,49,16924000,-1.25,-1.22
2017,OKLAHOMA,40.0,JEFFERSON,67,3735000,-0.57,-0.59
2017,OKLAHOMA,40.0,JOHNSTON,69,3466000,-0.11,-0.17
2017,OKLAHOMA,40.0,LOVE,85,3781000,-0.51,-0.53
2017,OKLAHOMA,40.0,MARSHALL,95,1949000,-1.42,-1.43
2017,OKLAHOMA,40.0,MURRAY,99,1599000,-0.33,-0.26
2017,OKLAHOMA,40.0,PONTOTOC,123,4323000,-1.07,-1.01
2017,OKLAHOMA,40.0,STEPHENS,137,4399000,-0.15,-0.15
2017,OKLAHOMA,40.0,CHOCTAW,23,5324000,-1.03,-1.06
2017,OKLAHOMA,40.0,LATIMER,77,1655000,-0.96,-0.98
2017,OKLAHOMA,40.0,LEFLORE,79,11570000,-0.91,-0.94
2017,OKLAHOMA,40.0,MCCURTAIN,89,11346000,-0.88,-0.84
2017,OKLAHOMA,40.0,PUSHMATAHA,127,928000,-1.28,-1.3
2017,OKLAHOMA,40.0,CADDO,15,49449000,-1.8,-1.8
2017,OKLAHOMA,40.0,COMANCHE,31,15422000,-0.47,-0.52
2017,OKLAHOMA,40.0,COTTON,33,10891000,-0.96,-0.97
2017,OKLAHOMA,40.0,GREER,55,14617000,-1.59,-1.6
2017,OKLAHOMA,40.0,HARMON,57,28917000,-1.18,-1.17
2017,OKLAHOMA,40.0,JACKSON,65,98859000,-1.01,-0.98
2017,OKLAHOMA,40.0,KIOWA,75,38609000,-1.12,-1.08
2017,OKLAHOMA,40.0,TILLMAN,141,79044000,-0.25,-0.25
2017,OKLAHOMA,40.0,BECKHAM,9,26358000,-1.83,-1.87
2017,OKLAHOMA,40.0,BLAINE,11,24882000,-0.86,-0.87
2017,OKLAHOMA,40.0,CUSTER,39,27743000,-0.47,-0.47
2017,OKLAHOMA,40.0,DEWEY,43,7706000,-1.38,-1.41
2017,OKLAHOMA,40.0,ROGER MILLS,129,10425000,-0.28,-0.31
2017,OKLAHOMA,40.0,WASHITA,149,46844000,-0.72,-0.73
2017,OREGON,41.0,GILLIAM,21,18616000,-0.6,-0.54
2017,OREGON,41.0,HOOD RIVER,27,125136000,-1.26,-1.27
2017,OREGON,41.0,MORROW,49,190739000,-1.25,-1.22
2017,OREGON,41.0,SHERMAN,55,31665000,-1.59,-1.6
2017,OREGON,41.0,WASCO,65,80061000,-1.01,-0.98
2017,OREGON,41.0,BAKER,1,33135000,-0.32,-0.27
2017,OREGON,41.0,UMATILLA,59,294021000,-0.89,-0.87
2017,OREGON,41.0,UNION,61,41980000,-0.1,-0.16
2017,OREGON,41.0,WALLOWA,63,15693000,-1.01,-0.99
2017,OREGON,41.0,BENTON,3,63226000,-0.07,-0.08
2017,OREGON,41.0,CLACKAMAS,5,308376000,-0.85,-0.86
2017,OREGON,41.0,CLATSOP,7,1307000,-1.0,-0.96
2017,OREGON,41.0,LANE,39,91854000,-0.47,-0.47
2017,OREGON,41.0,LINN,43,181353000,-1.38,-1.41
2017,OREGON,41.0,MARION,47,603365000,-0.28,-0.26
2017,OREGON,41.0,MULTNOMAH,51,71462000,-0.82,-0.75
2017,OREGON,41.0,POLK,53,104000000,-0.42,-0.41
2017,OREGON,41.0,TILLAMOOK,57,2010000,-1.18,-1.17
2017,OREGON,41.0,WASHINGTON,67,193914000,-0.57,-0.59
2017,OREGON,41.0,YAMHILL,71,253787000,-1.42,-1.38
2017,OREGON,41.0,CROOK,13,12094000,-0.41,-0.36
2017,OREGON,41.0,DESCHUTES,17,16543000,-1.13,-1.08
2017,OREGON,41.0,GRANT,23,3291000,-1.03,-1.06
2017,OREGON,41.0,HARNEY,25,29601000,-0.34,-0.31
2017,OREGON,41.0,JEFFERSON,31,54792000,-0.47,-0.52
2017,OREGON,41.0,KLAMATH,35,101572000,-0.28,-0.22
2017,OREGON,41.0,LAKE,37,44744000,-0.88,-0.81
2017,OREGON,41.0,MALHEUR,45,169159000,-0.39,-0.45
2017,OREGON,41.0,WHEELER,69,3702000,-0.11,-0.17
2017,OREGON,41.0,COOS,11,8254000,-0.86,-0.87
2017,OREGON,41.0,CURRY,15,8699000,-1.8,-1.8
2017,OREGON,41.0,DOUGLAS,19,27408000,-1.56,-1.53
2017,OREGON,41.0,JACKSON,29,53044000,-1.79,-1.79
2017,OREGON,41.0,JOSEPHINE,33,8605000,-0.96,-0.97
2017,PENNSYLVANIA,42.0,BLAIR,13,16904000,-0.41,-0.36
2017,PENNSYLVANIA,42.0,CAMBRIA,21,18076000,-0.6,-0.54
2017,PENNSYLVANIA,42.0,CENTRE,27,32287000,-1.26,-1.27
2017,PENNSYLVANIA,42.0,CLEARFIELD,33,7559000,-0.96,-0.97
2017,PENNSYLVANIA,42.0,COLUMBIA,37,37797000,-0.88,-0.81
2017,PENNSYLVANIA,42.0,DAUPHIN,43,27160000,-1.38,-1.41
2017,PENNSYLVANIA,42.0,HUNTINGDON,61,20224000,-0.1,-0.16
2017,PENNSYLVANIA,42.0,JUNIATA,67,22232000,-0.57,-0.59
2017,PENNSYLVANIA,42.0,MIFFLIN,87,16780000,-0.84,-0.82
2017,PENNSYLVANIA,42.0,MONTOUR,93,25536000,-0.83,-0.82
2017,PENNSYLVANIA,42.0,NORTHUMBERLAND,97,58760000,-0.08,-0.11
2017,PENNSYLVANIA,42.0,PERRY,99,31640000,-0.33,-0.26
2017,PENNSYLVANIA,42.0,SNYDER,109,32339000,-0.73,-0.76
2017,PENNSYLVANIA,42.0,UNION,119,18729000,-1.17,-1.12
2017,PENNSYLVANIA,42.0,CARBON,25,11424000,-0.34,-0.31
2017,PENNSYLVANIA,42.0,LEHIGH,77,57259000,-0.96,-0.98
2017,PENNSYLVANIA,42.0,LUZERNE,79,13287000,-0.91,-0.94
2017,PENNSYLVANIA,42.0,MONROE,89,6421000,-0.88,-0.84
2017,PENNSYLVANIA,42.0,NORTHAMPTON,95,27588000,-1.42,-1.43
2017,PENNSYLVANIA,42.0,PIKE,103,446000,-1.19,-1.18
2017,PENNSYLVANIA,42.0,SCHUYLKILL,107,66752000,-1.01,-0.97
2017,PENNSYLVANIA,42.0,BRADFORD,15,37581000,-1.8,-1.8
2017,PENNSYLVANIA,42.0,CAMERON,23,363000,-1.03,-1.06
2017,PENNSYLVANIA,42.0,CLINTON,35,13082000,-0.28,-0.22
2017,PENNSYLVANIA,42.0,ELK,47,2019000,-0.28,-0.26
2017,PENNSYLVANIA,42.0,LYCOMING,81,30663000,-0.93,-0.88
2017,PENNSYLVANIA,42.0,MCKEAN,83,2833000,-1.07,-1.04
2017,PENNSYLVANIA,42.0,POTTER,105,10743000,-0.67,-0.61
2017,PENNSYLVANIA,42.0,SULLIVAN,113,3824000,-0.9,-0.88
2017,PENNSYLVANIA,42.0,TIOGA,117,25700000,-1.39,-1.36
2017,PENNSYLVANIA,42.0,LACKAWANNA,69,9951000,-0.11,-0.17
2017,PENNSYLVANIA,42.0,SUSQUEHANNA,115,14678000,-1.77,-1.81
2017,PENNSYLVANIA,42.0,WAYNE,127,9281000,-1.28,-1.3
2017,PENNSYLVANIA,42.0,WYOMING,131,6563000,-0.42,-0.39
2017,PENNSYLVANIA,42.0,CRAWFORD,39,42733000,-0.47,-0.47
2017,PENNSYLVANIA,42.0,ERIE,49,62663000,-1.25,-1.22
2017,PENNSYLVANIA,42.0,FOREST,53,302000,-0.42,-0.41
2017,PENNSYLVANIA,42.0,MERCER,85,35416000,-0.51,-0.53
2017,PENNSYLVANIA,42.0,VENANGO,121,8707000,-1.25,-1.25
2017,PENNSYLVANIA,42.0,WARREN,123,5589000,-1.07,-1.01
2017,PENNSYLVANIA,42.0,ADAMS,1,112433000,-0.32,-0.27
2017,PENNSYLVANIA,42.0,BEDFORD,9,36644000,-1.83,-1.87
2017,PENNSYLVANIA,42.0,CUMBERLAND,41,62879000,-0.62,-0.61
2017,PENNSYLVANIA,42.0,FRANKLIN,55,91475000,-1.59,-1.6
2017,PENNSYLVANIA,42.0,FULTON,57,12253000,-1.18,-1.17
2017,PENNSYLVANIA,42.0,YORK,133,134898000,-1.02,-1.05
2017,PENNSYLVANIA,42.0,BERKS,11,243155000,-0.86,-0.87
2017,PENNSYLVANIA,42.0,BUCKS,17,54893000,-1.13,-1.08
2017,PENNSYLVANIA,42.0,CHESTER,29,570929000,-1.79,-1.79
2017,PENNSYLVANIA,42.0,DELAWARE,45,9281000,-0.39,-0.45
2017,PENNSYLVANIA,42.0,LANCASTER,71,231302000,-1.42,-1.38
2017,PENNSYLVANIA,42.0,LEBANON,75,37175000,-1.12,-1.08
2017,PENNSYLVANIA,42.0,MONTGOMERY,91,26130000,-0.72,-0.71
2017,PENNSYLVANIA,42.0,PHILADELPHIA,101,265000,-0.73,-0.71
2017,PENNSYLVANIA,42.0,ALLEGHENY,3,12368000,-0.07,-0.08
2017,PENNSYLVANIA,42.0,FAYETTE,51,16180000,-0.82,-0.75
2017,PENNSYLVANIA,42.0,GREENE,59,8425000,-0.89,-0.87
2017,PENNSYLVANIA,42.0,SOMERSET,111,36364000,-1.34,-1.32
2017,PENNSYLVANIA,42.0,WASHINGTON,125,23794000,-1.23,-1.22
2017,PENNSYLVANIA,42.0,WESTMORELAND,129,33648000,-0.28,-0.31
2017,PENNSYLVANIA,42.0,ARMSTRONG,5,23005000,-0.85,-0.86
2017,PENNSYLVANIA,42.0,BEAVER,7,14486000,-1.0,-0.96
2017,PENNSYLVANIA,42.0,BUTLER,19,32164000,-1.56,-1.53
2017,PENNSYLVANIA,42.0,CLARION,31,13259000,-0.47,-0.52
2017,PENNSYLVANIA,42.0,INDIANA,63,41829000,-1.01,-0.99
2017,PENNSYLVANIA,42.0,JEFFERSON,65,11280000,-1.01,-0.98
2017,PENNSYLVANIA,42.0,LAWRENCE,73,18919000,-1.52,-1.52
2017,RHODE ISLAND,44.0,BRISTOL,1,374000,-0.32,-0.27
2017,RHODE ISLAND,44.0,KENT,3,2315000,-0.07,-0.08
2017,RHODE ISLAND,44.0,NEWPORT,5,12093000,-0.85,-0.86
2017,RHODE ISLAND,44.0,PROVIDENCE,7,9033000,-1.0,-0.96
2017,RHODE ISLAND,44.0,WASHINGTON,9,17095000,-1.83,-1.87
2017,SOUTH CAROLINA,45.0,CALHOUN,17,59013000,-1.13,-1.08
2017,SOUTH CAROLINA,45.0,CLARENDON,27,51392000,-1.26,-1.27
2017,SOUTH CAROLINA,45.0,LEE,61,36550000,-0.1,-0.16
2017,SOUTH CAROLINA,45.0,LEXINGTON,63,72143000,-1.01,-0.99
2017,SOUTH CAROLINA,45.0,ORANGEBURG,75,107201000,-1.12,-1.08
2017,SOUTH CAROLINA,45.0,RICHLAND,79,14355000,-0.91,-0.94
2017,SOUTH CAROLINA,45.0,SUMTER,85,49955000,-0.51,-0.53
2017,SOUTH CAROLINA,45.0,CHESTERFIELD,25,19467000,-0.34,-0.31
2017,SOUTH CAROLINA,45.0,DARLINGTON,31,49040000,-0.47,-0.52
2017,SOUTH CAROLINA,45.0,DILLON,33,32273000,-0.96,-0.97
2017,SOUTH CAROLINA,45.0,FLORENCE,41,44180000,-0.62,-0.61
2017,SOUTH CAROLINA,45.0,GEORGETOWN,43,9107000,-1.38,-1.41
2017,SOUTH CAROLINA,45.0,HORRY,51,71094000,-0.82,-0.75
2017,SOUTH CAROLINA,45.0,MARION,67,12345000,-0.57,-0.59
2017,SOUTH CAROLINA,45.0,MARLBORO,69,30433000,-0.11,-0.17
2017,SOUTH CAROLINA,45.0,WILLIAMSBURG,89,40967000,-0.88,-0.84
2017,SOUTH CAROLINA,45.0,CHESTER,23,6959000,-1.03,-1.06
2017,SOUTH CAROLINA,45.0,FAIRFIELD,39,1701000,-0.47,-0.47
2017,SOUTH CAROLINA,45.0,KERSHAW,55,3122000,-1.59,-1.6
2017,SOUTH CAROLINA,45.0,LANCASTER,57,3508000,-1.18,-1.17
2017,SOUTH CAROLINA,45.0,YORK,91,63488000,-0.72,-0.71
2017,SOUTH CAROLINA,45.0,ANDERSON,7,10037000,-1.0,-0.96
2017,SOUTH CAROLINA,45.0,CHEROKEE,21,8950000,-0.6,-0.54
2017,SOUTH CAROLINA,45.0,GREENVILLE,45,10072000,-0.39,-0.45
2017,SOUTH CAROLINA,45.0,LAURENS,59,9212000,-0.89,-0.87
2017,SOUTH CAROLINA,45.0,OCONEE,73,4582000,-1.52,-1.52
2017,SOUTH CAROLINA,45.0,PICKENS,77,3728000,-0.96,-0.98
2017,SOUTH CAROLINA,45.0,SPARTANBURG,83,21491000,-1.07,-1.04
2017,SOUTH CAROLINA,45.0,UNION,87,1072000,-0.84,-0.82
2017,SOUTH CAROLINA,45.0,ALLENDALE,5,12545000,-0.85,-0.86
2017,SOUTH CAROLINA,45.0,BAMBERG,9,22926000,-1.83,-1.87
2017,SOUTH CAROLINA,45.0,BARNWELL,11,15272000,-0.86,-0.87
2017,SOUTH CAROLINA,45.0,BEAUFORT,13,19216000,-0.41,-0.36
2017,SOUTH CAROLINA,45.0,BERKELEY,15,4308000,-1.8,-1.8
2017,SOUTH CAROLINA,45.0,CHARLESTON,19,18721000,-1.56,-1.53
2017,SOUTH CAROLINA,45.0,COLLETON,29,15626000,-1.79,-1.79
2017,SOUTH CAROLINA,45.0,DORCHESTER,35,14641000,-0.28,-0.22
2017,SOUTH CAROLINA,45.0,HAMPTON,49,30155000,-1.25,-1.22
2017,SOUTH CAROLINA,45.0,ABBEVILLE,1,1436000,-0.32,-0.27
2017,SOUTH CAROLINA,45.0,AIKEN,3,29141000,-0.07,-0.08
2017,SOUTH CAROLINA,45.0,EDGEFIELD,37,25108000,-0.88,-0.81
2017,SOUTH CAROLINA,45.0,GREENWOOD,47,1721000,-0.28,-0.26
2017,SOUTH CAROLINA,45.0,NEWBERRY,71,6136000,-1.42,-1.38
2017,SOUTH CAROLINA,45.0,SALUDA,81,18874000,-0.93,-0.88
2017,SOUTH DAKOTA,46.0,AURORA,3,64497000,-0.07,-0.08
2017,SOUTH DAKOTA,46.0,BEADLE,5,167053000,-0.85,-0.86
2017,SOUTH DAKOTA,46.0,BRULE,15,49970000,-1.8,-1.8
2017,SOUTH DAKOTA,46.0,BUFFALO,17,16679000,-1.13,-1.08
2017,SOUTH DAKOTA,46.0,HAND,59,142419000,-0.89,-0.87
2017,SOUTH DAKOTA,46.0,HUGHES,65,43540000,-1.01,-0.98
2017,SOUTH DAKOTA,46.0,HYDE,69,38003000,-0.11,-0.17
2017,SOUTH DAKOTA,46.0,JERAULD,73,50832000,-1.52,-1.52
2017,SOUTH DAKOTA,46.0,SULLY,119,101848000,-1.17,-1.12
2017,SOUTH DAKOTA,46.0,BROOKINGS,11,126076000,-0.86,-0.87
2017,SOUTH DAKOTA,46.0,DAVISON,35,66080000,-0.28,-0.22
2017,SOUTH DAKOTA,46.0,HANSON,61,82082000,-0.1,-0.16
2017,SOUTH DAKOTA,46.0,KINGSBURY,77,144503000,-0.96,-0.98
2017,SOUTH DAKOTA,46.0,LAKE,79,99465000,-0.91,-0.94
2017,SOUTH DAKOTA,46.0,MCCOOK,87,122696000,-0.84,-0.82
2017,SOUTH DAKOTA,46.0,MINER,97,71351000,-0.08,-0.11
2017,SOUTH DAKOTA,46.0,MINNEHAHA,99,149458000,-0.33,-0.26
2017,SOUTH DAKOTA,46.0,MOODY,101,103345000,-0.73,-0.71
2017,SOUTH DAKOTA,46.0,SANBORN,111,52001000,-1.34,-1.32
2017,SOUTH DAKOTA,46.0,BROWN,13,293761000,-0.41,-0.36
2017,SOUTH DAKOTA,46.0,CAMPBELL,21,55364000,-0.6,-0.54
2017,SOUTH DAKOTA,46.0,EDMUNDS,45,153630000,-0.39,-0.45
2017,SOUTH DAKOTA,46.0,FAULK,49,108093000,-1.25,-1.22
2017,SOUTH DAKOTA,46.0,MCPHERSON,89,63407000,-0.88,-0.84
2017,SOUTH DAKOTA,46.0,POTTER,107,83510000,-1.01,-0.97
2017,SOUTH DAKOTA,46.0,SPINK,115,281707000,-1.77,-1.81
2017,SOUTH DAKOTA,46.0,WALWORTH,129,61045000,-0.28,-0.31
2017,SOUTH DAKOTA,46.0,CLARK,25,148899000,-0.34,-0.31
2017,SOUTH DAKOTA,46.0,CODINGTON,29,88966000,-1.79,-1.79
2017,SOUTH DAKOTA,46.0,DAY,37,152480000,-0.88,-0.81
2017,SOUTH DAKOTA,46.0,DEUEL,39,70035000,-0.47,-0.47
2017,SOUTH DAKOTA,46.0,GRANT,51,118509000,-0.82,-0.75
2017,SOUTH DAKOTA,46.0,HAMLIN,57,97218000,-1.18,-1.17
2017,SOUTH DAKOTA,46.0,MARSHALL,91,107979000,-0.72,-0.71
2017,SOUTH DAKOTA,46.0,ROBERTS,109,159659000,-0.73,-0.76
2017,SOUTH DAKOTA,46.0,BUTTE,19,8473000,-1.56,-1.53
2017,SOUTH DAKOTA,46.0,CORSON,31,33492000,-0.47,-0.52
2017,SOUTH DAKOTA,46.0,DEWEY,41,13658000,-0.62,-0.61
2017,SOUTH DAKOTA,46.0,HARDING,63,7584000,-1.01,-0.99
2017,SOUTH DAKOTA,46.0,PERKINS,105,12404000,-0.67,-0.61
2017,SOUTH DAKOTA,46.0,ZIEBACH,137,21236000,-0.15,-0.15
2017,SOUTH DAKOTA,46.0,GREGORY,53,42683000,-0.42,-0.41
2017,SOUTH DAKOTA,46.0,JONES,75,32162000,-1.12,-1.08
2017,SOUTH DAKOTA,46.0,LYMAN,85,54336000,-0.51,-0.53
2017,SOUTH DAKOTA,46.0,MELLETTE,95,8380000,-1.42,-1.43
2017,SOUTH DAKOTA,46.0,TODD,121,6130000,-1.25,-1.25
2017,SOUTH DAKOTA,46.0,TRIPP,123,50219000,-1.07,-1.01
2017,SOUTH DAKOTA,46.0,BON HOMME,9,77984000,-1.83,-1.87
2017,SOUTH DAKOTA,46.0,CHARLES MIX,23,119962000,-1.03,-1.06
2017,SOUTH DAKOTA,46.0,CLAY,27,99657000,-1.26,-1.27
2017,SOUTH DAKOTA,46.0,DOUGLAS,43,64277000,-1.38,-1.41
2017,SOUTH DAKOTA,46.0,HUTCHINSON,67,131153000,-0.57,-0.59
2017,SOUTH DAKOTA,46.0,LINCOLN,83,122460000,-1.07,-1.04
2017,SOUTH DAKOTA,46.0,TURNER,125,162925000,-1.23,-1.22
2017,SOUTH DAKOTA,46.0,UNION,127,134284000,-1.28,-1.3
2017,SOUTH DAKOTA,46.0,YANKTON,135,105817000,0.16,0.12
2017,SOUTH DAKOTA,46.0,BENNETT,7,26736000,-1.0,-0.96
2017,SOUTH DAKOTA,46.0,CUSTER,33,1955000,-0.96,-0.97
2017,SOUTH DAKOTA,46.0,FALL RIVER,47,3250000,-0.28,-0.26
2017,SOUTH DAKOTA,46.0,OGLALA LAKOTA,102,7753000,0.06,-0.43
2017,SOUTH DAKOTA,46.0,HAAKON,55,25569000,-1.59,-1.6
2017,SOUTH DAKOTA,46.0,JACKSON,71,7581000,-1.42,-1.38
2017,SOUTH DAKOTA,46.0,LAWRENCE,81,1936000,-0.93,-0.88
2017,SOUTH DAKOTA,46.0,MEADE,93,11324000,-0.83,-0.82
2017,SOUTH DAKOTA,46.0,PENNINGTON,103,16957000,-1.19,-1.18
2017,SOUTH DAKOTA,46.0,STANLEY,117,18062000,-1.39,-1.36
2017,TENNESSEE,47.0,BEDFORD,3,21680000,-0.07,-0.08
2017,TENNESSEE,47.0,CANNON,15,13713000,-1.8,-1.8
2017,TENNESSEE,47.0,CLAY,27,5515000,-1.26,-1.27
2017,TENNESSEE,47.0,DAVIDSON,37,8710000,-0.88,-0.81
2017,TENNESSEE,47.0,DE KALB,41,20354000,-0.62,-0.61
2017,TENNESSEE,47.0,GILES,55,18729000,-1.59,-1.6
2017,TENNESSEE,47.0,JACKSON,87,1771000,-0.84,-0.82
2017,TENNESSEE,47.0,LINCOLN,103,38639000,-1.19,-1.18
2017,TENNESSEE,47.0,MACON,111,27585000,-1.34,-1.32
2017,TENNESSEE,47.0,MARSHALL,117,10559000,-1.39,-1.36
2017,TENNESSEE,47.0,MAURY,119,22022000,-1.17,-1.12
2017,TENNESSEE,47.0,MOORE,127,1145000,-1.28,-1.3
2017,TENNESSEE,47.0,RUTHERFORD,149,15666000,-0.72,-0.73
2017,TENNESSEE,47.0,SMITH,159,14879000,-1.41,-1.51
2017,TENNESSEE,47.0,SUMNER,165,24414000,-0.39,-0.47
2017,TENNESSEE,47.0,TROUSDALE,169,1210000,-1.28,-1.35
2017,TENNESSEE,47.0,WILLIAMSON,187,18274000,-1.79,-1.76
2017,TENNESSEE,47.0,WILSON,189,6065000,-1.1,-1.2
2017,TENNESSEE,47.0,BLEDSOE,7,10647000,-1.0,-0.96
2017,TENNESSEE,47.0,COFFEE,31,40284000,-0.47,-0.52
2017,TENNESSEE,47.0,CUMBERLAND,35,21970000,-0.28,-0.22
2017,TENNESSEE,47.0,FENTRESS,49,4864000,-1.25,-1.22
2017,TENNESSEE,47.0,FRANKLIN,51,32257000,-0.82,-0.75
2017,TENNESSEE,47.0,GRUNDY,61,11037000,-0.1,-0.16
2017,TENNESSEE,47.0,MARION,115,5779000,-1.77,-1.81
2017,TENNESSEE,47.0,MORGAN,129,2367000,-0.28,-0.31
2017,TENNESSEE,47.0,OVERTON,133,17820000,-1.02,-1.05
2017,TENNESSEE,47.0,PICKETT,137,1103000,-0.15,-0.15
2017,TENNESSEE,47.0,PUTNAM,141,5369000,-0.25,-0.25
2017,TENNESSEE,47.0,SCOTT,151,847000,-1.53,-1.56
2017,TENNESSEE,47.0,SEQUATCHIE,153,1524000,-1.0,-1.06
2017,TENNESSEE,47.0,VAN BUREN,175,1735000,-0.96,-1.06
2017,TENNESSEE,47.0,WARREN,177,92548000,-0.64,-0.71
2017,TENNESSEE,47.0,WHITE,185,7107000,-0.13,-0.18
2017,TENNESSEE,47.0,DYER,45,129845000,-0.39,-0.45
2017,TENNESSEE,47.0,LAKE,95,45705000,-1.42,-1.43
2017,TENNESSEE,47.0,LAUDERDALE,97,66786000,-0.08,-0.11
2017,TENNESSEE,47.0,OBION,131,99070000,-0.42,-0.39
2017,TENNESSEE,47.0,SHELBY,157,25893000,-1.78,-1.79
2017,TENNESSEE,47.0,TIPTON,167,75375000,-0.76,-0.88
2017,TENNESSEE,47.0,ANDERSON,1,1356000,-0.32,-0.27
2017,TENNESSEE,47.0,BLOUNT,9,5720000,-1.83,-1.87
2017,TENNESSEE,47.0,BRADLEY,11,13314000,-0.86,-0.87
2017,TENNESSEE,47.0,CAMPBELL,13,1260000,-0.41,-0.36
2017,TENNESSEE,47.0,CARTER,19,2562000,-1.56,-1.53
2017,TENNESSEE,47.0,CLAIBORNE,25,3104000,-0.34,-0.31
2017,TENNESSEE,47.0,COCKE,29,11895000,-1.79,-1.79
2017,TENNESSEE,47.0,GRAINGER,57,10793000,-1.18,-1.17
2017,TENNESSEE,47.0,GREENE,59,18949000,-0.89,-0.87
2017,TENNESSEE,47.0,HAMBLEN,63,3838000,-1.01,-0.99
2017,TENNESSEE,47.0,HAMILTON,65,2622000,-1.01,-0.98
2017,TENNESSEE,47.0,HANCOCK,67,1221000,-0.57,-0.59
2017,TENNESSEE,47.0,HAWKINS,73,5353000,-1.52,-1.52
2017,TENNESSEE,47.0,JEFFERSON,89,5256000,-0.88,-0.84
2017,TENNESSEE,47.0,JOHNSON,91,2284000,-0.72,-0.71
2017,TENNESSEE,47.0,KNOX,93,11499000,-0.83,-0.82
2017,TENNESSEE,47.0,MCMINN,107,8137000,-1.01,-0.97
2017,TENNESSEE,47.0,MEIGS,121,2948000,-1.25,-1.25
2017,TENNESSEE,47.0,MONROE,123,12043000,-1.07,-1.01
2017,TENNESSEE,47.0,POLK,139,4287000,0.5,0.51
2017,TENNESSEE,47.0,RHEA,143,3689000,-0.9,-0.9
2017,TENNESSEE,47.0,ROANE,145,1838000,-0.64,-0.59
2017,TENNESSEE,47.0,SEVIER,155,2193000,-0.35,-0.39
2017,TENNESSEE,47.0,SULLIVAN,163,3340000,-0.56,-0.67
2017,TENNESSEE,47.0,UNION,173,1013000,-0.15,-0.2
2017,TENNESSEE,47.0,WASHINGTON,179,17104000,0.28,0.26
2017,TENNESSEE,47.0,BENTON,5,6000000,-0.85,-0.86
2017,TENNESSEE,47.0,CARROLL,17,49820000,-1.13,-1.08
2017,TENNESSEE,47.0,CHESTER,23,14365000,-1.03,-1.06
2017,TENNESSEE,47.0,CROCKETT,33,79180000,-0.96,-0.97
2017,TENNESSEE,47.0,DECATUR,39,4192000,-0.47,-0.47
2017,TENNESSEE,47.0,FAYETTE,47,78182000,-0.28,-0.26
2017,TENNESSEE,47.0,GIBSON,53,129717000,-0.42,-0.41
2017,TENNESSEE,47.0,HARDEMAN,69,28593000,-0.11,-0.17
2017,TENNESSEE,47.0,HARDIN,71,24174000,-1.42,-1.38
2017,TENNESSEE,47.0,HAYWOOD,75,96984000,-1.12,-1.08
2017,TENNESSEE,47.0,HENDERSON,77,17543000,-0.96,-0.98
2017,TENNESSEE,47.0,HENRY,79,58535000,-0.91,-0.94
2017,TENNESSEE,47.0,MADISON,113,46354000,-0.9,-0.88
2017,TENNESSEE,47.0,MCNAIRY,109,19259000,-0.73,-0.76
2017,TENNESSEE,47.0,WEAKLEY,183,80656000,0.25,0.25
2017,TENNESSEE,47.0,CHEATHAM,21,13811000,-0.6,-0.54
2017,TENNESSEE,47.0,DICKSON,43,10539000,-1.38,-1.41
2017,TENNESSEE,47.0,HICKMAN,81,8633000,-0.93,-0.88
2017,TENNESSEE,47.0,HUMPHREYS,85,5180000,-0.51,-0.53
2017,TENNESSEE,47.0,LAWRENCE,99,39550000,-0.33,-0.26
2017,TENNESSEE,47.0,LEWIS,101,1054000,-0.73,-0.71
2017,TENNESSEE,47.0,MONTGOMERY,125,38420000,-1.23,-1.22
2017,TENNESSEE,47.0,PERRY,135,3156000,0.16,0.12
2017,TENNESSEE,47.0,ROBERTSON,147,115422000,-0.59,-0.6
2017,TENNESSEE,47.0,STEWART,161,5336000,-0.44,-0.49
2017,TENNESSEE,47.0,WAYNE,181,4855000,-1.38,-1.47
2017,TEXAS,48.0,BELL,27,38084000,-1.26,-1.27
2017,TEXAS,48.0,BOSQUE,35,6950000,-0.28,-0.22
2017,TEXAS,48.0,COLLIN,85,29538000,-0.51,-0.53
2017,TEXAS,48.0,COOKE,97,12791000,-0.08,-0.11
2017,TEXAS,48.0,CORYELL,99,8180000,-0.33,-0.26
2017,TEXAS,48.0,DALLAS,113,25914000,-0.9,-0.88
2017,TEXAS,48.0,DELTA,119,25384000,-1.17,-1.12
2017,TEXAS,48.0,DENTON,121,24242000,-1.25,-1.25
2017,TEXAS,48.0,ELLIS,139,53457000,0.5,0.51
2017,TEXAS,48.0,FALLS,145,42395000,-0.64,-0.59
2017,TEXAS,48.0,FANNIN,147,43847000,-0.59,-0.6
2017,TEXAS,48.0,GRAYSON,181,40260000,-1.38,-1.47
2017,TEXAS,48.0,HAMILTON,193,6358000,-0.96,-1.03
2017,TEXAS,48.0,HILL,217,64572000,-1.45,-1.54
2017,TEXAS,48.0,HUNT,231,25837000,-1.22,-1.24
2017,TEXAS,48.0,JOHNSON,251,17116000,-0.03,-0.1
2017,TEXAS,48.0,KAUFMAN,257,15386000,-2.19,-2.18
2017,TEXAS,48.0,LAMAR,277,24962000,-0.33,-0.36
2017,TEXAS,48.0,LIMESTONE,293,10018000,-1.05,-1.09
2017,TEXAS,48.0,MCLENNAN,309,59457000,-0.87,-0.93
2017,TEXAS,48.0,MILAM,331,33273000,1.05,1.07
2017,TEXAS,48.0,NAVARRO,349,33646000,1.16,1.19
2017,TEXAS,48.0,ROCKWALL,397,6187000,0.29,0.35
2017,TEXAS,48.0,TARRANT,439,17445000,0.41,0.43
2017,TEXAS,48.0,WILLIAMSON,491,66101000,1.21,1.22
2017,TEXAS,48.0,ARANSAS,7,74000,-1.0,-0.96
2017,TEXAS,48.0,KLEBERG,273,21940000,-0.74,-0.8
2017,TEXAS,48.0,NUECES,355,154902000,-0.75,-0.78
2017,TEXAS,48.0,REFUGIO,391,24840000,-0.62,-0.61
2017,TEXAS,48.0,SAN PATRICIO,409,116106000,-0.67,-0.67
2017,TEXAS,48.0,ARCHER,9,5797000,-1.83,-1.87
2017,TEXAS,48.0,BROWN,49,9245000,-1.25,-1.22
2017,TEXAS,48.0,CALLAHAN,59,3043000,-0.89,-0.87
2017,TEXAS,48.0,CLAY,77,5940000,-0.96,-0.98
2017,TEXAS,48.0,COMANCHE,93,23374000,-0.83,-0.82
2017,TEXAS,48.0,EASTLAND,133,4969000,-1.02,-1.05
2017,TEXAS,48.0,ERATH,143,19105000,-0.9,-0.9
2017,TEXAS,48.0,HOOD,221,7693000,-1.51,-1.58
2017,TEXAS,48.0,JACK,237,1413000,-1.32,-1.46
2017,TEXAS,48.0,MILLS,333,2439000,0.59,0.59
2017,TEXAS,48.0,MONTAGUE,337,5357000,1.2,1.22
2017,TEXAS,48.0,PALO PINTO,363,10280000,0.81,0.84
2017,TEXAS,48.0,PARKER,367,12155000,0.47,0.49
2017,TEXAS,48.0,SHACKELFORD,417,812000,1.5,1.52
2017,TEXAS,48.0,SOMERVELL,425,1152000,0.75,0.81
2017,TEXAS,48.0,STEPHENS,429,568000,1.42,1.42
2017,TEXAS,48.0,THROCKMORTON,447,5519000,1.26,1.28
2017,TEXAS,48.0,WISE,497,11577000,0.84,0.84
2017,TEXAS,48.0,YOUNG,503,2599000,1.23,1.24
2017,TEXAS,48.0,ANDERSON,1,15551000,-0.32,-0.27
2017,TEXAS,48.0,BOWIE,37,12480000,-0.88,-0.81
2017,TEXAS,48.0,CAMP,63,1576000,-1.01,-0.99
2017,TEXAS,48.0,CASS,67,4091000,-0.57,-0.59
2017,TEXAS,48.0,CHEROKEE,73,66491000,-1.52,-1.52
2017,TEXAS,48.0,FRANKLIN,159,2875000,-1.41,-1.51
2017,TEXAS,48.0,GREGG,183,892000,0.25,0.25
2017,TEXAS,48.0,HARRISON,203,4140000,0.45,0.44
2017,TEXAS,48.0,HENDERSON,213,11645000,-1.78,-1.76
2017,TEXAS,48.0,HOPKINS,223,10381000,-1.69,-1.67
2017,TEXAS,48.0,HOUSTON,225,6802000,-1.01,-1.09
2017,TEXAS,48.0,MARION,315,542000,-0.77,-0.83
2017,TEXAS,48.0,MORRIS,343,1093000,-0.05,0.02
2017,TEXAS,48.0,NACOGDOCHES,347,3156000,0.01,-0.02
2017,TEXAS,48.0,PANOLA,365,4626000,0.61,0.59
2017,TEXAS,48.0,RAINS,379,8597000,0.11,0.16
2017,TEXAS,48.0,RED RIVER,387,10260000,-0.1,-0.06
2017,TEXAS,48.0,RUSK,401,5956000,0.48,0.49
2017,TEXAS,48.0,SHELBY,419,2837000,0.5,0.48
2017,TEXAS,48.0,SMITH,423,36759000,-0.24,-0.16
2017,TEXAS,48.0,TITUS,449,3968000,-0.04,0.03
2017,TEXAS,48.0,UPSHUR,459,3447000,-0.0,0.07
2017,TEXAS,48.0,VAN ZANDT,467,42428000,0.27,0.33
2017,TEXAS,48.0,WOOD,499,8623000,0.0,0.09
2017,TEXAS,48.0,ANGELINA,5,2594000,-0.85,-0.86
2017,TEXAS,48.0,BRAZOS,41,15603000,-0.62,-0.61
2017,TEXAS,48.0,FREESTONE,161,4659000,-0.44,-0.49
2017,TEXAS,48.0,GRIMES,185,14041000,-0.13,-0.18
2017,TEXAS,48.0,HARDIN,199,2366000,-1.25,-1.24
2017,TEXAS,48.0,JASPER,241,4007000,-1.83,-1.83
2017,TEXAS,48.0,LEON,289,10058000,-1.02,-1.09
2017,TEXAS,48.0,MONTGOMERY,339,6820000,1.32,1.35
2017,TEXAS,48.0,NEWTON,351,485000,0.17,0.27
2017,TEXAS,48.0,POLK,373,2291000,0.45,0.46
2017,TEXAS,48.0,ROBERTSON,395,24623000,0.46,0.49
2017,TEXAS,48.0,SABINE,403,450000,0.24,0.28
2017,TEXAS,48.0,SAN AUGUSTINE,405,1296000,0.16,0.17
2017,TEXAS,48.0,SAN JACINTO,407,2484000,0.84,0.86
2017,TEXAS,48.0,TRINITY,455,2108000,0.34,0.31
2017,TEXAS,48.0,TYLER,457,9643000,0.56,0.59
2017,TEXAS,48.0,WALKER,471,19169000,0.9,0.92
2017,TEXAS,48.0,WALLER,473,76311000,1.36,1.4
2017,TEXAS,48.0,BANDERA,19,829000,-1.56,-1.53
2017,TEXAS,48.0,BLANCO,31,8763000,-0.47,-0.52
2017,TEXAS,48.0,BURNET,53,3466000,-0.42,-0.41
2017,TEXAS,48.0,COKE,81,1253000,-0.93,-0.88
2017,TEXAS,48.0,CONCHO,95,13389000,-1.42,-1.43
2017,TEXAS,48.0,EDWARDS,137,329000,-0.15,-0.15
2017,TEXAS,48.0,GILLESPIE,171,7023000,-1.28,-1.3
2017,TEXAS,48.0,IRION,235,301000,-0.82,-0.87
2017,TEXAS,48.0,KENDALL,259,1206000,-0.88,-0.88
2017,TEXAS,48.0,KERR,265,1578000,-1.47,-1.58
2017,TEXAS,48.0,KIMBLE,267,889000,0.1,0.05
2017,TEXAS,48.0,KINNEY,271,519000,-0.63,-0.68
2017,TEXAS,48.0,LAMPASAS,281,2019000,-1.77,-1.78
2017,TEXAS,48.0,LLANO,299,1501000,-0.79,-0.79
2017,TEXAS,48.0,MASON,319,2316000,-1.05,-1.13
2017,TEXAS,48.0,MCCULLOCH,307,6856000,-0.96,-0.98
2017,TEXAS,48.0,MENARD,327,567000,0.88,0.89
2017,TEXAS,48.0,REAGAN,383,11947000,0.9,0.88
2017,TEXAS,48.0,REAL,385,62000,0.77,0.77
2017,TEXAS,48.0,SAN SABA,411,6501000,0.76,0.75
2017,TEXAS,48.0,SCHLEICHER,413,3439000,1.15,1.12
2017,TEXAS,48.0,SUTTON,435,131000,0.45,0.43
2017,TEXAS,48.0,TOM GREEN,451,29864000,1.84,1.82
2017,TEXAS,48.0,UPTON,461,13873000,0.36,0.35
2017,TEXAS,48.0,UVALDE,463,37680000,1.11,1.12
2017,TEXAS,48.0,VAL VERDE,465,177000,0.86,0.86
2017,TEXAS,48.0,CAMERON,61,117845000,-0.1,-0.16
2017,TEXAS,48.0,HIDALGO,215,293402000,-0.88,-0.82
2017,TEXAS,48.0,STARR,427,9394000,-0.96,-0.9
2017,TEXAS,48.0,WILLACY,489,83743000,-0.97,-0.91
2017,TEXAS,48.0,ARMSTRONG,11,11035000,-0.86,-0.87
2017,TEXAS,48.0,BRISCOE,45,26739000,-0.39,-0.45
2017,TEXAS,48.0,CARSON,65,82177000,-1.01,-0.98
2017,TEXAS,48.0,CASTRO,69,91773000,-0.11,-0.17
2017,TEXAS,48.0,DALLAM,111,92763000,-1.34,-1.32
2017,TEXAS,48.0,DEAF SMITH,117,92771000,-1.39,-1.36
2017,TEXAS,48.0,GRAY,179,24447000,0.28,0.26
2017,TEXAS,48.0,HALE,189,137023000,-1.1,-1.2
2017,TEXAS,48.0,HANSFORD,195,92130000,-1.87,-1.9
2017,TEXAS,48.0,HARTLEY,205,155927000,0.27,0.21
2017,TEXAS,48.0,HEMPHILL,211,2303000,-1.25,-1.38
2017,TEXAS,48.0,HUTCHINSON,233,24916000,-1.74,-1.7
2017,TEXAS,48.0,LIPSCOMB,295,17028000,-1.54,-1.5
2017,TEXAS,48.0,MOORE,341,71095000,-0.16,-0.26
2017,TEXAS,48.0,OCHILTREE,357,69738000,0.1,-0.03
2017,TEXAS,48.0,OLDHAM,359,5450000,-0.34,-0.46
2017,TEXAS,48.0,PARMER,369,92117000,0.06,-0.1
2017,TEXAS,48.0,POTTER,375,2596000,-0.24,-0.34
2017,TEXAS,48.0,RANDALL,381,24086000,-0.42,-0.54
2017,TEXAS,48.0,ROBERTS,393,3789000,0.33,0.17
2017,TEXAS,48.0,SHERMAN,421,146832000,-0.17,-0.27
2017,TEXAS,48.0,SWISHER,437,68566000,0.11,-0.08
2017,TEXAS,48.0,BORDEN,33,17039000,-0.96,-0.97
2017,TEXAS,48.0,CHILDRESS,75,19718000,-1.12,-1.08
2017,TEXAS,48.0,COLLINGSWORTH,87,30983000,-0.84,-0.82
2017,TEXAS,48.0,COTTLE,101,9843000,-0.73,-0.71
2017,TEXAS,48.0,DICKENS,125,13284000,-1.23,-1.22
2017,TEXAS,48.0,DONLEY,129,13780000,-0.28,-0.31
2017,TEXAS,48.0,FOARD,155,3712000,-0.35,-0.39
2017,TEXAS,48.0,GARZA,169,16729000,-1.28,-1.35
2017,TEXAS,48.0,HALL,191,45692000,-0.71,-0.69
2017,TEXAS,48.0,HARDEMAN,197,5387000,-0.94,-0.96
2017,TEXAS,48.0,KENT,263,1027000,-1.06,-1.05
2017,TEXAS,48.0,KING,269,118000,-1.01,-1.07
2017,TEXAS,48.0,MOTLEY,345,2420000,0.98,0.81
2017,TEXAS,48.0,WHEELER,483,8465000,-0.29,-0.45
2017,TEXAS,48.0,WICHITA,485,14627000,1.12,1.12
2017,TEXAS,48.0,WILBARGER,487,35658000,1.06,1.0
2017,TEXAS,48.0,AUSTIN,15,10498000,-1.8,-1.8
2017,TEXAS,48.0,BASTROP,21,13684000,-0.6,-0.54
2017,TEXAS,48.0,BEE,25,24529000,-0.34,-0.31
2017,TEXAS,48.0,BEXAR,29,50560000,-1.79,-1.79
2017,TEXAS,48.0,BURLESON,51,22340000,-0.82,-0.75
2017,TEXAS,48.0,CALDWELL,55,14462000,-1.59,-1.6
2017,TEXAS,48.0,COLORADO,89,38853000,-0.88,-0.84
2017,TEXAS,48.0,COMAL,91,932000,-0.72,-0.71
2017,TEXAS,48.0,DE WITT,123,6715000,-1.07,-1.01
2017,TEXAS,48.0,FAYETTE,149,10677000,-0.72,-0.73
2017,TEXAS,48.0,GOLIAD,175,4572000,-0.96,-1.06
2017,TEXAS,48.0,GONZALES,177,38549000,-0.64,-0.71
2017,TEXAS,48.0,GUADALUPE,187,20677000,-1.79,-1.76
2017,TEXAS,48.0,HAYS,209,11444000,-0.9,-0.95
2017,TEXAS,48.0,KARNES,255,11008000,-1.39,-1.4
2017,TEXAS,48.0,LAVACA,285,7500000,-1.16,-1.14
2017,TEXAS,48.0,LEE,287,15226000,-0.61,-0.67
2017,TEXAS,48.0,MEDINA,325,45838000,0.57,0.6
2017,TEXAS,48.0,TRAVIS,453,20055000,1.08,1.09
2017,TEXAS,48.0,WASHINGTON,477,5456000,1.43,1.42
2017,TEXAS,48.0,WILSON,493,12682000,0.88,0.93
2017,TEXAS,48.0,ATASCOSA,13,20508000,-0.41,-0.36
2017,TEXAS,48.0,BROOKS,47,257000,-0.28,-0.26
2017,TEXAS,48.0,DIMMIT,127,2356000,-1.28,-1.3
2017,TEXAS,48.0,DUVAL,131,648000,-0.42,-0.39
2017,TEXAS,48.0,FRIO,163,69858000,-0.56,-0.67
2017,TEXAS,48.0,JIM HOGG,247,210000,-1.53,-1.58
2017,TEXAS,48.0,JIM WELLS,249,36722000,-0.95,-1.01
2017,TEXAS,48.0,LA SALLE,283,537000,-0.95,-1.04
2017,TEXAS,48.0,LIVE OAK,297,5028000,-1.36,-1.43
2017,TEXAS,48.0,MAVERICK,323,2493000,0.53,0.61
2017,TEXAS,48.0,MCMULLEN,311,626000,-1.88,-1.85
2017,TEXAS,48.0,WEBB,479,430000,-0.22,-0.17
2017,TEXAS,48.0,ZAPATA,505,436000,-0.64,-0.59
2017,TEXAS,48.0,ZAVALA,507,23443000,0.51,0.56
2017,TEXAS,48.0,ANDREWS,3,5128000,-0.07,-0.08
2017,TEXAS,48.0,BAILEY,17,55082000,-1.13,-1.08
2017,TEXAS,48.0,COCHRAN,79,82974000,-0.91,-0.94
2017,TEXAS,48.0,CROSBY,107,81208000,-1.01,-0.97
2017,TEXAS,48.0,DAWSON,115,118397000,-1.77,-1.81
2017,TEXAS,48.0,GAINES,165,177327000,-0.39,-0.47
2017,TEXAS,48.0,GLASSCOCK,173,47444000,-0.15,-0.2
2017,TEXAS,48.0,HOCKLEY,219,88886000,-1.06,-1.12
2017,TEXAS,48.0,HOWARD,227,20266000,-1.73,-1.7
2017,TEXAS,48.0,LAMB,279,118672000,-0.57,-0.62
2017,TEXAS,48.0,LUBBOCK,303,127388000,-0.91,-1.03
2017,TEXAS,48.0,LYNN,305,106595000,-0.19,-0.17
2017,TEXAS,48.0,MARTIN,317,52494000,-1.58,-1.66
2017,TEXAS,48.0,MIDLAND,329,13013000,-0.21,-0.21
2017,TEXAS,48.0,TERRY,445,114001000,0.57,0.49
2017,TEXAS,48.0,YOAKUM,501,96206000,0.48,0.41
2017,TEXAS,48.0,BAYLOR,23,6692000,-1.03,-1.06
2017,TEXAS,48.0,COLEMAN,83,13354000,-1.07,-1.04
2017,TEXAS,48.0,FISHER,151,26969000,-1.53,-1.56
2017,TEXAS,48.0,HASKELL,207,37084000,-1.31,-1.34
2017,TEXAS,48.0,JONES,253,29853000,-0.18,-0.22
2017,TEXAS,48.0,KNOX,275,13546000,0.22,0.17
2017,TEXAS,48.0,MITCHELL,335,13584000,0.68,0.63
2017,TEXAS,48.0,NOLAN,353,25790000,1.17,1.2
2017,TEXAS,48.0,RUNNELS,399,31877000,1.34,1.36
2017,TEXAS,48.0,SCURRY,415,24361000,-0.02,-0.08
2017,TEXAS,48.0,STONEWALL,433,6878000,0.48,0.5
2017,TEXAS,48.0,TAYLOR,441,11155000,1.71,1.74
2017,TEXAS,48.0,BREWSTER,43,1031000,-1.38,-1.41
2017,TEXAS,48.0,CULBERSON,109,9462000,-0.73,-0.76
2017,TEXAS,48.0,ECTOR,135,256000,0.16,0.12
2017,TEXAS,48.0,EL PASO,141,40381000,-0.25,-0.25
2017,TEXAS,48.0,HUDSPETH,229,9814000,-0.42,-0.43
2017,TEXAS,48.0,PECOS,371,24371000,0.1,0.09
2017,TEXAS,48.0,REEVES,389,5175000,-0.13,-0.11
2017,TEXAS,48.0,TERRELL,443,550000,0.22,0.19
2017,TEXAS,48.0,BRAZORIA,39,42731000,-0.47,-0.47
2017,TEXAS,48.0,CALHOUN,57,21316000,-1.18,-1.17
2017,TEXAS,48.0,CHAMBERS,71,11077000,-1.42,-1.38
2017,TEXAS,48.0,FORT BEND,157,70215000,-1.78,-1.79
2017,TEXAS,48.0,GALVESTON,167,4488000,-0.76,-0.88
2017,TEXAS,48.0,HARRIS,201,37169000,-0.05,-0.08
2017,TEXAS,48.0,JACKSON,239,67159000,-0.79,-0.81
2017,TEXAS,48.0,JEFFERSON,245,17688000,-0.35,-0.4
2017,TEXAS,48.0,LIBERTY,291,12075000,-1.71,-1.71
2017,TEXAS,48.0,MATAGORDA,321,73086000,-0.41,-0.47
2017,TEXAS,48.0,ORANGE,361,1489000,0.83,0.92
2017,TEXAS,48.0,VICTORIA,469,34234000,-0.35,-0.36
2017,TEXAS,48.0,WHARTON,481,179249000,0.19,0.15
2017,UTAH,49.0,JUAB,23,30741000,-1.03,-1.06
2017,UTAH,49.0,MILLARD,27,85460000,-1.26,-1.27
2017,UTAH,49.0,SANPETE,39,20706000,-0.47,-0.47
2017,UTAH,49.0,SEVIER,41,21528000,-0.62,-0.61
2017,UTAH,49.0,UTAH,49,79793000,-1.25,-1.22
2017,UTAH,49.0,CARBON,7,2321000,-1.0,-0.96
2017,UTAH,49.0,DAGGETT,9,340000,-1.83,-1.87
2017,UTAH,49.0,DUCHESNE,13,16130000,-0.41,-0.36
2017,UTAH,49.0,EMERY,15,4883000,-1.8,-1.8
2017,UTAH,49.0,GRAND,19,4696000,-1.56,-1.53
2017,UTAH,49.0,SAN JUAN,37,8598000,-0.88,-0.81
2017,UTAH,49.0,SUMMIT,43,4099000,-1.38,-1.41
2017,UTAH,49.0,UINTAH,47,16333000,-0.28,-0.26
2017,UTAH,49.0,WASATCH,51,1892000,-0.82,-0.75
2017,UTAH,49.0,BOX ELDER,3,56906000,-0.07,-0.08
2017,UTAH,49.0,CACHE,5,41413000,-0.85,-0.86
2017,UTAH,49.0,DAVIS,11,20241000,-0.86,-0.87
2017,UTAH,49.0,MORGAN,29,2470000,-1.79,-1.79
2017,UTAH,49.0,RICH,33,3555000,-0.96,-0.97
2017,UTAH,49.0,SALT LAKE,35,17052000,-0.28,-0.22
2017,UTAH,49.0,TOOELE,45,6497000,-0.39,-0.45
2017,UTAH,49.0,WEBER,57,24734000,-1.18,-1.17
2017,UTAH,49.0,BEAVER,1,20061000,-0.32,-0.27
2017,UTAH,49.0,GARFIELD,17,3600000,-1.13,-1.08
2017,UTAH,49.0,IRON,21,54238000,-0.6,-0.54
2017,UTAH,49.0,KANE,25,739000,-0.34,-0.31
2017,UTAH,49.0,PIUTE,31,3445000,-0.47,-0.52
2017,UTAH,49.0,WASHINGTON,53,6463000,-0.42,-0.41
2017,UTAH,49.0,WAYNE,55,2022000,-1.59,-1.6
2017,VERMONT,50.0,ADDISON,1,25415000,-0.32,-0.27
2017,VERMONT,50.0,BENNINGTON,3,10910000,-0.07,-0.08
2017,VERMONT,50.0,CALEDONIA,5,6989000,-0.85,-0.86
2017,VERMONT,50.0,CHITTENDEN,7,22333000,-1.0,-0.96
2017,VERMONT,50.0,ESSEX,9,5047000,-1.83,-1.87
2017,VERMONT,50.0,FRANKLIN,11,38698000,-0.86,-0.87
2017,VERMONT,50.0,GRAND ISLE,13,3037000,-0.41,-0.36
2017,VERMONT,50.0,LAMOILLE,15,10059000,-1.8,-1.8
2017,VERMONT,50.0,ORANGE,17,12538000,-1.13,-1.08
2017,VERMONT,50.0,ORLEANS,19,12617000,-1.56,-1.53
2017,VERMONT,50.0,RUTLAND,21,10331000,-0.6,-0.54
2017,VERMONT,50.0,WASHINGTON,23,9144000,-1.03,-1.06
2017,VERMONT,50.0,WINDHAM,25,11369000,-0.34,-0.31
2017,VERMONT,50.0,WINDSOR,27,8610000,-1.26,-1.27
2017,VIRGINIA,51.0,ALBEMARLE,3,18862000,-0.07,-0.08
2017,VIRGINIA,51.0,AMELIA,7,9247000,-1.0,-0.96
2017,VIRGINIA,51.0,AMHERST,9,3517000,-1.83,-1.87
2017,VIRGINIA,51.0,APPOMATTOX,11,3319000,-0.86,-0.87
2017,VIRGINIA,51.0,BEDFORD,19,8439000,-1.56,-1.53
2017,VIRGINIA,51.0,BUCKINGHAM,29,6822000,-1.79,-1.79
2017,VIRGINIA,51.0,CAMPBELL,31,6524000,-0.47,-0.52
2017,VIRGINIA,51.0,CAROLINE,33,21938000,-0.96,-0.97
2017,VIRGINIA,51.0,CHESTERFIELD,41,2900000,-0.62,-0.61
2017,VIRGINIA,51.0,CUMBERLAND,49,4078000,-1.25,-1.22
2017,VIRGINIA,51.0,FLUVANNA,65,3895000,-1.01,-0.98
2017,VIRGINIA,51.0,GOOCHLAND,75,4531000,-1.12,-1.08
2017,VIRGINIA,51.0,GREENE,79,1795000,-0.91,-0.94
2017,VIRGINIA,51.0,HANOVER,85,41250000,-0.51,-0.53
2017,VIRGINIA,51.0,HENRICO,87,7108000,-0.84,-0.82
2017,VIRGINIA,51.0,LOUISA,109,7290000,-0.73,-0.76
2017,VIRGINIA,51.0,NELSON,125,22185000,-1.23,-1.22
2017,VIRGINIA,51.0,ORANGE,137,87851000,-0.15,-0.15
2017,VIRGINIA,51.0,POWHATAN,145,2542000,-0.64,-0.59
2017,VIRGINIA,51.0,PRINCE EDWARD,147,2662000,-0.59,-0.6
2017,VIRGINIA,51.0,SPOTSYLVANIA,177,4369000,-0.64,-0.71
2017,VIRGINIA,51.0,ACCOMACK,1,46913000,-0.32,-0.27
2017,VIRGINIA,51.0,ESSEX,57,19840000,-1.18,-1.17
2017,VIRGINIA,51.0,GLOUCESTER,73,9358000,-1.52,-1.52
2017,VIRGINIA,51.0,JAMES CITY,95,1897000,-1.42,-1.43
2017,VIRGINIA,51.0,KING AND QUEEN,97,13884000,-0.08,-0.11
2017,VIRGINIA,51.0,KING GEORGE,99,11337000,-0.33,-0.26
2017,VIRGINIA,51.0,KING WILLIAM,101,12483000,-0.73,-0.71
2017,VIRGINIA,51.0,LANCASTER,103,5101000,-1.19,-1.18
2017,VIRGINIA,51.0,MATHEWS,115,2092000,-1.77,-1.81
2017,VIRGINIA,51.0,MIDDLESEX,119,8525000,-1.17,-1.12
2017,VIRGINIA,51.0,NEW KENT,127,4780000,-1.28,-1.3
2017,VIRGINIA,51.0,NORTHAMPTON,131,67901000,-0.42,-0.39
2017,VIRGINIA,51.0,NORTHUMBERLAND,133,17212000,-1.02,-1.05
2017,VIRGINIA,51.0,RICHMOND,159,16024000,-1.41,-1.51
2017,VIRGINIA,51.0,YORK,199,1135000,-1.25,-1.24
2017,VIRGINIA,51.0,CLARKE,43,6759000,-1.38,-1.41
2017,VIRGINIA,51.0,CULPEPER,47,31404000,-0.28,-0.26
2017,VIRGINIA,51.0,FAIRFAX,59,1011000,-0.89,-0.87
2017,VIRGINIA,51.0,FAUQUIER,61,21932000,-0.1,-0.16
2017,VIRGINIA,51.0,FREDERICK,69,24611000,-0.11,-0.17
2017,VIRGINIA,51.0,LOUDOUN,107,30890000,-1.01,-0.97
2017,VIRGINIA,51.0,MADISON,113,11247000,-0.9,-0.88
2017,VIRGINIA,51.0,PAGE,139,6331000,0.5,0.51
2017,VIRGINIA,51.0,PRINCE WILLIAM,153,7097000,-1.0,-1.06
2017,VIRGINIA,51.0,RAPPAHANNOCK,157,5116000,-1.78,-1.79
2017,VIRGINIA,51.0,ROCKINGHAM,165,54341000,-0.39,-0.47
2017,VIRGINIA,51.0,SHENANDOAH,171,20174000,-1.28,-1.3
2017,VIRGINIA,51.0,STAFFORD,179,3835000,0.28,0.26
2017,VIRGINIA,51.0,WARREN,187,2125000,-1.79,-1.76
2017,VIRGINIA,51.0,BRUNSWICK,25,16567000,-0.34,-0.31
2017,VIRGINIA,51.0,CHESAPEAKE CITY,550,29513000,1.29,1.25
2017,VIRGINIA,51.0,DINWIDDIE,53,21946000,-0.42,-0.41
2017,VIRGINIA,51.0,GREENSVILLE,81,19088000,-0.93,-0.88
2017,VIRGINIA,51.0,ISLE OF WIGHT,93,39774000,-0.83,-0.82
2017,VIRGINIA,51.0,MECKLENBURG,117,45002000,-1.39,-1.36
2017,VIRGINIA,51.0,PRINCE GEORGE,149,8772000,-0.72,-0.73
2017,VIRGINIA,51.0,SOUTHAMPTON,175,61846000,-0.96,-1.06
2017,VIRGINIA,51.0,SUFFOLK CITY,800,45239000,1.21,1.15
2017,VIRGINIA,51.0,VIRGINIA BEACH CITY,810,12461000,1.18,1.17
2017,VIRGINIA,51.0,CHARLOTTE,37,9810000,-0.88,-0.81
2017,VIRGINIA,51.0,FRANKLIN,67,17041000,-0.57,-0.59
2017,VIRGINIA,51.0,HALIFAX,83,16356000,-1.07,-1.04
2017,VIRGINIA,51.0,HENRY,89,2270000,-0.88,-0.84
2017,VIRGINIA,51.0,LUNENBURG,111,13335000,-1.34,-1.32
2017,VIRGINIA,51.0,NOTTOWAY,135,3971000,0.16,0.12
2017,VIRGINIA,51.0,PATRICK,141,7338000,-0.25,-0.25
2017,VIRGINIA,51.0,PITTSYLVANIA,143,29897000,-0.9,-0.9
2017,VIRGINIA,51.0,BLAND,21,2259000,-0.6,-0.54
2017,VIRGINIA,51.0,BUCHANAN,27,238000,-1.26,-1.27
2017,VIRGINIA,51.0,CARROLL,35,13665000,-0.28,-0.22
2017,VIRGINIA,51.0,DICKENSON,51,99000,-0.82,-0.75
2017,VIRGINIA,51.0,FLOYD,63,16285000,-1.01,-0.99
2017,VIRGINIA,51.0,GILES,71,1329000,-1.42,-1.38
2017,VIRGINIA,51.0,GRAYSON,77,10672000,-0.96,-0.98
2017,VIRGINIA,51.0,LEE,105,3973000,-0.67,-0.61
2017,VIRGINIA,51.0,MONTGOMERY,121,7335000,-1.25,-1.25
2017,VIRGINIA,51.0,PULASKI,155,11835000,-0.35,-0.39
2017,VIRGINIA,51.0,RUSSELL,167,2635000,-0.76,-0.88
2017,VIRGINIA,51.0,SCOTT,169,3848000,-1.28,-1.35
2017,VIRGINIA,51.0,SMYTH,173,3176000,-0.15,-0.2
2017,VIRGINIA,51.0,TAZEWELL,185,2105000,-0.13,-0.18
2017,VIRGINIA,51.0,WASHINGTON,191,8374000,-0.71,-0.69
2017,VIRGINIA,51.0,WISE,195,789000,-1.87,-1.9
2017,VIRGINIA,51.0,WYTHE,197,5517000,-0.94,-0.96
2017,VIRGINIA,51.0,ALLEGHANY,5,809000,-0.85,-0.86
2017,VIRGINIA,51.0,AUGUSTA,15,37519000,-1.8,-1.8
2017,VIRGINIA,51.0,BATH,17,1675000,-1.13,-1.08
2017,VIRGINIA,51.0,BOTETOURT,23,4049000,-1.03,-1.06
2017,VIRGINIA,51.0,CRAIG,45,844000,-0.39,-0.45
2017,VIRGINIA,51.0,HIGHLAND,91,1721000,-0.72,-0.71
2017,VIRGINIA,51.0,ROANOKE,161,1714000,-0.44,-0.49
2017,VIRGINIA,51.0,ROCKBRIDGE,163,5243000,-0.56,-0.67
2017,WASHINGTON,53.0,BENTON,5,769417000,-0.85,-0.86
2017,WASHINGTON,53.0,CHELAN,7,255551000,-1.0,-0.96
2017,WASHINGTON,53.0,KITTITAS,37,63681000,-0.88,-0.81
2017,WASHINGTON,53.0,KLICKITAT,39,80720000,-0.47,-0.47
2017,WASHINGTON,53.0,OKANOGAN,47,297672000,-0.28,-0.26
2017,WASHINGTON,53.0,YAKIMA,77,1417026000,-0.96,-0.98
2017,WASHINGTON,53.0,ADAMS,1,259825000,-0.32,-0.27
2017,WASHINGTON,53.0,DOUGLAS,17,179578000,-1.13,-1.08
2017,WASHINGTON,53.0,FRANKLIN,21,469031000,-0.6,-0.54
2017,WASHINGTON,53.0,GRANT,25,1479604000,-0.34,-0.31
2017,WASHINGTON,53.0,LINCOLN,43,119129000,-1.38,-1.41
2017,WASHINGTON,53.0,PEND OREILLE,51,2241000,-0.82,-0.75
2017,WASHINGTON,53.0,SPOKANE,63,97489000,-1.01,-0.99
2017,WASHINGTON,53.0,STEVENS,65,12013000,-1.01,-0.98
2017,WASHINGTON,53.0,ASOTIN,3,7548000,-0.07,-0.08
2017,WASHINGTON,53.0,COLUMBIA,13,26531000,-0.41,-0.36
2017,WASHINGTON,53.0,GARFIELD,23,31836000,-1.03,-1.06
2017,WASHINGTON,53.0,WHITMAN,75,259640000,-1.12,-1.08
2017,WASHINGTON,53.0,CLALLAM,9,5093000,-1.83,-1.87
2017,WASHINGTON,53.0,CLARK,11,19873000,-0.86,-0.87
2017,WASHINGTON,53.0,COWLITZ,15,10019000,-1.8,-1.8
2017,WASHINGTON,53.0,GRAYS HARBOR,27,17570000,-1.26,-1.27
2017,WASHINGTON,53.0,ISLAND,29,2986000,-1.79,-1.79
2017,WASHINGTON,53.0,JEFFERSON,31,2153000,-0.47,-0.52
2017,WASHINGTON,53.0,KING,33,90640000,-0.96,-0.97
2017,WASHINGTON,53.0,KITSAP,35,4836000,-0.28,-0.22
2017,WASHINGTON,53.0,LEWIS,41,35620000,-0.62,-0.61
2017,WASHINGTON,53.0,MASON,45,2711000,-0.39,-0.45
2017,WASHINGTON,53.0,PACIFIC,49,7257000,-1.25,-1.22
2017,WASHINGTON,53.0,PIERCE,53,29425000,-0.42,-0.41
2017,WASHINGTON,53.0,SAN JUAN,55,2414000,-1.59,-1.6
2017,WASHINGTON,53.0,SKAGIT,57,191167000,-1.18,-1.17
2017,WASHINGTON,53.0,SKAMANIA,59,1642000,-0.89,-0.87
2017,WASHINGTON,53.0,SNOHOMISH,61,76454000,-0.1,-0.16
2017,WASHINGTON,53.0,THURSTON,67,56283000,-0.57,-0.59
2017,WASHINGTON,53.0,WAHKIAKUM,69,556000,-0.11,-0.17
2017,WASHINGTON,53.0,WHATCOM,73,154002000,-1.52,-1.52
2017,WEST VIRGINIA,54.0,BERKELEY,3,18698000,-0.07,-0.08
2017,WEST VIRGINIA,54.0,GRANT,23,1733000,-1.03,-1.06
2017,WEST VIRGINIA,54.0,GREENBRIER,25,4177000,-0.34,-0.31
2017,WEST VIRGINIA,54.0,HAMPSHIRE,27,5062000,-1.26,-1.27
2017,WEST VIRGINIA,54.0,HARDY,31,5420000,-0.47,-0.52
2017,WEST VIRGINIA,54.0,JEFFERSON,37,17810000,-0.88,-0.81
2017,WEST VIRGINIA,54.0,MINERAL,57,3190000,-1.18,-1.17
2017,WEST VIRGINIA,54.0,MONROE,63,3579000,-1.01,-0.99
2017,WEST VIRGINIA,54.0,MORGAN,65,2568000,-1.01,-0.98
2017,WEST VIRGINIA,54.0,PENDLETON,71,2732000,-1.42,-1.38
2017,WEST VIRGINIA,54.0,POCAHONTAS,75,1941000,-1.12,-1.08
2017,WEST VIRGINIA,54.0,RANDOLPH,83,2533000,-1.07,-1.04
2017,WEST VIRGINIA,54.0,SUMMERS,89,1364000,-0.88,-0.84
2017,WEST VIRGINIA,54.0,TUCKER,93,577000,-0.83,-0.82
2017,WEST VIRGINIA,54.0,BARBOUR,1,2034000,-0.32,-0.27
2017,WEST VIRGINIA,54.0,BROOKE,9,584000,-1.83,-1.87
2017,WEST VIRGINIA,54.0,DODDRIDGE,17,844000,-1.13,-1.08
2017,WEST VIRGINIA,54.0,HANCOCK,29,390000,-1.79,-1.79
2017,WEST VIRGINIA,54.0,HARRISON,33,2569000,-0.96,-0.97
2017,WEST VIRGINIA,54.0,LEWIS,41,1338000,-0.62,-0.61
2017,WEST VIRGINIA,54.0,MARION,49,1150000,-1.25,-1.22
2017,WEST VIRGINIA,54.0,MARSHALL,51,1944000,-0.82,-0.75
2017,WEST VIRGINIA,54.0,MONONGALIA,61,1763000,-0.1,-0.16
2017,WEST VIRGINIA,54.0,OHIO,69,1170000,-0.11,-0.17
2017,WEST VIRGINIA,54.0,PLEASANTS,73,499000,-1.52,-1.52
2017,WEST VIRGINIA,54.0,PRESTON,77,6286000,-0.96,-0.98
2017,WEST VIRGINIA,54.0,RITCHIE,85,1766000,-0.51,-0.53
2017,WEST VIRGINIA,54.0,TAYLOR,91,1256000,-0.72,-0.71
2017,WEST VIRGINIA,54.0,TYLER,95,1007000,-1.42,-1.43
2017,WEST VIRGINIA,54.0,UPSHUR,97,2381000,-0.08,-0.11
2017,WEST VIRGINIA,54.0,WETZEL,103,706000,-1.19,-1.18
2017,WEST VIRGINIA,54.0,WOOD,107,2783000,-1.01,-0.97
2017,WEST VIRGINIA,54.0,BOONE,5,111000,-0.85,-0.86
2017,WEST VIRGINIA,54.0,BRAXTON,7,1296000,-1.0,-0.96
2017,WEST VIRGINIA,54.0,CABELL,11,1720000,-0.86,-0.87
2017,WEST VIRGINIA,54.0,CALHOUN,13,947000,-0.41,-0.36
2017,WEST VIRGINIA,54.0,CLAY,15,259000,-1.8,-1.8
2017,WEST VIRGINIA,54.0,FAYETTE,19,636000,-1.56,-1.53
2017,WEST VIRGINIA,54.0,GILMER,21,482000,-0.6,-0.54
2017,WEST VIRGINIA,54.0,JACKSON,35,2667000,-0.28,-0.22
2017,WEST VIRGINIA,54.0,KANAWHA,39,394000,-0.47,-0.47
2017,WEST VIRGINIA,54.0,LINCOLN,43,450000,-1.38,-1.41
2017,WEST VIRGINIA,54.0,LOGAN,45,34000,-0.39,-0.45
2017,WEST VIRGINIA,54.0,MASON,53,29382000,-0.42,-0.41
2017,WEST VIRGINIA,54.0,MCDOWELL,47,293000,-0.28,-0.26
2017,WEST VIRGINIA,54.0,MERCER,55,1478000,-1.59,-1.6
2017,WEST VIRGINIA,54.0,MINGO,59,17000,-0.89,-0.87
2017,WEST VIRGINIA,54.0,NICHOLAS,67,1048000,-0.57,-0.59
2017,WEST VIRGINIA,54.0,PUTNAM,79,5194000,-0.91,-0.94
2017,WEST VIRGINIA,54.0,RALEIGH,81,851000,-0.93,-0.88
2017,WEST VIRGINIA,54.0,ROANE,87,2238000,-0.84,-0.82
2017,WEST VIRGINIA,54.0,WAYNE,99,752000,-0.33,-0.26
2017,WEST VIRGINIA,54.0,WEBSTER,101,251000,-0.73,-0.71
2017,WEST VIRGINIA,54.0,WIRT,105,692000,-0.67,-0.61
2017,WEST VIRGINIA,54.0,WYOMING,109,69000,-0.73,-0.76
2017,WISCONSIN,55.0,GREEN LAKE,47,45200000,-0.28,-0.26
2017,WISCONSIN,55.0,JUNEAU,57,65132000,-1.18,-1.17
2017,WISCONSIN,55.0,MARQUETTE,77,36623000,-0.96,-0.98
2017,WISCONSIN,55.0,PORTAGE,97,206010000,-0.08,-0.11
2017,WISCONSIN,55.0,WAUPACA,135,37704000,0.16,0.12
2017,WISCONSIN,55.0,WAUSHARA,137,86702000,-0.15,-0.15
2017,WISCONSIN,55.0,WOOD,141,56441000,-0.25,-0.25
2017,WISCONSIN,55.0,BROWN,9,40293000,-1.83,-1.87
2017,WISCONSIN,55.0,CALUMET,15,44437000,-1.8,-1.8
2017,WISCONSIN,55.0,DOOR,29,32698000,-1.79,-1.79
2017,WISCONSIN,55.0,FOND DU LAC,39,95243000,-0.47,-0.47
2017,WISCONSIN,55.0,KEWAUNEE,61,52708000,-0.1,-0.16
2017,WISCONSIN,55.0,MANITOWOC,71,45531000,-1.42,-1.38
2017,WISCONSIN,55.0,OUTAGAMIE,87,72002000,-0.84,-0.82
2017,WISCONSIN,55.0,SHEBOYGAN,117,48156000,-1.39,-1.36
2017,WISCONSIN,55.0,WINNEBAGO,139,48842000,0.5,0.51
2017,WISCONSIN,55.0,ASHLAND,3,2640000,-0.07,-0.08
2017,WISCONSIN,55.0,CLARK,19,72441000,-1.56,-1.53
2017,WISCONSIN,55.0,LINCOLN,69,16536000,-0.11,-0.17
2017,WISCONSIN,55.0,MARATHON,73,100989000,-1.52,-1.52
2017,WISCONSIN,55.0,ONEIDA,85,11559000,-0.51,-0.53
2017,WISCONSIN,55.0,PRICE,99,4308000,-0.33,-0.26
2017,WISCONSIN,55.0,TAYLOR,119,27739000,-1.17,-1.12
2017,WISCONSIN,55.0,VILAS,125,6770000,-1.23,-1.22
2017,WISCONSIN,55.0,FLORENCE,37,731000,-0.88,-0.81
2017,WISCONSIN,55.0,FOREST,41,3958000,-0.62,-0.61
2017,WISCONSIN,55.0,LANGLADE,67,59680000,-0.57,-0.59
2017,WISCONSIN,55.0,MARINETTE,75,23869000,-1.12,-1.08
2017,WISCONSIN,55.0,OCONTO,83,43301000,-1.07,-1.04
2017,WISCONSIN,55.0,SHAWANO,115,52363000,-1.77,-1.81
2017,WISCONSIN,55.0,BARRON,5,76678000,-0.85,-0.86
2017,WISCONSIN,55.0,BAYFIELD,7,8215000,-1.0,-0.96
2017,WISCONSIN,55.0,BURNETT,13,13659000,-0.41,-0.36
2017,WISCONSIN,55.0,CHIPPEWA,17,80684000,-1.13,-1.08
2017,WISCONSIN,55.0,DOUGLAS,31,3446000,-0.47,-0.52
2017,WISCONSIN,55.0,POLK,95,51947000,-1.42,-1.43
2017,WISCONSIN,55.0,RUSK,107,13320000,-1.01,-0.97
2017,WISCONSIN,55.0,SAWYER,113,9109000,-0.9,-0.88
2017,WISCONSIN,55.0,WASHBURN,129,9914000,-0.28,-0.31
2017,WISCONSIN,55.0,COLUMBIA,21,113402000,-0.6,-0.54
2017,WISCONSIN,55.0,DANE,25,185013000,-0.34,-0.31
2017,WISCONSIN,55.0,DODGE,27,145502000,-1.26,-1.27
2017,WISCONSIN,55.0,GREEN,45,92237000,-0.39,-0.45
2017,WISCONSIN,55.0,JEFFERSON,55,98521000,-1.59,-1.6
2017,WISCONSIN,55.0,ROCK,105,164804000,-0.67,-0.61
2017,WISCONSIN,55.0,KENOSHA,59,40338000,-0.89,-0.87
2017,WISCONSIN,55.0,MILWAUKEE,79,6538000,-0.91,-0.94
2017,WISCONSIN,55.0,OZAUKEE,89,18967000,-0.88,-0.84
2017,WISCONSIN,55.0,RACINE,101,64664000,-0.73,-0.71
2017,WISCONSIN,55.0,WALWORTH,127,77134000,-1.28,-1.3
2017,WISCONSIN,55.0,WASHINGTON,131,68307000,-0.42,-0.39
2017,WISCONSIN,55.0,WAUKESHA,133,37749000,-1.02,-1.05
2017,WISCONSIN,55.0,CRAWFORD,23,31988000,-1.03,-1.06
2017,WISCONSIN,55.0,GRANT,43,144460000,-1.38,-1.41
2017,WISCONSIN,55.0,IOWA,49,78785000,-1.25,-1.22
2017,WISCONSIN,55.0,LAFAYETTE,65,114535000,-1.01,-0.98
2017,WISCONSIN,55.0,RICHLAND,103,30686000,-1.19,-1.18
2017,WISCONSIN,55.0,SAUK,111,70057000,-1.34,-1.32
2017,WISCONSIN,55.0,VERNON,123,61852000,-1.07,-1.01
2017,WISCONSIN,55.0,BUFFALO,11,54122000,-0.86,-0.87
2017,WISCONSIN,55.0,DUNN,33,101821000,-0.96,-0.97
2017,WISCONSIN,55.0,EAU CLAIRE,35,44158000,-0.28,-0.22
2017,WISCONSIN,55.0,JACKSON,53,80416000,-0.42,-0.41
2017,WISCONSIN,55.0,LA CROSSE,63,28044000,-1.01,-0.99
2017,WISCONSIN,55.0,MONROE,81,70529000,-0.93,-0.88
2017,WISCONSIN,55.0,PEPIN,91,24349000,-0.72,-0.71
2017,WISCONSIN,55.0,PIERCE,93,68632000,-0.83,-0.82
2017,WISCONSIN,55.0,ST CROIX,109,83156000,-0.73,-0.76
2017,WISCONSIN,55.0,TREMPEALEAU,121,72314000,-1.25,-1.25
2017,WYOMING,56.0,CAMPBELL,5,2557000,-0.85,-0.86
2017,WYOMING,56.0,CROOK,11,3626000,-0.86,-0.87
2017,WYOMING,56.0,JOHNSON,19,3098000,-1.56,-1.53
2017,WYOMING,56.0,SHERIDAN,33,8646000,-0.96,-0.97
2017,WYOMING,56.0,WESTON,45,617000,-0.39,-0.45
2017,WYOMING,56.0,BIG HORN,3,44574000,-0.07,-0.08
2017,WYOMING,56.0,FREMONT,13,33443000,-0.41,-0.36
2017,WYOMING,56.0,HOT SPRINGS,17,999000,-1.13,-1.08
2017,WYOMING,56.0,PARK,29,45730000,-1.79,-1.79
2017,WYOMING,56.0,WASHAKIE,43,16260000,-1.38,-1.41
2017,WYOMING,56.0,ALBANY,1,6340000,-0.32,-0.27
2017,WYOMING,56.0,CARBON,7,6162000,-1.0,-0.96
2017,WYOMING,56.0,NATRONA,25,5586000,-0.34,-0.31
2017,WYOMING,56.0,SWEETWATER,37,4560000,-0.88,-0.81
2017,WYOMING,56.0,CONVERSE,9,6902000,-1.83,-1.87
2017,WYOMING,56.0,GOSHEN,15,48526000,-1.8,-1.8
2017,WYOMING,56.0,LARAMIE,21,33042000,-0.6,-0.54
2017,WYOMING,56.0,NIOBRARA,27,4039000,-1.26,-1.27
2017,WYOMING,56.0,PLATTE,31,18537000,-0.47,-0.52
2017,WYOMING,56.0,LINCOLN,23,11166000,-1.03,-1.06
2017,WYOMING,56.0,SUBLETTE,35,6188000,-0.28,-0.22
2017,WYOMING,56.0,TETON,39,3973000,-0.47,-0.47
2017,WYOMING,56.0,UINTA,41,3629000,-0.62,-0.61
2012,ALABAMA,1.0,BULLOCK,11,33803000,-1.06,-1.07
2012,ALABAMA,1.0,DALLAS,47,27726000,-0.91,-0.88
2012,ALABAMA,1.0,ELMORE,51,17366000,-0.62,-0.55
2012,ALABAMA,1.0,GREENE,63,1733000,-0.32,-0.3
2012,ALABAMA,1.0,MACON,87,12243000,-0.89,-0.88
2012,ALABAMA,1.0,MARENGO,91,5350000,-0.66,-0.65
2012,ALABAMA,1.0,MONTGOMERY,101,16616000,-0.95,-0.93
2012,ALABAMA,1.0,PERRY,105,9650000,-0.65,-0.59
2012,ALABAMA,1.0,BALDWIN,3,115652000,-1.44,-1.45
2012,ALABAMA,1.0,CLARKE,25,1273000,-0.86,-0.83
2012,ALABAMA,1.0,CONECUH,35,7325000,-1.14,-1.07
2012,ALABAMA,1.0,ESCAMBIA,53,36149000,-1.28,-1.27
2012,ALABAMA,1.0,MOBILE,97,76821000,-1.46,-1.48
2012,ALABAMA,1.0,MONROE,99,32057000,-1.17,-1.1
2012,ALABAMA,1.0,WASHINGTON,129,4831000,-0.6,-0.64
2012,ALABAMA,1.0,BLOUNT,9,12428000,0.45,0.4
2012,ALABAMA,1.0,CALHOUN,15,10901000,-0.46,-0.46
2012,ALABAMA,1.0,CHEROKEE,19,36030000,0.03,0.06
2012,ALABAMA,1.0,CLEBURNE,29,3273000,-0.87,-0.86
2012,ALABAMA,1.0,CULLMAN,43,15920000,0.43,0.4
2012,ALABAMA,1.0,DE KALB,49,24253000,0.72,0.75
2012,ALABAMA,1.0,ETOWAH,55,5404000,0.31,0.29
2012,ALABAMA,1.0,JACKSON,71,35801000,1.15,1.19
2012,ALABAMA,1.0,MARSHALL,95,7445000,0.94,0.93
2012,ALABAMA,1.0,SAINT CLAIR,115,9834000,-0.03,-0.06
2012,ALABAMA,1.0,COLBERT,33,36371000,0.31,0.31
2012,ALABAMA,1.0,FRANKLIN,59,7491000,0.38,0.39
2012,ALABAMA,1.0,LAUDERDALE,77,40243000,0.53,0.51
2012,ALABAMA,1.0,LAWRENCE,79,56474000,0.59,0.56
2012,ALABAMA,1.0,LIMESTONE,83,85219000,0.45,0.48
2012,ALABAMA,1.0,MADISON,89,63960000,0.71,0.75
2012,ALABAMA,1.0,MARION,93,3184000,0.2,0.21
2012,ALABAMA,1.0,MORGAN,103,13881000,0.44,0.45
2012,ALABAMA,1.0,WINSTON,133,824000,0.2,0.17
2012,ALABAMA,1.0,CHAMBERS,17,2026000,-0.87,-0.82
2012,ALABAMA,1.0,CHILTON,21,10235000,-0.57,-0.51
2012,ALABAMA,1.0,CLAY,27,1025000,-0.9,-0.91
2012,ALABAMA,1.0,JEFFERSON,73,1083000,-0.23,-0.23
2012,ALABAMA,1.0,LAMAR,75,1557000,-0.11,-0.07
2012,ALABAMA,1.0,PICKENS,107,6675000,-0.09,-0.06
2012,ALABAMA,1.0,RANDOLPH,111,2135000,-1.08,-1.05
2012,ALABAMA,1.0,SHELBY,117,9785000,-0.44,-0.42
2012,ALABAMA,1.0,TALLADEGA,121,16999000,-0.68,-0.68
2012,ALABAMA,1.0,TALLAPOOSA,123,3406000,-0.77,-0.71
2012,ALABAMA,1.0,TUSCALOOSA,125,9342000,-0.48,-0.47
2012,ALABAMA,1.0,WALKER,127,3782000,-0.39,-0.4
2012,ALABAMA,1.0,BARBOUR,5,14760000,-1.28,-1.29
2012,ALABAMA,1.0,COFFEE,31,36989000,-1.28,-1.33
2012,ALABAMA,1.0,COVINGTON,39,31116000,-1.27,-1.26
2012,ALABAMA,1.0,CRENSHAW,41,5099000,-1.21,-1.2
2012,ALABAMA,1.0,DALE,45,25451000,-1.33,-1.4
2012,ALABAMA,1.0,GENEVA,61,47133000,-1.28,-1.34
2012,ALABAMA,1.0,HENRY,67,40145000,-1.27,-1.29
2012,ALABAMA,1.0,HOUSTON,69,63993000,-1.41,-1.47
2012,ALABAMA,1.0,PIKE,109,11553000,-1.33,-1.36
2012,ALABAMA,1.0,RUSSELL,113,16145000,-1.07,-1.05
2012,ARIZONA,4.0,APACHE,1,13197000,-0.79,-0.75
2012,ARIZONA,4.0,COCONINO,5,2358000,-1.28,-1.29
2012,ARIZONA,4.0,GILA,7,343000,-0.64,-0.6
2012,ARIZONA,4.0,MOHAVE,15,20790000,-0.46,-0.46
2012,ARIZONA,4.0,NAVAJO,17,5836000,-0.87,-0.82
2012,ARIZONA,4.0,YAVAPAI,25,10607000,-0.86,-0.83
2012,ARIZONA,4.0,GRAHAM,9,165860000,0.45,0.4
2012,ARIZONA,4.0,GREENLEE,11,2418000,-1.06,-1.07
2012,ARIZONA,4.0,MARICOPA,13,446895000,-0.94,-0.89
2012,ARIZONA,4.0,PIMA,19,74684000,0.03,0.06
2012,ARIZONA,4.0,PINAL,21,315577000,-0.57,-0.51
2012,ARIZONA,4.0,SANTA CRUZ,23,692000,-0.6,-0.63
2012,ARKANSAS,5.0,CONWAY,29,16616000,-0.87,-0.86
2012,ARKANSAS,5.0,FAULKNER,45,10067000,-1.33,-1.4
2012,ARKANSAS,5.0,GARLAND,51,4475000,-0.62,-0.55
2012,ARKANSAS,5.0,GRANT,53,550000,-1.28,-1.27
2012,ARKANSAS,5.0,HOT SPRING,59,1152000,0.38,0.39
2012,ARKANSAS,5.0,PERRY,105,4883000,-0.65,-0.59
2012,ARKANSAS,5.0,PULASKI,119,30152000,-0.35,-0.3
2012,ARKANSAS,5.0,SALINE,125,1823000,-0.48,-0.47
2012,ARKANSAS,5.0,ARKANSAS,1,297151000,-0.79,-0.75
2012,ARKANSAS,5.0,CRITTENDEN,35,214685000,-1.14,-1.07
2012,ARKANSAS,5.0,CROSS,37,188405000,-0.57,-0.5
2012,ARKANSAS,5.0,LEE,77,171619000,0.53,0.51
2012,ARKANSAS,5.0,LONOKE,85,191210000,-0.81,-0.83
2012,ARKANSAS,5.0,PHILLIPS,107,247759000,-0.09,-0.06
2012,ARKANSAS,5.0,PRAIRIE,117,159632000,-0.44,-0.42
2012,ARKANSAS,5.0,SAINT FRANCIS,123,189010000,-0.77,-0.71
2012,ARKANSAS,5.0,BAXTER,5,601000,-1.28,-1.29
2012,ARKANSAS,5.0,CLEBURNE,23,1195000,-0.6,-0.63
2012,ARKANSAS,5.0,FULTON,49,1104000,0.72,0.75
2012,ARKANSAS,5.0,MARION,89,560000,0.71,0.75
2012,ARKANSAS,5.0,SEARCY,129,1012000,-0.6,-0.64
2012,ARKANSAS,5.0,SHARP,135,1031000,1.19,1.15
2012,ARKANSAS,5.0,STONE,137,841000,0.82,0.81
2012,ARKANSAS,5.0,VAN BUREN,141,1067000,0.62,0.62
2012,ARKANSAS,5.0,CLAY,21,242740000,-0.57,-0.51
2012,ARKANSAS,5.0,CRAIGHEAD,31,258784000,-1.28,-1.33
2012,ARKANSAS,5.0,GREENE,55,167165000,0.31,0.29
2012,ARKANSAS,5.0,INDEPENDENCE,63,33891000,-0.32,-0.3
2012,ARKANSAS,5.0,JACKSON,67,183721000,-1.27,-1.29
2012,ARKANSAS,5.0,LAWRENCE,75,126179000,-0.11,-0.07
2012,ARKANSAS,5.0,MISSISSIPPI,93,314464000,0.2,0.21
2012,ARKANSAS,5.0,POINSETT,111,286746000,-1.08,-1.05
2012,ARKANSAS,5.0,RANDOLPH,121,57354000,-0.68,-0.68
2012,ARKANSAS,5.0,WHITE,145,39106000,0.37,0.42
2012,ARKANSAS,5.0,BENTON,7,5050000,-0.64,-0.6
2012,ARKANSAS,5.0,BOONE,9,1329000,0.45,0.4
2012,ARKANSAS,5.0,CARROLL,15,1884000,-0.46,-0.46
2012,ARKANSAS,5.0,MADISON,87,3145000,-0.89,-0.88
2012,ARKANSAS,5.0,NEWTON,101,1004000,-0.95,-0.93
2012,ARKANSAS,5.0,WASHINGTON,143,7042000,0.37,0.37
2012,ARKANSAS,5.0,CALHOUN,13,390000,-0.94,-0.89
2012,ARKANSAS,5.0,CLARK,19,2097000,0.03,0.06
2012,ARKANSAS,5.0,CLEVELAND,25,465000,-0.86,-0.83
2012,ARKANSAS,5.0,COLUMBIA,27,5082000,-0.9,-0.91
2012,ARKANSAS,5.0,DALLAS,39,776000,-1.27,-1.26
2012,ARKANSAS,5.0,NEVADA,99,1153000,-1.17,-1.1
2012,ARKANSAS,5.0,OUACHITA,103,408000,0.44,0.45
2012,ARKANSAS,5.0,UNION,139,569000,-1.26,-1.25
2012,ARKANSAS,5.0,ASHLEY,3,66742000,-1.44,-1.45
2012,ARKANSAS,5.0,CHICOT,17,197260000,-0.87,-0.82
2012,ARKANSAS,5.0,DESHA,41,206473000,-1.21,-1.2
2012,ARKANSAS,5.0,DREW,43,63585000,0.43,0.4
2012,ARKANSAS,5.0,JEFFERSON,69,196405000,-1.41,-1.47
2012,ARKANSAS,5.0,LINCOLN,79,117729000,0.59,0.56
2012,ARKANSAS,5.0,HEMPSTEAD,57,4551000,-0.25,-0.24
2012,ARKANSAS,5.0,HOWARD,61,1389000,-1.28,-1.34
2012,ARKANSAS,5.0,LAFAYETTE,73,31628000,-0.23,-0.23
2012,ARKANSAS,5.0,LITTLE RIVER,81,17879000,-0.72,-0.67
2012,ARKANSAS,5.0,MILLER,91,24502000,-0.66,-0.65
2012,ARKANSAS,5.0,MONTGOMERY,97,886000,-1.46,-1.48
2012,ARKANSAS,5.0,PIKE,109,600000,-1.33,-1.36
2012,ARKANSAS,5.0,SEVIER,133,810000,0.2,0.17
2012,ARKANSAS,5.0,CRAWFORD,33,22542000,0.31,0.31
2012,ARKANSAS,5.0,FRANKLIN,47,4267000,-0.91,-0.88
2012,ARKANSAS,5.0,JOHNSON,71,4335000,1.15,1.19
2012,ARKANSAS,5.0,LOGAN,83,6303000,0.45,0.48
2012,ARKANSAS,5.0,POLK,113,1648000,-1.07,-1.05
2012,ARKANSAS,5.0,POPE,115,10396000,-0.03,-0.06
2012,ARKANSAS,5.0,SCOTT,127,1336000,-0.39,-0.4
2012,ARKANSAS,5.0,SEBASTIAN,131,2414000,-1.13,-1.1
2012,ARKANSAS,5.0,YELL,149,6299000,0.45,0.44
2012,CALIFORNIA,6.0,ALAMEDA,1,47557000,-0.79,-0.75
2012,CALIFORNIA,6.0,CONTRA COSTA,13,75703000,-0.94,-0.89
2012,CALIFORNIA,6.0,LAKE,33,97477000,0.31,0.31
2012,CALIFORNIA,6.0,MARIN,41,8581000,-1.21,-1.2
2012,CALIFORNIA,6.0,MONTEREY,53,2935327000,-1.28,-1.27
2012,CALIFORNIA,6.0,NAPA,55,524203000,0.31,0.29
2012,CALIFORNIA,6.0,SAN BENITO,69,126077000,-1.41,-1.47
2012,CALIFORNIA,6.0,SAN LUIS OBISPO,79,618023000,0.59,0.56
2012,CALIFORNIA,6.0,SAN MATEO,81,73137000,-0.72,-0.67
2012,CALIFORNIA,6.0,SANTA CLARA,85,233397000,-0.81,-0.83
2012,CALIFORNIA,6.0,SANTA CRUZ,87,548415000,-0.89,-0.88
2012,CALIFORNIA,6.0,SONOMA,97,606237000,-1.46,-1.48
2012,CALIFORNIA,6.0,MODOC,49,70327000,0.72,0.75
2012,CALIFORNIA,6.0,PLUMAS,63,4459000,-0.32,-0.3
2012,CALIFORNIA,6.0,DEL NORTE,15,16561000,-0.46,-0.46
2012,CALIFORNIA,6.0,MENDOCINO,45,137167000,-1.33,-1.4
2012,CALIFORNIA,6.0,BUTTE,7,526847000,-0.64,-0.6
2012,CALIFORNIA,6.0,COLUSA,11,569922000,-1.06,-1.07
2012,CALIFORNIA,6.0,GLENN,21,509107000,-0.57,-0.51
2012,CALIFORNIA,6.0,SACRAMENTO,67,208842000,-1.27,-1.29
2012,CALIFORNIA,6.0,SOLANO,95,242743000,0.94,0.93
2012,CALIFORNIA,6.0,SUTTER,101,501917000,-0.95,-0.93
2012,CALIFORNIA,6.0,TEHAMA,103,170088000,0.44,0.45
2012,CALIFORNIA,6.0,YOLO,113,525503000,-1.07,-1.05
2012,CALIFORNIA,6.0,YUBA,115,154440000,-0.03,-0.06
2012,CALIFORNIA,6.0,FRESNO,19,3700093000,0.03,0.06
2012,CALIFORNIA,6.0,KERN,29,3231921000,-0.87,-0.86
2012,CALIFORNIA,6.0,KINGS,31,854628000,-1.28,-1.33
2012,CALIFORNIA,6.0,MADERA,39,1239924000,-1.27,-1.26
2012,CALIFORNIA,6.0,MERCED,47,1272622000,-0.91,-0.88
2012,CALIFORNIA,6.0,SAN JOAQUIN,77,1658533000,0.53,0.51
2012,CALIFORNIA,6.0,STANISLAUS,99,1062853000,-1.17,-1.1
2012,CALIFORNIA,6.0,TULARE,107,1671142000,-0.09,-0.06
2012,CALIFORNIA,6.0,AMADOR,5,21767000,-1.28,-1.29
2012,CALIFORNIA,6.0,CALAVERAS,9,11835000,0.45,0.4
2012,CALIFORNIA,6.0,EL DORADO,17,24340000,-0.87,-0.82
2012,CALIFORNIA,6.0,INYO,27,6791000,-0.9,-0.91
2012,CALIFORNIA,6.0,MARIPOSA,43,2608000,0.43,0.4
2012,CALIFORNIA,6.0,MONO,51,8810000,-0.62,-0.55
2012,CALIFORNIA,6.0,NEVADA,57,5807000,-0.25,-0.24
2012,CALIFORNIA,6.0,TUOLUMNE,109,2588000,-1.33,-1.36
2012,CALIFORNIA,6.0,SHASTA,89,24014000,0.71,0.75
2012,CALIFORNIA,6.0,SISKIYOU,93,190530000,0.2,0.21
2012,CALIFORNIA,6.0,IMPERIAL,25,1310273000,-0.86,-0.83
2012,CALIFORNIA,6.0,LOS ANGELES,37,174019000,-0.57,-0.5
2012,CALIFORNIA,6.0,ORANGE,59,156926000,0.38,0.39
2012,CALIFORNIA,6.0,RIVERSIDE,65,744651000,-0.42,-0.39
2012,CALIFORNIA,6.0,SAN BERNARDINO,71,66845000,1.15,1.19
2012,CALIFORNIA,6.0,SAN DIEGO,73,648221000,-0.23,-0.23
2012,CALIFORNIA,6.0,SANTA BARBARA,83,1129013000,0.45,0.48
2012,CALIFORNIA,6.0,VENTURA,111,1430264000,-1.08,-1.05
2012,COLORADO,8.0,ADAMS,1,102519000,-0.79,-0.75
2012,COLORADO,8.0,CHEYENNE,17,59270000,-0.87,-0.82
2012,COLORADO,8.0,DOUGLAS,35,4570000,-1.14,-1.07
2012,COLORADO,8.0,EL PASO,41,20684000,-1.21,-1.2
2012,COLORADO,8.0,ELBERT,39,8953000,-1.27,-1.26
2012,COLORADO,8.0,KIOWA,61,36987000,-1.28,-1.34
2012,COLORADO,8.0,KIT CARSON,63,140583000,-0.32,-0.3
2012,COLORADO,8.0,LINCOLN,73,40405000,-0.23,-0.23
2012,COLORADO,8.0,PHILLIPS,95,117490000,0.94,0.93
2012,COLORADO,8.0,WASHINGTON,121,98527000,-0.68,-0.68
2012,COLORADO,8.0,YUMA,125,311704000,-0.48,-0.47
2012,COLORADO,8.0,BROOMFIELD,14,1397000,0.09,0.02
2012,COLORADO,8.0,JEFFERSON,59,7371000,0.38,0.39
2012,COLORADO,8.0,LARIMER,69,57381000,-1.41,-1.47
2012,COLORADO,8.0,LOGAN,75,117927000,-0.11,-0.07
2012,COLORADO,8.0,MORGAN,87,106243000,-0.89,-0.88
2012,COLORADO,8.0,SEDGWICK,115,57477000,-0.03,-0.06
2012,COLORADO,8.0,WELD,123,374054000,-0.77,-0.71
2012,COLORADO,8.0,CHAFFEE,15,2936000,-0.46,-0.46
2012,COLORADO,8.0,EAGLE,37,3351000,-0.57,-0.5
2012,COLORADO,8.0,GRAND,49,2112000,0.72,0.75
2012,COLORADO,8.0,GUNNISON,51,1793000,-0.62,-0.55
2012,COLORADO,8.0,JACKSON,57,4684000,-0.25,-0.24
2012,COLORADO,8.0,LAKE,65,77000,-0.42,-0.39
2012,COLORADO,8.0,MOFFAT,81,3511000,-0.72,-0.67
2012,COLORADO,8.0,PARK,93,713000,0.2,0.21
2012,COLORADO,8.0,PITKIN,97,394000,-1.46,-1.48
2012,COLORADO,8.0,RIO BLANCO,103,3961000,0.44,0.45
2012,COLORADO,8.0,ROUTT,107,7802000,-0.09,-0.06
2012,COLORADO,8.0,TELLER,119,158000,-0.35,-0.3
2012,COLORADO,8.0,ALAMOSA,3,80984000,-1.44,-1.45
2012,COLORADO,8.0,CONEJOS,21,26411000,-0.57,-0.51
2012,COLORADO,8.0,COSTILLA,23,24529000,-0.6,-0.63
2012,COLORADO,8.0,MINERAL,79,15000,0.59,0.56
2012,COLORADO,8.0,RIO GRANDE,105,94632000,-0.65,-0.59
2012,COLORADO,8.0,SAGUACHE,109,92601000,-1.33,-1.36
2012,COLORADO,8.0,BACA,9,78922000,0.45,0.4
2012,COLORADO,8.0,BENT,11,12706000,-1.06,-1.07
2012,COLORADO,8.0,CROWLEY,25,1617000,-0.86,-0.83
2012,COLORADO,8.0,CUSTER,27,2229000,-0.9,-0.91
2012,COLORADO,8.0,FREMONT,43,4289000,0.43,0.4
2012,COLORADO,8.0,HUERFANO,55,1474000,0.31,0.29
2012,COLORADO,8.0,LAS ANIMAS,71,3170000,1.15,1.19
2012,COLORADO,8.0,OTERO,89,30027000,0.71,0.75
2012,COLORADO,8.0,PROWERS,99,64897000,-1.17,-1.1
2012,COLORADO,8.0,PUEBLO,101,18061000,-0.95,-0.93
2012,COLORADO,8.0,ARCHULETA,7,1289000,-0.64,-0.6
2012,COLORADO,8.0,DELTA,29,23582000,-0.87,-0.86
2012,COLORADO,8.0,DOLORES,33,6339000,0.31,0.31
2012,COLORADO,8.0,GARFIELD,45,5644000,-1.33,-1.4
2012,COLORADO,8.0,HINSDALE,53,110000,-1.28,-1.27
2012,COLORADO,8.0,LA PLATA,67,8356000,-1.27,-1.29
2012,COLORADO,8.0,MESA,77,40652000,0.53,0.51
2012,COLORADO,8.0,MONTEZUMA,83,30014000,0.45,0.48
2012,COLORADO,8.0,MONTROSE,85,33700000,-0.81,-0.83
2012,COLORADO,8.0,OURAY,91,707000,-0.66,-0.65
2012,COLORADO,8.0,SAN MIGUEL,113,533000,-1.07,-1.05
2012,CONNECTICUT,9.0,FAIRFIELD,1,20925000,-0.79,-0.75
2012,CONNECTICUT,9.0,HARTFORD,3,107170000,-1.44,-1.45
2012,CONNECTICUT,9.0,LITCHFIELD,5,28023000,-1.28,-1.29
2012,CONNECTICUT,9.0,MIDDLESEX,7,50567000,-0.64,-0.6
2012,CONNECTICUT,9.0,NEW HAVEN,9,77561000,0.45,0.4
2012,CONNECTICUT,9.0,NEW LONDON,11,51167000,-1.06,-1.07
2012,CONNECTICUT,9.0,TOLLAND,13,35678000,-0.94,-0.89
2012,CONNECTICUT,9.0,WINDHAM,15,18046000,-0.46,-0.46
2012,DELAWARE,10.0,SUSSEX,5,249492000,-1.28,-1.29
2012,FLORIDA,12.0,ALACHUA,1,69295000,-0.79,-0.75
2012,FLORIDA,12.0,BRADFORD,7,2456000,-0.64,-0.6
2012,FLORIDA,12.0,CITRUS,17,7726000,-0.87,-0.82
2012,FLORIDA,12.0,CLAY,19,5818000,0.03,0.06
2012,FLORIDA,12.0,FLAGLER,35,15566000,-1.14,-1.07
2012,FLORIDA,12.0,GILCHRIST,41,28031000,-1.21,-1.2
2012,FLORIDA,12.0,HERNANDO,53,15899000,-1.28,-1.27
2012,FLORIDA,12.0,HILLSBOROUGH,57,318507000,-0.25,-0.24
2012,FLORIDA,12.0,LAKE,69,133554000,-1.41,-1.47
2012,FLORIDA,12.0,LEVY,75,42111000,-0.11,-0.07
2012,FLORIDA,12.0,MARION,83,43774000,0.45,0.48
2012,FLORIDA,12.0,ORANGE,95,251578000,0.94,0.93
2012,FLORIDA,12.0,OSCEOLA,97,68881000,-1.46,-1.48
2012,FLORIDA,12.0,PASCO,101,29864000,-0.95,-0.93
2012,FLORIDA,12.0,PINELLAS,103,1927000,0.44,0.45
2012,FLORIDA,12.0,POLK,105,316031000,-0.65,-0.59
2012,FLORIDA,12.0,PUTNAM,107,37554000,-0.09,-0.06
2012,FLORIDA,12.0,SEMINOLE,117,26115000,-0.44,-0.42
2012,FLORIDA,12.0,ST. JOHNS,109,68769000,-1.33,-1.36
2012,FLORIDA,12.0,SUMTER,119,24775000,-0.35,-0.3
2012,FLORIDA,12.0,UNION,125,5625000,-0.48,-0.47
2012,FLORIDA,12.0,VOLUSIA,127,100065000,-0.39,-0.4
2012,FLORIDA,12.0,BAKER,3,2358000,-1.44,-1.45
2012,FLORIDA,12.0,COLUMBIA,23,18916000,-0.6,-0.63
2012,FLORIDA,12.0,DUVAL,31,12270000,-1.28,-1.33
2012,FLORIDA,12.0,HAMILTON,47,36489000,-0.91,-0.88
2012,FLORIDA,12.0,LAFAYETTE,67,11403000,-1.27,-1.29
2012,FLORIDA,12.0,MADISON,79,15739000,0.59,0.56
2012,FLORIDA,12.0,NASSAU,89,1226000,0.71,0.75
2012,FLORIDA,12.0,SUWANNEE,121,86654000,-0.68,-0.68
2012,FLORIDA,12.0,TAYLOR,123,3415000,-0.77,-0.71
2012,FLORIDA,12.0,BAY,5,2271000,-1.28,-1.29
2012,FLORIDA,12.0,CALHOUN,13,16555000,-0.94,-0.89
2012,FLORIDA,12.0,ESCAMBIA,33,38059000,0.31,0.31
2012,FLORIDA,12.0,FRANKLIN,37,255000,-0.57,-0.5
2012,FLORIDA,12.0,GADSDEN,39,53200000,-1.27,-1.26
2012,FLORIDA,12.0,GULF,45,44000,-1.33,-1.4
2012,FLORIDA,12.0,HOLMES,59,13302000,0.38,0.39
2012,FLORIDA,12.0,JACKSON,63,75429000,-0.32,-0.3
2012,FLORIDA,12.0,JEFFERSON,65,21083000,-0.42,-0.39
2012,FLORIDA,12.0,LEON,73,2787000,-0.23,-0.23
2012,FLORIDA,12.0,LIBERTY,77,44000,0.53,0.51
2012,FLORIDA,12.0,OKALOOSA,91,8337000,-0.66,-0.65
2012,FLORIDA,12.0,SANTA ROSA,113,59556000,-1.07,-1.05
2012,FLORIDA,12.0,WALTON,131,10714000,-1.13,-1.1
2012,FLORIDA,12.0,WASHINGTON,133,9393000,0.2,0.17
2012,FLORIDA,12.0,BREVARD,9,35483000,0.45,0.4
2012,FLORIDA,12.0,BROWARD,11,43252000,-1.06,-1.07
2012,FLORIDA,12.0,CHARLOTTE,15,94889000,-0.46,-0.46
2012,FLORIDA,12.0,COLLIER,21,198953000,-0.57,-0.51
2012,FLORIDA,12.0,DE SOTO,27,162968000,-0.9,-0.91
2012,FLORIDA,12.0,GLADES,43,78009000,0.43,0.4
2012,FLORIDA,12.0,HARDEE,49,145058000,0.72,0.75
2012,FLORIDA,12.0,HENDRY,51,478785000,-0.62,-0.55
2012,FLORIDA,12.0,HIGHLANDS,55,198496000,0.31,0.29
2012,FLORIDA,12.0,INDIAN RIVER,61,133598000,-1.28,-1.34
2012,FLORIDA,12.0,LEE,71,101469000,1.15,1.19
2012,FLORIDA,12.0,MANATEE,81,272757000,-0.72,-0.67
2012,FLORIDA,12.0,MARTIN,85,112614000,-0.81,-0.83
2012,FLORIDA,12.0,MIAMI-DADE,86,592266000,-0.59,-0.69
2012,FLORIDA,12.0,MONROE,87,655000,-0.89,-0.88
2012,FLORIDA,12.0,OKEECHOBEE,93,50597000,0.2,0.21
2012,FLORIDA,12.0,PALM BEACH,99,982049000,-1.17,-1.1
2012,FLORIDA,12.0,SARASOTA,115,15027000,-0.03,-0.06
2012,FLORIDA,12.0,ST. LUCIE,111,147009000,-1.08,-1.05
2012,GEORGIA,13.0,BALDWIN,9,522000,0.45,0.4
2012,GEORGIA,13.0,BIBB,21,1284000,-0.57,-0.51
2012,GEORGIA,13.0,BLECKLEY,23,23127000,-0.6,-0.63
2012,GEORGIA,13.0,BUTTS,35,1228000,-1.14,-1.07
2012,GEORGIA,13.0,CRAWFORD,79,26550000,0.59,0.56
2012,GEORGIA,13.0,DODGE,91,18831000,-0.66,-0.65
2012,GEORGIA,13.0,GREENE,133,2138000,0.2,0.17
2012,GEORGIA,13.0,HANCOCK,141,1620000,0.62,0.62
2012,GEORGIA,13.0,HOUSTON,153,15611000,-1.53,-1.6
2012,GEORGIA,13.0,JASPER,159,3465000,-1.3,-1.4
2012,GEORGIA,13.0,JOHNSON,167,5317000,-1.29,-1.41
2012,GEORGIA,13.0,JONES,169,552000,-1.51,-1.58
2012,GEORGIA,13.0,LAURENS,175,30344000,-1.52,-1.62
2012,GEORGIA,13.0,MONROE,207,819000,-1.44,-1.47
2012,GEORGIA,13.0,MONTGOMERY,209,12176000,-1.57,-1.62
2012,GEORGIA,13.0,MORGAN,211,7075000,-1.26,-1.38
2012,GEORGIA,13.0,PEACH,225,29271000,-1.48,-1.56
2012,GEORGIA,13.0,PULASKI,235,49406000,-1.61,-1.66
2012,GEORGIA,13.0,PUTNAM,237,1432000,-1.43,-1.57
2012,GEORGIA,13.0,ROCKDALE,247,271000,-1.24,-1.29
2012,GEORGIA,13.0,TALIAFERRO,265,422000,-1.34,-1.45
2012,GEORGIA,13.0,TREUTLEN,283,7840000,-1.52,-1.61
2012,GEORGIA,13.0,TWIGGS,289,8651000,-1.51,-1.58
2012,GEORGIA,13.0,WASHINGTON,303,20320000,-1.28,-1.4
2012,GEORGIA,13.0,WHEELER,309,7753000,-1.63,-1.68
2012,GEORGIA,13.0,WILKINSON,319,1325000,-1.47,-1.55
2012,GEORGIA,13.0,BULLOCH,31,89194000,-1.28,-1.33
2012,GEORGIA,13.0,BURKE,33,71293000,0.31,0.31
2012,GEORGIA,13.0,CANDLER,43,13588000,0.43,0.4
2012,GEORGIA,13.0,COLUMBIA,73,1935000,-0.23,-0.23
2012,GEORGIA,13.0,EFFINGHAM,103,12468000,0.44,0.45
2012,GEORGIA,13.0,EMANUEL,107,53194000,-0.09,-0.06
2012,GEORGIA,13.0,GLASCOCK,125,2625000,-0.48,-0.47
2012,GEORGIA,13.0,JEFFERSON,163,52999000,-1.5,-1.6
2012,GEORGIA,13.0,JENKINS,165,33927000,-1.9,-1.97
2012,GEORGIA,13.0,RICHMOND,245,913000,-1.4,-1.45
2012,GEORGIA,13.0,SCREVEN,251,61497000,-2.07,-2.13
2012,GEORGIA,13.0,WARREN,301,3239000,-1.46,-1.57
2012,GEORGIA,13.0,BARROW,13,570000,-0.94,-0.89
2012,GEORGIA,13.0,CHEROKEE,57,6421000,-0.25,-0.24
2012,GEORGIA,13.0,COBB,67,3045000,-1.27,-1.29
2012,GEORGIA,13.0,DAWSON,85,626000,-0.81,-0.83
2012,GEORGIA,13.0,DE KALB,89,545000,0.71,0.75
2012,GEORGIA,13.0,FANNIN,111,1289000,-1.08,-1.05
2012,GEORGIA,13.0,FORSYTH,117,2597000,-0.44,-0.42
2012,GEORGIA,13.0,FULTON,121,3284000,-0.68,-0.68
2012,GEORGIA,13.0,GILMER,123,2091000,-0.77,-0.71
2012,GEORGIA,13.0,GWINNETT,135,11167000,1.19,1.15
2012,GEORGIA,13.0,HALL,139,3451000,-1.26,-1.25
2012,GEORGIA,13.0,JACKSON,157,5419000,-1.04,-1.05
2012,GEORGIA,13.0,LUMPKIN,187,1989000,-0.13,-0.11
2012,GEORGIA,13.0,OCONEE,219,23589000,-1.16,-1.22
2012,GEORGIA,13.0,PICKENS,227,997000,-0.18,-0.16
2012,GEORGIA,13.0,TOWNS,281,1170000,-0.21,-0.22
2012,GEORGIA,13.0,UNION,291,4550000,0.1,0.09
2012,GEORGIA,13.0,WALTON,297,6222000,-1.21,-1.27
2012,GEORGIA,13.0,WHITE,311,2249000,-0.24,-0.21
2012,GEORGIA,13.0,BANKS,11,1754000,-1.06,-1.07
2012,GEORGIA,13.0,ELBERT,105,2953000,-0.65,-0.59
2012,GEORGIA,13.0,FRANKLIN,119,4515000,-0.35,-0.3
2012,GEORGIA,13.0,HABERSHAM,137,1675000,0.82,0.81
2012,GEORGIA,13.0,HART,147,7781000,0.33,0.33
2012,GEORGIA,13.0,LINCOLN,181,521000,-1.24,-1.34
2012,GEORGIA,13.0,MADISON,195,3004000,-1.11,-1.14
2012,GEORGIA,13.0,OGLETHORPE,221,8263000,-1.21,-1.28
2012,GEORGIA,13.0,RABUN,241,4433000,-0.46,-0.45
2012,GEORGIA,13.0,STEPHENS,257,508000,-0.91,-0.9
2012,GEORGIA,13.0,WILKES,317,3311000,-1.23,-1.32
2012,GEORGIA,13.0,BARTOW,15,14809000,-0.46,-0.46
2012,GEORGIA,13.0,CATOOSA,47,4397000,-0.91,-0.88
2012,GEORGIA,13.0,CHATTOOGA,55,1831000,0.31,0.29
2012,GEORGIA,13.0,DADE,83,525000,0.45,0.48
2012,GEORGIA,13.0,FLOYD,115,5304000,-0.03,-0.06
2012,GEORGIA,13.0,GORDON,129,12691000,-0.6,-0.64
2012,GEORGIA,13.0,MURRAY,213,11154000,-0.1,-0.08
2012,GEORGIA,13.0,PAULDING,223,502000,-0.79,-0.77
2012,GEORGIA,13.0,POLK,233,3027000,-0.64,-0.6
2012,GEORGIA,13.0,WALKER,295,8719000,0.39,0.43
2012,GEORGIA,13.0,WHITFIELD,313,1693000,0.06,0.11
2012,GEORGIA,13.0,ATKINSON,3,30099000,-1.44,-1.45
2012,GEORGIA,13.0,BEN HILL,17,23374000,-0.87,-0.82
2012,GEORGIA,13.0,BERRIEN,19,81271000,0.03,0.06
2012,GEORGIA,13.0,BROOKS,27,74814000,-0.9,-0.91
2012,GEORGIA,13.0,CLINCH,65,21533000,-0.42,-0.39
2012,GEORGIA,13.0,COFFEE,69,88752000,-1.41,-1.47
2012,GEORGIA,13.0,COLQUITT,71,163969000,1.15,1.19
2012,GEORGIA,13.0,COOK,75,56103000,-0.11,-0.07
2012,GEORGIA,13.0,CRISP,81,69338000,-0.72,-0.67
2012,GEORGIA,13.0,DOOLY,93,69936000,0.2,0.21
2012,GEORGIA,13.0,ECHOLS,101,7391000,-0.95,-0.93
2012,GEORGIA,13.0,IRWIN,155,101435000,-1.77,-1.8
2012,GEORGIA,13.0,JEFF DAVIS,161,40792000,-1.8,-1.85
2012,GEORGIA,13.0,LANIER,173,20768000,-0.83,-0.88
2012,GEORGIA,13.0,LOWNDES,185,24638000,-1.0,-1.04
2012,GEORGIA,13.0,TELFAIR,271,4818000,-1.92,-1.97
2012,GEORGIA,13.0,TIFT,277,66353000,-1.45,-1.48
2012,GEORGIA,13.0,TURNER,287,50706000,-1.67,-1.73
2012,GEORGIA,13.0,WILCOX,315,67716000,-1.77,-1.83
2012,GEORGIA,13.0,WORTH,321,139049000,-1.65,-1.71
2012,GEORGIA,13.0,APPLING,1,63898000,-0.79,-0.75
2012,GEORGIA,13.0,BACON,5,31649000,-1.28,-1.29
2012,GEORGIA,13.0,BRANTLEY,25,4023000,-0.86,-0.83
2012,GEORGIA,13.0,BRYAN,29,2563000,-0.87,-0.86
2012,GEORGIA,13.0,CAMDEN,39,323000,-1.27,-1.26
2012,GEORGIA,13.0,CHARLTON,49,548000,0.72,0.75
2012,GEORGIA,13.0,CHATHAM,51,3846000,-0.62,-0.55
2012,GEORGIA,13.0,EVANS,109,16225000,-1.33,-1.36
2012,GEORGIA,13.0,GLYNN,127,222000,-0.39,-0.4
2012,GEORGIA,13.0,LIBERTY,179,149000,-1.65,-1.67
2012,GEORGIA,13.0,LONG,183,707000,-1.46,-1.47
2012,GEORGIA,13.0,MCINTOSH,191,2232000,-1.76,-1.73
2012,GEORGIA,13.0,PIERCE,229,39347000,-1.33,-1.34
2012,GEORGIA,13.0,TATTNALL,267,86699000,-1.59,-1.64
2012,GEORGIA,13.0,TOOMBS,279,46087000,-1.65,-1.7
2012,GEORGIA,13.0,WARE,299,20041000,-1.46,-1.46
2012,GEORGIA,13.0,WAYNE,305,26494000,-1.3,-1.27
2012,GEORGIA,13.0,BAKER,7,62467000,-0.64,-0.6
2012,GEORGIA,13.0,CALHOUN,37,67489000,-0.57,-0.5
2012,GEORGIA,13.0,CLAY,61,17173000,-1.28,-1.34
2012,GEORGIA,13.0,DECATUR,87,189967000,-0.89,-0.88
2012,GEORGIA,13.0,DOUGHERTY,95,31625000,0.94,0.93
2012,GEORGIA,13.0,EARLY,99,78832000,-1.17,-1.1
2012,GEORGIA,13.0,GRADY,131,63578000,-1.13,-1.1
2012,GEORGIA,13.0,MILLER,201,64012000,-1.34,-1.37
2012,GEORGIA,13.0,MITCHELL,205,142781000,-1.68,-1.73
2012,GEORGIA,13.0,RANDOLPH,243,48190000,-1.19,-1.21
2012,GEORGIA,13.0,SEMINOLE,253,67807000,-1.42,-1.47
2012,GEORGIA,13.0,STEWART,259,11783000,-1.24,-1.24
2012,GEORGIA,13.0,SUMTER,261,84350000,-1.38,-1.44
2012,GEORGIA,13.0,TERRELL,273,65928000,-1.42,-1.47
2012,GEORGIA,13.0,THOMAS,275,64950000,-1.65,-1.71
2012,GEORGIA,13.0,WEBSTER,307,15243000,-1.31,-1.33
2012,GEORGIA,13.0,CARROLL,45,9023000,-1.33,-1.4
2012,GEORGIA,13.0,CLAYTON,63,33000,-0.32,-0.3
2012,GEORGIA,13.0,COWETA,77,5951000,0.53,0.51
2012,GEORGIA,13.0,DOUGLAS,97,814000,-1.46,-1.48
2012,GEORGIA,13.0,FAYETTE,113,3603000,-1.07,-1.05
2012,GEORGIA,13.0,HARALSON,143,345000,0.37,0.37
2012,GEORGIA,13.0,HARRIS,145,1454000,0.37,0.42
2012,GEORGIA,13.0,HEARD,149,856000,0.45,0.44
2012,GEORGIA,13.0,HENRY,151,1922000,-1.17,-1.21
2012,GEORGIA,13.0,LAMAR,171,10715000,-1.34,-1.37
2012,GEORGIA,13.0,MACON,193,36161000,-1.4,-1.47
2012,GEORGIA,13.0,MARION,197,5717000,-1.34,-1.36
2012,GEORGIA,13.0,MERIWETHER,199,5701000,-1.09,-1.07
2012,GEORGIA,13.0,MUSCOGEE,215,17000,-1.13,-1.08
2012,GEORGIA,13.0,PIKE,231,2465000,-1.17,-1.19
2012,GEORGIA,13.0,SCHLEY,249,2021000,-1.35,-1.41
2012,GEORGIA,13.0,SPALDING,255,1008000,-1.03,-1.04
2012,GEORGIA,13.0,TALBOT,263,273000,-1.44,-1.43
2012,GEORGIA,13.0,TAYLOR,269,12615000,-1.49,-1.55
2012,GEORGIA,13.0,TROUP,285,985000,-0.92,-0.9
2012,GEORGIA,13.0,UPSON,293,1956000,-1.57,-1.61
2012,HAWAII,15.0,HAWAII,1,156384000,-0.79,-0.75
2012,HAWAII,15.0,KAUAI,7,55696000,-0.64,-0.6
2012,HAWAII,15.0,MAUI & KALAWAO,9,181480000,0.45,0.4
2012,HAWAII,15.0,HONOLULU,3,145313000,-1.44,-1.45
2012,IDAHO,16.0,BANNOCK,5,36125000,-1.28,-1.29
2012,IDAHO,16.0,BEAR LAKE,7,10447000,-0.64,-0.6
2012,IDAHO,16.0,BINGHAM,11,375047000,-1.06,-1.07
2012,IDAHO,16.0,BONNEVILLE,19,146529000,0.03,0.06
2012,IDAHO,16.0,BUTTE,23,32391000,-0.6,-0.63
2012,IDAHO,16.0,CARIBOU,29,67657000,-0.87,-0.86
2012,IDAHO,16.0,CLARK,33,26435000,0.31,0.31
2012,IDAHO,16.0,CUSTER,37,8813000,-0.57,-0.5
2012,IDAHO,16.0,FRANKLIN,41,24543000,-1.21,-1.2
2012,IDAHO,16.0,FREMONT,43,141967000,0.43,0.4
2012,IDAHO,16.0,JEFFERSON,51,148544000,-0.62,-0.55
2012,IDAHO,16.0,LEMHI,59,4842000,0.38,0.39
2012,IDAHO,16.0,MADISON,65,123497000,-0.42,-0.39
2012,IDAHO,16.0,ONEIDA,71,18851000,1.15,1.19
2012,IDAHO,16.0,POWER,77,203458000,0.53,0.51
2012,IDAHO,16.0,TETON,81,30042000,-0.72,-0.67
2012,IDAHO,16.0,BENEWAH,9,23114000,0.45,0.4
2012,IDAHO,16.0,BONNER,17,6159000,-0.87,-0.82
2012,IDAHO,16.0,BOUNDARY,21,23414000,-0.57,-0.51
2012,IDAHO,16.0,CLEARWATER,35,7276000,-1.14,-1.07
2012,IDAHO,16.0,IDAHO,49,62547000,0.72,0.75
2012,IDAHO,16.0,KOOTENAI,55,19848000,0.31,0.29
2012,IDAHO,16.0,LATAH,57,83065000,-0.25,-0.24
2012,IDAHO,16.0,LEWIS,61,59641000,-1.28,-1.34
2012,IDAHO,16.0,NEZ PERCE,69,72273000,-1.41,-1.47
2012,IDAHO,16.0,SHOSHONE,79,46000,0.59,0.56
2012,IDAHO,16.0,BLAINE,13,27861000,-0.94,-0.89
2012,IDAHO,16.0,CAMAS,25,18045000,-0.86,-0.83
2012,IDAHO,16.0,CASSIA,31,257636000,-1.28,-1.33
2012,IDAHO,16.0,GOODING,47,100806000,-0.91,-0.88
2012,IDAHO,16.0,JEROME,53,145219000,-1.28,-1.27
2012,IDAHO,16.0,LINCOLN,63,38316000,-0.32,-0.3
2012,IDAHO,16.0,MINIDOKA,67,267963000,-1.27,-1.29
2012,IDAHO,16.0,TWIN FALLS,83,216047000,0.45,0.48
2012,IDAHO,16.0,ADA,1,44599000,-0.79,-0.75
2012,IDAHO,16.0,ADAMS,3,3401000,-1.44,-1.45
2012,IDAHO,16.0,BOISE,15,1216000,-0.46,-0.46
2012,IDAHO,16.0,CANYON,27,272381000,-0.9,-0.91
2012,IDAHO,16.0,ELMORE,39,94142000,-1.27,-1.26
2012,IDAHO,16.0,GEM,45,16565000,-1.33,-1.4
2012,IDAHO,16.0,OWYHEE,73,93770000,-0.23,-0.23
2012,IDAHO,16.0,PAYETTE,75,50270000,-0.11,-0.07
2012,IDAHO,16.0,VALLEY,85,1209000,-0.81,-0.83
2012,IDAHO,16.0,WASHINGTON,87,36994000,-0.89,-0.88
2012,ILLINOIS,17.0,DE WITT,39,137899000,-1.27,-1.26
2012,ILLINOIS,17.0,LOGAN,107,218519000,-0.09,-0.06
2012,ILLINOIS,17.0,MACON,115,202271000,-0.03,-0.06
2012,ILLINOIS,17.0,MARSHALL,123,130981000,-0.77,-0.71
2012,ILLINOIS,17.0,MASON,125,178395000,-0.48,-0.47
2012,ILLINOIS,17.0,MCLEAN,113,443866000,-1.07,-1.05
2012,ILLINOIS,17.0,MENARD,129,79746000,-0.6,-0.64
2012,ILLINOIS,17.0,PEORIA,143,163591000,0.37,0.37
2012,ILLINOIS,17.0,STARK,175,125478000,-1.52,-1.62
2012,ILLINOIS,17.0,TAZEWELL,179,233801000,-1.65,-1.67
2012,ILLINOIS,17.0,WOODFORD,203,188811000,0.28,0.28
2012,ILLINOIS,17.0,CHAMPAIGN,19,400918000,0.03,0.06
2012,ILLINOIS,17.0,FORD,53,158138000,-1.28,-1.27
2012,ILLINOIS,17.0,IROQUOIS,75,426369000,-0.11,-0.07
2012,ILLINOIS,17.0,KANKAKEE,91,259445000,-0.66,-0.65
2012,ILLINOIS,17.0,LIVINGSTON,105,333374000,-0.65,-0.59
2012,ILLINOIS,17.0,PIATT,147,183689000,0.33,0.33
2012,ILLINOIS,17.0,VERMILION,183,271266000,-1.46,-1.47
2012,ILLINOIS,17.0,CLARK,23,91420000,-0.6,-0.63
2012,ILLINOIS,17.0,CLAY,25,54114000,-0.86,-0.83
2012,ILLINOIS,17.0,COLES,29,131023000,-0.87,-0.86
2012,ILLINOIS,17.0,CRAWFORD,33,56874000,0.31,0.31
2012,ILLINOIS,17.0,CUMBERLAND,35,61007000,-1.14,-1.07
2012,ILLINOIS,17.0,DOUGLAS,41,142358000,-1.21,-1.2
2012,ILLINOIS,17.0,EFFINGHAM,49,83784000,0.72,0.75
2012,ILLINOIS,17.0,FAYETTE,51,83836000,-0.62,-0.55
2012,ILLINOIS,17.0,JASPER,79,74758000,0.59,0.56
2012,ILLINOIS,17.0,LAWRENCE,101,72669000,-0.95,-0.93
2012,ILLINOIS,17.0,MARION,121,52013000,-0.68,-0.68
2012,ILLINOIS,17.0,MOULTRIE,139,123870000,-1.26,-1.25
2012,ILLINOIS,17.0,RICHLAND,159,43872000,-1.3,-1.4
2012,ILLINOIS,17.0,SHELBY,173,175808000,-0.83,-0.88
2012,ILLINOIS,17.0,BOONE,7,88248000,-0.64,-0.6
2012,ILLINOIS,17.0,COOK,31,8482000,-1.28,-1.33
2012,ILLINOIS,17.0,DE KALB,37,336448000,-0.57,-0.5
2012,ILLINOIS,17.0,DU PAGE,43,9556000,0.43,0.4
2012,ILLINOIS,17.0,GRUNDY,63,124627000,-0.32,-0.3
2012,ILLINOIS,17.0,KANE,89,165018000,0.71,0.75
2012,ILLINOIS,17.0,KENDALL,93,86361000,0.2,0.21
2012,ILLINOIS,17.0,LA SALLE,99,435104000,-1.17,-1.1
2012,ILLINOIS,17.0,LAKE,97,25722000,-1.46,-1.48
2012,ILLINOIS,17.0,MCHENRY,111,152569000,-1.08,-1.05
2012,ILLINOIS,17.0,WILL,197,159357000,-1.34,-1.36
2012,ILLINOIS,17.0,BUREAU,11,377913000,-1.06,-1.07
2012,ILLINOIS,17.0,CARROLL,15,188499000,-0.46,-0.46
2012,ILLINOIS,17.0,HENRY,73,316858000,-0.23,-0.23
2012,ILLINOIS,17.0,JO DAVIESS,85,83168000,-0.81,-0.83
2012,ILLINOIS,17.0,LEE,103,312905000,0.44,0.45
2012,ILLINOIS,17.0,MERCER,131,178199000,-1.13,-1.1
2012,ILLINOIS,17.0,OGLE,141,247179000,0.62,0.62
2012,ILLINOIS,17.0,PUTNAM,155,79280000,-1.77,-1.8
2012,ILLINOIS,17.0,ROCK ISLAND,161,89974000,-1.8,-1.85
2012,ILLINOIS,17.0,STEPHENSON,177,180685000,-1.5,-1.57
2012,ILLINOIS,17.0,WHITESIDE,195,337218000,-1.11,-1.14
2012,ILLINOIS,17.0,WINNEBAGO,201,84143000,-1.34,-1.37
2012,ILLINOIS,17.0,EDWARDS,47,28850000,-0.91,-0.88
2012,ILLINOIS,17.0,FRANKLIN,55,40715000,0.31,0.29
2012,ILLINOIS,17.0,GALLATIN,59,88938000,0.38,0.39
2012,ILLINOIS,17.0,HAMILTON,65,54531000,-0.42,-0.39
2012,ILLINOIS,17.0,JEFFERSON,81,48877000,-0.72,-0.67
2012,ILLINOIS,17.0,MASSAC,127,32277000,-0.39,-0.4
2012,ILLINOIS,17.0,POPE,151,10278000,-1.17,-1.21
2012,ILLINOIS,17.0,SALINE,165,38544000,-1.9,-1.97
2012,ILLINOIS,17.0,WABASH,185,41449000,-1.0,-1.04
2012,ILLINOIS,17.0,WAYNE,191,105362000,-1.76,-1.73
2012,ILLINOIS,17.0,WHITE,193,123679000,-1.4,-1.47
2012,ILLINOIS,17.0,ALEXANDER,3,25213000,-1.44,-1.45
2012,ILLINOIS,17.0,CLINTON,27,88328000,-0.9,-0.91
2012,ILLINOIS,17.0,JACKSON,77,59270000,0.53,0.51
2012,ILLINOIS,17.0,JOHNSON,87,8538000,-0.89,-0.88
2012,ILLINOIS,17.0,MONROE,133,90530000,0.2,0.17
2012,ILLINOIS,17.0,PERRY,145,40193000,0.37,0.42
2012,ILLINOIS,17.0,PULASKI,153,27035000,-1.53,-1.6
2012,ILLINOIS,17.0,RANDOLPH,157,92977000,-1.04,-1.05
2012,ILLINOIS,17.0,ST CLAIR,163,106477000,-1.5,-1.6
2012,ILLINOIS,17.0,UNION,181,30920000,-1.24,-1.34
2012,ILLINOIS,17.0,WASHINGTON,189,94814000,-1.49,-1.59
2012,ILLINOIS,17.0,WILLIAMSON,199,16685000,-1.09,-1.07
2012,ILLINOIS,17.0,ADAMS,1,130355000,-0.79,-0.75
2012,ILLINOIS,17.0,BROWN,9,33344000,0.45,0.4
2012,ILLINOIS,17.0,FULTON,57,152114000,-0.25,-0.24
2012,ILLINOIS,17.0,HANCOCK,67,211695000,-1.27,-1.29
2012,ILLINOIS,17.0,HENDERSON,71,117350000,1.15,1.19
2012,ILLINOIS,17.0,KNOX,95,235198000,0.94,0.93
2012,ILLINOIS,17.0,MCDONOUGH,109,185622000,-1.33,-1.36
2012,ILLINOIS,17.0,SCHUYLER,169,52694000,-1.51,-1.58
2012,ILLINOIS,17.0,WARREN,187,239032000,-0.13,-0.11
2012,ILLINOIS,17.0,BOND,5,54067000,-1.28,-1.29
2012,ILLINOIS,17.0,CALHOUN,13,19676000,-0.94,-0.89
2012,ILLINOIS,17.0,CASS,17,96266000,-0.87,-0.82
2012,ILLINOIS,17.0,CHRISTIAN,21,261617000,-0.57,-0.51
2012,ILLINOIS,17.0,GREENE,61,143325000,-1.28,-1.34
2012,ILLINOIS,17.0,JERSEY,83,65554000,0.45,0.48
2012,ILLINOIS,17.0,MACOUPIN,117,180369000,-0.44,-0.42
2012,ILLINOIS,17.0,MADISON,119,123760000,-0.35,-0.3
2012,ILLINOIS,17.0,MONTGOMERY,135,178693000,1.19,1.15
2012,ILLINOIS,17.0,MORGAN,137,173551000,0.82,0.81
2012,ILLINOIS,17.0,PIKE,149,152100000,0.45,0.44
2012,ILLINOIS,17.0,SANGAMON,167,336504000,-1.29,-1.41
2012,ILLINOIS,17.0,SCOTT,171,76377000,-1.34,-1.37
2012,INDIANA,18.0,BARTHOLOMEW,5,85489000,-1.28,-1.29
2012,INDIANA,18.0,BOONE,11,129227000,-1.06,-1.07
2012,INDIANA,18.0,CLINTON,23,178602000,-0.6,-0.63
2012,INDIANA,18.0,DECATUR,31,92423000,-1.28,-1.33
2012,INDIANA,18.0,GRANT,53,124756000,-1.28,-1.27
2012,INDIANA,18.0,HAMILTON,57,112834000,-0.25,-0.24
2012,INDIANA,18.0,HANCOCK,59,92471000,0.38,0.39
2012,INDIANA,18.0,HENDRICKS,63,82180000,-0.32,-0.3
2012,INDIANA,18.0,HOWARD,67,113874000,-1.27,-1.29
2012,INDIANA,18.0,JOHNSON,81,61464000,-0.72,-0.67
2012,INDIANA,18.0,MADISON,95,150717000,0.94,0.93
2012,INDIANA,18.0,MORGAN,109,45467000,-1.33,-1.36
2012,INDIANA,18.0,RUSH,139,98467000,-1.26,-1.25
2012,INDIANA,18.0,SHELBY,145,111513000,0.37,0.42
2012,INDIANA,18.0,TIPTON,159,131880000,-1.3,-1.4
2012,INDIANA,18.0,DELAWARE,35,116998000,-1.14,-1.07
2012,INDIANA,18.0,FAYETTE,41,33181000,-1.21,-1.2
2012,INDIANA,18.0,HENRY,65,86164000,-0.42,-0.39
2012,INDIANA,18.0,JAY,75,99291000,-0.11,-0.07
2012,INDIANA,18.0,RANDOLPH,135,128434000,1.19,1.15
2012,INDIANA,18.0,UNION,161,36789000,-1.8,-1.85
2012,INDIANA,18.0,WAYNE,177,67629000,-1.5,-1.57
2012,INDIANA,18.0,CARROLL,15,136104000,-0.46,-0.46
2012,INDIANA,18.0,CASS,17,123832000,-0.87,-0.82
2012,INDIANA,18.0,ELKHART,39,83229000,-1.27,-1.26
2012,INDIANA,18.0,FULTON,49,119518000,0.72,0.75
2012,INDIANA,18.0,KOSCIUSKO,85,132544000,-0.81,-0.83
2012,INDIANA,18.0,MARSHALL,99,108503000,-1.17,-1.1
2012,INDIANA,18.0,MIAMI,103,105308000,0.44,0.45
2012,INDIANA,18.0,ST. JOSEPH,141,106901000,0.62,0.62
2012,INDIANA,18.0,WABASH,169,116653000,-1.51,-1.58
2012,INDIANA,18.0,ADAMS,1,120397000,-0.79,-0.75
2012,INDIANA,18.0,ALLEN,3,149312000,-1.44,-1.45
2012,INDIANA,18.0,DE KALB,33,70002000,0.31,0.31
2012,INDIANA,18.0,HUNTINGTON,69,114896000,-1.41,-1.47
2012,INDIANA,18.0,LAGRANGE,87,68528000,-0.89,-0.88
2012,INDIANA,18.0,NOBLE,113,82542000,-1.07,-1.05
2012,INDIANA,18.0,STEUBEN,151,40678000,-1.17,-1.21
2012,INDIANA,18.0,WELLS,179,140963000,-1.65,-1.67
2012,INDIANA,18.0,WHITLEY,183,76052000,-1.46,-1.47
2012,INDIANA,18.0,BENTON,7,170486000,-0.64,-0.6
2012,INDIANA,18.0,JASPER,73,208497000,-0.23,-0.23
2012,INDIANA,18.0,LA PORTE,91,179613000,-0.66,-0.65
2012,INDIANA,18.0,LAKE,89,98874000,0.71,0.75
2012,INDIANA,18.0,NEWTON,111,128941000,-1.08,-1.05
2012,INDIANA,18.0,PORTER,127,99542000,-0.39,-0.4
2012,INDIANA,18.0,PULASKI,131,125827000,-1.13,-1.1
2012,INDIANA,18.0,STARKE,149,66274000,0.45,0.44
2012,INDIANA,18.0,WHITE,181,169515000,-1.24,-1.34
2012,INDIANA,18.0,FLOYD,43,3622000,0.43,0.4
2012,INDIANA,18.0,HARRISON,61,27324000,-1.28,-1.34
2012,INDIANA,18.0,JACKSON,71,77912000,1.15,1.19
2012,INDIANA,18.0,LAWRENCE,93,22613000,0.2,0.21
2012,INDIANA,18.0,MONROE,105,8672000,-0.65,-0.59
2012,INDIANA,18.0,ORANGE,117,14362000,-0.44,-0.42
2012,INDIANA,18.0,PERRY,123,9641000,-0.77,-0.71
2012,INDIANA,18.0,WASHINGTON,175,55837000,-1.52,-1.62
2012,INDIANA,18.0,CLARK,19,26486000,0.03,0.06
2012,INDIANA,18.0,DEARBORN,29,9319000,-0.87,-0.86
2012,INDIANA,18.0,FRANKLIN,47,42592000,-0.91,-0.88
2012,INDIANA,18.0,JEFFERSON,77,31006000,0.53,0.51
2012,INDIANA,18.0,JENNINGS,79,46095000,0.59,0.56
2012,INDIANA,18.0,OHIO,115,3123000,-0.03,-0.06
2012,INDIANA,18.0,RIPLEY,137,75793000,0.82,0.81
2012,INDIANA,18.0,SCOTT,143,23396000,0.37,0.37
2012,INDIANA,18.0,DAVIESS,27,79603000,-0.9,-0.91
2012,INDIANA,18.0,DUBOIS,37,52579000,-0.57,-0.5
2012,INDIANA,18.0,GIBSON,51,128313000,-0.62,-0.55
2012,INDIANA,18.0,GREENE,55,54275000,0.31,0.29
2012,INDIANA,18.0,KNOX,83,181853000,0.45,0.48
2012,INDIANA,18.0,MARTIN,101,13502000,-0.95,-0.93
2012,INDIANA,18.0,PIKE,125,29031000,-0.48,-0.47
2012,INDIANA,18.0,POSEY,129,122285000,-0.6,-0.64
2012,INDIANA,18.0,SPENCER,147,60270000,0.33,0.33
2012,INDIANA,18.0,SULLIVAN,153,72320000,-1.53,-1.6
2012,INDIANA,18.0,VANDERBURGH,163,32541000,-1.5,-1.6
2012,INDIANA,18.0,WARRICK,173,36995000,-0.83,-0.88
2012,INDIANA,18.0,CLAY,21,55590000,-0.57,-0.51
2012,INDIANA,18.0,MONTGOMERY,107,147211000,-0.09,-0.06
2012,INDIANA,18.0,OWEN,119,19438000,-0.35,-0.3
2012,INDIANA,18.0,PARKE,121,52572000,-0.68,-0.68
2012,INDIANA,18.0,PUTNAM,133,61535000,0.2,0.17
2012,INDIANA,18.0,TIPPECANOE,157,132619000,-1.04,-1.05
2012,INDIANA,18.0,VERMILLION,165,46101000,-1.9,-1.97
2012,INDIANA,18.0,VIGO,167,46274000,-1.29,-1.41
2012,INDIANA,18.0,WARREN,171,105883000,-1.34,-1.37
2012,IOWA,19.0,BOONE,15,226093000,-0.46,-0.46
2012,IOWA,19.0,DALLAS,49,174661000,0.72,0.75
2012,IOWA,19.0,GRUNDY,75,277888000,-0.11,-0.07
2012,IOWA,19.0,HAMILTON,79,238880000,0.59,0.56
2012,IOWA,19.0,HARDIN,83,261033000,0.45,0.48
2012,IOWA,19.0,JASPER,99,250868000,-1.17,-1.1
2012,IOWA,19.0,MARSHALL,127,235051000,-0.39,-0.4
2012,IOWA,19.0,POLK,153,142113000,-1.53,-1.6
2012,IOWA,19.0,POWESHIEK,157,210751000,-1.04,-1.05
2012,IOWA,19.0,STORY,169,233151000,-1.51,-1.58
2012,IOWA,19.0,TAMA,171,278845000,-1.34,-1.37
2012,IOWA,19.0,WEBSTER,187,291462000,-0.13,-0.11
2012,IOWA,19.0,BENTON,11,275384000,-1.06,-1.07
2012,IOWA,19.0,CEDAR,31,219282000,-1.28,-1.33
2012,IOWA,19.0,CLINTON,45,268603000,-1.33,-1.4
2012,IOWA,19.0,IOWA,95,179463000,0.94,0.93
2012,IOWA,19.0,JACKSON,97,107547000,-1.46,-1.48
2012,IOWA,19.0,JOHNSON,103,175250000,0.44,0.45
2012,IOWA,19.0,JONES,105,164510000,-0.65,-0.59
2012,IOWA,19.0,LINN,113,198462000,-1.07,-1.05
2012,IOWA,19.0,MUSCATINE,139,135709000,-1.26,-1.25
2012,IOWA,19.0,SCOTT,163,164978000,-1.5,-1.6
2012,IOWA,19.0,BUTLER,23,197259000,-0.6,-0.63
2012,IOWA,19.0,CERRO GORDO,33,196940000,0.31,0.31
2012,IOWA,19.0,FLOYD,67,184643000,-1.27,-1.29
2012,IOWA,19.0,FRANKLIN,69,253825000,-1.41,-1.47
2012,IOWA,19.0,HANCOCK,81,234395000,-0.72,-0.67
2012,IOWA,19.0,HUMBOLDT,91,169698000,-0.66,-0.65
2012,IOWA,19.0,KOSSUTH,109,463598000,-1.33,-1.36
2012,IOWA,19.0,MITCHELL,131,170688000,-1.13,-1.1
2012,IOWA,19.0,WINNEBAGO,189,167316000,-1.49,-1.59
2012,IOWA,19.0,WORTH,195,163330000,-1.11,-1.14
2012,IOWA,19.0,WRIGHT,197,256907000,-1.34,-1.36
2012,IOWA,19.0,ALLAMAKEE,5,91309000,-1.28,-1.29
2012,IOWA,19.0,BLACK HAWK,13,187982000,-0.94,-0.89
2012,IOWA,19.0,BREMER,17,171705000,-0.87,-0.82
2012,IOWA,19.0,BUCHANAN,19,247096000,0.03,0.06
2012,IOWA,19.0,CHICKASAW,37,175628000,-0.57,-0.5
2012,IOWA,19.0,CLAYTON,43,192447000,0.43,0.4
2012,IOWA,19.0,DELAWARE,55,207258000,0.31,0.29
2012,IOWA,19.0,DUBUQUE,61,120053000,-1.28,-1.34
2012,IOWA,19.0,FAYETTE,65,233164000,-0.42,-0.39
2012,IOWA,19.0,HOWARD,89,184571000,0.71,0.75
2012,IOWA,19.0,WINNESHIEK,191,172824000,-1.76,-1.73
2012,IOWA,19.0,BUENA VISTA,21,256952000,-0.57,-0.51
2012,IOWA,19.0,CHEROKEE,35,230038000,-1.14,-1.07
2012,IOWA,19.0,CLAY,41,235884000,-1.21,-1.2
2012,IOWA,19.0,DICKINSON,59,129924000,0.38,0.39
2012,IOWA,19.0,EMMET,63,156881000,-0.32,-0.3
2012,IOWA,19.0,LYON,119,256519000,-0.35,-0.3
2012,IOWA,19.0,O BRIEN,141,231329000,0.62,0.62
2012,IOWA,19.0,OSCEOLA,143,175562000,0.37,0.37
2012,IOWA,19.0,PALO ALTO,147,274409000,0.33,0.33
2012,IOWA,19.0,PLYMOUTH,149,262413000,0.45,0.44
2012,IOWA,19.0,POCAHONTAS,151,263559000,-1.17,-1.21
2012,IOWA,19.0,SIOUX,167,317798000,-1.29,-1.41
2012,IOWA,19.0,APPANOOSE,7,21299000,-0.64,-0.6
2012,IOWA,19.0,CLARKE,39,27567000,-1.27,-1.26
2012,IOWA,19.0,DECATUR,53,32033000,-1.28,-1.27
2012,IOWA,19.0,LUCAS,117,24380000,-0.44,-0.42
2012,IOWA,19.0,MADISON,121,86722000,-0.68,-0.68
2012,IOWA,19.0,MARION,125,110989000,-0.48,-0.47
2012,IOWA,19.0,MONROE,135,32601000,1.19,1.15
2012,IOWA,19.0,RINGGOLD,159,48708000,-1.3,-1.4
2012,IOWA,19.0,UNION,175,54591000,-1.52,-1.62
2012,IOWA,19.0,WARREN,181,89811000,-1.24,-1.34
2012,IOWA,19.0,WAYNE,185,47948000,-1.0,-1.04
2012,IOWA,19.0,DAVIS,51,29344000,-0.62,-0.55
2012,IOWA,19.0,DES MOINES,57,97722000,-0.25,-0.24
2012,IOWA,19.0,HENRY,87,120936000,-0.89,-0.88
2012,IOWA,19.0,JEFFERSON,101,73052000,-0.95,-0.93
2012,IOWA,19.0,KEOKUK,107,131590000,-0.09,-0.06
2012,IOWA,19.0,LEE,111,91955000,-1.08,-1.05
2012,IOWA,19.0,LOUISA,115,104828000,-0.03,-0.06
2012,IOWA,19.0,MAHASKA,123,170751000,-0.77,-0.71
2012,IOWA,19.0,VAN BUREN,177,57965000,-1.5,-1.57
2012,IOWA,19.0,WAPELLO,179,62430000,-1.65,-1.67
2012,IOWA,19.0,WASHINGTON,183,167270000,-1.46,-1.47
2012,IOWA,19.0,ADAIR,1,123490000,-0.79,-0.75
2012,IOWA,19.0,ADAMS,3,77967000,-1.44,-1.45
2012,IOWA,19.0,CASS,29,131719000,-0.87,-0.86
2012,IOWA,19.0,FREMONT,71,161550000,1.15,1.19
2012,IOWA,19.0,MILLS,129,115062000,-0.6,-0.64
2012,IOWA,19.0,MONTGOMERY,137,135016000,0.82,0.81
2012,IOWA,19.0,PAGE,145,161898000,0.37,0.42
2012,IOWA,19.0,POTTAWATTAMIE,155,325485000,-1.77,-1.8
2012,IOWA,19.0,TAYLOR,173,84476000,-0.83,-0.88
2012,IOWA,19.0,AUDUBON,9,140837000,0.45,0.4
2012,IOWA,19.0,CALHOUN,25,211561000,-0.86,-0.83
2012,IOWA,19.0,CARROLL,27,192219000,-0.9,-0.91
2012,IOWA,19.0,CRAWFORD,47,264239000,-0.91,-0.88
2012,IOWA,19.0,GREENE,73,208725000,-0.23,-0.23
2012,IOWA,19.0,GUTHRIE,77,135242000,0.53,0.51
2012,IOWA,19.0,HARRISON,85,214185000,-0.81,-0.83
2012,IOWA,19.0,IDA,93,163556000,0.2,0.21
2012,IOWA,19.0,MONONA,133,191551000,0.2,0.17
2012,IOWA,19.0,SAC,161,216554000,-1.8,-1.85
2012,IOWA,19.0,SHELBY,165,247386000,-1.9,-1.97
2012,IOWA,19.0,WOODBURY,193,235714000,-1.4,-1.47
2012,KANSAS,20.0,BARTON,9,96206000,0.45,0.4
2012,KANSAS,20.0,DICKINSON,41,82393000,-1.21,-1.2
2012,KANSAS,20.0,ELLIS,51,32578000,-0.62,-0.55
2012,KANSAS,20.0,ELLSWORTH,53,34476000,-1.28,-1.27
2012,KANSAS,20.0,LINCOLN,105,43230000,-0.65,-0.59
2012,KANSAS,20.0,MARION,115,77431000,-0.03,-0.06
2012,KANSAS,20.0,MCPHERSON,113,128177000,-1.07,-1.05
2012,KANSAS,20.0,RICE,159,98963000,-1.3,-1.4
2012,KANSAS,20.0,RUSH,165,47687000,-1.9,-1.97
2012,KANSAS,20.0,RUSSELL,167,36671000,-1.29,-1.41
2012,KANSAS,20.0,SALINE,169,59490000,-1.51,-1.58
2012,KANSAS,20.0,ANDERSON,3,40863000,-1.44,-1.45
2012,KANSAS,20.0,CHASE,17,10825000,-0.87,-0.82
2012,KANSAS,20.0,COFFEY,31,32713000,-1.28,-1.33
2012,KANSAS,20.0,DOUGLAS,45,29068000,-1.33,-1.4
2012,KANSAS,20.0,FRANKLIN,59,55284000,0.38,0.39
2012,KANSAS,20.0,GEARY,61,15493000,-1.28,-1.34
2012,KANSAS,20.0,JOHNSON,91,16075000,-0.66,-0.65
2012,KANSAS,20.0,LINN,107,24767000,-0.09,-0.06
2012,KANSAS,20.0,LYON,111,35233000,-1.08,-1.05
2012,KANSAS,20.0,MIAMI,121,33884000,-0.68,-0.68
2012,KANSAS,20.0,MORRIS,127,32823000,-0.39,-0.4
2012,KANSAS,20.0,OSAGE,139,37234000,-1.26,-1.25
2012,KANSAS,20.0,SHAWNEE,177,41690000,-1.5,-1.57
2012,KANSAS,20.0,WABAUNSEE,197,21525000,-1.34,-1.36
2012,KANSAS,20.0,CLAY,27,80502000,-0.9,-0.91
2012,KANSAS,20.0,CLOUD,29,67590000,-0.87,-0.86
2012,KANSAS,20.0,JEWELL,89,105290000,0.71,0.75
2012,KANSAS,20.0,MITCHELL,123,87948000,-0.77,-0.71
2012,KANSAS,20.0,OSBORNE,141,47049000,0.62,0.62
2012,KANSAS,20.0,OTTAWA,143,60033000,0.37,0.37
2012,KANSAS,20.0,PHILLIPS,147,48855000,0.33,0.33
2012,KANSAS,20.0,REPUBLIC,157,115977000,-1.04,-1.05
2012,KANSAS,20.0,ROOKS,163,56769000,-1.5,-1.6
2012,KANSAS,20.0,SMITH,183,74549000,-1.46,-1.47
2012,KANSAS,20.0,WASHINGTON,201,99499000,-1.34,-1.37
2012,KANSAS,20.0,ATCHISON,5,43294000,-1.28,-1.29
2012,KANSAS,20.0,BROWN,13,120011000,-0.94,-0.89
2012,KANSAS,20.0,DONIPHAN,43,75461000,0.43,0.4
2012,KANSAS,20.0,JACKSON,85,23345000,-0.81,-0.83
2012,KANSAS,20.0,JEFFERSON,87,33316000,-0.89,-0.88
2012,KANSAS,20.0,LEAVENWORTH,103,25214000,0.44,0.45
2012,KANSAS,20.0,MARSHALL,117,104099000,-0.44,-0.42
2012,KANSAS,20.0,NEMAHA,131,78468000,-1.13,-1.1
2012,KANSAS,20.0,POTTAWATOMIE,149,52353000,0.45,0.44
2012,KANSAS,20.0,RILEY,161,36288000,-1.8,-1.85
2012,KANSAS,20.0,WYANDOTTE,209,2705000,-1.57,-1.62
2012,KANSAS,20.0,CHEYENNE,23,75375000,-0.6,-0.63
2012,KANSAS,20.0,DECATUR,39,51378000,-1.27,-1.26
2012,KANSAS,20.0,GRAHAM,65,44179000,-0.42,-0.39
2012,KANSAS,20.0,NORTON,137,50952000,0.82,0.81
2012,KANSAS,20.0,RAWLINS,153,69183000,-1.53,-1.6
2012,KANSAS,20.0,SHERIDAN,179,109299000,-1.65,-1.67
2012,KANSAS,20.0,SHERMAN,181,131288000,-1.24,-1.34
2012,KANSAS,20.0,THOMAS,193,146097000,-1.4,-1.47
2012,KANSAS,20.0,BARBER,7,45420000,-0.64,-0.6
2012,KANSAS,20.0,COMANCHE,33,21783000,0.31,0.31
2012,KANSAS,20.0,EDWARDS,47,126933000,-0.91,-0.88
2012,KANSAS,20.0,HARPER,77,64427000,0.53,0.51
2012,KANSAS,20.0,HARVEY,79,112291000,0.59,0.56
2012,KANSAS,20.0,KINGMAN,95,76391000,0.94,0.93
2012,KANSAS,20.0,KIOWA,97,63956000,-1.46,-1.48
2012,KANSAS,20.0,PAWNEE,145,92111000,0.37,0.42
2012,KANSAS,20.0,PRATT,151,125850000,-1.17,-1.21
2012,KANSAS,20.0,RENO,155,151667000,-1.77,-1.8
2012,KANSAS,20.0,SEDGWICK,173,130187000,-0.83,-0.88
2012,KANSAS,20.0,STAFFORD,185,120219000,-1.0,-1.04
2012,KANSAS,20.0,SUMNER,191,149762000,-1.76,-1.73
2012,KANSAS,20.0,ALLEN,1,22317000,-0.79,-0.75
2012,KANSAS,20.0,BOURBON,11,15879000,-1.06,-1.07
2012,KANSAS,20.0,BUTLER,15,78784000,-0.46,-0.46
2012,KANSAS,20.0,CHEROKEE,21,70454000,-0.57,-0.51
2012,KANSAS,20.0,COWLEY,35,58870000,-1.14,-1.07
2012,KANSAS,20.0,CRAWFORD,37,51594000,-0.57,-0.5
2012,KANSAS,20.0,ELK,49,6746000,0.72,0.75
2012,KANSAS,20.0,GREENWOOD,73,17687000,-0.23,-0.23
2012,KANSAS,20.0,LABETTE,99,50948000,-1.17,-1.1
2012,KANSAS,20.0,MONTGOMERY,125,48638000,-0.48,-0.47
2012,KANSAS,20.0,NEOSHO,133,41322000,0.2,0.17
2012,KANSAS,20.0,WILSON,205,46754000,-1.68,-1.73
2012,KANSAS,20.0,WOODSON,207,27018000,-1.44,-1.47
2012,KANSAS,20.0,CLARK,25,16351000,-0.86,-0.83
2012,KANSAS,20.0,FINNEY,55,184485000,0.31,0.29
2012,KANSAS,20.0,FORD,57,114300000,-0.25,-0.24
2012,KANSAS,20.0,GRANT,67,86023000,-1.27,-1.29
2012,KANSAS,20.0,GRAY,69,139892000,-1.41,-1.47
2012,KANSAS,20.0,HAMILTON,75,55383000,-0.11,-0.07
2012,KANSAS,20.0,HASKELL,81,107497000,-0.72,-0.67
2012,KANSAS,20.0,HODGEMAN,83,53206000,0.45,0.48
2012,KANSAS,20.0,KEARNY,93,80730000,0.2,0.21
2012,KANSAS,20.0,MEADE,119,147138000,-0.35,-0.3
2012,KANSAS,20.0,MORTON,129,58361000,-0.6,-0.64
2012,KANSAS,20.0,SEWARD,175,96079000,-1.52,-1.62
2012,KANSAS,20.0,STANTON,187,79556000,-0.13,-0.11
2012,KANSAS,20.0,STEVENS,189,144543000,-1.49,-1.59
2012,KANSAS,20.0,GOVE,63,68390000,-0.32,-0.3
2012,KANSAS,20.0,GREELEY,71,58936000,1.15,1.19
2012,KANSAS,20.0,LANE,101,31124000,-0.95,-0.93
2012,KANSAS,20.0,LOGAN,109,58541000,-1.33,-1.36
2012,KANSAS,20.0,NESS,135,45534000,1.19,1.15
2012,KANSAS,20.0,SCOTT,171,64648000,-1.34,-1.37
2012,KANSAS,20.0,TREGO,195,35826000,-1.11,-1.14
2012,KANSAS,20.0,WALLACE,199,64411000,-1.09,-1.07
2012,KENTUCKY,21.0,ANDERSON,5,4301000,-1.28,-1.29
2012,KENTUCKY,21.0,BATH,11,8994000,-1.06,-1.07
2012,KENTUCKY,21.0,BOURBON,17,37427000,-0.87,-0.82
2012,KENTUCKY,21.0,BOYLE,21,7079000,-0.57,-0.51
2012,KENTUCKY,21.0,CLARK,49,11027000,0.72,0.75
2012,KENTUCKY,21.0,FAYETTE,67,13576000,-1.27,-1.29
2012,KENTUCKY,21.0,FLEMING,69,17990000,-1.41,-1.47
2012,KENTUCKY,21.0,FRANKLIN,73,8125000,-0.23,-0.23
2012,KENTUCKY,21.0,GARRARD,79,10470000,0.59,0.56
2012,KENTUCKY,21.0,HARRISON,97,19436000,-1.46,-1.48
2012,KENTUCKY,21.0,JESSAMINE,113,5277000,-1.07,-1.05
2012,KENTUCKY,21.0,LINCOLN,137,17546000,0.82,0.81
2012,KENTUCKY,21.0,MADISON,151,8609000,-1.17,-1.21
2012,KENTUCKY,21.0,MASON,161,18418000,-1.8,-1.85
2012,KENTUCKY,21.0,MERCER,167,9406000,-1.29,-1.41
2012,KENTUCKY,21.0,MONTGOMERY,173,5908000,-0.83,-0.88
2012,KENTUCKY,21.0,NICHOLAS,181,10488000,-1.24,-1.34
2012,KENTUCKY,21.0,ROBERTSON,201,1768000,-1.34,-1.37
2012,KENTUCKY,21.0,SCOTT,209,13414000,-1.57,-1.62
2012,KENTUCKY,21.0,SHELBY,211,54844000,-1.26,-1.38
2012,KENTUCKY,21.0,SPENCER,215,10308000,-1.13,-1.08
2012,KENTUCKY,21.0,WASHINGTON,229,16106000,-1.33,-1.34
2012,KENTUCKY,21.0,WOODFORD,239,9606000,-1.18,-1.2
2012,KENTUCKY,21.0,ADAIR,1,13832000,-0.79,-0.75
2012,KENTUCKY,21.0,ALLEN,3,14122000,-1.44,-1.45
2012,KENTUCKY,21.0,BARREN,9,37738000,0.45,0.4
2012,KENTUCKY,21.0,BRECKINRIDGE,27,34045000,-0.9,-0.91
2012,KENTUCKY,21.0,BULLITT,29,4619000,-0.87,-0.86
2012,KENTUCKY,21.0,BUTLER,31,23171000,-1.28,-1.33
2012,KENTUCKY,21.0,CASEY,45,13926000,-1.33,-1.4
2012,KENTUCKY,21.0,CLINTON,53,3788000,-1.28,-1.27
2012,KENTUCKY,21.0,CUMBERLAND,57,3208000,-0.25,-0.24
2012,KENTUCKY,21.0,EDMONSON,61,6766000,-1.28,-1.34
2012,KENTUCKY,21.0,GRAYSON,85,18291000,-0.81,-0.83
2012,KENTUCKY,21.0,GREEN,87,21977000,-0.89,-0.88
2012,KENTUCKY,21.0,HARDIN,93,40700000,0.2,0.21
2012,KENTUCKY,21.0,HART,99,14234000,-1.17,-1.1
2012,KENTUCKY,21.0,JEFFERSON,111,6174000,-1.08,-1.05
2012,KENTUCKY,21.0,LARUE,123,31124000,-0.77,-0.71
2012,KENTUCKY,21.0,MARION,155,22682000,-1.77,-1.8
2012,KENTUCKY,21.0,MEADE,163,18905000,-1.5,-1.6
2012,KENTUCKY,21.0,METCALFE,169,10545000,-1.51,-1.58
2012,KENTUCKY,21.0,MONROE,171,18120000,-1.34,-1.37
2012,KENTUCKY,21.0,NELSON,179,34336000,-1.65,-1.67
2012,KENTUCKY,21.0,RUSSELL,207,7176000,-1.44,-1.47
2012,KENTUCKY,21.0,TAYLOR,217,16852000,-1.28,-1.37
2012,KENTUCKY,21.0,WARREN,227,54967000,-0.18,-0.16
2012,KENTUCKY,21.0,BOYD,19,509000,0.03,0.06
2012,KENTUCKY,21.0,BREATHITT,25,736000,-0.86,-0.83
2012,KENTUCKY,21.0,CARTER,43,3104000,0.43,0.4
2012,KENTUCKY,21.0,CLAY,51,3282000,-0.62,-0.55
2012,KENTUCKY,21.0,ELLIOTT,63,1388000,-0.32,-0.3
2012,KENTUCKY,21.0,ESTILL,65,2269000,-0.42,-0.39
2012,KENTUCKY,21.0,FLOYD,71,430000,1.15,1.19
2012,KENTUCKY,21.0,GREENUP,89,2824000,0.71,0.75
2012,KENTUCKY,21.0,HARLAN,95,152000,0.94,0.93
2012,KENTUCKY,21.0,JACKSON,109,2603000,-1.33,-1.36
2012,KENTUCKY,21.0,JOHNSON,115,460000,-0.03,-0.06
2012,KENTUCKY,21.0,KNOTT,119,63000,-0.35,-0.3
2012,KENTUCKY,21.0,KNOX,121,1379000,-0.68,-0.68
2012,KENTUCKY,21.0,LAUREL,125,6346000,-0.48,-0.47
2012,KENTUCKY,21.0,LAWRENCE,127,835000,-0.39,-0.4
2012,KENTUCKY,21.0,LEE,129,459000,-0.6,-0.64
2012,KENTUCKY,21.0,LETCHER,133,86000,0.2,0.17
2012,KENTUCKY,21.0,LEWIS,135,9063000,1.19,1.15
2012,KENTUCKY,21.0,MAGOFFIN,153,674000,-1.53,-1.6
2012,KENTUCKY,21.0,MCCREARY,147,366000,0.33,0.33
2012,KENTUCKY,21.0,MENIFEE,165,1695000,-1.9,-1.97
2012,KENTUCKY,21.0,MORGAN,175,2896000,-1.52,-1.62
2012,KENTUCKY,21.0,OWSLEY,189,1152000,-1.49,-1.59
2012,KENTUCKY,21.0,PERRY,193,151000,-1.4,-1.47
2012,KENTUCKY,21.0,PIKE,195,229000,-1.11,-1.14
2012,KENTUCKY,21.0,POWELL,197,1563000,-1.34,-1.36
2012,KENTUCKY,21.0,PULASKI,199,23173000,-1.09,-1.07
2012,KENTUCKY,21.0,ROCKCASTLE,203,6609000,0.28,0.28
2012,KENTUCKY,21.0,ROWAN,205,2518000,-1.68,-1.73
2012,KENTUCKY,21.0,WAYNE,231,11697000,-1.17,-1.19
2012,KENTUCKY,21.0,WHITLEY,235,1689000,-1.61,-1.66
2012,KENTUCKY,21.0,WOLFE,237,983000,-1.43,-1.57
2012,KENTUCKY,21.0,CALDWELL,33,33393000,0.31,0.31
2012,KENTUCKY,21.0,CHRISTIAN,47,149061000,-0.91,-0.88
2012,KENTUCKY,21.0,CRITTENDEN,55,19882000,0.31,0.29
2012,KENTUCKY,21.0,DAVIESS,59,115752000,0.38,0.39
2012,KENTUCKY,21.0,HANCOCK,91,10175000,-0.66,-0.65
2012,KENTUCKY,21.0,HENDERSON,101,73217000,-0.95,-0.93
2012,KENTUCKY,21.0,HOPKINS,107,35144000,-0.09,-0.06
2012,KENTUCKY,21.0,LOGAN,141,96876000,0.62,0.62
2012,KENTUCKY,21.0,MCLEAN,149,57774000,0.45,0.44
2012,KENTUCKY,21.0,MUHLENBERG,177,24559000,-1.5,-1.57
2012,KENTUCKY,21.0,OHIO,183,36372000,-1.46,-1.47
2012,KENTUCKY,21.0,SIMPSON,213,44309000,-0.1,-0.08
2012,KENTUCKY,21.0,TODD,219,86922000,-1.16,-1.22
2012,KENTUCKY,21.0,UNION,225,89065000,-1.48,-1.56
2012,KENTUCKY,21.0,WEBSTER,233,44319000,-0.64,-0.6
2012,KENTUCKY,21.0,BOONE,15,8233000,-0.46,-0.46
2012,KENTUCKY,21.0,BRACKEN,23,6801000,-0.6,-0.63
2012,KENTUCKY,21.0,CAMPBELL,37,3162000,-0.57,-0.5
2012,KENTUCKY,21.0,CARROLL,41,4503000,-1.21,-1.2
2012,KENTUCKY,21.0,GALLATIN,77,4523000,0.53,0.51
2012,KENTUCKY,21.0,GRANT,81,6594000,-0.72,-0.67
2012,KENTUCKY,21.0,HENRY,103,18392000,0.44,0.45
2012,KENTUCKY,21.0,KENTON,117,2277000,-0.44,-0.42
2012,KENTUCKY,21.0,OLDHAM,185,9117000,-1.0,-1.04
2012,KENTUCKY,21.0,OWEN,187,10478000,-0.13,-0.11
2012,KENTUCKY,21.0,PENDLETON,191,8448000,-1.76,-1.73
2012,KENTUCKY,21.0,TRIMBLE,223,6700000,-0.79,-0.77
2012,KENTUCKY,21.0,BALLARD,7,31535000,-0.64,-0.6
2012,KENTUCKY,21.0,CALLOWAY,35,62882000,-1.14,-1.07
2012,KENTUCKY,21.0,CARLISLE,39,34054000,-1.27,-1.26
2012,KENTUCKY,21.0,FULTON,75,33715000,-0.11,-0.07
2012,KENTUCKY,21.0,GRAVES,83,86722000,0.45,0.48
2012,KENTUCKY,21.0,HICKMAN,105,56841000,-0.65,-0.59
2012,KENTUCKY,21.0,LIVINGSTON,139,10731000,-1.26,-1.25
2012,KENTUCKY,21.0,LYON,143,5290000,0.37,0.37
2012,KENTUCKY,21.0,MARSHALL,157,14349000,-1.04,-1.05
2012,KENTUCKY,21.0,MCCRACKEN,145,16288000,0.37,0.42
2012,KENTUCKY,21.0,TRIGG,221,38974000,-1.21,-1.28
2012,LOUISIANA,22.0,AVOYELLES,9,125611000,0.45,0.4
2012,LOUISIANA,22.0,CATAHOULA,25,88250000,-0.86,-0.83
2012,LOUISIANA,22.0,CONCORDIA,29,115736000,-0.87,-0.86
2012,LOUISIANA,22.0,EVANGELINE,39,52364000,-1.27,-1.26
2012,LOUISIANA,22.0,GRANT,43,5886000,0.43,0.4
2012,LOUISIANA,22.0,LA SALLE,59,354000,0.38,0.39
2012,LOUISIANA,22.0,POINTE COUPEE,77,124618000,0.53,0.51
2012,LOUISIANA,22.0,RAPIDES,79,116703000,0.59,0.56
2012,LOUISIANA,22.0,SAINT LANDRY,97,114615000,-1.46,-1.48
2012,LOUISIANA,22.0,WEST BATON ROUGE,121,27839000,-0.68,-0.68
2012,LOUISIANA,22.0,EAST BATON ROUGE,33,2745000,0.31,0.31
2012,LOUISIANA,22.0,EAST FELICIANA,37,6692000,-0.57,-0.5
2012,LOUISIANA,22.0,LIVINGSTON,63,1236000,-0.32,-0.3
2012,LOUISIANA,22.0,SAINT HELENA,91,2115000,-0.66,-0.65
2012,LOUISIANA,22.0,SAINT TAMMANY,103,6892000,0.44,0.45
2012,LOUISIANA,22.0,TANGIPAHOA,105,18346000,-0.65,-0.59
2012,LOUISIANA,22.0,WASHINGTON,117,11379000,-0.44,-0.42
2012,LOUISIANA,22.0,WEST FELICIANA,125,14340000,-0.48,-0.47
2012,LOUISIANA,22.0,BIENVILLE,13,1880000,-0.94,-0.89
2012,LOUISIANA,22.0,CALDWELL,21,9663000,-0.57,-0.51
2012,LOUISIANA,22.0,CLAIBORNE,27,1943000,-0.9,-0.91
2012,LOUISIANA,22.0,JACKSON,49,325000,0.72,0.75
2012,LOUISIANA,22.0,LINCOLN,61,1472000,-1.28,-1.34
2012,LOUISIANA,22.0,OUACHITA,73,26955000,-0.23,-0.23
2012,LOUISIANA,22.0,UNION,111,1389000,-1.08,-1.05
2012,LOUISIANA,22.0,WINN,127,712000,-0.39,-0.4
2012,LOUISIANA,22.0,EAST CARROLL,35,191490000,-1.14,-1.07
2012,LOUISIANA,22.0,FRANKLIN,41,138498000,-1.21,-1.2
2012,LOUISIANA,22.0,MADISON,65,154158000,-0.42,-0.39
2012,LOUISIANA,22.0,MOREHOUSE,67,170710000,-1.27,-1.29
2012,LOUISIANA,22.0,RICHLAND,83,119053000,0.45,0.48
2012,LOUISIANA,22.0,TENSAS,107,128932000,-0.09,-0.06
2012,LOUISIANA,22.0,WEST CARROLL,123,70412000,-0.77,-0.71
2012,LOUISIANA,22.0,BOSSIER,15,10765000,-0.46,-0.46
2012,LOUISIANA,22.0,CADDO,17,42295000,-0.87,-0.82
2012,LOUISIANA,22.0,DE SOTO,31,4458000,-1.28,-1.33
2012,LOUISIANA,22.0,RED RIVER,81,12910000,-0.72,-0.67
2012,LOUISIANA,22.0,WEBSTER,119,1740000,-0.35,-0.3
2012,LOUISIANA,22.0,ASSUMPTION,7,63888000,-0.64,-0.6
2012,LOUISIANA,22.0,IBERIA,45,89626000,-1.33,-1.4
2012,LOUISIANA,22.0,IBERVILLE,47,65250000,-0.91,-0.88
2012,LOUISIANA,22.0,LAFAYETTE,55,27168000,0.31,0.29
2012,LOUISIANA,22.0,SAINT MARTIN,99,48025000,-1.17,-1.1
2012,LOUISIANA,22.0,SAINT MARY,101,64714000,-0.95,-0.93
2012,LOUISIANA,22.0,ASCENSION,5,17707000,-1.28,-1.29
2012,LOUISIANA,22.0,JEFFERSON,51,388000,-0.62,-0.55
2012,LOUISIANA,22.0,LAFOURCHE,57,42735000,-0.25,-0.24
2012,LOUISIANA,22.0,ORLEANS,71,214000,1.15,1.19
2012,LOUISIANA,22.0,PLAQUEMINES,75,5875000,-0.11,-0.07
2012,LOUISIANA,22.0,SAINT BERNARD,87,155000,-0.89,-0.88
2012,LOUISIANA,22.0,SAINT CHARLES,89,148000,0.71,0.75
2012,LOUISIANA,22.0,SAINT JAMES,93,32763000,0.2,0.21
2012,LOUISIANA,22.0,ST. JOHN THE BAPTIST,95,9130000,0.94,0.93
2012,LOUISIANA,22.0,TERREBONNE,109,16175000,-1.33,-1.36
2012,LOUISIANA,22.0,ACADIA,1,107739000,-0.79,-0.75
2012,LOUISIANA,22.0,ALLEN,3,20175000,-1.44,-1.45
2012,LOUISIANA,22.0,BEAUREGARD,11,9372000,-1.06,-1.07
2012,LOUISIANA,22.0,CALCASIEU,19,19900000,0.03,0.06
2012,LOUISIANA,22.0,CAMERON,23,11780000,-0.6,-0.63
2012,LOUISIANA,22.0,JEFFERSON DAVIS,53,74344000,-1.28,-1.27
2012,LOUISIANA,22.0,VERMILION,113,98433000,-1.07,-1.05
2012,LOUISIANA,22.0,NATCHITOCHES,69,30240000,-1.41,-1.47
2012,LOUISIANA,22.0,SABINE,85,1258000,-0.81,-0.83
2012,LOUISIANA,22.0,VERNON,115,929000,-0.03,-0.06
2012,MAINE,23.0,HANCOCK,9,10114000,0.45,0.4
2012,MAINE,23.0,PENOBSCOT,19,16188000,0.03,0.06
2012,MAINE,23.0,SOMERSET,25,55384000,-0.86,-0.83
2012,MAINE,23.0,AROOSTOOK,3,192821000,-1.44,-1.45
2012,MAINE,23.0,ANDROSCOGGIN,1,11875000,-0.79,-0.75
2012,MAINE,23.0,CUMBERLAND,5,17245000,-1.28,-1.29
2012,MAINE,23.0,FRANKLIN,7,2557000,-0.64,-0.6
2012,MAINE,23.0,KENNEBEC,11,14419000,-1.06,-1.07
2012,MAINE,23.0,KNOX,13,5431000,-0.94,-0.89
2012,MAINE,23.0,LINCOLN,15,5207000,-0.46,-0.46
2012,MAINE,23.0,OXFORD,17,14482000,-0.87,-0.82
2012,MAINE,23.0,SAGADAHOC,23,6858000,-0.6,-0.63
2012,MARYLAND,24.0,DORCHESTER,19,69700000,0.03,0.06
2012,MARYLAND,24.0,SOMERSET,39,26652000,-1.27,-1.26
2012,MARYLAND,24.0,WICOMICO,45,53609000,-1.33,-1.4
2012,MARYLAND,24.0,WORCESTER,47,51359000,-0.91,-0.88
2012,MARYLAND,24.0,BALTIMORE,5,67632000,-1.28,-1.29
2012,MARYLAND,24.0,CARROLL,13,75151000,-0.94,-0.89
2012,MARYLAND,24.0,FREDERICK,21,74543000,-0.57,-0.51
2012,MARYLAND,24.0,HARFORD,25,31333000,-0.86,-0.83
2012,MARYLAND,24.0,HOWARD,27,27700000,-0.9,-0.91
2012,MARYLAND,24.0,MONTGOMERY,31,41870000,-1.28,-1.33
2012,MARYLAND,24.0,WASHINGTON,43,45424000,0.43,0.4
2012,MARYLAND,24.0,ANNE ARUNDEL,3,16519000,-1.44,-1.45
2012,MARYLAND,24.0,CALVERT,9,10618000,0.45,0.4
2012,MARYLAND,24.0,CHARLES,17,10726000,-0.87,-0.82
2012,MARYLAND,24.0,PRINCE GEORGES,33,16431000,0.31,0.31
2012,MARYLAND,24.0,ST MARYS,37,19060000,-0.57,-0.5
2012,MARYLAND,24.0,CAROLINE,11,85467000,-1.06,-1.07
2012,MARYLAND,24.0,CECIL,15,68642000,-0.46,-0.46
2012,MARYLAND,24.0,KENT,29,78393000,-0.87,-0.86
2012,MARYLAND,24.0,QUEEN ANNES,35,103238000,-1.14,-1.07
2012,MARYLAND,24.0,TALBOT,41,63708000,-1.21,-1.2
2012,MARYLAND,24.0,ALLEGANY,1,1858000,-0.79,-0.75
2012,MARYLAND,24.0,GARRETT,23,10923000,-0.6,-0.63
2012,MASSACHUSETTS,25.0,BARNSTABLE,1,9707000,-0.79,-0.75
2012,MASSACHUSETTS,25.0,BERKSHIRE,3,10140000,-1.44,-1.45
2012,MASSACHUSETTS,25.0,BRISTOL,5,29899000,-1.28,-1.29
2012,MASSACHUSETTS,25.0,DUKES,7,2509000,-0.64,-0.6
2012,MASSACHUSETTS,25.0,ESSEX,9,18053000,0.45,0.4
2012,MASSACHUSETTS,25.0,FRANKLIN,11,39064000,-1.06,-1.07
2012,MASSACHUSETTS,25.0,HAMPDEN,13,17377000,-0.94,-0.89
2012,MASSACHUSETTS,25.0,HAMPSHIRE,15,37203000,-0.46,-0.46
2012,MASSACHUSETTS,25.0,MIDDLESEX,17,68696000,-0.87,-0.82
2012,MASSACHUSETTS,25.0,NANTUCKET,19,1391000,0.03,0.06
2012,MASSACHUSETTS,25.0,NORFOLK,21,9473000,-0.57,-0.51
2012,MASSACHUSETTS,25.0,PLYMOUTH,23,99671000,-0.6,-0.63
2012,MASSACHUSETTS,25.0,SUFFOLK,25,156000,-0.86,-0.83
2012,MASSACHUSETTS,25.0,WORCESTER,27,39575000,-0.9,-0.91
2012,MICHIGAN,26.0,CLARE,35,6172000,-1.14,-1.07
2012,MICHIGAN,26.0,GLADWIN,51,13658000,-0.62,-0.55
2012,MICHIGAN,26.0,GRATIOT,57,199091000,-0.25,-0.24
2012,MICHIGAN,26.0,ISABELLA,73,78428000,-0.23,-0.23
2012,MICHIGAN,26.0,MECOSTA,107,45979000,-0.09,-0.06
2012,MICHIGAN,26.0,MIDLAND,111,47595000,-1.08,-1.05
2012,MICHIGAN,26.0,MONTCALM,117,154177000,-0.44,-0.42
2012,MICHIGAN,26.0,OSCEOLA,133,13010000,0.2,0.17
2012,MICHIGAN,26.0,ARENAC,11,35825000,-1.06,-1.07
2012,MICHIGAN,26.0,BAY,17,157210000,-0.87,-0.82
2012,MICHIGAN,26.0,HURON,63,334344000,-0.32,-0.3
2012,MICHIGAN,26.0,SAGINAW,145,223309000,0.37,0.42
2012,MICHIGAN,26.0,SANILAC,151,280054000,-1.17,-1.21
2012,MICHIGAN,26.0,TUSCOLA,157,226266000,-1.04,-1.05
2012,MICHIGAN,26.0,ALCONA,1,4591000,-0.79,-0.75
2012,MICHIGAN,26.0,ALPENA,7,9507000,-0.64,-0.6
2012,MICHIGAN,26.0,CHEBOYGAN,31,5615000,-1.28,-1.33
2012,MICHIGAN,26.0,CRAWFORD,39,70000,-1.27,-1.26
2012,MICHIGAN,26.0,IOSCO,69,6226000,-1.41,-1.47
2012,MICHIGAN,26.0,MONTMORENCY,119,4295000,-0.35,-0.3
2012,MICHIGAN,26.0,OGEMAW,129,13478000,-0.6,-0.64
2012,MICHIGAN,26.0,OSCODA,135,1178000,1.19,1.15
2012,MICHIGAN,26.0,OTSEGO,137,6044000,0.82,0.81
2012,MICHIGAN,26.0,PRESQUE ISLE,141,17469000,0.62,0.62
2012,MICHIGAN,26.0,ROSCOMMON,143,290000,0.37,0.37
2012,MICHIGAN,26.0,ANTRIM,9,15336000,0.45,0.4
2012,MICHIGAN,26.0,BENZIE,19,3320000,0.03,0.06
2012,MICHIGAN,26.0,CHARLEVOIX,29,5978000,-0.87,-0.86
2012,MICHIGAN,26.0,EMMET,47,4444000,-0.91,-0.88
2012,MICHIGAN,26.0,GRAND TRAVERSE,55,13927000,0.31,0.29
2012,MICHIGAN,26.0,KALKASKA,79,8109000,0.59,0.56
2012,MICHIGAN,26.0,LEELANAU,89,17776000,0.71,0.75
2012,MICHIGAN,26.0,MANISTEE,101,6492000,-0.95,-0.93
2012,MICHIGAN,26.0,MISSAUKEE,113,31202000,-1.07,-1.05
2012,MICHIGAN,26.0,WEXFORD,165,4829000,-1.9,-1.97
2012,MICHIGAN,26.0,BARRY,15,47415000,-0.46,-0.46
2012,MICHIGAN,26.0,BRANCH,23,125375000,-0.6,-0.63
2012,MICHIGAN,26.0,CALHOUN,25,86006000,-0.86,-0.83
2012,MICHIGAN,26.0,CLINTON,37,122553000,-0.57,-0.5
2012,MICHIGAN,26.0,EATON,45,99774000,-1.33,-1.4
2012,MICHIGAN,26.0,HILLSDALE,59,115914000,0.38,0.39
2012,MICHIGAN,26.0,INGHAM,65,101658000,-0.42,-0.39
2012,MICHIGAN,26.0,IONIA,67,128514000,-1.27,-1.29
2012,MICHIGAN,26.0,JACKSON,75,54110000,-0.11,-0.07
2012,MICHIGAN,26.0,SHIAWASSEE,155,113439000,-1.77,-1.8
2012,MICHIGAN,26.0,ST JOSEPH,149,190933000,0.45,0.44
2012,MICHIGAN,26.0,GENESEE,49,81039000,0.72,0.75
2012,MICHIGAN,26.0,LAPEER,87,91404000,-0.89,-0.88
2012,MICHIGAN,26.0,LENAWEE,91,144060000,-0.66,-0.65
2012,MICHIGAN,26.0,LIVINGSTON,93,38712000,0.2,0.21
2012,MICHIGAN,26.0,MACOMB,99,58381000,-1.17,-1.1
2012,MICHIGAN,26.0,MONROE,115,166044000,-0.03,-0.06
2012,MICHIGAN,26.0,OAKLAND,125,22664000,-0.48,-0.47
2012,MICHIGAN,26.0,ST CLAIR,147,97871000,0.33,0.33
2012,MICHIGAN,26.0,WASHTENAW,161,67584000,-1.8,-1.85
2012,MICHIGAN,26.0,WAYNE,163,26059000,-1.5,-1.6
2012,MICHIGAN,26.0,ALLEGAN,5,194085000,-1.28,-1.29
2012,MICHIGAN,26.0,BERRIEN,21,145902000,-0.57,-0.51
2012,MICHIGAN,26.0,CASS,27,125673000,-0.9,-0.91
2012,MICHIGAN,26.0,KALAMAZOO,77,194521000,0.53,0.51
2012,MICHIGAN,26.0,KENT,81,180389000,-0.72,-0.67
2012,MICHIGAN,26.0,OTTAWA,139,300308000,-1.26,-1.25
2012,MICHIGAN,26.0,VAN BUREN,159,161414000,-1.3,-1.4
2012,MICHIGAN,26.0,ALGER,3,890000,-1.44,-1.45
2012,MICHIGAN,26.0,BARAGA,13,783000,-0.94,-0.89
2012,MICHIGAN,26.0,CHIPPEWA,33,5235000,0.31,0.31
2012,MICHIGAN,26.0,DELTA,41,7632000,-1.21,-1.2
2012,MICHIGAN,26.0,DICKINSON,43,2904000,0.43,0.4
2012,MICHIGAN,26.0,GOGEBIC,53,362000,-1.28,-1.27
2012,MICHIGAN,26.0,HOUGHTON,61,2126000,-1.28,-1.34
2012,MICHIGAN,26.0,IRON,71,3188000,1.15,1.19
2012,MICHIGAN,26.0,LUCE,95,2954000,0.94,0.93
2012,MICHIGAN,26.0,MACKINAC,97,1185000,-1.46,-1.48
2012,MICHIGAN,26.0,MARQUETTE,103,815000,0.44,0.45
2012,MICHIGAN,26.0,MENOMINEE,109,7914000,-1.33,-1.36
2012,MICHIGAN,26.0,ONTONAGON,131,1656000,-1.13,-1.1
2012,MICHIGAN,26.0,SCHOOLCRAFT,153,1365000,-1.53,-1.6
2012,MICHIGAN,26.0,LAKE,85,2290000,-0.81,-0.83
2012,MICHIGAN,26.0,MASON,105,31689000,-0.65,-0.59
2012,MICHIGAN,26.0,MUSKEGON,121,46846000,-0.68,-0.68
2012,MICHIGAN,26.0,NEWAYGO,123,45412000,-0.77,-0.71
2012,MICHIGAN,26.0,OCEANA,127,64095000,-0.39,-0.4
2012,MINNESOTA,27.0,BENTON,9,73886000,0.45,0.4
2012,MINNESOTA,27.0,CARVER,19,87896000,0.03,0.06
2012,MINNESOTA,27.0,KANDIYOHI,67,284147000,-1.27,-1.29
2012,MINNESOTA,27.0,MCLEOD,85,178845000,-0.81,-0.83
2012,MINNESOTA,27.0,MEEKER,93,172231000,0.2,0.21
2012,MINNESOTA,27.0,MORRISON,97,111839000,-1.46,-1.48
2012,MINNESOTA,27.0,RENVILLE,129,545492000,-0.6,-0.64
2012,MINNESOTA,27.0,SCOTT,139,69387000,-1.26,-1.25
2012,MINNESOTA,27.0,SHERBURNE,141,68984000,0.62,0.62
2012,MINNESOTA,27.0,SIBLEY,143,237575000,0.37,0.37
2012,MINNESOTA,27.0,STEARNS,145,260956000,0.37,0.42
2012,MINNESOTA,27.0,TODD,153,94816000,-1.53,-1.6
2012,MINNESOTA,27.0,WADENA,159,35827000,-1.3,-1.4
2012,MINNESOTA,27.0,WRIGHT,171,148247000,-1.34,-1.37
2012,MINNESOTA,27.0,AITKIN,1,8247000,-0.79,-0.75
2012,MINNESOTA,27.0,ANOKA,3,38691000,-1.44,-1.45
2012,MINNESOTA,27.0,CARLTON,17,5401000,-0.87,-0.82
2012,MINNESOTA,27.0,CHISAGO,25,43938000,-0.86,-0.83
2012,MINNESOTA,27.0,CROW WING,35,14541000,-1.14,-1.07
2012,MINNESOTA,27.0,HENNEPIN,53,53348000,-1.28,-1.27
2012,MINNESOTA,27.0,ISANTI,59,47929000,0.38,0.39
2012,MINNESOTA,27.0,KANABEC,65,19661000,-0.42,-0.39
2012,MINNESOTA,27.0,MILLE LACS,95,31157000,0.94,0.93
2012,MINNESOTA,27.0,PINE,115,30561000,-0.03,-0.06
2012,MINNESOTA,27.0,RAMSEY,123,2479000,-0.77,-0.71
2012,MINNESOTA,27.0,WASHINGTON,163,78288000,-1.5,-1.6
2012,MINNESOTA,27.0,BELTRAMI,7,21371000,-0.64,-0.6
2012,MINNESOTA,27.0,CASS,21,10496000,-0.57,-0.51
2012,MINNESOTA,27.0,HUBBARD,57,41805000,-0.25,-0.24
2012,MINNESOTA,27.0,ITASCA,61,6523000,-1.28,-1.34
2012,MINNESOTA,27.0,KOOCHICHING,71,5155000,1.15,1.19
2012,MINNESOTA,27.0,LAKE OF THE WOODS,77,17656000,0.53,0.51
2012,MINNESOTA,27.0,COOK,31,232000,-1.28,-1.33
2012,MINNESOTA,27.0,LAKE,75,325000,-0.11,-0.07
2012,MINNESOTA,27.0,ST. LOUIS,137,10220000,0.82,0.81
2012,MINNESOTA,27.0,BECKER,5,177232000,-1.28,-1.29
2012,MINNESOTA,27.0,CLAY,27,359311000,-0.9,-0.91
2012,MINNESOTA,27.0,CLEARWATER,29,14990000,-0.87,-0.86
2012,MINNESOTA,27.0,KITTSON,69,170689000,-1.41,-1.47
2012,MINNESOTA,27.0,MAHNOMEN,87,90021000,-0.89,-0.88
2012,MINNESOTA,27.0,MARSHALL,89,314981000,0.71,0.75
2012,MINNESOTA,27.0,NORMAN,107,263349000,-0.09,-0.06
2012,MINNESOTA,27.0,PENNINGTON,113,74336000,-1.07,-1.05
2012,MINNESOTA,27.0,POLK,119,572439000,-0.35,-0.3
2012,MINNESOTA,27.0,RED LAKE,125,65624000,-0.48,-0.47
2012,MINNESOTA,27.0,ROSEAU,135,136323000,1.19,1.15
2012,MINNESOTA,27.0,BLUE EARTH,13,261754000,-0.94,-0.89
2012,MINNESOTA,27.0,BROWN,15,220293000,-0.46,-0.46
2012,MINNESOTA,27.0,FARIBAULT,43,322708000,0.43,0.4
2012,MINNESOTA,27.0,FREEBORN,47,286206000,-0.91,-0.88
2012,MINNESOTA,27.0,LE SUEUR,79,142022000,0.59,0.56
2012,MINNESOTA,27.0,MARTIN,91,330135000,-0.66,-0.65
2012,MINNESOTA,27.0,NICOLLET,103,178136000,0.44,0.45
2012,MINNESOTA,27.0,RICE,131,147111000,-1.13,-1.1
2012,MINNESOTA,27.0,STEELE,147,196145000,0.33,0.33
2012,MINNESOTA,27.0,WASECA,161,179679000,-1.8,-1.85
2012,MINNESOTA,27.0,WATONWAN,165,180832000,-1.9,-1.97
2012,MINNESOTA,27.0,DAKOTA,37,187467000,-0.57,-0.5
2012,MINNESOTA,27.0,DODGE,39,177607000,-1.27,-1.26
2012,MINNESOTA,27.0,FILLMORE,45,207447000,-1.33,-1.4
2012,MINNESOTA,27.0,GOODHUE,49,265223000,0.72,0.75
2012,MINNESOTA,27.0,HOUSTON,55,74676000,0.31,0.29
2012,MINNESOTA,27.0,MOWER,99,326595000,-1.17,-1.1
2012,MINNESOTA,27.0,OLMSTED,109,164449000,-1.33,-1.36
2012,MINNESOTA,27.0,WABASHA,157,114983000,-1.04,-1.05
2012,MINNESOTA,27.0,WINONA,169,107076000,-1.51,-1.58
2012,MINNESOTA,27.0,COTTONWOOD,33,234022000,0.31,0.31
2012,MINNESOTA,27.0,JACKSON,63,251946000,-0.32,-0.3
2012,MINNESOTA,27.0,LINCOLN,81,135170000,-0.72,-0.67
2012,MINNESOTA,27.0,LYON,83,241278000,0.45,0.48
2012,MINNESOTA,27.0,MURRAY,101,232560000,-0.95,-0.93
2012,MINNESOTA,27.0,NOBLES,105,242814000,-0.65,-0.59
2012,MINNESOTA,27.0,PIPESTONE,117,117297000,-0.44,-0.42
2012,MINNESOTA,27.0,REDWOOD,127,364938000,-0.39,-0.4
2012,MINNESOTA,27.0,ROCK,133,178097000,0.2,0.17
2012,MINNESOTA,27.0,BIG STONE,11,138296000,-1.06,-1.07
2012,MINNESOTA,27.0,CHIPPEWA,23,264086000,-0.6,-0.63
2012,MINNESOTA,27.0,DOUGLAS,41,89041000,-1.21,-1.2
2012,MINNESOTA,27.0,GRANT,51,203140000,-0.62,-0.55
2012,MINNESOTA,27.0,LAC QUI PARLE,73,252757000,-0.23,-0.23
2012,MINNESOTA,27.0,OTTER TAIL,111,323752000,-1.08,-1.05
2012,MINNESOTA,27.0,POPE,121,172454000,-0.68,-0.68
2012,MINNESOTA,27.0,STEVENS,149,238023000,0.45,0.44
2012,MINNESOTA,27.0,SWIFT,151,240785000,-1.17,-1.21
2012,MINNESOTA,27.0,TRAVERSE,155,252191000,-1.77,-1.8
2012,MINNESOTA,27.0,WILKIN,167,300780000,-1.29,-1.41
2012,MINNESOTA,27.0,YELLOW MEDICINE,173,237791000,-0.83,-0.88
2012,MISSISSIPPI,28.0,ATTALA,7,12676000,-0.64,-0.6
2012,MISSISSIPPI,28.0,CARROLL,15,31745000,-0.46,-0.46
2012,MISSISSIPPI,28.0,CHOCTAW,19,1267000,0.03,0.06
2012,MISSISSIPPI,28.0,HOLMES,51,91271000,-0.62,-0.55
2012,MISSISSIPPI,28.0,LEAKE,79,2666000,0.59,0.56
2012,MISSISSIPPI,28.0,MADISON,89,27487000,0.71,0.75
2012,MISSISSIPPI,28.0,MONTGOMERY,97,10967000,-1.46,-1.48
2012,MISSISSIPPI,28.0,RANKIN,121,9144000,-0.68,-0.68
2012,MISSISSIPPI,28.0,SCOTT,123,4696000,-0.77,-0.71
2012,MISSISSIPPI,28.0,WEBSTER,155,14148000,-1.77,-1.8
2012,MISSISSIPPI,28.0,CHICKASAW,17,30176000,-0.87,-0.82
2012,MISSISSIPPI,28.0,CLAY,25,7180000,-0.86,-0.83
2012,MISSISSIPPI,28.0,KEMPER,69,1863000,-1.41,-1.47
2012,MISSISSIPPI,28.0,LOWNDES,87,26786000,-0.89,-0.88
2012,MISSISSIPPI,28.0,MONROE,95,45402000,0.94,0.93
2012,MISSISSIPPI,28.0,NESHOBA,99,2279000,-1.17,-1.1
2012,MISSISSIPPI,28.0,NOXUBEE,103,67728000,0.44,0.45
2012,MISSISSIPPI,28.0,OKTIBBEHA,105,2275000,-0.65,-0.59
2012,MISSISSIPPI,28.0,WINSTON,159,3362000,-1.3,-1.4
2012,MISSISSIPPI,28.0,HUMPHREYS,53,115734000,-1.28,-1.27
2012,MISSISSIPPI,28.0,LEFLORE,83,189296000,0.45,0.48
2012,MISSISSIPPI,28.0,SHARKEY,125,103932000,-0.48,-0.47
2012,MISSISSIPPI,28.0,SUNFLOWER,133,244637000,0.2,0.17
2012,MISSISSIPPI,28.0,WASHINGTON,151,261669000,-1.17,-1.21
2012,MISSISSIPPI,28.0,YAZOO,163,139861000,-1.5,-1.6
2012,MISSISSIPPI,28.0,BENTON,9,10579000,0.45,0.4
2012,MISSISSIPPI,28.0,CALHOUN,13,72964000,-0.94,-0.89
2012,MISSISSIPPI,28.0,DE SOTO,33,45083000,0.31,0.31
2012,MISSISSIPPI,28.0,GRENADA,43,6906000,0.43,0.4
2012,MISSISSIPPI,28.0,LAFAYETTE,71,6555000,1.15,1.19
2012,MISSISSIPPI,28.0,MARSHALL,93,27520000,0.2,0.21
2012,MISSISSIPPI,28.0,PANOLA,107,65790000,-0.09,-0.06
2012,MISSISSIPPI,28.0,TATE,137,30521000,0.82,0.81
2012,MISSISSIPPI,28.0,YALOBUSHA,161,15845000,-1.8,-1.85
2012,MISSISSIPPI,28.0,ALCORN,3,17712000,-1.44,-1.45
2012,MISSISSIPPI,28.0,ITAWAMBA,57,11857000,-0.25,-0.24
2012,MISSISSIPPI,28.0,LEE,81,40229000,-0.72,-0.67
2012,MISSISSIPPI,28.0,PONTOTOC,115,18936000,-0.03,-0.06
2012,MISSISSIPPI,28.0,PRENTISS,117,12996000,-0.44,-0.42
2012,MISSISSIPPI,28.0,TIPPAH,139,14650000,-1.26,-1.25
2012,MISSISSIPPI,28.0,TISHOMINGO,141,5205000,0.62,0.62
2012,MISSISSIPPI,28.0,UNION,145,12904000,0.37,0.42
2012,MISSISSIPPI,28.0,COVINGTON,31,6228000,-1.28,-1.33
2012,MISSISSIPPI,28.0,JEFFERSON DAVIS,65,1756000,-0.42,-0.39
2012,MISSISSIPPI,28.0,LAMAR,73,3447000,-0.23,-0.23
2012,MISSISSIPPI,28.0,LAWRENCE,77,5777000,0.53,0.51
2012,MISSISSIPPI,28.0,MARION,91,2054000,-0.66,-0.65
2012,MISSISSIPPI,28.0,PIKE,113,1673000,-1.07,-1.05
2012,MISSISSIPPI,28.0,SIMPSON,127,6871000,-0.39,-0.4
2012,MISSISSIPPI,28.0,SMITH,129,7574000,-0.6,-0.64
2012,MISSISSIPPI,28.0,WALTHALL,147,4600000,0.33,0.33
2012,MISSISSIPPI,28.0,CLARKE,23,1497000,-0.6,-0.63
2012,MISSISSIPPI,28.0,FORREST,35,4750000,-1.14,-1.07
2012,MISSISSIPPI,28.0,GEORGE,39,19257000,-1.27,-1.26
2012,MISSISSIPPI,28.0,GREENE,41,10029000,-1.21,-1.2
2012,MISSISSIPPI,28.0,HARRISON,47,1580000,-0.91,-0.88
2012,MISSISSIPPI,28.0,JACKSON,59,12561000,0.38,0.39
2012,MISSISSIPPI,28.0,JASPER,61,1562000,-1.28,-1.34
2012,MISSISSIPPI,28.0,JONES,67,4689000,-1.27,-1.29
2012,MISSISSIPPI,28.0,LAUDERDALE,75,2702000,-0.11,-0.07
2012,MISSISSIPPI,28.0,NEWTON,101,4283000,-0.95,-0.93
2012,MISSISSIPPI,28.0,PEARL RIVER,109,8054000,-1.33,-1.36
2012,MISSISSIPPI,28.0,PERRY,111,5172000,-1.08,-1.05
2012,MISSISSIPPI,28.0,WAYNE,153,6839000,-1.53,-1.6
2012,MISSISSIPPI,28.0,ADAMS,1,8434000,-0.79,-0.75
2012,MISSISSIPPI,28.0,AMITE,5,3836000,-1.28,-1.29
2012,MISSISSIPPI,28.0,CLAIBORNE,21,8816000,-0.57,-0.51
2012,MISSISSIPPI,28.0,COPIAH,29,6410000,-0.87,-0.86
2012,MISSISSIPPI,28.0,FRANKLIN,37,2288000,-0.57,-0.5
2012,MISSISSIPPI,28.0,HINDS,49,24968000,0.72,0.75
2012,MISSISSIPPI,28.0,JEFFERSON,63,14807000,-0.32,-0.3
2012,MISSISSIPPI,28.0,LINCOLN,85,3210000,-0.81,-0.83
2012,MISSISSIPPI,28.0,WARREN,149,30291000,0.45,0.44
2012,MISSISSIPPI,28.0,WILKINSON,157,3008000,-1.04,-1.05
2012,MISSISSIPPI,28.0,BOLIVAR,11,276734000,-1.06,-1.07
2012,MISSISSIPPI,28.0,COAHOMA,27,172567000,-0.9,-0.91
2012,MISSISSIPPI,28.0,TALLAHATCHIE,135,163665000,1.19,1.15
2012,MISSOURI,29.0,BENTON,15,13012000,-0.46,-0.46
2012,MISSOURI,29.0,BOONE,19,34419000,0.03,0.06
2012,MISSOURI,29.0,CALLAWAY,27,34075000,-0.9,-0.91
2012,MISSOURI,29.0,CAMDEN,29,1930000,-0.87,-0.86
2012,MISSOURI,29.0,COLE,51,10516000,-0.62,-0.55
2012,MISSOURI,29.0,COOPER,53,45029000,-1.28,-1.27
2012,MISSOURI,29.0,DALLAS,59,5489000,0.38,0.39
2012,MISSOURI,29.0,HICKORY,85,4202000,-0.81,-0.83
2012,MISSOURI,29.0,HOWARD,89,37015000,0.71,0.75
2012,MISSOURI,29.0,LACLEDE,105,7618000,-0.65,-0.59
2012,MISSOURI,29.0,MARIES,125,4576000,-0.48,-0.47
2012,MISSOURI,29.0,MILLER,131,4809000,-1.13,-1.1
2012,MISSOURI,29.0,MONITEAU,135,16298000,1.19,1.15
2012,MISSOURI,29.0,MORGAN,141,12472000,0.62,0.62
2012,MISSOURI,29.0,OSAGE,151,13940000,-1.17,-1.21
2012,MISSOURI,29.0,PETTIS,159,54467000,-1.3,-1.4
2012,MISSOURI,29.0,PHELPS,161,1857000,-1.8,-1.85
2012,MISSOURI,29.0,POLK,167,9057000,-1.29,-1.41
2012,MISSOURI,29.0,PULASKI,169,2008000,-1.51,-1.58
2012,MISSOURI,29.0,SALINE,195,155369000,-1.11,-1.14
2012,MISSOURI,29.0,CRAWFORD,55,3112000,0.31,0.29
2012,MISSOURI,29.0,FRANKLIN,71,27586000,1.15,1.19
2012,MISSOURI,29.0,GASCONADE,73,9253000,-0.23,-0.23
2012,MISSOURI,29.0,JEFFERSON,99,6949000,-1.17,-1.1
2012,MISSOURI,29.0,LINCOLN,113,47855000,-1.07,-1.05
2012,MISSOURI,29.0,MONTGOMERY,139,47349000,-1.26,-1.25
2012,MISSOURI,29.0,PERRY,157,31753000,-1.04,-1.05
2012,MISSOURI,29.0,ST CHARLES,183,52979000,-1.46,-1.47
2012,MISSOURI,29.0,ST FRANCOIS,187,4604000,-0.13,-0.11
2012,MISSOURI,29.0,ST LOUIS,189,18532000,-1.49,-1.59
2012,MISSOURI,29.0,STE GENEVIEVE,186,15592000,0.79,0.71
2012,MISSOURI,29.0,WARREN,219,24694000,-1.16,-1.22
2012,MISSOURI,29.0,WASHINGTON,221,2301000,-1.21,-1.28
2012,MISSOURI,29.0,ADAIR,1,20148000,-0.79,-0.75
2012,MISSOURI,29.0,CARROLL,33,111305000,0.31,0.31
2012,MISSOURI,29.0,CHARITON,41,89250000,-1.21,-1.2
2012,MISSOURI,29.0,GRUNDY,79,28332000,0.59,0.56
2012,MISSOURI,29.0,LINN,115,39327000,-0.03,-0.06
2012,MISSOURI,29.0,LIVINGSTON,117,49960000,-0.44,-0.42
2012,MISSOURI,29.0,MACON,121,35836000,-0.68,-0.68
2012,MISSOURI,29.0,MERCER,129,19068000,-0.6,-0.64
2012,MISSOURI,29.0,PUTNAM,171,16606000,-1.34,-1.37
2012,MISSOURI,29.0,RANDOLPH,175,21478000,-1.52,-1.62
2012,MISSOURI,29.0,SCHUYLER,197,14841000,-1.34,-1.36
2012,MISSOURI,29.0,SULLIVAN,211,18229000,-1.26,-1.38
2012,MISSOURI,29.0,AUDRAIN,7,89658000,-0.64,-0.6
2012,MISSOURI,29.0,CLARK,45,51825000,-1.33,-1.4
2012,MISSOURI,29.0,KNOX,103,37762000,0.44,0.45
2012,MISSOURI,29.0,LEWIS,111,51946000,-1.08,-1.05
2012,MISSOURI,29.0,MARION,127,53674000,-0.39,-0.4
2012,MISSOURI,29.0,MONROE,137,49947000,0.82,0.81
2012,MISSOURI,29.0,PIKE,163,54922000,-1.5,-1.6
2012,MISSOURI,29.0,RALLS,173,41953000,-0.83,-0.88
2012,MISSOURI,29.0,SCOTLAND,199,36718000,-1.09,-1.07
2012,MISSOURI,29.0,SHELBY,205,59084000,-1.68,-1.73
2012,MISSOURI,29.0,ANDREW,3,46225000,-1.44,-1.45
2012,MISSOURI,29.0,ATCHISON,5,147023000,-1.28,-1.29
2012,MISSOURI,29.0,BUCHANAN,21,60492000,-0.57,-0.51
2012,MISSOURI,29.0,CALDWELL,25,24241000,-0.86,-0.83
2012,MISSOURI,29.0,CLAY,47,19447000,-0.91,-0.88
2012,MISSOURI,29.0,CLINTON,49,38632000,0.72,0.75
2012,MISSOURI,29.0,DAVIESS,61,38660000,-1.28,-1.34
2012,MISSOURI,29.0,DE KALB,63,36441000,-0.32,-0.3
2012,MISSOURI,29.0,GENTRY,75,35570000,-0.11,-0.07
2012,MISSOURI,29.0,HARRISON,81,58835000,-0.72,-0.67
2012,MISSOURI,29.0,HOLT,87,90958000,-0.89,-0.88
2012,MISSOURI,29.0,NODAWAY,147,114630000,0.33,0.33
2012,MISSOURI,29.0,PLATTE,165,37545000,-1.9,-1.97
2012,MISSOURI,29.0,RAY,177,53423000,-1.5,-1.57
2012,MISSOURI,29.0,WORTH,227,13752000,-0.18,-0.16
2012,MISSOURI,29.0,BOLLINGER,17,16490000,-0.87,-0.82
2012,MISSOURI,29.0,CARTER,35,1046000,-1.14,-1.07
2012,MISSOURI,29.0,DENT,65,1852000,-0.42,-0.39
2012,MISSOURI,29.0,DOUGLAS,67,2928000,-1.27,-1.29
2012,MISSOURI,29.0,HOWELL,91,2431000,-0.66,-0.65
2012,MISSOURI,29.0,IRON,93,886000,0.2,0.21
2012,MISSOURI,29.0,MADISON,123,1793000,-0.77,-0.71
2012,MISSOURI,29.0,OREGON,149,1183000,0.45,0.44
2012,MISSOURI,29.0,OZARK,153,2072000,-1.53,-1.6
2012,MISSOURI,29.0,REYNOLDS,179,1222000,-1.65,-1.67
2012,MISSOURI,29.0,RIPLEY,181,10669000,-1.24,-1.34
2012,MISSOURI,29.0,SHANNON,203,1204000,0.28,0.28
2012,MISSOURI,29.0,TANEY,213,1269000,-0.1,-0.08
2012,MISSOURI,29.0,TEXAS,215,3703000,-1.13,-1.08
2012,MISSOURI,29.0,WAYNE,223,1555000,-0.79,-0.77
2012,MISSOURI,29.0,WEBSTER,225,6423000,-1.48,-1.56
2012,MISSOURI,29.0,WRIGHT,229,3256000,-1.33,-1.34
2012,MISSOURI,29.0,BUTLER,23,123103000,-0.6,-0.63
2012,MISSOURI,29.0,CAPE GIRARDEAU,31,52149000,-1.28,-1.33
2012,MISSOURI,29.0,DUNKLIN,69,196914000,-1.41,-1.47
2012,MISSOURI,29.0,MISSISSIPPI,133,153775000,0.2,0.17
2012,MISSOURI,29.0,NEW MADRID,143,216974000,0.37,0.37
2012,MISSOURI,29.0,PEMISCOT,155,185947000,-1.77,-1.8
2012,MISSOURI,29.0,SCOTT,201,130314000,-1.34,-1.37
2012,MISSOURI,29.0,STODDARD,207,256080000,-1.44,-1.47
2012,MISSOURI,29.0,BARRY,9,6279000,0.45,0.4
2012,MISSOURI,29.0,BARTON,11,73277000,-1.06,-1.07
2012,MISSOURI,29.0,CHRISTIAN,43,3459000,0.43,0.4
2012,MISSOURI,29.0,DADE,57,33252000,-0.25,-0.24
2012,MISSOURI,29.0,GREENE,77,7208000,0.53,0.51
2012,MISSOURI,29.0,JASPER,97,32605000,-1.46,-1.48
2012,MISSOURI,29.0,LAWRENCE,109,15166000,-1.33,-1.36
2012,MISSOURI,29.0,MCDONALD,119,3651000,-0.35,-0.3
2012,MISSOURI,29.0,NEWTON,145,15032000,0.37,0.42
2012,MISSOURI,29.0,STONE,209,3672000,-1.57,-1.62
2012,MISSOURI,29.0,BATES,13,63996000,-0.94,-0.89
2012,MISSOURI,29.0,CASS,37,60217000,-0.57,-0.5
2012,MISSOURI,29.0,CEDAR,39,6811000,-1.27,-1.26
2012,MISSOURI,29.0,HENRY,83,34984000,0.45,0.48
2012,MISSOURI,29.0,JACKSON,95,25426000,0.94,0.93
2012,MISSOURI,29.0,JOHNSON,101,46190000,-0.95,-0.93
2012,MISSOURI,29.0,LAFAYETTE,107,115469000,-0.09,-0.06
2012,MISSOURI,29.0,ST CLAIR,185,14351000,-1.0,-1.04
2012,MISSOURI,29.0,VERNON,217,62212000,-1.28,-1.37
2012,MONTANA,30.0,BROADWATER,7,21430000,-0.64,-0.6
2012,MONTANA,30.0,CASCADE,13,53547000,-0.94,-0.89
2012,MONTANA,30.0,FERGUS,27,71745000,-0.9,-0.91
2012,MONTANA,30.0,GOLDEN VALLEY,37,7460000,-0.57,-0.5
2012,MONTANA,30.0,JUDITH BASIN,45,28494000,-1.33,-1.4
2012,MONTANA,30.0,LEWIS AND CLARK,49,18370000,0.72,0.75
2012,MONTANA,30.0,MEAGHER,59,9480000,0.38,0.39
2012,MONTANA,30.0,MUSSELSHELL,65,10390000,-0.42,-0.39
2012,MONTANA,30.0,PETROLEUM,69,12332000,-1.41,-1.47
2012,MONTANA,30.0,WHEATLAND,107,10647000,-0.09,-0.06
2012,MONTANA,30.0,BLAINE,5,71586000,-1.28,-1.29
2012,MONTANA,30.0,CHOUTEAU,15,159038000,-0.46,-0.46
2012,MONTANA,30.0,GLACIER,35,68173000,-1.14,-1.07
2012,MONTANA,30.0,HILL,41,138597000,-1.21,-1.2
2012,MONTANA,30.0,LIBERTY,51,68912000,-0.62,-0.55
2012,MONTANA,30.0,PHILLIPS,71,58401000,1.15,1.19
2012,MONTANA,30.0,PONDERA,73,84119000,-0.23,-0.23
2012,MONTANA,30.0,TETON,99,82064000,-1.17,-1.1
2012,MONTANA,30.0,TOOLE,101,81945000,-0.95,-0.93
2012,MONTANA,30.0,DANIELS,19,87040000,0.03,0.06
2012,MONTANA,30.0,DAWSON,21,55488000,-0.57,-0.51
2012,MONTANA,30.0,GARFIELD,33,27039000,0.31,0.31
2012,MONTANA,30.0,MCCONE,55,77755000,0.31,0.29
2012,MONTANA,30.0,RICHLAND,83,93696000,0.45,0.48
2012,MONTANA,30.0,ROOSEVELT,85,113026000,-0.81,-0.83
2012,MONTANA,30.0,SHERIDAN,91,114836000,-0.66,-0.65
2012,MONTANA,30.0,VALLEY,105,119097000,-0.65,-0.59
2012,MONTANA,30.0,DEER LODGE,23,1858000,-0.6,-0.63
2012,MONTANA,30.0,FLATHEAD,29,27593000,-0.87,-0.86
2012,MONTANA,30.0,GRANITE,39,3351000,-1.27,-1.26
2012,MONTANA,30.0,LAKE,47,24269000,-0.91,-0.88
2012,MONTANA,30.0,LINCOLN,53,1007000,-1.28,-1.27
2012,MONTANA,30.0,MINERAL,61,260000,-1.28,-1.34
2012,MONTANA,30.0,MISSOULA,63,4051000,-0.32,-0.3
2012,MONTANA,30.0,POWELL,77,7648000,0.53,0.51
2012,MONTANA,30.0,RAVALLI,81,10481000,-0.72,-0.67
2012,MONTANA,30.0,SANDERS,89,5524000,0.71,0.75
2012,MONTANA,30.0,BIG HORN,3,53066000,-1.44,-1.45
2012,MONTANA,30.0,CARBON,9,25966000,0.45,0.4
2012,MONTANA,30.0,PARK,67,13126000,-1.27,-1.29
2012,MONTANA,30.0,STILLWATER,95,12989000,0.94,0.93
2012,MONTANA,30.0,SWEET GRASS,97,4276000,-1.46,-1.48
2012,MONTANA,30.0,TREASURE,103,22387000,0.44,0.45
2012,MONTANA,30.0,YELLOWSTONE,111,60667000,-1.08,-1.05
2012,MONTANA,30.0,CARTER,11,12429000,-1.06,-1.07
2012,MONTANA,30.0,CUSTER,17,21165000,-0.87,-0.82
2012,MONTANA,30.0,FALLON,25,12047000,-0.86,-0.83
2012,MONTANA,30.0,POWDER RIVER,75,8116000,-0.11,-0.07
2012,MONTANA,30.0,PRAIRIE,79,14947000,0.59,0.56
2012,MONTANA,30.0,ROSEBUD,87,25759000,-0.89,-0.88
2012,MONTANA,30.0,WIBAUX,109,15888000,-1.33,-1.36
2012,MONTANA,30.0,BEAVERHEAD,1,31189000,-0.79,-0.75
2012,MONTANA,30.0,GALLATIN,31,58802000,-1.28,-1.33
2012,MONTANA,30.0,JEFFERSON,43,4380000,0.43,0.4
2012,MONTANA,30.0,MADISON,57,27275000,-0.25,-0.24
2012,MONTANA,30.0,SILVER BOW,93,773000,0.2,0.21
2012,NEBRASKA,31.0,BUFFALO,19,272389000,0.03,0.06
2012,NEBRASKA,31.0,CUSTER,41,292956000,-1.21,-1.2
2012,NEBRASKA,31.0,DAWSON,47,283448000,-0.91,-0.88
2012,NEBRASKA,31.0,GREELEY,77,85428000,0.53,0.51
2012,NEBRASKA,31.0,HALL,79,232843000,0.59,0.56
2012,NEBRASKA,31.0,HOWARD,93,112048000,0.2,0.21
2012,NEBRASKA,31.0,SHERMAN,163,78019000,-1.5,-1.6
2012,NEBRASKA,31.0,VALLEY,175,95415000,-1.52,-1.62
2012,NEBRASKA,31.0,BUTLER,23,184934000,-0.6,-0.63
2012,NEBRASKA,31.0,CASS,25,140172000,-0.86,-0.83
2012,NEBRASKA,31.0,COLFAX,37,115678000,-0.57,-0.5
2012,NEBRASKA,31.0,DODGE,53,197962000,-1.28,-1.27
2012,NEBRASKA,31.0,DOUGLAS,55,54176000,0.31,0.29
2012,NEBRASKA,31.0,HAMILTON,81,272201000,-0.72,-0.67
2012,NEBRASKA,31.0,LANCASTER,109,146709000,-1.33,-1.36
2012,NEBRASKA,31.0,MERRICK,121,161195000,-0.68,-0.68
2012,NEBRASKA,31.0,NANCE,125,71932000,-0.48,-0.47
2012,NEBRASKA,31.0,PLATTE,141,236952000,0.62,0.62
2012,NEBRASKA,31.0,POLK,143,167047000,0.37,0.37
2012,NEBRASKA,31.0,SARPY,153,47968000,-1.53,-1.6
2012,NEBRASKA,31.0,SAUNDERS,155,224355000,-1.77,-1.8
2012,NEBRASKA,31.0,SEWARD,159,184071000,-1.3,-1.4
2012,NEBRASKA,31.0,WASHINGTON,177,102595000,-1.5,-1.57
2012,NEBRASKA,31.0,YORK,185,302771000,-1.0,-1.04
2012,NEBRASKA,31.0,ARTHUR,5,9208000,-1.28,-1.29
2012,NEBRASKA,31.0,BLAINE,9,5641000,0.45,0.4
2012,NEBRASKA,31.0,BOYD,15,18981000,-0.46,-0.46
2012,NEBRASKA,31.0,BROWN,17,39369000,-0.87,-0.82
2012,NEBRASKA,31.0,CHERRY,31,79896000,-1.28,-1.33
2012,NEBRASKA,31.0,GARFIELD,71,22590000,1.15,1.19
2012,NEBRASKA,31.0,HOLT,89,329256000,0.71,0.75
2012,NEBRASKA,31.0,HOOKER,91,1879000,-0.66,-0.65
2012,NEBRASKA,31.0,KEYA PAHA,103,29151000,0.44,0.45
2012,NEBRASKA,31.0,LOGAN,113,26232000,-1.07,-1.05
2012,NEBRASKA,31.0,LOUP,115,7769000,-0.03,-0.06
2012,NEBRASKA,31.0,MCPHERSON,117,5873000,-0.44,-0.42
2012,NEBRASKA,31.0,ROCK,149,39273000,0.45,0.44
2012,NEBRASKA,31.0,WHEELER,183,35277000,-1.46,-1.47
2012,NEBRASKA,31.0,ANTELOPE,3,256378000,-1.44,-1.45
2012,NEBRASKA,31.0,BOONE,11,194302000,-1.06,-1.07
2012,NEBRASKA,31.0,BURT,21,150263000,-0.57,-0.51
2012,NEBRASKA,31.0,CEDAR,27,163112000,-0.9,-0.91
2012,NEBRASKA,31.0,CUMING,39,140001000,-1.27,-1.26
2012,NEBRASKA,31.0,DAKOTA,43,65218000,0.43,0.4
2012,NEBRASKA,31.0,DIXON,51,71086000,-0.62,-0.55
2012,NEBRASKA,31.0,KNOX,107,93664000,-0.09,-0.06
2012,NEBRASKA,31.0,MADISON,119,149324000,-0.35,-0.3
2012,NEBRASKA,31.0,PIERCE,139,147350000,-1.26,-1.25
2012,NEBRASKA,31.0,STANTON,167,63997000,-1.29,-1.41
2012,NEBRASKA,31.0,THURSTON,173,93562000,-0.83,-0.88
2012,NEBRASKA,31.0,WAYNE,179,92911000,-1.65,-1.67
2012,NEBRASKA,31.0,BANNER,7,24126000,-0.64,-0.6
2012,NEBRASKA,31.0,BOX BUTTE,13,168614000,-0.94,-0.89
2012,NEBRASKA,31.0,CHEYENNE,33,89752000,0.31,0.31
2012,NEBRASKA,31.0,DAWES,45,21060000,-1.33,-1.4
2012,NEBRASKA,31.0,DEUEL,49,40489000,0.72,0.75
2012,NEBRASKA,31.0,GARDEN,69,37829000,-1.41,-1.47
2012,NEBRASKA,31.0,KIMBALL,105,50746000,-0.65,-0.59
2012,NEBRASKA,31.0,MORRILL,123,114100000,-0.77,-0.71
2012,NEBRASKA,31.0,SCOTTS BLUFF,157,160867000,-1.04,-1.05
2012,NEBRASKA,31.0,SHERIDAN,161,83767000,-1.8,-1.85
2012,NEBRASKA,31.0,SIOUX,165,29702000,-1.9,-1.97
2012,NEBRASKA,31.0,ADAMS,1,262135000,-0.79,-0.75
2012,NEBRASKA,31.0,FRANKLIN,61,103687000,-1.28,-1.34
2012,NEBRASKA,31.0,FURNAS,65,98374000,-0.42,-0.39
2012,NEBRASKA,31.0,GOSPER,73,110082000,-0.23,-0.23
2012,NEBRASKA,31.0,HARLAN,83,126402000,0.45,0.48
2012,NEBRASKA,31.0,KEARNEY,99,231842000,-1.17,-1.1
2012,NEBRASKA,31.0,PHELPS,137,264070000,0.82,0.81
2012,NEBRASKA,31.0,WEBSTER,181,91717000,-1.24,-1.34
2012,NEBRASKA,31.0,CLAY,35,211743000,-1.14,-1.07
2012,NEBRASKA,31.0,FILLMORE,59,261289000,0.38,0.39
2012,NEBRASKA,31.0,GAGE,67,174879000,-1.27,-1.29
2012,NEBRASKA,31.0,JEFFERSON,95,136629000,0.94,0.93
2012,NEBRASKA,31.0,JOHNSON,97,43783000,-1.46,-1.48
2012,NEBRASKA,31.0,NEMAHA,127,96597000,-0.39,-0.4
2012,NEBRASKA,31.0,NUCKOLLS,129,137716000,-0.6,-0.64
2012,NEBRASKA,31.0,OTOE,131,133304000,-1.13,-1.1
2012,NEBRASKA,31.0,PAWNEE,133,57332000,0.2,0.17
2012,NEBRASKA,31.0,RICHARDSON,147,114978000,0.33,0.33
2012,NEBRASKA,31.0,SALINE,151,171808000,-1.17,-1.21
2012,NEBRASKA,31.0,THAYER,169,186208000,-1.51,-1.58
2012,NEBRASKA,31.0,CHASE,29,183172000,-0.87,-0.86
2012,NEBRASKA,31.0,DUNDY,57,105842000,-0.25,-0.24
2012,NEBRASKA,31.0,FRONTIER,63,66175000,-0.32,-0.3
2012,NEBRASKA,31.0,HAYES,85,73298000,-0.81,-0.83
2012,NEBRASKA,31.0,HITCHCOCK,87,42893000,-0.89,-0.88
2012,NEBRASKA,31.0,KEITH,101,138487000,-0.95,-0.93
2012,NEBRASKA,31.0,LINCOLN,111,264672000,-1.08,-1.05
2012,NEBRASKA,31.0,PERKINS,135,182411000,1.19,1.15
2012,NEBRASKA,31.0,RED WILLOW,145,82467000,0.37,0.42
2012,NEVADA,32.0,ELKO,7,14642000,-0.64,-0.6
2012,NEVADA,32.0,EUREKA,11,29246000,-1.06,-1.07
2012,NEVADA,32.0,LANDER,15,27028000,-0.46,-0.46
2012,NEVADA,32.0,WHITE PINE,33,9057000,0.31,0.31
2012,NEVADA,32.0,CHURCHILL,1,31004000,-0.79,-0.75
2012,NEVADA,32.0,HUMBOLDT,13,102440000,-0.94,-0.89
2012,NEVADA,32.0,LYON,19,58229000,0.03,0.06
2012,NEVADA,32.0,PERSHING,27,32934000,-0.9,-0.91
2012,NEVADA,32.0,WASHOE,31,8205000,-1.28,-1.33
2012,NEVADA,32.0,CLARK,3,3291000,-1.44,-1.45
2012,NEVADA,32.0,ESMERALDA,9,12907000,0.45,0.4
2012,NEVADA,32.0,LINCOLN,17,13986000,-0.87,-0.82
2012,NEVADA,32.0,MINERAL,21,499000,-0.57,-0.51
2012,NEW HAMPSHIRE,33.0,BELKNAP,1,4752000,-0.79,-0.75
2012,NEW HAMPSHIRE,33.0,CARROLL,3,3458000,-1.44,-1.45
2012,NEW HAMPSHIRE,33.0,CHESHIRE,5,6860000,-1.28,-1.29
2012,NEW HAMPSHIRE,33.0,COOS,7,4907000,-0.64,-0.6
2012,NEW HAMPSHIRE,33.0,GRAFTON,9,5822000,0.45,0.4
2012,NEW HAMPSHIRE,33.0,HILLSBOROUGH,11,15740000,-1.06,-1.07
2012,NEW HAMPSHIRE,33.0,MERRIMACK,13,35150000,-0.94,-0.89
2012,NEW HAMPSHIRE,33.0,ROCKINGHAM,15,12679000,-0.46,-0.46
2012,NEW HAMPSHIRE,33.0,STRAFFORD,17,6009000,-0.87,-0.82
2012,NEW HAMPSHIRE,33.0,SULLIVAN,19,5337000,0.03,0.06
2012,NEW JERSEY,34.0,BURLINGTON,5,96197000,-1.28,-1.29
2012,NEW JERSEY,34.0,MERCER,21,16394000,-0.57,-0.51
2012,NEW JERSEY,34.0,MIDDLESEX,23,28851000,-0.6,-0.63
2012,NEW JERSEY,34.0,MONMOUTH,25,67185000,-0.86,-0.83
2012,NEW JERSEY,34.0,OCEAN,29,9732000,-0.87,-0.86
2012,NEW JERSEY,34.0,BERGEN,3,5003000,-1.44,-1.45
2012,NEW JERSEY,34.0,HUNTERDON,19,57319000,0.03,0.06
2012,NEW JERSEY,34.0,MORRIS,27,27206000,-0.9,-0.91
2012,NEW JERSEY,34.0,PASSAIC,31,3180000,-1.28,-1.33
2012,NEW JERSEY,34.0,SOMERSET,35,20711000,-1.14,-1.07
2012,NEW JERSEY,34.0,SUSSEX,37,11590000,-0.57,-0.5
2012,NEW JERSEY,34.0,WARREN,41,54662000,-1.21,-1.2
2012,NEW JERSEY,34.0,ATLANTIC,1,123140000,-0.79,-0.75
2012,NEW JERSEY,34.0,CAMDEN,7,15884000,-0.64,-0.6
2012,NEW JERSEY,34.0,CAPE MAY,9,7501000,0.45,0.4
2012,NEW JERSEY,34.0,CUMBERLAND,11,165553000,-1.06,-1.07
2012,NEW JERSEY,34.0,GLOUCESTER,15,82308000,-0.46,-0.46
2012,NEW JERSEY,34.0,SALEM,33,94077000,0.31,0.31
2012,NEW MEXICO,35.0,COLFAX,7,2145000,-0.64,-0.6
2012,NEW MEXICO,35.0,CURRY,9,31337000,0.45,0.4
2012,NEW MEXICO,35.0,DE BACA,11,8846000,-1.06,-1.07
2012,NEW MEXICO,35.0,GUADALUPE,19,380000,0.03,0.06
2012,NEW MEXICO,35.0,HARDING,21,285000,-0.57,-0.51
2012,NEW MEXICO,35.0,MORA,33,1151000,0.31,0.31
2012,NEW MEXICO,35.0,QUAY,37,2339000,-0.57,-0.5
2012,NEW MEXICO,35.0,ROOSEVELT,41,18330000,-1.21,-1.2
2012,NEW MEXICO,35.0,SAN MIGUEL,47,956000,-0.91,-0.88
2012,NEW MEXICO,35.0,TORRANCE,57,23343000,-0.25,-0.24
2012,NEW MEXICO,35.0,UNION,59,16862000,0.38,0.39
2012,NEW MEXICO,35.0,BERNALILLO,1,7530000,-0.79,-0.75
2012,NEW MEXICO,35.0,MCKINLEY,31,623000,-1.28,-1.33
2012,NEW MEXICO,35.0,RIO ARRIBA,39,7113000,-1.27,-1.26
2012,NEW MEXICO,35.0,SAN JUAN,45,63365000,-1.33,-1.4
2012,NEW MEXICO,35.0,SANDOVAL,43,5605000,0.43,0.4
2012,NEW MEXICO,35.0,SANTA FE,49,9597000,0.72,0.75
2012,NEW MEXICO,35.0,TAOS,55,3453000,0.31,0.29
2012,NEW MEXICO,35.0,VALENCIA,61,13288000,-1.28,-1.34
2012,NEW MEXICO,35.0,CHAVES,5,45137000,-1.28,-1.29
2012,NEW MEXICO,35.0,DONA ANA,13,166853000,-0.94,-0.89
2012,NEW MEXICO,35.0,EDDY,15,50489000,-0.46,-0.46
2012,NEW MEXICO,35.0,LEA,25,40738000,-0.86,-0.83
2012,NEW MEXICO,35.0,LINCOLN,27,536000,-0.9,-0.91
2012,NEW MEXICO,35.0,OTERO,35,8050000,-1.14,-1.07
2012,NEW MEXICO,35.0,CATRON,3,163000,-1.44,-1.45
2012,NEW MEXICO,35.0,GRANT,17,2086000,-0.87,-0.82
2012,NEW MEXICO,35.0,HIDALGO,23,16885000,-0.6,-0.63
2012,NEW MEXICO,35.0,LUNA,29,39948000,-0.87,-0.86
2012,NEW MEXICO,35.0,SIERRA,51,17561000,-0.62,-0.55
2012,NEW MEXICO,35.0,SOCORRO,53,11794000,-1.28,-1.27
2012,NEW YORK,36.0,CAYUGA,11,99211000,-1.06,-1.07
2012,NEW YORK,36.0,CHENANGO,17,14722000,-0.87,-0.82
2012,NEW YORK,36.0,CORTLAND,23,13471000,-0.6,-0.63
2012,NEW YORK,36.0,HERKIMER,43,17711000,0.43,0.4
2012,NEW YORK,36.0,MADISON,53,31094000,-1.28,-1.27
2012,NEW YORK,36.0,ONEIDA,65,42170000,-0.42,-0.39
2012,NEW YORK,36.0,ONONDAGA,67,48302000,-1.27,-1.29
2012,NEW YORK,36.0,OSWEGO,75,22499000,-0.11,-0.07
2012,NEW YORK,36.0,OTSEGO,77,23760000,0.53,0.51
2012,NEW YORK,36.0,ALBANY,1,31072000,-0.79,-0.75
2012,NEW YORK,36.0,FULTON,35,3368000,-1.14,-1.07
2012,NEW YORK,36.0,MONTGOMERY,57,21498000,-0.25,-0.24
2012,NEW YORK,36.0,RENSSELAER,83,28075000,0.45,0.48
2012,NEW YORK,36.0,SARATOGA,91,19456000,-0.66,-0.65
2012,NEW YORK,36.0,SCHENECTADY,93,2943000,0.2,0.21
2012,NEW YORK,36.0,SCHOHARIE,95,15388000,0.94,0.93
2012,NEW YORK,36.0,WASHINGTON,115,26934000,-0.03,-0.06
2012,NEW YORK,36.0,NASSAU,59,2991000,0.38,0.39
2012,NEW YORK,36.0,QUEENS,81,154000,-0.72,-0.67
2012,NEW YORK,36.0,RICHMOND,85,961000,-0.81,-0.83
2012,NEW YORK,36.0,SUFFOLK,103,204504000,0.44,0.45
2012,NEW YORK,36.0,CLINTON,19,42340000,0.03,0.06
2012,NEW YORK,36.0,ESSEX,31,5573000,-1.28,-1.33
2012,NEW YORK,36.0,FRANKLIN,33,19540000,0.31,0.31
2012,NEW YORK,36.0,JEFFERSON,45,45254000,-1.33,-1.4
2012,NEW YORK,36.0,LEWIS,49,23634000,0.72,0.75
2012,NEW YORK,36.0,ST LAWRENCE,89,38816000,0.71,0.75
2012,NEW YORK,36.0,COLUMBIA,21,35906000,-0.57,-0.51
2012,NEW YORK,36.0,DELAWARE,25,9315000,-0.86,-0.83
2012,NEW YORK,36.0,DUTCHESS,27,26022000,-0.9,-0.91
2012,NEW YORK,36.0,GREENE,39,9733000,-1.27,-1.26
2012,NEW YORK,36.0,ORANGE,71,72045000,1.15,1.19
2012,NEW YORK,36.0,PUTNAM,79,3001000,0.59,0.56
2012,NEW YORK,36.0,ROCKLAND,87,1674000,-0.89,-0.88
2012,NEW YORK,36.0,SULLIVAN,105,4055000,-0.65,-0.59
2012,NEW YORK,36.0,ULSTER,111,46396000,-1.08,-1.05
2012,NEW YORK,36.0,WESTCHESTER,119,4192000,-0.35,-0.3
2012,NEW YORK,36.0,BROOME,7,7040000,-0.64,-0.6
2012,NEW YORK,36.0,CHEMUNG,15,6610000,-0.46,-0.46
2012,NEW YORK,36.0,SCHUYLER,97,12962000,-1.46,-1.48
2012,NEW YORK,36.0,TIOGA,107,11324000,-0.09,-0.06
2012,NEW YORK,36.0,TOMPKINS,109,22691000,-1.33,-1.36
2012,NEW YORK,36.0,ALLEGANY,3,20889000,-1.44,-1.45
2012,NEW YORK,36.0,CATTARAUGUS,9,25088000,0.45,0.4
2012,NEW YORK,36.0,CHAUTAUQUA,13,73787000,-0.94,-0.89
2012,NEW YORK,36.0,STEUBEN,101,81300000,-0.95,-0.93
2012,NEW YORK,36.0,ERIE,29,61682000,-0.87,-0.86
2012,NEW YORK,36.0,GENESEE,37,85189000,-0.57,-0.5
2012,NEW YORK,36.0,LIVINGSTON,51,80742000,-0.62,-0.55
2012,NEW YORK,36.0,MONROE,55,81342000,0.31,0.29
2012,NEW YORK,36.0,NIAGARA,63,76305000,-0.32,-0.3
2012,NEW YORK,36.0,ONTARIO,69,77235000,-1.41,-1.47
2012,NEW YORK,36.0,ORLEANS,73,138467000,-0.23,-0.23
2012,NEW YORK,36.0,SENECA,99,52506000,-1.17,-1.1
2012,NEW YORK,36.0,WAYNE,117,149398000,-0.44,-0.42
2012,NEW YORK,36.0,WYOMING,121,77920000,-0.68,-0.68
2012,NEW YORK,36.0,YATES,123,43971000,-0.77,-0.71
2012,NORTH CAROLINA,37.0,BEAUFORT,13,103027000,-0.94,-0.89
2012,NORTH CAROLINA,37.0,CARTERET,31,28872000,-1.28,-1.33
2012,NORTH CAROLINA,37.0,CRAVEN,49,37742000,0.72,0.75
2012,NORTH CAROLINA,37.0,GREENE,79,75925000,0.59,0.56
2012,NORTH CAROLINA,37.0,JOHNSTON,101,153612000,-0.95,-0.93
2012,NORTH CAROLINA,37.0,JONES,103,30809000,0.44,0.45
2012,NORTH CAROLINA,37.0,LENOIR,107,97146000,-0.09,-0.06
2012,NORTH CAROLINA,37.0,PITT,147,111214000,0.33,0.33
2012,NORTH CAROLINA,37.0,WAYNE,191,158348000,-1.76,-1.73
2012,NORTH CAROLINA,37.0,WILSON,195,151365000,-1.11,-1.14
2012,NORTH CAROLINA,37.0,ALEXANDER,3,10812000,-1.44,-1.45
2012,NORTH CAROLINA,37.0,CATAWBA,35,19810000,-1.14,-1.07
2012,NORTH CAROLINA,37.0,CHATHAM,37,9001000,-0.57,-0.5
2012,NORTH CAROLINA,37.0,DAVIDSON,57,21746000,-0.25,-0.24
2012,NORTH CAROLINA,37.0,DAVIE,59,12612000,0.38,0.39
2012,NORTH CAROLINA,37.0,IREDELL,97,37242000,-1.46,-1.48
2012,NORTH CAROLINA,37.0,LEE,105,17204000,-0.65,-0.59
2012,NORTH CAROLINA,37.0,RANDOLPH,151,23987000,-1.17,-1.21
2012,NORTH CAROLINA,37.0,ROWAN,159,50770000,-1.3,-1.4
2012,NORTH CAROLINA,37.0,WAKE,183,61407000,-1.46,-1.47
2012,NORTH CAROLINA,37.0,BERTIE,15,84156000,-0.46,-0.46
2012,NORTH CAROLINA,37.0,CHOWAN,41,57557000,-1.21,-1.2
2012,NORTH CAROLINA,37.0,CURRITUCK,53,25836000,-1.28,-1.27
2012,NORTH CAROLINA,37.0,EDGECOMBE,65,98214000,-0.42,-0.39
2012,NORTH CAROLINA,37.0,GATES,73,30662000,-0.23,-0.23
2012,NORTH CAROLINA,37.0,HALIFAX,83,86838000,0.45,0.48
2012,NORTH CAROLINA,37.0,HERTFORD,91,53918000,-0.66,-0.65
2012,NORTH CAROLINA,37.0,MARTIN,117,84544000,-0.44,-0.42
2012,NORTH CAROLINA,37.0,NASH,127,112024000,-0.39,-0.4
2012,NORTH CAROLINA,37.0,NORTHAMPTON,131,75665000,-1.13,-1.1
2012,NORTH CAROLINA,37.0,PASQUOTANK,139,68610000,-1.26,-1.25
2012,NORTH CAROLINA,37.0,PERQUIMANS,143,59200000,0.37,0.37
2012,NORTH CAROLINA,37.0,WASHINGTON,187,65281000,-0.13,-0.11
2012,NORTH CAROLINA,37.0,ALLEGHANY,5,20585000,-1.28,-1.29
2012,NORTH CAROLINA,37.0,ASHE,9,40553000,0.45,0.4
2012,NORTH CAROLINA,37.0,AVERY,11,16535000,-1.06,-1.07
2012,NORTH CAROLINA,37.0,CALDWELL,27,9560000,-0.9,-0.91
2012,NORTH CAROLINA,37.0,SURRY,171,45566000,-1.34,-1.37
2012,NORTH CAROLINA,37.0,WATAUGA,189,5874000,-1.49,-1.59
2012,NORTH CAROLINA,37.0,WILKES,193,18716000,-1.4,-1.47
2012,NORTH CAROLINA,37.0,YADKIN,197,33411000,-1.34,-1.36
2012,NORTH CAROLINA,37.0,ALAMANCE,1,15406000,-0.79,-0.75
2012,NORTH CAROLINA,37.0,CASWELL,33,17697000,0.31,0.31
2012,NORTH CAROLINA,37.0,DURHAM,63,7812000,-0.32,-0.3
2012,NORTH CAROLINA,37.0,FORSYTH,67,14368000,-1.27,-1.29
2012,NORTH CAROLINA,37.0,FRANKLIN,69,56411000,-1.41,-1.47
2012,NORTH CAROLINA,37.0,GRANVILLE,77,19231000,0.53,0.51
2012,NORTH CAROLINA,37.0,GUILFORD,81,32704000,-0.72,-0.67
2012,NORTH CAROLINA,37.0,ORANGE,135,15472000,1.19,1.15
2012,NORTH CAROLINA,37.0,PERSON,145,36324000,0.37,0.42
2012,NORTH CAROLINA,37.0,ROCKINGHAM,157,24367000,-1.04,-1.05
2012,NORTH CAROLINA,37.0,STOKES,169,11441000,-1.51,-1.58
2012,NORTH CAROLINA,37.0,VANCE,181,16896000,-1.24,-1.34
2012,NORTH CAROLINA,37.0,WARREN,185,13778000,-1.0,-1.04
2012,NORTH CAROLINA,37.0,BLADEN,17,59676000,-0.87,-0.82
2012,NORTH CAROLINA,37.0,BRUNSWICK,19,27960000,0.03,0.06
2012,NORTH CAROLINA,37.0,COLUMBUS,47,82765000,-0.91,-0.88
2012,NORTH CAROLINA,37.0,CUMBERLAND,51,42275000,-0.62,-0.55
2012,NORTH CAROLINA,37.0,DUPLIN,61,133773000,-1.28,-1.34
2012,NORTH CAROLINA,37.0,HARNETT,85,73645000,-0.81,-0.83
2012,NORTH CAROLINA,37.0,HOKE,93,25233000,0.2,0.21
2012,NORTH CAROLINA,37.0,NEW HANOVER,129,5299000,-0.6,-0.64
2012,NORTH CAROLINA,37.0,ONSLOW,133,29278000,0.2,0.17
2012,NORTH CAROLINA,37.0,PENDER,141,33759000,0.62,0.62
2012,NORTH CAROLINA,37.0,ROBESON,155,144335000,-1.77,-1.8
2012,NORTH CAROLINA,37.0,SAMPSON,163,223102000,-1.5,-1.6
2012,NORTH CAROLINA,37.0,SCOTLAND,165,20122000,-1.9,-1.97
2012,NORTH CAROLINA,37.0,ANSON,7,16905000,-0.64,-0.6
2012,NORTH CAROLINA,37.0,CABARRUS,25,13874000,-0.86,-0.83
2012,NORTH CAROLINA,37.0,CLEVELAND,45,21948000,-1.33,-1.4
2012,NORTH CAROLINA,37.0,GASTON,71,5120000,1.15,1.19
2012,NORTH CAROLINA,37.0,LINCOLN,109,9716000,-1.33,-1.36
2012,NORTH CAROLINA,37.0,MONTGOMERY,123,9274000,-0.77,-0.71
2012,NORTH CAROLINA,37.0,MOORE,125,15175000,-0.48,-0.47
2012,NORTH CAROLINA,37.0,RICHMOND,153,11653000,-1.53,-1.6
2012,NORTH CAROLINA,37.0,STANLY,167,32646000,-1.29,-1.41
2012,NORTH CAROLINA,37.0,UNION,179,128368000,-1.65,-1.67
2012,NORTH CAROLINA,37.0,BUNCOMBE,21,39258000,-0.57,-0.51
2012,NORTH CAROLINA,37.0,BURKE,23,11340000,-0.6,-0.63
2012,NORTH CAROLINA,37.0,CHEROKEE,39,7963000,-1.27,-1.26
2012,NORTH CAROLINA,37.0,CLAY,43,2551000,0.43,0.4
2012,NORTH CAROLINA,37.0,GRAHAM,75,551000,-0.11,-0.07
2012,NORTH CAROLINA,37.0,HAYWOOD,87,6428000,-0.89,-0.88
2012,NORTH CAROLINA,37.0,HENDERSON,89,54193000,0.71,0.75
2012,NORTH CAROLINA,37.0,JACKSON,99,7685000,-1.17,-1.1
2012,NORTH CAROLINA,37.0,MACON,113,2027000,-1.07,-1.05
2012,NORTH CAROLINA,37.0,MADISON,115,3815000,-0.03,-0.06
2012,NORTH CAROLINA,37.0,MCDOWELL,111,17205000,-1.08,-1.05
2012,NORTH CAROLINA,37.0,MITCHELL,121,2001000,-0.68,-0.68
2012,NORTH CAROLINA,37.0,POLK,149,5611000,0.45,0.44
2012,NORTH CAROLINA,37.0,RUTHERFORD,161,3271000,-1.8,-1.85
2012,NORTH CAROLINA,37.0,SWAIN,173,327000,-0.83,-0.88
2012,NORTH CAROLINA,37.0,TRANSYLVANIA,175,16592000,-1.52,-1.62
2012,NORTH CAROLINA,37.0,YANCEY,199,4124000,-1.09,-1.07
2012,NORTH DAKOTA,38.0,EDDY,27,94787000,-0.9,-0.91
2012,NORTH DAKOTA,38.0,FOSTER,31,136197000,-1.28,-1.33
2012,NORTH DAKOTA,38.0,KIDDER,43,107062000,0.43,0.4
2012,NORTH DAKOTA,38.0,SHERIDAN,83,98135000,0.45,0.48
2012,NORTH DAKOTA,38.0,STUTSMAN,93,418246000,0.2,0.21
2012,NORTH DAKOTA,38.0,WELLS,103,258646000,0.44,0.45
2012,NORTH DAKOTA,38.0,BARNES,3,366867000,-1.44,-1.45
2012,NORTH DAKOTA,38.0,CASS,17,549222000,-0.87,-0.82
2012,NORTH DAKOTA,38.0,GRIGGS,39,117015000,-1.27,-1.26
2012,NORTH DAKOTA,38.0,STEELE,91,207081000,-0.66,-0.65
2012,NORTH DAKOTA,38.0,TRAILL,97,306729000,-1.46,-1.48
2012,NORTH DAKOTA,38.0,BENSON,5,222997000,-1.28,-1.29
2012,NORTH DAKOTA,38.0,BOTTINEAU,9,241696000,0.45,0.4
2012,NORTH DAKOTA,38.0,MCHENRY,49,143323000,0.72,0.75
2012,NORTH DAKOTA,38.0,PIERCE,69,128604000,-1.41,-1.47
2012,NORTH DAKOTA,38.0,ROLETTE,79,97999000,0.59,0.56
2012,NORTH DAKOTA,38.0,CAVALIER,19,328472000,0.03,0.06
2012,NORTH DAKOTA,38.0,GRAND FORKS,35,406463000,-1.14,-1.07
2012,NORTH DAKOTA,38.0,NELSON,63,136013000,-0.32,-0.3
2012,NORTH DAKOTA,38.0,PEMBINA,67,400662000,-1.27,-1.29
2012,NORTH DAKOTA,38.0,RAMSEY,71,228172000,1.15,1.19
2012,NORTH DAKOTA,38.0,TOWNER,95,179530000,0.94,0.93
2012,NORTH DAKOTA,38.0,WALSH,99,416885000,-1.17,-1.1
2012,NORTH DAKOTA,38.0,BURKE,13,96392000,-0.94,-0.89
2012,NORTH DAKOTA,38.0,DIVIDE,23,85291000,-0.6,-0.63
2012,NORTH DAKOTA,38.0,MOUNTRAIL,61,134483000,-1.28,-1.34
2012,NORTH DAKOTA,38.0,RENVILLE,75,153007000,-0.11,-0.07
2012,NORTH DAKOTA,38.0,WARD,101,256070000,-0.95,-0.93
2012,NORTH DAKOTA,38.0,WILLIAMS,105,167572000,-0.65,-0.59
2012,NORTH DAKOTA,38.0,BURLEIGH,15,130901000,-0.46,-0.46
2012,NORTH DAKOTA,38.0,EMMONS,29,138632000,-0.87,-0.86
2012,NORTH DAKOTA,38.0,GRANT,37,110368000,-0.57,-0.5
2012,NORTH DAKOTA,38.0,MORTON,59,152179000,0.38,0.39
2012,NORTH DAKOTA,38.0,SIOUX,85,29552000,-0.81,-0.83
2012,NORTH DAKOTA,38.0,DICKEY,21,235211000,-0.57,-0.51
2012,NORTH DAKOTA,38.0,LA MOURE,45,259863000,-1.33,-1.4
2012,NORTH DAKOTA,38.0,LOGAN,47,86069000,-0.91,-0.88
2012,NORTH DAKOTA,38.0,MCINTOSH,51,105232000,-0.62,-0.55
2012,NORTH DAKOTA,38.0,RANSOM,73,153108000,-0.23,-0.23
2012,NORTH DAKOTA,38.0,RICHLAND,77,509246000,0.53,0.51
2012,NORTH DAKOTA,38.0,SARGENT,81,219934000,-0.72,-0.67
2012,NORTH DAKOTA,38.0,ADAMS,1,83073000,-0.79,-0.75
2012,NORTH DAKOTA,38.0,BILLINGS,7,17648000,-0.64,-0.6
2012,NORTH DAKOTA,38.0,BOWMAN,11,60312000,-1.06,-1.07
2012,NORTH DAKOTA,38.0,GOLDEN VALLEY,33,43647000,0.31,0.31
2012,NORTH DAKOTA,38.0,HETTINGER,41,145397000,-1.21,-1.2
2012,NORTH DAKOTA,38.0,SLOPE,87,48647000,-0.89,-0.88
2012,NORTH DAKOTA,38.0,STARK,89,118697000,0.71,0.75
2012,NORTH DAKOTA,38.0,DUNN,25,75570000,-0.86,-0.83
2012,NORTH DAKOTA,38.0,MCKENZIE,53,78937000,-1.28,-1.27
2012,NORTH DAKOTA,38.0,MCLEAN,55,270674000,0.31,0.29
2012,NORTH DAKOTA,38.0,MERCER,57,56262000,-0.25,-0.24
2012,NORTH DAKOTA,38.0,OLIVER,65,51510000,-0.42,-0.39
2012,OHIO,39.0,DELAWARE,41,107887000,-1.21,-1.2
2012,OHIO,39.0,FAIRFIELD,45,84070000,-1.33,-1.4
2012,OHIO,39.0,FAYETTE,47,126175000,-0.91,-0.88
2012,OHIO,39.0,FRANKLIN,49,46387000,0.72,0.75
2012,OHIO,39.0,KNOX,83,80210000,0.45,0.48
2012,OHIO,39.0,LICKING,89,101728000,0.71,0.75
2012,OHIO,39.0,MADISON,97,153819000,-1.46,-1.48
2012,OHIO,39.0,MARION,101,112350000,-0.95,-0.93
2012,OHIO,39.0,MORROW,117,93344000,-0.44,-0.42
2012,OHIO,39.0,PICKAWAY,129,135761000,-0.6,-0.64
2012,OHIO,39.0,ROSS,141,69836000,0.62,0.62
2012,OHIO,39.0,UNION,159,142869000,-1.3,-1.4
2012,OHIO,39.0,BELMONT,13,4410000,-0.94,-0.89
2012,OHIO,39.0,CARROLL,19,20239000,0.03,0.06
2012,OHIO,39.0,COSHOCTON,31,32562000,-1.28,-1.33
2012,OHIO,39.0,HARRISON,67,7769000,-1.27,-1.29
2012,OHIO,39.0,HOLMES,75,42791000,-0.11,-0.07
2012,OHIO,39.0,JEFFERSON,81,3788000,-0.72,-0.67
2012,OHIO,39.0,TUSCARAWAS,157,23668000,-1.04,-1.05
2012,OHIO,39.0,ASHLAND,5,54917000,-1.28,-1.29
2012,OHIO,39.0,CRAWFORD,33,142931000,0.31,0.31
2012,OHIO,39.0,ERIE,43,81334000,0.43,0.4
2012,OHIO,39.0,HURON,77,154464000,0.53,0.51
2012,OHIO,39.0,LORAIN,93,160624000,0.2,0.21
2012,OHIO,39.0,OTTAWA,123,77847000,-0.77,-0.71
2012,OHIO,39.0,RICHLAND,139,66519000,-1.26,-1.25
2012,OHIO,39.0,SANDUSKY,143,126460000,0.37,0.37
2012,OHIO,39.0,SENECA,147,148389000,0.33,0.33
2012,OHIO,39.0,WYANDOT,175,131365000,-1.52,-1.62
2012,OHIO,39.0,ASHTABULA,7,61185000,-0.64,-0.6
2012,OHIO,39.0,COLUMBIANA,29,38141000,-0.87,-0.86
2012,OHIO,39.0,CUYAHOGA,35,10061000,-1.14,-1.07
2012,OHIO,39.0,GEAUGA,55,17901000,0.31,0.29
2012,OHIO,39.0,LAKE,85,81334000,-0.81,-0.83
2012,OHIO,39.0,MAHONING,99,30032000,-1.17,-1.1
2012,OHIO,39.0,MEDINA,103,42451000,0.44,0.45
2012,OHIO,39.0,PORTAGE,133,32187000,0.2,0.17
2012,OHIO,39.0,STARK,151,66142000,-1.17,-1.21
2012,OHIO,39.0,SUMMIT,153,9784000,-1.53,-1.6
2012,OHIO,39.0,TRUMBULL,155,47859000,-1.77,-1.8
2012,OHIO,39.0,WAYNE,169,103706000,-1.51,-1.58
2012,OHIO,39.0,ALLEN,3,109811000,-1.44,-1.45
2012,OHIO,39.0,DEFIANCE,39,86180000,-1.27,-1.26
2012,OHIO,39.0,FULTON,51,121977000,-0.62,-0.55
2012,OHIO,39.0,HANCOCK,63,146881000,-0.32,-0.3
2012,OHIO,39.0,HENRY,69,142496000,-1.41,-1.47
2012,OHIO,39.0,LUCAS,95,62974000,0.94,0.93
2012,OHIO,39.0,PAULDING,125,102955000,-0.48,-0.47
2012,OHIO,39.0,PUTNAM,137,181931000,0.82,0.81
2012,OHIO,39.0,VAN WERT,161,153066000,-1.8,-1.85
2012,OHIO,39.0,WILLIAMS,171,83403000,-1.34,-1.37
2012,OHIO,39.0,WOOD,173,193447000,-0.83,-0.88
2012,OHIO,39.0,ADAMS,1,26693000,-0.79,-0.75
2012,OHIO,39.0,BROWN,15,73087000,-0.46,-0.46
2012,OHIO,39.0,GALLIA,53,7811000,-1.28,-1.27
2012,OHIO,39.0,HIGHLAND,71,106277000,1.15,1.19
2012,OHIO,39.0,JACKSON,79,4716000,0.59,0.56
2012,OHIO,39.0,LAWRENCE,87,2777000,-0.89,-0.88
2012,OHIO,39.0,PIKE,131,22916000,-1.13,-1.1
2012,OHIO,39.0,SCIOTO,145,14093000,0.37,0.42
2012,OHIO,39.0,ATHENS,9,5463000,0.45,0.4
2012,OHIO,39.0,GUERNSEY,59,7873000,0.38,0.39
2012,OHIO,39.0,HOCKING,73,4254000,-0.23,-0.23
2012,OHIO,39.0,MEIGS,105,9671000,-0.65,-0.59
2012,OHIO,39.0,MONROE,111,4428000,-1.08,-1.05
2012,OHIO,39.0,MORGAN,115,5078000,-0.03,-0.06
2012,OHIO,39.0,MUSKINGUM,119,30122000,-0.35,-0.3
2012,OHIO,39.0,NOBLE,121,3619000,-0.68,-0.68
2012,OHIO,39.0,PERRY,127,30514000,-0.39,-0.4
2012,OHIO,39.0,VINTON,163,3875000,-1.5,-1.6
2012,OHIO,39.0,WASHINGTON,167,18051000,-1.29,-1.41
2012,OHIO,39.0,BUTLER,17,52310000,-0.87,-0.82
2012,OHIO,39.0,CLERMONT,25,54136000,-0.86,-0.83
2012,OHIO,39.0,CLINTON,27,148248000,-0.9,-0.91
2012,OHIO,39.0,GREENE,57,87025000,-0.25,-0.24
2012,OHIO,39.0,HAMILTON,61,14504000,-1.28,-1.34
2012,OHIO,39.0,MONTGOMERY,113,64974000,-1.07,-1.05
2012,OHIO,39.0,PREBLE,135,102023000,1.19,1.15
2012,OHIO,39.0,WARREN,165,60766000,-1.9,-1.97
2012,OHIO,39.0,AUGLAIZE,11,115541000,-1.06,-1.07
2012,OHIO,39.0,CHAMPAIGN,21,112985000,-0.57,-0.51
2012,OHIO,39.0,CLARK,23,116745000,-0.6,-0.63
2012,OHIO,39.0,DARKE,37,180379000,-0.57,-0.5
2012,OHIO,39.0,HARDIN,65,146501000,-0.42,-0.39
2012,OHIO,39.0,LOGAN,91,122173000,-0.66,-0.65
2012,OHIO,39.0,MERCER,107,153143000,-0.09,-0.06
2012,OHIO,39.0,MIAMI,109,101093000,-1.33,-1.36
2012,OHIO,39.0,SHELBY,149,123665000,0.45,0.44
2012,OKLAHOMA,40.0,CANADIAN,17,51966000,-0.87,-0.82
2012,OKLAHOMA,40.0,CLEVELAND,27,6646000,-0.9,-0.91
2012,OKLAHOMA,40.0,CREEK,37,4474000,-0.57,-0.5
2012,OKLAHOMA,40.0,GRADY,51,29103000,-0.62,-0.55
2012,OKLAHOMA,40.0,KINGFISHER,73,63461000,-0.23,-0.23
2012,OKLAHOMA,40.0,LINCOLN,81,10371000,-0.72,-0.67
2012,OKLAHOMA,40.0,LOGAN,83,20751000,0.45,0.48
2012,OKLAHOMA,40.0,MCCLAIN,87,12713000,-0.89,-0.88
2012,OKLAHOMA,40.0,OKFUSKEE,107,4611000,-0.09,-0.06
2012,OKLAHOMA,40.0,OKLAHOMA,109,14504000,-1.33,-1.36
2012,OKLAHOMA,40.0,PAYNE,119,9009000,-0.35,-0.3
2012,OKLAHOMA,40.0,POTTAWATOMIE,125,8491000,-0.48,-0.47
2012,OKLAHOMA,40.0,SEMINOLE,133,3972000,0.2,0.17
2012,OKLAHOMA,40.0,ADAIR,1,2512000,-0.79,-0.75
2012,OKLAHOMA,40.0,CHEROKEE,21,105174000,-0.57,-0.51
2012,OKLAHOMA,40.0,HASKELL,61,2460000,-1.28,-1.34
2012,OKLAHOMA,40.0,HUGHES,63,5469000,-0.32,-0.3
2012,OKLAHOMA,40.0,MCINTOSH,91,2923000,-0.66,-0.65
2012,OKLAHOMA,40.0,MUSKOGEE,101,21398000,-0.95,-0.93
2012,OKLAHOMA,40.0,OKMULGEE,111,7519000,-1.08,-1.05
2012,OKLAHOMA,40.0,PITTSBURG,121,6549000,-0.68,-0.68
2012,OKLAHOMA,40.0,SEQUOYAH,135,12763000,1.19,1.15
2012,OKLAHOMA,40.0,ALFALFA,3,61823000,-1.44,-1.45
2012,OKLAHOMA,40.0,GARFIELD,47,93745000,-0.91,-0.88
2012,OKLAHOMA,40.0,GRANT,53,71076000,-1.28,-1.27
2012,OKLAHOMA,40.0,KAY,71,57663000,1.15,1.19
2012,OKLAHOMA,40.0,MAJOR,93,41325000,0.2,0.21
2012,OKLAHOMA,40.0,NOBLE,103,29646000,0.44,0.45
2012,OKLAHOMA,40.0,WOODS,151,35493000,-1.17,-1.21
2012,OKLAHOMA,40.0,WOODWARD,153,15665000,-1.53,-1.6
2012,OKLAHOMA,40.0,CRAIG,35,11611000,-1.14,-1.07
2012,OKLAHOMA,40.0,DELAWARE,41,4668000,-1.21,-1.2
2012,OKLAHOMA,40.0,MAYES,97,6093000,-1.46,-1.48
2012,OKLAHOMA,40.0,NOWATA,105,4926000,-0.65,-0.59
2012,OKLAHOMA,40.0,OSAGE,113,7493000,-1.07,-1.05
2012,OKLAHOMA,40.0,OTTAWA,115,50694000,-0.03,-0.06
2012,OKLAHOMA,40.0,PAWNEE,117,3901000,-0.44,-0.42
2012,OKLAHOMA,40.0,ROGERS,131,7780000,-1.13,-1.1
2012,OKLAHOMA,40.0,TULSA,143,14788000,0.37,0.37
2012,OKLAHOMA,40.0,WAGONER,145,19556000,0.37,0.42
2012,OKLAHOMA,40.0,WASHINGTON,147,7181000,0.33,0.33
2012,OKLAHOMA,40.0,BEAVER,7,32994000,-0.64,-0.6
2012,OKLAHOMA,40.0,CIMARRON,25,65716000,-0.86,-0.83
2012,OKLAHOMA,40.0,ELLIS,45,13134000,-1.33,-1.4
2012,OKLAHOMA,40.0,HARPER,59,13933000,0.38,0.39
2012,OKLAHOMA,40.0,TEXAS,139,151942000,-1.26,-1.25
2012,OKLAHOMA,40.0,ATOKA,5,4192000,-1.28,-1.29
2012,OKLAHOMA,40.0,BRYAN,13,19446000,-0.94,-0.89
2012,OKLAHOMA,40.0,CARTER,19,5593000,0.03,0.06
2012,OKLAHOMA,40.0,COAL,29,4139000,-0.87,-0.86
2012,OKLAHOMA,40.0,GARVIN,49,17159000,0.72,0.75
2012,OKLAHOMA,40.0,JEFFERSON,67,6206000,-1.27,-1.29
2012,OKLAHOMA,40.0,JOHNSTON,69,3812000,-1.41,-1.47
2012,OKLAHOMA,40.0,LOVE,85,4647000,-0.81,-0.83
2012,OKLAHOMA,40.0,MARSHALL,95,3822000,0.94,0.93
2012,OKLAHOMA,40.0,MURRAY,99,2307000,-1.17,-1.1
2012,OKLAHOMA,40.0,PONTOTOC,123,6358000,-0.77,-0.71
2012,OKLAHOMA,40.0,STEPHENS,137,5281000,0.82,0.81
2012,OKLAHOMA,40.0,CHOCTAW,23,6273000,-0.6,-0.63
2012,OKLAHOMA,40.0,LATIMER,77,2085000,0.53,0.51
2012,OKLAHOMA,40.0,LEFLORE,79,18901000,0.59,0.56
2012,OKLAHOMA,40.0,MCCURTAIN,89,11819000,0.71,0.75
2012,OKLAHOMA,40.0,PUSHMATAHA,127,1417000,-0.39,-0.4
2012,OKLAHOMA,40.0,CADDO,15,60383000,-0.46,-0.46
2012,OKLAHOMA,40.0,COMANCHE,31,17002000,-1.28,-1.33
2012,OKLAHOMA,40.0,COTTON,33,29616000,0.31,0.31
2012,OKLAHOMA,40.0,GREER,55,20105000,0.31,0.29
2012,OKLAHOMA,40.0,HARMON,57,27747000,-0.25,-0.24
2012,OKLAHOMA,40.0,JACKSON,65,41847000,-0.42,-0.39
2012,OKLAHOMA,40.0,KIOWA,75,63668000,-0.11,-0.07
2012,OKLAHOMA,40.0,TILLMAN,141,55004000,0.62,0.62
2012,OKLAHOMA,40.0,BECKHAM,9,19261000,0.45,0.4
2012,OKLAHOMA,40.0,BLAINE,11,41812000,-1.06,-1.07
2012,OKLAHOMA,40.0,CUSTER,39,49847000,-1.27,-1.26
2012,OKLAHOMA,40.0,DEWEY,43,20897000,0.43,0.4
2012,OKLAHOMA,40.0,ROGER MILLS,129,12913000,-0.6,-0.64
2012,OKLAHOMA,40.0,WASHITA,149,62324000,0.45,0.44
2012,OREGON,41.0,GILLIAM,21,37285000,-0.57,-0.51
2012,OREGON,41.0,MORROW,49,194871000,0.72,0.75
2012,OREGON,41.0,WASCO,65,79599000,-0.42,-0.39
2012,OREGON,41.0,BAKER,1,46089000,-0.79,-0.75
2012,OREGON,41.0,UMATILLA,59,371988000,0.38,0.39
2012,OREGON,41.0,UNION,61,51274000,-1.28,-1.34
2012,OREGON,41.0,WALLOWA,63,22144000,-0.32,-0.3
2012,OREGON,41.0,BENTON,3,80825000,-1.44,-1.45
2012,OREGON,41.0,CLACKAMAS,5,249520000,-1.28,-1.29
2012,OREGON,41.0,CLATSOP,7,1420000,-0.64,-0.6
2012,OREGON,41.0,LANE,39,106283000,-1.27,-1.26
2012,OREGON,41.0,LINCOLN,41,1692000,-1.21,-1.2
2012,OREGON,41.0,LINN,43,186061000,0.43,0.4
2012,OREGON,41.0,MARION,47,483009000,-0.91,-0.88
2012,OREGON,41.0,POLK,53,116238000,-1.28,-1.27
2012,OREGON,41.0,TILLAMOOK,57,3037000,-0.25,-0.24
2012,OREGON,41.0,WASHINGTON,67,225459000,-1.27,-1.29
2012,OREGON,41.0,YAMHILL,71,221697000,1.15,1.19
2012,OREGON,41.0,CROOK,13,13562000,-0.94,-0.89
2012,OREGON,41.0,DESCHUTES,17,11127000,-0.87,-0.82
2012,OREGON,41.0,GRANT,23,5661000,-0.6,-0.63
2012,OREGON,41.0,HARNEY,25,37088000,-0.86,-0.83
2012,OREGON,41.0,JEFFERSON,31,47249000,-1.28,-1.33
2012,OREGON,41.0,KLAMATH,35,102578000,-1.14,-1.07
2012,OREGON,41.0,LAKE,37,45092000,-0.57,-0.5
2012,OREGON,41.0,MALHEUR,45,182344000,-1.33,-1.4
2012,OREGON,41.0,WHEELER,69,3240000,-1.41,-1.47
2012,OREGON,41.0,COOS,11,10805000,-1.06,-1.07
2012,OREGON,41.0,CURRY,15,9584000,-0.46,-0.46
2012,OREGON,41.0,DOUGLAS,19,23495000,0.03,0.06
2012,OREGON,41.0,JACKSON,29,36955000,-0.87,-0.86
2012,PENNSYLVANIA,42.0,BLAIR,13,17467000,-0.94,-0.89
2012,PENNSYLVANIA,42.0,CAMBRIA,21,18117000,-0.57,-0.51
2012,PENNSYLVANIA,42.0,CENTRE,27,31431000,-0.9,-0.91
2012,PENNSYLVANIA,42.0,CLEARFIELD,33,7279000,0.31,0.31
2012,PENNSYLVANIA,42.0,COLUMBIA,37,48714000,-0.57,-0.5
2012,PENNSYLVANIA,42.0,DAUPHIN,43,28705000,0.43,0.4
2012,PENNSYLVANIA,42.0,HUNTINGDON,61,18191000,-1.28,-1.34
2012,PENNSYLVANIA,42.0,JUNIATA,67,14299000,-1.27,-1.29
2012,PENNSYLVANIA,42.0,MIFFLIN,87,16676000,-0.89,-0.88
2012,PENNSYLVANIA,42.0,MONTOUR,93,28511000,0.2,0.21
2012,PENNSYLVANIA,42.0,NORTHUMBERLAND,97,57058000,-1.46,-1.48
2012,PENNSYLVANIA,42.0,PERRY,99,27727000,-1.17,-1.1
2012,PENNSYLVANIA,42.0,SNYDER,109,27150000,-1.33,-1.36
2012,PENNSYLVANIA,42.0,UNION,119,25949000,-0.35,-0.3
2012,PENNSYLVANIA,42.0,CARBON,25,8534000,-0.86,-0.83
2012,PENNSYLVANIA,42.0,LEHIGH,77,63218000,0.53,0.51
2012,PENNSYLVANIA,42.0,LUZERNE,79,17259000,0.59,0.56
2012,PENNSYLVANIA,42.0,MONROE,89,7335000,0.71,0.75
2012,PENNSYLVANIA,42.0,NORTHAMPTON,95,36053000,0.94,0.93
2012,PENNSYLVANIA,42.0,PIKE,103,2706000,0.44,0.45
2012,PENNSYLVANIA,42.0,SCHUYLKILL,107,76823000,-0.09,-0.06
2012,PENNSYLVANIA,42.0,BRADFORD,15,29151000,-0.46,-0.46
2012,PENNSYLVANIA,42.0,CAMERON,23,314000,-0.6,-0.63
2012,PENNSYLVANIA,42.0,CLINTON,35,12232000,-1.14,-1.07
2012,PENNSYLVANIA,42.0,ELK,47,2015000,-0.91,-0.88
2012,PENNSYLVANIA,42.0,LYCOMING,81,38877000,-0.72,-0.67
2012,PENNSYLVANIA,42.0,MCKEAN,83,2440000,0.45,0.48
2012,PENNSYLVANIA,42.0,POTTER,105,11242000,-0.65,-0.59
2012,PENNSYLVANIA,42.0,SULLIVAN,113,2545000,-1.07,-1.05
2012,PENNSYLVANIA,42.0,TIOGA,117,21241000,-0.44,-0.42
2012,PENNSYLVANIA,42.0,LACKAWANNA,69,9427000,-1.41,-1.47
2012,PENNSYLVANIA,42.0,SUSQUEHANNA,115,8974000,-0.03,-0.06
2012,PENNSYLVANIA,42.0,WAYNE,127,6785000,-0.39,-0.4
2012,PENNSYLVANIA,42.0,WYOMING,131,8369000,-1.13,-1.1
2012,PENNSYLVANIA,42.0,CRAWFORD,39,51457000,-1.27,-1.26
2012,PENNSYLVANIA,42.0,ERIE,49,70163000,0.72,0.75
2012,PENNSYLVANIA,42.0,FOREST,53,707000,-1.28,-1.27
2012,PENNSYLVANIA,42.0,MERCER,85,46664000,-0.81,-0.83
2012,PENNSYLVANIA,42.0,VENANGO,121,10179000,-0.68,-0.68
2012,PENNSYLVANIA,42.0,WARREN,123,6834000,-0.77,-0.71
2012,PENNSYLVANIA,42.0,ADAMS,1,114024000,-0.79,-0.75
2012,PENNSYLVANIA,42.0,BEDFORD,9,36473000,0.45,0.4
2012,PENNSYLVANIA,42.0,CUMBERLAND,41,59386000,-1.21,-1.2
2012,PENNSYLVANIA,42.0,FRANKLIN,55,89217000,0.31,0.29
2012,PENNSYLVANIA,42.0,FULTON,57,13092000,-0.25,-0.24
2012,PENNSYLVANIA,42.0,YORK,133,147217000,0.2,0.17
2012,PENNSYLVANIA,42.0,BERKS,11,224986000,-1.06,-1.07
2012,PENNSYLVANIA,42.0,BUCKS,17,46869000,-0.87,-0.82
2012,PENNSYLVANIA,42.0,CHESTER,29,535206000,-0.87,-0.86
2012,PENNSYLVANIA,42.0,DELAWARE,45,9680000,-1.33,-1.4
2012,PENNSYLVANIA,42.0,LANCASTER,71,261037000,1.15,1.19
2012,PENNSYLVANIA,42.0,LEBANON,75,45770000,-0.11,-0.07
2012,PENNSYLVANIA,42.0,MONTGOMERY,91,18398000,-0.66,-0.65
2012,PENNSYLVANIA,42.0,PHILADELPHIA,101,727000,-0.95,-0.93
2012,PENNSYLVANIA,42.0,ALLEGHENY,3,8755000,-1.44,-1.45
2012,PENNSYLVANIA,42.0,FAYETTE,51,14221000,-0.62,-0.55
2012,PENNSYLVANIA,42.0,GREENE,59,5722000,0.38,0.39
2012,PENNSYLVANIA,42.0,SOMERSET,111,27139000,-1.08,-1.05
2012,PENNSYLVANIA,42.0,WASHINGTON,125,18787000,-0.48,-0.47
2012,PENNSYLVANIA,42.0,WESTMORELAND,129,27006000,-0.6,-0.64
2012,PENNSYLVANIA,42.0,ARMSTRONG,5,20185000,-1.28,-1.29
2012,PENNSYLVANIA,42.0,BEAVER,7,10879000,-0.64,-0.6
2012,PENNSYLVANIA,42.0,BUTLER,19,36846000,0.03,0.06
2012,PENNSYLVANIA,42.0,CLARION,31,20145000,-1.28,-1.33
2012,PENNSYLVANIA,42.0,INDIANA,63,39276000,-0.32,-0.3
2012,PENNSYLVANIA,42.0,JEFFERSON,65,12439000,-0.42,-0.39
2012,PENNSYLVANIA,42.0,LAWRENCE,73,20607000,-0.23,-0.23
2012,RHODE ISLAND,44.0,BRISTOL,1,2147000,-0.79,-0.75
2012,RHODE ISLAND,44.0,KENT,3,3498000,-1.44,-1.45
2012,RHODE ISLAND,44.0,NEWPORT,5,12153000,-1.28,-1.29
2012,RHODE ISLAND,44.0,PROVIDENCE,7,10954000,-0.64,-0.6
2012,RHODE ISLAND,44.0,WASHINGTON,9,20229000,0.45,0.4
2012,SOUTH CAROLINA,45.0,CALHOUN,17,55439000,-0.87,-0.82
2012,SOUTH CAROLINA,45.0,CLARENDON,27,74322000,-0.9,-0.91
2012,SOUTH CAROLINA,45.0,LEE,61,60886000,-1.28,-1.34
2012,SOUTH CAROLINA,45.0,LEXINGTON,63,42681000,-0.32,-0.3
2012,SOUTH CAROLINA,45.0,ORANGEBURG,75,124644000,-0.11,-0.07
2012,SOUTH CAROLINA,45.0,RICHLAND,79,23096000,0.59,0.56
2012,SOUTH CAROLINA,45.0,SUMTER,85,48089000,-0.81,-0.83
2012,SOUTH CAROLINA,45.0,DARLINGTON,31,75496000,-1.28,-1.33
2012,SOUTH CAROLINA,45.0,DILLON,33,50997000,0.31,0.31
2012,SOUTH CAROLINA,45.0,FLORENCE,41,53177000,-1.21,-1.2
2012,SOUTH CAROLINA,45.0,GEORGETOWN,43,12596000,0.43,0.4
2012,SOUTH CAROLINA,45.0,HORRY,51,79650000,-0.62,-0.55
2012,SOUTH CAROLINA,45.0,MARION,67,28363000,-1.27,-1.29
2012,SOUTH CAROLINA,45.0,MARLBORO,69,45447000,-1.41,-1.47
2012,SOUTH CAROLINA,45.0,WILLIAMSBURG,89,51412000,0.71,0.75
2012,SOUTH CAROLINA,45.0,FAIRFIELD,39,1545000,-1.27,-1.26
2012,SOUTH CAROLINA,45.0,KERSHAW,55,4795000,0.31,0.29
2012,SOUTH CAROLINA,45.0,LANCASTER,57,3501000,-0.25,-0.24
2012,SOUTH CAROLINA,45.0,CHEROKEE,21,9776000,-0.57,-0.51
2012,SOUTH CAROLINA,45.0,GREENVILLE,45,13524000,-1.33,-1.4
2012,SOUTH CAROLINA,45.0,OCONEE,73,6081000,-0.23,-0.23
2012,SOUTH CAROLINA,45.0,PICKENS,77,5593000,0.53,0.51
2012,SOUTH CAROLINA,45.0,SPARTANBURG,83,19557000,0.45,0.48
2012,SOUTH CAROLINA,45.0,UNION,87,1894000,-0.89,-0.88
2012,SOUTH CAROLINA,45.0,ALLENDALE,5,22860000,-1.28,-1.29
2012,SOUTH CAROLINA,45.0,BAMBERG,9,26008000,0.45,0.4
2012,SOUTH CAROLINA,45.0,BERKELEY,15,6008000,-0.46,-0.46
2012,SOUTH CAROLINA,45.0,COLLETON,29,32011000,-0.87,-0.86
2012,SOUTH CAROLINA,45.0,DORCHESTER,35,23538000,-1.14,-1.07
2012,SOUTH CAROLINA,45.0,HAMPTON,49,34248000,0.72,0.75
2012,SOUTH CAROLINA,45.0,JASPER,53,5984000,-1.28,-1.27
2012,SOUTH CAROLINA,45.0,ABBEVILLE,1,2984000,-0.79,-0.75
2012,SOUTH CAROLINA,45.0,AIKEN,3,15743000,-1.44,-1.45
2012,SOUTH CAROLINA,45.0,EDGEFIELD,37,32730000,-0.57,-0.5
2012,SOUTH CAROLINA,45.0,GREENWOOD,47,2223000,-0.91,-0.88
2012,SOUTH CAROLINA,45.0,MCCORMICK,65,1177000,-0.42,-0.39
2012,SOUTH CAROLINA,45.0,SALUDA,81,27527000,-0.72,-0.67
2012,SOUTH DAKOTA,46.0,AURORA,3,68196000,-1.44,-1.45
2012,SOUTH DAKOTA,46.0,BEADLE,5,190063000,-1.28,-1.29
2012,SOUTH DAKOTA,46.0,BRULE,15,76953000,-0.46,-0.46
2012,SOUTH DAKOTA,46.0,BUFFALO,17,22972000,-0.87,-0.82
2012,SOUTH DAKOTA,46.0,HAND,59,197905000,0.38,0.39
2012,SOUTH DAKOTA,46.0,HUGHES,65,87163000,-0.42,-0.39
2012,SOUTH DAKOTA,46.0,HYDE,69,63078000,-1.41,-1.47
2012,SOUTH DAKOTA,46.0,JERAULD,73,62010000,-0.23,-0.23
2012,SOUTH DAKOTA,46.0,SULLY,119,186494000,-0.35,-0.3
2012,SOUTH DAKOTA,46.0,BROOKINGS,11,162340000,-1.06,-1.07
2012,SOUTH DAKOTA,46.0,DAVISON,35,50170000,-1.14,-1.07
2012,SOUTH DAKOTA,46.0,HANSON,61,67135000,-1.28,-1.34
2012,SOUTH DAKOTA,46.0,KINGSBURY,77,175284000,0.53,0.51
2012,SOUTH DAKOTA,46.0,LAKE,79,112379000,0.59,0.56
2012,SOUTH DAKOTA,46.0,MCCOOK,87,96689000,-0.89,-0.88
2012,SOUTH DAKOTA,46.0,MINER,97,74947000,-1.46,-1.48
2012,SOUTH DAKOTA,46.0,MINNEHAHA,99,164228000,-1.17,-1.1
2012,SOUTH DAKOTA,46.0,MOODY,101,131252000,-0.95,-0.93
2012,SOUTH DAKOTA,46.0,SANBORN,111,69389000,-1.08,-1.05
2012,SOUTH DAKOTA,46.0,BROWN,13,462905000,-0.94,-0.89
2012,SOUTH DAKOTA,46.0,CAMPBELL,21,62126000,-0.57,-0.51
2012,SOUTH DAKOTA,46.0,EDMUNDS,45,186317000,-1.33,-1.4
2012,SOUTH DAKOTA,46.0,FAULK,49,156409000,0.72,0.75
2012,SOUTH DAKOTA,46.0,MCPHERSON,89,84627000,0.71,0.75
2012,SOUTH DAKOTA,46.0,POTTER,107,140531000,-0.09,-0.06
2012,SOUTH DAKOTA,46.0,SPINK,115,334151000,-0.03,-0.06
2012,SOUTH DAKOTA,46.0,WALWORTH,129,89049000,-0.6,-0.64
2012,SOUTH DAKOTA,46.0,CLARK,25,159568000,-0.86,-0.83
2012,SOUTH DAKOTA,46.0,CODINGTON,29,108293000,-0.87,-0.86
2012,SOUTH DAKOTA,46.0,DAY,37,158390000,-0.57,-0.5
2012,SOUTH DAKOTA,46.0,DEUEL,39,93232000,-1.27,-1.26
2012,SOUTH DAKOTA,46.0,GRANT,51,135881000,-0.62,-0.55
2012,SOUTH DAKOTA,46.0,HAMLIN,57,124886000,-0.25,-0.24
2012,SOUTH DAKOTA,46.0,MARSHALL,91,146118000,-0.66,-0.65
2012,SOUTH DAKOTA,46.0,ROBERTS,109,200141000,-1.33,-1.36
2012,SOUTH DAKOTA,46.0,BUTTE,19,17320000,0.03,0.06
2012,SOUTH DAKOTA,46.0,CORSON,31,59621000,-1.28,-1.33
2012,SOUTH DAKOTA,46.0,DEWEY,41,29240000,-1.21,-1.2
2012,SOUTH DAKOTA,46.0,HARDING,63,17114000,-0.32,-0.3
2012,SOUTH DAKOTA,46.0,PERKINS,105,43281000,-0.65,-0.59
2012,SOUTH DAKOTA,46.0,ZIEBACH,137,19261000,0.82,0.81
2012,SOUTH DAKOTA,46.0,GREGORY,53,39961000,-1.28,-1.27
2012,SOUTH DAKOTA,46.0,JONES,75,40121000,-0.11,-0.07
2012,SOUTH DAKOTA,46.0,LYMAN,85,95031000,-0.81,-0.83
2012,SOUTH DAKOTA,46.0,MELLETTE,95,13929000,0.94,0.93
2012,SOUTH DAKOTA,46.0,TODD,121,15910000,-0.68,-0.68
2012,SOUTH DAKOTA,46.0,TRIPP,123,86671000,-0.77,-0.71
2012,SOUTH DAKOTA,46.0,BON HOMME,9,41325000,0.45,0.4
2012,SOUTH DAKOTA,46.0,CHARLES MIX,23,102917000,-0.6,-0.63
2012,SOUTH DAKOTA,46.0,CLAY,27,79678000,-0.9,-0.91
2012,SOUTH DAKOTA,46.0,DOUGLAS,43,41558000,0.43,0.4
2012,SOUTH DAKOTA,46.0,HUTCHINSON,67,71342000,-1.27,-1.29
2012,SOUTH DAKOTA,46.0,LINCOLN,83,103441000,0.45,0.48
2012,SOUTH DAKOTA,46.0,TURNER,125,100867000,-0.48,-0.47
2012,SOUTH DAKOTA,46.0,UNION,127,106501000,-0.39,-0.4
2012,SOUTH DAKOTA,46.0,YANKTON,135,56866000,1.19,1.15
2012,SOUTH DAKOTA,46.0,BENNETT,7,22270000,-0.64,-0.6
2012,SOUTH DAKOTA,46.0,CUSTER,33,2871000,0.31,0.31
2012,SOUTH DAKOTA,46.0,FALL RIVER,47,6474000,-0.91,-0.88
2012,SOUTH DAKOTA,46.0,OGLALA LAKOTA,102,8720000,1.59,1.1
2012,SOUTH DAKOTA,46.0,HAAKON,55,33129000,0.31,0.29
2012,SOUTH DAKOTA,46.0,JACKSON,71,17969000,1.15,1.19
2012,SOUTH DAKOTA,46.0,LAWRENCE,81,2424000,-0.72,-0.67
2012,SOUTH DAKOTA,46.0,MEADE,93,25425000,0.2,0.21
2012,SOUTH DAKOTA,46.0,PENNINGTON,103,29599000,0.44,0.45
2012,SOUTH DAKOTA,46.0,STANLEY,117,40815000,-0.44,-0.42
2012,TENNESSEE,47.0,BEDFORD,3,10533000,-1.44,-1.45
2012,TENNESSEE,47.0,CANNON,15,10401000,-0.46,-0.46
2012,TENNESSEE,47.0,CLAY,27,4347000,-0.9,-0.91
2012,TENNESSEE,47.0,DE KALB,41,57338000,-1.21,-1.2
2012,TENNESSEE,47.0,GILES,55,16855000,0.31,0.29
2012,TENNESSEE,47.0,JACKSON,87,2353000,-0.89,-0.88
2012,TENNESSEE,47.0,LINCOLN,103,37071000,0.44,0.45
2012,TENNESSEE,47.0,MACON,111,26718000,-1.08,-1.05
2012,TENNESSEE,47.0,MARSHALL,117,4646000,-0.44,-0.42
2012,TENNESSEE,47.0,MAURY,119,15914000,-0.35,-0.3
2012,TENNESSEE,47.0,RUTHERFORD,149,15431000,0.45,0.44
2012,TENNESSEE,47.0,SMITH,159,7605000,-1.3,-1.4
2012,TENNESSEE,47.0,SUMNER,165,24389000,-1.9,-1.97
2012,TENNESSEE,47.0,TROUSDALE,169,2980000,-1.51,-1.58
2012,TENNESSEE,47.0,WILLIAMSON,187,10865000,-0.13,-0.11
2012,TENNESSEE,47.0,WILSON,189,3022000,-1.49,-1.59
2012,TENNESSEE,47.0,BLEDSOE,7,10618000,-0.64,-0.6
2012,TENNESSEE,47.0,COFFEE,31,39312000,-1.28,-1.33
2012,TENNESSEE,47.0,CUMBERLAND,35,12948000,-1.14,-1.07
2012,TENNESSEE,47.0,FENTRESS,49,3645000,0.72,0.75
2012,TENNESSEE,47.0,FRANKLIN,51,35715000,-0.62,-0.55
2012,TENNESSEE,47.0,GRUNDY,61,8543000,-1.28,-1.34
2012,TENNESSEE,47.0,MARION,115,6083000,-0.03,-0.06
2012,TENNESSEE,47.0,MORGAN,129,1178000,-0.6,-0.64
2012,TENNESSEE,47.0,OVERTON,133,3172000,0.2,0.17
2012,TENNESSEE,47.0,PICKETT,137,1096000,0.82,0.81
2012,TENNESSEE,47.0,PUTNAM,141,2675000,0.62,0.62
2012,TENNESSEE,47.0,SCOTT,151,432000,-1.17,-1.21
2012,TENNESSEE,47.0,SEQUATCHIE,153,1062000,-1.53,-1.6
2012,TENNESSEE,47.0,VAN BUREN,175,972000,-1.52,-1.62
2012,TENNESSEE,47.0,WARREN,177,70221000,-1.5,-1.57
2012,TENNESSEE,47.0,WHITE,185,3779000,-1.0,-1.04
2012,TENNESSEE,47.0,DYER,45,102853000,-1.33,-1.4
2012,TENNESSEE,47.0,LAKE,95,51674000,0.94,0.93
2012,TENNESSEE,47.0,LAUDERDALE,97,94562000,-1.46,-1.48
2012,TENNESSEE,47.0,OBION,131,102203000,-1.13,-1.1
2012,TENNESSEE,47.0,SHELBY,157,29977000,-1.04,-1.05
2012,TENNESSEE,47.0,TIPTON,167,65451000,-1.29,-1.41
2012,TENNESSEE,47.0,ANDERSON,1,759000,-0.79,-0.75
2012,TENNESSEE,47.0,BLOUNT,9,6214000,0.45,0.4
2012,TENNESSEE,47.0,BRADLEY,11,6382000,-1.06,-1.07
2012,TENNESSEE,47.0,CAMPBELL,13,745000,-0.94,-0.89
2012,TENNESSEE,47.0,CARTER,19,1616000,0.03,0.06
2012,TENNESSEE,47.0,CLAIBORNE,25,2256000,-0.86,-0.83
2012,TENNESSEE,47.0,COCKE,29,10228000,-0.87,-0.86
2012,TENNESSEE,47.0,GRAINGER,57,10911000,-0.25,-0.24
2012,TENNESSEE,47.0,GREENE,59,13082000,0.38,0.39
2012,TENNESSEE,47.0,HAMBLEN,63,11111000,-0.32,-0.3
2012,TENNESSEE,47.0,HAMILTON,65,2106000,-0.42,-0.39
2012,TENNESSEE,47.0,HANCOCK,67,564000,-1.27,-1.29
2012,TENNESSEE,47.0,HAWKINS,73,6597000,-0.23,-0.23
2012,TENNESSEE,47.0,JEFFERSON,89,4688000,0.71,0.75
2012,TENNESSEE,47.0,JOHNSON,91,2178000,-0.66,-0.65
2012,TENNESSEE,47.0,KNOX,93,8672000,0.2,0.21
2012,TENNESSEE,47.0,LOUDON,105,59861000,-0.65,-0.59
2012,TENNESSEE,47.0,MCMINN,107,4605000,-0.09,-0.06
2012,TENNESSEE,47.0,MEIGS,121,1321000,-0.68,-0.68
2012,TENNESSEE,47.0,MONROE,123,7413000,-0.77,-0.71
2012,TENNESSEE,47.0,POLK,139,3423000,-1.26,-1.25
2012,TENNESSEE,47.0,RHEA,143,9275000,0.37,0.37
2012,TENNESSEE,47.0,ROANE,145,1022000,0.37,0.42
2012,TENNESSEE,47.0,SEVIER,155,1160000,-1.77,-1.8
2012,TENNESSEE,47.0,SULLIVAN,163,1735000,-1.5,-1.6
2012,TENNESSEE,47.0,UNICOI,171,109000,-1.34,-1.37
2012,TENNESSEE,47.0,UNION,173,461000,-0.83,-0.88
2012,TENNESSEE,47.0,WASHINGTON,179,12925000,-1.65,-1.67
2012,TENNESSEE,47.0,BENTON,5,7337000,-1.28,-1.29
2012,TENNESSEE,47.0,CARROLL,17,59128000,-0.87,-0.82
2012,TENNESSEE,47.0,CHESTER,23,8115000,-0.6,-0.63
2012,TENNESSEE,47.0,CROCKETT,33,59262000,0.31,0.31
2012,TENNESSEE,47.0,DECATUR,39,4515000,-1.27,-1.26
2012,TENNESSEE,47.0,FAYETTE,47,67915000,-0.91,-0.88
2012,TENNESSEE,47.0,GIBSON,53,137332000,-1.28,-1.27
2012,TENNESSEE,47.0,HARDEMAN,69,26376000,-1.41,-1.47
2012,TENNESSEE,47.0,HARDIN,71,18081000,1.15,1.19
2012,TENNESSEE,47.0,HAYWOOD,75,123842000,-0.11,-0.07
2012,TENNESSEE,47.0,HENDERSON,77,26094000,0.53,0.51
2012,TENNESSEE,47.0,HENRY,79,56847000,0.59,0.56
2012,TENNESSEE,47.0,MADISON,113,62369000,-1.07,-1.05
2012,TENNESSEE,47.0,MCNAIRY,109,20111000,-1.33,-1.36
2012,TENNESSEE,47.0,WEAKLEY,183,85483000,-1.46,-1.47
2012,TENNESSEE,47.0,CHEATHAM,21,8396000,-0.57,-0.51
2012,TENNESSEE,47.0,DICKSON,43,5576000,0.43,0.4
2012,TENNESSEE,47.0,HICKMAN,81,6514000,-0.72,-0.67
2012,TENNESSEE,47.0,HOUSTON,83,441000,0.45,0.48
2012,TENNESSEE,47.0,HUMPHREYS,85,8600000,-0.81,-0.83
2012,TENNESSEE,47.0,LAWRENCE,99,33291000,-1.17,-1.1
2012,TENNESSEE,47.0,LEWIS,101,486000,-0.95,-0.93
2012,TENNESSEE,47.0,MONTGOMERY,125,36376000,-0.48,-0.47
2012,TENNESSEE,47.0,PERRY,135,829000,1.19,1.15
2012,TENNESSEE,47.0,ROBERTSON,147,113005000,0.33,0.33
2012,TENNESSEE,47.0,STEWART,161,5652000,-1.8,-1.85
2012,TENNESSEE,47.0,WAYNE,181,3377000,-1.24,-1.34
2012,TEXAS,48.0,BELL,27,58592000,-0.9,-0.91
2012,TEXAS,48.0,BOSQUE,35,50172000,-1.14,-1.07
2012,TEXAS,48.0,COLLIN,85,50811000,-0.81,-0.83
2012,TEXAS,48.0,COOKE,97,18507000,-1.46,-1.48
2012,TEXAS,48.0,CORYELL,99,16183000,-1.17,-1.1
2012,TEXAS,48.0,DALLAS,113,38198000,-1.07,-1.05
2012,TEXAS,48.0,DELTA,119,15741000,-0.35,-0.3
2012,TEXAS,48.0,DENTON,121,35317000,-0.68,-0.68
2012,TEXAS,48.0,ELLIS,139,67356000,-1.26,-1.25
2012,TEXAS,48.0,FALLS,145,55025000,0.37,0.42
2012,TEXAS,48.0,FANNIN,147,39811000,0.33,0.33
2012,TEXAS,48.0,GRAYSON,181,66859000,-1.24,-1.34
2012,TEXAS,48.0,HAMILTON,193,10717000,-1.4,-1.47
2012,TEXAS,48.0,HILL,217,80466000,-1.28,-1.37
2012,TEXAS,48.0,HUNT,231,44771000,-1.17,-1.19
2012,TEXAS,48.0,JOHNSON,251,19919000,-2.07,-2.13
2012,TEXAS,48.0,KAUFMAN,257,20295000,-0.91,-0.9
2012,TEXAS,48.0,LAMAR,277,40522000,-1.45,-1.48
2012,TEXAS,48.0,LIMESTONE,293,12346000,-1.57,-1.61
2012,TEXAS,48.0,MCLENNAN,309,74815000,-1.63,-1.68
2012,TEXAS,48.0,MILAM,331,38485000,-2.05,-2.02
2012,TEXAS,48.0,NAVARRO,349,31422000,-0.94,-0.91
2012,TEXAS,48.0,ROCKWALL,397,2007000,-0.93,-0.87
2012,TEXAS,48.0,TARRANT,439,25191000,-0.64,-0.62
2012,TEXAS,48.0,WILLIAMSON,491,74987000,-1.9,-1.88
2012,TEXAS,48.0,ARANSAS,7,198000,-0.64,-0.6
2012,TEXAS,48.0,NUECES,355,78243000,-1.92,-1.95
2012,TEXAS,48.0,REFUGIO,391,32766000,-2.05,-2.04
2012,TEXAS,48.0,SAN PATRICIO,409,68324000,-1.93,-1.94
2012,TEXAS,48.0,ARCHER,9,12774000,0.45,0.4
2012,TEXAS,48.0,BROWN,49,7527000,0.72,0.75
2012,TEXAS,48.0,CALLAHAN,59,5837000,0.38,0.39
2012,TEXAS,48.0,CLAY,77,12479000,0.53,0.51
2012,TEXAS,48.0,COMANCHE,93,26780000,0.2,0.21
2012,TEXAS,48.0,EASTLAND,133,8508000,0.2,0.17
2012,TEXAS,48.0,ERATH,143,18473000,0.37,0.37
2012,TEXAS,48.0,HOOD,221,8557000,-1.21,-1.28
2012,TEXAS,48.0,JACK,237,2279000,-1.43,-1.57
2012,TEXAS,48.0,MILLS,333,5403000,-1.28,-1.28
2012,TEXAS,48.0,MONTAGUE,337,8419000,-0.94,-0.92
2012,TEXAS,48.0,PALO PINTO,363,9900000,-0.74,-0.71
2012,TEXAS,48.0,PARKER,367,15429000,-0.64,-0.61
2012,TEXAS,48.0,SHACKELFORD,417,2589000,-1.33,-1.31
2012,TEXAS,48.0,SOMERVELL,425,1183000,-0.86,-0.8
2012,TEXAS,48.0,STEPHENS,429,1069000,-0.87,-0.87
2012,TEXAS,48.0,THROCKMORTON,447,8724000,-1.54,-1.51
2012,TEXAS,48.0,WISE,497,16410000,-0.52,-0.52
2012,TEXAS,48.0,YOUNG,503,7999000,-1.19,-1.17
2012,TEXAS,48.0,ANDERSON,1,13645000,-0.79,-0.75
2012,TEXAS,48.0,BOWIE,37,13979000,-0.57,-0.5
2012,TEXAS,48.0,CAMP,63,3080000,-0.32,-0.3
2012,TEXAS,48.0,CASS,67,5300000,-1.27,-1.29
2012,TEXAS,48.0,CHEROKEE,73,89696000,-0.23,-0.23
2012,TEXAS,48.0,FRANKLIN,159,3775000,-1.3,-1.4
2012,TEXAS,48.0,GREGG,183,1347000,-1.46,-1.47
2012,TEXAS,48.0,HARRISON,203,4978000,0.28,0.28
2012,TEXAS,48.0,HENDERSON,213,17357000,-0.1,-0.08
2012,TEXAS,48.0,HOPKINS,223,12905000,-0.79,-0.77
2012,TEXAS,48.0,HOUSTON,225,13915000,-1.48,-1.56
2012,TEXAS,48.0,MARION,315,553000,-1.77,-1.83
2012,TEXAS,48.0,MORRIS,343,2280000,-1.54,-1.47
2012,TEXAS,48.0,NACOGDOCHES,347,5718000,-1.54,-1.56
2012,TEXAS,48.0,PANOLA,365,5626000,-1.59,-1.61
2012,TEXAS,48.0,RAINS,379,4752000,-1.39,-1.33
2012,TEXAS,48.0,RED RIVER,387,14201000,-0.95,-0.9
2012,TEXAS,48.0,RUSK,401,19263000,-1.67,-1.66
2012,TEXAS,48.0,SHELBY,419,9715000,-1.78,-1.81
2012,TEXAS,48.0,SMITH,423,59512000,-1.73,-1.64
2012,TEXAS,48.0,TITUS,449,3628000,-1.46,-1.39
2012,TEXAS,48.0,UPSHUR,459,4607000,-1.46,-1.39
2012,TEXAS,48.0,VAN ZANDT,467,47241000,-1.36,-1.3
2012,TEXAS,48.0,WOOD,499,6600000,-1.49,-1.41
2012,TEXAS,48.0,ANGELINA,5,4292000,-1.28,-1.29
2012,TEXAS,48.0,BRAZOS,41,12410000,-1.21,-1.2
2012,TEXAS,48.0,FREESTONE,161,5769000,-1.8,-1.85
2012,TEXAS,48.0,GRIMES,185,11057000,-1.0,-1.04
2012,TEXAS,48.0,HARDIN,199,3219000,-1.09,-1.07
2012,TEXAS,48.0,JASPER,241,5618000,-0.46,-0.45
2012,TEXAS,48.0,LEON,289,9970000,-1.51,-1.58
2012,TEXAS,48.0,MONTGOMERY,339,11499000,-1.91,-1.88
2012,TEXAS,48.0,NEWTON,351,1043000,-1.68,-1.58
2012,TEXAS,48.0,POLK,373,2409000,-1.82,-1.81
2012,TEXAS,48.0,ROBERTSON,395,33205000,-1.96,-1.93
2012,TEXAS,48.0,SABINE,403,566000,-1.32,-1.28
2012,TEXAS,48.0,SAN AUGUSTINE,405,1243000,-1.48,-1.47
2012,TEXAS,48.0,SAN JACINTO,407,2376000,-1.77,-1.75
2012,TEXAS,48.0,TRINITY,455,1696000,-1.79,-1.82
2012,TEXAS,48.0,TYLER,457,14293000,-1.72,-1.69
2012,TEXAS,48.0,WALKER,471,18580000,-2.29,-2.28
2012,TEXAS,48.0,WALLER,473,70397000,-2.13,-2.09
2012,TEXAS,48.0,BANDERA,19,1263000,0.03,0.06
2012,TEXAS,48.0,BLANCO,31,9052000,-1.28,-1.33
2012,TEXAS,48.0,BURNET,53,3729000,-1.28,-1.27
2012,TEXAS,48.0,COKE,81,2058000,-0.72,-0.67
2012,TEXAS,48.0,CONCHO,95,14229000,0.94,0.93
2012,TEXAS,48.0,CROCKETT,105,45000,-0.65,-0.59
2012,TEXAS,48.0,EDWARDS,137,608000,0.82,0.81
2012,TEXAS,48.0,GILLESPIE,171,11311000,-1.34,-1.37
2012,TEXAS,48.0,IRION,235,770000,-1.61,-1.66
2012,TEXAS,48.0,KENDALL,259,2115000,-1.24,-1.24
2012,TEXAS,48.0,KERR,265,1313000,-1.34,-1.45
2012,TEXAS,48.0,KINNEY,271,1165000,-1.92,-1.97
2012,TEXAS,48.0,LAMPASAS,281,2924000,-0.21,-0.22
2012,TEXAS,48.0,LLANO,299,1431000,-1.46,-1.46
2012,TEXAS,48.0,MASON,319,4996000,-1.47,-1.55
2012,TEXAS,48.0,MCCULLOCH,307,8622000,-1.31,-1.33
2012,TEXAS,48.0,MENARD,327,1252000,-1.62,-1.61
2012,TEXAS,48.0,REAGAN,383,7146000,-1.55,-1.57
2012,TEXAS,48.0,REAL,385,201000,-1.75,-1.76
2012,TEXAS,48.0,SAN SABA,411,9349000,-1.55,-1.56
2012,TEXAS,48.0,SCHLEICHER,413,2808000,-1.59,-1.62
2012,TEXAS,48.0,SUTTON,435,495000,-1.7,-1.72
2012,TEXAS,48.0,TOM GREEN,451,32596000,-1.46,-1.49
2012,TEXAS,48.0,UPTON,461,8066000,-1.88,-1.89
2012,TEXAS,48.0,UVALDE,463,61890000,-1.57,-1.56
2012,TEXAS,48.0,VAL VERDE,465,407000,-1.52,-1.52
2012,TEXAS,48.0,CAMERON,61,147427000,-1.28,-1.34
2012,TEXAS,48.0,HIDALGO,215,415208000,-1.13,-1.08
2012,TEXAS,48.0,STARR,427,27145000,-1.7,-1.64
2012,TEXAS,48.0,WILLACY,489,78386000,-1.79,-1.73
2012,TEXAS,48.0,ARMSTRONG,11,8084000,-1.06,-1.07
2012,TEXAS,48.0,BRISCOE,45,12786000,-1.33,-1.4
2012,TEXAS,48.0,CARSON,65,50643000,-0.42,-0.39
2012,TEXAS,48.0,CASTRO,69,155645000,-1.41,-1.47
2012,TEXAS,48.0,DALLAM,111,166299000,-1.08,-1.05
2012,TEXAS,48.0,DEAF SMITH,117,79899000,-0.44,-0.42
2012,TEXAS,48.0,GRAY,179,24346000,-1.65,-1.67
2012,TEXAS,48.0,HALE,189,129176000,-1.49,-1.59
2012,TEXAS,48.0,HANSFORD,195,110704000,-1.11,-1.14
2012,TEXAS,48.0,HARTLEY,205,193986000,-1.68,-1.73
2012,TEXAS,48.0,HEMPHILL,211,3017000,-1.26,-1.38
2012,TEXAS,48.0,HUTCHINSON,233,32147000,-0.64,-0.6
2012,TEXAS,48.0,LIPSCOMB,295,8878000,0.39,0.43
2012,TEXAS,48.0,MOORE,341,117569000,-1.74,-1.84
2012,TEXAS,48.0,OCHILTREE,357,62118000,-1.61,-1.74
2012,TEXAS,48.0,OLDHAM,359,2765000,-1.64,-1.76
2012,TEXAS,48.0,PARMER,369,131697000,-1.81,-1.97
2012,TEXAS,48.0,POTTER,375,1621000,-1.91,-2.01
2012,TEXAS,48.0,RANDALL,381,15858000,-1.9,-2.02
2012,TEXAS,48.0,ROBERTS,393,5173000,-1.57,-1.72
2012,TEXAS,48.0,SHERMAN,421,129479000,-1.67,-1.77
2012,TEXAS,48.0,SWISHER,437,44746000,-2.08,-2.27
2012,TEXAS,48.0,BORDEN,33,5338000,0.31,0.31
2012,TEXAS,48.0,CHILDRESS,75,13006000,-0.11,-0.07
2012,TEXAS,48.0,COLLINGSWORTH,87,29939000,-0.89,-0.88
2012,TEXAS,48.0,COTTLE,101,5328000,-0.95,-0.93
2012,TEXAS,48.0,DICKENS,125,8097000,-0.48,-0.47
2012,TEXAS,48.0,DONLEY,129,13447000,-0.6,-0.64
2012,TEXAS,48.0,FOARD,155,6195000,-1.77,-1.8
2012,TEXAS,48.0,GARZA,169,8722000,-1.51,-1.58
2012,TEXAS,48.0,HALL,191,18389000,-1.76,-1.73
2012,TEXAS,48.0,HARDEMAN,197,9144000,-1.34,-1.36
2012,TEXAS,48.0,MOTLEY,345,3139000,-1.97,-2.13
2012,TEXAS,48.0,WHEELER,483,9172000,-1.68,-1.84
2012,TEXAS,48.0,WICHITA,485,19554000,-1.9,-1.9
2012,TEXAS,48.0,WILBARGER,487,31414000,-1.99,-2.05
2012,TEXAS,48.0,AUSTIN,15,17475000,-0.46,-0.46
2012,TEXAS,48.0,BASTROP,21,11901000,-0.57,-0.51
2012,TEXAS,48.0,BEE,25,9939000,-0.86,-0.83
2012,TEXAS,48.0,BEXAR,29,54705000,-0.87,-0.86
2012,TEXAS,48.0,BURLESON,51,34301000,-0.62,-0.55
2012,TEXAS,48.0,CALDWELL,55,11178000,0.31,0.29
2012,TEXAS,48.0,COLORADO,89,44446000,0.71,0.75
2012,TEXAS,48.0,DE WITT,123,7588000,-0.77,-0.71
2012,TEXAS,48.0,FAYETTE,149,13794000,0.45,0.44
2012,TEXAS,48.0,GOLIAD,175,3818000,-1.52,-1.62
2012,TEXAS,48.0,GONZALES,177,23246000,-1.5,-1.57
2012,TEXAS,48.0,GUADALUPE,187,30332000,-0.13,-0.11
2012,TEXAS,48.0,HAYS,209,7313000,-1.57,-1.62
2012,TEXAS,48.0,KARNES,255,10705000,-1.03,-1.04
2012,TEXAS,48.0,LAVACA,285,12582000,-0.92,-0.9
2012,TEXAS,48.0,LEE,287,12870000,-1.67,-1.73
2012,TEXAS,48.0,MEDINA,325,64889000,-1.81,-1.78
2012,TEXAS,48.0,TRAVIS,453,34155000,-1.73,-1.72
2012,TEXAS,48.0,WASHINGTON,477,11393000,-2.25,-2.26
2012,TEXAS,48.0,WILSON,493,27914000,-1.86,-1.81
2012,TEXAS,48.0,ATASCOSA,13,27793000,-0.94,-0.89
2012,TEXAS,48.0,BROOKS,47,547000,-0.91,-0.88
2012,TEXAS,48.0,DIMMIT,127,8574000,-0.39,-0.4
2012,TEXAS,48.0,DUVAL,131,956000,-1.13,-1.1
2012,TEXAS,48.0,FRIO,163,109089000,-1.5,-1.6
2012,TEXAS,48.0,JIM WELLS,249,35240000,-1.35,-1.41
2012,TEXAS,48.0,LA SALLE,283,11940000,-1.52,-1.61
2012,TEXAS,48.0,LIVE OAK,297,2836000,-1.21,-1.27
2012,TEXAS,48.0,MAVERICK,323,2622000,-1.34,-1.27
2012,TEXAS,48.0,MCMULLEN,311,430000,-0.24,-0.21
2012,TEXAS,48.0,WEBB,479,842000,-1.7,-1.65
2012,TEXAS,48.0,ZAPATA,505,4562000,-1.72,-1.67
2012,TEXAS,48.0,ZAVALA,507,28977000,-1.49,-1.44
2012,TEXAS,48.0,ANDREWS,3,5819000,-1.44,-1.45
2012,TEXAS,48.0,BAILEY,17,31776000,-0.87,-0.82
2012,TEXAS,48.0,CROSBY,107,67206000,-0.09,-0.06
2012,TEXAS,48.0,DAWSON,115,70918000,-0.03,-0.06
2012,TEXAS,48.0,GAINES,165,175454000,-1.9,-1.97
2012,TEXAS,48.0,GLASSCOCK,173,23097000,-0.83,-0.88
2012,TEXAS,48.0,HOCKLEY,219,70121000,-1.16,-1.22
2012,TEXAS,48.0,HOWARD,227,4642000,-0.18,-0.16
2012,TEXAS,48.0,LAMB,279,116543000,-1.65,-1.7
2012,TEXAS,48.0,LUBBOCK,303,95860000,-1.28,-1.4
2012,TEXAS,48.0,LYNN,305,65765000,-1.3,-1.27
2012,TEXAS,48.0,MARTIN,317,18002000,-1.23,-1.32
2012,TEXAS,48.0,MIDLAND,329,11301000,-1.79,-1.79
2012,TEXAS,48.0,TERRY,445,88317000,-2.03,-2.11
2012,TEXAS,48.0,YOAKUM,501,73282000,-2.09,-2.16
2012,TEXAS,48.0,BAYLOR,23,14843000,-0.6,-0.63
2012,TEXAS,48.0,COLEMAN,83,11388000,0.45,0.48
2012,TEXAS,48.0,FISHER,151,20153000,-1.17,-1.21
2012,TEXAS,48.0,HASKELL,207,28616000,-1.44,-1.47
2012,TEXAS,48.0,JONES,253,29683000,-1.42,-1.47
2012,TEXAS,48.0,KNOX,275,19127000,-1.65,-1.71
2012,TEXAS,48.0,MITCHELL,335,12918000,-1.79,-1.84
2012,TEXAS,48.0,NOLAN,353,12395000,-1.85,-1.82
2012,TEXAS,48.0,RUNNELS,399,29542000,-1.6,-1.57
2012,TEXAS,48.0,SCURRY,415,13019000,-1.85,-1.9
2012,TEXAS,48.0,STONEWALL,433,2525000,-1.86,-1.84
2012,TEXAS,48.0,TAYLOR,441,10421000,-1.68,-1.64
2012,TEXAS,48.0,BREWSTER,43,1035000,0.43,0.4
2012,TEXAS,48.0,CRANE,103,23000,0.44,0.45
2012,TEXAS,48.0,CULBERSON,109,6612000,-1.33,-1.36
2012,TEXAS,48.0,ECTOR,135,634000,1.19,1.15
2012,TEXAS,48.0,EL PASO,141,39634000,0.62,0.62
2012,TEXAS,48.0,HUDSPETH,229,24716000,-1.33,-1.34
2012,TEXAS,48.0,PECOS,371,27595000,-2.02,-2.04
2012,TEXAS,48.0,REEVES,389,10864000,-1.79,-1.78
2012,TEXAS,48.0,WARD,475,116000,-1.86,-1.86
2012,TEXAS,48.0,BRAZORIA,39,71568000,-1.27,-1.26
2012,TEXAS,48.0,CALHOUN,57,28309000,-0.25,-0.24
2012,TEXAS,48.0,CHAMBERS,71,15049000,1.15,1.19
2012,TEXAS,48.0,FORT BEND,157,91886000,-1.04,-1.05
2012,TEXAS,48.0,GALVESTON,167,3871000,-1.29,-1.41
2012,TEXAS,48.0,HARRIS,201,47426000,-1.34,-1.37
2012,TEXAS,48.0,JACKSON,239,73997000,-1.18,-1.2
2012,TEXAS,48.0,JEFFERSON,245,21590000,-1.4,-1.45
2012,TEXAS,48.0,LIBERTY,291,14705000,0.1,0.09
2012,TEXAS,48.0,MATAGORDA,321,77024000,-1.65,-1.71
2012,TEXAS,48.0,ORANGE,361,1918000,-1.63,-1.54
2012,TEXAS,48.0,VICTORIA,469,27784000,-1.99,-2.0
2012,TEXAS,48.0,WHARTON,481,270754000,-2.2,-2.24
2012,UTAH,49.0,JUAB,23,11531000,-0.6,-0.63
2012,UTAH,49.0,MILLARD,27,74824000,-0.9,-0.91
2012,UTAH,49.0,SANPETE,39,21838000,-1.27,-1.26
2012,UTAH,49.0,SEVIER,41,19866000,-1.21,-1.2
2012,UTAH,49.0,UTAH,49,98246000,0.72,0.75
2012,UTAH,49.0,CARBON,7,2433000,-0.64,-0.6
2012,UTAH,49.0,DAGGETT,9,778000,0.45,0.4
2012,UTAH,49.0,DUCHESNE,13,18977000,-0.94,-0.89
2012,UTAH,49.0,EMERY,15,5092000,-0.46,-0.46
2012,UTAH,49.0,GRAND,19,2267000,0.03,0.06
2012,UTAH,49.0,SAN JUAN,37,4355000,-0.57,-0.5
2012,UTAH,49.0,SUMMIT,43,3137000,0.43,0.4
2012,UTAH,49.0,UINTAH,47,21290000,-0.91,-0.88
2012,UTAH,49.0,WASATCH,51,3167000,-0.62,-0.55
2012,UTAH,49.0,BOX ELDER,3,76316000,-1.44,-1.45
2012,UTAH,49.0,CACHE,5,37542000,-1.28,-1.29
2012,UTAH,49.0,DAVIS,11,31559000,-1.06,-1.07
2012,UTAH,49.0,MORGAN,29,3407000,-0.87,-0.86
2012,UTAH,49.0,RICH,33,4473000,0.31,0.31
2012,UTAH,49.0,SALT LAKE,35,14048000,-1.14,-1.07
2012,UTAH,49.0,TOOELE,45,11385000,-1.33,-1.4
2012,UTAH,49.0,WEBER,57,16713000,-0.25,-0.24
2012,UTAH,49.0,BEAVER,1,21581000,-0.79,-0.75
2012,UTAH,49.0,GARFIELD,17,3618000,-0.87,-0.82
2012,UTAH,49.0,IRON,21,53525000,-0.57,-0.51
2012,UTAH,49.0,KANE,25,789000,-0.86,-0.83
2012,UTAH,49.0,PIUTE,31,1846000,-1.28,-1.33
2012,UTAH,49.0,WASHINGTON,53,6458000,-1.28,-1.27
2012,UTAH,49.0,WAYNE,55,3039000,0.31,0.29
2012,VERMONT,50.0,ADDISON,1,28318000,-0.79,-0.75
2012,VERMONT,50.0,BENNINGTON,3,7903000,-1.44,-1.45
2012,VERMONT,50.0,CALEDONIA,5,6748000,-1.28,-1.29
2012,VERMONT,50.0,CHITTENDEN,7,19854000,-0.64,-0.6
2012,VERMONT,50.0,ESSEX,9,3945000,0.45,0.4
2012,VERMONT,50.0,FRANKLIN,11,31586000,-1.06,-1.07
2012,VERMONT,50.0,GRAND ISLE,13,5638000,-0.94,-0.89
2012,VERMONT,50.0,LAMOILLE,15,9519000,-0.46,-0.46
2012,VERMONT,50.0,ORANGE,17,13483000,-0.87,-0.82
2012,VERMONT,50.0,ORLEANS,19,14305000,0.03,0.06
2012,VERMONT,50.0,RUTLAND,21,10230000,-0.57,-0.51
2012,VERMONT,50.0,WASHINGTON,23,7031000,-0.6,-0.63
2012,VERMONT,50.0,WINDHAM,25,11359000,-0.86,-0.83
2012,VERMONT,50.0,WINDSOR,27,7807000,-0.9,-0.91
2012,VIRGINIA,51.0,ALBEMARLE,3,19481000,-1.44,-1.45
2012,VIRGINIA,51.0,AMELIA,7,12936000,-0.64,-0.6
2012,VIRGINIA,51.0,AMHERST,9,3259000,0.45,0.4
2012,VIRGINIA,51.0,APPOMATTOX,11,4429000,-1.06,-1.07
2012,VIRGINIA,51.0,BEDFORD,19,6950000,0.03,0.06
2012,VIRGINIA,51.0,BUCKINGHAM,29,6472000,-0.87,-0.86
2012,VIRGINIA,51.0,CAMPBELL,31,6499000,-1.28,-1.33
2012,VIRGINIA,51.0,CAROLINE,33,19678000,0.31,0.31
2012,VIRGINIA,51.0,CHESTERFIELD,41,3803000,-1.21,-1.2
2012,VIRGINIA,51.0,CUMBERLAND,49,3848000,0.72,0.75
2012,VIRGINIA,51.0,FLUVANNA,65,2965000,-0.42,-0.39
2012,VIRGINIA,51.0,GOOCHLAND,75,8311000,-0.11,-0.07
2012,VIRGINIA,51.0,GREENE,79,1573000,0.59,0.56
2012,VIRGINIA,51.0,HANOVER,85,47004000,-0.81,-0.83
2012,VIRGINIA,51.0,HENRICO,87,9218000,-0.89,-0.88
2012,VIRGINIA,51.0,LOUISA,109,6801000,-1.33,-1.36
2012,VIRGINIA,51.0,NELSON,125,10377000,-0.48,-0.47
2012,VIRGINIA,51.0,ORANGE,137,64929000,0.82,0.81
2012,VIRGINIA,51.0,POWHATAN,145,3909000,0.37,0.42
2012,VIRGINIA,51.0,PRINCE EDWARD,147,1920000,0.33,0.33
2012,VIRGINIA,51.0,SPOTSYLVANIA,177,4004000,-1.5,-1.57
2012,VIRGINIA,51.0,ACCOMACK,1,59778000,-0.79,-0.75
2012,VIRGINIA,51.0,ESSEX,57,22434000,-0.25,-0.24
2012,VIRGINIA,51.0,GLOUCESTER,73,10691000,-0.23,-0.23
2012,VIRGINIA,51.0,JAMES CITY,95,1565000,0.94,0.93
2012,VIRGINIA,51.0,KING GEORGE,99,3184000,-1.17,-1.1
2012,VIRGINIA,51.0,KING WILLIAM,101,14053000,-0.95,-0.93
2012,VIRGINIA,51.0,LANCASTER,103,4690000,0.44,0.45
2012,VIRGINIA,51.0,MATHEWS,115,2235000,-0.03,-0.06
2012,VIRGINIA,51.0,MIDDLESEX,119,10417000,-0.35,-0.3
2012,VIRGINIA,51.0,NEW KENT,127,6716000,-0.39,-0.4
2012,VIRGINIA,51.0,NORTHAMPTON,131,61436000,-1.13,-1.1
2012,VIRGINIA,51.0,NORTHUMBERLAND,133,20999000,0.2,0.17
2012,VIRGINIA,51.0,RICHMOND,159,14648000,-1.3,-1.4
2012,VIRGINIA,51.0,WESTMORELAND,193,30725000,-1.4,-1.47
2012,VIRGINIA,51.0,YORK,199,2076000,-1.09,-1.07
2012,VIRGINIA,51.0,CLARKE,43,8573000,0.43,0.4
2012,VIRGINIA,51.0,CULPEPER,47,25645000,-0.91,-0.88
2012,VIRGINIA,51.0,FAIRFAX,59,3234000,0.38,0.39
2012,VIRGINIA,51.0,FAUQUIER,61,21587000,-1.28,-1.34
2012,VIRGINIA,51.0,FREDERICK,69,24874000,-1.41,-1.47
2012,VIRGINIA,51.0,LOUDOUN,107,26089000,-0.09,-0.06
2012,VIRGINIA,51.0,MADISON,113,11542000,-1.07,-1.05
2012,VIRGINIA,51.0,PAGE,139,6254000,-1.26,-1.25
2012,VIRGINIA,51.0,PRINCE WILLIAM,153,5807000,-1.53,-1.6
2012,VIRGINIA,51.0,RAPPAHANNOCK,157,3668000,-1.04,-1.05
2012,VIRGINIA,51.0,ROCKINGHAM,165,47606000,-1.9,-1.97
2012,VIRGINIA,51.0,SHENANDOAH,171,19429000,-1.34,-1.37
2012,VIRGINIA,51.0,STAFFORD,179,1342000,-1.65,-1.67
2012,VIRGINIA,51.0,WARREN,187,2143000,-0.13,-0.11
2012,VIRGINIA,51.0,BRUNSWICK,25,17252000,-0.86,-0.83
2012,VIRGINIA,51.0,DINWIDDIE,53,20412000,-1.28,-1.27
2012,VIRGINIA,51.0,GREENSVILLE,81,20587000,-0.72,-0.67
2012,VIRGINIA,51.0,ISLE OF WIGHT,93,33025000,0.2,0.21
2012,VIRGINIA,51.0,MECKLENBURG,117,35386000,-0.44,-0.42
2012,VIRGINIA,51.0,PRINCE GEORGE,149,9876000,0.45,0.44
2012,VIRGINIA,51.0,SOUTHAMPTON,175,67002000,-1.52,-1.62
2012,VIRGINIA,51.0,SUFFOLK CITY,800,58963000,-0.34,-0.4
2012,VIRGINIA,51.0,SURRY,181,19366000,-1.24,-1.34
2012,VIRGINIA,51.0,VIRGINIA BEACH CITY,810,16803000,-0.73,-0.74
2012,VIRGINIA,51.0,CHARLOTTE,37,11104000,-0.57,-0.5
2012,VIRGINIA,51.0,FRANKLIN,67,14726000,-1.27,-1.29
2012,VIRGINIA,51.0,HALIFAX,83,23171000,0.45,0.48
2012,VIRGINIA,51.0,LUNENBURG,111,13546000,-1.08,-1.05
2012,VIRGINIA,51.0,NOTTOWAY,135,6166000,1.19,1.15
2012,VIRGINIA,51.0,PATRICK,141,7462000,0.62,0.62
2012,VIRGINIA,51.0,PITTSYLVANIA,143,36912000,0.37,0.37
2012,VIRGINIA,51.0,BLAND,21,1222000,-0.57,-0.51
2012,VIRGINIA,51.0,BUCHANAN,27,222000,-0.9,-0.91
2012,VIRGINIA,51.0,CARROLL,35,11178000,-1.14,-1.07
2012,VIRGINIA,51.0,DICKENSON,51,167000,-0.62,-0.55
2012,VIRGINIA,51.0,FLOYD,63,14354000,-0.32,-0.3
2012,VIRGINIA,51.0,GILES,71,1615000,1.15,1.19
2012,VIRGINIA,51.0,GRAYSON,77,5968000,0.53,0.51
2012,VIRGINIA,51.0,LEE,105,4335000,-0.65,-0.59
2012,VIRGINIA,51.0,MONTGOMERY,121,6694000,-0.68,-0.68
2012,VIRGINIA,51.0,PULASKI,155,2379000,-1.77,-1.8
2012,VIRGINIA,51.0,RUSSELL,167,2934000,-1.29,-1.41
2012,VIRGINIA,51.0,SCOTT,169,4233000,-1.51,-1.58
2012,VIRGINIA,51.0,SMYTH,173,3846000,-0.83,-0.88
2012,VIRGINIA,51.0,TAZEWELL,185,1958000,-1.0,-1.04
2012,VIRGINIA,51.0,WASHINGTON,191,6633000,-1.76,-1.73
2012,VIRGINIA,51.0,WYTHE,197,6677000,-1.34,-1.36
2012,VIRGINIA,51.0,AUGUSTA,15,27685000,-0.46,-0.46
2012,VIRGINIA,51.0,BATH,17,1340000,-0.87,-0.82
2012,VIRGINIA,51.0,BOTETOURT,23,6063000,-0.6,-0.63
2012,VIRGINIA,51.0,CRAIG,45,1299000,-1.33,-1.4
2012,VIRGINIA,51.0,HIGHLAND,91,1362000,-0.66,-0.65
2012,VIRGINIA,51.0,ROCKBRIDGE,163,6974000,-1.5,-1.6
2012,WASHINGTON,53.0,CHELAN,7,202854000,-0.64,-0.6
2012,WASHINGTON,53.0,KITTITAS,37,47157000,-0.57,-0.5
2012,WASHINGTON,53.0,KLICKITAT,39,58114000,-1.27,-1.26
2012,WASHINGTON,53.0,OKANOGAN,47,249837000,-0.91,-0.88
2012,WASHINGTON,53.0,YAKIMA,77,1069497000,0.53,0.51
2012,WASHINGTON,53.0,ADAMS,1,339990000,-0.79,-0.75
2012,WASHINGTON,53.0,DOUGLAS,17,195912000,-0.87,-0.82
2012,WASHINGTON,53.0,FRANKLIN,21,503196000,-0.57,-0.51
2012,WASHINGTON,53.0,GRANT,25,1333149000,-0.86,-0.83
2012,WASHINGTON,53.0,LINCOLN,43,173610000,0.43,0.4
2012,WASHINGTON,53.0,FERRY,19,2880000,0.03,0.06
2012,WASHINGTON,53.0,PEND OREILLE,51,2315000,-0.62,-0.55
2012,WASHINGTON,53.0,SPOKANE,63,132862000,-0.32,-0.3
2012,WASHINGTON,53.0,STEVENS,65,17401000,-0.42,-0.39
2012,WASHINGTON,53.0,ASOTIN,3,16376000,-1.44,-1.45
2012,WASHINGTON,53.0,COLUMBIA,13,53936000,-0.94,-0.89
2012,WASHINGTON,53.0,GARFIELD,23,44328000,-0.6,-0.63
2012,WASHINGTON,53.0,WHITMAN,75,352378000,-0.11,-0.07
2012,WASHINGTON,53.0,CLALLAM,9,4136000,0.45,0.4
2012,WASHINGTON,53.0,CLARK,11,18856000,-1.06,-1.07
2012,WASHINGTON,53.0,GRAYS HARBOR,27,16697000,-0.9,-0.91
2012,WASHINGTON,53.0,ISLAND,29,3281000,-0.87,-0.86
2012,WASHINGTON,53.0,JEFFERSON,31,1740000,-1.28,-1.33
2012,WASHINGTON,53.0,KING,33,44012000,0.31,0.31
2012,WASHINGTON,53.0,KITSAP,35,3714000,-1.14,-1.07
2012,WASHINGTON,53.0,LEWIS,41,29075000,-1.21,-1.2
2012,WASHINGTON,53.0,MASON,45,2513000,-1.33,-1.4
2012,WASHINGTON,53.0,PACIFIC,49,7437000,0.72,0.75
2012,WASHINGTON,53.0,PIERCE,53,23896000,-1.28,-1.27
2012,WASHINGTON,53.0,SAN JUAN,55,2582000,0.31,0.29
2012,WASHINGTON,53.0,SKAGIT,57,201007000,-0.25,-0.24
2012,WASHINGTON,53.0,SKAMANIA,59,1535000,0.38,0.39
2012,WASHINGTON,53.0,SNOHOMISH,61,63216000,-1.28,-1.34
2012,WASHINGTON,53.0,THURSTON,67,48843000,-1.27,-1.29
2012,WASHINGTON,53.0,WAHKIAKUM,69,288000,-1.41,-1.47
2012,WASHINGTON,53.0,WHATCOM,73,119816000,-0.23,-0.23
2012,WEST VIRGINIA,54.0,BERKELEY,3,23982000,-1.44,-1.45
2012,WEST VIRGINIA,54.0,GRANT,23,1237000,-0.6,-0.63
2012,WEST VIRGINIA,54.0,GREENBRIER,25,2126000,-0.86,-0.83
2012,WEST VIRGINIA,54.0,HAMPSHIRE,27,7564000,-0.9,-0.91
2012,WEST VIRGINIA,54.0,HARDY,31,5164000,-1.28,-1.33
2012,WEST VIRGINIA,54.0,JEFFERSON,37,15997000,-0.57,-0.5
2012,WEST VIRGINIA,54.0,MINERAL,57,1540000,-0.25,-0.24
2012,WEST VIRGINIA,54.0,MONROE,63,2977000,-0.32,-0.3
2012,WEST VIRGINIA,54.0,MORGAN,65,2332000,-0.42,-0.39
2012,WEST VIRGINIA,54.0,PENDLETON,71,2873000,1.15,1.19
2012,WEST VIRGINIA,54.0,POCAHONTAS,75,1042000,-0.11,-0.07
2012,WEST VIRGINIA,54.0,RANDOLPH,83,2044000,0.45,0.48
2012,WEST VIRGINIA,54.0,SUMMERS,89,1272000,0.71,0.75
2012,WEST VIRGINIA,54.0,TUCKER,93,497000,0.2,0.21
2012,WEST VIRGINIA,54.0,BARBOUR,1,1163000,-0.79,-0.75
2012,WEST VIRGINIA,54.0,BROOKE,9,282000,0.45,0.4
2012,WEST VIRGINIA,54.0,DODDRIDGE,17,766000,-0.87,-0.82
2012,WEST VIRGINIA,54.0,HANCOCK,29,344000,-0.87,-0.86
2012,WEST VIRGINIA,54.0,HARRISON,33,2401000,0.31,0.31
2012,WEST VIRGINIA,54.0,LEWIS,41,985000,-1.21,-1.2
2012,WEST VIRGINIA,54.0,MARION,49,951000,0.72,0.75
2012,WEST VIRGINIA,54.0,MARSHALL,51,1363000,-0.62,-0.55
2012,WEST VIRGINIA,54.0,MONONGALIA,61,1118000,-1.28,-1.34
2012,WEST VIRGINIA,54.0,OHIO,69,714000,-1.41,-1.47
2012,WEST VIRGINIA,54.0,PRESTON,77,5099000,0.53,0.51
2012,WEST VIRGINIA,54.0,RITCHIE,85,1149000,-0.81,-0.83
2012,WEST VIRGINIA,54.0,TAYLOR,91,714000,-0.66,-0.65
2012,WEST VIRGINIA,54.0,TYLER,95,786000,0.94,0.93
2012,WEST VIRGINIA,54.0,UPSHUR,97,1277000,-1.46,-1.48
2012,WEST VIRGINIA,54.0,WETZEL,103,517000,0.44,0.45
2012,WEST VIRGINIA,54.0,WOOD,107,1892000,-0.09,-0.06
2012,WEST VIRGINIA,54.0,BOONE,5,21000,-1.28,-1.29
2012,WEST VIRGINIA,54.0,BRAXTON,7,970000,-0.64,-0.6
2012,WEST VIRGINIA,54.0,CABELL,11,1002000,-1.06,-1.07
2012,WEST VIRGINIA,54.0,CALHOUN,13,378000,-0.94,-0.89
2012,WEST VIRGINIA,54.0,CLAY,15,158000,-0.46,-0.46
2012,WEST VIRGINIA,54.0,FAYETTE,19,720000,0.03,0.06
2012,WEST VIRGINIA,54.0,GILMER,21,388000,-0.57,-0.51
2012,WEST VIRGINIA,54.0,JACKSON,35,2119000,-1.14,-1.07
2012,WEST VIRGINIA,54.0,KANAWHA,39,441000,-1.27,-1.26
2012,WEST VIRGINIA,54.0,LINCOLN,43,341000,0.43,0.4
2012,WEST VIRGINIA,54.0,LOGAN,45,53000,-1.33,-1.4
2012,WEST VIRGINIA,54.0,MASON,53,25251000,-1.28,-1.27
2012,WEST VIRGINIA,54.0,MERCER,55,1302000,0.31,0.29
2012,WEST VIRGINIA,54.0,NICHOLAS,67,768000,-1.27,-1.29
2012,WEST VIRGINIA,54.0,PUTNAM,79,8413000,0.59,0.56
2012,WEST VIRGINIA,54.0,RALEIGH,81,739000,-0.72,-0.67
2012,WEST VIRGINIA,54.0,ROANE,87,1473000,-0.89,-0.88
2012,WEST VIRGINIA,54.0,WAYNE,99,416000,-1.17,-1.1
2012,WEST VIRGINIA,54.0,WEBSTER,101,208000,-0.95,-0.93
2012,WEST VIRGINIA,54.0,WIRT,105,643000,-0.65,-0.59
2012,WEST VIRGINIA,54.0,WYOMING,109,11000,-1.33,-1.36
2012,WISCONSIN,55.0,ADAMS,1,93482000,-0.79,-0.75
2012,WISCONSIN,55.0,GREEN LAKE,47,61134000,-0.91,-0.88
2012,WISCONSIN,55.0,JUNEAU,57,77954000,-0.25,-0.24
2012,WISCONSIN,55.0,MARQUETTE,77,38238000,0.53,0.51
2012,WISCONSIN,55.0,PORTAGE,97,211922000,-1.46,-1.48
2012,WISCONSIN,55.0,WAUPACA,135,50604000,1.19,1.15
2012,WISCONSIN,55.0,WAUSHARA,137,104150000,0.82,0.81
2012,WISCONSIN,55.0,WOOD,141,85288000,0.62,0.62
2012,WISCONSIN,55.0,BROWN,9,53545000,0.45,0.4
2012,WISCONSIN,55.0,CALUMET,15,54359000,-0.46,-0.46
2012,WISCONSIN,55.0,DOOR,29,38062000,-0.87,-0.86
2012,WISCONSIN,55.0,FOND DU LAC,39,110823000,-1.27,-1.26
2012,WISCONSIN,55.0,KEWAUNEE,61,58942000,-1.28,-1.34
2012,WISCONSIN,55.0,MANITOWOC,71,74810000,1.15,1.19
2012,WISCONSIN,55.0,OUTAGAMIE,87,105588000,-0.89,-0.88
2012,WISCONSIN,55.0,SHEBOYGAN,117,65621000,-0.44,-0.42
2012,WISCONSIN,55.0,WINNEBAGO,139,52283000,-1.26,-1.25
2012,WISCONSIN,55.0,ASHLAND,3,2517000,-1.44,-1.45
2012,WISCONSIN,55.0,CLARK,19,91893000,0.03,0.06
2012,WISCONSIN,55.0,LINCOLN,69,10060000,-1.41,-1.47
2012,WISCONSIN,55.0,MARATHON,73,97004000,-0.23,-0.23
2012,WISCONSIN,55.0,ONEIDA,85,17174000,-0.81,-0.83
2012,WISCONSIN,55.0,PRICE,99,7209000,-1.17,-1.1
2012,WISCONSIN,55.0,TAYLOR,119,33739000,-0.35,-0.3
2012,WISCONSIN,55.0,VILAS,125,9746000,-0.48,-0.47
2012,WISCONSIN,55.0,FOREST,41,1767000,-1.21,-1.2
2012,WISCONSIN,55.0,LANGLADE,67,60671000,-1.27,-1.29
2012,WISCONSIN,55.0,MARINETTE,75,29101000,-0.11,-0.07
2012,WISCONSIN,55.0,OCONTO,83,65007000,0.45,0.48
2012,WISCONSIN,55.0,SHAWANO,115,66100000,-0.03,-0.06
2012,WISCONSIN,55.0,BARRON,5,99665000,-1.28,-1.29
2012,WISCONSIN,55.0,BAYFIELD,7,4913000,-0.64,-0.6
2012,WISCONSIN,55.0,BURNETT,13,14428000,-0.94,-0.89
2012,WISCONSIN,55.0,CHIPPEWA,17,96472000,-0.87,-0.82
2012,WISCONSIN,55.0,DOUGLAS,31,4061000,-1.28,-1.33
2012,WISCONSIN,55.0,POLK,95,67623000,0.94,0.93
2012,WISCONSIN,55.0,RUSK,107,18237000,-0.09,-0.06
2012,WISCONSIN,55.0,SAWYER,113,10135000,-1.07,-1.05
2012,WISCONSIN,55.0,WASHBURN,129,15636000,-0.6,-0.64
2012,WISCONSIN,55.0,COLUMBIA,21,119418000,-0.57,-0.51
2012,WISCONSIN,55.0,DANE,25,184483000,-0.86,-0.83
2012,WISCONSIN,55.0,DODGE,27,170936000,-0.9,-0.91
2012,WISCONSIN,55.0,GREEN,45,72679000,-1.33,-1.4
2012,WISCONSIN,55.0,JEFFERSON,55,108457000,0.31,0.29
2012,WISCONSIN,55.0,ROCK,105,165875000,-0.65,-0.59
2012,WISCONSIN,55.0,KENOSHA,59,48242000,0.38,0.39
2012,WISCONSIN,55.0,MILWAUKEE,79,7582000,0.59,0.56
2012,WISCONSIN,55.0,OZAUKEE,89,24175000,0.71,0.75
2012,WISCONSIN,55.0,RACINE,101,73606000,-0.95,-0.93
2012,WISCONSIN,55.0,WALWORTH,127,79039000,-0.39,-0.4
2012,WISCONSIN,55.0,WASHINGTON,131,48905000,-1.13,-1.1
2012,WISCONSIN,55.0,WAUKESHA,133,41811000,0.2,0.17
2012,WISCONSIN,55.0,CRAWFORD,23,37653000,-0.6,-0.63
2012,WISCONSIN,55.0,GRANT,43,129081000,0.43,0.4
2012,WISCONSIN,55.0,IOWA,49,58336000,0.72,0.75
2012,WISCONSIN,55.0,LAFAYETTE,65,98878000,-0.42,-0.39
2012,WISCONSIN,55.0,RICHLAND,103,32612000,0.44,0.45
2012,WISCONSIN,55.0,SAUK,111,71128000,-1.08,-1.05
2012,WISCONSIN,55.0,VERNON,123,71183000,-0.77,-0.71
2012,WISCONSIN,55.0,BUFFALO,11,72492000,-1.06,-1.07
2012,WISCONSIN,55.0,DUNN,33,128711000,0.31,0.31
2012,WISCONSIN,55.0,EAU CLAIRE,35,56187000,-1.14,-1.07
2012,WISCONSIN,55.0,JACKSON,53,90227000,-1.28,-1.27
2012,WISCONSIN,55.0,LA CROSSE,63,38709000,-0.32,-0.3
2012,WISCONSIN,55.0,MONROE,81,91641000,-0.72,-0.67
2012,WISCONSIN,55.0,PEPIN,91,27821000,-0.66,-0.65
2012,WISCONSIN,55.0,PIERCE,93,94416000,0.2,0.21
2012,WISCONSIN,55.0,ST CROIX,109,107424000,-1.33,-1.36
2012,WISCONSIN,55.0,TREMPEALEAU,121,87598000,-0.68,-0.68
2012,WYOMING,56.0,CAMPBELL,5,3540000,-1.28,-1.29
2012,WYOMING,56.0,CROOK,11,5761000,-1.06,-1.07
2012,WYOMING,56.0,JOHNSON,19,4624000,0.03,0.06
2012,WYOMING,56.0,SHERIDAN,33,9853000,0.31,0.31
2012,WYOMING,56.0,WESTON,45,2230000,-1.33,-1.4
2012,WYOMING,56.0,BIG HORN,3,53075000,-1.44,-1.45
2012,WYOMING,56.0,FREMONT,13,50986000,-0.94,-0.89
2012,WYOMING,56.0,HOT SPRINGS,17,2091000,-0.87,-0.82
2012,WYOMING,56.0,PARK,29,63583000,-0.87,-0.86
2012,WYOMING,56.0,WASHAKIE,43,26570000,0.43,0.4
2012,WYOMING,56.0,ALBANY,1,8023000,-0.79,-0.75
2012,WYOMING,56.0,CARBON,7,11219000,-0.64,-0.6
2012,WYOMING,56.0,NATRONA,25,7077000,-0.86,-0.83
2012,WYOMING,56.0,SWEETWATER,37,7438000,-0.57,-0.5
2012,WYOMING,56.0,CONVERSE,9,6163000,0.45,0.4
2012,WYOMING,56.0,GOSHEN,15,66075000,-0.46,-0.46
2012,WYOMING,56.0,LARAMIE,21,46494000,-0.57,-0.51
2012,WYOMING,56.0,NIOBRARA,27,8175000,-0.9,-0.91
2012,WYOMING,56.0,PLATTE,31,30338000,-1.28,-1.33
2012,WYOMING,56.0,LINCOLN,23,12525000,-0.6,-0.63
2012,WYOMING,56.0,SUBLETTE,35,7880000,-1.14,-1.07
2012,WYOMING,56.0,TETON,39,2185000,-1.27,-1.26
2012,WYOMING,56.0,UINTA,41,3051000,-1.21,-1.2
2007,ALABAMA,1.0,BULLOCK,11,27514000,-0.82,-0.84
2007,ALABAMA,1.0,DALLAS,47,11921000,-0.73,-0.7
2007,ALABAMA,1.0,ELMORE,51,9405000,-0.77,-0.7
2007,ALABAMA,1.0,GREENE,63,988000,-0.63,-0.61
2007,ALABAMA,1.0,MACON,87,9333000,-0.61,-0.6
2007,ALABAMA,1.0,MARENGO,91,2172000,-0.75,-0.73
2007,ALABAMA,1.0,MONTGOMERY,101,10351000,-0.67,-0.64
2007,ALABAMA,1.0,PERRY,105,1952000,-0.89,-0.83
2007,ALABAMA,1.0,SUMTER,119,1122000,-0.9,-0.85
2007,ALABAMA,1.0,BALDWIN,3,80636000,-0.98,-0.99
2007,ALABAMA,1.0,BUTLER,13,2201000,-0.84,-0.79
2007,ALABAMA,1.0,CHOCTAW,23,460000,-0.8,-0.83
2007,ALABAMA,1.0,CONECUH,35,1916000,-1.03,-0.96
2007,ALABAMA,1.0,ESCAMBIA,53,19667000,-0.8,-0.79
2007,ALABAMA,1.0,MOBILE,97,74943000,-0.93,-0.95
2007,ALABAMA,1.0,MONROE,99,9320000,-0.78,-0.71
2007,ALABAMA,1.0,WASHINGTON,129,2587000,-0.51,-0.55
2007,ALABAMA,1.0,WILCOX,131,1652000,-0.59,-0.55
2007,ALABAMA,1.0,BLOUNT,9,6653000,-0.56,-0.61
2007,ALABAMA,1.0,CALHOUN,15,10242000,-0.88,-0.88
2007,ALABAMA,1.0,CHEROKEE,19,16974000,-1.1,-1.07
2007,ALABAMA,1.0,CLEBURNE,29,1626000,-0.71,-0.71
2007,ALABAMA,1.0,CULLMAN,43,8618000,-0.46,-0.48
2007,ALABAMA,1.0,DE KALB,49,11985000,-0.92,-0.89
2007,ALABAMA,1.0,ETOWAH,55,3483000,-0.9,-0.91
2007,ALABAMA,1.0,JACKSON,71,14167000,-0.78,-0.74
2007,ALABAMA,1.0,MARSHALL,95,6768000,-0.74,-0.75
2007,ALABAMA,1.0,SAINT CLAIR,115,7559000,-0.52,-0.55
2007,ALABAMA,1.0,COLBERT,33,9612000,-0.82,-0.83
2007,ALABAMA,1.0,FRANKLIN,59,1628000,-0.71,-0.7
2007,ALABAMA,1.0,LAUDERDALE,77,15772000,-0.69,-0.7
2007,ALABAMA,1.0,LAWRENCE,79,17659000,-0.59,-0.62
2007,ALABAMA,1.0,LIMESTONE,83,33350000,-0.94,-0.91
2007,ALABAMA,1.0,MADISON,89,27402000,-0.98,-0.95
2007,ALABAMA,1.0,MARION,93,3386000,-0.46,-0.45
2007,ALABAMA,1.0,MORGAN,103,6137000,-0.87,-0.86
2007,ALABAMA,1.0,WINSTON,133,1156000,-0.28,-0.31
2007,ALABAMA,1.0,CHILTON,21,8591000,-0.4,-0.34
2007,ALABAMA,1.0,CLAY,27,619000,-0.79,-0.8
2007,ALABAMA,1.0,FAYETTE,57,2034000,-0.58,-0.57
2007,ALABAMA,1.0,JEFFERSON,73,2600000,-0.59,-0.59
2007,ALABAMA,1.0,PICKENS,107,2611000,-0.44,-0.4
2007,ALABAMA,1.0,RANDOLPH,111,897000,-0.7,-0.68
2007,ALABAMA,1.0,SHELBY,117,6572000,-0.31,-0.28
2007,ALABAMA,1.0,TALLADEGA,121,6713000,-0.53,-0.53
2007,ALABAMA,1.0,TALLAPOOSA,123,1395000,-0.91,-0.85
2007,ALABAMA,1.0,TUSCALOOSA,125,7215000,-0.51,-0.5
2007,ALABAMA,1.0,WALKER,127,2764000,-0.52,-0.53
2007,ALABAMA,1.0,BARBOUR,5,6019000,-0.97,-0.98
2007,ALABAMA,1.0,COFFEE,31,12923000,-1.18,-1.23
2007,ALABAMA,1.0,COVINGTON,39,10783000,-1.18,-1.18
2007,ALABAMA,1.0,CRENSHAW,41,1279000,-0.88,-0.87
2007,ALABAMA,1.0,DALE,45,7952000,-1.06,-1.12
2007,ALABAMA,1.0,GENEVA,61,18732000,-1.06,-1.12
2007,ALABAMA,1.0,HENRY,67,14125000,-0.96,-0.98
2007,ALABAMA,1.0,HOUSTON,69,30247000,-1.09,-1.15
2007,ALABAMA,1.0,PIKE,109,6321000,-0.98,-1.01
2007,ALABAMA,1.0,RUSSELL,113,7004000,-0.6,-0.58
2007,ARIZONA,4.0,APACHE,1,4819000,-0.48,-0.43
2007,ARIZONA,4.0,COCONINO,5,1598000,-0.97,-0.98
2007,ARIZONA,4.0,GILA,7,1724000,-0.63,-0.59
2007,ARIZONA,4.0,MOHAVE,15,12157000,-0.88,-0.88
2007,ARIZONA,4.0,NAVAJO,17,4515000,-0.75,-0.7
2007,ARIZONA,4.0,COCHISE,3,74358000,-0.98,-0.99
2007,ARIZONA,4.0,GREENLEE,11,1475000,-0.82,-0.84
2007,ARIZONA,4.0,LAPAZ,12,134049000,-0.84,-0.94
2007,ARIZONA,4.0,MARICOPA,13,396193000,-0.84,-0.79
2007,ARIZONA,4.0,PIMA,19,49388000,-1.1,-1.07
2007,ARIZONA,4.0,PINAL,21,234239000,-0.4,-0.34
2007,ARIZONA,4.0,SANTA CRUZ,23,456000,-0.8,-0.83
2007,ARKANSAS,5.0,CONWAY,29,10926000,-0.71,-0.71
2007,ARKANSAS,5.0,FAULKNER,45,5830000,-1.06,-1.12
2007,ARKANSAS,5.0,GARLAND,51,2379000,-0.77,-0.7
2007,ARKANSAS,5.0,GRANT,53,955000,-0.8,-0.79
2007,ARKANSAS,5.0,HOT SPRING,59,1496000,-0.71,-0.7
2007,ARKANSAS,5.0,PERRY,105,6276000,-0.89,-0.83
2007,ARKANSAS,5.0,PULASKI,119,18618000,-0.9,-0.85
2007,ARKANSAS,5.0,SALINE,125,2822000,-0.51,-0.5
2007,ARKANSAS,5.0,ARKANSAS,1,179522000,-0.48,-0.43
2007,ARKANSAS,5.0,CRITTENDEN,35,99333000,-1.03,-0.96
2007,ARKANSAS,5.0,CROSS,37,110773000,-0.82,-0.76
2007,ARKANSAS,5.0,LEE,77,126190000,-0.69,-0.7
2007,ARKANSAS,5.0,LONOKE,85,118946000,-0.57,-0.59
2007,ARKANSAS,5.0,MONROE,95,90551000,-0.74,-0.75
2007,ARKANSAS,5.0,PHILLIPS,107,184599000,-0.44,-0.4
2007,ARKANSAS,5.0,PRAIRIE,117,95794000,-0.31,-0.28
2007,ARKANSAS,5.0,SAINT FRANCIS,123,89406000,-0.91,-0.85
2007,ARKANSAS,5.0,WOODRUFF,147,89377000,-0.3,-0.31
2007,ARKANSAS,5.0,BAXTER,5,741000,-0.97,-0.98
2007,ARKANSAS,5.0,CLEBURNE,23,1618000,-0.8,-0.83
2007,ARKANSAS,5.0,FULTON,49,649000,-0.92,-0.89
2007,ARKANSAS,5.0,IZARD,65,1165000,-0.74,-0.71
2007,ARKANSAS,5.0,MARION,89,755000,-0.98,-0.95
2007,ARKANSAS,5.0,SEARCY,129,719000,-0.51,-0.55
2007,ARKANSAS,5.0,SHARP,135,805000,0.44,0.4
2007,ARKANSAS,5.0,STONE,137,1012000,0.54,0.54
2007,ARKANSAS,5.0,VAN BUREN,141,1276000,0.21,0.2
2007,ARKANSAS,5.0,CLAY,21,139431000,-0.4,-0.34
2007,ARKANSAS,5.0,CRAIGHEAD,31,153368000,-1.18,-1.23
2007,ARKANSAS,5.0,GREENE,55,105774000,-0.9,-0.91
2007,ARKANSAS,5.0,INDEPENDENCE,63,21754000,-0.63,-0.61
2007,ARKANSAS,5.0,JACKSON,67,102272000,-0.96,-0.98
2007,ARKANSAS,5.0,LAWRENCE,75,83668000,-0.56,-0.51
2007,ARKANSAS,5.0,MISSISSIPPI,93,194984000,-0.46,-0.45
2007,ARKANSAS,5.0,POINSETT,111,153325000,-0.7,-0.68
2007,ARKANSAS,5.0,RANDOLPH,121,43265000,-0.53,-0.53
2007,ARKANSAS,5.0,WHITE,145,34241000,-0.48,-0.43
2007,ARKANSAS,5.0,BENTON,7,6942000,-0.63,-0.59
2007,ARKANSAS,5.0,BOONE,9,2081000,-0.56,-0.61
2007,ARKANSAS,5.0,CARROLL,15,2273000,-0.88,-0.88
2007,ARKANSAS,5.0,MADISON,87,2787000,-0.61,-0.6
2007,ARKANSAS,5.0,NEWTON,101,927000,-0.67,-0.64
2007,ARKANSAS,5.0,WASHINGTON,143,7904000,-0.04,-0.04
2007,ARKANSAS,5.0,BRADLEY,11,3526000,-0.82,-0.84
2007,ARKANSAS,5.0,CLARK,19,2258000,-1.1,-1.07
2007,ARKANSAS,5.0,CLEVELAND,25,363000,-0.62,-0.59
2007,ARKANSAS,5.0,COLUMBIA,27,9772000,-0.79,-0.8
2007,ARKANSAS,5.0,NEVADA,99,1266000,-0.78,-0.71
2007,ARKANSAS,5.0,OUACHITA,103,1514000,-0.87,-0.86
2007,ARKANSAS,5.0,UNION,139,921000,-0.45,-0.44
2007,ARKANSAS,5.0,ASHLEY,3,55231000,-0.98,-0.99
2007,ARKANSAS,5.0,CHICOT,17,84944000,-0.75,-0.7
2007,ARKANSAS,5.0,DESHA,41,137184000,-0.88,-0.87
2007,ARKANSAS,5.0,DREW,43,35925000,-0.46,-0.48
2007,ARKANSAS,5.0,JEFFERSON,69,117532000,-1.09,-1.15
2007,ARKANSAS,5.0,LINCOLN,79,57061000,-0.59,-0.62
2007,ARKANSAS,5.0,HEMPSTEAD,57,5000000,-0.58,-0.57
2007,ARKANSAS,5.0,HOWARD,61,1809000,-1.06,-1.12
2007,ARKANSAS,5.0,LAFAYETTE,73,16175000,-0.59,-0.59
2007,ARKANSAS,5.0,LITTLE RIVER,81,8744000,-0.49,-0.44
2007,ARKANSAS,5.0,MILLER,91,20408000,-0.75,-0.73
2007,ARKANSAS,5.0,MONTGOMERY,97,1127000,-0.93,-0.95
2007,ARKANSAS,5.0,PIKE,109,750000,-0.98,-1.01
2007,ARKANSAS,5.0,SEVIER,133,883000,-0.28,-0.31
2007,ARKANSAS,5.0,CRAWFORD,33,10801000,-0.82,-0.83
2007,ARKANSAS,5.0,FRANKLIN,47,3238000,-0.73,-0.7
2007,ARKANSAS,5.0,JOHNSON,71,3648000,-0.78,-0.74
2007,ARKANSAS,5.0,LOGAN,83,5502000,-0.94,-0.91
2007,ARKANSAS,5.0,POLK,113,1687000,-0.6,-0.58
2007,ARKANSAS,5.0,POPE,115,6105000,-0.52,-0.55
2007,ARKANSAS,5.0,SCOTT,127,1430000,-0.52,-0.53
2007,ARKANSAS,5.0,SEBASTIAN,131,1834000,-0.59,-0.55
2007,ARKANSAS,5.0,YELL,149,5557000,0.46,0.45
2007,CALIFORNIA,6.0,ALAMEDA,1,34171000,-0.48,-0.43
2007,CALIFORNIA,6.0,CONTRA COSTA,13,59654000,-0.84,-0.79
2007,CALIFORNIA,6.0,LAKE,33,59713000,-0.82,-0.83
2007,CALIFORNIA,6.0,MARIN,41,6075000,-0.88,-0.87
2007,CALIFORNIA,6.0,MONTEREY,53,2139349000,-0.8,-0.79
2007,CALIFORNIA,6.0,NAPA,55,371961000,-0.9,-0.91
2007,CALIFORNIA,6.0,SAN BENITO,69,185666000,-1.09,-1.15
2007,CALIFORNIA,6.0,SAN FRANCISCO,75,644000,-0.56,-0.51
2007,CALIFORNIA,6.0,SAN LUIS OBISPO,79,522274000,-0.59,-0.62
2007,CALIFORNIA,6.0,SAN MATEO,81,132274000,-0.49,-0.44
2007,CALIFORNIA,6.0,SANTA CLARA,85,223235000,-0.57,-0.59
2007,CALIFORNIA,6.0,SANTA CRUZ,87,433545000,-0.61,-0.6
2007,CALIFORNIA,6.0,SONOMA,97,422538000,-0.93,-0.95
2007,CALIFORNIA,6.0,LASSEN,35,36523000,-1.03,-0.96
2007,CALIFORNIA,6.0,MODOC,49,43609000,-0.92,-0.89
2007,CALIFORNIA,6.0,DEL NORTE,15,13178000,-0.88,-0.88
2007,CALIFORNIA,6.0,MENDOCINO,45,106614000,-1.06,-1.12
2007,CALIFORNIA,6.0,BUTTE,7,330807000,-0.63,-0.59
2007,CALIFORNIA,6.0,COLUSA,11,378327000,-0.82,-0.84
2007,CALIFORNIA,6.0,GLENN,21,308121000,-0.4,-0.34
2007,CALIFORNIA,6.0,SACRAMENTO,67,206974000,-0.96,-0.98
2007,CALIFORNIA,6.0,SOLANO,95,203098000,-0.74,-0.75
2007,CALIFORNIA,6.0,SUTTER,101,311165000,-0.67,-0.64
2007,CALIFORNIA,6.0,TEHAMA,103,104379000,-0.87,-0.86
2007,CALIFORNIA,6.0,YOLO,113,357107000,-0.6,-0.58
2007,CALIFORNIA,6.0,YUBA,115,95288000,-0.52,-0.55
2007,CALIFORNIA,6.0,FRESNO,19,2499623000,-1.1,-1.07
2007,CALIFORNIA,6.0,KERN,29,2551435000,-0.71,-0.71
2007,CALIFORNIA,6.0,KINGS,31,651456000,-1.18,-1.23
2007,CALIFORNIA,6.0,MADERA,39,625520000,-1.18,-1.18
2007,CALIFORNIA,6.0,MERCED,47,879332000,-0.73,-0.7
2007,CALIFORNIA,6.0,SAN JOAQUIN,77,991671000,-0.69,-0.7
2007,CALIFORNIA,6.0,STANISLAUS,99,736045000,-0.78,-0.71
2007,CALIFORNIA,6.0,TULARE,107,1207333000,-0.44,-0.4
2007,CALIFORNIA,6.0,AMADOR,5,13095000,-0.97,-0.98
2007,CALIFORNIA,6.0,CALAVERAS,9,4385000,-0.56,-0.61
2007,CALIFORNIA,6.0,EL DORADO,17,16734000,-0.75,-0.7
2007,CALIFORNIA,6.0,INYO,27,5597000,-0.79,-0.8
2007,CALIFORNIA,6.0,MARIPOSA,43,485000,-0.46,-0.48
2007,CALIFORNIA,6.0,MONO,51,3976000,-0.77,-0.7
2007,CALIFORNIA,6.0,NEVADA,57,5215000,-0.58,-0.57
2007,CALIFORNIA,6.0,PLACER,61,30639000,-1.06,-1.12
2007,CALIFORNIA,6.0,SIERRA,91,586000,-0.75,-0.73
2007,CALIFORNIA,6.0,TUOLUMNE,109,1557000,-0.98,-1.01
2007,CALIFORNIA,6.0,SISKIYOU,93,107659000,-0.46,-0.45
2007,CALIFORNIA,6.0,TRINITY,105,1038000,-0.89,-0.83
2007,CALIFORNIA,6.0,IMPERIAL,25,703123000,-0.62,-0.59
2007,CALIFORNIA,6.0,LOS ANGELES,37,302174000,-0.82,-0.76
2007,CALIFORNIA,6.0,ORANGE,59,333563000,-0.71,-0.7
2007,CALIFORNIA,6.0,RIVERSIDE,65,721808000,-0.74,-0.71
2007,CALIFORNIA,6.0,SAN BERNARDINO,71,148180000,-0.78,-0.74
2007,CALIFORNIA,6.0,SAN DIEGO,73,961306000,-0.59,-0.59
2007,CALIFORNIA,6.0,SANTA BARBARA,83,913487000,-0.94,-0.91
2007,CALIFORNIA,6.0,VENTURA,111,1303195000,-0.7,-0.68
2007,COLORADO,8.0,ADAMS,1,135308000,-0.48,-0.43
2007,COLORADO,8.0,ARAPAHOE,5,24061000,-0.97,-0.98
2007,COLORADO,8.0,CHEYENNE,17,54247000,-0.75,-0.7
2007,COLORADO,8.0,DOUGLAS,35,7598000,-1.03,-0.96
2007,COLORADO,8.0,EL PASO,41,19895000,-0.88,-0.87
2007,COLORADO,8.0,ELBERT,39,13225000,-1.18,-1.18
2007,COLORADO,8.0,KIOWA,61,51904000,-1.06,-1.12
2007,COLORADO,8.0,KIT CARSON,63,114811000,-0.63,-0.61
2007,COLORADO,8.0,LINCOLN,73,42685000,-0.59,-0.59
2007,COLORADO,8.0,PHILLIPS,95,74174000,-0.74,-0.75
2007,COLORADO,8.0,WASHINGTON,121,71990000,-0.53,-0.53
2007,COLORADO,8.0,YUMA,125,191624000,-0.51,-0.5
2007,COLORADO,8.0,BOULDER,13,25993000,-0.84,-0.79
2007,COLORADO,8.0,BROOMFIELD,14,497000,-0.71,-0.77
2007,COLORADO,8.0,JEFFERSON,59,9041000,-0.71,-0.7
2007,COLORADO,8.0,LARIMER,69,49877000,-1.09,-1.15
2007,COLORADO,8.0,LOGAN,75,79401000,-0.56,-0.51
2007,COLORADO,8.0,MORGAN,87,63463000,-0.61,-0.6
2007,COLORADO,8.0,SEDGWICK,115,37338000,-0.52,-0.55
2007,COLORADO,8.0,WELD,123,272710000,-0.91,-0.85
2007,COLORADO,8.0,CHAFFEE,15,3068000,-0.88,-0.88
2007,COLORADO,8.0,EAGLE,37,1443000,-0.82,-0.76
2007,COLORADO,8.0,GILPIN,47,2000,-0.73,-0.7
2007,COLORADO,8.0,GRAND,49,1470000,-0.92,-0.89
2007,COLORADO,8.0,GUNNISON,51,1804000,-0.77,-0.7
2007,COLORADO,8.0,JACKSON,57,3885000,-0.58,-0.57
2007,COLORADO,8.0,MOFFAT,81,3740000,-0.49,-0.44
2007,COLORADO,8.0,PARK,93,191000,-0.46,-0.45
2007,COLORADO,8.0,PITKIN,97,447000,-0.93,-0.95
2007,COLORADO,8.0,RIO BLANCO,103,1669000,-0.87,-0.86
2007,COLORADO,8.0,ROUTT,107,4655000,-0.44,-0.4
2007,COLORADO,8.0,SUMMIT,117,461000,-0.31,-0.28
2007,COLORADO,8.0,TELLER,119,50000,-0.9,-0.85
2007,COLORADO,8.0,ALAMOSA,3,86046000,-0.98,-0.99
2007,COLORADO,8.0,CONEJOS,21,18804000,-0.4,-0.34
2007,COLORADO,8.0,COSTILLA,23,22840000,-0.8,-0.83
2007,COLORADO,8.0,RIO GRANDE,105,78057000,-0.89,-0.83
2007,COLORADO,8.0,SAGUACHE,109,78536000,-0.98,-1.01
2007,COLORADO,8.0,BACA,9,60759000,-0.56,-0.61
2007,COLORADO,8.0,BENT,11,19029000,-0.82,-0.84
2007,COLORADO,8.0,CROWLEY,25,1570000,-0.62,-0.59
2007,COLORADO,8.0,CUSTER,27,2250000,-0.79,-0.8
2007,COLORADO,8.0,FREMONT,43,4787000,-0.46,-0.48
2007,COLORADO,8.0,HUERFANO,55,3457000,-0.9,-0.91
2007,COLORADO,8.0,LAS ANIMAS,71,3398000,-0.78,-0.74
2007,COLORADO,8.0,OTERO,89,26729000,-0.98,-0.95
2007,COLORADO,8.0,PROWERS,99,82147000,-0.78,-0.71
2007,COLORADO,8.0,PUEBLO,101,15841000,-0.67,-0.64
2007,COLORADO,8.0,ARCHULETA,7,721000,-0.63,-0.59
2007,COLORADO,8.0,DELTA,29,20158000,-0.71,-0.71
2007,COLORADO,8.0,DOLORES,33,6198000,-0.82,-0.83
2007,COLORADO,8.0,GARFIELD,45,6838000,-1.06,-1.12
2007,COLORADO,8.0,LA PLATA,67,7850000,-0.96,-0.98
2007,COLORADO,8.0,MESA,77,30262000,-0.69,-0.7
2007,COLORADO,8.0,MONTEZUMA,83,17295000,-0.94,-0.91
2007,COLORADO,8.0,MONTROSE,85,23252000,-0.57,-0.59
2007,COLORADO,8.0,OURAY,91,613000,-0.75,-0.73
2007,COLORADO,8.0,SAN MIGUEL,113,654000,-0.6,-0.58
2007,CONNECTICUT,9.0,FAIRFIELD,1,28965000,-0.48,-0.43
2007,CONNECTICUT,9.0,HARTFORD,3,126454000,-0.98,-0.99
2007,CONNECTICUT,9.0,LITCHFIELD,5,27389000,-0.97,-0.98
2007,CONNECTICUT,9.0,MIDDLESEX,7,54052000,-0.63,-0.59
2007,CONNECTICUT,9.0,NEW HAVEN,9,81404000,-0.56,-0.61
2007,CONNECTICUT,9.0,NEW LONDON,11,51137000,-0.82,-0.84
2007,CONNECTICUT,9.0,TOLLAND,13,20054000,-0.84,-0.79
2007,CONNECTICUT,9.0,WINDHAM,15,11918000,-0.88,-0.88
2007,DELAWARE,10.0,SUSSEX,5,128069000,-0.97,-0.98
2007,FLORIDA,12.0,ALACHUA,1,65039000,-0.48,-0.43
2007,FLORIDA,12.0,BRADFORD,7,2349000,-0.63,-0.59
2007,FLORIDA,12.0,CITRUS,17,9529000,-0.75,-0.7
2007,FLORIDA,12.0,CLAY,19,5697000,-1.1,-1.07
2007,FLORIDA,12.0,FLAGLER,35,34302000,-1.03,-0.96
2007,FLORIDA,12.0,GILCHRIST,41,16165000,-0.88,-0.87
2007,FLORIDA,12.0,HERNANDO,53,17605000,-0.8,-0.79
2007,FLORIDA,12.0,HILLSBOROUGH,57,435901000,-0.58,-0.57
2007,FLORIDA,12.0,LEVY,75,45347000,-0.56,-0.51
2007,FLORIDA,12.0,MARION,83,27251000,-0.94,-0.91
2007,FLORIDA,12.0,ORANGE,95,264477000,-0.74,-0.75
2007,FLORIDA,12.0,OSCEOLA,97,61428000,-0.93,-0.95
2007,FLORIDA,12.0,PASCO,101,48618000,-0.67,-0.64
2007,FLORIDA,12.0,PINELLAS,103,1880000,-0.87,-0.86
2007,FLORIDA,12.0,POLK,105,363369000,-0.89,-0.83
2007,FLORIDA,12.0,PUTNAM,107,32466000,-0.44,-0.4
2007,FLORIDA,12.0,SEMINOLE,117,19093000,-0.31,-0.28
2007,FLORIDA,12.0,ST. JOHNS,109,52402000,-0.98,-1.01
2007,FLORIDA,12.0,VOLUSIA,127,119110000,-0.52,-0.53
2007,FLORIDA,12.0,DIXIE,29,2748000,-0.71,-0.71
2007,FLORIDA,12.0,DUVAL,31,10327000,-1.18,-1.23
2007,FLORIDA,12.0,HAMILTON,47,10942000,-0.73,-0.7
2007,FLORIDA,12.0,LAFAYETTE,67,5855000,-0.96,-0.98
2007,FLORIDA,12.0,MADISON,79,7637000,-0.59,-0.62
2007,FLORIDA,12.0,NASSAU,89,758000,-0.98,-0.95
2007,FLORIDA,12.0,SUWANNEE,121,49487000,-0.53,-0.53
2007,FLORIDA,12.0,BAY,5,4641000,-0.97,-0.98
2007,FLORIDA,12.0,CALHOUN,13,13695000,-0.84,-0.79
2007,FLORIDA,12.0,ESCAMBIA,33,27789000,-0.82,-0.83
2007,FLORIDA,12.0,GADSDEN,39,94325000,-1.18,-1.18
2007,FLORIDA,12.0,GULF,45,244000,-1.06,-1.12
2007,FLORIDA,12.0,HOLMES,59,4043000,-0.71,-0.7
2007,FLORIDA,12.0,JEFFERSON,65,11877000,-0.74,-0.71
2007,FLORIDA,12.0,LEON,73,3503000,-0.59,-0.59
2007,FLORIDA,12.0,LIBERTY,77,59000,-0.69,-0.7
2007,FLORIDA,12.0,SANTA ROSA,113,16781000,-0.6,-0.58
2007,FLORIDA,12.0,WAKULLA,129,966000,-0.51,-0.55
2007,FLORIDA,12.0,WALTON,131,4875000,-0.59,-0.55
2007,FLORIDA,12.0,WASHINGTON,133,2691000,-0.28,-0.31
2007,FLORIDA,12.0,BREVARD,9,39762000,-0.56,-0.61
2007,FLORIDA,12.0,BROWARD,11,48795000,-0.82,-0.84
2007,FLORIDA,12.0,CHARLOTTE,15,58702000,-0.88,-0.88
2007,FLORIDA,12.0,COLLIER,21,274717000,-0.4,-0.34
2007,FLORIDA,12.0,DE SOTO,27,185596000,-0.79,-0.8
2007,FLORIDA,12.0,GLADES,43,59187000,-0.46,-0.48
2007,FLORIDA,12.0,HARDEE,49,169668000,-0.92,-0.89
2007,FLORIDA,12.0,HENDRY,51,541810000,-0.77,-0.7
2007,FLORIDA,12.0,HIGHLANDS,55,263391000,-0.9,-0.91
2007,FLORIDA,12.0,LEE,71,112735000,-0.78,-0.74
2007,FLORIDA,12.0,MANATEE,81,291726000,-0.49,-0.44
2007,FLORIDA,12.0,MARTIN,85,134576000,-0.57,-0.59
2007,FLORIDA,12.0,MONROE,87,844000,-0.61,-0.6
2007,FLORIDA,12.0,OKEECHOBEE,93,43973000,-0.46,-0.45
2007,FLORIDA,12.0,PALM BEACH,99,923297000,-0.78,-0.71
2007,FLORIDA,12.0,ST. LUCIE,111,133988000,-0.7,-0.68
2007,GEORGIA,13.0,BALDWIN,9,723000,-0.56,-0.61
2007,GEORGIA,13.0,BIBB,21,843000,-0.4,-0.34
2007,GEORGIA,13.0,BLECKLEY,23,17720000,-0.8,-0.83
2007,GEORGIA,13.0,BUTTS,35,1165000,-1.03,-0.96
2007,GEORGIA,13.0,CRAWFORD,79,14187000,-0.59,-0.62
2007,GEORGIA,13.0,DODGE,91,18166000,-0.75,-0.73
2007,GEORGIA,13.0,HANCOCK,141,902000,0.21,0.2
2007,GEORGIA,13.0,HOUSTON,153,6983000,-0.97,-1.04
2007,GEORGIA,13.0,JASPER,159,638000,-1.32,-1.42
2007,GEORGIA,13.0,JOHNSON,167,3554000,-1.03,-1.15
2007,GEORGIA,13.0,JONES,169,1014000,-1.17,-1.24
2007,GEORGIA,13.0,LAURENS,175,9539000,-1.11,-1.21
2007,GEORGIA,13.0,MONROE,207,377000,-1.3,-1.33
2007,GEORGIA,13.0,MONTGOMERY,209,8145000,-1.1,-1.15
2007,GEORGIA,13.0,MORGAN,211,4799000,-1.05,-1.17
2007,GEORGIA,13.0,NEWTON,217,894000,-1.11,-1.2
2007,GEORGIA,13.0,PEACH,225,16755000,-0.92,-1.0
2007,GEORGIA,13.0,PULASKI,235,16447000,-0.95,-1.01
2007,GEORGIA,13.0,PUTNAM,237,872000,-1.11,-1.25
2007,GEORGIA,13.0,ROCKDALE,247,476000,-0.9,-0.95
2007,GEORGIA,13.0,TALIAFERRO,265,165000,-0.85,-0.96
2007,GEORGIA,13.0,TWIGGS,289,2626000,-1.03,-1.1
2007,GEORGIA,13.0,WASHINGTON,303,7459000,-0.99,-1.11
2007,GEORGIA,13.0,WHEELER,309,5304000,-1.14,-1.19
2007,GEORGIA,13.0,WILKINSON,319,728000,-1.09,-1.17
2007,GEORGIA,13.0,BULLOCH,31,38832000,-1.18,-1.23
2007,GEORGIA,13.0,BURKE,33,31207000,-0.82,-0.83
2007,GEORGIA,13.0,CANDLER,43,17365000,-0.46,-0.48
2007,GEORGIA,13.0,COLUMBIA,73,1030000,-0.59,-0.59
2007,GEORGIA,13.0,EFFINGHAM,103,3920000,-0.87,-0.86
2007,GEORGIA,13.0,EMANUEL,107,16198000,-0.44,-0.4
2007,GEORGIA,13.0,GLASCOCK,125,599000,-0.51,-0.5
2007,GEORGIA,13.0,JEFFERSON,163,20438000,-0.8,-0.91
2007,GEORGIA,13.0,JENKINS,165,11178000,-1.04,-1.12
2007,GEORGIA,13.0,RICHMOND,245,444000,-0.44,-0.49
2007,GEORGIA,13.0,SCREVEN,251,25028000,-1.23,-1.29
2007,GEORGIA,13.0,WARREN,301,609000,-0.73,-0.84
2007,GEORGIA,13.0,BARROW,13,831000,-0.84,-0.79
2007,GEORGIA,13.0,CHEROKEE,57,3536000,-0.58,-0.57
2007,GEORGIA,13.0,COBB,67,2614000,-0.96,-0.98
2007,GEORGIA,13.0,DAWSON,85,671000,-0.57,-0.59
2007,GEORGIA,13.0,DE KALB,89,453000,-0.98,-0.95
2007,GEORGIA,13.0,FANNIN,111,1646000,-0.7,-0.68
2007,GEORGIA,13.0,FORSYTH,117,6499000,-0.31,-0.28
2007,GEORGIA,13.0,FULTON,121,3448000,-0.53,-0.53
2007,GEORGIA,13.0,GILMER,123,2309000,-0.91,-0.85
2007,GEORGIA,13.0,GWINNETT,135,12864000,0.44,0.4
2007,GEORGIA,13.0,HALL,139,1168000,-0.45,-0.44
2007,GEORGIA,13.0,JACKSON,157,2882000,-0.91,-0.92
2007,GEORGIA,13.0,LUMPKIN,187,516000,-0.74,-0.71
2007,GEORGIA,13.0,OCONEE,219,17721000,-0.83,-0.89
2007,GEORGIA,13.0,PICKENS,227,770000,-0.77,-0.74
2007,GEORGIA,13.0,TOWNS,281,895000,-0.69,-0.69
2007,GEORGIA,13.0,WALTON,297,10719000,-0.92,-0.99
2007,GEORGIA,13.0,WHITE,311,754000,-0.82,-0.8
2007,GEORGIA,13.0,BANKS,11,448000,-0.82,-0.84
2007,GEORGIA,13.0,ELBERT,105,1734000,-0.89,-0.83
2007,GEORGIA,13.0,FRANKLIN,119,2919000,-0.9,-0.85
2007,GEORGIA,13.0,HABERSHAM,137,838000,0.54,0.54
2007,GEORGIA,13.0,HART,147,3426000,-0.3,-0.31
2007,GEORGIA,13.0,LINCOLN,181,182000,-0.68,-0.78
2007,GEORGIA,13.0,MADISON,195,1575000,-0.95,-0.98
2007,GEORGIA,13.0,OGLETHORPE,221,4426000,-0.98,-1.05
2007,GEORGIA,13.0,RABUN,241,3502000,-1.12,-1.12
2007,GEORGIA,13.0,STEPHENS,257,236000,-1.08,-1.07
2007,GEORGIA,13.0,WILKES,317,1675000,-0.86,-0.95
2007,GEORGIA,13.0,BARTOW,15,13048000,-0.88,-0.88
2007,GEORGIA,13.0,CHATTOOGA,55,1222000,-0.9,-0.91
2007,GEORGIA,13.0,DADE,83,400000,-0.94,-0.91
2007,GEORGIA,13.0,FLOYD,115,2916000,-0.52,-0.55
2007,GEORGIA,13.0,GORDON,129,3544000,-0.51,-0.55
2007,GEORGIA,13.0,MURRAY,213,1716000,-1.08,-1.06
2007,GEORGIA,13.0,PAULDING,223,2012000,-0.91,-0.89
2007,GEORGIA,13.0,POLK,233,1300000,-0.96,-0.92
2007,GEORGIA,13.0,WALKER,295,1344000,-0.83,-0.79
2007,GEORGIA,13.0,WHITFIELD,313,680000,-1.21,-1.16
2007,GEORGIA,13.0,ATKINSON,3,14388000,-0.98,-0.99
2007,GEORGIA,13.0,BEN HILL,17,15193000,-0.75,-0.7
2007,GEORGIA,13.0,BERRIEN,19,41311000,-1.1,-1.07
2007,GEORGIA,13.0,BROOKS,27,61236000,-0.79,-0.8
2007,GEORGIA,13.0,CLINCH,65,10195000,-0.74,-0.71
2007,GEORGIA,13.0,COFFEE,69,45783000,-1.09,-1.15
2007,GEORGIA,13.0,COLQUITT,71,142391000,-0.78,-0.74
2007,GEORGIA,13.0,COOK,75,50840000,-0.56,-0.51
2007,GEORGIA,13.0,CRISP,81,24819000,-0.49,-0.44
2007,GEORGIA,13.0,DOOLY,93,48874000,-0.46,-0.45
2007,GEORGIA,13.0,ECHOLS,101,17186000,-0.67,-0.64
2007,GEORGIA,13.0,IRWIN,155,38702000,-1.48,-1.52
2007,GEORGIA,13.0,JEFF DAVIS,161,16081000,-1.46,-1.51
2007,GEORGIA,13.0,LANIER,173,16170000,-1.46,-1.51
2007,GEORGIA,13.0,LOWNDES,185,19683000,-1.24,-1.29
2007,GEORGIA,13.0,TELFAIR,271,6084000,-1.38,-1.43
2007,GEORGIA,13.0,TIFT,277,64294000,-1.24,-1.28
2007,GEORGIA,13.0,TURNER,287,34242000,-1.31,-1.37
2007,GEORGIA,13.0,WILCOX,315,34196000,-0.95,-1.01
2007,GEORGIA,13.0,WORTH,321,53350000,-1.26,-1.33
2007,GEORGIA,13.0,APPLING,1,27820000,-0.48,-0.43
2007,GEORGIA,13.0,BACON,5,18359000,-0.97,-0.98
2007,GEORGIA,13.0,BRANTLEY,25,3144000,-0.62,-0.59
2007,GEORGIA,13.0,BRYAN,29,1542000,-0.71,-0.71
2007,GEORGIA,13.0,CAMDEN,39,271000,-1.18,-1.18
2007,GEORGIA,13.0,CHARLTON,49,399000,-0.92,-0.89
2007,GEORGIA,13.0,CHATHAM,51,5621000,-0.77,-0.7
2007,GEORGIA,13.0,EVANS,109,11007000,-0.98,-1.01
2007,GEORGIA,13.0,GLYNN,127,112000,-0.52,-0.53
2007,GEORGIA,13.0,LIBERTY,179,76000,-1.32,-1.34
2007,GEORGIA,13.0,LONG,183,776000,-1.47,-1.48
2007,GEORGIA,13.0,MCINTOSH,191,37000,-1.33,-1.31
2007,GEORGIA,13.0,PIERCE,229,18034000,-1.13,-1.14
2007,GEORGIA,13.0,TATTNALL,267,70635000,-1.32,-1.37
2007,GEORGIA,13.0,TOOMBS,279,37363000,-1.22,-1.27
2007,GEORGIA,13.0,WARE,299,9452000,-1.33,-1.32
2007,GEORGIA,13.0,WAYNE,305,15948000,-1.42,-1.4
2007,GEORGIA,13.0,BAKER,7,25878000,-0.63,-0.59
2007,GEORGIA,13.0,CALHOUN,37,37123000,-0.82,-0.76
2007,GEORGIA,13.0,CLAY,61,10818000,-1.06,-1.12
2007,GEORGIA,13.0,DECATUR,87,99113000,-0.61,-0.6
2007,GEORGIA,13.0,DOUGHERTY,95,30219000,-0.74,-0.75
2007,GEORGIA,13.0,EARLY,99,44133000,-0.78,-0.71
2007,GEORGIA,13.0,GRADY,131,52204000,-0.59,-0.55
2007,GEORGIA,13.0,LEE,177,20852000,-1.01,-1.08
2007,GEORGIA,13.0,MILLER,201,33275000,-1.28,-1.31
2007,GEORGIA,13.0,MITCHELL,205,85547000,-0.96,-1.02
2007,GEORGIA,13.0,RANDOLPH,243,17659000,-0.86,-0.88
2007,GEORGIA,13.0,SEMINOLE,253,42721000,-1.09,-1.13
2007,GEORGIA,13.0,STEWART,259,2543000,-0.56,-0.56
2007,GEORGIA,13.0,SUMTER,261,45128000,-0.64,-0.7
2007,GEORGIA,13.0,TERRELL,273,30167000,-0.85,-0.9
2007,GEORGIA,13.0,THOMAS,275,30586000,-1.23,-1.29
2007,GEORGIA,13.0,WEBSTER,307,5069000,-0.52,-0.54
2007,GEORGIA,13.0,CARROLL,45,3006000,-1.06,-1.12
2007,GEORGIA,13.0,CHATTAHOOCHEE,53,26000,-0.8,-0.79
2007,GEORGIA,13.0,CLAYTON,63,120000,-0.63,-0.61
2007,GEORGIA,13.0,COWETA,77,4411000,-0.69,-0.7
2007,GEORGIA,13.0,DOUGLAS,97,1226000,-0.93,-0.95
2007,GEORGIA,13.0,FAYETTE,113,2159000,-0.6,-0.58
2007,GEORGIA,13.0,HARALSON,143,591000,-0.04,-0.04
2007,GEORGIA,13.0,HARRIS,145,1781000,-0.48,-0.43
2007,GEORGIA,13.0,HEARD,149,869000,0.46,0.45
2007,GEORGIA,13.0,HENRY,151,3762000,-0.82,-0.85
2007,GEORGIA,13.0,LAMAR,171,4078000,-1.27,-1.3
2007,GEORGIA,13.0,MACON,193,19811000,-0.77,-0.83
2007,GEORGIA,13.0,MARION,197,3930000,-0.9,-0.92
2007,GEORGIA,13.0,MERIWETHER,199,4365000,-1.3,-1.29
2007,GEORGIA,13.0,MUSCOGEE,215,55000,-1.02,-0.97
2007,GEORGIA,13.0,PIKE,231,3319000,-1.2,-1.22
2007,GEORGIA,13.0,SCHLEY,249,1510000,-0.66,-0.73
2007,GEORGIA,13.0,SPALDING,255,348000,-0.93,-0.94
2007,GEORGIA,13.0,TALBOT,263,319000,-1.29,-1.28
2007,GEORGIA,13.0,TAYLOR,269,11743000,-1.05,-1.11
2007,GEORGIA,13.0,TROUP,285,728000,-0.88,-0.87
2007,GEORGIA,13.0,UPSON,293,1335000,-1.28,-1.32
2007,HAWAII,15.0,HAWAII,1,150251000,-0.48,-0.43
2007,HAWAII,15.0,KAUAI,7,40771000,-0.63,-0.59
2007,HAWAII,15.0,MAUI & KALAWAO,9,132058000,-0.56,-0.61
2007,HAWAII,15.0,HONOLULU,3,106836000,-0.98,-0.99
2007,IDAHO,16.0,BANNOCK,5,20554000,-0.97,-0.98
2007,IDAHO,16.0,BEAR LAKE,7,2775000,-0.63,-0.59
2007,IDAHO,16.0,BINGHAM,11,261076000,-0.82,-0.84
2007,IDAHO,16.0,BONNEVILLE,19,110833000,-1.1,-1.07
2007,IDAHO,16.0,BUTTE,23,16135000,-0.8,-0.83
2007,IDAHO,16.0,CARIBOU,29,34457000,-0.71,-0.71
2007,IDAHO,16.0,CLARK,33,22936000,-0.82,-0.83
2007,IDAHO,16.0,CUSTER,37,4520000,-0.82,-0.76
2007,IDAHO,16.0,FRANKLIN,41,15925000,-0.88,-0.87
2007,IDAHO,16.0,FREMONT,43,75739000,-0.46,-0.48
2007,IDAHO,16.0,JEFFERSON,51,124434000,-0.77,-0.7
2007,IDAHO,16.0,LEMHI,59,1401000,-0.71,-0.7
2007,IDAHO,16.0,MADISON,65,101761000,-0.74,-0.71
2007,IDAHO,16.0,ONEIDA,71,17730000,-0.78,-0.74
2007,IDAHO,16.0,POWER,77,132807000,-0.69,-0.7
2007,IDAHO,16.0,TETON,81,28699000,-0.49,-0.44
2007,IDAHO,16.0,BENEWAH,9,19618000,-0.56,-0.61
2007,IDAHO,16.0,BONNER,17,6672000,-0.75,-0.7
2007,IDAHO,16.0,BOUNDARY,21,27654000,-0.4,-0.34
2007,IDAHO,16.0,CLEARWATER,35,5670000,-1.03,-0.96
2007,IDAHO,16.0,IDAHO,49,36740000,-0.92,-0.89
2007,IDAHO,16.0,KOOTENAI,55,12310000,-0.9,-0.91
2007,IDAHO,16.0,LATAH,57,57460000,-0.58,-0.57
2007,IDAHO,16.0,LEWIS,61,40551000,-1.06,-1.12
2007,IDAHO,16.0,NEZ PERCE,69,54579000,-1.09,-1.15
2007,IDAHO,16.0,SHOSHONE,79,18000,-0.59,-0.62
2007,IDAHO,16.0,BLAINE,13,13856000,-0.84,-0.79
2007,IDAHO,16.0,CAMAS,25,8345000,-0.62,-0.59
2007,IDAHO,16.0,CASSIA,31,175387000,-1.18,-1.23
2007,IDAHO,16.0,GOODING,47,51369000,-0.73,-0.7
2007,IDAHO,16.0,JEROME,53,94362000,-0.8,-0.79
2007,IDAHO,16.0,LINCOLN,63,21214000,-0.63,-0.61
2007,IDAHO,16.0,MINIDOKA,67,180033000,-0.96,-0.98
2007,IDAHO,16.0,TWIN FALLS,83,140497000,-0.94,-0.91
2007,IDAHO,16.0,ADA,1,45029000,-0.48,-0.43
2007,IDAHO,16.0,ADAMS,3,984000,-0.98,-0.99
2007,IDAHO,16.0,BOISE,15,2623000,-0.88,-0.88
2007,IDAHO,16.0,CANYON,27,174070000,-0.79,-0.8
2007,IDAHO,16.0,ELMORE,39,72016000,-1.18,-1.18
2007,IDAHO,16.0,GEM,45,12308000,-1.06,-1.12
2007,IDAHO,16.0,OWYHEE,73,52262000,-0.59,-0.59
2007,IDAHO,16.0,PAYETTE,75,28523000,-0.56,-0.51
2007,IDAHO,16.0,VALLEY,85,528000,-0.57,-0.59
2007,IDAHO,16.0,WASHINGTON,87,18328000,-0.61,-0.6
2007,ILLINOIS,17.0,DE WITT,39,89027000,-1.18,-1.18
2007,ILLINOIS,17.0,LOGAN,107,160678000,-0.44,-0.4
2007,ILLINOIS,17.0,MACON,115,151776000,-0.52,-0.55
2007,ILLINOIS,17.0,MARSHALL,123,95033000,-0.91,-0.85
2007,ILLINOIS,17.0,MASON,125,117795000,-0.51,-0.5
2007,ILLINOIS,17.0,MCLEAN,113,328157000,-0.6,-0.58
2007,ILLINOIS,17.0,MENARD,129,74358000,-0.51,-0.55
2007,ILLINOIS,17.0,PEORIA,143,108405000,-0.04,-0.04
2007,ILLINOIS,17.0,STARK,175,82814000,-1.11,-1.21
2007,ILLINOIS,17.0,TAZEWELL,179,157616000,-1.32,-1.34
2007,ILLINOIS,17.0,WOODFORD,203,143158000,-0.06,-0.06
2007,ILLINOIS,17.0,CHAMPAIGN,19,298972000,-1.1,-1.07
2007,ILLINOIS,17.0,FORD,53,128918000,-0.8,-0.79
2007,ILLINOIS,17.0,IROQUOIS,75,332082000,-0.56,-0.51
2007,ILLINOIS,17.0,KANKAKEE,91,216831000,-0.75,-0.73
2007,ILLINOIS,17.0,LIVINGSTON,105,297610000,-0.89,-0.83
2007,ILLINOIS,17.0,PIATT,147,134774000,-0.3,-0.31
2007,ILLINOIS,17.0,VERMILION,183,213861000,-1.47,-1.48
2007,ILLINOIS,17.0,CLARK,23,86957000,-0.8,-0.83
2007,ILLINOIS,17.0,CLAY,25,50640000,-0.62,-0.59
2007,ILLINOIS,17.0,COLES,29,118662000,-0.71,-0.71
2007,ILLINOIS,17.0,CRAWFORD,33,67146000,-0.82,-0.83
2007,ILLINOIS,17.0,CUMBERLAND,35,50514000,-1.03,-0.96
2007,ILLINOIS,17.0,DOUGLAS,41,126701000,-0.88,-0.87
2007,ILLINOIS,17.0,EDGAR,45,167718000,-1.06,-1.12
2007,ILLINOIS,17.0,EFFINGHAM,49,70727000,-0.92,-0.89
2007,ILLINOIS,17.0,FAYETTE,51,90321000,-0.77,-0.7
2007,ILLINOIS,17.0,JASPER,79,73226000,-0.59,-0.62
2007,ILLINOIS,17.0,LAWRENCE,101,67827000,-0.67,-0.64
2007,ILLINOIS,17.0,MARION,121,65923000,-0.53,-0.53
2007,ILLINOIS,17.0,MOULTRIE,139,87258000,-0.45,-0.44
2007,ILLINOIS,17.0,RICHLAND,159,58117000,-1.32,-1.42
2007,ILLINOIS,17.0,SHELBY,173,164012000,-1.46,-1.51
2007,ILLINOIS,17.0,BOONE,7,70089000,-0.63,-0.59
2007,ILLINOIS,17.0,COOK,31,14513000,-1.18,-1.23
2007,ILLINOIS,17.0,DE KALB,37,189632000,-0.82,-0.76
2007,ILLINOIS,17.0,DU PAGE,43,14026000,-0.46,-0.48
2007,ILLINOIS,17.0,GRUNDY,63,102128000,-0.63,-0.61
2007,ILLINOIS,17.0,KANE,89,175589000,-0.98,-0.95
2007,ILLINOIS,17.0,KENDALL,93,95711000,-0.46,-0.45
2007,ILLINOIS,17.0,LA SALLE,99,308500000,-0.78,-0.71
2007,ILLINOIS,17.0,LAKE,97,23909000,-0.93,-0.95
2007,ILLINOIS,17.0,MCHENRY,111,125155000,-0.7,-0.68
2007,ILLINOIS,17.0,WILL,197,120668000,-0.9,-0.92
2007,ILLINOIS,17.0,BUREAU,11,261471000,-0.82,-0.84
2007,ILLINOIS,17.0,CARROLL,15,111691000,-0.88,-0.88
2007,ILLINOIS,17.0,HENRY,73,212038000,-0.59,-0.59
2007,ILLINOIS,17.0,JO DAVIESS,85,72830000,-0.57,-0.59
2007,ILLINOIS,17.0,LEE,103,195871000,-0.87,-0.86
2007,ILLINOIS,17.0,MERCER,131,122784000,-0.59,-0.55
2007,ILLINOIS,17.0,OGLE,141,173675000,0.21,0.2
2007,ILLINOIS,17.0,PUTNAM,155,61566000,-1.48,-1.52
2007,ILLINOIS,17.0,ROCK ISLAND,161,77654000,-1.46,-1.51
2007,ILLINOIS,17.0,STEPHENSON,177,132861000,-1.01,-1.08
2007,ILLINOIS,17.0,WHITESIDE,195,194530000,-0.95,-0.98
2007,ILLINOIS,17.0,WINNEBAGO,201,73621000,-1.28,-1.31
2007,ILLINOIS,17.0,EDWARDS,47,28630000,-0.73,-0.7
2007,ILLINOIS,17.0,FRANKLIN,55,45490000,-0.9,-0.91
2007,ILLINOIS,17.0,GALLATIN,59,69446000,-0.71,-0.7
2007,ILLINOIS,17.0,HAMILTON,65,52936000,-0.74,-0.71
2007,ILLINOIS,17.0,HARDIN,69,2144000,-1.09,-1.15
2007,ILLINOIS,17.0,JEFFERSON,81,40688000,-0.49,-0.44
2007,ILLINOIS,17.0,MASSAC,127,18686000,-0.52,-0.53
2007,ILLINOIS,17.0,POPE,151,4287000,-0.82,-0.85
2007,ILLINOIS,17.0,SALINE,165,27902000,-1.04,-1.12
2007,ILLINOIS,17.0,WABASH,185,38871000,-1.24,-1.29
2007,ILLINOIS,17.0,WAYNE,191,80969000,-1.33,-1.31
2007,ILLINOIS,17.0,WHITE,193,94570000,-0.77,-0.83
2007,ILLINOIS,17.0,ALEXANDER,3,12731000,-0.98,-0.99
2007,ILLINOIS,17.0,CLINTON,27,79788000,-0.79,-0.8
2007,ILLINOIS,17.0,JACKSON,77,53664000,-0.69,-0.7
2007,ILLINOIS,17.0,JOHNSON,87,7396000,-0.61,-0.6
2007,ILLINOIS,17.0,MONROE,133,47268000,-0.28,-0.31
2007,ILLINOIS,17.0,PERRY,145,37664000,-0.48,-0.43
2007,ILLINOIS,17.0,PULASKI,153,26891000,-0.97,-1.04
2007,ILLINOIS,17.0,RANDOLPH,157,61094000,-0.91,-0.92
2007,ILLINOIS,17.0,ST CLAIR,163,110288000,-0.8,-0.91
2007,ILLINOIS,17.0,UNION,181,20132000,-0.68,-0.78
2007,ILLINOIS,17.0,WASHINGTON,189,93604000,-0.61,-0.71
2007,ILLINOIS,17.0,WILLIAMSON,199,13029000,-1.3,-1.29
2007,ILLINOIS,17.0,ADAMS,1,104157000,-0.48,-0.43
2007,ILLINOIS,17.0,BROWN,9,30586000,-0.56,-0.61
2007,ILLINOIS,17.0,FULTON,57,123653000,-0.58,-0.57
2007,ILLINOIS,17.0,HANCOCK,67,133970000,-0.96,-0.98
2007,ILLINOIS,17.0,HENDERSON,71,70174000,-0.78,-0.74
2007,ILLINOIS,17.0,KNOX,95,146654000,-0.74,-0.75
2007,ILLINOIS,17.0,MCDONOUGH,109,133563000,-0.98,-1.01
2007,ILLINOIS,17.0,SCHUYLER,169,54764000,-1.17,-1.24
2007,ILLINOIS,17.0,WARREN,187,129615000,-0.74,-0.71
2007,ILLINOIS,17.0,BOND,5,61662000,-0.97,-0.98
2007,ILLINOIS,17.0,CALHOUN,13,15651000,-0.84,-0.79
2007,ILLINOIS,17.0,CASS,17,65519000,-0.75,-0.7
2007,ILLINOIS,17.0,CHRISTIAN,21,216474000,-0.4,-0.34
2007,ILLINOIS,17.0,GREENE,61,85650000,-1.06,-1.12
2007,ILLINOIS,17.0,JERSEY,83,63645000,-0.94,-0.91
2007,ILLINOIS,17.0,MACOUPIN,117,145031000,-0.31,-0.28
2007,ILLINOIS,17.0,MADISON,119,118024000,-0.9,-0.85
2007,ILLINOIS,17.0,MONTGOMERY,135,125096000,0.44,0.4
2007,ILLINOIS,17.0,MORGAN,137,131020000,0.54,0.54
2007,ILLINOIS,17.0,PIKE,149,119109000,0.46,0.45
2007,ILLINOIS,17.0,SANGAMON,167,278200000,-1.03,-1.15
2007,ILLINOIS,17.0,SCOTT,171,47904000,-1.27,-1.3
2007,INDIANA,18.0,BARTHOLOMEW,5,60794000,-0.97,-0.98
2007,INDIANA,18.0,BOONE,11,99239000,-0.82,-0.84
2007,INDIANA,18.0,CLINTON,23,118230000,-0.8,-0.83
2007,INDIANA,18.0,DECATUR,31,70026000,-1.18,-1.23
2007,INDIANA,18.0,GRANT,53,69982000,-0.8,-0.79
2007,INDIANA,18.0,HAMILTON,57,111050000,-0.58,-0.57
2007,INDIANA,18.0,HANCOCK,59,69851000,-0.71,-0.7
2007,INDIANA,18.0,HENDRICKS,63,67024000,-0.63,-0.61
2007,INDIANA,18.0,HOWARD,67,66933000,-0.96,-0.98
2007,INDIANA,18.0,JOHNSON,81,59503000,-0.49,-0.44
2007,INDIANA,18.0,MADISON,95,101018000,-0.74,-0.75
2007,INDIANA,18.0,MORGAN,109,47497000,-0.98,-1.01
2007,INDIANA,18.0,RUSH,139,78492000,-0.45,-0.44
2007,INDIANA,18.0,SHELBY,145,72452000,-0.48,-0.43
2007,INDIANA,18.0,TIPTON,159,77172000,-1.32,-1.42
2007,INDIANA,18.0,BLACKFORD,9,30663000,-0.56,-0.61
2007,INDIANA,18.0,DELAWARE,35,60539000,-1.03,-0.96
2007,INDIANA,18.0,FAYETTE,41,27420000,-0.88,-0.87
2007,INDIANA,18.0,HENRY,65,65366000,-0.74,-0.71
2007,INDIANA,18.0,JAY,75,64026000,-0.56,-0.51
2007,INDIANA,18.0,RANDOLPH,135,78805000,0.44,0.4
2007,INDIANA,18.0,UNION,161,23932000,-1.46,-1.51
2007,INDIANA,18.0,WAYNE,177,49387000,-1.01,-1.08
2007,INDIANA,18.0,CARROLL,15,84973000,-0.88,-0.88
2007,INDIANA,18.0,CASS,17,98766000,-0.75,-0.7
2007,INDIANA,18.0,ELKHART,39,53765000,-1.18,-1.18
2007,INDIANA,18.0,FULTON,49,68908000,-0.92,-0.89
2007,INDIANA,18.0,KOSCIUSKO,85,86170000,-0.57,-0.59
2007,INDIANA,18.0,MARSHALL,99,61743000,-0.78,-0.71
2007,INDIANA,18.0,MIAMI,103,61043000,-0.87,-0.86
2007,INDIANA,18.0,ST. JOSEPH,141,75059000,0.21,0.2
2007,INDIANA,18.0,WABASH,169,72461000,-1.17,-1.24
2007,INDIANA,18.0,ADAMS,1,61776000,-0.48,-0.43
2007,INDIANA,18.0,ALLEN,3,89661000,-0.98,-0.99
2007,INDIANA,18.0,DE KALB,33,43244000,-0.82,-0.83
2007,INDIANA,18.0,HUNTINGTON,69,74044000,-1.09,-1.15
2007,INDIANA,18.0,LAGRANGE,87,44684000,-0.61,-0.6
2007,INDIANA,18.0,NOBLE,113,44454000,-0.6,-0.58
2007,INDIANA,18.0,STEUBEN,151,24563000,-0.82,-0.85
2007,INDIANA,18.0,WELLS,179,72051000,-1.32,-1.34
2007,INDIANA,18.0,WHITLEY,183,53579000,-1.47,-1.48
2007,INDIANA,18.0,BENTON,7,130249000,-0.63,-0.59
2007,INDIANA,18.0,JASPER,73,147418000,-0.59,-0.59
2007,INDIANA,18.0,LA PORTE,91,102566000,-0.75,-0.73
2007,INDIANA,18.0,LAKE,89,56446000,-0.98,-0.95
2007,INDIANA,18.0,NEWTON,111,80613000,-0.7,-0.68
2007,INDIANA,18.0,PORTER,127,48039000,-0.52,-0.53
2007,INDIANA,18.0,PULASKI,131,93533000,-0.59,-0.55
2007,INDIANA,18.0,STARKE,149,57697000,0.46,0.45
2007,INDIANA,18.0,WHITE,181,146523000,-0.68,-0.78
2007,INDIANA,18.0,CRAWFORD,25,1632000,-0.62,-0.59
2007,INDIANA,18.0,HARRISON,61,23226000,-1.06,-1.12
2007,INDIANA,18.0,JACKSON,71,49509000,-0.78,-0.74
2007,INDIANA,18.0,LAWRENCE,93,12204000,-0.46,-0.45
2007,INDIANA,18.0,MONROE,105,9514000,-0.89,-0.83
2007,INDIANA,18.0,ORANGE,117,17149000,-0.31,-0.28
2007,INDIANA,18.0,PERRY,123,8252000,-0.91,-0.85
2007,INDIANA,18.0,WASHINGTON,175,43108000,-1.11,-1.21
2007,INDIANA,18.0,CLARK,19,17518000,-1.1,-1.07
2007,INDIANA,18.0,DEARBORN,29,7699000,-0.71,-0.71
2007,INDIANA,18.0,FRANKLIN,47,23459000,-0.73,-0.7
2007,INDIANA,18.0,JEFFERSON,77,17753000,-0.69,-0.7
2007,INDIANA,18.0,JENNINGS,79,35825000,-0.59,-0.62
2007,INDIANA,18.0,OHIO,115,2022000,-0.52,-0.55
2007,INDIANA,18.0,RIPLEY,137,39634000,0.54,0.54
2007,INDIANA,18.0,SCOTT,143,17781000,-0.04,-0.04
2007,INDIANA,18.0,SWITZERLAND,155,5538000,-1.48,-1.52
2007,INDIANA,18.0,DAVIESS,27,73380000,-0.79,-0.8
2007,INDIANA,18.0,DUBOIS,37,44458000,-0.82,-0.76
2007,INDIANA,18.0,GIBSON,51,92398000,-0.77,-0.7
2007,INDIANA,18.0,GREENE,55,38862000,-0.9,-0.91
2007,INDIANA,18.0,KNOX,83,164029000,-0.94,-0.91
2007,INDIANA,18.0,MARTIN,101,13976000,-0.67,-0.64
2007,INDIANA,18.0,PIKE,125,22792000,-0.51,-0.5
2007,INDIANA,18.0,POSEY,129,85597000,-0.51,-0.55
2007,INDIANA,18.0,SPENCER,147,38629000,-0.3,-0.31
2007,INDIANA,18.0,SULLIVAN,153,71139000,-0.97,-1.04
2007,INDIANA,18.0,VANDERBURGH,163,28955000,-0.8,-0.91
2007,INDIANA,18.0,WARRICK,173,29808000,-1.46,-1.51
2007,INDIANA,18.0,CLAY,21,56232000,-0.4,-0.34
2007,INDIANA,18.0,FOUNTAIN,45,71384000,-1.06,-1.12
2007,INDIANA,18.0,MONTGOMERY,107,132140000,-0.44,-0.4
2007,INDIANA,18.0,OWEN,119,14899000,-0.9,-0.85
2007,INDIANA,18.0,PARKE,121,56314000,-0.53,-0.53
2007,INDIANA,18.0,PUTNAM,133,51372000,-0.28,-0.31
2007,INDIANA,18.0,TIPPECANOE,157,96839000,-0.91,-0.92
2007,INDIANA,18.0,VERMILLION,165,53431000,-1.04,-1.12
2007,INDIANA,18.0,VIGO,167,44660000,-1.03,-1.15
2007,INDIANA,18.0,WARREN,171,85956000,-1.27,-1.3
2007,IOWA,19.0,BOONE,15,137389000,-0.88,-0.88
2007,IOWA,19.0,DALLAS,49,109717000,-0.92,-0.89
2007,IOWA,19.0,GRUNDY,75,160788000,-0.56,-0.51
2007,IOWA,19.0,HAMILTON,79,155294000,-0.59,-0.62
2007,IOWA,19.0,HARDIN,83,139587000,-0.94,-0.91
2007,IOWA,19.0,JASPER,99,181564000,-0.78,-0.71
2007,IOWA,19.0,MARSHALL,127,140160000,-0.52,-0.53
2007,IOWA,19.0,POLK,153,105403000,-0.97,-1.04
2007,IOWA,19.0,POWESHIEK,157,112254000,-0.91,-0.92
2007,IOWA,19.0,STORY,169,161740000,-1.17,-1.24
2007,IOWA,19.0,TAMA,171,164972000,-1.27,-1.3
2007,IOWA,19.0,WEBSTER,187,191433000,-0.74,-0.71
2007,IOWA,19.0,BENTON,11,155617000,-0.82,-0.84
2007,IOWA,19.0,CEDAR,31,133111000,-1.18,-1.23
2007,IOWA,19.0,CLINTON,45,151469000,-1.06,-1.12
2007,IOWA,19.0,IOWA,95,97596000,-0.74,-0.75
2007,IOWA,19.0,JACKSON,97,53880000,-0.93,-0.95
2007,IOWA,19.0,JOHNSON,103,105316000,-0.87,-0.86
2007,IOWA,19.0,JONES,105,104127000,-0.89,-0.83
2007,IOWA,19.0,LINN,113,117252000,-0.6,-0.58
2007,IOWA,19.0,MUSCATINE,139,80788000,-0.45,-0.44
2007,IOWA,19.0,SCOTT,163,104498000,-0.8,-0.91
2007,IOWA,19.0,BUTLER,23,146695000,-0.8,-0.83
2007,IOWA,19.0,CERRO GORDO,33,141606000,-0.82,-0.83
2007,IOWA,19.0,FLOYD,67,113784000,-0.96,-0.98
2007,IOWA,19.0,FRANKLIN,69,153816000,-1.09,-1.15
2007,IOWA,19.0,HANCOCK,81,152371000,-0.49,-0.44
2007,IOWA,19.0,HUMBOLDT,91,114039000,-0.75,-0.73
2007,IOWA,19.0,KOSSUTH,109,249832000,-0.98,-1.01
2007,IOWA,19.0,MITCHELL,131,115822000,-0.59,-0.55
2007,IOWA,19.0,WINNEBAGO,189,102962000,-0.61,-0.71
2007,IOWA,19.0,WORTH,195,90635000,-0.95,-0.98
2007,IOWA,19.0,WRIGHT,197,141357000,-0.9,-0.92
2007,IOWA,19.0,ALLAMAKEE,5,34450000,-0.97,-0.98
2007,IOWA,19.0,BLACK HAWK,13,121929000,-0.84,-0.79
2007,IOWA,19.0,BREMER,17,97896000,-0.75,-0.7
2007,IOWA,19.0,BUCHANAN,19,141899000,-1.1,-1.07
2007,IOWA,19.0,CHICKASAW,37,98585000,-0.82,-0.76
2007,IOWA,19.0,CLAYTON,43,86822000,-0.46,-0.48
2007,IOWA,19.0,DELAWARE,55,98820000,-0.9,-0.91
2007,IOWA,19.0,DUBUQUE,61,64082000,-1.06,-1.12
2007,IOWA,19.0,FAYETTE,65,134357000,-0.74,-0.71
2007,IOWA,19.0,HOWARD,89,91778000,-0.98,-0.95
2007,IOWA,19.0,WINNESHIEK,191,71391000,-1.33,-1.31
2007,IOWA,19.0,BUENA VISTA,21,141540000,-0.4,-0.34
2007,IOWA,19.0,CHEROKEE,35,113770000,-1.03,-0.96
2007,IOWA,19.0,CLAY,41,124270000,-0.88,-0.87
2007,IOWA,19.0,DICKINSON,59,87475000,-0.71,-0.7
2007,IOWA,19.0,EMMET,63,102455000,-0.63,-0.61
2007,IOWA,19.0,LYON,119,115737000,-0.9,-0.85
2007,IOWA,19.0,O BRIEN,141,134448000,0.21,0.2
2007,IOWA,19.0,OSCEOLA,143,98445000,-0.04,-0.04
2007,IOWA,19.0,PALO ALTO,147,150798000,-0.3,-0.31
2007,IOWA,19.0,PLYMOUTH,149,157604000,0.46,0.45
2007,IOWA,19.0,POCAHONTAS,151,145338000,-0.82,-0.85
2007,IOWA,19.0,SIOUX,167,180666000,-1.03,-1.15
2007,IOWA,19.0,APPANOOSE,7,23048000,-0.63,-0.59
2007,IOWA,19.0,CLARKE,39,17503000,-1.18,-1.18
2007,IOWA,19.0,DECATUR,53,23770000,-0.8,-0.79
2007,IOWA,19.0,LUCAS,117,14076000,-0.31,-0.28
2007,IOWA,19.0,MADISON,121,64909000,-0.53,-0.53
2007,IOWA,19.0,MARION,125,66172000,-0.51,-0.5
2007,IOWA,19.0,MONROE,135,24282000,0.44,0.4
2007,IOWA,19.0,RINGGOLD,159,30630000,-1.32,-1.42
2007,IOWA,19.0,UNION,175,37306000,-1.11,-1.21
2007,IOWA,19.0,WARREN,181,55468000,-0.68,-0.78
2007,IOWA,19.0,WAYNE,185,39116000,-1.24,-1.29
2007,IOWA,19.0,DAVIS,51,25649000,-0.77,-0.7
2007,IOWA,19.0,DES MOINES,57,63724000,-0.58,-0.57
2007,IOWA,19.0,HENRY,87,69530000,-0.61,-0.6
2007,IOWA,19.0,JEFFERSON,101,39174000,-0.67,-0.64
2007,IOWA,19.0,KEOKUK,107,85924000,-0.44,-0.4
2007,IOWA,19.0,LEE,111,63028000,-0.7,-0.68
2007,IOWA,19.0,LOUISA,115,61241000,-0.52,-0.55
2007,IOWA,19.0,MAHASKA,123,84280000,-0.91,-0.85
2007,IOWA,19.0,VAN BUREN,177,39842000,-1.01,-1.08
2007,IOWA,19.0,WAPELLO,179,38046000,-1.32,-1.34
2007,IOWA,19.0,WASHINGTON,183,95624000,-1.47,-1.48
2007,IOWA,19.0,ADAIR,1,81297000,-0.48,-0.43
2007,IOWA,19.0,ADAMS,3,44669000,-0.98,-0.99
2007,IOWA,19.0,CASS,29,92301000,-0.71,-0.71
2007,IOWA,19.0,FREMONT,71,86185000,-0.78,-0.74
2007,IOWA,19.0,MILLS,129,67503000,-0.51,-0.55
2007,IOWA,19.0,MONTGOMERY,137,70278000,0.54,0.54
2007,IOWA,19.0,PAGE,145,72138000,-0.48,-0.43
2007,IOWA,19.0,POTTAWATTAMIE,155,193301000,-1.48,-1.52
2007,IOWA,19.0,TAYLOR,173,52554000,-1.46,-1.51
2007,IOWA,19.0,AUDUBON,9,92861000,-0.56,-0.61
2007,IOWA,19.0,CALHOUN,25,155541000,-0.62,-0.59
2007,IOWA,19.0,CARROLL,27,134796000,-0.79,-0.8
2007,IOWA,19.0,CRAWFORD,47,157077000,-0.73,-0.7
2007,IOWA,19.0,GREENE,73,142727000,-0.59,-0.59
2007,IOWA,19.0,GUTHRIE,77,92918000,-0.69,-0.7
2007,IOWA,19.0,HARRISON,85,119006000,-0.57,-0.59
2007,IOWA,19.0,IDA,93,100061000,-0.46,-0.45
2007,IOWA,19.0,MONONA,133,124143000,-0.28,-0.31
2007,IOWA,19.0,SAC,161,140749000,-1.46,-1.51
2007,IOWA,19.0,SHELBY,165,139198000,-1.04,-1.12
2007,IOWA,19.0,WOODBURY,193,140510000,-0.77,-0.83
2007,KANSAS,20.0,BARTON,9,65249000,-0.56,-0.61
2007,KANSAS,20.0,DICKINSON,41,50121000,-0.88,-0.87
2007,KANSAS,20.0,ELLIS,51,27729000,-0.77,-0.7
2007,KANSAS,20.0,ELLSWORTH,53,19376000,-0.8,-0.79
2007,KANSAS,20.0,LINCOLN,105,32667000,-0.89,-0.83
2007,KANSAS,20.0,MARION,115,43687000,-0.52,-0.55
2007,KANSAS,20.0,MCPHERSON,113,57227000,-0.6,-0.58
2007,KANSAS,20.0,RICE,159,53225000,-1.32,-1.42
2007,KANSAS,20.0,RUSH,165,33863000,-1.04,-1.12
2007,KANSAS,20.0,RUSSELL,167,23659000,-1.03,-1.15
2007,KANSAS,20.0,SALINE,169,26903000,-1.17,-1.24
2007,KANSAS,20.0,ANDERSON,3,33029000,-0.98,-0.99
2007,KANSAS,20.0,CHASE,17,6222000,-0.75,-0.7
2007,KANSAS,20.0,COFFEY,31,25497000,-1.18,-1.23
2007,KANSAS,20.0,DOUGLAS,45,27973000,-1.06,-1.12
2007,KANSAS,20.0,FRANKLIN,59,32349000,-0.71,-0.7
2007,KANSAS,20.0,GEARY,61,11039000,-1.06,-1.12
2007,KANSAS,20.0,JOHNSON,91,29472000,-0.75,-0.73
2007,KANSAS,20.0,LINN,107,13053000,-0.44,-0.4
2007,KANSAS,20.0,LYON,111,24554000,-0.7,-0.68
2007,KANSAS,20.0,MIAMI,121,27726000,-0.53,-0.53
2007,KANSAS,20.0,MORRIS,127,21783000,-0.52,-0.53
2007,KANSAS,20.0,OSAGE,139,27618000,-0.45,-0.44
2007,KANSAS,20.0,SHAWNEE,177,32959000,-1.01,-1.08
2007,KANSAS,20.0,WABAUNSEE,197,17358000,-0.9,-0.92
2007,KANSAS,20.0,CLAY,27,47769000,-0.79,-0.8
2007,KANSAS,20.0,CLOUD,29,55096000,-0.71,-0.71
2007,KANSAS,20.0,JEWELL,89,61168000,-0.98,-0.95
2007,KANSAS,20.0,MITCHELL,123,61762000,-0.91,-0.85
2007,KANSAS,20.0,OSBORNE,141,37801000,0.21,0.2
2007,KANSAS,20.0,OTTAWA,143,35560000,-0.04,-0.04
2007,KANSAS,20.0,PHILLIPS,147,41104000,-0.3,-0.31
2007,KANSAS,20.0,REPUBLIC,157,79639000,-0.91,-0.92
2007,KANSAS,20.0,ROOKS,163,46688000,-0.8,-0.91
2007,KANSAS,20.0,SMITH,183,54022000,-1.47,-1.48
2007,KANSAS,20.0,WASHINGTON,201,65762000,-1.28,-1.31
2007,KANSAS,20.0,ATCHISON,5,42536000,-0.97,-0.98
2007,KANSAS,20.0,BROWN,13,86532000,-0.84,-0.79
2007,KANSAS,20.0,DONIPHAN,43,67800000,-0.46,-0.48
2007,KANSAS,20.0,JACKSON,85,21169000,-0.57,-0.59
2007,KANSAS,20.0,JEFFERSON,87,33429000,-0.61,-0.6
2007,KANSAS,20.0,LEAVENWORTH,103,20983000,-0.87,-0.86
2007,KANSAS,20.0,MARSHALL,117,81815000,-0.31,-0.28
2007,KANSAS,20.0,NEMAHA,131,67091000,-0.59,-0.55
2007,KANSAS,20.0,POTTAWATOMIE,149,30455000,0.46,0.45
2007,KANSAS,20.0,RILEY,161,23622000,-1.46,-1.51
2007,KANSAS,20.0,CHEYENNE,23,52458000,-0.8,-0.83
2007,KANSAS,20.0,DECATUR,39,49747000,-1.18,-1.18
2007,KANSAS,20.0,GRAHAM,65,42105000,-0.74,-0.71
2007,KANSAS,20.0,NORTON,137,42614000,0.54,0.54
2007,KANSAS,20.0,RAWLINS,153,59406000,-0.97,-1.04
2007,KANSAS,20.0,SHERIDAN,179,95542000,-1.32,-1.34
2007,KANSAS,20.0,SHERMAN,181,108370000,-0.68,-0.78
2007,KANSAS,20.0,THOMAS,193,129521000,-0.77,-0.83
2007,KANSAS,20.0,BARBER,7,15969000,-0.63,-0.59
2007,KANSAS,20.0,COMANCHE,33,13395000,-0.82,-0.83
2007,KANSAS,20.0,EDWARDS,47,73732000,-0.73,-0.7
2007,KANSAS,20.0,HARPER,77,17809000,-0.69,-0.7
2007,KANSAS,20.0,HARVEY,79,49189000,-0.59,-0.62
2007,KANSAS,20.0,KINGMAN,95,25749000,-0.74,-0.75
2007,KANSAS,20.0,KIOWA,97,34681000,-0.93,-0.95
2007,KANSAS,20.0,PAWNEE,145,67357000,-0.48,-0.43
2007,KANSAS,20.0,PRATT,151,62967000,-0.82,-0.85
2007,KANSAS,20.0,RENO,155,69497000,-1.48,-1.52
2007,KANSAS,20.0,SEDGWICK,173,56918000,-1.46,-1.51
2007,KANSAS,20.0,STAFFORD,185,74613000,-1.24,-1.29
2007,KANSAS,20.0,SUMNER,191,50711000,-1.33,-1.31
2007,KANSAS,20.0,ALLEN,1,15462000,-0.48,-0.43
2007,KANSAS,20.0,BOURBON,11,9918000,-0.82,-0.84
2007,KANSAS,20.0,BUTLER,15,41249000,-0.88,-0.88
2007,KANSAS,20.0,CHAUTAUQUA,19,4971000,-1.1,-1.07
2007,KANSAS,20.0,CHEROKEE,21,53420000,-0.4,-0.34
2007,KANSAS,20.0,COWLEY,35,23126000,-1.03,-0.96
2007,KANSAS,20.0,CRAWFORD,37,34463000,-0.82,-0.76
2007,KANSAS,20.0,GREENWOOD,73,8087000,-0.59,-0.59
2007,KANSAS,20.0,LABETTE,99,22765000,-0.78,-0.71
2007,KANSAS,20.0,MONTGOMERY,125,16616000,-0.51,-0.5
2007,KANSAS,20.0,NEOSHO,133,17811000,-0.28,-0.31
2007,KANSAS,20.0,WILSON,205,26882000,-0.96,-1.02
2007,KANSAS,20.0,WOODSON,207,14486000,-1.3,-1.33
2007,KANSAS,20.0,CLARK,25,15466000,-0.62,-0.59
2007,KANSAS,20.0,FINNEY,55,140746000,-0.9,-0.91
2007,KANSAS,20.0,FORD,57,87004000,-0.58,-0.57
2007,KANSAS,20.0,GRANT,67,63853000,-0.96,-0.98
2007,KANSAS,20.0,GRAY,69,109340000,-1.09,-1.15
2007,KANSAS,20.0,HAMILTON,75,51817000,-0.56,-0.51
2007,KANSAS,20.0,HASKELL,81,116154000,-0.49,-0.44
2007,KANSAS,20.0,HODGEMAN,83,41068000,-0.94,-0.91
2007,KANSAS,20.0,KEARNY,93,66321000,-0.46,-0.45
2007,KANSAS,20.0,MEADE,119,91206000,-0.9,-0.85
2007,KANSAS,20.0,MORTON,129,42645000,-0.51,-0.55
2007,KANSAS,20.0,SEWARD,175,81688000,-1.11,-1.21
2007,KANSAS,20.0,STANTON,187,76592000,-0.74,-0.71
2007,KANSAS,20.0,STEVENS,189,124066000,-0.61,-0.71
2007,KANSAS,20.0,GOVE,63,59084000,-0.63,-0.61
2007,KANSAS,20.0,GREELEY,71,64552000,-0.78,-0.74
2007,KANSAS,20.0,LANE,101,31082000,-0.67,-0.64
2007,KANSAS,20.0,LOGAN,109,47558000,-0.98,-1.01
2007,KANSAS,20.0,NESS,135,37636000,0.44,0.4
2007,KANSAS,20.0,SCOTT,171,71718000,-1.27,-1.3
2007,KANSAS,20.0,TREGO,195,30057000,-0.95,-0.98
2007,KANSAS,20.0,WALLACE,199,47203000,-1.3,-1.29
2007,KENTUCKY,21.0,ANDERSON,5,1745000,-0.97,-0.98
2007,KENTUCKY,21.0,BATH,11,7497000,-0.82,-0.84
2007,KENTUCKY,21.0,BOURBON,17,23639000,-0.75,-0.7
2007,KENTUCKY,21.0,BOYLE,21,2713000,-0.4,-0.34
2007,KENTUCKY,21.0,CLARK,49,7685000,-0.92,-0.89
2007,KENTUCKY,21.0,FAYETTE,67,15614000,-0.96,-0.98
2007,KENTUCKY,21.0,FLEMING,69,8988000,-1.09,-1.15
2007,KENTUCKY,21.0,FRANKLIN,73,4011000,-0.59,-0.59
2007,KENTUCKY,21.0,GARRARD,79,6404000,-0.59,-0.62
2007,KENTUCKY,21.0,HARRISON,97,11052000,-0.93,-0.95
2007,KENTUCKY,21.0,JESSAMINE,113,4569000,-0.6,-0.58
2007,KENTUCKY,21.0,LINCOLN,137,9022000,0.54,0.54
2007,KENTUCKY,21.0,MADISON,151,7659000,-0.82,-0.85
2007,KENTUCKY,21.0,MASON,161,11238000,-1.46,-1.51
2007,KENTUCKY,21.0,MERCER,167,5333000,-1.03,-1.15
2007,KENTUCKY,21.0,MONTGOMERY,173,6358000,-1.46,-1.51
2007,KENTUCKY,21.0,NICHOLAS,181,6702000,-0.68,-0.78
2007,KENTUCKY,21.0,ROBERTSON,201,2076000,-1.28,-1.31
2007,KENTUCKY,21.0,SCOTT,209,10233000,-1.1,-1.15
2007,KENTUCKY,21.0,SHELBY,211,29612000,-1.05,-1.17
2007,KENTUCKY,21.0,SPENCER,215,6732000,-1.02,-0.97
2007,KENTUCKY,21.0,WASHINGTON,229,9848000,-1.13,-1.14
2007,KENTUCKY,21.0,WOODFORD,239,10031000,-0.72,-0.74
2007,KENTUCKY,21.0,ADAIR,1,7830000,-0.48,-0.43
2007,KENTUCKY,21.0,ALLEN,3,7462000,-0.98,-0.99
2007,KENTUCKY,21.0,BARREN,9,20140000,-0.56,-0.61
2007,KENTUCKY,21.0,BRECKINRIDGE,27,20839000,-0.79,-0.8
2007,KENTUCKY,21.0,BULLITT,29,3760000,-0.71,-0.71
2007,KENTUCKY,21.0,BUTLER,31,10655000,-1.18,-1.23
2007,KENTUCKY,21.0,CASEY,45,7372000,-1.06,-1.12
2007,KENTUCKY,21.0,CLINTON,53,3051000,-0.8,-0.79
2007,KENTUCKY,21.0,CUMBERLAND,57,2036000,-0.58,-0.57
2007,KENTUCKY,21.0,EDMONSON,61,2790000,-1.06,-1.12
2007,KENTUCKY,21.0,GRAYSON,85,9753000,-0.57,-0.59
2007,KENTUCKY,21.0,GREEN,87,8248000,-0.61,-0.6
2007,KENTUCKY,21.0,HARDIN,93,26512000,-0.46,-0.45
2007,KENTUCKY,21.0,HART,99,9931000,-0.78,-0.71
2007,KENTUCKY,21.0,JEFFERSON,111,8205000,-0.7,-0.68
2007,KENTUCKY,21.0,LARUE,123,14044000,-0.91,-0.85
2007,KENTUCKY,21.0,MARION,155,10117000,-1.48,-1.52
2007,KENTUCKY,21.0,MEADE,163,12312000,-0.8,-0.91
2007,KENTUCKY,21.0,METCALFE,169,6361000,-1.17,-1.24
2007,KENTUCKY,21.0,MONROE,171,5474000,-1.27,-1.3
2007,KENTUCKY,21.0,NELSON,179,16435000,-1.32,-1.34
2007,KENTUCKY,21.0,RUSSELL,207,4410000,-1.3,-1.33
2007,KENTUCKY,21.0,TAYLOR,217,10552000,-1.11,-1.2
2007,KENTUCKY,21.0,WARREN,227,22053000,-0.77,-0.74
2007,KENTUCKY,21.0,BELL,13,115000,-0.84,-0.79
2007,KENTUCKY,21.0,BOYD,19,225000,-1.1,-1.07
2007,KENTUCKY,21.0,BREATHITT,25,403000,-0.62,-0.59
2007,KENTUCKY,21.0,CARTER,43,2349000,-0.46,-0.48
2007,KENTUCKY,21.0,CLAY,51,2409000,-0.77,-0.7
2007,KENTUCKY,21.0,ELLIOTT,63,781000,-0.63,-0.61
2007,KENTUCKY,21.0,ESTILL,65,1193000,-0.74,-0.71
2007,KENTUCKY,21.0,FLOYD,71,628000,-0.78,-0.74
2007,KENTUCKY,21.0,GREENUP,89,1703000,-0.98,-0.95
2007,KENTUCKY,21.0,HARLAN,95,41000,-0.74,-0.75
2007,KENTUCKY,21.0,JACKSON,109,1938000,-0.98,-1.01
2007,KENTUCKY,21.0,JOHNSON,115,543000,-0.52,-0.55
2007,KENTUCKY,21.0,KNOX,121,775000,-0.53,-0.53
2007,KENTUCKY,21.0,LAUREL,125,4504000,-0.51,-0.5
2007,KENTUCKY,21.0,LAWRENCE,127,836000,-0.52,-0.53
2007,KENTUCKY,21.0,LEE,129,613000,-0.51,-0.55
2007,KENTUCKY,21.0,LETCHER,133,78000,-0.28,-0.31
2007,KENTUCKY,21.0,LEWIS,135,4658000,0.44,0.4
2007,KENTUCKY,21.0,MAGOFFIN,153,722000,-0.97,-1.04
2007,KENTUCKY,21.0,MARTIN,159,18000,-1.32,-1.42
2007,KENTUCKY,21.0,MCCREARY,147,154000,-0.3,-0.31
2007,KENTUCKY,21.0,MENIFEE,165,931000,-1.04,-1.12
2007,KENTUCKY,21.0,MORGAN,175,3186000,-1.11,-1.21
2007,KENTUCKY,21.0,OWSLEY,189,838000,-0.61,-0.71
2007,KENTUCKY,21.0,PERRY,193,50000,-0.77,-0.83
2007,KENTUCKY,21.0,PIKE,195,82000,-0.95,-0.98
2007,KENTUCKY,21.0,POWELL,197,1627000,-0.9,-0.92
2007,KENTUCKY,21.0,PULASKI,199,10404000,-1.3,-1.29
2007,KENTUCKY,21.0,ROCKCASTLE,203,2508000,-0.06,-0.06
2007,KENTUCKY,21.0,ROWAN,205,1812000,-0.96,-1.02
2007,KENTUCKY,21.0,WAYNE,231,6077000,-1.2,-1.22
2007,KENTUCKY,21.0,WHITLEY,235,1363000,-0.95,-1.01
2007,KENTUCKY,21.0,WOLFE,237,714000,-1.11,-1.25
2007,KENTUCKY,21.0,CALDWELL,33,16061000,-0.82,-0.83
2007,KENTUCKY,21.0,CHRISTIAN,47,65798000,-0.73,-0.7
2007,KENTUCKY,21.0,CRITTENDEN,55,8813000,-0.9,-0.91
2007,KENTUCKY,21.0,DAVIESS,59,88201000,-0.71,-0.7
2007,KENTUCKY,21.0,HANCOCK,91,7669000,-0.75,-0.73
2007,KENTUCKY,21.0,HENDERSON,101,64537000,-0.67,-0.64
2007,KENTUCKY,21.0,HOPKINS,107,26249000,-0.44,-0.4
2007,KENTUCKY,21.0,LOGAN,141,45568000,0.21,0.2
2007,KENTUCKY,21.0,MCLEAN,149,42333000,0.46,0.45
2007,KENTUCKY,21.0,MUHLENBERG,177,15121000,-1.01,-1.08
2007,KENTUCKY,21.0,OHIO,183,19911000,-1.47,-1.48
2007,KENTUCKY,21.0,SIMPSON,213,19409000,-1.08,-1.06
2007,KENTUCKY,21.0,TODD,219,40301000,-0.83,-0.89
2007,KENTUCKY,21.0,UNION,225,73014000,-0.92,-1.0
2007,KENTUCKY,21.0,WEBSTER,233,30761000,-0.96,-0.92
2007,KENTUCKY,21.0,BOONE,15,8963000,-0.88,-0.88
2007,KENTUCKY,21.0,BRACKEN,23,5508000,-0.8,-0.83
2007,KENTUCKY,21.0,CAMPBELL,37,1984000,-0.82,-0.76
2007,KENTUCKY,21.0,CARROLL,41,2424000,-0.88,-0.87
2007,KENTUCKY,21.0,GALLATIN,77,3172000,-0.69,-0.7
2007,KENTUCKY,21.0,GRANT,81,4367000,-0.49,-0.44
2007,KENTUCKY,21.0,HENRY,103,17514000,-0.87,-0.86
2007,KENTUCKY,21.0,KENTON,117,1797000,-0.31,-0.28
2007,KENTUCKY,21.0,OLDHAM,185,7569000,-1.24,-1.29
2007,KENTUCKY,21.0,OWEN,187,7077000,-0.74,-0.71
2007,KENTUCKY,21.0,PENDLETON,191,7189000,-1.33,-1.31
2007,KENTUCKY,21.0,TRIMBLE,223,4406000,-0.91,-0.89
2007,KENTUCKY,21.0,BALLARD,7,25114000,-0.63,-0.59
2007,KENTUCKY,21.0,CALLOWAY,35,34068000,-1.03,-0.96
2007,KENTUCKY,21.0,CARLISLE,39,24465000,-1.18,-1.18
2007,KENTUCKY,21.0,FULTON,75,26134000,-0.56,-0.51
2007,KENTUCKY,21.0,GRAVES,83,56002000,-0.94,-0.91
2007,KENTUCKY,21.0,HICKMAN,105,37985000,-0.89,-0.83
2007,KENTUCKY,21.0,LIVINGSTON,139,5435000,-0.45,-0.44
2007,KENTUCKY,21.0,LYON,143,5252000,-0.04,-0.04
2007,KENTUCKY,21.0,MARSHALL,157,8427000,-0.91,-0.92
2007,KENTUCKY,21.0,MCCRACKEN,145,14910000,-0.48,-0.43
2007,KENTUCKY,21.0,TRIGG,221,17854000,-0.98,-1.05
2007,LOUISIANA,22.0,AVOYELLES,9,67716000,-0.56,-0.61
2007,LOUISIANA,22.0,CATAHOULA,25,54826000,-0.62,-0.59
2007,LOUISIANA,22.0,CONCORDIA,29,47468000,-0.71,-0.71
2007,LOUISIANA,22.0,EVANGELINE,39,28327000,-1.18,-1.18
2007,LOUISIANA,22.0,GRANT,43,4040000,-0.46,-0.48
2007,LOUISIANA,22.0,POINTE COUPEE,77,68957000,-0.69,-0.7
2007,LOUISIANA,22.0,RAPIDES,79,73704000,-0.59,-0.62
2007,LOUISIANA,22.0,SAINT LANDRY,97,73172000,-0.93,-0.95
2007,LOUISIANA,22.0,WEST BATON ROUGE,121,10780000,-0.53,-0.53
2007,LOUISIANA,22.0,EAST BATON ROUGE,33,3000000,-0.82,-0.83
2007,LOUISIANA,22.0,EAST FELICIANA,37,1527000,-0.82,-0.76
2007,LOUISIANA,22.0,LIVINGSTON,63,1167000,-0.63,-0.61
2007,LOUISIANA,22.0,SAINT HELENA,91,459000,-0.75,-0.73
2007,LOUISIANA,22.0,SAINT TAMMANY,103,7021000,-0.87,-0.86
2007,LOUISIANA,22.0,TANGIPAHOA,105,15319000,-0.89,-0.83
2007,LOUISIANA,22.0,WASHINGTON,117,11378000,-0.31,-0.28
2007,LOUISIANA,22.0,WEST FELICIANA,125,1850000,-0.51,-0.5
2007,LOUISIANA,22.0,BIENVILLE,13,564000,-0.84,-0.79
2007,LOUISIANA,22.0,CALDWELL,21,6954000,-0.4,-0.34
2007,LOUISIANA,22.0,CLAIBORNE,27,2261000,-0.79,-0.8
2007,LOUISIANA,22.0,JACKSON,49,389000,-0.92,-0.89
2007,LOUISIANA,22.0,LINCOLN,61,2927000,-1.06,-1.12
2007,LOUISIANA,22.0,OUACHITA,73,12905000,-0.59,-0.59
2007,LOUISIANA,22.0,UNION,111,1177000,-0.7,-0.68
2007,LOUISIANA,22.0,WINN,127,436000,-0.52,-0.53
2007,LOUISIANA,22.0,EAST CARROLL,35,94040000,-1.03,-0.96
2007,LOUISIANA,22.0,FRANKLIN,41,81977000,-0.88,-0.87
2007,LOUISIANA,22.0,MADISON,65,70558000,-0.74,-0.71
2007,LOUISIANA,22.0,MOREHOUSE,67,92151000,-0.96,-0.98
2007,LOUISIANA,22.0,RICHLAND,83,57599000,-0.94,-0.91
2007,LOUISIANA,22.0,TENSAS,107,85009000,-0.44,-0.4
2007,LOUISIANA,22.0,WEST CARROLL,123,31662000,-0.91,-0.85
2007,LOUISIANA,22.0,BOSSIER,15,4931000,-0.88,-0.88
2007,LOUISIANA,22.0,CADDO,17,25873000,-0.75,-0.7
2007,LOUISIANA,22.0,DE SOTO,31,3796000,-1.18,-1.23
2007,LOUISIANA,22.0,RED RIVER,81,9397000,-0.49,-0.44
2007,LOUISIANA,22.0,WEBSTER,119,1009000,-0.9,-0.85
2007,LOUISIANA,22.0,ASSUMPTION,7,38601000,-0.63,-0.59
2007,LOUISIANA,22.0,IBERIA,45,61594000,-1.06,-1.12
2007,LOUISIANA,22.0,IBERVILLE,47,46323000,-0.73,-0.7
2007,LOUISIANA,22.0,LAFAYETTE,55,27535000,-0.9,-0.91
2007,LOUISIANA,22.0,SAINT MARTIN,99,27596000,-0.78,-0.71
2007,LOUISIANA,22.0,SAINT MARY,101,42628000,-0.67,-0.64
2007,LOUISIANA,22.0,ASCENSION,5,17312000,-0.97,-0.98
2007,LOUISIANA,22.0,LAFOURCHE,57,22802000,-0.58,-0.57
2007,LOUISIANA,22.0,PLAQUEMINES,75,6425000,-0.56,-0.51
2007,LOUISIANA,22.0,SAINT BERNARD,87,126000,-0.61,-0.6
2007,LOUISIANA,22.0,SAINT JAMES,93,22659000,-0.46,-0.45
2007,LOUISIANA,22.0,ST. JOHN THE BAPTIST,95,6085000,-0.74,-0.75
2007,LOUISIANA,22.0,TERREBONNE,109,8559000,-0.98,-1.01
2007,LOUISIANA,22.0,ACADIA,1,60646000,-0.48,-0.43
2007,LOUISIANA,22.0,ALLEN,3,7311000,-0.98,-0.99
2007,LOUISIANA,22.0,BEAUREGARD,11,3653000,-0.82,-0.84
2007,LOUISIANA,22.0,CALCASIEU,19,8416000,-1.1,-1.07
2007,LOUISIANA,22.0,CAMERON,23,3955000,-0.8,-0.83
2007,LOUISIANA,22.0,JEFFERSON DAVIS,53,57425000,-0.8,-0.79
2007,LOUISIANA,22.0,VERMILION,113,49960000,-0.6,-0.58
2007,LOUISIANA,22.0,NATCHITOCHES,69,22556000,-1.09,-1.15
2007,LOUISIANA,22.0,SABINE,85,564000,-0.57,-0.59
2007,LOUISIANA,22.0,VERNON,115,576000,-0.52,-0.55
2007,MAINE,23.0,PENOBSCOT,19,12841000,-1.1,-1.07
2007,MAINE,23.0,PISCATAQUIS,21,2283000,-0.4,-0.34
2007,MAINE,23.0,WALDO,27,5002000,-0.79,-0.8
2007,MAINE,23.0,ANDROSCOGGIN,1,7637000,-0.48,-0.43
2007,MAINE,23.0,FRANKLIN,7,2120000,-0.63,-0.59
2007,MAINE,23.0,KENNEBEC,11,8456000,-0.82,-0.84
2007,MAINE,23.0,KNOX,13,6175000,-0.84,-0.79
2007,MAINE,23.0,LINCOLN,15,5854000,-0.88,-0.88
2007,MAINE,23.0,OXFORD,17,12385000,-0.75,-0.7
2007,MAINE,23.0,SAGADAHOC,23,1276000,-0.8,-0.83
2007,MARYLAND,24.0,DORCHESTER,19,43344000,-1.1,-1.07
2007,MARYLAND,24.0,SOMERSET,39,14929000,-1.18,-1.18
2007,MARYLAND,24.0,WICOMICO,45,40448000,-1.06,-1.12
2007,MARYLAND,24.0,WORCESTER,47,25484000,-0.73,-0.7
2007,MARYLAND,24.0,BALTIMORE,5,56291000,-0.97,-0.98
2007,MARYLAND,24.0,CARROLL,13,46717000,-0.84,-0.79
2007,MARYLAND,24.0,FREDERICK,21,35903000,-0.4,-0.34
2007,MARYLAND,24.0,HARFORD,25,26206000,-0.62,-0.59
2007,MARYLAND,24.0,HOWARD,27,17892000,-0.79,-0.8
2007,MARYLAND,24.0,MONTGOMERY,31,25344000,-1.18,-1.23
2007,MARYLAND,24.0,WASHINGTON,43,20434000,-0.46,-0.48
2007,MARYLAND,24.0,ANNE ARUNDEL,3,16187000,-0.98,-0.99
2007,MARYLAND,24.0,CALVERT,9,3345000,-0.56,-0.61
2007,MARYLAND,24.0,CHARLES,17,6602000,-0.75,-0.7
2007,MARYLAND,24.0,PRINCE GEORGES,33,17138000,-0.82,-0.83
2007,MARYLAND,24.0,ST MARYS,37,11696000,-0.82,-0.76
2007,MARYLAND,24.0,CAROLINE,11,48941000,-0.82,-0.84
2007,MARYLAND,24.0,CECIL,15,44129000,-0.88,-0.88
2007,MARYLAND,24.0,KENT,29,46364000,-0.71,-0.71
2007,MARYLAND,24.0,QUEEN ANNES,35,48216000,-1.03,-0.96
2007,MARYLAND,24.0,TALBOT,41,25388000,-0.88,-0.87
2007,MARYLAND,24.0,ALLEGANY,1,1842000,-0.48,-0.43
2007,MARYLAND,24.0,GARRETT,23,6465000,-0.8,-0.83
2007,MASSACHUSETTS,25.0,BARNSTABLE,1,10142000,-0.48,-0.43
2007,MASSACHUSETTS,25.0,BERKSHIRE,3,7726000,-0.98,-0.99
2007,MASSACHUSETTS,25.0,BRISTOL,5,36559000,-0.97,-0.98
2007,MASSACHUSETTS,25.0,DUKES,7,2261000,-0.63,-0.59
2007,MASSACHUSETTS,25.0,ESSEX,9,18990000,-0.56,-0.61
2007,MASSACHUSETTS,25.0,FRANKLIN,11,36230000,-0.82,-0.84
2007,MASSACHUSETTS,25.0,HAMPDEN,13,21424000,-0.84,-0.79
2007,MASSACHUSETTS,25.0,HAMPSHIRE,15,28510000,-0.88,-0.88
2007,MASSACHUSETTS,25.0,MIDDLESEX,17,68785000,-0.75,-0.7
2007,MASSACHUSETTS,25.0,NORFOLK,21,12985000,-0.4,-0.34
2007,MASSACHUSETTS,25.0,PLYMOUTH,23,73082000,-0.8,-0.83
2007,MASSACHUSETTS,25.0,WORCESTER,27,44701000,-0.79,-0.8
2007,MICHIGAN,26.0,CLARE,35,2724000,-1.03,-0.96
2007,MICHIGAN,26.0,GLADWIN,51,6570000,-0.77,-0.7
2007,MICHIGAN,26.0,GRATIOT,57,86088000,-0.58,-0.57
2007,MICHIGAN,26.0,ISABELLA,73,36058000,-0.59,-0.59
2007,MICHIGAN,26.0,MECOSTA,107,19277000,-0.44,-0.4
2007,MICHIGAN,26.0,MIDLAND,111,22359000,-0.7,-0.68
2007,MICHIGAN,26.0,MONTCALM,117,88810000,-0.31,-0.28
2007,MICHIGAN,26.0,OSCEOLA,133,4995000,-0.28,-0.31
2007,MICHIGAN,26.0,ARENAC,11,17679000,-0.82,-0.84
2007,MICHIGAN,26.0,BAY,17,68866000,-0.75,-0.7
2007,MICHIGAN,26.0,HURON,63,166586000,-0.63,-0.61
2007,MICHIGAN,26.0,SAGINAW,145,126516000,-0.48,-0.43
2007,MICHIGAN,26.0,SANILAC,151,118218000,-0.82,-0.85
2007,MICHIGAN,26.0,TUSCOLA,157,116636000,-0.91,-0.92
2007,MICHIGAN,26.0,ALCONA,1,2453000,-0.48,-0.43
2007,MICHIGAN,26.0,ALPENA,7,6430000,-0.63,-0.59
2007,MICHIGAN,26.0,CHEBOYGAN,31,4578000,-1.18,-1.23
2007,MICHIGAN,26.0,IOSCO,69,4651000,-1.09,-1.15
2007,MICHIGAN,26.0,MONTMORENCY,119,1367000,-0.9,-0.85
2007,MICHIGAN,26.0,OGEMAW,129,4112000,-0.51,-0.55
2007,MICHIGAN,26.0,OSCODA,135,409000,0.44,0.4
2007,MICHIGAN,26.0,OTSEGO,137,3208000,0.54,0.54
2007,MICHIGAN,26.0,PRESQUE ISLE,141,8127000,0.21,0.2
2007,MICHIGAN,26.0,ROSCOMMON,143,170000,-0.04,-0.04
2007,MICHIGAN,26.0,ANTRIM,9,17244000,-0.56,-0.61
2007,MICHIGAN,26.0,BENZIE,19,5425000,-1.1,-1.07
2007,MICHIGAN,26.0,CHARLEVOIX,29,4411000,-0.71,-0.71
2007,MICHIGAN,26.0,EMMET,47,2855000,-0.73,-0.7
2007,MICHIGAN,26.0,GRAND TRAVERSE,55,15440000,-0.9,-0.91
2007,MICHIGAN,26.0,KALKASKA,79,5253000,-0.59,-0.62
2007,MICHIGAN,26.0,LEELANAU,89,31675000,-0.98,-0.95
2007,MICHIGAN,26.0,MANISTEE,101,7491000,-0.67,-0.64
2007,MICHIGAN,26.0,MISSAUKEE,113,12014000,-0.6,-0.58
2007,MICHIGAN,26.0,WEXFORD,165,2937000,-1.04,-1.12
2007,MICHIGAN,26.0,BARRY,15,25404000,-0.88,-0.88
2007,MICHIGAN,26.0,BRANCH,23,69380000,-0.8,-0.83
2007,MICHIGAN,26.0,CALHOUN,25,54459000,-0.62,-0.59
2007,MICHIGAN,26.0,CLINTON,37,65346000,-0.82,-0.76
2007,MICHIGAN,26.0,EATON,45,57432000,-1.06,-1.12
2007,MICHIGAN,26.0,HILLSDALE,59,65830000,-0.71,-0.7
2007,MICHIGAN,26.0,INGHAM,65,51839000,-0.74,-0.71
2007,MICHIGAN,26.0,IONIA,67,54233000,-0.96,-0.98
2007,MICHIGAN,26.0,JACKSON,75,31711000,-0.56,-0.51
2007,MICHIGAN,26.0,SHIAWASSEE,155,57900000,-1.48,-1.52
2007,MICHIGAN,26.0,ST JOSEPH,149,104757000,0.46,0.45
2007,MICHIGAN,26.0,GENESEE,49,47783000,-0.92,-0.89
2007,MICHIGAN,26.0,LAPEER,87,45148000,-0.61,-0.6
2007,MICHIGAN,26.0,LENAWEE,91,108409000,-0.75,-0.73
2007,MICHIGAN,26.0,LIVINGSTON,93,26697000,-0.46,-0.45
2007,MICHIGAN,26.0,MACOMB,99,46749000,-0.78,-0.71
2007,MICHIGAN,26.0,MONROE,115,122058000,-0.52,-0.55
2007,MICHIGAN,26.0,OAKLAND,125,15186000,-0.51,-0.5
2007,MICHIGAN,26.0,ST CLAIR,147,42990000,-0.3,-0.31
2007,MICHIGAN,26.0,WASHTENAW,161,54841000,-1.46,-1.51
2007,MICHIGAN,26.0,WAYNE,163,27930000,-0.8,-0.91
2007,MICHIGAN,26.0,ALLEGAN,5,150085000,-0.97,-0.98
2007,MICHIGAN,26.0,BERRIEN,21,123319000,-0.4,-0.34
2007,MICHIGAN,26.0,CASS,27,55685000,-0.79,-0.8
2007,MICHIGAN,26.0,KALAMAZOO,77,129118000,-0.69,-0.7
2007,MICHIGAN,26.0,KENT,81,137512000,-0.49,-0.44
2007,MICHIGAN,26.0,OTTAWA,139,231749000,-0.45,-0.44
2007,MICHIGAN,26.0,VAN BUREN,159,142654000,-1.32,-1.42
2007,MICHIGAN,26.0,ALGER,3,337000,-0.98,-0.99
2007,MICHIGAN,26.0,BARAGA,13,760000,-0.84,-0.79
2007,MICHIGAN,26.0,CHIPPEWA,33,3435000,-0.82,-0.83
2007,MICHIGAN,26.0,DELTA,41,4407000,-0.88,-0.87
2007,MICHIGAN,26.0,DICKINSON,43,1978000,-0.46,-0.48
2007,MICHIGAN,26.0,GOGEBIC,53,125000,-0.8,-0.79
2007,MICHIGAN,26.0,HOUGHTON,61,1014000,-1.06,-1.12
2007,MICHIGAN,26.0,IRON,71,1437000,-0.78,-0.74
2007,MICHIGAN,26.0,LUCE,95,2217000,-0.74,-0.75
2007,MICHIGAN,26.0,MACKINAC,97,409000,-0.93,-0.95
2007,MICHIGAN,26.0,MARQUETTE,103,1384000,-0.87,-0.86
2007,MICHIGAN,26.0,MENOMINEE,109,3347000,-0.98,-1.01
2007,MICHIGAN,26.0,ONTONAGON,131,752000,-0.59,-0.55
2007,MICHIGAN,26.0,SCHOOLCRAFT,153,1520000,-0.97,-1.04
2007,MICHIGAN,26.0,LAKE,85,690000,-0.57,-0.59
2007,MICHIGAN,26.0,MASON,105,20372000,-0.89,-0.83
2007,MICHIGAN,26.0,MUSKEGON,121,40327000,-0.53,-0.53
2007,MICHIGAN,26.0,NEWAYGO,123,31741000,-0.91,-0.85
2007,MICHIGAN,26.0,OCEANA,127,45791000,-0.52,-0.53
2007,MINNESOTA,27.0,BENTON,9,21716000,-0.56,-0.61
2007,MINNESOTA,27.0,CARVER,19,48287000,-1.1,-1.07
2007,MINNESOTA,27.0,KANDIYOHI,67,114677000,-0.96,-0.98
2007,MINNESOTA,27.0,MCLEOD,85,78678000,-0.57,-0.59
2007,MINNESOTA,27.0,MEEKER,93,82416000,-0.46,-0.45
2007,MINNESOTA,27.0,MORRISON,97,27773000,-0.93,-0.95
2007,MINNESOTA,27.0,RENVILLE,129,266288000,-0.51,-0.55
2007,MINNESOTA,27.0,SCOTT,139,28498000,-0.45,-0.44
2007,MINNESOTA,27.0,SHERBURNE,141,50142000,0.21,0.2
2007,MINNESOTA,27.0,SIBLEY,143,124116000,-0.04,-0.04
2007,MINNESOTA,27.0,STEARNS,145,73711000,-0.48,-0.43
2007,MINNESOTA,27.0,TODD,153,31070000,-0.97,-1.04
2007,MINNESOTA,27.0,WADENA,159,14277000,-1.32,-1.42
2007,MINNESOTA,27.0,WRIGHT,171,62599000,-1.27,-1.3
2007,MINNESOTA,27.0,AITKIN,1,7180000,-0.48,-0.43
2007,MINNESOTA,27.0,ANOKA,3,21781000,-0.98,-0.99
2007,MINNESOTA,27.0,CARLTON,17,2252000,-0.75,-0.7
2007,MINNESOTA,27.0,CHISAGO,25,20324000,-0.62,-0.59
2007,MINNESOTA,27.0,CROW WING,35,5193000,-1.03,-0.96
2007,MINNESOTA,27.0,HENNEPIN,53,42911000,-0.8,-0.79
2007,MINNESOTA,27.0,ISANTI,59,16204000,-0.71,-0.7
2007,MINNESOTA,27.0,KANABEC,65,7347000,-0.74,-0.71
2007,MINNESOTA,27.0,MILLE LACS,95,8388000,-0.74,-0.75
2007,MINNESOTA,27.0,PINE,115,11447000,-0.52,-0.55
2007,MINNESOTA,27.0,WASHINGTON,163,61951000,-0.8,-0.91
2007,MINNESOTA,27.0,BELTRAMI,7,9642000,-0.63,-0.59
2007,MINNESOTA,27.0,CASS,21,3704000,-0.4,-0.34
2007,MINNESOTA,27.0,HUBBARD,57,27586000,-0.58,-0.57
2007,MINNESOTA,27.0,ITASCA,61,3677000,-1.06,-1.12
2007,MINNESOTA,27.0,KOOCHICHING,71,1322000,-0.78,-0.74
2007,MINNESOTA,27.0,LAKE OF THE WOODS,77,6386000,-0.69,-0.7
2007,MINNESOTA,27.0,ST. LOUIS,137,6307000,0.54,0.54
2007,MINNESOTA,27.0,BECKER,5,74734000,-0.97,-0.98
2007,MINNESOTA,27.0,CLAY,27,170059000,-0.79,-0.8
2007,MINNESOTA,27.0,CLEARWATER,29,8655000,-0.71,-0.71
2007,MINNESOTA,27.0,KITTSON,69,100947000,-1.09,-1.15
2007,MINNESOTA,27.0,MAHNOMEN,87,36514000,-0.61,-0.6
2007,MINNESOTA,27.0,MARSHALL,89,179979000,-0.98,-0.95
2007,MINNESOTA,27.0,NORMAN,107,151059000,-0.44,-0.4
2007,MINNESOTA,27.0,PENNINGTON,113,36898000,-0.6,-0.58
2007,MINNESOTA,27.0,POLK,119,317779000,-0.9,-0.85
2007,MINNESOTA,27.0,RED LAKE,125,35036000,-0.51,-0.5
2007,MINNESOTA,27.0,ROSEAU,135,63933000,0.44,0.4
2007,MINNESOTA,27.0,BLUE EARTH,13,155062000,-0.84,-0.79
2007,MINNESOTA,27.0,BROWN,15,124454000,-0.88,-0.88
2007,MINNESOTA,27.0,FARIBAULT,43,196761000,-0.46,-0.48
2007,MINNESOTA,27.0,FREEBORN,47,160732000,-0.73,-0.7
2007,MINNESOTA,27.0,LE SUEUR,79,72620000,-0.59,-0.62
2007,MINNESOTA,27.0,MARTIN,91,184640000,-0.75,-0.73
2007,MINNESOTA,27.0,NICOLLET,103,95936000,-0.87,-0.86
2007,MINNESOTA,27.0,RICE,131,66376000,-0.59,-0.55
2007,MINNESOTA,27.0,STEELE,147,111218000,-0.3,-0.31
2007,MINNESOTA,27.0,WASECA,161,100172000,-1.46,-1.51
2007,MINNESOTA,27.0,WATONWAN,165,106423000,-1.04,-1.12
2007,MINNESOTA,27.0,DAKOTA,37,117315000,-0.82,-0.76
2007,MINNESOTA,27.0,DODGE,39,91966000,-1.18,-1.18
2007,MINNESOTA,27.0,FILLMORE,45,106450000,-1.06,-1.12
2007,MINNESOTA,27.0,GOODHUE,49,124283000,-0.92,-0.89
2007,MINNESOTA,27.0,HOUSTON,55,27783000,-0.9,-0.91
2007,MINNESOTA,27.0,MOWER,99,166424000,-0.78,-0.71
2007,MINNESOTA,27.0,OLMSTED,109,83020000,-0.98,-1.01
2007,MINNESOTA,27.0,WABASHA,157,52253000,-0.91,-0.92
2007,MINNESOTA,27.0,WINONA,169,47207000,-1.17,-1.24
2007,MINNESOTA,27.0,COTTONWOOD,33,138574000,-0.82,-0.83
2007,MINNESOTA,27.0,JACKSON,63,152886000,-0.63,-0.61
2007,MINNESOTA,27.0,LINCOLN,81,71901000,-0.49,-0.44
2007,MINNESOTA,27.0,LYON,83,139781000,-0.94,-0.91
2007,MINNESOTA,27.0,MURRAY,101,134259000,-0.67,-0.64
2007,MINNESOTA,27.0,NOBLES,105,149481000,-0.89,-0.83
2007,MINNESOTA,27.0,PIPESTONE,117,63530000,-0.31,-0.28
2007,MINNESOTA,27.0,REDWOOD,127,202691000,-0.52,-0.53
2007,MINNESOTA,27.0,ROCK,133,98520000,-0.28,-0.31
2007,MINNESOTA,27.0,BIG STONE,11,65843000,-0.82,-0.84
2007,MINNESOTA,27.0,CHIPPEWA,23,149312000,-0.8,-0.83
2007,MINNESOTA,27.0,DOUGLAS,41,32063000,-0.88,-0.87
2007,MINNESOTA,27.0,GRANT,51,89529000,-0.77,-0.7
2007,MINNESOTA,27.0,LAC QUI PARLE,73,114634000,-0.59,-0.59
2007,MINNESOTA,27.0,OTTER TAIL,111,133474000,-0.7,-0.68
2007,MINNESOTA,27.0,POPE,121,73206000,-0.53,-0.53
2007,MINNESOTA,27.0,STEVENS,149,107896000,0.46,0.45
2007,MINNESOTA,27.0,SWIFT,151,113760000,-0.82,-0.85
2007,MINNESOTA,27.0,TRAVERSE,155,99329000,-1.48,-1.52
2007,MINNESOTA,27.0,WILKIN,167,128299000,-1.03,-1.15
2007,MINNESOTA,27.0,YELLOW MEDICINE,173,132971000,-1.46,-1.51
2007,MISSISSIPPI,28.0,ATTALA,7,4436000,-0.63,-0.59
2007,MISSISSIPPI,28.0,CARROLL,15,14148000,-0.88,-0.88
2007,MISSISSIPPI,28.0,CHOCTAW,19,3128000,-1.1,-1.07
2007,MISSISSIPPI,28.0,HOLMES,51,44616000,-0.77,-0.7
2007,MISSISSIPPI,28.0,LEAKE,79,1451000,-0.59,-0.62
2007,MISSISSIPPI,28.0,MADISON,89,14821000,-0.98,-0.95
2007,MISSISSIPPI,28.0,MONTGOMERY,97,5722000,-0.93,-0.95
2007,MISSISSIPPI,28.0,RANKIN,121,6265000,-0.53,-0.53
2007,MISSISSIPPI,28.0,SCOTT,123,2772000,-0.91,-0.85
2007,MISSISSIPPI,28.0,WEBSTER,155,7261000,-1.48,-1.52
2007,MISSISSIPPI,28.0,CHICKASAW,17,13412000,-0.75,-0.7
2007,MISSISSIPPI,28.0,CLAY,25,4608000,-0.62,-0.59
2007,MISSISSIPPI,28.0,KEMPER,69,1009000,-1.09,-1.15
2007,MISSISSIPPI,28.0,LOWNDES,87,9255000,-0.61,-0.6
2007,MISSISSIPPI,28.0,MONROE,95,13871000,-0.74,-0.75
2007,MISSISSIPPI,28.0,NESHOBA,99,1638000,-0.78,-0.71
2007,MISSISSIPPI,28.0,NOXUBEE,103,18251000,-0.87,-0.86
2007,MISSISSIPPI,28.0,OKTIBBEHA,105,1245000,-0.89,-0.83
2007,MISSISSIPPI,28.0,WINSTON,159,1217000,-1.32,-1.42
2007,MISSISSIPPI,28.0,HUMPHREYS,53,62195000,-0.8,-0.79
2007,MISSISSIPPI,28.0,ISSAQUENA,55,29643000,-0.9,-0.91
2007,MISSISSIPPI,28.0,LEFLORE,83,114492000,-0.94,-0.91
2007,MISSISSIPPI,28.0,SHARKEY,125,69764000,-0.51,-0.5
2007,MISSISSIPPI,28.0,SUNFLOWER,133,140793000,-0.28,-0.31
2007,MISSISSIPPI,28.0,WASHINGTON,151,140138000,-0.82,-0.85
2007,MISSISSIPPI,28.0,YAZOO,163,78607000,-0.8,-0.91
2007,MISSISSIPPI,28.0,BENTON,9,3303000,-0.56,-0.61
2007,MISSISSIPPI,28.0,CALHOUN,13,43915000,-0.84,-0.79
2007,MISSISSIPPI,28.0,DE SOTO,33,26357000,-0.82,-0.83
2007,MISSISSIPPI,28.0,GRENADA,43,6308000,-0.46,-0.48
2007,MISSISSIPPI,28.0,LAFAYETTE,71,4866000,-0.78,-0.74
2007,MISSISSIPPI,28.0,MARSHALL,93,8464000,-0.46,-0.45
2007,MISSISSIPPI,28.0,PANOLA,107,31297000,-0.44,-0.4
2007,MISSISSIPPI,28.0,TATE,137,18981000,0.54,0.54
2007,MISSISSIPPI,28.0,YALOBUSHA,161,6354000,-1.46,-1.51
2007,MISSISSIPPI,28.0,ALCORN,3,5667000,-0.98,-0.99
2007,MISSISSIPPI,28.0,ITAWAMBA,57,4604000,-0.58,-0.57
2007,MISSISSIPPI,28.0,LEE,81,16079000,-0.49,-0.44
2007,MISSISSIPPI,28.0,PONTOTOC,115,8080000,-0.52,-0.55
2007,MISSISSIPPI,28.0,PRENTISS,117,4755000,-0.31,-0.28
2007,MISSISSIPPI,28.0,TIPPAH,139,8765000,-0.45,-0.44
2007,MISSISSIPPI,28.0,TISHOMINGO,141,1746000,0.21,0.2
2007,MISSISSIPPI,28.0,UNION,145,6351000,-0.48,-0.43
2007,MISSISSIPPI,28.0,COVINGTON,31,5304000,-1.18,-1.23
2007,MISSISSIPPI,28.0,JEFFERSON DAVIS,65,4187000,-0.74,-0.71
2007,MISSISSIPPI,28.0,LAMAR,73,3726000,-0.59,-0.59
2007,MISSISSIPPI,28.0,LAWRENCE,77,3160000,-0.69,-0.7
2007,MISSISSIPPI,28.0,MARION,91,1518000,-0.75,-0.73
2007,MISSISSIPPI,28.0,PIKE,113,1623000,-0.6,-0.58
2007,MISSISSIPPI,28.0,SIMPSON,127,2252000,-0.52,-0.53
2007,MISSISSIPPI,28.0,SMITH,129,3174000,-0.51,-0.55
2007,MISSISSIPPI,28.0,WALTHALL,147,2200000,-0.3,-0.31
2007,MISSISSIPPI,28.0,CLARKE,23,4176000,-0.8,-0.83
2007,MISSISSIPPI,28.0,FORREST,35,5320000,-1.03,-0.96
2007,MISSISSIPPI,28.0,GEORGE,39,12322000,-1.18,-1.18
2007,MISSISSIPPI,28.0,HARRISON,47,1863000,-0.73,-0.7
2007,MISSISSIPPI,28.0,JACKSON,59,4133000,-0.71,-0.7
2007,MISSISSIPPI,28.0,JASPER,61,867000,-1.06,-1.12
2007,MISSISSIPPI,28.0,JONES,67,5007000,-0.96,-0.98
2007,MISSISSIPPI,28.0,LAUDERDALE,75,2328000,-0.56,-0.51
2007,MISSISSIPPI,28.0,NEWTON,101,2091000,-0.67,-0.64
2007,MISSISSIPPI,28.0,PEARL RIVER,109,9075000,-0.98,-1.01
2007,MISSISSIPPI,28.0,PERRY,111,2433000,-0.7,-0.68
2007,MISSISSIPPI,28.0,WAYNE,153,4402000,-0.97,-1.04
2007,MISSISSIPPI,28.0,ADAMS,1,3733000,-0.48,-0.43
2007,MISSISSIPPI,28.0,AMITE,5,2018000,-0.97,-0.98
2007,MISSISSIPPI,28.0,CLAIBORNE,21,5997000,-0.4,-0.34
2007,MISSISSIPPI,28.0,COPIAH,29,4088000,-0.71,-0.71
2007,MISSISSIPPI,28.0,FRANKLIN,37,958000,-0.82,-0.76
2007,MISSISSIPPI,28.0,HINDS,49,14764000,-0.92,-0.89
2007,MISSISSIPPI,28.0,JEFFERSON,63,8127000,-0.63,-0.61
2007,MISSISSIPPI,28.0,LINCOLN,85,2659000,-0.57,-0.59
2007,MISSISSIPPI,28.0,WARREN,149,13083000,0.46,0.45
2007,MISSISSIPPI,28.0,WILKINSON,157,1157000,-0.91,-0.92
2007,MISSISSIPPI,28.0,BOLIVAR,11,181561000,-0.82,-0.84
2007,MISSISSIPPI,28.0,COAHOMA,27,120145000,-0.79,-0.8
2007,MISSISSIPPI,28.0,QUITMAN,119,50015000,-0.9,-0.85
2007,MISSISSIPPI,28.0,TALLAHATCHIE,135,79883000,0.44,0.4
2007,MISSOURI,29.0,BENTON,15,10475000,-0.88,-0.88
2007,MISSOURI,29.0,BOONE,19,29169000,-1.1,-1.07
2007,MISSOURI,29.0,CALLAWAY,27,29405000,-0.79,-0.8
2007,MISSOURI,29.0,CAMDEN,29,1125000,-0.71,-0.71
2007,MISSOURI,29.0,COLE,51,8405000,-0.77,-0.7
2007,MISSOURI,29.0,COOPER,53,42447000,-0.8,-0.79
2007,MISSOURI,29.0,DALLAS,59,3048000,-0.71,-0.7
2007,MISSOURI,29.0,HICKORY,85,1948000,-0.57,-0.59
2007,MISSOURI,29.0,HOWARD,89,34407000,-0.98,-0.95
2007,MISSOURI,29.0,LACLEDE,105,3754000,-0.89,-0.83
2007,MISSOURI,29.0,MARIES,125,2394000,-0.51,-0.5
2007,MISSOURI,29.0,MILLER,131,3820000,-0.59,-0.55
2007,MISSOURI,29.0,MONITEAU,135,17069000,0.44,0.4
2007,MISSOURI,29.0,MORGAN,141,11237000,0.21,0.2
2007,MISSOURI,29.0,OSAGE,151,7816000,-0.82,-0.85
2007,MISSOURI,29.0,PETTIS,159,52648000,-1.32,-1.42
2007,MISSOURI,29.0,PHELPS,161,1510000,-1.46,-1.51
2007,MISSOURI,29.0,POLK,167,6054000,-1.03,-1.15
2007,MISSOURI,29.0,PULASKI,169,948000,-1.17,-1.24
2007,MISSOURI,29.0,SALINE,195,116807000,-0.95,-0.98
2007,MISSOURI,29.0,CRAWFORD,55,1777000,-0.9,-0.91
2007,MISSOURI,29.0,FRANKLIN,71,24032000,-0.78,-0.74
2007,MISSOURI,29.0,GASCONADE,73,8075000,-0.59,-0.59
2007,MISSOURI,29.0,JEFFERSON,99,5554000,-0.78,-0.71
2007,MISSOURI,29.0,LINCOLN,113,39235000,-0.6,-0.58
2007,MISSOURI,29.0,MONTGOMERY,139,39049000,-0.45,-0.44
2007,MISSOURI,29.0,PERRY,157,25608000,-0.91,-0.92
2007,MISSOURI,29.0,ST CHARLES,183,40965000,-1.47,-1.48
2007,MISSOURI,29.0,ST FRANCOIS,187,2673000,-0.74,-0.71
2007,MISSOURI,29.0,ST LOUIS,189,23414000,-0.61,-0.71
2007,MISSOURI,29.0,STE GENEVIEVE,186,12265000,0.63,0.55
2007,MISSOURI,29.0,WARREN,219,18134000,-0.83,-0.89
2007,MISSOURI,29.0,WASHINGTON,221,711000,-0.98,-1.05
2007,MISSOURI,29.0,ADAIR,1,18041000,-0.48,-0.43
2007,MISSOURI,29.0,CARROLL,33,70245000,-0.82,-0.83
2007,MISSOURI,29.0,CHARITON,41,67810000,-0.88,-0.87
2007,MISSOURI,29.0,GRUNDY,79,31071000,-0.59,-0.62
2007,MISSOURI,29.0,LINN,115,30588000,-0.52,-0.55
2007,MISSOURI,29.0,LIVINGSTON,117,47535000,-0.31,-0.28
2007,MISSOURI,29.0,MACON,121,31574000,-0.53,-0.53
2007,MISSOURI,29.0,MERCER,129,14186000,-0.51,-0.55
2007,MISSOURI,29.0,PUTNAM,171,13921000,-1.27,-1.3
2007,MISSOURI,29.0,RANDOLPH,175,18602000,-1.11,-1.21
2007,MISSOURI,29.0,SCHUYLER,197,6584000,-0.9,-0.92
2007,MISSOURI,29.0,SULLIVAN,211,13041000,-1.05,-1.17
2007,MISSOURI,29.0,AUDRAIN,7,89405000,-0.63,-0.59
2007,MISSOURI,29.0,CLARK,45,42459000,-1.06,-1.12
2007,MISSOURI,29.0,KNOX,103,39560000,-0.87,-0.86
2007,MISSOURI,29.0,LEWIS,111,44189000,-0.7,-0.68
2007,MISSOURI,29.0,MARION,127,49252000,-0.52,-0.53
2007,MISSOURI,29.0,MONROE,137,41900000,0.54,0.54
2007,MISSOURI,29.0,PIKE,163,49657000,-0.8,-0.91
2007,MISSOURI,29.0,RALLS,173,42557000,-1.46,-1.51
2007,MISSOURI,29.0,SCOTLAND,199,31106000,-1.3,-1.29
2007,MISSOURI,29.0,SHELBY,205,52083000,-0.96,-1.02
2007,MISSOURI,29.0,ANDREW,3,40516000,-0.98,-0.99
2007,MISSOURI,29.0,ATCHISON,5,100418000,-0.97,-0.98
2007,MISSOURI,29.0,BUCHANAN,21,43096000,-0.4,-0.34
2007,MISSOURI,29.0,CALDWELL,25,19267000,-0.62,-0.59
2007,MISSOURI,29.0,CLAY,47,14232000,-0.73,-0.7
2007,MISSOURI,29.0,CLINTON,49,32487000,-0.92,-0.89
2007,MISSOURI,29.0,DAVIESS,61,37669000,-1.06,-1.12
2007,MISSOURI,29.0,DE KALB,63,26390000,-0.63,-0.61
2007,MISSOURI,29.0,GENTRY,75,26198000,-0.56,-0.51
2007,MISSOURI,29.0,HARRISON,81,41103000,-0.49,-0.44
2007,MISSOURI,29.0,HOLT,87,74872000,-0.61,-0.6
2007,MISSOURI,29.0,NODAWAY,147,88341000,-0.3,-0.31
2007,MISSOURI,29.0,PLATTE,165,43973000,-1.04,-1.12
2007,MISSOURI,29.0,RAY,177,35783000,-1.01,-1.08
2007,MISSOURI,29.0,WORTH,227,11069000,-0.77,-0.74
2007,MISSOURI,29.0,BOLLINGER,17,11142000,-0.75,-0.7
2007,MISSOURI,29.0,CARTER,35,347000,-1.03,-0.96
2007,MISSOURI,29.0,DENT,65,1270000,-0.74,-0.71
2007,MISSOURI,29.0,DOUGLAS,67,1892000,-0.96,-0.98
2007,MISSOURI,29.0,HOWELL,91,1779000,-0.75,-0.73
2007,MISSOURI,29.0,IRON,93,409000,-0.46,-0.45
2007,MISSOURI,29.0,MADISON,123,708000,-0.91,-0.85
2007,MISSOURI,29.0,OREGON,149,1116000,0.46,0.45
2007,MISSOURI,29.0,OZARK,153,817000,-0.97,-1.04
2007,MISSOURI,29.0,REYNOLDS,179,325000,-1.32,-1.34
2007,MISSOURI,29.0,RIPLEY,181,6640000,-0.68,-0.78
2007,MISSOURI,29.0,SHANNON,203,636000,-0.06,-0.06
2007,MISSOURI,29.0,TANEY,213,790000,-1.08,-1.06
2007,MISSOURI,29.0,TEXAS,215,3898000,-1.02,-0.97
2007,MISSOURI,29.0,WAYNE,223,1389000,-0.91,-0.89
2007,MISSOURI,29.0,WEBSTER,225,5022000,-0.92,-1.0
2007,MISSOURI,29.0,WRIGHT,229,1977000,-1.13,-1.14
2007,MISSOURI,29.0,BUTLER,23,86624000,-0.8,-0.83
2007,MISSOURI,29.0,CAPE GIRARDEAU,31,45460000,-1.18,-1.23
2007,MISSOURI,29.0,DUNKLIN,69,122818000,-1.09,-1.15
2007,MISSOURI,29.0,MISSISSIPPI,133,104434000,-0.28,-0.31
2007,MISSOURI,29.0,NEW MADRID,143,141223000,-0.04,-0.04
2007,MISSOURI,29.0,PEMISCOT,155,100096000,-1.48,-1.52
2007,MISSOURI,29.0,SCOTT,201,83342000,-1.28,-1.31
2007,MISSOURI,29.0,STODDARD,207,166828000,-1.3,-1.33
2007,MISSOURI,29.0,BARRY,9,6255000,-0.56,-0.61
2007,MISSOURI,29.0,BARTON,11,48483000,-0.82,-0.84
2007,MISSOURI,29.0,CHRISTIAN,43,3458000,-0.46,-0.48
2007,MISSOURI,29.0,DADE,57,19641000,-0.58,-0.57
2007,MISSOURI,29.0,GREENE,77,5451000,-0.69,-0.7
2007,MISSOURI,29.0,JASPER,97,37695000,-0.93,-0.95
2007,MISSOURI,29.0,LAWRENCE,109,17378000,-0.98,-1.01
2007,MISSOURI,29.0,MCDONALD,119,2490000,-0.9,-0.85
2007,MISSOURI,29.0,NEWTON,145,10906000,-0.48,-0.43
2007,MISSOURI,29.0,STONE,209,1789000,-1.1,-1.15
2007,MISSOURI,29.0,BATES,13,49679000,-0.84,-0.79
2007,MISSOURI,29.0,CASS,37,58280000,-0.82,-0.76
2007,MISSOURI,29.0,CEDAR,39,3899000,-1.18,-1.18
2007,MISSOURI,29.0,HENRY,83,26019000,-0.94,-0.91
2007,MISSOURI,29.0,JACKSON,95,27724000,-0.74,-0.75
2007,MISSOURI,29.0,JOHNSON,101,38226000,-0.67,-0.64
2007,MISSOURI,29.0,LAFAYETTE,107,85068000,-0.44,-0.4
2007,MISSOURI,29.0,ST CLAIR,185,15474000,-1.24,-1.29
2007,MISSOURI,29.0,VERNON,217,39281000,-1.11,-1.2
2007,MONTANA,30.0,BROADWATER,7,14717000,-0.63,-0.59
2007,MONTANA,30.0,CASCADE,13,40978000,-0.84,-0.79
2007,MONTANA,30.0,FERGUS,27,42013000,-0.79,-0.8
2007,MONTANA,30.0,GOLDEN VALLEY,37,5112000,-0.82,-0.76
2007,MONTANA,30.0,JUDITH BASIN,45,19946000,-1.06,-1.12
2007,MONTANA,30.0,LEWIS AND CLARK,49,10407000,-0.92,-0.89
2007,MONTANA,30.0,MEAGHER,59,2943000,-0.71,-0.7
2007,MONTANA,30.0,MUSSELSHELL,65,4991000,-0.74,-0.71
2007,MONTANA,30.0,PETROLEUM,69,3307000,-1.09,-1.15
2007,MONTANA,30.0,WHEATLAND,107,6745000,-0.44,-0.4
2007,MONTANA,30.0,BLAINE,5,34531000,-0.97,-0.98
2007,MONTANA,30.0,CHOUTEAU,15,123716000,-0.88,-0.88
2007,MONTANA,30.0,GLACIER,35,22784000,-1.03,-0.96
2007,MONTANA,30.0,HILL,41,70913000,-0.88,-0.87
2007,MONTANA,30.0,LIBERTY,51,37395000,-0.77,-0.7
2007,MONTANA,30.0,PHILLIPS,71,20401000,-0.78,-0.74
2007,MONTANA,30.0,PONDERA,73,48379000,-0.59,-0.59
2007,MONTANA,30.0,TETON,99,50859000,-0.78,-0.71
2007,MONTANA,30.0,TOOLE,101,34934000,-0.67,-0.64
2007,MONTANA,30.0,DANIELS,19,40863000,-1.1,-1.07
2007,MONTANA,30.0,DAWSON,21,31735000,-0.4,-0.34
2007,MONTANA,30.0,GARFIELD,33,15915000,-0.82,-0.83
2007,MONTANA,30.0,MCCONE,55,32244000,-0.9,-0.91
2007,MONTANA,30.0,RICHLAND,83,53188000,-0.94,-0.91
2007,MONTANA,30.0,ROOSEVELT,85,52103000,-0.57,-0.59
2007,MONTANA,30.0,SHERIDAN,91,78544000,-0.75,-0.73
2007,MONTANA,30.0,VALLEY,105,44815000,-0.89,-0.83
2007,MONTANA,30.0,DEER LODGE,23,497000,-0.8,-0.83
2007,MONTANA,30.0,FLATHEAD,29,17547000,-0.71,-0.71
2007,MONTANA,30.0,GRANITE,39,960000,-1.18,-1.18
2007,MONTANA,30.0,LAKE,47,23449000,-0.73,-0.7
2007,MONTANA,30.0,LINCOLN,53,533000,-0.8,-0.79
2007,MONTANA,30.0,MINERAL,61,249000,-1.06,-1.12
2007,MONTANA,30.0,MISSOULA,63,2713000,-0.63,-0.61
2007,MONTANA,30.0,POWELL,77,2623000,-0.69,-0.7
2007,MONTANA,30.0,RAVALLI,81,8138000,-0.49,-0.44
2007,MONTANA,30.0,SANDERS,89,6398000,-0.98,-0.95
2007,MONTANA,30.0,BIG HORN,3,41362000,-0.98,-0.99
2007,MONTANA,30.0,CARBON,9,14179000,-0.56,-0.61
2007,MONTANA,30.0,PARK,67,7530000,-0.96,-0.98
2007,MONTANA,30.0,STILLWATER,95,9079000,-0.74,-0.75
2007,MONTANA,30.0,SWEET GRASS,97,2180000,-0.93,-0.95
2007,MONTANA,30.0,TREASURE,103,11432000,-0.87,-0.86
2007,MONTANA,30.0,YELLOWSTONE,111,40775000,-0.7,-0.68
2007,MONTANA,30.0,CARTER,11,8497000,-0.82,-0.84
2007,MONTANA,30.0,CUSTER,17,9482000,-0.75,-0.7
2007,MONTANA,30.0,FALLON,25,6981000,-0.62,-0.59
2007,MONTANA,30.0,POWDER RIVER,75,5216000,-0.56,-0.51
2007,MONTANA,30.0,PRAIRIE,79,7951000,-0.59,-0.62
2007,MONTANA,30.0,ROSEBUD,87,13851000,-0.61,-0.6
2007,MONTANA,30.0,WIBAUX,109,9775000,-0.98,-1.01
2007,MONTANA,30.0,BEAVERHEAD,1,14212000,-0.48,-0.43
2007,MONTANA,30.0,GALLATIN,31,47904000,-1.18,-1.23
2007,MONTANA,30.0,JEFFERSON,43,1814000,-0.46,-0.48
2007,MONTANA,30.0,MADISON,57,13533000,-0.58,-0.57
2007,MONTANA,30.0,SILVER BOW,93,383000,-0.46,-0.45
2007,NEBRASKA,31.0,BUFFALO,19,150954000,-1.1,-1.07
2007,NEBRASKA,31.0,CUSTER,41,195716000,-0.88,-0.87
2007,NEBRASKA,31.0,DAWSON,47,151365000,-0.73,-0.7
2007,NEBRASKA,31.0,GREELEY,77,40191000,-0.69,-0.7
2007,NEBRASKA,31.0,HALL,79,117623000,-0.59,-0.62
2007,NEBRASKA,31.0,HOWARD,93,54323000,-0.46,-0.45
2007,NEBRASKA,31.0,SHERMAN,163,41988000,-0.8,-0.91
2007,NEBRASKA,31.0,VALLEY,175,48404000,-1.11,-1.21
2007,NEBRASKA,31.0,BUTLER,23,121187000,-0.8,-0.83
2007,NEBRASKA,31.0,CASS,25,88160000,-0.62,-0.59
2007,NEBRASKA,31.0,COLFAX,37,76080000,-0.82,-0.76
2007,NEBRASKA,31.0,DODGE,53,129409000,-0.8,-0.79
2007,NEBRASKA,31.0,DOUGLAS,55,43844000,-0.9,-0.91
2007,NEBRASKA,31.0,HAMILTON,81,155747000,-0.49,-0.44
2007,NEBRASKA,31.0,LANCASTER,109,98824000,-0.98,-1.01
2007,NEBRASKA,31.0,MERRICK,121,95055000,-0.53,-0.53
2007,NEBRASKA,31.0,NANCE,125,52134000,-0.51,-0.5
2007,NEBRASKA,31.0,PLATTE,141,142820000,0.21,0.2
2007,NEBRASKA,31.0,POLK,143,99459000,-0.04,-0.04
2007,NEBRASKA,31.0,SARPY,153,35126000,-0.97,-1.04
2007,NEBRASKA,31.0,SAUNDERS,155,136360000,-1.48,-1.52
2007,NEBRASKA,31.0,SEWARD,159,118078000,-1.32,-1.42
2007,NEBRASKA,31.0,WASHINGTON,177,65452000,-1.01,-1.08
2007,NEBRASKA,31.0,YORK,185,165893000,-1.24,-1.29
2007,NEBRASKA,31.0,BLAINE,9,3355000,-0.56,-0.61
2007,NEBRASKA,31.0,BOYD,15,11410000,-0.88,-0.88
2007,NEBRASKA,31.0,BROWN,17,20059000,-0.75,-0.7
2007,NEBRASKA,31.0,CHERRY,31,13908000,-1.18,-1.23
2007,NEBRASKA,31.0,GARFIELD,71,8017000,-0.78,-0.74
2007,NEBRASKA,31.0,GRANT,75,103000,-0.56,-0.51
2007,NEBRASKA,31.0,HOLT,89,184957000,-0.98,-0.95
2007,NEBRASKA,31.0,HOOKER,91,82000,-0.75,-0.73
2007,NEBRASKA,31.0,KEYA PAHA,103,9719000,-0.87,-0.86
2007,NEBRASKA,31.0,LOGAN,113,13927000,-0.6,-0.58
2007,NEBRASKA,31.0,LOUP,115,3229000,-0.52,-0.55
2007,NEBRASKA,31.0,MCPHERSON,117,968000,-0.31,-0.28
2007,NEBRASKA,31.0,ROCK,149,20214000,0.46,0.45
2007,NEBRASKA,31.0,WHEELER,183,16001000,-1.47,-1.48
2007,NEBRASKA,31.0,ANTELOPE,3,147408000,-0.98,-0.99
2007,NEBRASKA,31.0,BOONE,11,105018000,-0.82,-0.84
2007,NEBRASKA,31.0,BURT,21,92177000,-0.4,-0.34
2007,NEBRASKA,31.0,CEDAR,27,116051000,-0.79,-0.8
2007,NEBRASKA,31.0,CUMING,39,124112000,-1.18,-1.18
2007,NEBRASKA,31.0,DAKOTA,43,55253000,-0.46,-0.48
2007,NEBRASKA,31.0,DIXON,51,56698000,-0.77,-0.7
2007,NEBRASKA,31.0,KNOX,107,64420000,-0.44,-0.4
2007,NEBRASKA,31.0,MADISON,119,93642000,-0.9,-0.85
2007,NEBRASKA,31.0,PIERCE,139,84316000,-0.45,-0.44
2007,NEBRASKA,31.0,STANTON,167,55775000,-1.03,-1.15
2007,NEBRASKA,31.0,THURSTON,173,60364000,-1.46,-1.51
2007,NEBRASKA,31.0,WAYNE,179,88237000,-1.32,-1.34
2007,NEBRASKA,31.0,BANNER,7,12994000,-0.63,-0.59
2007,NEBRASKA,31.0,BOX BUTTE,13,96369000,-0.84,-0.79
2007,NEBRASKA,31.0,CHEYENNE,33,67402000,-0.82,-0.83
2007,NEBRASKA,31.0,DAWES,45,11550000,-1.06,-1.12
2007,NEBRASKA,31.0,GARDEN,69,29149000,-1.09,-1.15
2007,NEBRASKA,31.0,KIMBALL,105,28732000,-0.89,-0.83
2007,NEBRASKA,31.0,MORRILL,123,62453000,-0.91,-0.85
2007,NEBRASKA,31.0,SCOTTS BLUFF,157,66236000,-0.91,-0.92
2007,NEBRASKA,31.0,SHERIDAN,161,30655000,-1.46,-1.51
2007,NEBRASKA,31.0,SIOUX,165,13637000,-1.04,-1.12
2007,NEBRASKA,31.0,ADAMS,1,130743000,-0.48,-0.43
2007,NEBRASKA,31.0,FRANKLIN,61,60559000,-1.06,-1.12
2007,NEBRASKA,31.0,FURNAS,65,66781000,-0.74,-0.71
2007,NEBRASKA,31.0,GOSPER,73,54338000,-0.59,-0.59
2007,NEBRASKA,31.0,HARLAN,83,79575000,-0.94,-0.91
2007,NEBRASKA,31.0,KEARNEY,99,134540000,-0.78,-0.71
2007,NEBRASKA,31.0,PHELPS,137,144690000,0.54,0.54
2007,NEBRASKA,31.0,WEBSTER,181,52865000,-0.68,-0.78
2007,NEBRASKA,31.0,CLAY,35,129318000,-1.03,-0.96
2007,NEBRASKA,31.0,FILLMORE,59,151911000,-0.71,-0.7
2007,NEBRASKA,31.0,GAGE,67,108486000,-0.96,-0.98
2007,NEBRASKA,31.0,JEFFERSON,95,77938000,-0.74,-0.75
2007,NEBRASKA,31.0,JOHNSON,97,25015000,-0.93,-0.95
2007,NEBRASKA,31.0,NEMAHA,127,59564000,-0.52,-0.53
2007,NEBRASKA,31.0,NUCKOLLS,129,67409000,-0.51,-0.55
2007,NEBRASKA,31.0,OTOE,131,80189000,-0.59,-0.55
2007,NEBRASKA,31.0,PAWNEE,133,33342000,-0.28,-0.31
2007,NEBRASKA,31.0,RICHARDSON,147,66406000,-0.3,-0.31
2007,NEBRASKA,31.0,SALINE,151,91503000,-0.82,-0.85
2007,NEBRASKA,31.0,THAYER,169,101509000,-1.17,-1.24
2007,NEBRASKA,31.0,CHASE,29,125240000,-0.71,-0.71
2007,NEBRASKA,31.0,DUNDY,57,73973000,-0.58,-0.57
2007,NEBRASKA,31.0,FRONTIER,63,54163000,-0.63,-0.61
2007,NEBRASKA,31.0,HAYES,85,52821000,-0.57,-0.59
2007,NEBRASKA,31.0,HITCHCOCK,87,38032000,-0.61,-0.6
2007,NEBRASKA,31.0,KEITH,101,82043000,-0.67,-0.64
2007,NEBRASKA,31.0,LINCOLN,111,196778000,-0.7,-0.68
2007,NEBRASKA,31.0,PERKINS,135,111127000,0.44,0.4
2007,NEBRASKA,31.0,RED WILLOW,145,67869000,-0.48,-0.43
2007,NEVADA,32.0,ELKO,7,2422000,-0.63,-0.59
2007,NEVADA,32.0,LANDER,15,10444000,-0.88,-0.88
2007,NEVADA,32.0,WHITE PINE,33,4336000,-0.82,-0.83
2007,NEVADA,32.0,CHURCHILL,1,13496000,-0.48,-0.43
2007,NEVADA,32.0,HUMBOLDT,13,46545000,-0.84,-0.79
2007,NEVADA,32.0,LYON,19,62158000,-1.1,-1.07
2007,NEVADA,32.0,PERSHING,27,23017000,-0.79,-0.8
2007,NEVADA,32.0,WASHOE,31,10167000,-1.18,-1.23
2007,NEVADA,32.0,CLARK,3,4723000,-0.98,-0.99
2007,NEVADA,32.0,LINCOLN,17,7690000,-0.75,-0.7
2007,NEVADA,32.0,NYE,23,3267000,-0.8,-0.83
2007,NEW HAMPSHIRE,33.0,BELKNAP,1,4702000,-0.48,-0.43
2007,NEW HAMPSHIRE,33.0,CARROLL,3,3312000,-0.98,-0.99
2007,NEW HAMPSHIRE,33.0,CHESHIRE,5,4400000,-0.97,-0.98
2007,NEW HAMPSHIRE,33.0,COOS,7,2752000,-0.63,-0.59
2007,NEW HAMPSHIRE,33.0,GRAFTON,9,4800000,-0.56,-0.61
2007,NEW HAMPSHIRE,33.0,HILLSBOROUGH,11,11554000,-0.82,-0.84
2007,NEW HAMPSHIRE,33.0,MERRIMACK,13,45208000,-0.84,-0.79
2007,NEW HAMPSHIRE,33.0,ROCKINGHAM,15,19544000,-0.88,-0.88
2007,NEW HAMPSHIRE,33.0,STRAFFORD,17,6001000,-0.75,-0.7
2007,NEW HAMPSHIRE,33.0,SULLIVAN,19,4194000,-1.1,-1.07
2007,NEW JERSEY,34.0,BURLINGTON,5,80533000,-0.97,-0.98
2007,NEW JERSEY,34.0,MERCER,21,15011000,-0.4,-0.34
2007,NEW JERSEY,34.0,MIDDLESEX,23,40207000,-0.8,-0.83
2007,NEW JERSEY,34.0,MONMOUTH,25,80270000,-0.62,-0.59
2007,NEW JERSEY,34.0,OCEAN,29,9316000,-0.71,-0.71
2007,NEW JERSEY,34.0,BERGEN,3,8385000,-0.98,-0.99
2007,NEW JERSEY,34.0,ESSEX,13,701000,-0.84,-0.79
2007,NEW JERSEY,34.0,HUNTERDON,19,60675000,-1.1,-1.07
2007,NEW JERSEY,34.0,MORRIS,27,23126000,-0.79,-0.8
2007,NEW JERSEY,34.0,PASSAIC,31,6054000,-1.18,-1.23
2007,NEW JERSEY,34.0,SOMERSET,35,9630000,-1.03,-0.96
2007,NEW JERSEY,34.0,SUSSEX,37,11810000,-0.82,-0.76
2007,NEW JERSEY,34.0,UNION,39,2468000,-1.18,-1.18
2007,NEW JERSEY,34.0,WARREN,41,43622000,-0.88,-0.87
2007,NEW JERSEY,34.0,ATLANTIC,1,125819000,-0.48,-0.43
2007,NEW JERSEY,34.0,CAMDEN,7,18365000,-0.63,-0.59
2007,NEW JERSEY,34.0,CAPE MAY,9,14034000,-0.56,-0.61
2007,NEW JERSEY,34.0,CUMBERLAND,11,152917000,-0.82,-0.84
2007,NEW JERSEY,34.0,GLOUCESTER,15,88044000,-0.88,-0.88
2007,NEW JERSEY,34.0,SALEM,33,60665000,-0.82,-0.83
2007,NEW MEXICO,35.0,COLFAX,7,1613000,-0.63,-0.59
2007,NEW MEXICO,35.0,CURRY,9,37377000,-0.56,-0.61
2007,NEW MEXICO,35.0,DE BACA,11,5216000,-0.82,-0.84
2007,NEW MEXICO,35.0,GUADALUPE,19,179000,-1.1,-1.07
2007,NEW MEXICO,35.0,MORA,33,1811000,-0.82,-0.83
2007,NEW MEXICO,35.0,QUAY,37,9159000,-0.82,-0.76
2007,NEW MEXICO,35.0,ROOSEVELT,41,35895000,-0.88,-0.87
2007,NEW MEXICO,35.0,SAN MIGUEL,47,1291000,-0.73,-0.7
2007,NEW MEXICO,35.0,TORRANCE,57,16833000,-0.58,-0.57
2007,NEW MEXICO,35.0,UNION,59,31757000,-0.71,-0.7
2007,NEW MEXICO,35.0,BERNALILLO,1,5886000,-0.48,-0.43
2007,NEW MEXICO,35.0,MCKINLEY,31,1165000,-1.18,-1.23
2007,NEW MEXICO,35.0,RIO ARRIBA,39,3888000,-1.18,-1.18
2007,NEW MEXICO,35.0,SAN JUAN,45,47249000,-1.06,-1.12
2007,NEW MEXICO,35.0,SANDOVAL,43,5615000,-0.46,-0.48
2007,NEW MEXICO,35.0,SANTA FE,49,8591000,-0.92,-0.89
2007,NEW MEXICO,35.0,TAOS,55,2330000,-0.9,-0.91
2007,NEW MEXICO,35.0,VALENCIA,61,6439000,-1.06,-1.12
2007,NEW MEXICO,35.0,CHAVES,5,41246000,-0.97,-0.98
2007,NEW MEXICO,35.0,DONA ANA,13,167850000,-0.84,-0.79
2007,NEW MEXICO,35.0,EDDY,15,40269000,-0.88,-0.88
2007,NEW MEXICO,35.0,LEA,25,17037000,-0.62,-0.59
2007,NEW MEXICO,35.0,LINCOLN,27,527000,-0.79,-0.8
2007,NEW MEXICO,35.0,OTERO,35,9140000,-1.03,-0.96
2007,NEW MEXICO,35.0,CATRON,3,269000,-0.98,-0.99
2007,NEW MEXICO,35.0,GRANT,17,120000,-0.75,-0.7
2007,NEW MEXICO,35.0,HIDALGO,23,10121000,-0.8,-0.83
2007,NEW MEXICO,35.0,LUNA,29,30817000,-0.71,-0.71
2007,NEW MEXICO,35.0,SIERRA,51,6210000,-0.77,-0.7
2007,NEW MEXICO,35.0,SOCORRO,53,6264000,-0.8,-0.79
2007,NEW YORK,36.0,CAYUGA,11,48544000,-0.82,-0.84
2007,NEW YORK,36.0,CHENANGO,17,7767000,-0.75,-0.7
2007,NEW YORK,36.0,CORTLAND,23,5498000,-0.8,-0.83
2007,NEW YORK,36.0,HERKIMER,43,7663000,-0.46,-0.48
2007,NEW YORK,36.0,MADISON,53,16124000,-0.8,-0.79
2007,NEW YORK,36.0,ONEIDA,65,24719000,-0.74,-0.71
2007,NEW YORK,36.0,ONONDAGA,67,36539000,-0.96,-0.98
2007,NEW YORK,36.0,OSWEGO,75,26050000,-0.56,-0.51
2007,NEW YORK,36.0,OTSEGO,77,8772000,-0.69,-0.7
2007,NEW YORK,36.0,ALBANY,1,11573000,-0.48,-0.43
2007,NEW YORK,36.0,FULTON,35,2227000,-1.03,-0.96
2007,NEW YORK,36.0,MONTGOMERY,57,12340000,-0.58,-0.57
2007,NEW YORK,36.0,RENSSELAER,83,14102000,-0.94,-0.91
2007,NEW YORK,36.0,SARATOGA,91,15133000,-0.75,-0.73
2007,NEW YORK,36.0,SCHENECTADY,93,2578000,-0.46,-0.45
2007,NEW YORK,36.0,SCHOHARIE,95,9793000,-0.74,-0.75
2007,NEW YORK,36.0,WASHINGTON,115,13344000,-0.52,-0.55
2007,NEW YORK,36.0,NASSAU,59,12023000,-0.71,-0.7
2007,NEW YORK,36.0,RICHMOND,85,5174000,-0.57,-0.59
2007,NEW YORK,36.0,SUFFOLK,103,224734000,-0.87,-0.86
2007,NEW YORK,36.0,CLINTON,19,24590000,-1.1,-1.07
2007,NEW YORK,36.0,ESSEX,31,4826000,-1.18,-1.23
2007,NEW YORK,36.0,FRANKLIN,33,10340000,-0.82,-0.83
2007,NEW YORK,36.0,HAMILTON,41,354000,-0.88,-0.87
2007,NEW YORK,36.0,JEFFERSON,45,16986000,-1.06,-1.12
2007,NEW YORK,36.0,LEWIS,49,6664000,-0.92,-0.89
2007,NEW YORK,36.0,ST LAWRENCE,89,14859000,-0.98,-0.95
2007,NEW YORK,36.0,COLUMBIA,21,25166000,-0.4,-0.34
2007,NEW YORK,36.0,DELAWARE,25,7897000,-0.62,-0.59
2007,NEW YORK,36.0,DUTCHESS,27,23408000,-0.79,-0.8
2007,NEW YORK,36.0,GREENE,39,7121000,-1.18,-1.18
2007,NEW YORK,36.0,ORANGE,71,51180000,-0.78,-0.74
2007,NEW YORK,36.0,PUTNAM,79,1299000,-0.59,-0.62
2007,NEW YORK,36.0,SULLIVAN,105,2088000,-0.89,-0.83
2007,NEW YORK,36.0,ULSTER,111,58859000,-0.7,-0.68
2007,NEW YORK,36.0,WESTCHESTER,119,5517000,-0.9,-0.85
2007,NEW YORK,36.0,BROOME,7,5547000,-0.63,-0.59
2007,NEW YORK,36.0,CHEMUNG,15,3143000,-0.88,-0.88
2007,NEW YORK,36.0,SCHUYLER,97,12563000,-0.93,-0.95
2007,NEW YORK,36.0,TIOGA,107,4911000,-0.44,-0.4
2007,NEW YORK,36.0,TOMPKINS,109,15267000,-0.98,-1.01
2007,NEW YORK,36.0,ALLEGANY,3,5760000,-0.98,-0.99
2007,NEW YORK,36.0,CATTARAUGUS,9,15176000,-0.56,-0.61
2007,NEW YORK,36.0,CHAUTAUQUA,13,57810000,-0.84,-0.79
2007,NEW YORK,36.0,STEUBEN,101,37924000,-0.67,-0.64
2007,NEW YORK,36.0,ERIE,29,41627000,-0.71,-0.71
2007,NEW YORK,36.0,GENESEE,37,62918000,-0.82,-0.76
2007,NEW YORK,36.0,LIVINGSTON,51,47277000,-0.77,-0.7
2007,NEW YORK,36.0,MONROE,55,61472000,-0.9,-0.91
2007,NEW YORK,36.0,NIAGARA,63,60752000,-0.63,-0.61
2007,NEW YORK,36.0,ONTARIO,69,49498000,-1.09,-1.15
2007,NEW YORK,36.0,ORLEANS,73,88956000,-0.59,-0.59
2007,NEW YORK,36.0,SENECA,99,33048000,-0.78,-0.71
2007,NEW YORK,36.0,WAYNE,117,128422000,-0.31,-0.28
2007,NEW YORK,36.0,WYOMING,121,28571000,-0.53,-0.53
2007,NEW YORK,36.0,YATES,123,31812000,-0.91,-0.85
2007,NORTH CAROLINA,37.0,BEAUFORT,13,65091000,-0.84,-0.79
2007,NORTH CAROLINA,37.0,CARTERET,31,19342000,-1.18,-1.23
2007,NORTH CAROLINA,37.0,CRAVEN,49,24543000,-0.92,-0.89
2007,NORTH CAROLINA,37.0,GREENE,79,38481000,-0.59,-0.62
2007,NORTH CAROLINA,37.0,JOHNSTON,101,88810000,-0.67,-0.64
2007,NORTH CAROLINA,37.0,JONES,103,20311000,-0.87,-0.86
2007,NORTH CAROLINA,37.0,LENOIR,107,69864000,-0.44,-0.4
2007,NORTH CAROLINA,37.0,PAMLICO,137,20038000,0.54,0.54
2007,NORTH CAROLINA,37.0,PITT,147,78642000,-0.3,-0.31
2007,NORTH CAROLINA,37.0,WAYNE,191,74963000,-1.33,-1.31
2007,NORTH CAROLINA,37.0,WILSON,195,98551000,-0.95,-0.98
2007,NORTH CAROLINA,37.0,ALEXANDER,3,3227000,-0.98,-0.99
2007,NORTH CAROLINA,37.0,CATAWBA,35,12418000,-1.03,-0.96
2007,NORTH CAROLINA,37.0,CHATHAM,37,6870000,-0.82,-0.76
2007,NORTH CAROLINA,37.0,DAVIDSON,57,10961000,-0.58,-0.57
2007,NORTH CAROLINA,37.0,DAVIE,59,6051000,-0.71,-0.7
2007,NORTH CAROLINA,37.0,IREDELL,97,11787000,-0.93,-0.95
2007,NORTH CAROLINA,37.0,LEE,105,10463000,-0.89,-0.83
2007,NORTH CAROLINA,37.0,RANDOLPH,151,12019000,-0.82,-0.85
2007,NORTH CAROLINA,37.0,ROWAN,159,32933000,-1.32,-1.42
2007,NORTH CAROLINA,37.0,WAKE,183,36356000,-1.47,-1.48
2007,NORTH CAROLINA,37.0,BERTIE,15,39484000,-0.88,-0.88
2007,NORTH CAROLINA,37.0,CAMDEN,29,27911000,-0.71,-0.71
2007,NORTH CAROLINA,37.0,CHOWAN,41,34274000,-0.88,-0.87
2007,NORTH CAROLINA,37.0,CURRITUCK,53,12106000,-0.8,-0.79
2007,NORTH CAROLINA,37.0,DARE,55,1139000,-0.9,-0.91
2007,NORTH CAROLINA,37.0,EDGECOMBE,65,69215000,-0.74,-0.71
2007,NORTH CAROLINA,37.0,GATES,73,22490000,-0.59,-0.59
2007,NORTH CAROLINA,37.0,HALIFAX,83,44755000,-0.94,-0.91
2007,NORTH CAROLINA,37.0,HERTFORD,91,28004000,-0.75,-0.73
2007,NORTH CAROLINA,37.0,MARTIN,117,43920000,-0.31,-0.28
2007,NORTH CAROLINA,37.0,NASH,127,71202000,-0.52,-0.53
2007,NORTH CAROLINA,37.0,NORTHAMPTON,131,33900000,-0.59,-0.55
2007,NORTH CAROLINA,37.0,PASQUOTANK,139,47104000,-0.45,-0.44
2007,NORTH CAROLINA,37.0,PERQUIMANS,143,29514000,-0.04,-0.04
2007,NORTH CAROLINA,37.0,WASHINGTON,187,43601000,-0.74,-0.71
2007,NORTH CAROLINA,37.0,ALLEGHANY,5,18530000,-0.97,-0.98
2007,NORTH CAROLINA,37.0,ASHE,9,31886000,-0.56,-0.61
2007,NORTH CAROLINA,37.0,AVERY,11,20103000,-0.82,-0.84
2007,NORTH CAROLINA,37.0,CALDWELL,27,13138000,-0.79,-0.8
2007,NORTH CAROLINA,37.0,SURRY,171,20270000,-1.27,-1.3
2007,NORTH CAROLINA,37.0,WILKES,193,6828000,-0.77,-0.83
2007,NORTH CAROLINA,37.0,YADKIN,197,17469000,-0.9,-0.92
2007,NORTH CAROLINA,37.0,ALAMANCE,1,8192000,-0.48,-0.43
2007,NORTH CAROLINA,37.0,CASWELL,33,9300000,-0.82,-0.83
2007,NORTH CAROLINA,37.0,DURHAM,63,6348000,-0.63,-0.61
2007,NORTH CAROLINA,37.0,FORSYTH,67,14333000,-0.96,-0.98
2007,NORTH CAROLINA,37.0,FRANKLIN,69,26224000,-1.09,-1.15
2007,NORTH CAROLINA,37.0,GRANVILLE,77,14416000,-0.69,-0.7
2007,NORTH CAROLINA,37.0,GUILFORD,81,27350000,-0.49,-0.44
2007,NORTH CAROLINA,37.0,ORANGE,135,12575000,0.44,0.4
2007,NORTH CAROLINA,37.0,PERSON,145,14237000,-0.48,-0.43
2007,NORTH CAROLINA,37.0,ROCKINGHAM,157,21495000,-0.91,-0.92
2007,NORTH CAROLINA,37.0,STOKES,169,11662000,-1.17,-1.24
2007,NORTH CAROLINA,37.0,WARREN,185,7697000,-1.24,-1.29
2007,NORTH CAROLINA,37.0,BLADEN,17,45155000,-0.75,-0.7
2007,NORTH CAROLINA,37.0,BRUNSWICK,19,20215000,-1.1,-1.07
2007,NORTH CAROLINA,37.0,COLUMBUS,47,45477000,-0.73,-0.7
2007,NORTH CAROLINA,37.0,CUMBERLAND,51,18923000,-0.77,-0.7
2007,NORTH CAROLINA,37.0,DUPLIN,61,67349000,-1.06,-1.12
2007,NORTH CAROLINA,37.0,HARNETT,85,37783000,-0.57,-0.59
2007,NORTH CAROLINA,37.0,HOKE,93,7388000,-0.46,-0.45
2007,NORTH CAROLINA,37.0,NEW HANOVER,129,5530000,-0.51,-0.55
2007,NORTH CAROLINA,37.0,ONSLOW,133,18730000,-0.28,-0.31
2007,NORTH CAROLINA,37.0,PENDER,141,47939000,0.21,0.2
2007,NORTH CAROLINA,37.0,ROBESON,155,58911000,-1.48,-1.52
2007,NORTH CAROLINA,37.0,SAMPSON,163,150109000,-0.8,-0.91
2007,NORTH CAROLINA,37.0,SCOTLAND,165,6748000,-1.04,-1.12
2007,NORTH CAROLINA,37.0,ANSON,7,7024000,-0.63,-0.59
2007,NORTH CAROLINA,37.0,CABARRUS,25,7367000,-0.62,-0.59
2007,NORTH CAROLINA,37.0,CLEVELAND,45,11549000,-1.06,-1.12
2007,NORTH CAROLINA,37.0,GASTON,71,2707000,-0.78,-0.74
2007,NORTH CAROLINA,37.0,LINCOLN,109,4264000,-0.98,-1.01
2007,NORTH CAROLINA,37.0,MONTGOMERY,123,6299000,-0.91,-0.85
2007,NORTH CAROLINA,37.0,MOORE,125,18381000,-0.51,-0.5
2007,NORTH CAROLINA,37.0,RICHMOND,153,5343000,-0.97,-1.04
2007,NORTH CAROLINA,37.0,STANLY,167,15056000,-1.03,-1.15
2007,NORTH CAROLINA,37.0,UNION,179,46636000,-1.32,-1.34
2007,NORTH CAROLINA,37.0,BUNCOMBE,21,28206000,-0.4,-0.34
2007,NORTH CAROLINA,37.0,BURKE,23,19580000,-0.8,-0.83
2007,NORTH CAROLINA,37.0,CHEROKEE,39,1676000,-1.18,-1.18
2007,NORTH CAROLINA,37.0,CLAY,43,431000,-0.46,-0.48
2007,NORTH CAROLINA,37.0,GRAHAM,75,184000,-0.56,-0.51
2007,NORTH CAROLINA,37.0,HAYWOOD,87,5891000,-0.61,-0.6
2007,NORTH CAROLINA,37.0,HENDERSON,89,56000000,-0.98,-0.95
2007,NORTH CAROLINA,37.0,JACKSON,99,9354000,-0.78,-0.71
2007,NORTH CAROLINA,37.0,MACON,113,2284000,-0.6,-0.58
2007,NORTH CAROLINA,37.0,MADISON,115,3742000,-0.52,-0.55
2007,NORTH CAROLINA,37.0,MCDOWELL,111,15768000,-0.7,-0.68
2007,NORTH CAROLINA,37.0,MITCHELL,121,2999000,-0.53,-0.53
2007,NORTH CAROLINA,37.0,POLK,149,3678000,0.46,0.45
2007,NORTH CAROLINA,37.0,RUTHERFORD,161,1453000,-1.46,-1.51
2007,NORTH CAROLINA,37.0,SWAIN,173,1216000,-1.46,-1.51
2007,NORTH CAROLINA,37.0,TRANSYLVANIA,175,7514000,-1.11,-1.21
2007,NORTH CAROLINA,37.0,YANCEY,199,3215000,-1.3,-1.29
2007,NORTH DAKOTA,38.0,EDDY,27,38658000,-0.79,-0.8
2007,NORTH DAKOTA,38.0,FOSTER,31,75607000,-1.18,-1.23
2007,NORTH DAKOTA,38.0,KIDDER,43,46750000,-0.46,-0.48
2007,NORTH DAKOTA,38.0,SHERIDAN,83,43742000,-0.94,-0.91
2007,NORTH DAKOTA,38.0,STUTSMAN,93,168570000,-0.46,-0.45
2007,NORTH DAKOTA,38.0,WELLS,103,132852000,-0.87,-0.86
2007,NORTH DAKOTA,38.0,BARNES,3,172501000,-0.98,-0.99
2007,NORTH DAKOTA,38.0,CASS,17,252192000,-0.75,-0.7
2007,NORTH DAKOTA,38.0,GRIGGS,39,56624000,-1.18,-1.18
2007,NORTH DAKOTA,38.0,STEELE,91,99946000,-0.75,-0.73
2007,NORTH DAKOTA,38.0,TRAILL,97,177193000,-0.93,-0.95
2007,NORTH DAKOTA,38.0,BENSON,5,108039000,-0.97,-0.98
2007,NORTH DAKOTA,38.0,BOTTINEAU,9,158991000,-0.56,-0.61
2007,NORTH DAKOTA,38.0,MCHENRY,49,90288000,-0.92,-0.89
2007,NORTH DAKOTA,38.0,PIERCE,69,58702000,-1.09,-1.15
2007,NORTH DAKOTA,38.0,ROLETTE,79,52837000,-0.59,-0.62
2007,NORTH DAKOTA,38.0,CAVALIER,19,171319000,-1.1,-1.07
2007,NORTH DAKOTA,38.0,GRAND FORKS,35,233477000,-1.03,-0.96
2007,NORTH DAKOTA,38.0,NELSON,63,77333000,-0.63,-0.61
2007,NORTH DAKOTA,38.0,PEMBINA,67,229298000,-0.96,-0.98
2007,NORTH DAKOTA,38.0,RAMSEY,71,122100000,-0.78,-0.74
2007,NORTH DAKOTA,38.0,TOWNER,95,96333000,-0.74,-0.75
2007,NORTH DAKOTA,38.0,WALSH,99,218090000,-0.78,-0.71
2007,NORTH DAKOTA,38.0,BURKE,13,55256000,-0.84,-0.79
2007,NORTH DAKOTA,38.0,DIVIDE,23,73992000,-0.8,-0.83
2007,NORTH DAKOTA,38.0,MOUNTRAIL,61,92746000,-1.06,-1.12
2007,NORTH DAKOTA,38.0,RENVILLE,75,103034000,-0.56,-0.51
2007,NORTH DAKOTA,38.0,WARD,101,153487000,-0.67,-0.64
2007,NORTH DAKOTA,38.0,WILLIAMS,105,115992000,-0.89,-0.83
2007,NORTH DAKOTA,38.0,BURLEIGH,15,50682000,-0.88,-0.88
2007,NORTH DAKOTA,38.0,EMMONS,29,86729000,-0.71,-0.71
2007,NORTH DAKOTA,38.0,GRANT,37,47085000,-0.82,-0.76
2007,NORTH DAKOTA,38.0,MORTON,59,60803000,-0.71,-0.7
2007,NORTH DAKOTA,38.0,SIOUX,85,11148000,-0.57,-0.59
2007,NORTH DAKOTA,38.0,DICKEY,21,124459000,-0.4,-0.34
2007,NORTH DAKOTA,38.0,LA MOURE,45,123335000,-1.06,-1.12
2007,NORTH DAKOTA,38.0,LOGAN,47,39574000,-0.73,-0.7
2007,NORTH DAKOTA,38.0,MCINTOSH,51,49985000,-0.77,-0.7
2007,NORTH DAKOTA,38.0,RANSOM,73,72103000,-0.59,-0.59
2007,NORTH DAKOTA,38.0,RICHLAND,77,228812000,-0.69,-0.7
2007,NORTH DAKOTA,38.0,SARGENT,81,104365000,-0.49,-0.44
2007,NORTH DAKOTA,38.0,ADAMS,1,39246000,-0.48,-0.43
2007,NORTH DAKOTA,38.0,BILLINGS,7,7264000,-0.63,-0.59
2007,NORTH DAKOTA,38.0,BOWMAN,11,35079000,-0.82,-0.84
2007,NORTH DAKOTA,38.0,GOLDEN VALLEY,33,26832000,-0.82,-0.83
2007,NORTH DAKOTA,38.0,HETTINGER,41,83684000,-0.88,-0.87
2007,NORTH DAKOTA,38.0,SLOPE,87,31423000,-0.61,-0.6
2007,NORTH DAKOTA,38.0,STARK,89,63674000,-0.98,-0.95
2007,NORTH DAKOTA,38.0,DUNN,25,31384000,-0.62,-0.59
2007,NORTH DAKOTA,38.0,MCKENZIE,53,50115000,-0.8,-0.79
2007,NORTH DAKOTA,38.0,MCLEAN,55,145847000,-0.9,-0.91
2007,NORTH DAKOTA,38.0,MERCER,57,24622000,-0.58,-0.57
2007,NORTH DAKOTA,38.0,OLIVER,65,24326000,-0.74,-0.71
2007,OHIO,39.0,DELAWARE,41,69783000,-0.88,-0.87
2007,OHIO,39.0,FAIRFIELD,45,53856000,-1.06,-1.12
2007,OHIO,39.0,FAYETTE,47,79343000,-0.73,-0.7
2007,OHIO,39.0,FRANKLIN,49,40898000,-0.92,-0.89
2007,OHIO,39.0,KNOX,83,46990000,-0.94,-0.91
2007,OHIO,39.0,LICKING,89,65579000,-0.98,-0.95
2007,OHIO,39.0,MADISON,97,95916000,-0.93,-0.95
2007,OHIO,39.0,MARION,101,71582000,-0.67,-0.64
2007,OHIO,39.0,MORROW,117,48325000,-0.31,-0.28
2007,OHIO,39.0,PICKAWAY,129,98381000,-0.51,-0.55
2007,OHIO,39.0,ROSS,141,42740000,0.21,0.2
2007,OHIO,39.0,UNION,159,79394000,-1.32,-1.42
2007,OHIO,39.0,BELMONT,13,3382000,-0.84,-0.79
2007,OHIO,39.0,CARROLL,19,12360000,-1.1,-1.07
2007,OHIO,39.0,COSHOCTON,31,22218000,-1.18,-1.23
2007,OHIO,39.0,HARRISON,67,4693000,-0.96,-0.98
2007,OHIO,39.0,HOLMES,75,22532000,-0.56,-0.51
2007,OHIO,39.0,JEFFERSON,81,3525000,-0.49,-0.44
2007,OHIO,39.0,TUSCARAWAS,157,15648000,-0.91,-0.92
2007,OHIO,39.0,ASHLAND,5,36251000,-0.97,-0.98
2007,OHIO,39.0,CRAWFORD,33,83495000,-0.82,-0.83
2007,OHIO,39.0,ERIE,43,35174000,-0.46,-0.48
2007,OHIO,39.0,HURON,77,94387000,-0.69,-0.7
2007,OHIO,39.0,LORAIN,93,110526000,-0.46,-0.45
2007,OHIO,39.0,OTTAWA,123,43886000,-0.91,-0.85
2007,OHIO,39.0,RICHLAND,139,38257000,-0.45,-0.44
2007,OHIO,39.0,SANDUSKY,143,74104000,-0.04,-0.04
2007,OHIO,39.0,SENECA,147,84877000,-0.3,-0.31
2007,OHIO,39.0,WYANDOT,175,73787000,-1.11,-1.21
2007,OHIO,39.0,ASHTABULA,7,28670000,-0.63,-0.59
2007,OHIO,39.0,COLUMBIANA,29,22025000,-0.71,-0.71
2007,OHIO,39.0,CUYAHOGA,35,13739000,-1.03,-0.96
2007,OHIO,39.0,GEAUGA,55,13062000,-0.9,-0.91
2007,OHIO,39.0,LAKE,85,88292000,-0.57,-0.59
2007,OHIO,39.0,MAHONING,99,15833000,-0.78,-0.71
2007,OHIO,39.0,MEDINA,103,34334000,-0.87,-0.86
2007,OHIO,39.0,PORTAGE,133,23395000,-0.28,-0.31
2007,OHIO,39.0,STARK,151,37271000,-0.82,-0.85
2007,OHIO,39.0,SUMMIT,153,7923000,-0.97,-1.04
2007,OHIO,39.0,TRUMBULL,155,26464000,-1.48,-1.52
2007,OHIO,39.0,WAYNE,169,57909000,-1.17,-1.24
2007,OHIO,39.0,ALLEN,3,64594000,-0.98,-0.99
2007,OHIO,39.0,DEFIANCE,39,64413000,-1.18,-1.18
2007,OHIO,39.0,FULTON,51,77815000,-0.77,-0.7
2007,OHIO,39.0,HANCOCK,63,83949000,-0.63,-0.61
2007,OHIO,39.0,HENRY,69,93450000,-1.09,-1.15
2007,OHIO,39.0,LUCAS,95,46281000,-0.74,-0.75
2007,OHIO,39.0,PAULDING,125,81157000,-0.51,-0.5
2007,OHIO,39.0,PUTNAM,137,95224000,0.54,0.54
2007,OHIO,39.0,VAN WERT,161,85756000,-1.46,-1.51
2007,OHIO,39.0,WILLIAMS,171,54848000,-1.27,-1.3
2007,OHIO,39.0,WOOD,173,109048000,-1.46,-1.51
2007,OHIO,39.0,ADAMS,1,14631000,-0.48,-0.43
2007,OHIO,39.0,BROWN,15,47041000,-0.88,-0.88
2007,OHIO,39.0,GALLIA,53,3408000,-0.8,-0.79
2007,OHIO,39.0,HIGHLAND,71,50389000,-0.78,-0.74
2007,OHIO,39.0,JACKSON,79,3336000,-0.59,-0.62
2007,OHIO,39.0,LAWRENCE,87,1732000,-0.61,-0.6
2007,OHIO,39.0,PIKE,131,7775000,-0.59,-0.55
2007,OHIO,39.0,SCIOTO,145,10040000,-0.48,-0.43
2007,OHIO,39.0,ATHENS,9,3464000,-0.56,-0.61
2007,OHIO,39.0,GUERNSEY,59,4597000,-0.71,-0.7
2007,OHIO,39.0,HOCKING,73,3081000,-0.59,-0.59
2007,OHIO,39.0,MEIGS,105,10942000,-0.89,-0.83
2007,OHIO,39.0,MONROE,111,1646000,-0.7,-0.68
2007,OHIO,39.0,MORGAN,115,3054000,-0.52,-0.55
2007,OHIO,39.0,MUSKINGUM,119,14900000,-0.9,-0.85
2007,OHIO,39.0,NOBLE,121,1144000,-0.53,-0.53
2007,OHIO,39.0,PERRY,127,16635000,-0.52,-0.53
2007,OHIO,39.0,VINTON,163,3284000,-0.8,-0.91
2007,OHIO,39.0,WASHINGTON,167,10216000,-1.03,-1.15
2007,OHIO,39.0,BUTLER,17,25981000,-0.75,-0.7
2007,OHIO,39.0,CLERMONT,25,21622000,-0.62,-0.59
2007,OHIO,39.0,CLINTON,27,78735000,-0.79,-0.8
2007,OHIO,39.0,GREENE,57,69509000,-0.58,-0.57
2007,OHIO,39.0,HAMILTON,61,15197000,-1.06,-1.12
2007,OHIO,39.0,MONTGOMERY,113,40069000,-0.6,-0.58
2007,OHIO,39.0,PREBLE,135,70641000,0.44,0.4
2007,OHIO,39.0,WARREN,165,39366000,-1.04,-1.12
2007,OHIO,39.0,AUGLAIZE,11,65869000,-0.82,-0.84
2007,OHIO,39.0,CHAMPAIGN,21,84420000,-0.4,-0.34
2007,OHIO,39.0,CLARK,23,91980000,-0.8,-0.83
2007,OHIO,39.0,DARKE,37,128287000,-0.82,-0.76
2007,OHIO,39.0,HARDIN,65,85855000,-0.74,-0.71
2007,OHIO,39.0,LOGAN,91,66386000,-0.75,-0.73
2007,OHIO,39.0,MERCER,107,94280000,-0.44,-0.4
2007,OHIO,39.0,MIAMI,109,74703000,-0.98,-1.01
2007,OHIO,39.0,SHELBY,149,68164000,0.46,0.45
2007,OKLAHOMA,40.0,CANADIAN,17,27081000,-0.75,-0.7
2007,OKLAHOMA,40.0,CLEVELAND,27,4029000,-0.79,-0.8
2007,OKLAHOMA,40.0,CREEK,37,3379000,-0.82,-0.76
2007,OKLAHOMA,40.0,GRADY,51,16588000,-0.77,-0.7
2007,OKLAHOMA,40.0,KINGFISHER,73,25255000,-0.59,-0.59
2007,OKLAHOMA,40.0,LINCOLN,81,3930000,-0.49,-0.44
2007,OKLAHOMA,40.0,LOGAN,83,8888000,-0.94,-0.91
2007,OKLAHOMA,40.0,MCCLAIN,87,10836000,-0.61,-0.6
2007,OKLAHOMA,40.0,OKFUSKEE,107,1870000,-0.44,-0.4
2007,OKLAHOMA,40.0,OKLAHOMA,109,17745000,-0.98,-1.01
2007,OKLAHOMA,40.0,PAYNE,119,5123000,-0.9,-0.85
2007,OKLAHOMA,40.0,POTTAWATOMIE,125,6871000,-0.51,-0.5
2007,OKLAHOMA,40.0,SEMINOLE,133,2407000,-0.28,-0.31
2007,OKLAHOMA,40.0,ADAIR,1,2466000,-0.48,-0.43
2007,OKLAHOMA,40.0,CHEROKEE,21,100119000,-0.4,-0.34
2007,OKLAHOMA,40.0,HASKELL,61,1896000,-1.06,-1.12
2007,OKLAHOMA,40.0,HUGHES,63,3406000,-0.63,-0.61
2007,OKLAHOMA,40.0,MCINTOSH,91,2861000,-0.75,-0.73
2007,OKLAHOMA,40.0,MUSKOGEE,101,14439000,-0.67,-0.64
2007,OKLAHOMA,40.0,OKMULGEE,111,3842000,-0.7,-0.68
2007,OKLAHOMA,40.0,PITTSBURG,121,5022000,-0.53,-0.53
2007,OKLAHOMA,40.0,SEQUOYAH,135,5524000,0.44,0.4
2007,OKLAHOMA,40.0,ALFALFA,3,21551000,-0.98,-0.99
2007,OKLAHOMA,40.0,GARFIELD,47,29268000,-0.73,-0.7
2007,OKLAHOMA,40.0,GRANT,53,24397000,-0.8,-0.79
2007,OKLAHOMA,40.0,KAY,71,30273000,-0.78,-0.74
2007,OKLAHOMA,40.0,MAJOR,93,12644000,-0.46,-0.45
2007,OKLAHOMA,40.0,NOBLE,103,9247000,-0.87,-0.86
2007,OKLAHOMA,40.0,WOODS,151,11776000,-0.82,-0.85
2007,OKLAHOMA,40.0,CRAIG,35,7217000,-1.03,-0.96
2007,OKLAHOMA,40.0,DELAWARE,41,4614000,-0.88,-0.87
2007,OKLAHOMA,40.0,MAYES,97,5654000,-0.93,-0.95
2007,OKLAHOMA,40.0,NOWATA,105,1878000,-0.89,-0.83
2007,OKLAHOMA,40.0,OSAGE,113,4595000,-0.6,-0.58
2007,OKLAHOMA,40.0,OTTAWA,115,44213000,-0.52,-0.55
2007,OKLAHOMA,40.0,PAWNEE,117,2163000,-0.31,-0.28
2007,OKLAHOMA,40.0,ROGERS,131,5805000,-0.59,-0.55
2007,OKLAHOMA,40.0,TULSA,143,16439000,-0.04,-0.04
2007,OKLAHOMA,40.0,WAGONER,145,16552000,-0.48,-0.43
2007,OKLAHOMA,40.0,WASHINGTON,147,3569000,-0.3,-0.31
2007,OKLAHOMA,40.0,BEAVER,7,36217000,-0.63,-0.59
2007,OKLAHOMA,40.0,CIMARRON,25,46957000,-0.62,-0.59
2007,OKLAHOMA,40.0,ELLIS,45,6783000,-1.06,-1.12
2007,OKLAHOMA,40.0,HARPER,59,10483000,-0.71,-0.7
2007,OKLAHOMA,40.0,TEXAS,139,114748000,-0.45,-0.44
2007,OKLAHOMA,40.0,ATOKA,5,1796000,-0.97,-0.98
2007,OKLAHOMA,40.0,BRYAN,13,15760000,-0.84,-0.79
2007,OKLAHOMA,40.0,CARTER,19,3673000,-1.1,-1.07
2007,OKLAHOMA,40.0,COAL,29,2724000,-0.71,-0.71
2007,OKLAHOMA,40.0,GARVIN,49,9389000,-0.92,-0.89
2007,OKLAHOMA,40.0,JEFFERSON,67,7677000,-0.96,-0.98
2007,OKLAHOMA,40.0,JOHNSTON,69,1852000,-1.09,-1.15
2007,OKLAHOMA,40.0,LOVE,85,3394000,-0.57,-0.59
2007,OKLAHOMA,40.0,MARSHALL,95,6522000,-0.74,-0.75
2007,OKLAHOMA,40.0,PONTOTOC,123,3737000,-0.91,-0.85
2007,OKLAHOMA,40.0,STEPHENS,137,3687000,0.54,0.54
2007,OKLAHOMA,40.0,CHOCTAW,23,4208000,-0.8,-0.83
2007,OKLAHOMA,40.0,LEFLORE,79,18042000,-0.59,-0.62
2007,OKLAHOMA,40.0,MCCURTAIN,89,9011000,-0.98,-0.95
2007,OKLAHOMA,40.0,CADDO,15,29759000,-0.88,-0.88
2007,OKLAHOMA,40.0,COMANCHE,31,8795000,-1.18,-1.23
2007,OKLAHOMA,40.0,COTTON,33,12779000,-0.82,-0.83
2007,OKLAHOMA,40.0,GREER,55,12115000,-0.9,-0.91
2007,OKLAHOMA,40.0,HARMON,57,16389000,-0.58,-0.57
2007,OKLAHOMA,40.0,JACKSON,65,64763000,-0.74,-0.71
2007,OKLAHOMA,40.0,KIOWA,75,35513000,-0.56,-0.51
2007,OKLAHOMA,40.0,TILLMAN,141,42638000,0.21,0.2
2007,OKLAHOMA,40.0,BECKHAM,9,13016000,-0.56,-0.61
2007,OKLAHOMA,40.0,BLAINE,11,25061000,-0.82,-0.84
2007,OKLAHOMA,40.0,CUSTER,39,28369000,-1.18,-1.18
2007,OKLAHOMA,40.0,DEWEY,43,10963000,-0.46,-0.48
2007,OKLAHOMA,40.0,ROGER MILLS,129,6382000,-0.51,-0.55
2007,OKLAHOMA,40.0,WASHITA,149,36681000,0.46,0.45
2007,OREGON,41.0,GILLIAM,21,30543000,-0.4,-0.34
2007,OREGON,41.0,HOOD RIVER,27,98610000,-0.79,-0.8
2007,OREGON,41.0,MORROW,49,125108000,-0.92,-0.89
2007,OREGON,41.0,SHERMAN,55,30111000,-0.9,-0.91
2007,OREGON,41.0,WASCO,65,77935000,-0.74,-0.71
2007,OREGON,41.0,BAKER,1,19053000,-0.48,-0.43
2007,OREGON,41.0,UMATILLA,59,245430000,-0.71,-0.7
2007,OREGON,41.0,UNION,61,42279000,-1.06,-1.12
2007,OREGON,41.0,WALLOWA,63,12160000,-0.63,-0.61
2007,OREGON,41.0,BENTON,3,62932000,-0.98,-0.99
2007,OREGON,41.0,CLACKAMAS,5,335357000,-0.97,-0.98
2007,OREGON,41.0,CLATSOP,7,1073000,-0.63,-0.59
2007,OREGON,41.0,LANE,39,92446000,-1.18,-1.18
2007,OREGON,41.0,LINCOLN,41,1700000,-0.88,-0.87
2007,OREGON,41.0,LINN,43,162758000,-0.46,-0.48
2007,OREGON,41.0,MARION,47,484818000,-0.73,-0.7
2007,OREGON,41.0,MULTNOMAH,51,81689000,-0.77,-0.7
2007,OREGON,41.0,POLK,53,112599000,-0.8,-0.79
2007,OREGON,41.0,TILLAMOOK,57,1198000,-0.58,-0.57
2007,OREGON,41.0,WASHINGTON,67,295001000,-0.96,-0.98
2007,OREGON,41.0,YAMHILL,71,230814000,-0.78,-0.74
2007,OREGON,41.0,CROOK,13,10795000,-0.84,-0.79
2007,OREGON,41.0,DESCHUTES,17,9051000,-0.75,-0.7
2007,OREGON,41.0,GRANT,23,2113000,-0.8,-0.83
2007,OREGON,41.0,HARNEY,25,13294000,-0.62,-0.59
2007,OREGON,41.0,JEFFERSON,31,39420000,-1.18,-1.23
2007,OREGON,41.0,KLAMATH,35,75256000,-1.03,-0.96
2007,OREGON,41.0,LAKE,37,27709000,-0.82,-0.76
2007,OREGON,41.0,MALHEUR,45,114688000,-1.06,-1.12
2007,OREGON,41.0,COOS,11,18151000,-0.82,-0.84
2007,OREGON,41.0,CURRY,15,13599000,-0.88,-0.88
2007,OREGON,41.0,JACKSON,29,51263000,-0.71,-0.71
2007,OREGON,41.0,JOSEPHINE,33,6557000,-0.82,-0.83
2007,PENNSYLVANIA,42.0,BLAIR,13,10123000,-0.84,-0.79
2007,PENNSYLVANIA,42.0,CAMBRIA,21,10930000,-0.4,-0.34
2007,PENNSYLVANIA,42.0,CENTRE,27,17517000,-0.79,-0.8
2007,PENNSYLVANIA,42.0,CLEARFIELD,33,4281000,-0.82,-0.83
2007,PENNSYLVANIA,42.0,COLUMBIA,37,27227000,-0.82,-0.76
2007,PENNSYLVANIA,42.0,DAUPHIN,43,16348000,-0.46,-0.48
2007,PENNSYLVANIA,42.0,HUNTINGDON,61,8457000,-1.06,-1.12
2007,PENNSYLVANIA,42.0,JUNIATA,67,8321000,-0.96,-0.98
2007,PENNSYLVANIA,42.0,MIFFLIN,87,7904000,-0.61,-0.6
2007,PENNSYLVANIA,42.0,MONTOUR,93,21146000,-0.46,-0.45
2007,PENNSYLVANIA,42.0,NORTHUMBERLAND,97,38891000,-0.93,-0.95
2007,PENNSYLVANIA,42.0,PERRY,99,13543000,-0.78,-0.71
2007,PENNSYLVANIA,42.0,SNYDER,109,14864000,-0.98,-1.01
2007,PENNSYLVANIA,42.0,UNION,119,9428000,-0.9,-0.85
2007,PENNSYLVANIA,42.0,CARBON,25,7823000,-0.62,-0.59
2007,PENNSYLVANIA,42.0,LEHIGH,77,52569000,-0.69,-0.7
2007,PENNSYLVANIA,42.0,LUZERNE,79,13431000,-0.59,-0.62
2007,PENNSYLVANIA,42.0,MONROE,89,4539000,-0.98,-0.95
2007,PENNSYLVANIA,42.0,NORTHAMPTON,95,22283000,-0.74,-0.75
2007,PENNSYLVANIA,42.0,PIKE,103,2340000,-0.87,-0.86
2007,PENNSYLVANIA,42.0,SCHUYLKILL,107,56308000,-0.44,-0.4
2007,PENNSYLVANIA,42.0,BRADFORD,15,9180000,-0.88,-0.88
2007,PENNSYLVANIA,42.0,CLINTON,35,8039000,-1.03,-0.96
2007,PENNSYLVANIA,42.0,ELK,47,1391000,-0.73,-0.7
2007,PENNSYLVANIA,42.0,LYCOMING,81,20673000,-0.49,-0.44
2007,PENNSYLVANIA,42.0,MCKEAN,83,867000,-0.94,-0.91
2007,PENNSYLVANIA,42.0,POTTER,105,6353000,-0.89,-0.83
2007,PENNSYLVANIA,42.0,SULLIVAN,113,894000,-0.6,-0.58
2007,PENNSYLVANIA,42.0,TIOGA,117,6273000,-0.31,-0.28
2007,PENNSYLVANIA,42.0,LACKAWANNA,69,11349000,-1.09,-1.15
2007,PENNSYLVANIA,42.0,SUSQUEHANNA,115,4761000,-0.52,-0.55
2007,PENNSYLVANIA,42.0,WAYNE,127,3208000,-0.52,-0.53
2007,PENNSYLVANIA,42.0,WYOMING,131,4188000,-0.59,-0.55
2007,PENNSYLVANIA,42.0,CRAWFORD,39,25923000,-1.18,-1.18
2007,PENNSYLVANIA,42.0,ERIE,49,49202000,-0.92,-0.89
2007,PENNSYLVANIA,42.0,FOREST,53,150000,-0.8,-0.79
2007,PENNSYLVANIA,42.0,MERCER,85,22642000,-0.57,-0.59
2007,PENNSYLVANIA,42.0,VENANGO,121,5472000,-0.53,-0.53
2007,PENNSYLVANIA,42.0,WARREN,123,2781000,-0.91,-0.85
2007,PENNSYLVANIA,42.0,ADAMS,1,70386000,-0.48,-0.43
2007,PENNSYLVANIA,42.0,BEDFORD,9,16915000,-0.56,-0.61
2007,PENNSYLVANIA,42.0,CUMBERLAND,41,26592000,-0.88,-0.87
2007,PENNSYLVANIA,42.0,FRANKLIN,55,34876000,-0.9,-0.91
2007,PENNSYLVANIA,42.0,FULTON,57,3484000,-0.58,-0.57
2007,PENNSYLVANIA,42.0,YORK,133,100168000,-0.28,-0.31
2007,PENNSYLVANIA,42.0,BERKS,11,165511000,-0.82,-0.84
2007,PENNSYLVANIA,42.0,BUCKS,17,53905000,-0.75,-0.7
2007,PENNSYLVANIA,42.0,CHESTER,29,440169000,-0.71,-0.71
2007,PENNSYLVANIA,42.0,DELAWARE,45,9200000,-1.06,-1.12
2007,PENNSYLVANIA,42.0,LANCASTER,71,149254000,-0.78,-0.74
2007,PENNSYLVANIA,42.0,LEBANON,75,21995000,-0.56,-0.51
2007,PENNSYLVANIA,42.0,MONTGOMERY,91,18866000,-0.75,-0.73
2007,PENNSYLVANIA,42.0,ALLEGHENY,3,8153000,-0.98,-0.99
2007,PENNSYLVANIA,42.0,FAYETTE,51,10624000,-0.77,-0.7
2007,PENNSYLVANIA,42.0,GREENE,59,3341000,-0.71,-0.7
2007,PENNSYLVANIA,42.0,SOMERSET,111,11680000,-0.7,-0.68
2007,PENNSYLVANIA,42.0,WASHINGTON,125,12829000,-0.51,-0.5
2007,PENNSYLVANIA,42.0,WESTMORELAND,129,21880000,-0.51,-0.55
2007,PENNSYLVANIA,42.0,ARMSTRONG,5,34464000,-0.97,-0.98
2007,PENNSYLVANIA,42.0,BEAVER,7,6817000,-0.63,-0.59
2007,PENNSYLVANIA,42.0,BUTLER,19,20582000,-1.1,-1.07
2007,PENNSYLVANIA,42.0,CLARION,31,7400000,-1.18,-1.23
2007,PENNSYLVANIA,42.0,INDIANA,63,41362000,-0.63,-0.61
2007,PENNSYLVANIA,42.0,JEFFERSON,65,14964000,-0.74,-0.71
2007,PENNSYLVANIA,42.0,LAWRENCE,73,12090000,-0.59,-0.59
2007,RHODE ISLAND,44.0,BRISTOL,1,2507000,-0.48,-0.43
2007,RHODE ISLAND,44.0,KENT,3,3452000,-0.98,-0.99
2007,RHODE ISLAND,44.0,NEWPORT,5,16144000,-0.97,-0.98
2007,RHODE ISLAND,44.0,PROVIDENCE,7,11534000,-0.63,-0.59
2007,RHODE ISLAND,44.0,WASHINGTON,9,21964000,-0.56,-0.61
2007,SOUTH CAROLINA,45.0,CALHOUN,17,30017000,-0.75,-0.7
2007,SOUTH CAROLINA,45.0,CLARENDON,27,37836000,-0.79,-0.8
2007,SOUTH CAROLINA,45.0,LEE,61,27365000,-1.06,-1.12
2007,SOUTH CAROLINA,45.0,LEXINGTON,63,48090000,-0.63,-0.61
2007,SOUTH CAROLINA,45.0,ORANGEBURG,75,63223000,-0.56,-0.51
2007,SOUTH CAROLINA,45.0,RICHLAND,79,6740000,-0.59,-0.62
2007,SOUTH CAROLINA,45.0,SUMTER,85,33122000,-0.57,-0.59
2007,SOUTH CAROLINA,45.0,CHESTERFIELD,25,9138000,-0.62,-0.59
2007,SOUTH CAROLINA,45.0,DARLINGTON,31,31339000,-1.18,-1.23
2007,SOUTH CAROLINA,45.0,DILLON,33,25893000,-0.82,-0.83
2007,SOUTH CAROLINA,45.0,FLORENCE,41,30267000,-0.88,-0.87
2007,SOUTH CAROLINA,45.0,GEORGETOWN,43,20846000,-0.46,-0.48
2007,SOUTH CAROLINA,45.0,HORRY,51,43400000,-0.77,-0.7
2007,SOUTH CAROLINA,45.0,MARION,67,11088000,-0.96,-0.98
2007,SOUTH CAROLINA,45.0,MARLBORO,69,13294000,-1.09,-1.15
2007,SOUTH CAROLINA,45.0,WILLIAMSBURG,89,30072000,-0.98,-0.95
2007,SOUTH CAROLINA,45.0,CHESTER,23,1815000,-0.8,-0.83
2007,SOUTH CAROLINA,45.0,FAIRFIELD,39,1505000,-1.18,-1.18
2007,SOUTH CAROLINA,45.0,KERSHAW,55,4722000,-0.9,-0.91
2007,SOUTH CAROLINA,45.0,LANCASTER,57,2022000,-0.58,-0.57
2007,SOUTH CAROLINA,45.0,ANDERSON,7,5546000,-0.63,-0.59
2007,SOUTH CAROLINA,45.0,CHEROKEE,21,1544000,-0.4,-0.34
2007,SOUTH CAROLINA,45.0,GREENVILLE,45,16465000,-1.06,-1.12
2007,SOUTH CAROLINA,45.0,LAURENS,59,2335000,-0.71,-0.7
2007,SOUTH CAROLINA,45.0,OCONEE,73,3077000,-0.59,-0.59
2007,SOUTH CAROLINA,45.0,SPARTANBURG,83,15099000,-0.94,-0.91
2007,SOUTH CAROLINA,45.0,ALLENDALE,5,11859000,-0.97,-0.98
2007,SOUTH CAROLINA,45.0,BAMBERG,9,16372000,-0.56,-0.61
2007,SOUTH CAROLINA,45.0,BARNWELL,11,9246000,-0.82,-0.84
2007,SOUTH CAROLINA,45.0,BEAUFORT,13,27429000,-0.84,-0.79
2007,SOUTH CAROLINA,45.0,CHARLESTON,19,17533000,-1.1,-1.07
2007,SOUTH CAROLINA,45.0,COLLETON,29,19041000,-0.71,-0.71
2007,SOUTH CAROLINA,45.0,DORCHESTER,35,14463000,-1.03,-0.96
2007,SOUTH CAROLINA,45.0,HAMPTON,49,11814000,-0.92,-0.89
2007,SOUTH CAROLINA,45.0,ABBEVILLE,1,2988000,-0.48,-0.43
2007,SOUTH CAROLINA,45.0,AIKEN,3,10375000,-0.98,-0.99
2007,SOUTH CAROLINA,45.0,EDGEFIELD,37,38642000,-0.82,-0.76
2007,SOUTH CAROLINA,45.0,GREENWOOD,47,6068000,-0.73,-0.7
2007,SOUTH CAROLINA,45.0,NEWBERRY,71,3635000,-0.78,-0.74
2007,SOUTH CAROLINA,45.0,SALUDA,81,6449000,-0.49,-0.44
2007,SOUTH DAKOTA,46.0,AURORA,3,47280000,-0.98,-0.99
2007,SOUTH DAKOTA,46.0,BEADLE,5,99501000,-0.97,-0.98
2007,SOUTH DAKOTA,46.0,BRULE,15,45097000,-0.88,-0.88
2007,SOUTH DAKOTA,46.0,BUFFALO,17,10816000,-0.75,-0.7
2007,SOUTH DAKOTA,46.0,HAND,59,97948000,-0.71,-0.7
2007,SOUTH DAKOTA,46.0,HUGHES,65,39910000,-0.74,-0.71
2007,SOUTH DAKOTA,46.0,HYDE,69,28033000,-1.09,-1.15
2007,SOUTH DAKOTA,46.0,JERAULD,73,33888000,-0.59,-0.59
2007,SOUTH DAKOTA,46.0,SULLY,119,93220000,-0.9,-0.85
2007,SOUTH DAKOTA,46.0,BROOKINGS,11,87249000,-0.82,-0.84
2007,SOUTH DAKOTA,46.0,DAVISON,35,46449000,-1.03,-0.96
2007,SOUTH DAKOTA,46.0,HANSON,61,36931000,-1.06,-1.12
2007,SOUTH DAKOTA,46.0,KINGSBURY,77,91139000,-0.69,-0.7
2007,SOUTH DAKOTA,46.0,LAKE,79,81815000,-0.59,-0.62
2007,SOUTH DAKOTA,46.0,MCCOOK,87,80283000,-0.61,-0.6
2007,SOUTH DAKOTA,46.0,MINER,97,41002000,-0.93,-0.95
2007,SOUTH DAKOTA,46.0,MINNEHAHA,99,109380000,-0.78,-0.71
2007,SOUTH DAKOTA,46.0,MOODY,101,78038000,-0.67,-0.64
2007,SOUTH DAKOTA,46.0,SANBORN,111,27366000,-0.7,-0.68
2007,SOUTH DAKOTA,46.0,BROWN,13,185215000,-0.84,-0.79
2007,SOUTH DAKOTA,46.0,CAMPBELL,21,29590000,-0.4,-0.34
2007,SOUTH DAKOTA,46.0,EDMUNDS,45,91812000,-1.06,-1.12
2007,SOUTH DAKOTA,46.0,FAULK,49,69334000,-0.92,-0.89
2007,SOUTH DAKOTA,46.0,MCPHERSON,89,28283000,-0.98,-0.95
2007,SOUTH DAKOTA,46.0,POTTER,107,76111000,-0.44,-0.4
2007,SOUTH DAKOTA,46.0,SPINK,115,150286000,-0.52,-0.55
2007,SOUTH DAKOTA,46.0,WALWORTH,129,35508000,-0.51,-0.55
2007,SOUTH DAKOTA,46.0,CLARK,25,64135000,-0.62,-0.59
2007,SOUTH DAKOTA,46.0,CODINGTON,29,53814000,-0.71,-0.71
2007,SOUTH DAKOTA,46.0,DAY,37,69118000,-0.82,-0.76
2007,SOUTH DAKOTA,46.0,DEUEL,39,42448000,-1.18,-1.18
2007,SOUTH DAKOTA,46.0,GRANT,51,67181000,-0.77,-0.7
2007,SOUTH DAKOTA,46.0,HAMLIN,57,62438000,-0.58,-0.57
2007,SOUTH DAKOTA,46.0,MARSHALL,91,55822000,-0.75,-0.73
2007,SOUTH DAKOTA,46.0,ROBERTS,109,91037000,-0.98,-1.01
2007,SOUTH DAKOTA,46.0,BUTTE,19,8942000,-1.1,-1.07
2007,SOUTH DAKOTA,46.0,CORSON,31,29811000,-1.18,-1.23
2007,SOUTH DAKOTA,46.0,DEWEY,41,17091000,-0.88,-0.87
2007,SOUTH DAKOTA,46.0,HARDING,63,7626000,-0.63,-0.61
2007,SOUTH DAKOTA,46.0,PERKINS,105,13751000,-0.89,-0.83
2007,SOUTH DAKOTA,46.0,ZIEBACH,137,17366000,0.54,0.54
2007,SOUTH DAKOTA,46.0,GREGORY,53,31007000,-0.8,-0.79
2007,SOUTH DAKOTA,46.0,JONES,75,14536000,-0.56,-0.51
2007,SOUTH DAKOTA,46.0,LYMAN,85,51173000,-0.57,-0.59
2007,SOUTH DAKOTA,46.0,MELLETTE,95,6708000,-0.74,-0.75
2007,SOUTH DAKOTA,46.0,TODD,121,9608000,-0.53,-0.53
2007,SOUTH DAKOTA,46.0,TRIPP,123,44113000,-0.91,-0.85
2007,SOUTH DAKOTA,46.0,BON HOMME,9,43630000,-0.56,-0.61
2007,SOUTH DAKOTA,46.0,CHARLES MIX,23,77268000,-0.8,-0.83
2007,SOUTH DAKOTA,46.0,CLAY,27,64791000,-0.79,-0.8
2007,SOUTH DAKOTA,46.0,DOUGLAS,43,36501000,-0.46,-0.48
2007,SOUTH DAKOTA,46.0,HUTCHINSON,67,103726000,-0.96,-0.98
2007,SOUTH DAKOTA,46.0,LINCOLN,83,101453000,-0.94,-0.91
2007,SOUTH DAKOTA,46.0,TURNER,125,88908000,-0.51,-0.5
2007,SOUTH DAKOTA,46.0,UNION,127,79117000,-0.52,-0.53
2007,SOUTH DAKOTA,46.0,YANKTON,135,68510000,0.44,0.4
2007,SOUTH DAKOTA,46.0,BENNETT,7,17759000,-0.63,-0.59
2007,SOUTH DAKOTA,46.0,CUSTER,33,577000,-0.82,-0.83
2007,SOUTH DAKOTA,46.0,FALL RIVER,47,1394000,-0.73,-0.7
2007,SOUTH DAKOTA,46.0,OGLALA LAKOTA,102,4027000,-0.87,-1.36
2007,SOUTH DAKOTA,46.0,HAAKON,55,20489000,-0.9,-0.91
2007,SOUTH DAKOTA,46.0,JACKSON,71,11612000,-0.78,-0.74
2007,SOUTH DAKOTA,46.0,LAWRENCE,81,2496000,-0.49,-0.44
2007,SOUTH DAKOTA,46.0,MEADE,93,20292000,-0.46,-0.45
2007,SOUTH DAKOTA,46.0,PENNINGTON,103,18515000,-0.87,-0.86
2007,SOUTH DAKOTA,46.0,STANLEY,117,23226000,-0.31,-0.28
2007,TENNESSEE,47.0,BEDFORD,3,4733000,-0.98,-0.99
2007,TENNESSEE,47.0,CANNON,15,4916000,-0.88,-0.88
2007,TENNESSEE,47.0,CLAY,27,1008000,-0.79,-0.8
2007,TENNESSEE,47.0,DAVIDSON,37,9745000,-0.82,-0.76
2007,TENNESSEE,47.0,DE KALB,41,66016000,-0.88,-0.87
2007,TENNESSEE,47.0,GILES,55,6421000,-0.9,-0.91
2007,TENNESSEE,47.0,JACKSON,87,1315000,-0.61,-0.6
2007,TENNESSEE,47.0,LINCOLN,103,16805000,-0.87,-0.86
2007,TENNESSEE,47.0,MACON,111,10419000,-0.7,-0.68
2007,TENNESSEE,47.0,MARSHALL,117,1741000,-0.31,-0.28
2007,TENNESSEE,47.0,MAURY,119,5506000,-0.9,-0.85
2007,TENNESSEE,47.0,MOORE,127,590000,-0.52,-0.53
2007,TENNESSEE,47.0,RUTHERFORD,149,10398000,0.46,0.45
2007,TENNESSEE,47.0,SMITH,159,4815000,-1.32,-1.42
2007,TENNESSEE,47.0,SUMNER,165,13635000,-1.04,-1.12
2007,TENNESSEE,47.0,TROUSDALE,169,1087000,-1.17,-1.24
2007,TENNESSEE,47.0,WILLIAMSON,187,8031000,-0.74,-0.71
2007,TENNESSEE,47.0,WILSON,189,1962000,-0.61,-0.71
2007,TENNESSEE,47.0,BLEDSOE,7,5449000,-0.63,-0.59
2007,TENNESSEE,47.0,COFFEE,31,14670000,-1.18,-1.23
2007,TENNESSEE,47.0,CUMBERLAND,35,9317000,-1.03,-0.96
2007,TENNESSEE,47.0,FENTRESS,49,2999000,-0.92,-0.89
2007,TENNESSEE,47.0,FRANKLIN,51,19230000,-0.77,-0.7
2007,TENNESSEE,47.0,GRUNDY,61,9169000,-1.06,-1.12
2007,TENNESSEE,47.0,MARION,115,2304000,-0.52,-0.55
2007,TENNESSEE,47.0,MORGAN,129,486000,-0.51,-0.55
2007,TENNESSEE,47.0,OVERTON,133,1625000,-0.28,-0.31
2007,TENNESSEE,47.0,PICKETT,137,553000,0.54,0.54
2007,TENNESSEE,47.0,PUTNAM,141,2333000,0.21,0.2
2007,TENNESSEE,47.0,SCOTT,151,208000,-0.82,-0.85
2007,TENNESSEE,47.0,SEQUATCHIE,153,492000,-0.97,-1.04
2007,TENNESSEE,47.0,VAN BUREN,175,289000,-1.11,-1.21
2007,TENNESSEE,47.0,WARREN,177,88856000,-1.01,-1.08
2007,TENNESSEE,47.0,WHITE,185,1750000,-1.24,-1.29
2007,TENNESSEE,47.0,DYER,45,58961000,-1.06,-1.12
2007,TENNESSEE,47.0,LAKE,95,25789000,-0.74,-0.75
2007,TENNESSEE,47.0,LAUDERDALE,97,41679000,-0.93,-0.95
2007,TENNESSEE,47.0,OBION,131,58420000,-0.59,-0.55
2007,TENNESSEE,47.0,SHELBY,157,21036000,-0.91,-0.92
2007,TENNESSEE,47.0,TIPTON,167,34344000,-1.03,-1.15
2007,TENNESSEE,47.0,ANDERSON,1,1155000,-0.48,-0.43
2007,TENNESSEE,47.0,BRADLEY,11,4168000,-0.82,-0.84
2007,TENNESSEE,47.0,CAMPBELL,13,686000,-0.84,-0.79
2007,TENNESSEE,47.0,CARTER,19,1516000,-1.1,-1.07
2007,TENNESSEE,47.0,CLAIBORNE,25,1588000,-0.62,-0.59
2007,TENNESSEE,47.0,COCKE,29,6557000,-0.71,-0.71
2007,TENNESSEE,47.0,GRAINGER,57,7592000,-0.58,-0.57
2007,TENNESSEE,47.0,GREENE,59,7736000,-0.71,-0.7
2007,TENNESSEE,47.0,HAMILTON,65,2279000,-0.74,-0.71
2007,TENNESSEE,47.0,HANCOCK,67,718000,-0.96,-0.98
2007,TENNESSEE,47.0,HAWKINS,73,4204000,-0.59,-0.59
2007,TENNESSEE,47.0,JEFFERSON,89,5828000,-0.98,-0.95
2007,TENNESSEE,47.0,JOHNSON,91,1923000,-0.75,-0.73
2007,TENNESSEE,47.0,KNOX,93,11971000,-0.46,-0.45
2007,TENNESSEE,47.0,MCMINN,107,2346000,-0.44,-0.4
2007,TENNESSEE,47.0,MEIGS,121,251000,-0.53,-0.53
2007,TENNESSEE,47.0,MONROE,123,1587000,-0.91,-0.85
2007,TENNESSEE,47.0,POLK,139,1744000,-0.45,-0.44
2007,TENNESSEE,47.0,RHEA,143,4961000,-0.04,-0.04
2007,TENNESSEE,47.0,ROANE,145,1441000,-0.48,-0.43
2007,TENNESSEE,47.0,SEVIER,155,1032000,-1.48,-1.52
2007,TENNESSEE,47.0,SULLIVAN,163,2959000,-0.8,-0.91
2007,TENNESSEE,47.0,UNICOI,171,76000,-1.27,-1.3
2007,TENNESSEE,47.0,UNION,173,476000,-1.46,-1.51
2007,TENNESSEE,47.0,WASHINGTON,179,9616000,-1.32,-1.34
2007,TENNESSEE,47.0,BENTON,5,2092000,-0.97,-0.98
2007,TENNESSEE,47.0,CARROLL,17,24258000,-0.75,-0.7
2007,TENNESSEE,47.0,CHESTER,23,2910000,-0.8,-0.83
2007,TENNESSEE,47.0,CROCKETT,33,29125000,-0.82,-0.83
2007,TENNESSEE,47.0,DECATUR,39,1313000,-1.18,-1.18
2007,TENNESSEE,47.0,FAYETTE,47,27136000,-0.73,-0.7
2007,TENNESSEE,47.0,GIBSON,53,63625000,-0.8,-0.79
2007,TENNESSEE,47.0,HARDEMAN,69,9598000,-1.09,-1.15
2007,TENNESSEE,47.0,HARDIN,71,7491000,-0.78,-0.74
2007,TENNESSEE,47.0,HAYWOOD,75,44493000,-0.56,-0.51
2007,TENNESSEE,47.0,HENDERSON,77,8542000,-0.69,-0.7
2007,TENNESSEE,47.0,HENRY,79,26588000,-0.59,-0.62
2007,TENNESSEE,47.0,MADISON,113,22859000,-0.6,-0.58
2007,TENNESSEE,47.0,MCNAIRY,109,8858000,-0.98,-1.01
2007,TENNESSEE,47.0,WEAKLEY,183,46164000,-1.47,-1.48
2007,TENNESSEE,47.0,CHEATHAM,21,5418000,-0.4,-0.34
2007,TENNESSEE,47.0,DICKSON,43,3401000,-0.46,-0.48
2007,TENNESSEE,47.0,HICKMAN,81,2415000,-0.49,-0.44
2007,TENNESSEE,47.0,HOUSTON,83,345000,-0.94,-0.91
2007,TENNESSEE,47.0,HUMPHREYS,85,3758000,-0.57,-0.59
2007,TENNESSEE,47.0,LAWRENCE,99,11756000,-0.78,-0.71
2007,TENNESSEE,47.0,LEWIS,101,320000,-0.67,-0.64
2007,TENNESSEE,47.0,MONTGOMERY,125,18392000,-0.51,-0.5
2007,TENNESSEE,47.0,PERRY,135,826000,0.44,0.4
2007,TENNESSEE,47.0,ROBERTSON,147,58868000,-0.3,-0.31
2007,TENNESSEE,47.0,WAYNE,181,1347000,-0.68,-0.78
2007,TEXAS,48.0,BELL,27,31955000,-0.79,-0.8
2007,TEXAS,48.0,BOSQUE,35,12407000,-1.03,-0.96
2007,TEXAS,48.0,COLLIN,85,34916000,-0.57,-0.59
2007,TEXAS,48.0,COOKE,97,11437000,-0.93,-0.95
2007,TEXAS,48.0,CORYELL,99,6763000,-0.78,-0.71
2007,TEXAS,48.0,DALLAS,113,31118000,-0.6,-0.58
2007,TEXAS,48.0,DELTA,119,8921000,-0.9,-0.85
2007,TEXAS,48.0,DENTON,121,18538000,-0.53,-0.53
2007,TEXAS,48.0,ELLIS,139,33384000,-0.45,-0.44
2007,TEXAS,48.0,FALLS,145,31209000,-0.48,-0.43
2007,TEXAS,48.0,FANNIN,147,23962000,-0.3,-0.31
2007,TEXAS,48.0,GRAYSON,181,29853000,-0.68,-0.78
2007,TEXAS,48.0,HAMILTON,193,4390000,-0.77,-0.83
2007,TEXAS,48.0,HILL,217,43334000,-1.11,-1.2
2007,TEXAS,48.0,HUNT,231,22570000,-1.2,-1.22
2007,TEXAS,48.0,JOHNSON,251,13170000,-1.23,-1.29
2007,TEXAS,48.0,KAUFMAN,257,14029000,-1.08,-1.07
2007,TEXAS,48.0,LAMAR,277,26573000,-1.24,-1.28
2007,TEXAS,48.0,LIMESTONE,293,9187000,-1.28,-1.32
2007,TEXAS,48.0,MCLENNAN,309,41635000,-1.14,-1.19
2007,TEXAS,48.0,MILAM,331,28932000,-0.37,-0.35
2007,TEXAS,48.0,NAVARRO,349,21820000,-0.74,-0.7
2007,TEXAS,48.0,ROCKWALL,397,1837000,-0.97,-0.91
2007,TEXAS,48.0,TARRANT,439,53655000,-0.49,-0.47
2007,TEXAS,48.0,WILLIAMSON,491,54513000,-0.46,-0.44
2007,TEXAS,48.0,ARANSAS,7,45000,-0.63,-0.59
2007,TEXAS,48.0,KLEBERG,273,25073000,-0.85,-0.9
2007,TEXAS,48.0,NUECES,355,108055000,-0.39,-0.42
2007,TEXAS,48.0,REFUGIO,391,20039000,-0.48,-0.48
2007,TEXAS,48.0,SAN PATRICIO,409,89635000,-0.68,-0.69
2007,TEXAS,48.0,ARCHER,9,5257000,-0.56,-0.61
2007,TEXAS,48.0,BROWN,49,5896000,-0.92,-0.89
2007,TEXAS,48.0,CALLAHAN,59,4065000,-0.71,-0.7
2007,TEXAS,48.0,CLAY,77,5305000,-0.69,-0.7
2007,TEXAS,48.0,COMANCHE,93,21569000,-0.46,-0.45
2007,TEXAS,48.0,EASTLAND,133,7190000,-0.28,-0.31
2007,TEXAS,48.0,ERATH,143,12882000,-0.04,-0.04
2007,TEXAS,48.0,HOOD,221,7206000,-0.98,-1.05
2007,TEXAS,48.0,JACK,237,1880000,-1.11,-1.25
2007,TEXAS,48.0,MILLS,333,5301000,-1.12,-1.12
2007,TEXAS,48.0,MONTAGUE,337,7146000,-0.63,-0.62
2007,TEXAS,48.0,PALO PINTO,363,3759000,-0.62,-0.59
2007,TEXAS,48.0,PARKER,367,14838000,-0.46,-0.43
2007,TEXAS,48.0,SHACKELFORD,417,2075000,-1.08,-1.06
2007,TEXAS,48.0,SOMERVELL,425,2856000,-0.18,-0.11
2007,TEXAS,48.0,STEPHENS,429,1027000,-0.82,-0.82
2007,TEXAS,48.0,THROCKMORTON,447,4762000,-1.22,-1.19
2007,TEXAS,48.0,WISE,497,13607000,-0.78,-0.78
2007,TEXAS,48.0,YOUNG,503,5603000,-1.2,-1.18
2007,TEXAS,48.0,ANDERSON,1,12885000,-0.48,-0.43
2007,TEXAS,48.0,BOWIE,37,9458000,-0.82,-0.76
2007,TEXAS,48.0,CAMP,63,2940000,-0.63,-0.61
2007,TEXAS,48.0,CASS,67,5622000,-0.96,-0.98
2007,TEXAS,48.0,CHEROKEE,73,89095000,-0.59,-0.59
2007,TEXAS,48.0,FRANKLIN,159,3769000,-1.32,-1.42
2007,TEXAS,48.0,GREGG,183,1576000,-1.47,-1.48
2007,TEXAS,48.0,HARRISON,203,2863000,-0.06,-0.06
2007,TEXAS,48.0,HENDERSON,213,19123000,-1.08,-1.06
2007,TEXAS,48.0,HOPKINS,223,16504000,-0.91,-0.89
2007,TEXAS,48.0,HOUSTON,225,9050000,-0.92,-1.0
2007,TEXAS,48.0,MARION,315,1098000,-0.95,-1.01
2007,TEXAS,48.0,MORRIS,343,1180000,-0.73,-0.67
2007,TEXAS,48.0,NACOGDOCHES,347,5349000,0.3,0.27
2007,TEXAS,48.0,PANOLA,365,2704000,-0.09,-0.11
2007,TEXAS,48.0,RAINS,379,4663000,-0.98,-0.92
2007,TEXAS,48.0,RED RIVER,387,7389000,-0.4,-0.36
2007,TEXAS,48.0,RUSK,401,17456000,-0.57,-0.56
2007,TEXAS,48.0,SHELBY,419,4191000,0.26,0.23
2007,TEXAS,48.0,SMITH,423,42499000,-0.6,-0.51
2007,TEXAS,48.0,TITUS,449,3148000,-0.8,-0.73
2007,TEXAS,48.0,UPSHUR,459,4860000,-0.63,-0.56
2007,TEXAS,48.0,VAN ZANDT,467,48837000,-0.69,-0.63
2007,TEXAS,48.0,WOOD,499,13789000,-0.86,-0.78
2007,TEXAS,48.0,ANGELINA,5,2021000,-0.97,-0.98
2007,TEXAS,48.0,BRAZOS,41,12534000,-0.88,-0.87
2007,TEXAS,48.0,FREESTONE,161,3206000,-1.46,-1.51
2007,TEXAS,48.0,GRIMES,185,7472000,-1.24,-1.29
2007,TEXAS,48.0,HARDIN,199,3430000,-1.3,-1.29
2007,TEXAS,48.0,JASPER,241,2910000,-1.12,-1.12
2007,TEXAS,48.0,LEON,289,8525000,-1.03,-1.1
2007,TEXAS,48.0,MONTGOMERY,339,25093000,0.66,0.69
2007,TEXAS,48.0,NEWTON,351,619000,0.62,0.72
2007,TEXAS,48.0,POLK,373,3923000,0.27,0.27
2007,TEXAS,48.0,ROBERTSON,395,18743000,0.12,0.14
2007,TEXAS,48.0,SABINE,403,292000,0.6,0.64
2007,TEXAS,48.0,SAN AUGUSTINE,405,1406000,0.59,0.59
2007,TEXAS,48.0,SAN JACINTO,407,2333000,0.4,0.42
2007,TEXAS,48.0,TRINITY,455,1266000,-0.15,-0.19
2007,TEXAS,48.0,WALKER,471,14118000,0.56,0.57
2007,TEXAS,48.0,WALLER,473,36524000,0.24,0.27
2007,TEXAS,48.0,BANDERA,19,951000,-1.1,-1.07
2007,TEXAS,48.0,BLANCO,31,9389000,-1.18,-1.23
2007,TEXAS,48.0,BURNET,53,2250000,-0.8,-0.79
2007,TEXAS,48.0,COKE,81,605000,-0.49,-0.44
2007,TEXAS,48.0,CONCHO,95,10212000,-0.74,-0.75
2007,TEXAS,48.0,EDWARDS,137,541000,0.54,0.54
2007,TEXAS,48.0,GILLESPIE,171,7467000,-1.27,-1.3
2007,TEXAS,48.0,IRION,235,705000,-0.95,-1.01
2007,TEXAS,48.0,KENDALL,259,981000,-0.56,-0.56
2007,TEXAS,48.0,KERR,265,1198000,-0.85,-0.96
2007,TEXAS,48.0,KIMBLE,267,1346000,-1.32,-1.37
2007,TEXAS,48.0,KINNEY,271,781000,-1.38,-1.43
2007,TEXAS,48.0,LAMPASAS,281,2122000,-0.69,-0.69
2007,TEXAS,48.0,LLANO,299,258000,-1.33,-1.32
2007,TEXAS,48.0,MASON,319,1837000,-1.09,-1.17
2007,TEXAS,48.0,MCCULLOCH,307,5541000,-0.52,-0.54
2007,TEXAS,48.0,MENARD,327,611000,-1.3,-1.29
2007,TEXAS,48.0,REAGAN,383,12393000,-0.52,-0.54
2007,TEXAS,48.0,REAL,385,385000,-0.96,-0.97
2007,TEXAS,48.0,SAN SABA,411,6743000,-1.12,-1.12
2007,TEXAS,48.0,SCHLEICHER,413,3270000,-1.06,-1.09
2007,TEXAS,48.0,SUTTON,435,333000,-1.13,-1.15
2007,TEXAS,48.0,TOM GREEN,451,49986000,-0.81,-0.83
2007,TEXAS,48.0,UPTON,461,6231000,-0.7,-0.71
2007,TEXAS,48.0,UVALDE,463,31783000,-1.21,-1.2
2007,TEXAS,48.0,VAL VERDE,465,402000,-0.88,-0.89
2007,TEXAS,48.0,CAMERON,61,105039000,-1.06,-1.12
2007,TEXAS,48.0,HIDALGO,215,288480000,-1.02,-0.97
2007,TEXAS,48.0,STARR,427,12579000,-0.04,0.02
2007,TEXAS,48.0,WILLACY,489,46178000,-0.82,-0.76
2007,TEXAS,48.0,ARMSTRONG,11,15691000,-0.82,-0.84
2007,TEXAS,48.0,BRISCOE,45,19941000,-1.06,-1.12
2007,TEXAS,48.0,CARSON,65,52634000,-0.74,-0.71
2007,TEXAS,48.0,CASTRO,69,146866000,-1.09,-1.15
2007,TEXAS,48.0,DALLAM,111,152347000,-0.7,-0.68
2007,TEXAS,48.0,DEAF SMITH,117,88195000,-0.31,-0.28
2007,TEXAS,48.0,GRAY,179,20710000,-1.32,-1.34
2007,TEXAS,48.0,HALE,189,159688000,-0.61,-0.71
2007,TEXAS,48.0,HANSFORD,195,86705000,-0.95,-0.98
2007,TEXAS,48.0,HARTLEY,205,147196000,-0.96,-1.02
2007,TEXAS,48.0,HEMPHILL,211,1920000,-1.05,-1.17
2007,TEXAS,48.0,HUTCHINSON,233,26423000,-0.96,-0.92
2007,TEXAS,48.0,LIPSCOMB,295,11809000,-0.83,-0.79
2007,TEXAS,48.0,MOORE,341,78715000,-0.62,-0.72
2007,TEXAS,48.0,OLDHAM,359,8531000,-0.47,-0.59
2007,TEXAS,48.0,PARMER,369,124309000,-0.32,-0.47
2007,TEXAS,48.0,POTTER,375,5216000,-0.39,-0.5
2007,TEXAS,48.0,RANDALL,381,24086000,-0.33,-0.45
2007,TEXAS,48.0,ROBERTS,393,6743000,-0.44,-0.59
2007,TEXAS,48.0,SHERMAN,421,104162000,-0.19,-0.29
2007,TEXAS,48.0,SWISHER,437,66202000,-0.1,-0.29
2007,TEXAS,48.0,BORDEN,33,8038000,-0.82,-0.83
2007,TEXAS,48.0,CHILDRESS,75,18824000,-0.56,-0.51
2007,TEXAS,48.0,COLLINGSWORTH,87,36167000,-0.61,-0.6
2007,TEXAS,48.0,COTTLE,101,7936000,-0.67,-0.64
2007,TEXAS,48.0,DICKENS,125,11038000,-0.51,-0.5
2007,TEXAS,48.0,DONLEY,129,13148000,-0.51,-0.55
2007,TEXAS,48.0,FOARD,155,11312000,-1.48,-1.52
2007,TEXAS,48.0,GARZA,169,22562000,-1.17,-1.24
2007,TEXAS,48.0,HALL,191,37072000,-1.33,-1.31
2007,TEXAS,48.0,HARDEMAN,197,10043000,-0.9,-0.92
2007,TEXAS,48.0,KENT,263,1505000,-1.29,-1.28
2007,TEXAS,48.0,KING,269,1560000,-1.05,-1.11
2007,TEXAS,48.0,MOTLEY,345,7241000,-0.28,-0.45
2007,TEXAS,48.0,WHEELER,483,7925000,-0.45,-0.61
2007,TEXAS,48.0,WICHITA,485,15786000,-0.8,-0.8
2007,TEXAS,48.0,WILBARGER,487,28567000,-0.68,-0.73
2007,TEXAS,48.0,AUSTIN,15,9772000,-0.88,-0.88
2007,TEXAS,48.0,BASTROP,21,10896000,-0.4,-0.34
2007,TEXAS,48.0,BEE,25,19075000,-0.62,-0.59
2007,TEXAS,48.0,BEXAR,29,64471000,-0.71,-0.71
2007,TEXAS,48.0,BURLESON,51,18959000,-0.77,-0.7
2007,TEXAS,48.0,CALDWELL,55,7463000,-0.9,-0.91
2007,TEXAS,48.0,COLORADO,89,35451000,-0.98,-0.95
2007,TEXAS,48.0,COMAL,91,2920000,-0.75,-0.73
2007,TEXAS,48.0,DE WITT,123,6657000,-0.91,-0.85
2007,TEXAS,48.0,FAYETTE,149,10547000,0.46,0.45
2007,TEXAS,48.0,GOLIAD,175,4707000,-1.11,-1.21
2007,TEXAS,48.0,GONZALES,177,15281000,-1.01,-1.08
2007,TEXAS,48.0,GUADALUPE,187,18807000,-0.74,-0.71
2007,TEXAS,48.0,HAYS,209,4787000,-1.1,-1.15
2007,TEXAS,48.0,KARNES,255,10638000,-0.93,-0.94
2007,TEXAS,48.0,LAVACA,285,7473000,-0.88,-0.87
2007,TEXAS,48.0,LEE,287,8234000,-1.31,-1.37
2007,TEXAS,48.0,MEDINA,325,43287000,-1.52,-1.49
2007,TEXAS,48.0,TRAVIS,453,15411000,-0.81,-0.81
2007,TEXAS,48.0,WASHINGTON,477,10288000,0.03,0.01
2007,TEXAS,48.0,WILSON,493,15566000,-0.93,-0.89
2007,TEXAS,48.0,ATASCOSA,13,16569000,-0.84,-0.79
2007,TEXAS,48.0,BROOKS,47,911000,-0.73,-0.7
2007,TEXAS,48.0,DIMMIT,127,2617000,-0.52,-0.53
2007,TEXAS,48.0,DUVAL,131,3946000,-0.59,-0.55
2007,TEXAS,48.0,FRIO,163,39640000,-0.8,-0.91
2007,TEXAS,48.0,JIM WELLS,249,24862000,-0.66,-0.73
2007,TEXAS,48.0,LA SALLE,283,7779000,-1.08,-1.17
2007,TEXAS,48.0,LIVE OAK,297,5356000,-0.92,-0.99
2007,TEXAS,48.0,MAVERICK,323,1934000,-1.01,-0.94
2007,TEXAS,48.0,MCMULLEN,311,295000,-0.82,-0.8
2007,TEXAS,48.0,WEBB,479,304000,-0.47,-0.42
2007,TEXAS,48.0,ZAVALA,507,18443000,-1.16,-1.1
2007,TEXAS,48.0,ANDREWS,3,11362000,-0.98,-0.99
2007,TEXAS,48.0,BAILEY,17,39280000,-0.75,-0.7
2007,TEXAS,48.0,CROSBY,107,87628000,-0.44,-0.4
2007,TEXAS,48.0,DAWSON,115,108656000,-0.52,-0.55
2007,TEXAS,48.0,GAINES,165,187022000,-1.04,-1.12
2007,TEXAS,48.0,GLASSCOCK,173,44099000,-1.46,-1.51
2007,TEXAS,48.0,HOCKLEY,219,101394000,-0.83,-0.89
2007,TEXAS,48.0,HOWARD,227,33274000,-0.77,-0.74
2007,TEXAS,48.0,LAMB,279,143216000,-1.22,-1.27
2007,TEXAS,48.0,LYNN,305,96788000,-1.42,-1.4
2007,TEXAS,48.0,MARTIN,317,51231000,-0.86,-0.95
2007,TEXAS,48.0,MIDLAND,329,11962000,-0.18,-0.19
2007,TEXAS,48.0,TERRY,445,112424000,-0.25,-0.33
2007,TEXAS,48.0,YOAKUM,501,81198000,-0.33,-0.4
2007,TEXAS,48.0,BAYLOR,23,9255000,-0.8,-0.83
2007,TEXAS,48.0,COLEMAN,83,5444000,-0.94,-0.91
2007,TEXAS,48.0,FISHER,151,28859000,-0.82,-0.85
2007,TEXAS,48.0,HASKELL,207,44052000,-1.3,-1.33
2007,TEXAS,48.0,JONES,253,40780000,-1.09,-1.13
2007,TEXAS,48.0,KNOX,275,23769000,-1.23,-1.29
2007,TEXAS,48.0,MITCHELL,335,17400000,-0.76,-0.82
2007,TEXAS,48.0,NOLAN,353,20797000,-1.21,-1.19
2007,TEXAS,48.0,RUNNELS,399,30814000,-1.13,-1.1
2007,TEXAS,48.0,SCURRY,415,28211000,-0.22,-0.28
2007,TEXAS,48.0,STONEWALL,433,4041000,-0.52,-0.5
2007,TEXAS,48.0,TAYLOR,441,15685000,-1.01,-0.97
2007,TEXAS,48.0,BREWSTER,43,1222000,-0.46,-0.48
2007,TEXAS,48.0,CRANE,103,7000,-0.87,-0.86
2007,TEXAS,48.0,CULBERSON,109,7049000,-0.98,-1.01
2007,TEXAS,48.0,ECTOR,135,979000,0.44,0.4
2007,TEXAS,48.0,EL PASO,141,40929000,0.21,0.2
2007,TEXAS,48.0,HUDSPETH,229,20170000,-1.13,-1.14
2007,TEXAS,48.0,JEFF DAVIS,243,150000,-0.86,-0.88
2007,TEXAS,48.0,PECOS,371,11763000,-0.8,-0.81
2007,TEXAS,48.0,REEVES,389,4275000,-0.52,-0.5
2007,TEXAS,48.0,WARD,475,479000,-0.42,-0.43
2007,TEXAS,48.0,BRAZORIA,39,30175000,-1.18,-1.18
2007,TEXAS,48.0,CALHOUN,57,20061000,-0.58,-0.57
2007,TEXAS,48.0,CHAMBERS,71,8828000,-0.78,-0.74
2007,TEXAS,48.0,FORT BEND,157,80323000,-0.91,-0.92
2007,TEXAS,48.0,GALVESTON,167,4981000,-1.03,-1.15
2007,TEXAS,48.0,HARRIS,201,39282000,-1.28,-1.31
2007,TEXAS,48.0,JACKSON,239,47060000,-0.72,-0.74
2007,TEXAS,48.0,JEFFERSON,245,13158000,-0.44,-0.49
2007,TEXAS,48.0,LIBERTY,291,10119000,-0.44,-0.44
2007,TEXAS,48.0,MATAGORDA,321,60875000,-1.26,-1.33
2007,TEXAS,48.0,VICTORIA,469,23491000,-0.58,-0.59
2007,TEXAS,48.0,WHARTON,481,146003000,-0.42,-0.46
2007,UTAH,49.0,JUAB,23,8431000,-0.8,-0.83
2007,UTAH,49.0,MILLARD,27,42040000,-0.79,-0.8
2007,UTAH,49.0,SANPETE,39,11142000,-1.18,-1.18
2007,UTAH,49.0,SEVIER,41,12568000,-0.88,-0.87
2007,UTAH,49.0,UTAH,49,68795000,-0.92,-0.89
2007,UTAH,49.0,CARBON,7,841000,-0.63,-0.59
2007,UTAH,49.0,DAGGETT,9,460000,-0.56,-0.61
2007,UTAH,49.0,DUCHESNE,13,6424000,-0.84,-0.79
2007,UTAH,49.0,EMERY,15,2197000,-0.88,-0.88
2007,UTAH,49.0,GRAND,19,944000,-1.1,-1.07
2007,UTAH,49.0,SAN JUAN,37,4391000,-0.82,-0.76
2007,UTAH,49.0,SUMMIT,43,1564000,-0.46,-0.48
2007,UTAH,49.0,UINTAH,47,8372000,-0.73,-0.7
2007,UTAH,49.0,WASATCH,51,1355000,-0.77,-0.7
2007,UTAH,49.0,BOX ELDER,3,50497000,-0.98,-0.99
2007,UTAH,49.0,CACHE,5,24335000,-0.97,-0.98
2007,UTAH,49.0,DAVIS,11,31280000,-0.82,-0.84
2007,UTAH,49.0,MORGAN,29,1418000,-0.71,-0.71
2007,UTAH,49.0,RICH,33,782000,-0.82,-0.83
2007,UTAH,49.0,SALT LAKE,35,17866000,-1.03,-0.96
2007,UTAH,49.0,TOOELE,45,7604000,-1.06,-1.12
2007,UTAH,49.0,WEBER,57,11889000,-0.58,-0.57
2007,UTAH,49.0,BEAVER,1,8391000,-0.48,-0.43
2007,UTAH,49.0,GARFIELD,17,1125000,-0.75,-0.7
2007,UTAH,49.0,IRON,21,42233000,-0.4,-0.34
2007,UTAH,49.0,KANE,25,280000,-0.62,-0.59
2007,UTAH,49.0,PIUTE,31,311000,-1.18,-1.23
2007,UTAH,49.0,WASHINGTON,53,3836000,-0.8,-0.79
2007,UTAH,49.0,WAYNE,55,1027000,-0.9,-0.91
2007,VERMONT,50.0,ADDISON,1,14712000,-0.48,-0.43
2007,VERMONT,50.0,BENNINGTON,3,3174000,-0.98,-0.99
2007,VERMONT,50.0,CALEDONIA,5,3733000,-0.97,-0.98
2007,VERMONT,50.0,CHITTENDEN,7,13807000,-0.63,-0.59
2007,VERMONT,50.0,ESSEX,9,1014000,-0.56,-0.61
2007,VERMONT,50.0,FRANKLIN,11,9927000,-0.82,-0.84
2007,VERMONT,50.0,GRAND ISLE,13,1362000,-0.84,-0.79
2007,VERMONT,50.0,LAMOILLE,15,7344000,-0.88,-0.88
2007,VERMONT,50.0,ORANGE,17,9283000,-0.75,-0.7
2007,VERMONT,50.0,ORLEANS,19,4620000,-1.1,-1.07
2007,VERMONT,50.0,RUTLAND,21,8726000,-0.4,-0.34
2007,VERMONT,50.0,WASHINGTON,23,5154000,-0.8,-0.83
2007,VERMONT,50.0,WINDHAM,25,8507000,-0.62,-0.59
2007,VERMONT,50.0,WINDSOR,27,7898000,-0.79,-0.8
2007,VIRGINIA,51.0,ALBEMARLE,3,9697000,-0.98,-0.99
2007,VIRGINIA,51.0,AMELIA,7,7748000,-0.63,-0.59
2007,VIRGINIA,51.0,AMHERST,9,1357000,-0.56,-0.61
2007,VIRGINIA,51.0,APPOMATTOX,11,1218000,-0.82,-0.84
2007,VIRGINIA,51.0,BEDFORD,19,3907000,-1.1,-1.07
2007,VIRGINIA,51.0,BUCKINGHAM,29,1417000,-0.71,-0.71
2007,VIRGINIA,51.0,CAMPBELL,31,3231000,-1.18,-1.23
2007,VIRGINIA,51.0,CAROLINE,33,8224000,-0.82,-0.83
2007,VIRGINIA,51.0,CHESTERFIELD,41,2166000,-0.88,-0.87
2007,VIRGINIA,51.0,CUMBERLAND,49,1936000,-0.92,-0.89
2007,VIRGINIA,51.0,FLUVANNA,65,2655000,-0.74,-0.71
2007,VIRGINIA,51.0,GOOCHLAND,75,3647000,-0.56,-0.51
2007,VIRGINIA,51.0,GREENE,79,1727000,-0.59,-0.62
2007,VIRGINIA,51.0,HANOVER,85,35607000,-0.57,-0.59
2007,VIRGINIA,51.0,HENRICO,87,8183000,-0.61,-0.6
2007,VIRGINIA,51.0,LOUISA,109,3568000,-0.98,-1.01
2007,VIRGINIA,51.0,NELSON,125,8614000,-0.51,-0.5
2007,VIRGINIA,51.0,ORANGE,137,50673000,0.54,0.54
2007,VIRGINIA,51.0,POWHATAN,145,2692000,-0.48,-0.43
2007,VIRGINIA,51.0,PRINCE EDWARD,147,1975000,-0.3,-0.31
2007,VIRGINIA,51.0,SPOTSYLVANIA,177,2418000,-1.01,-1.08
2007,VIRGINIA,51.0,ACCOMACK,1,53032000,-0.48,-0.43
2007,VIRGINIA,51.0,ESSEX,57,9233000,-0.58,-0.57
2007,VIRGINIA,51.0,JAMES CITY,95,1469000,-0.74,-0.75
2007,VIRGINIA,51.0,KING AND QUEEN,97,7259000,-0.93,-0.95
2007,VIRGINIA,51.0,KING GEORGE,99,3775000,-0.78,-0.71
2007,VIRGINIA,51.0,KING WILLIAM,101,14074000,-0.67,-0.64
2007,VIRGINIA,51.0,LANCASTER,103,2738000,-0.87,-0.86
2007,VIRGINIA,51.0,MATHEWS,115,2599000,-0.52,-0.55
2007,VIRGINIA,51.0,MIDDLESEX,119,5611000,-0.9,-0.85
2007,VIRGINIA,51.0,NEW KENT,127,4313000,-0.52,-0.53
2007,VIRGINIA,51.0,NORTHAMPTON,131,59315000,-0.59,-0.55
2007,VIRGINIA,51.0,NORTHUMBERLAND,133,11327000,-0.28,-0.31
2007,VIRGINIA,51.0,RICHMOND,159,9596000,-1.32,-1.42
2007,VIRGINIA,51.0,WESTMORELAND,193,24267000,-0.77,-0.83
2007,VIRGINIA,51.0,CLARKE,43,5233000,-0.46,-0.48
2007,VIRGINIA,51.0,CULPEPER,47,12796000,-0.73,-0.7
2007,VIRGINIA,51.0,FAIRFAX,59,1712000,-0.71,-0.7
2007,VIRGINIA,51.0,FAUQUIER,61,10213000,-1.06,-1.12
2007,VIRGINIA,51.0,FREDERICK,69,19888000,-1.09,-1.15
2007,VIRGINIA,51.0,LOUDOUN,107,19518000,-0.44,-0.4
2007,VIRGINIA,51.0,MADISON,113,5728000,-0.6,-0.58
2007,VIRGINIA,51.0,PAGE,139,2053000,-0.45,-0.44
2007,VIRGINIA,51.0,PRINCE WILLIAM,153,4865000,-0.97,-1.04
2007,VIRGINIA,51.0,RAPPAHANNOCK,157,2465000,-0.91,-0.92
2007,VIRGINIA,51.0,ROCKINGHAM,165,20047000,-1.04,-1.12
2007,VIRGINIA,51.0,SHENANDOAH,171,11295000,-1.27,-1.3
2007,VIRGINIA,51.0,STAFFORD,179,1720000,-1.32,-1.34
2007,VIRGINIA,51.0,WARREN,187,1207000,-0.74,-0.71
2007,VIRGINIA,51.0,BRUNSWICK,25,7015000,-0.62,-0.59
2007,VIRGINIA,51.0,CHESAPEAKE CITY,550,30956000,0.69,0.65
2007,VIRGINIA,51.0,DINWIDDIE,53,8263000,-0.8,-0.79
2007,VIRGINIA,51.0,GREENSVILLE,81,6698000,-0.49,-0.44
2007,VIRGINIA,51.0,ISLE OF WIGHT,93,13798000,-0.46,-0.45
2007,VIRGINIA,51.0,MECKLENBURG,117,21228000,-0.31,-0.28
2007,VIRGINIA,51.0,PRINCE GEORGE,149,5001000,0.46,0.45
2007,VIRGINIA,51.0,SOUTHAMPTON,175,27500000,-1.11,-1.21
2007,VIRGINIA,51.0,SUFFOLK CITY,800,42222000,0.85,0.8
2007,VIRGINIA,51.0,SURRY,181,8241000,-0.68,-0.78
2007,VIRGINIA,51.0,CHARLOTTE,37,6668000,-0.82,-0.76
2007,VIRGINIA,51.0,FRANKLIN,67,7018000,-0.96,-0.98
2007,VIRGINIA,51.0,HALIFAX,83,13422000,-0.94,-0.91
2007,VIRGINIA,51.0,HENRY,89,1208000,-0.98,-0.95
2007,VIRGINIA,51.0,LUNENBURG,111,4426000,-0.7,-0.68
2007,VIRGINIA,51.0,NOTTOWAY,135,2429000,0.44,0.4
2007,VIRGINIA,51.0,PATRICK,141,7523000,0.21,0.2
2007,VIRGINIA,51.0,PITTSYLVANIA,143,23409000,-0.04,-0.04
2007,VIRGINIA,51.0,BLAND,21,417000,-0.4,-0.34
2007,VIRGINIA,51.0,BUCHANAN,27,105000,-0.79,-0.8
2007,VIRGINIA,51.0,CARROLL,35,8606000,-1.03,-0.96
2007,VIRGINIA,51.0,DICKENSON,51,148000,-0.77,-0.7
2007,VIRGINIA,51.0,FLOYD,63,18727000,-0.63,-0.61
2007,VIRGINIA,51.0,GILES,71,787000,-0.78,-0.74
2007,VIRGINIA,51.0,GRAYSON,77,3583000,-0.69,-0.7
2007,VIRGINIA,51.0,LEE,105,4219000,-0.89,-0.83
2007,VIRGINIA,51.0,MONTGOMERY,121,5244000,-0.53,-0.53
2007,VIRGINIA,51.0,PULASKI,155,611000,-1.48,-1.52
2007,VIRGINIA,51.0,RUSSELL,167,1528000,-1.03,-1.15
2007,VIRGINIA,51.0,SCOTT,169,4792000,-1.17,-1.24
2007,VIRGINIA,51.0,SMYTH,173,2114000,-1.46,-1.51
2007,VIRGINIA,51.0,TAZEWELL,185,1013000,-1.24,-1.29
2007,VIRGINIA,51.0,WASHINGTON,191,4897000,-1.33,-1.31
2007,VIRGINIA,51.0,WISE,195,210000,-0.95,-0.98
2007,VIRGINIA,51.0,WYTHE,197,2489000,-0.9,-0.92
2007,VIRGINIA,51.0,ALLEGHANY,5,283000,-0.97,-0.98
2007,VIRGINIA,51.0,AUGUSTA,15,20152000,-0.88,-0.88
2007,VIRGINIA,51.0,BATH,17,1110000,-0.75,-0.7
2007,VIRGINIA,51.0,BOTETOURT,23,2488000,-0.8,-0.83
2007,VIRGINIA,51.0,CRAIG,45,481000,-1.06,-1.12
2007,VIRGINIA,51.0,HIGHLAND,91,237000,-0.75,-0.73
2007,VIRGINIA,51.0,ROANOKE,161,3437000,-1.46,-1.51
2007,VIRGINIA,51.0,ROCKBRIDGE,163,3776000,-0.8,-0.91
2007,WASHINGTON,53.0,BENTON,5,470024000,-0.97,-0.98
2007,WASHINGTON,53.0,CHELAN,7,205033000,-0.63,-0.59
2007,WASHINGTON,53.0,KITTITAS,37,38735000,-0.82,-0.76
2007,WASHINGTON,53.0,KLICKITAT,39,43868000,-1.18,-1.18
2007,WASHINGTON,53.0,OKANOGAN,47,184192000,-0.73,-0.7
2007,WASHINGTON,53.0,YAKIMA,77,787459000,-0.69,-0.7
2007,WASHINGTON,53.0,ADAMS,1,246608000,-0.48,-0.43
2007,WASHINGTON,53.0,DOUGLAS,17,186924000,-0.75,-0.7
2007,WASHINGTON,53.0,FRANKLIN,21,383198000,-0.4,-0.34
2007,WASHINGTON,53.0,GRANT,25,846945000,-0.62,-0.59
2007,WASHINGTON,53.0,LINCOLN,43,117744000,-0.46,-0.48
2007,WASHINGTON,53.0,FERRY,19,649000,-1.1,-1.07
2007,WASHINGTON,53.0,PEND OREILLE,51,1264000,-0.77,-0.7
2007,WASHINGTON,53.0,SPOKANE,63,98523000,-0.63,-0.61
2007,WASHINGTON,53.0,STEVENS,65,11676000,-0.74,-0.71
2007,WASHINGTON,53.0,COLUMBIA,13,36224000,-0.84,-0.79
2007,WASHINGTON,53.0,GARFIELD,23,23227000,-0.8,-0.83
2007,WASHINGTON,53.0,WHITMAN,75,243659000,-0.56,-0.51
2007,WASHINGTON,53.0,CLARK,11,22354000,-0.82,-0.84
2007,WASHINGTON,53.0,COWLITZ,15,10635000,-0.88,-0.88
2007,WASHINGTON,53.0,GRAYS HARBOR,27,17521000,-0.79,-0.8
2007,WASHINGTON,53.0,ISLAND,29,3659000,-0.71,-0.71
2007,WASHINGTON,53.0,JEFFERSON,31,1119000,-1.18,-1.23
2007,WASHINGTON,53.0,KING,33,45696000,-0.82,-0.83
2007,WASHINGTON,53.0,KITSAP,35,5271000,-1.03,-0.96
2007,WASHINGTON,53.0,LEWIS,41,28774000,-0.88,-0.87
2007,WASHINGTON,53.0,MASON,45,1606000,-1.06,-1.12
2007,WASHINGTON,53.0,PACIFIC,49,7215000,-0.92,-0.89
2007,WASHINGTON,53.0,PIERCE,53,32323000,-0.8,-0.79
2007,WASHINGTON,53.0,SAN JUAN,55,1688000,-0.9,-0.91
2007,WASHINGTON,53.0,SKAGIT,57,174169000,-0.58,-0.57
2007,WASHINGTON,53.0,SKAMANIA,59,1014000,-0.71,-0.7
2007,WASHINGTON,53.0,SNOHOMISH,61,58876000,-1.06,-1.12
2007,WASHINGTON,53.0,THURSTON,67,42984000,-0.96,-0.98
2007,WASHINGTON,53.0,WAHKIAKUM,69,220000,-1.09,-1.15
2007,WASHINGTON,53.0,WHATCOM,73,99897000,-0.59,-0.59
2007,WEST VIRGINIA,54.0,BERKELEY,3,14021000,-0.98,-0.99
2007,WEST VIRGINIA,54.0,GRANT,23,620000,-0.8,-0.83
2007,WEST VIRGINIA,54.0,GREENBRIER,25,1715000,-0.62,-0.59
2007,WEST VIRGINIA,54.0,HAMPSHIRE,27,3388000,-0.79,-0.8
2007,WEST VIRGINIA,54.0,HARDY,31,1916000,-1.18,-1.23
2007,WEST VIRGINIA,54.0,JEFFERSON,37,8015000,-0.82,-0.76
2007,WEST VIRGINIA,54.0,MINERAL,57,1262000,-0.58,-0.57
2007,WEST VIRGINIA,54.0,MONROE,63,1152000,-0.63,-0.61
2007,WEST VIRGINIA,54.0,MORGAN,65,1032000,-0.74,-0.71
2007,WEST VIRGINIA,54.0,PENDLETON,71,1406000,-0.78,-0.74
2007,WEST VIRGINIA,54.0,POCAHONTAS,75,497000,-0.56,-0.51
2007,WEST VIRGINIA,54.0,RANDOLPH,83,912000,-0.94,-0.91
2007,WEST VIRGINIA,54.0,SUMMERS,89,1655000,-0.98,-0.95
2007,WEST VIRGINIA,54.0,TUCKER,93,396000,-0.46,-0.45
2007,WEST VIRGINIA,54.0,BARBOUR,1,1368000,-0.48,-0.43
2007,WEST VIRGINIA,54.0,BROOKE,9,228000,-0.56,-0.61
2007,WEST VIRGINIA,54.0,DODDRIDGE,17,516000,-0.75,-0.7
2007,WEST VIRGINIA,54.0,HANCOCK,29,185000,-0.71,-0.71
2007,WEST VIRGINIA,54.0,HARRISON,33,1536000,-0.82,-0.83
2007,WEST VIRGINIA,54.0,LEWIS,41,375000,-0.88,-0.87
2007,WEST VIRGINIA,54.0,MARION,49,1102000,-0.92,-0.89
2007,WEST VIRGINIA,54.0,MARSHALL,51,773000,-0.77,-0.7
2007,WEST VIRGINIA,54.0,MONONGALIA,61,693000,-1.06,-1.12
2007,WEST VIRGINIA,54.0,OHIO,69,560000,-1.09,-1.15
2007,WEST VIRGINIA,54.0,PLEASANTS,73,388000,-0.59,-0.59
2007,WEST VIRGINIA,54.0,PRESTON,77,2487000,-0.69,-0.7
2007,WEST VIRGINIA,54.0,RITCHIE,85,741000,-0.57,-0.59
2007,WEST VIRGINIA,54.0,TAYLOR,91,1963000,-0.75,-0.73
2007,WEST VIRGINIA,54.0,TYLER,95,432000,-0.74,-0.75
2007,WEST VIRGINIA,54.0,UPSHUR,97,766000,-0.93,-0.95
2007,WEST VIRGINIA,54.0,WETZEL,103,305000,-0.87,-0.86
2007,WEST VIRGINIA,54.0,WOOD,107,1136000,-0.44,-0.4
2007,WEST VIRGINIA,54.0,BOONE,5,7000,-0.97,-0.98
2007,WEST VIRGINIA,54.0,BRAXTON,7,310000,-0.63,-0.59
2007,WEST VIRGINIA,54.0,CABELL,11,700000,-0.82,-0.84
2007,WEST VIRGINIA,54.0,CALHOUN,13,127000,-0.84,-0.79
2007,WEST VIRGINIA,54.0,CLAY,15,82000,-0.88,-0.88
2007,WEST VIRGINIA,54.0,FAYETTE,19,355000,-1.1,-1.07
2007,WEST VIRGINIA,54.0,GILMER,21,219000,-0.4,-0.34
2007,WEST VIRGINIA,54.0,JACKSON,35,1265000,-1.03,-0.96
2007,WEST VIRGINIA,54.0,KANAWHA,39,302000,-1.18,-1.18
2007,WEST VIRGINIA,54.0,LINCOLN,43,136000,-0.46,-0.48
2007,WEST VIRGINIA,54.0,LOGAN,45,60000,-1.06,-1.12
2007,WEST VIRGINIA,54.0,MASON,53,11543000,-0.8,-0.79
2007,WEST VIRGINIA,54.0,MCDOWELL,47,8000,-0.73,-0.7
2007,WEST VIRGINIA,54.0,MERCER,55,958000,-0.9,-0.91
2007,WEST VIRGINIA,54.0,MINGO,59,2000,-0.71,-0.7
2007,WEST VIRGINIA,54.0,NICHOLAS,67,420000,-0.96,-0.98
2007,WEST VIRGINIA,54.0,PUTNAM,79,5708000,-0.59,-0.62
2007,WEST VIRGINIA,54.0,RALEIGH,81,676000,-0.49,-0.44
2007,WEST VIRGINIA,54.0,ROANE,87,993000,-0.61,-0.6
2007,WEST VIRGINIA,54.0,WAYNE,99,482000,-0.78,-0.71
2007,WEST VIRGINIA,54.0,WEBSTER,101,54000,-0.67,-0.64
2007,WEST VIRGINIA,54.0,WIRT,105,313000,-0.89,-0.83
2007,WEST VIRGINIA,54.0,WYOMING,109,46000,-0.98,-1.01
2007,WISCONSIN,55.0,ADAMS,1,67030000,-0.48,-0.43
2007,WISCONSIN,55.0,GREEN LAKE,47,34934000,-0.73,-0.7
2007,WISCONSIN,55.0,JUNEAU,57,49157000,-0.58,-0.57
2007,WISCONSIN,55.0,MARQUETTE,77,24061000,-0.69,-0.7
2007,WISCONSIN,55.0,PORTAGE,97,133682000,-0.93,-0.95
2007,WISCONSIN,55.0,WAUPACA,135,31652000,0.44,0.4
2007,WISCONSIN,55.0,WAUSHARA,137,72510000,0.54,0.54
2007,WISCONSIN,55.0,WOOD,141,65671000,0.21,0.2
2007,WISCONSIN,55.0,BROWN,9,31039000,-0.56,-0.61
2007,WISCONSIN,55.0,CALUMET,15,28936000,-0.88,-0.88
2007,WISCONSIN,55.0,DOOR,29,24741000,-0.71,-0.71
2007,WISCONSIN,55.0,FOND DU LAC,39,69670000,-1.18,-1.18
2007,WISCONSIN,55.0,KEWAUNEE,61,36100000,-1.06,-1.12
2007,WISCONSIN,55.0,MANITOWOC,71,37680000,-0.78,-0.74
2007,WISCONSIN,55.0,OUTAGAMIE,87,53853000,-0.61,-0.6
2007,WISCONSIN,55.0,SHEBOYGAN,117,33803000,-0.31,-0.28
2007,WISCONSIN,55.0,WINNEBAGO,139,30871000,-0.45,-0.44
2007,WISCONSIN,55.0,ASHLAND,3,1283000,-0.98,-0.99
2007,WISCONSIN,55.0,CLARK,19,26504000,-1.1,-1.07
2007,WISCONSIN,55.0,LINCOLN,69,11290000,-1.09,-1.15
2007,WISCONSIN,55.0,MARATHON,73,45358000,-0.59,-0.59
2007,WISCONSIN,55.0,ONEIDA,85,14550000,-0.57,-0.59
2007,WISCONSIN,55.0,PRICE,99,6955000,-0.78,-0.71
2007,WISCONSIN,55.0,TAYLOR,119,13524000,-0.9,-0.85
2007,WISCONSIN,55.0,FLORENCE,37,435000,-0.82,-0.76
2007,WISCONSIN,55.0,FOREST,41,885000,-0.88,-0.87
2007,WISCONSIN,55.0,LANGLADE,67,41389000,-0.96,-0.98
2007,WISCONSIN,55.0,MARINETTE,75,13118000,-0.56,-0.51
2007,WISCONSIN,55.0,OCONTO,83,23169000,-0.94,-0.91
2007,WISCONSIN,55.0,SHAWANO,115,21802000,-0.52,-0.55
2007,WISCONSIN,55.0,BARRON,5,40663000,-0.97,-0.98
2007,WISCONSIN,55.0,BAYFIELD,7,4450000,-0.63,-0.59
2007,WISCONSIN,55.0,BURNETT,13,5479000,-0.84,-0.79
2007,WISCONSIN,55.0,CHIPPEWA,17,25732000,-0.75,-0.7
2007,WISCONSIN,55.0,DOUGLAS,31,1792000,-1.18,-1.23
2007,WISCONSIN,55.0,POLK,95,20472000,-0.74,-0.75
2007,WISCONSIN,55.0,RUSK,107,6308000,-0.44,-0.4
2007,WISCONSIN,55.0,SAWYER,113,7045000,-0.6,-0.58
2007,WISCONSIN,55.0,WASHBURN,129,5055000,-0.51,-0.55
2007,WISCONSIN,55.0,COLUMBIA,21,76385000,-0.4,-0.34
2007,WISCONSIN,55.0,DANE,25,134406000,-0.62,-0.59
2007,WISCONSIN,55.0,DODGE,27,101334000,-0.79,-0.8
2007,WISCONSIN,55.0,GREEN,45,55225000,-1.06,-1.12
2007,WISCONSIN,55.0,JEFFERSON,55,86383000,-0.9,-0.91
2007,WISCONSIN,55.0,ROCK,105,121635000,-0.89,-0.83
2007,WISCONSIN,55.0,KENOSHA,59,42333000,-0.71,-0.7
2007,WISCONSIN,55.0,MILWAUKEE,79,9678000,-0.59,-0.62
2007,WISCONSIN,55.0,OZAUKEE,89,20898000,-0.98,-0.95
2007,WISCONSIN,55.0,RACINE,101,62456000,-0.67,-0.64
2007,WISCONSIN,55.0,WALWORTH,127,65651000,-0.52,-0.53
2007,WISCONSIN,55.0,WASHINGTON,131,40013000,-0.59,-0.55
2007,WISCONSIN,55.0,WAUKESHA,133,30422000,-0.28,-0.31
2007,WISCONSIN,55.0,CRAWFORD,23,20912000,-0.8,-0.83
2007,WISCONSIN,55.0,GRANT,43,78548000,-0.46,-0.48
2007,WISCONSIN,55.0,IOWA,49,39391000,-0.92,-0.89
2007,WISCONSIN,55.0,LAFAYETTE,65,71012000,-0.74,-0.71
2007,WISCONSIN,55.0,RICHLAND,103,14451000,-0.87,-0.86
2007,WISCONSIN,55.0,SAUK,111,41319000,-0.7,-0.68
2007,WISCONSIN,55.0,VERNON,123,30268000,-0.91,-0.85
2007,WISCONSIN,55.0,BUFFALO,11,26345000,-0.82,-0.84
2007,WISCONSIN,55.0,DUNN,33,51438000,-0.82,-0.83
2007,WISCONSIN,55.0,EAU CLAIRE,35,28235000,-1.03,-0.96
2007,WISCONSIN,55.0,JACKSON,53,55147000,-0.8,-0.79
2007,WISCONSIN,55.0,LA CROSSE,63,17880000,-0.63,-0.61
2007,WISCONSIN,55.0,MONROE,81,60031000,-0.49,-0.44
2007,WISCONSIN,55.0,PEPIN,91,13355000,-0.75,-0.73
2007,WISCONSIN,55.0,PIERCE,93,38535000,-0.46,-0.45
2007,WISCONSIN,55.0,ST CROIX,109,32269000,-0.98,-1.01
2007,WISCONSIN,55.0,TREMPEALEAU,121,31689000,-0.53,-0.53
2007,WYOMING,56.0,CAMPBELL,5,3393000,-0.97,-0.98
2007,WYOMING,56.0,CROOK,11,4383000,-0.82,-0.84
2007,WYOMING,56.0,JOHNSON,19,2041000,-1.1,-1.07
2007,WYOMING,56.0,SHERIDAN,33,5847000,-0.82,-0.83
2007,WYOMING,56.0,WESTON,45,752000,-1.06,-1.12
2007,WYOMING,56.0,BIG HORN,3,24613000,-0.98,-0.99
2007,WYOMING,56.0,FREMONT,13,22379000,-0.84,-0.79
2007,WYOMING,56.0,HOT SPRINGS,17,1515000,-0.75,-0.7
2007,WYOMING,56.0,PARK,29,33642000,-0.71,-0.71
2007,WYOMING,56.0,WASHAKIE,43,15650000,-0.46,-0.48
2007,WYOMING,56.0,ALBANY,1,3683000,-0.48,-0.43
2007,WYOMING,56.0,CARBON,7,1961000,-0.63,-0.59
2007,WYOMING,56.0,NATRONA,25,5401000,-0.62,-0.59
2007,WYOMING,56.0,SWEETWATER,37,4343000,-0.82,-0.76
2007,WYOMING,56.0,CONVERSE,9,3001000,-0.56,-0.61
2007,WYOMING,56.0,GOSHEN,15,31986000,-0.88,-0.88
2007,WYOMING,56.0,LARAMIE,21,21656000,-0.4,-0.34
2007,WYOMING,56.0,NIOBRARA,27,3006000,-0.79,-0.8
2007,WYOMING,56.0,PLATTE,31,11428000,-1.18,-1.23
2007,WYOMING,56.0,LINCOLN,23,6814000,-0.8,-0.83
2007,WYOMING,56.0,SUBLETTE,35,3115000,-1.03,-0.96
2007,WYOMING,56.0,TETON,39,2298000,-1.18,-1.18
2007,WYOMING,56.0,UINTA,41,903000,-0.88,-0.87
2002,ALABAMA,1.0,AUTAUGA,1,8129000,0.63,0.67
2002,ALABAMA,1.0,BULLOCK,11,20115000,-0.14,-0.15
2002,ALABAMA,1.0,DALLAS,47,8692000,0.44,0.47
2002,ALABAMA,1.0,ELMORE,51,6839000,-0.06,0.01
2002,ALABAMA,1.0,GREENE,63,363000,0.7,0.72
2002,ALABAMA,1.0,HALE,65,1577000,0.57,0.6
2002,ALABAMA,1.0,LOWNDES,85,6211000,0.15,0.13
2002,ALABAMA,1.0,MACON,87,6893000,-0.1,-0.09
2002,ALABAMA,1.0,MARENGO,91,1693000,0.46,0.48
2002,ALABAMA,1.0,MONTGOMERY,101,9150000,-0.06,-0.03
2002,ALABAMA,1.0,PERRY,105,1681000,0.49,0.55
2002,ALABAMA,1.0,SUMTER,119,790000,0.76,0.81
2002,ALABAMA,1.0,BALDWIN,3,71053000,-0.36,-0.38
2002,ALABAMA,1.0,BUTLER,13,1694000,0.5,0.55
2002,ALABAMA,1.0,CHOCTAW,23,386000,0.62,0.59
2002,ALABAMA,1.0,CLARKE,25,475000,0.54,0.57
2002,ALABAMA,1.0,CONECUH,35,1383000,0.37,0.44
2002,ALABAMA,1.0,ESCAMBIA,53,5819000,-0.07,-0.05
2002,ALABAMA,1.0,MOBILE,97,65402000,-0.36,-0.39
2002,ALABAMA,1.0,MONROE,99,4038000,0.41,0.48
2002,ALABAMA,1.0,WASHINGTON,129,766000,0.21,0.18
2002,ALABAMA,1.0,WILCOX,131,1050000,0.29,0.33
2002,ALABAMA,1.0,BLOUNT,9,7181000,0.7,0.66
2002,ALABAMA,1.0,CALHOUN,15,7853000,0.51,0.51
2002,ALABAMA,1.0,CHEROKEE,19,14392000,0.23,0.26
2002,ALABAMA,1.0,CLEBURNE,29,1340000,0.12,0.12
2002,ALABAMA,1.0,CULLMAN,43,9641000,0.8,0.77
2002,ALABAMA,1.0,DE KALB,49,10303000,0.26,0.29
2002,ALABAMA,1.0,ETOWAH,55,2610000,0.5,0.49
2002,ALABAMA,1.0,JACKSON,71,10253000,0.78,0.81
2002,ALABAMA,1.0,MARSHALL,95,4053000,0.86,0.85
2002,ALABAMA,1.0,SAINT CLAIR,115,6994000,0.79,0.76
2002,ALABAMA,1.0,COLBERT,33,11131000,1.06,1.05
2002,ALABAMA,1.0,FRANKLIN,59,1940000,1.16,1.18
2002,ALABAMA,1.0,LAUDERDALE,77,11419000,1.06,1.04
2002,ALABAMA,1.0,LAWRENCE,79,16748000,1.1,1.07
2002,ALABAMA,1.0,LIMESTONE,83,30124000,1.17,1.19
2002,ALABAMA,1.0,MADISON,89,26496000,1.14,1.18
2002,ALABAMA,1.0,MARION,93,1457000,1.09,1.1
2002,ALABAMA,1.0,MORGAN,103,4850000,0.96,0.97
2002,ALABAMA,1.0,WINSTON,133,324000,1.08,1.05
2002,ALABAMA,1.0,BIBB,7,416000,0.7,0.74
2002,ALABAMA,1.0,CHAMBERS,17,1250000,-0.06,-0.01
2002,ALABAMA,1.0,CHILTON,21,9024000,0.69,0.75
2002,ALABAMA,1.0,CLAY,27,492000,0.14,0.13
2002,ALABAMA,1.0,FAYETTE,57,1511000,0.87,0.88
2002,ALABAMA,1.0,JEFFERSON,73,1759000,1.04,1.04
2002,ALABAMA,1.0,LAMAR,75,1038000,0.74,0.78
2002,ALABAMA,1.0,PICKENS,107,1934000,0.53,0.57
2002,ALABAMA,1.0,RANDOLPH,111,1004000,0.05,0.07
2002,ALABAMA,1.0,SHELBY,117,9226000,0.82,0.85
2002,ALABAMA,1.0,TALLADEGA,121,5358000,0.55,0.55
2002,ALABAMA,1.0,TALLAPOOSA,123,1417000,0.03,0.08
2002,ALABAMA,1.0,TUSCALOOSA,125,6231000,0.77,0.78
2002,ALABAMA,1.0,WALKER,127,1185000,0.86,0.84
2002,ALABAMA,1.0,BARBOUR,5,14949000,-0.34,-0.36
2002,ALABAMA,1.0,COFFEE,31,12128000,-0.23,-0.27
2002,ALABAMA,1.0,COVINGTON,39,12694000,-0.04,-0.04
2002,ALABAMA,1.0,CRENSHAW,41,1583000,-0.04,-0.03
2002,ALABAMA,1.0,DALE,45,8380000,-0.24,-0.3
2002,ALABAMA,1.0,GENEVA,61,17912000,-0.4,-0.45
2002,ALABAMA,1.0,HENRY,67,14011000,-0.54,-0.56
2002,ALABAMA,1.0,HOUSTON,69,24296000,-0.26,-0.32
2002,ALABAMA,1.0,PIKE,109,5861000,-0.08,-0.1
2002,ALABAMA,1.0,RUSSELL,113,6877000,-0.59,-0.57
2002,ARIZONA,4.0,APACHE,1,237000,0.63,0.67
2002,ARIZONA,4.0,COCONINO,5,779000,-0.34,-0.36
2002,ARIZONA,4.0,GILA,7,268000,0.7,0.74
2002,ARIZONA,4.0,MOHAVE,15,10767000,0.51,0.51
2002,ARIZONA,4.0,NAVAJO,17,656000,-0.06,-0.01
2002,ARIZONA,4.0,COCHISE,3,55737000,-0.36,-0.38
2002,ARIZONA,4.0,GRAHAM,9,77911000,0.7,0.66
2002,ARIZONA,4.0,GREENLEE,11,907000,-0.14,-0.15
2002,ARIZONA,4.0,LAPAZ,12,85995000,-0.74,-0.85
2002,ARIZONA,4.0,MARICOPA,13,390449000,0.5,0.55
2002,ARIZONA,4.0,PIMA,19,56333000,0.23,0.26
2002,ARIZONA,4.0,PINAL,21,177735000,0.69,0.75
2002,ARIZONA,4.0,SANTA CRUZ,23,265000,0.62,0.59
2002,ARKANSAS,5.0,CONWAY,29,6564000,0.12,0.12
2002,ARKANSAS,5.0,FAULKNER,45,5727000,-0.24,-0.3
2002,ARKANSAS,5.0,GARLAND,51,2202000,-0.06,0.01
2002,ARKANSAS,5.0,GRANT,53,1092000,-0.07,-0.05
2002,ARKANSAS,5.0,HOT SPRING,59,1146000,1.16,1.18
2002,ARKANSAS,5.0,PERRY,105,4479000,0.49,0.55
2002,ARKANSAS,5.0,PULASKI,119,15904000,0.76,0.81
2002,ARKANSAS,5.0,SALINE,125,1320000,0.77,0.78
2002,ARKANSAS,5.0,ARKANSAS,1,94945000,0.63,0.67
2002,ARKANSAS,5.0,CRITTENDEN,35,63624000,0.37,0.44
2002,ARKANSAS,5.0,CROSS,37,66276000,0.22,0.29
2002,ARKANSAS,5.0,LEE,77,65982000,1.06,1.04
2002,ARKANSAS,5.0,LONOKE,85,69572000,0.15,0.13
2002,ARKANSAS,5.0,MONROE,95,45843000,0.86,0.85
2002,ARKANSAS,5.0,PHILLIPS,107,82715000,0.53,0.57
2002,ARKANSAS,5.0,PRAIRIE,117,55867000,0.82,0.85
2002,ARKANSAS,5.0,SAINT FRANCIS,123,51858000,0.03,0.08
2002,ARKANSAS,5.0,BAXTER,5,449000,-0.34,-0.36
2002,ARKANSAS,5.0,CLEBURNE,23,1070000,0.62,0.59
2002,ARKANSAS,5.0,FULTON,49,666000,0.26,0.29
2002,ARKANSAS,5.0,IZARD,65,623000,0.57,0.6
2002,ARKANSAS,5.0,MARION,89,255000,1.14,1.18
2002,ARKANSAS,5.0,SEARCY,129,378000,0.21,0.18
2002,ARKANSAS,5.0,SHARP,135,575000,-0.15,-0.19
2002,ARKANSAS,5.0,STONE,137,929000,-0.26,-0.26
2002,ARKANSAS,5.0,VAN BUREN,141,1104000,-0.28,-0.28
2002,ARKANSAS,5.0,CLAY,21,62941000,0.69,0.75
2002,ARKANSAS,5.0,CRAIGHEAD,31,85349000,-0.23,-0.27
2002,ARKANSAS,5.0,GREENE,55,42277000,0.5,0.49
2002,ARKANSAS,5.0,INDEPENDENCE,63,11348000,0.7,0.72
2002,ARKANSAS,5.0,JACKSON,67,57631000,-0.54,-0.56
2002,ARKANSAS,5.0,LAWRENCE,75,42179000,0.74,0.78
2002,ARKANSAS,5.0,MISSISSIPPI,93,135273000,1.09,1.1
2002,ARKANSAS,5.0,POINSETT,111,90532000,0.05,0.07
2002,ARKANSAS,5.0,RANDOLPH,121,17819000,0.55,0.55
2002,ARKANSAS,5.0,WHITE,145,21403000,-0.46,-0.41
2002,ARKANSAS,5.0,BENTON,7,4730000,0.7,0.74
2002,ARKANSAS,5.0,BOONE,9,1177000,0.7,0.66
2002,ARKANSAS,5.0,CARROLL,15,1271000,0.51,0.51
2002,ARKANSAS,5.0,MADISON,87,1632000,-0.1,-0.09
2002,ARKANSAS,5.0,NEWTON,101,305000,-0.06,-0.03
2002,ARKANSAS,5.0,WASHINGTON,143,4362000,0.05,0.05
2002,ARKANSAS,5.0,BRADLEY,11,6790000,-0.14,-0.15
2002,ARKANSAS,5.0,CALHOUN,13,184000,0.5,0.55
2002,ARKANSAS,5.0,CLARK,19,1694000,0.23,0.26
2002,ARKANSAS,5.0,CLEVELAND,25,309000,0.54,0.57
2002,ARKANSAS,5.0,NEVADA,99,374000,0.41,0.48
2002,ARKANSAS,5.0,OUACHITA,103,247000,0.96,0.97
2002,ARKANSAS,5.0,UNION,139,280000,1.21,1.22
2002,ARKANSAS,5.0,ASHLEY,3,39649000,-0.36,-0.38
2002,ARKANSAS,5.0,CHICOT,17,46749000,-0.06,-0.01
2002,ARKANSAS,5.0,DESHA,41,66530000,-0.04,-0.03
2002,ARKANSAS,5.0,DREW,43,19499000,0.8,0.77
2002,ARKANSAS,5.0,JEFFERSON,69,61795000,-0.26,-0.32
2002,ARKANSAS,5.0,LINCOLN,79,39045000,1.1,1.07
2002,ARKANSAS,5.0,HEMPSTEAD,57,2340000,0.87,0.88
2002,ARKANSAS,5.0,HOWARD,61,854000,-0.4,-0.45
2002,ARKANSAS,5.0,LAFAYETTE,73,6704000,1.04,1.04
2002,ARKANSAS,5.0,LITTLE RIVER,81,5673000,-0.43,-0.37
2002,ARKANSAS,5.0,MILLER,91,8423000,0.46,0.48
2002,ARKANSAS,5.0,MONTGOMERY,97,648000,-0.36,-0.39
2002,ARKANSAS,5.0,PIKE,109,492000,-0.08,-0.1
2002,ARKANSAS,5.0,SEVIER,133,721000,1.08,1.05
2002,ARKANSAS,5.0,CRAWFORD,33,15755000,1.06,1.05
2002,ARKANSAS,5.0,FRANKLIN,47,2158000,0.44,0.47
2002,ARKANSAS,5.0,JOHNSON,71,2256000,0.78,0.81
2002,ARKANSAS,5.0,LOGAN,83,2969000,1.17,1.19
2002,ARKANSAS,5.0,POLK,113,424000,-0.59,-0.57
2002,ARKANSAS,5.0,POPE,115,2781000,0.79,0.76
2002,ARKANSAS,5.0,SCOTT,127,392000,0.86,0.84
2002,ARKANSAS,5.0,SEBASTIAN,131,2995000,0.29,0.33
2002,ARKANSAS,5.0,YELL,149,3957000,0.2,0.2
2002,CALIFORNIA,6.0,ALAMEDA,1,36230000,0.63,0.67
2002,CALIFORNIA,6.0,CONTRA COSTA,13,78183000,0.5,0.55
2002,CALIFORNIA,6.0,LAKE,33,61947000,1.06,1.05
2002,CALIFORNIA,6.0,MARIN,41,6711000,-0.04,-0.03
2002,CALIFORNIA,6.0,MONTEREY,53,2162065000,-0.07,-0.05
2002,CALIFORNIA,6.0,NAPA,55,425328000,0.5,0.49
2002,CALIFORNIA,6.0,SAN BENITO,69,159539000,-0.26,-0.32
2002,CALIFORNIA,6.0,SAN LUIS OBISPO,79,366253000,1.1,1.07
2002,CALIFORNIA,6.0,SAN MATEO,81,172092000,-0.43,-0.37
2002,CALIFORNIA,6.0,SANTA CLARA,85,188126000,0.15,0.13
2002,CALIFORNIA,6.0,SANTA CRUZ,87,353007000,-0.1,-0.09
2002,CALIFORNIA,6.0,SONOMA,97,432060000,-0.36,-0.39
2002,CALIFORNIA,6.0,LASSEN,35,15950000,0.37,0.44
2002,CALIFORNIA,6.0,MODOC,49,32961000,0.26,0.29
2002,CALIFORNIA,6.0,PLUMAS,63,1294000,0.7,0.72
2002,CALIFORNIA,6.0,DEL NORTE,15,10781000,0.51,0.51
2002,CALIFORNIA,6.0,HUMBOLDT,23,44231000,0.62,0.59
2002,CALIFORNIA,6.0,MENDOCINO,45,85971000,-0.24,-0.3
2002,CALIFORNIA,6.0,BUTTE,7,241957000,0.7,0.74
2002,CALIFORNIA,6.0,COLUSA,11,235551000,-0.14,-0.15
2002,CALIFORNIA,6.0,GLENN,21,171862000,0.69,0.75
2002,CALIFORNIA,6.0,SACRAMENTO,67,162909000,-0.54,-0.56
2002,CALIFORNIA,6.0,SOLANO,95,158643000,0.86,0.85
2002,CALIFORNIA,6.0,SUTTER,101,244859000,-0.06,-0.03
2002,CALIFORNIA,6.0,TEHAMA,103,73229000,0.96,0.97
2002,CALIFORNIA,6.0,YOLO,113,302794000,-0.59,-0.57
2002,CALIFORNIA,6.0,YUBA,115,89894000,0.79,0.76
2002,CALIFORNIA,6.0,FRESNO,19,2150938000,0.23,0.26
2002,CALIFORNIA,6.0,KERN,29,1783418000,0.12,0.12
2002,CALIFORNIA,6.0,KINGS,31,394674000,-0.23,-0.27
2002,CALIFORNIA,6.0,MADERA,39,505071000,-0.04,-0.04
2002,CALIFORNIA,6.0,MERCED,47,597577000,0.44,0.47
2002,CALIFORNIA,6.0,SAN JOAQUIN,77,907837000,1.06,1.04
2002,CALIFORNIA,6.0,STANISLAUS,99,567965000,0.41,0.48
2002,CALIFORNIA,6.0,TULARE,107,1194237000,0.53,0.57
2002,CALIFORNIA,6.0,AMADOR,5,12270000,-0.34,-0.36
2002,CALIFORNIA,6.0,CALAVERAS,9,4167000,0.7,0.66
2002,CALIFORNIA,6.0,EL DORADO,17,13458000,-0.06,-0.01
2002,CALIFORNIA,6.0,INYO,27,8307000,0.14,0.13
2002,CALIFORNIA,6.0,MARIPOSA,43,470000,0.8,0.77
2002,CALIFORNIA,6.0,MONO,51,5785000,-0.06,0.01
2002,CALIFORNIA,6.0,NEVADA,57,5352000,0.87,0.88
2002,CALIFORNIA,6.0,PLACER,61,28338000,-0.4,-0.45
2002,CALIFORNIA,6.0,TUOLUMNE,109,1134000,-0.08,-0.1
2002,CALIFORNIA,6.0,SHASTA,89,8343000,1.14,1.18
2002,CALIFORNIA,6.0,SISKIYOU,93,85292000,1.09,1.1
2002,CALIFORNIA,6.0,TRINITY,105,658000,0.49,0.55
2002,CALIFORNIA,6.0,IMPERIAL,25,649063000,0.54,0.57
2002,CALIFORNIA,6.0,LOS ANGELES,37,272587000,0.22,0.29
2002,CALIFORNIA,6.0,ORANGE,59,277387000,1.16,1.18
2002,CALIFORNIA,6.0,RIVERSIDE,65,667375000,0.57,0.6
2002,CALIFORNIA,6.0,SAN BERNARDINO,71,120388000,0.78,0.81
2002,CALIFORNIA,6.0,SAN DIEGO,73,881930000,1.04,1.04
2002,CALIFORNIA,6.0,SANTA BARBARA,83,687587000,1.17,1.19
2002,CALIFORNIA,6.0,VENTURA,111,1005339000,0.05,0.07
2002,COLORADO,8.0,ADAMS,1,86551000,0.63,0.67
2002,COLORADO,8.0,ARAPAHOE,5,15218000,-0.34,-0.36
2002,COLORADO,8.0,CHEYENNE,17,11720000,-0.06,-0.01
2002,COLORADO,8.0,DOUGLAS,35,6563000,0.37,0.44
2002,COLORADO,8.0,EL PASO,41,13956000,-0.04,-0.03
2002,COLORADO,8.0,ELBERT,39,5107000,-0.04,-0.04
2002,COLORADO,8.0,KIT CARSON,63,40362000,0.7,0.72
2002,COLORADO,8.0,LINCOLN,73,12013000,1.04,1.04
2002,COLORADO,8.0,PHILLIPS,95,43250000,0.86,0.85
2002,COLORADO,8.0,WASHINGTON,121,33482000,0.55,0.55
2002,COLORADO,8.0,YUMA,125,108052000,0.77,0.78
2002,COLORADO,8.0,BOULDER,13,21792000,0.5,0.55
2002,COLORADO,8.0,JEFFERSON,59,18502000,1.16,1.18
2002,COLORADO,8.0,LARIMER,69,32944000,-0.26,-0.32
2002,COLORADO,8.0,LOGAN,75,37734000,0.74,0.78
2002,COLORADO,8.0,MORGAN,87,62626000,-0.1,-0.09
2002,COLORADO,8.0,SEDGWICK,115,17680000,0.79,0.76
2002,COLORADO,8.0,WELD,123,204859000,0.03,0.08
2002,COLORADO,8.0,CHAFFEE,15,2195000,0.51,0.51
2002,COLORADO,8.0,EAGLE,37,302000,0.22,0.29
2002,COLORADO,8.0,GRAND,49,1072000,0.26,0.29
2002,COLORADO,8.0,GUNNISON,51,982000,-0.06,0.01
2002,COLORADO,8.0,JACKSON,57,880000,0.87,0.88
2002,COLORADO,8.0,MOFFAT,81,1102000,-0.43,-0.37
2002,COLORADO,8.0,PARK,93,229000,1.09,1.1
2002,COLORADO,8.0,PITKIN,97,218000,-0.36,-0.39
2002,COLORADO,8.0,RIO BLANCO,103,1111000,0.96,0.97
2002,COLORADO,8.0,ROUTT,107,2141000,0.53,0.57
2002,COLORADO,8.0,SUMMIT,117,38000,0.82,0.85
2002,COLORADO,8.0,TELLER,119,407000,0.76,0.81
2002,COLORADO,8.0,ALAMOSA,3,88474000,-0.36,-0.38
2002,COLORADO,8.0,CONEJOS,21,11991000,0.69,0.75
2002,COLORADO,8.0,COSTILLA,23,22598000,0.62,0.59
2002,COLORADO,8.0,RIO GRANDE,105,68833000,0.49,0.55
2002,COLORADO,8.0,SAGUACHE,109,71022000,-0.08,-0.1
2002,COLORADO,8.0,BACA,9,17431000,0.7,0.66
2002,COLORADO,8.0,BENT,11,4757000,-0.14,-0.15
2002,COLORADO,8.0,CROWLEY,25,1616000,0.54,0.57
2002,COLORADO,8.0,CUSTER,27,275000,0.14,0.13
2002,COLORADO,8.0,FREMONT,43,4659000,0.8,0.77
2002,COLORADO,8.0,HUERFANO,55,285000,0.5,0.49
2002,COLORADO,8.0,LAS ANIMAS,71,761000,0.78,0.81
2002,COLORADO,8.0,OTERO,89,11615000,1.14,1.18
2002,COLORADO,8.0,PROWERS,99,27524000,0.41,0.48
2002,COLORADO,8.0,PUEBLO,101,11081000,-0.06,-0.03
2002,COLORADO,8.0,ARCHULETA,7,330000,0.7,0.74
2002,COLORADO,8.0,DELTA,29,14413000,0.12,0.12
2002,COLORADO,8.0,DOLORES,33,1805000,1.06,1.05
2002,COLORADO,8.0,GARFIELD,45,7077000,-0.24,-0.3
2002,COLORADO,8.0,LA PLATA,67,3899000,-0.54,-0.56
2002,COLORADO,8.0,MESA,77,29554000,1.06,1.04
2002,COLORADO,8.0,MONTEZUMA,83,6463000,1.17,1.19
2002,COLORADO,8.0,MONTROSE,85,21039000,0.15,0.13
2002,COLORADO,8.0,OURAY,91,394000,0.46,0.48
2002,COLORADO,8.0,SAN MIGUEL,113,330000,-0.59,-0.57
2002,CONNECTICUT,9.0,FAIRFIELD,1,21823000,0.63,0.67
2002,CONNECTICUT,9.0,HARTFORD,3,99719000,-0.36,-0.38
2002,CONNECTICUT,9.0,LITCHFIELD,5,15747000,-0.34,-0.36
2002,CONNECTICUT,9.0,MIDDLESEX,7,42391000,0.7,0.74
2002,CONNECTICUT,9.0,NEW HAVEN,9,52556000,0.7,0.66
2002,CONNECTICUT,9.0,NEW LONDON,11,72394000,-0.14,-0.15
2002,CONNECTICUT,9.0,TOLLAND,13,14988000,0.5,0.55
2002,CONNECTICUT,9.0,WINDHAM,15,7909000,0.51,0.51
2002,DELAWARE,10.0,KENT,1,54400000,0.63,0.67
2002,DELAWARE,10.0,NEW CASTLE,3,23115000,-0.36,-0.38
2002,DELAWARE,10.0,SUSSEX,5,72890000,-0.34,-0.36
2002,FLORIDA,12.0,ALACHUA,1,37620000,0.63,0.67
2002,FLORIDA,12.0,BRADFORD,7,1673000,0.7,0.74
2002,FLORIDA,12.0,CITRUS,17,4705000,-0.06,-0.01
2002,FLORIDA,12.0,CLAY,19,3792000,0.23,0.26
2002,FLORIDA,12.0,FLAGLER,35,22326000,0.37,0.44
2002,FLORIDA,12.0,GILCHRIST,41,6194000,-0.04,-0.03
2002,FLORIDA,12.0,HERNANDO,53,8176000,-0.07,-0.05
2002,FLORIDA,12.0,HILLSBOROUGH,57,333745000,0.87,0.88
2002,FLORIDA,12.0,LAKE,69,166274000,-0.26,-0.32
2002,FLORIDA,12.0,LEVY,75,25949000,0.74,0.78
2002,FLORIDA,12.0,MARION,83,18314000,1.17,1.19
2002,FLORIDA,12.0,ORANGE,95,239492000,0.86,0.85
2002,FLORIDA,12.0,OSCEOLA,97,43953000,-0.36,-0.39
2002,FLORIDA,12.0,PASCO,101,34616000,-0.06,-0.03
2002,FLORIDA,12.0,PINELLAS,103,7622000,0.96,0.97
2002,FLORIDA,12.0,POLK,105,249232000,0.49,0.55
2002,FLORIDA,12.0,PUTNAM,107,40961000,0.53,0.57
2002,FLORIDA,12.0,SEMINOLE,117,17949000,0.82,0.85
2002,FLORIDA,12.0,ST. JOHNS,109,56944000,-0.08,-0.1
2002,FLORIDA,12.0,SUMTER,119,14022000,0.76,0.81
2002,FLORIDA,12.0,UNION,125,4275000,0.77,0.78
2002,FLORIDA,12.0,VOLUSIA,127,98465000,0.86,0.84
2002,FLORIDA,12.0,BAKER,3,9515000,-0.36,-0.38
2002,FLORIDA,12.0,COLUMBIA,23,7947000,0.62,0.59
2002,FLORIDA,12.0,DUVAL,31,7008000,-0.23,-0.27
2002,FLORIDA,12.0,HAMILTON,47,6440000,0.44,0.47
2002,FLORIDA,12.0,LAFAYETTE,67,3355000,-0.54,-0.56
2002,FLORIDA,12.0,MADISON,79,10068000,1.1,1.07
2002,FLORIDA,12.0,NASSAU,89,2139000,1.14,1.18
2002,FLORIDA,12.0,SUWANNEE,121,32497000,0.55,0.55
2002,FLORIDA,12.0,TAYLOR,123,727000,0.03,0.08
2002,FLORIDA,12.0,BAY,5,1881000,-0.34,-0.36
2002,FLORIDA,12.0,CALHOUN,13,13152000,0.5,0.55
2002,FLORIDA,12.0,ESCAMBIA,33,10370000,1.06,1.05
2002,FLORIDA,12.0,GADSDEN,39,90268000,-0.04,-0.04
2002,FLORIDA,12.0,HOLMES,59,2920000,1.16,1.18
2002,FLORIDA,12.0,JACKSON,63,24845000,0.7,0.72
2002,FLORIDA,12.0,JEFFERSON,65,9317000,0.57,0.6
2002,FLORIDA,12.0,LEON,73,4432000,1.04,1.04
2002,FLORIDA,12.0,OKALOOSA,91,3575000,0.46,0.48
2002,FLORIDA,12.0,SANTA ROSA,113,19149000,-0.59,-0.57
2002,FLORIDA,12.0,WAKULLA,129,642000,0.21,0.18
2002,FLORIDA,12.0,WALTON,131,4538000,0.29,0.33
2002,FLORIDA,12.0,WASHINGTON,133,2288000,1.08,1.05
2002,FLORIDA,12.0,BREVARD,9,35306000,0.7,0.66
2002,FLORIDA,12.0,BROWARD,11,44596000,-0.14,-0.15
2002,FLORIDA,12.0,CHARLOTTE,15,42632000,0.51,0.51
2002,FLORIDA,12.0,COLLIER,21,263794000,0.69,0.75
2002,FLORIDA,12.0,DE SOTO,27,150446000,0.14,0.13
2002,FLORIDA,12.0,GLADES,43,52489000,0.8,0.77
2002,FLORIDA,12.0,HARDEE,49,129599000,0.26,0.29
2002,FLORIDA,12.0,HENDRY,51,357076000,-0.06,0.01
2002,FLORIDA,12.0,HIGHLANDS,55,204808000,0.5,0.49
2002,FLORIDA,12.0,INDIAN RIVER,61,110225000,-0.4,-0.45
2002,FLORIDA,12.0,LEE,71,109147000,0.78,0.81
2002,FLORIDA,12.0,MANATEE,81,247023000,-0.43,-0.37
2002,FLORIDA,12.0,MARTIN,85,99523000,0.15,0.13
2002,FLORIDA,12.0,MIAMI-DADE,86,573350000,0.37,0.27
2002,FLORIDA,12.0,MONROE,87,672000,-0.1,-0.09
2002,FLORIDA,12.0,OKEECHOBEE,93,36677000,1.09,1.1
2002,FLORIDA,12.0,PALM BEACH,99,752826000,0.41,0.48
2002,FLORIDA,12.0,SARASOTA,115,13343000,0.79,0.76
2002,FLORIDA,12.0,ST. LUCIE,111,112346000,0.05,0.07
2002,GEORGIA,13.0,BALDWIN,9,348000,0.7,0.66
2002,GEORGIA,13.0,BIBB,21,1218000,0.69,0.75
2002,GEORGIA,13.0,BLECKLEY,23,4894000,0.62,0.59
2002,GEORGIA,13.0,BUTTS,35,803000,0.37,0.44
2002,GEORGIA,13.0,CRAWFORD,79,12248000,1.1,1.07
2002,GEORGIA,13.0,DODGE,91,10605000,0.46,0.48
2002,GEORGIA,13.0,HANCOCK,141,257000,-0.28,-0.28
2002,GEORGIA,13.0,HOUSTON,153,8020000,0.22,0.15
2002,GEORGIA,13.0,JASPER,159,2153000,-0.18,-0.28
2002,GEORGIA,13.0,JOHNSON,167,2561000,-0.88,-1.0
2002,GEORGIA,13.0,JONES,169,523000,-0.06,-0.13
2002,GEORGIA,13.0,LAURENS,175,9174000,-0.71,-0.81
2002,GEORGIA,13.0,MONROE,207,1480000,-0.47,-0.5
2002,GEORGIA,13.0,MONTGOMERY,209,5512000,-1.2,-1.25
2002,GEORGIA,13.0,MORGAN,211,3466000,-0.17,-0.29
2002,GEORGIA,13.0,NEWTON,217,543000,-0.51,-0.59
2002,GEORGIA,13.0,PEACH,225,16050000,0.18,0.1
2002,GEORGIA,13.0,PULASKI,235,9957000,-0.19,-0.24
2002,GEORGIA,13.0,PUTNAM,237,712000,-0.15,-0.29
2002,GEORGIA,13.0,ROCKDALE,247,385000,-0.6,-0.65
2002,GEORGIA,13.0,TALIAFERRO,265,84000,-0.69,-0.8
2002,GEORGIA,13.0,TREUTLEN,283,3056000,-1.1,-1.19
2002,GEORGIA,13.0,TWIGGS,289,1769000,0.31,0.23
2002,GEORGIA,13.0,WASHINGTON,303,11936000,-0.76,-0.88
2002,GEORGIA,13.0,WHEELER,309,9476000,-1.15,-1.2
2002,GEORGIA,13.0,WILKINSON,319,789000,0.0,-0.08
2002,GEORGIA,13.0,BULLOCH,31,33255000,-0.23,-0.27
2002,GEORGIA,13.0,BURKE,33,15506000,1.06,1.05
2002,GEORGIA,13.0,CANDLER,43,7729000,0.8,0.77
2002,GEORGIA,13.0,COLUMBIA,73,1335000,1.04,1.04
2002,GEORGIA,13.0,EFFINGHAM,103,2694000,0.96,0.97
2002,GEORGIA,13.0,EMANUEL,107,8018000,0.53,0.57
2002,GEORGIA,13.0,GLASCOCK,125,306000,0.77,0.78
2002,GEORGIA,13.0,JEFFERSON,163,29270000,-1.21,-1.31
2002,GEORGIA,13.0,JENKINS,165,7373000,-1.51,-1.59
2002,GEORGIA,13.0,RICHMOND,245,1687000,-0.85,-0.9
2002,GEORGIA,13.0,SCREVEN,251,16100000,-1.57,-1.63
2002,GEORGIA,13.0,WARREN,301,375000,-0.69,-0.8
2002,GEORGIA,13.0,BARROW,13,623000,0.5,0.55
2002,GEORGIA,13.0,CHEROKEE,57,5471000,0.87,0.88
2002,GEORGIA,13.0,CLARKE,59,4885000,1.16,1.18
2002,GEORGIA,13.0,COBB,67,5073000,-0.54,-0.56
2002,GEORGIA,13.0,DAWSON,85,1000000,0.15,0.13
2002,GEORGIA,13.0,DE KALB,89,852000,1.14,1.18
2002,GEORGIA,13.0,FANNIN,111,970000,0.05,0.07
2002,GEORGIA,13.0,FORSYTH,117,5716000,0.82,0.85
2002,GEORGIA,13.0,FULTON,121,3685000,0.55,0.55
2002,GEORGIA,13.0,GILMER,123,1428000,0.03,0.08
2002,GEORGIA,13.0,GWINNETT,135,18784000,-0.15,-0.19
2002,GEORGIA,13.0,HALL,139,1378000,1.21,1.22
2002,GEORGIA,13.0,JACKSON,157,2640000,-0.26,-0.27
2002,GEORGIA,13.0,LUMPKIN,187,3370000,-0.63,-0.61
2002,GEORGIA,13.0,OCONEE,219,7978000,-0.33,-0.39
2002,GEORGIA,13.0,PICKENS,227,593000,-0.12,-0.1
2002,GEORGIA,13.0,TOWNS,281,668000,-0.55,-0.56
2002,GEORGIA,13.0,UNION,291,4206000,-0.37,-0.37
2002,GEORGIA,13.0,WALTON,297,7871000,-0.24,-0.31
2002,GEORGIA,13.0,WHITE,311,1162000,-0.84,-0.81
2002,GEORGIA,13.0,BANKS,11,830000,-0.14,-0.15
2002,GEORGIA,13.0,ELBERT,105,2989000,0.49,0.55
2002,GEORGIA,13.0,FRANKLIN,119,1509000,0.76,0.81
2002,GEORGIA,13.0,HABERSHAM,137,984000,-0.26,-0.26
2002,GEORGIA,13.0,HART,147,2017000,0.03,0.02
2002,GEORGIA,13.0,LINCOLN,181,216000,-0.66,-0.76
2002,GEORGIA,13.0,MADISON,195,1462000,-0.56,-0.59
2002,GEORGIA,13.0,OGLETHORPE,221,1679000,-0.59,-0.66
2002,GEORGIA,13.0,RABUN,241,2338000,-0.77,-0.77
2002,GEORGIA,13.0,STEPHENS,257,239000,-1.03,-1.02
2002,GEORGIA,13.0,WILKES,317,1737000,-0.78,-0.87
2002,GEORGIA,13.0,BARTOW,15,7392000,0.51,0.51
2002,GEORGIA,13.0,CATOOSA,47,735000,0.44,0.47
2002,GEORGIA,13.0,CHATTOOGA,55,771000,0.5,0.49
2002,GEORGIA,13.0,DADE,83,336000,1.17,1.19
2002,GEORGIA,13.0,FLOYD,115,2257000,0.79,0.76
2002,GEORGIA,13.0,GORDON,129,3473000,0.21,0.18
2002,GEORGIA,13.0,MURRAY,213,1565000,0.02,0.04
2002,GEORGIA,13.0,PAULDING,223,2911000,-0.3,-0.28
2002,GEORGIA,13.0,POLK,233,1074000,0.0,0.04
2002,GEORGIA,13.0,WALKER,295,1164000,0.22,0.26
2002,GEORGIA,13.0,WHITFIELD,313,958000,0.21,0.26
2002,GEORGIA,13.0,ATKINSON,3,9261000,-0.36,-0.38
2002,GEORGIA,13.0,BEN HILL,17,8861000,-0.06,-0.01
2002,GEORGIA,13.0,BERRIEN,19,20447000,0.23,0.26
2002,GEORGIA,13.0,BROOKS,27,40519000,0.14,0.13
2002,GEORGIA,13.0,CLINCH,65,3613000,0.57,0.6
2002,GEORGIA,13.0,COFFEE,69,39011000,-0.26,-0.32
2002,GEORGIA,13.0,COLQUITT,71,104266000,0.78,0.81
2002,GEORGIA,13.0,COOK,75,37522000,0.74,0.78
2002,GEORGIA,13.0,CRISP,81,25436000,-0.43,-0.37
2002,GEORGIA,13.0,DOOLY,93,34135000,1.09,1.1
2002,GEORGIA,13.0,ECHOLS,101,23383000,-0.06,-0.03
2002,GEORGIA,13.0,IRWIN,155,23720000,-0.95,-0.99
2002,GEORGIA,13.0,JEFF DAVIS,161,6508000,-1.22,-1.27
2002,GEORGIA,13.0,LANIER,173,9536000,-0.66,-0.71
2002,GEORGIA,13.0,LOWNDES,185,22369000,-0.46,-0.51
2002,GEORGIA,13.0,TELFAIR,271,6349000,-1.15,-1.19
2002,GEORGIA,13.0,TIFT,277,42618000,-0.63,-0.67
2002,GEORGIA,13.0,TURNER,287,24109000,-0.8,-0.86
2002,GEORGIA,13.0,WILCOX,315,20117000,-0.73,-0.79
2002,GEORGIA,13.0,WORTH,321,31081000,-0.64,-0.71
2002,GEORGIA,13.0,APPLING,1,20201000,0.63,0.67
2002,GEORGIA,13.0,BACON,5,12833000,-0.34,-0.36
2002,GEORGIA,13.0,BRANTLEY,25,2624000,0.54,0.57
2002,GEORGIA,13.0,BRYAN,29,990000,0.12,0.12
2002,GEORGIA,13.0,CAMDEN,39,828000,-0.04,-0.04
2002,GEORGIA,13.0,CHARLTON,49,602000,0.26,0.29
2002,GEORGIA,13.0,CHATHAM,51,1896000,-0.06,0.01
2002,GEORGIA,13.0,EVANS,109,9001000,-0.08,-0.1
2002,GEORGIA,13.0,GLYNN,127,78000,0.86,0.84
2002,GEORGIA,13.0,LIBERTY,179,199000,-1.2,-1.22
2002,GEORGIA,13.0,LONG,183,1524000,-1.3,-1.31
2002,GEORGIA,13.0,PIERCE,229,18979000,-0.84,-0.85
2002,GEORGIA,13.0,TATTNALL,267,41638000,-1.46,-1.5
2002,GEORGIA,13.0,TOOMBS,279,27279000,-1.33,-1.38
2002,GEORGIA,13.0,WARE,299,9292000,-0.96,-0.96
2002,GEORGIA,13.0,WAYNE,305,9034000,-1.29,-1.27
2002,GEORGIA,13.0,BAKER,7,17125000,0.7,0.74
2002,GEORGIA,13.0,CALHOUN,37,19562000,0.22,0.29
2002,GEORGIA,13.0,CLAY,61,6056000,-0.4,-0.45
2002,GEORGIA,13.0,DECATUR,87,86758000,-0.1,-0.09
2002,GEORGIA,13.0,DOUGHERTY,95,21189000,0.86,0.85
2002,GEORGIA,13.0,EARLY,99,23835000,0.41,0.48
2002,GEORGIA,13.0,GRADY,131,57550000,0.29,0.33
2002,GEORGIA,13.0,LEE,177,16074000,-0.29,-0.36
2002,GEORGIA,13.0,MILLER,201,23229000,-0.83,-0.86
2002,GEORGIA,13.0,MITCHELL,205,48418000,-0.34,-0.4
2002,GEORGIA,13.0,RANDOLPH,243,11582000,-0.58,-0.6
2002,GEORGIA,13.0,SEMINOLE,253,19721000,-0.47,-0.51
2002,GEORGIA,13.0,STEWART,259,2071000,-0.42,-0.42
2002,GEORGIA,13.0,SUMTER,261,31707000,-0.1,-0.16
2002,GEORGIA,13.0,TERRELL,273,18783000,-0.39,-0.44
2002,GEORGIA,13.0,THOMAS,275,18836000,-0.32,-0.38
2002,GEORGIA,13.0,WEBSTER,307,6978000,-0.21,-0.23
2002,GEORGIA,13.0,CARROLL,45,4887000,-0.24,-0.3
2002,GEORGIA,13.0,CLAYTON,63,326000,0.7,0.72
2002,GEORGIA,13.0,COWETA,77,4080000,1.06,1.04
2002,GEORGIA,13.0,DOUGLAS,97,821000,-0.36,-0.39
2002,GEORGIA,13.0,FAYETTE,113,3293000,-0.59,-0.57
2002,GEORGIA,13.0,HARALSON,143,650000,0.05,0.05
2002,GEORGIA,13.0,HARRIS,145,1435000,-0.46,-0.41
2002,GEORGIA,13.0,HEARD,149,289000,0.2,0.2
2002,GEORGIA,13.0,HENRY,151,3429000,-0.87,-0.9
2002,GEORGIA,13.0,LAMAR,171,3999000,-0.81,-0.84
2002,GEORGIA,13.0,MACON,193,19165000,-0.37,-0.44
2002,GEORGIA,13.0,MARION,197,2678000,-0.39,-0.41
2002,GEORGIA,13.0,MERIWETHER,199,3217000,-0.51,-0.5
2002,GEORGIA,13.0,MUSCOGEE,215,951000,-0.76,-0.71
2002,GEORGIA,13.0,PIKE,231,2886000,-0.69,-0.71
2002,GEORGIA,13.0,SCHLEY,249,1479000,-0.24,-0.3
2002,GEORGIA,13.0,SPALDING,255,666000,-0.82,-0.83
2002,GEORGIA,13.0,TALBOT,263,325000,-0.59,-0.58
2002,GEORGIA,13.0,TAYLOR,269,10308000,-0.42,-0.48
2002,GEORGIA,13.0,TROUP,285,696000,-0.27,-0.25
2002,GEORGIA,13.0,UPSON,293,1393000,-0.68,-0.72
2002,HAWAII,15.0,HAWAII,1,143924000,0.63,0.67
2002,HAWAII,15.0,KAUAI,7,35737000,0.7,0.74
2002,HAWAII,15.0,MAUI & KALAWAO,9,116645000,0.7,0.66
2002,HAWAII,15.0,HONOLULU,3,149050000,-0.36,-0.38
2002,IDAHO,16.0,BANNOCK,5,23982000,-0.34,-0.36
2002,IDAHO,16.0,BEAR LAKE,7,3290000,0.7,0.74
2002,IDAHO,16.0,BINGHAM,11,197963000,-0.14,-0.15
2002,IDAHO,16.0,BONNEVILLE,19,89478000,0.23,0.26
2002,IDAHO,16.0,BUTTE,23,10553000,0.62,0.59
2002,IDAHO,16.0,CLARK,33,24759000,1.06,1.05
2002,IDAHO,16.0,CUSTER,37,3006000,0.22,0.29
2002,IDAHO,16.0,FRANKLIN,41,7657000,-0.04,-0.03
2002,IDAHO,16.0,FREMONT,43,63936000,0.8,0.77
2002,IDAHO,16.0,JEFFERSON,51,99528000,-0.06,0.01
2002,IDAHO,16.0,LEMHI,59,1283000,1.16,1.18
2002,IDAHO,16.0,MADISON,65,86746000,0.57,0.6
2002,IDAHO,16.0,ONEIDA,71,9199000,0.78,0.81
2002,IDAHO,16.0,POWER,77,79477000,1.06,1.04
2002,IDAHO,16.0,TETON,81,19998000,-0.43,-0.37
2002,IDAHO,16.0,BENEWAH,9,13778000,0.7,0.66
2002,IDAHO,16.0,BONNER,17,4409000,-0.06,-0.01
2002,IDAHO,16.0,BOUNDARY,21,19971000,0.69,0.75
2002,IDAHO,16.0,CLEARWATER,35,3808000,0.37,0.44
2002,IDAHO,16.0,IDAHO,49,23468000,0.26,0.29
2002,IDAHO,16.0,KOOTENAI,55,12046000,0.5,0.49
2002,IDAHO,16.0,LATAH,57,37148000,0.87,0.88
2002,IDAHO,16.0,LEWIS,61,26111000,-0.4,-0.45
2002,IDAHO,16.0,NEZ PERCE,69,35298000,-0.26,-0.32
2002,IDAHO,16.0,SHOSHONE,79,13000,1.1,1.07
2002,IDAHO,16.0,BLAINE,13,8387000,0.5,0.55
2002,IDAHO,16.0,CAMAS,25,5399000,0.54,0.57
2002,IDAHO,16.0,CASSIA,31,143604000,-0.23,-0.27
2002,IDAHO,16.0,GOODING,47,35090000,0.44,0.47
2002,IDAHO,16.0,JEROME,53,75279000,-0.07,-0.05
2002,IDAHO,16.0,LINCOLN,63,15329000,0.7,0.72
2002,IDAHO,16.0,MINIDOKA,67,145277000,-0.54,-0.56
2002,IDAHO,16.0,TWIN FALLS,83,107421000,1.17,1.19
2002,IDAHO,16.0,ADA,1,42974000,0.63,0.67
2002,IDAHO,16.0,ADAMS,3,803000,-0.36,-0.38
2002,IDAHO,16.0,BOISE,15,1858000,0.51,0.51
2002,IDAHO,16.0,CANYON,27,133556000,0.14,0.13
2002,IDAHO,16.0,GEM,45,8838000,-0.24,-0.3
2002,IDAHO,16.0,OWYHEE,73,37161000,1.04,1.04
2002,IDAHO,16.0,PAYETTE,75,25250000,0.74,0.78
2002,IDAHO,16.0,VALLEY,85,966000,0.15,0.13
2002,IDAHO,16.0,WASHINGTON,87,19876000,-0.1,-0.09
2002,ILLINOIS,17.0,DE WITT,39,50038000,-0.04,-0.04
2002,ILLINOIS,17.0,LOGAN,107,94317000,0.53,0.57
2002,ILLINOIS,17.0,MACON,115,84921000,0.79,0.76
2002,ILLINOIS,17.0,MARSHALL,123,46597000,0.03,0.08
2002,ILLINOIS,17.0,MASON,125,67579000,0.77,0.78
2002,ILLINOIS,17.0,MCLEAN,113,179861000,-0.59,-0.57
2002,ILLINOIS,17.0,MENARD,129,34565000,0.21,0.18
2002,ILLINOIS,17.0,PEORIA,143,63028000,0.05,0.05
2002,ILLINOIS,17.0,STARK,175,48247000,-0.71,-0.81
2002,ILLINOIS,17.0,TAZEWELL,179,89422000,-1.2,-1.22
2002,ILLINOIS,17.0,WOODFORD,203,78065000,0.58,0.58
2002,ILLINOIS,17.0,CHAMPAIGN,19,159881000,0.23,0.26
2002,ILLINOIS,17.0,FORD,53,72258000,-0.07,-0.05
2002,ILLINOIS,17.0,IROQUOIS,75,185991000,0.74,0.78
2002,ILLINOIS,17.0,KANKAKEE,91,110359000,0.46,0.48
2002,ILLINOIS,17.0,LIVINGSTON,105,151070000,0.49,0.55
2002,ILLINOIS,17.0,PIATT,147,68784000,0.03,0.02
2002,ILLINOIS,17.0,VERMILION,183,116766000,-1.3,-1.31
2002,ILLINOIS,17.0,CLARK,23,50583000,0.62,0.59
2002,ILLINOIS,17.0,CLAY,25,27885000,0.54,0.57
2002,ILLINOIS,17.0,COLES,29,56351000,0.12,0.12
2002,ILLINOIS,17.0,CRAWFORD,33,37545000,1.06,1.05
2002,ILLINOIS,17.0,CUMBERLAND,35,31362000,0.37,0.44
2002,ILLINOIS,17.0,DOUGLAS,41,56815000,-0.04,-0.03
2002,ILLINOIS,17.0,EFFINGHAM,49,38001000,0.26,0.29
2002,ILLINOIS,17.0,FAYETTE,51,56010000,-0.06,0.01
2002,ILLINOIS,17.0,JASPER,79,44002000,1.1,1.07
2002,ILLINOIS,17.0,LAWRENCE,101,33713000,-0.06,-0.03
2002,ILLINOIS,17.0,MARION,121,28577000,0.55,0.55
2002,ILLINOIS,17.0,MOULTRIE,139,43465000,1.21,1.22
2002,ILLINOIS,17.0,RICHLAND,159,30082000,-0.18,-0.28
2002,ILLINOIS,17.0,SHELBY,173,73233000,-0.66,-0.71
2002,ILLINOIS,17.0,BOONE,7,37567000,0.7,0.74
2002,ILLINOIS,17.0,COOK,31,20983000,-0.23,-0.27
2002,ILLINOIS,17.0,DE KALB,37,93072000,0.22,0.29
2002,ILLINOIS,17.0,DU PAGE,43,8946000,0.8,0.77
2002,ILLINOIS,17.0,GRUNDY,63,49660000,0.7,0.72
2002,ILLINOIS,17.0,KANE,89,101178000,1.14,1.18
2002,ILLINOIS,17.0,KENDALL,93,51754000,1.09,1.1
2002,ILLINOIS,17.0,LA SALLE,99,146335000,0.41,0.48
2002,ILLINOIS,17.0,LAKE,97,24368000,-0.36,-0.39
2002,ILLINOIS,17.0,MCHENRY,111,68999000,0.05,0.07
2002,ILLINOIS,17.0,WILL,197,76498000,-0.39,-0.41
2002,ILLINOIS,17.0,BUREAU,11,173210000,-0.14,-0.15
2002,ILLINOIS,17.0,CARROLL,15,62365000,0.51,0.51
2002,ILLINOIS,17.0,HENRY,73,114795000,1.04,1.04
2002,ILLINOIS,17.0,JO DAVIESS,85,29791000,0.15,0.13
2002,ILLINOIS,17.0,LEE,103,108063000,0.96,0.97
2002,ILLINOIS,17.0,MERCER,131,68030000,0.29,0.33
2002,ILLINOIS,17.0,OGLE,141,85478000,-0.28,-0.28
2002,ILLINOIS,17.0,PUTNAM,155,39809000,-0.95,-0.99
2002,ILLINOIS,17.0,ROCK ISLAND,161,34949000,-1.22,-1.27
2002,ILLINOIS,17.0,STEPHENSON,177,59725000,-0.29,-0.36
2002,ILLINOIS,17.0,WHITESIDE,195,96125000,-0.56,-0.59
2002,ILLINOIS,17.0,WINNEBAGO,201,45412000,-0.83,-0.86
2002,ILLINOIS,17.0,EDWARDS,47,15099000,0.44,0.47
2002,ILLINOIS,17.0,FRANKLIN,55,16438000,0.5,0.49
2002,ILLINOIS,17.0,GALLATIN,59,27183000,1.16,1.18
2002,ILLINOIS,17.0,HAMILTON,65,26307000,0.57,0.6
2002,ILLINOIS,17.0,JEFFERSON,81,23694000,-0.43,-0.37
2002,ILLINOIS,17.0,MASSAC,127,11460000,0.86,0.84
2002,ILLINOIS,17.0,POPE,151,2908000,-0.87,-0.9
2002,ILLINOIS,17.0,SALINE,165,13299000,-1.51,-1.59
2002,ILLINOIS,17.0,WABASH,185,19762000,-0.46,-0.51
2002,ILLINOIS,17.0,WAYNE,191,39270000,-0.99,-0.97
2002,ILLINOIS,17.0,WHITE,193,38742000,-0.37,-0.44
2002,ILLINOIS,17.0,ALEXANDER,3,9854000,-0.36,-0.38
2002,ILLINOIS,17.0,CLINTON,27,41986000,0.14,0.13
2002,ILLINOIS,17.0,JACKSON,77,21223000,1.06,1.04
2002,ILLINOIS,17.0,JOHNSON,87,5665000,-0.1,-0.09
2002,ILLINOIS,17.0,MONROE,133,25543000,1.08,1.05
2002,ILLINOIS,17.0,PERRY,145,19121000,-0.46,-0.41
2002,ILLINOIS,17.0,PULASKI,153,12760000,0.22,0.15
2002,ILLINOIS,17.0,RANDOLPH,157,27950000,-0.26,-0.27
2002,ILLINOIS,17.0,ST CLAIR,163,60596000,-1.21,-1.31
2002,ILLINOIS,17.0,UNION,181,18125000,-0.66,-0.76
2002,ILLINOIS,17.0,WASHINGTON,189,46584000,-0.7,-0.8
2002,ILLINOIS,17.0,WILLIAMSON,199,5856000,-0.51,-0.5
2002,ILLINOIS,17.0,ADAMS,1,75542000,0.63,0.67
2002,ILLINOIS,17.0,BROWN,9,17815000,0.7,0.66
2002,ILLINOIS,17.0,FULTON,57,67352000,0.87,0.88
2002,ILLINOIS,17.0,HANCOCK,67,81323000,-0.54,-0.56
2002,ILLINOIS,17.0,HENDERSON,71,42977000,0.78,0.81
2002,ILLINOIS,17.0,KNOX,95,86934000,0.86,0.85
2002,ILLINOIS,17.0,MCDONOUGH,109,71625000,-0.08,-0.1
2002,ILLINOIS,17.0,SCHUYLER,169,28479000,-0.06,-0.13
2002,ILLINOIS,17.0,WARREN,187,82727000,-0.63,-0.61
2002,ILLINOIS,17.0,BOND,5,29405000,-0.34,-0.36
2002,ILLINOIS,17.0,CALHOUN,13,9984000,0.5,0.55
2002,ILLINOIS,17.0,CASS,17,42725000,-0.06,-0.01
2002,ILLINOIS,17.0,CHRISTIAN,21,103219000,0.69,0.75
2002,ILLINOIS,17.0,GREENE,61,54205000,-0.4,-0.45
2002,ILLINOIS,17.0,JERSEY,83,32634000,1.17,1.19
2002,ILLINOIS,17.0,MACOUPIN,117,92776000,0.82,0.85
2002,ILLINOIS,17.0,MADISON,119,65186000,0.76,0.81
2002,ILLINOIS,17.0,MONTGOMERY,135,76429000,-0.15,-0.19
2002,ILLINOIS,17.0,MORGAN,137,67141000,-0.26,-0.26
2002,ILLINOIS,17.0,PIKE,149,68655000,0.2,0.2
2002,ILLINOIS,17.0,SANGAMON,167,131338000,-0.88,-1.0
2002,ILLINOIS,17.0,SCOTT,171,22151000,-0.81,-0.84
2002,INDIANA,18.0,BARTHOLOMEW,5,35147000,-0.34,-0.36
2002,INDIANA,18.0,BOONE,11,63981000,-0.14,-0.15
2002,INDIANA,18.0,CLINTON,23,68055000,0.62,0.59
2002,INDIANA,18.0,DECATUR,31,47586000,-0.23,-0.27
2002,INDIANA,18.0,GRANT,53,43875000,-0.07,-0.05
2002,INDIANA,18.0,HAMILTON,57,51079000,0.87,0.88
2002,INDIANA,18.0,HANCOCK,59,36254000,1.16,1.18
2002,INDIANA,18.0,HENDRICKS,63,45149000,0.7,0.72
2002,INDIANA,18.0,HOWARD,67,39033000,-0.54,-0.56
2002,INDIANA,18.0,JOHNSON,81,34250000,-0.43,-0.37
2002,INDIANA,18.0,MADISON,95,67876000,0.86,0.85
2002,INDIANA,18.0,MORGAN,109,19705000,-0.08,-0.1
2002,INDIANA,18.0,RUSH,139,44791000,1.21,1.22
2002,INDIANA,18.0,SHELBY,145,50819000,-0.46,-0.41
2002,INDIANA,18.0,TIPTON,159,43807000,-0.18,-0.28
2002,INDIANA,18.0,BLACKFORD,9,20232000,0.7,0.66
2002,INDIANA,18.0,DELAWARE,35,43619000,0.37,0.44
2002,INDIANA,18.0,FAYETTE,41,15022000,-0.04,-0.03
2002,INDIANA,18.0,HENRY,65,35111000,0.57,0.6
2002,INDIANA,18.0,JAY,75,27411000,0.74,0.78
2002,INDIANA,18.0,RANDOLPH,135,48020000,-0.15,-0.19
2002,INDIANA,18.0,UNION,161,14748000,-1.22,-1.27
2002,INDIANA,18.0,WAYNE,177,32596000,-0.29,-0.36
2002,INDIANA,18.0,CARROLL,15,51430000,0.51,0.51
2002,INDIANA,18.0,CASS,17,49533000,-0.06,-0.01
2002,INDIANA,18.0,ELKHART,39,41638000,-0.04,-0.04
2002,INDIANA,18.0,FULTON,49,38709000,0.26,0.29
2002,INDIANA,18.0,KOSCIUSKO,85,48606000,0.15,0.13
2002,INDIANA,18.0,MARSHALL,99,39837000,0.41,0.48
2002,INDIANA,18.0,MIAMI,103,35755000,0.96,0.97
2002,INDIANA,18.0,ST. JOSEPH,141,37623000,-0.28,-0.28
2002,INDIANA,18.0,WABASH,169,38152000,-0.06,-0.13
2002,INDIANA,18.0,ADAMS,1,38748000,0.63,0.67
2002,INDIANA,18.0,ALLEN,3,55973000,-0.36,-0.38
2002,INDIANA,18.0,DE KALB,33,24626000,1.06,1.05
2002,INDIANA,18.0,HUNTINGTON,69,42148000,-0.26,-0.32
2002,INDIANA,18.0,LAGRANGE,87,41000000,-0.1,-0.09
2002,INDIANA,18.0,NOBLE,113,24601000,-0.59,-0.57
2002,INDIANA,18.0,STEUBEN,151,12580000,-0.87,-0.9
2002,INDIANA,18.0,WELLS,179,44562000,-1.2,-1.22
2002,INDIANA,18.0,WHITLEY,183,27469000,-1.3,-1.31
2002,INDIANA,18.0,BENTON,7,67171000,0.7,0.74
2002,INDIANA,18.0,JASPER,73,71969000,1.04,1.04
2002,INDIANA,18.0,LA PORTE,91,55688000,0.46,0.48
2002,INDIANA,18.0,LAKE,89,36058000,1.14,1.18
2002,INDIANA,18.0,NEWTON,111,47550000,0.05,0.07
2002,INDIANA,18.0,PORTER,127,31218000,0.86,0.84
2002,INDIANA,18.0,PULASKI,131,50427000,0.29,0.33
2002,INDIANA,18.0,STARKE,149,26441000,0.2,0.2
2002,INDIANA,18.0,WHITE,181,70835000,-0.66,-0.76
2002,INDIANA,18.0,BROWN,13,1270000,0.5,0.55
2002,INDIANA,18.0,CRAWFORD,25,1322000,0.54,0.57
2002,INDIANA,18.0,FLOYD,43,2423000,0.8,0.77
2002,INDIANA,18.0,HARRISON,61,13197000,-0.4,-0.45
2002,INDIANA,18.0,JACKSON,71,31696000,0.78,0.81
2002,INDIANA,18.0,LAWRENCE,93,6290000,1.09,1.1
2002,INDIANA,18.0,MONROE,105,3435000,0.49,0.55
2002,INDIANA,18.0,ORANGE,117,8128000,0.82,0.85
2002,INDIANA,18.0,PERRY,123,2658000,0.03,0.08
2002,INDIANA,18.0,WASHINGTON,175,14724000,-0.71,-0.81
2002,INDIANA,18.0,CLARK,19,16232000,0.23,0.26
2002,INDIANA,18.0,DEARBORN,29,4410000,0.12,0.12
2002,INDIANA,18.0,FRANKLIN,47,14152000,0.44,0.47
2002,INDIANA,18.0,JEFFERSON,77,11928000,1.06,1.04
2002,INDIANA,18.0,JENNINGS,79,20551000,1.1,1.07
2002,INDIANA,18.0,OHIO,115,1934000,0.79,0.76
2002,INDIANA,18.0,RIPLEY,137,31311000,-0.26,-0.26
2002,INDIANA,18.0,SCOTT,143,10440000,0.05,0.05
2002,INDIANA,18.0,SWITZERLAND,155,4711000,-0.95,-0.99
2002,INDIANA,18.0,DAVIESS,27,32366000,0.14,0.13
2002,INDIANA,18.0,DUBOIS,37,20262000,0.22,0.29
2002,INDIANA,18.0,GIBSON,51,44292000,-0.06,0.01
2002,INDIANA,18.0,GREENE,55,17111000,0.5,0.49
2002,INDIANA,18.0,KNOX,83,72543000,1.17,1.19
2002,INDIANA,18.0,MARTIN,101,4575000,-0.06,-0.03
2002,INDIANA,18.0,PIKE,125,10823000,0.77,0.78
2002,INDIANA,18.0,POSEY,129,42629000,0.21,0.18
2002,INDIANA,18.0,SPENCER,147,20699000,0.03,0.02
2002,INDIANA,18.0,SULLIVAN,153,33703000,0.22,0.15
2002,INDIANA,18.0,VANDERBURGH,163,18384000,-1.21,-1.31
2002,INDIANA,18.0,WARRICK,173,14256000,-0.66,-0.71
2002,INDIANA,18.0,CLAY,21,26680000,0.69,0.75
2002,INDIANA,18.0,FOUNTAIN,45,47003000,-0.24,-0.3
2002,INDIANA,18.0,MONTGOMERY,107,69826000,0.53,0.57
2002,INDIANA,18.0,OWEN,119,9455000,0.76,0.81
2002,INDIANA,18.0,PARKE,121,26605000,0.55,0.55
2002,INDIANA,18.0,PUTNAM,133,33338000,1.08,1.05
2002,INDIANA,18.0,TIPPECANOE,157,61101000,-0.26,-0.27
2002,INDIANA,18.0,VERMILLION,165,22291000,-1.51,-1.59
2002,INDIANA,18.0,VIGO,167,25905000,-0.88,-1.0
2002,IOWA,19.0,BOONE,15,75622000,0.51,0.51
2002,IOWA,19.0,DALLAS,49,64628000,0.26,0.29
2002,IOWA,19.0,GRUNDY,75,92431000,0.74,0.78
2002,IOWA,19.0,HAMILTON,79,87729000,1.1,1.07
2002,IOWA,19.0,HARDIN,83,81102000,1.17,1.19
2002,IOWA,19.0,JASPER,99,88644000,0.41,0.48
2002,IOWA,19.0,MARSHALL,127,85597000,0.86,0.84
2002,IOWA,19.0,POLK,153,59131000,0.22,0.15
2002,IOWA,19.0,POWESHIEK,157,66793000,-0.26,-0.27
2002,IOWA,19.0,STORY,169,92488000,-0.06,-0.13
2002,IOWA,19.0,TAMA,171,96665000,-0.81,-0.84
2002,IOWA,19.0,WEBSTER,187,106886000,-0.63,-0.61
2002,IOWA,19.0,BENTON,11,95301000,-0.14,-0.15
2002,IOWA,19.0,CEDAR,31,82311000,-0.23,-0.27
2002,IOWA,19.0,CLINTON,45,88357000,-0.24,-0.3
2002,IOWA,19.0,IOWA,95,89094000,0.86,0.85
2002,IOWA,19.0,JACKSON,97,33269000,-0.36,-0.39
2002,IOWA,19.0,JOHNSON,103,56728000,0.96,0.97
2002,IOWA,19.0,JONES,105,57708000,0.49,0.55
2002,IOWA,19.0,LINN,113,73348000,-0.59,-0.57
2002,IOWA,19.0,MUSCATINE,139,51050000,1.21,1.22
2002,IOWA,19.0,SCOTT,163,63660000,-1.21,-1.31
2002,IOWA,19.0,BUTLER,23,74534000,0.62,0.59
2002,IOWA,19.0,CERRO GORDO,33,83706000,1.06,1.05
2002,IOWA,19.0,FLOYD,67,71037000,-0.54,-0.56
2002,IOWA,19.0,FRANKLIN,69,82721000,-0.26,-0.32
2002,IOWA,19.0,HANCOCK,81,80160000,-0.43,-0.37
2002,IOWA,19.0,HUMBOLDT,91,65807000,0.46,0.48
2002,IOWA,19.0,KOSSUTH,109,145372000,-0.08,-0.1
2002,IOWA,19.0,MITCHELL,131,62431000,0.29,0.33
2002,IOWA,19.0,WINNEBAGO,189,54922000,-0.7,-0.8
2002,IOWA,19.0,WORTH,195,52889000,-0.56,-0.59
2002,IOWA,19.0,WRIGHT,197,87751000,-0.39,-0.41
2002,IOWA,19.0,ALLAMAKEE,5,28508000,-0.34,-0.36
2002,IOWA,19.0,BLACK HAWK,13,69697000,0.5,0.55
2002,IOWA,19.0,BREMER,17,62661000,-0.06,-0.01
2002,IOWA,19.0,BUCHANAN,19,83936000,0.23,0.26
2002,IOWA,19.0,CHICKASAW,37,56278000,0.22,0.29
2002,IOWA,19.0,CLAYTON,43,53678000,0.8,0.77
2002,IOWA,19.0,DELAWARE,55,62961000,0.5,0.49
2002,IOWA,19.0,DUBUQUE,61,34562000,-0.4,-0.45
2002,IOWA,19.0,FAYETTE,65,79952000,0.57,0.6
2002,IOWA,19.0,HOWARD,89,54703000,1.14,1.18
2002,IOWA,19.0,WINNESHIEK,191,49336000,-0.99,-0.97
2002,IOWA,19.0,BUENA VISTA,21,79349000,0.69,0.75
2002,IOWA,19.0,CHEROKEE,35,66407000,0.37,0.44
2002,IOWA,19.0,CLAY,41,63760000,-0.04,-0.03
2002,IOWA,19.0,DICKINSON,59,42919000,1.16,1.18
2002,IOWA,19.0,EMMET,63,52725000,0.7,0.72
2002,IOWA,19.0,LYON,119,67239000,0.76,0.81
2002,IOWA,19.0,O BRIEN,141,82644000,-0.28,-0.28
2002,IOWA,19.0,OSCEOLA,143,57037000,0.05,0.05
2002,IOWA,19.0,PALO ALTO,147,75078000,0.03,0.02
2002,IOWA,19.0,PLYMOUTH,149,106333000,0.2,0.2
2002,IOWA,19.0,POCAHONTAS,151,86978000,-0.87,-0.9
2002,IOWA,19.0,SIOUX,167,108582000,-0.88,-1.0
2002,IOWA,19.0,APPANOOSE,7,12970000,0.7,0.74
2002,IOWA,19.0,CLARKE,39,11499000,-0.04,-0.04
2002,IOWA,19.0,DECATUR,53,14418000,-0.07,-0.05
2002,IOWA,19.0,LUCAS,117,11125000,0.82,0.85
2002,IOWA,19.0,MADISON,121,33327000,0.55,0.55
2002,IOWA,19.0,MARION,125,46133000,0.77,0.78
2002,IOWA,19.0,MONROE,135,15040000,-0.15,-0.19
2002,IOWA,19.0,RINGGOLD,159,18120000,-0.18,-0.28
2002,IOWA,19.0,UNION,175,23118000,-0.71,-0.81
2002,IOWA,19.0,WARREN,181,34776000,-0.66,-0.76
2002,IOWA,19.0,WAYNE,185,24120000,-0.46,-0.51
2002,IOWA,19.0,DAVIS,51,20540000,-0.06,0.01
2002,IOWA,19.0,DES MOINES,57,37259000,0.87,0.88
2002,IOWA,19.0,HENRY,87,39721000,-0.1,-0.09
2002,IOWA,19.0,JEFFERSON,101,26516000,-0.06,-0.03
2002,IOWA,19.0,KEOKUK,107,50478000,0.53,0.57
2002,IOWA,19.0,LEE,111,38106000,0.05,0.07
2002,IOWA,19.0,LOUISA,115,42852000,0.79,0.76
2002,IOWA,19.0,MAHASKA,123,55802000,0.03,0.08
2002,IOWA,19.0,VAN BUREN,177,20361000,-0.29,-0.36
2002,IOWA,19.0,WAPELLO,179,25060000,-1.2,-1.22
2002,IOWA,19.0,WASHINGTON,183,60694000,-1.3,-1.31
2002,IOWA,19.0,ADAIR,1,53697000,0.63,0.67
2002,IOWA,19.0,ADAMS,3,28340000,-0.36,-0.38
2002,IOWA,19.0,CASS,29,52395000,0.12,0.12
2002,IOWA,19.0,FREMONT,71,49727000,0.78,0.81
2002,IOWA,19.0,MILLS,129,42609000,0.21,0.18
2002,IOWA,19.0,MONTGOMERY,137,49292000,-0.26,-0.26
2002,IOWA,19.0,PAGE,145,42768000,-0.46,-0.41
2002,IOWA,19.0,POTTAWATTAMIE,155,106911000,-0.95,-0.99
2002,IOWA,19.0,TAYLOR,173,30805000,-0.66,-0.71
2002,IOWA,19.0,AUDUBON,9,46744000,0.7,0.66
2002,IOWA,19.0,CALHOUN,25,82575000,0.54,0.57
2002,IOWA,19.0,CARROLL,27,75490000,0.14,0.13
2002,IOWA,19.0,CRAWFORD,47,89918000,0.44,0.47
2002,IOWA,19.0,GREENE,73,78470000,1.04,1.04
2002,IOWA,19.0,GUTHRIE,77,51826000,1.06,1.04
2002,IOWA,19.0,HARRISON,85,84811000,0.15,0.13
2002,IOWA,19.0,IDA,93,58904000,1.09,1.1
2002,IOWA,19.0,MONONA,133,70875000,1.08,1.05
2002,IOWA,19.0,SAC,161,81291000,-1.22,-1.27
2002,IOWA,19.0,SHELBY,165,74251000,-1.51,-1.59
2002,IOWA,19.0,WOODBURY,193,82342000,-0.37,-0.44
2002,KANSAS,20.0,BARTON,9,44956000,0.7,0.66
2002,KANSAS,20.0,DICKINSON,41,29843000,-0.04,-0.03
2002,KANSAS,20.0,ELLIS,51,14040000,-0.06,0.01
2002,KANSAS,20.0,ELLSWORTH,53,13381000,-0.07,-0.05
2002,KANSAS,20.0,LINCOLN,105,17236000,0.49,0.55
2002,KANSAS,20.0,MARION,115,31523000,0.79,0.76
2002,KANSAS,20.0,MCPHERSON,113,49453000,-0.59,-0.57
2002,KANSAS,20.0,RICE,159,33495000,-0.18,-0.28
2002,KANSAS,20.0,RUSH,165,17014000,-1.51,-1.59
2002,KANSAS,20.0,RUSSELL,167,13355000,-0.88,-1.0
2002,KANSAS,20.0,SALINE,169,22157000,-0.06,-0.13
2002,KANSAS,20.0,ANDERSON,3,20737000,-0.36,-0.38
2002,KANSAS,20.0,CHASE,17,4864000,-0.06,-0.01
2002,KANSAS,20.0,COFFEY,31,17011000,-0.23,-0.27
2002,KANSAS,20.0,DOUGLAS,45,12795000,-0.24,-0.3
2002,KANSAS,20.0,FRANKLIN,59,15062000,1.16,1.18
2002,KANSAS,20.0,GEARY,61,6373000,-0.4,-0.45
2002,KANSAS,20.0,JOHNSON,91,17416000,0.46,0.48
2002,KANSAS,20.0,LINN,107,10384000,0.53,0.57
2002,KANSAS,20.0,LYON,111,18481000,0.05,0.07
2002,KANSAS,20.0,MIAMI,121,15966000,0.55,0.55
2002,KANSAS,20.0,MORRIS,127,11143000,0.86,0.84
2002,KANSAS,20.0,OSAGE,139,15632000,1.21,1.22
2002,KANSAS,20.0,SHAWNEE,177,15306000,-0.29,-0.36
2002,KANSAS,20.0,WABAUNSEE,197,7325000,-0.39,-0.41
2002,KANSAS,20.0,CLAY,27,26255000,0.14,0.13
2002,KANSAS,20.0,CLOUD,29,24232000,0.12,0.12
2002,KANSAS,20.0,JEWELL,89,26540000,1.14,1.18
2002,KANSAS,20.0,MITCHELL,123,27337000,0.03,0.08
2002,KANSAS,20.0,OSBORNE,141,17850000,-0.28,-0.28
2002,KANSAS,20.0,OTTAWA,143,20389000,0.05,0.05
2002,KANSAS,20.0,PHILLIPS,147,13384000,0.03,0.02
2002,KANSAS,20.0,REPUBLIC,157,38764000,-0.26,-0.27
2002,KANSAS,20.0,ROOKS,163,13764000,-1.21,-1.31
2002,KANSAS,20.0,SMITH,183,22270000,-1.3,-1.31
2002,KANSAS,20.0,WASHINGTON,201,25270000,-0.83,-0.86
2002,KANSAS,20.0,ATCHISON,5,15870000,-0.34,-0.36
2002,KANSAS,20.0,BROWN,13,31230000,0.5,0.55
2002,KANSAS,20.0,DONIPHAN,43,25095000,0.8,0.77
2002,KANSAS,20.0,JACKSON,85,9890000,0.15,0.13
2002,KANSAS,20.0,JEFFERSON,87,13006000,-0.1,-0.09
2002,KANSAS,20.0,LEAVENWORTH,103,10605000,0.96,0.97
2002,KANSAS,20.0,MARSHALL,117,31710000,0.82,0.85
2002,KANSAS,20.0,NEMAHA,131,18537000,0.29,0.33
2002,KANSAS,20.0,POTTAWATOMIE,149,12925000,0.2,0.2
2002,KANSAS,20.0,RILEY,161,9237000,-1.22,-1.27
2002,KANSAS,20.0,WYANDOTTE,209,2302000,-1.2,-1.25
2002,KANSAS,20.0,CHEYENNE,23,19780000,0.62,0.59
2002,KANSAS,20.0,DECATUR,39,15343000,-0.04,-0.04
2002,KANSAS,20.0,GRAHAM,65,13095000,0.57,0.6
2002,KANSAS,20.0,NORTON,137,14867000,-0.26,-0.26
2002,KANSAS,20.0,RAWLINS,153,17732000,0.22,0.15
2002,KANSAS,20.0,SHERIDAN,179,31730000,-1.2,-1.22
2002,KANSAS,20.0,SHERMAN,181,35623000,-0.66,-0.76
2002,KANSAS,20.0,THOMAS,193,44579000,-0.37,-0.44
2002,KANSAS,20.0,BARBER,7,14741000,0.7,0.74
2002,KANSAS,20.0,EDWARDS,47,37519000,0.44,0.47
2002,KANSAS,20.0,HARPER,77,27934000,1.06,1.04
2002,KANSAS,20.0,HARVEY,79,34750000,1.1,1.07
2002,KANSAS,20.0,KINGMAN,95,27331000,0.86,0.85
2002,KANSAS,20.0,KIOWA,97,20482000,-0.36,-0.39
2002,KANSAS,20.0,PAWNEE,145,31283000,-0.46,-0.41
2002,KANSAS,20.0,PRATT,151,39139000,-0.87,-0.9
2002,KANSAS,20.0,RENO,155,55286000,-0.95,-0.99
2002,KANSAS,20.0,SEDGWICK,173,48141000,-0.66,-0.71
2002,KANSAS,20.0,STAFFORD,185,41766000,-0.46,-0.51
2002,KANSAS,20.0,SUMNER,191,57845000,-0.99,-0.97
2002,KANSAS,20.0,ALLEN,1,12295000,0.63,0.67
2002,KANSAS,20.0,BOURBON,11,7033000,-0.14,-0.15
2002,KANSAS,20.0,BUTLER,15,24322000,0.51,0.51
2002,KANSAS,20.0,CHAUTAUQUA,19,7226000,0.23,0.26
2002,KANSAS,20.0,CHEROKEE,21,28832000,0.69,0.75
2002,KANSAS,20.0,COWLEY,35,22834000,0.37,0.44
2002,KANSAS,20.0,CRAWFORD,37,21714000,0.22,0.29
2002,KANSAS,20.0,ELK,49,4025000,0.26,0.29
2002,KANSAS,20.0,GREENWOOD,73,6391000,1.04,1.04
2002,KANSAS,20.0,LABETTE,99,17410000,0.41,0.48
2002,KANSAS,20.0,MONTGOMERY,125,16527000,0.77,0.78
2002,KANSAS,20.0,NEOSHO,133,16642000,1.08,1.05
2002,KANSAS,20.0,WILSON,205,20533000,-0.34,-0.4
2002,KANSAS,20.0,WOODSON,207,8571000,-0.47,-0.5
2002,KANSAS,20.0,CLARK,25,5035000,0.54,0.57
2002,KANSAS,20.0,FINNEY,55,78253000,0.5,0.49
2002,KANSAS,20.0,FORD,57,37270000,0.87,0.88
2002,KANSAS,20.0,GRANT,67,30926000,-0.54,-0.56
2002,KANSAS,20.0,GRAY,69,56913000,-0.26,-0.32
2002,KANSAS,20.0,HAMILTON,75,12753000,0.74,0.78
2002,KANSAS,20.0,HASKELL,81,60081000,-0.43,-0.37
2002,KANSAS,20.0,HODGEMAN,83,13416000,1.17,1.19
2002,KANSAS,20.0,KEARNY,93,37283000,1.09,1.1
2002,KANSAS,20.0,MEADE,119,42814000,0.76,0.81
2002,KANSAS,20.0,MORTON,129,12915000,0.21,0.18
2002,KANSAS,20.0,SEWARD,175,31007000,-0.71,-0.81
2002,KANSAS,20.0,STANTON,187,36287000,-0.63,-0.61
2002,KANSAS,20.0,STEVENS,189,57177000,-0.7,-0.8
2002,KANSAS,20.0,GOVE,63,19238000,0.7,0.72
2002,KANSAS,20.0,GREELEY,71,9168000,0.78,0.81
2002,KANSAS,20.0,LANE,101,14512000,-0.06,-0.03
2002,KANSAS,20.0,LOGAN,109,12968000,-0.08,-0.1
2002,KANSAS,20.0,NESS,135,15691000,-0.15,-0.19
2002,KANSAS,20.0,SCOTT,171,26839000,-0.81,-0.84
2002,KANSAS,20.0,TREGO,195,11684000,-0.56,-0.59
2002,KANSAS,20.0,WALLACE,199,12475000,-0.51,-0.5
2002,KENTUCKY,21.0,ANDERSON,5,2831000,-0.34,-0.36
2002,KENTUCKY,21.0,BATH,11,6167000,-0.14,-0.15
2002,KENTUCKY,21.0,BOURBON,17,17566000,-0.06,-0.01
2002,KENTUCKY,21.0,BOYLE,21,4427000,0.69,0.75
2002,KENTUCKY,21.0,CLARK,49,7164000,0.26,0.29
2002,KENTUCKY,21.0,FAYETTE,67,14439000,-0.54,-0.56
2002,KENTUCKY,21.0,FLEMING,69,8911000,-0.26,-0.32
2002,KENTUCKY,21.0,FRANKLIN,73,7360000,1.04,1.04
2002,KENTUCKY,21.0,GARRARD,79,6227000,1.1,1.07
2002,KENTUCKY,21.0,HARRISON,97,10756000,-0.36,-0.39
2002,KENTUCKY,21.0,JESSAMINE,113,7897000,-0.59,-0.57
2002,KENTUCKY,21.0,LINCOLN,137,11468000,-0.26,-0.26
2002,KENTUCKY,21.0,MADISON,151,12139000,-0.87,-0.9
2002,KENTUCKY,21.0,MASON,161,9543000,-1.22,-1.27
2002,KENTUCKY,21.0,MERCER,167,8946000,-0.88,-1.0
2002,KENTUCKY,21.0,MONTGOMERY,173,5135000,-0.66,-0.71
2002,KENTUCKY,21.0,NICHOLAS,181,6106000,-0.66,-0.76
2002,KENTUCKY,21.0,ROBERTSON,201,1573000,-0.83,-0.86
2002,KENTUCKY,21.0,SCOTT,209,13152000,-1.2,-1.25
2002,KENTUCKY,21.0,SHELBY,211,26169000,-0.17,-0.29
2002,KENTUCKY,21.0,SPENCER,215,6970000,-0.76,-0.71
2002,KENTUCKY,21.0,WASHINGTON,229,12144000,-0.84,-0.85
2002,KENTUCKY,21.0,WOODFORD,239,9661000,-0.51,-0.53
2002,KENTUCKY,21.0,ADAIR,1,6053000,0.63,0.67
2002,KENTUCKY,21.0,ALLEN,3,6217000,-0.36,-0.38
2002,KENTUCKY,21.0,BARREN,9,16024000,0.7,0.66
2002,KENTUCKY,21.0,BRECKINRIDGE,27,12623000,0.14,0.13
2002,KENTUCKY,21.0,BULLITT,29,3502000,0.12,0.12
2002,KENTUCKY,21.0,BUTLER,31,7074000,-0.23,-0.27
2002,KENTUCKY,21.0,CASEY,45,8255000,-0.24,-0.3
2002,KENTUCKY,21.0,CLINTON,53,2886000,-0.07,-0.05
2002,KENTUCKY,21.0,CUMBERLAND,57,2448000,0.87,0.88
2002,KENTUCKY,21.0,EDMONSON,61,3333000,-0.4,-0.45
2002,KENTUCKY,21.0,GRAYSON,85,7548000,0.15,0.13
2002,KENTUCKY,21.0,GREEN,87,7517000,-0.1,-0.09
2002,KENTUCKY,21.0,HARDIN,93,18362000,1.09,1.1
2002,KENTUCKY,21.0,HART,99,10501000,0.41,0.48
2002,KENTUCKY,21.0,JEFFERSON,111,9938000,0.05,0.07
2002,KENTUCKY,21.0,LARUE,123,10639000,0.03,0.08
2002,KENTUCKY,21.0,MARION,155,8646000,-0.95,-0.99
2002,KENTUCKY,21.0,MEADE,163,6876000,-1.21,-1.31
2002,KENTUCKY,21.0,METCALFE,169,5886000,-0.06,-0.13
2002,KENTUCKY,21.0,MONROE,171,5088000,-0.81,-0.84
2002,KENTUCKY,21.0,NELSON,179,11042000,-1.2,-1.22
2002,KENTUCKY,21.0,RUSSELL,207,4793000,-0.47,-0.5
2002,KENTUCKY,21.0,TAYLOR,217,7999000,-0.51,-0.59
2002,KENTUCKY,21.0,WARREN,227,23803000,-0.12,-0.1
2002,KENTUCKY,21.0,BELL,13,60000,0.5,0.55
2002,KENTUCKY,21.0,BOYD,19,440000,0.23,0.26
2002,KENTUCKY,21.0,BREATHITT,25,967000,0.54,0.57
2002,KENTUCKY,21.0,CARTER,43,3553000,0.8,0.77
2002,KENTUCKY,21.0,CLAY,51,3001000,-0.06,0.01
2002,KENTUCKY,21.0,ELLIOTT,63,1822000,0.7,0.72
2002,KENTUCKY,21.0,ESTILL,65,1612000,0.57,0.6
2002,KENTUCKY,21.0,FLOYD,71,444000,0.78,0.81
2002,KENTUCKY,21.0,GREENUP,89,3075000,1.14,1.18
2002,KENTUCKY,21.0,HARLAN,95,93000,0.86,0.85
2002,KENTUCKY,21.0,JACKSON,109,4430000,-0.08,-0.1
2002,KENTUCKY,21.0,JOHNSON,115,1000000,0.79,0.76
2002,KENTUCKY,21.0,KNOTT,119,4000,0.76,0.81
2002,KENTUCKY,21.0,KNOX,121,1646000,0.55,0.55
2002,KENTUCKY,21.0,LAUREL,125,6874000,0.77,0.78
2002,KENTUCKY,21.0,LAWRENCE,127,1039000,0.86,0.84
2002,KENTUCKY,21.0,LEE,129,622000,0.21,0.18
2002,KENTUCKY,21.0,LESLIE,131,28000,0.29,0.33
2002,KENTUCKY,21.0,LETCHER,133,121000,1.08,1.05
2002,KENTUCKY,21.0,LEWIS,135,5640000,-0.15,-0.19
2002,KENTUCKY,21.0,MAGOFFIN,153,1180000,0.22,0.15
2002,KENTUCKY,21.0,MARTIN,159,9000,-0.18,-0.28
2002,KENTUCKY,21.0,MCCREARY,147,126000,0.03,0.02
2002,KENTUCKY,21.0,MENIFEE,165,1726000,-1.51,-1.59
2002,KENTUCKY,21.0,MORGAN,175,4194000,-0.71,-0.81
2002,KENTUCKY,21.0,OWSLEY,189,1420000,-0.7,-0.8
2002,KENTUCKY,21.0,PERRY,193,234000,-0.37,-0.44
2002,KENTUCKY,21.0,PIKE,195,79000,-0.56,-0.59
2002,KENTUCKY,21.0,POWELL,197,1470000,-0.39,-0.41
2002,KENTUCKY,21.0,PULASKI,199,12412000,-0.51,-0.5
2002,KENTUCKY,21.0,ROCKCASTLE,203,3799000,0.58,0.58
2002,KENTUCKY,21.0,ROWAN,205,2449000,-0.34,-0.4
2002,KENTUCKY,21.0,WAYNE,231,5686000,-0.69,-0.71
2002,KENTUCKY,21.0,WHITLEY,235,1203000,-0.19,-0.24
2002,KENTUCKY,21.0,WOLFE,237,1967000,-0.15,-0.29
2002,KENTUCKY,21.0,CALDWELL,33,12219000,1.06,1.05
2002,KENTUCKY,21.0,CHRISTIAN,47,53727000,0.44,0.47
2002,KENTUCKY,21.0,CRITTENDEN,55,4518000,0.5,0.49
2002,KENTUCKY,21.0,DAVIESS,59,46022000,1.16,1.18
2002,KENTUCKY,21.0,HANCOCK,91,5152000,0.46,0.48
2002,KENTUCKY,21.0,HENDERSON,101,28956000,-0.06,-0.03
2002,KENTUCKY,21.0,HOPKINS,107,13392000,0.53,0.57
2002,KENTUCKY,21.0,LOGAN,141,38329000,-0.28,-0.28
2002,KENTUCKY,21.0,MCLEAN,149,20730000,0.2,0.2
2002,KENTUCKY,21.0,MUHLENBERG,177,9206000,-0.29,-0.36
2002,KENTUCKY,21.0,OHIO,183,11397000,-1.3,-1.31
2002,KENTUCKY,21.0,SIMPSON,213,21340000,0.02,0.04
2002,KENTUCKY,21.0,TODD,219,32272000,-0.33,-0.39
2002,KENTUCKY,21.0,UNION,225,38027000,0.18,0.1
2002,KENTUCKY,21.0,WEBSTER,233,17096000,0.0,0.04
2002,KENTUCKY,21.0,BOONE,15,11305000,0.51,0.51
2002,KENTUCKY,21.0,BRACKEN,23,6008000,0.62,0.59
2002,KENTUCKY,21.0,CAMPBELL,37,2998000,0.22,0.29
2002,KENTUCKY,21.0,CARROLL,41,6148000,-0.04,-0.03
2002,KENTUCKY,21.0,GALLATIN,77,2450000,1.06,1.04
2002,KENTUCKY,21.0,GRANT,81,5518000,-0.43,-0.37
2002,KENTUCKY,21.0,HENRY,103,14567000,0.96,0.97
2002,KENTUCKY,21.0,KENTON,117,2825000,0.82,0.85
2002,KENTUCKY,21.0,OLDHAM,185,8957000,-0.46,-0.51
2002,KENTUCKY,21.0,OWEN,187,7991000,-0.63,-0.61
2002,KENTUCKY,21.0,PENDLETON,191,5437000,-0.99,-0.97
2002,KENTUCKY,21.0,TRIMBLE,223,4540000,-0.3,-0.28
2002,KENTUCKY,21.0,BALLARD,7,15357000,0.7,0.74
2002,KENTUCKY,21.0,CALLOWAY,35,27907000,0.37,0.44
2002,KENTUCKY,21.0,CARLISLE,39,15452000,-0.04,-0.04
2002,KENTUCKY,21.0,FULTON,75,19826000,0.74,0.78
2002,KENTUCKY,21.0,GRAVES,83,40347000,1.17,1.19
2002,KENTUCKY,21.0,HICKMAN,105,20501000,0.49,0.55
2002,KENTUCKY,21.0,LIVINGSTON,139,3810000,1.21,1.22
2002,KENTUCKY,21.0,LYON,143,2967000,0.05,0.05
2002,KENTUCKY,21.0,MARSHALL,157,8732000,-0.26,-0.27
2002,KENTUCKY,21.0,MCCRACKEN,145,11646000,-0.46,-0.41
2002,KENTUCKY,21.0,TRIGG,221,14311000,-0.59,-0.66
2002,LOUISIANA,22.0,AVOYELLES,9,47666000,0.7,0.66
2002,LOUISIANA,22.0,CATAHOULA,25,23924000,0.54,0.57
2002,LOUISIANA,22.0,CONCORDIA,29,26294000,0.12,0.12
2002,LOUISIANA,22.0,EVANGELINE,39,18286000,-0.04,-0.04
2002,LOUISIANA,22.0,GRANT,43,1866000,0.8,0.77
2002,LOUISIANA,22.0,LA SALLE,59,187000,1.16,1.18
2002,LOUISIANA,22.0,POINTE COUPEE,77,46471000,1.06,1.04
2002,LOUISIANA,22.0,RAPIDES,79,54936000,1.1,1.07
2002,LOUISIANA,22.0,SAINT LANDRY,97,43576000,-0.36,-0.39
2002,LOUISIANA,22.0,EAST BATON ROUGE,33,5776000,1.06,1.05
2002,LOUISIANA,22.0,EAST FELICIANA,37,1192000,0.22,0.29
2002,LOUISIANA,22.0,LIVINGSTON,63,1295000,0.7,0.72
2002,LOUISIANA,22.0,SAINT HELENA,91,554000,0.46,0.48
2002,LOUISIANA,22.0,SAINT TAMMANY,103,6566000,0.96,0.97
2002,LOUISIANA,22.0,TANGIPAHOA,105,8562000,0.49,0.55
2002,LOUISIANA,22.0,WASHINGTON,117,7493000,0.82,0.85
2002,LOUISIANA,22.0,WEST FELICIANA,125,3292000,0.77,0.78
2002,LOUISIANA,22.0,BIENVILLE,13,364000,0.5,0.55
2002,LOUISIANA,22.0,CALDWELL,21,3927000,0.69,0.75
2002,LOUISIANA,22.0,CLAIBORNE,27,800000,0.14,0.13
2002,LOUISIANA,22.0,JACKSON,49,872000,0.26,0.29
2002,LOUISIANA,22.0,LINCOLN,61,2289000,-0.4,-0.45
2002,LOUISIANA,22.0,OUACHITA,73,9960000,1.04,1.04
2002,LOUISIANA,22.0,UNION,111,806000,0.05,0.07
2002,LOUISIANA,22.0,WINN,127,524000,0.86,0.84
2002,LOUISIANA,22.0,EAST CARROLL,35,43676000,0.37,0.44
2002,LOUISIANA,22.0,FRANKLIN,41,44307000,-0.04,-0.03
2002,LOUISIANA,22.0,MADISON,65,44577000,0.57,0.6
2002,LOUISIANA,22.0,MOREHOUSE,67,49674000,-0.54,-0.56
2002,LOUISIANA,22.0,RICHLAND,83,23946000,1.17,1.19
2002,LOUISIANA,22.0,TENSAS,107,48637000,0.53,0.57
2002,LOUISIANA,22.0,WEST CARROLL,123,28620000,0.03,0.08
2002,LOUISIANA,22.0,BOSSIER,15,3233000,0.51,0.51
2002,LOUISIANA,22.0,CADDO,17,15686000,-0.06,-0.01
2002,LOUISIANA,22.0,DE SOTO,31,1422000,-0.23,-0.27
2002,LOUISIANA,22.0,RED RIVER,81,5666000,-0.43,-0.37
2002,LOUISIANA,22.0,WEBSTER,119,595000,0.76,0.81
2002,LOUISIANA,22.0,ASSUMPTION,7,33834000,0.7,0.74
2002,LOUISIANA,22.0,IBERIA,45,51689000,-0.24,-0.3
2002,LOUISIANA,22.0,IBERVILLE,47,42551000,0.44,0.47
2002,LOUISIANA,22.0,LAFAYETTE,55,17896000,0.5,0.49
2002,LOUISIANA,22.0,SAINT MARTIN,99,26203000,0.41,0.48
2002,LOUISIANA,22.0,SAINT MARY,101,34876000,-0.06,-0.03
2002,LOUISIANA,22.0,ASCENSION,5,16616000,-0.34,-0.36
2002,LOUISIANA,22.0,JEFFERSON,51,1519000,-0.06,0.01
2002,LOUISIANA,22.0,LAFOURCHE,57,22330000,0.87,0.88
2002,LOUISIANA,22.0,PLAQUEMINES,75,4481000,0.74,0.78
2002,LOUISIANA,22.0,SAINT BERNARD,87,255000,-0.1,-0.09
2002,LOUISIANA,22.0,SAINT JAMES,93,26514000,1.09,1.1
2002,LOUISIANA,22.0,ST. JOHN THE BAPTIST,95,5762000,0.86,0.85
2002,LOUISIANA,22.0,TERREBONNE,109,9511000,-0.08,-0.1
2002,LOUISIANA,22.0,ACADIA,1,29765000,0.63,0.67
2002,LOUISIANA,22.0,ALLEN,3,5152000,-0.36,-0.38
2002,LOUISIANA,22.0,BEAUREGARD,11,2452000,-0.14,-0.15
2002,LOUISIANA,22.0,CALCASIEU,19,7957000,0.23,0.26
2002,LOUISIANA,22.0,JEFFERSON DAVIS,53,27999000,-0.07,-0.05
2002,LOUISIANA,22.0,VERMILION,113,45354000,-0.59,-0.57
2002,LOUISIANA,22.0,NATCHITOCHES,69,9264000,-0.26,-0.32
2002,LOUISIANA,22.0,SABINE,85,445000,0.15,0.13
2002,LOUISIANA,22.0,VERNON,115,408000,0.79,0.76
2002,MAINE,23.0,PENOBSCOT,19,10096000,0.23,0.26
2002,MAINE,23.0,SOMERSET,25,6394000,0.54,0.57
2002,MAINE,23.0,WALDO,27,2926000,0.14,0.13
2002,MAINE,23.0,WASHINGTON,29,18089000,0.12,0.12
2002,MAINE,23.0,AROOSTOOK,3,117333000,-0.36,-0.38
2002,MAINE,23.0,ANDROSCOGGIN,1,7168000,0.63,0.67
2002,MAINE,23.0,CUMBERLAND,5,11768000,-0.34,-0.36
2002,MAINE,23.0,FRANKLIN,7,1448000,0.7,0.74
2002,MAINE,23.0,KENNEBEC,11,6899000,-0.14,-0.15
2002,MAINE,23.0,KNOX,13,3517000,0.5,0.55
2002,MAINE,23.0,LINCOLN,15,3548000,0.51,0.51
2002,MAINE,23.0,OXFORD,17,11216000,-0.06,-0.01
2002,MAINE,23.0,YORK,31,14403000,-0.23,-0.27
2002,MARYLAND,24.0,DORCHESTER,19,25666000,0.23,0.26
2002,MARYLAND,24.0,SOMERSET,39,8894000,-0.04,-0.04
2002,MARYLAND,24.0,WICOMICO,45,26226000,-0.24,-0.3
2002,MARYLAND,24.0,WORCESTER,47,16186000,0.44,0.47
2002,MARYLAND,24.0,BALTIMORE,5,46168000,-0.34,-0.36
2002,MARYLAND,24.0,CARROLL,13,31142000,0.5,0.55
2002,MARYLAND,24.0,FREDERICK,21,20704000,0.69,0.75
2002,MARYLAND,24.0,HARFORD,25,12939000,0.54,0.57
2002,MARYLAND,24.0,HOWARD,27,16421000,0.14,0.13
2002,MARYLAND,24.0,MONTGOMERY,31,36239000,-0.23,-0.27
2002,MARYLAND,24.0,WASHINGTON,43,11072000,0.8,0.77
2002,MARYLAND,24.0,ANNE ARUNDEL,3,9918000,-0.36,-0.38
2002,MARYLAND,24.0,CALVERT,9,2837000,0.7,0.66
2002,MARYLAND,24.0,CHARLES,17,4746000,-0.06,-0.01
2002,MARYLAND,24.0,PRINCE GEORGES,33,10526000,1.06,1.05
2002,MARYLAND,24.0,ST MARYS,37,8989000,0.22,0.29
2002,MARYLAND,24.0,CAROLINE,11,28819000,-0.14,-0.15
2002,MARYLAND,24.0,CECIL,15,30236000,0.51,0.51
2002,MARYLAND,24.0,KENT,29,37977000,0.12,0.12
2002,MARYLAND,24.0,QUEEN ANNES,35,45457000,0.37,0.44
2002,MARYLAND,24.0,TALBOT,41,14327000,-0.04,-0.03
2002,MARYLAND,24.0,ALLEGANY,1,965000,0.63,0.67
2002,MARYLAND,24.0,GARRETT,23,3748000,0.62,0.59
2002,MASSACHUSETTS,25.0,BARNSTABLE,1,8607000,0.63,0.67
2002,MASSACHUSETTS,25.0,BERKSHIRE,3,9707000,-0.36,-0.38
2002,MASSACHUSETTS,25.0,BRISTOL,5,22325000,-0.34,-0.36
2002,MASSACHUSETTS,25.0,DUKES,7,895000,0.7,0.74
2002,MASSACHUSETTS,25.0,ESSEX,9,20072000,0.7,0.66
2002,MASSACHUSETTS,25.0,FRANKLIN,11,27190000,-0.14,-0.15
2002,MASSACHUSETTS,25.0,HAMPDEN,13,20197000,0.5,0.55
2002,MASSACHUSETTS,25.0,HAMPSHIRE,15,24110000,0.51,0.51
2002,MASSACHUSETTS,25.0,MIDDLESEX,17,55192000,-0.06,-0.01
2002,MASSACHUSETTS,25.0,NANTUCKET,19,2677000,0.23,0.26
2002,MASSACHUSETTS,25.0,NORFOLK,21,10529000,0.69,0.75
2002,MASSACHUSETTS,25.0,PLYMOUTH,23,40451000,0.62,0.59
2002,MASSACHUSETTS,25.0,SUFFOLK,25,284000,0.54,0.57
2002,MASSACHUSETTS,25.0,WORCESTER,27,34833000,0.14,0.13
2002,MICHIGAN,26.0,CLARE,35,2082000,0.37,0.44
2002,MICHIGAN,26.0,GLADWIN,51,4873000,-0.06,0.01
2002,MICHIGAN,26.0,GRATIOT,57,64445000,0.87,0.88
2002,MICHIGAN,26.0,ISABELLA,73,24280000,1.04,1.04
2002,MICHIGAN,26.0,MECOSTA,107,13412000,0.53,0.57
2002,MICHIGAN,26.0,MIDLAND,111,14406000,0.05,0.07
2002,MICHIGAN,26.0,MONTCALM,117,72654000,0.82,0.85
2002,MICHIGAN,26.0,OSCEOLA,133,4596000,1.08,1.05
2002,MICHIGAN,26.0,ARENAC,11,16367000,-0.14,-0.15
2002,MICHIGAN,26.0,BAY,17,54568000,-0.06,-0.01
2002,MICHIGAN,26.0,HURON,63,108721000,0.7,0.72
2002,MICHIGAN,26.0,SAGINAW,145,80473000,-0.46,-0.41
2002,MICHIGAN,26.0,SANILAC,151,76898000,-0.87,-0.9
2002,MICHIGAN,26.0,TUSCOLA,157,72801000,-0.26,-0.27
2002,MICHIGAN,26.0,ALCONA,1,2763000,0.63,0.67
2002,MICHIGAN,26.0,ALPENA,7,4191000,0.7,0.74
2002,MICHIGAN,26.0,CHEBOYGAN,31,2852000,-0.23,-0.27
2002,MICHIGAN,26.0,IOSCO,69,2628000,-0.26,-0.32
2002,MICHIGAN,26.0,MONTMORENCY,119,1153000,0.76,0.81
2002,MICHIGAN,26.0,OGEMAW,129,4131000,0.21,0.18
2002,MICHIGAN,26.0,OSCODA,135,336000,-0.15,-0.19
2002,MICHIGAN,26.0,OTSEGO,137,3437000,-0.26,-0.26
2002,MICHIGAN,26.0,PRESQUE ISLE,141,7366000,-0.28,-0.28
2002,MICHIGAN,26.0,ROSCOMMON,143,450000,0.05,0.05
2002,MICHIGAN,26.0,ANTRIM,9,11068000,0.7,0.66
2002,MICHIGAN,26.0,BENZIE,19,3342000,0.23,0.26
2002,MICHIGAN,26.0,CHARLEVOIX,29,1839000,0.12,0.12
2002,MICHIGAN,26.0,EMMET,47,2851000,0.44,0.47
2002,MICHIGAN,26.0,GRAND TRAVERSE,55,7553000,0.5,0.49
2002,MICHIGAN,26.0,KALKASKA,79,4915000,1.1,1.07
2002,MICHIGAN,26.0,LEELANAU,89,12528000,1.14,1.18
2002,MICHIGAN,26.0,MANISTEE,101,6897000,-0.06,-0.03
2002,MICHIGAN,26.0,MISSAUKEE,113,10712000,-0.59,-0.57
2002,MICHIGAN,26.0,WEXFORD,165,6369000,-1.51,-1.59
2002,MICHIGAN,26.0,BARRY,15,19086000,0.51,0.51
2002,MICHIGAN,26.0,BRANCH,23,39288000,0.62,0.59
2002,MICHIGAN,26.0,CALHOUN,25,36169000,0.54,0.57
2002,MICHIGAN,26.0,CLINTON,37,41459000,0.22,0.29
2002,MICHIGAN,26.0,EATON,45,40397000,-0.24,-0.3
2002,MICHIGAN,26.0,HILLSDALE,59,40884000,1.16,1.18
2002,MICHIGAN,26.0,INGHAM,65,34561000,0.57,0.6
2002,MICHIGAN,26.0,IONIA,67,36223000,-0.54,-0.56
2002,MICHIGAN,26.0,JACKSON,75,21195000,0.74,0.78
2002,MICHIGAN,26.0,SHIAWASSEE,155,32277000,-0.95,-0.99
2002,MICHIGAN,26.0,ST JOSEPH,149,76068000,0.2,0.2
2002,MICHIGAN,26.0,GENESEE,49,21667000,0.26,0.29
2002,MICHIGAN,26.0,LAPEER,87,33315000,-0.1,-0.09
2002,MICHIGAN,26.0,LENAWEE,91,64265000,0.46,0.48
2002,MICHIGAN,26.0,LIVINGSTON,93,16459000,1.09,1.1
2002,MICHIGAN,26.0,MACOMB,99,39931000,0.41,0.48
2002,MICHIGAN,26.0,MONROE,115,86148000,0.79,0.76
2002,MICHIGAN,26.0,OAKLAND,125,41509000,0.77,0.78
2002,MICHIGAN,26.0,ST CLAIR,147,31380000,0.03,0.02
2002,MICHIGAN,26.0,WASHTENAW,161,37458000,-1.22,-1.27
2002,MICHIGAN,26.0,WAYNE,163,26955000,-1.21,-1.31
2002,MICHIGAN,26.0,ALLEGAN,5,112570000,-0.34,-0.36
2002,MICHIGAN,26.0,BERRIEN,21,84578000,0.69,0.75
2002,MICHIGAN,26.0,CASS,27,38188000,0.14,0.13
2002,MICHIGAN,26.0,KALAMAZOO,77,109007000,1.06,1.04
2002,MICHIGAN,26.0,KENT,81,112943000,-0.43,-0.37
2002,MICHIGAN,26.0,OTTAWA,139,164805000,1.21,1.22
2002,MICHIGAN,26.0,VAN BUREN,159,84835000,-0.18,-0.28
2002,MICHIGAN,26.0,ALGER,3,501000,-0.36,-0.38
2002,MICHIGAN,26.0,BARAGA,13,647000,0.5,0.55
2002,MICHIGAN,26.0,CHIPPEWA,33,2614000,1.06,1.05
2002,MICHIGAN,26.0,DELTA,41,4827000,-0.04,-0.03
2002,MICHIGAN,26.0,DICKINSON,43,1648000,0.8,0.77
2002,MICHIGAN,26.0,GOGEBIC,53,157000,-0.07,-0.05
2002,MICHIGAN,26.0,HOUGHTON,61,1366000,-0.4,-0.45
2002,MICHIGAN,26.0,IRON,71,2719000,0.78,0.81
2002,MICHIGAN,26.0,LUCE,95,2242000,0.86,0.85
2002,MICHIGAN,26.0,MACKINAC,97,489000,-0.36,-0.39
2002,MICHIGAN,26.0,MARQUETTE,103,1807000,0.96,0.97
2002,MICHIGAN,26.0,MENOMINEE,109,3060000,-0.08,-0.1
2002,MICHIGAN,26.0,ONTONAGON,131,490000,0.29,0.33
2002,MICHIGAN,26.0,SCHOOLCRAFT,153,835000,0.22,0.15
2002,MICHIGAN,26.0,LAKE,85,987000,0.15,0.13
2002,MICHIGAN,26.0,MASON,105,16546000,0.49,0.55
2002,MICHIGAN,26.0,MUSKEGON,121,29525000,0.55,0.55
2002,MICHIGAN,26.0,NEWAYGO,123,20763000,0.03,0.08
2002,MICHIGAN,26.0,OCEANA,127,39765000,0.86,0.84
2002,MINNESOTA,27.0,BENTON,9,19337000,0.7,0.66
2002,MINNESOTA,27.0,CARVER,19,30110000,0.23,0.26
2002,MINNESOTA,27.0,KANDIYOHI,67,83050000,-0.54,-0.56
2002,MINNESOTA,27.0,MCLEOD,85,51751000,0.15,0.13
2002,MINNESOTA,27.0,MEEKER,93,59210000,1.09,1.1
2002,MINNESOTA,27.0,MORRISON,97,30080000,-0.36,-0.39
2002,MINNESOTA,27.0,RENVILLE,129,203689000,0.21,0.18
2002,MINNESOTA,27.0,SCOTT,139,27898000,1.21,1.22
2002,MINNESOTA,27.0,SHERBURNE,141,37812000,-0.28,-0.28
2002,MINNESOTA,27.0,SIBLEY,143,83298000,0.05,0.05
2002,MINNESOTA,27.0,STEARNS,145,69449000,-0.46,-0.41
2002,MINNESOTA,27.0,TODD,153,25709000,0.22,0.15
2002,MINNESOTA,27.0,WADENA,159,13172000,-0.18,-0.28
2002,MINNESOTA,27.0,WRIGHT,171,49948000,-0.81,-0.84
2002,MINNESOTA,27.0,AITKIN,1,6861000,0.63,0.67
2002,MINNESOTA,27.0,ANOKA,3,43024000,-0.36,-0.38
2002,MINNESOTA,27.0,CARLTON,17,2818000,-0.06,-0.01
2002,MINNESOTA,27.0,CHISAGO,25,20165000,0.54,0.57
2002,MINNESOTA,27.0,CROW WING,35,5005000,0.37,0.44
2002,MINNESOTA,27.0,HENNEPIN,53,51186000,-0.07,-0.05
2002,MINNESOTA,27.0,ISANTI,59,16249000,1.16,1.18
2002,MINNESOTA,27.0,KANABEC,65,6295000,0.57,0.6
2002,MINNESOTA,27.0,MILLE LACS,95,8233000,0.86,0.85
2002,MINNESOTA,27.0,PINE,115,12706000,0.79,0.76
2002,MINNESOTA,27.0,RAMSEY,123,3505000,0.03,0.08
2002,MINNESOTA,27.0,WASHINGTON,163,55426000,-1.21,-1.31
2002,MINNESOTA,27.0,BELTRAMI,7,4592000,0.7,0.74
2002,MINNESOTA,27.0,CASS,21,3949000,0.69,0.75
2002,MINNESOTA,27.0,HUBBARD,57,17309000,0.87,0.88
2002,MINNESOTA,27.0,ITASCA,61,3394000,-0.4,-0.45
2002,MINNESOTA,27.0,KOOCHICHING,71,1379000,0.78,0.81
2002,MINNESOTA,27.0,LAKE OF THE WOODS,77,4431000,1.06,1.04
2002,MINNESOTA,27.0,COOK,31,282000,-0.23,-0.27
2002,MINNESOTA,27.0,LAKE,75,283000,0.74,0.78
2002,MINNESOTA,27.0,ST. LOUIS,137,5864000,-0.26,-0.26
2002,MINNESOTA,27.0,BECKER,5,46394000,-0.34,-0.36
2002,MINNESOTA,27.0,CLAY,27,112696000,0.14,0.13
2002,MINNESOTA,27.0,CLEARWATER,29,9011000,0.12,0.12
2002,MINNESOTA,27.0,KITTSON,69,60497000,-0.26,-0.32
2002,MINNESOTA,27.0,MAHNOMEN,87,17324000,-0.1,-0.09
2002,MINNESOTA,27.0,MARSHALL,89,98198000,1.14,1.18
2002,MINNESOTA,27.0,NORMAN,107,75203000,0.53,0.57
2002,MINNESOTA,27.0,PENNINGTON,113,21790000,-0.59,-0.57
2002,MINNESOTA,27.0,POLK,119,183319000,0.76,0.81
2002,MINNESOTA,27.0,RED LAKE,125,17670000,0.77,0.78
2002,MINNESOTA,27.0,ROSEAU,135,26464000,-0.15,-0.19
2002,MINNESOTA,27.0,BLUE EARTH,13,97666000,0.5,0.55
2002,MINNESOTA,27.0,BROWN,15,72839000,0.51,0.51
2002,MINNESOTA,27.0,FARIBAULT,43,113892000,0.8,0.77
2002,MINNESOTA,27.0,FREEBORN,47,100537000,0.44,0.47
2002,MINNESOTA,27.0,LE SUEUR,79,45425000,1.1,1.07
2002,MINNESOTA,27.0,MARTIN,91,102813000,0.46,0.48
2002,MINNESOTA,27.0,NICOLLET,103,57734000,0.96,0.97
2002,MINNESOTA,27.0,RICE,131,45347000,0.29,0.33
2002,MINNESOTA,27.0,STEELE,147,80270000,0.03,0.02
2002,MINNESOTA,27.0,WASECA,161,56507000,-1.22,-1.27
2002,MINNESOTA,27.0,WATONWAN,165,65557000,-1.51,-1.59
2002,MINNESOTA,27.0,DAKOTA,37,74480000,0.22,0.29
2002,MINNESOTA,27.0,DODGE,39,57018000,-0.04,-0.04
2002,MINNESOTA,27.0,FILLMORE,45,64559000,-0.24,-0.3
2002,MINNESOTA,27.0,GOODHUE,49,64503000,0.26,0.29
2002,MINNESOTA,27.0,HOUSTON,55,19193000,0.5,0.49
2002,MINNESOTA,27.0,MOWER,99,105467000,0.41,0.48
2002,MINNESOTA,27.0,OLMSTED,109,57517000,-0.08,-0.1
2002,MINNESOTA,27.0,WABASHA,157,37773000,-0.26,-0.27
2002,MINNESOTA,27.0,WINONA,169,31576000,-0.06,-0.13
2002,MINNESOTA,27.0,COTTONWOOD,33,76263000,1.06,1.05
2002,MINNESOTA,27.0,JACKSON,63,82732000,0.7,0.72
2002,MINNESOTA,27.0,LINCOLN,81,37114000,-0.43,-0.37
2002,MINNESOTA,27.0,LYON,83,75284000,1.17,1.19
2002,MINNESOTA,27.0,MURRAY,101,75512000,-0.06,-0.03
2002,MINNESOTA,27.0,NOBLES,105,75043000,0.49,0.55
2002,MINNESOTA,27.0,PIPESTONE,117,37041000,0.82,0.85
2002,MINNESOTA,27.0,REDWOOD,127,122004000,0.86,0.84
2002,MINNESOTA,27.0,ROCK,133,54750000,1.08,1.05
2002,MINNESOTA,27.0,BIG STONE,11,44923000,-0.14,-0.15
2002,MINNESOTA,27.0,CHIPPEWA,23,87784000,0.62,0.59
2002,MINNESOTA,27.0,DOUGLAS,41,25118000,-0.04,-0.03
2002,MINNESOTA,27.0,GRANT,51,62278000,-0.06,0.01
2002,MINNESOTA,27.0,LAC QUI PARLE,73,78189000,1.04,1.04
2002,MINNESOTA,27.0,OTTER TAIL,111,89965000,0.05,0.07
2002,MINNESOTA,27.0,POPE,121,52051000,0.55,0.55
2002,MINNESOTA,27.0,STEVENS,149,65116000,0.2,0.2
2002,MINNESOTA,27.0,SWIFT,151,87385000,-0.87,-0.9
2002,MINNESOTA,27.0,TRAVERSE,155,72947000,-0.95,-0.99
2002,MINNESOTA,27.0,WILKIN,167,98044000,-0.88,-1.0
2002,MINNESOTA,27.0,YELLOW MEDICINE,173,86631000,-0.66,-0.71
2002,MISSISSIPPI,28.0,ATTALA,7,4342000,0.7,0.74
2002,MISSISSIPPI,28.0,CARROLL,15,8876000,0.51,0.51
2002,MISSISSIPPI,28.0,CHOCTAW,19,839000,0.23,0.26
2002,MISSISSIPPI,28.0,HOLMES,51,28224000,-0.06,0.01
2002,MISSISSIPPI,28.0,LEAKE,79,907000,1.1,1.07
2002,MISSISSIPPI,28.0,MADISON,89,12249000,1.14,1.18
2002,MISSISSIPPI,28.0,MONTGOMERY,97,3009000,-0.36,-0.39
2002,MISSISSIPPI,28.0,RANKIN,121,5476000,0.55,0.55
2002,MISSISSIPPI,28.0,SCOTT,123,2125000,0.03,0.08
2002,MISSISSIPPI,28.0,WEBSTER,155,6264000,-0.95,-0.99
2002,MISSISSIPPI,28.0,CHICKASAW,17,6657000,-0.06,-0.01
2002,MISSISSIPPI,28.0,CLAY,25,2718000,0.54,0.57
2002,MISSISSIPPI,28.0,KEMPER,69,793000,-0.26,-0.32
2002,MISSISSIPPI,28.0,LOWNDES,87,7821000,-0.1,-0.09
2002,MISSISSIPPI,28.0,MONROE,95,12257000,0.86,0.85
2002,MISSISSIPPI,28.0,NESHOBA,99,806000,0.41,0.48
2002,MISSISSIPPI,28.0,NOXUBEE,103,14529000,0.96,0.97
2002,MISSISSIPPI,28.0,OKTIBBEHA,105,2136000,0.49,0.55
2002,MISSISSIPPI,28.0,WINSTON,159,1223000,-0.18,-0.28
2002,MISSISSIPPI,28.0,HUMPHREYS,53,38838000,-0.07,-0.05
2002,MISSISSIPPI,28.0,LEFLORE,83,63307000,1.17,1.19
2002,MISSISSIPPI,28.0,SHARKEY,125,40581000,0.77,0.78
2002,MISSISSIPPI,28.0,SUNFLOWER,133,69261000,1.08,1.05
2002,MISSISSIPPI,28.0,WASHINGTON,151,81164000,-0.87,-0.9
2002,MISSISSIPPI,28.0,YAZOO,163,53564000,-1.21,-1.31
2002,MISSISSIPPI,28.0,BENTON,9,7718000,0.7,0.66
2002,MISSISSIPPI,28.0,CALHOUN,13,25681000,0.5,0.55
2002,MISSISSIPPI,28.0,DE SOTO,33,18516000,1.06,1.05
2002,MISSISSIPPI,28.0,GRENADA,43,4380000,0.8,0.77
2002,MISSISSIPPI,28.0,LAFAYETTE,71,3221000,0.78,0.81
2002,MISSISSIPPI,28.0,MARSHALL,93,7962000,1.09,1.1
2002,MISSISSIPPI,28.0,PANOLA,107,25988000,0.53,0.57
2002,MISSISSIPPI,28.0,TATE,137,11297000,-0.26,-0.26
2002,MISSISSIPPI,28.0,YALOBUSHA,161,5973000,-1.22,-1.27
2002,MISSISSIPPI,28.0,ALCORN,3,6426000,-0.36,-0.38
2002,MISSISSIPPI,28.0,ITAWAMBA,57,3387000,0.87,0.88
2002,MISSISSIPPI,28.0,LEE,81,9672000,-0.43,-0.37
2002,MISSISSIPPI,28.0,PONTOTOC,115,4579000,0.79,0.76
2002,MISSISSIPPI,28.0,PRENTISS,117,4402000,0.82,0.85
2002,MISSISSIPPI,28.0,TIPPAH,139,6247000,1.21,1.22
2002,MISSISSIPPI,28.0,TISHOMINGO,141,1048000,-0.28,-0.28
2002,MISSISSIPPI,28.0,UNION,145,4771000,-0.46,-0.41
2002,MISSISSIPPI,28.0,COVINGTON,31,2253000,-0.23,-0.27
2002,MISSISSIPPI,28.0,JEFFERSON DAVIS,65,1312000,0.57,0.6
2002,MISSISSIPPI,28.0,LAMAR,73,1974000,1.04,1.04
2002,MISSISSIPPI,28.0,LAWRENCE,77,1777000,1.06,1.04
2002,MISSISSIPPI,28.0,MARION,91,816000,0.46,0.48
2002,MISSISSIPPI,28.0,PIKE,113,1596000,-0.59,-0.57
2002,MISSISSIPPI,28.0,SIMPSON,127,2100000,0.86,0.84
2002,MISSISSIPPI,28.0,SMITH,129,3357000,0.21,0.18
2002,MISSISSIPPI,28.0,WALTHALL,147,782000,0.03,0.02
2002,MISSISSIPPI,28.0,CLARKE,23,656000,0.62,0.59
2002,MISSISSIPPI,28.0,FORREST,35,1961000,0.37,0.44
2002,MISSISSIPPI,28.0,GEORGE,39,9956000,-0.04,-0.04
2002,MISSISSIPPI,28.0,GREENE,41,1229000,-0.04,-0.03
2002,MISSISSIPPI,28.0,HANCOCK,45,683000,-0.24,-0.3
2002,MISSISSIPPI,28.0,HARRISON,47,1822000,0.44,0.47
2002,MISSISSIPPI,28.0,JACKSON,59,3127000,1.16,1.18
2002,MISSISSIPPI,28.0,JASPER,61,810000,-0.4,-0.45
2002,MISSISSIPPI,28.0,JONES,67,2210000,-0.54,-0.56
2002,MISSISSIPPI,28.0,LAUDERDALE,75,2407000,0.74,0.78
2002,MISSISSIPPI,28.0,NEWTON,101,1033000,-0.06,-0.03
2002,MISSISSIPPI,28.0,PEARL RIVER,109,3328000,-0.08,-0.1
2002,MISSISSIPPI,28.0,PERRY,111,404000,0.05,0.07
2002,MISSISSIPPI,28.0,STONE,131,3172000,0.29,0.33
2002,MISSISSIPPI,28.0,WAYNE,153,2022000,0.22,0.15
2002,MISSISSIPPI,28.0,ADAMS,1,4079000,0.63,0.67
2002,MISSISSIPPI,28.0,AMITE,5,698000,-0.34,-0.36
2002,MISSISSIPPI,28.0,CLAIBORNE,21,3417000,0.69,0.75
2002,MISSISSIPPI,28.0,COPIAH,29,2739000,0.12,0.12
2002,MISSISSIPPI,28.0,FRANKLIN,37,437000,0.22,0.29
2002,MISSISSIPPI,28.0,HINDS,49,9873000,0.26,0.29
2002,MISSISSIPPI,28.0,JEFFERSON,63,3451000,0.7,0.72
2002,MISSISSIPPI,28.0,LINCOLN,85,1177000,0.15,0.13
2002,MISSISSIPPI,28.0,WARREN,149,9078000,0.2,0.2
2002,MISSISSIPPI,28.0,BOLIVAR,11,105259000,-0.14,-0.15
2002,MISSISSIPPI,28.0,COAHOMA,27,74131000,0.14,0.13
2002,MISSISSIPPI,28.0,QUITMAN,119,31593000,0.76,0.81
2002,MISSISSIPPI,28.0,TALLAHATCHIE,135,42867000,-0.15,-0.19
2002,MISSISSIPPI,28.0,TUNICA,143,46662000,0.05,0.05
2002,MISSOURI,29.0,BENTON,15,5937000,0.51,0.51
2002,MISSOURI,29.0,BOONE,19,19698000,0.23,0.26
2002,MISSOURI,29.0,CALLAWAY,27,21802000,0.14,0.13
2002,MISSOURI,29.0,CAMDEN,29,882000,0.12,0.12
2002,MISSOURI,29.0,COLE,51,6052000,-0.06,0.01
2002,MISSOURI,29.0,COOPER,53,20483000,-0.07,-0.05
2002,MISSOURI,29.0,DALLAS,59,2283000,1.16,1.18
2002,MISSOURI,29.0,HICKORY,85,1613000,0.15,0.13
2002,MISSOURI,29.0,HOWARD,89,19684000,1.14,1.18
2002,MISSOURI,29.0,LACLEDE,105,2559000,0.49,0.55
2002,MISSOURI,29.0,MARIES,125,2337000,0.77,0.78
2002,MISSOURI,29.0,MILLER,131,2825000,0.29,0.33
2002,MISSOURI,29.0,MONITEAU,135,11301000,-0.15,-0.19
2002,MISSOURI,29.0,MORGAN,141,6110000,-0.28,-0.28
2002,MISSOURI,29.0,OSAGE,151,4811000,-0.87,-0.9
2002,MISSOURI,29.0,PETTIS,159,24350000,-0.18,-0.28
2002,MISSOURI,29.0,PHELPS,161,1372000,-1.22,-1.27
2002,MISSOURI,29.0,POLK,167,4457000,-0.88,-1.0
2002,MISSOURI,29.0,PULASKI,169,1358000,-0.06,-0.13
2002,MISSOURI,29.0,SALINE,195,58602000,-0.56,-0.59
2002,MISSOURI,29.0,CRAWFORD,55,1901000,0.5,0.49
2002,MISSOURI,29.0,FRANKLIN,71,15351000,0.78,0.81
2002,MISSOURI,29.0,GASCONADE,73,5681000,1.04,1.04
2002,MISSOURI,29.0,JEFFERSON,99,4407000,0.41,0.48
2002,MISSOURI,29.0,LINCOLN,113,24924000,-0.59,-0.57
2002,MISSOURI,29.0,MONTGOMERY,139,24846000,1.21,1.22
2002,MISSOURI,29.0,PERRY,157,14532000,-0.26,-0.27
2002,MISSOURI,29.0,ST CHARLES,183,26895000,-1.3,-1.31
2002,MISSOURI,29.0,ST FRANCOIS,187,7087000,-0.63,-0.61
2002,MISSOURI,29.0,ST LOUIS,189,19699000,-0.7,-0.8
2002,MISSOURI,29.0,STE GENEVIEVE,186,7927000,0.29,0.21
2002,MISSOURI,29.0,WARREN,219,11983000,-0.33,-0.39
2002,MISSOURI,29.0,WASHINGTON,221,1141000,-0.59,-0.66
2002,MISSOURI,29.0,ADAIR,1,10482000,0.63,0.67
2002,MISSOURI,29.0,CARROLL,33,47082000,1.06,1.05
2002,MISSOURI,29.0,CHARITON,41,38613000,-0.04,-0.03
2002,MISSOURI,29.0,GRUNDY,79,15921000,1.1,1.07
2002,MISSOURI,29.0,LINN,115,15254000,0.79,0.76
2002,MISSOURI,29.0,LIVINGSTON,117,26626000,0.82,0.85
2002,MISSOURI,29.0,MACON,121,19088000,0.55,0.55
2002,MISSOURI,29.0,PUTNAM,171,6822000,-0.81,-0.84
2002,MISSOURI,29.0,RANDOLPH,175,11157000,-0.71,-0.81
2002,MISSOURI,29.0,SCHUYLER,197,3681000,-0.39,-0.41
2002,MISSOURI,29.0,AUDRAIN,7,52375000,0.7,0.74
2002,MISSOURI,29.0,CLARK,45,19730000,-0.24,-0.3
2002,MISSOURI,29.0,KNOX,103,15338000,0.96,0.97
2002,MISSOURI,29.0,LEWIS,111,23146000,0.05,0.07
2002,MISSOURI,29.0,MARION,127,23131000,0.86,0.84
2002,MISSOURI,29.0,MONROE,137,25173000,-0.26,-0.26
2002,MISSOURI,29.0,PIKE,163,28119000,-1.21,-1.31
2002,MISSOURI,29.0,RALLS,173,23409000,-0.66,-0.71
2002,MISSOURI,29.0,SCOTLAND,199,16534000,-0.51,-0.5
2002,MISSOURI,29.0,SHELBY,205,29552000,-0.34,-0.4
2002,MISSOURI,29.0,ANDREW,3,21551000,-0.36,-0.38
2002,MISSOURI,29.0,ATCHISON,5,42825000,-0.34,-0.36
2002,MISSOURI,29.0,BUCHANAN,21,21261000,0.69,0.75
2002,MISSOURI,29.0,CALDWELL,25,9044000,0.54,0.57
2002,MISSOURI,29.0,CLAY,47,8951000,0.44,0.47
2002,MISSOURI,29.0,CLINTON,49,15934000,0.26,0.29
2002,MISSOURI,29.0,DAVIESS,61,17904000,-0.4,-0.45
2002,MISSOURI,29.0,DE KALB,63,10771000,0.7,0.72
2002,MISSOURI,29.0,GENTRY,75,14226000,0.74,0.78
2002,MISSOURI,29.0,HARRISON,81,19453000,-0.43,-0.37
2002,MISSOURI,29.0,HOLT,87,40419000,-0.1,-0.09
2002,MISSOURI,29.0,NODAWAY,147,42072000,0.03,0.02
2002,MISSOURI,29.0,PLATTE,165,21350000,-1.51,-1.59
2002,MISSOURI,29.0,RAY,177,21275000,-0.29,-0.36
2002,MISSOURI,29.0,WORTH,227,5200000,-0.12,-0.1
2002,MISSOURI,29.0,CARTER,35,228000,0.37,0.44
2002,MISSOURI,29.0,DENT,65,1012000,0.57,0.6
2002,MISSOURI,29.0,DOUGLAS,67,1028000,-0.54,-0.56
2002,MISSOURI,29.0,HOWELL,91,3607000,0.46,0.48
2002,MISSOURI,29.0,IRON,93,450000,1.09,1.1
2002,MISSOURI,29.0,MADISON,123,648000,0.03,0.08
2002,MISSOURI,29.0,OREGON,149,1871000,0.2,0.2
2002,MISSOURI,29.0,OZARK,153,1060000,0.22,0.15
2002,MISSOURI,29.0,REYNOLDS,179,493000,-1.2,-1.22
2002,MISSOURI,29.0,RIPLEY,181,4600000,-0.66,-0.76
2002,MISSOURI,29.0,SHANNON,203,427000,0.58,0.58
2002,MISSOURI,29.0,TANEY,213,615000,0.02,0.04
2002,MISSOURI,29.0,TEXAS,215,4091000,-0.76,-0.71
2002,MISSOURI,29.0,WAYNE,223,932000,-0.3,-0.28
2002,MISSOURI,29.0,WEBSTER,225,3356000,0.18,0.1
2002,MISSOURI,29.0,WRIGHT,229,2694000,-0.84,-0.85
2002,MISSOURI,29.0,BUTLER,23,39817000,0.62,0.59
2002,MISSOURI,29.0,CAPE GIRARDEAU,31,23814000,-0.23,-0.27
2002,MISSOURI,29.0,DUNKLIN,69,80943000,-0.26,-0.32
2002,MISSOURI,29.0,MISSISSIPPI,133,64217000,1.08,1.05
2002,MISSOURI,29.0,NEW MADRID,143,97464000,0.05,0.05
2002,MISSOURI,29.0,PEMISCOT,155,69337000,-0.95,-0.99
2002,MISSOURI,29.0,SCOTT,201,44320000,-0.83,-0.86
2002,MISSOURI,29.0,STODDARD,207,88754000,-0.47,-0.5
2002,MISSOURI,29.0,BARRY,9,3904000,0.7,0.66
2002,MISSOURI,29.0,BARTON,11,27217000,-0.14,-0.15
2002,MISSOURI,29.0,CHRISTIAN,43,3000000,0.8,0.77
2002,MISSOURI,29.0,DADE,57,13270000,0.87,0.88
2002,MISSOURI,29.0,GREENE,77,6473000,1.06,1.04
2002,MISSOURI,29.0,JASPER,97,22245000,-0.36,-0.39
2002,MISSOURI,29.0,LAWRENCE,109,11574000,-0.08,-0.1
2002,MISSOURI,29.0,MCDONALD,119,1359000,0.76,0.81
2002,MISSOURI,29.0,NEWTON,145,6711000,-0.46,-0.41
2002,MISSOURI,29.0,STONE,209,1069000,-1.2,-1.25
2002,MISSOURI,29.0,BATES,13,26400000,0.5,0.55
2002,MISSOURI,29.0,CASS,37,28903000,0.22,0.29
2002,MISSOURI,29.0,CEDAR,39,3213000,-0.04,-0.04
2002,MISSOURI,29.0,HENRY,83,14005000,1.17,1.19
2002,MISSOURI,29.0,JACKSON,95,15852000,0.86,0.85
2002,MISSOURI,29.0,JOHNSON,101,19295000,-0.06,-0.03
2002,MISSOURI,29.0,LAFAYETTE,107,48933000,0.53,0.57
2002,MISSOURI,29.0,ST CLAIR,185,9242000,-0.46,-0.51
2002,MISSOURI,29.0,VERNON,217,22385000,-0.51,-0.59
2002,MONTANA,30.0,BROADWATER,7,11488000,0.7,0.74
2002,MONTANA,30.0,CASCADE,13,18767000,0.5,0.55
2002,MONTANA,30.0,FERGUS,27,18860000,0.14,0.13
2002,MONTANA,30.0,GOLDEN VALLEY,37,960000,0.22,0.29
2002,MONTANA,30.0,JUDITH BASIN,45,8445000,-0.24,-0.3
2002,MONTANA,30.0,LEWIS AND CLARK,49,6972000,0.26,0.29
2002,MONTANA,30.0,MEAGHER,59,2237000,1.16,1.18
2002,MONTANA,30.0,MUSSELSHELL,65,2179000,0.57,0.6
2002,MONTANA,30.0,PETROLEUM,69,1025000,-0.26,-0.32
2002,MONTANA,30.0,WHEATLAND,107,2626000,0.53,0.57
2002,MONTANA,30.0,BLAINE,5,24174000,-0.34,-0.36
2002,MONTANA,30.0,CHOUTEAU,15,41918000,0.51,0.51
2002,MONTANA,30.0,GLACIER,35,20437000,0.37,0.44
2002,MONTANA,30.0,HILL,41,33565000,-0.04,-0.03
2002,MONTANA,30.0,LIBERTY,51,17308000,-0.06,0.01
2002,MONTANA,30.0,PHILLIPS,71,12135000,0.78,0.81
2002,MONTANA,30.0,PONDERA,73,31052000,1.04,1.04
2002,MONTANA,30.0,TETON,99,34284000,0.41,0.48
2002,MONTANA,30.0,TOOLE,101,25558000,-0.06,-0.03
2002,MONTANA,30.0,DANIELS,19,21126000,0.23,0.26
2002,MONTANA,30.0,DAWSON,21,19459000,0.69,0.75
2002,MONTANA,30.0,GARFIELD,33,6385000,1.06,1.05
2002,MONTANA,30.0,MCCONE,55,17461000,0.5,0.49
2002,MONTANA,30.0,RICHLAND,83,30096000,1.17,1.19
2002,MONTANA,30.0,ROOSEVELT,85,39269000,0.15,0.13
2002,MONTANA,30.0,SHERIDAN,91,33642000,0.46,0.48
2002,MONTANA,30.0,VALLEY,105,32393000,0.49,0.55
2002,MONTANA,30.0,DEER LODGE,23,646000,0.62,0.59
2002,MONTANA,30.0,FLATHEAD,29,19372000,0.12,0.12
2002,MONTANA,30.0,GRANITE,39,1195000,-0.04,-0.04
2002,MONTANA,30.0,LAKE,47,18176000,0.44,0.47
2002,MONTANA,30.0,LINCOLN,53,783000,-0.07,-0.05
2002,MONTANA,30.0,MINERAL,61,179000,-0.4,-0.45
2002,MONTANA,30.0,MISSOULA,63,2788000,0.7,0.72
2002,MONTANA,30.0,POWELL,77,2714000,1.06,1.04
2002,MONTANA,30.0,RAVALLI,81,10319000,-0.43,-0.37
2002,MONTANA,30.0,SANDERS,89,6657000,1.14,1.18
2002,MONTANA,30.0,BIG HORN,3,17830000,-0.36,-0.38
2002,MONTANA,30.0,CARBON,9,13410000,0.7,0.66
2002,MONTANA,30.0,PARK,67,4206000,-0.54,-0.56
2002,MONTANA,30.0,STILLWATER,95,3744000,0.86,0.85
2002,MONTANA,30.0,SWEET GRASS,97,1686000,-0.36,-0.39
2002,MONTANA,30.0,TREASURE,103,4835000,0.96,0.97
2002,MONTANA,30.0,YELLOWSTONE,111,24252000,0.05,0.07
2002,MONTANA,30.0,CARTER,11,1139000,-0.14,-0.15
2002,MONTANA,30.0,CUSTER,17,6017000,-0.06,-0.01
2002,MONTANA,30.0,FALLON,25,2177000,0.54,0.57
2002,MONTANA,30.0,POWDER RIVER,75,1124000,0.74,0.78
2002,MONTANA,30.0,PRAIRIE,79,5435000,1.1,1.07
2002,MONTANA,30.0,ROSEBUD,87,7759000,-0.1,-0.09
2002,MONTANA,30.0,WIBAUX,109,4773000,-0.08,-0.1
2002,MONTANA,30.0,BEAVERHEAD,1,9403000,0.63,0.67
2002,MONTANA,30.0,GALLATIN,31,40535000,-0.23,-0.27
2002,MONTANA,30.0,JEFFERSON,43,1230000,0.8,0.77
2002,MONTANA,30.0,MADISON,57,6877000,0.87,0.88
2002,MONTANA,30.0,SILVER BOW,93,241000,1.09,1.1
2002,NEBRASKA,31.0,BUFFALO,19,78342000,0.23,0.26
2002,NEBRASKA,31.0,CUSTER,41,61378000,-0.04,-0.03
2002,NEBRASKA,31.0,DAWSON,47,74664000,0.44,0.47
2002,NEBRASKA,31.0,GREELEY,77,15559000,1.06,1.04
2002,NEBRASKA,31.0,HALL,79,64451000,1.1,1.07
2002,NEBRASKA,31.0,HOWARD,93,29927000,1.09,1.1
2002,NEBRASKA,31.0,SHERMAN,163,18379000,-1.21,-1.31
2002,NEBRASKA,31.0,VALLEY,175,21317000,-0.71,-0.81
2002,NEBRASKA,31.0,BUTLER,23,53135000,0.62,0.59
2002,NEBRASKA,31.0,CASS,25,37796000,0.54,0.57
2002,NEBRASKA,31.0,COLFAX,37,38589000,0.22,0.29
2002,NEBRASKA,31.0,DODGE,53,65935000,-0.07,-0.05
2002,NEBRASKA,31.0,DOUGLAS,55,21957000,0.5,0.49
2002,NEBRASKA,31.0,HAMILTON,81,95106000,-0.43,-0.37
2002,NEBRASKA,31.0,LANCASTER,109,48928000,-0.08,-0.1
2002,NEBRASKA,31.0,MERRICK,121,54865000,0.55,0.55
2002,NEBRASKA,31.0,NANCE,125,21225000,0.77,0.78
2002,NEBRASKA,31.0,PLATTE,141,72478000,-0.28,-0.28
2002,NEBRASKA,31.0,POLK,143,49466000,0.05,0.05
2002,NEBRASKA,31.0,SARPY,153,16007000,0.22,0.15
2002,NEBRASKA,31.0,SAUNDERS,155,76780000,-0.95,-0.99
2002,NEBRASKA,31.0,SEWARD,159,59461000,-0.18,-0.28
2002,NEBRASKA,31.0,WASHINGTON,177,39512000,-0.29,-0.36
2002,NEBRASKA,31.0,YORK,185,90611000,-0.46,-0.51
2002,NEBRASKA,31.0,ARTHUR,5,1067000,-0.34,-0.36
2002,NEBRASKA,31.0,BLAINE,9,619000,0.7,0.66
2002,NEBRASKA,31.0,BOYD,15,4470000,0.51,0.51
2002,NEBRASKA,31.0,BROWN,17,13406000,-0.06,-0.01
2002,NEBRASKA,31.0,CHERRY,31,11146000,-0.23,-0.27
2002,NEBRASKA,31.0,GARFIELD,71,2811000,0.78,0.81
2002,NEBRASKA,31.0,HOLT,89,76580000,1.14,1.18
2002,NEBRASKA,31.0,HOOKER,91,554000,0.46,0.48
2002,NEBRASKA,31.0,KEYA PAHA,103,3257000,0.96,0.97
2002,NEBRASKA,31.0,LOGAN,113,6026000,-0.59,-0.57
2002,NEBRASKA,31.0,LOUP,115,1062000,0.79,0.76
2002,NEBRASKA,31.0,MCPHERSON,117,1285000,0.82,0.85
2002,NEBRASKA,31.0,ROCK,149,8993000,0.2,0.2
2002,NEBRASKA,31.0,WHEELER,183,11311000,-1.3,-1.31
2002,NEBRASKA,31.0,ANTELOPE,3,76474000,-0.36,-0.38
2002,NEBRASKA,31.0,BOONE,11,53785000,-0.14,-0.15
2002,NEBRASKA,31.0,BURT,21,52022000,0.69,0.75
2002,NEBRASKA,31.0,CEDAR,27,54223000,0.14,0.13
2002,NEBRASKA,31.0,CUMING,39,56026000,-0.04,-0.04
2002,NEBRASKA,31.0,DAKOTA,43,24725000,0.8,0.77
2002,NEBRASKA,31.0,DIXON,51,34313000,-0.06,0.01
2002,NEBRASKA,31.0,KNOX,107,28219000,0.53,0.57
2002,NEBRASKA,31.0,MADISON,119,50107000,0.76,0.81
2002,NEBRASKA,31.0,PIERCE,139,45272000,1.21,1.22
2002,NEBRASKA,31.0,STANTON,167,26347000,-0.88,-1.0
2002,NEBRASKA,31.0,THURSTON,173,35737000,-0.66,-0.71
2002,NEBRASKA,31.0,WAYNE,179,39394000,-1.2,-1.22
2002,NEBRASKA,31.0,BANNER,7,8327000,0.7,0.74
2002,NEBRASKA,31.0,BOX BUTTE,13,57378000,0.5,0.55
2002,NEBRASKA,31.0,CHEYENNE,33,30356000,1.06,1.05
2002,NEBRASKA,31.0,DAWES,45,3745000,-0.24,-0.3
2002,NEBRASKA,31.0,DEUEL,49,14370000,0.26,0.29
2002,NEBRASKA,31.0,GARDEN,69,12618000,-0.26,-0.32
2002,NEBRASKA,31.0,KIMBALL,105,14044000,0.49,0.55
2002,NEBRASKA,31.0,MORRILL,123,29672000,0.03,0.08
2002,NEBRASKA,31.0,SCOTTS BLUFF,157,45260000,-0.26,-0.27
2002,NEBRASKA,31.0,SHERIDAN,161,18109000,-1.22,-1.27
2002,NEBRASKA,31.0,SIOUX,165,8371000,-1.51,-1.59
2002,NEBRASKA,31.0,ADAMS,1,71954000,0.63,0.67
2002,NEBRASKA,31.0,FRANKLIN,61,33818000,-0.4,-0.45
2002,NEBRASKA,31.0,FURNAS,65,30947000,0.57,0.6
2002,NEBRASKA,31.0,GOSPER,73,28410000,1.04,1.04
2002,NEBRASKA,31.0,HARLAN,83,27510000,1.17,1.19
2002,NEBRASKA,31.0,KEARNEY,99,83310000,0.41,0.48
2002,NEBRASKA,31.0,PHELPS,137,87485000,-0.26,-0.26
2002,NEBRASKA,31.0,WEBSTER,181,22781000,-0.66,-0.76
2002,NEBRASKA,31.0,CLAY,35,75046000,0.37,0.44
2002,NEBRASKA,31.0,FILLMORE,59,79285000,1.16,1.18
2002,NEBRASKA,31.0,GAGE,67,52065000,-0.54,-0.56
2002,NEBRASKA,31.0,JEFFERSON,95,38614000,0.86,0.85
2002,NEBRASKA,31.0,JOHNSON,97,9716000,-0.36,-0.39
2002,NEBRASKA,31.0,NEMAHA,127,20723000,0.86,0.84
2002,NEBRASKA,31.0,NUCKOLLS,129,33772000,0.21,0.18
2002,NEBRASKA,31.0,OTOE,131,23507000,0.29,0.33
2002,NEBRASKA,31.0,PAWNEE,133,10688000,1.08,1.05
2002,NEBRASKA,31.0,RICHARDSON,147,28752000,0.03,0.02
2002,NEBRASKA,31.0,SALINE,151,47065000,-0.87,-0.9
2002,NEBRASKA,31.0,THAYER,169,60050000,-0.06,-0.13
2002,NEBRASKA,31.0,CHASE,29,67764000,0.12,0.12
2002,NEBRASKA,31.0,DUNDY,57,39473000,0.87,0.88
2002,NEBRASKA,31.0,FRONTIER,63,23330000,0.7,0.72
2002,NEBRASKA,31.0,HAYES,85,17291000,0.15,0.13
2002,NEBRASKA,31.0,HITCHCOCK,87,17627000,-0.1,-0.09
2002,NEBRASKA,31.0,KEITH,101,37577000,-0.06,-0.03
2002,NEBRASKA,31.0,LINCOLN,111,70975000,0.05,0.07
2002,NEBRASKA,31.0,PERKINS,135,56825000,-0.15,-0.19
2002,NEBRASKA,31.0,RED WILLOW,145,23553000,-0.46,-0.41
2002,NEVADA,32.0,ELKO,7,1680000,0.7,0.74
2002,NEVADA,32.0,EUREKA,11,8945000,-0.14,-0.15
2002,NEVADA,32.0,LANDER,15,10263000,0.51,0.51
2002,NEVADA,32.0,WHITE PINE,33,3938000,1.06,1.05
2002,NEVADA,32.0,CARSON CITY,510,202000,-1.03,-1.01
2002,NEVADA,32.0,CHURCHILL,1,11261000,0.63,0.67
2002,NEVADA,32.0,DOUGLAS,5,4233000,-0.34,-0.36
2002,NEVADA,32.0,HUMBOLDT,13,37599000,0.5,0.55
2002,NEVADA,32.0,LYON,19,36723000,0.23,0.26
2002,NEVADA,32.0,PERSHING,27,8609000,0.14,0.13
2002,NEVADA,32.0,WASHOE,31,9900000,-0.23,-0.27
2002,NEVADA,32.0,CLARK,3,6626000,-0.36,-0.38
2002,NEVADA,32.0,LINCOLN,17,7096000,-0.06,-0.01
2002,NEVADA,32.0,NYE,23,4370000,0.62,0.59
2002,NEW HAMPSHIRE,33.0,BELKNAP,1,3185000,0.63,0.67
2002,NEW HAMPSHIRE,33.0,CARROLL,3,2826000,-0.36,-0.38
2002,NEW HAMPSHIRE,33.0,CHESHIRE,5,3355000,-0.34,-0.36
2002,NEW HAMPSHIRE,33.0,COOS,7,1691000,0.7,0.74
2002,NEW HAMPSHIRE,33.0,GRAFTON,9,3429000,0.7,0.66
2002,NEW HAMPSHIRE,33.0,HILLSBOROUGH,11,11228000,-0.14,-0.15
2002,NEW HAMPSHIRE,33.0,MERRIMACK,13,34054000,0.5,0.55
2002,NEW HAMPSHIRE,33.0,ROCKINGHAM,15,13256000,0.51,0.51
2002,NEW HAMPSHIRE,33.0,STRAFFORD,17,6214000,-0.06,-0.01
2002,NEW HAMPSHIRE,33.0,SULLIVAN,19,3912000,0.23,0.26
2002,NEW JERSEY,34.0,BURLINGTON,5,72869000,-0.34,-0.36
2002,NEW JERSEY,34.0,MERCER,21,10904000,0.69,0.75
2002,NEW JERSEY,34.0,MIDDLESEX,23,21296000,0.62,0.59
2002,NEW JERSEY,34.0,MONMOUTH,25,72701000,0.54,0.57
2002,NEW JERSEY,34.0,OCEAN,29,8967000,0.12,0.12
2002,NEW JERSEY,34.0,BERGEN,3,7293000,-0.36,-0.38
2002,NEW JERSEY,34.0,ESSEX,13,728000,0.5,0.55
2002,NEW JERSEY,34.0,HUNTERDON,19,34707000,0.23,0.26
2002,NEW JERSEY,34.0,MORRIS,27,40842000,0.14,0.13
2002,NEW JERSEY,34.0,PASSAIC,31,5981000,-0.23,-0.27
2002,NEW JERSEY,34.0,SOMERSET,35,8264000,0.37,0.44
2002,NEW JERSEY,34.0,SUSSEX,37,8077000,0.22,0.29
2002,NEW JERSEY,34.0,UNION,39,6727000,-0.04,-0.04
2002,NEW JERSEY,34.0,WARREN,41,18437000,-0.04,-0.03
2002,NEW JERSEY,34.0,ATLANTIC,1,77718000,0.63,0.67
2002,NEW JERSEY,34.0,CAMDEN,7,13509000,0.7,0.74
2002,NEW JERSEY,34.0,CAPE MAY,9,10760000,0.7,0.66
2002,NEW JERSEY,34.0,CUMBERLAND,11,119958000,-0.14,-0.15
2002,NEW JERSEY,34.0,GLOUCESTER,15,61958000,0.51,0.51
2002,NEW JERSEY,34.0,SALEM,33,55799000,1.06,1.05
2002,NEW MEXICO,35.0,COLFAX,7,881000,0.7,0.74
2002,NEW MEXICO,35.0,CURRY,9,26561000,0.7,0.66
2002,NEW MEXICO,35.0,DE BACA,11,3598000,-0.14,-0.15
2002,NEW MEXICO,35.0,GUADALUPE,19,344000,0.23,0.26
2002,NEW MEXICO,35.0,MORA,33,966000,1.06,1.05
2002,NEW MEXICO,35.0,QUAY,37,2736000,0.22,0.29
2002,NEW MEXICO,35.0,ROOSEVELT,41,24627000,-0.04,-0.03
2002,NEW MEXICO,35.0,SAN MIGUEL,47,1233000,0.44,0.47
2002,NEW MEXICO,35.0,TORRANCE,57,9499000,0.87,0.88
2002,NEW MEXICO,35.0,UNION,59,14509000,1.16,1.18
2002,NEW MEXICO,35.0,BERNALILLO,1,5524000,0.63,0.67
2002,NEW MEXICO,35.0,RIO ARRIBA,39,1751000,-0.04,-0.04
2002,NEW MEXICO,35.0,SAN JUAN,45,26985000,-0.24,-0.3
2002,NEW MEXICO,35.0,SANDOVAL,43,2667000,0.8,0.77
2002,NEW MEXICO,35.0,SANTA FE,49,8727000,0.26,0.29
2002,NEW MEXICO,35.0,TAOS,55,607000,0.5,0.49
2002,NEW MEXICO,35.0,VALENCIA,61,3700000,-0.4,-0.45
2002,NEW MEXICO,35.0,CHAVES,5,29989000,-0.34,-0.36
2002,NEW MEXICO,35.0,DONA ANA,13,123160000,0.5,0.55
2002,NEW MEXICO,35.0,EDDY,15,24798000,0.51,0.51
2002,NEW MEXICO,35.0,LEA,25,22634000,0.54,0.57
2002,NEW MEXICO,35.0,LINCOLN,27,235000,0.14,0.13
2002,NEW MEXICO,35.0,OTERO,35,5600000,0.37,0.44
2002,NEW MEXICO,35.0,CATRON,3,315000,-0.36,-0.38
2002,NEW MEXICO,35.0,GRANT,17,140000,-0.06,-0.01
2002,NEW MEXICO,35.0,HIDALGO,23,11364000,0.62,0.59
2002,NEW MEXICO,35.0,LUNA,29,33225000,0.12,0.12
2002,NEW MEXICO,35.0,SIERRA,51,5779000,-0.06,0.01
2002,NEW MEXICO,35.0,SOCORRO,53,4403000,-0.07,-0.05
2002,NEW YORK,36.0,CAYUGA,11,34023000,-0.14,-0.15
2002,NEW YORK,36.0,CHENANGO,17,5241000,-0.06,-0.01
2002,NEW YORK,36.0,CORTLAND,23,3495000,0.62,0.59
2002,NEW YORK,36.0,HERKIMER,43,6711000,0.8,0.77
2002,NEW YORK,36.0,MADISON,53,7439000,-0.07,-0.05
2002,NEW YORK,36.0,ONEIDA,65,22632000,0.57,0.6
2002,NEW YORK,36.0,ONONDAGA,67,24596000,-0.54,-0.56
2002,NEW YORK,36.0,OSWEGO,75,17757000,0.74,0.78
2002,NEW YORK,36.0,OTSEGO,77,6599000,1.06,1.04
2002,NEW YORK,36.0,ALBANY,1,9375000,0.63,0.67
2002,NEW YORK,36.0,FULTON,35,1310000,0.37,0.44
2002,NEW YORK,36.0,MONTGOMERY,57,10099000,0.87,0.88
2002,NEW YORK,36.0,RENSSELAER,83,12013000,1.17,1.19
2002,NEW YORK,36.0,SARATOGA,91,9981000,0.46,0.48
2002,NEW YORK,36.0,SCHENECTADY,93,2405000,1.09,1.1
2002,NEW YORK,36.0,SCHOHARIE,95,7470000,0.86,0.85
2002,NEW YORK,36.0,WASHINGTON,115,11866000,0.79,0.76
2002,NEW YORK,36.0,NEW YORK,61,390000,-0.4,-0.45
2002,NEW YORK,36.0,SUFFOLK,103,177703000,0.96,0.97
2002,NEW YORK,36.0,CLINTON,19,17042000,0.23,0.26
2002,NEW YORK,36.0,ESSEX,31,3729000,-0.23,-0.27
2002,NEW YORK,36.0,FRANKLIN,33,6243000,1.06,1.05
2002,NEW YORK,36.0,WARREN,113,2273000,-0.59,-0.57
2002,NEW YORK,36.0,JEFFERSON,45,10354000,-0.24,-0.3
2002,NEW YORK,36.0,LEWIS,49,7074000,0.26,0.29
2002,NEW YORK,36.0,ST LAWRENCE,89,8898000,1.14,1.18
2002,NEW YORK,36.0,COLUMBIA,21,17812000,0.69,0.75
2002,NEW YORK,36.0,DELAWARE,25,7260000,0.54,0.57
2002,NEW YORK,36.0,DUTCHESS,27,21144000,0.14,0.13
2002,NEW YORK,36.0,GREENE,39,5767000,-0.04,-0.04
2002,NEW YORK,36.0,ORANGE,71,40833000,0.78,0.81
2002,NEW YORK,36.0,PUTNAM,79,2342000,1.1,1.07
2002,NEW YORK,36.0,ROCKLAND,87,3007000,-0.1,-0.09
2002,NEW YORK,36.0,SULLIVAN,105,2690000,0.49,0.55
2002,NEW YORK,36.0,ULSTER,111,28751000,0.05,0.07
2002,NEW YORK,36.0,WESTCHESTER,119,8444000,0.76,0.81
2002,NEW YORK,36.0,BROOME,7,5766000,0.7,0.74
2002,NEW YORK,36.0,CHEMUNG,15,3933000,0.51,0.51
2002,NEW YORK,36.0,SCHUYLER,97,4545000,-0.36,-0.39
2002,NEW YORK,36.0,TIOGA,107,6106000,0.53,0.57
2002,NEW YORK,36.0,TOMPKINS,109,8863000,-0.08,-0.1
2002,NEW YORK,36.0,ALLEGANY,3,9887000,-0.36,-0.38
2002,NEW YORK,36.0,CATTARAUGUS,9,15670000,0.7,0.66
2002,NEW YORK,36.0,CHAUTAUQUA,13,35720000,0.5,0.55
2002,NEW YORK,36.0,STEUBEN,101,26810000,-0.06,-0.03
2002,NEW YORK,36.0,ERIE,29,42381000,0.12,0.12
2002,NEW YORK,36.0,GENESEE,37,47684000,0.22,0.29
2002,NEW YORK,36.0,LIVINGSTON,51,28851000,-0.06,0.01
2002,NEW YORK,36.0,MONROE,55,45609000,0.5,0.49
2002,NEW YORK,36.0,NIAGARA,63,39764000,0.7,0.72
2002,NEW YORK,36.0,ONTARIO,69,37659000,-0.26,-0.32
2002,NEW YORK,36.0,ORLEANS,73,61108000,1.04,1.04
2002,NEW YORK,36.0,SENECA,99,18477000,0.41,0.48
2002,NEW YORK,36.0,WAYNE,117,72399000,0.82,0.85
2002,NEW YORK,36.0,WYOMING,121,30268000,0.55,0.55
2002,NEW YORK,36.0,YATES,123,21040000,0.03,0.08
2002,NORTH CAROLINA,37.0,BEAUFORT,13,48747000,0.5,0.55
2002,NORTH CAROLINA,37.0,CARTERET,31,15467000,-0.23,-0.27
2002,NORTH CAROLINA,37.0,CRAVEN,49,25174000,0.26,0.29
2002,NORTH CAROLINA,37.0,GREENE,79,29417000,1.1,1.07
2002,NORTH CAROLINA,37.0,HYDE,95,32151000,0.86,0.85
2002,NORTH CAROLINA,37.0,JOHNSTON,101,66679000,-0.06,-0.03
2002,NORTH CAROLINA,37.0,JONES,103,19322000,0.96,0.97
2002,NORTH CAROLINA,37.0,LENOIR,107,41726000,0.53,0.57
2002,NORTH CAROLINA,37.0,PAMLICO,137,15330000,-0.26,-0.26
2002,NORTH CAROLINA,37.0,PITT,147,57432000,0.03,0.02
2002,NORTH CAROLINA,37.0,WAYNE,191,43532000,-0.99,-0.97
2002,NORTH CAROLINA,37.0,WILSON,195,60411000,-0.56,-0.59
2002,NORTH CAROLINA,37.0,ALEXANDER,3,3320000,-0.36,-0.38
2002,NORTH CAROLINA,37.0,CATAWBA,35,7566000,0.37,0.44
2002,NORTH CAROLINA,37.0,CHATHAM,37,5685000,0.22,0.29
2002,NORTH CAROLINA,37.0,DAVIDSON,57,7916000,0.87,0.88
2002,NORTH CAROLINA,37.0,DAVIE,59,4338000,1.16,1.18
2002,NORTH CAROLINA,37.0,IREDELL,97,7639000,-0.36,-0.39
2002,NORTH CAROLINA,37.0,LEE,105,9686000,0.49,0.55
2002,NORTH CAROLINA,37.0,RANDOLPH,151,14087000,-0.87,-0.9
2002,NORTH CAROLINA,37.0,ROWAN,159,21533000,-0.18,-0.28
2002,NORTH CAROLINA,37.0,WAKE,183,42028000,-1.3,-1.31
2002,NORTH CAROLINA,37.0,BERTIE,15,29414000,0.51,0.51
2002,NORTH CAROLINA,37.0,CHOWAN,41,27856000,-0.04,-0.03
2002,NORTH CAROLINA,37.0,CURRITUCK,53,8918000,-0.07,-0.05
2002,NORTH CAROLINA,37.0,DARE,55,916000,0.5,0.49
2002,NORTH CAROLINA,37.0,EDGECOMBE,65,40614000,0.57,0.6
2002,NORTH CAROLINA,37.0,GATES,73,14735000,1.04,1.04
2002,NORTH CAROLINA,37.0,HALIFAX,83,29346000,1.17,1.19
2002,NORTH CAROLINA,37.0,HERTFORD,91,21163000,0.46,0.48
2002,NORTH CAROLINA,37.0,MARTIN,117,25160000,0.82,0.85
2002,NORTH CAROLINA,37.0,NASH,127,54815000,0.86,0.84
2002,NORTH CAROLINA,37.0,NORTHAMPTON,131,17800000,0.29,0.33
2002,NORTH CAROLINA,37.0,PASQUOTANK,139,33991000,1.21,1.22
2002,NORTH CAROLINA,37.0,PERQUIMANS,143,23474000,0.05,0.05
2002,NORTH CAROLINA,37.0,TYRRELL,177,21334000,-0.29,-0.36
2002,NORTH CAROLINA,37.0,WASHINGTON,187,34027000,-0.63,-0.61
2002,NORTH CAROLINA,37.0,ALLEGHANY,5,10678000,-0.34,-0.36
2002,NORTH CAROLINA,37.0,ASHE,9,23312000,0.7,0.66
2002,NORTH CAROLINA,37.0,AVERY,11,27531000,-0.14,-0.15
2002,NORTH CAROLINA,37.0,CALDWELL,27,9413000,0.14,0.13
2002,NORTH CAROLINA,37.0,SURRY,171,21507000,-0.81,-0.84
2002,NORTH CAROLINA,37.0,WATAUGA,189,6583000,-0.7,-0.8
2002,NORTH CAROLINA,37.0,WILKES,193,5150000,-0.37,-0.44
2002,NORTH CAROLINA,37.0,YADKIN,197,15320000,-0.39,-0.41
2002,NORTH CAROLINA,37.0,ALAMANCE,1,10490000,0.63,0.67
2002,NORTH CAROLINA,37.0,CASWELL,33,13052000,1.06,1.05
2002,NORTH CAROLINA,37.0,DURHAM,63,5478000,0.7,0.72
2002,NORTH CAROLINA,37.0,FORSYTH,67,11365000,-0.54,-0.56
2002,NORTH CAROLINA,37.0,FRANKLIN,69,26384000,-0.26,-0.32
2002,NORTH CAROLINA,37.0,GRANVILLE,77,19093000,1.06,1.04
2002,NORTH CAROLINA,37.0,GUILFORD,81,30838000,-0.43,-0.37
2002,NORTH CAROLINA,37.0,ORANGE,135,11250000,-0.15,-0.19
2002,NORTH CAROLINA,37.0,PERSON,145,14890000,-0.46,-0.41
2002,NORTH CAROLINA,37.0,ROCKINGHAM,157,22429000,-0.26,-0.27
2002,NORTH CAROLINA,37.0,STOKES,169,16041000,-0.06,-0.13
2002,NORTH CAROLINA,37.0,VANCE,181,13329000,-0.66,-0.76
2002,NORTH CAROLINA,37.0,WARREN,185,8799000,-0.46,-0.51
2002,NORTH CAROLINA,37.0,BLADEN,17,39497000,-0.06,-0.01
2002,NORTH CAROLINA,37.0,BRUNSWICK,19,17031000,0.23,0.26
2002,NORTH CAROLINA,37.0,COLUMBUS,47,41422000,0.44,0.47
2002,NORTH CAROLINA,37.0,CUMBERLAND,51,14418000,-0.06,0.01
2002,NORTH CAROLINA,37.0,DUPLIN,61,59433000,-0.4,-0.45
2002,NORTH CAROLINA,37.0,HARNETT,85,29900000,0.15,0.13
2002,NORTH CAROLINA,37.0,HOKE,93,10531000,1.09,1.1
2002,NORTH CAROLINA,37.0,NEW HANOVER,129,3226000,0.21,0.18
2002,NORTH CAROLINA,37.0,ONSLOW,133,17470000,1.08,1.05
2002,NORTH CAROLINA,37.0,PENDER,141,22352000,-0.28,-0.28
2002,NORTH CAROLINA,37.0,ROBESON,155,59604000,-0.95,-0.99
2002,NORTH CAROLINA,37.0,SAMPSON,163,78532000,-1.21,-1.31
2002,NORTH CAROLINA,37.0,SCOTLAND,165,5306000,-1.51,-1.59
2002,NORTH CAROLINA,37.0,ANSON,7,3167000,0.7,0.74
2002,NORTH CAROLINA,37.0,CABARRUS,25,5837000,0.54,0.57
2002,NORTH CAROLINA,37.0,CLEVELAND,45,10734000,-0.24,-0.3
2002,NORTH CAROLINA,37.0,GASTON,71,2843000,0.78,0.81
2002,NORTH CAROLINA,37.0,LINCOLN,109,3942000,-0.08,-0.1
2002,NORTH CAROLINA,37.0,MECKLENBURG,119,66733000,0.76,0.81
2002,NORTH CAROLINA,37.0,MONTGOMERY,123,2744000,0.03,0.08
2002,NORTH CAROLINA,37.0,MOORE,125,16423000,0.77,0.78
2002,NORTH CAROLINA,37.0,RICHMOND,153,5168000,0.22,0.15
2002,NORTH CAROLINA,37.0,STANLY,167,8219000,-0.88,-1.0
2002,NORTH CAROLINA,37.0,UNION,179,28115000,-1.2,-1.22
2002,NORTH CAROLINA,37.0,BUNCOMBE,21,13236000,0.69,0.75
2002,NORTH CAROLINA,37.0,BURKE,23,17147000,0.62,0.59
2002,NORTH CAROLINA,37.0,CHEROKEE,39,1177000,-0.04,-0.04
2002,NORTH CAROLINA,37.0,CLAY,43,462000,0.8,0.77
2002,NORTH CAROLINA,37.0,GRAHAM,75,481000,0.74,0.78
2002,NORTH CAROLINA,37.0,HAYWOOD,87,5626000,-0.1,-0.09
2002,NORTH CAROLINA,37.0,HENDERSON,89,53603000,1.14,1.18
2002,NORTH CAROLINA,37.0,JACKSON,99,7768000,0.41,0.48
2002,NORTH CAROLINA,37.0,MACON,113,2430000,-0.59,-0.57
2002,NORTH CAROLINA,37.0,MADISON,115,8511000,0.79,0.76
2002,NORTH CAROLINA,37.0,MCDOWELL,111,15484000,0.05,0.07
2002,NORTH CAROLINA,37.0,MITCHELL,121,3383000,0.55,0.55
2002,NORTH CAROLINA,37.0,POLK,149,2784000,0.2,0.2
2002,NORTH CAROLINA,37.0,RUTHERFORD,161,1836000,-1.22,-1.27
2002,NORTH CAROLINA,37.0,TRANSYLVANIA,175,12535000,-0.71,-0.81
2002,NORTH CAROLINA,37.0,YANCEY,199,4308000,-0.51,-0.5
2002,NORTH DAKOTA,38.0,EDDY,27,14745000,0.14,0.13
2002,NORTH DAKOTA,38.0,FOSTER,31,26191000,-0.23,-0.27
2002,NORTH DAKOTA,38.0,KIDDER,43,19606000,0.8,0.77
2002,NORTH DAKOTA,38.0,SHERIDAN,83,17832000,1.17,1.19
2002,NORTH DAKOTA,38.0,STUTSMAN,93,72439000,1.09,1.1
2002,NORTH DAKOTA,38.0,WELLS,103,50822000,0.96,0.97
2002,NORTH DAKOTA,38.0,BARNES,3,86388000,-0.36,-0.38
2002,NORTH DAKOTA,38.0,CASS,17,195522000,-0.06,-0.01
2002,NORTH DAKOTA,38.0,GRIGGS,39,24827000,-0.04,-0.04
2002,NORTH DAKOTA,38.0,STEELE,91,50437000,0.46,0.48
2002,NORTH DAKOTA,38.0,TRAILL,97,99291000,-0.36,-0.39
2002,NORTH DAKOTA,38.0,BENSON,5,42598000,-0.34,-0.36
2002,NORTH DAKOTA,38.0,BOTTINEAU,9,64894000,0.7,0.66
2002,NORTH DAKOTA,38.0,MCHENRY,49,36414000,0.26,0.29
2002,NORTH DAKOTA,38.0,PIERCE,69,25780000,-0.26,-0.32
2002,NORTH DAKOTA,38.0,ROLETTE,79,21805000,1.1,1.07
2002,NORTH DAKOTA,38.0,CAVALIER,19,88987000,0.23,0.26
2002,NORTH DAKOTA,38.0,GRAND FORKS,35,129043000,0.37,0.44
2002,NORTH DAKOTA,38.0,NELSON,63,34217000,0.7,0.72
2002,NORTH DAKOTA,38.0,PEMBINA,67,136902000,-0.54,-0.56
2002,NORTH DAKOTA,38.0,RAMSEY,71,52586000,0.78,0.81
2002,NORTH DAKOTA,38.0,TOWNER,95,41297000,0.86,0.85
2002,NORTH DAKOTA,38.0,WALSH,99,145933000,0.41,0.48
2002,NORTH DAKOTA,38.0,BURKE,13,27871000,0.5,0.55
2002,NORTH DAKOTA,38.0,DIVIDE,23,34865000,0.62,0.59
2002,NORTH DAKOTA,38.0,MOUNTRAIL,61,39839000,-0.4,-0.45
2002,NORTH DAKOTA,38.0,RENVILLE,75,40552000,0.74,0.78
2002,NORTH DAKOTA,38.0,WARD,101,75500000,-0.06,-0.03
2002,NORTH DAKOTA,38.0,WILLIAMS,105,55210000,0.49,0.55
2002,NORTH DAKOTA,38.0,BURLEIGH,15,20009000,0.51,0.51
2002,NORTH DAKOTA,38.0,EMMONS,29,15796000,0.12,0.12
2002,NORTH DAKOTA,38.0,GRANT,37,9528000,0.22,0.29
2002,NORTH DAKOTA,38.0,MORTON,59,19754000,1.16,1.18
2002,NORTH DAKOTA,38.0,SIOUX,85,1753000,0.15,0.13
2002,NORTH DAKOTA,38.0,DICKEY,21,50487000,0.69,0.75
2002,NORTH DAKOTA,38.0,LA MOURE,45,62214000,-0.24,-0.3
2002,NORTH DAKOTA,38.0,LOGAN,47,9263000,0.44,0.47
2002,NORTH DAKOTA,38.0,MCINTOSH,51,17276000,-0.06,0.01
2002,NORTH DAKOTA,38.0,RANSOM,73,42229000,1.04,1.04
2002,NORTH DAKOTA,38.0,RICHLAND,77,175523000,1.06,1.04
2002,NORTH DAKOTA,38.0,SARGENT,81,63853000,-0.43,-0.37
2002,NORTH DAKOTA,38.0,ADAMS,1,6601000,0.63,0.67
2002,NORTH DAKOTA,38.0,BILLINGS,7,2444000,0.7,0.74
2002,NORTH DAKOTA,38.0,BOWMAN,11,8503000,-0.14,-0.15
2002,NORTH DAKOTA,38.0,GOLDEN VALLEY,33,8370000,1.06,1.05
2002,NORTH DAKOTA,38.0,HETTINGER,41,28069000,-0.04,-0.03
2002,NORTH DAKOTA,38.0,SLOPE,87,8351000,-0.1,-0.09
2002,NORTH DAKOTA,38.0,STARK,89,21628000,1.14,1.18
2002,NORTH DAKOTA,38.0,DUNN,25,15459000,0.54,0.57
2002,NORTH DAKOTA,38.0,MCKENZIE,53,32925000,-0.07,-0.05
2002,NORTH DAKOTA,38.0,MCLEAN,55,69267000,0.5,0.49
2002,NORTH DAKOTA,38.0,MERCER,57,10015000,0.87,0.88
2002,NORTH DAKOTA,38.0,OLIVER,65,8665000,0.57,0.6
2002,OHIO,39.0,DELAWARE,41,39229000,-0.04,-0.03
2002,OHIO,39.0,FAIRFIELD,45,29005000,-0.24,-0.3
2002,OHIO,39.0,FAYETTE,47,40694000,0.44,0.47
2002,OHIO,39.0,FRANKLIN,49,28700000,0.26,0.29
2002,OHIO,39.0,KNOX,83,24120000,1.17,1.19
2002,OHIO,39.0,LICKING,89,39442000,1.14,1.18
2002,OHIO,39.0,MADISON,97,46664000,-0.36,-0.39
2002,OHIO,39.0,MARION,101,35377000,-0.06,-0.03
2002,OHIO,39.0,MORROW,117,23376000,0.82,0.85
2002,OHIO,39.0,PICKAWAY,129,48090000,0.21,0.18
2002,OHIO,39.0,ROSS,141,29000000,-0.28,-0.28
2002,OHIO,39.0,UNION,159,41136000,-0.18,-0.28
2002,OHIO,39.0,BELMONT,13,4383000,0.5,0.55
2002,OHIO,39.0,CARROLL,19,12122000,0.23,0.26
2002,OHIO,39.0,COSHOCTON,31,12209000,-0.23,-0.27
2002,OHIO,39.0,HARRISON,67,2147000,-0.54,-0.56
2002,OHIO,39.0,HOLMES,75,10301000,0.74,0.78
2002,OHIO,39.0,JEFFERSON,81,2651000,-0.43,-0.37
2002,OHIO,39.0,TUSCARAWAS,157,10073000,-0.26,-0.27
2002,OHIO,39.0,ASHLAND,5,15543000,-0.34,-0.36
2002,OHIO,39.0,CRAWFORD,33,38696000,1.06,1.05
2002,OHIO,39.0,ERIE,43,29354000,0.8,0.77
2002,OHIO,39.0,HURON,77,53294000,1.06,1.04
2002,OHIO,39.0,LORAIN,93,84870000,1.09,1.1
2002,OHIO,39.0,OTTAWA,123,21988000,0.03,0.08
2002,OHIO,39.0,RICHLAND,139,19739000,1.21,1.22
2002,OHIO,39.0,SANDUSKY,143,45393000,0.05,0.05
2002,OHIO,39.0,SENECA,147,43627000,0.03,0.02
2002,OHIO,39.0,WYANDOT,175,25738000,-0.71,-0.81
2002,OHIO,39.0,ASHTABULA,7,19875000,0.7,0.74
2002,OHIO,39.0,COLUMBIANA,29,13099000,0.12,0.12
2002,OHIO,39.0,CUYAHOGA,35,17970000,0.37,0.44
2002,OHIO,39.0,GEAUGA,55,13323000,0.5,0.49
2002,OHIO,39.0,LAKE,85,71688000,0.15,0.13
2002,OHIO,39.0,MAHONING,99,12582000,0.41,0.48
2002,OHIO,39.0,MEDINA,103,23890000,0.96,0.97
2002,OHIO,39.0,PORTAGE,133,16411000,1.08,1.05
2002,OHIO,39.0,STARK,151,28382000,-0.87,-0.9
2002,OHIO,39.0,SUMMIT,153,10011000,0.22,0.15
2002,OHIO,39.0,TRUMBULL,155,15492000,-0.95,-0.99
2002,OHIO,39.0,WAYNE,169,32127000,-0.06,-0.13
2002,OHIO,39.0,ALLEN,3,30245000,-0.36,-0.38
2002,OHIO,39.0,DEFIANCE,39,32545000,-0.04,-0.04
2002,OHIO,39.0,FULTON,51,43517000,-0.06,0.01
2002,OHIO,39.0,HANCOCK,63,35796000,0.7,0.72
2002,OHIO,39.0,HENRY,69,53308000,-0.26,-0.32
2002,OHIO,39.0,LUCAS,95,38527000,0.86,0.85
2002,OHIO,39.0,PAULDING,125,34676000,0.77,0.78
2002,OHIO,39.0,PUTNAM,137,54258000,-0.26,-0.26
2002,OHIO,39.0,VAN WERT,161,48278000,-1.22,-1.27
2002,OHIO,39.0,WILLIAMS,171,26146000,-0.81,-0.84
2002,OHIO,39.0,WOOD,173,61833000,-0.66,-0.71
2002,OHIO,39.0,ADAMS,1,10386000,0.63,0.67
2002,OHIO,39.0,BROWN,15,25682000,0.51,0.51
2002,OHIO,39.0,GALLIA,53,5310000,-0.07,-0.05
2002,OHIO,39.0,HIGHLAND,71,31703000,0.78,0.81
2002,OHIO,39.0,JACKSON,79,2406000,1.1,1.07
2002,OHIO,39.0,LAWRENCE,87,1785000,-0.1,-0.09
2002,OHIO,39.0,PIKE,131,4610000,0.29,0.33
2002,OHIO,39.0,SCIOTO,145,5998000,-0.46,-0.41
2002,OHIO,39.0,ATHENS,9,3501000,0.7,0.66
2002,OHIO,39.0,GUERNSEY,59,3443000,1.16,1.18
2002,OHIO,39.0,HOCKING,73,2079000,1.04,1.04
2002,OHIO,39.0,MEIGS,105,14461000,0.49,0.55
2002,OHIO,39.0,MONROE,111,1414000,0.05,0.07
2002,OHIO,39.0,MORGAN,115,2446000,0.79,0.76
2002,OHIO,39.0,MUSKINGUM,119,9876000,0.76,0.81
2002,OHIO,39.0,NOBLE,121,2116000,0.55,0.55
2002,OHIO,39.0,PERRY,127,8550000,0.86,0.84
2002,OHIO,39.0,VINTON,163,2994000,-1.21,-1.31
2002,OHIO,39.0,WASHINGTON,167,7746000,-0.88,-1.0
2002,OHIO,39.0,BUTLER,17,24101000,-0.06,-0.01
2002,OHIO,39.0,CLERMONT,25,15881000,0.54,0.57
2002,OHIO,39.0,CLINTON,27,47067000,0.14,0.13
2002,OHIO,39.0,GREENE,57,42016000,0.87,0.88
2002,OHIO,39.0,HAMILTON,61,19287000,-0.4,-0.45
2002,OHIO,39.0,MONTGOMERY,113,28831000,-0.59,-0.57
2002,OHIO,39.0,PREBLE,135,32419000,-0.15,-0.19
2002,OHIO,39.0,WARREN,165,26149000,-1.51,-1.59
2002,OHIO,39.0,AUGLAIZE,11,30589000,-0.14,-0.15
2002,OHIO,39.0,CHAMPAIGN,21,37373000,0.69,0.75
2002,OHIO,39.0,CLARK,23,55531000,0.62,0.59
2002,OHIO,39.0,DARKE,37,52668000,0.22,0.29
2002,OHIO,39.0,HARDIN,65,34277000,0.57,0.6
2002,OHIO,39.0,LOGAN,91,27749000,0.46,0.48
2002,OHIO,39.0,MERCER,107,35228000,0.53,0.57
2002,OHIO,39.0,MIAMI,109,31198000,-0.08,-0.1
2002,OHIO,39.0,SHELBY,149,27086000,0.2,0.2
2002,OKLAHOMA,40.0,CANADIAN,17,22550000,-0.06,-0.01
2002,OKLAHOMA,40.0,CLEVELAND,27,4195000,0.14,0.13
2002,OKLAHOMA,40.0,CREEK,37,3396000,0.22,0.29
2002,OKLAHOMA,40.0,GRADY,51,13400000,-0.06,0.01
2002,OKLAHOMA,40.0,KINGFISHER,73,20000000,1.04,1.04
2002,OKLAHOMA,40.0,LINCOLN,81,3529000,-0.43,-0.37
2002,OKLAHOMA,40.0,LOGAN,83,9933000,1.17,1.19
2002,OKLAHOMA,40.0,MCCLAIN,87,9326000,-0.1,-0.09
2002,OKLAHOMA,40.0,OKFUSKEE,107,1602000,0.53,0.57
2002,OKLAHOMA,40.0,OKLAHOMA,109,12335000,-0.08,-0.1
2002,OKLAHOMA,40.0,PAYNE,119,3313000,0.76,0.81
2002,OKLAHOMA,40.0,POTTAWATOMIE,125,4697000,0.77,0.78
2002,OKLAHOMA,40.0,SEMINOLE,133,2476000,1.08,1.05
2002,OKLAHOMA,40.0,ADAIR,1,1383000,0.63,0.67
2002,OKLAHOMA,40.0,CHEROKEE,21,66007000,0.69,0.75
2002,OKLAHOMA,40.0,HASKELL,61,1647000,-0.4,-0.45
2002,OKLAHOMA,40.0,HUGHES,63,2251000,0.7,0.72
2002,OKLAHOMA,40.0,MCINTOSH,91,2119000,0.46,0.48
2002,OKLAHOMA,40.0,MUSKOGEE,101,11187000,-0.06,-0.03
2002,OKLAHOMA,40.0,OKMULGEE,111,2835000,0.05,0.07
2002,OKLAHOMA,40.0,PITTSBURG,121,4596000,0.55,0.55
2002,OKLAHOMA,40.0,SEQUOYAH,135,4780000,-0.15,-0.19
2002,OKLAHOMA,40.0,ALFALFA,3,15179000,-0.36,-0.38
2002,OKLAHOMA,40.0,GARFIELD,47,32637000,0.44,0.47
2002,OKLAHOMA,40.0,GRANT,53,31812000,-0.07,-0.05
2002,OKLAHOMA,40.0,KAY,71,27798000,0.78,0.81
2002,OKLAHOMA,40.0,MAJOR,93,10185000,1.09,1.1
2002,OKLAHOMA,40.0,NOBLE,103,13302000,0.96,0.97
2002,OKLAHOMA,40.0,WOODS,151,8941000,-0.87,-0.9
2002,OKLAHOMA,40.0,WOODWARD,153,3676000,0.22,0.15
2002,OKLAHOMA,40.0,CRAIG,35,7272000,0.37,0.44
2002,OKLAHOMA,40.0,DELAWARE,41,3850000,-0.04,-0.03
2002,OKLAHOMA,40.0,MAYES,97,4282000,-0.36,-0.39
2002,OKLAHOMA,40.0,NOWATA,105,1887000,0.49,0.55
2002,OKLAHOMA,40.0,OSAGE,113,4344000,-0.59,-0.57
2002,OKLAHOMA,40.0,OTTAWA,115,28723000,0.79,0.76
2002,OKLAHOMA,40.0,PAWNEE,117,2315000,0.82,0.85
2002,OKLAHOMA,40.0,ROGERS,131,4571000,0.29,0.33
2002,OKLAHOMA,40.0,TULSA,143,17188000,0.05,0.05
2002,OKLAHOMA,40.0,WAGONER,145,22811000,-0.46,-0.41
2002,OKLAHOMA,40.0,WASHINGTON,147,4102000,0.03,0.02
2002,OKLAHOMA,40.0,BEAVER,7,7709000,0.7,0.74
2002,OKLAHOMA,40.0,CIMARRON,25,16703000,0.54,0.57
2002,OKLAHOMA,40.0,ELLIS,45,4113000,-0.24,-0.3
2002,OKLAHOMA,40.0,HARPER,59,3335000,1.16,1.18
2002,OKLAHOMA,40.0,TEXAS,139,53388000,1.21,1.22
2002,OKLAHOMA,40.0,ATOKA,5,1757000,-0.34,-0.36
2002,OKLAHOMA,40.0,BRYAN,13,11879000,0.5,0.55
2002,OKLAHOMA,40.0,CARTER,19,1750000,0.23,0.26
2002,OKLAHOMA,40.0,COAL,29,898000,0.12,0.12
2002,OKLAHOMA,40.0,GARVIN,49,8715000,0.26,0.29
2002,OKLAHOMA,40.0,JEFFERSON,67,3810000,-0.54,-0.56
2002,OKLAHOMA,40.0,JOHNSTON,69,1894000,-0.26,-0.32
2002,OKLAHOMA,40.0,LOVE,85,2752000,0.15,0.13
2002,OKLAHOMA,40.0,MARSHALL,95,3956000,0.86,0.85
2002,OKLAHOMA,40.0,MURRAY,99,897000,0.41,0.48
2002,OKLAHOMA,40.0,PONTOTOC,123,2108000,0.03,0.08
2002,OKLAHOMA,40.0,STEPHENS,137,3289000,-0.26,-0.26
2002,OKLAHOMA,40.0,CHOCTAW,23,3002000,0.62,0.59
2002,OKLAHOMA,40.0,LATIMER,77,418000,1.06,1.04
2002,OKLAHOMA,40.0,LEFLORE,79,8634000,1.1,1.07
2002,OKLAHOMA,40.0,MCCURTAIN,89,4537000,1.14,1.18
2002,OKLAHOMA,40.0,PUSHMATAHA,127,904000,0.86,0.84
2002,OKLAHOMA,40.0,CADDO,15,33284000,0.51,0.51
2002,OKLAHOMA,40.0,COMANCHE,31,8279000,-0.23,-0.27
2002,OKLAHOMA,40.0,COTTON,33,8208000,1.06,1.05
2002,OKLAHOMA,40.0,GREER,55,7408000,0.5,0.49
2002,OKLAHOMA,40.0,HARMON,57,10700000,0.87,0.88
2002,OKLAHOMA,40.0,JACKSON,65,36690000,0.57,0.6
2002,OKLAHOMA,40.0,KIOWA,75,21117000,0.74,0.78
2002,OKLAHOMA,40.0,TILLMAN,141,22991000,-0.28,-0.28
2002,OKLAHOMA,40.0,BECKHAM,9,8608000,0.7,0.66
2002,OKLAHOMA,40.0,BLAINE,11,18757000,-0.14,-0.15
2002,OKLAHOMA,40.0,CUSTER,39,14733000,-0.04,-0.04
2002,OKLAHOMA,40.0,DEWEY,43,6770000,0.8,0.77
2002,OKLAHOMA,40.0,ROGER MILLS,129,2308000,0.21,0.18
2002,OKLAHOMA,40.0,WASHITA,149,20345000,0.2,0.2
2002,OREGON,41.0,GILLIAM,21,12192000,0.69,0.75
2002,OREGON,41.0,HOOD RIVER,27,58057000,0.14,0.13
2002,OREGON,41.0,MORROW,49,104093000,0.26,0.29
2002,OREGON,41.0,SHERMAN,55,13328000,0.5,0.49
2002,OREGON,41.0,WASCO,65,33685000,0.57,0.6
2002,OREGON,41.0,BAKER,1,11314000,0.63,0.67
2002,OREGON,41.0,UMATILLA,59,156750000,1.16,1.18
2002,OREGON,41.0,UNION,61,30565000,-0.4,-0.45
2002,OREGON,41.0,WALLOWA,63,7077000,0.7,0.72
2002,OREGON,41.0,BENTON,3,74215000,-0.36,-0.38
2002,OREGON,41.0,CLACKAMAS,5,273316000,-0.34,-0.36
2002,OREGON,41.0,CLATSOP,7,1348000,0.7,0.74
2002,OREGON,41.0,COLUMBIA,9,23741000,0.7,0.66
2002,OREGON,41.0,LANE,39,58616000,-0.04,-0.04
2002,OREGON,41.0,LINCOLN,41,3375000,-0.04,-0.03
2002,OREGON,41.0,LINN,43,110303000,0.8,0.77
2002,OREGON,41.0,MARION,47,364264000,0.44,0.47
2002,OREGON,41.0,MULTNOMAH,51,66041000,-0.06,0.01
2002,OREGON,41.0,POLK,53,67108000,-0.07,-0.05
2002,OREGON,41.0,TILLAMOOK,57,946000,0.87,0.88
2002,OREGON,41.0,WASHINGTON,67,216485000,-0.54,-0.56
2002,OREGON,41.0,YAMHILL,71,171920000,0.78,0.81
2002,OREGON,41.0,CROOK,13,10115000,0.5,0.55
2002,OREGON,41.0,DESCHUTES,17,8955000,-0.06,-0.01
2002,OREGON,41.0,GRANT,23,3058000,0.62,0.59
2002,OREGON,41.0,HARNEY,25,7314000,0.54,0.57
2002,OREGON,41.0,JEFFERSON,31,34426000,-0.23,-0.27
2002,OREGON,41.0,KLAMATH,35,59835000,0.37,0.44
2002,OREGON,41.0,LAKE,37,26946000,0.22,0.29
2002,OREGON,41.0,MALHEUR,45,110997000,-0.24,-0.3
2002,OREGON,41.0,WHEELER,69,620000,-0.26,-0.32
2002,OREGON,41.0,COOS,11,8349000,-0.14,-0.15
2002,OREGON,41.0,CURRY,15,7765000,0.51,0.51
2002,OREGON,41.0,DOUGLAS,19,13570000,0.23,0.26
2002,OREGON,41.0,JACKSON,29,37815000,0.12,0.12
2002,OREGON,41.0,JOSEPHINE,33,6405000,1.06,1.05
2002,PENNSYLVANIA,42.0,BLAIR,13,5980000,0.5,0.55
2002,PENNSYLVANIA,42.0,CAMBRIA,21,7864000,0.69,0.75
2002,PENNSYLVANIA,42.0,CENTRE,27,14837000,0.14,0.13
2002,PENNSYLVANIA,42.0,CLEARFIELD,33,5089000,1.06,1.05
2002,PENNSYLVANIA,42.0,COLUMBIA,37,19310000,0.22,0.29
2002,PENNSYLVANIA,42.0,DAUPHIN,43,9851000,0.8,0.77
2002,PENNSYLVANIA,42.0,HUNTINGDON,61,6248000,-0.4,-0.45
2002,PENNSYLVANIA,42.0,JUNIATA,67,4619000,-0.54,-0.56
2002,PENNSYLVANIA,42.0,MIFFLIN,87,4768000,-0.1,-0.09
2002,PENNSYLVANIA,42.0,MONTOUR,93,19524000,1.09,1.1
2002,PENNSYLVANIA,42.0,NORTHUMBERLAND,97,26604000,-0.36,-0.39
2002,PENNSYLVANIA,42.0,PERRY,99,9259000,0.41,0.48
2002,PENNSYLVANIA,42.0,SNYDER,109,7718000,-0.08,-0.1
2002,PENNSYLVANIA,42.0,UNION,119,5639000,0.76,0.81
2002,PENNSYLVANIA,42.0,CARBON,25,7084000,0.54,0.57
2002,PENNSYLVANIA,42.0,LEHIGH,77,36388000,1.06,1.04
2002,PENNSYLVANIA,42.0,LUZERNE,79,18145000,1.1,1.07
2002,PENNSYLVANIA,42.0,MONROE,89,4686000,1.14,1.18
2002,PENNSYLVANIA,42.0,NORTHAMPTON,95,13814000,0.86,0.85
2002,PENNSYLVANIA,42.0,PIKE,103,1262000,0.96,0.97
2002,PENNSYLVANIA,42.0,SCHUYLKILL,107,31639000,0.53,0.57
2002,PENNSYLVANIA,42.0,BRADFORD,15,7153000,0.51,0.51
2002,PENNSYLVANIA,42.0,CAMERON,23,184000,0.62,0.59
2002,PENNSYLVANIA,42.0,CLINTON,35,6068000,0.37,0.44
2002,PENNSYLVANIA,42.0,ELK,47,1046000,0.44,0.47
2002,PENNSYLVANIA,42.0,LYCOMING,81,16184000,-0.43,-0.37
2002,PENNSYLVANIA,42.0,MCKEAN,83,1046000,1.17,1.19
2002,PENNSYLVANIA,42.0,POTTER,105,9371000,0.49,0.55
2002,PENNSYLVANIA,42.0,SULLIVAN,113,723000,-0.59,-0.57
2002,PENNSYLVANIA,42.0,TIOGA,117,6381000,0.82,0.85
2002,PENNSYLVANIA,42.0,LACKAWANNA,69,8889000,-0.26,-0.32
2002,PENNSYLVANIA,42.0,SUSQUEHANNA,115,2800000,0.79,0.76
2002,PENNSYLVANIA,42.0,WAYNE,127,3079000,0.86,0.84
2002,PENNSYLVANIA,42.0,WYOMING,131,2686000,0.29,0.33
2002,PENNSYLVANIA,42.0,CRAWFORD,39,12436000,-0.04,-0.04
2002,PENNSYLVANIA,42.0,ERIE,49,41994000,0.26,0.29
2002,PENNSYLVANIA,42.0,FOREST,53,219000,-0.07,-0.05
2002,PENNSYLVANIA,42.0,MERCER,85,13972000,0.15,0.13
2002,PENNSYLVANIA,42.0,VENANGO,121,2586000,0.55,0.55
2002,PENNSYLVANIA,42.0,WARREN,123,2133000,0.03,0.08
2002,PENNSYLVANIA,42.0,ADAMS,1,53393000,0.63,0.67
2002,PENNSYLVANIA,42.0,BEDFORD,9,8811000,0.7,0.66
2002,PENNSYLVANIA,42.0,CUMBERLAND,41,17260000,-0.04,-0.03
2002,PENNSYLVANIA,42.0,FRANKLIN,55,23112000,0.5,0.49
2002,PENNSYLVANIA,42.0,FULTON,57,2677000,0.87,0.88
2002,PENNSYLVANIA,42.0,YORK,133,56261000,1.08,1.05
2002,PENNSYLVANIA,42.0,BERKS,11,119961000,-0.14,-0.15
2002,PENNSYLVANIA,42.0,BUCKS,17,49767000,-0.06,-0.01
2002,PENNSYLVANIA,42.0,CHESTER,29,288093000,0.12,0.12
2002,PENNSYLVANIA,42.0,DELAWARE,45,7063000,-0.24,-0.3
2002,PENNSYLVANIA,42.0,LANCASTER,71,88326000,0.78,0.81
2002,PENNSYLVANIA,42.0,LEBANON,75,17216000,0.74,0.78
2002,PENNSYLVANIA,42.0,MONTGOMERY,91,25324000,0.46,0.48
2002,PENNSYLVANIA,42.0,PHILADELPHIA,101,363000,-0.06,-0.03
2002,PENNSYLVANIA,42.0,ALLEGHENY,3,8203000,-0.36,-0.38
2002,PENNSYLVANIA,42.0,FAYETTE,51,8795000,-0.06,0.01
2002,PENNSYLVANIA,42.0,GREENE,59,2224000,1.16,1.18
2002,PENNSYLVANIA,42.0,SOMERSET,111,8856000,0.05,0.07
2002,PENNSYLVANIA,42.0,WASHINGTON,125,13773000,0.77,0.78
2002,PENNSYLVANIA,42.0,WESTMORELAND,129,15645000,0.21,0.18
2002,PENNSYLVANIA,42.0,ARMSTRONG,5,35249000,-0.34,-0.36
2002,PENNSYLVANIA,42.0,BEAVER,7,3915000,0.7,0.74
2002,PENNSYLVANIA,42.0,BUTLER,19,16586000,0.23,0.26
2002,PENNSYLVANIA,42.0,CLARION,31,4892000,-0.23,-0.27
2002,PENNSYLVANIA,42.0,INDIANA,63,36581000,0.7,0.72
2002,PENNSYLVANIA,42.0,JEFFERSON,65,3804000,0.57,0.6
2002,PENNSYLVANIA,42.0,LAWRENCE,73,5489000,1.04,1.04
2002,RHODE ISLAND,44.0,BRISTOL,1,3671000,0.63,0.67
2002,RHODE ISLAND,44.0,KENT,3,3383000,-0.36,-0.38
2002,RHODE ISLAND,44.0,NEWPORT,5,13172000,-0.34,-0.36
2002,RHODE ISLAND,44.0,PROVIDENCE,7,8361000,0.7,0.74
2002,RHODE ISLAND,44.0,WASHINGTON,9,18551000,0.7,0.66
2002,SOUTH CAROLINA,45.0,CALHOUN,17,7963000,-0.06,-0.01
2002,SOUTH CAROLINA,45.0,CLARENDON,27,28121000,0.14,0.13
2002,SOUTH CAROLINA,45.0,LEE,61,10413000,-0.4,-0.45
2002,SOUTH CAROLINA,45.0,LEXINGTON,63,34602000,0.7,0.72
2002,SOUTH CAROLINA,45.0,ORANGEBURG,75,32355000,0.74,0.78
2002,SOUTH CAROLINA,45.0,SUMTER,85,15274000,0.15,0.13
2002,SOUTH CAROLINA,45.0,CHESTERFIELD,25,7714000,0.54,0.57
2002,SOUTH CAROLINA,45.0,DARLINGTON,31,18866000,-0.23,-0.27
2002,SOUTH CAROLINA,45.0,DILLON,33,22793000,1.06,1.05
2002,SOUTH CAROLINA,45.0,FLORENCE,41,29761000,-0.04,-0.03
2002,SOUTH CAROLINA,45.0,GEORGETOWN,43,21967000,0.8,0.77
2002,SOUTH CAROLINA,45.0,HORRY,51,38571000,-0.06,0.01
2002,SOUTH CAROLINA,45.0,MARION,67,16352000,-0.54,-0.56
2002,SOUTH CAROLINA,45.0,MARLBORO,69,10853000,-0.26,-0.32
2002,SOUTH CAROLINA,45.0,WILLIAMSBURG,89,22367000,1.14,1.18
2002,SOUTH CAROLINA,45.0,CHESTER,23,1517000,0.62,0.59
2002,SOUTH CAROLINA,45.0,FAIRFIELD,39,752000,-0.04,-0.04
2002,SOUTH CAROLINA,45.0,KERSHAW,55,2081000,0.5,0.49
2002,SOUTH CAROLINA,45.0,LANCASTER,57,1660000,0.87,0.88
2002,SOUTH CAROLINA,45.0,ANDERSON,7,14916000,0.7,0.74
2002,SOUTH CAROLINA,45.0,CHEROKEE,21,1890000,0.69,0.75
2002,SOUTH CAROLINA,45.0,GREENVILLE,45,14873000,-0.24,-0.3
2002,SOUTH CAROLINA,45.0,LAURENS,59,2069000,1.16,1.18
2002,SOUTH CAROLINA,45.0,PICKENS,77,5220000,1.06,1.04
2002,SOUTH CAROLINA,45.0,SPARTANBURG,83,16308000,1.17,1.19
2002,SOUTH CAROLINA,45.0,ALLENDALE,5,8326000,-0.34,-0.36
2002,SOUTH CAROLINA,45.0,BAMBERG,9,10206000,0.7,0.66
2002,SOUTH CAROLINA,45.0,BARNWELL,11,4694000,-0.14,-0.15
2002,SOUTH CAROLINA,45.0,BEAUFORT,13,9487000,0.5,0.55
2002,SOUTH CAROLINA,45.0,BERKELEY,15,24886000,0.51,0.51
2002,SOUTH CAROLINA,45.0,CHARLESTON,19,15983000,0.23,0.26
2002,SOUTH CAROLINA,45.0,COLLETON,29,10323000,0.12,0.12
2002,SOUTH CAROLINA,45.0,DORCHESTER,35,2634000,0.37,0.44
2002,SOUTH CAROLINA,45.0,HAMPTON,49,5515000,0.26,0.29
2002,SOUTH CAROLINA,45.0,JASPER,53,8241000,-0.07,-0.05
2002,SOUTH CAROLINA,45.0,ABBEVILLE,1,2849000,0.63,0.67
2002,SOUTH CAROLINA,45.0,AIKEN,3,7949000,-0.36,-0.38
2002,SOUTH CAROLINA,45.0,EDGEFIELD,37,44560000,0.22,0.29
2002,SOUTH CAROLINA,45.0,GREENWOOD,47,1211000,0.44,0.47
2002,SOUTH CAROLINA,45.0,MCCORMICK,65,132000,0.57,0.6
2002,SOUTH CAROLINA,45.0,SALUDA,81,5511000,-0.43,-0.37
2002,SOUTH DAKOTA,46.0,AURORA,3,11790000,-0.36,-0.38
2002,SOUTH DAKOTA,46.0,BEADLE,5,35678000,-0.34,-0.36
2002,SOUTH DAKOTA,46.0,BRULE,15,12330000,0.51,0.51
2002,SOUTH DAKOTA,46.0,BUFFALO,17,2023000,-0.06,-0.01
2002,SOUTH DAKOTA,46.0,HAND,59,26322000,1.16,1.18
2002,SOUTH DAKOTA,46.0,HUGHES,65,10487000,0.57,0.6
2002,SOUTH DAKOTA,46.0,HYDE,69,4841000,-0.26,-0.32
2002,SOUTH DAKOTA,46.0,JERAULD,73,9770000,1.04,1.04
2002,SOUTH DAKOTA,46.0,SULLY,119,25801000,0.76,0.81
2002,SOUTH DAKOTA,46.0,BROOKINGS,11,42785000,-0.14,-0.15
2002,SOUTH DAKOTA,46.0,DAVISON,35,18688000,0.37,0.44
2002,SOUTH DAKOTA,46.0,HANSON,61,23683000,-0.4,-0.45
2002,SOUTH DAKOTA,46.0,KINGSBURY,77,38878000,1.06,1.04
2002,SOUTH DAKOTA,46.0,LAKE,79,36172000,1.1,1.07
2002,SOUTH DAKOTA,46.0,MCCOOK,87,41926000,-0.1,-0.09
2002,SOUTH DAKOTA,46.0,MINER,97,19869000,-0.36,-0.39
2002,SOUTH DAKOTA,46.0,MINNEHAHA,99,67141000,0.41,0.48
2002,SOUTH DAKOTA,46.0,MOODY,101,38648000,-0.06,-0.03
2002,SOUTH DAKOTA,46.0,SANBORN,111,16016000,0.05,0.07
2002,SOUTH DAKOTA,46.0,BROWN,13,111684000,0.5,0.55
2002,SOUTH DAKOTA,46.0,CAMPBELL,21,10571000,0.69,0.75
2002,SOUTH DAKOTA,46.0,EDMUNDS,45,31248000,-0.24,-0.3
2002,SOUTH DAKOTA,46.0,FAULK,49,33539000,0.26,0.29
2002,SOUTH DAKOTA,46.0,MCPHERSON,89,6550000,1.14,1.18
2002,SOUTH DAKOTA,46.0,POTTER,107,16704000,0.53,0.57
2002,SOUTH DAKOTA,46.0,SPINK,115,82333000,0.79,0.76
2002,SOUTH DAKOTA,46.0,WALWORTH,129,14068000,0.21,0.18
2002,SOUTH DAKOTA,46.0,CLARK,25,31874000,0.54,0.57
2002,SOUTH DAKOTA,46.0,CODINGTON,29,34126000,0.12,0.12
2002,SOUTH DAKOTA,46.0,DAY,37,35640000,0.22,0.29
2002,SOUTH DAKOTA,46.0,DEUEL,39,22325000,-0.04,-0.04
2002,SOUTH DAKOTA,46.0,GRANT,51,39309000,-0.06,0.01
2002,SOUTH DAKOTA,46.0,HAMLIN,57,36206000,0.87,0.88
2002,SOUTH DAKOTA,46.0,MARSHALL,91,36426000,0.46,0.48
2002,SOUTH DAKOTA,46.0,ROBERTS,109,56366000,-0.08,-0.1
2002,SOUTH DAKOTA,46.0,BUTTE,19,12447000,0.23,0.26
2002,SOUTH DAKOTA,46.0,CORSON,31,3996000,-0.23,-0.27
2002,SOUTH DAKOTA,46.0,DEWEY,41,1267000,-0.04,-0.03
2002,SOUTH DAKOTA,46.0,PERKINS,105,2857000,0.49,0.55
2002,SOUTH DAKOTA,46.0,ZIEBACH,137,1210000,-0.26,-0.26
2002,SOUTH DAKOTA,46.0,GREGORY,53,10009000,-0.07,-0.05
2002,SOUTH DAKOTA,46.0,JONES,75,4807000,0.74,0.78
2002,SOUTH DAKOTA,46.0,LYMAN,85,14111000,0.15,0.13
2002,SOUTH DAKOTA,46.0,TODD,121,3925000,0.55,0.55
2002,SOUTH DAKOTA,46.0,TRIPP,123,14400000,0.03,0.08
2002,SOUTH DAKOTA,46.0,BON HOMME,9,23982000,0.7,0.66
2002,SOUTH DAKOTA,46.0,CHARLES MIX,23,36649000,0.62,0.59
2002,SOUTH DAKOTA,46.0,CLAY,27,65749000,0.14,0.13
2002,SOUTH DAKOTA,46.0,DOUGLAS,43,14182000,0.8,0.77
2002,SOUTH DAKOTA,46.0,HUTCHINSON,67,44272000,-0.54,-0.56
2002,SOUTH DAKOTA,46.0,LINCOLN,83,55268000,1.17,1.19
2002,SOUTH DAKOTA,46.0,TURNER,125,45394000,0.77,0.78
2002,SOUTH DAKOTA,46.0,UNION,127,48838000,0.86,0.84
2002,SOUTH DAKOTA,46.0,YANKTON,135,45619000,-0.15,-0.19
2002,SOUTH DAKOTA,46.0,BENNETT,7,6396000,0.7,0.74
2002,SOUTH DAKOTA,46.0,CUSTER,33,935000,1.06,1.05
2002,SOUTH DAKOTA,46.0,FALL RIVER,47,2299000,0.44,0.47
2002,SOUTH DAKOTA,46.0,OGLALA LAKOTA,102,862000,0.22,-0.27
2002,SOUTH DAKOTA,46.0,HAAKON,55,6153000,0.5,0.49
2002,SOUTH DAKOTA,46.0,JACKSON,71,2035000,0.78,0.81
2002,SOUTH DAKOTA,46.0,LAWRENCE,81,994000,-0.43,-0.37
2002,SOUTH DAKOTA,46.0,MEADE,93,6288000,1.09,1.1
2002,SOUTH DAKOTA,46.0,PENNINGTON,103,10570000,0.96,0.97
2002,SOUTH DAKOTA,46.0,STANLEY,117,5965000,0.82,0.85
2002,TENNESSEE,47.0,BEDFORD,3,5655000,-0.36,-0.38
2002,TENNESSEE,47.0,CANNON,15,5872000,0.51,0.51
2002,TENNESSEE,47.0,CLAY,27,2173000,0.14,0.13
2002,TENNESSEE,47.0,DAVIDSON,37,8750000,0.22,0.29
2002,TENNESSEE,47.0,DE KALB,41,31656000,-0.04,-0.03
2002,TENNESSEE,47.0,GILES,55,5042000,0.5,0.49
2002,TENNESSEE,47.0,JACKSON,87,2027000,-0.1,-0.09
2002,TENNESSEE,47.0,LINCOLN,103,17528000,0.96,0.97
2002,TENNESSEE,47.0,MACON,111,17372000,0.05,0.07
2002,TENNESSEE,47.0,MARSHALL,117,2414000,0.82,0.85
2002,TENNESSEE,47.0,MAURY,119,5229000,0.76,0.81
2002,TENNESSEE,47.0,MOORE,127,622000,0.86,0.84
2002,TENNESSEE,47.0,RUTHERFORD,149,4610000,0.2,0.2
2002,TENNESSEE,47.0,SMITH,159,4412000,-0.18,-0.28
2002,TENNESSEE,47.0,SUMNER,165,14156000,-1.51,-1.59
2002,TENNESSEE,47.0,TROUSDALE,169,4473000,-0.06,-0.13
2002,TENNESSEE,47.0,WILLIAMSON,187,10780000,-0.63,-0.61
2002,TENNESSEE,47.0,WILSON,189,4053000,-0.7,-0.8
2002,TENNESSEE,47.0,BLEDSOE,7,6591000,0.7,0.74
2002,TENNESSEE,47.0,COFFEE,31,12551000,-0.23,-0.27
2002,TENNESSEE,47.0,CUMBERLAND,35,5580000,0.37,0.44
2002,TENNESSEE,47.0,FRANKLIN,51,24822000,-0.06,0.01
2002,TENNESSEE,47.0,GRUNDY,61,8648000,-0.4,-0.45
2002,TENNESSEE,47.0,MARION,115,1599000,0.79,0.76
2002,TENNESSEE,47.0,MORGAN,129,934000,0.21,0.18
2002,TENNESSEE,47.0,OVERTON,133,2387000,1.08,1.05
2002,TENNESSEE,47.0,PICKETT,137,2411000,-0.26,-0.26
2002,TENNESSEE,47.0,PUTNAM,141,3576000,-0.28,-0.28
2002,TENNESSEE,47.0,SCOTT,151,263000,-0.87,-0.9
2002,TENNESSEE,47.0,SEQUATCHIE,153,710000,0.22,0.15
2002,TENNESSEE,47.0,VAN BUREN,175,418000,-0.71,-0.81
2002,TENNESSEE,47.0,WARREN,177,81342000,-0.29,-0.36
2002,TENNESSEE,47.0,WHITE,185,2563000,-0.46,-0.51
2002,TENNESSEE,47.0,DYER,45,41554000,-0.24,-0.3
2002,TENNESSEE,47.0,LAKE,95,17662000,0.86,0.85
2002,TENNESSEE,47.0,LAUDERDALE,97,36121000,-0.36,-0.39
2002,TENNESSEE,47.0,OBION,131,42767000,0.29,0.33
2002,TENNESSEE,47.0,SHELBY,157,21895000,-0.26,-0.27
2002,TENNESSEE,47.0,TIPTON,167,29447000,-0.88,-1.0
2002,TENNESSEE,47.0,ANDERSON,1,1359000,0.63,0.67
2002,TENNESSEE,47.0,BLOUNT,9,15134000,0.7,0.66
2002,TENNESSEE,47.0,BRADLEY,11,4320000,-0.14,-0.15
2002,TENNESSEE,47.0,CAMPBELL,13,1157000,0.5,0.55
2002,TENNESSEE,47.0,CARTER,19,2602000,0.23,0.26
2002,TENNESSEE,47.0,CLAIBORNE,25,5658000,0.54,0.57
2002,TENNESSEE,47.0,COCKE,29,6418000,0.12,0.12
2002,TENNESSEE,47.0,GRAINGER,57,9061000,0.87,0.88
2002,TENNESSEE,47.0,GREENE,59,11964000,1.16,1.18
2002,TENNESSEE,47.0,HAMBLEN,63,9289000,0.7,0.72
2002,TENNESSEE,47.0,HAMILTON,65,2271000,0.57,0.6
2002,TENNESSEE,47.0,HANCOCK,67,2438000,-0.54,-0.56
2002,TENNESSEE,47.0,HAWKINS,73,10513000,1.04,1.04
2002,TENNESSEE,47.0,JEFFERSON,89,3814000,1.14,1.18
2002,TENNESSEE,47.0,JOHNSON,91,3106000,0.46,0.48
2002,TENNESSEE,47.0,KNOX,93,13658000,1.09,1.1
2002,TENNESSEE,47.0,MCMINN,107,3111000,0.53,0.57
2002,TENNESSEE,47.0,MEIGS,121,841000,0.55,0.55
2002,TENNESSEE,47.0,MONROE,123,2527000,0.03,0.08
2002,TENNESSEE,47.0,POLK,139,1901000,1.21,1.22
2002,TENNESSEE,47.0,RHEA,143,7902000,0.05,0.05
2002,TENNESSEE,47.0,ROANE,145,1782000,-0.46,-0.41
2002,TENNESSEE,47.0,SEVIER,155,2392000,-0.95,-0.99
2002,TENNESSEE,47.0,SULLIVAN,163,5755000,-1.21,-1.31
2002,TENNESSEE,47.0,UNION,173,1150000,-0.66,-0.71
2002,TENNESSEE,47.0,WASHINGTON,179,12720000,-1.2,-1.22
2002,TENNESSEE,47.0,BENTON,5,1582000,-0.34,-0.36
2002,TENNESSEE,47.0,CARROLL,17,20333000,-0.06,-0.01
2002,TENNESSEE,47.0,CHESTER,23,3215000,0.62,0.59
2002,TENNESSEE,47.0,CROCKETT,33,33571000,1.06,1.05
2002,TENNESSEE,47.0,DECATUR,39,1532000,-0.04,-0.04
2002,TENNESSEE,47.0,FAYETTE,47,29341000,0.44,0.47
2002,TENNESSEE,47.0,GIBSON,53,55098000,-0.07,-0.05
2002,TENNESSEE,47.0,HARDEMAN,69,9855000,-0.26,-0.32
2002,TENNESSEE,47.0,HARDIN,71,6298000,0.78,0.81
2002,TENNESSEE,47.0,HAYWOOD,75,43401000,0.74,0.78
2002,TENNESSEE,47.0,HENDERSON,77,5755000,1.06,1.04
2002,TENNESSEE,47.0,HENRY,79,23868000,1.1,1.07
2002,TENNESSEE,47.0,MADISON,113,21758000,-0.59,-0.57
2002,TENNESSEE,47.0,MCNAIRY,109,6119000,-0.08,-0.1
2002,TENNESSEE,47.0,WEAKLEY,183,33606000,-1.3,-1.31
2002,TENNESSEE,47.0,CHEATHAM,21,5803000,0.69,0.75
2002,TENNESSEE,47.0,DICKSON,43,4458000,0.8,0.77
2002,TENNESSEE,47.0,HICKMAN,81,2396000,-0.43,-0.37
2002,TENNESSEE,47.0,HOUSTON,83,651000,1.17,1.19
2002,TENNESSEE,47.0,HUMPHREYS,85,3654000,0.15,0.13
2002,TENNESSEE,47.0,LAWRENCE,99,9221000,0.41,0.48
2002,TENNESSEE,47.0,LEWIS,101,1508000,-0.06,-0.03
2002,TENNESSEE,47.0,MONTGOMERY,125,19366000,0.77,0.78
2002,TENNESSEE,47.0,PERRY,135,909000,-0.15,-0.19
2002,TENNESSEE,47.0,ROBERTSON,147,49626000,0.03,0.02
2002,TENNESSEE,47.0,STEWART,161,3226000,-1.22,-1.27
2002,TENNESSEE,47.0,WAYNE,181,1330000,-0.66,-0.76
2002,TEXAS,48.0,BELL,27,17454000,0.14,0.13
2002,TEXAS,48.0,BOSQUE,35,11760000,0.37,0.44
2002,TEXAS,48.0,COLLIN,85,25629000,0.15,0.13
2002,TEXAS,48.0,COOKE,97,7388000,-0.36,-0.39
2002,TEXAS,48.0,CORYELL,99,5149000,0.41,0.48
2002,TEXAS,48.0,DALLAS,113,16780000,-0.59,-0.57
2002,TEXAS,48.0,DELTA,119,4785000,0.76,0.81
2002,TEXAS,48.0,DENTON,121,11764000,0.55,0.55
2002,TEXAS,48.0,ELLIS,139,26952000,1.21,1.22
2002,TEXAS,48.0,FALLS,145,17479000,-0.46,-0.41
2002,TEXAS,48.0,FANNIN,147,19682000,0.03,0.02
2002,TEXAS,48.0,GRAYSON,181,20008000,-0.66,-0.76
2002,TEXAS,48.0,HAMILTON,193,2623000,-0.37,-0.44
2002,TEXAS,48.0,HILL,217,29808000,-0.51,-0.59
2002,TEXAS,48.0,HUNT,231,11714000,-0.69,-0.71
2002,TEXAS,48.0,JOHNSON,251,6754000,-1.57,-1.63
2002,TEXAS,48.0,KAUFMAN,257,6515000,-1.03,-1.02
2002,TEXAS,48.0,LAMAR,277,11776000,-0.63,-0.67
2002,TEXAS,48.0,LIMESTONE,293,4142000,-0.68,-0.72
2002,TEXAS,48.0,MCLENNAN,309,21722000,-1.15,-1.2
2002,TEXAS,48.0,MILAM,331,17655000,0.91,0.94
2002,TEXAS,48.0,NAVARRO,349,11826000,0.21,0.24
2002,TEXAS,48.0,ROCKWALL,397,1054000,0.41,0.46
2002,TEXAS,48.0,TARRANT,439,21729000,0.17,0.19
2002,TEXAS,48.0,WILLIAMSON,491,30588000,0.86,0.88
2002,TEXAS,48.0,KLEBERG,273,9814000,-0.39,-0.44
2002,TEXAS,48.0,NUECES,355,59448000,0.1,0.07
2002,TEXAS,48.0,REFUGIO,391,12547000,0.1,0.1
2002,TEXAS,48.0,SAN PATRICIO,409,53055000,-0.07,-0.07
2002,TEXAS,48.0,ARCHER,9,1489000,0.7,0.66
2002,TEXAS,48.0,BROWN,49,3478000,0.26,0.29
2002,TEXAS,48.0,CALLAHAN,59,2024000,1.16,1.18
2002,TEXAS,48.0,CLAY,77,3925000,1.06,1.04
2002,TEXAS,48.0,COMANCHE,93,14637000,1.09,1.1
2002,TEXAS,48.0,EASTLAND,133,9101000,1.08,1.05
2002,TEXAS,48.0,ERATH,143,9968000,0.05,0.05
2002,TEXAS,48.0,HOOD,221,4123000,-0.59,-0.66
2002,TEXAS,48.0,JACK,237,791000,-0.15,-0.29
2002,TEXAS,48.0,MILLS,333,1766000,0.35,0.35
2002,TEXAS,48.0,MONTAGUE,337,3754000,-0.33,-0.31
2002,TEXAS,48.0,PALO PINTO,363,2384000,-0.31,-0.28
2002,TEXAS,48.0,PARKER,367,12782000,-0.17,-0.14
2002,TEXAS,48.0,SHACKELFORD,417,1267000,-0.19,-0.17
2002,TEXAS,48.0,SOMERVELL,425,519000,0.08,0.14
2002,TEXAS,48.0,STEPHENS,429,497000,-0.33,-0.33
2002,TEXAS,48.0,THROCKMORTON,447,2435000,-0.46,-0.43
2002,TEXAS,48.0,WISE,497,7561000,-0.04,-0.04
2002,TEXAS,48.0,YOUNG,503,1721000,-0.48,-0.47
2002,TEXAS,48.0,ANDERSON,1,6606000,0.63,0.67
2002,TEXAS,48.0,BOWIE,37,6897000,0.22,0.29
2002,TEXAS,48.0,CAMP,63,921000,0.7,0.72
2002,TEXAS,48.0,CASS,67,3169000,-0.54,-0.56
2002,TEXAS,48.0,CHEROKEE,73,86332000,1.04,1.04
2002,TEXAS,48.0,FRANKLIN,159,1254000,-0.18,-0.28
2002,TEXAS,48.0,GREGG,183,550000,-1.3,-1.31
2002,TEXAS,48.0,HARRISON,203,1702000,0.58,0.58
2002,TEXAS,48.0,HENDERSON,213,13605000,0.02,0.04
2002,TEXAS,48.0,HOPKINS,223,3985000,-0.3,-0.28
2002,TEXAS,48.0,HOUSTON,225,6348000,0.18,0.1
2002,TEXAS,48.0,MARION,315,744000,-0.73,-0.79
2002,TEXAS,48.0,MORRIS,343,406000,1.21,1.27
2002,TEXAS,48.0,NACOGDOCHES,347,2427000,1.17,1.15
2002,TEXAS,48.0,PANOLA,365,1391000,0.82,0.8
2002,TEXAS,48.0,RAINS,379,2283000,0.72,0.77
2002,TEXAS,48.0,RED RIVER,387,4337000,0.96,1.0
2002,TEXAS,48.0,RUSK,401,13975000,1.22,1.24
2002,TEXAS,48.0,SHELBY,419,2009000,0.83,0.81
2002,TEXAS,48.0,SMITH,423,47642000,0.81,0.89
2002,TEXAS,48.0,TITUS,449,871000,1.1,1.17
2002,TEXAS,48.0,UPSHUR,459,2180000,1.03,1.09
2002,TEXAS,48.0,VAN ZANDT,467,33226000,0.74,0.8
2002,TEXAS,48.0,WOOD,499,3674000,0.86,0.94
2002,TEXAS,48.0,ANGELINA,5,752000,-0.34,-0.36
2002,TEXAS,48.0,BRAZOS,41,8846000,-0.04,-0.03
2002,TEXAS,48.0,FREESTONE,161,2081000,-1.22,-1.27
2002,TEXAS,48.0,GRIMES,185,4512000,-0.46,-0.51
2002,TEXAS,48.0,JASPER,241,1503000,-0.77,-0.77
2002,TEXAS,48.0,LEON,289,2992000,0.31,0.23
2002,TEXAS,48.0,MONTGOMERY,339,11547000,0.9,0.93
2002,TEXAS,48.0,NEWTON,351,378000,0.68,0.78
2002,TEXAS,48.0,POLK,373,1193000,0.62,0.62
2002,TEXAS,48.0,ROBERTSON,395,11513000,0.62,0.65
2002,TEXAS,48.0,SABINE,403,374000,0.83,0.87
2002,TEXAS,48.0,SAN AUGUSTINE,405,1003000,0.87,0.87
2002,TEXAS,48.0,SAN JACINTO,407,1432000,0.64,0.66
2002,TEXAS,48.0,TRINITY,455,348000,0.89,0.86
2002,TEXAS,48.0,TYLER,457,1596000,0.71,0.74
2002,TEXAS,48.0,WALKER,471,13832000,1.09,1.1
2002,TEXAS,48.0,WALLER,473,21935000,0.83,0.87
2002,TEXAS,48.0,BANDERA,19,877000,0.23,0.26
2002,TEXAS,48.0,BLANCO,31,6493000,-0.23,-0.27
2002,TEXAS,48.0,BURNET,53,813000,-0.07,-0.05
2002,TEXAS,48.0,COKE,81,576000,-0.43,-0.37
2002,TEXAS,48.0,CONCHO,95,6865000,0.86,0.85
2002,TEXAS,48.0,EDWARDS,137,175000,-0.26,-0.26
2002,TEXAS,48.0,GILLESPIE,171,4927000,-0.81,-0.84
2002,TEXAS,48.0,IRION,235,116000,-0.19,-0.24
2002,TEXAS,48.0,KENDALL,259,970000,-0.42,-0.42
2002,TEXAS,48.0,KERR,265,1124000,-0.69,-0.8
2002,TEXAS,48.0,KIMBLE,267,655000,-1.46,-1.5
2002,TEXAS,48.0,KINNEY,271,681000,-1.15,-1.19
2002,TEXAS,48.0,LAMPASAS,281,1353000,-0.55,-0.56
2002,TEXAS,48.0,LLANO,299,563000,-0.96,-0.96
2002,TEXAS,48.0,MASON,319,2367000,0.0,-0.08
2002,TEXAS,48.0,MCCULLOCH,307,2918000,-0.21,-0.23
2002,TEXAS,48.0,MENARD,327,777000,-0.14,-0.13
2002,TEXAS,48.0,REAGAN,383,4398000,-0.36,-0.38
2002,TEXAS,48.0,REAL,385,271000,0.22,0.22
2002,TEXAS,48.0,SAN SABA,411,3894000,-0.01,-0.02
2002,TEXAS,48.0,SCHLEICHER,413,908000,-0.39,-0.42
2002,TEXAS,48.0,STERLING,431,58000,-0.33,-0.36
2002,TEXAS,48.0,SUTTON,435,239000,-0.48,-0.5
2002,TEXAS,48.0,TOM GREEN,451,18851000,-0.27,-0.3
2002,TEXAS,48.0,UPTON,461,2783000,-0.82,-0.83
2002,TEXAS,48.0,UVALDE,463,27309000,0.01,0.02
2002,TEXAS,48.0,VAL VERDE,465,691000,-0.43,-0.43
2002,TEXAS,48.0,CAMERON,61,62306000,-0.4,-0.45
2002,TEXAS,48.0,HIDALGO,215,182431000,-0.76,-0.71
2002,TEXAS,48.0,STARR,427,10714000,-0.53,-0.47
2002,TEXAS,48.0,WILLACY,489,14657000,-1.11,-1.05
2002,TEXAS,48.0,ARMSTRONG,11,4171000,-0.14,-0.15
2002,TEXAS,48.0,BRISCOE,45,7870000,-0.24,-0.3
2002,TEXAS,48.0,CARSON,65,14206000,0.57,0.6
2002,TEXAS,48.0,CASTRO,69,75005000,-0.26,-0.32
2002,TEXAS,48.0,DALLAM,111,83207000,0.05,0.07
2002,TEXAS,48.0,DEAF SMITH,117,38928000,0.82,0.85
2002,TEXAS,48.0,GRAY,179,7527000,-1.2,-1.22
2002,TEXAS,48.0,HALE,189,102851000,-0.7,-0.8
2002,TEXAS,48.0,HANSFORD,195,23800000,-0.56,-0.59
2002,TEXAS,48.0,HARTLEY,205,68376000,-0.34,-0.4
2002,TEXAS,48.0,HEMPHILL,211,463000,-0.17,-0.29
2002,TEXAS,48.0,HUTCHINSON,233,5875000,0.0,0.04
2002,TEXAS,48.0,LIPSCOMB,295,3393000,0.22,0.26
2002,TEXAS,48.0,MOORE,341,42434000,0.08,-0.02
2002,TEXAS,48.0,OLDHAM,359,2329000,0.17,0.05
2002,TEXAS,48.0,PARMER,369,72042000,0.36,0.2
2002,TEXAS,48.0,POTTER,375,1314000,0.01,-0.1
2002,TEXAS,48.0,RANDALL,381,10971000,-0.17,-0.29
2002,TEXAS,48.0,ROBERTS,393,2226000,0.23,0.07
2002,TEXAS,48.0,SHERMAN,421,47445000,-0.13,-0.23
2002,TEXAS,48.0,SWISHER,437,30703000,0.1,-0.09
2002,TEXAS,48.0,BORDEN,33,3876000,1.06,1.05
2002,TEXAS,48.0,CHILDRESS,75,7258000,0.74,0.78
2002,TEXAS,48.0,COLLINGSWORTH,87,24964000,-0.1,-0.09
2002,TEXAS,48.0,COTTLE,101,4070000,-0.06,-0.03
2002,TEXAS,48.0,DICKENS,125,4925000,0.77,0.78
2002,TEXAS,48.0,DONLEY,129,8878000,0.21,0.18
2002,TEXAS,48.0,FOARD,155,4157000,-0.95,-0.99
2002,TEXAS,48.0,GARZA,169,6291000,-0.06,-0.13
2002,TEXAS,48.0,HALL,191,16170000,-0.99,-0.97
2002,TEXAS,48.0,HARDEMAN,197,6837000,-0.39,-0.41
2002,TEXAS,48.0,KENT,263,680000,-0.59,-0.58
2002,TEXAS,48.0,KING,269,1294000,-0.42,-0.48
2002,TEXAS,48.0,MOTLEY,345,3201000,0.09,-0.07
2002,TEXAS,48.0,WHEELER,483,3328000,-0.01,-0.17
2002,TEXAS,48.0,WICHITA,485,8135000,-0.9,-0.9
2002,TEXAS,48.0,WILBARGER,487,18529000,-0.65,-0.71
2002,TEXAS,48.0,AUSTIN,15,5673000,0.51,0.51
2002,TEXAS,48.0,BASTROP,21,4287000,0.69,0.75
2002,TEXAS,48.0,BEE,25,7438000,0.54,0.57
2002,TEXAS,48.0,BEXAR,29,59304000,0.12,0.12
2002,TEXAS,48.0,BURLESON,51,10424000,-0.06,0.01
2002,TEXAS,48.0,CALDWELL,55,4193000,0.5,0.49
2002,TEXAS,48.0,COLORADO,89,18646000,1.14,1.18
2002,TEXAS,48.0,COMAL,91,1492000,0.46,0.48
2002,TEXAS,48.0,DE WITT,123,2286000,0.03,0.08
2002,TEXAS,48.0,FAYETTE,149,5259000,0.2,0.2
2002,TEXAS,48.0,GOLIAD,175,1722000,-0.71,-0.81
2002,TEXAS,48.0,GONZALES,177,21669000,-0.29,-0.36
2002,TEXAS,48.0,GUADALUPE,187,16375000,-0.63,-0.61
2002,TEXAS,48.0,HAYS,209,3986000,-1.2,-1.25
2002,TEXAS,48.0,KARNES,255,2681000,-0.82,-0.83
2002,TEXAS,48.0,LAVACA,285,3538000,-0.27,-0.25
2002,TEXAS,48.0,LEE,287,4270000,-0.8,-0.86
2002,TEXAS,48.0,MEDINA,325,23171000,0.12,0.15
2002,TEXAS,48.0,TRAVIS,453,10017000,0.86,0.87
2002,TEXAS,48.0,WASHINGTON,477,6690000,0.62,0.61
2002,TEXAS,48.0,WILSON,493,7598000,0.22,0.27
2002,TEXAS,48.0,ATASCOSA,13,17254000,0.5,0.55
2002,TEXAS,48.0,BROOKS,47,276000,0.44,0.47
2002,TEXAS,48.0,DIMMIT,127,2526000,0.86,0.84
2002,TEXAS,48.0,DUVAL,131,1815000,0.29,0.33
2002,TEXAS,48.0,FRIO,163,32033000,-1.21,-1.31
2002,TEXAS,48.0,JIM HOGG,247,143000,-0.6,-0.65
2002,TEXAS,48.0,JIM WELLS,249,13291000,-0.24,-0.3
2002,TEXAS,48.0,LA SALLE,283,2796000,-1.1,-1.19
2002,TEXAS,48.0,LIVE OAK,297,1828000,-0.24,-0.31
2002,TEXAS,48.0,MAVERICK,323,4164000,-0.69,-0.61
2002,TEXAS,48.0,MCMULLEN,311,176000,-0.84,-0.81
2002,TEXAS,48.0,WEBB,479,1265000,-0.61,-0.56
2002,TEXAS,48.0,ZAVALA,507,10816000,-0.48,-0.42
2002,TEXAS,48.0,ANDREWS,3,2240000,-0.36,-0.38
2002,TEXAS,48.0,BAILEY,17,23240000,-0.06,-0.01
2002,TEXAS,48.0,COCHRAN,79,37239000,1.1,1.07
2002,TEXAS,48.0,CROSBY,107,35964000,0.53,0.57
2002,TEXAS,48.0,DAWSON,115,52460000,0.79,0.76
2002,TEXAS,48.0,GAINES,165,105638000,-1.51,-1.59
2002,TEXAS,48.0,GLASSCOCK,173,11412000,-0.66,-0.71
2002,TEXAS,48.0,HOWARD,227,11762000,-0.12,-0.1
2002,TEXAS,48.0,LAMB,279,95391000,-1.33,-1.38
2002,TEXAS,48.0,LUBBOCK,303,65628000,-0.76,-0.88
2002,TEXAS,48.0,LYNN,305,47185000,-1.29,-1.27
2002,TEXAS,48.0,MARTIN,317,12902000,-0.78,-0.87
2002,TEXAS,48.0,MIDLAND,329,3994000,-0.72,-0.72
2002,TEXAS,48.0,TERRY,445,59392000,-0.66,-0.74
2002,TEXAS,48.0,YOAKUM,501,41757000,-0.53,-0.6
2002,TEXAS,48.0,BAYLOR,23,3168000,0.62,0.59
2002,TEXAS,48.0,COLEMAN,83,3432000,1.17,1.19
2002,TEXAS,48.0,FISHER,151,9862000,-0.87,-0.9
2002,TEXAS,48.0,HASKELL,207,26513000,-0.47,-0.5
2002,TEXAS,48.0,JONES,253,19347000,-0.47,-0.51
2002,TEXAS,48.0,KNOX,275,14691000,-0.32,-0.38
2002,TEXAS,48.0,MITCHELL,335,7062000,-0.2,-0.26
2002,TEXAS,48.0,NOLAN,353,7105000,-0.34,-0.31
2002,TEXAS,48.0,RUNNELS,399,14811000,-0.33,-0.31
2002,TEXAS,48.0,SCURRY,415,9100000,0.14,0.08
2002,TEXAS,48.0,STONEWALL,433,3051000,-0.24,-0.22
2002,TEXAS,48.0,TAYLOR,441,6519000,0.03,0.06
2002,TEXAS,48.0,BREWSTER,43,502000,0.8,0.77
2002,TEXAS,48.0,CRANE,103,3000,0.96,0.97
2002,TEXAS,48.0,CULBERSON,109,3488000,-0.08,-0.1
2002,TEXAS,48.0,ECTOR,135,279000,-0.15,-0.19
2002,TEXAS,48.0,EL PASO,141,29030000,-0.28,-0.28
2002,TEXAS,48.0,HUDSPETH,229,21671000,-0.84,-0.85
2002,TEXAS,48.0,JEFF DAVIS,243,146000,-0.58,-0.6
2002,TEXAS,48.0,PECOS,371,23633000,-1.27,-1.28
2002,TEXAS,48.0,REEVES,389,7330000,-1.24,-1.23
2002,TEXAS,48.0,BRAZORIA,39,24824000,-0.04,-0.04
2002,TEXAS,48.0,CALHOUN,57,9183000,0.87,0.88
2002,TEXAS,48.0,CHAMBERS,71,5479000,0.78,0.81
2002,TEXAS,48.0,FORT BEND,157,36536000,-0.26,-0.27
2002,TEXAS,48.0,GALVESTON,167,2305000,-0.88,-1.0
2002,TEXAS,48.0,HARRIS,201,34999000,-0.83,-0.86
2002,TEXAS,48.0,JACKSON,239,30588000,-0.51,-0.53
2002,TEXAS,48.0,JEFFERSON,245,7632000,-0.85,-0.9
2002,TEXAS,48.0,LIBERTY,291,11255000,-0.37,-0.37
2002,TEXAS,48.0,MATAGORDA,321,87346000,-0.64,-0.71
2002,TEXAS,48.0,ORANGE,361,1047000,0.7,0.79
2002,TEXAS,48.0,VICTORIA,469,13958000,0.26,0.25
2002,TEXAS,48.0,WHARTON,481,99268000,0.76,0.72
2002,UTAH,49.0,JUAB,23,4078000,0.62,0.59
2002,UTAH,49.0,MILLARD,27,28854000,0.14,0.13
2002,UTAH,49.0,SANPETE,39,4781000,-0.04,-0.04
2002,UTAH,49.0,SEVIER,41,13692000,-0.04,-0.03
2002,UTAH,49.0,UTAH,49,43847000,0.26,0.29
2002,UTAH,49.0,CARBON,7,583000,0.7,0.74
2002,UTAH,49.0,DUCHESNE,13,4899000,0.5,0.55
2002,UTAH,49.0,EMERY,15,1495000,0.51,0.51
2002,UTAH,49.0,GRAND,19,739000,0.23,0.26
2002,UTAH,49.0,SAN JUAN,37,1592000,0.22,0.29
2002,UTAH,49.0,SUMMIT,43,1131000,0.8,0.77
2002,UTAH,49.0,UINTAH,47,3304000,0.44,0.47
2002,UTAH,49.0,WASATCH,51,918000,-0.06,0.01
2002,UTAH,49.0,BOX ELDER,3,29486000,-0.36,-0.38
2002,UTAH,49.0,CACHE,5,14708000,-0.34,-0.36
2002,UTAH,49.0,DAVIS,11,26470000,-0.14,-0.15
2002,UTAH,49.0,MORGAN,29,766000,0.12,0.12
2002,UTAH,49.0,RICH,33,314000,1.06,1.05
2002,UTAH,49.0,SALT LAKE,35,13803000,0.37,0.44
2002,UTAH,49.0,TOOELE,45,2572000,-0.24,-0.3
2002,UTAH,49.0,WEBER,57,6753000,0.87,0.88
2002,UTAH,49.0,BEAVER,1,10442000,0.63,0.67
2002,UTAH,49.0,GARFIELD,17,490000,-0.06,-0.01
2002,UTAH,49.0,IRON,21,37286000,0.69,0.75
2002,UTAH,49.0,PIUTE,31,756000,-0.23,-0.27
2002,UTAH,49.0,WASHINGTON,53,3020000,-0.07,-0.05
2002,UTAH,49.0,WAYNE,55,750000,0.5,0.49
2002,VERMONT,50.0,ADDISON,1,11299000,0.63,0.67
2002,VERMONT,50.0,BENNINGTON,3,2395000,-0.36,-0.38
2002,VERMONT,50.0,CALEDONIA,5,4047000,-0.34,-0.36
2002,VERMONT,50.0,CHITTENDEN,7,10369000,0.7,0.74
2002,VERMONT,50.0,ESSEX,9,969000,0.7,0.66
2002,VERMONT,50.0,FRANKLIN,11,6885000,-0.14,-0.15
2002,VERMONT,50.0,GRAND ISLE,13,1464000,0.5,0.55
2002,VERMONT,50.0,LAMOILLE,15,3772000,0.51,0.51
2002,VERMONT,50.0,ORANGE,17,6078000,-0.06,-0.01
2002,VERMONT,50.0,ORLEANS,19,3246000,0.23,0.26
2002,VERMONT,50.0,RUTLAND,21,4127000,0.69,0.75
2002,VERMONT,50.0,WASHINGTON,23,3880000,0.62,0.59
2002,VERMONT,50.0,WINDHAM,25,7652000,0.54,0.57
2002,VERMONT,50.0,WINDSOR,27,5400000,0.14,0.13
2002,VIRGINIA,51.0,ALBEMARLE,3,6762000,-0.36,-0.38
2002,VIRGINIA,51.0,AMELIA,7,3372000,0.7,0.74
2002,VIRGINIA,51.0,AMHERST,9,1015000,0.7,0.66
2002,VIRGINIA,51.0,APPOMATTOX,11,1452000,-0.14,-0.15
2002,VIRGINIA,51.0,BEDFORD,19,3568000,0.23,0.26
2002,VIRGINIA,51.0,BUCKINGHAM,29,1896000,0.12,0.12
2002,VIRGINIA,51.0,CAMPBELL,31,4445000,-0.23,-0.27
2002,VIRGINIA,51.0,CAROLINE,33,9596000,1.06,1.05
2002,VIRGINIA,51.0,CHESTERFIELD,41,5124000,-0.04,-0.03
2002,VIRGINIA,51.0,CUMBERLAND,49,2560000,0.26,0.29
2002,VIRGINIA,51.0,FLUVANNA,65,898000,0.57,0.6
2002,VIRGINIA,51.0,GOOCHLAND,75,1485000,0.74,0.78
2002,VIRGINIA,51.0,GREENE,79,829000,1.1,1.07
2002,VIRGINIA,51.0,HANOVER,85,24935000,0.15,0.13
2002,VIRGINIA,51.0,HENRICO,87,6743000,-0.1,-0.09
2002,VIRGINIA,51.0,LOUISA,109,2381000,-0.08,-0.1
2002,VIRGINIA,51.0,NELSON,125,4862000,0.77,0.78
2002,VIRGINIA,51.0,ORANGE,137,19243000,-0.26,-0.26
2002,VIRGINIA,51.0,POWHATAN,145,1567000,-0.46,-0.41
2002,VIRGINIA,51.0,PRINCE EDWARD,147,2642000,0.03,0.02
2002,VIRGINIA,51.0,SPOTSYLVANIA,177,1740000,-0.29,-0.36
2002,VIRGINIA,51.0,ACCOMACK,1,47480000,0.63,0.67
2002,VIRGINIA,51.0,CHARLES CITY,36,4925000,-0.94,-0.92
2002,VIRGINIA,51.0,ESSEX,57,7712000,0.87,0.88
2002,VIRGINIA,51.0,GLOUCESTER,73,3774000,1.04,1.04
2002,VIRGINIA,51.0,JAMES CITY,95,2032000,0.86,0.85
2002,VIRGINIA,51.0,KING AND QUEEN,97,5360000,-0.36,-0.39
2002,VIRGINIA,51.0,KING GEORGE,99,2338000,0.41,0.48
2002,VIRGINIA,51.0,KING WILLIAM,101,12692000,-0.06,-0.03
2002,VIRGINIA,51.0,LANCASTER,103,2193000,0.96,0.97
2002,VIRGINIA,51.0,MATHEWS,115,4023000,0.79,0.76
2002,VIRGINIA,51.0,MIDDLESEX,119,4645000,0.76,0.81
2002,VIRGINIA,51.0,NEW KENT,127,2800000,0.86,0.84
2002,VIRGINIA,51.0,NORTHAMPTON,131,32949000,0.29,0.33
2002,VIRGINIA,51.0,NORTHUMBERLAND,133,7063000,1.08,1.05
2002,VIRGINIA,51.0,RICHMOND,159,5823000,-0.18,-0.28
2002,VIRGINIA,51.0,WESTMORELAND,193,19104000,-0.37,-0.44
2002,VIRGINIA,51.0,YORK,199,2607000,-0.51,-0.5
2002,VIRGINIA,51.0,CLARKE,43,5276000,0.8,0.77
2002,VIRGINIA,51.0,CULPEPER,47,18851000,0.44,0.47
2002,VIRGINIA,51.0,FAIRFAX,59,4405000,1.16,1.18
2002,VIRGINIA,51.0,FAUQUIER,61,9554000,-0.4,-0.45
2002,VIRGINIA,51.0,FREDERICK,69,14497000,-0.26,-0.32
2002,VIRGINIA,51.0,LOUDOUN,107,19099000,0.53,0.57
2002,VIRGINIA,51.0,MADISON,113,3310000,-0.59,-0.57
2002,VIRGINIA,51.0,PAGE,139,1269000,1.21,1.22
2002,VIRGINIA,51.0,PRINCE WILLIAM,153,3795000,0.22,0.15
2002,VIRGINIA,51.0,RAPPAHANNOCK,157,2093000,-0.26,-0.27
2002,VIRGINIA,51.0,ROCKINGHAM,165,13365000,-1.51,-1.59
2002,VIRGINIA,51.0,SHENANDOAH,171,6401000,-0.81,-0.84
2002,VIRGINIA,51.0,STAFFORD,179,1153000,-1.2,-1.22
2002,VIRGINIA,51.0,WARREN,187,1041000,-0.63,-0.61
2002,VIRGINIA,51.0,BRUNSWICK,25,7352000,0.54,0.57
2002,VIRGINIA,51.0,CHESAPEAKE CITY,550,33056000,-1.38,-1.42
2002,VIRGINIA,51.0,DINWIDDIE,53,9447000,-0.07,-0.05
2002,VIRGINIA,51.0,GREENSVILLE,81,5021000,-0.43,-0.37
2002,VIRGINIA,51.0,ISLE OF WIGHT,93,13458000,1.09,1.1
2002,VIRGINIA,51.0,MECKLENBURG,117,18413000,0.82,0.85
2002,VIRGINIA,51.0,PRINCE GEORGE,149,3801000,0.2,0.2
2002,VIRGINIA,51.0,SOUTHAMPTON,175,21912000,-0.71,-0.81
2002,VIRGINIA,51.0,SUFFOLK CITY,800,35745000,-1.1,-1.15
2002,VIRGINIA,51.0,VIRGINIA BEACH CITY,810,7716000,-1.52,-1.53
2002,VIRGINIA,51.0,CHARLOTTE,37,6585000,0.22,0.29
2002,VIRGINIA,51.0,FRANKLIN,67,6299000,-0.54,-0.56
2002,VIRGINIA,51.0,HALIFAX,83,18079000,1.17,1.19
2002,VIRGINIA,51.0,HENRY,89,1468000,1.14,1.18
2002,VIRGINIA,51.0,LUNENBURG,111,7907000,0.05,0.07
2002,VIRGINIA,51.0,NOTTOWAY,135,2494000,-0.15,-0.19
2002,VIRGINIA,51.0,PATRICK,141,6745000,-0.28,-0.28
2002,VIRGINIA,51.0,PITTSYLVANIA,143,30695000,0.05,0.05
2002,VIRGINIA,51.0,BLAND,21,481000,0.69,0.75
2002,VIRGINIA,51.0,CARROLL,35,6568000,0.37,0.44
2002,VIRGINIA,51.0,DICKENSON,51,206000,-0.06,0.01
2002,VIRGINIA,51.0,FLOYD,63,10401000,0.7,0.72
2002,VIRGINIA,51.0,GILES,71,1176000,0.78,0.81
2002,VIRGINIA,51.0,GRAYSON,77,6815000,1.06,1.04
2002,VIRGINIA,51.0,LEE,105,5448000,0.49,0.55
2002,VIRGINIA,51.0,MONTGOMERY,121,5803000,0.55,0.55
2002,VIRGINIA,51.0,PULASKI,155,886000,-0.95,-0.99
2002,VIRGINIA,51.0,RUSSELL,167,3374000,-0.88,-1.0
2002,VIRGINIA,51.0,SCOTT,169,6820000,-0.06,-0.13
2002,VIRGINIA,51.0,SMYTH,173,2930000,-0.66,-0.71
2002,VIRGINIA,51.0,TAZEWELL,185,1148000,-0.46,-0.51
2002,VIRGINIA,51.0,WASHINGTON,191,9947000,-0.99,-0.97
2002,VIRGINIA,51.0,WISE,195,301000,-0.56,-0.59
2002,VIRGINIA,51.0,WYTHE,197,2331000,-0.39,-0.41
2002,VIRGINIA,51.0,ALLEGHANY,5,286000,-0.34,-0.36
2002,VIRGINIA,51.0,AUGUSTA,15,14189000,0.51,0.51
2002,VIRGINIA,51.0,BATH,17,100000,-0.06,-0.01
2002,VIRGINIA,51.0,BOTETOURT,23,1850000,0.62,0.59
2002,VIRGINIA,51.0,CRAIG,45,510000,-0.24,-0.3
2002,VIRGINIA,51.0,HIGHLAND,91,372000,0.46,0.48
2002,VIRGINIA,51.0,ROANOKE,161,1939000,-1.22,-1.27
2002,VIRGINIA,51.0,ROCKBRIDGE,163,2528000,-1.21,-1.31
2002,WASHINGTON,53.0,BENTON,5,366342000,-0.34,-0.36
2002,WASHINGTON,53.0,CHELAN,7,164518000,0.7,0.74
2002,WASHINGTON,53.0,KITTITAS,37,38432000,0.22,0.29
2002,WASHINGTON,53.0,KLICKITAT,39,40215000,-0.04,-0.04
2002,WASHINGTON,53.0,OKANOGAN,47,116551000,0.44,0.47
2002,WASHINGTON,53.0,YAKIMA,77,508254000,1.06,1.04
2002,WASHINGTON,53.0,ADAMS,1,156732000,0.63,0.67
2002,WASHINGTON,53.0,DOUGLAS,17,118186000,-0.06,-0.01
2002,WASHINGTON,53.0,FRANKLIN,21,297450000,0.69,0.75
2002,WASHINGTON,53.0,GRANT,25,626501000,0.54,0.57
2002,WASHINGTON,53.0,LINCOLN,43,85209000,0.8,0.77
2002,WASHINGTON,53.0,FERRY,19,920000,0.23,0.26
2002,WASHINGTON,53.0,PEND OREILLE,51,1577000,-0.06,0.01
2002,WASHINGTON,53.0,SPOKANE,63,77263000,0.7,0.72
2002,WASHINGTON,53.0,STEVENS,65,11552000,0.57,0.6
2002,WASHINGTON,53.0,ASOTIN,3,5819000,-0.36,-0.38
2002,WASHINGTON,53.0,COLUMBIA,13,22701000,0.5,0.55
2002,WASHINGTON,53.0,GARFIELD,23,15677000,0.62,0.59
2002,WASHINGTON,53.0,WHITMAN,75,155249000,0.74,0.78
2002,WASHINGTON,53.0,CLARK,11,28475000,-0.14,-0.15
2002,WASHINGTON,53.0,COWLITZ,15,10848000,0.51,0.51
2002,WASHINGTON,53.0,GRAYS HARBOR,27,13936000,0.14,0.13
2002,WASHINGTON,53.0,ISLAND,29,2165000,0.12,0.12
2002,WASHINGTON,53.0,JEFFERSON,31,976000,-0.23,-0.27
2002,WASHINGTON,53.0,KING,33,72602000,1.06,1.05
2002,WASHINGTON,53.0,KITSAP,35,13322000,0.37,0.44
2002,WASHINGTON,53.0,LEWIS,41,21439000,-0.04,-0.03
2002,WASHINGTON,53.0,MASON,45,5061000,-0.24,-0.3
2002,WASHINGTON,53.0,PACIFIC,49,4315000,0.26,0.29
2002,WASHINGTON,53.0,PIERCE,53,34963000,-0.07,-0.05
2002,WASHINGTON,53.0,SAN JUAN,55,1146000,0.5,0.49
2002,WASHINGTON,53.0,SKAGIT,57,152452000,0.87,0.88
2002,WASHINGTON,53.0,SKAMANIA,59,1603000,1.16,1.18
2002,WASHINGTON,53.0,SNOHOMISH,61,57961000,-0.4,-0.45
2002,WASHINGTON,53.0,THURSTON,67,49331000,-0.54,-0.56
2002,WASHINGTON,53.0,WAHKIAKUM,69,84000,-0.26,-0.32
2002,WASHINGTON,53.0,WHATCOM,73,75998000,1.04,1.04
2002,WEST VIRGINIA,54.0,BERKELEY,3,12229000,-0.36,-0.38
2002,WEST VIRGINIA,54.0,GRANT,23,396000,0.62,0.59
2002,WEST VIRGINIA,54.0,GREENBRIER,25,1056000,0.54,0.57
2002,WEST VIRGINIA,54.0,HAMPSHIRE,27,2874000,0.14,0.13
2002,WEST VIRGINIA,54.0,HARDY,31,1005000,-0.23,-0.27
2002,WEST VIRGINIA,54.0,JEFFERSON,37,7118000,0.22,0.29
2002,WEST VIRGINIA,54.0,MINERAL,57,949000,0.87,0.88
2002,WEST VIRGINIA,54.0,MONROE,63,1021000,0.7,0.72
2002,WEST VIRGINIA,54.0,MORGAN,65,682000,0.57,0.6
2002,WEST VIRGINIA,54.0,PENDLETON,71,824000,0.78,0.81
2002,WEST VIRGINIA,54.0,POCAHONTAS,75,361000,0.74,0.78
2002,WEST VIRGINIA,54.0,RANDOLPH,83,637000,1.17,1.19
2002,WEST VIRGINIA,54.0,SUMMERS,89,2244000,1.14,1.18
2002,WEST VIRGINIA,54.0,TUCKER,93,179000,1.09,1.1
2002,WEST VIRGINIA,54.0,BARBOUR,1,655000,0.63,0.67
2002,WEST VIRGINIA,54.0,BROOKE,9,186000,0.7,0.66
2002,WEST VIRGINIA,54.0,DODDRIDGE,17,366000,-0.06,-0.01
2002,WEST VIRGINIA,54.0,HANCOCK,29,460000,0.12,0.12
2002,WEST VIRGINIA,54.0,HARRISON,33,982000,1.06,1.05
2002,WEST VIRGINIA,54.0,LEWIS,41,359000,-0.04,-0.03
2002,WEST VIRGINIA,54.0,MARION,49,689000,0.26,0.29
2002,WEST VIRGINIA,54.0,MARSHALL,51,968000,-0.06,0.01
2002,WEST VIRGINIA,54.0,MONONGALIA,61,416000,-0.4,-0.45
2002,WEST VIRGINIA,54.0,OHIO,69,406000,-0.26,-0.32
2002,WEST VIRGINIA,54.0,PLEASANTS,73,254000,1.04,1.04
2002,WEST VIRGINIA,54.0,PRESTON,77,1724000,1.06,1.04
2002,WEST VIRGINIA,54.0,RITCHIE,85,510000,0.15,0.13
2002,WEST VIRGINIA,54.0,TAYLOR,91,1898000,0.46,0.48
2002,WEST VIRGINIA,54.0,TYLER,95,314000,0.86,0.85
2002,WEST VIRGINIA,54.0,UPSHUR,97,505000,-0.36,-0.39
2002,WEST VIRGINIA,54.0,WETZEL,103,187000,0.96,0.97
2002,WEST VIRGINIA,54.0,WOOD,107,1063000,0.53,0.57
2002,WEST VIRGINIA,54.0,BOONE,5,39000,-0.34,-0.36
2002,WEST VIRGINIA,54.0,BRAXTON,7,257000,0.7,0.74
2002,WEST VIRGINIA,54.0,CABELL,11,2345000,-0.14,-0.15
2002,WEST VIRGINIA,54.0,CALHOUN,13,132000,0.5,0.55
2002,WEST VIRGINIA,54.0,CLAY,15,51000,0.51,0.51
2002,WEST VIRGINIA,54.0,FAYETTE,19,646000,0.23,0.26
2002,WEST VIRGINIA,54.0,GILMER,21,142000,0.69,0.75
2002,WEST VIRGINIA,54.0,JACKSON,35,1102000,0.37,0.44
2002,WEST VIRGINIA,54.0,KANAWHA,39,218000,-0.04,-0.04
2002,WEST VIRGINIA,54.0,LINCOLN,43,734000,0.8,0.77
2002,WEST VIRGINIA,54.0,MASON,53,10108000,-0.07,-0.05
2002,WEST VIRGINIA,54.0,MERCER,55,688000,0.5,0.49
2002,WEST VIRGINIA,54.0,NICHOLAS,67,279000,-0.54,-0.56
2002,WEST VIRGINIA,54.0,PUTNAM,79,5211000,1.1,1.07
2002,WEST VIRGINIA,54.0,RALEIGH,81,435000,-0.43,-0.37
2002,WEST VIRGINIA,54.0,ROANE,87,447000,-0.1,-0.09
2002,WEST VIRGINIA,54.0,WAYNE,99,823000,0.41,0.48
2002,WEST VIRGINIA,54.0,WEBSTER,101,50000,-0.06,-0.03
2002,WEST VIRGINIA,54.0,WIRT,105,2234000,0.49,0.55
2002,WEST VIRGINIA,54.0,WYOMING,109,131000,-0.08,-0.1
2002,WISCONSIN,55.0,ADAMS,1,45080000,0.63,0.67
2002,WISCONSIN,55.0,GREEN LAKE,47,19884000,0.44,0.47
2002,WISCONSIN,55.0,JUNEAU,57,26845000,0.87,0.88
2002,WISCONSIN,55.0,MARQUETTE,77,17717000,1.06,1.04
2002,WISCONSIN,55.0,PORTAGE,97,99097000,-0.36,-0.39
2002,WISCONSIN,55.0,WAUPACA,135,18042000,-0.15,-0.19
2002,WISCONSIN,55.0,WAUSHARA,137,66800000,-0.26,-0.26
2002,WISCONSIN,55.0,WOOD,141,32210000,-0.28,-0.28
2002,WISCONSIN,55.0,BROWN,9,16689000,0.7,0.66
2002,WISCONSIN,55.0,CALUMET,15,14903000,0.51,0.51
2002,WISCONSIN,55.0,DOOR,29,15183000,0.12,0.12
2002,WISCONSIN,55.0,FOND DU LAC,39,41482000,-0.04,-0.04
2002,WISCONSIN,55.0,KEWAUNEE,61,24463000,-0.4,-0.45
2002,WISCONSIN,55.0,MANITOWOC,71,20689000,0.78,0.81
2002,WISCONSIN,55.0,OUTAGAMIE,87,31732000,-0.1,-0.09
2002,WISCONSIN,55.0,SHEBOYGAN,117,21462000,0.82,0.85
2002,WISCONSIN,55.0,WINNEBAGO,139,19460000,1.21,1.22
2002,WISCONSIN,55.0,ASHLAND,3,919000,-0.36,-0.38
2002,WISCONSIN,55.0,CLARK,19,15421000,0.23,0.26
2002,WISCONSIN,55.0,LINCOLN,69,9500000,-0.26,-0.32
2002,WISCONSIN,55.0,MARATHON,73,35144000,1.04,1.04
2002,WISCONSIN,55.0,ONEIDA,85,10343000,0.15,0.13
2002,WISCONSIN,55.0,PRICE,99,4357000,0.41,0.48
2002,WISCONSIN,55.0,TAYLOR,119,6143000,0.76,0.81
2002,WISCONSIN,55.0,VILAS,125,4884000,0.77,0.78
2002,WISCONSIN,55.0,FLORENCE,37,451000,0.22,0.29
2002,WISCONSIN,55.0,FOREST,41,732000,-0.04,-0.03
2002,WISCONSIN,55.0,LANGLADE,67,37451000,-0.54,-0.56
2002,WISCONSIN,55.0,MARINETTE,75,9394000,0.74,0.78
2002,WISCONSIN,55.0,OCONTO,83,15283000,1.17,1.19
2002,WISCONSIN,55.0,SHAWANO,115,13081000,0.79,0.76
2002,WISCONSIN,55.0,BARRON,5,31172000,-0.34,-0.36
2002,WISCONSIN,55.0,BAYFIELD,7,3688000,0.7,0.74
2002,WISCONSIN,55.0,BURNETT,13,4404000,0.5,0.55
2002,WISCONSIN,55.0,CHIPPEWA,17,19624000,-0.06,-0.01
2002,WISCONSIN,55.0,DOUGLAS,31,1584000,-0.23,-0.27
2002,WISCONSIN,55.0,POLK,95,19434000,0.86,0.85
2002,WISCONSIN,55.0,RUSK,107,3018000,0.53,0.57
2002,WISCONSIN,55.0,SAWYER,113,5927000,-0.59,-0.57
2002,WISCONSIN,55.0,WASHBURN,129,5602000,0.21,0.18
2002,WISCONSIN,55.0,COLUMBIA,21,46563000,0.69,0.75
2002,WISCONSIN,55.0,DANE,25,85547000,0.54,0.57
2002,WISCONSIN,55.0,DODGE,27,53678000,0.14,0.13
2002,WISCONSIN,55.0,GREEN,45,27024000,-0.24,-0.3
2002,WISCONSIN,55.0,JEFFERSON,55,64112000,0.5,0.49
2002,WISCONSIN,55.0,ROCK,105,63586000,0.49,0.55
2002,WISCONSIN,55.0,KENOSHA,59,22612000,1.16,1.18
2002,WISCONSIN,55.0,MILWAUKEE,79,8691000,1.1,1.07
2002,WISCONSIN,55.0,OZAUKEE,89,14471000,1.14,1.18
2002,WISCONSIN,55.0,RACINE,101,37275000,-0.06,-0.03
2002,WISCONSIN,55.0,WALWORTH,127,37645000,0.86,0.84
2002,WISCONSIN,55.0,WASHINGTON,131,27835000,0.29,0.33
2002,WISCONSIN,55.0,WAUKESHA,133,23411000,1.08,1.05
2002,WISCONSIN,55.0,CRAWFORD,23,13176000,0.62,0.59
2002,WISCONSIN,55.0,GRANT,43,38768000,0.8,0.77
2002,WISCONSIN,55.0,IOWA,49,29500000,0.26,0.29
2002,WISCONSIN,55.0,LAFAYETTE,65,38271000,0.57,0.6
2002,WISCONSIN,55.0,RICHLAND,103,9583000,0.96,0.97
2002,WISCONSIN,55.0,SAUK,111,25005000,0.05,0.07
2002,WISCONSIN,55.0,VERNON,123,17527000,0.03,0.08
2002,WISCONSIN,55.0,BUFFALO,11,13113000,-0.14,-0.15
2002,WISCONSIN,55.0,DUNN,33,34048000,1.06,1.05
2002,WISCONSIN,55.0,EAU CLAIRE,35,17688000,0.37,0.44
2002,WISCONSIN,55.0,JACKSON,53,31859000,-0.07,-0.05
2002,WISCONSIN,55.0,LA CROSSE,63,9716000,0.7,0.72
2002,WISCONSIN,55.0,MONROE,81,28018000,-0.43,-0.37
2002,WISCONSIN,55.0,PEPIN,91,7250000,0.46,0.48
2002,WISCONSIN,55.0,PIERCE,93,23911000,1.09,1.1
2002,WISCONSIN,55.0,ST CROIX,109,28618000,-0.08,-0.1
2002,WISCONSIN,55.0,TREMPEALEAU,121,21503000,0.55,0.55
2002,WYOMING,56.0,CAMPBELL,5,425000,-0.34,-0.36
2002,WYOMING,56.0,CROOK,11,433000,-0.14,-0.15
2002,WYOMING,56.0,JOHNSON,19,608000,0.23,0.26
2002,WYOMING,56.0,SHERIDAN,33,3819000,1.06,1.05
2002,WYOMING,56.0,WESTON,45,533000,-0.24,-0.3
2002,WYOMING,56.0,BIG HORN,3,15588000,-0.36,-0.38
2002,WYOMING,56.0,FREMONT,13,14938000,0.5,0.55
2002,WYOMING,56.0,HOT SPRINGS,17,1031000,-0.06,-0.01
2002,WYOMING,56.0,PARK,29,24883000,0.12,0.12
2002,WYOMING,56.0,WASHAKIE,43,10730000,0.8,0.77
2002,WYOMING,56.0,ALBANY,1,1936000,0.63,0.67
2002,WYOMING,56.0,CARBON,7,1048000,0.7,0.74
2002,WYOMING,56.0,NATRONA,25,2878000,0.54,0.57
2002,WYOMING,56.0,SWEETWATER,37,687000,0.22,0.29
2002,WYOMING,56.0,CONVERSE,9,1742000,0.7,0.66
2002,WYOMING,56.0,GOSHEN,15,19073000,0.51,0.51
2002,WYOMING,56.0,LARAMIE,21,17600000,0.69,0.75
2002,WYOMING,56.0,NIOBRARA,27,3480000,0.14,0.13
2002,WYOMING,56.0,PLATTE,31,7465000,-0.23,-0.27
2002,WYOMING,56.0,LINCOLN,23,3691000,0.62,0.59
2002,WYOMING,56.0,SUBLETTE,35,3101000,0.37,0.44
2002,WYOMING,56.0,TETON,39,1248000,-0.04,-0.04
2002,WYOMING,56.0,UINTA,41,840000,-0.04,-0.03
1997,ALABAMA,1.0,AUTAUGA,1,7472000,0.58,0.62
1997,ALABAMA,1.0,BULLOCK,11,16305000,0.1,0.08
1997,ALABAMA,1.0,DALLAS,47,15787000,0.35,0.37
1997,ALABAMA,1.0,ELMORE,51,13730000,0.59,0.65
1997,ALABAMA,1.0,GREENE,63,1565000,-0.23,-0.21
1997,ALABAMA,1.0,HALE,65,2140000,-0.24,-0.21
1997,ALABAMA,1.0,LOWNDES,85,5298000,0.7,0.68
1997,ALABAMA,1.0,MACON,87,6954000,0.34,0.35
1997,ALABAMA,1.0,MARENGO,91,2197000,-0.14,-0.12
1997,ALABAMA,1.0,MONTGOMERY,101,9773000,0.65,0.67
1997,ALABAMA,1.0,PERRY,105,2852000,0.12,0.18
1997,ALABAMA,1.0,SUMTER,119,1016000,-0.63,-0.58
1997,ALABAMA,1.0,BALDWIN,3,49524000,0.0,-0.01
1997,ALABAMA,1.0,BUTLER,13,3338000,0.11,0.16
1997,ALABAMA,1.0,CHOCTAW,23,598000,-0.43,-0.46
1997,ALABAMA,1.0,CLARKE,25,702000,-0.07,-0.03
1997,ALABAMA,1.0,CONECUH,35,2289000,0.24,0.31
1997,ALABAMA,1.0,ESCAMBIA,53,15516000,0.27,0.28
1997,ALABAMA,1.0,MOBILE,97,53609000,-0.1,-0.12
1997,ALABAMA,1.0,MONROE,99,18221000,0.18,0.25
1997,ALABAMA,1.0,WASHINGTON,129,2335000,-0.37,-0.41
1997,ALABAMA,1.0,WILCOX,131,2577000,0.22,0.25
1997,ALABAMA,1.0,BLOUNT,9,5674000,0.24,0.19
1997,ALABAMA,1.0,CALHOUN,15,6903000,0.44,0.44
1997,ALABAMA,1.0,CHEROKEE,19,24103000,0.26,0.29
1997,ALABAMA,1.0,CLEBURNE,29,1696000,0.5,0.51
1997,ALABAMA,1.0,CULLMAN,43,9636000,0.26,0.24
1997,ALABAMA,1.0,DE KALB,49,11507000,0.27,0.3
1997,ALABAMA,1.0,ETOWAH,55,3533000,0.15,0.14
1997,ALABAMA,1.0,JACKSON,71,14004000,0.46,0.5
1997,ALABAMA,1.0,MARSHALL,95,5290000,0.07,0.06
1997,ALABAMA,1.0,SAINT CLAIR,115,6950000,0.38,0.35
1997,ALABAMA,1.0,COLBERT,33,12107000,0.25,0.24
1997,ALABAMA,1.0,FRANKLIN,59,1163000,0.2,0.21
1997,ALABAMA,1.0,LAUDERDALE,77,14612000,0.56,0.54
1997,ALABAMA,1.0,LAWRENCE,79,15213000,0.34,0.32
1997,ALABAMA,1.0,LIMESTONE,83,23940000,0.58,0.6
1997,ALABAMA,1.0,MADISON,89,18430000,0.54,0.58
1997,ALABAMA,1.0,MARION,93,1919000,0.46,0.47
1997,ALABAMA,1.0,MORGAN,103,6223000,0.32,0.32
1997,ALABAMA,1.0,WINSTON,133,343000,0.2,0.17
1997,ALABAMA,1.0,BIBB,7,266000,0.16,0.2
1997,ALABAMA,1.0,CHAMBERS,17,1281000,-0.35,-0.3
1997,ALABAMA,1.0,CHILTON,21,6360000,0.23,0.28
1997,ALABAMA,1.0,CLAY,27,535000,0.29,0.28
1997,ALABAMA,1.0,COOSA,37,284000,0.11,0.17
1997,ALABAMA,1.0,FAYETTE,57,2020000,0.45,0.46
1997,ALABAMA,1.0,JEFFERSON,73,3394000,0.49,0.49
1997,ALABAMA,1.0,LAMAR,75,1153000,0.35,0.4
1997,ALABAMA,1.0,LEE,81,17252000,-0.18,-0.13
1997,ALABAMA,1.0,PICKENS,107,2895000,0.14,0.17
1997,ALABAMA,1.0,RANDOLPH,111,727000,0.03,0.06
1997,ALABAMA,1.0,SHELBY,117,7746000,0.34,0.36
1997,ALABAMA,1.0,TALLADEGA,121,6266000,0.32,0.32
1997,ALABAMA,1.0,TALLAPOOSA,123,1362000,-0.12,-0.07
1997,ALABAMA,1.0,TUSCALOOSA,125,6493000,0.21,0.22
1997,ALABAMA,1.0,WALKER,127,903000,0.41,0.39
1997,ALABAMA,1.0,BARBOUR,5,12920000,0.19,0.18
1997,ALABAMA,1.0,COFFEE,31,18427000,-0.06,-0.1
1997,ALABAMA,1.0,COVINGTON,39,20261000,-0.07,-0.06
1997,ALABAMA,1.0,CRENSHAW,41,4947000,-0.02,-0.01
1997,ALABAMA,1.0,DALE,45,12002000,0.55,0.48
1997,ALABAMA,1.0,GENEVA,61,28704000,0.35,0.29
1997,ALABAMA,1.0,HENRY,67,24034000,0.68,0.65
1997,ALABAMA,1.0,HOUSTON,69,39794000,0.93,0.87
1997,ALABAMA,1.0,PIKE,109,13326000,0.12,0.09
1997,ALABAMA,1.0,RUSSELL,113,5791000,-0.09,-0.07
1997,ARIZONA,4.0,APACHE,1,271000,0.58,0.62
1997,ARIZONA,4.0,COCONINO,5,432000,0.19,0.18
1997,ARIZONA,4.0,GILA,7,104000,0.16,0.2
1997,ARIZONA,4.0,MOHAVE,15,10228000,0.44,0.44
1997,ARIZONA,4.0,NAVAJO,17,1192000,-0.35,-0.3
1997,ARIZONA,4.0,YAVAPAI,25,3095000,-0.07,-0.03
1997,ARIZONA,4.0,COCHISE,3,42914000,0.0,-0.01
1997,ARIZONA,4.0,GRAHAM,9,52380000,0.24,0.19
1997,ARIZONA,4.0,GREENLEE,11,1482000,0.1,0.08
1997,ARIZONA,4.0,LAPAZ,12,105340000,-1.22,-1.33
1997,ARIZONA,4.0,MARICOPA,13,392609000,0.11,0.16
1997,ARIZONA,4.0,PIMA,19,39275000,0.26,0.29
1997,ARIZONA,4.0,PINAL,21,199592000,0.23,0.28
1997,ARKANSAS,5.0,CONWAY,29,5655000,0.5,0.51
1997,ARKANSAS,5.0,FAULKNER,45,5855000,0.55,0.48
1997,ARKANSAS,5.0,GARLAND,51,1610000,0.59,0.65
1997,ARKANSAS,5.0,GRANT,53,160000,0.27,0.28
1997,ARKANSAS,5.0,HOT SPRING,59,997000,0.2,0.21
1997,ARKANSAS,5.0,PERRY,105,5249000,0.12,0.18
1997,ARKANSAS,5.0,PULASKI,119,14149000,-0.63,-0.58
1997,ARKANSAS,5.0,SALINE,125,1655000,0.21,0.22
1997,ARKANSAS,5.0,ARKANSAS,1,142797000,0.58,0.62
1997,ARKANSAS,5.0,CRITTENDEN,35,85419000,0.24,0.31
1997,ARKANSAS,5.0,CROSS,37,102478000,0.11,0.17
1997,ARKANSAS,5.0,LEE,77,79557000,0.56,0.54
1997,ARKANSAS,5.0,LONOKE,85,100450000,0.7,0.68
1997,ARKANSAS,5.0,MONROE,95,62131000,0.07,0.06
1997,ARKANSAS,5.0,PHILLIPS,107,114133000,0.14,0.17
1997,ARKANSAS,5.0,PRAIRIE,117,84976000,0.34,0.36
1997,ARKANSAS,5.0,SAINT FRANCIS,123,66787000,-0.12,-0.07
1997,ARKANSAS,5.0,WOODRUFF,147,72786000,-0.01,-0.01
1997,ARKANSAS,5.0,BAXTER,5,258000,0.19,0.18
1997,ARKANSAS,5.0,CLEBURNE,23,698000,-0.43,-0.46
1997,ARKANSAS,5.0,FULTON,49,656000,0.27,0.3
1997,ARKANSAS,5.0,IZARD,65,447000,-0.24,-0.21
1997,ARKANSAS,5.0,MARION,89,346000,0.54,0.58
1997,ARKANSAS,5.0,SEARCY,129,348000,-0.37,-0.41
1997,ARKANSAS,5.0,SHARP,135,849000,0.1,0.06
1997,ARKANSAS,5.0,STONE,137,734000,0.08,0.08
1997,ARKANSAS,5.0,VAN BUREN,141,629000,0.16,0.16
1997,ARKANSAS,5.0,CLAY,21,88085000,0.23,0.28
1997,ARKANSAS,5.0,CRAIGHEAD,31,125059000,-0.06,-0.1
1997,ARKANSAS,5.0,GREENE,55,61087000,0.15,0.14
1997,ARKANSAS,5.0,INDEPENDENCE,63,13345000,-0.23,-0.21
1997,ARKANSAS,5.0,JACKSON,67,79009000,0.68,0.65
1997,ARKANSAS,5.0,LAWRENCE,75,65089000,0.35,0.4
1997,ARKANSAS,5.0,MISSISSIPPI,93,170539000,0.46,0.47
1997,ARKANSAS,5.0,POINSETT,111,141009000,0.03,0.06
1997,ARKANSAS,5.0,RANDOLPH,121,28754000,0.32,0.32
1997,ARKANSAS,5.0,WHITE,145,31448000,0.06,0.11
1997,ARKANSAS,5.0,BENTON,7,4710000,0.16,0.2
1997,ARKANSAS,5.0,BOONE,9,771000,0.24,0.19
1997,ARKANSAS,5.0,CARROLL,15,804000,0.44,0.44
1997,ARKANSAS,5.0,MADISON,87,850000,0.34,0.35
1997,ARKANSAS,5.0,NEWTON,101,231000,0.65,0.67
1997,ARKANSAS,5.0,WASHINGTON,143,4096000,0.39,0.39
1997,ARKANSAS,5.0,BRADLEY,11,3595000,0.1,0.08
1997,ARKANSAS,5.0,CALHOUN,13,225000,0.11,0.16
1997,ARKANSAS,5.0,CLARK,19,2894000,0.26,0.29
1997,ARKANSAS,5.0,CLEVELAND,25,156000,-0.07,-0.03
1997,ARKANSAS,5.0,COLUMBIA,27,3285000,0.29,0.28
1997,ARKANSAS,5.0,DALLAS,39,651000,-0.07,-0.06
1997,ARKANSAS,5.0,NEVADA,99,451000,0.18,0.25
1997,ARKANSAS,5.0,OUACHITA,103,535000,0.32,0.32
1997,ARKANSAS,5.0,UNION,139,247000,0.54,0.55
1997,ARKANSAS,5.0,ASHLEY,3,54801000,0.0,-0.01
1997,ARKANSAS,5.0,CHICOT,17,77349000,-0.35,-0.3
1997,ARKANSAS,5.0,DESHA,41,97171000,-0.02,-0.01
1997,ARKANSAS,5.0,DREW,43,29127000,0.26,0.24
1997,ARKANSAS,5.0,JEFFERSON,69,82844000,0.93,0.87
1997,ARKANSAS,5.0,LINCOLN,79,53075000,0.34,0.32
1997,ARKANSAS,5.0,HEMPSTEAD,57,1716000,0.45,0.46
1997,ARKANSAS,5.0,HOWARD,61,591000,0.35,0.29
1997,ARKANSAS,5.0,LAFAYETTE,73,9501000,0.49,0.49
1997,ARKANSAS,5.0,LITTLE RIVER,81,6614000,-0.18,-0.13
1997,ARKANSAS,5.0,MILLER,91,11481000,-0.14,-0.12
1997,ARKANSAS,5.0,MONTGOMERY,97,423000,-0.1,-0.12
1997,ARKANSAS,5.0,PIKE,109,606000,0.12,0.09
1997,ARKANSAS,5.0,SEVIER,133,475000,0.2,0.17
1997,ARKANSAS,5.0,CRAWFORD,33,10568000,0.25,0.24
1997,ARKANSAS,5.0,FRANKLIN,47,1838000,0.35,0.37
1997,ARKANSAS,5.0,JOHNSON,71,3094000,0.46,0.5
1997,ARKANSAS,5.0,LOGAN,83,3030000,0.58,0.6
1997,ARKANSAS,5.0,POLK,113,317000,-0.09,-0.07
1997,ARKANSAS,5.0,POPE,115,2897000,0.38,0.35
1997,ARKANSAS,5.0,SCOTT,127,437000,0.41,0.39
1997,ARKANSAS,5.0,SEBASTIAN,131,1794000,0.22,0.25
1997,ARKANSAS,5.0,YELL,149,3953000,0.92,0.92
1997,CALIFORNIA,6.0,ALAMEDA,1,30142000,0.58,0.62
1997,CALIFORNIA,6.0,CONTRA COSTA,13,52733000,0.11,0.16
1997,CALIFORNIA,6.0,LAKE,33,38230000,0.25,0.24
1997,CALIFORNIA,6.0,MARIN,41,3611000,-0.02,-0.01
1997,CALIFORNIA,6.0,MONTEREY,53,1723207000,0.27,0.28
1997,CALIFORNIA,6.0,NAPA,55,225474000,0.15,0.14
1997,CALIFORNIA,6.0,SAN BENITO,69,137222000,0.93,0.87
1997,CALIFORNIA,6.0,SAN FRANCISCO,75,1280000,0.35,0.4
1997,CALIFORNIA,6.0,SAN LUIS OBISPO,79,288059000,0.34,0.32
1997,CALIFORNIA,6.0,SAN MATEO,81,139028000,-0.18,-0.13
1997,CALIFORNIA,6.0,SANTA CLARA,85,174381000,0.7,0.68
1997,CALIFORNIA,6.0,SANTA CRUZ,87,240199000,0.34,0.35
1997,CALIFORNIA,6.0,SONOMA,97,315915000,-0.1,-0.12
1997,CALIFORNIA,6.0,LASSEN,35,14875000,0.24,0.31
1997,CALIFORNIA,6.0,MODOC,49,41183000,0.27,0.3
1997,CALIFORNIA,6.0,PLUMAS,63,16385000,-0.23,-0.21
1997,CALIFORNIA,6.0,DEL NORTE,15,10841000,0.44,0.44
1997,CALIFORNIA,6.0,HUMBOLDT,23,25919000,-0.43,-0.46
1997,CALIFORNIA,6.0,MENDOCINO,45,101741000,0.55,0.48
1997,CALIFORNIA,6.0,BUTTE,7,286751000,0.16,0.2
1997,CALIFORNIA,6.0,COLUSA,11,278118000,0.1,0.08
1997,CALIFORNIA,6.0,GLENN,21,182321000,0.23,0.28
1997,CALIFORNIA,6.0,SACRAMENTO,67,139077000,0.68,0.65
1997,CALIFORNIA,6.0,SOLANO,95,136517000,0.07,0.06
1997,CALIFORNIA,6.0,SUTTER,101,280008000,0.65,0.67
1997,CALIFORNIA,6.0,TEHAMA,103,69612000,0.32,0.32
1997,CALIFORNIA,6.0,YOLO,113,337279000,-0.09,-0.07
1997,CALIFORNIA,6.0,YUBA,115,95297000,0.38,0.35
1997,CALIFORNIA,6.0,FRESNO,19,2116158000,0.26,0.29
1997,CALIFORNIA,6.0,KERN,29,1793995000,0.5,0.51
1997,CALIFORNIA,6.0,KINGS,31,371638000,-0.06,-0.1
1997,CALIFORNIA,6.0,MADERA,39,507727000,-0.07,-0.06
1997,CALIFORNIA,6.0,MERCED,47,588034000,0.35,0.37
1997,CALIFORNIA,6.0,SAN JOAQUIN,77,873238000,0.56,0.54
1997,CALIFORNIA,6.0,STANISLAUS,99,565638000,0.18,0.25
1997,CALIFORNIA,6.0,TULARE,107,1138721000,0.14,0.17
1997,CALIFORNIA,6.0,AMADOR,5,9154000,0.19,0.18
1997,CALIFORNIA,6.0,CALAVERAS,9,1777000,0.24,0.19
1997,CALIFORNIA,6.0,EL DORADO,17,9845000,-0.35,-0.3
1997,CALIFORNIA,6.0,INYO,27,1118000,0.29,0.28
1997,CALIFORNIA,6.0,MARIPOSA,43,365000,0.26,0.24
1997,CALIFORNIA,6.0,MONO,51,3317000,0.59,0.65
1997,CALIFORNIA,6.0,NEVADA,57,1936000,0.45,0.46
1997,CALIFORNIA,6.0,PLACER,61,25375000,0.35,0.29
1997,CALIFORNIA,6.0,SIERRA,91,406000,-0.14,-0.12
1997,CALIFORNIA,6.0,TUOLUMNE,109,1239000,0.12,0.09
1997,CALIFORNIA,6.0,SHASTA,89,18816000,0.54,0.58
1997,CALIFORNIA,6.0,SISKIYOU,93,54848000,0.46,0.47
1997,CALIFORNIA,6.0,IMPERIAL,25,593936000,-0.07,-0.03
1997,CALIFORNIA,6.0,LOS ANGELES,37,227688000,0.11,0.17
1997,CALIFORNIA,6.0,ORANGE,59,226947000,0.2,0.21
1997,CALIFORNIA,6.0,RIVERSIDE,65,580578000,-0.24,-0.21
1997,CALIFORNIA,6.0,SAN BERNARDINO,71,76516000,0.46,0.5
1997,CALIFORNIA,6.0,SAN DIEGO,73,558865000,0.49,0.49
1997,CALIFORNIA,6.0,SANTA BARBARA,83,630208000,0.58,0.6
1997,CALIFORNIA,6.0,VENTURA,111,837801000,0.03,0.06
1997,COLORADO,8.0,ADAMS,1,71761000,0.58,0.62
1997,COLORADO,8.0,ARAPAHOE,5,15234000,0.19,0.18
1997,COLORADO,8.0,CHEYENNE,17,21682000,-0.35,-0.3
1997,COLORADO,8.0,DENVER,31,2166000,-0.06,-0.1
1997,COLORADO,8.0,DOUGLAS,35,9632000,0.24,0.31
1997,COLORADO,8.0,EL PASO,41,12542000,-0.02,-0.01
1997,COLORADO,8.0,ELBERT,39,4677000,-0.07,-0.06
1997,COLORADO,8.0,KIOWA,61,19974000,0.35,0.29
1997,COLORADO,8.0,KIT CARSON,63,73464000,-0.23,-0.21
1997,COLORADO,8.0,LINCOLN,73,15771000,0.49,0.49
1997,COLORADO,8.0,PHILLIPS,95,55708000,0.07,0.06
1997,COLORADO,8.0,WASHINGTON,121,54450000,0.32,0.32
1997,COLORADO,8.0,YUMA,125,120563000,0.21,0.22
1997,COLORADO,8.0,BOULDER,13,27854000,0.11,0.16
1997,COLORADO,8.0,JEFFERSON,59,17451000,0.2,0.21
1997,COLORADO,8.0,LARIMER,69,38156000,0.93,0.87
1997,COLORADO,8.0,LOGAN,75,49393000,0.35,0.4
1997,COLORADO,8.0,MORGAN,87,78502000,0.34,0.35
1997,COLORADO,8.0,SEDGWICK,115,26836000,0.38,0.35
1997,COLORADO,8.0,WELD,123,212640000,-0.12,-0.07
1997,COLORADO,8.0,CHAFFEE,15,1958000,0.44,0.44
1997,COLORADO,8.0,EAGLE,37,702000,0.11,0.17
1997,COLORADO,8.0,GRAND,49,1572000,0.27,0.3
1997,COLORADO,8.0,GUNNISON,51,922000,0.59,0.65
1997,COLORADO,8.0,JACKSON,57,2668000,0.45,0.46
1997,COLORADO,8.0,LAKE,65,21000,-0.24,-0.21
1997,COLORADO,8.0,MOFFAT,81,3215000,-0.18,-0.13
1997,COLORADO,8.0,PARK,93,746000,0.46,0.47
1997,COLORADO,8.0,PITKIN,97,542000,-0.1,-0.12
1997,COLORADO,8.0,RIO BLANCO,103,1215000,0.32,0.32
1997,COLORADO,8.0,ROUTT,107,3460000,0.14,0.17
1997,COLORADO,8.0,SUMMIT,117,789000,0.34,0.36
1997,COLORADO,8.0,TELLER,119,276000,-0.63,-0.58
1997,COLORADO,8.0,ALAMOSA,3,51298000,0.0,-0.01
1997,COLORADO,8.0,CONEJOS,21,13358000,0.23,0.28
1997,COLORADO,8.0,COSTILLA,23,13081000,-0.43,-0.46
1997,COLORADO,8.0,RIO GRANDE,105,67084000,0.12,0.18
1997,COLORADO,8.0,SAGUACHE,109,40394000,0.12,0.09
1997,COLORADO,8.0,BACA,9,28333000,0.24,0.19
1997,COLORADO,8.0,BENT,11,12230000,0.1,0.08
1997,COLORADO,8.0,CROWLEY,25,4632000,-0.07,-0.03
1997,COLORADO,8.0,CUSTER,27,1822000,0.29,0.28
1997,COLORADO,8.0,FREMONT,43,3517000,0.26,0.24
1997,COLORADO,8.0,HUERFANO,55,865000,0.15,0.14
1997,COLORADO,8.0,LAS ANIMAS,71,2019000,0.46,0.5
1997,COLORADO,8.0,OTERO,89,20803000,0.54,0.58
1997,COLORADO,8.0,PROWERS,99,42670000,0.18,0.25
1997,COLORADO,8.0,PUEBLO,101,14199000,0.65,0.67
1997,COLORADO,8.0,ARCHULETA,7,400000,0.16,0.2
1997,COLORADO,8.0,DELTA,29,14947000,0.5,0.51
1997,COLORADO,8.0,DOLORES,33,5132000,0.25,0.24
1997,COLORADO,8.0,GARFIELD,45,9161000,0.55,0.48
1997,COLORADO,8.0,LA PLATA,67,4968000,0.68,0.65
1997,COLORADO,8.0,MESA,77,20113000,0.56,0.54
1997,COLORADO,8.0,MONTEZUMA,83,12679000,0.58,0.6
1997,COLORADO,8.0,MONTROSE,85,19470000,0.7,0.68
1997,COLORADO,8.0,OURAY,91,577000,-0.14,-0.12
1997,COLORADO,8.0,SAN MIGUEL,113,456000,-0.09,-0.07
1997,CONNECTICUT,9.0,FAIRFIELD,1,12253000,0.58,0.62
1997,CONNECTICUT,9.0,HARTFORD,3,104241000,0.0,-0.01
1997,CONNECTICUT,9.0,LITCHFIELD,5,12131000,0.19,0.18
1997,CONNECTICUT,9.0,MIDDLESEX,7,31763000,0.16,0.2
1997,CONNECTICUT,9.0,NEW HAVEN,9,40187000,0.24,0.19
1997,CONNECTICUT,9.0,NEW LONDON,11,55671000,0.1,0.08
1997,CONNECTICUT,9.0,TOLLAND,13,11227000,0.11,0.16
1997,CONNECTICUT,9.0,WINDHAM,15,6575000,0.44,0.44
1997,DELAWARE,10.0,KENT,1,62822000,0.58,0.62
1997,DELAWARE,10.0,NEW CASTLE,3,26209000,0.0,-0.01
1997,DELAWARE,10.0,SUSSEX,5,87326000,0.19,0.18
1997,FLORIDA,12.0,ALACHUA,1,32057000,0.58,0.62
1997,FLORIDA,12.0,BRADFORD,7,1220000,0.16,0.2
1997,FLORIDA,12.0,CITRUS,17,3676000,-0.35,-0.3
1997,FLORIDA,12.0,CLAY,19,3258000,0.26,0.29
1997,FLORIDA,12.0,FLAGLER,35,26612000,0.24,0.31
1997,FLORIDA,12.0,GILCHRIST,41,7955000,-0.02,-0.01
1997,FLORIDA,12.0,HERNANDO,53,6604000,0.27,0.28
1997,FLORIDA,12.0,HILLSBOROUGH,57,271477000,0.45,0.46
1997,FLORIDA,12.0,LAKE,69,146094000,0.93,0.87
1997,FLORIDA,12.0,LEVY,75,16790000,0.35,0.4
1997,FLORIDA,12.0,MARION,83,23556000,0.58,0.6
1997,FLORIDA,12.0,ORANGE,95,246694000,0.07,0.06
1997,FLORIDA,12.0,OSCEOLA,97,61032000,-0.1,-0.12
1997,FLORIDA,12.0,PASCO,101,31536000,0.65,0.67
1997,FLORIDA,12.0,PINELLAS,103,12193000,0.32,0.32
1997,FLORIDA,12.0,POLK,105,206324000,0.12,0.18
1997,FLORIDA,12.0,PUTNAM,107,31071000,0.14,0.17
1997,FLORIDA,12.0,SEMINOLE,117,18714000,0.34,0.36
1997,FLORIDA,12.0,ST. JOHNS,109,44130000,0.12,0.09
1997,FLORIDA,12.0,SUMTER,119,9757000,-0.63,-0.58
1997,FLORIDA,12.0,UNION,125,3971000,0.21,0.22
1997,FLORIDA,12.0,VOLUSIA,127,115935000,0.41,0.39
1997,FLORIDA,12.0,BAKER,3,9769000,0.0,-0.01
1997,FLORIDA,12.0,COLUMBIA,23,10235000,-0.43,-0.46
1997,FLORIDA,12.0,DIXIE,29,1596000,0.5,0.51
1997,FLORIDA,12.0,DUVAL,31,9935000,-0.06,-0.1
1997,FLORIDA,12.0,HAMILTON,47,6744000,0.35,0.37
1997,FLORIDA,12.0,LAFAYETTE,67,5901000,0.68,0.65
1997,FLORIDA,12.0,MADISON,79,12032000,0.34,0.32
1997,FLORIDA,12.0,NASSAU,89,620000,0.54,0.58
1997,FLORIDA,12.0,SUWANNEE,121,40348000,0.32,0.32
1997,FLORIDA,12.0,TAYLOR,123,868000,-0.12,-0.07
1997,FLORIDA,12.0,BAY,5,2488000,0.19,0.18
1997,FLORIDA,12.0,CALHOUN,13,14591000,0.11,0.16
1997,FLORIDA,12.0,ESCAMBIA,33,9510000,0.25,0.24
1997,FLORIDA,12.0,FRANKLIN,37,150000,0.11,0.17
1997,FLORIDA,12.0,GADSDEN,39,85659000,-0.07,-0.06
1997,FLORIDA,12.0,GULF,45,57000,0.55,0.48
1997,FLORIDA,12.0,HOLMES,59,5034000,0.2,0.21
1997,FLORIDA,12.0,JACKSON,63,37668000,-0.23,-0.21
1997,FLORIDA,12.0,JEFFERSON,65,14332000,-0.24,-0.21
1997,FLORIDA,12.0,LEON,73,1431000,0.49,0.49
1997,FLORIDA,12.0,LIBERTY,77,32000,0.56,0.54
1997,FLORIDA,12.0,OKALOOSA,91,5379000,-0.14,-0.12
1997,FLORIDA,12.0,SANTA ROSA,113,27147000,-0.09,-0.07
1997,FLORIDA,12.0,WAKULLA,129,510000,-0.37,-0.41
1997,FLORIDA,12.0,WALTON,131,4752000,0.22,0.25
1997,FLORIDA,12.0,WASHINGTON,133,3790000,0.2,0.17
1997,FLORIDA,12.0,BREVARD,9,33135000,0.24,0.19
1997,FLORIDA,12.0,BROWARD,11,42808000,0.1,0.08
1997,FLORIDA,12.0,CHARLOTTE,15,44959000,0.44,0.44
1997,FLORIDA,12.0,COLLIER,21,267939000,0.23,0.28
1997,FLORIDA,12.0,DE SOTO,27,159253000,0.29,0.28
1997,FLORIDA,12.0,GLADES,43,37861000,0.26,0.24
1997,FLORIDA,12.0,HARDEE,49,118320000,0.27,0.3
1997,FLORIDA,12.0,HENDRY,51,309122000,0.59,0.65
1997,FLORIDA,12.0,HIGHLANDS,55,167903000,0.15,0.14
1997,FLORIDA,12.0,INDIAN RIVER,61,90977000,0.35,0.29
1997,FLORIDA,12.0,LEE,71,115127000,0.46,0.5
1997,FLORIDA,12.0,MANATEE,81,220509000,-0.18,-0.13
1997,FLORIDA,12.0,MARTIN,85,117557000,0.7,0.68
1997,FLORIDA,12.0,MIAMI-DADE,86,411910000,-0.16,-0.27
1997,FLORIDA,12.0,MONROE,87,12000,0.34,0.35
1997,FLORIDA,12.0,OKEECHOBEE,93,33058000,0.46,0.47
1997,FLORIDA,12.0,PALM BEACH,99,870719000,0.18,0.25
1997,FLORIDA,12.0,SARASOTA,115,17565000,0.38,0.35
1997,FLORIDA,12.0,ST. LUCIE,111,163449000,0.03,0.06
1997,GEORGIA,13.0,BALDWIN,9,231000,0.24,0.19
1997,GEORGIA,13.0,BIBB,21,1131000,0.23,0.28
1997,GEORGIA,13.0,BLECKLEY,23,10572000,-0.43,-0.46
1997,GEORGIA,13.0,BUTTS,35,655000,0.24,0.31
1997,GEORGIA,13.0,CRAWFORD,79,9475000,0.34,0.32
1997,GEORGIA,13.0,DODGE,91,16034000,-0.14,-0.12
1997,GEORGIA,13.0,HANCOCK,141,162000,0.16,0.16
1997,GEORGIA,13.0,HOUSTON,153,16276000,-0.42,-0.49
1997,GEORGIA,13.0,JASPER,159,497000,0.06,-0.04
1997,GEORGIA,13.0,JOHNSON,167,4717000,-0.05,-0.17
1997,GEORGIA,13.0,JONES,169,564000,-0.15,-0.22
1997,GEORGIA,13.0,LAURENS,175,19010000,0.0,-0.1
1997,GEORGIA,13.0,MONROE,207,468000,-0.17,-0.2
1997,GEORGIA,13.0,MONTGOMERY,209,6324000,-0.02,-0.07
1997,GEORGIA,13.0,MORGAN,211,2383000,0.01,-0.12
1997,GEORGIA,13.0,NEWTON,217,979000,0.06,-0.03
1997,GEORGIA,13.0,PEACH,225,25664000,-0.33,-0.4
1997,GEORGIA,13.0,PULASKI,235,23263000,-0.45,-0.5
1997,GEORGIA,13.0,PUTNAM,237,330000,0.12,-0.02
1997,GEORGIA,13.0,ROCKDALE,247,600000,-0.06,-0.11
1997,GEORGIA,13.0,TALIAFERRO,265,82000,0.17,0.06
1997,GEORGIA,13.0,TREUTLEN,283,2871000,-0.05,-0.14
1997,GEORGIA,13.0,TWIGGS,289,2825000,-0.35,-0.42
1997,GEORGIA,13.0,WASHINGTON,303,8432000,-0.11,-0.22
1997,GEORGIA,13.0,WHEELER,309,8117000,0.05,-0.0
1997,GEORGIA,13.0,WILKINSON,319,612000,-0.15,-0.23
1997,GEORGIA,13.0,BULLOCH,31,63134000,-0.06,-0.1
1997,GEORGIA,13.0,BURKE,33,33399000,0.25,0.24
1997,GEORGIA,13.0,CANDLER,43,13736000,0.26,0.24
1997,GEORGIA,13.0,COLUMBIA,73,1255000,0.49,0.49
1997,GEORGIA,13.0,EFFINGHAM,103,5740000,0.32,0.32
1997,GEORGIA,13.0,EMANUEL,107,18167000,0.14,0.17
1997,GEORGIA,13.0,GLASCOCK,125,454000,0.21,0.22
1997,GEORGIA,13.0,JEFFERSON,163,18223000,-0.34,-0.44
1997,GEORGIA,13.0,JENKINS,165,10583000,-0.57,-0.65
1997,GEORGIA,13.0,RICHMOND,245,2615000,-0.16,-0.21
1997,GEORGIA,13.0,SCREVEN,251,28136000,-0.6,-0.66
1997,GEORGIA,13.0,WARREN,301,447000,0.0,-0.1
1997,GEORGIA,13.0,BARROW,13,644000,0.11,0.16
1997,GEORGIA,13.0,CHEROKEE,57,5890000,0.45,0.46
1997,GEORGIA,13.0,CLARKE,59,3177000,0.2,0.21
1997,GEORGIA,13.0,COBB,67,3352000,0.68,0.65
1997,GEORGIA,13.0,DAWSON,85,705000,0.7,0.68
1997,GEORGIA,13.0,DE KALB,89,987000,0.54,0.58
1997,GEORGIA,13.0,FANNIN,111,1392000,0.03,0.06
1997,GEORGIA,13.0,FORSYTH,117,5694000,0.34,0.36
1997,GEORGIA,13.0,FULTON,121,2968000,0.32,0.32
1997,GEORGIA,13.0,GILMER,123,1341000,-0.12,-0.07
1997,GEORGIA,13.0,GWINNETT,135,5497000,0.1,0.06
1997,GEORGIA,13.0,HALL,139,1303000,0.54,0.55
1997,GEORGIA,13.0,JACKSON,157,2572000,-0.36,-0.37
1997,GEORGIA,13.0,LUMPKIN,187,1196000,0.08,0.1
1997,GEORGIA,13.0,OCONEE,219,6396000,-0.2,-0.26
1997,GEORGIA,13.0,PICKENS,227,166000,-0.01,0.02
1997,GEORGIA,13.0,TOWNS,281,155000,0.57,0.56
1997,GEORGIA,13.0,WALTON,297,7742000,-0.13,-0.2
1997,GEORGIA,13.0,WHITE,311,924000,0.28,0.31
1997,GEORGIA,13.0,BANKS,11,2671000,0.1,0.08
1997,GEORGIA,13.0,ELBERT,105,2408000,0.12,0.18
1997,GEORGIA,13.0,FRANKLIN,119,1389000,-0.63,-0.58
1997,GEORGIA,13.0,HABERSHAM,137,1028000,0.08,0.08
1997,GEORGIA,13.0,HART,147,2163000,-0.01,-0.01
1997,GEORGIA,13.0,LINCOLN,181,81000,0.26,0.16
1997,GEORGIA,13.0,MADISON,195,2047000,-0.3,-0.33
1997,GEORGIA,13.0,OGLETHORPE,221,1381000,-0.14,-0.21
1997,GEORGIA,13.0,RABUN,241,2700000,0.24,0.24
1997,GEORGIA,13.0,STEPHENS,257,522000,0.07,0.08
1997,GEORGIA,13.0,WILKES,317,896000,0.22,0.14
1997,GEORGIA,13.0,BARTOW,15,5067000,0.44,0.44
1997,GEORGIA,13.0,CATOOSA,47,2050000,0.35,0.37
1997,GEORGIA,13.0,CHATTOOGA,55,867000,0.15,0.14
1997,GEORGIA,13.0,DADE,83,96000,0.58,0.6
1997,GEORGIA,13.0,FLOYD,115,3015000,0.38,0.35
1997,GEORGIA,13.0,GORDON,129,4184000,-0.37,-0.41
1997,GEORGIA,13.0,MURRAY,213,1514000,0.65,0.67
1997,GEORGIA,13.0,PAULDING,223,713000,0.23,0.25
1997,GEORGIA,13.0,POLK,233,1826000,0.31,0.34
1997,GEORGIA,13.0,WALKER,295,1270000,0.17,0.21
1997,GEORGIA,13.0,WHITFIELD,313,1193000,0.39,0.44
1997,GEORGIA,13.0,ATKINSON,3,16253000,0.0,-0.01
1997,GEORGIA,13.0,BEN HILL,17,12593000,-0.35,-0.3
1997,GEORGIA,13.0,BERRIEN,19,32396000,0.26,0.29
1997,GEORGIA,13.0,BROOKS,27,46718000,0.29,0.28
1997,GEORGIA,13.0,CLINCH,65,2161000,-0.24,-0.21
1997,GEORGIA,13.0,COFFEE,69,59826000,0.93,0.87
1997,GEORGIA,13.0,COLQUITT,71,99166000,0.46,0.5
1997,GEORGIA,13.0,COOK,75,45935000,0.35,0.4
1997,GEORGIA,13.0,CRISP,81,33027000,-0.18,-0.13
1997,GEORGIA,13.0,DOOLY,93,47791000,0.46,0.47
1997,GEORGIA,13.0,ECHOLS,101,4954000,0.65,0.67
1997,GEORGIA,13.0,IRWIN,155,37113000,-0.51,-0.55
1997,GEORGIA,13.0,JEFF DAVIS,161,17316000,-0.1,-0.15
1997,GEORGIA,13.0,LANIER,173,6890000,0.19,0.14
1997,GEORGIA,13.0,LOWNDES,185,20868000,0.0,-0.05
1997,GEORGIA,13.0,TELFAIR,271,7960000,-0.32,-0.37
1997,GEORGIA,13.0,TIFT,277,51859000,-0.57,-0.6
1997,GEORGIA,13.0,TURNER,287,28360000,-0.49,-0.55
1997,GEORGIA,13.0,WILCOX,315,27247000,-0.44,-0.5
1997,GEORGIA,13.0,WORTH,321,59032000,-0.28,-0.34
1997,GEORGIA,13.0,APPLING,1,27326000,0.58,0.62
1997,GEORGIA,13.0,BACON,5,10859000,0.19,0.18
1997,GEORGIA,13.0,BRANTLEY,25,2800000,-0.07,-0.03
1997,GEORGIA,13.0,BRYAN,29,2130000,0.5,0.51
1997,GEORGIA,13.0,CAMDEN,39,614000,-0.07,-0.06
1997,GEORGIA,13.0,CHARLTON,49,801000,0.27,0.3
1997,GEORGIA,13.0,CHATHAM,51,2903000,0.59,0.65
1997,GEORGIA,13.0,EVANS,109,8502000,0.12,0.09
1997,GEORGIA,13.0,GLYNN,127,213000,0.41,0.39
1997,GEORGIA,13.0,LIBERTY,179,717000,-0.56,-0.58
1997,GEORGIA,13.0,LONG,183,829000,-0.54,-0.54
1997,GEORGIA,13.0,MCINTOSH,191,76000,-0.33,-0.3
1997,GEORGIA,13.0,PIERCE,229,20994000,-0.42,-0.42
1997,GEORGIA,13.0,TATTNALL,267,64450000,-0.65,-0.7
1997,GEORGIA,13.0,TOOMBS,279,26006000,-0.34,-0.39
1997,GEORGIA,13.0,WARE,299,10322000,-0.13,-0.12
1997,GEORGIA,13.0,WAYNE,305,15793000,-0.65,-0.62
1997,GEORGIA,13.0,BAKER,7,27069000,0.16,0.2
1997,GEORGIA,13.0,CALHOUN,37,28509000,0.11,0.17
1997,GEORGIA,13.0,CLAY,61,8402000,0.35,0.29
1997,GEORGIA,13.0,DECATUR,87,66736000,0.34,0.35
1997,GEORGIA,13.0,DOUGHERTY,95,24578000,0.07,0.06
1997,GEORGIA,13.0,EARLY,99,42988000,0.18,0.25
1997,GEORGIA,13.0,GRADY,131,54739000,0.22,0.25
1997,GEORGIA,13.0,LEE,177,31506000,0.11,0.04
1997,GEORGIA,13.0,MILLER,201,32269000,0.48,0.45
1997,GEORGIA,13.0,MITCHELL,205,73536000,0.11,0.05
1997,GEORGIA,13.0,QUITMAN,239,1332000,0.2,0.18
1997,GEORGIA,13.0,RANDOLPH,243,17502000,0.34,0.32
1997,GEORGIA,13.0,SEMINOLE,253,37363000,0.42,0.37
1997,GEORGIA,13.0,STEWART,259,3699000,0.12,0.12
1997,GEORGIA,13.0,SUMTER,261,76792000,0.14,0.08
1997,GEORGIA,13.0,TERRELL,273,26729000,0.4,0.35
1997,GEORGIA,13.0,THOMAS,275,36921000,0.12,0.06
1997,GEORGIA,13.0,WEBSTER,307,8430000,0.2,0.18
1997,GEORGIA,13.0,CARROLL,45,3234000,0.55,0.48
1997,GEORGIA,13.0,CLAYTON,63,376000,-0.23,-0.21
1997,GEORGIA,13.0,COWETA,77,4399000,0.56,0.54
1997,GEORGIA,13.0,DOUGLAS,97,561000,-0.1,-0.12
1997,GEORGIA,13.0,FAYETTE,113,2606000,-0.09,-0.07
1997,GEORGIA,13.0,HARALSON,143,513000,0.39,0.39
1997,GEORGIA,13.0,HARRIS,145,1658000,0.06,0.11
1997,GEORGIA,13.0,HEARD,149,161000,0.92,0.92
1997,GEORGIA,13.0,HENRY,151,4912000,-0.24,-0.27
1997,GEORGIA,13.0,LAMAR,171,2874000,-0.25,-0.28
1997,GEORGIA,13.0,MACON,193,24626000,-0.01,-0.08
1997,GEORGIA,13.0,MARION,197,3455000,-0.2,-0.22
1997,GEORGIA,13.0,MERIWETHER,199,2111000,-0.61,-0.6
1997,GEORGIA,13.0,MUSCOGEE,215,140000,-0.3,-0.24
1997,GEORGIA,13.0,PIKE,231,2350000,-0.43,-0.45
1997,GEORGIA,13.0,SCHLEY,249,2902000,0.04,-0.03
1997,GEORGIA,13.0,SPALDING,255,1073000,-0.35,-0.36
1997,GEORGIA,13.0,TALBOT,263,195000,-0.46,-0.44
1997,GEORGIA,13.0,TAYLOR,269,7632000,-0.26,-0.32
1997,GEORGIA,13.0,TROUP,285,1063000,-0.51,-0.5
1997,GEORGIA,13.0,UPSON,293,934000,-0.29,-0.33
1997,HAWAII,15.0,HAWAII,1,129018000,0.58,0.62
1997,HAWAII,15.0,KAUAI,7,52832000,0.16,0.2
1997,HAWAII,15.0,MAUI & KALAWAO,9,116084000,0.24,0.19
1997,HAWAII,15.0,HONOLULU,3,103477000,0.0,-0.01
1997,IDAHO,16.0,BANNOCK,5,16020000,0.19,0.18
1997,IDAHO,16.0,BEAR LAKE,7,3331000,0.16,0.2
1997,IDAHO,16.0,BINGHAM,11,172042000,0.1,0.08
1997,IDAHO,16.0,BONNEVILLE,19,74185000,0.26,0.29
1997,IDAHO,16.0,BUTTE,23,16311000,-0.43,-0.46
1997,IDAHO,16.0,CARIBOU,29,30163000,0.5,0.51
1997,IDAHO,16.0,CLARK,33,24643000,0.25,0.24
1997,IDAHO,16.0,CUSTER,37,3553000,0.11,0.17
1997,IDAHO,16.0,FRANKLIN,41,11530000,-0.02,-0.01
1997,IDAHO,16.0,FREMONT,43,70185000,0.26,0.24
1997,IDAHO,16.0,JEFFERSON,51,85937000,0.59,0.65
1997,IDAHO,16.0,LEMHI,59,1625000,0.2,0.21
1997,IDAHO,16.0,MADISON,65,73773000,-0.24,-0.21
1997,IDAHO,16.0,ONEIDA,71,9300000,0.46,0.5
1997,IDAHO,16.0,POWER,77,88740000,0.56,0.54
1997,IDAHO,16.0,TETON,81,17298000,-0.18,-0.13
1997,IDAHO,16.0,BENEWAH,9,11736000,0.24,0.19
1997,IDAHO,16.0,BONNER,17,4549000,-0.35,-0.3
1997,IDAHO,16.0,BOUNDARY,21,12461000,0.23,0.28
1997,IDAHO,16.0,CLEARWATER,35,4072000,0.24,0.31
1997,IDAHO,16.0,IDAHO,49,19723000,0.27,0.3
1997,IDAHO,16.0,KOOTENAI,55,11916000,0.15,0.14
1997,IDAHO,16.0,LATAH,57,37281000,0.45,0.46
1997,IDAHO,16.0,LEWIS,61,19609000,0.35,0.29
1997,IDAHO,16.0,NEZ PERCE,69,35091000,0.93,0.87
1997,IDAHO,16.0,BLAINE,13,12970000,0.11,0.16
1997,IDAHO,16.0,CAMAS,25,7038000,-0.07,-0.03
1997,IDAHO,16.0,CASSIA,31,142482000,-0.06,-0.1
1997,IDAHO,16.0,GOODING,47,53249000,0.35,0.37
1997,IDAHO,16.0,JEROME,53,84852000,0.27,0.28
1997,IDAHO,16.0,LINCOLN,63,26932000,-0.23,-0.21
1997,IDAHO,16.0,MINIDOKA,67,116104000,0.68,0.65
1997,IDAHO,16.0,TWIN FALLS,83,137588000,0.58,0.6
1997,IDAHO,16.0,ADA,1,37507000,0.58,0.62
1997,IDAHO,16.0,ADAMS,3,1143000,0.0,-0.01
1997,IDAHO,16.0,BOISE,15,1157000,0.44,0.44
1997,IDAHO,16.0,CANYON,27,163869000,0.29,0.28
1997,IDAHO,16.0,GEM,45,11889000,0.55,0.48
1997,IDAHO,16.0,OWYHEE,73,47947000,0.49,0.49
1997,IDAHO,16.0,PAYETTE,75,28430000,0.35,0.4
1997,IDAHO,16.0,VALLEY,85,1307000,0.7,0.68
1997,IDAHO,16.0,WASHINGTON,87,23882000,0.34,0.35
1997,ILLINOIS,17.0,DE WITT,39,64959000,-0.07,-0.06
1997,ILLINOIS,17.0,LOGAN,107,112139000,0.14,0.17
1997,ILLINOIS,17.0,MACON,115,102085000,0.38,0.35
1997,ILLINOIS,17.0,MARSHALL,123,60722000,-0.12,-0.07
1997,ILLINOIS,17.0,MASON,125,75696000,0.21,0.22
1997,ILLINOIS,17.0,MCLEAN,113,213691000,-0.09,-0.07
1997,ILLINOIS,17.0,MENARD,129,42957000,-0.37,-0.41
1997,ILLINOIS,17.0,PEORIA,143,67160000,0.39,0.39
1997,ILLINOIS,17.0,STARK,175,55649000,0.0,-0.1
1997,ILLINOIS,17.0,TAZEWELL,179,93885000,-0.56,-0.58
1997,ILLINOIS,17.0,WOODFORD,203,84962000,-0.23,-0.23
1997,ILLINOIS,17.0,CHAMPAIGN,19,183201000,0.26,0.29
1997,ILLINOIS,17.0,FORD,53,89235000,0.27,0.28
1997,ILLINOIS,17.0,IROQUOIS,75,194052000,0.35,0.4
1997,ILLINOIS,17.0,KANKAKEE,91,119447000,-0.14,-0.12
1997,ILLINOIS,17.0,LIVINGSTON,105,166254000,0.12,0.18
1997,ILLINOIS,17.0,PIATT,147,78760000,-0.01,-0.01
1997,ILLINOIS,17.0,VERMILION,183,134503000,-0.54,-0.54
1997,ILLINOIS,17.0,CLARK,23,54855000,-0.43,-0.46
1997,ILLINOIS,17.0,CLAY,25,43298000,-0.07,-0.03
1997,ILLINOIS,17.0,COLES,29,68225000,0.5,0.51
1997,ILLINOIS,17.0,CRAWFORD,33,42378000,0.25,0.24
1997,ILLINOIS,17.0,CUMBERLAND,35,36121000,0.24,0.31
1997,ILLINOIS,17.0,DOUGLAS,41,71915000,-0.02,-0.01
1997,ILLINOIS,17.0,EDGAR,45,89955000,0.55,0.48
1997,ILLINOIS,17.0,EFFINGHAM,49,45959000,0.27,0.3
1997,ILLINOIS,17.0,FAYETTE,51,60995000,0.59,0.65
1997,ILLINOIS,17.0,JASPER,79,53139000,0.34,0.32
1997,ILLINOIS,17.0,LAWRENCE,101,36500000,0.65,0.67
1997,ILLINOIS,17.0,MARION,121,35807000,0.32,0.32
1997,ILLINOIS,17.0,MOULTRIE,139,48958000,0.54,0.55
1997,ILLINOIS,17.0,RICHLAND,159,38943000,0.06,-0.04
1997,ILLINOIS,17.0,SHELBY,173,87887000,0.19,0.14
1997,ILLINOIS,17.0,BOONE,7,40666000,0.16,0.2
1997,ILLINOIS,17.0,COOK,31,20812000,-0.06,-0.1
1997,ILLINOIS,17.0,DE KALB,37,114852000,0.11,0.17
1997,ILLINOIS,17.0,DU PAGE,43,17069000,0.26,0.24
1997,ILLINOIS,17.0,GRUNDY,63,55985000,-0.23,-0.21
1997,ILLINOIS,17.0,KANE,89,105063000,0.54,0.58
1997,ILLINOIS,17.0,KENDALL,93,50949000,0.46,0.47
1997,ILLINOIS,17.0,LA SALLE,99,167337000,0.18,0.25
1997,ILLINOIS,17.0,LAKE,97,28124000,-0.1,-0.12
1997,ILLINOIS,17.0,MCHENRY,111,79106000,0.03,0.06
1997,ILLINOIS,17.0,WILL,197,99717000,-0.2,-0.22
1997,ILLINOIS,17.0,BUREAU,11,165770000,0.1,0.08
1997,ILLINOIS,17.0,CARROLL,15,62496000,0.44,0.44
1997,ILLINOIS,17.0,HENRY,73,103961000,0.49,0.49
1997,ILLINOIS,17.0,JO DAVIESS,85,28313000,0.7,0.68
1997,ILLINOIS,17.0,LEE,103,113583000,0.32,0.32
1997,ILLINOIS,17.0,MERCER,131,70721000,0.22,0.25
1997,ILLINOIS,17.0,OGLE,141,99298000,0.16,0.16
1997,ILLINOIS,17.0,PUTNAM,155,37755000,-0.51,-0.55
1997,ILLINOIS,17.0,ROCK ISLAND,161,36823000,-0.1,-0.15
1997,ILLINOIS,17.0,STEPHENSON,177,60042000,0.11,0.04
1997,ILLINOIS,17.0,WHITESIDE,195,102474000,-0.3,-0.33
1997,ILLINOIS,17.0,WINNEBAGO,201,50173000,0.48,0.45
1997,ILLINOIS,17.0,EDWARDS,47,18466000,0.35,0.37
1997,ILLINOIS,17.0,FRANKLIN,55,24712000,0.15,0.14
1997,ILLINOIS,17.0,GALLATIN,59,42555000,0.2,0.21
1997,ILLINOIS,17.0,HAMILTON,65,36447000,-0.24,-0.21
1997,ILLINOIS,17.0,HARDIN,69,1089000,0.93,0.87
1997,ILLINOIS,17.0,JEFFERSON,81,28113000,-0.18,-0.13
1997,ILLINOIS,17.0,MASSAC,127,13762000,0.41,0.39
1997,ILLINOIS,17.0,POPE,151,2892000,-0.24,-0.27
1997,ILLINOIS,17.0,SALINE,165,21151000,-0.57,-0.65
1997,ILLINOIS,17.0,WABASH,185,28522000,0.0,-0.05
1997,ILLINOIS,17.0,WAYNE,191,49663000,-0.33,-0.3
1997,ILLINOIS,17.0,WHITE,193,53395000,-0.01,-0.08
1997,ILLINOIS,17.0,ALEXANDER,3,12662000,0.0,-0.01
1997,ILLINOIS,17.0,CLINTON,27,41253000,0.29,0.28
1997,ILLINOIS,17.0,JACKSON,77,28048000,0.56,0.54
1997,ILLINOIS,17.0,JOHNSON,87,5999000,0.34,0.35
1997,ILLINOIS,17.0,MONROE,133,32606000,0.2,0.17
1997,ILLINOIS,17.0,PERRY,145,23404000,0.06,0.11
1997,ILLINOIS,17.0,PULASKI,153,13018000,-0.42,-0.49
1997,ILLINOIS,17.0,RANDOLPH,157,35637000,-0.36,-0.37
1997,ILLINOIS,17.0,ST CLAIR,163,63634000,-0.34,-0.44
1997,ILLINOIS,17.0,UNION,181,16083000,0.26,0.16
1997,ILLINOIS,17.0,WASHINGTON,189,55510000,0.09,-0.01
1997,ILLINOIS,17.0,WILLIAMSON,199,7974000,-0.61,-0.6
1997,ILLINOIS,17.0,ADAMS,1,73704000,0.58,0.62
1997,ILLINOIS,17.0,BROWN,9,21412000,0.24,0.19
1997,ILLINOIS,17.0,FULTON,57,80275000,0.45,0.46
1997,ILLINOIS,17.0,HANCOCK,67,94582000,0.68,0.65
1997,ILLINOIS,17.0,HENDERSON,71,49903000,0.46,0.5
1997,ILLINOIS,17.0,KNOX,95,91150000,0.07,0.06
1997,ILLINOIS,17.0,MCDONOUGH,109,83230000,0.12,0.09
1997,ILLINOIS,17.0,SCHUYLER,169,31160000,-0.15,-0.22
1997,ILLINOIS,17.0,WARREN,187,84586000,0.08,0.1
1997,ILLINOIS,17.0,BOND,5,33579000,0.19,0.18
1997,ILLINOIS,17.0,CALHOUN,13,12735000,0.11,0.16
1997,ILLINOIS,17.0,CASS,17,40973000,-0.35,-0.3
1997,ILLINOIS,17.0,CHRISTIAN,21,115388000,0.23,0.28
1997,ILLINOIS,17.0,GREENE,61,65805000,0.35,0.29
1997,ILLINOIS,17.0,JERSEY,83,31949000,0.58,0.6
1997,ILLINOIS,17.0,MACOUPIN,117,87347000,0.34,0.36
1997,ILLINOIS,17.0,MADISON,119,68451000,-0.63,-0.58
1997,ILLINOIS,17.0,MONTGOMERY,135,85372000,0.1,0.06
1997,ILLINOIS,17.0,MORGAN,137,75344000,0.08,0.08
1997,ILLINOIS,17.0,PIKE,149,80053000,0.92,0.92
1997,ILLINOIS,17.0,SANGAMON,167,144691000,-0.05,-0.17
1997,ILLINOIS,17.0,SCOTT,171,29156000,-0.25,-0.28
1997,INDIANA,18.0,BARTHOLOMEW,5,38942000,0.19,0.18
1997,INDIANA,18.0,BOONE,11,60374000,0.1,0.08
1997,INDIANA,18.0,CLINTON,23,64812000,-0.43,-0.46
1997,INDIANA,18.0,DECATUR,31,44481000,-0.06,-0.1
1997,INDIANA,18.0,GRANT,53,52996000,0.27,0.28
1997,INDIANA,18.0,HAMILTON,57,53136000,0.45,0.46
1997,INDIANA,18.0,HANCOCK,59,45336000,0.2,0.21
1997,INDIANA,18.0,HENDRICKS,63,41683000,-0.23,-0.21
1997,INDIANA,18.0,HOWARD,67,44204000,0.68,0.65
1997,INDIANA,18.0,JOHNSON,81,37960000,-0.18,-0.13
1997,INDIANA,18.0,MADISON,95,70430000,0.07,0.06
1997,INDIANA,18.0,MARION,97,20180000,-0.1,-0.12
1997,INDIANA,18.0,MORGAN,109,28213000,0.12,0.09
1997,INDIANA,18.0,RUSH,139,57094000,0.54,0.55
1997,INDIANA,18.0,SHELBY,145,53704000,0.06,0.11
1997,INDIANA,18.0,TIPTON,159,53587000,0.06,-0.04
1997,INDIANA,18.0,BLACKFORD,9,18112000,0.24,0.19
1997,INDIANA,18.0,DELAWARE,35,45111000,0.24,0.31
1997,INDIANA,18.0,FAYETTE,41,17367000,-0.02,-0.01
1997,INDIANA,18.0,HENRY,65,43231000,-0.24,-0.21
1997,INDIANA,18.0,JAY,75,35005000,0.35,0.4
1997,INDIANA,18.0,RANDOLPH,135,47526000,0.1,0.06
1997,INDIANA,18.0,UNION,161,18348000,-0.1,-0.15
1997,INDIANA,18.0,WAYNE,177,33208000,0.11,0.04
1997,INDIANA,18.0,CARROLL,15,61847000,0.44,0.44
1997,INDIANA,18.0,CASS,17,54620000,-0.35,-0.3
1997,INDIANA,18.0,ELKHART,39,36718000,-0.07,-0.06
1997,INDIANA,18.0,FULTON,49,39958000,0.27,0.3
1997,INDIANA,18.0,KOSCIUSKO,85,49646000,0.7,0.68
1997,INDIANA,18.0,MARSHALL,99,44462000,0.18,0.25
1997,INDIANA,18.0,MIAMI,103,44177000,0.32,0.32
1997,INDIANA,18.0,ST. JOSEPH,141,40987000,0.16,0.16
1997,INDIANA,18.0,WABASH,169,41974000,-0.15,-0.22
1997,INDIANA,18.0,ADAMS,1,46602000,0.58,0.62
1997,INDIANA,18.0,ALLEN,3,64447000,0.0,-0.01
1997,INDIANA,18.0,DE KALB,33,25550000,0.25,0.24
1997,INDIANA,18.0,HUNTINGTON,69,44557000,0.93,0.87
1997,INDIANA,18.0,LAGRANGE,87,37511000,0.34,0.35
1997,INDIANA,18.0,NOBLE,113,30939000,-0.09,-0.07
1997,INDIANA,18.0,STEUBEN,151,17087000,-0.24,-0.27
1997,INDIANA,18.0,WELLS,179,51078000,-0.56,-0.58
1997,INDIANA,18.0,WHITLEY,183,30707000,-0.54,-0.54
1997,INDIANA,18.0,BENTON,7,76887000,0.16,0.2
1997,INDIANA,18.0,JASPER,73,74486000,0.49,0.49
1997,INDIANA,18.0,LA PORTE,91,68862000,-0.14,-0.12
1997,INDIANA,18.0,LAKE,89,44047000,0.54,0.58
1997,INDIANA,18.0,NEWTON,111,58682000,0.03,0.06
1997,INDIANA,18.0,PORTER,127,36991000,0.41,0.39
1997,INDIANA,18.0,PULASKI,131,61276000,0.22,0.25
1997,INDIANA,18.0,STARKE,149,31985000,0.92,0.92
1997,INDIANA,18.0,WHITE,181,74654000,0.26,0.16
1997,INDIANA,18.0,BROWN,13,1216000,0.11,0.16
1997,INDIANA,18.0,CRAWFORD,25,1135000,-0.07,-0.03
1997,INDIANA,18.0,FLOYD,43,2954000,0.26,0.24
1997,INDIANA,18.0,HARRISON,61,14278000,0.35,0.29
1997,INDIANA,18.0,JACKSON,71,33505000,0.46,0.5
1997,INDIANA,18.0,LAWRENCE,93,10439000,0.46,0.47
1997,INDIANA,18.0,MONROE,105,5535000,0.12,0.18
1997,INDIANA,18.0,ORANGE,117,9623000,0.34,0.36
1997,INDIANA,18.0,PERRY,123,3680000,-0.12,-0.07
1997,INDIANA,18.0,WASHINGTON,175,16560000,0.0,-0.1
1997,INDIANA,18.0,CLARK,19,16279000,0.26,0.29
1997,INDIANA,18.0,DEARBORN,29,5574000,0.5,0.51
1997,INDIANA,18.0,FRANKLIN,47,15521000,0.35,0.37
1997,INDIANA,18.0,JEFFERSON,77,18256000,0.56,0.54
1997,INDIANA,18.0,JENNINGS,79,19787000,0.34,0.32
1997,INDIANA,18.0,OHIO,115,2922000,0.38,0.35
1997,INDIANA,18.0,RIPLEY,137,29178000,0.08,0.08
1997,INDIANA,18.0,SCOTT,143,7885000,0.39,0.39
1997,INDIANA,18.0,SWITZERLAND,155,9666000,-0.51,-0.55
1997,INDIANA,18.0,DAVIESS,27,40307000,0.29,0.28
1997,INDIANA,18.0,DUBOIS,37,22560000,0.11,0.17
1997,INDIANA,18.0,GIBSON,51,56957000,0.59,0.65
1997,INDIANA,18.0,GREENE,55,23162000,0.15,0.14
1997,INDIANA,18.0,KNOX,83,73757000,0.58,0.6
1997,INDIANA,18.0,MARTIN,101,6218000,0.65,0.67
1997,INDIANA,18.0,PIKE,125,13920000,0.21,0.22
1997,INDIANA,18.0,POSEY,129,50709000,-0.37,-0.41
1997,INDIANA,18.0,SPENCER,147,29282000,-0.01,-0.01
1997,INDIANA,18.0,SULLIVAN,153,39028000,-0.42,-0.49
1997,INDIANA,18.0,VANDERBURGH,163,19164000,-0.34,-0.44
1997,INDIANA,18.0,WARRICK,173,19245000,0.19,0.14
1997,INDIANA,18.0,CLAY,21,30726000,0.23,0.28
1997,INDIANA,18.0,FOUNTAIN,45,41890000,0.55,0.48
1997,INDIANA,18.0,MONTGOMERY,107,62470000,0.14,0.17
1997,INDIANA,18.0,OWEN,119,10043000,-0.63,-0.58
1997,INDIANA,18.0,PARKE,121,35119000,0.32,0.32
1997,INDIANA,18.0,PUTNAM,133,34275000,0.2,0.17
1997,INDIANA,18.0,TIPPECANOE,157,62250000,-0.36,-0.37
1997,INDIANA,18.0,VERMILLION,165,22518000,-0.57,-0.65
1997,INDIANA,18.0,VIGO,167,22565000,-0.05,-0.17
1997,INDIANA,18.0,WARREN,171,41383000,-0.25,-0.28
1997,IOWA,19.0,BOONE,15,89051000,0.44,0.44
1997,IOWA,19.0,DALLAS,49,80404000,0.27,0.3
1997,IOWA,19.0,GRUNDY,75,94697000,0.35,0.4
1997,IOWA,19.0,HAMILTON,79,98597000,0.34,0.32
1997,IOWA,19.0,HARDIN,83,89013000,0.58,0.6
1997,IOWA,19.0,JASPER,99,90770000,0.18,0.25
1997,IOWA,19.0,MARSHALL,127,81561000,0.41,0.39
1997,IOWA,19.0,POLK,153,64386000,-0.42,-0.49
1997,IOWA,19.0,POWESHIEK,157,65747000,-0.36,-0.37
1997,IOWA,19.0,STORY,169,97527000,-0.15,-0.22
1997,IOWA,19.0,TAMA,171,88725000,-0.25,-0.28
1997,IOWA,19.0,WEBSTER,187,117450000,0.08,0.1
1997,IOWA,19.0,BENTON,11,106407000,0.1,0.08
1997,IOWA,19.0,CEDAR,31,82241000,-0.06,-0.1
1997,IOWA,19.0,CLINTON,45,89326000,0.55,0.48
1997,IOWA,19.0,IOWA,95,54549000,0.07,0.06
1997,IOWA,19.0,JACKSON,97,27833000,-0.1,-0.12
1997,IOWA,19.0,JOHNSON,103,51538000,0.32,0.32
1997,IOWA,19.0,JONES,105,62530000,0.12,0.18
1997,IOWA,19.0,LINN,113,77083000,-0.09,-0.07
1997,IOWA,19.0,MUSCATINE,139,49226000,0.54,0.55
1997,IOWA,19.0,SCOTT,163,63587000,-0.34,-0.44
1997,IOWA,19.0,BUTLER,23,75774000,-0.43,-0.46
1997,IOWA,19.0,CERRO GORDO,33,84370000,0.25,0.24
1997,IOWA,19.0,FLOYD,67,78906000,0.68,0.65
1997,IOWA,19.0,FRANKLIN,69,89037000,0.93,0.87
1997,IOWA,19.0,HANCOCK,81,89380000,-0.18,-0.13
1997,IOWA,19.0,HUMBOLDT,91,75274000,-0.14,-0.12
1997,IOWA,19.0,KOSSUTH,109,159129000,0.12,0.09
1997,IOWA,19.0,MITCHELL,131,62995000,0.22,0.25
1997,IOWA,19.0,WINNEBAGO,189,66937000,0.09,-0.01
1997,IOWA,19.0,WORTH,195,59828000,-0.3,-0.33
1997,IOWA,19.0,WRIGHT,197,99999000,-0.2,-0.22
1997,IOWA,19.0,ALLAMAKEE,5,22530000,0.19,0.18
1997,IOWA,19.0,BLACK HAWK,13,79024000,0.11,0.16
1997,IOWA,19.0,BREMER,17,57502000,-0.35,-0.3
1997,IOWA,19.0,BUCHANAN,19,81430000,0.26,0.29
1997,IOWA,19.0,CHICKASAW,37,58542000,0.11,0.17
1997,IOWA,19.0,CLAYTON,43,54687000,0.26,0.24
1997,IOWA,19.0,DELAWARE,55,51800000,0.15,0.14
1997,IOWA,19.0,DUBUQUE,61,31134000,0.35,0.29
1997,IOWA,19.0,FAYETTE,65,79576000,-0.24,-0.21
1997,IOWA,19.0,HOWARD,89,56229000,0.54,0.58
1997,IOWA,19.0,WINNESHIEK,191,43765000,-0.33,-0.3
1997,IOWA,19.0,BUENA VISTA,21,93945000,0.23,0.28
1997,IOWA,19.0,CHEROKEE,35,72811000,0.24,0.31
1997,IOWA,19.0,CLAY,41,69211000,-0.02,-0.01
1997,IOWA,19.0,DICKINSON,59,43083000,0.2,0.21
1997,IOWA,19.0,EMMET,63,56305000,-0.23,-0.21
1997,IOWA,19.0,LYON,119,72118000,-0.63,-0.58
1997,IOWA,19.0,O BRIEN,141,92076000,0.16,0.16
1997,IOWA,19.0,OSCEOLA,143,57875000,0.39,0.39
1997,IOWA,19.0,PALO ALTO,147,84539000,-0.01,-0.01
1997,IOWA,19.0,PLYMOUTH,149,101904000,0.92,0.92
1997,IOWA,19.0,POCAHONTAS,151,103754000,-0.24,-0.27
1997,IOWA,19.0,SIOUX,167,111854000,-0.05,-0.17
1997,IOWA,19.0,APPANOOSE,7,16498000,0.16,0.2
1997,IOWA,19.0,CLARKE,39,13040000,-0.07,-0.06
1997,IOWA,19.0,DECATUR,53,14686000,0.27,0.28
1997,IOWA,19.0,LUCAS,117,13789000,0.34,0.36
1997,IOWA,19.0,MADISON,121,36431000,0.32,0.32
1997,IOWA,19.0,MARION,125,45349000,0.21,0.22
1997,IOWA,19.0,MONROE,135,15364000,0.1,0.06
1997,IOWA,19.0,RINGGOLD,159,19271000,0.06,-0.04
1997,IOWA,19.0,UNION,175,20934000,0.0,-0.1
1997,IOWA,19.0,WARREN,181,40654000,0.26,0.16
1997,IOWA,19.0,WAYNE,185,22165000,0.0,-0.05
1997,IOWA,19.0,DAVIS,51,18845000,0.59,0.65
1997,IOWA,19.0,DES MOINES,57,44641000,0.45,0.46
1997,IOWA,19.0,HENRY,87,46833000,0.34,0.35
1997,IOWA,19.0,JEFFERSON,101,35948000,0.65,0.67
1997,IOWA,19.0,KEOKUK,107,52345000,0.14,0.17
1997,IOWA,19.0,LEE,111,43200000,0.03,0.06
1997,IOWA,19.0,LOUISA,115,43565000,0.38,0.35
1997,IOWA,19.0,MAHASKA,123,60422000,-0.12,-0.07
1997,IOWA,19.0,VAN BUREN,177,25159000,0.11,0.04
1997,IOWA,19.0,WAPELLO,179,30086000,-0.56,-0.58
1997,IOWA,19.0,WASHINGTON,183,58668000,-0.54,-0.54
1997,IOWA,19.0,ADAIR,1,44688000,0.58,0.62
1997,IOWA,19.0,ADAMS,3,26077000,0.0,-0.01
1997,IOWA,19.0,CASS,29,54634000,0.5,0.51
1997,IOWA,19.0,FREMONT,71,68237000,0.46,0.5
1997,IOWA,19.0,MILLS,129,53290000,-0.37,-0.41
1997,IOWA,19.0,MONTGOMERY,137,48360000,0.08,0.08
1997,IOWA,19.0,PAGE,145,53598000,0.06,0.11
1997,IOWA,19.0,POTTAWATTAMIE,155,129415000,-0.51,-0.55
1997,IOWA,19.0,TAYLOR,173,30989000,0.19,0.14
1997,IOWA,19.0,AUDUBON,9,54714000,0.24,0.19
1997,IOWA,19.0,CALHOUN,25,91871000,-0.07,-0.03
1997,IOWA,19.0,CARROLL,27,79261000,0.29,0.28
1997,IOWA,19.0,CRAWFORD,47,82646000,0.35,0.37
1997,IOWA,19.0,GREENE,73,89999000,0.49,0.49
1997,IOWA,19.0,GUTHRIE,77,45656000,0.56,0.54
1997,IOWA,19.0,HARRISON,85,86465000,0.7,0.68
1997,IOWA,19.0,IDA,93,57524000,0.46,0.47
1997,IOWA,19.0,MONONA,133,70783000,0.2,0.17
1997,IOWA,19.0,SAC,161,84908000,-0.1,-0.15
1997,IOWA,19.0,SHELBY,165,78218000,-0.57,-0.65
1997,IOWA,19.0,WOODBURY,193,92880000,-0.01,-0.08
1997,KANSAS,20.0,BARTON,9,54218000,0.24,0.19
1997,KANSAS,20.0,DICKINSON,41,44296000,-0.02,-0.01
1997,KANSAS,20.0,ELLIS,51,15668000,0.59,0.65
1997,KANSAS,20.0,ELLSWORTH,53,19206000,0.27,0.28
1997,KANSAS,20.0,LINCOLN,105,23472000,0.12,0.18
1997,KANSAS,20.0,MARION,115,37590000,0.38,0.35
1997,KANSAS,20.0,MCPHERSON,113,68830000,-0.09,-0.07
1997,KANSAS,20.0,RICE,159,47411000,0.06,-0.04
1997,KANSAS,20.0,RUSH,165,22447000,-0.57,-0.65
1997,KANSAS,20.0,RUSSELL,167,16342000,-0.05,-0.17
1997,KANSAS,20.0,SALINE,169,40446000,-0.15,-0.22
1997,KANSAS,20.0,ANDERSON,3,28915000,0.0,-0.01
1997,KANSAS,20.0,CHASE,17,7292000,-0.35,-0.3
1997,KANSAS,20.0,COFFEY,31,21963000,-0.06,-0.1
1997,KANSAS,20.0,DOUGLAS,45,21095000,0.55,0.48
1997,KANSAS,20.0,FRANKLIN,59,23262000,0.2,0.21
1997,KANSAS,20.0,GEARY,61,6711000,0.35,0.29
1997,KANSAS,20.0,JOHNSON,91,14532000,-0.14,-0.12
1997,KANSAS,20.0,LINN,107,13691000,0.14,0.17
1997,KANSAS,20.0,LYON,111,23007000,0.03,0.06
1997,KANSAS,20.0,MIAMI,121,17709000,0.32,0.32
1997,KANSAS,20.0,MORRIS,127,16665000,0.41,0.39
1997,KANSAS,20.0,OSAGE,139,22766000,0.54,0.55
1997,KANSAS,20.0,SHAWNEE,177,20787000,0.11,0.04
1997,KANSAS,20.0,WABAUNSEE,197,12117000,-0.2,-0.22
1997,KANSAS,20.0,CLAY,27,31097000,0.29,0.28
1997,KANSAS,20.0,CLOUD,29,34212000,0.5,0.51
1997,KANSAS,20.0,JEWELL,89,32730000,0.54,0.58
1997,KANSAS,20.0,MITCHELL,123,46996000,-0.12,-0.07
1997,KANSAS,20.0,OSBORNE,141,25105000,0.16,0.16
1997,KANSAS,20.0,OTTAWA,143,32786000,0.39,0.39
1997,KANSAS,20.0,PHILLIPS,147,22148000,-0.01,-0.01
1997,KANSAS,20.0,REPUBLIC,157,43494000,-0.36,-0.37
1997,KANSAS,20.0,ROOKS,163,19983000,-0.34,-0.44
1997,KANSAS,20.0,SMITH,183,29127000,-0.54,-0.54
1997,KANSAS,20.0,WASHINGTON,201,34665000,0.48,0.45
1997,KANSAS,20.0,ATCHISON,5,22748000,0.19,0.18
1997,KANSAS,20.0,BROWN,13,44878000,0.11,0.16
1997,KANSAS,20.0,DONIPHAN,43,37236000,0.26,0.24
1997,KANSAS,20.0,JACKSON,85,12760000,0.7,0.68
1997,KANSAS,20.0,JEFFERSON,87,18359000,0.34,0.35
1997,KANSAS,20.0,LEAVENWORTH,103,27770000,0.32,0.32
1997,KANSAS,20.0,MARSHALL,117,40989000,0.34,0.36
1997,KANSAS,20.0,NEMAHA,131,31268000,0.22,0.25
1997,KANSAS,20.0,POTTAWATOMIE,149,16530000,0.92,0.92
1997,KANSAS,20.0,RILEY,161,13671000,-0.1,-0.15
1997,KANSAS,20.0,WYANDOTTE,209,3167000,-0.02,-0.07
1997,KANSAS,20.0,CHEYENNE,23,29188000,-0.43,-0.46
1997,KANSAS,20.0,DECATUR,39,25306000,-0.07,-0.06
1997,KANSAS,20.0,GRAHAM,65,18434000,-0.24,-0.21
1997,KANSAS,20.0,NORTON,137,20464000,0.08,0.08
1997,KANSAS,20.0,RAWLINS,153,25819000,-0.42,-0.49
1997,KANSAS,20.0,SHERIDAN,179,44158000,-0.56,-0.58
1997,KANSAS,20.0,SHERMAN,181,53810000,0.26,0.16
1997,KANSAS,20.0,THOMAS,193,63689000,-0.01,-0.08
1997,KANSAS,20.0,BARBER,7,20954000,0.16,0.2
1997,KANSAS,20.0,COMANCHE,33,13677000,0.25,0.24
1997,KANSAS,20.0,EDWARDS,47,41086000,0.35,0.37
1997,KANSAS,20.0,HARPER,77,52875000,0.56,0.54
1997,KANSAS,20.0,HARVEY,79,43966000,0.34,0.32
1997,KANSAS,20.0,KINGMAN,95,47066000,0.07,0.06
1997,KANSAS,20.0,KIOWA,97,28001000,-0.1,-0.12
1997,KANSAS,20.0,PAWNEE,145,42419000,0.06,0.11
1997,KANSAS,20.0,PRATT,151,54481000,-0.24,-0.27
1997,KANSAS,20.0,RENO,155,66963000,-0.51,-0.55
1997,KANSAS,20.0,SEDGWICK,173,71529000,0.19,0.14
1997,KANSAS,20.0,STAFFORD,185,47687000,0.0,-0.05
1997,KANSAS,20.0,SUMNER,191,108172000,-0.33,-0.3
1997,KANSAS,20.0,ALLEN,1,21106000,0.58,0.62
1997,KANSAS,20.0,BOURBON,11,11679000,0.1,0.08
1997,KANSAS,20.0,BUTLER,15,28875000,0.44,0.44
1997,KANSAS,20.0,CHAUTAUQUA,19,6776000,0.26,0.29
1997,KANSAS,20.0,CHEROKEE,21,29633000,0.23,0.28
1997,KANSAS,20.0,COWLEY,35,25343000,0.24,0.31
1997,KANSAS,20.0,CRAWFORD,37,22279000,0.11,0.17
1997,KANSAS,20.0,ELK,49,4038000,0.27,0.3
1997,KANSAS,20.0,GREENWOOD,73,8125000,0.49,0.49
1997,KANSAS,20.0,LABETTE,99,20108000,0.18,0.25
1997,KANSAS,20.0,MONTGOMERY,125,16712000,0.21,0.22
1997,KANSAS,20.0,NEOSHO,133,18971000,0.2,0.17
1997,KANSAS,20.0,WILSON,205,22984000,0.11,0.05
1997,KANSAS,20.0,WOODSON,207,11961000,-0.17,-0.2
1997,KANSAS,20.0,CLARK,25,13434000,-0.07,-0.03
1997,KANSAS,20.0,FINNEY,55,104340000,0.15,0.14
1997,KANSAS,20.0,FORD,57,49487000,0.45,0.46
1997,KANSAS,20.0,GRANT,67,42883000,0.68,0.65
1997,KANSAS,20.0,GRAY,69,77022000,0.93,0.87
1997,KANSAS,20.0,HAMILTON,75,24188000,0.35,0.4
1997,KANSAS,20.0,HASKELL,81,75150000,-0.18,-0.13
1997,KANSAS,20.0,HODGEMAN,83,19239000,0.58,0.6
1997,KANSAS,20.0,KEARNY,93,47890000,0.46,0.47
1997,KANSAS,20.0,MEADE,119,50829000,-0.63,-0.58
1997,KANSAS,20.0,MORTON,129,21567000,-0.37,-0.41
1997,KANSAS,20.0,SEWARD,175,35282000,0.0,-0.1
1997,KANSAS,20.0,STANTON,187,45786000,0.08,0.1
1997,KANSAS,20.0,STEVENS,189,68180000,0.09,-0.01
1997,KANSAS,20.0,GOVE,63,29751000,-0.23,-0.21
1997,KANSAS,20.0,GREELEY,71,31149000,0.46,0.5
1997,KANSAS,20.0,LANE,101,23508000,0.65,0.67
1997,KANSAS,20.0,LOGAN,109,23872000,0.12,0.09
1997,KANSAS,20.0,NESS,135,20985000,0.1,0.06
1997,KANSAS,20.0,SCOTT,171,43901000,-0.25,-0.28
1997,KANSAS,20.0,TREGO,195,13219000,-0.3,-0.33
1997,KANSAS,20.0,WALLACE,199,22345000,-0.61,-0.6
1997,KANSAS,20.0,WICHITA,203,37744000,-0.23,-0.23
1997,KENTUCKY,21.0,ANDERSON,5,6162000,0.19,0.18
1997,KENTUCKY,21.0,BATH,11,14859000,0.1,0.08
1997,KENTUCKY,21.0,BOURBON,17,27744000,-0.35,-0.3
1997,KENTUCKY,21.0,BOYLE,21,10556000,0.23,0.28
1997,KENTUCKY,21.0,CLARK,49,16103000,0.27,0.3
1997,KENTUCKY,21.0,FAYETTE,67,22305000,0.68,0.65
1997,KENTUCKY,21.0,FLEMING,69,17270000,0.93,0.87
1997,KENTUCKY,21.0,FRANKLIN,73,11086000,0.49,0.49
1997,KENTUCKY,21.0,GARRARD,79,14765000,0.34,0.32
1997,KENTUCKY,21.0,HARRISON,97,20562000,-0.1,-0.12
1997,KENTUCKY,21.0,JESSAMINE,113,14630000,-0.09,-0.07
1997,KENTUCKY,21.0,LINCOLN,137,17052000,0.08,0.08
1997,KENTUCKY,21.0,MADISON,151,21398000,-0.24,-0.27
1997,KENTUCKY,21.0,MASON,161,18666000,-0.1,-0.15
1997,KENTUCKY,21.0,MERCER,167,14967000,-0.05,-0.17
1997,KENTUCKY,21.0,MONTGOMERY,173,13751000,0.19,0.14
1997,KENTUCKY,21.0,NICHOLAS,181,10753000,0.26,0.16
1997,KENTUCKY,21.0,ROBERTSON,201,5073000,0.48,0.45
1997,KENTUCKY,21.0,SCOTT,209,26241000,-0.02,-0.07
1997,KENTUCKY,21.0,SHELBY,211,33250000,0.01,-0.12
1997,KENTUCKY,21.0,SPENCER,215,11992000,-0.3,-0.24
1997,KENTUCKY,21.0,WASHINGTON,229,17064000,-0.42,-0.42
1997,KENTUCKY,21.0,WOODFORD,239,21025000,0.2,0.18
1997,KENTUCKY,21.0,ADAIR,1,11044000,0.58,0.62
1997,KENTUCKY,21.0,ALLEN,3,8046000,0.0,-0.01
1997,KENTUCKY,21.0,BARREN,9,25493000,0.24,0.19
1997,KENTUCKY,21.0,BRECKINRIDGE,27,20196000,0.29,0.28
1997,KENTUCKY,21.0,BULLITT,29,4014000,0.5,0.51
1997,KENTUCKY,21.0,BUTLER,31,9130000,-0.06,-0.1
1997,KENTUCKY,21.0,CASEY,45,14858000,0.55,0.48
1997,KENTUCKY,21.0,CLINTON,53,4831000,0.27,0.28
1997,KENTUCKY,21.0,CUMBERLAND,57,4611000,0.45,0.46
1997,KENTUCKY,21.0,EDMONSON,61,4475000,0.35,0.29
1997,KENTUCKY,21.0,GRAYSON,85,12385000,0.7,0.68
1997,KENTUCKY,21.0,GREEN,87,12867000,0.34,0.35
1997,KENTUCKY,21.0,HARDIN,93,23927000,0.46,0.47
1997,KENTUCKY,21.0,HART,99,19198000,0.18,0.25
1997,KENTUCKY,21.0,JEFFERSON,111,10811000,0.03,0.06
1997,KENTUCKY,21.0,LARUE,123,13161000,-0.12,-0.07
1997,KENTUCKY,21.0,MARION,155,14883000,-0.51,-0.55
1997,KENTUCKY,21.0,MEADE,163,9597000,-0.34,-0.44
1997,KENTUCKY,21.0,METCALFE,169,10726000,-0.15,-0.22
1997,KENTUCKY,21.0,MONROE,171,9313000,-0.25,-0.28
1997,KENTUCKY,21.0,NELSON,179,14832000,-0.56,-0.58
1997,KENTUCKY,21.0,RUSSELL,207,9514000,-0.17,-0.2
1997,KENTUCKY,21.0,TAYLOR,217,11805000,0.06,-0.03
1997,KENTUCKY,21.0,WARREN,227,24961000,-0.01,0.02
1997,KENTUCKY,21.0,BELL,13,36000,0.11,0.16
1997,KENTUCKY,21.0,BOYD,19,621000,0.26,0.29
1997,KENTUCKY,21.0,BREATHITT,25,1221000,-0.07,-0.03
1997,KENTUCKY,21.0,CARTER,43,6515000,0.26,0.24
1997,KENTUCKY,21.0,CLAY,51,4462000,0.59,0.65
1997,KENTUCKY,21.0,ELLIOTT,63,3397000,-0.23,-0.21
1997,KENTUCKY,21.0,ESTILL,65,3442000,-0.24,-0.21
1997,KENTUCKY,21.0,FLOYD,71,483000,0.46,0.5
1997,KENTUCKY,21.0,GREENUP,89,5443000,0.54,0.58
1997,KENTUCKY,21.0,HARLAN,95,66000,0.07,0.06
1997,KENTUCKY,21.0,JACKSON,109,6282000,0.12,0.09
1997,KENTUCKY,21.0,JOHNSON,115,1082000,0.38,0.35
1997,KENTUCKY,21.0,KNOTT,119,12000,-0.63,-0.58
1997,KENTUCKY,21.0,KNOX,121,1941000,0.32,0.32
1997,KENTUCKY,21.0,LAUREL,125,9144000,0.21,0.22
1997,KENTUCKY,21.0,LAWRENCE,127,1607000,0.41,0.39
1997,KENTUCKY,21.0,LEE,129,1166000,-0.37,-0.41
1997,KENTUCKY,21.0,LESLIE,131,106000,0.22,0.25
1997,KENTUCKY,21.0,LETCHER,133,7000,0.2,0.17
1997,KENTUCKY,21.0,LEWIS,135,10287000,0.1,0.06
1997,KENTUCKY,21.0,MAGOFFIN,153,2397000,-0.42,-0.49
1997,KENTUCKY,21.0,MARTIN,159,7000,0.06,-0.04
1997,KENTUCKY,21.0,MCCREARY,147,138000,-0.01,-0.01
1997,KENTUCKY,21.0,MENIFEE,165,2867000,-0.57,-0.65
1997,KENTUCKY,21.0,MORGAN,175,7347000,0.0,-0.1
1997,KENTUCKY,21.0,OWSLEY,189,2561000,0.09,-0.01
1997,KENTUCKY,21.0,PERRY,193,362000,-0.01,-0.08
1997,KENTUCKY,21.0,PIKE,195,57000,-0.3,-0.33
1997,KENTUCKY,21.0,POWELL,197,1820000,-0.2,-0.22
1997,KENTUCKY,21.0,PULASKI,199,16367000,-0.61,-0.6
1997,KENTUCKY,21.0,ROCKCASTLE,203,6198000,-0.23,-0.23
1997,KENTUCKY,21.0,ROWAN,205,3375000,0.11,0.05
1997,KENTUCKY,21.0,WAYNE,231,9367000,-0.43,-0.45
1997,KENTUCKY,21.0,WHITLEY,235,1135000,-0.45,-0.5
1997,KENTUCKY,21.0,WOLFE,237,3258000,0.12,-0.02
1997,KENTUCKY,21.0,CALDWELL,33,16358000,0.25,0.24
1997,KENTUCKY,21.0,CHRISTIAN,47,64515000,0.35,0.37
1997,KENTUCKY,21.0,CRITTENDEN,55,5706000,0.15,0.14
1997,KENTUCKY,21.0,DAVIESS,59,59769000,0.2,0.21
1997,KENTUCKY,21.0,HANCOCK,91,8560000,-0.14,-0.12
1997,KENTUCKY,21.0,HENDERSON,101,41105000,0.65,0.67
1997,KENTUCKY,21.0,HOPKINS,107,18144000,0.14,0.17
1997,KENTUCKY,21.0,LOGAN,141,49524000,0.16,0.16
1997,KENTUCKY,21.0,MCLEAN,149,28434000,0.92,0.92
1997,KENTUCKY,21.0,MUHLENBERG,177,9618000,0.11,0.04
1997,KENTUCKY,21.0,OHIO,183,14270000,-0.54,-0.54
1997,KENTUCKY,21.0,SIMPSON,213,26081000,0.65,0.67
1997,KENTUCKY,21.0,TODD,219,42732000,-0.2,-0.26
1997,KENTUCKY,21.0,UNION,225,50781000,-0.33,-0.4
1997,KENTUCKY,21.0,WEBSTER,233,24454000,0.31,0.34
1997,KENTUCKY,21.0,BOONE,15,12074000,0.44,0.44
1997,KENTUCKY,21.0,BRACKEN,23,13946000,-0.43,-0.46
1997,KENTUCKY,21.0,CAMPBELL,37,3368000,0.11,0.17
1997,KENTUCKY,21.0,CARROLL,41,6682000,-0.02,-0.01
1997,KENTUCKY,21.0,GALLATIN,77,5092000,0.56,0.54
1997,KENTUCKY,21.0,GRANT,81,12083000,-0.18,-0.13
1997,KENTUCKY,21.0,HENRY,103,25653000,0.32,0.32
1997,KENTUCKY,21.0,KENTON,117,3333000,0.34,0.36
1997,KENTUCKY,21.0,OLDHAM,185,7878000,0.0,-0.05
1997,KENTUCKY,21.0,OWEN,187,16042000,0.08,0.1
1997,KENTUCKY,21.0,PENDLETON,191,10642000,-0.33,-0.3
1997,KENTUCKY,21.0,TRIMBLE,223,8939000,0.23,0.25
1997,KENTUCKY,21.0,BALLARD,7,22483000,0.16,0.2
1997,KENTUCKY,21.0,CALLOWAY,35,35363000,0.24,0.31
1997,KENTUCKY,21.0,CARLISLE,39,17260000,-0.07,-0.06
1997,KENTUCKY,21.0,FULTON,75,23663000,0.35,0.4
1997,KENTUCKY,21.0,GRAVES,83,45304000,0.58,0.6
1997,KENTUCKY,21.0,HICKMAN,105,27246000,0.12,0.18
1997,KENTUCKY,21.0,LIVINGSTON,139,4051000,0.54,0.55
1997,KENTUCKY,21.0,LYON,143,4107000,0.39,0.39
1997,KENTUCKY,21.0,MARSHALL,157,9096000,-0.36,-0.37
1997,KENTUCKY,21.0,MCCRACKEN,145,12165000,0.06,0.11
1997,KENTUCKY,21.0,TRIGG,221,17887000,-0.14,-0.21
1997,LOUISIANA,22.0,AVOYELLES,9,60947000,0.24,0.19
1997,LOUISIANA,22.0,CATAHOULA,25,39859000,-0.07,-0.03
1997,LOUISIANA,22.0,CONCORDIA,29,54290000,0.5,0.51
1997,LOUISIANA,22.0,EVANGELINE,39,38848000,-0.07,-0.06
1997,LOUISIANA,22.0,GRANT,43,5332000,0.26,0.24
1997,LOUISIANA,22.0,LA SALLE,59,546000,0.2,0.21
1997,LOUISIANA,22.0,POINTE COUPEE,77,49703000,0.56,0.54
1997,LOUISIANA,22.0,RAPIDES,79,51626000,0.34,0.32
1997,LOUISIANA,22.0,SAINT LANDRY,97,57327000,-0.1,-0.12
1997,LOUISIANA,22.0,EAST BATON ROUGE,33,3866000,0.25,0.24
1997,LOUISIANA,22.0,EAST FELICIANA,37,1337000,0.11,0.17
1997,LOUISIANA,22.0,LIVINGSTON,63,1805000,-0.23,-0.21
1997,LOUISIANA,22.0,SAINT HELENA,91,574000,-0.14,-0.12
1997,LOUISIANA,22.0,SAINT TAMMANY,103,8345000,0.32,0.32
1997,LOUISIANA,22.0,TANGIPAHOA,105,10348000,0.12,0.18
1997,LOUISIANA,22.0,WASHINGTON,117,12175000,0.34,0.36
1997,LOUISIANA,22.0,WEST FELICIANA,125,1795000,0.21,0.22
1997,LOUISIANA,22.0,BIENVILLE,13,725000,0.11,0.16
1997,LOUISIANA,22.0,CALDWELL,21,10210000,0.23,0.28
1997,LOUISIANA,22.0,CLAIBORNE,27,999000,0.29,0.28
1997,LOUISIANA,22.0,JACKSON,49,301000,0.27,0.3
1997,LOUISIANA,22.0,LINCOLN,61,1633000,0.35,0.29
1997,LOUISIANA,22.0,OUACHITA,73,17016000,0.49,0.49
1997,LOUISIANA,22.0,UNION,111,486000,0.03,0.06
1997,LOUISIANA,22.0,WINN,127,215000,0.41,0.39
1997,LOUISIANA,22.0,EAST CARROLL,35,62898000,0.24,0.31
1997,LOUISIANA,22.0,FRANKLIN,41,70383000,-0.02,-0.01
1997,LOUISIANA,22.0,MADISON,65,64836000,-0.24,-0.21
1997,LOUISIANA,22.0,MOREHOUSE,67,77839000,0.68,0.65
1997,LOUISIANA,22.0,RICHLAND,83,55655000,0.58,0.6
1997,LOUISIANA,22.0,TENSAS,107,71176000,0.14,0.17
1997,LOUISIANA,22.0,WEST CARROLL,123,43033000,-0.12,-0.07
1997,LOUISIANA,22.0,BOSSIER,15,4119000,0.44,0.44
1997,LOUISIANA,22.0,CADDO,17,19637000,-0.35,-0.3
1997,LOUISIANA,22.0,DE SOTO,31,1453000,-0.06,-0.1
1997,LOUISIANA,22.0,RED RIVER,81,7544000,-0.18,-0.13
1997,LOUISIANA,22.0,WEBSTER,119,566000,-0.63,-0.58
1997,LOUISIANA,22.0,ASSUMPTION,7,31799000,0.16,0.2
1997,LOUISIANA,22.0,IBERIA,45,51330000,0.55,0.48
1997,LOUISIANA,22.0,IBERVILLE,47,35801000,0.35,0.37
1997,LOUISIANA,22.0,LAFAYETTE,55,22098000,0.15,0.14
1997,LOUISIANA,22.0,SAINT MARTIN,99,29230000,0.18,0.25
1997,LOUISIANA,22.0,SAINT MARY,101,39838000,0.65,0.67
1997,LOUISIANA,22.0,ASCENSION,5,14273000,0.19,0.18
1997,LOUISIANA,22.0,JEFFERSON,51,527000,0.59,0.65
1997,LOUISIANA,22.0,LAFOURCHE,57,27471000,0.45,0.46
1997,LOUISIANA,22.0,PLAQUEMINES,75,3958000,0.35,0.4
1997,LOUISIANA,22.0,SAINT CHARLES,89,4578000,0.54,0.58
1997,LOUISIANA,22.0,SAINT JAMES,93,26969000,0.46,0.47
1997,LOUISIANA,22.0,ST. JOHN THE BAPTIST,95,3507000,0.07,0.06
1997,LOUISIANA,22.0,TERREBONNE,109,12943000,0.12,0.09
1997,LOUISIANA,22.0,ACADIA,1,64584000,0.58,0.62
1997,LOUISIANA,22.0,ALLEN,3,9744000,0.0,-0.01
1997,LOUISIANA,22.0,BEAUREGARD,11,4222000,0.1,0.08
1997,LOUISIANA,22.0,CALCASIEU,19,14423000,0.26,0.29
1997,LOUISIANA,22.0,CAMERON,23,7130000,-0.43,-0.46
1997,LOUISIANA,22.0,JEFFERSON DAVIS,53,49173000,0.27,0.28
1997,LOUISIANA,22.0,VERMILION,113,66337000,-0.09,-0.07
1997,LOUISIANA,22.0,NATCHITOCHES,69,17803000,0.93,0.87
1997,LOUISIANA,22.0,SABINE,85,344000,0.7,0.68
1997,LOUISIANA,22.0,VERNON,115,381000,0.38,0.35
1997,MAINE,23.0,PENOBSCOT,19,11521000,0.26,0.29
1997,MAINE,23.0,PISCATAQUIS,21,1853000,0.23,0.28
1997,MAINE,23.0,SOMERSET,25,5437000,-0.07,-0.03
1997,MAINE,23.0,WALDO,27,2999000,0.29,0.28
1997,MAINE,23.0,WASHINGTON,29,26992000,0.5,0.51
1997,MAINE,23.0,AROOSTOOK,3,105007000,0.0,-0.01
1997,MAINE,23.0,ANDROSCOGGIN,1,8036000,0.58,0.62
1997,MAINE,23.0,CUMBERLAND,5,12487000,0.19,0.18
1997,MAINE,23.0,KENNEBEC,11,6717000,0.1,0.08
1997,MAINE,23.0,KNOX,13,3847000,0.11,0.16
1997,MAINE,23.0,LINCOLN,15,2663000,0.44,0.44
1997,MAINE,23.0,OXFORD,17,10518000,-0.35,-0.3
1997,MAINE,23.0,SAGADAHOC,23,1521000,-0.43,-0.46
1997,MAINE,23.0,YORK,31,11017000,-0.06,-0.1
1997,MARYLAND,24.0,DORCHESTER,19,34267000,0.26,0.29
1997,MARYLAND,24.0,SOMERSET,39,13034000,-0.07,-0.06
1997,MARYLAND,24.0,WICOMICO,45,30209000,0.55,0.48
1997,MARYLAND,24.0,WORCESTER,47,24630000,0.35,0.37
1997,MARYLAND,24.0,BALTIMORE,5,34424000,0.19,0.18
1997,MARYLAND,24.0,CARROLL,13,25740000,0.11,0.16
1997,MARYLAND,24.0,FREDERICK,21,17590000,0.23,0.28
1997,MARYLAND,24.0,HARFORD,25,16170000,-0.07,-0.03
1997,MARYLAND,24.0,HOWARD,27,12107000,0.29,0.28
1997,MARYLAND,24.0,MONTGOMERY,31,19715000,-0.06,-0.1
1997,MARYLAND,24.0,WASHINGTON,43,12463000,0.26,0.24
1997,MARYLAND,24.0,ANNE ARUNDEL,3,10065000,0.0,-0.01
1997,MARYLAND,24.0,CALVERT,9,6825000,0.24,0.19
1997,MARYLAND,24.0,CHARLES,17,9118000,-0.35,-0.3
1997,MARYLAND,24.0,PRINCE GEORGES,33,16586000,0.25,0.24
1997,MARYLAND,24.0,ST MARYS,37,17145000,0.11,0.17
1997,MARYLAND,24.0,CAROLINE,11,29028000,0.1,0.08
1997,MARYLAND,24.0,CECIL,15,22748000,0.44,0.44
1997,MARYLAND,24.0,KENT,29,33974000,0.5,0.51
1997,MARYLAND,24.0,QUEEN ANNES,35,42981000,0.24,0.31
1997,MARYLAND,24.0,TALBOT,41,24135000,-0.02,-0.01
1997,MARYLAND,24.0,ALLEGANY,1,1145000,0.58,0.62
1997,MARYLAND,24.0,GARRETT,23,2424000,-0.43,-0.46
1997,MASSACHUSETTS,25.0,BARNSTABLE,1,19973000,0.58,0.62
1997,MASSACHUSETTS,25.0,BERKSHIRE,3,9088000,0.0,-0.01
1997,MASSACHUSETTS,25.0,BRISTOL,5,27561000,0.19,0.18
1997,MASSACHUSETTS,25.0,DUKES,7,1171000,0.16,0.2
1997,MASSACHUSETTS,25.0,ESSEX,9,22347000,0.24,0.19
1997,MASSACHUSETTS,25.0,FRANKLIN,11,25588000,0.1,0.08
1997,MASSACHUSETTS,25.0,HAMPDEN,13,25509000,0.11,0.16
1997,MASSACHUSETTS,25.0,HAMPSHIRE,15,26272000,0.44,0.44
1997,MASSACHUSETTS,25.0,MIDDLESEX,17,52342000,-0.35,-0.3
1997,MASSACHUSETTS,25.0,NANTUCKET,19,3044000,0.26,0.29
1997,MASSACHUSETTS,25.0,NORFOLK,21,7769000,0.23,0.28
1997,MASSACHUSETTS,25.0,PLYMOUTH,23,130613000,-0.43,-0.46
1997,MASSACHUSETTS,25.0,SUFFOLK,25,263000,-0.07,-0.03
1997,MASSACHUSETTS,25.0,WORCESTER,27,33395000,0.29,0.28
1997,MICHIGAN,26.0,CLARE,35,1783000,0.24,0.31
1997,MICHIGAN,26.0,GLADWIN,51,4088000,0.59,0.65
1997,MICHIGAN,26.0,GRATIOT,57,66771000,0.45,0.46
1997,MICHIGAN,26.0,ISABELLA,73,27959000,0.49,0.49
1997,MICHIGAN,26.0,MECOSTA,107,10422000,0.14,0.17
1997,MICHIGAN,26.0,MIDLAND,111,13777000,0.03,0.06
1997,MICHIGAN,26.0,MONTCALM,117,64528000,0.34,0.36
1997,MICHIGAN,26.0,OSCEOLA,133,3577000,0.2,0.17
1997,MICHIGAN,26.0,ARENAC,11,17513000,0.1,0.08
1997,MICHIGAN,26.0,BAY,17,58057000,-0.35,-0.3
1997,MICHIGAN,26.0,HURON,63,100445000,-0.23,-0.21
1997,MICHIGAN,26.0,SAGINAW,145,78363000,0.06,0.11
1997,MICHIGAN,26.0,SANILAC,151,76127000,-0.24,-0.27
1997,MICHIGAN,26.0,TUSCOLA,157,86037000,-0.36,-0.37
1997,MICHIGAN,26.0,ALCONA,1,2339000,0.58,0.62
1997,MICHIGAN,26.0,ALPENA,7,4574000,0.16,0.2
1997,MICHIGAN,26.0,CHEBOYGAN,31,1272000,-0.06,-0.1
1997,MICHIGAN,26.0,CRAWFORD,39,40000,-0.07,-0.06
1997,MICHIGAN,26.0,IOSCO,69,1719000,0.93,0.87
1997,MICHIGAN,26.0,MONTMORENCY,119,1263000,-0.63,-0.58
1997,MICHIGAN,26.0,OGEMAW,129,3054000,-0.37,-0.41
1997,MICHIGAN,26.0,OSCODA,135,381000,0.1,0.06
1997,MICHIGAN,26.0,OTSEGO,137,2533000,0.08,0.08
1997,MICHIGAN,26.0,PRESQUE ISLE,141,8073000,0.16,0.16
1997,MICHIGAN,26.0,ROSCOMMON,143,412000,0.39,0.39
1997,MICHIGAN,26.0,ANTRIM,9,12704000,0.24,0.19
1997,MICHIGAN,26.0,BENZIE,19,4800000,0.26,0.29
1997,MICHIGAN,26.0,CHARLEVOIX,29,1774000,0.5,0.51
1997,MICHIGAN,26.0,EMMET,47,2045000,0.35,0.37
1997,MICHIGAN,26.0,GRAND TRAVERSE,55,15245000,0.15,0.14
1997,MICHIGAN,26.0,KALKASKA,79,4204000,0.34,0.32
1997,MICHIGAN,26.0,LEELANAU,89,25614000,0.54,0.58
1997,MICHIGAN,26.0,MANISTEE,101,8616000,0.65,0.67
1997,MICHIGAN,26.0,MISSAUKEE,113,5747000,-0.09,-0.07
1997,MICHIGAN,26.0,WEXFORD,165,5676000,-0.57,-0.65
1997,MICHIGAN,26.0,BARRY,15,15159000,0.44,0.44
1997,MICHIGAN,26.0,BRANCH,23,46215000,-0.43,-0.46
1997,MICHIGAN,26.0,CALHOUN,25,36262000,-0.07,-0.03
1997,MICHIGAN,26.0,CLINTON,37,42798000,0.11,0.17
1997,MICHIGAN,26.0,EATON,45,41075000,0.55,0.48
1997,MICHIGAN,26.0,HILLSDALE,59,42270000,0.2,0.21
1997,MICHIGAN,26.0,INGHAM,65,34636000,-0.24,-0.21
1997,MICHIGAN,26.0,IONIA,67,36952000,0.68,0.65
1997,MICHIGAN,26.0,JACKSON,75,24862000,0.35,0.4
1997,MICHIGAN,26.0,SHIAWASSEE,155,34229000,-0.51,-0.55
1997,MICHIGAN,26.0,ST JOSEPH,149,65915000,0.92,0.92
1997,MICHIGAN,26.0,GENESEE,49,21618000,0.27,0.3
1997,MICHIGAN,26.0,LAPEER,87,35349000,0.34,0.35
1997,MICHIGAN,26.0,LENAWEE,91,82010000,-0.14,-0.12
1997,MICHIGAN,26.0,LIVINGSTON,93,19196000,0.46,0.47
1997,MICHIGAN,26.0,MACOMB,99,44336000,0.18,0.25
1997,MICHIGAN,26.0,MONROE,115,87363000,0.38,0.35
1997,MICHIGAN,26.0,OAKLAND,125,31511000,0.21,0.22
1997,MICHIGAN,26.0,ST CLAIR,147,31722000,-0.01,-0.01
1997,MICHIGAN,26.0,WASHTENAW,161,35799000,-0.1,-0.15
1997,MICHIGAN,26.0,WAYNE,163,28753000,-0.34,-0.44
1997,MICHIGAN,26.0,ALLEGAN,5,80427000,0.19,0.18
1997,MICHIGAN,26.0,BERRIEN,21,78526000,0.23,0.28
1997,MICHIGAN,26.0,CASS,27,32793000,0.29,0.28
1997,MICHIGAN,26.0,KALAMAZOO,77,79338000,0.56,0.54
1997,MICHIGAN,26.0,KENT,81,99657000,-0.18,-0.13
1997,MICHIGAN,26.0,OTTAWA,139,170400000,0.54,0.55
1997,MICHIGAN,26.0,VAN BUREN,159,91511000,0.06,-0.04
1997,MICHIGAN,26.0,ALGER,3,688000,0.0,-0.01
1997,MICHIGAN,26.0,BARAGA,13,427000,0.11,0.16
1997,MICHIGAN,26.0,CHIPPEWA,33,2935000,0.25,0.24
1997,MICHIGAN,26.0,DELTA,41,3784000,-0.02,-0.01
1997,MICHIGAN,26.0,DICKINSON,43,1848000,0.26,0.24
1997,MICHIGAN,26.0,GOGEBIC,53,270000,0.27,0.28
1997,MICHIGAN,26.0,HOUGHTON,61,746000,0.35,0.29
1997,MICHIGAN,26.0,IRON,71,1124000,0.46,0.5
1997,MICHIGAN,26.0,LUCE,95,2763000,0.07,0.06
1997,MICHIGAN,26.0,MACKINAC,97,370000,-0.1,-0.12
1997,MICHIGAN,26.0,MARQUETTE,103,1370000,0.32,0.32
1997,MICHIGAN,26.0,MENOMINEE,109,2592000,0.12,0.09
1997,MICHIGAN,26.0,ONTONAGON,131,584000,0.22,0.25
1997,MICHIGAN,26.0,SCHOOLCRAFT,153,588000,-0.42,-0.49
1997,MICHIGAN,26.0,LAKE,85,1030000,0.7,0.68
1997,MICHIGAN,26.0,MASON,105,16536000,0.12,0.18
1997,MICHIGAN,26.0,MUSKEGON,121,25116000,0.32,0.32
1997,MICHIGAN,26.0,NEWAYGO,123,20864000,-0.12,-0.07
1997,MICHIGAN,26.0,OCEANA,127,38639000,0.41,0.39
1997,MINNESOTA,27.0,BENTON,9,22580000,0.24,0.19
1997,MINNESOTA,27.0,CARVER,19,23276000,0.26,0.29
1997,MINNESOTA,27.0,KANDIYOHI,67,74458000,0.68,0.65
1997,MINNESOTA,27.0,MCLEOD,85,46713000,0.7,0.68
1997,MINNESOTA,27.0,MEEKER,93,49476000,0.46,0.47
1997,MINNESOTA,27.0,MORRISON,97,26903000,-0.1,-0.12
1997,MINNESOTA,27.0,RENVILLE,129,168549000,-0.37,-0.41
1997,MINNESOTA,27.0,SCOTT,139,21162000,0.54,0.55
1997,MINNESOTA,27.0,SHERBURNE,141,28220000,0.16,0.16
1997,MINNESOTA,27.0,SIBLEY,143,70108000,0.39,0.39
1997,MINNESOTA,27.0,STEARNS,145,54177000,0.06,0.11
1997,MINNESOTA,27.0,TODD,153,25690000,-0.42,-0.49
1997,MINNESOTA,27.0,WADENA,159,12462000,0.06,-0.04
1997,MINNESOTA,27.0,WRIGHT,171,44160000,-0.25,-0.28
1997,MINNESOTA,27.0,AITKIN,1,5893000,0.58,0.62
1997,MINNESOTA,27.0,ANOKA,3,16603000,0.0,-0.01
1997,MINNESOTA,27.0,CARLTON,17,1826000,-0.35,-0.3
1997,MINNESOTA,27.0,CHISAGO,25,19498000,-0.07,-0.03
1997,MINNESOTA,27.0,CROW WING,35,4075000,0.24,0.31
1997,MINNESOTA,27.0,HENNEPIN,53,34030000,0.27,0.28
1997,MINNESOTA,27.0,ISANTI,59,17118000,0.2,0.21
1997,MINNESOTA,27.0,KANABEC,65,4536000,-0.24,-0.21
1997,MINNESOTA,27.0,MILLE LACS,95,7665000,0.07,0.06
1997,MINNESOTA,27.0,PINE,115,10973000,0.38,0.35
1997,MINNESOTA,27.0,RAMSEY,123,6125000,-0.12,-0.07
1997,MINNESOTA,27.0,WASHINGTON,163,49190000,-0.34,-0.44
1997,MINNESOTA,27.0,BELTRAMI,7,6226000,0.16,0.2
1997,MINNESOTA,27.0,CASS,21,2521000,0.23,0.28
1997,MINNESOTA,27.0,HUBBARD,57,19208000,0.45,0.46
1997,MINNESOTA,27.0,ITASCA,61,1762000,0.35,0.29
1997,MINNESOTA,27.0,KOOCHICHING,71,1121000,0.46,0.5
1997,MINNESOTA,27.0,LAKE OF THE WOODS,77,8816000,0.56,0.54
1997,MINNESOTA,27.0,COOK,31,79000,-0.06,-0.1
1997,MINNESOTA,27.0,LAKE,75,61000,0.35,0.4
1997,MINNESOTA,27.0,ST. LOUIS,137,5462000,0.08,0.08
1997,MINNESOTA,27.0,BECKER,5,38209000,0.19,0.18
1997,MINNESOTA,27.0,CLAY,27,113573000,0.29,0.28
1997,MINNESOTA,27.0,CLEARWATER,29,10869000,0.5,0.51
1997,MINNESOTA,27.0,KITTSON,69,54812000,0.93,0.87
1997,MINNESOTA,27.0,MAHNOMEN,87,21078000,0.34,0.35
1997,MINNESOTA,27.0,MARSHALL,89,91534000,0.54,0.58
1997,MINNESOTA,27.0,NORMAN,107,71839000,0.14,0.17
1997,MINNESOTA,27.0,PENNINGTON,113,24113000,-0.09,-0.07
1997,MINNESOTA,27.0,POLK,119,186306000,-0.63,-0.58
1997,MINNESOTA,27.0,RED LAKE,125,17384000,0.21,0.22
1997,MINNESOTA,27.0,ROSEAU,135,43144000,0.1,0.06
1997,MINNESOTA,27.0,BLUE EARTH,13,100279000,0.11,0.16
1997,MINNESOTA,27.0,BROWN,15,77467000,0.44,0.44
1997,MINNESOTA,27.0,FARIBAULT,43,114291000,0.26,0.24
1997,MINNESOTA,27.0,FREEBORN,47,99733000,0.35,0.37
1997,MINNESOTA,27.0,LE SUEUR,79,40954000,0.34,0.32
1997,MINNESOTA,27.0,MARTIN,91,110584000,-0.14,-0.12
1997,MINNESOTA,27.0,NICOLLET,103,61449000,0.32,0.32
1997,MINNESOTA,27.0,RICE,131,45683000,0.22,0.25
1997,MINNESOTA,27.0,STEELE,147,58113000,-0.01,-0.01
1997,MINNESOTA,27.0,WASECA,161,61788000,-0.1,-0.15
1997,MINNESOTA,27.0,WATONWAN,165,65649000,-0.57,-0.65
1997,MINNESOTA,27.0,DAKOTA,37,64756000,0.11,0.17
1997,MINNESOTA,27.0,DODGE,39,60094000,-0.07,-0.06
1997,MINNESOTA,27.0,FILLMORE,45,60269000,0.55,0.48
1997,MINNESOTA,27.0,GOODHUE,49,66109000,0.27,0.3
1997,MINNESOTA,27.0,HOUSTON,55,30204000,0.15,0.14
1997,MINNESOTA,27.0,MOWER,99,102139000,0.18,0.25
1997,MINNESOTA,27.0,OLMSTED,109,50221000,0.12,0.09
1997,MINNESOTA,27.0,WABASHA,157,30892000,-0.36,-0.37
1997,MINNESOTA,27.0,WINONA,169,26018000,-0.15,-0.22
1997,MINNESOTA,27.0,COTTONWOOD,33,79733000,0.25,0.24
1997,MINNESOTA,27.0,JACKSON,63,87894000,-0.23,-0.21
1997,MINNESOTA,27.0,LINCOLN,81,31367000,-0.18,-0.13
1997,MINNESOTA,27.0,LYON,83,72221000,0.58,0.6
1997,MINNESOTA,27.0,MURRAY,101,68738000,0.65,0.67
1997,MINNESOTA,27.0,NOBLES,105,77695000,0.12,0.18
1997,MINNESOTA,27.0,PIPESTONE,117,34819000,0.34,0.36
1997,MINNESOTA,27.0,REDWOOD,127,116113000,0.41,0.39
1997,MINNESOTA,27.0,ROCK,133,54622000,0.2,0.17
1997,MINNESOTA,27.0,BIG STONE,11,40898000,0.1,0.08
1997,MINNESOTA,27.0,CHIPPEWA,23,82717000,-0.43,-0.46
1997,MINNESOTA,27.0,DOUGLAS,41,22409000,-0.02,-0.01
1997,MINNESOTA,27.0,GRANT,51,52343000,0.59,0.65
1997,MINNESOTA,27.0,LAC QUI PARLE,73,72154000,0.49,0.49
1997,MINNESOTA,27.0,OTTER TAIL,111,87230000,0.03,0.06
1997,MINNESOTA,27.0,POPE,121,51370000,0.32,0.32
1997,MINNESOTA,27.0,STEVENS,149,62843000,0.92,0.92
1997,MINNESOTA,27.0,SWIFT,151,80187000,-0.24,-0.27
1997,MINNESOTA,27.0,TRAVERSE,155,65432000,-0.51,-0.55
1997,MINNESOTA,27.0,WILKIN,167,98044000,-0.05,-0.17
1997,MINNESOTA,27.0,YELLOW MEDICINE,173,83329000,0.19,0.14
1997,MISSISSIPPI,28.0,ATTALA,7,8224000,0.16,0.2
1997,MISSISSIPPI,28.0,CARROLL,15,11034000,0.44,0.44
1997,MISSISSIPPI,28.0,CHOCTAW,19,860000,0.26,0.29
1997,MISSISSIPPI,28.0,HOLMES,51,37171000,0.59,0.65
1997,MISSISSIPPI,28.0,LEAKE,79,1592000,0.34,0.32
1997,MISSISSIPPI,28.0,MADISON,89,18765000,0.54,0.58
1997,MISSISSIPPI,28.0,MONTGOMERY,97,6203000,-0.1,-0.12
1997,MISSISSIPPI,28.0,RANKIN,121,4263000,0.32,0.32
1997,MISSISSIPPI,28.0,SCOTT,123,1358000,-0.12,-0.07
1997,MISSISSIPPI,28.0,WEBSTER,155,6879000,-0.51,-0.55
1997,MISSISSIPPI,28.0,CHICKASAW,17,8064000,-0.35,-0.3
1997,MISSISSIPPI,28.0,CLAY,25,4509000,-0.07,-0.03
1997,MISSISSIPPI,28.0,KEMPER,69,389000,0.93,0.87
1997,MISSISSIPPI,28.0,LOWNDES,87,9498000,0.34,0.35
1997,MISSISSIPPI,28.0,MONROE,95,10526000,0.07,0.06
1997,MISSISSIPPI,28.0,NESHOBA,99,992000,0.18,0.25
1997,MISSISSIPPI,28.0,NOXUBEE,103,14538000,0.32,0.32
1997,MISSISSIPPI,28.0,OKTIBBEHA,105,1600000,0.12,0.18
1997,MISSISSIPPI,28.0,WINSTON,159,1286000,0.06,-0.04
1997,MISSISSIPPI,28.0,HUMPHREYS,53,54390000,0.27,0.28
1997,MISSISSIPPI,28.0,ISSAQUENA,55,29929000,0.15,0.14
1997,MISSISSIPPI,28.0,LEFLORE,83,88058000,0.58,0.6
1997,MISSISSIPPI,28.0,SHARKEY,125,50318000,0.21,0.22
1997,MISSISSIPPI,28.0,SUNFLOWER,133,103429000,0.2,0.17
1997,MISSISSIPPI,28.0,WASHINGTON,151,121710000,-0.24,-0.27
1997,MISSISSIPPI,28.0,YAZOO,163,60459000,-0.34,-0.44
1997,MISSISSIPPI,28.0,BENTON,9,7202000,0.24,0.19
1997,MISSISSIPPI,28.0,CALHOUN,13,21883000,0.11,0.16
1997,MISSISSIPPI,28.0,DE SOTO,33,23517000,0.25,0.24
1997,MISSISSIPPI,28.0,GRENADA,43,7213000,0.26,0.24
1997,MISSISSIPPI,28.0,LAFAYETTE,71,4365000,0.46,0.5
1997,MISSISSIPPI,28.0,MARSHALL,93,9648000,0.46,0.47
1997,MISSISSIPPI,28.0,PANOLA,107,29032000,0.14,0.17
1997,MISSISSIPPI,28.0,TATE,137,11562000,0.08,0.08
1997,MISSISSIPPI,28.0,YALOBUSHA,161,10016000,-0.1,-0.15
1997,MISSISSIPPI,28.0,ALCORN,3,5188000,0.0,-0.01
1997,MISSISSIPPI,28.0,ITAWAMBA,57,3062000,0.45,0.46
1997,MISSISSIPPI,28.0,LEE,81,12412000,-0.18,-0.13
1997,MISSISSIPPI,28.0,PONTOTOC,115,5432000,0.38,0.35
1997,MISSISSIPPI,28.0,PRENTISS,117,5419000,0.34,0.36
1997,MISSISSIPPI,28.0,TIPPAH,139,6090000,0.54,0.55
1997,MISSISSIPPI,28.0,TISHOMINGO,141,997000,0.16,0.16
1997,MISSISSIPPI,28.0,UNION,145,4732000,0.06,0.11
1997,MISSISSIPPI,28.0,COVINGTON,31,3936000,-0.06,-0.1
1997,MISSISSIPPI,28.0,JEFFERSON DAVIS,65,1288000,-0.24,-0.21
1997,MISSISSIPPI,28.0,LAMAR,73,1880000,0.49,0.49
1997,MISSISSIPPI,28.0,LAWRENCE,77,1398000,0.56,0.54
1997,MISSISSIPPI,28.0,MARION,91,584000,-0.14,-0.12
1997,MISSISSIPPI,28.0,PIKE,113,751000,-0.09,-0.07
1997,MISSISSIPPI,28.0,SIMPSON,127,1437000,0.41,0.39
1997,MISSISSIPPI,28.0,SMITH,129,1238000,-0.37,-0.41
1997,MISSISSIPPI,28.0,WALTHALL,147,1261000,-0.01,-0.01
1997,MISSISSIPPI,28.0,CLARKE,23,308000,-0.43,-0.46
1997,MISSISSIPPI,28.0,FORREST,35,4846000,0.24,0.31
1997,MISSISSIPPI,28.0,GEORGE,39,6260000,-0.07,-0.06
1997,MISSISSIPPI,28.0,GREENE,41,961000,-0.02,-0.01
1997,MISSISSIPPI,28.0,HANCOCK,45,512000,0.55,0.48
1997,MISSISSIPPI,28.0,HARRISON,47,1508000,0.35,0.37
1997,MISSISSIPPI,28.0,JACKSON,59,2820000,0.2,0.21
1997,MISSISSIPPI,28.0,JASPER,61,194000,0.35,0.29
1997,MISSISSIPPI,28.0,JONES,67,1566000,0.68,0.65
1997,MISSISSIPPI,28.0,LAUDERDALE,75,2142000,0.35,0.4
1997,MISSISSIPPI,28.0,NEWTON,101,1084000,0.65,0.67
1997,MISSISSIPPI,28.0,PEARL RIVER,109,2547000,0.12,0.09
1997,MISSISSIPPI,28.0,PERRY,111,641000,0.03,0.06
1997,MISSISSIPPI,28.0,STONE,131,1873000,0.22,0.25
1997,MISSISSIPPI,28.0,WAYNE,153,1314000,-0.42,-0.49
1997,MISSISSIPPI,28.0,ADAMS,1,4688000,0.58,0.62
1997,MISSISSIPPI,28.0,AMITE,5,535000,0.19,0.18
1997,MISSISSIPPI,28.0,CLAIBORNE,21,2631000,0.23,0.28
1997,MISSISSIPPI,28.0,COPIAH,29,3540000,0.5,0.51
1997,MISSISSIPPI,28.0,FRANKLIN,37,744000,0.11,0.17
1997,MISSISSIPPI,28.0,HINDS,49,12914000,0.27,0.3
1997,MISSISSIPPI,28.0,JEFFERSON,63,4270000,-0.23,-0.21
1997,MISSISSIPPI,28.0,LINCOLN,85,1565000,0.7,0.68
1997,MISSISSIPPI,28.0,WARREN,149,11497000,0.92,0.92
1997,MISSISSIPPI,28.0,WILKINSON,157,1554000,-0.36,-0.37
1997,MISSISSIPPI,28.0,BOLIVAR,11,149630000,0.1,0.08
1997,MISSISSIPPI,28.0,COAHOMA,27,96770000,0.29,0.28
1997,MISSISSIPPI,28.0,QUITMAN,119,45148000,-0.63,-0.58
1997,MISSISSIPPI,28.0,TALLAHATCHIE,135,83913000,0.1,0.06
1997,MISSISSIPPI,28.0,TUNICA,143,59887000,0.39,0.39
1997,MISSOURI,29.0,BENTON,15,6481000,0.44,0.44
1997,MISSOURI,29.0,BOONE,19,17849000,0.26,0.29
1997,MISSOURI,29.0,CALLAWAY,27,22820000,0.29,0.28
1997,MISSOURI,29.0,CAMDEN,29,543000,0.5,0.51
1997,MISSOURI,29.0,COLE,51,5217000,0.59,0.65
1997,MISSOURI,29.0,COOPER,53,24564000,0.27,0.28
1997,MISSOURI,29.0,DALLAS,59,1550000,0.2,0.21
1997,MISSOURI,29.0,HICKORY,85,1323000,0.7,0.68
1997,MISSOURI,29.0,HOWARD,89,21060000,0.54,0.58
1997,MISSOURI,29.0,LACLEDE,105,2077000,0.12,0.18
1997,MISSOURI,29.0,MARIES,125,1617000,0.21,0.22
1997,MISSOURI,29.0,MILLER,131,2473000,0.22,0.25
1997,MISSOURI,29.0,MONITEAU,135,9808000,0.1,0.06
1997,MISSOURI,29.0,MORGAN,141,5740000,0.16,0.16
1997,MISSOURI,29.0,OSAGE,151,5275000,-0.24,-0.27
1997,MISSOURI,29.0,PETTIS,159,30162000,0.06,-0.04
1997,MISSOURI,29.0,PHELPS,161,1287000,-0.1,-0.15
1997,MISSOURI,29.0,POLK,167,4842000,-0.05,-0.17
1997,MISSOURI,29.0,PULASKI,169,870000,-0.15,-0.22
1997,MISSOURI,29.0,SALINE,195,71022000,-0.3,-0.33
1997,MISSOURI,29.0,CRAWFORD,55,1568000,0.15,0.14
1997,MISSOURI,29.0,FRANKLIN,71,15467000,0.46,0.5
1997,MISSOURI,29.0,GASCONADE,73,4004000,0.49,0.49
1997,MISSOURI,29.0,JEFFERSON,99,3956000,0.18,0.25
1997,MISSOURI,29.0,LINCOLN,113,28949000,-0.09,-0.07
1997,MISSOURI,29.0,MONTGOMERY,139,23244000,0.54,0.55
1997,MISSOURI,29.0,PERRY,157,15986000,-0.36,-0.37
1997,MISSOURI,29.0,ST CHARLES,183,36064000,-0.54,-0.54
1997,MISSOURI,29.0,ST FRANCOIS,187,6247000,0.08,0.1
1997,MISSOURI,29.0,ST LOUIS,189,18808000,0.09,-0.01
1997,MISSOURI,29.0,STE GENEVIEVE,186,7229000,0.7,0.62
1997,MISSOURI,29.0,WARREN,219,12991000,-0.2,-0.26
1997,MISSOURI,29.0,WASHINGTON,221,470000,-0.14,-0.21
1997,MISSOURI,29.0,ADAIR,1,10578000,0.58,0.62
1997,MISSOURI,29.0,CARROLL,33,46483000,0.25,0.24
1997,MISSOURI,29.0,CHARITON,41,48852000,-0.02,-0.01
1997,MISSOURI,29.0,GRUNDY,79,21796000,0.34,0.32
1997,MISSOURI,29.0,LINN,115,16764000,0.38,0.35
1997,MISSOURI,29.0,LIVINGSTON,117,30217000,0.34,0.36
1997,MISSOURI,29.0,MACON,121,19683000,0.32,0.32
1997,MISSOURI,29.0,PUTNAM,171,7503000,-0.25,-0.28
1997,MISSOURI,29.0,RANDOLPH,175,11326000,0.0,-0.1
1997,MISSOURI,29.0,SCHUYLER,197,6165000,-0.2,-0.22
1997,MISSOURI,29.0,SULLIVAN,211,9384000,0.01,-0.12
1997,MISSOURI,29.0,AUDRAIN,7,54639000,0.16,0.2
1997,MISSOURI,29.0,CLARK,45,30034000,0.55,0.48
1997,MISSOURI,29.0,KNOX,103,22191000,0.32,0.32
1997,MISSOURI,29.0,LEWIS,111,29462000,0.03,0.06
1997,MISSOURI,29.0,MARION,127,26251000,0.41,0.39
1997,MISSOURI,29.0,MONROE,137,30097000,0.08,0.08
1997,MISSOURI,29.0,PIKE,163,36123000,-0.34,-0.44
1997,MISSOURI,29.0,RALLS,173,26639000,0.19,0.14
1997,MISSOURI,29.0,SCOTLAND,199,21403000,-0.61,-0.6
1997,MISSOURI,29.0,SHELBY,205,31377000,0.11,0.05
1997,MISSOURI,29.0,ANDREW,3,29427000,0.0,-0.01
1997,MISSOURI,29.0,ATCHISON,5,58185000,0.19,0.18
1997,MISSOURI,29.0,BUCHANAN,21,27322000,0.23,0.28
1997,MISSOURI,29.0,CALDWELL,25,13630000,-0.07,-0.03
1997,MISSOURI,29.0,CLAY,47,11978000,0.35,0.37
1997,MISSOURI,29.0,CLINTON,49,18207000,0.27,0.3
1997,MISSOURI,29.0,DAVIESS,61,24852000,0.35,0.29
1997,MISSOURI,29.0,DE KALB,63,15205000,-0.23,-0.21
1997,MISSOURI,29.0,GENTRY,75,18155000,0.35,0.4
1997,MISSOURI,29.0,HARRISON,81,24610000,-0.18,-0.13
1997,MISSOURI,29.0,HOLT,87,47631000,0.34,0.35
1997,MISSOURI,29.0,NODAWAY,147,54537000,-0.01,-0.01
1997,MISSOURI,29.0,PLATTE,165,31709000,-0.57,-0.65
1997,MISSOURI,29.0,RAY,177,26252000,0.11,0.04
1997,MISSOURI,29.0,WORTH,227,6918000,-0.01,0.02
1997,MISSOURI,29.0,BOLLINGER,17,8342000,-0.35,-0.3
1997,MISSOURI,29.0,CARTER,35,251000,0.24,0.31
1997,MISSOURI,29.0,DENT,65,796000,-0.24,-0.21
1997,MISSOURI,29.0,DOUGLAS,67,1437000,0.68,0.65
1997,MISSOURI,29.0,HOWELL,91,1728000,-0.14,-0.12
1997,MISSOURI,29.0,MADISON,123,554000,-0.12,-0.07
1997,MISSOURI,29.0,OREGON,149,1248000,0.92,0.92
1997,MISSOURI,29.0,OZARK,153,655000,-0.42,-0.49
1997,MISSOURI,29.0,REYNOLDS,179,275000,-0.56,-0.58
1997,MISSOURI,29.0,RIPLEY,181,5925000,0.26,0.16
1997,MISSOURI,29.0,SHANNON,203,355000,-0.23,-0.23
1997,MISSOURI,29.0,TANEY,213,547000,0.65,0.67
1997,MISSOURI,29.0,TEXAS,215,2289000,-0.3,-0.24
1997,MISSOURI,29.0,WAYNE,223,1213000,0.23,0.25
1997,MISSOURI,29.0,WEBSTER,225,2518000,-0.33,-0.4
1997,MISSOURI,29.0,WRIGHT,229,1686000,-0.42,-0.42
1997,MISSOURI,29.0,BUTLER,23,59319000,-0.43,-0.46
1997,MISSOURI,29.0,CAPE GIRARDEAU,31,24410000,-0.06,-0.1
1997,MISSOURI,29.0,DUNKLIN,69,110665000,0.93,0.87
1997,MISSOURI,29.0,MISSISSIPPI,133,82553000,0.2,0.17
1997,MISSOURI,29.0,NEW MADRID,143,109562000,0.39,0.39
1997,MISSOURI,29.0,PEMISCOT,155,87443000,-0.51,-0.55
1997,MISSOURI,29.0,SCOTT,201,61546000,0.48,0.45
1997,MISSOURI,29.0,STODDARD,207,122722000,-0.17,-0.2
1997,MISSOURI,29.0,BARRY,9,4705000,0.24,0.19
1997,MISSOURI,29.0,BARTON,11,34164000,0.1,0.08
1997,MISSOURI,29.0,CHRISTIAN,43,2238000,0.26,0.24
1997,MISSOURI,29.0,DADE,57,9991000,0.45,0.46
1997,MISSOURI,29.0,GREENE,77,5609000,0.56,0.54
1997,MISSOURI,29.0,JASPER,97,28577000,-0.1,-0.12
1997,MISSOURI,29.0,LAWRENCE,109,9744000,0.12,0.09
1997,MISSOURI,29.0,MCDONALD,119,1572000,-0.63,-0.58
1997,MISSOURI,29.0,NEWTON,145,6335000,0.06,0.11
1997,MISSOURI,29.0,STONE,209,748000,-0.02,-0.07
1997,MISSOURI,29.0,BATES,13,32909000,0.11,0.16
1997,MISSOURI,29.0,CASS,37,34455000,0.11,0.17
1997,MISSOURI,29.0,CEDAR,39,2634000,-0.07,-0.06
1997,MISSOURI,29.0,HENRY,83,17572000,0.58,0.6
1997,MISSOURI,29.0,JACKSON,95,23232000,0.07,0.06
1997,MISSOURI,29.0,JOHNSON,101,21559000,0.65,0.67
1997,MISSOURI,29.0,LAFAYETTE,107,59339000,0.14,0.17
1997,MISSOURI,29.0,ST CLAIR,185,9147000,0.0,-0.05
1997,MISSOURI,29.0,VERNON,217,28334000,0.06,-0.03
1997,MONTANA,30.0,BROADWATER,7,15690000,0.16,0.2
1997,MONTANA,30.0,CASCADE,13,33493000,0.11,0.16
1997,MONTANA,30.0,FERGUS,27,33351000,0.29,0.28
1997,MONTANA,30.0,GOLDEN VALLEY,37,4430000,0.11,0.17
1997,MONTANA,30.0,JUDITH BASIN,45,15166000,0.55,0.48
1997,MONTANA,30.0,LEWIS AND CLARK,49,7208000,0.27,0.3
1997,MONTANA,30.0,MEAGHER,59,4302000,0.2,0.21
1997,MONTANA,30.0,MUSSELSHELL,65,5634000,-0.24,-0.21
1997,MONTANA,30.0,PETROLEUM,69,2200000,0.93,0.87
1997,MONTANA,30.0,WHEATLAND,107,6418000,0.14,0.17
1997,MONTANA,30.0,BLAINE,5,26556000,0.19,0.18
1997,MONTANA,30.0,CHOUTEAU,15,83406000,0.44,0.44
1997,MONTANA,30.0,GLACIER,35,29122000,0.24,0.31
1997,MONTANA,30.0,HILL,41,59211000,-0.02,-0.01
1997,MONTANA,30.0,LIBERTY,51,30182000,0.59,0.65
1997,MONTANA,30.0,PHILLIPS,71,17186000,0.46,0.5
1997,MONTANA,30.0,PONDERA,73,45903000,0.49,0.49
1997,MONTANA,30.0,TETON,99,49013000,0.18,0.25
1997,MONTANA,30.0,TOOLE,101,31818000,0.65,0.67
1997,MONTANA,30.0,DANIELS,19,22274000,0.26,0.29
1997,MONTANA,30.0,DAWSON,21,21077000,0.23,0.28
1997,MONTANA,30.0,GARFIELD,33,9523000,0.25,0.24
1997,MONTANA,30.0,MCCONE,55,19131000,0.15,0.14
1997,MONTANA,30.0,RICHLAND,83,35018000,0.58,0.6
1997,MONTANA,30.0,ROOSEVELT,85,31721000,0.7,0.68
1997,MONTANA,30.0,SHERIDAN,91,30698000,-0.14,-0.12
1997,MONTANA,30.0,VALLEY,105,27332000,0.12,0.18
1997,MONTANA,30.0,DEER LODGE,23,981000,-0.43,-0.46
1997,MONTANA,30.0,FLATHEAD,29,18798000,0.5,0.51
1997,MONTANA,30.0,GRANITE,39,1678000,-0.07,-0.06
1997,MONTANA,30.0,LAKE,47,17700000,0.35,0.37
1997,MONTANA,30.0,LINCOLN,53,1552000,0.27,0.28
1997,MONTANA,30.0,MINERAL,61,406000,0.35,0.29
1997,MONTANA,30.0,MISSOULA,63,2375000,-0.23,-0.21
1997,MONTANA,30.0,POWELL,77,2353000,0.56,0.54
1997,MONTANA,30.0,RAVALLI,81,6770000,-0.18,-0.13
1997,MONTANA,30.0,SANDERS,89,4445000,0.54,0.58
1997,MONTANA,30.0,BIG HORN,3,27639000,0.0,-0.01
1997,MONTANA,30.0,CARBON,9,16342000,0.24,0.19
1997,MONTANA,30.0,PARK,67,6578000,0.68,0.65
1997,MONTANA,30.0,STILLWATER,95,8251000,0.07,0.06
1997,MONTANA,30.0,SWEET GRASS,97,2335000,-0.1,-0.12
1997,MONTANA,30.0,TREASURE,103,6310000,0.32,0.32
1997,MONTANA,30.0,YELLOWSTONE,111,31350000,0.03,0.06
1997,MONTANA,30.0,CARTER,11,3746000,0.1,0.08
1997,MONTANA,30.0,CUSTER,17,7566000,-0.35,-0.3
1997,MONTANA,30.0,FALLON,25,5420000,-0.07,-0.03
1997,MONTANA,30.0,POWDER RIVER,75,3018000,0.35,0.4
1997,MONTANA,30.0,PRAIRIE,79,6237000,0.34,0.32
1997,MONTANA,30.0,ROSEBUD,87,9097000,0.34,0.35
1997,MONTANA,30.0,WIBAUX,109,4330000,0.12,0.09
1997,MONTANA,30.0,BEAVERHEAD,1,12141000,0.58,0.62
1997,MONTANA,30.0,GALLATIN,31,34474000,-0.06,-0.1
1997,MONTANA,30.0,JEFFERSON,43,2066000,0.26,0.24
1997,MONTANA,30.0,MADISON,57,11126000,0.45,0.46
1997,MONTANA,30.0,SILVER BOW,93,320000,0.46,0.47
1997,NEBRASKA,31.0,BUFFALO,19,84298000,0.26,0.29
1997,NEBRASKA,31.0,CUSTER,41,75727000,-0.02,-0.01
1997,NEBRASKA,31.0,DAWSON,47,91103000,0.35,0.37
1997,NEBRASKA,31.0,GREELEY,77,18883000,0.56,0.54
1997,NEBRASKA,31.0,HALL,79,72460000,0.34,0.32
1997,NEBRASKA,31.0,HOWARD,93,38213000,0.46,0.47
1997,NEBRASKA,31.0,SHERMAN,163,24081000,-0.34,-0.44
1997,NEBRASKA,31.0,VALLEY,175,27118000,0.0,-0.1
1997,NEBRASKA,31.0,BUTLER,23,69187000,-0.43,-0.46
1997,NEBRASKA,31.0,CASS,25,58011000,-0.07,-0.03
1997,NEBRASKA,31.0,COLFAX,37,45827000,0.11,0.17
1997,NEBRASKA,31.0,DODGE,53,73867000,0.27,0.28
1997,NEBRASKA,31.0,DOUGLAS,55,25141000,0.15,0.14
1997,NEBRASKA,31.0,HAMILTON,81,99075000,-0.18,-0.13
1997,NEBRASKA,31.0,LANCASTER,109,61038000,0.12,0.09
1997,NEBRASKA,31.0,MERRICK,121,59966000,0.32,0.32
1997,NEBRASKA,31.0,NANCE,125,31102000,0.21,0.22
1997,NEBRASKA,31.0,PLATTE,141,82442000,0.16,0.16
1997,NEBRASKA,31.0,POLK,143,65318000,0.39,0.39
1997,NEBRASKA,31.0,SARPY,153,22574000,-0.42,-0.49
1997,NEBRASKA,31.0,SAUNDERS,155,84236000,-0.51,-0.55
1997,NEBRASKA,31.0,SEWARD,159,70448000,0.06,-0.04
1997,NEBRASKA,31.0,WASHINGTON,177,46069000,0.11,0.04
1997,NEBRASKA,31.0,YORK,185,104154000,0.0,-0.05
1997,NEBRASKA,31.0,ARTHUR,5,2000000,0.19,0.18
1997,NEBRASKA,31.0,BLAINE,9,1746000,0.24,0.19
1997,NEBRASKA,31.0,BOYD,15,10120000,0.44,0.44
1997,NEBRASKA,31.0,BROWN,17,16024000,-0.35,-0.3
1997,NEBRASKA,31.0,CHERRY,31,8225000,-0.06,-0.1
1997,NEBRASKA,31.0,GARFIELD,71,4628000,0.46,0.5
1997,NEBRASKA,31.0,GRANT,75,632000,0.35,0.4
1997,NEBRASKA,31.0,HOLT,89,86641000,0.54,0.58
1997,NEBRASKA,31.0,HOOKER,91,139000,-0.14,-0.12
1997,NEBRASKA,31.0,KEYA PAHA,103,4270000,0.32,0.32
1997,NEBRASKA,31.0,LOGAN,113,6565000,-0.09,-0.07
1997,NEBRASKA,31.0,LOUP,115,2451000,0.38,0.35
1997,NEBRASKA,31.0,MCPHERSON,117,1001000,0.34,0.36
1997,NEBRASKA,31.0,ROCK,149,14819000,0.92,0.92
1997,NEBRASKA,31.0,THOMAS,171,794000,-0.25,-0.28
1997,NEBRASKA,31.0,WHEELER,183,13567000,-0.54,-0.54
1997,NEBRASKA,31.0,ANTELOPE,3,77905000,0.0,-0.01
1997,NEBRASKA,31.0,BOONE,11,56815000,0.1,0.08
1997,NEBRASKA,31.0,BURT,21,61219000,0.23,0.28
1997,NEBRASKA,31.0,CEDAR,27,49530000,0.29,0.28
1997,NEBRASKA,31.0,CUMING,39,61430000,-0.07,-0.06
1997,NEBRASKA,31.0,DAKOTA,43,23573000,0.26,0.24
1997,NEBRASKA,31.0,DIXON,51,28147000,0.59,0.65
1997,NEBRASKA,31.0,KNOX,107,28806000,0.14,0.17
1997,NEBRASKA,31.0,MADISON,119,52757000,-0.63,-0.58
1997,NEBRASKA,31.0,PIERCE,139,46065000,0.54,0.55
1997,NEBRASKA,31.0,STANTON,167,28530000,-0.05,-0.17
1997,NEBRASKA,31.0,THURSTON,173,30499000,0.19,0.14
1997,NEBRASKA,31.0,WAYNE,179,38928000,-0.56,-0.58
1997,NEBRASKA,31.0,BANNER,7,14476000,0.16,0.2
1997,NEBRASKA,31.0,BOX BUTTE,13,62188000,0.11,0.16
1997,NEBRASKA,31.0,CHEYENNE,33,41384000,0.25,0.24
1997,NEBRASKA,31.0,DAWES,45,7543000,0.55,0.48
1997,NEBRASKA,31.0,DEUEL,49,17289000,0.27,0.3
1997,NEBRASKA,31.0,GARDEN,69,14611000,0.93,0.87
1997,NEBRASKA,31.0,KIMBALL,105,14279000,0.12,0.18
1997,NEBRASKA,31.0,MORRILL,123,36593000,-0.12,-0.07
1997,NEBRASKA,31.0,SCOTTS BLUFF,157,58225000,-0.36,-0.37
1997,NEBRASKA,31.0,SHERIDAN,161,19416000,-0.1,-0.15
1997,NEBRASKA,31.0,SIOUX,165,9370000,-0.57,-0.65
1997,NEBRASKA,31.0,ADAMS,1,80768000,0.58,0.62
1997,NEBRASKA,31.0,FRANKLIN,61,37895000,0.35,0.29
1997,NEBRASKA,31.0,FURNAS,65,40058000,-0.24,-0.21
1997,NEBRASKA,31.0,GOSPER,73,26649000,0.49,0.49
1997,NEBRASKA,31.0,HARLAN,83,35586000,0.58,0.6
1997,NEBRASKA,31.0,KEARNEY,99,85990000,0.18,0.25
1997,NEBRASKA,31.0,PHELPS,137,87965000,0.08,0.08
1997,NEBRASKA,31.0,WEBSTER,181,27147000,0.26,0.16
1997,NEBRASKA,31.0,CLAY,35,75869000,0.24,0.31
1997,NEBRASKA,31.0,FILLMORE,59,89600000,0.2,0.21
1997,NEBRASKA,31.0,GAGE,67,64015000,0.68,0.65
1997,NEBRASKA,31.0,JEFFERSON,95,42835000,0.07,0.06
1997,NEBRASKA,31.0,JOHNSON,97,17740000,-0.1,-0.12
1997,NEBRASKA,31.0,NEMAHA,127,36428000,0.41,0.39
1997,NEBRASKA,31.0,NUCKOLLS,129,39313000,-0.37,-0.41
1997,NEBRASKA,31.0,OTOE,131,48764000,0.22,0.25
1997,NEBRASKA,31.0,PAWNEE,133,14215000,0.2,0.17
1997,NEBRASKA,31.0,RICHARDSON,147,42080000,-0.01,-0.01
1997,NEBRASKA,31.0,SALINE,151,52785000,-0.24,-0.27
1997,NEBRASKA,31.0,THAYER,169,64827000,-0.15,-0.22
1997,NEBRASKA,31.0,CHASE,29,72913000,0.5,0.51
1997,NEBRASKA,31.0,DUNDY,57,40501000,0.45,0.46
1997,NEBRASKA,31.0,FRONTIER,63,27711000,-0.23,-0.21
1997,NEBRASKA,31.0,HAYES,85,18665000,0.7,0.68
1997,NEBRASKA,31.0,HITCHCOCK,87,23499000,0.34,0.35
1997,NEBRASKA,31.0,KEITH,101,33669000,0.65,0.67
1997,NEBRASKA,31.0,LINCOLN,111,73150000,0.03,0.06
1997,NEBRASKA,31.0,PERKINS,135,58050000,0.1,0.06
1997,NEBRASKA,31.0,RED WILLOW,145,38891000,0.06,0.11
1997,NEVADA,32.0,ELKO,7,4230000,0.16,0.2
1997,NEVADA,32.0,EUREKA,11,7106000,0.1,0.08
1997,NEVADA,32.0,LANDER,15,5421000,0.44,0.44
1997,NEVADA,32.0,WHITE PINE,33,1840000,0.25,0.24
1997,NEVADA,32.0,CHURCHILL,1,11754000,0.58,0.62
1997,NEVADA,32.0,DOUGLAS,5,2153000,0.19,0.18
1997,NEVADA,32.0,HUMBOLDT,13,39190000,0.11,0.16
1997,NEVADA,32.0,LYON,19,29703000,0.26,0.29
1997,NEVADA,32.0,PERSHING,27,14547000,0.29,0.28
1997,NEVADA,32.0,WASHOE,31,15172000,-0.06,-0.1
1997,NEVADA,32.0,CLARK,3,6357000,0.0,-0.01
1997,NEVADA,32.0,ESMERALDA,9,3417000,0.24,0.19
1997,NEVADA,32.0,LINCOLN,17,4049000,-0.35,-0.3
1997,NEVADA,32.0,MINERAL,21,783000,0.23,0.28
1997,NEVADA,32.0,NYE,23,7421000,-0.43,-0.46
1997,NEW HAMPSHIRE,33.0,BELKNAP,1,2544000,0.58,0.62
1997,NEW HAMPSHIRE,33.0,CARROLL,3,2670000,0.0,-0.01
1997,NEW HAMPSHIRE,33.0,CHESHIRE,5,3649000,0.19,0.18
1997,NEW HAMPSHIRE,33.0,COOS,7,1837000,0.16,0.2
1997,NEW HAMPSHIRE,33.0,GRAFTON,9,3307000,0.24,0.19
1997,NEW HAMPSHIRE,33.0,HILLSBOROUGH,11,12305000,0.1,0.08
1997,NEW HAMPSHIRE,33.0,MERRIMACK,13,20891000,0.11,0.16
1997,NEW HAMPSHIRE,33.0,ROCKINGHAM,15,13523000,0.44,0.44
1997,NEW HAMPSHIRE,33.0,STRAFFORD,17,6424000,-0.35,-0.3
1997,NEW HAMPSHIRE,33.0,SULLIVAN,19,10884000,0.26,0.29
1997,NEW JERSEY,34.0,BURLINGTON,5,76440000,0.19,0.18
1997,NEW JERSEY,34.0,MERCER,21,12290000,0.23,0.28
1997,NEW JERSEY,34.0,MIDDLESEX,23,33315000,-0.43,-0.46
1997,NEW JERSEY,34.0,MONMOUTH,25,63422000,-0.07,-0.03
1997,NEW JERSEY,34.0,OCEAN,29,5715000,0.5,0.51
1997,NEW JERSEY,34.0,BERGEN,3,8762000,0.0,-0.01
1997,NEW JERSEY,34.0,ESSEX,13,1237000,0.11,0.16
1997,NEW JERSEY,34.0,HUNTERDON,19,29044000,0.26,0.29
1997,NEW JERSEY,34.0,MORRIS,27,28996000,0.29,0.28
1997,NEW JERSEY,34.0,PASSAIC,31,3727000,-0.06,-0.1
1997,NEW JERSEY,34.0,SOMERSET,35,10491000,0.24,0.31
1997,NEW JERSEY,34.0,SUSSEX,37,11730000,0.11,0.17
1997,NEW JERSEY,34.0,UNION,39,9965000,-0.07,-0.06
1997,NEW JERSEY,34.0,WARREN,41,19673000,-0.02,-0.01
1997,NEW JERSEY,34.0,ATLANTIC,1,64372000,0.58,0.62
1997,NEW JERSEY,34.0,CAMDEN,7,17281000,0.16,0.2
1997,NEW JERSEY,34.0,CAPE MAY,9,6656000,0.24,0.19
1997,NEW JERSEY,34.0,CUMBERLAND,11,92134000,0.1,0.08
1997,NEW JERSEY,34.0,GLOUCESTER,15,61558000,0.44,0.44
1997,NEW JERSEY,34.0,SALEM,33,43738000,0.25,0.24
1997,NEW MEXICO,35.0,COLFAX,7,1770000,0.16,0.2
1997,NEW MEXICO,35.0,CURRY,9,47473000,0.24,0.19
1997,NEW MEXICO,35.0,DE BACA,11,4817000,0.1,0.08
1997,NEW MEXICO,35.0,GUADALUPE,19,271000,0.26,0.29
1997,NEW MEXICO,35.0,HARDING,21,27000,0.23,0.28
1997,NEW MEXICO,35.0,MORA,33,425000,0.25,0.24
1997,NEW MEXICO,35.0,QUAY,37,13370000,0.11,0.17
1997,NEW MEXICO,35.0,ROOSEVELT,41,39940000,-0.02,-0.01
1997,NEW MEXICO,35.0,SAN MIGUEL,47,1131000,0.35,0.37
1997,NEW MEXICO,35.0,TORRANCE,57,12040000,0.45,0.46
1997,NEW MEXICO,35.0,UNION,59,13428000,0.2,0.21
1997,NEW MEXICO,35.0,BERNALILLO,1,5951000,0.58,0.62
1997,NEW MEXICO,35.0,CIBOLA,6,180000,-0.45,-0.6
1997,NEW MEXICO,35.0,MCKINLEY,31,74000,-0.06,-0.1
1997,NEW MEXICO,35.0,RIO ARRIBA,39,2311000,-0.07,-0.06
1997,NEW MEXICO,35.0,SAN JUAN,45,38483000,0.55,0.48
1997,NEW MEXICO,35.0,SANDOVAL,43,2349000,0.26,0.24
1997,NEW MEXICO,35.0,SANTA FE,49,8507000,0.27,0.3
1997,NEW MEXICO,35.0,TAOS,55,1353000,0.15,0.14
1997,NEW MEXICO,35.0,VALENCIA,61,6685000,0.35,0.29
1997,NEW MEXICO,35.0,CHAVES,5,39125000,0.19,0.18
1997,NEW MEXICO,35.0,DONA ANA,13,138005000,0.11,0.16
1997,NEW MEXICO,35.0,EDDY,15,29686000,0.44,0.44
1997,NEW MEXICO,35.0,LEA,25,16219000,-0.07,-0.03
1997,NEW MEXICO,35.0,LINCOLN,27,116000,0.29,0.28
1997,NEW MEXICO,35.0,OTERO,35,3812000,0.24,0.31
1997,NEW MEXICO,35.0,CATRON,3,48000,0.0,-0.01
1997,NEW MEXICO,35.0,GRANT,17,238000,-0.35,-0.3
1997,NEW MEXICO,35.0,HIDALGO,23,14736000,-0.43,-0.46
1997,NEW MEXICO,35.0,LUNA,29,43579000,0.5,0.51
1997,NEW MEXICO,35.0,SIERRA,51,4603000,0.59,0.65
1997,NEW MEXICO,35.0,SOCORRO,53,5486000,0.27,0.28
1997,NEW YORK,36.0,CAYUGA,11,40467000,0.1,0.08
1997,NEW YORK,36.0,CHENANGO,17,4033000,-0.35,-0.3
1997,NEW YORK,36.0,CORTLAND,23,3401000,-0.43,-0.46
1997,NEW YORK,36.0,HERKIMER,43,3887000,0.26,0.24
1997,NEW YORK,36.0,MADISON,53,10351000,0.27,0.28
1997,NEW YORK,36.0,ONEIDA,65,16643000,-0.24,-0.21
1997,NEW YORK,36.0,ONONDAGA,67,21664000,0.68,0.65
1997,NEW YORK,36.0,OSWEGO,75,20220000,0.35,0.4
1997,NEW YORK,36.0,OTSEGO,77,4936000,0.56,0.54
1997,NEW YORK,36.0,ALBANY,1,7000000,0.58,0.62
1997,NEW YORK,36.0,FULTON,35,1508000,0.24,0.31
1997,NEW YORK,36.0,MONTGOMERY,57,8419000,0.45,0.46
1997,NEW YORK,36.0,RENSSELAER,83,10276000,0.58,0.6
1997,NEW YORK,36.0,SARATOGA,91,9487000,-0.14,-0.12
1997,NEW YORK,36.0,SCHENECTADY,93,4808000,0.46,0.47
1997,NEW YORK,36.0,SCHOHARIE,95,6247000,0.07,0.06
1997,NEW YORK,36.0,WASHINGTON,115,10701000,0.38,0.35
1997,NEW YORK,36.0,KINGS,47,416000,0.35,0.37
1997,NEW YORK,36.0,NASSAU,59,2906000,0.2,0.21
1997,NEW YORK,36.0,SUFFOLK,103,164788000,0.32,0.32
1997,NEW YORK,36.0,CLINTON,19,16271000,0.26,0.29
1997,NEW YORK,36.0,ESSEX,31,2604000,-0.06,-0.1
1997,NEW YORK,36.0,FRANKLIN,33,5894000,0.25,0.24
1997,NEW YORK,36.0,HAMILTON,41,76000,-0.02,-0.01
1997,NEW YORK,36.0,WARREN,113,1489000,-0.09,-0.07
1997,NEW YORK,36.0,JEFFERSON,45,7255000,0.55,0.48
1997,NEW YORK,36.0,LEWIS,49,3446000,0.27,0.3
1997,NEW YORK,36.0,ST LAWRENCE,89,6878000,0.54,0.58
1997,NEW YORK,36.0,COLUMBIA,21,19208000,0.23,0.28
1997,NEW YORK,36.0,DELAWARE,25,5166000,-0.07,-0.03
1997,NEW YORK,36.0,DUTCHESS,27,18078000,0.29,0.28
1997,NEW YORK,36.0,GREENE,39,3388000,-0.07,-0.06
1997,NEW YORK,36.0,ORANGE,71,50338000,0.46,0.5
1997,NEW YORK,36.0,PUTNAM,79,2810000,0.34,0.32
1997,NEW YORK,36.0,SULLIVAN,105,2164000,0.12,0.18
1997,NEW YORK,36.0,ULSTER,111,37891000,0.03,0.06
1997,NEW YORK,36.0,WESTCHESTER,119,8119000,-0.63,-0.58
1997,NEW YORK,36.0,BROOME,7,4825000,0.16,0.2
1997,NEW YORK,36.0,CHEMUNG,15,4445000,0.44,0.44
1997,NEW YORK,36.0,SCHUYLER,97,3715000,-0.1,-0.12
1997,NEW YORK,36.0,TIOGA,107,3400000,0.14,0.17
1997,NEW YORK,36.0,TOMPKINS,109,7909000,0.12,0.09
1997,NEW YORK,36.0,ALLEGANY,3,4477000,0.0,-0.01
1997,NEW YORK,36.0,CATTARAUGUS,9,11030000,0.24,0.19
1997,NEW YORK,36.0,CHAUTAUQUA,13,31357000,0.11,0.16
1997,NEW YORK,36.0,STEUBEN,101,25879000,0.65,0.67
1997,NEW YORK,36.0,ERIE,29,32522000,0.5,0.51
1997,NEW YORK,36.0,GENESEE,37,49907000,0.11,0.17
1997,NEW YORK,36.0,LIVINGSTON,51,28371000,0.59,0.65
1997,NEW YORK,36.0,MONROE,55,41223000,0.15,0.14
1997,NEW YORK,36.0,NIAGARA,63,40165000,-0.23,-0.21
1997,NEW YORK,36.0,ONTARIO,69,39834000,0.93,0.87
1997,NEW YORK,36.0,ORLEANS,73,55699000,0.49,0.49
1997,NEW YORK,36.0,SENECA,99,21571000,0.18,0.25
1997,NEW YORK,36.0,WAYNE,117,76923000,0.34,0.36
1997,NEW YORK,36.0,WYOMING,121,14336000,0.32,0.32
1997,NEW YORK,36.0,YATES,123,21893000,-0.12,-0.07
1997,NORTH CAROLINA,37.0,BEAUFORT,13,54670000,0.11,0.16
1997,NORTH CAROLINA,37.0,CARTERET,31,18144000,-0.06,-0.1
1997,NORTH CAROLINA,37.0,CRAVEN,49,36060000,0.27,0.3
1997,NORTH CAROLINA,37.0,GREENE,79,52445000,0.34,0.32
1997,NORTH CAROLINA,37.0,HYDE,95,30006000,0.07,0.06
1997,NORTH CAROLINA,37.0,JOHNSTON,101,96455000,0.65,0.67
1997,NORTH CAROLINA,37.0,JONES,103,26348000,0.32,0.32
1997,NORTH CAROLINA,37.0,LENOIR,107,73609000,0.14,0.17
1997,NORTH CAROLINA,37.0,PAMLICO,137,20707000,0.08,0.08
1997,NORTH CAROLINA,37.0,PITT,147,96953000,-0.01,-0.01
1997,NORTH CAROLINA,37.0,WAYNE,191,72010000,-0.33,-0.3
1997,NORTH CAROLINA,37.0,WILSON,195,84253000,-0.3,-0.33
1997,NORTH CAROLINA,37.0,ALEXANDER,3,4858000,0.0,-0.01
1997,NORTH CAROLINA,37.0,CATAWBA,35,6699000,0.24,0.31
1997,NORTH CAROLINA,37.0,CHATHAM,37,4757000,0.11,0.17
1997,NORTH CAROLINA,37.0,DAVIDSON,57,10722000,0.45,0.46
1997,NORTH CAROLINA,37.0,DAVIE,59,5684000,0.2,0.21
1997,NORTH CAROLINA,37.0,IREDELL,97,9625000,-0.1,-0.12
1997,NORTH CAROLINA,37.0,LEE,105,15574000,0.12,0.18
1997,NORTH CAROLINA,37.0,RANDOLPH,151,15013000,-0.24,-0.27
1997,NORTH CAROLINA,37.0,ROWAN,159,13201000,0.06,-0.04
1997,NORTH CAROLINA,37.0,WAKE,183,55686000,-0.54,-0.54
1997,NORTH CAROLINA,37.0,BERTIE,15,65600000,0.44,0.44
1997,NORTH CAROLINA,37.0,CAMDEN,29,18873000,0.5,0.51
1997,NORTH CAROLINA,37.0,CHOWAN,41,26627000,-0.02,-0.01
1997,NORTH CAROLINA,37.0,CURRITUCK,53,13896000,0.27,0.28
1997,NORTH CAROLINA,37.0,EDGECOMBE,65,64549000,-0.24,-0.21
1997,NORTH CAROLINA,37.0,GATES,73,17414000,0.49,0.49
1997,NORTH CAROLINA,37.0,HALIFAX,83,53317000,0.58,0.6
1997,NORTH CAROLINA,37.0,HERTFORD,91,26878000,-0.14,-0.12
1997,NORTH CAROLINA,37.0,MARTIN,117,53568000,0.34,0.36
1997,NORTH CAROLINA,37.0,NASH,127,85736000,0.41,0.39
1997,NORTH CAROLINA,37.0,NORTHAMPTON,131,42976000,0.22,0.25
1997,NORTH CAROLINA,37.0,PASQUOTANK,139,32086000,0.54,0.55
1997,NORTH CAROLINA,37.0,PERQUIMANS,143,22441000,0.39,0.39
1997,NORTH CAROLINA,37.0,TYRRELL,177,19537000,0.11,0.04
1997,NORTH CAROLINA,37.0,WASHINGTON,187,41768000,0.08,0.1
1997,NORTH CAROLINA,37.0,ALLEGHANY,5,10829000,0.19,0.18
1997,NORTH CAROLINA,37.0,ASHE,9,17591000,0.24,0.19
1997,NORTH CAROLINA,37.0,AVERY,11,17618000,0.1,0.08
1997,NORTH CAROLINA,37.0,CALDWELL,27,14277000,0.29,0.28
1997,NORTH CAROLINA,37.0,SURRY,171,32462000,-0.25,-0.28
1997,NORTH CAROLINA,37.0,WATAUGA,189,7783000,0.09,-0.01
1997,NORTH CAROLINA,37.0,WILKES,193,9030000,-0.01,-0.08
1997,NORTH CAROLINA,37.0,YADKIN,197,22604000,-0.2,-0.22
1997,NORTH CAROLINA,37.0,ALAMANCE,1,13216000,0.58,0.62
1997,NORTH CAROLINA,37.0,CASWELL,33,22026000,0.25,0.24
1997,NORTH CAROLINA,37.0,DURHAM,63,6138000,-0.23,-0.21
1997,NORTH CAROLINA,37.0,FORSYTH,67,13813000,0.68,0.65
1997,NORTH CAROLINA,37.0,FRANKLIN,69,39689000,0.93,0.87
1997,NORTH CAROLINA,37.0,GRANVILLE,77,30788000,0.56,0.54
1997,NORTH CAROLINA,37.0,GUILFORD,81,33894000,-0.18,-0.13
1997,NORTH CAROLINA,37.0,ORANGE,135,12012000,0.1,0.06
1997,NORTH CAROLINA,37.0,PERSON,145,25181000,0.06,0.11
1997,NORTH CAROLINA,37.0,ROCKINGHAM,157,29907000,-0.36,-0.37
1997,NORTH CAROLINA,37.0,STOKES,169,23210000,-0.15,-0.22
1997,NORTH CAROLINA,37.0,VANCE,181,18221000,0.26,0.16
1997,NORTH CAROLINA,37.0,WARREN,185,13570000,0.0,-0.05
1997,NORTH CAROLINA,37.0,BLADEN,17,36098000,-0.35,-0.3
1997,NORTH CAROLINA,37.0,BRUNSWICK,19,12388000,0.26,0.29
1997,NORTH CAROLINA,37.0,COLUMBUS,47,66839000,0.35,0.37
1997,NORTH CAROLINA,37.0,CUMBERLAND,51,22269000,0.59,0.65
1997,NORTH CAROLINA,37.0,DUPLIN,61,70877000,0.35,0.29
1997,NORTH CAROLINA,37.0,HARNETT,85,44068000,0.7,0.68
1997,NORTH CAROLINA,37.0,HOKE,93,18680000,0.46,0.47
1997,NORTH CAROLINA,37.0,ONSLOW,133,21617000,0.2,0.17
1997,NORTH CAROLINA,37.0,PENDER,141,22453000,0.16,0.16
1997,NORTH CAROLINA,37.0,ROBESON,155,101373000,-0.51,-0.55
1997,NORTH CAROLINA,37.0,SAMPSON,163,100070000,-0.34,-0.44
1997,NORTH CAROLINA,37.0,SCOTLAND,165,12466000,-0.57,-0.65
1997,NORTH CAROLINA,37.0,ANSON,7,4739000,0.16,0.2
1997,NORTH CAROLINA,37.0,CABARRUS,25,5356000,-0.07,-0.03
1997,NORTH CAROLINA,37.0,CLEVELAND,45,9640000,0.55,0.48
1997,NORTH CAROLINA,37.0,GASTON,71,3421000,0.46,0.5
1997,NORTH CAROLINA,37.0,LINCOLN,109,2997000,0.12,0.09
1997,NORTH CAROLINA,37.0,MECKLENBURG,119,34363000,-0.63,-0.58
1997,NORTH CAROLINA,37.0,MONTGOMERY,123,3619000,-0.12,-0.07
1997,NORTH CAROLINA,37.0,MOORE,125,20292000,0.21,0.22
1997,NORTH CAROLINA,37.0,RICHMOND,153,10676000,-0.42,-0.49
1997,NORTH CAROLINA,37.0,STANLY,167,13788000,-0.05,-0.17
1997,NORTH CAROLINA,37.0,UNION,179,31283000,-0.56,-0.58
1997,NORTH CAROLINA,37.0,BUNCOMBE,21,25487000,0.23,0.28
1997,NORTH CAROLINA,37.0,BURKE,23,10204000,-0.43,-0.46
1997,NORTH CAROLINA,37.0,CHEROKEE,39,1626000,-0.07,-0.06
1997,NORTH CAROLINA,37.0,CLAY,43,633000,0.26,0.24
1997,NORTH CAROLINA,37.0,GRAHAM,75,250000,0.35,0.4
1997,NORTH CAROLINA,37.0,HAYWOOD,87,5502000,0.34,0.35
1997,NORTH CAROLINA,37.0,HENDERSON,89,40406000,0.54,0.58
1997,NORTH CAROLINA,37.0,JACKSON,99,5769000,0.18,0.25
1997,NORTH CAROLINA,37.0,MACON,113,2110000,-0.09,-0.07
1997,NORTH CAROLINA,37.0,MADISON,115,8381000,0.38,0.35
1997,NORTH CAROLINA,37.0,MCDOWELL,111,8379000,0.03,0.06
1997,NORTH CAROLINA,37.0,MITCHELL,121,3351000,0.32,0.32
1997,NORTH CAROLINA,37.0,POLK,149,1741000,0.92,0.92
1997,NORTH CAROLINA,37.0,RUTHERFORD,161,1415000,-0.1,-0.15
1997,NORTH CAROLINA,37.0,SWAIN,173,865000,0.19,0.14
1997,NORTH CAROLINA,37.0,TRANSYLVANIA,175,3630000,0.0,-0.1
1997,NORTH CAROLINA,37.0,YANCEY,199,4759000,-0.61,-0.6
1997,NORTH DAKOTA,38.0,EDDY,27,15092000,0.29,0.28
1997,NORTH DAKOTA,38.0,FOSTER,31,24911000,-0.06,-0.1
1997,NORTH DAKOTA,38.0,KIDDER,43,15863000,0.26,0.24
1997,NORTH DAKOTA,38.0,SHERIDAN,83,17330000,0.58,0.6
1997,NORTH DAKOTA,38.0,STUTSMAN,93,66787000,0.46,0.47
1997,NORTH DAKOTA,38.0,WELLS,103,51769000,0.32,0.32
1997,NORTH DAKOTA,38.0,BARNES,3,70528000,0.0,-0.01
1997,NORTH DAKOTA,38.0,CASS,17,165158000,-0.35,-0.3
1997,NORTH DAKOTA,38.0,GRIGGS,39,24049000,-0.07,-0.06
1997,NORTH DAKOTA,38.0,STEELE,91,46123000,-0.14,-0.12
1997,NORTH DAKOTA,38.0,TRAILL,97,85129000,-0.1,-0.12
1997,NORTH DAKOTA,38.0,BENSON,5,39409000,0.19,0.18
1997,NORTH DAKOTA,38.0,BOTTINEAU,9,55702000,0.24,0.19
1997,NORTH DAKOTA,38.0,MCHENRY,49,35818000,0.27,0.3
1997,NORTH DAKOTA,38.0,PIERCE,69,27420000,0.93,0.87
1997,NORTH DAKOTA,38.0,ROLETTE,79,21846000,0.34,0.32
1997,NORTH DAKOTA,38.0,CAVALIER,19,70815000,0.26,0.29
1997,NORTH DAKOTA,38.0,GRAND FORKS,35,119256000,0.24,0.31
1997,NORTH DAKOTA,38.0,NELSON,63,31019000,-0.23,-0.21
1997,NORTH DAKOTA,38.0,PEMBINA,67,124164000,0.68,0.65
1997,NORTH DAKOTA,38.0,RAMSEY,71,42188000,0.46,0.5
1997,NORTH DAKOTA,38.0,TOWNER,95,39570000,0.07,0.06
1997,NORTH DAKOTA,38.0,WALSH,99,117931000,0.18,0.25
1997,NORTH DAKOTA,38.0,BURKE,13,25041000,0.11,0.16
1997,NORTH DAKOTA,38.0,DIVIDE,23,30785000,-0.43,-0.46
1997,NORTH DAKOTA,38.0,MOUNTRAIL,61,40867000,0.35,0.29
1997,NORTH DAKOTA,38.0,RENVILLE,75,34975000,0.35,0.4
1997,NORTH DAKOTA,38.0,WARD,101,70805000,0.65,0.67
1997,NORTH DAKOTA,38.0,WILLIAMS,105,42855000,0.12,0.18
1997,NORTH DAKOTA,38.0,BURLEIGH,15,18832000,0.44,0.44
1997,NORTH DAKOTA,38.0,EMMONS,29,25871000,0.5,0.51
1997,NORTH DAKOTA,38.0,GRANT,37,12982000,0.11,0.17
1997,NORTH DAKOTA,38.0,MORTON,59,18048000,0.2,0.21
1997,NORTH DAKOTA,38.0,SIOUX,85,3274000,0.7,0.68
1997,NORTH DAKOTA,38.0,DICKEY,21,43757000,0.23,0.28
1997,NORTH DAKOTA,38.0,LA MOURE,45,54516000,0.55,0.48
1997,NORTH DAKOTA,38.0,LOGAN,47,11232000,0.35,0.37
1997,NORTH DAKOTA,38.0,MCINTOSH,51,15361000,0.59,0.65
1997,NORTH DAKOTA,38.0,RANSOM,73,47384000,0.49,0.49
1997,NORTH DAKOTA,38.0,RICHLAND,77,143862000,0.56,0.54
1997,NORTH DAKOTA,38.0,SARGENT,81,49776000,-0.18,-0.13
1997,NORTH DAKOTA,38.0,ADAMS,1,14839000,0.58,0.62
1997,NORTH DAKOTA,38.0,BILLINGS,7,3669000,0.16,0.2
1997,NORTH DAKOTA,38.0,BOWMAN,11,12677000,0.1,0.08
1997,NORTH DAKOTA,38.0,GOLDEN VALLEY,33,10266000,0.25,0.24
1997,NORTH DAKOTA,38.0,HETTINGER,41,36099000,-0.02,-0.01
1997,NORTH DAKOTA,38.0,SLOPE,87,12465000,0.34,0.35
1997,NORTH DAKOTA,38.0,STARK,89,21832000,0.54,0.58
1997,NORTH DAKOTA,38.0,DUNN,25,11529000,-0.07,-0.03
1997,NORTH DAKOTA,38.0,MCKENZIE,53,25828000,0.27,0.28
1997,NORTH DAKOTA,38.0,MCLEAN,55,62801000,0.15,0.14
1997,NORTH DAKOTA,38.0,MERCER,57,12271000,0.45,0.46
1997,NORTH DAKOTA,38.0,OLIVER,65,7456000,-0.24,-0.21
1997,OHIO,39.0,DELAWARE,41,47552000,-0.02,-0.01
1997,OHIO,39.0,FAIRFIELD,45,37626000,0.55,0.48
1997,OHIO,39.0,FAYETTE,47,65517000,0.35,0.37
1997,OHIO,39.0,FRANKLIN,49,38340000,0.27,0.3
1997,OHIO,39.0,KNOX,83,28938000,0.58,0.6
1997,OHIO,39.0,LICKING,89,42078000,0.54,0.58
1997,OHIO,39.0,MADISON,97,68443000,-0.1,-0.12
1997,OHIO,39.0,MARION,101,53473000,0.65,0.67
1997,OHIO,39.0,MORROW,117,28499000,0.34,0.36
1997,OHIO,39.0,PICKAWAY,129,67965000,-0.37,-0.41
1997,OHIO,39.0,ROSS,141,37812000,0.16,0.16
1997,OHIO,39.0,UNION,159,43122000,0.06,-0.04
1997,OHIO,39.0,BELMONT,13,2322000,0.11,0.16
1997,OHIO,39.0,CARROLL,19,9802000,0.26,0.29
1997,OHIO,39.0,COSHOCTON,31,15247000,-0.06,-0.1
1997,OHIO,39.0,HARRISON,67,2459000,0.68,0.65
1997,OHIO,39.0,HOLMES,75,8366000,0.35,0.4
1997,OHIO,39.0,JEFFERSON,81,1961000,-0.18,-0.13
1997,OHIO,39.0,TUSCARAWAS,157,11940000,-0.36,-0.37
1997,OHIO,39.0,ASHLAND,5,19223000,0.19,0.18
1997,OHIO,39.0,CRAWFORD,33,53731000,0.25,0.24
1997,OHIO,39.0,ERIE,43,29438000,0.26,0.24
1997,OHIO,39.0,HURON,77,64251000,0.56,0.54
1997,OHIO,39.0,LORAIN,93,69567000,0.46,0.47
1997,OHIO,39.0,OTTAWA,123,26799000,-0.12,-0.07
1997,OHIO,39.0,RICHLAND,139,23876000,0.54,0.55
1997,OHIO,39.0,SANDUSKY,143,57260000,0.39,0.39
1997,OHIO,39.0,SENECA,147,61506000,-0.01,-0.01
1997,OHIO,39.0,WYANDOT,175,45738000,0.0,-0.1
1997,OHIO,39.0,ASHTABULA,7,15419000,0.16,0.2
1997,OHIO,39.0,COLUMBIANA,29,17702000,0.5,0.51
1997,OHIO,39.0,CUYAHOGA,35,17685000,0.24,0.31
1997,OHIO,39.0,GEAUGA,55,9396000,0.15,0.14
1997,OHIO,39.0,LAKE,85,73066000,0.7,0.68
1997,OHIO,39.0,MAHONING,99,18486000,0.18,0.25
1997,OHIO,39.0,MEDINA,103,18902000,0.32,0.32
1997,OHIO,39.0,PORTAGE,133,13299000,0.2,0.17
1997,OHIO,39.0,STARK,151,28459000,-0.24,-0.27
1997,OHIO,39.0,SUMMIT,153,8792000,-0.42,-0.49
1997,OHIO,39.0,TRUMBULL,155,15148000,-0.51,-0.55
1997,OHIO,39.0,WAYNE,169,35949000,-0.15,-0.22
1997,OHIO,39.0,ALLEN,3,45478000,0.0,-0.01
1997,OHIO,39.0,DEFIANCE,39,33906000,-0.07,-0.06
1997,OHIO,39.0,FULTON,51,57922000,0.59,0.65
1997,OHIO,39.0,HANCOCK,63,68036000,-0.23,-0.21
1997,OHIO,39.0,HENRY,69,68379000,0.93,0.87
1997,OHIO,39.0,LUCAS,95,46555000,0.07,0.06
1997,OHIO,39.0,PAULDING,125,46334000,0.21,0.22
1997,OHIO,39.0,PUTNAM,137,71932000,0.08,0.08
1997,OHIO,39.0,VAN WERT,161,64139000,-0.1,-0.15
1997,OHIO,39.0,WILLIAMS,171,35253000,-0.25,-0.28
1997,OHIO,39.0,WOOD,173,89158000,0.19,0.14
1997,OHIO,39.0,ADAMS,1,15602000,0.58,0.62
1997,OHIO,39.0,BROWN,15,30870000,0.44,0.44
1997,OHIO,39.0,GALLIA,53,6430000,0.27,0.28
1997,OHIO,39.0,HIGHLAND,71,33884000,0.46,0.5
1997,OHIO,39.0,JACKSON,79,13328000,0.34,0.32
1997,OHIO,39.0,LAWRENCE,87,2390000,0.34,0.35
1997,OHIO,39.0,PIKE,131,3983000,0.22,0.25
1997,OHIO,39.0,SCIOTO,145,9103000,0.06,0.11
1997,OHIO,39.0,ATHENS,9,2280000,0.24,0.19
1997,OHIO,39.0,GUERNSEY,59,2423000,0.2,0.21
1997,OHIO,39.0,HOCKING,73,2331000,0.49,0.49
1997,OHIO,39.0,MEIGS,105,10243000,0.12,0.18
1997,OHIO,39.0,MONROE,111,1096000,0.03,0.06
1997,OHIO,39.0,MORGAN,115,1715000,0.38,0.35
1997,OHIO,39.0,MUSKINGUM,119,9923000,-0.63,-0.58
1997,OHIO,39.0,NOBLE,121,697000,0.32,0.32
1997,OHIO,39.0,PERRY,127,9260000,0.41,0.39
1997,OHIO,39.0,VINTON,163,706000,-0.34,-0.44
1997,OHIO,39.0,WASHINGTON,167,7672000,-0.05,-0.17
1997,OHIO,39.0,BUTLER,17,22204000,-0.35,-0.3
1997,OHIO,39.0,CLERMONT,25,13910000,-0.07,-0.03
1997,OHIO,39.0,CLINTON,27,56204000,0.29,0.28
1997,OHIO,39.0,GREENE,57,49654000,0.45,0.46
1997,OHIO,39.0,HAMILTON,61,14525000,0.35,0.29
1997,OHIO,39.0,MONTGOMERY,113,29855000,-0.09,-0.07
1997,OHIO,39.0,PREBLE,135,44615000,0.1,0.06
1997,OHIO,39.0,WARREN,165,28606000,-0.57,-0.65
1997,OHIO,39.0,AUGLAIZE,11,47069000,0.1,0.08
1997,OHIO,39.0,CHAMPAIGN,21,55319000,0.23,0.28
1997,OHIO,39.0,CLARK,23,64365000,-0.43,-0.46
1997,OHIO,39.0,DARKE,37,75608000,0.11,0.17
1997,OHIO,39.0,HARDIN,65,54002000,-0.24,-0.21
1997,OHIO,39.0,LOGAN,91,41440000,-0.14,-0.12
1997,OHIO,39.0,MERCER,107,55688000,0.14,0.17
1997,OHIO,39.0,MIAMI,109,50984000,0.12,0.09
1997,OHIO,39.0,SHELBY,149,40862000,0.92,0.92
1997,OKLAHOMA,40.0,CANADIAN,17,21025000,-0.35,-0.3
1997,OKLAHOMA,40.0,CLEVELAND,27,4242000,0.29,0.28
1997,OKLAHOMA,40.0,CREEK,37,2179000,0.11,0.17
1997,OKLAHOMA,40.0,GRADY,51,14249000,0.59,0.65
1997,OKLAHOMA,40.0,KINGFISHER,73,22856000,0.49,0.49
1997,OKLAHOMA,40.0,LINCOLN,81,2992000,-0.18,-0.13
1997,OKLAHOMA,40.0,LOGAN,83,11409000,0.58,0.6
1997,OKLAHOMA,40.0,MCCLAIN,87,6848000,0.34,0.35
1997,OKLAHOMA,40.0,OKFUSKEE,107,2091000,0.14,0.17
1997,OKLAHOMA,40.0,OKLAHOMA,109,8671000,0.12,0.09
1997,OKLAHOMA,40.0,PAYNE,119,3869000,-0.63,-0.58
1997,OKLAHOMA,40.0,POTTAWATOMIE,125,4758000,0.21,0.22
1997,OKLAHOMA,40.0,SEMINOLE,133,2370000,0.2,0.17
1997,OKLAHOMA,40.0,ADAIR,1,1211000,0.58,0.62
1997,OKLAHOMA,40.0,CHEROKEE,21,38749000,0.23,0.28
1997,OKLAHOMA,40.0,HASKELL,61,1144000,0.35,0.29
1997,OKLAHOMA,40.0,HUGHES,63,4043000,-0.23,-0.21
1997,OKLAHOMA,40.0,MCINTOSH,91,2693000,-0.14,-0.12
1997,OKLAHOMA,40.0,MUSKOGEE,101,12721000,0.65,0.67
1997,OKLAHOMA,40.0,OKMULGEE,111,4223000,0.03,0.06
1997,OKLAHOMA,40.0,PITTSBURG,121,3271000,0.32,0.32
1997,OKLAHOMA,40.0,SEQUOYAH,135,4883000,0.1,0.06
1997,OKLAHOMA,40.0,ALFALFA,3,35726000,0.0,-0.01
1997,OKLAHOMA,40.0,GARFIELD,47,44133000,0.35,0.37
1997,OKLAHOMA,40.0,GRANT,53,45148000,0.27,0.28
1997,OKLAHOMA,40.0,KAY,71,41082000,0.46,0.5
1997,OKLAHOMA,40.0,MAJOR,93,16170000,0.46,0.47
1997,OKLAHOMA,40.0,NOBLE,103,18861000,0.32,0.32
1997,OKLAHOMA,40.0,WOODS,151,25998000,-0.24,-0.27
1997,OKLAHOMA,40.0,WOODWARD,153,8876000,-0.42,-0.49
1997,OKLAHOMA,40.0,CRAIG,35,6189000,0.24,0.31
1997,OKLAHOMA,40.0,DELAWARE,41,2991000,-0.02,-0.01
1997,OKLAHOMA,40.0,MAYES,97,4381000,-0.1,-0.12
1997,OKLAHOMA,40.0,NOWATA,105,1770000,0.12,0.18
1997,OKLAHOMA,40.0,OSAGE,113,5645000,-0.09,-0.07
1997,OKLAHOMA,40.0,OTTAWA,115,28341000,0.38,0.35
1997,OKLAHOMA,40.0,PAWNEE,117,3656000,0.34,0.36
1997,OKLAHOMA,40.0,ROGERS,131,5963000,0.22,0.25
1997,OKLAHOMA,40.0,TULSA,143,13148000,0.39,0.39
1997,OKLAHOMA,40.0,WAGONER,145,18595000,0.06,0.11
1997,OKLAHOMA,40.0,WASHINGTON,147,4381000,-0.01,-0.01
1997,OKLAHOMA,40.0,BEAVER,7,15232000,0.16,0.2
1997,OKLAHOMA,40.0,CIMARRON,25,30573000,-0.07,-0.03
1997,OKLAHOMA,40.0,ELLIS,45,8844000,0.55,0.48
1997,OKLAHOMA,40.0,HARPER,59,9027000,0.2,0.21
1997,OKLAHOMA,40.0,TEXAS,139,52808000,0.54,0.55
1997,OKLAHOMA,40.0,ATOKA,5,1647000,0.19,0.18
1997,OKLAHOMA,40.0,BRYAN,13,8861000,0.11,0.16
1997,OKLAHOMA,40.0,CARTER,19,2082000,0.26,0.29
1997,OKLAHOMA,40.0,COAL,29,802000,0.5,0.51
1997,OKLAHOMA,40.0,GARVIN,49,8710000,0.27,0.3
1997,OKLAHOMA,40.0,JEFFERSON,67,4693000,0.68,0.65
1997,OKLAHOMA,40.0,JOHNSTON,69,1907000,0.93,0.87
1997,OKLAHOMA,40.0,LOVE,85,3388000,0.7,0.68
1997,OKLAHOMA,40.0,MARSHALL,95,1195000,0.07,0.06
1997,OKLAHOMA,40.0,MURRAY,99,654000,0.18,0.25
1997,OKLAHOMA,40.0,PONTOTOC,123,1821000,-0.12,-0.07
1997,OKLAHOMA,40.0,STEPHENS,137,3237000,0.08,0.08
1997,OKLAHOMA,40.0,CHOCTAW,23,3068000,-0.43,-0.46
1997,OKLAHOMA,40.0,LATIMER,77,607000,0.56,0.54
1997,OKLAHOMA,40.0,LEFLORE,79,7708000,0.34,0.32
1997,OKLAHOMA,40.0,MCCURTAIN,89,4213000,0.54,0.58
1997,OKLAHOMA,40.0,PUSHMATAHA,127,384000,0.41,0.39
1997,OKLAHOMA,40.0,CADDO,15,44630000,0.44,0.44
1997,OKLAHOMA,40.0,COMANCHE,31,11739000,-0.06,-0.1
1997,OKLAHOMA,40.0,COTTON,33,11504000,0.25,0.24
1997,OKLAHOMA,40.0,GREER,55,9412000,0.15,0.14
1997,OKLAHOMA,40.0,HARMON,57,12267000,0.45,0.46
1997,OKLAHOMA,40.0,JACKSON,65,42768000,-0.24,-0.21
1997,OKLAHOMA,40.0,KIOWA,75,20014000,0.35,0.4
1997,OKLAHOMA,40.0,TILLMAN,141,25390000,0.16,0.16
1997,OKLAHOMA,40.0,BECKHAM,9,8034000,0.24,0.19
1997,OKLAHOMA,40.0,BLAINE,11,19449000,0.1,0.08
1997,OKLAHOMA,40.0,CUSTER,39,21721000,-0.07,-0.06
1997,OKLAHOMA,40.0,DEWEY,43,11184000,0.26,0.24
1997,OKLAHOMA,40.0,ROGER MILLS,129,4516000,-0.37,-0.41
1997,OKLAHOMA,40.0,WASHITA,149,26063000,0.92,0.92
1997,OREGON,41.0,GILLIAM,21,20734000,0.23,0.28
1997,OREGON,41.0,HOOD RIVER,27,64803000,0.29,0.28
1997,OREGON,41.0,MORROW,49,111643000,0.27,0.3
1997,OREGON,41.0,SHERMAN,55,20816000,0.15,0.14
1997,OREGON,41.0,WASCO,65,47728000,-0.24,-0.21
1997,OREGON,41.0,BAKER,1,13755000,0.58,0.62
1997,OREGON,41.0,UMATILLA,59,194914000,0.2,0.21
1997,OREGON,41.0,UNION,61,36513000,0.35,0.29
1997,OREGON,41.0,WALLOWA,63,10024000,-0.23,-0.21
1997,OREGON,41.0,BENTON,3,62670000,0.0,-0.01
1997,OREGON,41.0,CLACKAMAS,5,223229000,0.19,0.18
1997,OREGON,41.0,CLATSOP,7,753000,0.16,0.2
1997,OREGON,41.0,COLUMBIA,9,20328000,0.24,0.19
1997,OREGON,41.0,LANE,39,56895000,-0.07,-0.06
1997,OREGON,41.0,LINCOLN,41,2622000,-0.02,-0.01
1997,OREGON,41.0,LINN,43,141845000,0.26,0.24
1997,OREGON,41.0,MARION,47,375576000,0.35,0.37
1997,OREGON,41.0,MULTNOMAH,51,40466000,0.59,0.65
1997,OREGON,41.0,POLK,53,74246000,0.27,0.28
1997,OREGON,41.0,TILLAMOOK,57,465000,0.45,0.46
1997,OREGON,41.0,WASHINGTON,67,173232000,0.68,0.65
1997,OREGON,41.0,YAMHILL,71,132944000,0.46,0.5
1997,OREGON,41.0,CROOK,13,13170000,0.11,0.16
1997,OREGON,41.0,DESCHUTES,17,10713000,-0.35,-0.3
1997,OREGON,41.0,GRANT,23,2437000,-0.43,-0.46
1997,OREGON,41.0,HARNEY,25,7426000,-0.07,-0.03
1997,OREGON,41.0,JEFFERSON,31,36265000,-0.06,-0.1
1997,OREGON,41.0,KLAMATH,35,52356000,0.24,0.31
1997,OREGON,41.0,LAKE,37,20812000,0.11,0.17
1997,OREGON,41.0,MALHEUR,45,127922000,0.55,0.48
1997,OREGON,41.0,WHEELER,69,630000,0.93,0.87
1997,OREGON,41.0,COOS,11,15146000,0.1,0.08
1997,OREGON,41.0,CURRY,15,8758000,0.44,0.44
1997,OREGON,41.0,DOUGLAS,19,10739000,0.26,0.29
1997,OREGON,41.0,JACKSON,29,38971000,0.5,0.51
1997,OREGON,41.0,JOSEPHINE,33,8870000,0.25,0.24
1997,PENNSYLVANIA,42.0,BLAIR,13,7753000,0.11,0.16
1997,PENNSYLVANIA,42.0,CAMBRIA,21,13170000,0.23,0.28
1997,PENNSYLVANIA,42.0,CENTRE,27,15710000,0.29,0.28
1997,PENNSYLVANIA,42.0,CLEARFIELD,33,4353000,0.25,0.24
1997,PENNSYLVANIA,42.0,COLUMBIA,37,26365000,0.11,0.17
1997,PENNSYLVANIA,42.0,DAUPHIN,43,13546000,0.26,0.24
1997,PENNSYLVANIA,42.0,HUNTINGDON,61,5951000,0.35,0.29
1997,PENNSYLVANIA,42.0,JUNIATA,67,7784000,0.68,0.65
1997,PENNSYLVANIA,42.0,MIFFLIN,87,5415000,0.34,0.35
1997,PENNSYLVANIA,42.0,MONTOUR,93,19873000,0.46,0.47
1997,PENNSYLVANIA,42.0,NORTHUMBERLAND,97,25504000,-0.1,-0.12
1997,PENNSYLVANIA,42.0,PERRY,99,9675000,0.18,0.25
1997,PENNSYLVANIA,42.0,SNYDER,109,10832000,0.12,0.09
1997,PENNSYLVANIA,42.0,UNION,119,9921000,-0.63,-0.58
1997,PENNSYLVANIA,42.0,CARBON,25,6660000,-0.07,-0.03
1997,PENNSYLVANIA,42.0,LEHIGH,77,41610000,0.56,0.54
1997,PENNSYLVANIA,42.0,LUZERNE,79,14954000,0.34,0.32
1997,PENNSYLVANIA,42.0,MONROE,89,3288000,0.54,0.58
1997,PENNSYLVANIA,42.0,NORTHAMPTON,95,21660000,0.07,0.06
1997,PENNSYLVANIA,42.0,PIKE,103,1283000,0.32,0.32
1997,PENNSYLVANIA,42.0,SCHUYLKILL,107,23734000,0.14,0.17
1997,PENNSYLVANIA,42.0,BRADFORD,15,10053000,0.44,0.44
1997,PENNSYLVANIA,42.0,CLINTON,35,8058000,0.24,0.31
1997,PENNSYLVANIA,42.0,ELK,47,717000,0.35,0.37
1997,PENNSYLVANIA,42.0,LYCOMING,81,17596000,-0.18,-0.13
1997,PENNSYLVANIA,42.0,MCKEAN,83,1334000,0.58,0.6
1997,PENNSYLVANIA,42.0,POTTER,105,4787000,0.12,0.18
1997,PENNSYLVANIA,42.0,SULLIVAN,113,488000,-0.09,-0.07
1997,PENNSYLVANIA,42.0,TIOGA,117,6077000,0.34,0.36
1997,PENNSYLVANIA,42.0,LACKAWANNA,69,7749000,0.93,0.87
1997,PENNSYLVANIA,42.0,SUSQUEHANNA,115,3283000,0.38,0.35
1997,PENNSYLVANIA,42.0,WAYNE,127,2834000,0.41,0.39
1997,PENNSYLVANIA,42.0,WYOMING,131,4157000,0.22,0.25
1997,PENNSYLVANIA,42.0,CRAWFORD,39,11302000,-0.07,-0.06
1997,PENNSYLVANIA,42.0,ERIE,49,48144000,0.27,0.3
1997,PENNSYLVANIA,42.0,FOREST,53,189000,0.27,0.28
1997,PENNSYLVANIA,42.0,MERCER,85,18862000,0.7,0.68
1997,PENNSYLVANIA,42.0,VENANGO,121,2075000,0.32,0.32
1997,PENNSYLVANIA,42.0,WARREN,123,2560000,-0.12,-0.07
1997,PENNSYLVANIA,42.0,ADAMS,1,64682000,0.58,0.62
1997,PENNSYLVANIA,42.0,BEDFORD,9,11610000,0.24,0.19
1997,PENNSYLVANIA,42.0,CUMBERLAND,41,22196000,-0.02,-0.01
1997,PENNSYLVANIA,42.0,FRANKLIN,55,24170000,0.15,0.14
1997,PENNSYLVANIA,42.0,FULTON,57,3893000,0.45,0.46
1997,PENNSYLVANIA,42.0,YORK,133,57443000,0.2,0.17
1997,PENNSYLVANIA,42.0,BERKS,11,131515000,0.1,0.08
1997,PENNSYLVANIA,42.0,BUCKS,17,66687000,-0.35,-0.3
1997,PENNSYLVANIA,42.0,CHESTER,29,301477000,0.5,0.51
1997,PENNSYLVANIA,42.0,DELAWARE,45,8216000,0.55,0.48
1997,PENNSYLVANIA,42.0,LANCASTER,71,117875000,0.46,0.5
1997,PENNSYLVANIA,42.0,LEBANON,75,20599000,0.35,0.4
1997,PENNSYLVANIA,42.0,MONTGOMERY,91,22680000,-0.14,-0.12
1997,PENNSYLVANIA,42.0,ALLEGHENY,3,8547000,0.0,-0.01
1997,PENNSYLVANIA,42.0,FAYETTE,51,9436000,0.59,0.65
1997,PENNSYLVANIA,42.0,GREENE,59,2668000,0.2,0.21
1997,PENNSYLVANIA,42.0,SOMERSET,111,8597000,0.03,0.06
1997,PENNSYLVANIA,42.0,WASHINGTON,125,11821000,0.21,0.22
1997,PENNSYLVANIA,42.0,WESTMORELAND,129,19953000,-0.37,-0.41
1997,PENNSYLVANIA,42.0,ARMSTRONG,5,29214000,0.19,0.18
1997,PENNSYLVANIA,42.0,BEAVER,7,5959000,0.16,0.2
1997,PENNSYLVANIA,42.0,BUTLER,19,16222000,0.26,0.29
1997,PENNSYLVANIA,42.0,CLARION,31,4534000,-0.06,-0.1
1997,PENNSYLVANIA,42.0,INDIANA,63,26885000,-0.23,-0.21
1997,PENNSYLVANIA,42.0,JEFFERSON,65,8151000,-0.24,-0.21
1997,PENNSYLVANIA,42.0,LAWRENCE,73,7566000,0.49,0.49
1997,RHODE ISLAND,44.0,BRISTOL,1,2746000,0.58,0.62
1997,RHODE ISLAND,44.0,KENT,3,2385000,0.0,-0.01
1997,RHODE ISLAND,44.0,NEWPORT,5,12205000,0.19,0.18
1997,RHODE ISLAND,44.0,PROVIDENCE,7,6696000,0.16,0.2
1997,RHODE ISLAND,44.0,WASHINGTON,9,17440000,0.24,0.19
1997,SOUTH CAROLINA,45.0,CALHOUN,17,22407000,-0.35,-0.3
1997,SOUTH CAROLINA,45.0,CLARENDON,27,44617000,0.29,0.28
1997,SOUTH CAROLINA,45.0,LEE,61,28330000,0.35,0.29
1997,SOUTH CAROLINA,45.0,LEXINGTON,63,23521000,-0.23,-0.21
1997,SOUTH CAROLINA,45.0,ORANGEBURG,75,50503000,0.35,0.4
1997,SOUTH CAROLINA,45.0,RICHLAND,79,5320000,0.34,0.32
1997,SOUTH CAROLINA,45.0,SUMTER,85,32329000,0.7,0.68
1997,SOUTH CAROLINA,45.0,CHESTERFIELD,25,9275000,-0.07,-0.03
1997,SOUTH CAROLINA,45.0,DARLINGTON,31,47803000,-0.06,-0.1
1997,SOUTH CAROLINA,45.0,DILLON,33,34575000,0.25,0.24
1997,SOUTH CAROLINA,45.0,FLORENCE,41,66416000,-0.02,-0.01
1997,SOUTH CAROLINA,45.0,GEORGETOWN,43,13306000,0.26,0.24
1997,SOUTH CAROLINA,45.0,HORRY,51,76547000,0.59,0.65
1997,SOUTH CAROLINA,45.0,MARION,67,31446000,0.68,0.65
1997,SOUTH CAROLINA,45.0,MARLBORO,69,29055000,0.93,0.87
1997,SOUTH CAROLINA,45.0,WILLIAMSBURG,89,43834000,0.54,0.58
1997,SOUTH CAROLINA,45.0,CHESTER,23,1421000,-0.43,-0.46
1997,SOUTH CAROLINA,45.0,FAIRFIELD,39,351000,-0.07,-0.06
1997,SOUTH CAROLINA,45.0,KERSHAW,55,2653000,0.15,0.14
1997,SOUTH CAROLINA,45.0,LANCASTER,57,2132000,0.45,0.46
1997,SOUTH CAROLINA,45.0,YORK,91,15757000,-0.14,-0.12
1997,SOUTH CAROLINA,45.0,ANDERSON,7,15013000,0.16,0.2
1997,SOUTH CAROLINA,45.0,CHEROKEE,21,3107000,0.23,0.28
1997,SOUTH CAROLINA,45.0,GREENVILLE,45,16170000,0.55,0.48
1997,SOUTH CAROLINA,45.0,LAURENS,59,7617000,0.2,0.21
1997,SOUTH CAROLINA,45.0,OCONEE,73,3995000,0.49,0.49
1997,SOUTH CAROLINA,45.0,PICKENS,77,3809000,0.56,0.54
1997,SOUTH CAROLINA,45.0,SPARTANBURG,83,13849000,0.58,0.6
1997,SOUTH CAROLINA,45.0,UNION,87,402000,0.34,0.35
1997,SOUTH CAROLINA,45.0,ALLENDALE,5,12882000,0.19,0.18
1997,SOUTH CAROLINA,45.0,BAMBERG,9,14225000,0.24,0.19
1997,SOUTH CAROLINA,45.0,BARNWELL,11,11871000,0.1,0.08
1997,SOUTH CAROLINA,45.0,BEAUFORT,13,7591000,0.11,0.16
1997,SOUTH CAROLINA,45.0,BERKELEY,15,21249000,0.44,0.44
1997,SOUTH CAROLINA,45.0,CHARLESTON,19,23790000,0.26,0.29
1997,SOUTH CAROLINA,45.0,COLLETON,29,11928000,0.5,0.51
1997,SOUTH CAROLINA,45.0,DORCHESTER,35,10706000,0.24,0.31
1997,SOUTH CAROLINA,45.0,HAMPTON,49,14874000,0.27,0.3
1997,SOUTH CAROLINA,45.0,JASPER,53,4612000,0.27,0.28
1997,SOUTH CAROLINA,45.0,ABBEVILLE,1,1529000,0.58,0.62
1997,SOUTH CAROLINA,45.0,AIKEN,3,14931000,0.0,-0.01
1997,SOUTH CAROLINA,45.0,EDGEFIELD,37,10141000,0.11,0.17
1997,SOUTH CAROLINA,45.0,NEWBERRY,71,3279000,0.46,0.5
1997,SOUTH CAROLINA,45.0,SALUDA,81,6028000,-0.18,-0.13
1997,SOUTH DAKOTA,46.0,AURORA,3,18388000,0.0,-0.01
1997,SOUTH DAKOTA,46.0,BEADLE,5,44862000,0.19,0.18
1997,SOUTH DAKOTA,46.0,BRULE,15,17243000,0.44,0.44
1997,SOUTH DAKOTA,46.0,BUFFALO,17,7964000,-0.35,-0.3
1997,SOUTH DAKOTA,46.0,HAND,59,28948000,0.2,0.21
1997,SOUTH DAKOTA,46.0,HUGHES,65,20912000,-0.24,-0.21
1997,SOUTH DAKOTA,46.0,HYDE,69,12217000,0.93,0.87
1997,SOUTH DAKOTA,46.0,JERAULD,73,11398000,0.49,0.49
1997,SOUTH DAKOTA,46.0,SULLY,119,39883000,-0.63,-0.58
1997,SOUTH DAKOTA,46.0,BROOKINGS,11,42681000,0.1,0.08
1997,SOUTH DAKOTA,46.0,DAVISON,35,25179000,0.24,0.31
1997,SOUTH DAKOTA,46.0,HANSON,61,22494000,0.35,0.29
1997,SOUTH DAKOTA,46.0,KINGSBURY,77,45857000,0.56,0.54
1997,SOUTH DAKOTA,46.0,LAKE,79,40611000,0.34,0.32
1997,SOUTH DAKOTA,46.0,MCCOOK,87,41540000,0.34,0.35
1997,SOUTH DAKOTA,46.0,MINER,97,21242000,-0.1,-0.12
1997,SOUTH DAKOTA,46.0,MINNEHAHA,99,65546000,0.18,0.25
1997,SOUTH DAKOTA,46.0,MOODY,101,40538000,0.65,0.67
1997,SOUTH DAKOTA,46.0,SANBORN,111,15814000,0.03,0.06
1997,SOUTH DAKOTA,46.0,BROWN,13,95853000,0.11,0.16
1997,SOUTH DAKOTA,46.0,CAMPBELL,21,11588000,0.23,0.28
1997,SOUTH DAKOTA,46.0,EDMUNDS,45,26818000,0.55,0.48
1997,SOUTH DAKOTA,46.0,FAULK,49,28442000,0.27,0.3
1997,SOUTH DAKOTA,46.0,MCPHERSON,89,10117000,0.54,0.58
1997,SOUTH DAKOTA,46.0,POTTER,107,25106000,0.14,0.17
1997,SOUTH DAKOTA,46.0,SPINK,115,79772000,0.38,0.35
1997,SOUTH DAKOTA,46.0,WALWORTH,129,14111000,-0.37,-0.41
1997,SOUTH DAKOTA,46.0,CLARK,25,31777000,-0.07,-0.03
1997,SOUTH DAKOTA,46.0,CODINGTON,29,28808000,0.5,0.51
1997,SOUTH DAKOTA,46.0,DAY,37,31462000,0.11,0.17
1997,SOUTH DAKOTA,46.0,DEUEL,39,21206000,-0.07,-0.06
1997,SOUTH DAKOTA,46.0,GRANT,51,39331000,0.59,0.65
1997,SOUTH DAKOTA,46.0,HAMLIN,57,27923000,0.45,0.46
1997,SOUTH DAKOTA,46.0,MARSHALL,91,29955000,-0.14,-0.12
1997,SOUTH DAKOTA,46.0,ROBERTS,109,57473000,0.12,0.09
1997,SOUTH DAKOTA,46.0,BUTTE,19,6447000,0.26,0.29
1997,SOUTH DAKOTA,46.0,CORSON,31,9589000,-0.06,-0.1
1997,SOUTH DAKOTA,46.0,DEWEY,41,6211000,-0.02,-0.01
1997,SOUTH DAKOTA,46.0,HARDING,63,3005000,-0.23,-0.21
1997,SOUTH DAKOTA,46.0,PERKINS,105,10292000,0.12,0.18
1997,SOUTH DAKOTA,46.0,ZIEBACH,137,9928000,0.08,0.08
1997,SOUTH DAKOTA,46.0,GREGORY,53,17890000,0.27,0.28
1997,SOUTH DAKOTA,46.0,JONES,75,5179000,0.35,0.4
1997,SOUTH DAKOTA,46.0,LYMAN,85,19547000,0.7,0.68
1997,SOUTH DAKOTA,46.0,MELLETTE,95,3460000,0.07,0.06
1997,SOUTH DAKOTA,46.0,TODD,121,7362000,0.32,0.32
1997,SOUTH DAKOTA,46.0,TRIPP,123,19782000,-0.12,-0.07
1997,SOUTH DAKOTA,46.0,BON HOMME,9,31798000,0.24,0.19
1997,SOUTH DAKOTA,46.0,CHARLES MIX,23,52360000,-0.43,-0.46
1997,SOUTH DAKOTA,46.0,CLAY,27,52451000,0.29,0.28
1997,SOUTH DAKOTA,46.0,DOUGLAS,43,19618000,0.26,0.24
1997,SOUTH DAKOTA,46.0,HUTCHINSON,67,51602000,0.68,0.65
1997,SOUTH DAKOTA,46.0,LINCOLN,83,65480000,0.58,0.6
1997,SOUTH DAKOTA,46.0,TURNER,125,56394000,0.21,0.22
1997,SOUTH DAKOTA,46.0,UNION,127,56744000,0.41,0.39
1997,SOUTH DAKOTA,46.0,YANKTON,135,41645000,0.1,0.06
1997,SOUTH DAKOTA,46.0,BENNETT,7,9812000,0.16,0.2
1997,SOUTH DAKOTA,46.0,CUSTER,33,1284000,0.25,0.24
1997,SOUTH DAKOTA,46.0,FALL RIVER,47,2701000,0.35,0.37
1997,SOUTH DAKOTA,46.0,OGLALA LAKOTA,102,3155000,1.66,1.17
1997,SOUTH DAKOTA,46.0,HAAKON,55,14313000,0.15,0.14
1997,SOUTH DAKOTA,46.0,JACKSON,71,8921000,0.46,0.5
1997,SOUTH DAKOTA,46.0,LAWRENCE,81,1411000,-0.18,-0.13
1997,SOUTH DAKOTA,46.0,MEADE,93,10297000,0.46,0.47
1997,SOUTH DAKOTA,46.0,PENNINGTON,103,12244000,0.32,0.32
1997,SOUTH DAKOTA,46.0,STANLEY,117,10457000,0.34,0.36
1997,TENNESSEE,47.0,BEDFORD,3,5352000,0.0,-0.01
1997,TENNESSEE,47.0,CANNON,15,4523000,0.44,0.44
1997,TENNESSEE,47.0,CLAY,27,3484000,0.29,0.28
1997,TENNESSEE,47.0,DAVIDSON,37,8249000,0.11,0.17
1997,TENNESSEE,47.0,DE KALB,41,21101000,-0.02,-0.01
1997,TENNESSEE,47.0,GILES,55,5236000,0.15,0.14
1997,TENNESSEE,47.0,JACKSON,87,2556000,0.34,0.35
1997,TENNESSEE,47.0,LINCOLN,103,16002000,0.32,0.32
1997,TENNESSEE,47.0,MACON,111,14414000,0.03,0.06
1997,TENNESSEE,47.0,MARSHALL,117,3533000,0.34,0.36
1997,TENNESSEE,47.0,MAURY,119,8340000,-0.63,-0.58
1997,TENNESSEE,47.0,MOORE,127,927000,0.41,0.39
1997,TENNESSEE,47.0,RUTHERFORD,149,4943000,0.92,0.92
1997,TENNESSEE,47.0,SMITH,159,6214000,0.06,-0.04
1997,TENNESSEE,47.0,SUMNER,165,21318000,-0.57,-0.65
1997,TENNESSEE,47.0,TROUSDALE,169,4648000,-0.15,-0.22
1997,TENNESSEE,47.0,WILLIAMSON,187,9023000,0.08,0.1
1997,TENNESSEE,47.0,WILSON,189,3221000,0.09,-0.01
1997,TENNESSEE,47.0,BLEDSOE,7,4394000,0.16,0.2
1997,TENNESSEE,47.0,COFFEE,31,11884000,-0.06,-0.1
1997,TENNESSEE,47.0,CUMBERLAND,35,8039000,0.24,0.31
1997,TENNESSEE,47.0,FENTRESS,49,3230000,0.27,0.3
1997,TENNESSEE,47.0,FRANKLIN,51,17936000,0.59,0.65
1997,TENNESSEE,47.0,GRUNDY,61,5507000,0.35,0.29
1997,TENNESSEE,47.0,MARION,115,1746000,0.38,0.35
1997,TENNESSEE,47.0,MORGAN,129,763000,-0.37,-0.41
1997,TENNESSEE,47.0,OVERTON,133,3588000,0.2,0.17
1997,TENNESSEE,47.0,PICKETT,137,2526000,0.08,0.08
1997,TENNESSEE,47.0,PUTNAM,141,3939000,0.16,0.16
1997,TENNESSEE,47.0,SEQUATCHIE,153,786000,-0.42,-0.49
1997,TENNESSEE,47.0,VAN BUREN,175,663000,0.0,-0.1
1997,TENNESSEE,47.0,WARREN,177,71111000,0.11,0.04
1997,TENNESSEE,47.0,WHITE,185,3454000,0.0,-0.05
1997,TENNESSEE,47.0,DYER,45,53451000,0.55,0.48
1997,TENNESSEE,47.0,LAKE,95,23504000,0.07,0.06
1997,TENNESSEE,47.0,LAUDERDALE,97,45597000,-0.1,-0.12
1997,TENNESSEE,47.0,OBION,131,51136000,0.22,0.25
1997,TENNESSEE,47.0,SHELBY,157,27026000,-0.36,-0.37
1997,TENNESSEE,47.0,TIPTON,167,37884000,-0.05,-0.17
1997,TENNESSEE,47.0,ANDERSON,1,2905000,0.58,0.62
1997,TENNESSEE,47.0,BLOUNT,9,8647000,0.24,0.19
1997,TENNESSEE,47.0,BRADLEY,11,2653000,0.1,0.08
1997,TENNESSEE,47.0,CAMPBELL,13,1461000,0.11,0.16
1997,TENNESSEE,47.0,CARTER,19,3387000,0.26,0.29
1997,TENNESSEE,47.0,CLAIBORNE,25,8397000,-0.07,-0.03
1997,TENNESSEE,47.0,COCKE,29,6705000,0.5,0.51
1997,TENNESSEE,47.0,GRAINGER,57,10348000,0.45,0.46
1997,TENNESSEE,47.0,GREENE,59,19301000,0.2,0.21
1997,TENNESSEE,47.0,HAMBLEN,63,5745000,-0.23,-0.21
1997,TENNESSEE,47.0,HAMILTON,65,1983000,-0.24,-0.21
1997,TENNESSEE,47.0,HANCOCK,67,3539000,0.68,0.65
1997,TENNESSEE,47.0,HAWKINS,73,8858000,0.49,0.49
1997,TENNESSEE,47.0,JEFFERSON,89,6148000,0.54,0.58
1997,TENNESSEE,47.0,JOHNSON,91,4510000,-0.14,-0.12
1997,TENNESSEE,47.0,KNOX,93,9269000,0.46,0.47
1997,TENNESSEE,47.0,MCMINN,107,3789000,0.14,0.17
1997,TENNESSEE,47.0,MEIGS,121,792000,0.32,0.32
1997,TENNESSEE,47.0,MONROE,123,3381000,-0.12,-0.07
1997,TENNESSEE,47.0,POLK,139,2168000,0.54,0.55
1997,TENNESSEE,47.0,RHEA,143,4053000,0.39,0.39
1997,TENNESSEE,47.0,ROANE,145,2163000,0.06,0.11
1997,TENNESSEE,47.0,SEVIER,155,2460000,-0.51,-0.55
1997,TENNESSEE,47.0,SULLIVAN,163,7324000,-0.34,-0.44
1997,TENNESSEE,47.0,UNICOI,171,644000,-0.25,-0.28
1997,TENNESSEE,47.0,UNION,173,1697000,0.19,0.14
1997,TENNESSEE,47.0,WASHINGTON,179,25133000,-0.56,-0.58
1997,TENNESSEE,47.0,BENTON,5,1893000,0.19,0.18
1997,TENNESSEE,47.0,CARROLL,17,17533000,-0.35,-0.3
1997,TENNESSEE,47.0,CHESTER,23,4205000,-0.43,-0.46
1997,TENNESSEE,47.0,CROCKETT,33,49241000,0.25,0.24
1997,TENNESSEE,47.0,DECATUR,39,1413000,-0.07,-0.06
1997,TENNESSEE,47.0,FAYETTE,47,37152000,0.35,0.37
1997,TENNESSEE,47.0,GIBSON,53,61237000,0.27,0.28
1997,TENNESSEE,47.0,HARDEMAN,69,13766000,0.93,0.87
1997,TENNESSEE,47.0,HARDIN,71,6570000,0.46,0.5
1997,TENNESSEE,47.0,HAYWOOD,75,66212000,0.35,0.4
1997,TENNESSEE,47.0,HENDERSON,77,6486000,0.56,0.54
1997,TENNESSEE,47.0,HENRY,79,22570000,0.34,0.32
1997,TENNESSEE,47.0,MADISON,113,23894000,-0.09,-0.07
1997,TENNESSEE,47.0,MCNAIRY,109,7048000,0.12,0.09
1997,TENNESSEE,47.0,WEAKLEY,183,35411000,-0.54,-0.54
1997,TENNESSEE,47.0,CHEATHAM,21,6257000,0.23,0.28
1997,TENNESSEE,47.0,DICKSON,43,5121000,0.26,0.24
1997,TENNESSEE,47.0,HICKMAN,81,2055000,-0.18,-0.13
1997,TENNESSEE,47.0,HOUSTON,83,953000,0.58,0.6
1997,TENNESSEE,47.0,HUMPHREYS,85,3890000,0.7,0.68
1997,TENNESSEE,47.0,LAWRENCE,99,7922000,0.18,0.25
1997,TENNESSEE,47.0,LEWIS,101,912000,0.65,0.67
1997,TENNESSEE,47.0,MONTGOMERY,125,22903000,0.21,0.22
1997,TENNESSEE,47.0,PERRY,135,1682000,0.1,0.06
1997,TENNESSEE,47.0,ROBERTSON,147,50226000,-0.01,-0.01
1997,TENNESSEE,47.0,STEWART,161,3840000,-0.1,-0.15
1997,TENNESSEE,47.0,WAYNE,181,2248000,0.26,0.16
1997,TEXAS,48.0,BELL,27,19075000,0.29,0.28
1997,TEXAS,48.0,BOSQUE,35,9173000,0.24,0.31
1997,TEXAS,48.0,COLLIN,85,22906000,0.7,0.68
1997,TEXAS,48.0,COOKE,97,6391000,-0.1,-0.12
1997,TEXAS,48.0,CORYELL,99,4419000,0.18,0.25
1997,TEXAS,48.0,DALLAS,113,16287000,-0.09,-0.07
1997,TEXAS,48.0,DELTA,119,6369000,-0.63,-0.58
1997,TEXAS,48.0,DENTON,121,13390000,0.32,0.32
1997,TEXAS,48.0,ELLIS,139,25160000,0.54,0.55
1997,TEXAS,48.0,FALLS,145,20710000,0.06,0.11
1997,TEXAS,48.0,FANNIN,147,17618000,-0.01,-0.01
1997,TEXAS,48.0,GRAYSON,181,16021000,0.26,0.16
1997,TEXAS,48.0,HAMILTON,193,3027000,-0.01,-0.08
1997,TEXAS,48.0,HILL,217,35565000,0.06,-0.03
1997,TEXAS,48.0,HUNT,231,11174000,-0.43,-0.45
1997,TEXAS,48.0,JOHNSON,251,6798000,-0.6,-0.66
1997,TEXAS,48.0,KAUFMAN,257,5373000,0.07,0.08
1997,TEXAS,48.0,LAMAR,277,11634000,-0.57,-0.6
1997,TEXAS,48.0,LIMESTONE,293,3197000,-0.29,-0.33
1997,TEXAS,48.0,MCLENNAN,309,34632000,0.05,-0.0
1997,TEXAS,48.0,MILAM,331,19071000,-1.14,-1.12
1997,TEXAS,48.0,NAVARRO,349,12535000,-0.72,-0.69
1997,TEXAS,48.0,ROCKWALL,397,2116000,-0.81,-0.75
1997,TEXAS,48.0,TARRANT,439,10929000,-0.39,-0.37
1997,TEXAS,48.0,WILLIAMSON,491,33397000,-0.78,-0.77
1997,TEXAS,48.0,ARANSAS,7,41000,0.16,0.2
1997,TEXAS,48.0,NUECES,355,64861000,-1.2,-1.23
1997,TEXAS,48.0,REFUGIO,391,16667000,-1.29,-1.28
1997,TEXAS,48.0,SAN PATRICIO,409,59186000,-1.23,-1.23
1997,TEXAS,48.0,ARCHER,9,4830000,0.24,0.19
1997,TEXAS,48.0,BROWN,49,4159000,0.27,0.3
1997,TEXAS,48.0,CALLAHAN,59,2872000,0.2,0.21
1997,TEXAS,48.0,CLAY,77,5062000,0.56,0.54
1997,TEXAS,48.0,COMANCHE,93,18087000,0.46,0.47
1997,TEXAS,48.0,EASTLAND,133,8063000,0.2,0.17
1997,TEXAS,48.0,ERATH,143,8902000,0.39,0.39
1997,TEXAS,48.0,HOOD,221,8789000,-0.14,-0.21
1997,TEXAS,48.0,JACK,237,1023000,0.12,-0.02
1997,TEXAS,48.0,MILLS,333,4630000,0.16,0.17
1997,TEXAS,48.0,MONTAGUE,337,3716000,-0.34,-0.32
1997,TEXAS,48.0,PALO PINTO,363,1606000,0.4,0.43
1997,TEXAS,48.0,PARKER,367,11056000,0.03,0.06
1997,TEXAS,48.0,SHACKELFORD,417,1817000,-0.2,-0.18
1997,TEXAS,48.0,SOMERVELL,425,418000,-0.37,-0.3
1997,TEXAS,48.0,STEPHENS,429,577000,0.25,0.26
1997,TEXAS,48.0,THROCKMORTON,447,5752000,-0.07,-0.04
1997,TEXAS,48.0,WISE,497,4782000,-0.1,-0.1
1997,TEXAS,48.0,YOUNG,503,5099000,0.07,0.09
1997,TEXAS,48.0,ANDERSON,1,3654000,0.58,0.62
1997,TEXAS,48.0,BOWIE,37,8283000,0.11,0.17
1997,TEXAS,48.0,CAMP,63,1374000,-0.23,-0.21
1997,TEXAS,48.0,CASS,67,2404000,0.68,0.65
1997,TEXAS,48.0,CHEROKEE,73,60407000,0.49,0.49
1997,TEXAS,48.0,FRANKLIN,159,1259000,0.06,-0.04
1997,TEXAS,48.0,GREGG,183,523000,-0.54,-0.54
1997,TEXAS,48.0,HARRISON,203,1775000,-0.23,-0.23
1997,TEXAS,48.0,HENDERSON,213,10548000,0.65,0.67
1997,TEXAS,48.0,HOPKINS,223,4083000,0.23,0.25
1997,TEXAS,48.0,HOUSTON,225,4523000,-0.33,-0.4
1997,TEXAS,48.0,MARION,315,531000,-0.44,-0.5
1997,TEXAS,48.0,MORRIS,343,540000,0.0,0.07
1997,TEXAS,48.0,NACOGDOCHES,347,1388000,-0.33,-0.35
1997,TEXAS,48.0,PANOLA,365,935000,0.07,0.05
1997,TEXAS,48.0,RAINS,379,4236000,-0.41,-0.35
1997,TEXAS,48.0,RED RIVER,387,6865000,0.9,0.94
1997,TEXAS,48.0,RUSK,401,8633000,-0.33,-0.32
1997,TEXAS,48.0,SHELBY,419,2458000,-0.32,-0.34
1997,TEXAS,48.0,SMITH,423,20893000,-0.72,-0.63
1997,TEXAS,48.0,TITUS,449,858000,0.09,0.16
1997,TEXAS,48.0,UPSHUR,459,1266000,-0.17,-0.1
1997,TEXAS,48.0,VAN ZANDT,467,22104000,-0.72,-0.66
1997,TEXAS,48.0,WOOD,499,13715000,-0.66,-0.57
1997,TEXAS,48.0,ANGELINA,5,715000,0.19,0.18
1997,TEXAS,48.0,BRAZOS,41,7803000,-0.02,-0.01
1997,TEXAS,48.0,FREESTONE,161,1611000,-0.1,-0.15
1997,TEXAS,48.0,GRIMES,185,3149000,0.0,-0.05
1997,TEXAS,48.0,HARDIN,199,1090000,-0.61,-0.6
1997,TEXAS,48.0,JASPER,241,1239000,0.24,0.24
1997,TEXAS,48.0,LEON,289,3464000,-0.35,-0.42
1997,TEXAS,48.0,MONTGOMERY,339,9516000,-0.48,-0.45
1997,TEXAS,48.0,NEWTON,351,428000,-0.43,-0.33
1997,TEXAS,48.0,POLK,373,524000,-0.32,-0.32
1997,TEXAS,48.0,ROBERTSON,395,11655000,-1.36,-1.33
1997,TEXAS,48.0,SABINE,403,298000,-0.28,-0.23
1997,TEXAS,48.0,SAN AUGUSTINE,405,1147000,-0.13,-0.12
1997,TEXAS,48.0,SAN JACINTO,407,1095000,-0.54,-0.52
1997,TEXAS,48.0,TRINITY,455,479000,-0.63,-0.67
1997,TEXAS,48.0,TYLER,457,709000,-0.31,-0.28
1997,TEXAS,48.0,WALKER,471,2812000,-0.84,-0.83
1997,TEXAS,48.0,WALLER,473,15266000,-0.64,-0.6
1997,TEXAS,48.0,BANDERA,19,856000,0.26,0.29
1997,TEXAS,48.0,BURNET,53,854000,0.27,0.28
1997,TEXAS,48.0,COKE,81,729000,-0.18,-0.13
1997,TEXAS,48.0,CONCHO,95,8058000,0.07,0.06
1997,TEXAS,48.0,CROCKETT,105,78000,0.12,0.18
1997,TEXAS,48.0,EDWARDS,137,184000,0.08,0.08
1997,TEXAS,48.0,GILLESPIE,171,5173000,-0.25,-0.28
1997,TEXAS,48.0,IRION,235,572000,-0.45,-0.5
1997,TEXAS,48.0,KENDALL,259,959000,0.12,0.12
1997,TEXAS,48.0,KERR,265,1166000,0.17,0.06
1997,TEXAS,48.0,KIMBLE,267,859000,-0.65,-0.7
1997,TEXAS,48.0,LAMPASAS,281,1912000,0.57,0.56
1997,TEXAS,48.0,LLANO,299,602000,-0.13,-0.12
1997,TEXAS,48.0,MASON,319,4187000,-0.15,-0.23
1997,TEXAS,48.0,MCCULLOCH,307,5550000,0.2,0.18
1997,TEXAS,48.0,MENARD,327,819000,-0.75,-0.74
1997,TEXAS,48.0,REAGAN,383,9381000,-0.16,-0.18
1997,TEXAS,48.0,REAL,385,210000,-0.63,-0.64
1997,TEXAS,48.0,SAN SABA,411,4612000,0.12,0.12
1997,TEXAS,48.0,SCHLEICHER,413,1818000,-0.74,-0.77
1997,TEXAS,48.0,STERLING,431,171000,-0.27,-0.3
1997,TEXAS,48.0,SUTTON,435,214000,-0.84,-0.86
1997,TEXAS,48.0,TOM GREEN,451,28879000,-0.2,-0.22
1997,TEXAS,48.0,UPTON,461,4533000,-0.29,-0.29
1997,TEXAS,48.0,UVALDE,463,29298000,-0.8,-0.78
1997,TEXAS,48.0,VAL VERDE,465,251000,-0.65,-0.65
1997,TEXAS,48.0,CAMERON,61,72723000,0.35,0.29
1997,TEXAS,48.0,HIDALGO,215,186518000,-0.3,-0.24
1997,TEXAS,48.0,STARR,427,21613000,-1.03,-0.97
1997,TEXAS,48.0,WILLACY,489,46758000,-0.79,-0.73
1997,TEXAS,48.0,ARMSTRONG,11,5403000,0.1,0.08
1997,TEXAS,48.0,BRISCOE,45,17175000,0.55,0.48
1997,TEXAS,48.0,CARSON,65,22863000,-0.24,-0.21
1997,TEXAS,48.0,CASTRO,69,91922000,0.93,0.87
1997,TEXAS,48.0,DALLAM,111,106494000,0.03,0.06
1997,TEXAS,48.0,DEAF SMITH,117,54465000,0.34,0.36
1997,TEXAS,48.0,FLOYD,153,73791000,-0.42,-0.49
1997,TEXAS,48.0,GRAY,179,9579000,-0.56,-0.58
1997,TEXAS,48.0,HALE,189,123379000,0.09,-0.01
1997,TEXAS,48.0,HANSFORD,195,39723000,-0.3,-0.33
1997,TEXAS,48.0,HARTLEY,205,53091000,0.11,0.05
1997,TEXAS,48.0,HEMPHILL,211,1560000,0.01,-0.12
1997,TEXAS,48.0,HUTCHINSON,233,13831000,0.31,0.34
1997,TEXAS,48.0,LIPSCOMB,295,11379000,0.17,0.21
1997,TEXAS,48.0,MOORE,341,44954000,0.12,0.02
1997,TEXAS,48.0,OCHILTREE,357,26628000,0.79,0.66
1997,TEXAS,48.0,OLDHAM,359,4295000,-0.08,-0.21
1997,TEXAS,48.0,PARMER,369,104619000,-0.6,-0.76
1997,TEXAS,48.0,POTTER,375,2582000,-0.26,-0.36
1997,TEXAS,48.0,RANDALL,381,19466000,-0.62,-0.75
1997,TEXAS,48.0,ROBERTS,393,1922000,0.68,0.53
1997,TEXAS,48.0,SHERMAN,421,51516000,0.28,0.18
1997,TEXAS,48.0,SWISHER,437,48579000,-0.79,-0.98
1997,TEXAS,48.0,BORDEN,33,6791000,0.25,0.24
1997,TEXAS,48.0,CHILDRESS,75,14543000,0.35,0.4
1997,TEXAS,48.0,COLLINGSWORTH,87,20038000,0.34,0.35
1997,TEXAS,48.0,COTTLE,101,4981000,0.65,0.67
1997,TEXAS,48.0,DICKENS,125,6743000,0.21,0.22
1997,TEXAS,48.0,DONLEY,129,7741000,-0.37,-0.41
1997,TEXAS,48.0,FOARD,155,5189000,-0.51,-0.55
1997,TEXAS,48.0,GARZA,169,10854000,-0.15,-0.22
1997,TEXAS,48.0,HALL,191,18581000,-0.33,-0.3
1997,TEXAS,48.0,HARDEMAN,197,7231000,-0.2,-0.22
1997,TEXAS,48.0,KENT,263,1140000,-0.46,-0.44
1997,TEXAS,48.0,KING,269,867000,-0.26,-0.32
1997,TEXAS,48.0,MOTLEY,345,9610000,-0.16,-0.33
1997,TEXAS,48.0,WHEELER,483,3657000,0.08,-0.08
1997,TEXAS,48.0,WICHITA,485,7648000,-0.66,-0.65
1997,TEXAS,48.0,WILBARGER,487,19361000,-0.76,-0.81
1997,TEXAS,48.0,AUSTIN,15,7213000,0.44,0.44
1997,TEXAS,48.0,BASTROP,21,7629000,0.23,0.28
1997,TEXAS,48.0,BEE,25,10177000,-0.07,-0.03
1997,TEXAS,48.0,BEXAR,29,46560000,0.5,0.51
1997,TEXAS,48.0,BURLESON,51,13033000,0.59,0.65
1997,TEXAS,48.0,CALDWELL,55,4930000,0.15,0.14
1997,TEXAS,48.0,COLORADO,89,34596000,0.54,0.58
1997,TEXAS,48.0,COMAL,91,1732000,-0.14,-0.12
1997,TEXAS,48.0,DE WITT,123,2249000,-0.12,-0.07
1997,TEXAS,48.0,FAYETTE,149,5715000,0.92,0.92
1997,TEXAS,48.0,GOLIAD,175,1958000,0.0,-0.1
1997,TEXAS,48.0,GONZALES,177,14002000,0.11,0.04
1997,TEXAS,48.0,GUADALUPE,187,15023000,0.08,0.1
1997,TEXAS,48.0,HAYS,209,4541000,-0.02,-0.07
1997,TEXAS,48.0,KARNES,255,3982000,-0.35,-0.36
1997,TEXAS,48.0,LAVACA,285,4299000,-0.51,-0.5
1997,TEXAS,48.0,LEE,287,5657000,-0.49,-0.55
1997,TEXAS,48.0,MEDINA,325,27707000,-1.18,-1.15
1997,TEXAS,48.0,TRAVIS,453,10342000,-0.84,-0.84
1997,TEXAS,48.0,WASHINGTON,477,5445000,-0.67,-0.68
1997,TEXAS,48.0,WILSON,493,14403000,-1.29,-1.24
1997,TEXAS,48.0,ATASCOSA,13,22995000,0.11,0.16
1997,TEXAS,48.0,BROOKS,47,1164000,0.35,0.37
1997,TEXAS,48.0,DIMMIT,127,3009000,0.41,0.39
1997,TEXAS,48.0,DUVAL,131,4729000,0.22,0.25
1997,TEXAS,48.0,FRIO,163,40003000,-0.34,-0.44
1997,TEXAS,48.0,JIM HOGG,247,7000,-0.06,-0.11
1997,TEXAS,48.0,JIM WELLS,249,18138000,0.04,-0.03
1997,TEXAS,48.0,LA SALLE,283,4230000,-0.05,-0.14
1997,TEXAS,48.0,LIVE OAK,297,4339000,-0.13,-0.2
1997,TEXAS,48.0,MAVERICK,323,6047000,-0.97,-0.9
1997,TEXAS,48.0,MCMULLEN,311,371000,0.28,0.31
1997,TEXAS,48.0,WEBB,479,2784000,-0.87,-0.82
1997,TEXAS,48.0,ZAVALA,507,18592000,-1.02,-0.96
1997,TEXAS,48.0,ANDREWS,3,6126000,0.0,-0.01
1997,TEXAS,48.0,BAILEY,17,37784000,-0.35,-0.3
1997,TEXAS,48.0,COCHRAN,79,38447000,0.34,0.32
1997,TEXAS,48.0,CROSBY,107,75181000,0.14,0.17
1997,TEXAS,48.0,DAWSON,115,94128000,0.38,0.35
1997,TEXAS,48.0,GLASSCOCK,173,23074000,0.19,0.14
1997,TEXAS,48.0,HOCKLEY,219,75130000,-0.2,-0.26
1997,TEXAS,48.0,HOWARD,227,22892000,-0.01,0.02
1997,TEXAS,48.0,LAMB,279,110022000,-0.34,-0.39
1997,TEXAS,48.0,LUBBOCK,303,105489000,-0.11,-0.22
1997,TEXAS,48.0,LYNN,305,75143000,-0.65,-0.62
1997,TEXAS,48.0,MARTIN,317,39373000,0.22,0.14
1997,TEXAS,48.0,MIDLAND,329,9266000,-0.83,-0.83
1997,TEXAS,48.0,TERRY,445,92797000,-0.21,-0.3
1997,TEXAS,48.0,YOAKUM,501,51637000,-0.38,-0.45
1997,TEXAS,48.0,BAYLOR,23,8516000,-0.43,-0.46
1997,TEXAS,48.0,COLEMAN,83,3815000,0.58,0.6
1997,TEXAS,48.0,FISHER,151,18740000,-0.24,-0.27
1997,TEXAS,48.0,HASKELL,207,30160000,-0.17,-0.2
1997,TEXAS,48.0,JONES,253,22919000,0.42,0.37
1997,TEXAS,48.0,KNOX,275,16079000,0.12,0.06
1997,TEXAS,48.0,MITCHELL,335,13511000,-0.51,-0.57
1997,TEXAS,48.0,NOLAN,353,12596000,-0.3,-0.27
1997,TEXAS,48.0,RUNNELS,399,16222000,-0.26,-0.24
1997,TEXAS,48.0,SCURRY,415,15615000,-0.66,-0.72
1997,TEXAS,48.0,STONEWALL,433,3469000,-0.78,-0.77
1997,TEXAS,48.0,TAYLOR,441,9898000,0.06,0.1
1997,TEXAS,48.0,CULBERSON,109,2330000,0.12,0.09
1997,TEXAS,48.0,ECTOR,135,213000,0.1,0.06
1997,TEXAS,48.0,EL PASO,141,39188000,0.16,0.16
1997,TEXAS,48.0,HUDSPETH,229,19066000,-0.42,-0.42
1997,TEXAS,48.0,JEFF DAVIS,243,70000,0.34,0.32
1997,TEXAS,48.0,PECOS,371,17994000,-0.61,-0.62
1997,TEXAS,48.0,PRESIDIO,377,5199000,-0.77,-0.78
1997,TEXAS,48.0,REEVES,389,13656000,-0.52,-0.51
1997,TEXAS,48.0,WARD,475,906000,-0.51,-0.51
1997,TEXAS,48.0,BRAZORIA,39,25621000,-0.07,-0.06
1997,TEXAS,48.0,CALHOUN,57,16215000,0.45,0.46
1997,TEXAS,48.0,CHAMBERS,71,12058000,0.46,0.5
1997,TEXAS,48.0,FORT BEND,157,66283000,-0.36,-0.37
1997,TEXAS,48.0,GALVESTON,167,2485000,-0.05,-0.17
1997,TEXAS,48.0,HARRIS,201,31206000,0.48,0.45
1997,TEXAS,48.0,JACKSON,239,38820000,0.2,0.18
1997,TEXAS,48.0,JEFFERSON,245,18696000,-0.16,-0.21
1997,TEXAS,48.0,LIBERTY,291,16877000,0.52,0.51
1997,TEXAS,48.0,MATAGORDA,321,44115000,-0.28,-0.34
1997,TEXAS,48.0,ORANGE,361,1440000,-0.45,-0.36
1997,TEXAS,48.0,VICTORIA,469,17404000,-0.93,-0.94
1997,TEXAS,48.0,WHARTON,481,109916000,-0.03,-0.07
1997,UTAH,49.0,JUAB,23,2904000,-0.43,-0.46
1997,UTAH,49.0,MILLARD,27,28855000,0.29,0.28
1997,UTAH,49.0,SANPETE,39,7779000,-0.07,-0.06
1997,UTAH,49.0,SEVIER,41,6823000,-0.02,-0.01
1997,UTAH,49.0,UTAH,49,41161000,0.27,0.3
1997,UTAH,49.0,CARBON,7,474000,0.16,0.2
1997,UTAH,49.0,DAGGETT,9,429000,0.24,0.19
1997,UTAH,49.0,DUCHESNE,13,4678000,0.11,0.16
1997,UTAH,49.0,EMERY,15,2028000,0.44,0.44
1997,UTAH,49.0,GRAND,19,877000,0.26,0.29
1997,UTAH,49.0,SAN JUAN,37,3479000,0.11,0.17
1997,UTAH,49.0,SUMMIT,43,956000,0.26,0.24
1997,UTAH,49.0,UINTAH,47,5794000,0.35,0.37
1997,UTAH,49.0,WASATCH,51,1130000,0.59,0.65
1997,UTAH,49.0,BOX ELDER,3,37259000,0.0,-0.01
1997,UTAH,49.0,CACHE,5,14349000,0.19,0.18
1997,UTAH,49.0,DAVIS,11,28421000,0.1,0.08
1997,UTAH,49.0,MORGAN,29,1227000,0.5,0.51
1997,UTAH,49.0,RICH,33,1084000,0.25,0.24
1997,UTAH,49.0,SALT LAKE,35,13054000,0.24,0.31
1997,UTAH,49.0,TOOELE,45,2520000,0.55,0.48
1997,UTAH,49.0,WEBER,57,7591000,0.45,0.46
1997,UTAH,49.0,BEAVER,1,6845000,0.58,0.62
1997,UTAH,49.0,GARFIELD,17,1348000,-0.35,-0.3
1997,UTAH,49.0,IRON,21,28431000,0.23,0.28
1997,UTAH,49.0,KANE,25,247000,-0.07,-0.03
1997,UTAH,49.0,PIUTE,31,665000,-0.06,-0.1
1997,UTAH,49.0,WASHINGTON,53,3921000,0.27,0.28
1997,UTAH,49.0,WAYNE,55,1007000,0.15,0.14
1997,VERMONT,50.0,ADDISON,1,10387000,0.58,0.62
1997,VERMONT,50.0,BENNINGTON,3,2496000,0.0,-0.01
1997,VERMONT,50.0,CALEDONIA,5,3446000,0.19,0.18
1997,VERMONT,50.0,CHITTENDEN,7,7731000,0.16,0.2
1997,VERMONT,50.0,ESSEX,9,1346000,0.24,0.19
1997,VERMONT,50.0,FRANKLIN,11,4405000,0.1,0.08
1997,VERMONT,50.0,GRAND ISLE,13,1166000,0.11,0.16
1997,VERMONT,50.0,LAMOILLE,15,2616000,0.44,0.44
1997,VERMONT,50.0,ORANGE,17,4572000,-0.35,-0.3
1997,VERMONT,50.0,ORLEANS,19,3948000,0.26,0.29
1997,VERMONT,50.0,RUTLAND,21,3490000,0.23,0.28
1997,VERMONT,50.0,WASHINGTON,23,3456000,-0.43,-0.46
1997,VERMONT,50.0,WINDHAM,25,9636000,-0.07,-0.03
1997,VERMONT,50.0,WINDSOR,27,5079000,0.29,0.28
1997,VIRGINIA,51.0,ALBEMARLE,3,4741000,0.0,-0.01
1997,VIRGINIA,51.0,AMELIA,7,4146000,0.16,0.2
1997,VIRGINIA,51.0,AMHERST,9,1502000,0.24,0.19
1997,VIRGINIA,51.0,APPOMATTOX,11,1910000,0.1,0.08
1997,VIRGINIA,51.0,BEDFORD,19,2547000,0.26,0.29
1997,VIRGINIA,51.0,BUCKINGHAM,29,928000,0.5,0.51
1997,VIRGINIA,51.0,CAMPBELL,31,5919000,-0.06,-0.1
1997,VIRGINIA,51.0,CAROLINE,33,10054000,0.25,0.24
1997,VIRGINIA,51.0,CHESTERFIELD,41,5285000,-0.02,-0.01
1997,VIRGINIA,51.0,CUMBERLAND,49,1924000,0.27,0.3
1997,VIRGINIA,51.0,FLUVANNA,65,823000,-0.24,-0.21
1997,VIRGINIA,51.0,GOOCHLAND,75,2068000,0.35,0.4
1997,VIRGINIA,51.0,GREENE,79,454000,0.34,0.32
1997,VIRGINIA,51.0,HANOVER,85,23137000,0.7,0.68
1997,VIRGINIA,51.0,HENRICO,87,7859000,0.34,0.35
1997,VIRGINIA,51.0,LOUISA,109,2476000,0.12,0.09
1997,VIRGINIA,51.0,NELSON,125,3921000,0.21,0.22
1997,VIRGINIA,51.0,ORANGE,137,10345000,0.08,0.08
1997,VIRGINIA,51.0,POWHATAN,145,1531000,0.06,0.11
1997,VIRGINIA,51.0,PRINCE EDWARD,147,2108000,-0.01,-0.01
1997,VIRGINIA,51.0,SPOTSYLVANIA,177,2282000,0.11,0.04
1997,VIRGINIA,51.0,ACCOMACK,1,36535000,0.58,0.62
1997,VIRGINIA,51.0,CHARLES CITY,36,6689000,1.02,1.03
1997,VIRGINIA,51.0,ESSEX,57,9690000,0.45,0.46
1997,VIRGINIA,51.0,GLOUCESTER,73,4843000,0.49,0.49
1997,VIRGINIA,51.0,JAMES CITY,95,1672000,0.07,0.06
1997,VIRGINIA,51.0,KING AND QUEEN,97,8424000,-0.1,-0.12
1997,VIRGINIA,51.0,KING GEORGE,99,5008000,0.18,0.25
1997,VIRGINIA,51.0,KING WILLIAM,101,9211000,0.65,0.67
1997,VIRGINIA,51.0,LANCASTER,103,3186000,0.32,0.32
1997,VIRGINIA,51.0,MATHEWS,115,3322000,0.38,0.35
1997,VIRGINIA,51.0,MIDDLESEX,119,5008000,-0.63,-0.58
1997,VIRGINIA,51.0,NEW KENT,127,2800000,0.41,0.39
1997,VIRGINIA,51.0,NORTHAMPTON,131,27247000,0.22,0.25
1997,VIRGINIA,51.0,NORTHUMBERLAND,133,9592000,0.2,0.17
1997,VIRGINIA,51.0,RICHMOND,159,8493000,0.06,-0.04
1997,VIRGINIA,51.0,WESTMORELAND,193,18482000,-0.01,-0.08
1997,VIRGINIA,51.0,CLARKE,43,4489000,0.26,0.24
1997,VIRGINIA,51.0,CULPEPER,47,7725000,0.35,0.37
1997,VIRGINIA,51.0,FAIRFAX,59,3636000,0.2,0.21
1997,VIRGINIA,51.0,FAUQUIER,61,13664000,0.35,0.29
1997,VIRGINIA,51.0,FREDERICK,69,14423000,0.93,0.87
1997,VIRGINIA,51.0,LOUDOUN,107,11533000,0.14,0.17
1997,VIRGINIA,51.0,MADISON,113,3008000,-0.09,-0.07
1997,VIRGINIA,51.0,PAGE,139,2287000,0.54,0.55
1997,VIRGINIA,51.0,PRINCE WILLIAM,153,4911000,-0.42,-0.49
1997,VIRGINIA,51.0,RAPPAHANNOCK,157,2083000,-0.36,-0.37
1997,VIRGINIA,51.0,ROCKINGHAM,165,12062000,-0.57,-0.65
1997,VIRGINIA,51.0,SHENANDOAH,171,7556000,-0.25,-0.28
1997,VIRGINIA,51.0,STAFFORD,179,1259000,-0.56,-0.58
1997,VIRGINIA,51.0,WARREN,187,634000,0.08,0.1
1997,VIRGINIA,51.0,BRUNSWICK,25,12080000,-0.07,-0.03
1997,VIRGINIA,51.0,CHESAPEAKE CITY,550,32937000,1.0,0.96
1997,VIRGINIA,51.0,DINWIDDIE,53,13851000,0.27,0.28
1997,VIRGINIA,51.0,GREENSVILLE,81,12805000,-0.18,-0.13
1997,VIRGINIA,51.0,ISLE OF WIGHT,93,21615000,0.46,0.47
1997,VIRGINIA,51.0,MECKLENBURG,117,32073000,0.34,0.36
1997,VIRGINIA,51.0,PRINCE GEORGE,149,5153000,0.92,0.92
1997,VIRGINIA,51.0,SOUTHAMPTON,175,42125000,0.0,-0.1
1997,VIRGINIA,51.0,SUFFOLK CITY,800,32667000,1.14,1.08
1997,VIRGINIA,51.0,SURRY,181,9038000,0.26,0.16
1997,VIRGINIA,51.0,VIRGINIA BEACH CITY,810,11934000,0.89,0.88
1997,VIRGINIA,51.0,CHARLOTTE,37,9444000,0.11,0.17
1997,VIRGINIA,51.0,FRANKLIN,67,7602000,0.68,0.65
1997,VIRGINIA,51.0,HALIFAX,83,32665000,0.58,0.6
1997,VIRGINIA,51.0,HENRY,89,3255000,0.54,0.58
1997,VIRGINIA,51.0,LUNENBURG,111,9406000,0.03,0.06
1997,VIRGINIA,51.0,NOTTOWAY,135,3381000,0.1,0.06
1997,VIRGINIA,51.0,PATRICK,141,6909000,0.16,0.16
1997,VIRGINIA,51.0,PITTSYLVANIA,143,43750000,0.39,0.39
1997,VIRGINIA,51.0,BLAND,21,505000,0.23,0.28
1997,VIRGINIA,51.0,BUCHANAN,27,282000,0.29,0.28
1997,VIRGINIA,51.0,CARROLL,35,4646000,0.24,0.31
1997,VIRGINIA,51.0,DICKENSON,51,176000,0.59,0.65
1997,VIRGINIA,51.0,FLOYD,63,11921000,-0.23,-0.21
1997,VIRGINIA,51.0,GILES,71,575000,0.46,0.5
1997,VIRGINIA,51.0,GRAYSON,77,4279000,0.56,0.54
1997,VIRGINIA,51.0,LEE,105,6872000,0.12,0.18
1997,VIRGINIA,51.0,MONTGOMERY,121,2288000,0.32,0.32
1997,VIRGINIA,51.0,PULASKI,155,1004000,-0.51,-0.55
1997,VIRGINIA,51.0,RUSSELL,167,5999000,-0.05,-0.17
1997,VIRGINIA,51.0,SCOTT,169,8557000,-0.15,-0.22
1997,VIRGINIA,51.0,SMYTH,173,3654000,0.19,0.14
1997,VIRGINIA,51.0,TAZEWELL,185,1027000,0.0,-0.05
1997,VIRGINIA,51.0,WASHINGTON,191,13389000,-0.33,-0.3
1997,VIRGINIA,51.0,WISE,195,410000,-0.3,-0.33
1997,VIRGINIA,51.0,WYTHE,197,1789000,-0.2,-0.22
1997,VIRGINIA,51.0,ALLEGHANY,5,241000,0.19,0.18
1997,VIRGINIA,51.0,AUGUSTA,15,13918000,0.44,0.44
1997,VIRGINIA,51.0,BATH,17,316000,-0.35,-0.3
1997,VIRGINIA,51.0,BOTETOURT,23,1828000,-0.43,-0.46
1997,VIRGINIA,51.0,CRAIG,45,355000,0.55,0.48
1997,VIRGINIA,51.0,HIGHLAND,91,279000,-0.14,-0.12
1997,VIRGINIA,51.0,ROANOKE,161,3068000,-0.1,-0.15
1997,VIRGINIA,51.0,ROCKBRIDGE,163,1758000,-0.34,-0.44
1997,WASHINGTON,53.0,BENTON,5,298784000,0.19,0.18
1997,WASHINGTON,53.0,CHELAN,7,151072000,0.16,0.2
1997,WASHINGTON,53.0,KITTITAS,37,50158000,0.11,0.17
1997,WASHINGTON,53.0,KLICKITAT,39,24364000,-0.07,-0.06
1997,WASHINGTON,53.0,OKANOGAN,47,121483000,0.35,0.37
1997,WASHINGTON,53.0,YAKIMA,77,602906000,0.56,0.54
1997,WASHINGTON,53.0,ADAMS,1,190792000,0.58,0.62
1997,WASHINGTON,53.0,DOUGLAS,17,117031000,-0.35,-0.3
1997,WASHINGTON,53.0,FRANKLIN,21,301452000,0.23,0.28
1997,WASHINGTON,53.0,GRANT,25,579311000,-0.07,-0.03
1997,WASHINGTON,53.0,LINCOLN,43,102445000,0.26,0.24
1997,WASHINGTON,53.0,FERRY,19,1290000,0.26,0.29
1997,WASHINGTON,53.0,PEND OREILLE,51,1275000,0.59,0.65
1997,WASHINGTON,53.0,SPOKANE,63,64539000,-0.23,-0.21
1997,WASHINGTON,53.0,STEVENS,65,9906000,-0.24,-0.21
1997,WASHINGTON,53.0,ASOTIN,3,6366000,0.0,-0.01
1997,WASHINGTON,53.0,COLUMBIA,13,23614000,0.11,0.16
1997,WASHINGTON,53.0,GARFIELD,23,22386000,-0.43,-0.46
1997,WASHINGTON,53.0,WHITMAN,75,172081000,0.35,0.4
1997,WASHINGTON,53.0,CLALLAM,9,2828000,0.24,0.19
1997,WASHINGTON,53.0,CLARK,11,21114000,0.1,0.08
1997,WASHINGTON,53.0,COWLITZ,15,8717000,0.44,0.44
1997,WASHINGTON,53.0,GRAYS HARBOR,27,5603000,0.29,0.28
1997,WASHINGTON,53.0,ISLAND,29,1874000,0.5,0.51
1997,WASHINGTON,53.0,JEFFERSON,31,818000,-0.06,-0.1
1997,WASHINGTON,53.0,KING,33,42270000,0.25,0.24
1997,WASHINGTON,53.0,KITSAP,35,4389000,0.24,0.31
1997,WASHINGTON,53.0,LEWIS,41,25538000,-0.02,-0.01
1997,WASHINGTON,53.0,PACIFIC,49,8523000,0.27,0.3
1997,WASHINGTON,53.0,PIERCE,53,33651000,0.27,0.28
1997,WASHINGTON,53.0,SAN JUAN,55,457000,0.15,0.14
1997,WASHINGTON,53.0,SKAGIT,57,94020000,0.45,0.46
1997,WASHINGTON,53.0,SKAMANIA,59,1350000,0.2,0.21
1997,WASHINGTON,53.0,SNOHOMISH,61,37937000,0.35,0.29
1997,WASHINGTON,53.0,THURSTON,67,36456000,0.68,0.65
1997,WASHINGTON,53.0,WAHKIAKUM,69,93000,0.93,0.87
1997,WASHINGTON,53.0,WHATCOM,73,44208000,0.49,0.49
1997,WEST VIRGINIA,54.0,BERKELEY,3,12118000,0.0,-0.01
1997,WEST VIRGINIA,54.0,GRANT,23,413000,-0.43,-0.46
1997,WEST VIRGINIA,54.0,GREENBRIER,25,1217000,-0.07,-0.03
1997,WEST VIRGINIA,54.0,HAMPSHIRE,27,3120000,0.29,0.28
1997,WEST VIRGINIA,54.0,HARDY,31,1637000,-0.06,-0.1
1997,WEST VIRGINIA,54.0,JEFFERSON,37,8309000,0.11,0.17
1997,WEST VIRGINIA,54.0,MINERAL,57,767000,0.45,0.46
1997,WEST VIRGINIA,54.0,MONROE,63,1973000,-0.23,-0.21
1997,WEST VIRGINIA,54.0,MORGAN,65,999000,-0.24,-0.21
1997,WEST VIRGINIA,54.0,PENDLETON,71,775000,0.46,0.5
1997,WEST VIRGINIA,54.0,POCAHONTAS,75,625000,0.35,0.4
1997,WEST VIRGINIA,54.0,RANDOLPH,83,863000,0.58,0.6
1997,WEST VIRGINIA,54.0,SUMMERS,89,777000,0.54,0.58
1997,WEST VIRGINIA,54.0,TUCKER,93,283000,0.46,0.47
1997,WEST VIRGINIA,54.0,BARBOUR,1,490000,0.58,0.62
1997,WEST VIRGINIA,54.0,BROOKE,9,301000,0.24,0.19
1997,WEST VIRGINIA,54.0,DODDRIDGE,17,214000,-0.35,-0.3
1997,WEST VIRGINIA,54.0,HANCOCK,29,468000,0.5,0.51
1997,WEST VIRGINIA,54.0,HARRISON,33,739000,0.25,0.24
1997,WEST VIRGINIA,54.0,LEWIS,41,509000,-0.02,-0.01
1997,WEST VIRGINIA,54.0,MARION,49,965000,0.27,0.3
1997,WEST VIRGINIA,54.0,MARSHALL,51,665000,0.59,0.65
1997,WEST VIRGINIA,54.0,MONONGALIA,61,604000,0.35,0.29
1997,WEST VIRGINIA,54.0,OHIO,69,280000,0.93,0.87
1997,WEST VIRGINIA,54.0,PLEASANTS,73,186000,0.49,0.49
1997,WEST VIRGINIA,54.0,PRESTON,77,2503000,0.56,0.54
1997,WEST VIRGINIA,54.0,RITCHIE,85,459000,0.7,0.68
1997,WEST VIRGINIA,54.0,TAYLOR,91,1602000,-0.14,-0.12
1997,WEST VIRGINIA,54.0,TYLER,95,194000,0.07,0.06
1997,WEST VIRGINIA,54.0,UPSHUR,97,481000,-0.1,-0.12
1997,WEST VIRGINIA,54.0,WETZEL,103,236000,0.32,0.32
1997,WEST VIRGINIA,54.0,WOOD,107,1145000,0.14,0.17
1997,WEST VIRGINIA,54.0,BOONE,5,32000,0.19,0.18
1997,WEST VIRGINIA,54.0,BRAXTON,7,183000,0.16,0.2
1997,WEST VIRGINIA,54.0,CABELL,11,2059000,0.1,0.08
1997,WEST VIRGINIA,54.0,CALHOUN,13,69000,0.11,0.16
1997,WEST VIRGINIA,54.0,CLAY,15,185000,0.44,0.44
1997,WEST VIRGINIA,54.0,FAYETTE,19,490000,0.26,0.29
1997,WEST VIRGINIA,54.0,GILMER,21,181000,0.23,0.28
1997,WEST VIRGINIA,54.0,JACKSON,35,1483000,0.24,0.31
1997,WEST VIRGINIA,54.0,KANAWHA,39,1215000,-0.07,-0.06
1997,WEST VIRGINIA,54.0,LINCOLN,43,1084000,0.26,0.24
1997,WEST VIRGINIA,54.0,MASON,53,7652000,0.27,0.28
1997,WEST VIRGINIA,54.0,MERCER,55,787000,0.15,0.14
1997,WEST VIRGINIA,54.0,NICHOLAS,67,393000,0.68,0.65
1997,WEST VIRGINIA,54.0,PUTNAM,79,3475000,0.34,0.32
1997,WEST VIRGINIA,54.0,RALEIGH,81,1036000,-0.18,-0.13
1997,WEST VIRGINIA,54.0,ROANE,87,330000,0.34,0.35
1997,WEST VIRGINIA,54.0,WAYNE,99,609000,0.18,0.25
1997,WEST VIRGINIA,54.0,WEBSTER,101,54000,0.65,0.67
1997,WEST VIRGINIA,54.0,WIRT,105,1433000,0.12,0.18
1997,WEST VIRGINIA,54.0,WYOMING,109,106000,0.12,0.09
1997,WISCONSIN,55.0,ADAMS,1,54713000,0.58,0.62
1997,WISCONSIN,55.0,GREEN LAKE,47,17770000,0.35,0.37
1997,WISCONSIN,55.0,JUNEAU,57,29895000,0.45,0.46
1997,WISCONSIN,55.0,MARQUETTE,77,17992000,0.56,0.54
1997,WISCONSIN,55.0,PORTAGE,97,80523000,-0.1,-0.12
1997,WISCONSIN,55.0,WAUPACA,135,23918000,0.1,0.06
1997,WISCONSIN,55.0,WAUSHARA,137,58294000,0.08,0.08
1997,WISCONSIN,55.0,WOOD,141,47947000,0.16,0.16
1997,WISCONSIN,55.0,BROWN,9,18805000,0.24,0.19
1997,WISCONSIN,55.0,CALUMET,15,13386000,0.44,0.44
1997,WISCONSIN,55.0,DOOR,29,12953000,0.5,0.51
1997,WISCONSIN,55.0,FOND DU LAC,39,41258000,-0.07,-0.06
1997,WISCONSIN,55.0,KEWAUNEE,61,15462000,0.35,0.29
1997,WISCONSIN,55.0,MANITOWOC,71,20100000,0.46,0.5
1997,WISCONSIN,55.0,OUTAGAMIE,87,38074000,0.34,0.35
1997,WISCONSIN,55.0,SHEBOYGAN,117,18796000,0.34,0.36
1997,WISCONSIN,55.0,WINNEBAGO,139,20726000,0.54,0.55
1997,WISCONSIN,55.0,ASHLAND,3,621000,0.0,-0.01
1997,WISCONSIN,55.0,CLARK,19,16743000,0.26,0.29
1997,WISCONSIN,55.0,IRON,51,491000,0.59,0.65
1997,WISCONSIN,55.0,LINCOLN,69,8260000,0.93,0.87
1997,WISCONSIN,55.0,MARATHON,73,63355000,0.49,0.49
1997,WISCONSIN,55.0,ONEIDA,85,13381000,0.7,0.68
1997,WISCONSIN,55.0,PRICE,99,4330000,0.18,0.25
1997,WISCONSIN,55.0,TAYLOR,119,6367000,-0.63,-0.58
1997,WISCONSIN,55.0,VILAS,125,6436000,0.21,0.22
1997,WISCONSIN,55.0,FLORENCE,37,357000,0.11,0.17
1997,WISCONSIN,55.0,FOREST,41,509000,-0.02,-0.01
1997,WISCONSIN,55.0,LANGLADE,67,29881000,0.68,0.65
1997,WISCONSIN,55.0,MARINETTE,75,8215000,0.35,0.4
1997,WISCONSIN,55.0,OCONTO,83,14067000,0.58,0.6
1997,WISCONSIN,55.0,SHAWANO,115,13985000,0.38,0.35
1997,WISCONSIN,55.0,BARRON,5,24638000,0.19,0.18
1997,WISCONSIN,55.0,BAYFIELD,7,2077000,0.16,0.2
1997,WISCONSIN,55.0,BURNETT,13,6296000,0.11,0.16
1997,WISCONSIN,55.0,CHIPPEWA,17,19827000,-0.35,-0.3
1997,WISCONSIN,55.0,DOUGLAS,31,1262000,-0.06,-0.1
1997,WISCONSIN,55.0,POLK,95,17245000,0.07,0.06
1997,WISCONSIN,55.0,RUSK,107,2637000,0.14,0.17
1997,WISCONSIN,55.0,SAWYER,113,4415000,-0.09,-0.07
1997,WISCONSIN,55.0,WASHBURN,129,6594000,-0.37,-0.41
1997,WISCONSIN,55.0,COLUMBIA,21,47937000,0.23,0.28
1997,WISCONSIN,55.0,DANE,25,95198000,-0.07,-0.03
1997,WISCONSIN,55.0,DODGE,27,54078000,0.29,0.28
1997,WISCONSIN,55.0,GREEN,45,29940000,0.55,0.48
1997,WISCONSIN,55.0,JEFFERSON,55,60477000,0.15,0.14
1997,WISCONSIN,55.0,ROCK,105,75760000,0.12,0.18
1997,WISCONSIN,55.0,KENOSHA,59,22734000,0.2,0.21
1997,WISCONSIN,55.0,OZAUKEE,89,11971000,0.54,0.58
1997,WISCONSIN,55.0,RACINE,101,45347000,0.65,0.67
1997,WISCONSIN,55.0,WALWORTH,127,46244000,0.41,0.39
1997,WISCONSIN,55.0,WASHINGTON,131,22670000,0.22,0.25
1997,WISCONSIN,55.0,WAUKESHA,133,29032000,0.2,0.17
1997,WISCONSIN,55.0,CRAWFORD,23,9187000,-0.43,-0.46
1997,WISCONSIN,55.0,GRANT,43,37431000,0.26,0.24
1997,WISCONSIN,55.0,IOWA,49,23097000,0.27,0.3
1997,WISCONSIN,55.0,LAFAYETTE,65,39530000,-0.24,-0.21
1997,WISCONSIN,55.0,RICHLAND,103,10122000,0.32,0.32
1997,WISCONSIN,55.0,SAUK,111,22831000,0.03,0.06
1997,WISCONSIN,55.0,VERNON,123,15239000,-0.12,-0.07
1997,WISCONSIN,55.0,BUFFALO,11,15568000,0.1,0.08
1997,WISCONSIN,55.0,DUNN,33,31236000,0.25,0.24
1997,WISCONSIN,55.0,EAU CLAIRE,35,21035000,0.24,0.31
1997,WISCONSIN,55.0,JACKSON,53,46077000,0.27,0.28
1997,WISCONSIN,55.0,LA CROSSE,63,9752000,-0.23,-0.21
1997,WISCONSIN,55.0,MONROE,81,39070000,-0.18,-0.13
1997,WISCONSIN,55.0,PEPIN,91,7982000,-0.14,-0.12
1997,WISCONSIN,55.0,PIERCE,93,24379000,0.46,0.47
1997,WISCONSIN,55.0,ST CROIX,109,29219000,0.12,0.09
1997,WISCONSIN,55.0,TREMPEALEAU,121,20637000,0.32,0.32
1997,WYOMING,56.0,CAMPBELL,5,2164000,0.19,0.18
1997,WYOMING,56.0,CROOK,11,2334000,0.1,0.08
1997,WYOMING,56.0,JOHNSON,19,1292000,0.26,0.29
1997,WYOMING,56.0,SHERIDAN,33,3826000,0.25,0.24
1997,WYOMING,56.0,WESTON,45,1020000,0.55,0.48
1997,WYOMING,56.0,BIG HORN,3,25267000,0.0,-0.01
1997,WYOMING,56.0,FREMONT,13,18144000,0.11,0.16
1997,WYOMING,56.0,HOT SPRINGS,17,993000,-0.35,-0.3
1997,WYOMING,56.0,PARK,29,34065000,0.5,0.51
1997,WYOMING,56.0,WASHAKIE,43,13409000,0.26,0.24
1997,WYOMING,56.0,ALBANY,1,1859000,0.58,0.62
1997,WYOMING,56.0,CARBON,7,2901000,0.16,0.2
1997,WYOMING,56.0,NATRONA,25,3246000,-0.07,-0.03
1997,WYOMING,56.0,SWEETWATER,37,1597000,0.11,0.17
1997,WYOMING,56.0,CONVERSE,9,2007000,0.24,0.19
1997,WYOMING,56.0,GOSHEN,15,26790000,0.44,0.44
1997,WYOMING,56.0,LARAMIE,21,20672000,0.23,0.28
1997,WYOMING,56.0,NIOBRARA,27,1221000,0.29,0.28
1997,WYOMING,56.0,PLATTE,31,11350000,-0.06,-0.1
1997,WYOMING,56.0,LINCOLN,23,3381000,-0.43,-0.46
1997,WYOMING,56.0,SUBLETTE,35,1532000,0.24,0.31
1997,WYOMING,56.0,TETON,39,1393000,-0.07,-0.06
1997,WYOMING,56.0,UINTA,41,562000,-0.02,-0.01
