asd_code,country_name,location_desc,state_alpha,state_fips_code,reference_period_desc,county_ansi,util_practice_desc,domain_desc,freq_desc,congr_district_code,year,unit_desc,region_desc,state_ansi,week_ending,county_code,begin_code,county_name,end_code,Value,zip_5,watershed_code,class_desc,watershed_desc,agg_level_desc,state_name,country_code,load_time,sector_desc,asd_desc,prodn_practice_desc,group_desc,CV (%),commodity_desc,domaincat_desc,short_desc,statisticcat_desc,source_desc
,UNITED STATES,HAWAII,HI,15,YEAR,,ALL UTILIZATION PRACTICES,IRRIGATION STATUS,ANNUAL,,2022,$,,15,,,00,,00,"417,750,000",,00000000,ALL CLASSES,,STATE,HAWAII,9000,2024-07-02 12:00:00.000,CROPS,,ALL PRODUCTION PRACTICES,CROP TOTALS,10.6,CROP TOTALS,IRRIGATION STATUS: (ANY ON OPERATION),"CROP TOTALS - SALES, MEASURED IN $",SALES,CENSUS
,UNITED STATES,HAWAII,HI,15,YEAR,,ALL UTILIZATION PRACTICES,IRRIGATION STATUS,ANNUAL,,2017,$,,15,,,00,,00,"317,731,000",,00000000,ALL CLASSES,,STATE,HAWAII,9000,2018-02-01 00:00:00.000,CROPS,,ALL PRODUCTION PRACTICES,CROP TOTALS,28.1,CROP TOTALS,IRRIGATION STATUS: (ANY ON OPERATION),"CROP TOTALS - SALES, MEASURED IN $",SALES,CENSUS
,UNITED STATES,HAWAII,HI,15,YEAR,,ALL UTILIZATION PRACTICES,IRRIGATION STATUS,ANNUAL,,2012,$,,15,,,00,,00,"449,376,000",,00000000,ALL CLASSES,,STATE,HAWAII,9000,2012-12-31 00:00:00.000,CROPS,,ALL PRODUCTION PRACTICES,CROP TOTALS,4.4,CROP TOTALS,IRRIGATION STATUS: (ANY ON OPERATION),"CROP TOTALS - SALES, MEASURED IN $",SALES,CENSUS
,UNITED STATES,HAWAII,HI,15,YEAR,,ALL UTILIZATION PRACTICES,IRRIGATION STATUS,ANNUAL,,2007,$,,15,,,00,,00,"367,484,000",,00000000,ALL CLASSES,,STATE,HAWAII,9000,2012-01-01 00:00:00.000,CROPS,,ALL PRODUCTION PRACTICES,CROP TOTALS,,CROP TOTALS,IRRIGATION STATUS: (ANY ON OPERATION),"CROP TOTALS - SALES, MEASURED IN $",SALES,CENSUS
,UNITED STATES,HAWAII,HI,15,YEAR,,ALL UTILIZATION PRACTICES,IRRIGATION STATUS,ANNUAL,,2002,$,,15,,,00,,00,"381,175,000",,00000000,ALL CLASSES,,STATE,HAWAII,9000,2012-01-01 00:00:00.000,CROPS,,ALL PRODUCTION PRACTICES,CROP TOTALS,,CROP TOTALS,IRRIGATION STATUS: (ANY ON OPERATION),"CROP TOTALS - SALES, MEASURED IN $",SALES,CENSUS
,UNITED STATES,HAWAII,HI,15,YEAR,,ALL UTILIZATION PRACTICES,IRRIGATION STATUS,ANNUAL,,1997,$,,15,,,00,,00,"346,683,000",,00000000,ALL CLASSES,,STATE,HAWAII,9000,2012-01-01 00:00:00.000,CROPS,,ALL PRODUCTION PRACTICES,CROP TOTALS,,CROP TOTALS,IRRIGATION STATUS: (ANY ON OPERATION),"CROP TOTALS - SALES, MEASURED IN $",SALES,CENSUS
,UNITED STATES,HAWAII,HI,15,YEAR,,ALL UTILIZATION PRACTICES,IRRIGATION STATUS,ANNUAL,,2022,$,,15,,,00,,00,"311,827,000",,00000000,ALL CLASSES,,STATE,HAWAII,9000,2024-07-02 12:00:00.000,CROPS,,ALL PRODUCTION PRACTICES,CROP TOTALS,10.2,CROP TOTALS,IRRIGATION STATUS: (HARVESTED CROPLAND IS ENTIRELY IRRIGATED),"CROP TOTALS - SALES, MEASURED IN $",SALES,CENSUS
,UNITED STATES,HAWAII,HI,15,YEAR,,ALL UTILIZATION PRACTICES,IRRIGATION STATUS,ANNUAL,,2017,$,,15,,,00,,00,"243,010,000",,00000000,ALL CLASSES,,STATE,HAWAII,9000,2018-02-01 00:00:00.000,CROPS,,ALL PRODUCTION PRACTICES,CROP TOTALS,34.7,CROP TOTALS,IRRIGATION STATUS: (HARVESTED CROPLAND IS ENTIRELY IRRIGATED),"CROP TOTALS - SALES, MEASURED IN $",SALES,CENSUS
,UNITED STATES,HAWAII,HI,15,YEAR,,ALL UTILIZATION PRACTICES,IRRIGATION STATUS,ANNUAL,,2012,$,,15,,,00,,00,"397,130,000",,00000000,ALL CLASSES,,STATE,HAWAII,9000,2012-12-31 00:00:00.000,CROPS,,ALL PRODUCTION PRACTICES,CROP TOTALS,4.1,CROP TOTALS,IRRIGATION STATUS: (HARVESTED CROPLAND IS ENTIRELY IRRIGATED),"CROP TOTALS - SALES, MEASURED IN $",SALES,CENSUS
,UNITED STATES,HAWAII,HI,15,YEAR,,ALL UTILIZATION PRACTICES,IRRIGATION STATUS,ANNUAL,,2007,$,,15,,,00,,00,"244,359,000",,00000000,ALL CLASSES,,STATE,HAWAII,9000,2012-01-01 00:00:00.000,CROPS,,ALL PRODUCTION PRACTICES,CROP TOTALS,,CROP TOTALS,IRRIGATION STATUS: (HARVESTED CROPLAND IS ENTIRELY IRRIGATED),"CROP TOTALS - SALES, MEASURED IN $",SALES,CENSUS
,UNITED STATES,HAWAII,HI,15,YEAR,,ALL UTILIZATION PRACTICES,IRRIGATION STATUS,ANNUAL,,2002,$,,15,,,00,,00,"289,096,000",,00000000,ALL CLASSES,,STATE,HAWAII,9000,2012-01-01 00:00:00.000,CROPS,,ALL PRODUCTION PRACTICES,CROP TOTALS,,CROP TOTALS,IRRIGATION STATUS: (HARVESTED CROPLAND IS ENTIRELY IRRIGATED),"CROP TOTALS - SALES, MEASURED IN $",SALES,CENSUS
,UNITED STATES,HAWAII,HI,15,YEAR,,ALL UTILIZATION PRACTICES,IRRIGATION STATUS,ANNUAL,,1997,$,,15,,,00,,00,"259,739,000",,00000000,ALL CLASSES,,STATE,HAWAII,9000,2012-01-01 00:00:00.000,CROPS,,ALL PRODUCTION PRACTICES,CROP TOTALS,,CROP TOTALS,IRRIGATION STATUS: (HARVESTED CROPLAND IS ENTIRELY IRRIGATED),"CROP TOTALS - SALES, MEASURED IN $",SALES,CENSUS
,UNITED STATES,HAWAII,HI,15,YEAR,,ALL UTILIZATION PRACTICES,IRRIGATION STATUS,ANNUAL,,2022,$,,15,,,00,,00,"96,745,000",,00000000,ALL CLASSES,,STATE,HAWAII,9000,2024-07-02 12:00:00.000,CROPS,,ALL PRODUCTION PRACTICES,CROP TOTALS,9.5,CROP TOTALS,IRRIGATION STATUS: (NONE ON OPERATION),"CROP TOTALS - SALES, MEASURED IN $",SALES,CENSUS
,UNITED STATES,HAWAII,HI,15,YEAR,,ALL UTILIZATION PRACTICES,IRRIGATION STATUS,ANNUAL,,2017,$,,15,,,00,,00,"99,339,000",,00000000,ALL CLASSES,,STATE,HAWAII,9000,2018-02-01 00:00:00.000,CROPS,,ALL PRODUCTION PRACTICES,CROP TOTALS,13.8,CROP TOTALS,IRRIGATION STATUS: (NONE ON OPERATION),"CROP TOTALS - SALES, MEASURED IN $",SALES,CENSUS
,UNITED STATES,HAWAII,HI,15,YEAR,,ALL UTILIZATION PRACTICES,IRRIGATION STATUS,ANNUAL,,2012,$,,15,,,00,,00,"89,497,000",,00000000,ALL CLASSES,,STATE,HAWAII,9000,2012-12-31 00:00:00.000,CROPS,,ALL PRODUCTION PRACTICES,CROP TOTALS,6.6,CROP TOTALS,IRRIGATION STATUS: (NONE ON OPERATION),"CROP TOTALS - SALES, MEASURED IN $",SALES,CENSUS
,UNITED STATES,HAWAII,HI,15,YEAR,,ALL UTILIZATION PRACTICES,IRRIGATION STATUS,ANNUAL,,2007,$,,15,,,00,,00,"62,432,000",,00000000,ALL CLASSES,,STATE,HAWAII,9000,2012-01-01 00:00:00.000,CROPS,,ALL PRODUCTION PRACTICES,CROP TOTALS,,CROP TOTALS,IRRIGATION STATUS: (NONE ON OPERATION),"CROP TOTALS - SALES, MEASURED IN $",SALES,CENSUS
,UNITED STATES,HAWAII,HI,15,YEAR,,ALL UTILIZATION PRACTICES,IRRIGATION STATUS,ANNUAL,,2002,$,,15,,,00,,00,"64,181,000",,00000000,ALL CLASSES,,STATE,HAWAII,9000,2012-01-01 00:00:00.000,CROPS,,ALL PRODUCTION PRACTICES,CROP TOTALS,,CROP TOTALS,IRRIGATION STATUS: (NONE ON OPERATION),"CROP TOTALS - SALES, MEASURED IN $",SALES,CENSUS
,UNITED STATES,HAWAII,HI,15,YEAR,,ALL UTILIZATION PRACTICES,IRRIGATION STATUS,ANNUAL,,1997,$,,15,,,00,,00,"54,728,000",,00000000,ALL CLASSES,,STATE,HAWAII,9000,2012-01-01 00:00:00.000,CROPS,,ALL PRODUCTION PRACTICES,CROP TOTALS,,CROP TOTALS,IRRIGATION STATUS: (NONE ON OPERATION),"CROP TOTALS - SALES, MEASURED IN $",SALES,CENSUS
,UNITED STATES,HAWAII,HI,15,YEAR,,ALL UTILIZATION PRACTICES,NAICS CLASSIFICATION,ANNUAL,,2022,$,,15,,,00,,00,"513,817,000",,00000000,ALL CLASSES,,STATE,HAWAII,9000,2024-07-02 12:00:00.000,CROPS,,ALL PRODUCTION PRACTICES,CROP TOTALS,9.4,CROP TOTALS,NAICS CLASSIFICATION: (111),"CROP TOTALS - SALES, MEASURED IN $",SALES,CENSUS
,UNITED STATES,HAWAII,HI,15,YEAR,,ALL UTILIZATION PRACTICES,NAICS CLASSIFICATION,ANNUAL,,2017,$,,15,,,00,,00,"415,878,000",,00000000,ALL CLASSES,,STATE,HAWAII,9000,2018-02-01 00:00:00.000,CROPS,,ALL PRODUCTION PRACTICES,CROP TOTALS,23.0,CROP TOTALS,NAICS CLASSIFICATION: (111),"CROP TOTALS - SALES, MEASURED IN $",SALES,CENSUS
,UNITED STATES,HAWAII,HI,15,YEAR,,ALL UTILIZATION PRACTICES,NAICS CLASSIFICATION,ANNUAL,,2012,$,,15,,,00,,00,"537,682,000",,00000000,ALL CLASSES,,STATE,HAWAII,9000,2012-12-31 00:00:00.000,CROPS,,ALL PRODUCTION PRACTICES,CROP TOTALS,4.7,CROP TOTALS,NAICS CLASSIFICATION: (111),"CROP TOTALS - SALES, MEASURED IN $",SALES,CENSUS
,UNITED STATES,HAWAII,HI,15,YEAR,,ALL UTILIZATION PRACTICES,NAICS CLASSIFICATION,ANNUAL,,2007,$,,15,,,00,,00,"429,209,000",,00000000,ALL CLASSES,,STATE,HAWAII,9000,2012-01-01 00:00:00.000,CROPS,,ALL PRODUCTION PRACTICES,CROP TOTALS,,CROP TOTALS,NAICS CLASSIFICATION: (111),"CROP TOTALS - SALES, MEASURED IN $",SALES,CENSUS
,UNITED STATES,HAWAII,HI,15,YEAR,,ALL UTILIZATION PRACTICES,NAICS CLASSIFICATION,ANNUAL,,2002,$,,15,,,00,,00,"444,739,000",,00000000,ALL CLASSES,,STATE,HAWAII,9000,2012-01-01 00:00:00.000,CROPS,,ALL PRODUCTION PRACTICES,CROP TOTALS,,CROP TOTALS,NAICS CLASSIFICATION: (111),"CROP TOTALS - SALES, MEASURED IN $",SALES,CENSUS
,UNITED STATES,HAWAII,HI,15,YEAR,,ALL UTILIZATION PRACTICES,NAICS CLASSIFICATION,ANNUAL,,2022,$,,15,,,00,,00,                 (D),,00000000,ALL CLASSES,,STATE,HAWAII,9000,2024-07-02 12:00:00.000,CROPS,,ALL PRODUCTION PRACTICES,CROP TOTALS,(D),CROP TOTALS,NAICS CLASSIFICATION: (1111),"CROP TOTALS - SALES, MEASURED IN $",SALES,CENSUS
,UNITED STATES,HAWAII,HI,15,YEAR,,ALL UTILIZATION PRACTICES,NAICS CLASSIFICATION,ANNUAL,,2017,$,,15,,,00,,00,"85,207,000",,00000000,ALL CLASSES,,STATE,HAWAII,9000,2018-02-01 00:00:00.000,CROPS,,ALL PRODUCTION PRACTICES,CROP TOTALS,5.7,CROP TOTALS,NAICS CLASSIFICATION: (1111),"CROP TOTALS - SALES, MEASURED IN $",SALES,CENSUS
,UNITED STATES,HAWAII,HI,15,YEAR,,ALL UTILIZATION PRACTICES,NAICS CLASSIFICATION,ANNUAL,,2012,$,,15,,,00,,00,"152,399,000",,00000000,ALL CLASSES,,STATE,HAWAII,9000,2012-12-31 00:00:00.000,CROPS,,ALL PRODUCTION PRACTICES,CROP TOTALS,6.3,CROP TOTALS,NAICS CLASSIFICATION: (1111),"CROP TOTALS - SALES, MEASURED IN $",SALES,CENSUS
,UNITED STATES,HAWAII,HI,15,YEAR,,ALL UTILIZATION PRACTICES,NAICS CLASSIFICATION,ANNUAL,,2007,$,,15,,,00,,00,"21,748,000",,00000000,ALL CLASSES,,STATE,HAWAII,9000,2012-01-01 00:00:00.000,CROPS,,ALL PRODUCTION PRACTICES,CROP TOTALS,,CROP TOTALS,NAICS CLASSIFICATION: (1111),"CROP TOTALS - SALES, MEASURED IN $",SALES,CENSUS
,UNITED STATES,HAWAII,HI,15,YEAR,,ALL UTILIZATION PRACTICES,NAICS CLASSIFICATION,ANNUAL,,2002,$,,15,,,00,,00,"14,117,000",,00000000,ALL CLASSES,,STATE,HAWAII,9000,2012-01-01 00:00:00.000,CROPS,,ALL PRODUCTION PRACTICES,CROP TOTALS,,CROP TOTALS,NAICS CLASSIFICATION: (1111),"CROP TOTALS - SALES, MEASURED IN $",SALES,CENSUS
,UNITED STATES,HAWAII,HI,15,YEAR,,ALL UTILIZATION PRACTICES,NAICS CLASSIFICATION,ANNUAL,,2022,$,,15,,,00,,00,"625,000",,00000000,ALL CLASSES,,STATE,HAWAII,9000,2024-07-02 12:00:00.000,CROPS,,ALL PRODUCTION PRACTICES,CROP TOTALS,81.1,CROP TOTALS,NAICS CLASSIFICATION: (11112),"CROP TOTALS - SALES, MEASURED IN $",SALES,CENSUS
,UNITED STATES,HAWAII,HI,15,YEAR,,ALL UTILIZATION PRACTICES,NAICS CLASSIFICATION,ANNUAL,,2022,$,,15,,,00,,00,                 (D),,00000000,ALL CLASSES,,STATE,HAWAII,9000,2024-07-02 12:00:00.000,CROPS,,ALL PRODUCTION PRACTICES,CROP TOTALS,(D),CROP TOTALS,NAICS CLASSIFICATION: (11115),"CROP TOTALS - SALES, MEASURED IN $",SALES,CENSUS
,UNITED STATES,HAWAII,HI,15,YEAR,,ALL UTILIZATION PRACTICES,NAICS CLASSIFICATION,ANNUAL,,2017,$,,15,,,00,,00,"85,207,000",,00000000,ALL CLASSES,,STATE,HAWAII,9000,2018-02-01 00:00:00.000,CROPS,,ALL PRODUCTION PRACTICES,CROP TOTALS,5.7,CROP TOTALS,NAICS CLASSIFICATION: (11115),"CROP TOTALS - SALES, MEASURED IN $",SALES,CENSUS
,UNITED STATES,HAWAII,HI,15,YEAR,,ALL UTILIZATION PRACTICES,NAICS CLASSIFICATION,ANNUAL,,2012,$,,15,,,00,,00,"152,399,000",,00000000,ALL CLASSES,,STATE,HAWAII,9000,2012-12-31 00:00:00.000,CROPS,,ALL PRODUCTION PRACTICES,CROP TOTALS,6.3,CROP TOTALS,NAICS CLASSIFICATION: (11115),"CROP TOTALS - SALES, MEASURED IN $",SALES,CENSUS
,UNITED STATES,HAWAII,HI,15,YEAR,,ALL UTILIZATION PRACTICES,NAICS CLASSIFICATION,ANNUAL,,2007,$,,15,,,00,,00,"21,748,000",,00000000,ALL CLASSES,,STATE,HAWAII,9000,2012-01-01 00:00:00.000,CROPS,,ALL PRODUCTION PRACTICES,CROP TOTALS,,CROP TOTALS,NAICS CLASSIFICATION: (11115),"CROP TOTALS - SALES, MEASURED IN $",SALES,CENSUS
,UNITED STATES,HAWAII,HI,15,YEAR,,ALL UTILIZATION PRACTICES,NAICS CLASSIFICATION,ANNUAL,,2002,$,,15,,,00,,00,"14,117,000",,00000000,ALL CLASSES,,STATE,HAWAII,9000,2012-01-01 00:00:00.000,CROPS,,ALL PRODUCTION PRACTICES,CROP TOTALS,,CROP TOTALS,NAICS CLASSIFICATION: (11115),"CROP TOTALS - SALES, MEASURED IN $",SALES,CENSUS
,UNITED STATES,HAWAII,HI,15,YEAR,,ALL UTILIZATION PRACTICES,NAICS CLASSIFICATION,ANNUAL,,2022,$,,15,,,00,,00,"122,218,000",,00000000,ALL CLASSES,,STATE,HAWAII,9000,2024-07-02 12:00:00.000,CROPS,,ALL PRODUCTION PRACTICES,CROP TOTALS,15.5,CROP TOTALS,NAICS CLASSIFICATION: (1112),"CROP TOTALS - SALES, MEASURED IN $",SALES,CENSUS
,UNITED STATES,HAWAII,HI,15,YEAR,,ALL UTILIZATION PRACTICES,NAICS CLASSIFICATION,ANNUAL,,2017,$,,15,,,00,,00,"87,187,000",,00000000,ALL CLASSES,,STATE,HAWAII,9000,2018-02-01 00:00:00.000,CROPS,,ALL PRODUCTION PRACTICES,CROP TOTALS,(H),CROP TOTALS,NAICS CLASSIFICATION: (1112),"CROP TOTALS - SALES, MEASURED IN $",SALES,CENSUS
,UNITED STATES,HAWAII,HI,15,YEAR,,ALL UTILIZATION PRACTICES,NAICS CLASSIFICATION,ANNUAL,,2012,$,,15,,,00,,00,                 (D),,00000000,ALL CLASSES,,STATE,HAWAII,9000,2012-12-31 00:00:00.000,CROPS,,ALL PRODUCTION PRACTICES,CROP TOTALS,(D),CROP TOTALS,NAICS CLASSIFICATION: (1112),"CROP TOTALS - SALES, MEASURED IN $",SALES,CENSUS
,UNITED STATES,HAWAII,HI,15,YEAR,,ALL UTILIZATION PRACTICES,NAICS CLASSIFICATION,ANNUAL,,2007,$,,15,,,00,,00,                 (D),,00000000,ALL CLASSES,,STATE,HAWAII,9000,2012-01-01 00:00:00.000,CROPS,,ALL PRODUCTION PRACTICES,CROP TOTALS,,CROP TOTALS,NAICS CLASSIFICATION: (1112),"CROP TOTALS - SALES, MEASURED IN $",SALES,CENSUS
,UNITED STATES,HAWAII,HI,15,YEAR,,ALL UTILIZATION PRACTICES,NAICS CLASSIFICATION,ANNUAL,,2002,$,,15,,,00,,00,"54,622,000",,00000000,ALL CLASSES,,STATE,HAWAII,9000,2012-01-01 00:00:00.000,CROPS,,ALL PRODUCTION PRACTICES,CROP TOTALS,,CROP TOTALS,NAICS CLASSIFICATION: (1112),"CROP TOTALS - SALES, MEASURED IN $",SALES,CENSUS
,UNITED STATES,HAWAII,HI,15,YEAR,,ALL UTILIZATION PRACTICES,NAICS CLASSIFICATION,ANNUAL,,2022,$,,15,,,00,,00,"3,404,000",,00000000,ALL CLASSES,,STATE,HAWAII,9000,2024-07-02 12:00:00.000,CROPS,,ALL PRODUCTION PRACTICES,CROP TOTALS,85.2,CROP TOTALS,NAICS CLASSIFICATION: (111211),"CROP TOTALS - SALES, MEASURED IN $",SALES,CENSUS
,UNITED STATES,HAWAII,HI,15,YEAR,,ALL UTILIZATION PRACTICES,NAICS CLASSIFICATION,ANNUAL,,2017,$,,15,,,00,,00,"3,272,000",,00000000,ALL CLASSES,,STATE,HAWAII,9000,2018-02-01 00:00:00.000,CROPS,,ALL PRODUCTION PRACTICES,CROP TOTALS,79.7,CROP TOTALS,NAICS CLASSIFICATION: (111211),"CROP TOTALS - SALES, MEASURED IN $",SALES,CENSUS
,UNITED STATES,HAWAII,HI,15,YEAR,,ALL UTILIZATION PRACTICES,NAICS CLASSIFICATION,ANNUAL,,2012,$,,15,,,00,,00,                 (D),,00000000,ALL CLASSES,,STATE,HAWAII,9000,2012-12-31 00:00:00.000,CROPS,,ALL PRODUCTION PRACTICES,CROP TOTALS,(D),CROP TOTALS,NAICS CLASSIFICATION: (111211),"CROP TOTALS - SALES, MEASURED IN $",SALES,CENSUS
,UNITED STATES,HAWAII,HI,15,YEAR,,ALL UTILIZATION PRACTICES,NAICS CLASSIFICATION,ANNUAL,,2002,$,,15,,,00,,00,                 (D),,00000000,ALL CLASSES,,STATE,HAWAII,9000,2012-01-01 00:00:00.000,CROPS,,ALL PRODUCTION PRACTICES,CROP TOTALS,,CROP TOTALS,NAICS CLASSIFICATION: (111211),"CROP TOTALS - SALES, MEASURED IN $",SALES,CENSUS
,UNITED STATES,HAWAII,HI,15,YEAR,,ALL UTILIZATION PRACTICES,NAICS CLASSIFICATION,ANNUAL,,2022,$,,15,,,00,,00,"118,814,000",,00000000,ALL CLASSES,,STATE,HAWAII,9000,2024-07-02 12:00:00.000,CROPS,,ALL PRODUCTION PRACTICES,CROP TOTALS,16.1,CROP TOTALS,NAICS CLASSIFICATION: (111219),"CROP TOTALS - SALES, MEASURED IN $",SALES,CENSUS
,UNITED STATES,HAWAII,HI,15,YEAR,,ALL UTILIZATION PRACTICES,NAICS CLASSIFICATION,ANNUAL,,2017,$,,15,,,00,,00,"83,915,000",,00000000,ALL CLASSES,,STATE,HAWAII,9000,2018-02-01 00:00:00.000,CROPS,,ALL PRODUCTION PRACTICES,CROP TOTALS,(H),CROP TOTALS,NAICS CLASSIFICATION: (111219),"CROP TOTALS - SALES, MEASURED IN $",SALES,CENSUS
,UNITED STATES,HAWAII,HI,15,YEAR,,ALL UTILIZATION PRACTICES,NAICS CLASSIFICATION,ANNUAL,,2012,$,,15,,,00,,00,"68,878,000",,00000000,ALL CLASSES,,STATE,HAWAII,9000,2012-12-31 00:00:00.000,CROPS,,ALL PRODUCTION PRACTICES,CROP TOTALS,9.6,CROP TOTALS,NAICS CLASSIFICATION: (111219),"CROP TOTALS - SALES, MEASURED IN $",SALES,CENSUS
,UNITED STATES,HAWAII,HI,15,YEAR,,ALL UTILIZATION PRACTICES,NAICS CLASSIFICATION,ANNUAL,,2007,$,,15,,,00,,00,                 (D),,00000000,ALL CLASSES,,STATE,HAWAII,9000,2012-01-01 00:00:00.000,CROPS,,ALL PRODUCTION PRACTICES,CROP TOTALS,,CROP TOTALS,NAICS CLASSIFICATION: (111219),"CROP TOTALS - SALES, MEASURED IN $",SALES,CENSUS
,UNITED STATES,HAWAII,HI,15,YEAR,,ALL UTILIZATION PRACTICES,NAICS CLASSIFICATION,ANNUAL,,2002,$,,15,,,00,,00,                 (D),,00000000,ALL CLASSES,,STATE,HAWAII,9000,2012-01-01 00:00:00.000,CROPS,,ALL PRODUCTION PRACTICES,CROP TOTALS,,CROP TOTALS,NAICS CLASSIFICATION: (111219),"CROP TOTALS - SALES, MEASURED IN $",SALES,CENSUS
,UNITED STATES,HAWAII,HI,15,YEAR,,ALL UTILIZATION PRACTICES,NAICS CLASSIFICATION,ANNUAL,,2022,$,,15,,,00,,00,"159,835,000",,00000000,ALL CLASSES,,STATE,HAWAII,9000,2024-07-02 12:00:00.000,CROPS,,ALL PRODUCTION PRACTICES,CROP TOTALS,3.7,CROP TOTALS,NAICS CLASSIFICATION: (1113),"CROP TOTALS - SALES, MEASURED IN $",SALES,CENSUS
,UNITED STATES,HAWAII,HI,15,YEAR,,ALL UTILIZATION PRACTICES,NAICS CLASSIFICATION,ANNUAL,,2017,$,,15,,,00,,00,"141,271,000",,00000000,ALL CLASSES,,STATE,HAWAII,9000,2018-02-01 00:00:00.000,CROPS,,ALL PRODUCTION PRACTICES,CROP TOTALS,7.8,CROP TOTALS,NAICS CLASSIFICATION: (1113),"CROP TOTALS - SALES, MEASURED IN $",SALES,CENSUS
,UNITED STATES,HAWAII,HI,15,YEAR,,ALL UTILIZATION PRACTICES,NAICS CLASSIFICATION,ANNUAL,,2012,$,,15,,,00,,00,"149,185,000",,00000000,ALL CLASSES,,STATE,HAWAII,9000,2012-12-31 00:00:00.000,CROPS,,ALL PRODUCTION PRACTICES,CROP TOTALS,7.0,CROP TOTALS,NAICS CLASSIFICATION: (1113),"CROP TOTALS - SALES, MEASURED IN $",SALES,CENSUS
,UNITED STATES,HAWAII,HI,15,YEAR,,ALL UTILIZATION PRACTICES,NAICS CLASSIFICATION,ANNUAL,,2007,$,,15,,,00,,00,"156,053,000",,00000000,ALL CLASSES,,STATE,HAWAII,9000,2012-01-01 00:00:00.000,CROPS,,ALL PRODUCTION PRACTICES,CROP TOTALS,,CROP TOTALS,NAICS CLASSIFICATION: (1113),"CROP TOTALS - SALES, MEASURED IN $",SALES,CENSUS
,UNITED STATES,HAWAII,HI,15,YEAR,,ALL UTILIZATION PRACTICES,NAICS CLASSIFICATION,ANNUAL,,2002,$,,15,,,00,,00,"178,259,000",,00000000,ALL CLASSES,,STATE,HAWAII,9000,2012-01-01 00:00:00.000,CROPS,,ALL PRODUCTION PRACTICES,CROP TOTALS,,CROP TOTALS,NAICS CLASSIFICATION: (1113),"CROP TOTALS - SALES, MEASURED IN $",SALES,CENSUS
,UNITED STATES,HAWAII,HI,15,YEAR,,ALL UTILIZATION PRACTICES,NAICS CLASSIFICATION,ANNUAL,,2022,$,,15,,,00,,00,"253,000",,00000000,ALL CLASSES,,STATE,HAWAII,9000,2024-07-02 12:00:00.000,CROPS,,ALL PRODUCTION PRACTICES,CROP TOTALS,20.9,CROP TOTALS,NAICS CLASSIFICATION: (11131),"CROP TOTALS - SALES, MEASURED IN $",SALES,CENSUS
,UNITED STATES,HAWAII,HI,15,YEAR,,ALL UTILIZATION PRACTICES,NAICS CLASSIFICATION,ANNUAL,,2017,$,,15,,,00,,00,"179,000",,00000000,ALL CLASSES,,STATE,HAWAII,9000,2018-02-01 00:00:00.000,CROPS,,ALL PRODUCTION PRACTICES,CROP TOTALS,47.4,CROP TOTALS,NAICS CLASSIFICATION: (11131),"CROP TOTALS - SALES, MEASURED IN $",SALES,CENSUS
,UNITED STATES,HAWAII,HI,15,YEAR,,ALL UTILIZATION PRACTICES,NAICS CLASSIFICATION,ANNUAL,,2012,$,,15,,,00,,00,"202,000",,00000000,ALL CLASSES,,STATE,HAWAII,9000,2012-12-31 00:00:00.000,CROPS,,ALL PRODUCTION PRACTICES,CROP TOTALS,73.7,CROP TOTALS,NAICS CLASSIFICATION: (11131),"CROP TOTALS - SALES, MEASURED IN $",SALES,CENSUS
,UNITED STATES,HAWAII,HI,15,YEAR,,ALL UTILIZATION PRACTICES,NAICS CLASSIFICATION,ANNUAL,,2007,$,,15,,,00,,00,                 (D),,00000000,ALL CLASSES,,STATE,HAWAII,9000,2012-01-01 00:00:00.000,CROPS,,ALL PRODUCTION PRACTICES,CROP TOTALS,,CROP TOTALS,NAICS CLASSIFICATION: (11131),"CROP TOTALS - SALES, MEASURED IN $",SALES,CENSUS
,UNITED STATES,HAWAII,HI,15,YEAR,,ALL UTILIZATION PRACTICES,NAICS CLASSIFICATION,ANNUAL,,2002,$,,15,,,00,,00,                 (D),,00000000,ALL CLASSES,,STATE,HAWAII,9000,2012-01-01 00:00:00.000,CROPS,,ALL PRODUCTION PRACTICES,CROP TOTALS,,CROP TOTALS,NAICS CLASSIFICATION: (11131),"CROP TOTALS - SALES, MEASURED IN $",SALES,CENSUS
,UNITED STATES,HAWAII,HI,15,YEAR,,ALL UTILIZATION PRACTICES,NAICS CLASSIFICATION,ANNUAL,,2022,$,,15,,,00,,00,"2,581,000",,00000000,ALL CLASSES,,STATE,HAWAII,9000,2024-07-02 12:00:00.000,CROPS,,ALL PRODUCTION PRACTICES,CROP TOTALS,23.8,CROP TOTALS,NAICS CLASSIFICATION: (11132),"CROP TOTALS - SALES, MEASURED IN $",SALES,CENSUS
,UNITED STATES,HAWAII,HI,15,YEAR,,ALL UTILIZATION PRACTICES,NAICS CLASSIFICATION,ANNUAL,,2017,$,,15,,,00,,00,"841,000",,00000000,ALL CLASSES,,STATE,HAWAII,9000,2018-02-01 00:00:00.000,CROPS,,ALL PRODUCTION PRACTICES,CROP TOTALS,17.8,CROP TOTALS,NAICS CLASSIFICATION: (11132),"CROP TOTALS - SALES, MEASURED IN $",SALES,CENSUS
,UNITED STATES,HAWAII,HI,15,YEAR,,ALL UTILIZATION PRACTICES,NAICS CLASSIFICATION,ANNUAL,,2012,$,,15,,,00,,00,"495,000",,00000000,ALL CLASSES,,STATE,HAWAII,9000,2012-12-31 00:00:00.000,CROPS,,ALL PRODUCTION PRACTICES,CROP TOTALS,12.9,CROP TOTALS,NAICS CLASSIFICATION: (11132),"CROP TOTALS - SALES, MEASURED IN $",SALES,CENSUS
,UNITED STATES,HAWAII,HI,15,YEAR,,ALL UTILIZATION PRACTICES,NAICS CLASSIFICATION,ANNUAL,,2007,$,,15,,,00,,00,                 (D),,00000000,ALL CLASSES,,STATE,HAWAII,9000,2012-01-01 00:00:00.000,CROPS,,ALL PRODUCTION PRACTICES,CROP TOTALS,,CROP TOTALS,NAICS CLASSIFICATION: (11132),"CROP TOTALS - SALES, MEASURED IN $",SALES,CENSUS
,UNITED STATES,HAWAII,HI,15,YEAR,,ALL UTILIZATION PRACTICES,NAICS CLASSIFICATION,ANNUAL,,2002,$,,15,,,00,,00,                 (D),,00000000,ALL CLASSES,,STATE,HAWAII,9000,2012-01-01 00:00:00.000,CROPS,,ALL PRODUCTION PRACTICES,CROP TOTALS,,CROP TOTALS,NAICS CLASSIFICATION: (11132),"CROP TOTALS - SALES, MEASURED IN $",SALES,CENSUS
,UNITED STATES,HAWAII,HI,15,YEAR,,ALL UTILIZATION PRACTICES,NAICS CLASSIFICATION,ANNUAL,,2022,$,,15,,,00,,00,"157,002,000",,00000000,ALL CLASSES,,STATE,HAWAII,9000,2024-07-02 12:00:00.000,CROPS,,ALL PRODUCTION PRACTICES,CROP TOTALS,3.9,CROP TOTALS,NAICS CLASSIFICATION: (11133),"CROP TOTALS - SALES, MEASURED IN $",SALES,CENSUS
,UNITED STATES,HAWAII,HI,15,YEAR,,ALL UTILIZATION PRACTICES,NAICS CLASSIFICATION,ANNUAL,,2017,$,,15,,,00,,00,"140,251,000",,00000000,ALL CLASSES,,STATE,HAWAII,9000,2018-02-01 00:00:00.000,CROPS,,ALL PRODUCTION PRACTICES,CROP TOTALS,7.9,CROP TOTALS,NAICS CLASSIFICATION: (11133),"CROP TOTALS - SALES, MEASURED IN $",SALES,CENSUS
,UNITED STATES,HAWAII,HI,15,YEAR,,ALL UTILIZATION PRACTICES,NAICS CLASSIFICATION,ANNUAL,,2012,$,,15,,,00,,00,"148,488,000",,00000000,ALL CLASSES,,STATE,HAWAII,9000,2012-12-31 00:00:00.000,CROPS,,ALL PRODUCTION PRACTICES,CROP TOTALS,7.1,CROP TOTALS,NAICS CLASSIFICATION: (11133),"CROP TOTALS - SALES, MEASURED IN $",SALES,CENSUS
,UNITED STATES,HAWAII,HI,15,YEAR,,ALL UTILIZATION PRACTICES,NAICS CLASSIFICATION,ANNUAL,,2007,$,,15,,,00,,00,"155,656,000",,00000000,ALL CLASSES,,STATE,HAWAII,9000,2012-01-01 00:00:00.000,CROPS,,ALL PRODUCTION PRACTICES,CROP TOTALS,,CROP TOTALS,NAICS CLASSIFICATION: (11133),"CROP TOTALS - SALES, MEASURED IN $",SALES,CENSUS
,UNITED STATES,HAWAII,HI,15,YEAR,,ALL UTILIZATION PRACTICES,NAICS CLASSIFICATION,ANNUAL,,2002,$,,15,,,00,,00,"177,736,000",,00000000,ALL CLASSES,,STATE,HAWAII,9000,2012-01-01 00:00:00.000,CROPS,,ALL PRODUCTION PRACTICES,CROP TOTALS,,CROP TOTALS,NAICS CLASSIFICATION: (11133),"CROP TOTALS - SALES, MEASURED IN $",SALES,CENSUS
,UNITED STATES,HAWAII,HI,15,YEAR,,ALL UTILIZATION PRACTICES,NAICS CLASSIFICATION,ANNUAL,,2022,$,,15,,,00,,00,                 (D),,00000000,ALL CLASSES,,STATE,HAWAII,9000,2024-07-02 12:00:00.000,CROPS,,ALL PRODUCTION PRACTICES,CROP TOTALS,(D),CROP TOTALS,NAICS CLASSIFICATION: (111331),"CROP TOTALS - SALES, MEASURED IN $",SALES,CENSUS
,UNITED STATES,HAWAII,HI,15,YEAR,,ALL UTILIZATION PRACTICES,NAICS CLASSIFICATION,ANNUAL,,2017,$,,15,,,00,,00,                 (D),,00000000,ALL CLASSES,,STATE,HAWAII,9000,2018-02-01 00:00:00.000,CROPS,,ALL PRODUCTION PRACTICES,CROP TOTALS,(D),CROP TOTALS,NAICS CLASSIFICATION: (111331),"CROP TOTALS - SALES, MEASURED IN $",SALES,CENSUS
,UNITED STATES,HAWAII,HI,15,YEAR,,ALL UTILIZATION PRACTICES,NAICS CLASSIFICATION,ANNUAL,,2002,$,,15,,,00,,00,                 (D),,00000000,ALL CLASSES,,STATE,HAWAII,9000,2012-01-01 00:00:00.000,CROPS,,ALL PRODUCTION PRACTICES,CROP TOTALS,,CROP TOTALS,NAICS CLASSIFICATION: (111331),"CROP TOTALS - SALES, MEASURED IN $",SALES,CENSUS
,UNITED STATES,HAWAII,HI,15,YEAR,,ALL UTILIZATION PRACTICES,NAICS CLASSIFICATION,ANNUAL,,2022,$,,15,,,00,,00,                 (D),,00000000,ALL CLASSES,,STATE,HAWAII,9000,2024-07-02 12:00:00.000,CROPS,,ALL PRODUCTION PRACTICES,CROP TOTALS,(D),CROP TOTALS,NAICS CLASSIFICATION: (111332),"CROP TOTALS - SALES, MEASURED IN $",SALES,CENSUS
,UNITED STATES,HAWAII,HI,15,YEAR,,ALL UTILIZATION PRACTICES,NAICS CLASSIFICATION,ANNUAL,,2017,$,,15,,,00,,00,                 (D),,00000000,ALL CLASSES,,STATE,HAWAII,9000,2018-02-01 00:00:00.000,CROPS,,ALL PRODUCTION PRACTICES,CROP TOTALS,(D),CROP TOTALS,NAICS CLASSIFICATION: (111332),"CROP TOTALS - SALES, MEASURED IN $",SALES,CENSUS
,UNITED STATES,HAWAII,HI,15,YEAR,,ALL UTILIZATION PRACTICES,NAICS CLASSIFICATION,ANNUAL,,2012,$,,15,,,00,,00,                 (D),,00000000,ALL CLASSES,,STATE,HAWAII,9000,2012-12-31 00:00:00.000,CROPS,,ALL PRODUCTION PRACTICES,CROP TOTALS,(D),CROP TOTALS,NAICS CLASSIFICATION: (111332),"CROP TOTALS - SALES, MEASURED IN $",SALES,CENSUS
,UNITED STATES,HAWAII,HI,15,YEAR,,ALL UTILIZATION PRACTICES,NAICS CLASSIFICATION,ANNUAL,,2007,$,,15,,,00,,00,"76,000",,00000000,ALL CLASSES,,STATE,HAWAII,9000,2012-01-01 00:00:00.000,CROPS,,ALL PRODUCTION PRACTICES,CROP TOTALS,,CROP TOTALS,NAICS CLASSIFICATION: (111332),"CROP TOTALS - SALES, MEASURED IN $",SALES,CENSUS
,UNITED STATES,HAWAII,HI,15,YEAR,,ALL UTILIZATION PRACTICES,NAICS CLASSIFICATION,ANNUAL,,2002,$,,15,,,00,,00,                 (D),,00000000,ALL CLASSES,,STATE,HAWAII,9000,2012-01-01 00:00:00.000,CROPS,,ALL PRODUCTION PRACTICES,CROP TOTALS,,CROP TOTALS,NAICS CLASSIFICATION: (111332),"CROP TOTALS - SALES, MEASURED IN $",SALES,CENSUS
,UNITED STATES,HAWAII,HI,15,YEAR,,ALL UTILIZATION PRACTICES,NAICS CLASSIFICATION,ANNUAL,,2022,$,,15,,,00,,00,                 (D),,00000000,ALL CLASSES,,STATE,HAWAII,9000,2024-07-02 12:00:00.000,CROPS,,ALL PRODUCTION PRACTICES,CROP TOTALS,(D),CROP TOTALS,NAICS CLASSIFICATION: (111333),"CROP TOTALS - SALES, MEASURED IN $",SALES,CENSUS
,UNITED STATES,HAWAII,HI,15,YEAR,,ALL UTILIZATION PRACTICES,NAICS CLASSIFICATION,ANNUAL,,2002,$,,15,,,00,,00,"290,000",,00000000,ALL CLASSES,,STATE,HAWAII,9000,2012-01-01 00:00:00.000,CROPS,,ALL PRODUCTION PRACTICES,CROP TOTALS,,CROP TOTALS,NAICS CLASSIFICATION: (111333),"CROP TOTALS - SALES, MEASURED IN $",SALES,CENSUS
,UNITED STATES,HAWAII,HI,15,YEAR,,ALL UTILIZATION PRACTICES,NAICS CLASSIFICATION,ANNUAL,,2022,$,,15,,,00,,00,"43,800,000",,00000000,ALL CLASSES,,STATE,HAWAII,9000,2024-07-02 12:00:00.000,CROPS,,ALL PRODUCTION PRACTICES,CROP TOTALS,2.9,CROP TOTALS,NAICS CLASSIFICATION: (111335),"CROP TOTALS - SALES, MEASURED IN $",SALES,CENSUS
,UNITED STATES,HAWAII,HI,15,YEAR,,ALL UTILIZATION PRACTICES,NAICS CLASSIFICATION,ANNUAL,,2017,$,,15,,,00,,00,                 (D),,00000000,ALL CLASSES,,STATE,HAWAII,9000,2018-02-01 00:00:00.000,CROPS,,ALL PRODUCTION PRACTICES,CROP TOTALS,(D),CROP TOTALS,NAICS CLASSIFICATION: (111335),"CROP TOTALS - SALES, MEASURED IN $",SALES,CENSUS
,UNITED STATES,HAWAII,HI,15,YEAR,,ALL UTILIZATION PRACTICES,NAICS CLASSIFICATION,ANNUAL,,2012,$,,15,,,00,,00,"37,961,000",,00000000,ALL CLASSES,,STATE,HAWAII,9000,2012-12-31 00:00:00.000,CROPS,,ALL PRODUCTION PRACTICES,CROP TOTALS,2.7,CROP TOTALS,NAICS CLASSIFICATION: (111335),"CROP TOTALS - SALES, MEASURED IN $",SALES,CENSUS
,UNITED STATES,HAWAII,HI,15,YEAR,,ALL UTILIZATION PRACTICES,NAICS CLASSIFICATION,ANNUAL,,2007,$,,15,,,00,,00,"25,993,000",,00000000,ALL CLASSES,,STATE,HAWAII,9000,2012-01-01 00:00:00.000,CROPS,,ALL PRODUCTION PRACTICES,CROP TOTALS,,CROP TOTALS,NAICS CLASSIFICATION: (111335),"CROP TOTALS - SALES, MEASURED IN $",SALES,CENSUS
,UNITED STATES,HAWAII,HI,15,YEAR,,ALL UTILIZATION PRACTICES,NAICS CLASSIFICATION,ANNUAL,,2002,$,,15,,,00,,00,"34,593,000",,00000000,ALL CLASSES,,STATE,HAWAII,9000,2012-01-01 00:00:00.000,CROPS,,ALL PRODUCTION PRACTICES,CROP TOTALS,,CROP TOTALS,NAICS CLASSIFICATION: (111335),"CROP TOTALS - SALES, MEASURED IN $",SALES,CENSUS
,UNITED STATES,HAWAII,HI,15,YEAR,,ALL UTILIZATION PRACTICES,NAICS CLASSIFICATION,ANNUAL,,2022,$,,15,,,00,,00,"450,000",,00000000,ALL CLASSES,,STATE,HAWAII,9000,2024-07-02 12:00:00.000,CROPS,,ALL PRODUCTION PRACTICES,CROP TOTALS,21.8,CROP TOTALS,NAICS CLASSIFICATION: (111336),"CROP TOTALS - SALES, MEASURED IN $",SALES,CENSUS
,UNITED STATES,HAWAII,HI,15,YEAR,,ALL UTILIZATION PRACTICES,NAICS CLASSIFICATION,ANNUAL,,2017,$,,15,,,00,,00,                 (D),,00000000,ALL CLASSES,,STATE,HAWAII,9000,2018-02-01 00:00:00.000,CROPS,,ALL PRODUCTION PRACTICES,CROP TOTALS,(D),CROP TOTALS,NAICS CLASSIFICATION: (111336),"CROP TOTALS - SALES, MEASURED IN $",SALES,CENSUS
,UNITED STATES,HAWAII,HI,15,YEAR,,ALL UTILIZATION PRACTICES,NAICS CLASSIFICATION,ANNUAL,,2012,$,,15,,,00,,00,                 (D),,00000000,ALL CLASSES,,STATE,HAWAII,9000,2012-12-31 00:00:00.000,CROPS,,ALL PRODUCTION PRACTICES,CROP TOTALS,(D),CROP TOTALS,NAICS CLASSIFICATION: (111336),"CROP TOTALS - SALES, MEASURED IN $",SALES,CENSUS
,UNITED STATES,HAWAII,HI,15,YEAR,,ALL UTILIZATION PRACTICES,NAICS CLASSIFICATION,ANNUAL,,2007,$,,15,,,00,,00,"66,000",,00000000,ALL CLASSES,,STATE,HAWAII,9000,2012-01-01 00:00:00.000,CROPS,,ALL PRODUCTION PRACTICES,CROP TOTALS,,CROP TOTALS,NAICS CLASSIFICATION: (111336),"CROP TOTALS - SALES, MEASURED IN $",SALES,CENSUS
,UNITED STATES,HAWAII,HI,15,YEAR,,ALL UTILIZATION PRACTICES,NAICS CLASSIFICATION,ANNUAL,,2002,$,,15,,,00,,00,                 (D),,00000000,ALL CLASSES,,STATE,HAWAII,9000,2012-01-01 00:00:00.000,CROPS,,ALL PRODUCTION PRACTICES,CROP TOTALS,,CROP TOTALS,NAICS CLASSIFICATION: (111336),"CROP TOTALS - SALES, MEASURED IN $",SALES,CENSUS
,UNITED STATES,HAWAII,HI,15,YEAR,,ALL UTILIZATION PRACTICES,NAICS CLASSIFICATION,ANNUAL,,2022,$,,15,,,00,,00,"112,494,000",,00000000,ALL CLASSES,,STATE,HAWAII,9000,2024-07-02 12:00:00.000,CROPS,,ALL PRODUCTION PRACTICES,CROP TOTALS,4.5,CROP TOTALS,NAICS CLASSIFICATION: (111339),"CROP TOTALS - SALES, MEASURED IN $",SALES,CENSUS
,UNITED STATES,HAWAII,HI,15,YEAR,,ALL UTILIZATION PRACTICES,NAICS CLASSIFICATION,ANNUAL,,2017,$,,15,,,00,,00,"99,790,000",,00000000,ALL CLASSES,,STATE,HAWAII,9000,2018-02-01 00:00:00.000,CROPS,,ALL PRODUCTION PRACTICES,CROP TOTALS,11.0,CROP TOTALS,NAICS CLASSIFICATION: (111339),"CROP TOTALS - SALES, MEASURED IN $",SALES,CENSUS
,UNITED STATES,HAWAII,HI,15,YEAR,,ALL UTILIZATION PRACTICES,NAICS CLASSIFICATION,ANNUAL,,2012,$,,15,,,00,,00,"107,853,000",,00000000,ALL CLASSES,,STATE,HAWAII,9000,2012-12-31 00:00:00.000,CROPS,,ALL PRODUCTION PRACTICES,CROP TOTALS,10.3,CROP TOTALS,NAICS CLASSIFICATION: (111339),"CROP TOTALS - SALES, MEASURED IN $",SALES,CENSUS
,UNITED STATES,HAWAII,HI,15,YEAR,,ALL UTILIZATION PRACTICES,NAICS CLASSIFICATION,ANNUAL,,2007,$,,15,,,00,,00,"129,521,000",,00000000,ALL CLASSES,,STATE,HAWAII,9000,2012-01-01 00:00:00.000,CROPS,,ALL PRODUCTION PRACTICES,CROP TOTALS,,CROP TOTALS,NAICS CLASSIFICATION: (111339),"CROP TOTALS - SALES, MEASURED IN $",SALES,CENSUS
,UNITED STATES,HAWAII,HI,15,YEAR,,ALL UTILIZATION PRACTICES,NAICS CLASSIFICATION,ANNUAL,,2002,$,,15,,,00,,00,"142,749,000",,00000000,ALL CLASSES,,STATE,HAWAII,9000,2012-01-01 00:00:00.000,CROPS,,ALL PRODUCTION PRACTICES,CROP TOTALS,,CROP TOTALS,NAICS CLASSIFICATION: (111339),"CROP TOTALS - SALES, MEASURED IN $",SALES,CENSUS
,UNITED STATES,HAWAII,HI,15,YEAR,,ALL UTILIZATION PRACTICES,NAICS CLASSIFICATION,ANNUAL,,2022,$,,15,,,00,,00,                 (D),,00000000,ALL CLASSES,,STATE,HAWAII,9000,2024-07-02 12:00:00.000,CROPS,,ALL PRODUCTION PRACTICES,CROP TOTALS,(D),CROP TOTALS,NAICS CLASSIFICATION: (1114),"CROP TOTALS - SALES, MEASURED IN $",SALES,CENSUS
,UNITED STATES,HAWAII,HI,15,YEAR,,ALL UTILIZATION PRACTICES,NAICS CLASSIFICATION,ANNUAL,,2017,$,,15,,,00,,00,"101,246,000",,00000000,ALL CLASSES,,STATE,HAWAII,9000,2018-02-01 00:00:00.000,CROPS,,ALL PRODUCTION PRACTICES,CROP TOTALS,8.2,CROP TOTALS,NAICS CLASSIFICATION: (1114),"CROP TOTALS - SALES, MEASURED IN $",SALES,CENSUS
,UNITED STATES,HAWAII,HI,15,YEAR,,ALL UTILIZATION PRACTICES,NAICS CLASSIFICATION,ANNUAL,,2012,$,,15,,,00,,00,"80,999,000",,00000000,ALL CLASSES,,STATE,HAWAII,9000,2012-12-31 00:00:00.000,CROPS,,ALL PRODUCTION PRACTICES,CROP TOTALS,17.1,CROP TOTALS,NAICS CLASSIFICATION: (1114),"CROP TOTALS - SALES, MEASURED IN $",SALES,CENSUS
,UNITED STATES,HAWAII,HI,15,YEAR,,ALL UTILIZATION PRACTICES,NAICS CLASSIFICATION,ANNUAL,,2007,$,,15,,,00,,00,"115,758,000",,00000000,ALL CLASSES,,STATE,HAWAII,9000,2012-01-01 00:00:00.000,CROPS,,ALL PRODUCTION PRACTICES,CROP TOTALS,,CROP TOTALS,NAICS CLASSIFICATION: (1114),"CROP TOTALS - SALES, MEASURED IN $",SALES,CENSUS
,UNITED STATES,HAWAII,HI,15,YEAR,,ALL UTILIZATION PRACTICES,NAICS CLASSIFICATION,ANNUAL,,2002,$,,15,,,00,,00,"111,158,000",,00000000,ALL CLASSES,,STATE,HAWAII,9000,2012-01-01 00:00:00.000,CROPS,,ALL PRODUCTION PRACTICES,CROP TOTALS,,CROP TOTALS,NAICS CLASSIFICATION: (1114),"CROP TOTALS - SALES, MEASURED IN $",SALES,CENSUS
,UNITED STATES,HAWAII,HI,15,YEAR,,ALL UTILIZATION PRACTICES,NAICS CLASSIFICATION,ANNUAL,,2022,$,,15,,,00,,00,                 (D),,00000000,ALL CLASSES,,STATE,HAWAII,9000,2024-07-02 12:00:00.000,CROPS,,ALL PRODUCTION PRACTICES,CROP TOTALS,(D),CROP TOTALS,NAICS CLASSIFICATION: (11141),"CROP TOTALS - SALES, MEASURED IN $",SALES,CENSUS
,UNITED STATES,HAWAII,HI,15,YEAR,,ALL UTILIZATION PRACTICES,NAICS CLASSIFICATION,ANNUAL,,2017,$,,15,,,00,,00,"16,478,000",,00000000,ALL CLASSES,,STATE,HAWAII,9000,2018-02-01 00:00:00.000,CROPS,,ALL PRODUCTION PRACTICES,CROP TOTALS,18.7,CROP TOTALS,NAICS CLASSIFICATION: (11141),"CROP TOTALS - SALES, MEASURED IN $",SALES,CENSUS
,UNITED STATES,HAWAII,HI,15,YEAR,,ALL UTILIZATION PRACTICES,NAICS CLASSIFICATION,ANNUAL,,2012,$,,15,,,00,,00,                 (D),,00000000,ALL CLASSES,,STATE,HAWAII,9000,2012-12-31 00:00:00.000,CROPS,,ALL PRODUCTION PRACTICES,CROP TOTALS,(D),CROP TOTALS,NAICS CLASSIFICATION: (11141),"CROP TOTALS - SALES, MEASURED IN $",SALES,CENSUS
,UNITED STATES,HAWAII,HI,15,YEAR,,ALL UTILIZATION PRACTICES,NAICS CLASSIFICATION,ANNUAL,,2007,$,,15,,,00,,00,"7,309,000",,00000000,ALL CLASSES,,STATE,HAWAII,9000,2012-01-01 00:00:00.000,CROPS,,ALL PRODUCTION PRACTICES,CROP TOTALS,,CROP TOTALS,NAICS CLASSIFICATION: (11141),"CROP TOTALS - SALES, MEASURED IN $",SALES,CENSUS
,UNITED STATES,HAWAII,HI,15,YEAR,,ALL UTILIZATION PRACTICES,NAICS CLASSIFICATION,ANNUAL,,2002,$,,15,,,00,,00,                 (D),,00000000,ALL CLASSES,,STATE,HAWAII,9000,2012-01-01 00:00:00.000,CROPS,,ALL PRODUCTION PRACTICES,CROP TOTALS,,CROP TOTALS,NAICS CLASSIFICATION: (11141),"CROP TOTALS - SALES, MEASURED IN $",SALES,CENSUS
,UNITED STATES,HAWAII,HI,15,YEAR,,ALL UTILIZATION PRACTICES,NAICS CLASSIFICATION,ANNUAL,,2022,$,,15,,,00,,00,"98,655,000",,00000000,ALL CLASSES,,STATE,HAWAII,9000,2024-07-02 12:00:00.000,CROPS,,ALL PRODUCTION PRACTICES,CROP TOTALS,30.1,CROP TOTALS,NAICS CLASSIFICATION: (11142),"CROP TOTALS - SALES, MEASURED IN $",SALES,CENSUS
,UNITED STATES,HAWAII,HI,15,YEAR,,ALL UTILIZATION PRACTICES,NAICS CLASSIFICATION,ANNUAL,,2017,$,,15,,,00,,00,"84,768,000",,00000000,ALL CLASSES,,STATE,HAWAII,9000,2018-02-01 00:00:00.000,CROPS,,ALL PRODUCTION PRACTICES,CROP TOTALS,10.3,CROP TOTALS,NAICS CLASSIFICATION: (11142),"CROP TOTALS - SALES, MEASURED IN $",SALES,CENSUS
,UNITED STATES,HAWAII,HI,15,YEAR,,ALL UTILIZATION PRACTICES,NAICS CLASSIFICATION,ANNUAL,,2012,$,,15,,,00,,00,                 (D),,00000000,ALL CLASSES,,STATE,HAWAII,9000,2012-12-31 00:00:00.000,CROPS,,ALL PRODUCTION PRACTICES,CROP TOTALS,(D),CROP TOTALS,NAICS CLASSIFICATION: (11142),"CROP TOTALS - SALES, MEASURED IN $",SALES,CENSUS
,UNITED STATES,HAWAII,HI,15,YEAR,,ALL UTILIZATION PRACTICES,NAICS CLASSIFICATION,ANNUAL,,2007,$,,15,,,00,,00,"108,449,000",,00000000,ALL CLASSES,,STATE,HAWAII,9000,2012-01-01 00:00:00.000,CROPS,,ALL PRODUCTION PRACTICES,CROP TOTALS,,CROP TOTALS,NAICS CLASSIFICATION: (11142),"CROP TOTALS - SALES, MEASURED IN $",SALES,CENSUS
,UNITED STATES,HAWAII,HI,15,YEAR,,ALL UTILIZATION PRACTICES,NAICS CLASSIFICATION,ANNUAL,,2002,$,,15,,,00,,00,                 (D),,00000000,ALL CLASSES,,STATE,HAWAII,9000,2012-01-01 00:00:00.000,CROPS,,ALL PRODUCTION PRACTICES,CROP TOTALS,,CROP TOTALS,NAICS CLASSIFICATION: (11142),"CROP TOTALS - SALES, MEASURED IN $",SALES,CENSUS
,UNITED STATES,HAWAII,HI,15,YEAR,,ALL UTILIZATION PRACTICES,NAICS CLASSIFICATION,ANNUAL,,2022,$,,15,,,00,,00,"42,954,000",,00000000,ALL CLASSES,,STATE,HAWAII,9000,2024-07-02 12:00:00.000,CROPS,,ALL PRODUCTION PRACTICES,CROP TOTALS,23.4,CROP TOTALS,NAICS CLASSIFICATION: (111421),"CROP TOTALS - SALES, MEASURED IN $",SALES,CENSUS
,UNITED STATES,HAWAII,HI,15,YEAR,,ALL UTILIZATION PRACTICES,NAICS CLASSIFICATION,ANNUAL,,2017,$,,15,,,00,,00,"33,744,000",,00000000,ALL CLASSES,,STATE,HAWAII,9000,2018-02-01 00:00:00.000,CROPS,,ALL PRODUCTION PRACTICES,CROP TOTALS,20.8,CROP TOTALS,NAICS CLASSIFICATION: (111421),"CROP TOTALS - SALES, MEASURED IN $",SALES,CENSUS
,UNITED STATES,HAWAII,HI,15,YEAR,,ALL UTILIZATION PRACTICES,NAICS CLASSIFICATION,ANNUAL,,2012,$,,15,,,00,,00,"23,176,000",,00000000,ALL CLASSES,,STATE,HAWAII,9000,2012-12-31 00:00:00.000,CROPS,,ALL PRODUCTION PRACTICES,CROP TOTALS,7.7,CROP TOTALS,NAICS CLASSIFICATION: (111421),"CROP TOTALS - SALES, MEASURED IN $",SALES,CENSUS
,UNITED STATES,HAWAII,HI,15,YEAR,,ALL UTILIZATION PRACTICES,NAICS CLASSIFICATION,ANNUAL,,2007,$,,15,,,00,,00,"33,442,000",,00000000,ALL CLASSES,,STATE,HAWAII,9000,2012-01-01 00:00:00.000,CROPS,,ALL PRODUCTION PRACTICES,CROP TOTALS,,CROP TOTALS,NAICS CLASSIFICATION: (111421),"CROP TOTALS - SALES, MEASURED IN $",SALES,CENSUS
,UNITED STATES,HAWAII,HI,15,YEAR,,ALL UTILIZATION PRACTICES,NAICS CLASSIFICATION,ANNUAL,,2002,$,,15,,,00,,00,"28,806,000",,00000000,ALL CLASSES,,STATE,HAWAII,9000,2012-01-01 00:00:00.000,CROPS,,ALL PRODUCTION PRACTICES,CROP TOTALS,,CROP TOTALS,NAICS CLASSIFICATION: (111421),"CROP TOTALS - SALES, MEASURED IN $",SALES,CENSUS
,UNITED STATES,HAWAII,HI,15,YEAR,,ALL UTILIZATION PRACTICES,NAICS CLASSIFICATION,ANNUAL,,2022,$,,15,,,00,,00,"55,701,000",,00000000,ALL CLASSES,,STATE,HAWAII,9000,2024-07-02 12:00:00.000,CROPS,,ALL PRODUCTION PRACTICES,CROP TOTALS,37.1,CROP TOTALS,NAICS CLASSIFICATION: (111422),"CROP TOTALS - SALES, MEASURED IN $",SALES,CENSUS
,UNITED STATES,HAWAII,HI,15,YEAR,,ALL UTILIZATION PRACTICES,NAICS CLASSIFICATION,ANNUAL,,2017,$,,15,,,00,,00,"51,024,000",,00000000,ALL CLASSES,,STATE,HAWAII,9000,2018-02-01 00:00:00.000,CROPS,,ALL PRODUCTION PRACTICES,CROP TOTALS,11.7,CROP TOTALS,NAICS CLASSIFICATION: (111422),"CROP TOTALS - SALES, MEASURED IN $",SALES,CENSUS
,UNITED STATES,HAWAII,HI,15,YEAR,,ALL UTILIZATION PRACTICES,NAICS CLASSIFICATION,ANNUAL,,2012,$,,15,,,00,,00,                 (D),,00000000,ALL CLASSES,,STATE,HAWAII,9000,2012-12-31 00:00:00.000,CROPS,,ALL PRODUCTION PRACTICES,CROP TOTALS,(D),CROP TOTALS,NAICS CLASSIFICATION: (111422),"CROP TOTALS - SALES, MEASURED IN $",SALES,CENSUS
,UNITED STATES,HAWAII,HI,15,YEAR,,ALL UTILIZATION PRACTICES,NAICS CLASSIFICATION,ANNUAL,,2007,$,,15,,,00,,00,"75,007,000",,00000000,ALL CLASSES,,STATE,HAWAII,9000,2012-01-01 00:00:00.000,CROPS,,ALL PRODUCTION PRACTICES,CROP TOTALS,,CROP TOTALS,NAICS CLASSIFICATION: (111422),"CROP TOTALS - SALES, MEASURED IN $",SALES,CENSUS
,UNITED STATES,HAWAII,HI,15,YEAR,,ALL UTILIZATION PRACTICES,NAICS CLASSIFICATION,ANNUAL,,2002,$,,15,,,00,,00,                 (D),,00000000,ALL CLASSES,,STATE,HAWAII,9000,2012-01-01 00:00:00.000,CROPS,,ALL PRODUCTION PRACTICES,CROP TOTALS,,CROP TOTALS,NAICS CLASSIFICATION: (111422),"CROP TOTALS - SALES, MEASURED IN $",SALES,CENSUS
,UNITED STATES,HAWAII,HI,15,YEAR,,ALL UTILIZATION PRACTICES,NAICS CLASSIFICATION,ANNUAL,,2022,$,,15,,,00,,00,"1,089,000",,00000000,ALL CLASSES,,STATE,HAWAII,9000,2024-07-02 12:00:00.000,CROPS,,ALL PRODUCTION PRACTICES,CROP TOTALS,25.5,CROP TOTALS,NAICS CLASSIFICATION: (1119),"CROP TOTALS - SALES, MEASURED IN $",SALES,CENSUS
,UNITED STATES,HAWAII,HI,15,YEAR,,ALL UTILIZATION PRACTICES,NAICS CLASSIFICATION,ANNUAL,,2017,$,,15,,,00,,00,"967,000",,00000000,ALL CLASSES,,STATE,HAWAII,9000,2018-02-01 00:00:00.000,CROPS,,ALL PRODUCTION PRACTICES,CROP TOTALS,62.6,CROP TOTALS,NAICS CLASSIFICATION: (1119),"CROP TOTALS - SALES, MEASURED IN $",SALES,CENSUS
,UNITED STATES,HAWAII,HI,15,YEAR,,ALL UTILIZATION PRACTICES,NAICS CLASSIFICATION,ANNUAL,,2012,$,,15,,,00,,00,                 (D),,00000000,ALL CLASSES,,STATE,HAWAII,9000,2012-12-31 00:00:00.000,CROPS,,ALL PRODUCTION PRACTICES,CROP TOTALS,(D),CROP TOTALS,NAICS CLASSIFICATION: (1119),"CROP TOTALS - SALES, MEASURED IN $",SALES,CENSUS
,UNITED STATES,HAWAII,HI,15,YEAR,,ALL UTILIZATION PRACTICES,NAICS CLASSIFICATION,ANNUAL,,2007,$,,15,,,00,,00,                 (D),,00000000,ALL CLASSES,,STATE,HAWAII,9000,2012-01-01 00:00:00.000,CROPS,,ALL PRODUCTION PRACTICES,CROP TOTALS,,CROP TOTALS,NAICS CLASSIFICATION: (1119),"CROP TOTALS - SALES, MEASURED IN $",SALES,CENSUS
,UNITED STATES,HAWAII,HI,15,YEAR,,ALL UTILIZATION PRACTICES,NAICS CLASSIFICATION,ANNUAL,,2002,$,,15,,,00,,00,"86,583,000",,00000000,ALL CLASSES,,STATE,HAWAII,9000,2012-01-01 00:00:00.000,CROPS,,ALL PRODUCTION PRACTICES,CROP TOTALS,,CROP TOTALS,NAICS CLASSIFICATION: (1119),"CROP TOTALS - SALES, MEASURED IN $",SALES,CENSUS
,UNITED STATES,HAWAII,HI,15,YEAR,,ALL UTILIZATION PRACTICES,NAICS CLASSIFICATION,ANNUAL,,2017,$,,15,,,00,,00,                 (D),,00000000,ALL CLASSES,,STATE,HAWAII,9000,2018-02-01 00:00:00.000,CROPS,,ALL PRODUCTION PRACTICES,CROP TOTALS,(D),CROP TOTALS,NAICS CLASSIFICATION: (11193),"CROP TOTALS - SALES, MEASURED IN $",SALES,CENSUS
,UNITED STATES,HAWAII,HI,15,YEAR,,ALL UTILIZATION PRACTICES,NAICS CLASSIFICATION,ANNUAL,,2012,$,,15,,,00,,00,                 (D),,00000000,ALL CLASSES,,STATE,HAWAII,9000,2012-12-31 00:00:00.000,CROPS,,ALL PRODUCTION PRACTICES,CROP TOTALS,(D),CROP TOTALS,NAICS CLASSIFICATION: (11193),"CROP TOTALS - SALES, MEASURED IN $",SALES,CENSUS
,UNITED STATES,HAWAII,HI,15,YEAR,,ALL UTILIZATION PRACTICES,NAICS CLASSIFICATION,ANNUAL,,2007,$,,15,,,00,,00,                 (D),,00000000,ALL CLASSES,,STATE,HAWAII,9000,2012-01-01 00:00:00.000,CROPS,,ALL PRODUCTION PRACTICES,CROP TOTALS,,CROP TOTALS,NAICS CLASSIFICATION: (11193),"CROP TOTALS - SALES, MEASURED IN $",SALES,CENSUS
,UNITED STATES,HAWAII,HI,15,YEAR,,ALL UTILIZATION PRACTICES,NAICS CLASSIFICATION,ANNUAL,,2002,$,,15,,,00,,00,                 (D),,00000000,ALL CLASSES,,STATE,HAWAII,9000,2012-01-01 00:00:00.000,CROPS,,ALL PRODUCTION PRACTICES,CROP TOTALS,,CROP TOTALS,NAICS CLASSIFICATION: (11193),"CROP TOTALS - SALES, MEASURED IN $",SALES,CENSUS
,UNITED STATES,HAWAII,HI,15,YEAR,,ALL UTILIZATION PRACTICES,NAICS CLASSIFICATION,ANNUAL,,2017,$,,15,,,00,,00,                 (D),,00000000,ALL CLASSES,,STATE,HAWAII,9000,2018-02-01 00:00:00.000,CROPS,,ALL PRODUCTION PRACTICES,CROP TOTALS,(D),CROP TOTALS,NAICS CLASSIFICATION: (11194),"CROP TOTALS - SALES, MEASURED IN $",SALES,CENSUS
,UNITED STATES,HAWAII,HI,15,YEAR,,ALL UTILIZATION PRACTICES,NAICS CLASSIFICATION,ANNUAL,,2012,$,,15,,,00,,00,                 (D),,00000000,ALL CLASSES,,STATE,HAWAII,9000,2012-12-31 00:00:00.000,CROPS,,ALL PRODUCTION PRACTICES,CROP TOTALS,(D),CROP TOTALS,NAICS CLASSIFICATION: (11194),"CROP TOTALS - SALES, MEASURED IN $",SALES,CENSUS
,UNITED STATES,HAWAII,HI,15,YEAR,,ALL UTILIZATION PRACTICES,NAICS CLASSIFICATION,ANNUAL,,2007,$,,15,,,00,,00,                 (D),,00000000,ALL CLASSES,,STATE,HAWAII,9000,2012-01-01 00:00:00.000,CROPS,,ALL PRODUCTION PRACTICES,CROP TOTALS,,CROP TOTALS,NAICS CLASSIFICATION: (11194),"CROP TOTALS - SALES, MEASURED IN $",SALES,CENSUS
,UNITED STATES,HAWAII,HI,15,YEAR,,ALL UTILIZATION PRACTICES,NAICS CLASSIFICATION,ANNUAL,,2002,$,,15,,,00,,00,                 (D),,00000000,ALL CLASSES,,STATE,HAWAII,9000,2012-01-01 00:00:00.000,CROPS,,ALL PRODUCTION PRACTICES,CROP TOTALS,,CROP TOTALS,NAICS CLASSIFICATION: (11194),"CROP TOTALS - SALES, MEASURED IN $",SALES,CENSUS
,UNITED STATES,HAWAII,HI,15,YEAR,,ALL UTILIZATION PRACTICES,NAICS CLASSIFICATION,ANNUAL,,2022,$,,15,,,00,,00,"1,089,000",,00000000,ALL CLASSES,,STATE,HAWAII,9000,2024-07-02 12:00:00.000,CROPS,,ALL PRODUCTION PRACTICES,CROP TOTALS,25.5,CROP TOTALS,NAICS CLASSIFICATION: (11199),"CROP TOTALS - SALES, MEASURED IN $",SALES,CENSUS
,UNITED STATES,HAWAII,HI,15,YEAR,,ALL UTILIZATION PRACTICES,NAICS CLASSIFICATION,ANNUAL,,2017,$,,15,,,00,,00,"830,000",,00000000,ALL CLASSES,,STATE,HAWAII,9000,2018-02-01 00:00:00.000,CROPS,,ALL PRODUCTION PRACTICES,CROP TOTALS,75.8,CROP TOTALS,NAICS CLASSIFICATION: (11199),"CROP TOTALS - SALES, MEASURED IN $",SALES,CENSUS
,UNITED STATES,HAWAII,HI,15,YEAR,,ALL UTILIZATION PRACTICES,NAICS CLASSIFICATION,ANNUAL,,2012,$,,15,,,00,,00,"7,055,000",,00000000,ALL CLASSES,,STATE,HAWAII,9000,2012-12-31 00:00:00.000,CROPS,,ALL PRODUCTION PRACTICES,CROP TOTALS,14.8,CROP TOTALS,NAICS CLASSIFICATION: (11199),"CROP TOTALS - SALES, MEASURED IN $",SALES,CENSUS
,UNITED STATES,HAWAII,HI,15,YEAR,,ALL UTILIZATION PRACTICES,NAICS CLASSIFICATION,ANNUAL,,2007,$,,15,,,00,,00,                 (D),,00000000,ALL CLASSES,,STATE,HAWAII,9000,2012-01-01 00:00:00.000,CROPS,,ALL PRODUCTION PRACTICES,CROP TOTALS,,CROP TOTALS,NAICS CLASSIFICATION: (11199),"CROP TOTALS - SALES, MEASURED IN $",SALES,CENSUS
,UNITED STATES,HAWAII,HI,15,YEAR,,ALL UTILIZATION PRACTICES,NAICS CLASSIFICATION,ANNUAL,,2002,$,,15,,,00,,00,                 (D),,00000000,ALL CLASSES,,STATE,HAWAII,9000,2012-01-01 00:00:00.000,CROPS,,ALL PRODUCTION PRACTICES,CROP TOTALS,,CROP TOTALS,NAICS CLASSIFICATION: (11199),"CROP TOTALS - SALES, MEASURED IN $",SALES,CENSUS
,UNITED STATES,HAWAII,HI,15,YEAR,,ALL UTILIZATION PRACTICES,NAICS CLASSIFICATION,ANNUAL,,2022,$,,15,,,00,,00,"678,000",,00000000,ALL CLASSES,,STATE,HAWAII,9000,2024-07-02 12:00:00.000,CROPS,,ALL PRODUCTION PRACTICES,CROP TOTALS,18.0,CROP TOTALS,NAICS CLASSIFICATION: (112),"CROP TOTALS - SALES, MEASURED IN $",SALES,CENSUS
,UNITED STATES,HAWAII,HI,15,YEAR,,ALL UTILIZATION PRACTICES,NAICS CLASSIFICATION,ANNUAL,,2017,$,,15,,,00,,00,"1,191,000",,00000000,ALL CLASSES,,STATE,HAWAII,9000,2018-02-01 00:00:00.000,CROPS,,ALL PRODUCTION PRACTICES,CROP TOTALS,8.7,CROP TOTALS,NAICS CLASSIFICATION: (112),"CROP TOTALS - SALES, MEASURED IN $",SALES,CENSUS
,UNITED STATES,HAWAII,HI,15,YEAR,,ALL UTILIZATION PRACTICES,NAICS CLASSIFICATION,ANNUAL,,2012,$,,15,,,00,,00,"1,191,000",,00000000,ALL CLASSES,,STATE,HAWAII,9000,2012-12-31 00:00:00.000,CROPS,,ALL PRODUCTION PRACTICES,CROP TOTALS,6.8,CROP TOTALS,NAICS CLASSIFICATION: (112),"CROP TOTALS - SALES, MEASURED IN $",SALES,CENSUS
,UNITED STATES,HAWAII,HI,15,YEAR,,ALL UTILIZATION PRACTICES,NAICS CLASSIFICATION,ANNUAL,,2007,$,,15,,,00,,00,"706,000",,00000000,ALL CLASSES,,STATE,HAWAII,9000,2012-01-01 00:00:00.000,CROPS,,ALL PRODUCTION PRACTICES,CROP TOTALS,,CROP TOTALS,NAICS CLASSIFICATION: (112),"CROP TOTALS - SALES, MEASURED IN $",SALES,CENSUS
,UNITED STATES,HAWAII,HI,15,YEAR,,ALL UTILIZATION PRACTICES,NAICS CLASSIFICATION,ANNUAL,,2002,$,,15,,,00,,00,"617,000",,00000000,ALL CLASSES,,STATE,HAWAII,9000,2012-01-01 00:00:00.000,CROPS,,ALL PRODUCTION PRACTICES,CROP TOTALS,,CROP TOTALS,NAICS CLASSIFICATION: (112),"CROP TOTALS - SALES, MEASURED IN $",SALES,CENSUS
,UNITED STATES,HAWAII,HI,15,YEAR,,ALL UTILIZATION PRACTICES,NAICS CLASSIFICATION,ANNUAL,,2022,$,,15,,,00,,00,"129,000",,00000000,ALL CLASSES,,STATE,HAWAII,9000,2024-07-02 12:00:00.000,CROPS,,ALL PRODUCTION PRACTICES,CROP TOTALS,21.3,CROP TOTALS,NAICS CLASSIFICATION: (1121),"CROP TOTALS - SALES, MEASURED IN $",SALES,CENSUS
,UNITED STATES,HAWAII,HI,15,YEAR,,ALL UTILIZATION PRACTICES,NAICS CLASSIFICATION,ANNUAL,,2017,$,,15,,,00,,00,"525,000",,00000000,ALL CLASSES,,STATE,HAWAII,9000,2018-02-01 00:00:00.000,CROPS,,ALL PRODUCTION PRACTICES,CROP TOTALS,7.1,CROP TOTALS,NAICS CLASSIFICATION: (1121),"CROP TOTALS - SALES, MEASURED IN $",SALES,CENSUS
,UNITED STATES,HAWAII,HI,15,YEAR,,ALL UTILIZATION PRACTICES,NAICS CLASSIFICATION,ANNUAL,,2012,$,,15,,,00,,00,"842,000",,00000000,ALL CLASSES,,STATE,HAWAII,9000,2012-12-31 00:00:00.000,CROPS,,ALL PRODUCTION PRACTICES,CROP TOTALS,5.7,CROP TOTALS,NAICS CLASSIFICATION: (1121),"CROP TOTALS - SALES, MEASURED IN $",SALES,CENSUS
,UNITED STATES,HAWAII,HI,15,YEAR,,ALL UTILIZATION PRACTICES,NAICS CLASSIFICATION,ANNUAL,,2007,$,,15,,,00,,00,"553,000",,00000000,ALL CLASSES,,STATE,HAWAII,9000,2012-01-01 00:00:00.000,CROPS,,ALL PRODUCTION PRACTICES,CROP TOTALS,,CROP TOTALS,NAICS CLASSIFICATION: (1121),"CROP TOTALS - SALES, MEASURED IN $",SALES,CENSUS
,UNITED STATES,HAWAII,HI,15,YEAR,,ALL UTILIZATION PRACTICES,NAICS CLASSIFICATION,ANNUAL,,2002,$,,15,,,00,,00,"351,000",,00000000,ALL CLASSES,,STATE,HAWAII,9000,2012-01-01 00:00:00.000,CROPS,,ALL PRODUCTION PRACTICES,CROP TOTALS,,CROP TOTALS,NAICS CLASSIFICATION: (1121),"CROP TOTALS - SALES, MEASURED IN $",SALES,CENSUS
,UNITED STATES,HAWAII,HI,15,YEAR,,ALL UTILIZATION PRACTICES,NAICS CLASSIFICATION,ANNUAL,,2022,$,,15,,,00,,00,                 (D),,00000000,ALL CLASSES,,STATE,HAWAII,9000,2024-07-02 12:00:00.000,CROPS,,ALL PRODUCTION PRACTICES,CROP TOTALS,(D),CROP TOTALS,NAICS CLASSIFICATION: (11211),"CROP TOTALS - SALES, MEASURED IN $",SALES,CENSUS
,UNITED STATES,HAWAII,HI,15,YEAR,,ALL UTILIZATION PRACTICES,NAICS CLASSIFICATION,ANNUAL,,2017,$,,15,,,00,,00,"525,000",,00000000,ALL CLASSES,,STATE,HAWAII,9000,2018-02-01 00:00:00.000,CROPS,,ALL PRODUCTION PRACTICES,CROP TOTALS,7.1,CROP TOTALS,NAICS CLASSIFICATION: (11211),"CROP TOTALS - SALES, MEASURED IN $",SALES,CENSUS
,UNITED STATES,HAWAII,HI,15,YEAR,,ALL UTILIZATION PRACTICES,NAICS CLASSIFICATION,ANNUAL,,2012,$,,15,,,00,,00,                 (D),,00000000,ALL CLASSES,,STATE,HAWAII,9000,2012-12-31 00:00:00.000,CROPS,,ALL PRODUCTION PRACTICES,CROP TOTALS,(D),CROP TOTALS,NAICS CLASSIFICATION: (11211),"CROP TOTALS - SALES, MEASURED IN $",SALES,CENSUS
,UNITED STATES,HAWAII,HI,15,YEAR,,ALL UTILIZATION PRACTICES,NAICS CLASSIFICATION,ANNUAL,,2007,$,,15,,,00,,00,"553,000",,00000000,ALL CLASSES,,STATE,HAWAII,9000,2012-01-01 00:00:00.000,CROPS,,ALL PRODUCTION PRACTICES,CROP TOTALS,,CROP TOTALS,NAICS CLASSIFICATION: (11211),"CROP TOTALS - SALES, MEASURED IN $",SALES,CENSUS
,UNITED STATES,HAWAII,HI,15,YEAR,,ALL UTILIZATION PRACTICES,NAICS CLASSIFICATION,ANNUAL,,2002,$,,15,,,00,,00,                 (D),,00000000,ALL CLASSES,,STATE,HAWAII,9000,2012-01-01 00:00:00.000,CROPS,,ALL PRODUCTION PRACTICES,CROP TOTALS,,CROP TOTALS,NAICS CLASSIFICATION: (11211),"CROP TOTALS - SALES, MEASURED IN $",SALES,CENSUS
,UNITED STATES,HAWAII,HI,15,YEAR,,ALL UTILIZATION PRACTICES,NAICS CLASSIFICATION,ANNUAL,,2022,$,,15,,,00,,00,                 (D),,00000000,ALL CLASSES,,STATE,HAWAII,9000,2024-07-02 12:00:00.000,CROPS,,ALL PRODUCTION PRACTICES,CROP TOTALS,(D),CROP TOTALS,NAICS CLASSIFICATION: (112111),"CROP TOTALS - SALES, MEASURED IN $",SALES,CENSUS
,UNITED STATES,HAWAII,HI,15,YEAR,,ALL UTILIZATION PRACTICES,NAICS CLASSIFICATION,ANNUAL,,2017,$,,15,,,00,,00,"525,000",,00000000,ALL CLASSES,,STATE,HAWAII,9000,2018-02-01 00:00:00.000,CROPS,,ALL PRODUCTION PRACTICES,CROP TOTALS,7.1,CROP TOTALS,NAICS CLASSIFICATION: (112111),"CROP TOTALS - SALES, MEASURED IN $",SALES,CENSUS
,UNITED STATES,HAWAII,HI,15,YEAR,,ALL UTILIZATION PRACTICES,NAICS CLASSIFICATION,ANNUAL,,2012,$,,15,,,00,,00,                 (D),,00000000,ALL CLASSES,,STATE,HAWAII,9000,2012-12-31 00:00:00.000,CROPS,,ALL PRODUCTION PRACTICES,CROP TOTALS,(D),CROP TOTALS,NAICS CLASSIFICATION: (112111),"CROP TOTALS - SALES, MEASURED IN $",SALES,CENSUS
,UNITED STATES,HAWAII,HI,15,YEAR,,ALL UTILIZATION PRACTICES,NAICS CLASSIFICATION,ANNUAL,,2007,$,,15,,,00,,00,                 (D),,00000000,ALL CLASSES,,STATE,HAWAII,9000,2012-01-01 00:00:00.000,CROPS,,ALL PRODUCTION PRACTICES,CROP TOTALS,,CROP TOTALS,NAICS CLASSIFICATION: (112111),"CROP TOTALS - SALES, MEASURED IN $",SALES,CENSUS
,UNITED STATES,HAWAII,HI,15,YEAR,,ALL UTILIZATION PRACTICES,NAICS CLASSIFICATION,ANNUAL,,2002,$,,15,,,00,,00,"318,000",,00000000,ALL CLASSES,,STATE,HAWAII,9000,2012-01-01 00:00:00.000,CROPS,,ALL PRODUCTION PRACTICES,CROP TOTALS,,CROP TOTALS,NAICS CLASSIFICATION: (112111),"CROP TOTALS - SALES, MEASURED IN $",SALES,CENSUS
,UNITED STATES,HAWAII,HI,15,YEAR,,ALL UTILIZATION PRACTICES,NAICS CLASSIFICATION,ANNUAL,,2007,$,,15,,,00,,00,                 (D),,00000000,ALL CLASSES,,STATE,HAWAII,9000,2012-01-01 00:00:00.000,CROPS,,ALL PRODUCTION PRACTICES,CROP TOTALS,,CROP TOTALS,NAICS CLASSIFICATION: (112112),"CROP TOTALS - SALES, MEASURED IN $",SALES,CENSUS
,UNITED STATES,HAWAII,HI,15,YEAR,,ALL UTILIZATION PRACTICES,NAICS CLASSIFICATION,ANNUAL,,2002,$,,15,,,00,,00,                 (D),,00000000,ALL CLASSES,,STATE,HAWAII,9000,2012-01-01 00:00:00.000,CROPS,,ALL PRODUCTION PRACTICES,CROP TOTALS,,CROP TOTALS,NAICS CLASSIFICATION: (112112),"CROP TOTALS - SALES, MEASURED IN $",SALES,CENSUS
,UNITED STATES,HAWAII,HI,15,YEAR,,ALL UTILIZATION PRACTICES,NAICS CLASSIFICATION,ANNUAL,,2022,$,,15,,,00,,00,                 (D),,00000000,ALL CLASSES,,STATE,HAWAII,9000,2024-07-02 12:00:00.000,CROPS,,ALL PRODUCTION PRACTICES,CROP TOTALS,(D),CROP TOTALS,NAICS CLASSIFICATION: (11212),"CROP TOTALS - SALES, MEASURED IN $",SALES,CENSUS
,UNITED STATES,HAWAII,HI,15,YEAR,,ALL UTILIZATION PRACTICES,NAICS CLASSIFICATION,ANNUAL,,2012,$,,15,,,00,,00,                 (D),,00000000,ALL CLASSES,,STATE,HAWAII,9000,2012-12-31 00:00:00.000,CROPS,,ALL PRODUCTION PRACTICES,CROP TOTALS,(D),CROP TOTALS,NAICS CLASSIFICATION: (11212),"CROP TOTALS - SALES, MEASURED IN $",SALES,CENSUS
,UNITED STATES,HAWAII,HI,15,YEAR,,ALL UTILIZATION PRACTICES,NAICS CLASSIFICATION,ANNUAL,,2002,$,,15,,,00,,00,                 (D),,00000000,ALL CLASSES,,STATE,HAWAII,9000,2012-01-01 00:00:00.000,CROPS,,ALL PRODUCTION PRACTICES,CROP TOTALS,,CROP TOTALS,NAICS CLASSIFICATION: (11212),"CROP TOTALS - SALES, MEASURED IN $",SALES,CENSUS
,UNITED STATES,HAWAII,HI,15,YEAR,,ALL UTILIZATION PRACTICES,NAICS CLASSIFICATION,ANNUAL,,2022,$,,15,,,00,,00,                 (D),,00000000,ALL CLASSES,,STATE,HAWAII,9000,2024-07-02 12:00:00.000,CROPS,,ALL PRODUCTION PRACTICES,CROP TOTALS,(D),CROP TOTALS,NAICS CLASSIFICATION: (1122),"CROP TOTALS - SALES, MEASURED IN $",SALES,CENSUS
,UNITED STATES,HAWAII,HI,15,YEAR,,ALL UTILIZATION PRACTICES,NAICS CLASSIFICATION,ANNUAL,,2017,$,,15,,,00,,00,                 (D),,00000000,ALL CLASSES,,STATE,HAWAII,9000,2018-02-01 00:00:00.000,CROPS,,ALL PRODUCTION PRACTICES,CROP TOTALS,(D),CROP TOTALS,NAICS CLASSIFICATION: (1122),"CROP TOTALS - SALES, MEASURED IN $",SALES,CENSUS
,UNITED STATES,HAWAII,HI,15,YEAR,,ALL UTILIZATION PRACTICES,NAICS CLASSIFICATION,ANNUAL,,2012,$,,15,,,00,,00,                 (D),,00000000,ALL CLASSES,,STATE,HAWAII,9000,2012-12-31 00:00:00.000,CROPS,,ALL PRODUCTION PRACTICES,CROP TOTALS,(D),CROP TOTALS,NAICS CLASSIFICATION: (1122),"CROP TOTALS - SALES, MEASURED IN $",SALES,CENSUS
,UNITED STATES,HAWAII,HI,15,YEAR,,ALL UTILIZATION PRACTICES,NAICS CLASSIFICATION,ANNUAL,,2007,$,,15,,,00,,00,"12,000",,00000000,ALL CLASSES,,STATE,HAWAII,9000,2012-01-01 00:00:00.000,CROPS,,ALL PRODUCTION PRACTICES,CROP TOTALS,,CROP TOTALS,NAICS CLASSIFICATION: (1122),"CROP TOTALS - SALES, MEASURED IN $",SALES,CENSUS
,UNITED STATES,HAWAII,HI,15,YEAR,,ALL UTILIZATION PRACTICES,NAICS CLASSIFICATION,ANNUAL,,2002,$,,15,,,00,,00,                 (D),,00000000,ALL CLASSES,,STATE,HAWAII,9000,2012-01-01 00:00:00.000,CROPS,,ALL PRODUCTION PRACTICES,CROP TOTALS,,CROP TOTALS,NAICS CLASSIFICATION: (1122),"CROP TOTALS - SALES, MEASURED IN $",SALES,CENSUS
,UNITED STATES,HAWAII,HI,15,YEAR,,ALL UTILIZATION PRACTICES,NAICS CLASSIFICATION,ANNUAL,,2022,$,,15,,,00,,00,"32,000",,00000000,ALL CLASSES,,STATE,HAWAII,9000,2024-07-02 12:00:00.000,CROPS,,ALL PRODUCTION PRACTICES,CROP TOTALS,9.8,CROP TOTALS,NAICS CLASSIFICATION: (1123),"CROP TOTALS - SALES, MEASURED IN $",SALES,CENSUS
,UNITED STATES,HAWAII,HI,15,YEAR,,ALL UTILIZATION PRACTICES,NAICS CLASSIFICATION,ANNUAL,,2017,$,,15,,,00,,00,"32,000",,00000000,ALL CLASSES,,STATE,HAWAII,9000,2018-02-01 00:00:00.000,CROPS,,ALL PRODUCTION PRACTICES,CROP TOTALS,(H),CROP TOTALS,NAICS CLASSIFICATION: (1123),"CROP TOTALS - SALES, MEASURED IN $",SALES,CENSUS
,UNITED STATES,HAWAII,HI,15,YEAR,,ALL UTILIZATION PRACTICES,NAICS CLASSIFICATION,ANNUAL,,2012,$,,15,,,00,,00,"5,000",,00000000,ALL CLASSES,,STATE,HAWAII,9000,2012-12-31 00:00:00.000,CROPS,,ALL PRODUCTION PRACTICES,CROP TOTALS,59.6,CROP TOTALS,NAICS CLASSIFICATION: (1123),"CROP TOTALS - SALES, MEASURED IN $",SALES,CENSUS
,UNITED STATES,HAWAII,HI,15,YEAR,,ALL UTILIZATION PRACTICES,NAICS CLASSIFICATION,ANNUAL,,2007,$,,15,,,00,,00,"12,000",,00000000,ALL CLASSES,,STATE,HAWAII,9000,2012-01-01 00:00:00.000,CROPS,,ALL PRODUCTION PRACTICES,CROP TOTALS,,CROP TOTALS,NAICS CLASSIFICATION: (1123),"CROP TOTALS - SALES, MEASURED IN $",SALES,CENSUS
,UNITED STATES,HAWAII,HI,15,YEAR,,ALL UTILIZATION PRACTICES,NAICS CLASSIFICATION,ANNUAL,,2002,$,,15,,,00,,00,"63,000",,00000000,ALL CLASSES,,STATE,HAWAII,9000,2012-01-01 00:00:00.000,CROPS,,ALL PRODUCTION PRACTICES,CROP TOTALS,,CROP TOTALS,NAICS CLASSIFICATION: (1123),"CROP TOTALS - SALES, MEASURED IN $",SALES,CENSUS
,UNITED STATES,HAWAII,HI,15,YEAR,,ALL UTILIZATION PRACTICES,NAICS CLASSIFICATION,ANNUAL,,2022,$,,15,,,00,,00,"25,000",,00000000,ALL CLASSES,,STATE,HAWAII,9000,2024-07-02 12:00:00.000,CROPS,,ALL PRODUCTION PRACTICES,CROP TOTALS,4.4,CROP TOTALS,NAICS CLASSIFICATION: (11231),"CROP TOTALS - SALES, MEASURED IN $",SALES,CENSUS
,UNITED STATES,HAWAII,HI,15,YEAR,,ALL UTILIZATION PRACTICES,NAICS CLASSIFICATION,ANNUAL,,2012,$,,15,,,00,,00,                 (D),,00000000,ALL CLASSES,,STATE,HAWAII,9000,2012-12-31 00:00:00.000,CROPS,,ALL PRODUCTION PRACTICES,CROP TOTALS,(D),CROP TOTALS,NAICS CLASSIFICATION: (11231),"CROP TOTALS - SALES, MEASURED IN $",SALES,CENSUS
,UNITED STATES,HAWAII,HI,15,YEAR,,ALL UTILIZATION PRACTICES,NAICS CLASSIFICATION,ANNUAL,,2007,$,,15,,,00,,00,                 (D),,00000000,ALL CLASSES,,STATE,HAWAII,9000,2012-01-01 00:00:00.000,CROPS,,ALL PRODUCTION PRACTICES,CROP TOTALS,,CROP TOTALS,NAICS CLASSIFICATION: (11231),"CROP TOTALS - SALES, MEASURED IN $",SALES,CENSUS
,UNITED STATES,HAWAII,HI,15,YEAR,,ALL UTILIZATION PRACTICES,NAICS CLASSIFICATION,ANNUAL,,2002,$,,15,,,00,,00,                 (D),,00000000,ALL CLASSES,,STATE,HAWAII,9000,2012-01-01 00:00:00.000,CROPS,,ALL PRODUCTION PRACTICES,CROP TOTALS,,CROP TOTALS,NAICS CLASSIFICATION: (11231),"CROP TOTALS - SALES, MEASURED IN $",SALES,CENSUS
,UNITED STATES,HAWAII,HI,15,YEAR,,ALL UTILIZATION PRACTICES,NAICS CLASSIFICATION,ANNUAL,,2022,$,,15,,,00,,00,"7,000",,00000000,ALL CLASSES,,STATE,HAWAII,9000,2024-07-02 12:00:00.000,CROPS,,ALL PRODUCTION PRACTICES,CROP TOTALS,42.2,CROP TOTALS,NAICS CLASSIFICATION: (11239),"CROP TOTALS - SALES, MEASURED IN $",SALES,CENSUS
,UNITED STATES,HAWAII,HI,15,YEAR,,ALL UTILIZATION PRACTICES,NAICS CLASSIFICATION,ANNUAL,,2017,$,,15,,,00,,00,"32,000",,00000000,ALL CLASSES,,STATE,HAWAII,9000,2018-02-01 00:00:00.000,CROPS,,ALL PRODUCTION PRACTICES,CROP TOTALS,(H),CROP TOTALS,NAICS CLASSIFICATION: (11239),"CROP TOTALS - SALES, MEASURED IN $",SALES,CENSUS
,UNITED STATES,HAWAII,HI,15,YEAR,,ALL UTILIZATION PRACTICES,NAICS CLASSIFICATION,ANNUAL,,2012,$,,15,,,00,,00,                 (D),,00000000,ALL CLASSES,,STATE,HAWAII,9000,2012-12-31 00:00:00.000,CROPS,,ALL PRODUCTION PRACTICES,CROP TOTALS,(D),CROP TOTALS,NAICS CLASSIFICATION: (11239),"CROP TOTALS - SALES, MEASURED IN $",SALES,CENSUS
,UNITED STATES,HAWAII,HI,15,YEAR,,ALL UTILIZATION PRACTICES,NAICS CLASSIFICATION,ANNUAL,,2007,$,,15,,,00,,00,                 (D),,00000000,ALL CLASSES,,STATE,HAWAII,9000,2012-01-01 00:00:00.000,CROPS,,ALL PRODUCTION PRACTICES,CROP TOTALS,,CROP TOTALS,NAICS CLASSIFICATION: (11239),"CROP TOTALS - SALES, MEASURED IN $",SALES,CENSUS
,UNITED STATES,HAWAII,HI,15,YEAR,,ALL UTILIZATION PRACTICES,NAICS CLASSIFICATION,ANNUAL,,2002,$,,15,,,00,,00,                 (D),,00000000,ALL CLASSES,,STATE,HAWAII,9000,2012-01-01 00:00:00.000,CROPS,,ALL PRODUCTION PRACTICES,CROP TOTALS,,CROP TOTALS,NAICS CLASSIFICATION: (11239),"CROP TOTALS - SALES, MEASURED IN $",SALES,CENSUS
,UNITED STATES,HAWAII,HI,15,YEAR,,ALL UTILIZATION PRACTICES,NAICS CLASSIFICATION,ANNUAL,,2022,$,,15,,,00,,00,"70,000",,00000000,ALL CLASSES,,STATE,HAWAII,9000,2024-07-02 12:00:00.000,CROPS,,ALL PRODUCTION PRACTICES,CROP TOTALS,52.8,CROP TOTALS,NAICS CLASSIFICATION: (1124),"CROP TOTALS - SALES, MEASURED IN $",SALES,CENSUS
,UNITED STATES,HAWAII,HI,15,YEAR,,ALL UTILIZATION PRACTICES,NAICS CLASSIFICATION,ANNUAL,,2017,$,,15,,,00,,00,"16,000",,00000000,ALL CLASSES,,STATE,HAWAII,9000,2018-02-01 00:00:00.000,CROPS,,ALL PRODUCTION PRACTICES,CROP TOTALS,(H),CROP TOTALS,NAICS CLASSIFICATION: (1124),"CROP TOTALS - SALES, MEASURED IN $",SALES,CENSUS
,UNITED STATES,HAWAII,HI,15,YEAR,,ALL UTILIZATION PRACTICES,NAICS CLASSIFICATION,ANNUAL,,2012,$,,15,,,00,,00,                 (D),,00000000,ALL CLASSES,,STATE,HAWAII,9000,2012-12-31 00:00:00.000,CROPS,,ALL PRODUCTION PRACTICES,CROP TOTALS,(D),CROP TOTALS,NAICS CLASSIFICATION: (1124),"CROP TOTALS - SALES, MEASURED IN $",SALES,CENSUS
,UNITED STATES,HAWAII,HI,15,YEAR,,ALL UTILIZATION PRACTICES,NAICS CLASSIFICATION,ANNUAL,,2007,$,,15,,,00,,00,"19,000",,00000000,ALL CLASSES,,STATE,HAWAII,9000,2012-01-01 00:00:00.000,CROPS,,ALL PRODUCTION PRACTICES,CROP TOTALS,,CROP TOTALS,NAICS CLASSIFICATION: (1124),"CROP TOTALS - SALES, MEASURED IN $",SALES,CENSUS
,UNITED STATES,HAWAII,HI,15,YEAR,,ALL UTILIZATION PRACTICES,NAICS CLASSIFICATION,ANNUAL,,2002,$,,15,,,00,,00,                 (D),,00000000,ALL CLASSES,,STATE,HAWAII,9000,2012-01-01 00:00:00.000,CROPS,,ALL PRODUCTION PRACTICES,CROP TOTALS,,CROP TOTALS,NAICS CLASSIFICATION: (1124),"CROP TOTALS - SALES, MEASURED IN $",SALES,CENSUS
,UNITED STATES,HAWAII,HI,15,YEAR,,ALL UTILIZATION PRACTICES,NAICS CLASSIFICATION,ANNUAL,,2022,$,,15,,,00,,00,"11,000",,00000000,ALL CLASSES,,STATE,HAWAII,9000,2024-07-02 12:00:00.000,CROPS,,ALL PRODUCTION PRACTICES,CROP TOTALS,20.5,CROP TOTALS,NAICS CLASSIFICATION: (11241),"CROP TOTALS - SALES, MEASURED IN $",SALES,CENSUS
,UNITED STATES,HAWAII,HI,15,YEAR,,ALL UTILIZATION PRACTICES,NAICS CLASSIFICATION,ANNUAL,,2017,$,,15,,,00,,00,                 (D),,00000000,ALL CLASSES,,STATE,HAWAII,9000,2018-02-01 00:00:00.000,CROPS,,ALL PRODUCTION PRACTICES,CROP TOTALS,(D),CROP TOTALS,NAICS CLASSIFICATION: (11241),"CROP TOTALS - SALES, MEASURED IN $",SALES,CENSUS
,UNITED STATES,HAWAII,HI,15,YEAR,,ALL UTILIZATION PRACTICES,NAICS CLASSIFICATION,ANNUAL,,2012,$,,15,,,00,,00,                 (D),,00000000,ALL CLASSES,,STATE,HAWAII,9000,2012-12-31 00:00:00.000,CROPS,,ALL PRODUCTION PRACTICES,CROP TOTALS,(D),CROP TOTALS,NAICS CLASSIFICATION: (11241),"CROP TOTALS - SALES, MEASURED IN $",SALES,CENSUS
,UNITED STATES,HAWAII,HI,15,YEAR,,ALL UTILIZATION PRACTICES,NAICS CLASSIFICATION,ANNUAL,,2007,$,,15,,,00,,00,"9,000",,00000000,ALL CLASSES,,STATE,HAWAII,9000,2012-01-01 00:00:00.000,CROPS,,ALL PRODUCTION PRACTICES,CROP TOTALS,,CROP TOTALS,NAICS CLASSIFICATION: (11241),"CROP TOTALS - SALES, MEASURED IN $",SALES,CENSUS
,UNITED STATES,HAWAII,HI,15,YEAR,,ALL UTILIZATION PRACTICES,NAICS CLASSIFICATION,ANNUAL,,2002,$,,15,,,00,,00,                 (D),,00000000,ALL CLASSES,,STATE,HAWAII,9000,2012-01-01 00:00:00.000,CROPS,,ALL PRODUCTION PRACTICES,CROP TOTALS,,CROP TOTALS,NAICS CLASSIFICATION: (11241),"CROP TOTALS - SALES, MEASURED IN $",SALES,CENSUS
,UNITED STATES,HAWAII,HI,15,YEAR,,ALL UTILIZATION PRACTICES,NAICS CLASSIFICATION,ANNUAL,,2022,$,,15,,,00,,00,"59,000",,00000000,ALL CLASSES,,STATE,HAWAII,9000,2024-07-02 12:00:00.000,CROPS,,ALL PRODUCTION PRACTICES,CROP TOTALS,62.6,CROP TOTALS,NAICS CLASSIFICATION: (11242),"CROP TOTALS - SALES, MEASURED IN $",SALES,CENSUS
,UNITED STATES,HAWAII,HI,15,YEAR,,ALL UTILIZATION PRACTICES,NAICS CLASSIFICATION,ANNUAL,,2017,$,,15,,,00,,00,                 (D),,00000000,ALL CLASSES,,STATE,HAWAII,9000,2018-02-01 00:00:00.000,CROPS,,ALL PRODUCTION PRACTICES,CROP TOTALS,(D),CROP TOTALS,NAICS CLASSIFICATION: (11242),"CROP TOTALS - SALES, MEASURED IN $",SALES,CENSUS
,UNITED STATES,HAWAII,HI,15,YEAR,,ALL UTILIZATION PRACTICES,NAICS CLASSIFICATION,ANNUAL,,2012,$,,15,,,00,,00,                 (D),,00000000,ALL CLASSES,,STATE,HAWAII,9000,2012-12-31 00:00:00.000,CROPS,,ALL PRODUCTION PRACTICES,CROP TOTALS,(D),CROP TOTALS,NAICS CLASSIFICATION: (11242),"CROP TOTALS - SALES, MEASURED IN $",SALES,CENSUS
,UNITED STATES,HAWAII,HI,15,YEAR,,ALL UTILIZATION PRACTICES,NAICS CLASSIFICATION,ANNUAL,,2007,$,,15,,,00,,00,"10,000",,00000000,ALL CLASSES,,STATE,HAWAII,9000,2012-01-01 00:00:00.000,CROPS,,ALL PRODUCTION PRACTICES,CROP TOTALS,,CROP TOTALS,NAICS CLASSIFICATION: (11242),"CROP TOTALS - SALES, MEASURED IN $",SALES,CENSUS
,UNITED STATES,HAWAII,HI,15,YEAR,,ALL UTILIZATION PRACTICES,NAICS CLASSIFICATION,ANNUAL,,2002,$,,15,,,00,,00,                 (D),,00000000,ALL CLASSES,,STATE,HAWAII,9000,2012-01-01 00:00:00.000,CROPS,,ALL PRODUCTION PRACTICES,CROP TOTALS,,CROP TOTALS,NAICS CLASSIFICATION: (11242),"CROP TOTALS - SALES, MEASURED IN $",SALES,CENSUS
,UNITED STATES,HAWAII,HI,15,YEAR,,ALL UTILIZATION PRACTICES,NAICS CLASSIFICATION,ANNUAL,,2022,$,,15,,,00,,00,                 (D),,00000000,ALL CLASSES,,STATE,HAWAII,9000,2024-07-02 12:00:00.000,CROPS,,ALL PRODUCTION PRACTICES,CROP TOTALS,(D),CROP TOTALS,NAICS CLASSIFICATION: (1125),"CROP TOTALS - SALES, MEASURED IN $",SALES,CENSUS
,UNITED STATES,HAWAII,HI,15,YEAR,,ALL UTILIZATION PRACTICES,NAICS CLASSIFICATION,ANNUAL,,2017,$,,15,,,00,,00,                 (D),,00000000,ALL CLASSES,,STATE,HAWAII,9000,2018-02-01 00:00:00.000,CROPS,,ALL PRODUCTION PRACTICES,CROP TOTALS,(D),CROP TOTALS,NAICS CLASSIFICATION: (1125),"CROP TOTALS - SALES, MEASURED IN $",SALES,CENSUS
,UNITED STATES,HAWAII,HI,15,YEAR,,ALL UTILIZATION PRACTICES,NAICS CLASSIFICATION,ANNUAL,,2012,$,,15,,,00,,00,                 (D),,00000000,ALL CLASSES,,STATE,HAWAII,9000,2012-12-31 00:00:00.000,CROPS,,ALL PRODUCTION PRACTICES,CROP TOTALS,(D),CROP TOTALS,NAICS CLASSIFICATION: (1125),"CROP TOTALS - SALES, MEASURED IN $",SALES,CENSUS
,UNITED STATES,HAWAII,HI,15,YEAR,,ALL UTILIZATION PRACTICES,NAICS CLASSIFICATION,ANNUAL,,2007,$,,15,,,00,,00,"86,000",,00000000,ALL CLASSES,,STATE,HAWAII,9000,2012-01-01 00:00:00.000,CROPS,,ALL PRODUCTION PRACTICES,CROP TOTALS,,CROP TOTALS,NAICS CLASSIFICATION: (1125),"CROP TOTALS - SALES, MEASURED IN $",SALES,CENSUS
,UNITED STATES,HAWAII,HI,15,YEAR,,ALL UTILIZATION PRACTICES,NAICS CLASSIFICATION,ANNUAL,,2002,$,,15,,,00,,00,                 (D),,00000000,ALL CLASSES,,STATE,HAWAII,9000,2012-01-01 00:00:00.000,CROPS,,ALL PRODUCTION PRACTICES,CROP TOTALS,,CROP TOTALS,NAICS CLASSIFICATION: (1125),"CROP TOTALS - SALES, MEASURED IN $",SALES,CENSUS
,UNITED STATES,HAWAII,HI,15,YEAR,,ALL UTILIZATION PRACTICES,NAICS CLASSIFICATION,ANNUAL,,2022,$,,15,,,00,,00,"430,000",,00000000,ALL CLASSES,,STATE,HAWAII,9000,2024-07-02 12:00:00.000,CROPS,,ALL PRODUCTION PRACTICES,CROP TOTALS,27.6,CROP TOTALS,NAICS CLASSIFICATION: (1129),"CROP TOTALS - SALES, MEASURED IN $",SALES,CENSUS
,UNITED STATES,HAWAII,HI,15,YEAR,,ALL UTILIZATION PRACTICES,NAICS CLASSIFICATION,ANNUAL,,2017,$,,15,,,00,,00,"599,000",,00000000,ALL CLASSES,,STATE,HAWAII,9000,2018-02-01 00:00:00.000,CROPS,,ALL PRODUCTION PRACTICES,CROP TOTALS,19.8,CROP TOTALS,NAICS CLASSIFICATION: (1129),"CROP TOTALS - SALES, MEASURED IN $",SALES,CENSUS
,UNITED STATES,HAWAII,HI,15,YEAR,,ALL UTILIZATION PRACTICES,NAICS CLASSIFICATION,ANNUAL,,2012,$,,15,,,00,,00,"250,000",,00000000,ALL CLASSES,,STATE,HAWAII,9000,2012-12-31 00:00:00.000,CROPS,,ALL PRODUCTION PRACTICES,CROP TOTALS,27.0,CROP TOTALS,NAICS CLASSIFICATION: (1129),"CROP TOTALS - SALES, MEASURED IN $",SALES,CENSUS
,UNITED STATES,HAWAII,HI,15,YEAR,,ALL UTILIZATION PRACTICES,NAICS CLASSIFICATION,ANNUAL,,2007,$,,15,,,00,,00,"25,000",,00000000,ALL CLASSES,,STATE,HAWAII,9000,2012-01-01 00:00:00.000,CROPS,,ALL PRODUCTION PRACTICES,CROP TOTALS,,CROP TOTALS,NAICS CLASSIFICATION: (1129),"CROP TOTALS - SALES, MEASURED IN $",SALES,CENSUS
,UNITED STATES,HAWAII,HI,15,YEAR,,ALL UTILIZATION PRACTICES,NAICS CLASSIFICATION,ANNUAL,,2002,$,,15,,,00,,00,                 (D),,00000000,ALL CLASSES,,STATE,HAWAII,9000,2012-01-01 00:00:00.000,CROPS,,ALL PRODUCTION PRACTICES,CROP TOTALS,,CROP TOTALS,NAICS CLASSIFICATION: (1129),"CROP TOTALS - SALES, MEASURED IN $",SALES,CENSUS
,UNITED STATES,HAWAII,HI,15,YEAR,,ALL UTILIZATION PRACTICES,NAICS CLASSIFICATION,ANNUAL,,2022,$,,15,,,00,,00,"123,000",,00000000,ALL CLASSES,,STATE,HAWAII,9000,2024-07-02 12:00:00.000,CROPS,,ALL PRODUCTION PRACTICES,CROP TOTALS,47.3,CROP TOTALS,NAICS CLASSIFICATION: (11291),"CROP TOTALS - SALES, MEASURED IN $",SALES,CENSUS
,UNITED STATES,HAWAII,HI,15,YEAR,,ALL UTILIZATION PRACTICES,NAICS CLASSIFICATION,ANNUAL,,2017,$,,15,,,00,,00,                 (D),,00000000,ALL CLASSES,,STATE,HAWAII,9000,2018-02-01 00:00:00.000,CROPS,,ALL PRODUCTION PRACTICES,CROP TOTALS,(D),CROP TOTALS,NAICS CLASSIFICATION: (11291),"CROP TOTALS - SALES, MEASURED IN $",SALES,CENSUS
,UNITED STATES,HAWAII,HI,15,YEAR,,ALL UTILIZATION PRACTICES,NAICS CLASSIFICATION,ANNUAL,,2012,$,,15,,,00,,00,"11,000",,00000000,ALL CLASSES,,STATE,HAWAII,9000,2012-12-31 00:00:00.000,CROPS,,ALL PRODUCTION PRACTICES,CROP TOTALS,5.8,CROP TOTALS,NAICS CLASSIFICATION: (11291),"CROP TOTALS - SALES, MEASURED IN $",SALES,CENSUS
,UNITED STATES,HAWAII,HI,15,YEAR,,ALL UTILIZATION PRACTICES,NAICS CLASSIFICATION,ANNUAL,,2007,$,,15,,,00,,00,"7,000",,00000000,ALL CLASSES,,STATE,HAWAII,9000,2012-01-01 00:00:00.000,CROPS,,ALL PRODUCTION PRACTICES,CROP TOTALS,,CROP TOTALS,NAICS CLASSIFICATION: (11291),"CROP TOTALS - SALES, MEASURED IN $",SALES,CENSUS
,UNITED STATES,HAWAII,HI,15,YEAR,,ALL UTILIZATION PRACTICES,NAICS CLASSIFICATION,ANNUAL,,2002,$,,15,,,00,,00,"18,000",,00000000,ALL CLASSES,,STATE,HAWAII,9000,2012-01-01 00:00:00.000,CROPS,,ALL PRODUCTION PRACTICES,CROP TOTALS,,CROP TOTALS,NAICS CLASSIFICATION: (11291),"CROP TOTALS - SALES, MEASURED IN $",SALES,CENSUS
,UNITED STATES,HAWAII,HI,15,YEAR,,ALL UTILIZATION PRACTICES,NAICS CLASSIFICATION,ANNUAL,,2022,$,,15,,,00,,00,"50,000",,00000000,ALL CLASSES,,STATE,HAWAII,9000,2024-07-02 12:00:00.000,CROPS,,ALL PRODUCTION PRACTICES,CROP TOTALS,75.5,CROP TOTALS,NAICS CLASSIFICATION: (11292),"CROP TOTALS - SALES, MEASURED IN $",SALES,CENSUS
,UNITED STATES,HAWAII,HI,15,YEAR,,ALL UTILIZATION PRACTICES,NAICS CLASSIFICATION,ANNUAL,,2017,$,,15,,,00,,00,"67,000",,00000000,ALL CLASSES,,STATE,HAWAII,9000,2018-02-01 00:00:00.000,CROPS,,ALL PRODUCTION PRACTICES,CROP TOTALS,(H),CROP TOTALS,NAICS CLASSIFICATION: (11292),"CROP TOTALS - SALES, MEASURED IN $",SALES,CENSUS
,UNITED STATES,HAWAII,HI,15,YEAR,,ALL UTILIZATION PRACTICES,NAICS CLASSIFICATION,ANNUAL,,2012,$,,15,,,00,,00,"105,000",,00000000,ALL CLASSES,,STATE,HAWAII,9000,2012-12-31 00:00:00.000,CROPS,,ALL PRODUCTION PRACTICES,CROP TOTALS,61.0,CROP TOTALS,NAICS CLASSIFICATION: (11292),"CROP TOTALS - SALES, MEASURED IN $",SALES,CENSUS
,UNITED STATES,HAWAII,HI,15,YEAR,,ALL UTILIZATION PRACTICES,NAICS CLASSIFICATION,ANNUAL,,2007,$,,15,,,00,,00,"6,000",,00000000,ALL CLASSES,,STATE,HAWAII,9000,2012-01-01 00:00:00.000,CROPS,,ALL PRODUCTION PRACTICES,CROP TOTALS,,CROP TOTALS,NAICS CLASSIFICATION: (11292),"CROP TOTALS - SALES, MEASURED IN $",SALES,CENSUS
,UNITED STATES,HAWAII,HI,15,YEAR,,ALL UTILIZATION PRACTICES,NAICS CLASSIFICATION,ANNUAL,,2002,$,,15,,,00,,00,                 (D),,00000000,ALL CLASSES,,STATE,HAWAII,9000,2012-01-01 00:00:00.000,CROPS,,ALL PRODUCTION PRACTICES,CROP TOTALS,,CROP TOTALS,NAICS CLASSIFICATION: (11292),"CROP TOTALS - SALES, MEASURED IN $",SALES,CENSUS
,UNITED STATES,HAWAII,HI,15,YEAR,,ALL UTILIZATION PRACTICES,NAICS CLASSIFICATION,ANNUAL,,2022,$,,15,,,00,,00,"2,000",,00000000,ALL CLASSES,,STATE,HAWAII,9000,2024-07-02 12:00:00.000,CROPS,,ALL PRODUCTION PRACTICES,CROP TOTALS,(L),CROP TOTALS,NAICS CLASSIFICATION: (11293),"CROP TOTALS - SALES, MEASURED IN $",SALES,CENSUS
,UNITED STATES,HAWAII,HI,15,YEAR,,ALL UTILIZATION PRACTICES,NAICS CLASSIFICATION,ANNUAL,,2022,$,,15,,,00,,00,"255,000",,00000000,ALL CLASSES,,STATE,HAWAII,9000,2024-07-02 12:00:00.000,CROPS,,ALL PRODUCTION PRACTICES,CROP TOTALS,33.0,CROP TOTALS,NAICS CLASSIFICATION: (11299),"CROP TOTALS - SALES, MEASURED IN $",SALES,CENSUS
,UNITED STATES,HAWAII,HI,15,YEAR,,ALL UTILIZATION PRACTICES,NAICS CLASSIFICATION,ANNUAL,,2017,$,,15,,,00,,00,                 (D),,00000000,ALL CLASSES,,STATE,HAWAII,9000,2018-02-01 00:00:00.000,CROPS,,ALL PRODUCTION PRACTICES,CROP TOTALS,(D),CROP TOTALS,NAICS CLASSIFICATION: (11299),"CROP TOTALS - SALES, MEASURED IN $",SALES,CENSUS
,UNITED STATES,HAWAII,HI,15,YEAR,,ALL UTILIZATION PRACTICES,NAICS CLASSIFICATION,ANNUAL,,2012,$,,15,,,00,,00,"134,000",,00000000,ALL CLASSES,,STATE,HAWAII,9000,2012-12-31 00:00:00.000,CROPS,,ALL PRODUCTION PRACTICES,CROP TOTALS,7.3,CROP TOTALS,NAICS CLASSIFICATION: (11299),"CROP TOTALS - SALES, MEASURED IN $",SALES,CENSUS
,UNITED STATES,HAWAII,HI,15,YEAR,,ALL UTILIZATION PRACTICES,NAICS CLASSIFICATION,ANNUAL,,2007,$,,15,,,00,,00,"13,000",,00000000,ALL CLASSES,,STATE,HAWAII,9000,2012-01-01 00:00:00.000,CROPS,,ALL PRODUCTION PRACTICES,CROP TOTALS,,CROP TOTALS,NAICS CLASSIFICATION: (11299),"CROP TOTALS - SALES, MEASURED IN $",SALES,CENSUS
,UNITED STATES,HAWAII,HI,15,YEAR,,ALL UTILIZATION PRACTICES,NAICS CLASSIFICATION,ANNUAL,,2002,$,,15,,,00,,00,"65,000",,00000000,ALL CLASSES,,STATE,HAWAII,9000,2012-01-01 00:00:00.000,CROPS,,ALL PRODUCTION PRACTICES,CROP TOTALS,,CROP TOTALS,NAICS CLASSIFICATION: (11299),"CROP TOTALS - SALES, MEASURED IN $",SALES,CENSUS
11,UNITED STATES,"HAWAII, HAWAII ISLAND, HAWAII",HI,15,YEAR,001,ALL UTILIZATION PRACTICES,TOTAL,ANNUAL,,2022,$,,15,,001,00,HAWAII,00,"177,913,000",,00000000,ALL CLASSES,,COUNTY,HAWAII,9000,2024-07-02 12:00:00.000,CROPS,HAWAII ISLAND,ALL PRODUCTION PRACTICES,CROP TOTALS,(L),CROP TOTALS,NOT SPECIFIED,"CROP TOTALS - SALES, MEASURED IN $",SALES,CENSUS
11,UNITED STATES,"HAWAII, HAWAII ISLAND, HAWAII",HI,15,YEAR,001,ALL UTILIZATION PRACTICES,TOTAL,ANNUAL,,2017,$,,15,,001,00,HAWAII,00,"160,040,000",,00000000,ALL CLASSES,,COUNTY,HAWAII,9000,2018-02-01 00:00:00.000,CROPS,HAWAII ISLAND,ALL PRODUCTION PRACTICES,CROP TOTALS,31.3,CROP TOTALS,NOT SPECIFIED,"CROP TOTALS - SALES, MEASURED IN $",SALES,CENSUS
11,UNITED STATES,"HAWAII, HAWAII ISLAND, HAWAII",HI,15,YEAR,001,ALL UTILIZATION PRACTICES,TOTAL,ANNUAL,,2012,$,,15,,001,00,HAWAII,00,"156,384,000",,00000000,ALL CLASSES,,COUNTY,HAWAII,9000,2012-12-31 00:00:00.000,CROPS,HAWAII ISLAND,ALL PRODUCTION PRACTICES,CROP TOTALS,5.1,CROP TOTALS,NOT SPECIFIED,"CROP TOTALS - SALES, MEASURED IN $",SALES,CENSUS
11,UNITED STATES,"HAWAII, HAWAII ISLAND, HAWAII",HI,15,YEAR,001,ALL UTILIZATION PRACTICES,TOTAL,ANNUAL,,2007,$,,15,,001,00,HAWAII,00,"150,251,000",,00000000,ALL CLASSES,,COUNTY,HAWAII,9000,2012-01-01 00:00:00.000,CROPS,HAWAII ISLAND,ALL PRODUCTION PRACTICES,CROP TOTALS,,CROP TOTALS,NOT SPECIFIED,"CROP TOTALS - SALES, MEASURED IN $",SALES,CENSUS
11,UNITED STATES,"HAWAII, HAWAII ISLAND, HAWAII",HI,15,YEAR,001,ALL UTILIZATION PRACTICES,TOTAL,ANNUAL,,2002,$,,15,,001,00,HAWAII,00,"143,924,000",,00000000,ALL CLASSES,,COUNTY,HAWAII,9000,2012-01-01 00:00:00.000,CROPS,HAWAII ISLAND,ALL PRODUCTION PRACTICES,CROP TOTALS,,CROP TOTALS,NOT SPECIFIED,"CROP TOTALS - SALES, MEASURED IN $",SALES,CENSUS
11,UNITED STATES,"HAWAII, HAWAII ISLAND, HAWAII",HI,15,YEAR,001,ALL UTILIZATION PRACTICES,TOTAL,ANNUAL,,1997,$,,15,,001,00,HAWAII,00,"129,018,000",,00000000,ALL CLASSES,,COUNTY,HAWAII,9000,2012-01-01 00:00:00.000,CROPS,HAWAII ISLAND,ALL PRODUCTION PRACTICES,CROP TOTALS,,CROP TOTALS,NOT SPECIFIED,"CROP TOTALS - SALES, MEASURED IN $",SALES,CENSUS
24,UNITED STATES,"HAWAII, KAUAI AND NIIHAU ISLANDS, KAUAI",HI,15,YEAR,007,ALL UTILIZATION PRACTICES,TOTAL,ANNUAL,,2022,$,,15,,007,00,KAUAI,00,"79,484,000",,00000000,ALL CLASSES,,COUNTY,HAWAII,9000,2024-07-02 12:00:00.000,CROPS,KAUAI AND NIIHAU ISLANDS,ALL PRODUCTION PRACTICES,CROP TOTALS,(L),CROP TOTALS,NOT SPECIFIED,"CROP TOTALS - SALES, MEASURED IN $",SALES,CENSUS
24,UNITED STATES,"HAWAII, KAUAI AND NIIHAU ISLANDS, KAUAI",HI,15,YEAR,007,ALL UTILIZATION PRACTICES,TOTAL,ANNUAL,,2017,$,,15,,007,00,KAUAI,00,"45,899,000",,00000000,ALL CLASSES,,COUNTY,HAWAII,9000,2018-02-01 00:00:00.000,CROPS,KAUAI AND NIIHAU ISLANDS,ALL PRODUCTION PRACTICES,CROP TOTALS,31.3,CROP TOTALS,NOT SPECIFIED,"CROP TOTALS - SALES, MEASURED IN $",SALES,CENSUS
24,UNITED STATES,"HAWAII, KAUAI AND NIIHAU ISLANDS, KAUAI",HI,15,YEAR,007,ALL UTILIZATION PRACTICES,TOTAL,ANNUAL,,2012,$,,15,,007,00,KAUAI,00,"55,696,000",,00000000,ALL CLASSES,,COUNTY,HAWAII,9000,2012-12-31 00:00:00.000,CROPS,KAUAI AND NIIHAU ISLANDS,ALL PRODUCTION PRACTICES,CROP TOTALS,5.1,CROP TOTALS,NOT SPECIFIED,"CROP TOTALS - SALES, MEASURED IN $",SALES,CENSUS
24,UNITED STATES,"HAWAII, KAUAI AND NIIHAU ISLANDS, KAUAI",HI,15,YEAR,007,ALL UTILIZATION PRACTICES,TOTAL,ANNUAL,,2007,$,,15,,007,00,KAUAI,00,"40,771,000",,00000000,ALL CLASSES,,COUNTY,HAWAII,9000,2012-01-01 00:00:00.000,CROPS,KAUAI AND NIIHAU ISLANDS,ALL PRODUCTION PRACTICES,CROP TOTALS,,CROP TOTALS,NOT SPECIFIED,"CROP TOTALS - SALES, MEASURED IN $",SALES,CENSUS
24,UNITED STATES,"HAWAII, KAUAI AND NIIHAU ISLANDS, KAUAI",HI,15,YEAR,007,ALL UTILIZATION PRACTICES,TOTAL,ANNUAL,,2002,$,,15,,007,00,KAUAI,00,"35,737,000",,00000000,ALL CLASSES,,COUNTY,HAWAII,9000,2012-01-01 00:00:00.000,CROPS,KAUAI AND NIIHAU ISLANDS,ALL PRODUCTION PRACTICES,CROP TOTALS,,CROP TOTALS,NOT SPECIFIED,"CROP TOTALS - SALES, MEASURED IN $",SALES,CENSUS
24,UNITED STATES,"HAWAII, KAUAI AND NIIHAU ISLANDS, KAUAI",HI,15,YEAR,007,ALL UTILIZATION PRACTICES,TOTAL,ANNUAL,,1997,$,,15,,007,00,KAUAI,00,"52,832,000",,00000000,ALL CLASSES,,COUNTY,HAWAII,9000,2012-01-01 00:00:00.000,CROPS,KAUAI AND NIIHAU ISLANDS,ALL PRODUCTION PRACTICES,CROP TOTALS,,CROP TOTALS,NOT SPECIFIED,"CROP TOTALS - SALES, MEASURED IN $",SALES,CENSUS
35,UNITED STATES,"HAWAII, MAUI, MOLOKAI & LANAI ISLAND, MAUI & KALAWAO",HI,15,YEAR,009,ALL UTILIZATION PRACTICES,TOTAL,ANNUAL,,2022,$,,15,,009,00,MAUI & KALAWAO,00,"88,427,000",,00000000,ALL CLASSES,,COUNTY,HAWAII,9000,2024-07-02 12:00:00.000,CROPS,"MAUI, MOLOKAI & LANAI ISLAND",ALL PRODUCTION PRACTICES,CROP TOTALS,(L),CROP TOTALS,NOT SPECIFIED,"CROP TOTALS - SALES, MEASURED IN $",SALES,CENSUS
35,UNITED STATES,"HAWAII, MAUI, MOLOKAI & LANAI ISLAND, MAUI & KALAWAO",HI,15,YEAR,009,ALL UTILIZATION PRACTICES,TOTAL,ANNUAL,,2017,$,,15,,009,00,MAUI & KALAWAO,00,"74,211,000",,00000000,ALL CLASSES,,COUNTY,HAWAII,9000,2018-02-01 00:00:00.000,CROPS,"MAUI, MOLOKAI & LANAI ISLAND",ALL PRODUCTION PRACTICES,CROP TOTALS,31.3,CROP TOTALS,NOT SPECIFIED,"CROP TOTALS - SALES, MEASURED IN $",SALES,CENSUS
35,UNITED STATES,"HAWAII, MAUI, MOLOKAI & LANAI ISLAND, MAUI & KALAWAO",HI,15,YEAR,009,ALL UTILIZATION PRACTICES,TOTAL,ANNUAL,,2012,$,,15,,009,00,MAUI & KALAWAO,00,"181,480,000",,00000000,ALL CLASSES,,COUNTY,HAWAII,9000,2012-12-31 00:00:00.000,CROPS,"MAUI, MOLOKAI & LANAI ISLAND",ALL PRODUCTION PRACTICES,CROP TOTALS,5.1,CROP TOTALS,NOT SPECIFIED,"CROP TOTALS - SALES, MEASURED IN $",SALES,CENSUS
35,UNITED STATES,"HAWAII, MAUI, MOLOKAI & LANAI ISLAND, MAUI & KALAWAO",HI,15,YEAR,009,ALL UTILIZATION PRACTICES,TOTAL,ANNUAL,,2007,$,,15,,009,00,MAUI & KALAWAO,00,"132,058,000",,00000000,ALL CLASSES,,COUNTY,HAWAII,9000,2012-01-01 00:00:00.000,CROPS,"MAUI, MOLOKAI & LANAI ISLAND",ALL PRODUCTION PRACTICES,CROP TOTALS,,CROP TOTALS,NOT SPECIFIED,"CROP TOTALS - SALES, MEASURED IN $",SALES,CENSUS
35,UNITED STATES,"HAWAII, MAUI, MOLOKAI & LANAI ISLAND, MAUI & KALAWAO",HI,15,YEAR,009,ALL UTILIZATION PRACTICES,TOTAL,ANNUAL,,2002,$,,15,,009,00,MAUI & KALAWAO,00,"116,645,000",,00000000,ALL CLASSES,,COUNTY,HAWAII,9000,2012-01-01 00:00:00.000,CROPS,"MAUI, MOLOKAI & LANAI ISLAND",ALL PRODUCTION PRACTICES,CROP TOTALS,,CROP TOTALS,NOT SPECIFIED,"CROP TOTALS - SALES, MEASURED IN $",SALES,CENSUS
35,UNITED STATES,"HAWAII, MAUI, MOLOKAI & LANAI ISLAND, MAUI & KALAWAO",HI,15,YEAR,009,ALL UTILIZATION PRACTICES,TOTAL,ANNUAL,,1997,$,,15,,009,00,MAUI & KALAWAO,00,"116,084,000",,00000000,ALL CLASSES,,COUNTY,HAWAII,9000,2012-01-01 00:00:00.000,CROPS,"MAUI, MOLOKAI & LANAI ISLAND",ALL PRODUCTION PRACTICES,CROP TOTALS,,CROP TOTALS,NOT SPECIFIED,"CROP TOTALS - SALES, MEASURED IN $",SALES,CENSUS
62,UNITED STATES,"HAWAII, OAHU ISLAND, HONOLULU",HI,15,YEAR,003,ALL UTILIZATION PRACTICES,TOTAL,ANNUAL,,2022,$,,15,,003,00,HONOLULU,00,"168,670,000",,00000000,ALL CLASSES,,COUNTY,HAWAII,9000,2024-07-02 12:00:00.000,CROPS,OAHU ISLAND,ALL PRODUCTION PRACTICES,CROP TOTALS,(L),CROP TOTALS,NOT SPECIFIED,"CROP TOTALS - SALES, MEASURED IN $",SALES,CENSUS
62,UNITED STATES,"HAWAII, OAHU ISLAND, HONOLULU",HI,15,YEAR,003,ALL UTILIZATION PRACTICES,TOTAL,ANNUAL,,2017,$,,15,,003,00,HONOLULU,00,"136,920,000",,00000000,ALL CLASSES,,COUNTY,HAWAII,9000,2018-02-01 00:00:00.000,CROPS,OAHU ISLAND,ALL PRODUCTION PRACTICES,CROP TOTALS,31.3,CROP TOTALS,NOT SPECIFIED,"CROP TOTALS - SALES, MEASURED IN $",SALES,CENSUS
62,UNITED STATES,"HAWAII, OAHU ISLAND, HONOLULU",HI,15,YEAR,003,ALL UTILIZATION PRACTICES,TOTAL,ANNUAL,,2012,$,,15,,003,00,HONOLULU,00,"145,313,000",,00000000,ALL CLASSES,,COUNTY,HAWAII,9000,2012-12-31 00:00:00.000,CROPS,OAHU ISLAND,ALL PRODUCTION PRACTICES,CROP TOTALS,5.1,CROP TOTALS,NOT SPECIFIED,"CROP TOTALS - SALES, MEASURED IN $",SALES,CENSUS
62,UNITED STATES,"HAWAII, OAHU ISLAND, HONOLULU",HI,15,YEAR,003,ALL UTILIZATION PRACTICES,TOTAL,ANNUAL,,2007,$,,15,,003,00,HONOLULU,00,"106,836,000",,00000000,ALL CLASSES,,COUNTY,HAWAII,9000,2012-01-01 00:00:00.000,CROPS,OAHU ISLAND,ALL PRODUCTION PRACTICES,CROP TOTALS,,CROP TOTALS,NOT SPECIFIED,"CROP TOTALS - SALES, MEASURED IN $",SALES,CENSUS
62,UNITED STATES,"HAWAII, OAHU ISLAND, HONOLULU",HI,15,YEAR,003,ALL UTILIZATION PRACTICES,TOTAL,ANNUAL,,2002,$,,15,,003,00,HONOLULU,00,"149,050,000",,00000000,ALL CLASSES,,COUNTY,HAWAII,9000,2012-01-01 00:00:00.000,CROPS,OAHU ISLAND,ALL PRODUCTION PRACTICES,CROP TOTALS,,CROP TOTALS,NOT SPECIFIED,"CROP TOTALS - SALES, MEASURED IN $",SALES,CENSUS
62,UNITED STATES,"HAWAII, OAHU ISLAND, HONOLULU",HI,15,YEAR,003,ALL UTILIZATION PRACTICES,TOTAL,ANNUAL,,1997,$,,15,,003,00,HONOLULU,00,"103,477,000",,00000000,ALL CLASSES,,COUNTY,HAWAII,9000,2012-01-01 00:00:00.000,CROPS,OAHU ISLAND,ALL PRODUCTION PRACTICES,CROP TOTALS,,CROP TOTALS,NOT SPECIFIED,"CROP TOTALS - SALES, MEASURED IN $",SALES,CENSUS
,UNITED STATES,HAWAII,HI,15,YEAR,,ALL UTILIZATION PRACTICES,TOTAL,ANNUAL,,2022,$,,15,,,00,,00,"514,495,000",,00000000,ALL CLASSES,,STATE,HAWAII,9000,2024-07-02 12:00:00.000,CROPS,,ALL PRODUCTION PRACTICES,CROP TOTALS,9.3,CROP TOTALS,NOT SPECIFIED,"CROP TOTALS - SALES, MEASURED IN $",SALES,CENSUS
,UNITED STATES,HAWAII,HI,15,YEAR,,ALL UTILIZATION PRACTICES,TOTAL,ANNUAL,,2017,$,,15,,,00,,00,"417,069,000",,00000000,ALL CLASSES,,STATE,HAWAII,9000,2018-02-01 00:00:00.000,CROPS,,ALL PRODUCTION PRACTICES,CROP TOTALS,22.9,CROP TOTALS,NOT SPECIFIED,"CROP TOTALS - SALES, MEASURED IN $",SALES,CENSUS
,UNITED STATES,HAWAII,HI,15,YEAR,,ALL UTILIZATION PRACTICES,TOTAL,ANNUAL,,2012,$,,15,,,00,,00,"538,873,000",,00000000,ALL CLASSES,,STATE,HAWAII,9000,2012-12-31 00:00:00.000,CROPS,,ALL PRODUCTION PRACTICES,CROP TOTALS,4.7,CROP TOTALS,NOT SPECIFIED,"CROP TOTALS - SALES, MEASURED IN $",SALES,CENSUS
,UNITED STATES,HAWAII,HI,15,YEAR,,ALL UTILIZATION PRACTICES,TOTAL,ANNUAL,,2007,$,,15,,,00,,00,"429,916,000",,00000000,ALL CLASSES,,STATE,HAWAII,9000,2012-01-01 00:00:00.000,CROPS,,ALL PRODUCTION PRACTICES,CROP TOTALS,,CROP TOTALS,NOT SPECIFIED,"CROP TOTALS - SALES, MEASURED IN $",SALES,CENSUS
,UNITED STATES,HAWAII,HI,15,YEAR,,ALL UTILIZATION PRACTICES,TOTAL,ANNUAL,,2002,$,,15,,,00,,00,"445,356,000",,00000000,ALL CLASSES,,STATE,HAWAII,9000,2012-01-01 00:00:00.000,CROPS,,ALL PRODUCTION PRACTICES,CROP TOTALS,,CROP TOTALS,NOT SPECIFIED,"CROP TOTALS - SALES, MEASURED IN $",SALES,CENSUS
,UNITED STATES,HAWAII,HI,15,YEAR,,ALL UTILIZATION PRACTICES,TOTAL,ANNUAL,,1997,$,,15,,,00,,00,"401,411,000",,00000000,ALL CLASSES,,STATE,HAWAII,9000,2012-01-01 00:00:00.000,CROPS,,ALL PRODUCTION PRACTICES,CROP TOTALS,,CROP TOTALS,NOT SPECIFIED,"CROP TOTALS - SALES, MEASURED IN $",SALES,CENSUS
,UNITED STATES,HAWAII,HI,15,YEAR,,ALL UTILIZATION PRACTICES,IRRIGATION STATUS,ANNUAL,,2022,OPERATIONS,,15,,,00,,00,"2,084",,00000000,ALL CLASSES,,STATE,HAWAII,9000,2024-07-02 12:00:00.000,CROPS,,ALL PRODUCTION PRACTICES,CROP TOTALS,19.0,CROP TOTALS,IRRIGATION STATUS: (ANY ON OPERATION),CROP TOTALS - OPERATIONS WITH SALES,SALES,CENSUS
,UNITED STATES,HAWAII,HI,15,YEAR,,ALL UTILIZATION PRACTICES,IRRIGATION STATUS,ANNUAL,,2017,OPERATIONS,,15,,,00,,00,"2,107",,00000000,ALL CLASSES,,STATE,HAWAII,9000,2018-02-01 00:00:00.000,CROPS,,ALL PRODUCTION PRACTICES,CROP TOTALS,12.0,CROP TOTALS,IRRIGATION STATUS: (ANY ON OPERATION),CROP TOTALS - OPERATIONS WITH SALES,SALES,CENSUS
,UNITED STATES,HAWAII,HI,15,YEAR,,ALL UTILIZATION PRACTICES,IRRIGATION STATUS,ANNUAL,,2012,OPERATIONS,,15,,,00,,00,"2,306",,00000000,ALL CLASSES,,STATE,HAWAII,9000,2012-12-31 00:00:00.000,CROPS,,ALL PRODUCTION PRACTICES,CROP TOTALS,11.4,CROP TOTALS,IRRIGATION STATUS: (ANY ON OPERATION),CROP TOTALS - OPERATIONS WITH SALES,SALES,CENSUS
,UNITED STATES,HAWAII,HI,15,YEAR,,ALL UTILIZATION PRACTICES,IRRIGATION STATUS,ANNUAL,,2007,OPERATIONS,,15,,,00,,00,"2,572",,00000000,ALL CLASSES,,STATE,HAWAII,9000,2012-01-01 00:00:00.000,CROPS,,ALL PRODUCTION PRACTICES,CROP TOTALS,,CROP TOTALS,IRRIGATION STATUS: (ANY ON OPERATION),CROP TOTALS - OPERATIONS WITH SALES,SALES,CENSUS
,UNITED STATES,HAWAII,HI,15,YEAR,,ALL UTILIZATION PRACTICES,IRRIGATION STATUS,ANNUAL,,2002,OPERATIONS,,15,,,00,,00,"2,110",,00000000,ALL CLASSES,,STATE,HAWAII,9000,2012-01-01 00:00:00.000,CROPS,,ALL PRODUCTION PRACTICES,CROP TOTALS,,CROP TOTALS,IRRIGATION STATUS: (ANY ON OPERATION),CROP TOTALS - OPERATIONS WITH SALES,SALES,CENSUS
,UNITED STATES,HAWAII,HI,15,YEAR,,ALL UTILIZATION PRACTICES,IRRIGATION STATUS,ANNUAL,,1997,OPERATIONS,,15,,,00,,00,"2,099",,00000000,ALL CLASSES,,STATE,HAWAII,9000,2012-01-01 00:00:00.000,CROPS,,ALL PRODUCTION PRACTICES,CROP TOTALS,,CROP TOTALS,IRRIGATION STATUS: (ANY ON OPERATION),CROP TOTALS - OPERATIONS WITH SALES,SALES,CENSUS
,UNITED STATES,HAWAII,HI,15,YEAR,,ALL UTILIZATION PRACTICES,IRRIGATION STATUS,ANNUAL,,2022,OPERATIONS,,15,,,00,,00,"1,602",,00000000,ALL CLASSES,,STATE,HAWAII,9000,2024-07-02 12:00:00.000,CROPS,,ALL PRODUCTION PRACTICES,CROP TOTALS,16.9,CROP TOTALS,IRRIGATION STATUS: (HARVESTED CROPLAND IS ENTIRELY IRRIGATED),CROP TOTALS - OPERATIONS WITH SALES,SALES,CENSUS
,UNITED STATES,HAWAII,HI,15,YEAR,,ALL UTILIZATION PRACTICES,IRRIGATION STATUS,ANNUAL,,2017,OPERATIONS,,15,,,00,,00,"1,638",,00000000,ALL CLASSES,,STATE,HAWAII,9000,2018-02-01 00:00:00.000,CROPS,,ALL PRODUCTION PRACTICES,CROP TOTALS,15.0,CROP TOTALS,IRRIGATION STATUS: (HARVESTED CROPLAND IS ENTIRELY IRRIGATED),CROP TOTALS - OPERATIONS WITH SALES,SALES,CENSUS
,UNITED STATES,HAWAII,HI,15,YEAR,,ALL UTILIZATION PRACTICES,IRRIGATION STATUS,ANNUAL,,2012,OPERATIONS,,15,,,00,,00,"1,799",,00000000,ALL CLASSES,,STATE,HAWAII,9000,2012-12-31 00:00:00.000,CROPS,,ALL PRODUCTION PRACTICES,CROP TOTALS,11.7,CROP TOTALS,IRRIGATION STATUS: (HARVESTED CROPLAND IS ENTIRELY IRRIGATED),CROP TOTALS - OPERATIONS WITH SALES,SALES,CENSUS
,UNITED STATES,HAWAII,HI,15,YEAR,,ALL UTILIZATION PRACTICES,IRRIGATION STATUS,ANNUAL,,2007,OPERATIONS,,15,,,00,,00,"1,940",,00000000,ALL CLASSES,,STATE,HAWAII,9000,2012-01-01 00:00:00.000,CROPS,,ALL PRODUCTION PRACTICES,CROP TOTALS,,CROP TOTALS,IRRIGATION STATUS: (HARVESTED CROPLAND IS ENTIRELY IRRIGATED),CROP TOTALS - OPERATIONS WITH SALES,SALES,CENSUS
,UNITED STATES,HAWAII,HI,15,YEAR,,ALL UTILIZATION PRACTICES,IRRIGATION STATUS,ANNUAL,,2002,OPERATIONS,,15,,,00,,00,"1,684",,00000000,ALL CLASSES,,STATE,HAWAII,9000,2012-01-01 00:00:00.000,CROPS,,ALL PRODUCTION PRACTICES,CROP TOTALS,,CROP TOTALS,IRRIGATION STATUS: (HARVESTED CROPLAND IS ENTIRELY IRRIGATED),CROP TOTALS - OPERATIONS WITH SALES,SALES,CENSUS
,UNITED STATES,HAWAII,HI,15,YEAR,,ALL UTILIZATION PRACTICES,IRRIGATION STATUS,ANNUAL,,1997,OPERATIONS,,15,,,00,,00,"1,846",,00000000,ALL CLASSES,,STATE,HAWAII,9000,2012-01-01 00:00:00.000,CROPS,,ALL PRODUCTION PRACTICES,CROP TOTALS,,CROP TOTALS,IRRIGATION STATUS: (HARVESTED CROPLAND IS ENTIRELY IRRIGATED),CROP TOTALS - OPERATIONS WITH SALES,SALES,CENSUS
,UNITED STATES,HAWAII,HI,15,YEAR,,ALL UTILIZATION PRACTICES,IRRIGATION STATUS,ANNUAL,,2022,OPERATIONS,,15,,,00,,00,"2,604",,00000000,ALL CLASSES,,STATE,HAWAII,9000,2024-07-02 12:00:00.000,CROPS,,ALL PRODUCTION PRACTICES,CROP TOTALS,7.6,CROP TOTALS,IRRIGATION STATUS: (NONE ON OPERATION),CROP TOTALS - OPERATIONS WITH SALES,SALES,CENSUS
,UNITED STATES,HAWAII,HI,15,YEAR,,ALL UTILIZATION PRACTICES,IRRIGATION STATUS,ANNUAL,,2017,OPERATIONS,,15,,,00,,00,"2,924",,00000000,ALL CLASSES,,STATE,HAWAII,9000,2018-02-01 00:00:00.000,CROPS,,ALL PRODUCTION PRACTICES,CROP TOTALS,10.0,CROP TOTALS,IRRIGATION STATUS: (NONE ON OPERATION),CROP TOTALS - OPERATIONS WITH SALES,SALES,CENSUS
,UNITED STATES,HAWAII,HI,15,YEAR,,ALL UTILIZATION PRACTICES,IRRIGATION STATUS,ANNUAL,,2012,OPERATIONS,,15,,,00,,00,"2,751",,00000000,ALL CLASSES,,STATE,HAWAII,9000,2012-12-31 00:00:00.000,CROPS,,ALL PRODUCTION PRACTICES,CROP TOTALS,11.1,CROP TOTALS,IRRIGATION STATUS: (NONE ON OPERATION),CROP TOTALS - OPERATIONS WITH SALES,SALES,CENSUS
,UNITED STATES,HAWAII,HI,15,YEAR,,ALL UTILIZATION PRACTICES,IRRIGATION STATUS,ANNUAL,,2007,OPERATIONS,,15,,,00,,00,"2,804",,00000000,ALL CLASSES,,STATE,HAWAII,9000,2012-01-01 00:00:00.000,CROPS,,ALL PRODUCTION PRACTICES,CROP TOTALS,,CROP TOTALS,IRRIGATION STATUS: (NONE ON OPERATION),CROP TOTALS - OPERATIONS WITH SALES,SALES,CENSUS
,UNITED STATES,HAWAII,HI,15,YEAR,,ALL UTILIZATION PRACTICES,IRRIGATION STATUS,ANNUAL,,2002,OPERATIONS,,15,,,00,,00,"2,207",,00000000,ALL CLASSES,,STATE,HAWAII,9000,2012-01-01 00:00:00.000,CROPS,,ALL PRODUCTION PRACTICES,CROP TOTALS,,CROP TOTALS,IRRIGATION STATUS: (NONE ON OPERATION),CROP TOTALS - OPERATIONS WITH SALES,SALES,CENSUS
,UNITED STATES,HAWAII,HI,15,YEAR,,ALL UTILIZATION PRACTICES,IRRIGATION STATUS,ANNUAL,,1997,OPERATIONS,,15,,,00,,00,"2,109",,00000000,ALL CLASSES,,STATE,HAWAII,9000,2012-01-01 00:00:00.000,CROPS,,ALL PRODUCTION PRACTICES,CROP TOTALS,,CROP TOTALS,IRRIGATION STATUS: (NONE ON OPERATION),CROP TOTALS - OPERATIONS WITH SALES,SALES,CENSUS
,UNITED STATES,HAWAII,HI,15,YEAR,,ALL UTILIZATION PRACTICES,SALES,ANNUAL,,2007,OPERATIONS,,15,,,00,,00,201,,00000000,ALL CLASSES,,STATE,HAWAII,9000,2012-01-01 00:00:00.000,CROPS,,ALL PRODUCTION PRACTICES,CROP TOTALS,,CROP TOTALS,"SALES: (250,000 OR MORE $)",CROP TOTALS - OPERATIONS WITH SALES,SALES,CENSUS
,UNITED STATES,96701,HI,15,YEAR,,ALL UTILIZATION PRACTICES,SALES,ANNUAL,,2022,OPERATIONS,,15,,,00,,00,3,96701,00000000,ALL CLASSES,,ZIP CODE,HAWAII,9000,2024-11-07 12:00:00.000,CROPS,,ALL PRODUCTION PRACTICES,CROP TOTALS,,CROP TOTALS,"SALES: (250,000 OR MORE $)",CROP TOTALS - OPERATIONS WITH SALES,SALES,CENSUS
,UNITED STATES,96701,HI,15,YEAR,,ALL UTILIZATION PRACTICES,SALES,ANNUAL,,2017,OPERATIONS,,15,,,00,,00,1,96701,00000000,ALL CLASSES,,ZIP CODE,HAWAII,9000,2018-02-01 12:00:00.000,CROPS,,ALL PRODUCTION PRACTICES,CROP TOTALS,,CROP TOTALS,"SALES: (250,000 OR MORE $)",CROP TOTALS - OPERATIONS WITH SALES,SALES,CENSUS
,UNITED STATES,96701,HI,15,YEAR,,ALL UTILIZATION PRACTICES,SALES,ANNUAL,,2007,OPERATIONS,,15,,,00,,00,1,96701,00000000,ALL CLASSES,,ZIP CODE,HAWAII,9000,2012-01-01 00:00:00.000,CROPS,,ALL PRODUCTION PRACTICES,CROP TOTALS,,CROP TOTALS,"SALES: (250,000 OR MORE $)",CROP TOTALS - OPERATIONS WITH SALES,SALES,CENSUS
,UNITED STATES,96704,HI,15,YEAR,,ALL UTILIZATION PRACTICES,SALES,ANNUAL,,2022,OPERATIONS,,15,,,00,,00,8,96704,00000000,ALL CLASSES,,ZIP CODE,HAWAII,9000,2024-11-07 12:00:00.000,CROPS,,ALL PRODUCTION PRACTICES,CROP TOTALS,,CROP TOTALS,"SALES: (250,000 OR MORE $)",CROP TOTALS - OPERATIONS WITH SALES,SALES,CENSUS
,UNITED STATES,96704,HI,15,YEAR,,ALL UTILIZATION PRACTICES,SALES,ANNUAL,,2017,OPERATIONS,,15,,,00,,00,2,96704,00000000,ALL CLASSES,,ZIP CODE,HAWAII,9000,2018-02-01 12:00:00.000,CROPS,,ALL PRODUCTION PRACTICES,CROP TOTALS,,CROP TOTALS,"SALES: (250,000 OR MORE $)",CROP TOTALS - OPERATIONS WITH SALES,SALES,CENSUS
,UNITED STATES,96704,HI,15,YEAR,,ALL UTILIZATION PRACTICES,SALES,ANNUAL,,2007,OPERATIONS,,15,,,00,,00,3,96704,00000000,ALL CLASSES,,ZIP CODE,HAWAII,9000,2012-01-01 00:00:00.000,CROPS,,ALL PRODUCTION PRACTICES,CROP TOTALS,,CROP TOTALS,"SALES: (250,000 OR MORE $)",CROP TOTALS - OPERATIONS WITH SALES,SALES,CENSUS
,UNITED STATES,96706,HI,15,YEAR,,ALL UTILIZATION PRACTICES,SALES,ANNUAL,,2022,OPERATIONS,,15,,,00,,00,2,96706,00000000,ALL CLASSES,,ZIP CODE,HAWAII,9000,2024-11-07 12:00:00.000,CROPS,,ALL PRODUCTION PRACTICES,CROP TOTALS,,CROP TOTALS,"SALES: (250,000 OR MORE $)",CROP TOTALS - OPERATIONS WITH SALES,SALES,CENSUS
,UNITED STATES,96706,HI,15,YEAR,,ALL UTILIZATION PRACTICES,SALES,ANNUAL,,2017,OPERATIONS,,15,,,00,,00,1,96706,00000000,ALL CLASSES,,ZIP CODE,HAWAII,9000,2018-02-01 12:00:00.000,CROPS,,ALL PRODUCTION PRACTICES,CROP TOTALS,,CROP TOTALS,"SALES: (250,000 OR MORE $)",CROP TOTALS - OPERATIONS WITH SALES,SALES,CENSUS
,UNITED STATES,96706,HI,15,YEAR,,ALL UTILIZATION PRACTICES,SALES,ANNUAL,,2007,OPERATIONS,,15,,,00,,00,1,96706,00000000,ALL CLASSES,,ZIP CODE,HAWAII,9000,2012-01-01 00:00:00.000,CROPS,,ALL PRODUCTION PRACTICES,CROP TOTALS,,CROP TOTALS,"SALES: (250,000 OR MORE $)",CROP TOTALS - OPERATIONS WITH SALES,SALES,CENSUS
,UNITED STATES,96707,HI,15,YEAR,,ALL UTILIZATION PRACTICES,SALES,ANNUAL,,2022,OPERATIONS,,15,,,00,,00,1,96707,00000000,ALL CLASSES,,ZIP CODE,HAWAII,9000,2024-11-07 12:00:00.000,CROPS,,ALL PRODUCTION PRACTICES,CROP TOTALS,,CROP TOTALS,"SALES: (250,000 OR MORE $)",CROP TOTALS - OPERATIONS WITH SALES,SALES,CENSUS
,UNITED STATES,96707,HI,15,YEAR,,ALL UTILIZATION PRACTICES,SALES,ANNUAL,,2017,OPERATIONS,,15,,,00,,00,1,96707,00000000,ALL CLASSES,,ZIP CODE,HAWAII,9000,2018-02-01 12:00:00.000,CROPS,,ALL PRODUCTION PRACTICES,CROP TOTALS,,CROP TOTALS,"SALES: (250,000 OR MORE $)",CROP TOTALS - OPERATIONS WITH SALES,SALES,CENSUS
,UNITED STATES,96708,HI,15,YEAR,,ALL UTILIZATION PRACTICES,SALES,ANNUAL,,2022,OPERATIONS,,15,,,00,,00,3,96708,00000000,ALL CLASSES,,ZIP CODE,HAWAII,9000,2024-11-07 12:00:00.000,CROPS,,ALL PRODUCTION PRACTICES,CROP TOTALS,,CROP TOTALS,"SALES: (250,000 OR MORE $)",CROP TOTALS - OPERATIONS WITH SALES,SALES,CENSUS
,UNITED STATES,96708,HI,15,YEAR,,ALL UTILIZATION PRACTICES,SALES,ANNUAL,,2017,OPERATIONS,,15,,,00,,00,1,96708,00000000,ALL CLASSES,,ZIP CODE,HAWAII,9000,2018-02-01 12:00:00.000,CROPS,,ALL PRODUCTION PRACTICES,CROP TOTALS,,CROP TOTALS,"SALES: (250,000 OR MORE $)",CROP TOTALS - OPERATIONS WITH SALES,SALES,CENSUS
,UNITED STATES,96708,HI,15,YEAR,,ALL UTILIZATION PRACTICES,SALES,ANNUAL,,2007,OPERATIONS,,15,,,00,,00,5,96708,00000000,ALL CLASSES,,ZIP CODE,HAWAII,9000,2012-01-01 00:00:00.000,CROPS,,ALL PRODUCTION PRACTICES,CROP TOTALS,,CROP TOTALS,"SALES: (250,000 OR MORE $)",CROP TOTALS - OPERATIONS WITH SALES,SALES,CENSUS
,UNITED STATES,96709,HI,15,YEAR,,ALL UTILIZATION PRACTICES,SALES,ANNUAL,,2017,OPERATIONS,,15,,,00,,00,2,96709,00000000,ALL CLASSES,,ZIP CODE,HAWAII,9000,2018-02-01 12:00:00.000,CROPS,,ALL PRODUCTION PRACTICES,CROP TOTALS,,CROP TOTALS,"SALES: (250,000 OR MORE $)",CROP TOTALS - OPERATIONS WITH SALES,SALES,CENSUS
,UNITED STATES,96709,HI,15,YEAR,,ALL UTILIZATION PRACTICES,SALES,ANNUAL,,2007,OPERATIONS,,15,,,00,,00,2,96709,00000000,ALL CLASSES,,ZIP CODE,HAWAII,9000,2012-01-01 00:00:00.000,CROPS,,ALL PRODUCTION PRACTICES,CROP TOTALS,,CROP TOTALS,"SALES: (250,000 OR MORE $)",CROP TOTALS - OPERATIONS WITH SALES,SALES,CENSUS
,UNITED STATES,96710,HI,15,YEAR,,ALL UTILIZATION PRACTICES,SALES,ANNUAL,,2022,OPERATIONS,,15,,,00,,00,2,96710,00000000,ALL CLASSES,,ZIP CODE,HAWAII,9000,2024-11-07 12:00:00.000,CROPS,,ALL PRODUCTION PRACTICES,CROP TOTALS,,CROP TOTALS,"SALES: (250,000 OR MORE $)",CROP TOTALS - OPERATIONS WITH SALES,SALES,CENSUS
,UNITED STATES,96710,HI,15,YEAR,,ALL UTILIZATION PRACTICES,SALES,ANNUAL,,2017,OPERATIONS,,15,,,00,,00,2,96710,00000000,ALL CLASSES,,ZIP CODE,HAWAII,9000,2018-02-01 12:00:00.000,CROPS,,ALL PRODUCTION PRACTICES,CROP TOTALS,,CROP TOTALS,"SALES: (250,000 OR MORE $)",CROP TOTALS - OPERATIONS WITH SALES,SALES,CENSUS
,UNITED STATES,96710,HI,15,YEAR,,ALL UTILIZATION PRACTICES,SALES,ANNUAL,,2007,OPERATIONS,,15,,,00,,00,2,96710,00000000,ALL CLASSES,,ZIP CODE,HAWAII,9000,2012-01-01 00:00:00.000,CROPS,,ALL PRODUCTION PRACTICES,CROP TOTALS,,CROP TOTALS,"SALES: (250,000 OR MORE $)",CROP TOTALS - OPERATIONS WITH SALES,SALES,CENSUS
,UNITED STATES,96712,HI,15,YEAR,,ALL UTILIZATION PRACTICES,SALES,ANNUAL,,2022,OPERATIONS,,15,,,00,,00,1,96712,00000000,ALL CLASSES,,ZIP CODE,HAWAII,9000,2024-11-07 12:00:00.000,CROPS,,ALL PRODUCTION PRACTICES,CROP TOTALS,,CROP TOTALS,"SALES: (250,000 OR MORE $)",CROP TOTALS - OPERATIONS WITH SALES,SALES,CENSUS
,UNITED STATES,96712,HI,15,YEAR,,ALL UTILIZATION PRACTICES,SALES,ANNUAL,,2017,OPERATIONS,,15,,,00,,00,2,96712,00000000,ALL CLASSES,,ZIP CODE,HAWAII,9000,2018-02-01 12:00:00.000,CROPS,,ALL PRODUCTION PRACTICES,CROP TOTALS,,CROP TOTALS,"SALES: (250,000 OR MORE $)",CROP TOTALS - OPERATIONS WITH SALES,SALES,CENSUS
,UNITED STATES,96712,HI,15,YEAR,,ALL UTILIZATION PRACTICES,SALES,ANNUAL,,2007,OPERATIONS,,15,,,00,,00,4,96712,00000000,ALL CLASSES,,ZIP CODE,HAWAII,9000,2012-01-01 00:00:00.000,CROPS,,ALL PRODUCTION PRACTICES,CROP TOTALS,,CROP TOTALS,"SALES: (250,000 OR MORE $)",CROP TOTALS - OPERATIONS WITH SALES,SALES,CENSUS
,UNITED STATES,96713,HI,15,YEAR,,ALL UTILIZATION PRACTICES,SALES,ANNUAL,,2022,OPERATIONS,,15,,,00,,00,7,96713,00000000,ALL CLASSES,,ZIP CODE,HAWAII,9000,2024-11-07 12:00:00.000,CROPS,,ALL PRODUCTION PRACTICES,CROP TOTALS,,CROP TOTALS,"SALES: (250,000 OR MORE $)",CROP TOTALS - OPERATIONS WITH SALES,SALES,CENSUS
,UNITED STATES,96713,HI,15,YEAR,,ALL UTILIZATION PRACTICES,SALES,ANNUAL,,2017,OPERATIONS,,15,,,00,,00,2,96713,00000000,ALL CLASSES,,ZIP CODE,HAWAII,9000,2018-02-01 12:00:00.000,CROPS,,ALL PRODUCTION PRACTICES,CROP TOTALS,,CROP TOTALS,"SALES: (250,000 OR MORE $)",CROP TOTALS - OPERATIONS WITH SALES,SALES,CENSUS
,UNITED STATES,96714,HI,15,YEAR,,ALL UTILIZATION PRACTICES,SALES,ANNUAL,,2022,OPERATIONS,,15,,,00,,00,6,96714,00000000,ALL CLASSES,,ZIP CODE,HAWAII,9000,2024-11-07 12:00:00.000,CROPS,,ALL PRODUCTION PRACTICES,CROP TOTALS,,CROP TOTALS,"SALES: (250,000 OR MORE $)",CROP TOTALS - OPERATIONS WITH SALES,SALES,CENSUS
,UNITED STATES,96714,HI,15,YEAR,,ALL UTILIZATION PRACTICES,SALES,ANNUAL,,2007,OPERATIONS,,15,,,00,,00,1,96714,00000000,ALL CLASSES,,ZIP CODE,HAWAII,9000,2012-01-01 00:00:00.000,CROPS,,ALL PRODUCTION PRACTICES,CROP TOTALS,,CROP TOTALS,"SALES: (250,000 OR MORE $)",CROP TOTALS - OPERATIONS WITH SALES,SALES,CENSUS
,UNITED STATES,96716,HI,15,YEAR,,ALL UTILIZATION PRACTICES,SALES,ANNUAL,,2007,OPERATIONS,,15,,,00,,00,1,96716,00000000,ALL CLASSES,,ZIP CODE,HAWAII,9000,2012-01-01 00:00:00.000,CROPS,,ALL PRODUCTION PRACTICES,CROP TOTALS,,CROP TOTALS,"SALES: (250,000 OR MORE $)",CROP TOTALS - OPERATIONS WITH SALES,SALES,CENSUS
,UNITED STATES,96717,HI,15,YEAR,,ALL UTILIZATION PRACTICES,SALES,ANNUAL,,2022,OPERATIONS,,15,,,00,,00,5,96717,00000000,ALL CLASSES,,ZIP CODE,HAWAII,9000,2024-11-07 12:00:00.000,CROPS,,ALL PRODUCTION PRACTICES,CROP TOTALS,,CROP TOTALS,"SALES: (250,000 OR MORE $)",CROP TOTALS - OPERATIONS WITH SALES,SALES,CENSUS
,UNITED STATES,96717,HI,15,YEAR,,ALL UTILIZATION PRACTICES,SALES,ANNUAL,,2017,OPERATIONS,,15,,,00,,00,2,96717,00000000,ALL CLASSES,,ZIP CODE,HAWAII,9000,2018-02-01 12:00:00.000,CROPS,,ALL PRODUCTION PRACTICES,CROP TOTALS,,CROP TOTALS,"SALES: (250,000 OR MORE $)",CROP TOTALS - OPERATIONS WITH SALES,SALES,CENSUS
,UNITED STATES,96719,HI,15,YEAR,,ALL UTILIZATION PRACTICES,SALES,ANNUAL,,2017,OPERATIONS,,15,,,00,,00,1,96719,00000000,ALL CLASSES,,ZIP CODE,HAWAII,9000,2018-02-01 12:00:00.000,CROPS,,ALL PRODUCTION PRACTICES,CROP TOTALS,,CROP TOTALS,"SALES: (250,000 OR MORE $)",CROP TOTALS - OPERATIONS WITH SALES,SALES,CENSUS
,UNITED STATES,96719,HI,15,YEAR,,ALL UTILIZATION PRACTICES,SALES,ANNUAL,,2007,OPERATIONS,,15,,,00,,00,1,96719,00000000,ALL CLASSES,,ZIP CODE,HAWAII,9000,2012-01-01 00:00:00.000,CROPS,,ALL PRODUCTION PRACTICES,CROP TOTALS,,CROP TOTALS,"SALES: (250,000 OR MORE $)",CROP TOTALS - OPERATIONS WITH SALES,SALES,CENSUS
,UNITED STATES,96720,HI,15,YEAR,,ALL UTILIZATION PRACTICES,SALES,ANNUAL,,2022,OPERATIONS,,15,,,00,,00,22,96720,00000000,ALL CLASSES,,ZIP CODE,HAWAII,9000,2024-11-07 12:00:00.000,CROPS,,ALL PRODUCTION PRACTICES,CROP TOTALS,,CROP TOTALS,"SALES: (250,000 OR MORE $)",CROP TOTALS - OPERATIONS WITH SALES,SALES,CENSUS
,UNITED STATES,96720,HI,15,YEAR,,ALL UTILIZATION PRACTICES,SALES,ANNUAL,,2017,OPERATIONS,,15,,,00,,00,13,96720,00000000,ALL CLASSES,,ZIP CODE,HAWAII,9000,2018-02-01 12:00:00.000,CROPS,,ALL PRODUCTION PRACTICES,CROP TOTALS,,CROP TOTALS,"SALES: (250,000 OR MORE $)",CROP TOTALS - OPERATIONS WITH SALES,SALES,CENSUS
,UNITED STATES,96720,HI,15,YEAR,,ALL UTILIZATION PRACTICES,SALES,ANNUAL,,2007,OPERATIONS,,15,,,00,,00,16,96720,00000000,ALL CLASSES,,ZIP CODE,HAWAII,9000,2012-01-01 00:00:00.000,CROPS,,ALL PRODUCTION PRACTICES,CROP TOTALS,,CROP TOTALS,"SALES: (250,000 OR MORE $)",CROP TOTALS - OPERATIONS WITH SALES,SALES,CENSUS
,UNITED STATES,96721,HI,15,YEAR,,ALL UTILIZATION PRACTICES,SALES,ANNUAL,,2007,OPERATIONS,,15,,,00,,00,2,96721,00000000,ALL CLASSES,,ZIP CODE,HAWAII,9000,2012-01-01 00:00:00.000,CROPS,,ALL PRODUCTION PRACTICES,CROP TOTALS,,CROP TOTALS,"SALES: (250,000 OR MORE $)",CROP TOTALS - OPERATIONS WITH SALES,SALES,CENSUS
,UNITED STATES,96725,HI,15,YEAR,,ALL UTILIZATION PRACTICES,SALES,ANNUAL,,2022,OPERATIONS,,15,,,00,,00,2,96725,00000000,ALL CLASSES,,ZIP CODE,HAWAII,9000,2024-11-07 12:00:00.000,CROPS,,ALL PRODUCTION PRACTICES,CROP TOTALS,,CROP TOTALS,"SALES: (250,000 OR MORE $)",CROP TOTALS - OPERATIONS WITH SALES,SALES,CENSUS
,UNITED STATES,96725,HI,15,YEAR,,ALL UTILIZATION PRACTICES,SALES,ANNUAL,,2017,OPERATIONS,,15,,,00,,00,7,96725,00000000,ALL CLASSES,,ZIP CODE,HAWAII,9000,2018-02-01 12:00:00.000,CROPS,,ALL PRODUCTION PRACTICES,CROP TOTALS,,CROP TOTALS,"SALES: (250,000 OR MORE $)",CROP TOTALS - OPERATIONS WITH SALES,SALES,CENSUS
,UNITED STATES,96725,HI,15,YEAR,,ALL UTILIZATION PRACTICES,SALES,ANNUAL,,2007,OPERATIONS,,15,,,00,,00,2,96725,00000000,ALL CLASSES,,ZIP CODE,HAWAII,9000,2012-01-01 00:00:00.000,CROPS,,ALL PRODUCTION PRACTICES,CROP TOTALS,,CROP TOTALS,"SALES: (250,000 OR MORE $)",CROP TOTALS - OPERATIONS WITH SALES,SALES,CENSUS
,UNITED STATES,96726,HI,15,YEAR,,ALL UTILIZATION PRACTICES,SALES,ANNUAL,,2017,OPERATIONS,,15,,,00,,00,1,96726,00000000,ALL CLASSES,,ZIP CODE,HAWAII,9000,2018-02-01 12:00:00.000,CROPS,,ALL PRODUCTION PRACTICES,CROP TOTALS,,CROP TOTALS,"SALES: (250,000 OR MORE $)",CROP TOTALS - OPERATIONS WITH SALES,SALES,CENSUS
,UNITED STATES,96726,HI,15,YEAR,,ALL UTILIZATION PRACTICES,SALES,ANNUAL,,2007,OPERATIONS,,15,,,00,,00,1,96726,00000000,ALL CLASSES,,ZIP CODE,HAWAII,9000,2012-01-01 00:00:00.000,CROPS,,ALL PRODUCTION PRACTICES,CROP TOTALS,,CROP TOTALS,"SALES: (250,000 OR MORE $)",CROP TOTALS - OPERATIONS WITH SALES,SALES,CENSUS
,UNITED STATES,96727,HI,15,YEAR,,ALL UTILIZATION PRACTICES,SALES,ANNUAL,,2017,OPERATIONS,,15,,,00,,00,1,96727,00000000,ALL CLASSES,,ZIP CODE,HAWAII,9000,2018-02-01 12:00:00.000,CROPS,,ALL PRODUCTION PRACTICES,CROP TOTALS,,CROP TOTALS,"SALES: (250,000 OR MORE $)",CROP TOTALS - OPERATIONS WITH SALES,SALES,CENSUS
,UNITED STATES,96728,HI,15,YEAR,,ALL UTILIZATION PRACTICES,SALES,ANNUAL,,2022,OPERATIONS,,15,,,00,,00,1,96728,00000000,ALL CLASSES,,ZIP CODE,HAWAII,9000,2024-11-07 12:00:00.000,CROPS,,ALL PRODUCTION PRACTICES,CROP TOTALS,,CROP TOTALS,"SALES: (250,000 OR MORE $)",CROP TOTALS - OPERATIONS WITH SALES,SALES,CENSUS
,UNITED STATES,96728,HI,15,YEAR,,ALL UTILIZATION PRACTICES,SALES,ANNUAL,,2017,OPERATIONS,,15,,,00,,00,1,96728,00000000,ALL CLASSES,,ZIP CODE,HAWAII,9000,2018-02-01 12:00:00.000,CROPS,,ALL PRODUCTION PRACTICES,CROP TOTALS,,CROP TOTALS,"SALES: (250,000 OR MORE $)",CROP TOTALS - OPERATIONS WITH SALES,SALES,CENSUS
,UNITED STATES,96729,HI,15,YEAR,,ALL UTILIZATION PRACTICES,SALES,ANNUAL,,2017,OPERATIONS,,15,,,00,,00,1,96729,00000000,ALL CLASSES,,ZIP CODE,HAWAII,9000,2018-02-01 12:00:00.000,CROPS,,ALL PRODUCTION PRACTICES,CROP TOTALS,,CROP TOTALS,"SALES: (250,000 OR MORE $)",CROP TOTALS - OPERATIONS WITH SALES,SALES,CENSUS
,UNITED STATES,96729,HI,15,YEAR,,ALL UTILIZATION PRACTICES,SALES,ANNUAL,,2007,OPERATIONS,,15,,,00,,00,2,96729,00000000,ALL CLASSES,,ZIP CODE,HAWAII,9000,2012-01-01 00:00:00.000,CROPS,,ALL PRODUCTION PRACTICES,CROP TOTALS,,CROP TOTALS,"SALES: (250,000 OR MORE $)",CROP TOTALS - OPERATIONS WITH SALES,SALES,CENSUS
,UNITED STATES,96730,HI,15,YEAR,,ALL UTILIZATION PRACTICES,SALES,ANNUAL,,2017,OPERATIONS,,15,,,00,,00,1,96730,00000000,ALL CLASSES,,ZIP CODE,HAWAII,9000,2018-02-01 12:00:00.000,CROPS,,ALL PRODUCTION PRACTICES,CROP TOTALS,,CROP TOTALS,"SALES: (250,000 OR MORE $)",CROP TOTALS - OPERATIONS WITH SALES,SALES,CENSUS
,UNITED STATES,96730,HI,15,YEAR,,ALL UTILIZATION PRACTICES,SALES,ANNUAL,,2007,OPERATIONS,,15,,,00,,00,1,96730,00000000,ALL CLASSES,,ZIP CODE,HAWAII,9000,2012-01-01 00:00:00.000,CROPS,,ALL PRODUCTION PRACTICES,CROP TOTALS,,CROP TOTALS,"SALES: (250,000 OR MORE $)",CROP TOTALS - OPERATIONS WITH SALES,SALES,CENSUS
,UNITED STATES,96731,HI,15,YEAR,,ALL UTILIZATION PRACTICES,SALES,ANNUAL,,2022,OPERATIONS,,15,,,00,,00,2,96731,00000000,ALL CLASSES,,ZIP CODE,HAWAII,9000,2024-11-07 12:00:00.000,CROPS,,ALL PRODUCTION PRACTICES,CROP TOTALS,,CROP TOTALS,"SALES: (250,000 OR MORE $)",CROP TOTALS - OPERATIONS WITH SALES,SALES,CENSUS
,UNITED STATES,96731,HI,15,YEAR,,ALL UTILIZATION PRACTICES,SALES,ANNUAL,,2017,OPERATIONS,,15,,,00,,00,5,96731,00000000,ALL CLASSES,,ZIP CODE,HAWAII,9000,2018-02-01 12:00:00.000,CROPS,,ALL PRODUCTION PRACTICES,CROP TOTALS,,CROP TOTALS,"SALES: (250,000 OR MORE $)",CROP TOTALS - OPERATIONS WITH SALES,SALES,CENSUS
,UNITED STATES,96731,HI,15,YEAR,,ALL UTILIZATION PRACTICES,SALES,ANNUAL,,2007,OPERATIONS,,15,,,00,,00,5,96731,00000000,ALL CLASSES,,ZIP CODE,HAWAII,9000,2012-01-01 00:00:00.000,CROPS,,ALL PRODUCTION PRACTICES,CROP TOTALS,,CROP TOTALS,"SALES: (250,000 OR MORE $)",CROP TOTALS - OPERATIONS WITH SALES,SALES,CENSUS
,UNITED STATES,96732,HI,15,YEAR,,ALL UTILIZATION PRACTICES,SALES,ANNUAL,,2007,OPERATIONS,,15,,,00,,00,1,96732,00000000,ALL CLASSES,,ZIP CODE,HAWAII,9000,2012-01-01 00:00:00.000,CROPS,,ALL PRODUCTION PRACTICES,CROP TOTALS,,CROP TOTALS,"SALES: (250,000 OR MORE $)",CROP TOTALS - OPERATIONS WITH SALES,SALES,CENSUS
,UNITED STATES,96733,HI,15,YEAR,,ALL UTILIZATION PRACTICES,SALES,ANNUAL,,2022,OPERATIONS,,15,,,00,,00,1,96733,00000000,ALL CLASSES,,ZIP CODE,HAWAII,9000,2024-11-07 12:00:00.000,CROPS,,ALL PRODUCTION PRACTICES,CROP TOTALS,,CROP TOTALS,"SALES: (250,000 OR MORE $)",CROP TOTALS - OPERATIONS WITH SALES,SALES,CENSUS
,UNITED STATES,96733,HI,15,YEAR,,ALL UTILIZATION PRACTICES,SALES,ANNUAL,,2017,OPERATIONS,,15,,,00,,00,1,96733,00000000,ALL CLASSES,,ZIP CODE,HAWAII,9000,2018-02-01 12:00:00.000,CROPS,,ALL PRODUCTION PRACTICES,CROP TOTALS,,CROP TOTALS,"SALES: (250,000 OR MORE $)",CROP TOTALS - OPERATIONS WITH SALES,SALES,CENSUS
,UNITED STATES,96733,HI,15,YEAR,,ALL UTILIZATION PRACTICES,SALES,ANNUAL,,2007,OPERATIONS,,15,,,00,,00,1,96733,00000000,ALL CLASSES,,ZIP CODE,HAWAII,9000,2012-01-01 00:00:00.000,CROPS,,ALL PRODUCTION PRACTICES,CROP TOTALS,,CROP TOTALS,"SALES: (250,000 OR MORE $)",CROP TOTALS - OPERATIONS WITH SALES,SALES,CENSUS
,UNITED STATES,96734,HI,15,YEAR,,ALL UTILIZATION PRACTICES,SALES,ANNUAL,,2017,OPERATIONS,,15,,,00,,00,3,96734,00000000,ALL CLASSES,,ZIP CODE,HAWAII,9000,2018-02-01 12:00:00.000,CROPS,,ALL PRODUCTION PRACTICES,CROP TOTALS,,CROP TOTALS,"SALES: (250,000 OR MORE $)",CROP TOTALS - OPERATIONS WITH SALES,SALES,CENSUS
,UNITED STATES,96734,HI,15,YEAR,,ALL UTILIZATION PRACTICES,SALES,ANNUAL,,2007,OPERATIONS,,15,,,00,,00,1,96734,00000000,ALL CLASSES,,ZIP CODE,HAWAII,9000,2012-01-01 00:00:00.000,CROPS,,ALL PRODUCTION PRACTICES,CROP TOTALS,,CROP TOTALS,"SALES: (250,000 OR MORE $)",CROP TOTALS - OPERATIONS WITH SALES,SALES,CENSUS
,UNITED STATES,96739,HI,15,YEAR,,ALL UTILIZATION PRACTICES,SALES,ANNUAL,,2022,OPERATIONS,,15,,,00,,00,2,96739,00000000,ALL CLASSES,,ZIP CODE,HAWAII,9000,2024-11-07 12:00:00.000,CROPS,,ALL PRODUCTION PRACTICES,CROP TOTALS,,CROP TOTALS,"SALES: (250,000 OR MORE $)",CROP TOTALS - OPERATIONS WITH SALES,SALES,CENSUS
,UNITED STATES,96739,HI,15,YEAR,,ALL UTILIZATION PRACTICES,SALES,ANNUAL,,2017,OPERATIONS,,15,,,00,,00,1,96739,00000000,ALL CLASSES,,ZIP CODE,HAWAII,9000,2018-02-01 12:00:00.000,CROPS,,ALL PRODUCTION PRACTICES,CROP TOTALS,,CROP TOTALS,"SALES: (250,000 OR MORE $)",CROP TOTALS - OPERATIONS WITH SALES,SALES,CENSUS
,UNITED STATES,96739,HI,15,YEAR,,ALL UTILIZATION PRACTICES,SALES,ANNUAL,,2007,OPERATIONS,,15,,,00,,00,2,96739,00000000,ALL CLASSES,,ZIP CODE,HAWAII,9000,2012-01-01 00:00:00.000,CROPS,,ALL PRODUCTION PRACTICES,CROP TOTALS,,CROP TOTALS,"SALES: (250,000 OR MORE $)",CROP TOTALS - OPERATIONS WITH SALES,SALES,CENSUS
,UNITED STATES,96740,HI,15,YEAR,,ALL UTILIZATION PRACTICES,SALES,ANNUAL,,2022,OPERATIONS,,15,,,00,,00,3,96740,00000000,ALL CLASSES,,ZIP CODE,HAWAII,9000,2024-11-07 12:00:00.000,CROPS,,ALL PRODUCTION PRACTICES,CROP TOTALS,,CROP TOTALS,"SALES: (250,000 OR MORE $)",CROP TOTALS - OPERATIONS WITH SALES,SALES,CENSUS
,UNITED STATES,96740,HI,15,YEAR,,ALL UTILIZATION PRACTICES,SALES,ANNUAL,,2017,OPERATIONS,,15,,,00,,00,3,96740,00000000,ALL CLASSES,,ZIP CODE,HAWAII,9000,2018-02-01 12:00:00.000,CROPS,,ALL PRODUCTION PRACTICES,CROP TOTALS,,CROP TOTALS,"SALES: (250,000 OR MORE $)",CROP TOTALS - OPERATIONS WITH SALES,SALES,CENSUS
,UNITED STATES,96740,HI,15,YEAR,,ALL UTILIZATION PRACTICES,SALES,ANNUAL,,2007,OPERATIONS,,15,,,00,,00,1,96740,00000000,ALL CLASSES,,ZIP CODE,HAWAII,9000,2012-01-01 00:00:00.000,CROPS,,ALL PRODUCTION PRACTICES,CROP TOTALS,,CROP TOTALS,"SALES: (250,000 OR MORE $)",CROP TOTALS - OPERATIONS WITH SALES,SALES,CENSUS
,UNITED STATES,96741,HI,15,YEAR,,ALL UTILIZATION PRACTICES,SALES,ANNUAL,,2022,OPERATIONS,,15,,,00,,00,1,96741,00000000,ALL CLASSES,,ZIP CODE,HAWAII,9000,2024-11-07 12:00:00.000,CROPS,,ALL PRODUCTION PRACTICES,CROP TOTALS,,CROP TOTALS,"SALES: (250,000 OR MORE $)",CROP TOTALS - OPERATIONS WITH SALES,SALES,CENSUS
,UNITED STATES,96741,HI,15,YEAR,,ALL UTILIZATION PRACTICES,SALES,ANNUAL,,2017,OPERATIONS,,15,,,00,,00,1,96741,00000000,ALL CLASSES,,ZIP CODE,HAWAII,9000,2018-02-01 12:00:00.000,CROPS,,ALL PRODUCTION PRACTICES,CROP TOTALS,,CROP TOTALS,"SALES: (250,000 OR MORE $)",CROP TOTALS - OPERATIONS WITH SALES,SALES,CENSUS
,UNITED STATES,96741,HI,15,YEAR,,ALL UTILIZATION PRACTICES,SALES,ANNUAL,,2007,OPERATIONS,,15,,,00,,00,1,96741,00000000,ALL CLASSES,,ZIP CODE,HAWAII,9000,2012-01-01 00:00:00.000,CROPS,,ALL PRODUCTION PRACTICES,CROP TOTALS,,CROP TOTALS,"SALES: (250,000 OR MORE $)",CROP TOTALS - OPERATIONS WITH SALES,SALES,CENSUS
,UNITED STATES,96743,HI,15,YEAR,,ALL UTILIZATION PRACTICES,SALES,ANNUAL,,2022,OPERATIONS,,15,,,00,,00,11,96743,00000000,ALL CLASSES,,ZIP CODE,HAWAII,9000,2024-11-07 12:00:00.000,CROPS,,ALL PRODUCTION PRACTICES,CROP TOTALS,,CROP TOTALS,"SALES: (250,000 OR MORE $)",CROP TOTALS - OPERATIONS WITH SALES,SALES,CENSUS
,UNITED STATES,96743,HI,15,YEAR,,ALL UTILIZATION PRACTICES,SALES,ANNUAL,,2017,OPERATIONS,,15,,,00,,00,10,96743,00000000,ALL CLASSES,,ZIP CODE,HAWAII,9000,2018-02-01 12:00:00.000,CROPS,,ALL PRODUCTION PRACTICES,CROP TOTALS,,CROP TOTALS,"SALES: (250,000 OR MORE $)",CROP TOTALS - OPERATIONS WITH SALES,SALES,CENSUS
,UNITED STATES,96743,HI,15,YEAR,,ALL UTILIZATION PRACTICES,SALES,ANNUAL,,2007,OPERATIONS,,15,,,00,,00,11,96743,00000000,ALL CLASSES,,ZIP CODE,HAWAII,9000,2012-01-01 00:00:00.000,CROPS,,ALL PRODUCTION PRACTICES,CROP TOTALS,,CROP TOTALS,"SALES: (250,000 OR MORE $)",CROP TOTALS - OPERATIONS WITH SALES,SALES,CENSUS
,UNITED STATES,96744,HI,15,YEAR,,ALL UTILIZATION PRACTICES,SALES,ANNUAL,,2022,OPERATIONS,,15,,,00,,00,9,96744,00000000,ALL CLASSES,,ZIP CODE,HAWAII,9000,2024-11-07 12:00:00.000,CROPS,,ALL PRODUCTION PRACTICES,CROP TOTALS,,CROP TOTALS,"SALES: (250,000 OR MORE $)",CROP TOTALS - OPERATIONS WITH SALES,SALES,CENSUS
,UNITED STATES,96744,HI,15,YEAR,,ALL UTILIZATION PRACTICES,SALES,ANNUAL,,2017,OPERATIONS,,15,,,00,,00,4,96744,00000000,ALL CLASSES,,ZIP CODE,HAWAII,9000,2018-02-01 12:00:00.000,CROPS,,ALL PRODUCTION PRACTICES,CROP TOTALS,,CROP TOTALS,"SALES: (250,000 OR MORE $)",CROP TOTALS - OPERATIONS WITH SALES,SALES,CENSUS
,UNITED STATES,96744,HI,15,YEAR,,ALL UTILIZATION PRACTICES,SALES,ANNUAL,,2007,OPERATIONS,,15,,,00,,00,7,96744,00000000,ALL CLASSES,,ZIP CODE,HAWAII,9000,2012-01-01 00:00:00.000,CROPS,,ALL PRODUCTION PRACTICES,CROP TOTALS,,CROP TOTALS,"SALES: (250,000 OR MORE $)",CROP TOTALS - OPERATIONS WITH SALES,SALES,CENSUS
,UNITED STATES,96745,HI,15,YEAR,,ALL UTILIZATION PRACTICES,SALES,ANNUAL,,2022,OPERATIONS,,15,,,00,,00,2,96745,00000000,ALL CLASSES,,ZIP CODE,HAWAII,9000,2024-11-07 12:00:00.000,CROPS,,ALL PRODUCTION PRACTICES,CROP TOTALS,,CROP TOTALS,"SALES: (250,000 OR MORE $)",CROP TOTALS - OPERATIONS WITH SALES,SALES,CENSUS
,UNITED STATES,96745,HI,15,YEAR,,ALL UTILIZATION PRACTICES,SALES,ANNUAL,,2017,OPERATIONS,,15,,,00,,00,3,96745,00000000,ALL CLASSES,,ZIP CODE,HAWAII,9000,2018-02-01 12:00:00.000,CROPS,,ALL PRODUCTION PRACTICES,CROP TOTALS,,CROP TOTALS,"SALES: (250,000 OR MORE $)",CROP TOTALS - OPERATIONS WITH SALES,SALES,CENSUS
,UNITED STATES,96745,HI,15,YEAR,,ALL UTILIZATION PRACTICES,SALES,ANNUAL,,2007,OPERATIONS,,15,,,00,,00,2,96745,00000000,ALL CLASSES,,ZIP CODE,HAWAII,9000,2012-01-01 00:00:00.000,CROPS,,ALL PRODUCTION PRACTICES,CROP TOTALS,,CROP TOTALS,"SALES: (250,000 OR MORE $)",CROP TOTALS - OPERATIONS WITH SALES,SALES,CENSUS
,UNITED STATES,96746,HI,15,YEAR,,ALL UTILIZATION PRACTICES,SALES,ANNUAL,,2022,OPERATIONS,,15,,,00,,00,2,96746,00000000,ALL CLASSES,,ZIP CODE,HAWAII,9000,2024-11-07 12:00:00.000,CROPS,,ALL PRODUCTION PRACTICES,CROP TOTALS,,CROP TOTALS,"SALES: (250,000 OR MORE $)",CROP TOTALS - OPERATIONS WITH SALES,SALES,CENSUS
,UNITED STATES,96746,HI,15,YEAR,,ALL UTILIZATION PRACTICES,SALES,ANNUAL,,2007,OPERATIONS,,15,,,00,,00,1,96746,00000000,ALL CLASSES,,ZIP CODE,HAWAII,9000,2012-01-01 00:00:00.000,CROPS,,ALL PRODUCTION PRACTICES,CROP TOTALS,,CROP TOTALS,"SALES: (250,000 OR MORE $)",CROP TOTALS - OPERATIONS WITH SALES,SALES,CENSUS
,UNITED STATES,96747,HI,15,YEAR,,ALL UTILIZATION PRACTICES,SALES,ANNUAL,,2007,OPERATIONS,,15,,,00,,00,1,96747,00000000,ALL CLASSES,,ZIP CODE,HAWAII,9000,2012-01-01 00:00:00.000,CROPS,,ALL PRODUCTION PRACTICES,CROP TOTALS,,CROP TOTALS,"SALES: (250,000 OR MORE $)",CROP TOTALS - OPERATIONS WITH SALES,SALES,CENSUS
,UNITED STATES,96748,HI,15,YEAR,,ALL UTILIZATION PRACTICES,SALES,ANNUAL,,2007,OPERATIONS,,15,,,00,,00,1,96748,00000000,ALL CLASSES,,ZIP CODE,HAWAII,9000,2012-01-01 00:00:00.000,CROPS,,ALL PRODUCTION PRACTICES,CROP TOTALS,,CROP TOTALS,"SALES: (250,000 OR MORE $)",CROP TOTALS - OPERATIONS WITH SALES,SALES,CENSUS
,UNITED STATES,96749,HI,15,YEAR,,ALL UTILIZATION PRACTICES,SALES,ANNUAL,,2022,OPERATIONS,,15,,,00,,00,13,96749,00000000,ALL CLASSES,,ZIP CODE,HAWAII,9000,2024-11-07 12:00:00.000,CROPS,,ALL PRODUCTION PRACTICES,CROP TOTALS,,CROP TOTALS,"SALES: (250,000 OR MORE $)",CROP TOTALS - OPERATIONS WITH SALES,SALES,CENSUS
,UNITED STATES,96749,HI,15,YEAR,,ALL UTILIZATION PRACTICES,SALES,ANNUAL,,2017,OPERATIONS,,15,,,00,,00,10,96749,00000000,ALL CLASSES,,ZIP CODE,HAWAII,9000,2018-02-01 12:00:00.000,CROPS,,ALL PRODUCTION PRACTICES,CROP TOTALS,,CROP TOTALS,"SALES: (250,000 OR MORE $)",CROP TOTALS - OPERATIONS WITH SALES,SALES,CENSUS
,UNITED STATES,96749,HI,15,YEAR,,ALL UTILIZATION PRACTICES,SALES,ANNUAL,,2007,OPERATIONS,,15,,,00,,00,8,96749,00000000,ALL CLASSES,,ZIP CODE,HAWAII,9000,2012-01-01 00:00:00.000,CROPS,,ALL PRODUCTION PRACTICES,CROP TOTALS,,CROP TOTALS,"SALES: (250,000 OR MORE $)",CROP TOTALS - OPERATIONS WITH SALES,SALES,CENSUS
,UNITED STATES,96750,HI,15,YEAR,,ALL UTILIZATION PRACTICES,SALES,ANNUAL,,2022,OPERATIONS,,15,,,00,,00,3,96750,00000000,ALL CLASSES,,ZIP CODE,HAWAII,9000,2024-11-07 12:00:00.000,CROPS,,ALL PRODUCTION PRACTICES,CROP TOTALS,,CROP TOTALS,"SALES: (250,000 OR MORE $)",CROP TOTALS - OPERATIONS WITH SALES,SALES,CENSUS
,UNITED STATES,96750,HI,15,YEAR,,ALL UTILIZATION PRACTICES,SALES,ANNUAL,,2017,OPERATIONS,,15,,,00,,00,2,96750,00000000,ALL CLASSES,,ZIP CODE,HAWAII,9000,2018-02-01 12:00:00.000,CROPS,,ALL PRODUCTION PRACTICES,CROP TOTALS,,CROP TOTALS,"SALES: (250,000 OR MORE $)",CROP TOTALS - OPERATIONS WITH SALES,SALES,CENSUS
,UNITED STATES,96750,HI,15,YEAR,,ALL UTILIZATION PRACTICES,SALES,ANNUAL,,2007,OPERATIONS,,15,,,00,,00,4,96750,00000000,ALL CLASSES,,ZIP CODE,HAWAII,9000,2012-01-01 00:00:00.000,CROPS,,ALL PRODUCTION PRACTICES,CROP TOTALS,,CROP TOTALS,"SALES: (250,000 OR MORE $)",CROP TOTALS - OPERATIONS WITH SALES,SALES,CENSUS
,UNITED STATES,96752,HI,15,YEAR,,ALL UTILIZATION PRACTICES,SALES,ANNUAL,,2022,OPERATIONS,,15,,,00,,00,1,96752,00000000,ALL CLASSES,,ZIP CODE,HAWAII,9000,2024-11-07 12:00:00.000,CROPS,,ALL PRODUCTION PRACTICES,CROP TOTALS,,CROP TOTALS,"SALES: (250,000 OR MORE $)",CROP TOTALS - OPERATIONS WITH SALES,SALES,CENSUS
,UNITED STATES,96752,HI,15,YEAR,,ALL UTILIZATION PRACTICES,SALES,ANNUAL,,2017,OPERATIONS,,15,,,00,,00,2,96752,00000000,ALL CLASSES,,ZIP CODE,HAWAII,9000,2018-02-01 12:00:00.000,CROPS,,ALL PRODUCTION PRACTICES,CROP TOTALS,,CROP TOTALS,"SALES: (250,000 OR MORE $)",CROP TOTALS - OPERATIONS WITH SALES,SALES,CENSUS
,UNITED STATES,96753,HI,15,YEAR,,ALL UTILIZATION PRACTICES,SALES,ANNUAL,,2017,OPERATIONS,,15,,,00,,00,4,96753,00000000,ALL CLASSES,,ZIP CODE,HAWAII,9000,2018-02-01 12:00:00.000,CROPS,,ALL PRODUCTION PRACTICES,CROP TOTALS,,CROP TOTALS,"SALES: (250,000 OR MORE $)",CROP TOTALS - OPERATIONS WITH SALES,SALES,CENSUS
,UNITED STATES,96753,HI,15,YEAR,,ALL UTILIZATION PRACTICES,SALES,ANNUAL,,2007,OPERATIONS,,15,,,00,,00,3,96753,00000000,ALL CLASSES,,ZIP CODE,HAWAII,9000,2012-01-01 00:00:00.000,CROPS,,ALL PRODUCTION PRACTICES,CROP TOTALS,,CROP TOTALS,"SALES: (250,000 OR MORE $)",CROP TOTALS - OPERATIONS WITH SALES,SALES,CENSUS
,UNITED STATES,96754,HI,15,YEAR,,ALL UTILIZATION PRACTICES,SALES,ANNUAL,,2022,OPERATIONS,,15,,,00,,00,14,96754,00000000,ALL CLASSES,,ZIP CODE,HAWAII,9000,2024-11-07 12:00:00.000,CROPS,,ALL PRODUCTION PRACTICES,CROP TOTALS,,CROP TOTALS,"SALES: (250,000 OR MORE $)",CROP TOTALS - OPERATIONS WITH SALES,SALES,CENSUS
,UNITED STATES,96754,HI,15,YEAR,,ALL UTILIZATION PRACTICES,SALES,ANNUAL,,2017,OPERATIONS,,15,,,00,,00,8,96754,00000000,ALL CLASSES,,ZIP CODE,HAWAII,9000,2018-02-01 12:00:00.000,CROPS,,ALL PRODUCTION PRACTICES,CROP TOTALS,,CROP TOTALS,"SALES: (250,000 OR MORE $)",CROP TOTALS - OPERATIONS WITH SALES,SALES,CENSUS
,UNITED STATES,96754,HI,15,YEAR,,ALL UTILIZATION PRACTICES,SALES,ANNUAL,,2007,OPERATIONS,,15,,,00,,00,3,96754,00000000,ALL CLASSES,,ZIP CODE,HAWAII,9000,2012-01-01 00:00:00.000,CROPS,,ALL PRODUCTION PRACTICES,CROP TOTALS,,CROP TOTALS,"SALES: (250,000 OR MORE $)",CROP TOTALS - OPERATIONS WITH SALES,SALES,CENSUS
,UNITED STATES,96755,HI,15,YEAR,,ALL UTILIZATION PRACTICES,SALES,ANNUAL,,2022,OPERATIONS,,15,,,00,,00,3,96755,00000000,ALL CLASSES,,ZIP CODE,HAWAII,9000,2024-11-07 12:00:00.000,CROPS,,ALL PRODUCTION PRACTICES,CROP TOTALS,,CROP TOTALS,"SALES: (250,000 OR MORE $)",CROP TOTALS - OPERATIONS WITH SALES,SALES,CENSUS
,UNITED STATES,96755,HI,15,YEAR,,ALL UTILIZATION PRACTICES,SALES,ANNUAL,,2017,OPERATIONS,,15,,,00,,00,5,96755,00000000,ALL CLASSES,,ZIP CODE,HAWAII,9000,2018-02-01 12:00:00.000,CROPS,,ALL PRODUCTION PRACTICES,CROP TOTALS,,CROP TOTALS,"SALES: (250,000 OR MORE $)",CROP TOTALS - OPERATIONS WITH SALES,SALES,CENSUS
,UNITED STATES,96755,HI,15,YEAR,,ALL UTILIZATION PRACTICES,SALES,ANNUAL,,2007,OPERATIONS,,15,,,00,,00,6,96755,00000000,ALL CLASSES,,ZIP CODE,HAWAII,9000,2012-01-01 00:00:00.000,CROPS,,ALL PRODUCTION PRACTICES,CROP TOTALS,,CROP TOTALS,"SALES: (250,000 OR MORE $)",CROP TOTALS - OPERATIONS WITH SALES,SALES,CENSUS
,UNITED STATES,96756,HI,15,YEAR,,ALL UTILIZATION PRACTICES,SALES,ANNUAL,,2022,OPERATIONS,,15,,,00,,00,2,96756,00000000,ALL CLASSES,,ZIP CODE,HAWAII,9000,2024-11-07 12:00:00.000,CROPS,,ALL PRODUCTION PRACTICES,CROP TOTALS,,CROP TOTALS,"SALES: (250,000 OR MORE $)",CROP TOTALS - OPERATIONS WITH SALES,SALES,CENSUS
,UNITED STATES,96757,HI,15,YEAR,,ALL UTILIZATION PRACTICES,SALES,ANNUAL,,2022,OPERATIONS,,15,,,00,,00,2,96757,00000000,ALL CLASSES,,ZIP CODE,HAWAII,9000,2024-11-07 12:00:00.000,CROPS,,ALL PRODUCTION PRACTICES,CROP TOTALS,,CROP TOTALS,"SALES: (250,000 OR MORE $)",CROP TOTALS - OPERATIONS WITH SALES,SALES,CENSUS
,UNITED STATES,96757,HI,15,YEAR,,ALL UTILIZATION PRACTICES,SALES,ANNUAL,,2017,OPERATIONS,,15,,,00,,00,1,96757,00000000,ALL CLASSES,,ZIP CODE,HAWAII,9000,2018-02-01 12:00:00.000,CROPS,,ALL PRODUCTION PRACTICES,CROP TOTALS,,CROP TOTALS,"SALES: (250,000 OR MORE $)",CROP TOTALS - OPERATIONS WITH SALES,SALES,CENSUS
,UNITED STATES,96757,HI,15,YEAR,,ALL UTILIZATION PRACTICES,SALES,ANNUAL,,2007,OPERATIONS,,15,,,00,,00,2,96757,00000000,ALL CLASSES,,ZIP CODE,HAWAII,9000,2012-01-01 00:00:00.000,CROPS,,ALL PRODUCTION PRACTICES,CROP TOTALS,,CROP TOTALS,"SALES: (250,000 OR MORE $)",CROP TOTALS - OPERATIONS WITH SALES,SALES,CENSUS
,UNITED STATES,96759,HI,15,YEAR,,ALL UTILIZATION PRACTICES,SALES,ANNUAL,,2022,OPERATIONS,,15,,,00,,00,10,96759,00000000,ALL CLASSES,,ZIP CODE,HAWAII,9000,2024-11-07 12:00:00.000,CROPS,,ALL PRODUCTION PRACTICES,CROP TOTALS,,CROP TOTALS,"SALES: (250,000 OR MORE $)",CROP TOTALS - OPERATIONS WITH SALES,SALES,CENSUS
,UNITED STATES,96759,HI,15,YEAR,,ALL UTILIZATION PRACTICES,SALES,ANNUAL,,2017,OPERATIONS,,15,,,00,,00,6,96759,00000000,ALL CLASSES,,ZIP CODE,HAWAII,9000,2018-02-01 12:00:00.000,CROPS,,ALL PRODUCTION PRACTICES,CROP TOTALS,,CROP TOTALS,"SALES: (250,000 OR MORE $)",CROP TOTALS - OPERATIONS WITH SALES,SALES,CENSUS
,UNITED STATES,96759,HI,15,YEAR,,ALL UTILIZATION PRACTICES,SALES,ANNUAL,,2007,OPERATIONS,,15,,,00,,00,3,96759,00000000,ALL CLASSES,,ZIP CODE,HAWAII,9000,2012-01-01 00:00:00.000,CROPS,,ALL PRODUCTION PRACTICES,CROP TOTALS,,CROP TOTALS,"SALES: (250,000 OR MORE $)",CROP TOTALS - OPERATIONS WITH SALES,SALES,CENSUS
,UNITED STATES,96760,HI,15,YEAR,,ALL UTILIZATION PRACTICES,SALES,ANNUAL,,2022,OPERATIONS,,15,,,00,,00,3,96760,00000000,ALL CLASSES,,ZIP CODE,HAWAII,9000,2024-11-07 12:00:00.000,CROPS,,ALL PRODUCTION PRACTICES,CROP TOTALS,,CROP TOTALS,"SALES: (250,000 OR MORE $)",CROP TOTALS - OPERATIONS WITH SALES,SALES,CENSUS
,UNITED STATES,96760,HI,15,YEAR,,ALL UTILIZATION PRACTICES,SALES,ANNUAL,,2017,OPERATIONS,,15,,,00,,00,3,96760,00000000,ALL CLASSES,,ZIP CODE,HAWAII,9000,2018-02-01 12:00:00.000,CROPS,,ALL PRODUCTION PRACTICES,CROP TOTALS,,CROP TOTALS,"SALES: (250,000 OR MORE $)",CROP TOTALS - OPERATIONS WITH SALES,SALES,CENSUS
,UNITED STATES,96760,HI,15,YEAR,,ALL UTILIZATION PRACTICES,SALES,ANNUAL,,2007,OPERATIONS,,15,,,00,,00,4,96760,00000000,ALL CLASSES,,ZIP CODE,HAWAII,9000,2012-01-01 00:00:00.000,CROPS,,ALL PRODUCTION PRACTICES,CROP TOTALS,,CROP TOTALS,"SALES: (250,000 OR MORE $)",CROP TOTALS - OPERATIONS WITH SALES,SALES,CENSUS
,UNITED STATES,96761,HI,15,YEAR,,ALL UTILIZATION PRACTICES,SALES,ANNUAL,,2022,OPERATIONS,,15,,,00,,00,2,96761,00000000,ALL CLASSES,,ZIP CODE,HAWAII,9000,2024-11-07 12:00:00.000,CROPS,,ALL PRODUCTION PRACTICES,CROP TOTALS,,CROP TOTALS,"SALES: (250,000 OR MORE $)",CROP TOTALS - OPERATIONS WITH SALES,SALES,CENSUS
,UNITED STATES,96761,HI,15,YEAR,,ALL UTILIZATION PRACTICES,SALES,ANNUAL,,2017,OPERATIONS,,15,,,00,,00,2,96761,00000000,ALL CLASSES,,ZIP CODE,HAWAII,9000,2018-02-01 12:00:00.000,CROPS,,ALL PRODUCTION PRACTICES,CROP TOTALS,,CROP TOTALS,"SALES: (250,000 OR MORE $)",CROP TOTALS - OPERATIONS WITH SALES,SALES,CENSUS
,UNITED STATES,96761,HI,15,YEAR,,ALL UTILIZATION PRACTICES,SALES,ANNUAL,,2007,OPERATIONS,,15,,,00,,00,2,96761,00000000,ALL CLASSES,,ZIP CODE,HAWAII,9000,2012-01-01 00:00:00.000,CROPS,,ALL PRODUCTION PRACTICES,CROP TOTALS,,CROP TOTALS,"SALES: (250,000 OR MORE $)",CROP TOTALS - OPERATIONS WITH SALES,SALES,CENSUS
,UNITED STATES,96762,HI,15,YEAR,,ALL UTILIZATION PRACTICES,SALES,ANNUAL,,2022,OPERATIONS,,15,,,00,,00,1,96762,00000000,ALL CLASSES,,ZIP CODE,HAWAII,9000,2024-11-07 12:00:00.000,CROPS,,ALL PRODUCTION PRACTICES,CROP TOTALS,,CROP TOTALS,"SALES: (250,000 OR MORE $)",CROP TOTALS - OPERATIONS WITH SALES,SALES,CENSUS
,UNITED STATES,96763,HI,15,YEAR,,ALL UTILIZATION PRACTICES,SALES,ANNUAL,,2022,OPERATIONS,,15,,,00,,00,1,96763,00000000,ALL CLASSES,,ZIP CODE,HAWAII,9000,2024-11-07 12:00:00.000,CROPS,,ALL PRODUCTION PRACTICES,CROP TOTALS,,CROP TOTALS,"SALES: (250,000 OR MORE $)",CROP TOTALS - OPERATIONS WITH SALES,SALES,CENSUS
,UNITED STATES,96764,HI,15,YEAR,,ALL UTILIZATION PRACTICES,SALES,ANNUAL,,2022,OPERATIONS,,15,,,00,,00,1,96764,00000000,ALL CLASSES,,ZIP CODE,HAWAII,9000,2024-11-07 12:00:00.000,CROPS,,ALL PRODUCTION PRACTICES,CROP TOTALS,,CROP TOTALS,"SALES: (250,000 OR MORE $)",CROP TOTALS - OPERATIONS WITH SALES,SALES,CENSUS
,UNITED STATES,96764,HI,15,YEAR,,ALL UTILIZATION PRACTICES,SALES,ANNUAL,,2017,OPERATIONS,,15,,,00,,00,1,96764,00000000,ALL CLASSES,,ZIP CODE,HAWAII,9000,2018-02-01 12:00:00.000,CROPS,,ALL PRODUCTION PRACTICES,CROP TOTALS,,CROP TOTALS,"SALES: (250,000 OR MORE $)",CROP TOTALS - OPERATIONS WITH SALES,SALES,CENSUS
,UNITED STATES,96764,HI,15,YEAR,,ALL UTILIZATION PRACTICES,SALES,ANNUAL,,2007,OPERATIONS,,15,,,00,,00,1,96764,00000000,ALL CLASSES,,ZIP CODE,HAWAII,9000,2012-01-01 00:00:00.000,CROPS,,ALL PRODUCTION PRACTICES,CROP TOTALS,,CROP TOTALS,"SALES: (250,000 OR MORE $)",CROP TOTALS - OPERATIONS WITH SALES,SALES,CENSUS
,UNITED STATES,96766,HI,15,YEAR,,ALL UTILIZATION PRACTICES,SALES,ANNUAL,,2022,OPERATIONS,,15,,,00,,00,2,96766,00000000,ALL CLASSES,,ZIP CODE,HAWAII,9000,2024-11-07 12:00:00.000,CROPS,,ALL PRODUCTION PRACTICES,CROP TOTALS,,CROP TOTALS,"SALES: (250,000 OR MORE $)",CROP TOTALS - OPERATIONS WITH SALES,SALES,CENSUS
,UNITED STATES,96766,HI,15,YEAR,,ALL UTILIZATION PRACTICES,SALES,ANNUAL,,2017,OPERATIONS,,15,,,00,,00,3,96766,00000000,ALL CLASSES,,ZIP CODE,HAWAII,9000,2018-02-01 12:00:00.000,CROPS,,ALL PRODUCTION PRACTICES,CROP TOTALS,,CROP TOTALS,"SALES: (250,000 OR MORE $)",CROP TOTALS - OPERATIONS WITH SALES,SALES,CENSUS
,UNITED STATES,96766,HI,15,YEAR,,ALL UTILIZATION PRACTICES,SALES,ANNUAL,,2007,OPERATIONS,,15,,,00,,00,1,96766,00000000,ALL CLASSES,,ZIP CODE,HAWAII,9000,2012-01-01 00:00:00.000,CROPS,,ALL PRODUCTION PRACTICES,CROP TOTALS,,CROP TOTALS,"SALES: (250,000 OR MORE $)",CROP TOTALS - OPERATIONS WITH SALES,SALES,CENSUS
,UNITED STATES,96768,HI,15,YEAR,,ALL UTILIZATION PRACTICES,SALES,ANNUAL,,2022,OPERATIONS,,15,,,00,,00,4,96768,00000000,ALL CLASSES,,ZIP CODE,HAWAII,9000,2024-11-07 12:00:00.000,CROPS,,ALL PRODUCTION PRACTICES,CROP TOTALS,,CROP TOTALS,"SALES: (250,000 OR MORE $)",CROP TOTALS - OPERATIONS WITH SALES,SALES,CENSUS
,UNITED STATES,96768,HI,15,YEAR,,ALL UTILIZATION PRACTICES,SALES,ANNUAL,,2017,OPERATIONS,,15,,,00,,00,9,96768,00000000,ALL CLASSES,,ZIP CODE,HAWAII,9000,2018-02-01 12:00:00.000,CROPS,,ALL PRODUCTION PRACTICES,CROP TOTALS,,CROP TOTALS,"SALES: (250,000 OR MORE $)",CROP TOTALS - OPERATIONS WITH SALES,SALES,CENSUS
,UNITED STATES,96768,HI,15,YEAR,,ALL UTILIZATION PRACTICES,SALES,ANNUAL,,2007,OPERATIONS,,15,,,00,,00,6,96768,00000000,ALL CLASSES,,ZIP CODE,HAWAII,9000,2012-01-01 00:00:00.000,CROPS,,ALL PRODUCTION PRACTICES,CROP TOTALS,,CROP TOTALS,"SALES: (250,000 OR MORE $)",CROP TOTALS - OPERATIONS WITH SALES,SALES,CENSUS
,UNITED STATES,96771,HI,15,YEAR,,ALL UTILIZATION PRACTICES,SALES,ANNUAL,,2022,OPERATIONS,,15,,,00,,00,1,96771,00000000,ALL CLASSES,,ZIP CODE,HAWAII,9000,2024-11-07 12:00:00.000,CROPS,,ALL PRODUCTION PRACTICES,CROP TOTALS,,CROP TOTALS,"SALES: (250,000 OR MORE $)",CROP TOTALS - OPERATIONS WITH SALES,SALES,CENSUS
,UNITED STATES,96771,HI,15,YEAR,,ALL UTILIZATION PRACTICES,SALES,ANNUAL,,2017,OPERATIONS,,15,,,00,,00,2,96771,00000000,ALL CLASSES,,ZIP CODE,HAWAII,9000,2018-02-01 12:00:00.000,CROPS,,ALL PRODUCTION PRACTICES,CROP TOTALS,,CROP TOTALS,"SALES: (250,000 OR MORE $)",CROP TOTALS - OPERATIONS WITH SALES,SALES,CENSUS
,UNITED STATES,96771,HI,15,YEAR,,ALL UTILIZATION PRACTICES,SALES,ANNUAL,,2007,OPERATIONS,,15,,,00,,00,6,96771,00000000,ALL CLASSES,,ZIP CODE,HAWAII,9000,2012-01-01 00:00:00.000,CROPS,,ALL PRODUCTION PRACTICES,CROP TOTALS,,CROP TOTALS,"SALES: (250,000 OR MORE $)",CROP TOTALS - OPERATIONS WITH SALES,SALES,CENSUS
,UNITED STATES,96772,HI,15,YEAR,,ALL UTILIZATION PRACTICES,SALES,ANNUAL,,2022,OPERATIONS,,15,,,00,,00,2,96772,00000000,ALL CLASSES,,ZIP CODE,HAWAII,9000,2024-11-07 12:00:00.000,CROPS,,ALL PRODUCTION PRACTICES,CROP TOTALS,,CROP TOTALS,"SALES: (250,000 OR MORE $)",CROP TOTALS - OPERATIONS WITH SALES,SALES,CENSUS
,UNITED STATES,96772,HI,15,YEAR,,ALL UTILIZATION PRACTICES,SALES,ANNUAL,,2017,OPERATIONS,,15,,,00,,00,1,96772,00000000,ALL CLASSES,,ZIP CODE,HAWAII,9000,2018-02-01 12:00:00.000,CROPS,,ALL PRODUCTION PRACTICES,CROP TOTALS,,CROP TOTALS,"SALES: (250,000 OR MORE $)",CROP TOTALS - OPERATIONS WITH SALES,SALES,CENSUS
,UNITED STATES,96773,HI,15,YEAR,,ALL UTILIZATION PRACTICES,SALES,ANNUAL,,2017,OPERATIONS,,15,,,00,,00,1,96773,00000000,ALL CLASSES,,ZIP CODE,HAWAII,9000,2018-02-01 12:00:00.000,CROPS,,ALL PRODUCTION PRACTICES,CROP TOTALS,,CROP TOTALS,"SALES: (250,000 OR MORE $)",CROP TOTALS - OPERATIONS WITH SALES,SALES,CENSUS
,UNITED STATES,96776,HI,15,YEAR,,ALL UTILIZATION PRACTICES,SALES,ANNUAL,,2022,OPERATIONS,,15,,,00,,00,2,96776,00000000,ALL CLASSES,,ZIP CODE,HAWAII,9000,2024-11-07 12:00:00.000,CROPS,,ALL PRODUCTION PRACTICES,CROP TOTALS,,CROP TOTALS,"SALES: (250,000 OR MORE $)",CROP TOTALS - OPERATIONS WITH SALES,SALES,CENSUS
,UNITED STATES,96777,HI,15,YEAR,,ALL UTILIZATION PRACTICES,SALES,ANNUAL,,2022,OPERATIONS,,15,,,00,,00,1,96777,00000000,ALL CLASSES,,ZIP CODE,HAWAII,9000,2024-11-07 12:00:00.000,CROPS,,ALL PRODUCTION PRACTICES,CROP TOTALS,,CROP TOTALS,"SALES: (250,000 OR MORE $)",CROP TOTALS - OPERATIONS WITH SALES,SALES,CENSUS
,UNITED STATES,96777,HI,15,YEAR,,ALL UTILIZATION PRACTICES,SALES,ANNUAL,,2007,OPERATIONS,,15,,,00,,00,3,96777,00000000,ALL CLASSES,,ZIP CODE,HAWAII,9000,2012-01-01 00:00:00.000,CROPS,,ALL PRODUCTION PRACTICES,CROP TOTALS,,CROP TOTALS,"SALES: (250,000 OR MORE $)",CROP TOTALS - OPERATIONS WITH SALES,SALES,CENSUS
,UNITED STATES,96778,HI,15,YEAR,,ALL UTILIZATION PRACTICES,SALES,ANNUAL,,2022,OPERATIONS,,15,,,00,,00,2,96778,00000000,ALL CLASSES,,ZIP CODE,HAWAII,9000,2024-11-07 12:00:00.000,CROPS,,ALL PRODUCTION PRACTICES,CROP TOTALS,,CROP TOTALS,"SALES: (250,000 OR MORE $)",CROP TOTALS - OPERATIONS WITH SALES,SALES,CENSUS
,UNITED STATES,96778,HI,15,YEAR,,ALL UTILIZATION PRACTICES,SALES,ANNUAL,,2017,OPERATIONS,,15,,,00,,00,7,96778,00000000,ALL CLASSES,,ZIP CODE,HAWAII,9000,2018-02-01 12:00:00.000,CROPS,,ALL PRODUCTION PRACTICES,CROP TOTALS,,CROP TOTALS,"SALES: (250,000 OR MORE $)",CROP TOTALS - OPERATIONS WITH SALES,SALES,CENSUS
,UNITED STATES,96778,HI,15,YEAR,,ALL UTILIZATION PRACTICES,SALES,ANNUAL,,2007,OPERATIONS,,15,,,00,,00,8,96778,00000000,ALL CLASSES,,ZIP CODE,HAWAII,9000,2012-01-01 00:00:00.000,CROPS,,ALL PRODUCTION PRACTICES,CROP TOTALS,,CROP TOTALS,"SALES: (250,000 OR MORE $)",CROP TOTALS - OPERATIONS WITH SALES,SALES,CENSUS
,UNITED STATES,96779,HI,15,YEAR,,ALL UTILIZATION PRACTICES,SALES,ANNUAL,,2007,OPERATIONS,,15,,,00,,00,1,96779,00000000,ALL CLASSES,,ZIP CODE,HAWAII,9000,2012-01-01 00:00:00.000,CROPS,,ALL PRODUCTION PRACTICES,CROP TOTALS,,CROP TOTALS,"SALES: (250,000 OR MORE $)",CROP TOTALS - OPERATIONS WITH SALES,SALES,CENSUS
,UNITED STATES,96781,HI,15,YEAR,,ALL UTILIZATION PRACTICES,SALES,ANNUAL,,2022,OPERATIONS,,15,,,00,,00,2,96781,00000000,ALL CLASSES,,ZIP CODE,HAWAII,9000,2024-11-07 12:00:00.000,CROPS,,ALL PRODUCTION PRACTICES,CROP TOTALS,,CROP TOTALS,"SALES: (250,000 OR MORE $)",CROP TOTALS - OPERATIONS WITH SALES,SALES,CENSUS
,UNITED STATES,96781,HI,15,YEAR,,ALL UTILIZATION PRACTICES,SALES,ANNUAL,,2017,OPERATIONS,,15,,,00,,00,2,96781,00000000,ALL CLASSES,,ZIP CODE,HAWAII,9000,2018-02-01 12:00:00.000,CROPS,,ALL PRODUCTION PRACTICES,CROP TOTALS,,CROP TOTALS,"SALES: (250,000 OR MORE $)",CROP TOTALS - OPERATIONS WITH SALES,SALES,CENSUS
,UNITED STATES,96781,HI,15,YEAR,,ALL UTILIZATION PRACTICES,SALES,ANNUAL,,2007,OPERATIONS,,15,,,00,,00,1,96781,00000000,ALL CLASSES,,ZIP CODE,HAWAII,9000,2012-01-01 00:00:00.000,CROPS,,ALL PRODUCTION PRACTICES,CROP TOTALS,,CROP TOTALS,"SALES: (250,000 OR MORE $)",CROP TOTALS - OPERATIONS WITH SALES,SALES,CENSUS
,UNITED STATES,96782,HI,15,YEAR,,ALL UTILIZATION PRACTICES,SALES,ANNUAL,,2022,OPERATIONS,,15,,,00,,00,1,96782,00000000,ALL CLASSES,,ZIP CODE,HAWAII,9000,2024-11-07 12:00:00.000,CROPS,,ALL PRODUCTION PRACTICES,CROP TOTALS,,CROP TOTALS,"SALES: (250,000 OR MORE $)",CROP TOTALS - OPERATIONS WITH SALES,SALES,CENSUS
,UNITED STATES,96782,HI,15,YEAR,,ALL UTILIZATION PRACTICES,SALES,ANNUAL,,2017,OPERATIONS,,15,,,00,,00,1,96782,00000000,ALL CLASSES,,ZIP CODE,HAWAII,9000,2018-02-01 12:00:00.000,CROPS,,ALL PRODUCTION PRACTICES,CROP TOTALS,,CROP TOTALS,"SALES: (250,000 OR MORE $)",CROP TOTALS - OPERATIONS WITH SALES,SALES,CENSUS
,UNITED STATES,96783,HI,15,YEAR,,ALL UTILIZATION PRACTICES,SALES,ANNUAL,,2022,OPERATIONS,,15,,,00,,00,5,96783,00000000,ALL CLASSES,,ZIP CODE,HAWAII,9000,2024-11-07 12:00:00.000,CROPS,,ALL PRODUCTION PRACTICES,CROP TOTALS,,CROP TOTALS,"SALES: (250,000 OR MORE $)",CROP TOTALS - OPERATIONS WITH SALES,SALES,CENSUS
,UNITED STATES,96783,HI,15,YEAR,,ALL UTILIZATION PRACTICES,SALES,ANNUAL,,2017,OPERATIONS,,15,,,00,,00,1,96783,00000000,ALL CLASSES,,ZIP CODE,HAWAII,9000,2018-02-01 12:00:00.000,CROPS,,ALL PRODUCTION PRACTICES,CROP TOTALS,,CROP TOTALS,"SALES: (250,000 OR MORE $)",CROP TOTALS - OPERATIONS WITH SALES,SALES,CENSUS
,UNITED STATES,96783,HI,15,YEAR,,ALL UTILIZATION PRACTICES,SALES,ANNUAL,,2007,OPERATIONS,,15,,,00,,00,1,96783,00000000,ALL CLASSES,,ZIP CODE,HAWAII,9000,2012-01-01 00:00:00.000,CROPS,,ALL PRODUCTION PRACTICES,CROP TOTALS,,CROP TOTALS,"SALES: (250,000 OR MORE $)",CROP TOTALS - OPERATIONS WITH SALES,SALES,CENSUS
,UNITED STATES,96784,HI,15,YEAR,,ALL UTILIZATION PRACTICES,SALES,ANNUAL,,2022,OPERATIONS,,15,,,00,,00,1,96784,00000000,ALL CLASSES,,ZIP CODE,HAWAII,9000,2024-11-07 12:00:00.000,CROPS,,ALL PRODUCTION PRACTICES,CROP TOTALS,,CROP TOTALS,"SALES: (250,000 OR MORE $)",CROP TOTALS - OPERATIONS WITH SALES,SALES,CENSUS
,UNITED STATES,96784,HI,15,YEAR,,ALL UTILIZATION PRACTICES,SALES,ANNUAL,,2017,OPERATIONS,,15,,,00,,00,1,96784,00000000,ALL CLASSES,,ZIP CODE,HAWAII,9000,2018-02-01 12:00:00.000,CROPS,,ALL PRODUCTION PRACTICES,CROP TOTALS,,CROP TOTALS,"SALES: (250,000 OR MORE $)",CROP TOTALS - OPERATIONS WITH SALES,SALES,CENSUS
,UNITED STATES,96784,HI,15,YEAR,,ALL UTILIZATION PRACTICES,SALES,ANNUAL,,2007,OPERATIONS,,15,,,00,,00,3,96784,00000000,ALL CLASSES,,ZIP CODE,HAWAII,9000,2012-01-01 00:00:00.000,CROPS,,ALL PRODUCTION PRACTICES,CROP TOTALS,,CROP TOTALS,"SALES: (250,000 OR MORE $)",CROP TOTALS - OPERATIONS WITH SALES,SALES,CENSUS
,UNITED STATES,96785,HI,15,YEAR,,ALL UTILIZATION PRACTICES,SALES,ANNUAL,,2022,OPERATIONS,,15,,,00,,00,1,96785,00000000,ALL CLASSES,,ZIP CODE,HAWAII,9000,2024-11-07 12:00:00.000,CROPS,,ALL PRODUCTION PRACTICES,CROP TOTALS,,CROP TOTALS,"SALES: (250,000 OR MORE $)",CROP TOTALS - OPERATIONS WITH SALES,SALES,CENSUS
,UNITED STATES,96785,HI,15,YEAR,,ALL UTILIZATION PRACTICES,SALES,ANNUAL,,2017,OPERATIONS,,15,,,00,,00,1,96785,00000000,ALL CLASSES,,ZIP CODE,HAWAII,9000,2018-02-01 12:00:00.000,CROPS,,ALL PRODUCTION PRACTICES,CROP TOTALS,,CROP TOTALS,"SALES: (250,000 OR MORE $)",CROP TOTALS - OPERATIONS WITH SALES,SALES,CENSUS
,UNITED STATES,96785,HI,15,YEAR,,ALL UTILIZATION PRACTICES,SALES,ANNUAL,,2007,OPERATIONS,,15,,,00,,00,1,96785,00000000,ALL CLASSES,,ZIP CODE,HAWAII,9000,2012-01-01 00:00:00.000,CROPS,,ALL PRODUCTION PRACTICES,CROP TOTALS,,CROP TOTALS,"SALES: (250,000 OR MORE $)",CROP TOTALS - OPERATIONS WITH SALES,SALES,CENSUS
,UNITED STATES,96786,HI,15,YEAR,,ALL UTILIZATION PRACTICES,SALES,ANNUAL,,2022,OPERATIONS,,15,,,00,,00,1,96786,00000000,ALL CLASSES,,ZIP CODE,HAWAII,9000,2024-11-07 12:00:00.000,CROPS,,ALL PRODUCTION PRACTICES,CROP TOTALS,,CROP TOTALS,"SALES: (250,000 OR MORE $)",CROP TOTALS - OPERATIONS WITH SALES,SALES,CENSUS
,UNITED STATES,96786,HI,15,YEAR,,ALL UTILIZATION PRACTICES,SALES,ANNUAL,,2017,OPERATIONS,,15,,,00,,00,1,96786,00000000,ALL CLASSES,,ZIP CODE,HAWAII,9000,2018-02-01 12:00:00.000,CROPS,,ALL PRODUCTION PRACTICES,CROP TOTALS,,CROP TOTALS,"SALES: (250,000 OR MORE $)",CROP TOTALS - OPERATIONS WITH SALES,SALES,CENSUS
,UNITED STATES,96786,HI,15,YEAR,,ALL UTILIZATION PRACTICES,SALES,ANNUAL,,2007,OPERATIONS,,15,,,00,,00,1,96786,00000000,ALL CLASSES,,ZIP CODE,HAWAII,9000,2012-01-01 00:00:00.000,CROPS,,ALL PRODUCTION PRACTICES,CROP TOTALS,,CROP TOTALS,"SALES: (250,000 OR MORE $)",CROP TOTALS - OPERATIONS WITH SALES,SALES,CENSUS
,UNITED STATES,96788,HI,15,YEAR,,ALL UTILIZATION PRACTICES,SALES,ANNUAL,,2022,OPERATIONS,,15,,,00,,00,2,96788,00000000,ALL CLASSES,,ZIP CODE,HAWAII,9000,2024-11-07 12:00:00.000,CROPS,,ALL PRODUCTION PRACTICES,CROP TOTALS,,CROP TOTALS,"SALES: (250,000 OR MORE $)",CROP TOTALS - OPERATIONS WITH SALES,SALES,CENSUS
,UNITED STATES,96788,HI,15,YEAR,,ALL UTILIZATION PRACTICES,SALES,ANNUAL,,2017,OPERATIONS,,15,,,00,,00,1,96788,00000000,ALL CLASSES,,ZIP CODE,HAWAII,9000,2018-02-01 12:00:00.000,CROPS,,ALL PRODUCTION PRACTICES,CROP TOTALS,,CROP TOTALS,"SALES: (250,000 OR MORE $)",CROP TOTALS - OPERATIONS WITH SALES,SALES,CENSUS
,UNITED STATES,96789,HI,15,YEAR,,ALL UTILIZATION PRACTICES,SALES,ANNUAL,,2022,OPERATIONS,,15,,,00,,00,9,96789,00000000,ALL CLASSES,,ZIP CODE,HAWAII,9000,2024-11-07 12:00:00.000,CROPS,,ALL PRODUCTION PRACTICES,CROP TOTALS,,CROP TOTALS,"SALES: (250,000 OR MORE $)",CROP TOTALS - OPERATIONS WITH SALES,SALES,CENSUS
,UNITED STATES,96789,HI,15,YEAR,,ALL UTILIZATION PRACTICES,SALES,ANNUAL,,2017,OPERATIONS,,15,,,00,,00,7,96789,00000000,ALL CLASSES,,ZIP CODE,HAWAII,9000,2018-02-01 12:00:00.000,CROPS,,ALL PRODUCTION PRACTICES,CROP TOTALS,,CROP TOTALS,"SALES: (250,000 OR MORE $)",CROP TOTALS - OPERATIONS WITH SALES,SALES,CENSUS
,UNITED STATES,96789,HI,15,YEAR,,ALL UTILIZATION PRACTICES,SALES,ANNUAL,,2007,OPERATIONS,,15,,,00,,00,4,96789,00000000,ALL CLASSES,,ZIP CODE,HAWAII,9000,2012-01-01 00:00:00.000,CROPS,,ALL PRODUCTION PRACTICES,CROP TOTALS,,CROP TOTALS,"SALES: (250,000 OR MORE $)",CROP TOTALS - OPERATIONS WITH SALES,SALES,CENSUS
,UNITED STATES,96790,HI,15,YEAR,,ALL UTILIZATION PRACTICES,SALES,ANNUAL,,2022,OPERATIONS,,15,,,00,,00,8,96790,00000000,ALL CLASSES,,ZIP CODE,HAWAII,9000,2024-11-07 12:00:00.000,CROPS,,ALL PRODUCTION PRACTICES,CROP TOTALS,,CROP TOTALS,"SALES: (250,000 OR MORE $)",CROP TOTALS - OPERATIONS WITH SALES,SALES,CENSUS
,UNITED STATES,96790,HI,15,YEAR,,ALL UTILIZATION PRACTICES,SALES,ANNUAL,,2017,OPERATIONS,,15,,,00,,00,10,96790,00000000,ALL CLASSES,,ZIP CODE,HAWAII,9000,2018-02-01 12:00:00.000,CROPS,,ALL PRODUCTION PRACTICES,CROP TOTALS,,CROP TOTALS,"SALES: (250,000 OR MORE $)",CROP TOTALS - OPERATIONS WITH SALES,SALES,CENSUS
,UNITED STATES,96790,HI,15,YEAR,,ALL UTILIZATION PRACTICES,SALES,ANNUAL,,2007,OPERATIONS,,15,,,00,,00,8,96790,00000000,ALL CLASSES,,ZIP CODE,HAWAII,9000,2012-01-01 00:00:00.000,CROPS,,ALL PRODUCTION PRACTICES,CROP TOTALS,,CROP TOTALS,"SALES: (250,000 OR MORE $)",CROP TOTALS - OPERATIONS WITH SALES,SALES,CENSUS
,UNITED STATES,96791,HI,15,YEAR,,ALL UTILIZATION PRACTICES,SALES,ANNUAL,,2022,OPERATIONS,,15,,,00,,00,1,96791,00000000,ALL CLASSES,,ZIP CODE,HAWAII,9000,2024-11-07 12:00:00.000,CROPS,,ALL PRODUCTION PRACTICES,CROP TOTALS,,CROP TOTALS,"SALES: (250,000 OR MORE $)",CROP TOTALS - OPERATIONS WITH SALES,SALES,CENSUS
,UNITED STATES,96791,HI,15,YEAR,,ALL UTILIZATION PRACTICES,SALES,ANNUAL,,2017,OPERATIONS,,15,,,00,,00,2,96791,00000000,ALL CLASSES,,ZIP CODE,HAWAII,9000,2018-02-01 12:00:00.000,CROPS,,ALL PRODUCTION PRACTICES,CROP TOTALS,,CROP TOTALS,"SALES: (250,000 OR MORE $)",CROP TOTALS - OPERATIONS WITH SALES,SALES,CENSUS
,UNITED STATES,96791,HI,15,YEAR,,ALL UTILIZATION PRACTICES,SALES,ANNUAL,,2007,OPERATIONS,,15,,,00,,00,2,96791,00000000,ALL CLASSES,,ZIP CODE,HAWAII,9000,2012-01-01 00:00:00.000,CROPS,,ALL PRODUCTION PRACTICES,CROP TOTALS,,CROP TOTALS,"SALES: (250,000 OR MORE $)",CROP TOTALS - OPERATIONS WITH SALES,SALES,CENSUS
,UNITED STATES,96792,HI,15,YEAR,,ALL UTILIZATION PRACTICES,SALES,ANNUAL,,2022,OPERATIONS,,15,,,00,,00,23,96792,00000000,ALL CLASSES,,ZIP CODE,HAWAII,9000,2024-11-07 12:00:00.000,CROPS,,ALL PRODUCTION PRACTICES,CROP TOTALS,,CROP TOTALS,"SALES: (250,000 OR MORE $)",CROP TOTALS - OPERATIONS WITH SALES,SALES,CENSUS
,UNITED STATES,96792,HI,15,YEAR,,ALL UTILIZATION PRACTICES,SALES,ANNUAL,,2017,OPERATIONS,,15,,,00,,00,11,96792,00000000,ALL CLASSES,,ZIP CODE,HAWAII,9000,2018-02-01 12:00:00.000,CROPS,,ALL PRODUCTION PRACTICES,CROP TOTALS,,CROP TOTALS,"SALES: (250,000 OR MORE $)",CROP TOTALS - OPERATIONS WITH SALES,SALES,CENSUS
,UNITED STATES,96792,HI,15,YEAR,,ALL UTILIZATION PRACTICES,SALES,ANNUAL,,2007,OPERATIONS,,15,,,00,,00,7,96792,00000000,ALL CLASSES,,ZIP CODE,HAWAII,9000,2012-01-01 00:00:00.000,CROPS,,ALL PRODUCTION PRACTICES,CROP TOTALS,,CROP TOTALS,"SALES: (250,000 OR MORE $)",CROP TOTALS - OPERATIONS WITH SALES,SALES,CENSUS
,UNITED STATES,96793,HI,15,YEAR,,ALL UTILIZATION PRACTICES,SALES,ANNUAL,,2022,OPERATIONS,,15,,,00,,00,1,96793,00000000,ALL CLASSES,,ZIP CODE,HAWAII,9000,2024-11-07 12:00:00.000,CROPS,,ALL PRODUCTION PRACTICES,CROP TOTALS,,CROP TOTALS,"SALES: (250,000 OR MORE $)",CROP TOTALS - OPERATIONS WITH SALES,SALES,CENSUS
,UNITED STATES,96793,HI,15,YEAR,,ALL UTILIZATION PRACTICES,SALES,ANNUAL,,2017,OPERATIONS,,15,,,00,,00,1,96793,00000000,ALL CLASSES,,ZIP CODE,HAWAII,9000,2018-02-01 12:00:00.000,CROPS,,ALL PRODUCTION PRACTICES,CROP TOTALS,,CROP TOTALS,"SALES: (250,000 OR MORE $)",CROP TOTALS - OPERATIONS WITH SALES,SALES,CENSUS
,UNITED STATES,96793,HI,15,YEAR,,ALL UTILIZATION PRACTICES,SALES,ANNUAL,,2007,OPERATIONS,,15,,,00,,00,3,96793,00000000,ALL CLASSES,,ZIP CODE,HAWAII,9000,2012-01-01 00:00:00.000,CROPS,,ALL PRODUCTION PRACTICES,CROP TOTALS,,CROP TOTALS,"SALES: (250,000 OR MORE $)",CROP TOTALS - OPERATIONS WITH SALES,SALES,CENSUS
,UNITED STATES,96795,HI,15,YEAR,,ALL UTILIZATION PRACTICES,SALES,ANNUAL,,2022,OPERATIONS,,15,,,00,,00,14,96795,00000000,ALL CLASSES,,ZIP CODE,HAWAII,9000,2024-11-07 12:00:00.000,CROPS,,ALL PRODUCTION PRACTICES,CROP TOTALS,,CROP TOTALS,"SALES: (250,000 OR MORE $)",CROP TOTALS - OPERATIONS WITH SALES,SALES,CENSUS
,UNITED STATES,96795,HI,15,YEAR,,ALL UTILIZATION PRACTICES,SALES,ANNUAL,,2017,OPERATIONS,,15,,,00,,00,17,96795,00000000,ALL CLASSES,,ZIP CODE,HAWAII,9000,2018-02-01 12:00:00.000,CROPS,,ALL PRODUCTION PRACTICES,CROP TOTALS,,CROP TOTALS,"SALES: (250,000 OR MORE $)",CROP TOTALS - OPERATIONS WITH SALES,SALES,CENSUS
,UNITED STATES,96795,HI,15,YEAR,,ALL UTILIZATION PRACTICES,SALES,ANNUAL,,2007,OPERATIONS,,15,,,00,,00,15,96795,00000000,ALL CLASSES,,ZIP CODE,HAWAII,9000,2012-01-01 00:00:00.000,CROPS,,ALL PRODUCTION PRACTICES,CROP TOTALS,,CROP TOTALS,"SALES: (250,000 OR MORE $)",CROP TOTALS - OPERATIONS WITH SALES,SALES,CENSUS
,UNITED STATES,96796,HI,15,YEAR,,ALL UTILIZATION PRACTICES,SALES,ANNUAL,,2022,OPERATIONS,,15,,,00,,00,1,96796,00000000,ALL CLASSES,,ZIP CODE,HAWAII,9000,2024-11-07 12:00:00.000,CROPS,,ALL PRODUCTION PRACTICES,CROP TOTALS,,CROP TOTALS,"SALES: (250,000 OR MORE $)",CROP TOTALS - OPERATIONS WITH SALES,SALES,CENSUS
,UNITED STATES,96796,HI,15,YEAR,,ALL UTILIZATION PRACTICES,SALES,ANNUAL,,2017,OPERATIONS,,15,,,00,,00,1,96796,00000000,ALL CLASSES,,ZIP CODE,HAWAII,9000,2018-02-01 12:00:00.000,CROPS,,ALL PRODUCTION PRACTICES,CROP TOTALS,,CROP TOTALS,"SALES: (250,000 OR MORE $)",CROP TOTALS - OPERATIONS WITH SALES,SALES,CENSUS
,UNITED STATES,96796,HI,15,YEAR,,ALL UTILIZATION PRACTICES,SALES,ANNUAL,,2007,OPERATIONS,,15,,,00,,00,1,96796,00000000,ALL CLASSES,,ZIP CODE,HAWAII,9000,2012-01-01 00:00:00.000,CROPS,,ALL PRODUCTION PRACTICES,CROP TOTALS,,CROP TOTALS,"SALES: (250,000 OR MORE $)",CROP TOTALS - OPERATIONS WITH SALES,SALES,CENSUS
,UNITED STATES,96797,HI,15,YEAR,,ALL UTILIZATION PRACTICES,SALES,ANNUAL,,2022,OPERATIONS,,15,,,00,,00,2,96797,00000000,ALL CLASSES,,ZIP CODE,HAWAII,9000,2024-11-07 12:00:00.000,CROPS,,ALL PRODUCTION PRACTICES,CROP TOTALS,,CROP TOTALS,"SALES: (250,000 OR MORE $)",CROP TOTALS - OPERATIONS WITH SALES,SALES,CENSUS
,UNITED STATES,96797,HI,15,YEAR,,ALL UTILIZATION PRACTICES,SALES,ANNUAL,,2017,OPERATIONS,,15,,,00,,00,3,96797,00000000,ALL CLASSES,,ZIP CODE,HAWAII,9000,2018-02-01 12:00:00.000,CROPS,,ALL PRODUCTION PRACTICES,CROP TOTALS,,CROP TOTALS,"SALES: (250,000 OR MORE $)",CROP TOTALS - OPERATIONS WITH SALES,SALES,CENSUS
,UNITED STATES,96797,HI,15,YEAR,,ALL UTILIZATION PRACTICES,SALES,ANNUAL,,2007,OPERATIONS,,15,,,00,,00,2,96797,00000000,ALL CLASSES,,ZIP CODE,HAWAII,9000,2012-01-01 00:00:00.000,CROPS,,ALL PRODUCTION PRACTICES,CROP TOTALS,,CROP TOTALS,"SALES: (250,000 OR MORE $)",CROP TOTALS - OPERATIONS WITH SALES,SALES,CENSUS
,UNITED STATES,96801,HI,15,YEAR,,ALL UTILIZATION PRACTICES,SALES,ANNUAL,,2022,OPERATIONS,,15,,,00,,00,1,96801,00000000,ALL CLASSES,,ZIP CODE,HAWAII,9000,2024-11-07 12:00:00.000,CROPS,,ALL PRODUCTION PRACTICES,CROP TOTALS,,CROP TOTALS,"SALES: (250,000 OR MORE $)",CROP TOTALS - OPERATIONS WITH SALES,SALES,CENSUS
,UNITED STATES,96804,HI,15,YEAR,,ALL UTILIZATION PRACTICES,SALES,ANNUAL,,2007,OPERATIONS,,15,,,00,,00,1,96804,00000000,ALL CLASSES,,ZIP CODE,HAWAII,9000,2012-01-01 00:00:00.000,CROPS,,ALL PRODUCTION PRACTICES,CROP TOTALS,,CROP TOTALS,"SALES: (250,000 OR MORE $)",CROP TOTALS - OPERATIONS WITH SALES,SALES,CENSUS
,UNITED STATES,96812,HI,15,YEAR,,ALL UTILIZATION PRACTICES,SALES,ANNUAL,,2022,OPERATIONS,,15,,,00,,00,1,96812,00000000,ALL CLASSES,,ZIP CODE,HAWAII,9000,2024-11-07 12:00:00.000,CROPS,,ALL PRODUCTION PRACTICES,CROP TOTALS,,CROP TOTALS,"SALES: (250,000 OR MORE $)",CROP TOTALS - OPERATIONS WITH SALES,SALES,CENSUS
,UNITED STATES,96813,HI,15,YEAR,,ALL UTILIZATION PRACTICES,SALES,ANNUAL,,2017,OPERATIONS,,15,,,00,,00,1,96813,00000000,ALL CLASSES,,ZIP CODE,HAWAII,9000,2018-02-01 12:00:00.000,CROPS,,ALL PRODUCTION PRACTICES,CROP TOTALS,,CROP TOTALS,"SALES: (250,000 OR MORE $)",CROP TOTALS - OPERATIONS WITH SALES,SALES,CENSUS
,UNITED STATES,96814,HI,15,YEAR,,ALL UTILIZATION PRACTICES,SALES,ANNUAL,,2022,OPERATIONS,,15,,,00,,00,1,96814,00000000,ALL CLASSES,,ZIP CODE,HAWAII,9000,2024-11-07 12:00:00.000,CROPS,,ALL PRODUCTION PRACTICES,CROP TOTALS,,CROP TOTALS,"SALES: (250,000 OR MORE $)",CROP TOTALS - OPERATIONS WITH SALES,SALES,CENSUS
,UNITED STATES,96814,HI,15,YEAR,,ALL UTILIZATION PRACTICES,SALES,ANNUAL,,2017,OPERATIONS,,15,,,00,,00,1,96814,00000000,ALL CLASSES,,ZIP CODE,HAWAII,9000,2018-02-01 12:00:00.000,CROPS,,ALL PRODUCTION PRACTICES,CROP TOTALS,,CROP TOTALS,"SALES: (250,000 OR MORE $)",CROP TOTALS - OPERATIONS WITH SALES,SALES,CENSUS
,UNITED STATES,96814,HI,15,YEAR,,ALL UTILIZATION PRACTICES,SALES,ANNUAL,,2007,OPERATIONS,,15,,,00,,00,1,96814,00000000,ALL CLASSES,,ZIP CODE,HAWAII,9000,2012-01-01 00:00:00.000,CROPS,,ALL PRODUCTION PRACTICES,CROP TOTALS,,CROP TOTALS,"SALES: (250,000 OR MORE $)",CROP TOTALS - OPERATIONS WITH SALES,SALES,CENSUS
,UNITED STATES,96815,HI,15,YEAR,,ALL UTILIZATION PRACTICES,SALES,ANNUAL,,2017,OPERATIONS,,15,,,00,,00,3,96815,00000000,ALL CLASSES,,ZIP CODE,HAWAII,9000,2018-02-01 12:00:00.000,CROPS,,ALL PRODUCTION PRACTICES,CROP TOTALS,,CROP TOTALS,"SALES: (250,000 OR MORE $)",CROP TOTALS - OPERATIONS WITH SALES,SALES,CENSUS
,UNITED STATES,96816,HI,15,YEAR,,ALL UTILIZATION PRACTICES,SALES,ANNUAL,,2022,OPERATIONS,,15,,,00,,00,3,96816,00000000,ALL CLASSES,,ZIP CODE,HAWAII,9000,2024-11-07 12:00:00.000,CROPS,,ALL PRODUCTION PRACTICES,CROP TOTALS,,CROP TOTALS,"SALES: (250,000 OR MORE $)",CROP TOTALS - OPERATIONS WITH SALES,SALES,CENSUS
,UNITED STATES,96816,HI,15,YEAR,,ALL UTILIZATION PRACTICES,SALES,ANNUAL,,2017,OPERATIONS,,15,,,00,,00,1,96816,00000000,ALL CLASSES,,ZIP CODE,HAWAII,9000,2018-02-01 12:00:00.000,CROPS,,ALL PRODUCTION PRACTICES,CROP TOTALS,,CROP TOTALS,"SALES: (250,000 OR MORE $)",CROP TOTALS - OPERATIONS WITH SALES,SALES,CENSUS
,UNITED STATES,96816,HI,15,YEAR,,ALL UTILIZATION PRACTICES,SALES,ANNUAL,,2007,OPERATIONS,,15,,,00,,00,2,96816,00000000,ALL CLASSES,,ZIP CODE,HAWAII,9000,2012-01-01 00:00:00.000,CROPS,,ALL PRODUCTION PRACTICES,CROP TOTALS,,CROP TOTALS,"SALES: (250,000 OR MORE $)",CROP TOTALS - OPERATIONS WITH SALES,SALES,CENSUS
,UNITED STATES,96817,HI,15,YEAR,,ALL UTILIZATION PRACTICES,SALES,ANNUAL,,2022,OPERATIONS,,15,,,00,,00,3,96817,00000000,ALL CLASSES,,ZIP CODE,HAWAII,9000,2024-11-07 12:00:00.000,CROPS,,ALL PRODUCTION PRACTICES,CROP TOTALS,,CROP TOTALS,"SALES: (250,000 OR MORE $)",CROP TOTALS - OPERATIONS WITH SALES,SALES,CENSUS
,UNITED STATES,96817,HI,15,YEAR,,ALL UTILIZATION PRACTICES,SALES,ANNUAL,,2017,OPERATIONS,,15,,,00,,00,2,96817,00000000,ALL CLASSES,,ZIP CODE,HAWAII,9000,2018-02-01 12:00:00.000,CROPS,,ALL PRODUCTION PRACTICES,CROP TOTALS,,CROP TOTALS,"SALES: (250,000 OR MORE $)",CROP TOTALS - OPERATIONS WITH SALES,SALES,CENSUS
,UNITED STATES,96817,HI,15,YEAR,,ALL UTILIZATION PRACTICES,SALES,ANNUAL,,2007,OPERATIONS,,15,,,00,,00,1,96817,00000000,ALL CLASSES,,ZIP CODE,HAWAII,9000,2012-01-01 00:00:00.000,CROPS,,ALL PRODUCTION PRACTICES,CROP TOTALS,,CROP TOTALS,"SALES: (250,000 OR MORE $)",CROP TOTALS - OPERATIONS WITH SALES,SALES,CENSUS
,UNITED STATES,96818,HI,15,YEAR,,ALL UTILIZATION PRACTICES,SALES,ANNUAL,,2007,OPERATIONS,,15,,,00,,00,1,96818,00000000,ALL CLASSES,,ZIP CODE,HAWAII,9000,2012-01-01 00:00:00.000,CROPS,,ALL PRODUCTION PRACTICES,CROP TOTALS,,CROP TOTALS,"SALES: (250,000 OR MORE $)",CROP TOTALS - OPERATIONS WITH SALES,SALES,CENSUS
,UNITED STATES,96819,HI,15,YEAR,,ALL UTILIZATION PRACTICES,SALES,ANNUAL,,2017,OPERATIONS,,15,,,00,,00,1,96819,00000000,ALL CLASSES,,ZIP CODE,HAWAII,9000,2018-02-01 12:00:00.000,CROPS,,ALL PRODUCTION PRACTICES,CROP TOTALS,,CROP TOTALS,"SALES: (250,000 OR MORE $)",CROP TOTALS - OPERATIONS WITH SALES,SALES,CENSUS
,UNITED STATES,96820,HI,15,YEAR,,ALL UTILIZATION PRACTICES,SALES,ANNUAL,,2017,OPERATIONS,,15,,,00,,00,1,96820,00000000,ALL CLASSES,,ZIP CODE,HAWAII,9000,2018-02-01 12:00:00.000,CROPS,,ALL PRODUCTION PRACTICES,CROP TOTALS,,CROP TOTALS,"SALES: (250,000 OR MORE $)",CROP TOTALS - OPERATIONS WITH SALES,SALES,CENSUS
,UNITED STATES,96821,HI,15,YEAR,,ALL UTILIZATION PRACTICES,SALES,ANNUAL,,2022,OPERATIONS,,15,,,00,,00,1,96821,00000000,ALL CLASSES,,ZIP CODE,HAWAII,9000,2024-11-07 12:00:00.000,CROPS,,ALL PRODUCTION PRACTICES,CROP TOTALS,,CROP TOTALS,"SALES: (250,000 OR MORE $)",CROP TOTALS - OPERATIONS WITH SALES,SALES,CENSUS
,UNITED STATES,96821,HI,15,YEAR,,ALL UTILIZATION PRACTICES,SALES,ANNUAL,,2017,OPERATIONS,,15,,,00,,00,2,96821,00000000,ALL CLASSES,,ZIP CODE,HAWAII,9000,2018-02-01 12:00:00.000,CROPS,,ALL PRODUCTION PRACTICES,CROP TOTALS,,CROP TOTALS,"SALES: (250,000 OR MORE $)",CROP TOTALS - OPERATIONS WITH SALES,SALES,CENSUS
,UNITED STATES,96821,HI,15,YEAR,,ALL UTILIZATION PRACTICES,SALES,ANNUAL,,2007,OPERATIONS,,15,,,00,,00,1,96821,00000000,ALL CLASSES,,ZIP CODE,HAWAII,9000,2012-01-01 00:00:00.000,CROPS,,ALL PRODUCTION PRACTICES,CROP TOTALS,,CROP TOTALS,"SALES: (250,000 OR MORE $)",CROP TOTALS - OPERATIONS WITH SALES,SALES,CENSUS
,UNITED STATES,96822,HI,15,YEAR,,ALL UTILIZATION PRACTICES,SALES,ANNUAL,,2022,OPERATIONS,,15,,,00,,00,2,96822,00000000,ALL CLASSES,,ZIP CODE,HAWAII,9000,2024-11-07 12:00:00.000,CROPS,,ALL PRODUCTION PRACTICES,CROP TOTALS,,CROP TOTALS,"SALES: (250,000 OR MORE $)",CROP TOTALS - OPERATIONS WITH SALES,SALES,CENSUS
,UNITED STATES,96825,HI,15,YEAR,,ALL UTILIZATION PRACTICES,SALES,ANNUAL,,2022,OPERATIONS,,15,,,00,,00,1,96825,00000000,ALL CLASSES,,ZIP CODE,HAWAII,9000,2024-11-07 12:00:00.000,CROPS,,ALL PRODUCTION PRACTICES,CROP TOTALS,,CROP TOTALS,"SALES: (250,000 OR MORE $)",CROP TOTALS - OPERATIONS WITH SALES,SALES,CENSUS
,UNITED STATES,96825,HI,15,YEAR,,ALL UTILIZATION PRACTICES,SALES,ANNUAL,,2007,OPERATIONS,,15,,,00,,00,1,96825,00000000,ALL CLASSES,,ZIP CODE,HAWAII,9000,2012-01-01 00:00:00.000,CROPS,,ALL PRODUCTION PRACTICES,CROP TOTALS,,CROP TOTALS,"SALES: (250,000 OR MORE $)",CROP TOTALS - OPERATIONS WITH SALES,SALES,CENSUS
,UNITED STATES,96826,HI,15,YEAR,,ALL UTILIZATION PRACTICES,SALES,ANNUAL,,2007,OPERATIONS,,15,,,00,,00,1,96826,00000000,ALL CLASSES,,ZIP CODE,HAWAII,9000,2012-01-01 00:00:00.000,CROPS,,ALL PRODUCTION PRACTICES,CROP TOTALS,,CROP TOTALS,"SALES: (250,000 OR MORE $)",CROP TOTALS - OPERATIONS WITH SALES,SALES,CENSUS
,UNITED STATES,99999,HI,15,YEAR,,ALL UTILIZATION PRACTICES,SALES,ANNUAL,,2022,OPERATIONS,,15,,,00,,00,15,99999,00000000,ALL CLASSES,,ZIP CODE,HAWAII,9000,2024-11-07 12:00:00.000,CROPS,,ALL PRODUCTION PRACTICES,CROP TOTALS,,CROP TOTALS,"SALES: (250,000 OR MORE $)",CROP TOTALS - OPERATIONS WITH SALES,SALES,CENSUS
,UNITED STATES,99999,HI,15,YEAR,,ALL UTILIZATION PRACTICES,SALES,ANNUAL,,2017,OPERATIONS,,15,,,00,,00,7,99999,00000000,ALL CLASSES,,ZIP CODE,HAWAII,9000,2018-02-01 12:00:00.000,CROPS,,ALL PRODUCTION PRACTICES,CROP TOTALS,,CROP TOTALS,"SALES: (250,000 OR MORE $)",CROP TOTALS - OPERATIONS WITH SALES,SALES,CENSUS
,UNITED STATES,99999,HI,15,YEAR,,ALL UTILIZATION PRACTICES,SALES,ANNUAL,,2007,OPERATIONS,,15,,,00,,00,2,99999,00000000,ALL CLASSES,,ZIP CODE,HAWAII,9000,2012-01-01 00:00:00.000,CROPS,,ALL PRODUCTION PRACTICES,CROP TOTALS,,CROP TOTALS,"SALES: (250,000 OR MORE $)",CROP TOTALS - OPERATIONS WITH SALES,SALES,CENSUS
,UNITED STATES,HAWAII,HI,15,YEAR,,ALL UTILIZATION PRACTICES,SALES,ANNUAL,,2007,OPERATIONS,,15,,,00,,00,537,,00000000,ALL CLASSES,,STATE,HAWAII,9000,2012-01-01 00:00:00.000,CROPS,,ALL PRODUCTION PRACTICES,CROP TOTALS,,CROP TOTALS,"SALES: (50,000 TO 249,999 $)",CROP TOTALS - OPERATIONS WITH SALES,SALES,CENSUS
,UNITED STATES,96701,HI,15,YEAR,,ALL UTILIZATION PRACTICES,SALES,ANNUAL,,2022,OPERATIONS,,15,,,00,,00,2,96701,00000000,ALL CLASSES,,ZIP CODE,HAWAII,9000,2024-11-07 12:00:00.000,CROPS,,ALL PRODUCTION PRACTICES,CROP TOTALS,,CROP TOTALS,"SALES: (50,000 TO 249,999 $)",CROP TOTALS - OPERATIONS WITH SALES,SALES,CENSUS
,UNITED STATES,96701,HI,15,YEAR,,ALL UTILIZATION PRACTICES,SALES,ANNUAL,,2007,OPERATIONS,,15,,,00,,00,1,96701,00000000,ALL CLASSES,,ZIP CODE,HAWAII,9000,2012-01-01 00:00:00.000,CROPS,,ALL PRODUCTION PRACTICES,CROP TOTALS,,CROP TOTALS,"SALES: (50,000 TO 249,999 $)",CROP TOTALS - OPERATIONS WITH SALES,SALES,CENSUS
,UNITED STATES,96703,HI,15,YEAR,,ALL UTILIZATION PRACTICES,SALES,ANNUAL,,2022,OPERATIONS,,15,,,00,,00,1,96703,00000000,ALL CLASSES,,ZIP CODE,HAWAII,9000,2024-11-07 12:00:00.000,CROPS,,ALL PRODUCTION PRACTICES,CROP TOTALS,,CROP TOTALS,"SALES: (50,000 TO 249,999 $)",CROP TOTALS - OPERATIONS WITH SALES,SALES,CENSUS
,UNITED STATES,96703,HI,15,YEAR,,ALL UTILIZATION PRACTICES,SALES,ANNUAL,,2017,OPERATIONS,,15,,,00,,00,1,96703,00000000,ALL CLASSES,,ZIP CODE,HAWAII,9000,2018-02-01 12:00:00.000,CROPS,,ALL PRODUCTION PRACTICES,CROP TOTALS,,CROP TOTALS,"SALES: (50,000 TO 249,999 $)",CROP TOTALS - OPERATIONS WITH SALES,SALES,CENSUS
,UNITED STATES,96703,HI,15,YEAR,,ALL UTILIZATION PRACTICES,SALES,ANNUAL,,2007,OPERATIONS,,15,,,00,,00,5,96703,00000000,ALL CLASSES,,ZIP CODE,HAWAII,9000,2012-01-01 00:00:00.000,CROPS,,ALL PRODUCTION PRACTICES,CROP TOTALS,,CROP TOTALS,"SALES: (50,000 TO 249,999 $)",CROP TOTALS - OPERATIONS WITH SALES,SALES,CENSUS
,UNITED STATES,96704,HI,15,YEAR,,ALL UTILIZATION PRACTICES,SALES,ANNUAL,,2022,OPERATIONS,,15,,,00,,00,14,96704,00000000,ALL CLASSES,,ZIP CODE,HAWAII,9000,2024-11-07 12:00:00.000,CROPS,,ALL PRODUCTION PRACTICES,CROP TOTALS,,CROP TOTALS,"SALES: (50,000 TO 249,999 $)",CROP TOTALS - OPERATIONS WITH SALES,SALES,CENSUS
,UNITED STATES,96704,HI,15,YEAR,,ALL UTILIZATION PRACTICES,SALES,ANNUAL,,2017,OPERATIONS,,15,,,00,,00,28,96704,00000000,ALL CLASSES,,ZIP CODE,HAWAII,9000,2018-02-01 12:00:00.000,CROPS,,ALL PRODUCTION PRACTICES,CROP TOTALS,,CROP TOTALS,"SALES: (50,000 TO 249,999 $)",CROP TOTALS - OPERATIONS WITH SALES,SALES,CENSUS
,UNITED STATES,96704,HI,15,YEAR,,ALL UTILIZATION PRACTICES,SALES,ANNUAL,,2007,OPERATIONS,,15,,,00,,00,23,96704,00000000,ALL CLASSES,,ZIP CODE,HAWAII,9000,2012-01-01 00:00:00.000,CROPS,,ALL PRODUCTION PRACTICES,CROP TOTALS,,CROP TOTALS,"SALES: (50,000 TO 249,999 $)",CROP TOTALS - OPERATIONS WITH SALES,SALES,CENSUS
,UNITED STATES,96706,HI,15,YEAR,,ALL UTILIZATION PRACTICES,SALES,ANNUAL,,2022,OPERATIONS,,15,,,00,,00,1,96706,00000000,ALL CLASSES,,ZIP CODE,HAWAII,9000,2024-11-07 12:00:00.000,CROPS,,ALL PRODUCTION PRACTICES,CROP TOTALS,,CROP TOTALS,"SALES: (50,000 TO 249,999 $)",CROP TOTALS - OPERATIONS WITH SALES,SALES,CENSUS
,UNITED STATES,96706,HI,15,YEAR,,ALL UTILIZATION PRACTICES,SALES,ANNUAL,,2017,OPERATIONS,,15,,,00,,00,1,96706,00000000,ALL CLASSES,,ZIP CODE,HAWAII,9000,2018-02-01 12:00:00.000,CROPS,,ALL PRODUCTION PRACTICES,CROP TOTALS,,CROP TOTALS,"SALES: (50,000 TO 249,999 $)",CROP TOTALS - OPERATIONS WITH SALES,SALES,CENSUS
,UNITED STATES,96708,HI,15,YEAR,,ALL UTILIZATION PRACTICES,SALES,ANNUAL,,2022,OPERATIONS,,15,,,00,,00,22,96708,00000000,ALL CLASSES,,ZIP CODE,HAWAII,9000,2024-11-07 12:00:00.000,CROPS,,ALL PRODUCTION PRACTICES,CROP TOTALS,,CROP TOTALS,"SALES: (50,000 TO 249,999 $)",CROP TOTALS - OPERATIONS WITH SALES,SALES,CENSUS
,UNITED STATES,96708,HI,15,YEAR,,ALL UTILIZATION PRACTICES,SALES,ANNUAL,,2017,OPERATIONS,,15,,,00,,00,24,96708,00000000,ALL CLASSES,,ZIP CODE,HAWAII,9000,2018-02-01 12:00:00.000,CROPS,,ALL PRODUCTION PRACTICES,CROP TOTALS,,CROP TOTALS,"SALES: (50,000 TO 249,999 $)",CROP TOTALS - OPERATIONS WITH SALES,SALES,CENSUS
,UNITED STATES,96708,HI,15,YEAR,,ALL UTILIZATION PRACTICES,SALES,ANNUAL,,2007,OPERATIONS,,15,,,00,,00,10,96708,00000000,ALL CLASSES,,ZIP CODE,HAWAII,9000,2012-01-01 00:00:00.000,CROPS,,ALL PRODUCTION PRACTICES,CROP TOTALS,,CROP TOTALS,"SALES: (50,000 TO 249,999 $)",CROP TOTALS - OPERATIONS WITH SALES,SALES,CENSUS
,UNITED STATES,96710,HI,15,YEAR,,ALL UTILIZATION PRACTICES,SALES,ANNUAL,,2022,OPERATIONS,,15,,,00,,00,3,96710,00000000,ALL CLASSES,,ZIP CODE,HAWAII,9000,2024-11-07 12:00:00.000,CROPS,,ALL PRODUCTION PRACTICES,CROP TOTALS,,CROP TOTALS,"SALES: (50,000 TO 249,999 $)",CROP TOTALS - OPERATIONS WITH SALES,SALES,CENSUS
,UNITED STATES,96710,HI,15,YEAR,,ALL UTILIZATION PRACTICES,SALES,ANNUAL,,2017,OPERATIONS,,15,,,00,,00,1,96710,00000000,ALL CLASSES,,ZIP CODE,HAWAII,9000,2018-02-01 12:00:00.000,CROPS,,ALL PRODUCTION PRACTICES,CROP TOTALS,,CROP TOTALS,"SALES: (50,000 TO 249,999 $)",CROP TOTALS - OPERATIONS WITH SALES,SALES,CENSUS
,UNITED STATES,96710,HI,15,YEAR,,ALL UTILIZATION PRACTICES,SALES,ANNUAL,,2007,OPERATIONS,,15,,,00,,00,3,96710,00000000,ALL CLASSES,,ZIP CODE,HAWAII,9000,2012-01-01 00:00:00.000,CROPS,,ALL PRODUCTION PRACTICES,CROP TOTALS,,CROP TOTALS,"SALES: (50,000 TO 249,999 $)",CROP TOTALS - OPERATIONS WITH SALES,SALES,CENSUS
,UNITED STATES,96712,HI,15,YEAR,,ALL UTILIZATION PRACTICES,SALES,ANNUAL,,2022,OPERATIONS,,15,,,00,,00,3,96712,00000000,ALL CLASSES,,ZIP CODE,HAWAII,9000,2024-11-07 12:00:00.000,CROPS,,ALL PRODUCTION PRACTICES,CROP TOTALS,,CROP TOTALS,"SALES: (50,000 TO 249,999 $)",CROP TOTALS - OPERATIONS WITH SALES,SALES,CENSUS
,UNITED STATES,96712,HI,15,YEAR,,ALL UTILIZATION PRACTICES,SALES,ANNUAL,,2017,OPERATIONS,,15,,,00,,00,2,96712,00000000,ALL CLASSES,,ZIP CODE,HAWAII,9000,2018-02-01 12:00:00.000,CROPS,,ALL PRODUCTION PRACTICES,CROP TOTALS,,CROP TOTALS,"SALES: (50,000 TO 249,999 $)",CROP TOTALS - OPERATIONS WITH SALES,SALES,CENSUS
,UNITED STATES,96712,HI,15,YEAR,,ALL UTILIZATION PRACTICES,SALES,ANNUAL,,2007,OPERATIONS,,15,,,00,,00,8,96712,00000000,ALL CLASSES,,ZIP CODE,HAWAII,9000,2012-01-01 00:00:00.000,CROPS,,ALL PRODUCTION PRACTICES,CROP TOTALS,,CROP TOTALS,"SALES: (50,000 TO 249,999 $)",CROP TOTALS - OPERATIONS WITH SALES,SALES,CENSUS
,UNITED STATES,96713,HI,15,YEAR,,ALL UTILIZATION PRACTICES,SALES,ANNUAL,,2022,OPERATIONS,,15,,,00,,00,16,96713,00000000,ALL CLASSES,,ZIP CODE,HAWAII,9000,2024-11-07 12:00:00.000,CROPS,,ALL PRODUCTION PRACTICES,CROP TOTALS,,CROP TOTALS,"SALES: (50,000 TO 249,999 $)",CROP TOTALS - OPERATIONS WITH SALES,SALES,CENSUS
,UNITED STATES,96713,HI,15,YEAR,,ALL UTILIZATION PRACTICES,SALES,ANNUAL,,2017,OPERATIONS,,15,,,00,,00,5,96713,00000000,ALL CLASSES,,ZIP CODE,HAWAII,9000,2018-02-01 12:00:00.000,CROPS,,ALL PRODUCTION PRACTICES,CROP TOTALS,,CROP TOTALS,"SALES: (50,000 TO 249,999 $)",CROP TOTALS - OPERATIONS WITH SALES,SALES,CENSUS
,UNITED STATES,96713,HI,15,YEAR,,ALL UTILIZATION PRACTICES,SALES,ANNUAL,,2007,OPERATIONS,,15,,,00,,00,8,96713,00000000,ALL CLASSES,,ZIP CODE,HAWAII,9000,2012-01-01 00:00:00.000,CROPS,,ALL PRODUCTION PRACTICES,CROP TOTALS,,CROP TOTALS,"SALES: (50,000 TO 249,999 $)",CROP TOTALS - OPERATIONS WITH SALES,SALES,CENSUS
,UNITED STATES,96714,HI,15,YEAR,,ALL UTILIZATION PRACTICES,SALES,ANNUAL,,2022,OPERATIONS,,15,,,00,,00,3,96714,00000000,ALL CLASSES,,ZIP CODE,HAWAII,9000,2024-11-07 12:00:00.000,CROPS,,ALL PRODUCTION PRACTICES,CROP TOTALS,,CROP TOTALS,"SALES: (50,000 TO 249,999 $)",CROP TOTALS - OPERATIONS WITH SALES,SALES,CENSUS
,UNITED STATES,96714,HI,15,YEAR,,ALL UTILIZATION PRACTICES,SALES,ANNUAL,,2017,OPERATIONS,,15,,,00,,00,4,96714,00000000,ALL CLASSES,,ZIP CODE,HAWAII,9000,2018-02-01 12:00:00.000,CROPS,,ALL PRODUCTION PRACTICES,CROP TOTALS,,CROP TOTALS,"SALES: (50,000 TO 249,999 $)",CROP TOTALS - OPERATIONS WITH SALES,SALES,CENSUS
,UNITED STATES,96714,HI,15,YEAR,,ALL UTILIZATION PRACTICES,SALES,ANNUAL,,2007,OPERATIONS,,15,,,00,,00,19,96714,00000000,ALL CLASSES,,ZIP CODE,HAWAII,9000,2012-01-01 00:00:00.000,CROPS,,ALL PRODUCTION PRACTICES,CROP TOTALS,,CROP TOTALS,"SALES: (50,000 TO 249,999 $)",CROP TOTALS - OPERATIONS WITH SALES,SALES,CENSUS
,UNITED STATES,96716,HI,15,YEAR,,ALL UTILIZATION PRACTICES,SALES,ANNUAL,,2017,OPERATIONS,,15,,,00,,00,2,96716,00000000,ALL CLASSES,,ZIP CODE,HAWAII,9000,2018-02-01 12:00:00.000,CROPS,,ALL PRODUCTION PRACTICES,CROP TOTALS,,CROP TOTALS,"SALES: (50,000 TO 249,999 $)",CROP TOTALS - OPERATIONS WITH SALES,SALES,CENSUS
,UNITED STATES,96716,HI,15,YEAR,,ALL UTILIZATION PRACTICES,SALES,ANNUAL,,2007,OPERATIONS,,15,,,00,,00,1,96716,00000000,ALL CLASSES,,ZIP CODE,HAWAII,9000,2012-01-01 00:00:00.000,CROPS,,ALL PRODUCTION PRACTICES,CROP TOTALS,,CROP TOTALS,"SALES: (50,000 TO 249,999 $)",CROP TOTALS - OPERATIONS WITH SALES,SALES,CENSUS
,UNITED STATES,96717,HI,15,YEAR,,ALL UTILIZATION PRACTICES,SALES,ANNUAL,,2022,OPERATIONS,,15,,,00,,00,7,96717,00000000,ALL CLASSES,,ZIP CODE,HAWAII,9000,2024-11-07 12:00:00.000,CROPS,,ALL PRODUCTION PRACTICES,CROP TOTALS,,CROP TOTALS,"SALES: (50,000 TO 249,999 $)",CROP TOTALS - OPERATIONS WITH SALES,SALES,CENSUS
,UNITED STATES,96717,HI,15,YEAR,,ALL UTILIZATION PRACTICES,SALES,ANNUAL,,2017,OPERATIONS,,15,,,00,,00,1,96717,00000000,ALL CLASSES,,ZIP CODE,HAWAII,9000,2018-02-01 12:00:00.000,CROPS,,ALL PRODUCTION PRACTICES,CROP TOTALS,,CROP TOTALS,"SALES: (50,000 TO 249,999 $)",CROP TOTALS - OPERATIONS WITH SALES,SALES,CENSUS
,UNITED STATES,96717,HI,15,YEAR,,ALL UTILIZATION PRACTICES,SALES,ANNUAL,,2007,OPERATIONS,,15,,,00,,00,5,96717,00000000,ALL CLASSES,,ZIP CODE,HAWAII,9000,2012-01-01 00:00:00.000,CROPS,,ALL PRODUCTION PRACTICES,CROP TOTALS,,CROP TOTALS,"SALES: (50,000 TO 249,999 $)",CROP TOTALS - OPERATIONS WITH SALES,SALES,CENSUS
,UNITED STATES,96719,HI,15,YEAR,,ALL UTILIZATION PRACTICES,SALES,ANNUAL,,2022,OPERATIONS,,15,,,00,,00,2,96719,00000000,ALL CLASSES,,ZIP CODE,HAWAII,9000,2024-11-07 12:00:00.000,CROPS,,ALL PRODUCTION PRACTICES,CROP TOTALS,,CROP TOTALS,"SALES: (50,000 TO 249,999 $)",CROP TOTALS - OPERATIONS WITH SALES,SALES,CENSUS
,UNITED STATES,96719,HI,15,YEAR,,ALL UTILIZATION PRACTICES,SALES,ANNUAL,,2017,OPERATIONS,,15,,,00,,00,4,96719,00000000,ALL CLASSES,,ZIP CODE,HAWAII,9000,2018-02-01 12:00:00.000,CROPS,,ALL PRODUCTION PRACTICES,CROP TOTALS,,CROP TOTALS,"SALES: (50,000 TO 249,999 $)",CROP TOTALS - OPERATIONS WITH SALES,SALES,CENSUS
,UNITED STATES,96719,HI,15,YEAR,,ALL UTILIZATION PRACTICES,SALES,ANNUAL,,2007,OPERATIONS,,15,,,00,,00,1,96719,00000000,ALL CLASSES,,ZIP CODE,HAWAII,9000,2012-01-01 00:00:00.000,CROPS,,ALL PRODUCTION PRACTICES,CROP TOTALS,,CROP TOTALS,"SALES: (50,000 TO 249,999 $)",CROP TOTALS - OPERATIONS WITH SALES,SALES,CENSUS
,UNITED STATES,96720,HI,15,YEAR,,ALL UTILIZATION PRACTICES,SALES,ANNUAL,,2022,OPERATIONS,,15,,,00,,00,35,96720,00000000,ALL CLASSES,,ZIP CODE,HAWAII,9000,2024-11-07 12:00:00.000,CROPS,,ALL PRODUCTION PRACTICES,CROP TOTALS,,CROP TOTALS,"SALES: (50,000 TO 249,999 $)",CROP TOTALS - OPERATIONS WITH SALES,SALES,CENSUS
,UNITED STATES,96720,HI,15,YEAR,,ALL UTILIZATION PRACTICES,SALES,ANNUAL,,2017,OPERATIONS,,15,,,00,,00,39,96720,00000000,ALL CLASSES,,ZIP CODE,HAWAII,9000,2018-02-01 12:00:00.000,CROPS,,ALL PRODUCTION PRACTICES,CROP TOTALS,,CROP TOTALS,"SALES: (50,000 TO 249,999 $)",CROP TOTALS - OPERATIONS WITH SALES,SALES,CENSUS
,UNITED STATES,96720,HI,15,YEAR,,ALL UTILIZATION PRACTICES,SALES,ANNUAL,,2007,OPERATIONS,,15,,,00,,00,35,96720,00000000,ALL CLASSES,,ZIP CODE,HAWAII,9000,2012-01-01 00:00:00.000,CROPS,,ALL PRODUCTION PRACTICES,CROP TOTALS,,CROP TOTALS,"SALES: (50,000 TO 249,999 $)",CROP TOTALS - OPERATIONS WITH SALES,SALES,CENSUS
,UNITED STATES,96721,HI,15,YEAR,,ALL UTILIZATION PRACTICES,SALES,ANNUAL,,2022,OPERATIONS,,15,,,00,,00,4,96721,00000000,ALL CLASSES,,ZIP CODE,HAWAII,9000,2024-11-07 12:00:00.000,CROPS,,ALL PRODUCTION PRACTICES,CROP TOTALS,,CROP TOTALS,"SALES: (50,000 TO 249,999 $)",CROP TOTALS - OPERATIONS WITH SALES,SALES,CENSUS
,UNITED STATES,96721,HI,15,YEAR,,ALL UTILIZATION PRACTICES,SALES,ANNUAL,,2017,OPERATIONS,,15,,,00,,00,1,96721,00000000,ALL CLASSES,,ZIP CODE,HAWAII,9000,2018-02-01 12:00:00.000,CROPS,,ALL PRODUCTION PRACTICES,CROP TOTALS,,CROP TOTALS,"SALES: (50,000 TO 249,999 $)",CROP TOTALS - OPERATIONS WITH SALES,SALES,CENSUS
,UNITED STATES,96721,HI,15,YEAR,,ALL UTILIZATION PRACTICES,SALES,ANNUAL,,2007,OPERATIONS,,15,,,00,,00,1,96721,00000000,ALL CLASSES,,ZIP CODE,HAWAII,9000,2012-01-01 00:00:00.000,CROPS,,ALL PRODUCTION PRACTICES,CROP TOTALS,,CROP TOTALS,"SALES: (50,000 TO 249,999 $)",CROP TOTALS - OPERATIONS WITH SALES,SALES,CENSUS
,UNITED STATES,96722,HI,15,YEAR,,ALL UTILIZATION PRACTICES,SALES,ANNUAL,,2007,OPERATIONS,,15,,,00,,00,1,96722,00000000,ALL CLASSES,,ZIP CODE,HAWAII,9000,2012-01-01 00:00:00.000,CROPS,,ALL PRODUCTION PRACTICES,CROP TOTALS,,CROP TOTALS,"SALES: (50,000 TO 249,999 $)",CROP TOTALS - OPERATIONS WITH SALES,SALES,CENSUS
,UNITED STATES,96725,HI,15,YEAR,,ALL UTILIZATION PRACTICES,SALES,ANNUAL,,2022,OPERATIONS,,15,,,00,,00,20,96725,00000000,ALL CLASSES,,ZIP CODE,HAWAII,9000,2024-11-07 12:00:00.000,CROPS,,ALL PRODUCTION PRACTICES,CROP TOTALS,,CROP TOTALS,"SALES: (50,000 TO 249,999 $)",CROP TOTALS - OPERATIONS WITH SALES,SALES,CENSUS
,UNITED STATES,96725,HI,15,YEAR,,ALL UTILIZATION PRACTICES,SALES,ANNUAL,,2017,OPERATIONS,,15,,,00,,00,26,96725,00000000,ALL CLASSES,,ZIP CODE,HAWAII,9000,2018-02-01 12:00:00.000,CROPS,,ALL PRODUCTION PRACTICES,CROP TOTALS,,CROP TOTALS,"SALES: (50,000 TO 249,999 $)",CROP TOTALS - OPERATIONS WITH SALES,SALES,CENSUS
,UNITED STATES,96725,HI,15,YEAR,,ALL UTILIZATION PRACTICES,SALES,ANNUAL,,2007,OPERATIONS,,15,,,00,,00,24,96725,00000000,ALL CLASSES,,ZIP CODE,HAWAII,9000,2012-01-01 00:00:00.000,CROPS,,ALL PRODUCTION PRACTICES,CROP TOTALS,,CROP TOTALS,"SALES: (50,000 TO 249,999 $)",CROP TOTALS - OPERATIONS WITH SALES,SALES,CENSUS
,UNITED STATES,96726,HI,15,YEAR,,ALL UTILIZATION PRACTICES,SALES,ANNUAL,,2022,OPERATIONS,,15,,,00,,00,9,96726,00000000,ALL CLASSES,,ZIP CODE,HAWAII,9000,2024-11-07 12:00:00.000,CROPS,,ALL PRODUCTION PRACTICES,CROP TOTALS,,CROP TOTALS,"SALES: (50,000 TO 249,999 $)",CROP TOTALS - OPERATIONS WITH SALES,SALES,CENSUS
,UNITED STATES,96726,HI,15,YEAR,,ALL UTILIZATION PRACTICES,SALES,ANNUAL,,2017,OPERATIONS,,15,,,00,,00,17,96726,00000000,ALL CLASSES,,ZIP CODE,HAWAII,9000,2018-02-01 12:00:00.000,CROPS,,ALL PRODUCTION PRACTICES,CROP TOTALS,,CROP TOTALS,"SALES: (50,000 TO 249,999 $)",CROP TOTALS - OPERATIONS WITH SALES,SALES,CENSUS
,UNITED STATES,96726,HI,15,YEAR,,ALL UTILIZATION PRACTICES,SALES,ANNUAL,,2007,OPERATIONS,,15,,,00,,00,7,96726,00000000,ALL CLASSES,,ZIP CODE,HAWAII,9000,2012-01-01 00:00:00.000,CROPS,,ALL PRODUCTION PRACTICES,CROP TOTALS,,CROP TOTALS,"SALES: (50,000 TO 249,999 $)",CROP TOTALS - OPERATIONS WITH SALES,SALES,CENSUS
,UNITED STATES,96727,HI,15,YEAR,,ALL UTILIZATION PRACTICES,SALES,ANNUAL,,2022,OPERATIONS,,15,,,00,,00,16,96727,00000000,ALL CLASSES,,ZIP CODE,HAWAII,9000,2024-11-07 12:00:00.000,CROPS,,ALL PRODUCTION PRACTICES,CROP TOTALS,,CROP TOTALS,"SALES: (50,000 TO 249,999 $)",CROP TOTALS - OPERATIONS WITH SALES,SALES,CENSUS
,UNITED STATES,96727,HI,15,YEAR,,ALL UTILIZATION PRACTICES,SALES,ANNUAL,,2017,OPERATIONS,,15,,,00,,00,5,96727,00000000,ALL CLASSES,,ZIP CODE,HAWAII,9000,2018-02-01 12:00:00.000,CROPS,,ALL PRODUCTION PRACTICES,CROP TOTALS,,CROP TOTALS,"SALES: (50,000 TO 249,999 $)",CROP TOTALS - OPERATIONS WITH SALES,SALES,CENSUS
,UNITED STATES,96728,HI,15,YEAR,,ALL UTILIZATION PRACTICES,SALES,ANNUAL,,2017,OPERATIONS,,15,,,00,,00,5,96728,00000000,ALL CLASSES,,ZIP CODE,HAWAII,9000,2018-02-01 12:00:00.000,CROPS,,ALL PRODUCTION PRACTICES,CROP TOTALS,,CROP TOTALS,"SALES: (50,000 TO 249,999 $)",CROP TOTALS - OPERATIONS WITH SALES,SALES,CENSUS
,UNITED STATES,96728,HI,15,YEAR,,ALL UTILIZATION PRACTICES,SALES,ANNUAL,,2007,OPERATIONS,,15,,,00,,00,2,96728,00000000,ALL CLASSES,,ZIP CODE,HAWAII,9000,2012-01-01 00:00:00.000,CROPS,,ALL PRODUCTION PRACTICES,CROP TOTALS,,CROP TOTALS,"SALES: (50,000 TO 249,999 $)",CROP TOTALS - OPERATIONS WITH SALES,SALES,CENSUS
,UNITED STATES,96729,HI,15,YEAR,,ALL UTILIZATION PRACTICES,SALES,ANNUAL,,2022,OPERATIONS,,15,,,00,,00,2,96729,00000000,ALL CLASSES,,ZIP CODE,HAWAII,9000,2024-11-07 12:00:00.000,CROPS,,ALL PRODUCTION PRACTICES,CROP TOTALS,,CROP TOTALS,"SALES: (50,000 TO 249,999 $)",CROP TOTALS - OPERATIONS WITH SALES,SALES,CENSUS
,UNITED STATES,96729,HI,15,YEAR,,ALL UTILIZATION PRACTICES,SALES,ANNUAL,,2007,OPERATIONS,,15,,,00,,00,3,96729,00000000,ALL CLASSES,,ZIP CODE,HAWAII,9000,2012-01-01 00:00:00.000,CROPS,,ALL PRODUCTION PRACTICES,CROP TOTALS,,CROP TOTALS,"SALES: (50,000 TO 249,999 $)",CROP TOTALS - OPERATIONS WITH SALES,SALES,CENSUS
,UNITED STATES,96730,HI,15,YEAR,,ALL UTILIZATION PRACTICES,SALES,ANNUAL,,2022,OPERATIONS,,15,,,00,,00,3,96730,00000000,ALL CLASSES,,ZIP CODE,HAWAII,9000,2024-11-07 12:00:00.000,CROPS,,ALL PRODUCTION PRACTICES,CROP TOTALS,,CROP TOTALS,"SALES: (50,000 TO 249,999 $)",CROP TOTALS - OPERATIONS WITH SALES,SALES,CENSUS
,UNITED STATES,96730,HI,15,YEAR,,ALL UTILIZATION PRACTICES,SALES,ANNUAL,,2007,OPERATIONS,,15,,,00,,00,1,96730,00000000,ALL CLASSES,,ZIP CODE,HAWAII,9000,2012-01-01 00:00:00.000,CROPS,,ALL PRODUCTION PRACTICES,CROP TOTALS,,CROP TOTALS,"SALES: (50,000 TO 249,999 $)",CROP TOTALS - OPERATIONS WITH SALES,SALES,CENSUS
,UNITED STATES,96731,HI,15,YEAR,,ALL UTILIZATION PRACTICES,SALES,ANNUAL,,2022,OPERATIONS,,15,,,00,,00,5,96731,00000000,ALL CLASSES,,ZIP CODE,HAWAII,9000,2024-11-07 12:00:00.000,CROPS,,ALL PRODUCTION PRACTICES,CROP TOTALS,,CROP TOTALS,"SALES: (50,000 TO 249,999 $)",CROP TOTALS - OPERATIONS WITH SALES,SALES,CENSUS
,UNITED STATES,96731,HI,15,YEAR,,ALL UTILIZATION PRACTICES,SALES,ANNUAL,,2017,OPERATIONS,,15,,,00,,00,2,96731,00000000,ALL CLASSES,,ZIP CODE,HAWAII,9000,2018-02-01 12:00:00.000,CROPS,,ALL PRODUCTION PRACTICES,CROP TOTALS,,CROP TOTALS,"SALES: (50,000 TO 249,999 $)",CROP TOTALS - OPERATIONS WITH SALES,SALES,CENSUS
,UNITED STATES,96731,HI,15,YEAR,,ALL UTILIZATION PRACTICES,SALES,ANNUAL,,2007,OPERATIONS,,15,,,00,,00,9,96731,00000000,ALL CLASSES,,ZIP CODE,HAWAII,9000,2012-01-01 00:00:00.000,CROPS,,ALL PRODUCTION PRACTICES,CROP TOTALS,,CROP TOTALS,"SALES: (50,000 TO 249,999 $)",CROP TOTALS - OPERATIONS WITH SALES,SALES,CENSUS
,UNITED STATES,96732,HI,15,YEAR,,ALL UTILIZATION PRACTICES,SALES,ANNUAL,,2022,OPERATIONS,,15,,,00,,00,7,96732,00000000,ALL CLASSES,,ZIP CODE,HAWAII,9000,2024-11-07 12:00:00.000,CROPS,,ALL PRODUCTION PRACTICES,CROP TOTALS,,CROP TOTALS,"SALES: (50,000 TO 249,999 $)",CROP TOTALS - OPERATIONS WITH SALES,SALES,CENSUS
,UNITED STATES,96732,HI,15,YEAR,,ALL UTILIZATION PRACTICES,SALES,ANNUAL,,2007,OPERATIONS,,15,,,00,,00,3,96732,00000000,ALL CLASSES,,ZIP CODE,HAWAII,9000,2012-01-01 00:00:00.000,CROPS,,ALL PRODUCTION PRACTICES,CROP TOTALS,,CROP TOTALS,"SALES: (50,000 TO 249,999 $)",CROP TOTALS - OPERATIONS WITH SALES,SALES,CENSUS
,UNITED STATES,96734,HI,15,YEAR,,ALL UTILIZATION PRACTICES,SALES,ANNUAL,,2022,OPERATIONS,,15,,,00,,00,4,96734,00000000,ALL CLASSES,,ZIP CODE,HAWAII,9000,2024-11-07 12:00:00.000,CROPS,,ALL PRODUCTION PRACTICES,CROP TOTALS,,CROP TOTALS,"SALES: (50,000 TO 249,999 $)",CROP TOTALS - OPERATIONS WITH SALES,SALES,CENSUS
,UNITED STATES,96734,HI,15,YEAR,,ALL UTILIZATION PRACTICES,SALES,ANNUAL,,2017,OPERATIONS,,15,,,00,,00,4,96734,00000000,ALL CLASSES,,ZIP CODE,HAWAII,9000,2018-02-01 12:00:00.000,CROPS,,ALL PRODUCTION PRACTICES,CROP TOTALS,,CROP TOTALS,"SALES: (50,000 TO 249,999 $)",CROP TOTALS - OPERATIONS WITH SALES,SALES,CENSUS
,UNITED STATES,96734,HI,15,YEAR,,ALL UTILIZATION PRACTICES,SALES,ANNUAL,,2007,OPERATIONS,,15,,,00,,00,2,96734,00000000,ALL CLASSES,,ZIP CODE,HAWAII,9000,2012-01-01 00:00:00.000,CROPS,,ALL PRODUCTION PRACTICES,CROP TOTALS,,CROP TOTALS,"SALES: (50,000 TO 249,999 $)",CROP TOTALS - OPERATIONS WITH SALES,SALES,CENSUS
,UNITED STATES,96737,HI,15,YEAR,,ALL UTILIZATION PRACTICES,SALES,ANNUAL,,2007,OPERATIONS,,15,,,00,,00,2,96737,00000000,ALL CLASSES,,ZIP CODE,HAWAII,9000,2012-01-01 00:00:00.000,CROPS,,ALL PRODUCTION PRACTICES,CROP TOTALS,,CROP TOTALS,"SALES: (50,000 TO 249,999 $)",CROP TOTALS - OPERATIONS WITH SALES,SALES,CENSUS
,UNITED STATES,96739,HI,15,YEAR,,ALL UTILIZATION PRACTICES,SALES,ANNUAL,,2017,OPERATIONS,,15,,,00,,00,3,96739,00000000,ALL CLASSES,,ZIP CODE,HAWAII,9000,2018-02-01 12:00:00.000,CROPS,,ALL PRODUCTION PRACTICES,CROP TOTALS,,CROP TOTALS,"SALES: (50,000 TO 249,999 $)",CROP TOTALS - OPERATIONS WITH SALES,SALES,CENSUS
,UNITED STATES,96740,HI,15,YEAR,,ALL UTILIZATION PRACTICES,SALES,ANNUAL,,2022,OPERATIONS,,15,,,00,,00,12,96740,00000000,ALL CLASSES,,ZIP CODE,HAWAII,9000,2024-11-07 12:00:00.000,CROPS,,ALL PRODUCTION PRACTICES,CROP TOTALS,,CROP TOTALS,"SALES: (50,000 TO 249,999 $)",CROP TOTALS - OPERATIONS WITH SALES,SALES,CENSUS
,UNITED STATES,96740,HI,15,YEAR,,ALL UTILIZATION PRACTICES,SALES,ANNUAL,,2017,OPERATIONS,,15,,,00,,00,16,96740,00000000,ALL CLASSES,,ZIP CODE,HAWAII,9000,2018-02-01 12:00:00.000,CROPS,,ALL PRODUCTION PRACTICES,CROP TOTALS,,CROP TOTALS,"SALES: (50,000 TO 249,999 $)",CROP TOTALS - OPERATIONS WITH SALES,SALES,CENSUS
,UNITED STATES,96740,HI,15,YEAR,,ALL UTILIZATION PRACTICES,SALES,ANNUAL,,2007,OPERATIONS,,15,,,00,,00,8,96740,00000000,ALL CLASSES,,ZIP CODE,HAWAII,9000,2012-01-01 00:00:00.000,CROPS,,ALL PRODUCTION PRACTICES,CROP TOTALS,,CROP TOTALS,"SALES: (50,000 TO 249,999 $)",CROP TOTALS - OPERATIONS WITH SALES,SALES,CENSUS
,UNITED STATES,96743,HI,15,YEAR,,ALL UTILIZATION PRACTICES,SALES,ANNUAL,,2022,OPERATIONS,,15,,,00,,00,9,96743,00000000,ALL CLASSES,,ZIP CODE,HAWAII,9000,2024-11-07 12:00:00.000,CROPS,,ALL PRODUCTION PRACTICES,CROP TOTALS,,CROP TOTALS,"SALES: (50,000 TO 249,999 $)",CROP TOTALS - OPERATIONS WITH SALES,SALES,CENSUS
,UNITED STATES,96743,HI,15,YEAR,,ALL UTILIZATION PRACTICES,SALES,ANNUAL,,2017,OPERATIONS,,15,,,00,,00,15,96743,00000000,ALL CLASSES,,ZIP CODE,HAWAII,9000,2018-02-01 12:00:00.000,CROPS,,ALL PRODUCTION PRACTICES,CROP TOTALS,,CROP TOTALS,"SALES: (50,000 TO 249,999 $)",CROP TOTALS - OPERATIONS WITH SALES,SALES,CENSUS
,UNITED STATES,96743,HI,15,YEAR,,ALL UTILIZATION PRACTICES,SALES,ANNUAL,,2007,OPERATIONS,,15,,,00,,00,14,96743,00000000,ALL CLASSES,,ZIP CODE,HAWAII,9000,2012-01-01 00:00:00.000,CROPS,,ALL PRODUCTION PRACTICES,CROP TOTALS,,CROP TOTALS,"SALES: (50,000 TO 249,999 $)",CROP TOTALS - OPERATIONS WITH SALES,SALES,CENSUS
,UNITED STATES,96744,HI,15,YEAR,,ALL UTILIZATION PRACTICES,SALES,ANNUAL,,2022,OPERATIONS,,15,,,00,,00,18,96744,00000000,ALL CLASSES,,ZIP CODE,HAWAII,9000,2024-11-07 12:00:00.000,CROPS,,ALL PRODUCTION PRACTICES,CROP TOTALS,,CROP TOTALS,"SALES: (50,000 TO 249,999 $)",CROP TOTALS - OPERATIONS WITH SALES,SALES,CENSUS
,UNITED STATES,96744,HI,15,YEAR,,ALL UTILIZATION PRACTICES,SALES,ANNUAL,,2017,OPERATIONS,,15,,,00,,00,16,96744,00000000,ALL CLASSES,,ZIP CODE,HAWAII,9000,2018-02-01 12:00:00.000,CROPS,,ALL PRODUCTION PRACTICES,CROP TOTALS,,CROP TOTALS,"SALES: (50,000 TO 249,999 $)",CROP TOTALS - OPERATIONS WITH SALES,SALES,CENSUS
,UNITED STATES,96744,HI,15,YEAR,,ALL UTILIZATION PRACTICES,SALES,ANNUAL,,2007,OPERATIONS,,15,,,00,,00,13,96744,00000000,ALL CLASSES,,ZIP CODE,HAWAII,9000,2012-01-01 00:00:00.000,CROPS,,ALL PRODUCTION PRACTICES,CROP TOTALS,,CROP TOTALS,"SALES: (50,000 TO 249,999 $)",CROP TOTALS - OPERATIONS WITH SALES,SALES,CENSUS
,UNITED STATES,96745,HI,15,YEAR,,ALL UTILIZATION PRACTICES,SALES,ANNUAL,,2022,OPERATIONS,,15,,,00,,00,9,96745,00000000,ALL CLASSES,,ZIP CODE,HAWAII,9000,2024-11-07 12:00:00.000,CROPS,,ALL PRODUCTION PRACTICES,CROP TOTALS,,CROP TOTALS,"SALES: (50,000 TO 249,999 $)",CROP TOTALS - OPERATIONS WITH SALES,SALES,CENSUS
,UNITED STATES,96745,HI,15,YEAR,,ALL UTILIZATION PRACTICES,SALES,ANNUAL,,2017,OPERATIONS,,15,,,00,,00,6,96745,00000000,ALL CLASSES,,ZIP CODE,HAWAII,9000,2018-02-01 12:00:00.000,CROPS,,ALL PRODUCTION PRACTICES,CROP TOTALS,,CROP TOTALS,"SALES: (50,000 TO 249,999 $)",CROP TOTALS - OPERATIONS WITH SALES,SALES,CENSUS
,UNITED STATES,96745,HI,15,YEAR,,ALL UTILIZATION PRACTICES,SALES,ANNUAL,,2007,OPERATIONS,,15,,,00,,00,1,96745,00000000,ALL CLASSES,,ZIP CODE,HAWAII,9000,2012-01-01 00:00:00.000,CROPS,,ALL PRODUCTION PRACTICES,CROP TOTALS,,CROP TOTALS,"SALES: (50,000 TO 249,999 $)",CROP TOTALS - OPERATIONS WITH SALES,SALES,CENSUS
,UNITED STATES,96746,HI,15,YEAR,,ALL UTILIZATION PRACTICES,SALES,ANNUAL,,2022,OPERATIONS,,15,,,00,,00,9,96746,00000000,ALL CLASSES,,ZIP CODE,HAWAII,9000,2024-11-07 12:00:00.000,CROPS,,ALL PRODUCTION PRACTICES,CROP TOTALS,,CROP TOTALS,"SALES: (50,000 TO 249,999 $)",CROP TOTALS - OPERATIONS WITH SALES,SALES,CENSUS
,UNITED STATES,96746,HI,15,YEAR,,ALL UTILIZATION PRACTICES,SALES,ANNUAL,,2017,OPERATIONS,,15,,,00,,00,4,96746,00000000,ALL CLASSES,,ZIP CODE,HAWAII,9000,2018-02-01 12:00:00.000,CROPS,,ALL PRODUCTION PRACTICES,CROP TOTALS,,CROP TOTALS,"SALES: (50,000 TO 249,999 $)",CROP TOTALS - OPERATIONS WITH SALES,SALES,CENSUS
,UNITED STATES,96746,HI,15,YEAR,,ALL UTILIZATION PRACTICES,SALES,ANNUAL,,2007,OPERATIONS,,15,,,00,,00,8,96746,00000000,ALL CLASSES,,ZIP CODE,HAWAII,9000,2012-01-01 00:00:00.000,CROPS,,ALL PRODUCTION PRACTICES,CROP TOTALS,,CROP TOTALS,"SALES: (50,000 TO 249,999 $)",CROP TOTALS - OPERATIONS WITH SALES,SALES,CENSUS
,UNITED STATES,96747,HI,15,YEAR,,ALL UTILIZATION PRACTICES,SALES,ANNUAL,,2022,OPERATIONS,,15,,,00,,00,1,96747,00000000,ALL CLASSES,,ZIP CODE,HAWAII,9000,2024-11-07 12:00:00.000,CROPS,,ALL PRODUCTION PRACTICES,CROP TOTALS,,CROP TOTALS,"SALES: (50,000 TO 249,999 $)",CROP TOTALS - OPERATIONS WITH SALES,SALES,CENSUS
,UNITED STATES,96747,HI,15,YEAR,,ALL UTILIZATION PRACTICES,SALES,ANNUAL,,2017,OPERATIONS,,15,,,00,,00,2,96747,00000000,ALL CLASSES,,ZIP CODE,HAWAII,9000,2018-02-01 12:00:00.000,CROPS,,ALL PRODUCTION PRACTICES,CROP TOTALS,,CROP TOTALS,"SALES: (50,000 TO 249,999 $)",CROP TOTALS - OPERATIONS WITH SALES,SALES,CENSUS
,UNITED STATES,96747,HI,15,YEAR,,ALL UTILIZATION PRACTICES,SALES,ANNUAL,,2007,OPERATIONS,,15,,,00,,00,1,96747,00000000,ALL CLASSES,,ZIP CODE,HAWAII,9000,2012-01-01 00:00:00.000,CROPS,,ALL PRODUCTION PRACTICES,CROP TOTALS,,CROP TOTALS,"SALES: (50,000 TO 249,999 $)",CROP TOTALS - OPERATIONS WITH SALES,SALES,CENSUS
,UNITED STATES,96748,HI,15,YEAR,,ALL UTILIZATION PRACTICES,SALES,ANNUAL,,2022,OPERATIONS,,15,,,00,,00,9,96748,00000000,ALL CLASSES,,ZIP CODE,HAWAII,9000,2024-11-07 12:00:00.000,CROPS,,ALL PRODUCTION PRACTICES,CROP TOTALS,,CROP TOTALS,"SALES: (50,000 TO 249,999 $)",CROP TOTALS - OPERATIONS WITH SALES,SALES,CENSUS
,UNITED STATES,96748,HI,15,YEAR,,ALL UTILIZATION PRACTICES,SALES,ANNUAL,,2017,OPERATIONS,,15,,,00,,00,2,96748,00000000,ALL CLASSES,,ZIP CODE,HAWAII,9000,2018-02-01 12:00:00.000,CROPS,,ALL PRODUCTION PRACTICES,CROP TOTALS,,CROP TOTALS,"SALES: (50,000 TO 249,999 $)",CROP TOTALS - OPERATIONS WITH SALES,SALES,CENSUS
,UNITED STATES,96748,HI,15,YEAR,,ALL UTILIZATION PRACTICES,SALES,ANNUAL,,2007,OPERATIONS,,15,,,00,,00,3,96748,00000000,ALL CLASSES,,ZIP CODE,HAWAII,9000,2012-01-01 00:00:00.000,CROPS,,ALL PRODUCTION PRACTICES,CROP TOTALS,,CROP TOTALS,"SALES: (50,000 TO 249,999 $)",CROP TOTALS - OPERATIONS WITH SALES,SALES,CENSUS
,UNITED STATES,96749,HI,15,YEAR,,ALL UTILIZATION PRACTICES,SALES,ANNUAL,,2022,OPERATIONS,,15,,,00,,00,19,96749,00000000,ALL CLASSES,,ZIP CODE,HAWAII,9000,2024-11-07 12:00:00.000,CROPS,,ALL PRODUCTION PRACTICES,CROP TOTALS,,CROP TOTALS,"SALES: (50,000 TO 249,999 $)",CROP TOTALS - OPERATIONS WITH SALES,SALES,CENSUS
,UNITED STATES,96749,HI,15,YEAR,,ALL UTILIZATION PRACTICES,SALES,ANNUAL,,2017,OPERATIONS,,15,,,00,,00,25,96749,00000000,ALL CLASSES,,ZIP CODE,HAWAII,9000,2018-02-01 12:00:00.000,CROPS,,ALL PRODUCTION PRACTICES,CROP TOTALS,,CROP TOTALS,"SALES: (50,000 TO 249,999 $)",CROP TOTALS - OPERATIONS WITH SALES,SALES,CENSUS
,UNITED STATES,96749,HI,15,YEAR,,ALL UTILIZATION PRACTICES,SALES,ANNUAL,,2007,OPERATIONS,,15,,,00,,00,56,96749,00000000,ALL CLASSES,,ZIP CODE,HAWAII,9000,2012-01-01 00:00:00.000,CROPS,,ALL PRODUCTION PRACTICES,CROP TOTALS,,CROP TOTALS,"SALES: (50,000 TO 249,999 $)",CROP TOTALS - OPERATIONS WITH SALES,SALES,CENSUS
,UNITED STATES,96750,HI,15,YEAR,,ALL UTILIZATION PRACTICES,SALES,ANNUAL,,2022,OPERATIONS,,15,,,00,,00,21,96750,00000000,ALL CLASSES,,ZIP CODE,HAWAII,9000,2024-11-07 12:00:00.000,CROPS,,ALL PRODUCTION PRACTICES,CROP TOTALS,,CROP TOTALS,"SALES: (50,000 TO 249,999 $)",CROP TOTALS - OPERATIONS WITH SALES,SALES,CENSUS
,UNITED STATES,96750,HI,15,YEAR,,ALL UTILIZATION PRACTICES,SALES,ANNUAL,,2017,OPERATIONS,,15,,,00,,00,21,96750,00000000,ALL CLASSES,,ZIP CODE,HAWAII,9000,2018-02-01 12:00:00.000,CROPS,,ALL PRODUCTION PRACTICES,CROP TOTALS,,CROP TOTALS,"SALES: (50,000 TO 249,999 $)",CROP TOTALS - OPERATIONS WITH SALES,SALES,CENSUS
,UNITED STATES,96750,HI,15,YEAR,,ALL UTILIZATION PRACTICES,SALES,ANNUAL,,2007,OPERATIONS,,15,,,00,,00,19,96750,00000000,ALL CLASSES,,ZIP CODE,HAWAII,9000,2012-01-01 00:00:00.000,CROPS,,ALL PRODUCTION PRACTICES,CROP TOTALS,,CROP TOTALS,"SALES: (50,000 TO 249,999 $)",CROP TOTALS - OPERATIONS WITH SALES,SALES,CENSUS
,UNITED STATES,96752,HI,15,YEAR,,ALL UTILIZATION PRACTICES,SALES,ANNUAL,,2007,OPERATIONS,,15,,,00,,00,1,96752,00000000,ALL CLASSES,,ZIP CODE,HAWAII,9000,2012-01-01 00:00:00.000,CROPS,,ALL PRODUCTION PRACTICES,CROP TOTALS,,CROP TOTALS,"SALES: (50,000 TO 249,999 $)",CROP TOTALS - OPERATIONS WITH SALES,SALES,CENSUS
,UNITED STATES,96753,HI,15,YEAR,,ALL UTILIZATION PRACTICES,SALES,ANNUAL,,2022,OPERATIONS,,15,,,00,,00,7,96753,00000000,ALL CLASSES,,ZIP CODE,HAWAII,9000,2024-11-07 12:00:00.000,CROPS,,ALL PRODUCTION PRACTICES,CROP TOTALS,,CROP TOTALS,"SALES: (50,000 TO 249,999 $)",CROP TOTALS - OPERATIONS WITH SALES,SALES,CENSUS
,UNITED STATES,96753,HI,15,YEAR,,ALL UTILIZATION PRACTICES,SALES,ANNUAL,,2007,OPERATIONS,,15,,,00,,00,1,96753,00000000,ALL CLASSES,,ZIP CODE,HAWAII,9000,2012-01-01 00:00:00.000,CROPS,,ALL PRODUCTION PRACTICES,CROP TOTALS,,CROP TOTALS,"SALES: (50,000 TO 249,999 $)",CROP TOTALS - OPERATIONS WITH SALES,SALES,CENSUS
,UNITED STATES,96754,HI,15,YEAR,,ALL UTILIZATION PRACTICES,SALES,ANNUAL,,2022,OPERATIONS,,15,,,00,,00,15,96754,00000000,ALL CLASSES,,ZIP CODE,HAWAII,9000,2024-11-07 12:00:00.000,CROPS,,ALL PRODUCTION PRACTICES,CROP TOTALS,,CROP TOTALS,"SALES: (50,000 TO 249,999 $)",CROP TOTALS - OPERATIONS WITH SALES,SALES,CENSUS
,UNITED STATES,96754,HI,15,YEAR,,ALL UTILIZATION PRACTICES,SALES,ANNUAL,,2017,OPERATIONS,,15,,,00,,00,5,96754,00000000,ALL CLASSES,,ZIP CODE,HAWAII,9000,2018-02-01 12:00:00.000,CROPS,,ALL PRODUCTION PRACTICES,CROP TOTALS,,CROP TOTALS,"SALES: (50,000 TO 249,999 $)",CROP TOTALS - OPERATIONS WITH SALES,SALES,CENSUS
,UNITED STATES,96754,HI,15,YEAR,,ALL UTILIZATION PRACTICES,SALES,ANNUAL,,2007,OPERATIONS,,15,,,00,,00,16,96754,00000000,ALL CLASSES,,ZIP CODE,HAWAII,9000,2012-01-01 00:00:00.000,CROPS,,ALL PRODUCTION PRACTICES,CROP TOTALS,,CROP TOTALS,"SALES: (50,000 TO 249,999 $)",CROP TOTALS - OPERATIONS WITH SALES,SALES,CENSUS
,UNITED STATES,96755,HI,15,YEAR,,ALL UTILIZATION PRACTICES,SALES,ANNUAL,,2022,OPERATIONS,,15,,,00,,00,8,96755,00000000,ALL CLASSES,,ZIP CODE,HAWAII,9000,2024-11-07 12:00:00.000,CROPS,,ALL PRODUCTION PRACTICES,CROP TOTALS,,CROP TOTALS,"SALES: (50,000 TO 249,999 $)",CROP TOTALS - OPERATIONS WITH SALES,SALES,CENSUS
,UNITED STATES,96755,HI,15,YEAR,,ALL UTILIZATION PRACTICES,SALES,ANNUAL,,2017,OPERATIONS,,15,,,00,,00,3,96755,00000000,ALL CLASSES,,ZIP CODE,HAWAII,9000,2018-02-01 12:00:00.000,CROPS,,ALL PRODUCTION PRACTICES,CROP TOTALS,,CROP TOTALS,"SALES: (50,000 TO 249,999 $)",CROP TOTALS - OPERATIONS WITH SALES,SALES,CENSUS
,UNITED STATES,96755,HI,15,YEAR,,ALL UTILIZATION PRACTICES,SALES,ANNUAL,,2007,OPERATIONS,,15,,,00,,00,3,96755,00000000,ALL CLASSES,,ZIP CODE,HAWAII,9000,2012-01-01 00:00:00.000,CROPS,,ALL PRODUCTION PRACTICES,CROP TOTALS,,CROP TOTALS,"SALES: (50,000 TO 249,999 $)",CROP TOTALS - OPERATIONS WITH SALES,SALES,CENSUS
,UNITED STATES,96756,HI,15,YEAR,,ALL UTILIZATION PRACTICES,SALES,ANNUAL,,2022,OPERATIONS,,15,,,00,,00,3,96756,00000000,ALL CLASSES,,ZIP CODE,HAWAII,9000,2024-11-07 12:00:00.000,CROPS,,ALL PRODUCTION PRACTICES,CROP TOTALS,,CROP TOTALS,"SALES: (50,000 TO 249,999 $)",CROP TOTALS - OPERATIONS WITH SALES,SALES,CENSUS
,UNITED STATES,96756,HI,15,YEAR,,ALL UTILIZATION PRACTICES,SALES,ANNUAL,,2017,OPERATIONS,,15,,,00,,00,3,96756,00000000,ALL CLASSES,,ZIP CODE,HAWAII,9000,2018-02-01 12:00:00.000,CROPS,,ALL PRODUCTION PRACTICES,CROP TOTALS,,CROP TOTALS,"SALES: (50,000 TO 249,999 $)",CROP TOTALS - OPERATIONS WITH SALES,SALES,CENSUS
,UNITED STATES,96759,HI,15,YEAR,,ALL UTILIZATION PRACTICES,SALES,ANNUAL,,2022,OPERATIONS,,15,,,00,,00,3,96759,00000000,ALL CLASSES,,ZIP CODE,HAWAII,9000,2024-11-07 12:00:00.000,CROPS,,ALL PRODUCTION PRACTICES,CROP TOTALS,,CROP TOTALS,"SALES: (50,000 TO 249,999 $)",CROP TOTALS - OPERATIONS WITH SALES,SALES,CENSUS
,UNITED STATES,96759,HI,15,YEAR,,ALL UTILIZATION PRACTICES,SALES,ANNUAL,,2017,OPERATIONS,,15,,,00,,00,6,96759,00000000,ALL CLASSES,,ZIP CODE,HAWAII,9000,2018-02-01 12:00:00.000,CROPS,,ALL PRODUCTION PRACTICES,CROP TOTALS,,CROP TOTALS,"SALES: (50,000 TO 249,999 $)",CROP TOTALS - OPERATIONS WITH SALES,SALES,CENSUS
,UNITED STATES,96760,HI,15,YEAR,,ALL UTILIZATION PRACTICES,SALES,ANNUAL,,2022,OPERATIONS,,15,,,00,,00,8,96760,00000000,ALL CLASSES,,ZIP CODE,HAWAII,9000,2024-11-07 12:00:00.000,CROPS,,ALL PRODUCTION PRACTICES,CROP TOTALS,,CROP TOTALS,"SALES: (50,000 TO 249,999 $)",CROP TOTALS - OPERATIONS WITH SALES,SALES,CENSUS
,UNITED STATES,96760,HI,15,YEAR,,ALL UTILIZATION PRACTICES,SALES,ANNUAL,,2017,OPERATIONS,,15,,,00,,00,15,96760,00000000,ALL CLASSES,,ZIP CODE,HAWAII,9000,2018-02-01 12:00:00.000,CROPS,,ALL PRODUCTION PRACTICES,CROP TOTALS,,CROP TOTALS,"SALES: (50,000 TO 249,999 $)",CROP TOTALS - OPERATIONS WITH SALES,SALES,CENSUS
,UNITED STATES,96760,HI,15,YEAR,,ALL UTILIZATION PRACTICES,SALES,ANNUAL,,2007,OPERATIONS,,15,,,00,,00,11,96760,00000000,ALL CLASSES,,ZIP CODE,HAWAII,9000,2012-01-01 00:00:00.000,CROPS,,ALL PRODUCTION PRACTICES,CROP TOTALS,,CROP TOTALS,"SALES: (50,000 TO 249,999 $)",CROP TOTALS - OPERATIONS WITH SALES,SALES,CENSUS
,UNITED STATES,96761,HI,15,YEAR,,ALL UTILIZATION PRACTICES,SALES,ANNUAL,,2022,OPERATIONS,,15,,,00,,00,2,96761,00000000,ALL CLASSES,,ZIP CODE,HAWAII,9000,2024-11-07 12:00:00.000,CROPS,,ALL PRODUCTION PRACTICES,CROP TOTALS,,CROP TOTALS,"SALES: (50,000 TO 249,999 $)",CROP TOTALS - OPERATIONS WITH SALES,SALES,CENSUS
,UNITED STATES,96761,HI,15,YEAR,,ALL UTILIZATION PRACTICES,SALES,ANNUAL,,2017,OPERATIONS,,15,,,00,,00,2,96761,00000000,ALL CLASSES,,ZIP CODE,HAWAII,9000,2018-02-01 12:00:00.000,CROPS,,ALL PRODUCTION PRACTICES,CROP TOTALS,,CROP TOTALS,"SALES: (50,000 TO 249,999 $)",CROP TOTALS - OPERATIONS WITH SALES,SALES,CENSUS
,UNITED STATES,96761,HI,15,YEAR,,ALL UTILIZATION PRACTICES,SALES,ANNUAL,,2007,OPERATIONS,,15,,,00,,00,3,96761,00000000,ALL CLASSES,,ZIP CODE,HAWAII,9000,2012-01-01 00:00:00.000,CROPS,,ALL PRODUCTION PRACTICES,CROP TOTALS,,CROP TOTALS,"SALES: (50,000 TO 249,999 $)",CROP TOTALS - OPERATIONS WITH SALES,SALES,CENSUS
,UNITED STATES,96764,HI,15,YEAR,,ALL UTILIZATION PRACTICES,SALES,ANNUAL,,2017,OPERATIONS,,15,,,00,,00,1,96764,00000000,ALL CLASSES,,ZIP CODE,HAWAII,9000,2018-02-01 12:00:00.000,CROPS,,ALL PRODUCTION PRACTICES,CROP TOTALS,,CROP TOTALS,"SALES: (50,000 TO 249,999 $)",CROP TOTALS - OPERATIONS WITH SALES,SALES,CENSUS
,UNITED STATES,96764,HI,15,YEAR,,ALL UTILIZATION PRACTICES,SALES,ANNUAL,,2007,OPERATIONS,,15,,,00,,00,1,96764,00000000,ALL CLASSES,,ZIP CODE,HAWAII,9000,2012-01-01 00:00:00.000,CROPS,,ALL PRODUCTION PRACTICES,CROP TOTALS,,CROP TOTALS,"SALES: (50,000 TO 249,999 $)",CROP TOTALS - OPERATIONS WITH SALES,SALES,CENSUS
,UNITED STATES,96765,HI,15,YEAR,,ALL UTILIZATION PRACTICES,SALES,ANNUAL,,2017,OPERATIONS,,15,,,00,,00,2,96765,00000000,ALL CLASSES,,ZIP CODE,HAWAII,9000,2018-02-01 12:00:00.000,CROPS,,ALL PRODUCTION PRACTICES,CROP TOTALS,,CROP TOTALS,"SALES: (50,000 TO 249,999 $)",CROP TOTALS - OPERATIONS WITH SALES,SALES,CENSUS
,UNITED STATES,96766,HI,15,YEAR,,ALL UTILIZATION PRACTICES,SALES,ANNUAL,,2022,OPERATIONS,,15,,,00,,00,5,96766,00000000,ALL CLASSES,,ZIP CODE,HAWAII,9000,2024-11-07 12:00:00.000,CROPS,,ALL PRODUCTION PRACTICES,CROP TOTALS,,CROP TOTALS,"SALES: (50,000 TO 249,999 $)",CROP TOTALS - OPERATIONS WITH SALES,SALES,CENSUS
,UNITED STATES,96766,HI,15,YEAR,,ALL UTILIZATION PRACTICES,SALES,ANNUAL,,2017,OPERATIONS,,15,,,00,,00,4,96766,00000000,ALL CLASSES,,ZIP CODE,HAWAII,9000,2018-02-01 12:00:00.000,CROPS,,ALL PRODUCTION PRACTICES,CROP TOTALS,,CROP TOTALS,"SALES: (50,000 TO 249,999 $)",CROP TOTALS - OPERATIONS WITH SALES,SALES,CENSUS
,UNITED STATES,96766,HI,15,YEAR,,ALL UTILIZATION PRACTICES,SALES,ANNUAL,,2007,OPERATIONS,,15,,,00,,00,6,96766,00000000,ALL CLASSES,,ZIP CODE,HAWAII,9000,2012-01-01 00:00:00.000,CROPS,,ALL PRODUCTION PRACTICES,CROP TOTALS,,CROP TOTALS,"SALES: (50,000 TO 249,999 $)",CROP TOTALS - OPERATIONS WITH SALES,SALES,CENSUS
,UNITED STATES,96768,HI,15,YEAR,,ALL UTILIZATION PRACTICES,SALES,ANNUAL,,2022,OPERATIONS,,15,,,00,,00,9,96768,00000000,ALL CLASSES,,ZIP CODE,HAWAII,9000,2024-11-07 12:00:00.000,CROPS,,ALL PRODUCTION PRACTICES,CROP TOTALS,,CROP TOTALS,"SALES: (50,000 TO 249,999 $)",CROP TOTALS - OPERATIONS WITH SALES,SALES,CENSUS
,UNITED STATES,96768,HI,15,YEAR,,ALL UTILIZATION PRACTICES,SALES,ANNUAL,,2017,OPERATIONS,,15,,,00,,00,2,96768,00000000,ALL CLASSES,,ZIP CODE,HAWAII,9000,2018-02-01 12:00:00.000,CROPS,,ALL PRODUCTION PRACTICES,CROP TOTALS,,CROP TOTALS,"SALES: (50,000 TO 249,999 $)",CROP TOTALS - OPERATIONS WITH SALES,SALES,CENSUS
,UNITED STATES,96768,HI,15,YEAR,,ALL UTILIZATION PRACTICES,SALES,ANNUAL,,2007,OPERATIONS,,15,,,00,,00,15,96768,00000000,ALL CLASSES,,ZIP CODE,HAWAII,9000,2012-01-01 00:00:00.000,CROPS,,ALL PRODUCTION PRACTICES,CROP TOTALS,,CROP TOTALS,"SALES: (50,000 TO 249,999 $)",CROP TOTALS - OPERATIONS WITH SALES,SALES,CENSUS
,UNITED STATES,96771,HI,15,YEAR,,ALL UTILIZATION PRACTICES,SALES,ANNUAL,,2022,OPERATIONS,,15,,,00,,00,13,96771,00000000,ALL CLASSES,,ZIP CODE,HAWAII,9000,2024-11-07 12:00:00.000,CROPS,,ALL PRODUCTION PRACTICES,CROP TOTALS,,CROP TOTALS,"SALES: (50,000 TO 249,999 $)",CROP TOTALS - OPERATIONS WITH SALES,SALES,CENSUS
,UNITED STATES,96771,HI,15,YEAR,,ALL UTILIZATION PRACTICES,SALES,ANNUAL,,2017,OPERATIONS,,15,,,00,,00,20,96771,00000000,ALL CLASSES,,ZIP CODE,HAWAII,9000,2018-02-01 12:00:00.000,CROPS,,ALL PRODUCTION PRACTICES,CROP TOTALS,,CROP TOTALS,"SALES: (50,000 TO 249,999 $)",CROP TOTALS - OPERATIONS WITH SALES,SALES,CENSUS
,UNITED STATES,96771,HI,15,YEAR,,ALL UTILIZATION PRACTICES,SALES,ANNUAL,,2007,OPERATIONS,,15,,,00,,00,4,96771,00000000,ALL CLASSES,,ZIP CODE,HAWAII,9000,2012-01-01 00:00:00.000,CROPS,,ALL PRODUCTION PRACTICES,CROP TOTALS,,CROP TOTALS,"SALES: (50,000 TO 249,999 $)",CROP TOTALS - OPERATIONS WITH SALES,SALES,CENSUS
,UNITED STATES,96772,HI,15,YEAR,,ALL UTILIZATION PRACTICES,SALES,ANNUAL,,2022,OPERATIONS,,15,,,00,,00,3,96772,00000000,ALL CLASSES,,ZIP CODE,HAWAII,9000,2024-11-07 12:00:00.000,CROPS,,ALL PRODUCTION PRACTICES,CROP TOTALS,,CROP TOTALS,"SALES: (50,000 TO 249,999 $)",CROP TOTALS - OPERATIONS WITH SALES,SALES,CENSUS
,UNITED STATES,96772,HI,15,YEAR,,ALL UTILIZATION PRACTICES,SALES,ANNUAL,,2017,OPERATIONS,,15,,,00,,00,9,96772,00000000,ALL CLASSES,,ZIP CODE,HAWAII,9000,2018-02-01 12:00:00.000,CROPS,,ALL PRODUCTION PRACTICES,CROP TOTALS,,CROP TOTALS,"SALES: (50,000 TO 249,999 $)",CROP TOTALS - OPERATIONS WITH SALES,SALES,CENSUS
,UNITED STATES,96772,HI,15,YEAR,,ALL UTILIZATION PRACTICES,SALES,ANNUAL,,2007,OPERATIONS,,15,,,00,,00,1,96772,00000000,ALL CLASSES,,ZIP CODE,HAWAII,9000,2012-01-01 00:00:00.000,CROPS,,ALL PRODUCTION PRACTICES,CROP TOTALS,,CROP TOTALS,"SALES: (50,000 TO 249,999 $)",CROP TOTALS - OPERATIONS WITH SALES,SALES,CENSUS
,UNITED STATES,96773,HI,15,YEAR,,ALL UTILIZATION PRACTICES,SALES,ANNUAL,,2022,OPERATIONS,,15,,,00,,00,5,96773,00000000,ALL CLASSES,,ZIP CODE,HAWAII,9000,2024-11-07 12:00:00.000,CROPS,,ALL PRODUCTION PRACTICES,CROP TOTALS,,CROP TOTALS,"SALES: (50,000 TO 249,999 $)",CROP TOTALS - OPERATIONS WITH SALES,SALES,CENSUS
,UNITED STATES,96773,HI,15,YEAR,,ALL UTILIZATION PRACTICES,SALES,ANNUAL,,2017,OPERATIONS,,15,,,00,,00,2,96773,00000000,ALL CLASSES,,ZIP CODE,HAWAII,9000,2018-02-01 12:00:00.000,CROPS,,ALL PRODUCTION PRACTICES,CROP TOTALS,,CROP TOTALS,"SALES: (50,000 TO 249,999 $)",CROP TOTALS - OPERATIONS WITH SALES,SALES,CENSUS
,UNITED STATES,96773,HI,15,YEAR,,ALL UTILIZATION PRACTICES,SALES,ANNUAL,,2007,OPERATIONS,,15,,,00,,00,2,96773,00000000,ALL CLASSES,,ZIP CODE,HAWAII,9000,2012-01-01 00:00:00.000,CROPS,,ALL PRODUCTION PRACTICES,CROP TOTALS,,CROP TOTALS,"SALES: (50,000 TO 249,999 $)",CROP TOTALS - OPERATIONS WITH SALES,SALES,CENSUS
,UNITED STATES,96776,HI,15,YEAR,,ALL UTILIZATION PRACTICES,SALES,ANNUAL,,2022,OPERATIONS,,15,,,00,,00,3,96776,00000000,ALL CLASSES,,ZIP CODE,HAWAII,9000,2024-11-07 12:00:00.000,CROPS,,ALL PRODUCTION PRACTICES,CROP TOTALS,,CROP TOTALS,"SALES: (50,000 TO 249,999 $)",CROP TOTALS - OPERATIONS WITH SALES,SALES,CENSUS
,UNITED STATES,96776,HI,15,YEAR,,ALL UTILIZATION PRACTICES,SALES,ANNUAL,,2017,OPERATIONS,,15,,,00,,00,8,96776,00000000,ALL CLASSES,,ZIP CODE,HAWAII,9000,2018-02-01 12:00:00.000,CROPS,,ALL PRODUCTION PRACTICES,CROP TOTALS,,CROP TOTALS,"SALES: (50,000 TO 249,999 $)",CROP TOTALS - OPERATIONS WITH SALES,SALES,CENSUS
,UNITED STATES,96776,HI,15,YEAR,,ALL UTILIZATION PRACTICES,SALES,ANNUAL,,2007,OPERATIONS,,15,,,00,,00,2,96776,00000000,ALL CLASSES,,ZIP CODE,HAWAII,9000,2012-01-01 00:00:00.000,CROPS,,ALL PRODUCTION PRACTICES,CROP TOTALS,,CROP TOTALS,"SALES: (50,000 TO 249,999 $)",CROP TOTALS - OPERATIONS WITH SALES,SALES,CENSUS
,UNITED STATES,96777,HI,15,YEAR,,ALL UTILIZATION PRACTICES,SALES,ANNUAL,,2022,OPERATIONS,,15,,,00,,00,15,96777,00000000,ALL CLASSES,,ZIP CODE,HAWAII,9000,2024-11-07 12:00:00.000,CROPS,,ALL PRODUCTION PRACTICES,CROP TOTALS,,CROP TOTALS,"SALES: (50,000 TO 249,999 $)",CROP TOTALS - OPERATIONS WITH SALES,SALES,CENSUS
,UNITED STATES,96777,HI,15,YEAR,,ALL UTILIZATION PRACTICES,SALES,ANNUAL,,2017,OPERATIONS,,15,,,00,,00,34,96777,00000000,ALL CLASSES,,ZIP CODE,HAWAII,9000,2018-02-01 12:00:00.000,CROPS,,ALL PRODUCTION PRACTICES,CROP TOTALS,,CROP TOTALS,"SALES: (50,000 TO 249,999 $)",CROP TOTALS - OPERATIONS WITH SALES,SALES,CENSUS
,UNITED STATES,96777,HI,15,YEAR,,ALL UTILIZATION PRACTICES,SALES,ANNUAL,,2007,OPERATIONS,,15,,,00,,00,4,96777,00000000,ALL CLASSES,,ZIP CODE,HAWAII,9000,2012-01-01 00:00:00.000,CROPS,,ALL PRODUCTION PRACTICES,CROP TOTALS,,CROP TOTALS,"SALES: (50,000 TO 249,999 $)",CROP TOTALS - OPERATIONS WITH SALES,SALES,CENSUS
,UNITED STATES,96778,HI,15,YEAR,,ALL UTILIZATION PRACTICES,SALES,ANNUAL,,2022,OPERATIONS,,15,,,00,,00,14,96778,00000000,ALL CLASSES,,ZIP CODE,HAWAII,9000,2024-11-07 12:00:00.000,CROPS,,ALL PRODUCTION PRACTICES,CROP TOTALS,,CROP TOTALS,"SALES: (50,000 TO 249,999 $)",CROP TOTALS - OPERATIONS WITH SALES,SALES,CENSUS
,UNITED STATES,96778,HI,15,YEAR,,ALL UTILIZATION PRACTICES,SALES,ANNUAL,,2017,OPERATIONS,,15,,,00,,00,12,96778,00000000,ALL CLASSES,,ZIP CODE,HAWAII,9000,2018-02-01 12:00:00.000,CROPS,,ALL PRODUCTION PRACTICES,CROP TOTALS,,CROP TOTALS,"SALES: (50,000 TO 249,999 $)",CROP TOTALS - OPERATIONS WITH SALES,SALES,CENSUS
,UNITED STATES,96778,HI,15,YEAR,,ALL UTILIZATION PRACTICES,SALES,ANNUAL,,2007,OPERATIONS,,15,,,00,,00,36,96778,00000000,ALL CLASSES,,ZIP CODE,HAWAII,9000,2012-01-01 00:00:00.000,CROPS,,ALL PRODUCTION PRACTICES,CROP TOTALS,,CROP TOTALS,"SALES: (50,000 TO 249,999 $)",CROP TOTALS - OPERATIONS WITH SALES,SALES,CENSUS
,UNITED STATES,96779,HI,15,YEAR,,ALL UTILIZATION PRACTICES,SALES,ANNUAL,,2022,OPERATIONS,,15,,,00,,00,5,96779,00000000,ALL CLASSES,,ZIP CODE,HAWAII,9000,2024-11-07 12:00:00.000,CROPS,,ALL PRODUCTION PRACTICES,CROP TOTALS,,CROP TOTALS,"SALES: (50,000 TO 249,999 $)",CROP TOTALS - OPERATIONS WITH SALES,SALES,CENSUS
,UNITED STATES,96779,HI,15,YEAR,,ALL UTILIZATION PRACTICES,SALES,ANNUAL,,2017,OPERATIONS,,15,,,00,,00,4,96779,00000000,ALL CLASSES,,ZIP CODE,HAWAII,9000,2018-02-01 12:00:00.000,CROPS,,ALL PRODUCTION PRACTICES,CROP TOTALS,,CROP TOTALS,"SALES: (50,000 TO 249,999 $)",CROP TOTALS - OPERATIONS WITH SALES,SALES,CENSUS
,UNITED STATES,96780,HI,15,YEAR,,ALL UTILIZATION PRACTICES,SALES,ANNUAL,,2017,OPERATIONS,,15,,,00,,00,2,96780,00000000,ALL CLASSES,,ZIP CODE,HAWAII,9000,2018-02-01 12:00:00.000,CROPS,,ALL PRODUCTION PRACTICES,CROP TOTALS,,CROP TOTALS,"SALES: (50,000 TO 249,999 $)",CROP TOTALS - OPERATIONS WITH SALES,SALES,CENSUS
,UNITED STATES,96781,HI,15,YEAR,,ALL UTILIZATION PRACTICES,SALES,ANNUAL,,2022,OPERATIONS,,15,,,00,,00,2,96781,00000000,ALL CLASSES,,ZIP CODE,HAWAII,9000,2024-11-07 12:00:00.000,CROPS,,ALL PRODUCTION PRACTICES,CROP TOTALS,,CROP TOTALS,"SALES: (50,000 TO 249,999 $)",CROP TOTALS - OPERATIONS WITH SALES,SALES,CENSUS
,UNITED STATES,96781,HI,15,YEAR,,ALL UTILIZATION PRACTICES,SALES,ANNUAL,,2017,OPERATIONS,,15,,,00,,00,3,96781,00000000,ALL CLASSES,,ZIP CODE,HAWAII,9000,2018-02-01 12:00:00.000,CROPS,,ALL PRODUCTION PRACTICES,CROP TOTALS,,CROP TOTALS,"SALES: (50,000 TO 249,999 $)",CROP TOTALS - OPERATIONS WITH SALES,SALES,CENSUS
,UNITED STATES,96781,HI,15,YEAR,,ALL UTILIZATION PRACTICES,SALES,ANNUAL,,2007,OPERATIONS,,15,,,00,,00,2,96781,00000000,ALL CLASSES,,ZIP CODE,HAWAII,9000,2012-01-01 00:00:00.000,CROPS,,ALL PRODUCTION PRACTICES,CROP TOTALS,,CROP TOTALS,"SALES: (50,000 TO 249,999 $)",CROP TOTALS - OPERATIONS WITH SALES,SALES,CENSUS
,UNITED STATES,96782,HI,15,YEAR,,ALL UTILIZATION PRACTICES,SALES,ANNUAL,,2007,OPERATIONS,,15,,,00,,00,2,96782,00000000,ALL CLASSES,,ZIP CODE,HAWAII,9000,2012-01-01 00:00:00.000,CROPS,,ALL PRODUCTION PRACTICES,CROP TOTALS,,CROP TOTALS,"SALES: (50,000 TO 249,999 $)",CROP TOTALS - OPERATIONS WITH SALES,SALES,CENSUS
,UNITED STATES,96783,HI,15,YEAR,,ALL UTILIZATION PRACTICES,SALES,ANNUAL,,2022,OPERATIONS,,15,,,00,,00,8,96783,00000000,ALL CLASSES,,ZIP CODE,HAWAII,9000,2024-11-07 12:00:00.000,CROPS,,ALL PRODUCTION PRACTICES,CROP TOTALS,,CROP TOTALS,"SALES: (50,000 TO 249,999 $)",CROP TOTALS - OPERATIONS WITH SALES,SALES,CENSUS
,UNITED STATES,96783,HI,15,YEAR,,ALL UTILIZATION PRACTICES,SALES,ANNUAL,,2017,OPERATIONS,,15,,,00,,00,3,96783,00000000,ALL CLASSES,,ZIP CODE,HAWAII,9000,2018-02-01 12:00:00.000,CROPS,,ALL PRODUCTION PRACTICES,CROP TOTALS,,CROP TOTALS,"SALES: (50,000 TO 249,999 $)",CROP TOTALS - OPERATIONS WITH SALES,SALES,CENSUS
,UNITED STATES,96783,HI,15,YEAR,,ALL UTILIZATION PRACTICES,SALES,ANNUAL,,2007,OPERATIONS,,15,,,00,,00,4,96783,00000000,ALL CLASSES,,ZIP CODE,HAWAII,9000,2012-01-01 00:00:00.000,CROPS,,ALL PRODUCTION PRACTICES,CROP TOTALS,,CROP TOTALS,"SALES: (50,000 TO 249,999 $)",CROP TOTALS - OPERATIONS WITH SALES,SALES,CENSUS
,UNITED STATES,96784,HI,15,YEAR,,ALL UTILIZATION PRACTICES,SALES,ANNUAL,,2017,OPERATIONS,,15,,,00,,00,1,96784,00000000,ALL CLASSES,,ZIP CODE,HAWAII,9000,2018-02-01 12:00:00.000,CROPS,,ALL PRODUCTION PRACTICES,CROP TOTALS,,CROP TOTALS,"SALES: (50,000 TO 249,999 $)",CROP TOTALS - OPERATIONS WITH SALES,SALES,CENSUS
,UNITED STATES,96784,HI,15,YEAR,,ALL UTILIZATION PRACTICES,SALES,ANNUAL,,2007,OPERATIONS,,15,,,00,,00,1,96784,00000000,ALL CLASSES,,ZIP CODE,HAWAII,9000,2012-01-01 00:00:00.000,CROPS,,ALL PRODUCTION PRACTICES,CROP TOTALS,,CROP TOTALS,"SALES: (50,000 TO 249,999 $)",CROP TOTALS - OPERATIONS WITH SALES,SALES,CENSUS
,UNITED STATES,96785,HI,15,YEAR,,ALL UTILIZATION PRACTICES,SALES,ANNUAL,,2022,OPERATIONS,,15,,,00,,00,3,96785,00000000,ALL CLASSES,,ZIP CODE,HAWAII,9000,2024-11-07 12:00:00.000,CROPS,,ALL PRODUCTION PRACTICES,CROP TOTALS,,CROP TOTALS,"SALES: (50,000 TO 249,999 $)",CROP TOTALS - OPERATIONS WITH SALES,SALES,CENSUS
,UNITED STATES,96785,HI,15,YEAR,,ALL UTILIZATION PRACTICES,SALES,ANNUAL,,2017,OPERATIONS,,15,,,00,,00,2,96785,00000000,ALL CLASSES,,ZIP CODE,HAWAII,9000,2018-02-01 12:00:00.000,CROPS,,ALL PRODUCTION PRACTICES,CROP TOTALS,,CROP TOTALS,"SALES: (50,000 TO 249,999 $)",CROP TOTALS - OPERATIONS WITH SALES,SALES,CENSUS
,UNITED STATES,96785,HI,15,YEAR,,ALL UTILIZATION PRACTICES,SALES,ANNUAL,,2007,OPERATIONS,,15,,,00,,00,5,96785,00000000,ALL CLASSES,,ZIP CODE,HAWAII,9000,2012-01-01 00:00:00.000,CROPS,,ALL PRODUCTION PRACTICES,CROP TOTALS,,CROP TOTALS,"SALES: (50,000 TO 249,999 $)",CROP TOTALS - OPERATIONS WITH SALES,SALES,CENSUS
,UNITED STATES,96786,HI,15,YEAR,,ALL UTILIZATION PRACTICES,SALES,ANNUAL,,2022,OPERATIONS,,15,,,00,,00,3,96786,00000000,ALL CLASSES,,ZIP CODE,HAWAII,9000,2024-11-07 12:00:00.000,CROPS,,ALL PRODUCTION PRACTICES,CROP TOTALS,,CROP TOTALS,"SALES: (50,000 TO 249,999 $)",CROP TOTALS - OPERATIONS WITH SALES,SALES,CENSUS
,UNITED STATES,96786,HI,15,YEAR,,ALL UTILIZATION PRACTICES,SALES,ANNUAL,,2017,OPERATIONS,,15,,,00,,00,5,96786,00000000,ALL CLASSES,,ZIP CODE,HAWAII,9000,2018-02-01 12:00:00.000,CROPS,,ALL PRODUCTION PRACTICES,CROP TOTALS,,CROP TOTALS,"SALES: (50,000 TO 249,999 $)",CROP TOTALS - OPERATIONS WITH SALES,SALES,CENSUS
,UNITED STATES,96786,HI,15,YEAR,,ALL UTILIZATION PRACTICES,SALES,ANNUAL,,2007,OPERATIONS,,15,,,00,,00,2,96786,00000000,ALL CLASSES,,ZIP CODE,HAWAII,9000,2012-01-01 00:00:00.000,CROPS,,ALL PRODUCTION PRACTICES,CROP TOTALS,,CROP TOTALS,"SALES: (50,000 TO 249,999 $)",CROP TOTALS - OPERATIONS WITH SALES,SALES,CENSUS
,UNITED STATES,96788,HI,15,YEAR,,ALL UTILIZATION PRACTICES,SALES,ANNUAL,,2017,OPERATIONS,,15,,,00,,00,1,96788,00000000,ALL CLASSES,,ZIP CODE,HAWAII,9000,2018-02-01 12:00:00.000,CROPS,,ALL PRODUCTION PRACTICES,CROP TOTALS,,CROP TOTALS,"SALES: (50,000 TO 249,999 $)",CROP TOTALS - OPERATIONS WITH SALES,SALES,CENSUS
,UNITED STATES,96788,HI,15,YEAR,,ALL UTILIZATION PRACTICES,SALES,ANNUAL,,2007,OPERATIONS,,15,,,00,,00,1,96788,00000000,ALL CLASSES,,ZIP CODE,HAWAII,9000,2012-01-01 00:00:00.000,CROPS,,ALL PRODUCTION PRACTICES,CROP TOTALS,,CROP TOTALS,"SALES: (50,000 TO 249,999 $)",CROP TOTALS - OPERATIONS WITH SALES,SALES,CENSUS
,UNITED STATES,96789,HI,15,YEAR,,ALL UTILIZATION PRACTICES,SALES,ANNUAL,,2022,OPERATIONS,,15,,,00,,00,6,96789,00000000,ALL CLASSES,,ZIP CODE,HAWAII,9000,2024-11-07 12:00:00.000,CROPS,,ALL PRODUCTION PRACTICES,CROP TOTALS,,CROP TOTALS,"SALES: (50,000 TO 249,999 $)",CROP TOTALS - OPERATIONS WITH SALES,SALES,CENSUS
,UNITED STATES,96789,HI,15,YEAR,,ALL UTILIZATION PRACTICES,SALES,ANNUAL,,2007,OPERATIONS,,15,,,00,,00,9,96789,00000000,ALL CLASSES,,ZIP CODE,HAWAII,9000,2012-01-01 00:00:00.000,CROPS,,ALL PRODUCTION PRACTICES,CROP TOTALS,,CROP TOTALS,"SALES: (50,000 TO 249,999 $)",CROP TOTALS - OPERATIONS WITH SALES,SALES,CENSUS
,UNITED STATES,96790,HI,15,YEAR,,ALL UTILIZATION PRACTICES,SALES,ANNUAL,,2022,OPERATIONS,,15,,,00,,00,37,96790,00000000,ALL CLASSES,,ZIP CODE,HAWAII,9000,2024-11-07 12:00:00.000,CROPS,,ALL PRODUCTION PRACTICES,CROP TOTALS,,CROP TOTALS,"SALES: (50,000 TO 249,999 $)",CROP TOTALS - OPERATIONS WITH SALES,SALES,CENSUS
,UNITED STATES,96790,HI,15,YEAR,,ALL UTILIZATION PRACTICES,SALES,ANNUAL,,2017,OPERATIONS,,15,,,00,,00,29,96790,00000000,ALL CLASSES,,ZIP CODE,HAWAII,9000,2018-02-01 12:00:00.000,CROPS,,ALL PRODUCTION PRACTICES,CROP TOTALS,,CROP TOTALS,"SALES: (50,000 TO 249,999 $)",CROP TOTALS - OPERATIONS WITH SALES,SALES,CENSUS
,UNITED STATES,96790,HI,15,YEAR,,ALL UTILIZATION PRACTICES,SALES,ANNUAL,,2007,OPERATIONS,,15,,,00,,00,20,96790,00000000,ALL CLASSES,,ZIP CODE,HAWAII,9000,2012-01-01 00:00:00.000,CROPS,,ALL PRODUCTION PRACTICES,CROP TOTALS,,CROP TOTALS,"SALES: (50,000 TO 249,999 $)",CROP TOTALS - OPERATIONS WITH SALES,SALES,CENSUS
,UNITED STATES,96791,HI,15,YEAR,,ALL UTILIZATION PRACTICES,SALES,ANNUAL,,2022,OPERATIONS,,15,,,00,,00,5,96791,00000000,ALL CLASSES,,ZIP CODE,HAWAII,9000,2024-11-07 12:00:00.000,CROPS,,ALL PRODUCTION PRACTICES,CROP TOTALS,,CROP TOTALS,"SALES: (50,000 TO 249,999 $)",CROP TOTALS - OPERATIONS WITH SALES,SALES,CENSUS
,UNITED STATES,96791,HI,15,YEAR,,ALL UTILIZATION PRACTICES,SALES,ANNUAL,,2017,OPERATIONS,,15,,,00,,00,1,96791,00000000,ALL CLASSES,,ZIP CODE,HAWAII,9000,2018-02-01 12:00:00.000,CROPS,,ALL PRODUCTION PRACTICES,CROP TOTALS,,CROP TOTALS,"SALES: (50,000 TO 249,999 $)",CROP TOTALS - OPERATIONS WITH SALES,SALES,CENSUS
,UNITED STATES,96791,HI,15,YEAR,,ALL UTILIZATION PRACTICES,SALES,ANNUAL,,2007,OPERATIONS,,15,,,00,,00,2,96791,00000000,ALL CLASSES,,ZIP CODE,HAWAII,9000,2012-01-01 00:00:00.000,CROPS,,ALL PRODUCTION PRACTICES,CROP TOTALS,,CROP TOTALS,"SALES: (50,000 TO 249,999 $)",CROP TOTALS - OPERATIONS WITH SALES,SALES,CENSUS
,UNITED STATES,96792,HI,15,YEAR,,ALL UTILIZATION PRACTICES,SALES,ANNUAL,,2022,OPERATIONS,,15,,,00,,00,14,96792,00000000,ALL CLASSES,,ZIP CODE,HAWAII,9000,2024-11-07 12:00:00.000,CROPS,,ALL PRODUCTION PRACTICES,CROP TOTALS,,CROP TOTALS,"SALES: (50,000 TO 249,999 $)",CROP TOTALS - OPERATIONS WITH SALES,SALES,CENSUS
,UNITED STATES,96792,HI,15,YEAR,,ALL UTILIZATION PRACTICES,SALES,ANNUAL,,2017,OPERATIONS,,15,,,00,,00,18,96792,00000000,ALL CLASSES,,ZIP CODE,HAWAII,9000,2018-02-01 12:00:00.000,CROPS,,ALL PRODUCTION PRACTICES,CROP TOTALS,,CROP TOTALS,"SALES: (50,000 TO 249,999 $)",CROP TOTALS - OPERATIONS WITH SALES,SALES,CENSUS
,UNITED STATES,96792,HI,15,YEAR,,ALL UTILIZATION PRACTICES,SALES,ANNUAL,,2007,OPERATIONS,,15,,,00,,00,21,96792,00000000,ALL CLASSES,,ZIP CODE,HAWAII,9000,2012-01-01 00:00:00.000,CROPS,,ALL PRODUCTION PRACTICES,CROP TOTALS,,CROP TOTALS,"SALES: (50,000 TO 249,999 $)",CROP TOTALS - OPERATIONS WITH SALES,SALES,CENSUS
,UNITED STATES,96793,HI,15,YEAR,,ALL UTILIZATION PRACTICES,SALES,ANNUAL,,2022,OPERATIONS,,15,,,00,,00,1,96793,00000000,ALL CLASSES,,ZIP CODE,HAWAII,9000,2024-11-07 12:00:00.000,CROPS,,ALL PRODUCTION PRACTICES,CROP TOTALS,,CROP TOTALS,"SALES: (50,000 TO 249,999 $)",CROP TOTALS - OPERATIONS WITH SALES,SALES,CENSUS
,UNITED STATES,96793,HI,15,YEAR,,ALL UTILIZATION PRACTICES,SALES,ANNUAL,,2017,OPERATIONS,,15,,,00,,00,18,96793,00000000,ALL CLASSES,,ZIP CODE,HAWAII,9000,2018-02-01 12:00:00.000,CROPS,,ALL PRODUCTION PRACTICES,CROP TOTALS,,CROP TOTALS,"SALES: (50,000 TO 249,999 $)",CROP TOTALS - OPERATIONS WITH SALES,SALES,CENSUS
,UNITED STATES,96793,HI,15,YEAR,,ALL UTILIZATION PRACTICES,SALES,ANNUAL,,2007,OPERATIONS,,15,,,00,,00,7,96793,00000000,ALL CLASSES,,ZIP CODE,HAWAII,9000,2012-01-01 00:00:00.000,CROPS,,ALL PRODUCTION PRACTICES,CROP TOTALS,,CROP TOTALS,"SALES: (50,000 TO 249,999 $)",CROP TOTALS - OPERATIONS WITH SALES,SALES,CENSUS
,UNITED STATES,96795,HI,15,YEAR,,ALL UTILIZATION PRACTICES,SALES,ANNUAL,,2022,OPERATIONS,,15,,,00,,00,9,96795,00000000,ALL CLASSES,,ZIP CODE,HAWAII,9000,2024-11-07 12:00:00.000,CROPS,,ALL PRODUCTION PRACTICES,CROP TOTALS,,CROP TOTALS,"SALES: (50,000 TO 249,999 $)",CROP TOTALS - OPERATIONS WITH SALES,SALES,CENSUS
,UNITED STATES,96795,HI,15,YEAR,,ALL UTILIZATION PRACTICES,SALES,ANNUAL,,2017,OPERATIONS,,15,,,00,,00,12,96795,00000000,ALL CLASSES,,ZIP CODE,HAWAII,9000,2018-02-01 12:00:00.000,CROPS,,ALL PRODUCTION PRACTICES,CROP TOTALS,,CROP TOTALS,"SALES: (50,000 TO 249,999 $)",CROP TOTALS - OPERATIONS WITH SALES,SALES,CENSUS
,UNITED STATES,96795,HI,15,YEAR,,ALL UTILIZATION PRACTICES,SALES,ANNUAL,,2007,OPERATIONS,,15,,,00,,00,17,96795,00000000,ALL CLASSES,,ZIP CODE,HAWAII,9000,2012-01-01 00:00:00.000,CROPS,,ALL PRODUCTION PRACTICES,CROP TOTALS,,CROP TOTALS,"SALES: (50,000 TO 249,999 $)",CROP TOTALS - OPERATIONS WITH SALES,SALES,CENSUS
,UNITED STATES,96797,HI,15,YEAR,,ALL UTILIZATION PRACTICES,SALES,ANNUAL,,2022,OPERATIONS,,15,,,00,,00,2,96797,00000000,ALL CLASSES,,ZIP CODE,HAWAII,9000,2024-11-07 12:00:00.000,CROPS,,ALL PRODUCTION PRACTICES,CROP TOTALS,,CROP TOTALS,"SALES: (50,000 TO 249,999 $)",CROP TOTALS - OPERATIONS WITH SALES,SALES,CENSUS
,UNITED STATES,96797,HI,15,YEAR,,ALL UTILIZATION PRACTICES,SALES,ANNUAL,,2017,OPERATIONS,,15,,,00,,00,11,96797,00000000,ALL CLASSES,,ZIP CODE,HAWAII,9000,2018-02-01 12:00:00.000,CROPS,,ALL PRODUCTION PRACTICES,CROP TOTALS,,CROP TOTALS,"SALES: (50,000 TO 249,999 $)",CROP TOTALS - OPERATIONS WITH SALES,SALES,CENSUS
,UNITED STATES,96797,HI,15,YEAR,,ALL UTILIZATION PRACTICES,SALES,ANNUAL,,2007,OPERATIONS,,15,,,00,,00,4,96797,00000000,ALL CLASSES,,ZIP CODE,HAWAII,9000,2012-01-01 00:00:00.000,CROPS,,ALL PRODUCTION PRACTICES,CROP TOTALS,,CROP TOTALS,"SALES: (50,000 TO 249,999 $)",CROP TOTALS - OPERATIONS WITH SALES,SALES,CENSUS
,UNITED STATES,96814,HI,15,YEAR,,ALL UTILIZATION PRACTICES,SALES,ANNUAL,,2022,OPERATIONS,,15,,,00,,00,2,96814,00000000,ALL CLASSES,,ZIP CODE,HAWAII,9000,2024-11-07 12:00:00.000,CROPS,,ALL PRODUCTION PRACTICES,CROP TOTALS,,CROP TOTALS,"SALES: (50,000 TO 249,999 $)",CROP TOTALS - OPERATIONS WITH SALES,SALES,CENSUS
,UNITED STATES,96815,HI,15,YEAR,,ALL UTILIZATION PRACTICES,SALES,ANNUAL,,2007,OPERATIONS,,15,,,00,,00,4,96815,00000000,ALL CLASSES,,ZIP CODE,HAWAII,9000,2012-01-01 00:00:00.000,CROPS,,ALL PRODUCTION PRACTICES,CROP TOTALS,,CROP TOTALS,"SALES: (50,000 TO 249,999 $)",CROP TOTALS - OPERATIONS WITH SALES,SALES,CENSUS
,UNITED STATES,96816,HI,15,YEAR,,ALL UTILIZATION PRACTICES,SALES,ANNUAL,,2022,OPERATIONS,,15,,,00,,00,2,96816,00000000,ALL CLASSES,,ZIP CODE,HAWAII,9000,2024-11-07 12:00:00.000,CROPS,,ALL PRODUCTION PRACTICES,CROP TOTALS,,CROP TOTALS,"SALES: (50,000 TO 249,999 $)",CROP TOTALS - OPERATIONS WITH SALES,SALES,CENSUS
,UNITED STATES,96816,HI,15,YEAR,,ALL UTILIZATION PRACTICES,SALES,ANNUAL,,2017,OPERATIONS,,15,,,00,,00,1,96816,00000000,ALL CLASSES,,ZIP CODE,HAWAII,9000,2018-02-01 12:00:00.000,CROPS,,ALL PRODUCTION PRACTICES,CROP TOTALS,,CROP TOTALS,"SALES: (50,000 TO 249,999 $)",CROP TOTALS - OPERATIONS WITH SALES,SALES,CENSUS
,UNITED STATES,96816,HI,15,YEAR,,ALL UTILIZATION PRACTICES,SALES,ANNUAL,,2007,OPERATIONS,,15,,,00,,00,4,96816,00000000,ALL CLASSES,,ZIP CODE,HAWAII,9000,2012-01-01 00:00:00.000,CROPS,,ALL PRODUCTION PRACTICES,CROP TOTALS,,CROP TOTALS,"SALES: (50,000 TO 249,999 $)",CROP TOTALS - OPERATIONS WITH SALES,SALES,CENSUS
,UNITED STATES,96817,HI,15,YEAR,,ALL UTILIZATION PRACTICES,SALES,ANNUAL,,2022,OPERATIONS,,15,,,00,,00,2,96817,00000000,ALL CLASSES,,ZIP CODE,HAWAII,9000,2024-11-07 12:00:00.000,CROPS,,ALL PRODUCTION PRACTICES,CROP TOTALS,,CROP TOTALS,"SALES: (50,000 TO 249,999 $)",CROP TOTALS - OPERATIONS WITH SALES,SALES,CENSUS
,UNITED STATES,96817,HI,15,YEAR,,ALL UTILIZATION PRACTICES,SALES,ANNUAL,,2017,OPERATIONS,,15,,,00,,00,1,96817,00000000,ALL CLASSES,,ZIP CODE,HAWAII,9000,2018-02-01 12:00:00.000,CROPS,,ALL PRODUCTION PRACTICES,CROP TOTALS,,CROP TOTALS,"SALES: (50,000 TO 249,999 $)",CROP TOTALS - OPERATIONS WITH SALES,SALES,CENSUS
,UNITED STATES,96819,HI,15,YEAR,,ALL UTILIZATION PRACTICES,SALES,ANNUAL,,2022,OPERATIONS,,15,,,00,,00,1,96819,00000000,ALL CLASSES,,ZIP CODE,HAWAII,9000,2024-11-07 12:00:00.000,CROPS,,ALL PRODUCTION PRACTICES,CROP TOTALS,,CROP TOTALS,"SALES: (50,000 TO 249,999 $)",CROP TOTALS - OPERATIONS WITH SALES,SALES,CENSUS
,UNITED STATES,96819,HI,15,YEAR,,ALL UTILIZATION PRACTICES,SALES,ANNUAL,,2017,OPERATIONS,,15,,,00,,00,6,96819,00000000,ALL CLASSES,,ZIP CODE,HAWAII,9000,2018-02-01 12:00:00.000,CROPS,,ALL PRODUCTION PRACTICES,CROP TOTALS,,CROP TOTALS,"SALES: (50,000 TO 249,999 $)",CROP TOTALS - OPERATIONS WITH SALES,SALES,CENSUS
,UNITED STATES,96819,HI,15,YEAR,,ALL UTILIZATION PRACTICES,SALES,ANNUAL,,2007,OPERATIONS,,15,,,00,,00,6,96819,00000000,ALL CLASSES,,ZIP CODE,HAWAII,9000,2012-01-01 00:00:00.000,CROPS,,ALL PRODUCTION PRACTICES,CROP TOTALS,,CROP TOTALS,"SALES: (50,000 TO 249,999 $)",CROP TOTALS - OPERATIONS WITH SALES,SALES,CENSUS
,UNITED STATES,96820,HI,15,YEAR,,ALL UTILIZATION PRACTICES,SALES,ANNUAL,,2017,OPERATIONS,,15,,,00,,00,2,96820,00000000,ALL CLASSES,,ZIP CODE,HAWAII,9000,2018-02-01 12:00:00.000,CROPS,,ALL PRODUCTION PRACTICES,CROP TOTALS,,CROP TOTALS,"SALES: (50,000 TO 249,999 $)",CROP TOTALS - OPERATIONS WITH SALES,SALES,CENSUS
,UNITED STATES,96820,HI,15,YEAR,,ALL UTILIZATION PRACTICES,SALES,ANNUAL,,2007,OPERATIONS,,15,,,00,,00,1,96820,00000000,ALL CLASSES,,ZIP CODE,HAWAII,9000,2012-01-01 00:00:00.000,CROPS,,ALL PRODUCTION PRACTICES,CROP TOTALS,,CROP TOTALS,"SALES: (50,000 TO 249,999 $)",CROP TOTALS - OPERATIONS WITH SALES,SALES,CENSUS
,UNITED STATES,96821,HI,15,YEAR,,ALL UTILIZATION PRACTICES,SALES,ANNUAL,,2022,OPERATIONS,,15,,,00,,00,2,96821,00000000,ALL CLASSES,,ZIP CODE,HAWAII,9000,2024-11-07 12:00:00.000,CROPS,,ALL PRODUCTION PRACTICES,CROP TOTALS,,CROP TOTALS,"SALES: (50,000 TO 249,999 $)",CROP TOTALS - OPERATIONS WITH SALES,SALES,CENSUS
,UNITED STATES,96821,HI,15,YEAR,,ALL UTILIZATION PRACTICES,SALES,ANNUAL,,2017,OPERATIONS,,15,,,00,,00,4,96821,00000000,ALL CLASSES,,ZIP CODE,HAWAII,9000,2018-02-01 12:00:00.000,CROPS,,ALL PRODUCTION PRACTICES,CROP TOTALS,,CROP TOTALS,"SALES: (50,000 TO 249,999 $)",CROP TOTALS - OPERATIONS WITH SALES,SALES,CENSUS
,UNITED STATES,96822,HI,15,YEAR,,ALL UTILIZATION PRACTICES,SALES,ANNUAL,,2022,OPERATIONS,,15,,,00,,00,3,96822,00000000,ALL CLASSES,,ZIP CODE,HAWAII,9000,2024-11-07 12:00:00.000,CROPS,,ALL PRODUCTION PRACTICES,CROP TOTALS,,CROP TOTALS,"SALES: (50,000 TO 249,999 $)",CROP TOTALS - OPERATIONS WITH SALES,SALES,CENSUS
,UNITED STATES,96822,HI,15,YEAR,,ALL UTILIZATION PRACTICES,SALES,ANNUAL,,2017,OPERATIONS,,15,,,00,,00,2,96822,00000000,ALL CLASSES,,ZIP CODE,HAWAII,9000,2018-02-01 12:00:00.000,CROPS,,ALL PRODUCTION PRACTICES,CROP TOTALS,,CROP TOTALS,"SALES: (50,000 TO 249,999 $)",CROP TOTALS - OPERATIONS WITH SALES,SALES,CENSUS
,UNITED STATES,96822,HI,15,YEAR,,ALL UTILIZATION PRACTICES,SALES,ANNUAL,,2007,OPERATIONS,,15,,,00,,00,2,96822,00000000,ALL CLASSES,,ZIP CODE,HAWAII,9000,2012-01-01 00:00:00.000,CROPS,,ALL PRODUCTION PRACTICES,CROP TOTALS,,CROP TOTALS,"SALES: (50,000 TO 249,999 $)",CROP TOTALS - OPERATIONS WITH SALES,SALES,CENSUS
,UNITED STATES,96825,HI,15,YEAR,,ALL UTILIZATION PRACTICES,SALES,ANNUAL,,2022,OPERATIONS,,15,,,00,,00,9,96825,00000000,ALL CLASSES,,ZIP CODE,HAWAII,9000,2024-11-07 12:00:00.000,CROPS,,ALL PRODUCTION PRACTICES,CROP TOTALS,,CROP TOTALS,"SALES: (50,000 TO 249,999 $)",CROP TOTALS - OPERATIONS WITH SALES,SALES,CENSUS
,UNITED STATES,96825,HI,15,YEAR,,ALL UTILIZATION PRACTICES,SALES,ANNUAL,,2017,OPERATIONS,,15,,,00,,00,3,96825,00000000,ALL CLASSES,,ZIP CODE,HAWAII,9000,2018-02-01 12:00:00.000,CROPS,,ALL PRODUCTION PRACTICES,CROP TOTALS,,CROP TOTALS,"SALES: (50,000 TO 249,999 $)",CROP TOTALS - OPERATIONS WITH SALES,SALES,CENSUS
,UNITED STATES,96825,HI,15,YEAR,,ALL UTILIZATION PRACTICES,SALES,ANNUAL,,2007,OPERATIONS,,15,,,00,,00,3,96825,00000000,ALL CLASSES,,ZIP CODE,HAWAII,9000,2012-01-01 00:00:00.000,CROPS,,ALL PRODUCTION PRACTICES,CROP TOTALS,,CROP TOTALS,"SALES: (50,000 TO 249,999 $)",CROP TOTALS - OPERATIONS WITH SALES,SALES,CENSUS
,UNITED STATES,99999,HI,15,YEAR,,ALL UTILIZATION PRACTICES,SALES,ANNUAL,,2022,OPERATIONS,,15,,,00,,00,14,99999,00000000,ALL CLASSES,,ZIP CODE,HAWAII,9000,2024-11-07 12:00:00.000,CROPS,,ALL PRODUCTION PRACTICES,CROP TOTALS,,CROP TOTALS,"SALES: (50,000 TO 249,999 $)",CROP TOTALS - OPERATIONS WITH SALES,SALES,CENSUS
,UNITED STATES,99999,HI,15,YEAR,,ALL UTILIZATION PRACTICES,SALES,ANNUAL,,2017,OPERATIONS,,15,,,00,,00,11,99999,00000000,ALL CLASSES,,ZIP CODE,HAWAII,9000,2018-02-01 12:00:00.000,CROPS,,ALL PRODUCTION PRACTICES,CROP TOTALS,,CROP TOTALS,"SALES: (50,000 TO 249,999 $)",CROP TOTALS - OPERATIONS WITH SALES,SALES,CENSUS
,UNITED STATES,99999,HI,15,YEAR,,ALL UTILIZATION PRACTICES,SALES,ANNUAL,,2007,OPERATIONS,,15,,,00,,00,17,99999,00000000,ALL CLASSES,,ZIP CODE,HAWAII,9000,2012-01-01 00:00:00.000,CROPS,,ALL PRODUCTION PRACTICES,CROP TOTALS,,CROP TOTALS,"SALES: (50,000 TO 249,999 $)",CROP TOTALS - OPERATIONS WITH SALES,SALES,CENSUS
,UNITED STATES,HAWAII,HI,15,YEAR,,ALL UTILIZATION PRACTICES,SALES,ANNUAL,,2007,OPERATIONS,,15,,,00,,00,"4,638",,00000000,ALL CLASSES,,STATE,HAWAII,9000,2012-01-01 00:00:00.000,CROPS,,ALL PRODUCTION PRACTICES,CROP TOTALS,,CROP TOTALS,"SALES: (LESS THAN 50,000 $)",CROP TOTALS - OPERATIONS WITH SALES,SALES,CENSUS
,UNITED STATES,96701,HI,15,YEAR,,ALL UTILIZATION PRACTICES,SALES,ANNUAL,,2022,OPERATIONS,,15,,,00,,00,20,96701,00000000,ALL CLASSES,,ZIP CODE,HAWAII,9000,2024-11-07 12:00:00.000,CROPS,,ALL PRODUCTION PRACTICES,CROP TOTALS,,CROP TOTALS,"SALES: (LESS THAN 50,000 $)",CROP TOTALS - OPERATIONS WITH SALES,SALES,CENSUS
,UNITED STATES,96701,HI,15,YEAR,,ALL UTILIZATION PRACTICES,SALES,ANNUAL,,2017,OPERATIONS,,15,,,00,,00,10,96701,00000000,ALL CLASSES,,ZIP CODE,HAWAII,9000,2018-02-01 12:00:00.000,CROPS,,ALL PRODUCTION PRACTICES,CROP TOTALS,,CROP TOTALS,"SALES: (LESS THAN 50,000 $)",CROP TOTALS - OPERATIONS WITH SALES,SALES,CENSUS
,UNITED STATES,96701,HI,15,YEAR,,ALL UTILIZATION PRACTICES,SALES,ANNUAL,,2007,OPERATIONS,,15,,,00,,00,17,96701,00000000,ALL CLASSES,,ZIP CODE,HAWAII,9000,2012-01-01 00:00:00.000,CROPS,,ALL PRODUCTION PRACTICES,CROP TOTALS,,CROP TOTALS,"SALES: (LESS THAN 50,000 $)",CROP TOTALS - OPERATIONS WITH SALES,SALES,CENSUS
,UNITED STATES,96703,HI,15,YEAR,,ALL UTILIZATION PRACTICES,SALES,ANNUAL,,2022,OPERATIONS,,15,,,00,,00,22,96703,00000000,ALL CLASSES,,ZIP CODE,HAWAII,9000,2024-11-07 12:00:00.000,CROPS,,ALL PRODUCTION PRACTICES,CROP TOTALS,,CROP TOTALS,"SALES: (LESS THAN 50,000 $)",CROP TOTALS - OPERATIONS WITH SALES,SALES,CENSUS
,UNITED STATES,96703,HI,15,YEAR,,ALL UTILIZATION PRACTICES,SALES,ANNUAL,,2017,OPERATIONS,,15,,,00,,00,46,96703,00000000,ALL CLASSES,,ZIP CODE,HAWAII,9000,2018-02-01 12:00:00.000,CROPS,,ALL PRODUCTION PRACTICES,CROP TOTALS,,CROP TOTALS,"SALES: (LESS THAN 50,000 $)",CROP TOTALS - OPERATIONS WITH SALES,SALES,CENSUS
,UNITED STATES,96703,HI,15,YEAR,,ALL UTILIZATION PRACTICES,SALES,ANNUAL,,2007,OPERATIONS,,15,,,00,,00,35,96703,00000000,ALL CLASSES,,ZIP CODE,HAWAII,9000,2012-01-01 00:00:00.000,CROPS,,ALL PRODUCTION PRACTICES,CROP TOTALS,,CROP TOTALS,"SALES: (LESS THAN 50,000 $)",CROP TOTALS - OPERATIONS WITH SALES,SALES,CENSUS
,UNITED STATES,96704,HI,15,YEAR,,ALL UTILIZATION PRACTICES,SALES,ANNUAL,,2022,OPERATIONS,,15,,,00,,00,282,96704,00000000,ALL CLASSES,,ZIP CODE,HAWAII,9000,2024-11-07 12:00:00.000,CROPS,,ALL PRODUCTION PRACTICES,CROP TOTALS,,CROP TOTALS,"SALES: (LESS THAN 50,000 $)",CROP TOTALS - OPERATIONS WITH SALES,SALES,CENSUS
,UNITED STATES,96704,HI,15,YEAR,,ALL UTILIZATION PRACTICES,SALES,ANNUAL,,2017,OPERATIONS,,15,,,00,,00,390,96704,00000000,ALL CLASSES,,ZIP CODE,HAWAII,9000,2018-02-01 12:00:00.000,CROPS,,ALL PRODUCTION PRACTICES,CROP TOTALS,,CROP TOTALS,"SALES: (LESS THAN 50,000 $)",CROP TOTALS - OPERATIONS WITH SALES,SALES,CENSUS
,UNITED STATES,96704,HI,15,YEAR,,ALL UTILIZATION PRACTICES,SALES,ANNUAL,,2007,OPERATIONS,,15,,,00,,00,396,96704,00000000,ALL CLASSES,,ZIP CODE,HAWAII,9000,2012-01-01 00:00:00.000,CROPS,,ALL PRODUCTION PRACTICES,CROP TOTALS,,CROP TOTALS,"SALES: (LESS THAN 50,000 $)",CROP TOTALS - OPERATIONS WITH SALES,SALES,CENSUS
,UNITED STATES,96705,HI,15,YEAR,,ALL UTILIZATION PRACTICES,SALES,ANNUAL,,2022,OPERATIONS,,15,,,00,,00,1,96705,00000000,ALL CLASSES,,ZIP CODE,HAWAII,9000,2024-11-07 12:00:00.000,CROPS,,ALL PRODUCTION PRACTICES,CROP TOTALS,,CROP TOTALS,"SALES: (LESS THAN 50,000 $)",CROP TOTALS - OPERATIONS WITH SALES,SALES,CENSUS
,UNITED STATES,96705,HI,15,YEAR,,ALL UTILIZATION PRACTICES,SALES,ANNUAL,,2007,OPERATIONS,,15,,,00,,00,7,96705,00000000,ALL CLASSES,,ZIP CODE,HAWAII,9000,2012-01-01 00:00:00.000,CROPS,,ALL PRODUCTION PRACTICES,CROP TOTALS,,CROP TOTALS,"SALES: (LESS THAN 50,000 $)",CROP TOTALS - OPERATIONS WITH SALES,SALES,CENSUS
,UNITED STATES,96706,HI,15,YEAR,,ALL UTILIZATION PRACTICES,SALES,ANNUAL,,2022,OPERATIONS,,15,,,00,,00,13,96706,00000000,ALL CLASSES,,ZIP CODE,HAWAII,9000,2024-11-07 12:00:00.000,CROPS,,ALL PRODUCTION PRACTICES,CROP TOTALS,,CROP TOTALS,"SALES: (LESS THAN 50,000 $)",CROP TOTALS - OPERATIONS WITH SALES,SALES,CENSUS
,UNITED STATES,96706,HI,15,YEAR,,ALL UTILIZATION PRACTICES,SALES,ANNUAL,,2017,OPERATIONS,,15,,,00,,00,12,96706,00000000,ALL CLASSES,,ZIP CODE,HAWAII,9000,2018-02-01 12:00:00.000,CROPS,,ALL PRODUCTION PRACTICES,CROP TOTALS,,CROP TOTALS,"SALES: (LESS THAN 50,000 $)",CROP TOTALS - OPERATIONS WITH SALES,SALES,CENSUS
,UNITED STATES,96706,HI,15,YEAR,,ALL UTILIZATION PRACTICES,SALES,ANNUAL,,2007,OPERATIONS,,15,,,00,,00,10,96706,00000000,ALL CLASSES,,ZIP CODE,HAWAII,9000,2012-01-01 00:00:00.000,CROPS,,ALL PRODUCTION PRACTICES,CROP TOTALS,,CROP TOTALS,"SALES: (LESS THAN 50,000 $)",CROP TOTALS - OPERATIONS WITH SALES,SALES,CENSUS
,UNITED STATES,96707,HI,15,YEAR,,ALL UTILIZATION PRACTICES,SALES,ANNUAL,,2022,OPERATIONS,,15,,,00,,00,13,96707,00000000,ALL CLASSES,,ZIP CODE,HAWAII,9000,2024-11-07 12:00:00.000,CROPS,,ALL PRODUCTION PRACTICES,CROP TOTALS,,CROP TOTALS,"SALES: (LESS THAN 50,000 $)",CROP TOTALS - OPERATIONS WITH SALES,SALES,CENSUS
,UNITED STATES,96707,HI,15,YEAR,,ALL UTILIZATION PRACTICES,SALES,ANNUAL,,2017,OPERATIONS,,15,,,00,,00,6,96707,00000000,ALL CLASSES,,ZIP CODE,HAWAII,9000,2018-02-01 12:00:00.000,CROPS,,ALL PRODUCTION PRACTICES,CROP TOTALS,,CROP TOTALS,"SALES: (LESS THAN 50,000 $)",CROP TOTALS - OPERATIONS WITH SALES,SALES,CENSUS
,UNITED STATES,96707,HI,15,YEAR,,ALL UTILIZATION PRACTICES,SALES,ANNUAL,,2007,OPERATIONS,,15,,,00,,00,8,96707,00000000,ALL CLASSES,,ZIP CODE,HAWAII,9000,2012-01-01 00:00:00.000,CROPS,,ALL PRODUCTION PRACTICES,CROP TOTALS,,CROP TOTALS,"SALES: (LESS THAN 50,000 $)",CROP TOTALS - OPERATIONS WITH SALES,SALES,CENSUS
,UNITED STATES,96708,HI,15,YEAR,,ALL UTILIZATION PRACTICES,SALES,ANNUAL,,2022,OPERATIONS,,15,,,00,,00,150,96708,00000000,ALL CLASSES,,ZIP CODE,HAWAII,9000,2024-11-07 12:00:00.000,CROPS,,ALL PRODUCTION PRACTICES,CROP TOTALS,,CROP TOTALS,"SALES: (LESS THAN 50,000 $)",CROP TOTALS - OPERATIONS WITH SALES,SALES,CENSUS
,UNITED STATES,96708,HI,15,YEAR,,ALL UTILIZATION PRACTICES,SALES,ANNUAL,,2017,OPERATIONS,,15,,,00,,00,154,96708,00000000,ALL CLASSES,,ZIP CODE,HAWAII,9000,2018-02-01 12:00:00.000,CROPS,,ALL PRODUCTION PRACTICES,CROP TOTALS,,CROP TOTALS,"SALES: (LESS THAN 50,000 $)",CROP TOTALS - OPERATIONS WITH SALES,SALES,CENSUS
,UNITED STATES,96708,HI,15,YEAR,,ALL UTILIZATION PRACTICES,SALES,ANNUAL,,2007,OPERATIONS,,15,,,00,,00,145,96708,00000000,ALL CLASSES,,ZIP CODE,HAWAII,9000,2012-01-01 00:00:00.000,CROPS,,ALL PRODUCTION PRACTICES,CROP TOTALS,,CROP TOTALS,"SALES: (LESS THAN 50,000 $)",CROP TOTALS - OPERATIONS WITH SALES,SALES,CENSUS
,UNITED STATES,96709,HI,15,YEAR,,ALL UTILIZATION PRACTICES,SALES,ANNUAL,,2007,OPERATIONS,,15,,,00,,00,1,96709,00000000,ALL CLASSES,,ZIP CODE,HAWAII,9000,2012-01-01 00:00:00.000,CROPS,,ALL PRODUCTION PRACTICES,CROP TOTALS,,CROP TOTALS,"SALES: (LESS THAN 50,000 $)",CROP TOTALS - OPERATIONS WITH SALES,SALES,CENSUS
,UNITED STATES,96710,HI,15,YEAR,,ALL UTILIZATION PRACTICES,SALES,ANNUAL,,2022,OPERATIONS,,15,,,00,,00,19,96710,00000000,ALL CLASSES,,ZIP CODE,HAWAII,9000,2024-11-07 12:00:00.000,CROPS,,ALL PRODUCTION PRACTICES,CROP TOTALS,,CROP TOTALS,"SALES: (LESS THAN 50,000 $)",CROP TOTALS - OPERATIONS WITH SALES,SALES,CENSUS
,UNITED STATES,96710,HI,15,YEAR,,ALL UTILIZATION PRACTICES,SALES,ANNUAL,,2017,OPERATIONS,,15,,,00,,00,49,96710,00000000,ALL CLASSES,,ZIP CODE,HAWAII,9000,2018-02-01 12:00:00.000,CROPS,,ALL PRODUCTION PRACTICES,CROP TOTALS,,CROP TOTALS,"SALES: (LESS THAN 50,000 $)",CROP TOTALS - OPERATIONS WITH SALES,SALES,CENSUS
,UNITED STATES,96710,HI,15,YEAR,,ALL UTILIZATION PRACTICES,SALES,ANNUAL,,2007,OPERATIONS,,15,,,00,,00,45,96710,00000000,ALL CLASSES,,ZIP CODE,HAWAII,9000,2012-01-01 00:00:00.000,CROPS,,ALL PRODUCTION PRACTICES,CROP TOTALS,,CROP TOTALS,"SALES: (LESS THAN 50,000 $)",CROP TOTALS - OPERATIONS WITH SALES,SALES,CENSUS
,UNITED STATES,96712,HI,15,YEAR,,ALL UTILIZATION PRACTICES,SALES,ANNUAL,,2022,OPERATIONS,,15,,,00,,00,60,96712,00000000,ALL CLASSES,,ZIP CODE,HAWAII,9000,2024-11-07 12:00:00.000,CROPS,,ALL PRODUCTION PRACTICES,CROP TOTALS,,CROP TOTALS,"SALES: (LESS THAN 50,000 $)",CROP TOTALS - OPERATIONS WITH SALES,SALES,CENSUS
,UNITED STATES,96712,HI,15,YEAR,,ALL UTILIZATION PRACTICES,SALES,ANNUAL,,2017,OPERATIONS,,15,,,00,,00,30,96712,00000000,ALL CLASSES,,ZIP CODE,HAWAII,9000,2018-02-01 12:00:00.000,CROPS,,ALL PRODUCTION PRACTICES,CROP TOTALS,,CROP TOTALS,"SALES: (LESS THAN 50,000 $)",CROP TOTALS - OPERATIONS WITH SALES,SALES,CENSUS
,UNITED STATES,96712,HI,15,YEAR,,ALL UTILIZATION PRACTICES,SALES,ANNUAL,,2007,OPERATIONS,,15,,,00,,00,26,96712,00000000,ALL CLASSES,,ZIP CODE,HAWAII,9000,2012-01-01 00:00:00.000,CROPS,,ALL PRODUCTION PRACTICES,CROP TOTALS,,CROP TOTALS,"SALES: (LESS THAN 50,000 $)",CROP TOTALS - OPERATIONS WITH SALES,SALES,CENSUS
,UNITED STATES,96713,HI,15,YEAR,,ALL UTILIZATION PRACTICES,SALES,ANNUAL,,2022,OPERATIONS,,15,,,00,,00,37,96713,00000000,ALL CLASSES,,ZIP CODE,HAWAII,9000,2024-11-07 12:00:00.000,CROPS,,ALL PRODUCTION PRACTICES,CROP TOTALS,,CROP TOTALS,"SALES: (LESS THAN 50,000 $)",CROP TOTALS - OPERATIONS WITH SALES,SALES,CENSUS
,UNITED STATES,96713,HI,15,YEAR,,ALL UTILIZATION PRACTICES,SALES,ANNUAL,,2017,OPERATIONS,,15,,,00,,00,46,96713,00000000,ALL CLASSES,,ZIP CODE,HAWAII,9000,2018-02-01 12:00:00.000,CROPS,,ALL PRODUCTION PRACTICES,CROP TOTALS,,CROP TOTALS,"SALES: (LESS THAN 50,000 $)",CROP TOTALS - OPERATIONS WITH SALES,SALES,CENSUS
,UNITED STATES,96713,HI,15,YEAR,,ALL UTILIZATION PRACTICES,SALES,ANNUAL,,2007,OPERATIONS,,15,,,00,,00,41,96713,00000000,ALL CLASSES,,ZIP CODE,HAWAII,9000,2012-01-01 00:00:00.000,CROPS,,ALL PRODUCTION PRACTICES,CROP TOTALS,,CROP TOTALS,"SALES: (LESS THAN 50,000 $)",CROP TOTALS - OPERATIONS WITH SALES,SALES,CENSUS
,UNITED STATES,96714,HI,15,YEAR,,ALL UTILIZATION PRACTICES,SALES,ANNUAL,,2022,OPERATIONS,,15,,,00,,00,15,96714,00000000,ALL CLASSES,,ZIP CODE,HAWAII,9000,2024-11-07 12:00:00.000,CROPS,,ALL PRODUCTION PRACTICES,CROP TOTALS,,CROP TOTALS,"SALES: (LESS THAN 50,000 $)",CROP TOTALS - OPERATIONS WITH SALES,SALES,CENSUS
,UNITED STATES,96714,HI,15,YEAR,,ALL UTILIZATION PRACTICES,SALES,ANNUAL,,2017,OPERATIONS,,15,,,00,,00,20,96714,00000000,ALL CLASSES,,ZIP CODE,HAWAII,9000,2018-02-01 12:00:00.000,CROPS,,ALL PRODUCTION PRACTICES,CROP TOTALS,,CROP TOTALS,"SALES: (LESS THAN 50,000 $)",CROP TOTALS - OPERATIONS WITH SALES,SALES,CENSUS
,UNITED STATES,96714,HI,15,YEAR,,ALL UTILIZATION PRACTICES,SALES,ANNUAL,,2007,OPERATIONS,,15,,,00,,00,36,96714,00000000,ALL CLASSES,,ZIP CODE,HAWAII,9000,2012-01-01 00:00:00.000,CROPS,,ALL PRODUCTION PRACTICES,CROP TOTALS,,CROP TOTALS,"SALES: (LESS THAN 50,000 $)",CROP TOTALS - OPERATIONS WITH SALES,SALES,CENSUS
,UNITED STATES,96716,HI,15,YEAR,,ALL UTILIZATION PRACTICES,SALES,ANNUAL,,2022,OPERATIONS,,15,,,00,,00,8,96716,00000000,ALL CLASSES,,ZIP CODE,HAWAII,9000,2024-11-07 12:00:00.000,CROPS,,ALL PRODUCTION PRACTICES,CROP TOTALS,,CROP TOTALS,"SALES: (LESS THAN 50,000 $)",CROP TOTALS - OPERATIONS WITH SALES,SALES,CENSUS
,UNITED STATES,96716,HI,15,YEAR,,ALL UTILIZATION PRACTICES,SALES,ANNUAL,,2017,OPERATIONS,,15,,,00,,00,15,96716,00000000,ALL CLASSES,,ZIP CODE,HAWAII,9000,2018-02-01 12:00:00.000,CROPS,,ALL PRODUCTION PRACTICES,CROP TOTALS,,CROP TOTALS,"SALES: (LESS THAN 50,000 $)",CROP TOTALS - OPERATIONS WITH SALES,SALES,CENSUS
,UNITED STATES,96716,HI,15,YEAR,,ALL UTILIZATION PRACTICES,SALES,ANNUAL,,2007,OPERATIONS,,15,,,00,,00,25,96716,00000000,ALL CLASSES,,ZIP CODE,HAWAII,9000,2012-01-01 00:00:00.000,CROPS,,ALL PRODUCTION PRACTICES,CROP TOTALS,,CROP TOTALS,"SALES: (LESS THAN 50,000 $)",CROP TOTALS - OPERATIONS WITH SALES,SALES,CENSUS
,UNITED STATES,96717,HI,15,YEAR,,ALL UTILIZATION PRACTICES,SALES,ANNUAL,,2022,OPERATIONS,,15,,,00,,00,8,96717,00000000,ALL CLASSES,,ZIP CODE,HAWAII,9000,2024-11-07 12:00:00.000,CROPS,,ALL PRODUCTION PRACTICES,CROP TOTALS,,CROP TOTALS,"SALES: (LESS THAN 50,000 $)",CROP TOTALS - OPERATIONS WITH SALES,SALES,CENSUS
,UNITED STATES,96717,HI,15,YEAR,,ALL UTILIZATION PRACTICES,SALES,ANNUAL,,2017,OPERATIONS,,15,,,00,,00,8,96717,00000000,ALL CLASSES,,ZIP CODE,HAWAII,9000,2018-02-01 12:00:00.000,CROPS,,ALL PRODUCTION PRACTICES,CROP TOTALS,,CROP TOTALS,"SALES: (LESS THAN 50,000 $)",CROP TOTALS - OPERATIONS WITH SALES,SALES,CENSUS
,UNITED STATES,96717,HI,15,YEAR,,ALL UTILIZATION PRACTICES,SALES,ANNUAL,,2007,OPERATIONS,,15,,,00,,00,13,96717,00000000,ALL CLASSES,,ZIP CODE,HAWAII,9000,2012-01-01 00:00:00.000,CROPS,,ALL PRODUCTION PRACTICES,CROP TOTALS,,CROP TOTALS,"SALES: (LESS THAN 50,000 $)",CROP TOTALS - OPERATIONS WITH SALES,SALES,CENSUS
,UNITED STATES,96718,HI,15,YEAR,,ALL UTILIZATION PRACTICES,SALES,ANNUAL,,2022,OPERATIONS,,15,,,00,,00,2,96718,00000000,ALL CLASSES,,ZIP CODE,HAWAII,9000,2024-11-07 12:00:00.000,CROPS,,ALL PRODUCTION PRACTICES,CROP TOTALS,,CROP TOTALS,"SALES: (LESS THAN 50,000 $)",CROP TOTALS - OPERATIONS WITH SALES,SALES,CENSUS
,UNITED STATES,96718,HI,15,YEAR,,ALL UTILIZATION PRACTICES,SALES,ANNUAL,,2017,OPERATIONS,,15,,,00,,00,3,96718,00000000,ALL CLASSES,,ZIP CODE,HAWAII,9000,2018-02-01 12:00:00.000,CROPS,,ALL PRODUCTION PRACTICES,CROP TOTALS,,CROP TOTALS,"SALES: (LESS THAN 50,000 $)",CROP TOTALS - OPERATIONS WITH SALES,SALES,CENSUS
,UNITED STATES,96718,HI,15,YEAR,,ALL UTILIZATION PRACTICES,SALES,ANNUAL,,2007,OPERATIONS,,15,,,00,,00,1,96718,00000000,ALL CLASSES,,ZIP CODE,HAWAII,9000,2012-01-01 00:00:00.000,CROPS,,ALL PRODUCTION PRACTICES,CROP TOTALS,,CROP TOTALS,"SALES: (LESS THAN 50,000 $)",CROP TOTALS - OPERATIONS WITH SALES,SALES,CENSUS
,UNITED STATES,96719,HI,15,YEAR,,ALL UTILIZATION PRACTICES,SALES,ANNUAL,,2022,OPERATIONS,,15,,,00,,00,34,96719,00000000,ALL CLASSES,,ZIP CODE,HAWAII,9000,2024-11-07 12:00:00.000,CROPS,,ALL PRODUCTION PRACTICES,CROP TOTALS,,CROP TOTALS,"SALES: (LESS THAN 50,000 $)",CROP TOTALS - OPERATIONS WITH SALES,SALES,CENSUS
,UNITED STATES,96719,HI,15,YEAR,,ALL UTILIZATION PRACTICES,SALES,ANNUAL,,2017,OPERATIONS,,15,,,00,,00,27,96719,00000000,ALL CLASSES,,ZIP CODE,HAWAII,9000,2018-02-01 12:00:00.000,CROPS,,ALL PRODUCTION PRACTICES,CROP TOTALS,,CROP TOTALS,"SALES: (LESS THAN 50,000 $)",CROP TOTALS - OPERATIONS WITH SALES,SALES,CENSUS
,UNITED STATES,96719,HI,15,YEAR,,ALL UTILIZATION PRACTICES,SALES,ANNUAL,,2007,OPERATIONS,,15,,,00,,00,36,96719,00000000,ALL CLASSES,,ZIP CODE,HAWAII,9000,2012-01-01 00:00:00.000,CROPS,,ALL PRODUCTION PRACTICES,CROP TOTALS,,CROP TOTALS,"SALES: (LESS THAN 50,000 $)",CROP TOTALS - OPERATIONS WITH SALES,SALES,CENSUS
,UNITED STATES,96720,HI,15,YEAR,,ALL UTILIZATION PRACTICES,SALES,ANNUAL,,2022,OPERATIONS,,15,,,00,,00,190,96720,00000000,ALL CLASSES,,ZIP CODE,HAWAII,9000,2024-11-07 12:00:00.000,CROPS,,ALL PRODUCTION PRACTICES,CROP TOTALS,,CROP TOTALS,"SALES: (LESS THAN 50,000 $)",CROP TOTALS - OPERATIONS WITH SALES,SALES,CENSUS
,UNITED STATES,96720,HI,15,YEAR,,ALL UTILIZATION PRACTICES,SALES,ANNUAL,,2017,OPERATIONS,,15,,,00,,00,207,96720,00000000,ALL CLASSES,,ZIP CODE,HAWAII,9000,2018-02-01 12:00:00.000,CROPS,,ALL PRODUCTION PRACTICES,CROP TOTALS,,CROP TOTALS,"SALES: (LESS THAN 50,000 $)",CROP TOTALS - OPERATIONS WITH SALES,SALES,CENSUS
,UNITED STATES,96720,HI,15,YEAR,,ALL UTILIZATION PRACTICES,SALES,ANNUAL,,2007,OPERATIONS,,15,,,00,,00,321,96720,00000000,ALL CLASSES,,ZIP CODE,HAWAII,9000,2012-01-01 00:00:00.000,CROPS,,ALL PRODUCTION PRACTICES,CROP TOTALS,,CROP TOTALS,"SALES: (LESS THAN 50,000 $)",CROP TOTALS - OPERATIONS WITH SALES,SALES,CENSUS
,UNITED STATES,96721,HI,15,YEAR,,ALL UTILIZATION PRACTICES,SALES,ANNUAL,,2022,OPERATIONS,,15,,,00,,00,8,96721,00000000,ALL CLASSES,,ZIP CODE,HAWAII,9000,2024-11-07 12:00:00.000,CROPS,,ALL PRODUCTION PRACTICES,CROP TOTALS,,CROP TOTALS,"SALES: (LESS THAN 50,000 $)",CROP TOTALS - OPERATIONS WITH SALES,SALES,CENSUS
,UNITED STATES,96721,HI,15,YEAR,,ALL UTILIZATION PRACTICES,SALES,ANNUAL,,2017,OPERATIONS,,15,,,00,,00,15,96721,00000000,ALL CLASSES,,ZIP CODE,HAWAII,9000,2018-02-01 12:00:00.000,CROPS,,ALL PRODUCTION PRACTICES,CROP TOTALS,,CROP TOTALS,"SALES: (LESS THAN 50,000 $)",CROP TOTALS - OPERATIONS WITH SALES,SALES,CENSUS
,UNITED STATES,96721,HI,15,YEAR,,ALL UTILIZATION PRACTICES,SALES,ANNUAL,,2007,OPERATIONS,,15,,,00,,00,38,96721,00000000,ALL CLASSES,,ZIP CODE,HAWAII,9000,2012-01-01 00:00:00.000,CROPS,,ALL PRODUCTION PRACTICES,CROP TOTALS,,CROP TOTALS,"SALES: (LESS THAN 50,000 $)",CROP TOTALS - OPERATIONS WITH SALES,SALES,CENSUS
,UNITED STATES,96722,HI,15,YEAR,,ALL UTILIZATION PRACTICES,SALES,ANNUAL,,2022,OPERATIONS,,15,,,00,,00,13,96722,00000000,ALL CLASSES,,ZIP CODE,HAWAII,9000,2024-11-07 12:00:00.000,CROPS,,ALL PRODUCTION PRACTICES,CROP TOTALS,,CROP TOTALS,"SALES: (LESS THAN 50,000 $)",CROP TOTALS - OPERATIONS WITH SALES,SALES,CENSUS
,UNITED STATES,96722,HI,15,YEAR,,ALL UTILIZATION PRACTICES,SALES,ANNUAL,,2017,OPERATIONS,,15,,,00,,00,6,96722,00000000,ALL CLASSES,,ZIP CODE,HAWAII,9000,2018-02-01 12:00:00.000,CROPS,,ALL PRODUCTION PRACTICES,CROP TOTALS,,CROP TOTALS,"SALES: (LESS THAN 50,000 $)",CROP TOTALS - OPERATIONS WITH SALES,SALES,CENSUS
,UNITED STATES,96722,HI,15,YEAR,,ALL UTILIZATION PRACTICES,SALES,ANNUAL,,2007,OPERATIONS,,15,,,00,,00,3,96722,00000000,ALL CLASSES,,ZIP CODE,HAWAII,9000,2012-01-01 00:00:00.000,CROPS,,ALL PRODUCTION PRACTICES,CROP TOTALS,,CROP TOTALS,"SALES: (LESS THAN 50,000 $)",CROP TOTALS - OPERATIONS WITH SALES,SALES,CENSUS
,UNITED STATES,96725,HI,15,YEAR,,ALL UTILIZATION PRACTICES,SALES,ANNUAL,,2022,OPERATIONS,,15,,,00,,00,147,96725,00000000,ALL CLASSES,,ZIP CODE,HAWAII,9000,2024-11-07 12:00:00.000,CROPS,,ALL PRODUCTION PRACTICES,CROP TOTALS,,CROP TOTALS,"SALES: (LESS THAN 50,000 $)",CROP TOTALS - OPERATIONS WITH SALES,SALES,CENSUS
,UNITED STATES,96725,HI,15,YEAR,,ALL UTILIZATION PRACTICES,SALES,ANNUAL,,2017,OPERATIONS,,15,,,00,,00,151,96725,00000000,ALL CLASSES,,ZIP CODE,HAWAII,9000,2018-02-01 12:00:00.000,CROPS,,ALL PRODUCTION PRACTICES,CROP TOTALS,,CROP TOTALS,"SALES: (LESS THAN 50,000 $)",CROP TOTALS - OPERATIONS WITH SALES,SALES,CENSUS
,UNITED STATES,96725,HI,15,YEAR,,ALL UTILIZATION PRACTICES,SALES,ANNUAL,,2007,OPERATIONS,,15,,,00,,00,197,96725,00000000,ALL CLASSES,,ZIP CODE,HAWAII,9000,2012-01-01 00:00:00.000,CROPS,,ALL PRODUCTION PRACTICES,CROP TOTALS,,CROP TOTALS,"SALES: (LESS THAN 50,000 $)",CROP TOTALS - OPERATIONS WITH SALES,SALES,CENSUS
,UNITED STATES,96726,HI,15,YEAR,,ALL UTILIZATION PRACTICES,SALES,ANNUAL,,2022,OPERATIONS,,15,,,00,,00,71,96726,00000000,ALL CLASSES,,ZIP CODE,HAWAII,9000,2024-11-07 12:00:00.000,CROPS,,ALL PRODUCTION PRACTICES,CROP TOTALS,,CROP TOTALS,"SALES: (LESS THAN 50,000 $)",CROP TOTALS - OPERATIONS WITH SALES,SALES,CENSUS
,UNITED STATES,96726,HI,15,YEAR,,ALL UTILIZATION PRACTICES,SALES,ANNUAL,,2017,OPERATIONS,,15,,,00,,00,103,96726,00000000,ALL CLASSES,,ZIP CODE,HAWAII,9000,2018-02-01 12:00:00.000,CROPS,,ALL PRODUCTION PRACTICES,CROP TOTALS,,CROP TOTALS,"SALES: (LESS THAN 50,000 $)",CROP TOTALS - OPERATIONS WITH SALES,SALES,CENSUS
,UNITED STATES,96726,HI,15,YEAR,,ALL UTILIZATION PRACTICES,SALES,ANNUAL,,2007,OPERATIONS,,15,,,00,,00,120,96726,00000000,ALL CLASSES,,ZIP CODE,HAWAII,9000,2012-01-01 00:00:00.000,CROPS,,ALL PRODUCTION PRACTICES,CROP TOTALS,,CROP TOTALS,"SALES: (LESS THAN 50,000 $)",CROP TOTALS - OPERATIONS WITH SALES,SALES,CENSUS
,UNITED STATES,96727,HI,15,YEAR,,ALL UTILIZATION PRACTICES,SALES,ANNUAL,,2022,OPERATIONS,,15,,,00,,00,78,96727,00000000,ALL CLASSES,,ZIP CODE,HAWAII,9000,2024-11-07 12:00:00.000,CROPS,,ALL PRODUCTION PRACTICES,CROP TOTALS,,CROP TOTALS,"SALES: (LESS THAN 50,000 $)",CROP TOTALS - OPERATIONS WITH SALES,SALES,CENSUS
,UNITED STATES,96727,HI,15,YEAR,,ALL UTILIZATION PRACTICES,SALES,ANNUAL,,2017,OPERATIONS,,15,,,00,,00,86,96727,00000000,ALL CLASSES,,ZIP CODE,HAWAII,9000,2018-02-01 12:00:00.000,CROPS,,ALL PRODUCTION PRACTICES,CROP TOTALS,,CROP TOTALS,"SALES: (LESS THAN 50,000 $)",CROP TOTALS - OPERATIONS WITH SALES,SALES,CENSUS
,UNITED STATES,96727,HI,15,YEAR,,ALL UTILIZATION PRACTICES,SALES,ANNUAL,,2007,OPERATIONS,,15,,,00,,00,121,96727,00000000,ALL CLASSES,,ZIP CODE,HAWAII,9000,2012-01-01 00:00:00.000,CROPS,,ALL PRODUCTION PRACTICES,CROP TOTALS,,CROP TOTALS,"SALES: (LESS THAN 50,000 $)",CROP TOTALS - OPERATIONS WITH SALES,SALES,CENSUS
,UNITED STATES,96728,HI,15,YEAR,,ALL UTILIZATION PRACTICES,SALES,ANNUAL,,2022,OPERATIONS,,15,,,00,,00,20,96728,00000000,ALL CLASSES,,ZIP CODE,HAWAII,9000,2024-11-07 12:00:00.000,CROPS,,ALL PRODUCTION PRACTICES,CROP TOTALS,,CROP TOTALS,"SALES: (LESS THAN 50,000 $)",CROP TOTALS - OPERATIONS WITH SALES,SALES,CENSUS
,UNITED STATES,96728,HI,15,YEAR,,ALL UTILIZATION PRACTICES,SALES,ANNUAL,,2017,OPERATIONS,,15,,,00,,00,12,96728,00000000,ALL CLASSES,,ZIP CODE,HAWAII,9000,2018-02-01 12:00:00.000,CROPS,,ALL PRODUCTION PRACTICES,CROP TOTALS,,CROP TOTALS,"SALES: (LESS THAN 50,000 $)",CROP TOTALS - OPERATIONS WITH SALES,SALES,CENSUS
,UNITED STATES,96728,HI,15,YEAR,,ALL UTILIZATION PRACTICES,SALES,ANNUAL,,2007,OPERATIONS,,15,,,00,,00,8,96728,00000000,ALL CLASSES,,ZIP CODE,HAWAII,9000,2012-01-01 00:00:00.000,CROPS,,ALL PRODUCTION PRACTICES,CROP TOTALS,,CROP TOTALS,"SALES: (LESS THAN 50,000 $)",CROP TOTALS - OPERATIONS WITH SALES,SALES,CENSUS
,UNITED STATES,96729,HI,15,YEAR,,ALL UTILIZATION PRACTICES,SALES,ANNUAL,,2022,OPERATIONS,,15,,,00,,00,14,96729,00000000,ALL CLASSES,,ZIP CODE,HAWAII,9000,2024-11-07 12:00:00.000,CROPS,,ALL PRODUCTION PRACTICES,CROP TOTALS,,CROP TOTALS,"SALES: (LESS THAN 50,000 $)",CROP TOTALS - OPERATIONS WITH SALES,SALES,CENSUS
,UNITED STATES,96729,HI,15,YEAR,,ALL UTILIZATION PRACTICES,SALES,ANNUAL,,2017,OPERATIONS,,15,,,00,,00,26,96729,00000000,ALL CLASSES,,ZIP CODE,HAWAII,9000,2018-02-01 12:00:00.000,CROPS,,ALL PRODUCTION PRACTICES,CROP TOTALS,,CROP TOTALS,"SALES: (LESS THAN 50,000 $)",CROP TOTALS - OPERATIONS WITH SALES,SALES,CENSUS
,UNITED STATES,96729,HI,15,YEAR,,ALL UTILIZATION PRACTICES,SALES,ANNUAL,,2007,OPERATIONS,,15,,,00,,00,23,96729,00000000,ALL CLASSES,,ZIP CODE,HAWAII,9000,2012-01-01 00:00:00.000,CROPS,,ALL PRODUCTION PRACTICES,CROP TOTALS,,CROP TOTALS,"SALES: (LESS THAN 50,000 $)",CROP TOTALS - OPERATIONS WITH SALES,SALES,CENSUS
,UNITED STATES,96730,HI,15,YEAR,,ALL UTILIZATION PRACTICES,SALES,ANNUAL,,2017,OPERATIONS,,15,,,00,,00,1,96730,00000000,ALL CLASSES,,ZIP CODE,HAWAII,9000,2018-02-01 12:00:00.000,CROPS,,ALL PRODUCTION PRACTICES,CROP TOTALS,,CROP TOTALS,"SALES: (LESS THAN 50,000 $)",CROP TOTALS - OPERATIONS WITH SALES,SALES,CENSUS
,UNITED STATES,96730,HI,15,YEAR,,ALL UTILIZATION PRACTICES,SALES,ANNUAL,,2007,OPERATIONS,,15,,,00,,00,7,96730,00000000,ALL CLASSES,,ZIP CODE,HAWAII,9000,2012-01-01 00:00:00.000,CROPS,,ALL PRODUCTION PRACTICES,CROP TOTALS,,CROP TOTALS,"SALES: (LESS THAN 50,000 $)",CROP TOTALS - OPERATIONS WITH SALES,SALES,CENSUS
,UNITED STATES,96731,HI,15,YEAR,,ALL UTILIZATION PRACTICES,SALES,ANNUAL,,2022,OPERATIONS,,15,,,00,,00,4,96731,00000000,ALL CLASSES,,ZIP CODE,HAWAII,9000,2024-11-07 12:00:00.000,CROPS,,ALL PRODUCTION PRACTICES,CROP TOTALS,,CROP TOTALS,"SALES: (LESS THAN 50,000 $)",CROP TOTALS - OPERATIONS WITH SALES,SALES,CENSUS
,UNITED STATES,96731,HI,15,YEAR,,ALL UTILIZATION PRACTICES,SALES,ANNUAL,,2017,OPERATIONS,,15,,,00,,00,9,96731,00000000,ALL CLASSES,,ZIP CODE,HAWAII,9000,2018-02-01 12:00:00.000,CROPS,,ALL PRODUCTION PRACTICES,CROP TOTALS,,CROP TOTALS,"SALES: (LESS THAN 50,000 $)",CROP TOTALS - OPERATIONS WITH SALES,SALES,CENSUS
,UNITED STATES,96731,HI,15,YEAR,,ALL UTILIZATION PRACTICES,SALES,ANNUAL,,2007,OPERATIONS,,15,,,00,,00,14,96731,00000000,ALL CLASSES,,ZIP CODE,HAWAII,9000,2012-01-01 00:00:00.000,CROPS,,ALL PRODUCTION PRACTICES,CROP TOTALS,,CROP TOTALS,"SALES: (LESS THAN 50,000 $)",CROP TOTALS - OPERATIONS WITH SALES,SALES,CENSUS
,UNITED STATES,96732,HI,15,YEAR,,ALL UTILIZATION PRACTICES,SALES,ANNUAL,,2022,OPERATIONS,,15,,,00,,00,6,96732,00000000,ALL CLASSES,,ZIP CODE,HAWAII,9000,2024-11-07 12:00:00.000,CROPS,,ALL PRODUCTION PRACTICES,CROP TOTALS,,CROP TOTALS,"SALES: (LESS THAN 50,000 $)",CROP TOTALS - OPERATIONS WITH SALES,SALES,CENSUS
,UNITED STATES,96732,HI,15,YEAR,,ALL UTILIZATION PRACTICES,SALES,ANNUAL,,2017,OPERATIONS,,15,,,00,,00,24,96732,00000000,ALL CLASSES,,ZIP CODE,HAWAII,9000,2018-02-01 12:00:00.000,CROPS,,ALL PRODUCTION PRACTICES,CROP TOTALS,,CROP TOTALS,"SALES: (LESS THAN 50,000 $)",CROP TOTALS - OPERATIONS WITH SALES,SALES,CENSUS
,UNITED STATES,96732,HI,15,YEAR,,ALL UTILIZATION PRACTICES,SALES,ANNUAL,,2007,OPERATIONS,,15,,,00,,00,18,96732,00000000,ALL CLASSES,,ZIP CODE,HAWAII,9000,2012-01-01 00:00:00.000,CROPS,,ALL PRODUCTION PRACTICES,CROP TOTALS,,CROP TOTALS,"SALES: (LESS THAN 50,000 $)",CROP TOTALS - OPERATIONS WITH SALES,SALES,CENSUS
,UNITED STATES,96733,HI,15,YEAR,,ALL UTILIZATION PRACTICES,SALES,ANNUAL,,2022,OPERATIONS,,15,,,00,,00,2,96733,00000000,ALL CLASSES,,ZIP CODE,HAWAII,9000,2024-11-07 12:00:00.000,CROPS,,ALL PRODUCTION PRACTICES,CROP TOTALS,,CROP TOTALS,"SALES: (LESS THAN 50,000 $)",CROP TOTALS - OPERATIONS WITH SALES,SALES,CENSUS
,UNITED STATES,96733,HI,15,YEAR,,ALL UTILIZATION PRACTICES,SALES,ANNUAL,,2017,OPERATIONS,,15,,,00,,00,6,96733,00000000,ALL CLASSES,,ZIP CODE,HAWAII,9000,2018-02-01 12:00:00.000,CROPS,,ALL PRODUCTION PRACTICES,CROP TOTALS,,CROP TOTALS,"SALES: (LESS THAN 50,000 $)",CROP TOTALS - OPERATIONS WITH SALES,SALES,CENSUS
,UNITED STATES,96733,HI,15,YEAR,,ALL UTILIZATION PRACTICES,SALES,ANNUAL,,2007,OPERATIONS,,15,,,00,,00,9,96733,00000000,ALL CLASSES,,ZIP CODE,HAWAII,9000,2012-01-01 00:00:00.000,CROPS,,ALL PRODUCTION PRACTICES,CROP TOTALS,,CROP TOTALS,"SALES: (LESS THAN 50,000 $)",CROP TOTALS - OPERATIONS WITH SALES,SALES,CENSUS
,UNITED STATES,96734,HI,15,YEAR,,ALL UTILIZATION PRACTICES,SALES,ANNUAL,,2022,OPERATIONS,,15,,,00,,00,19,96734,00000000,ALL CLASSES,,ZIP CODE,HAWAII,9000,2024-11-07 12:00:00.000,CROPS,,ALL PRODUCTION PRACTICES,CROP TOTALS,,CROP TOTALS,"SALES: (LESS THAN 50,000 $)",CROP TOTALS - OPERATIONS WITH SALES,SALES,CENSUS
,UNITED STATES,96734,HI,15,YEAR,,ALL UTILIZATION PRACTICES,SALES,ANNUAL,,2017,OPERATIONS,,15,,,00,,00,15,96734,00000000,ALL CLASSES,,ZIP CODE,HAWAII,9000,2018-02-01 12:00:00.000,CROPS,,ALL PRODUCTION PRACTICES,CROP TOTALS,,CROP TOTALS,"SALES: (LESS THAN 50,000 $)",CROP TOTALS - OPERATIONS WITH SALES,SALES,CENSUS
,UNITED STATES,96734,HI,15,YEAR,,ALL UTILIZATION PRACTICES,SALES,ANNUAL,,2007,OPERATIONS,,15,,,00,,00,20,96734,00000000,ALL CLASSES,,ZIP CODE,HAWAII,9000,2012-01-01 00:00:00.000,CROPS,,ALL PRODUCTION PRACTICES,CROP TOTALS,,CROP TOTALS,"SALES: (LESS THAN 50,000 $)",CROP TOTALS - OPERATIONS WITH SALES,SALES,CENSUS
,UNITED STATES,96737,HI,15,YEAR,,ALL UTILIZATION PRACTICES,SALES,ANNUAL,,2022,OPERATIONS,,15,,,00,,00,23,96737,00000000,ALL CLASSES,,ZIP CODE,HAWAII,9000,2024-11-07 12:00:00.000,CROPS,,ALL PRODUCTION PRACTICES,CROP TOTALS,,CROP TOTALS,"SALES: (LESS THAN 50,000 $)",CROP TOTALS - OPERATIONS WITH SALES,SALES,CENSUS
,UNITED STATES,96737,HI,15,YEAR,,ALL UTILIZATION PRACTICES,SALES,ANNUAL,,2017,OPERATIONS,,15,,,00,,00,23,96737,00000000,ALL CLASSES,,ZIP CODE,HAWAII,9000,2018-02-01 12:00:00.000,CROPS,,ALL PRODUCTION PRACTICES,CROP TOTALS,,CROP TOTALS,"SALES: (LESS THAN 50,000 $)",CROP TOTALS - OPERATIONS WITH SALES,SALES,CENSUS
,UNITED STATES,96737,HI,15,YEAR,,ALL UTILIZATION PRACTICES,SALES,ANNUAL,,2007,OPERATIONS,,15,,,00,,00,17,96737,00000000,ALL CLASSES,,ZIP CODE,HAWAII,9000,2012-01-01 00:00:00.000,CROPS,,ALL PRODUCTION PRACTICES,CROP TOTALS,,CROP TOTALS,"SALES: (LESS THAN 50,000 $)",CROP TOTALS - OPERATIONS WITH SALES,SALES,CENSUS
,UNITED STATES,96738,HI,15,YEAR,,ALL UTILIZATION PRACTICES,SALES,ANNUAL,,2022,OPERATIONS,,15,,,00,,00,5,96738,00000000,ALL CLASSES,,ZIP CODE,HAWAII,9000,2024-11-07 12:00:00.000,CROPS,,ALL PRODUCTION PRACTICES,CROP TOTALS,,CROP TOTALS,"SALES: (LESS THAN 50,000 $)",CROP TOTALS - OPERATIONS WITH SALES,SALES,CENSUS
,UNITED STATES,96738,HI,15,YEAR,,ALL UTILIZATION PRACTICES,SALES,ANNUAL,,2017,OPERATIONS,,15,,,00,,00,5,96738,00000000,ALL CLASSES,,ZIP CODE,HAWAII,9000,2018-02-01 12:00:00.000,CROPS,,ALL PRODUCTION PRACTICES,CROP TOTALS,,CROP TOTALS,"SALES: (LESS THAN 50,000 $)",CROP TOTALS - OPERATIONS WITH SALES,SALES,CENSUS
,UNITED STATES,96739,HI,15,YEAR,,ALL UTILIZATION PRACTICES,SALES,ANNUAL,,2022,OPERATIONS,,15,,,00,,00,3,96739,00000000,ALL CLASSES,,ZIP CODE,HAWAII,9000,2024-11-07 12:00:00.000,CROPS,,ALL PRODUCTION PRACTICES,CROP TOTALS,,CROP TOTALS,"SALES: (LESS THAN 50,000 $)",CROP TOTALS - OPERATIONS WITH SALES,SALES,CENSUS
,UNITED STATES,96739,HI,15,YEAR,,ALL UTILIZATION PRACTICES,SALES,ANNUAL,,2017,OPERATIONS,,15,,,00,,00,12,96739,00000000,ALL CLASSES,,ZIP CODE,HAWAII,9000,2018-02-01 12:00:00.000,CROPS,,ALL PRODUCTION PRACTICES,CROP TOTALS,,CROP TOTALS,"SALES: (LESS THAN 50,000 $)",CROP TOTALS - OPERATIONS WITH SALES,SALES,CENSUS
,UNITED STATES,96739,HI,15,YEAR,,ALL UTILIZATION PRACTICES,SALES,ANNUAL,,2007,OPERATIONS,,15,,,00,,00,10,96739,00000000,ALL CLASSES,,ZIP CODE,HAWAII,9000,2012-01-01 00:00:00.000,CROPS,,ALL PRODUCTION PRACTICES,CROP TOTALS,,CROP TOTALS,"SALES: (LESS THAN 50,000 $)",CROP TOTALS - OPERATIONS WITH SALES,SALES,CENSUS
,UNITED STATES,96740,HI,15,YEAR,,ALL UTILIZATION PRACTICES,SALES,ANNUAL,,2022,OPERATIONS,,15,,,00,,00,141,96740,00000000,ALL CLASSES,,ZIP CODE,HAWAII,9000,2024-11-07 12:00:00.000,CROPS,,ALL PRODUCTION PRACTICES,CROP TOTALS,,CROP TOTALS,"SALES: (LESS THAN 50,000 $)",CROP TOTALS - OPERATIONS WITH SALES,SALES,CENSUS
,UNITED STATES,96740,HI,15,YEAR,,ALL UTILIZATION PRACTICES,SALES,ANNUAL,,2017,OPERATIONS,,15,,,00,,00,177,96740,00000000,ALL CLASSES,,ZIP CODE,HAWAII,9000,2018-02-01 12:00:00.000,CROPS,,ALL PRODUCTION PRACTICES,CROP TOTALS,,CROP TOTALS,"SALES: (LESS THAN 50,000 $)",CROP TOTALS - OPERATIONS WITH SALES,SALES,CENSUS
,UNITED STATES,96740,HI,15,YEAR,,ALL UTILIZATION PRACTICES,SALES,ANNUAL,,2007,OPERATIONS,,15,,,00,,00,156,96740,00000000,ALL CLASSES,,ZIP CODE,HAWAII,9000,2012-01-01 00:00:00.000,CROPS,,ALL PRODUCTION PRACTICES,CROP TOTALS,,CROP TOTALS,"SALES: (LESS THAN 50,000 $)",CROP TOTALS - OPERATIONS WITH SALES,SALES,CENSUS
,UNITED STATES,96741,HI,15,YEAR,,ALL UTILIZATION PRACTICES,SALES,ANNUAL,,2022,OPERATIONS,,15,,,00,,00,30,96741,00000000,ALL CLASSES,,ZIP CODE,HAWAII,9000,2024-11-07 12:00:00.000,CROPS,,ALL PRODUCTION PRACTICES,CROP TOTALS,,CROP TOTALS,"SALES: (LESS THAN 50,000 $)",CROP TOTALS - OPERATIONS WITH SALES,SALES,CENSUS
,UNITED STATES,96741,HI,15,YEAR,,ALL UTILIZATION PRACTICES,SALES,ANNUAL,,2017,OPERATIONS,,15,,,00,,00,24,96741,00000000,ALL CLASSES,,ZIP CODE,HAWAII,9000,2018-02-01 12:00:00.000,CROPS,,ALL PRODUCTION PRACTICES,CROP TOTALS,,CROP TOTALS,"SALES: (LESS THAN 50,000 $)",CROP TOTALS - OPERATIONS WITH SALES,SALES,CENSUS
,UNITED STATES,96741,HI,15,YEAR,,ALL UTILIZATION PRACTICES,SALES,ANNUAL,,2007,OPERATIONS,,15,,,00,,00,36,96741,00000000,ALL CLASSES,,ZIP CODE,HAWAII,9000,2012-01-01 00:00:00.000,CROPS,,ALL PRODUCTION PRACTICES,CROP TOTALS,,CROP TOTALS,"SALES: (LESS THAN 50,000 $)",CROP TOTALS - OPERATIONS WITH SALES,SALES,CENSUS
,UNITED STATES,96743,HI,15,YEAR,,ALL UTILIZATION PRACTICES,SALES,ANNUAL,,2022,OPERATIONS,,15,,,00,,00,110,96743,00000000,ALL CLASSES,,ZIP CODE,HAWAII,9000,2024-11-07 12:00:00.000,CROPS,,ALL PRODUCTION PRACTICES,CROP TOTALS,,CROP TOTALS,"SALES: (LESS THAN 50,000 $)",CROP TOTALS - OPERATIONS WITH SALES,SALES,CENSUS
,UNITED STATES,96743,HI,15,YEAR,,ALL UTILIZATION PRACTICES,SALES,ANNUAL,,2017,OPERATIONS,,15,,,00,,00,95,96743,00000000,ALL CLASSES,,ZIP CODE,HAWAII,9000,2018-02-01 12:00:00.000,CROPS,,ALL PRODUCTION PRACTICES,CROP TOTALS,,CROP TOTALS,"SALES: (LESS THAN 50,000 $)",CROP TOTALS - OPERATIONS WITH SALES,SALES,CENSUS
,UNITED STATES,96743,HI,15,YEAR,,ALL UTILIZATION PRACTICES,SALES,ANNUAL,,2007,OPERATIONS,,15,,,00,,00,81,96743,00000000,ALL CLASSES,,ZIP CODE,HAWAII,9000,2012-01-01 00:00:00.000,CROPS,,ALL PRODUCTION PRACTICES,CROP TOTALS,,CROP TOTALS,"SALES: (LESS THAN 50,000 $)",CROP TOTALS - OPERATIONS WITH SALES,SALES,CENSUS
,UNITED STATES,96744,HI,15,YEAR,,ALL UTILIZATION PRACTICES,SALES,ANNUAL,,2022,OPERATIONS,,15,,,00,,00,106,96744,00000000,ALL CLASSES,,ZIP CODE,HAWAII,9000,2024-11-07 12:00:00.000,CROPS,,ALL PRODUCTION PRACTICES,CROP TOTALS,,CROP TOTALS,"SALES: (LESS THAN 50,000 $)",CROP TOTALS - OPERATIONS WITH SALES,SALES,CENSUS
,UNITED STATES,96744,HI,15,YEAR,,ALL UTILIZATION PRACTICES,SALES,ANNUAL,,2017,OPERATIONS,,15,,,00,,00,95,96744,00000000,ALL CLASSES,,ZIP CODE,HAWAII,9000,2018-02-01 12:00:00.000,CROPS,,ALL PRODUCTION PRACTICES,CROP TOTALS,,CROP TOTALS,"SALES: (LESS THAN 50,000 $)",CROP TOTALS - OPERATIONS WITH SALES,SALES,CENSUS
,UNITED STATES,96744,HI,15,YEAR,,ALL UTILIZATION PRACTICES,SALES,ANNUAL,,2007,OPERATIONS,,15,,,00,,00,122,96744,00000000,ALL CLASSES,,ZIP CODE,HAWAII,9000,2012-01-01 00:00:00.000,CROPS,,ALL PRODUCTION PRACTICES,CROP TOTALS,,CROP TOTALS,"SALES: (LESS THAN 50,000 $)",CROP TOTALS - OPERATIONS WITH SALES,SALES,CENSUS
,UNITED STATES,96745,HI,15,YEAR,,ALL UTILIZATION PRACTICES,SALES,ANNUAL,,2022,OPERATIONS,,15,,,00,,00,52,96745,00000000,ALL CLASSES,,ZIP CODE,HAWAII,9000,2024-11-07 12:00:00.000,CROPS,,ALL PRODUCTION PRACTICES,CROP TOTALS,,CROP TOTALS,"SALES: (LESS THAN 50,000 $)",CROP TOTALS - OPERATIONS WITH SALES,SALES,CENSUS
,UNITED STATES,96745,HI,15,YEAR,,ALL UTILIZATION PRACTICES,SALES,ANNUAL,,2017,OPERATIONS,,15,,,00,,00,62,96745,00000000,ALL CLASSES,,ZIP CODE,HAWAII,9000,2018-02-01 12:00:00.000,CROPS,,ALL PRODUCTION PRACTICES,CROP TOTALS,,CROP TOTALS,"SALES: (LESS THAN 50,000 $)",CROP TOTALS - OPERATIONS WITH SALES,SALES,CENSUS
,UNITED STATES,96745,HI,15,YEAR,,ALL UTILIZATION PRACTICES,SALES,ANNUAL,,2007,OPERATIONS,,15,,,00,,00,70,96745,00000000,ALL CLASSES,,ZIP CODE,HAWAII,9000,2012-01-01 00:00:00.000,CROPS,,ALL PRODUCTION PRACTICES,CROP TOTALS,,CROP TOTALS,"SALES: (LESS THAN 50,000 $)",CROP TOTALS - OPERATIONS WITH SALES,SALES,CENSUS
,UNITED STATES,96746,HI,15,YEAR,,ALL UTILIZATION PRACTICES,SALES,ANNUAL,,2022,OPERATIONS,,15,,,00,,00,65,96746,00000000,ALL CLASSES,,ZIP CODE,HAWAII,9000,2024-11-07 12:00:00.000,CROPS,,ALL PRODUCTION PRACTICES,CROP TOTALS,,CROP TOTALS,"SALES: (LESS THAN 50,000 $)",CROP TOTALS - OPERATIONS WITH SALES,SALES,CENSUS
,UNITED STATES,96746,HI,15,YEAR,,ALL UTILIZATION PRACTICES,SALES,ANNUAL,,2017,OPERATIONS,,15,,,00,,00,138,96746,00000000,ALL CLASSES,,ZIP CODE,HAWAII,9000,2018-02-01 12:00:00.000,CROPS,,ALL PRODUCTION PRACTICES,CROP TOTALS,,CROP TOTALS,"SALES: (LESS THAN 50,000 $)",CROP TOTALS - OPERATIONS WITH SALES,SALES,CENSUS
,UNITED STATES,96746,HI,15,YEAR,,ALL UTILIZATION PRACTICES,SALES,ANNUAL,,2007,OPERATIONS,,15,,,00,,00,119,96746,00000000,ALL CLASSES,,ZIP CODE,HAWAII,9000,2012-01-01 00:00:00.000,CROPS,,ALL PRODUCTION PRACTICES,CROP TOTALS,,CROP TOTALS,"SALES: (LESS THAN 50,000 $)",CROP TOTALS - OPERATIONS WITH SALES,SALES,CENSUS
,UNITED STATES,96747,HI,15,YEAR,,ALL UTILIZATION PRACTICES,SALES,ANNUAL,,2022,OPERATIONS,,15,,,00,,00,1,96747,00000000,ALL CLASSES,,ZIP CODE,HAWAII,9000,2024-11-07 12:00:00.000,CROPS,,ALL PRODUCTION PRACTICES,CROP TOTALS,,CROP TOTALS,"SALES: (LESS THAN 50,000 $)",CROP TOTALS - OPERATIONS WITH SALES,SALES,CENSUS
,UNITED STATES,96747,HI,15,YEAR,,ALL UTILIZATION PRACTICES,SALES,ANNUAL,,2017,OPERATIONS,,15,,,00,,00,2,96747,00000000,ALL CLASSES,,ZIP CODE,HAWAII,9000,2018-02-01 12:00:00.000,CROPS,,ALL PRODUCTION PRACTICES,CROP TOTALS,,CROP TOTALS,"SALES: (LESS THAN 50,000 $)",CROP TOTALS - OPERATIONS WITH SALES,SALES,CENSUS
,UNITED STATES,96748,HI,15,YEAR,,ALL UTILIZATION PRACTICES,SALES,ANNUAL,,2022,OPERATIONS,,15,,,00,,00,35,96748,00000000,ALL CLASSES,,ZIP CODE,HAWAII,9000,2024-11-07 12:00:00.000,CROPS,,ALL PRODUCTION PRACTICES,CROP TOTALS,,CROP TOTALS,"SALES: (LESS THAN 50,000 $)",CROP TOTALS - OPERATIONS WITH SALES,SALES,CENSUS
,UNITED STATES,96748,HI,15,YEAR,,ALL UTILIZATION PRACTICES,SALES,ANNUAL,,2017,OPERATIONS,,15,,,00,,00,46,96748,00000000,ALL CLASSES,,ZIP CODE,HAWAII,9000,2018-02-01 12:00:00.000,CROPS,,ALL PRODUCTION PRACTICES,CROP TOTALS,,CROP TOTALS,"SALES: (LESS THAN 50,000 $)",CROP TOTALS - OPERATIONS WITH SALES,SALES,CENSUS
,UNITED STATES,96748,HI,15,YEAR,,ALL UTILIZATION PRACTICES,SALES,ANNUAL,,2007,OPERATIONS,,15,,,00,,00,39,96748,00000000,ALL CLASSES,,ZIP CODE,HAWAII,9000,2012-01-01 00:00:00.000,CROPS,,ALL PRODUCTION PRACTICES,CROP TOTALS,,CROP TOTALS,"SALES: (LESS THAN 50,000 $)",CROP TOTALS - OPERATIONS WITH SALES,SALES,CENSUS
,UNITED STATES,96749,HI,15,YEAR,,ALL UTILIZATION PRACTICES,SALES,ANNUAL,,2022,OPERATIONS,,15,,,00,,00,75,96749,00000000,ALL CLASSES,,ZIP CODE,HAWAII,9000,2024-11-07 12:00:00.000,CROPS,,ALL PRODUCTION PRACTICES,CROP TOTALS,,CROP TOTALS,"SALES: (LESS THAN 50,000 $)",CROP TOTALS - OPERATIONS WITH SALES,SALES,CENSUS
,UNITED STATES,96749,HI,15,YEAR,,ALL UTILIZATION PRACTICES,SALES,ANNUAL,,2017,OPERATIONS,,15,,,00,,00,88,96749,00000000,ALL CLASSES,,ZIP CODE,HAWAII,9000,2018-02-01 12:00:00.000,CROPS,,ALL PRODUCTION PRACTICES,CROP TOTALS,,CROP TOTALS,"SALES: (LESS THAN 50,000 $)",CROP TOTALS - OPERATIONS WITH SALES,SALES,CENSUS
,UNITED STATES,96749,HI,15,YEAR,,ALL UTILIZATION PRACTICES,SALES,ANNUAL,,2007,OPERATIONS,,15,,,00,,00,181,96749,00000000,ALL CLASSES,,ZIP CODE,HAWAII,9000,2012-01-01 00:00:00.000,CROPS,,ALL PRODUCTION PRACTICES,CROP TOTALS,,CROP TOTALS,"SALES: (LESS THAN 50,000 $)",CROP TOTALS - OPERATIONS WITH SALES,SALES,CENSUS
,UNITED STATES,96750,HI,15,YEAR,,ALL UTILIZATION PRACTICES,SALES,ANNUAL,,2022,OPERATIONS,,15,,,00,,00,215,96750,00000000,ALL CLASSES,,ZIP CODE,HAWAII,9000,2024-11-07 12:00:00.000,CROPS,,ALL PRODUCTION PRACTICES,CROP TOTALS,,CROP TOTALS,"SALES: (LESS THAN 50,000 $)",CROP TOTALS - OPERATIONS WITH SALES,SALES,CENSUS
,UNITED STATES,96750,HI,15,YEAR,,ALL UTILIZATION PRACTICES,SALES,ANNUAL,,2017,OPERATIONS,,15,,,00,,00,276,96750,00000000,ALL CLASSES,,ZIP CODE,HAWAII,9000,2018-02-01 12:00:00.000,CROPS,,ALL PRODUCTION PRACTICES,CROP TOTALS,,CROP TOTALS,"SALES: (LESS THAN 50,000 $)",CROP TOTALS - OPERATIONS WITH SALES,SALES,CENSUS
,UNITED STATES,96750,HI,15,YEAR,,ALL UTILIZATION PRACTICES,SALES,ANNUAL,,2007,OPERATIONS,,15,,,00,,00,273,96750,00000000,ALL CLASSES,,ZIP CODE,HAWAII,9000,2012-01-01 00:00:00.000,CROPS,,ALL PRODUCTION PRACTICES,CROP TOTALS,,CROP TOTALS,"SALES: (LESS THAN 50,000 $)",CROP TOTALS - OPERATIONS WITH SALES,SALES,CENSUS
,UNITED STATES,96751,HI,15,YEAR,,ALL UTILIZATION PRACTICES,SALES,ANNUAL,,2022,OPERATIONS,,15,,,00,,00,2,96751,00000000,ALL CLASSES,,ZIP CODE,HAWAII,9000,2024-11-07 12:00:00.000,CROPS,,ALL PRODUCTION PRACTICES,CROP TOTALS,,CROP TOTALS,"SALES: (LESS THAN 50,000 $)",CROP TOTALS - OPERATIONS WITH SALES,SALES,CENSUS
,UNITED STATES,96751,HI,15,YEAR,,ALL UTILIZATION PRACTICES,SALES,ANNUAL,,2017,OPERATIONS,,15,,,00,,00,6,96751,00000000,ALL CLASSES,,ZIP CODE,HAWAII,9000,2018-02-01 12:00:00.000,CROPS,,ALL PRODUCTION PRACTICES,CROP TOTALS,,CROP TOTALS,"SALES: (LESS THAN 50,000 $)",CROP TOTALS - OPERATIONS WITH SALES,SALES,CENSUS
,UNITED STATES,96751,HI,15,YEAR,,ALL UTILIZATION PRACTICES,SALES,ANNUAL,,2007,OPERATIONS,,15,,,00,,00,4,96751,00000000,ALL CLASSES,,ZIP CODE,HAWAII,9000,2012-01-01 00:00:00.000,CROPS,,ALL PRODUCTION PRACTICES,CROP TOTALS,,CROP TOTALS,"SALES: (LESS THAN 50,000 $)",CROP TOTALS - OPERATIONS WITH SALES,SALES,CENSUS
,UNITED STATES,96752,HI,15,YEAR,,ALL UTILIZATION PRACTICES,SALES,ANNUAL,,2022,OPERATIONS,,15,,,00,,00,5,96752,00000000,ALL CLASSES,,ZIP CODE,HAWAII,9000,2024-11-07 12:00:00.000,CROPS,,ALL PRODUCTION PRACTICES,CROP TOTALS,,CROP TOTALS,"SALES: (LESS THAN 50,000 $)",CROP TOTALS - OPERATIONS WITH SALES,SALES,CENSUS
,UNITED STATES,96752,HI,15,YEAR,,ALL UTILIZATION PRACTICES,SALES,ANNUAL,,2017,OPERATIONS,,15,,,00,,00,5,96752,00000000,ALL CLASSES,,ZIP CODE,HAWAII,9000,2018-02-01 12:00:00.000,CROPS,,ALL PRODUCTION PRACTICES,CROP TOTALS,,CROP TOTALS,"SALES: (LESS THAN 50,000 $)",CROP TOTALS - OPERATIONS WITH SALES,SALES,CENSUS
,UNITED STATES,96752,HI,15,YEAR,,ALL UTILIZATION PRACTICES,SALES,ANNUAL,,2007,OPERATIONS,,15,,,00,,00,10,96752,00000000,ALL CLASSES,,ZIP CODE,HAWAII,9000,2012-01-01 00:00:00.000,CROPS,,ALL PRODUCTION PRACTICES,CROP TOTALS,,CROP TOTALS,"SALES: (LESS THAN 50,000 $)",CROP TOTALS - OPERATIONS WITH SALES,SALES,CENSUS
,UNITED STATES,96753,HI,15,YEAR,,ALL UTILIZATION PRACTICES,SALES,ANNUAL,,2022,OPERATIONS,,15,,,00,,00,36,96753,00000000,ALL CLASSES,,ZIP CODE,HAWAII,9000,2024-11-07 12:00:00.000,CROPS,,ALL PRODUCTION PRACTICES,CROP TOTALS,,CROP TOTALS,"SALES: (LESS THAN 50,000 $)",CROP TOTALS - OPERATIONS WITH SALES,SALES,CENSUS
,UNITED STATES,96753,HI,15,YEAR,,ALL UTILIZATION PRACTICES,SALES,ANNUAL,,2017,OPERATIONS,,15,,,00,,00,36,96753,00000000,ALL CLASSES,,ZIP CODE,HAWAII,9000,2018-02-01 12:00:00.000,CROPS,,ALL PRODUCTION PRACTICES,CROP TOTALS,,CROP TOTALS,"SALES: (LESS THAN 50,000 $)",CROP TOTALS - OPERATIONS WITH SALES,SALES,CENSUS
,UNITED STATES,96753,HI,15,YEAR,,ALL UTILIZATION PRACTICES,SALES,ANNUAL,,2007,OPERATIONS,,15,,,00,,00,15,96753,00000000,ALL CLASSES,,ZIP CODE,HAWAII,9000,2012-01-01 00:00:00.000,CROPS,,ALL PRODUCTION PRACTICES,CROP TOTALS,,CROP TOTALS,"SALES: (LESS THAN 50,000 $)",CROP TOTALS - OPERATIONS WITH SALES,SALES,CENSUS
,UNITED STATES,96754,HI,15,YEAR,,ALL UTILIZATION PRACTICES,SALES,ANNUAL,,2022,OPERATIONS,,15,,,00,,00,63,96754,00000000,ALL CLASSES,,ZIP CODE,HAWAII,9000,2024-11-07 12:00:00.000,CROPS,,ALL PRODUCTION PRACTICES,CROP TOTALS,,CROP TOTALS,"SALES: (LESS THAN 50,000 $)",CROP TOTALS - OPERATIONS WITH SALES,SALES,CENSUS
,UNITED STATES,96754,HI,15,YEAR,,ALL UTILIZATION PRACTICES,SALES,ANNUAL,,2017,OPERATIONS,,15,,,00,,00,82,96754,00000000,ALL CLASSES,,ZIP CODE,HAWAII,9000,2018-02-01 12:00:00.000,CROPS,,ALL PRODUCTION PRACTICES,CROP TOTALS,,CROP TOTALS,"SALES: (LESS THAN 50,000 $)",CROP TOTALS - OPERATIONS WITH SALES,SALES,CENSUS
,UNITED STATES,96754,HI,15,YEAR,,ALL UTILIZATION PRACTICES,SALES,ANNUAL,,2007,OPERATIONS,,15,,,00,,00,118,96754,00000000,ALL CLASSES,,ZIP CODE,HAWAII,9000,2012-01-01 00:00:00.000,CROPS,,ALL PRODUCTION PRACTICES,CROP TOTALS,,CROP TOTALS,"SALES: (LESS THAN 50,000 $)",CROP TOTALS - OPERATIONS WITH SALES,SALES,CENSUS
,UNITED STATES,96755,HI,15,YEAR,,ALL UTILIZATION PRACTICES,SALES,ANNUAL,,2022,OPERATIONS,,15,,,00,,00,41,96755,00000000,ALL CLASSES,,ZIP CODE,HAWAII,9000,2024-11-07 12:00:00.000,CROPS,,ALL PRODUCTION PRACTICES,CROP TOTALS,,CROP TOTALS,"SALES: (LESS THAN 50,000 $)",CROP TOTALS - OPERATIONS WITH SALES,SALES,CENSUS
,UNITED STATES,96755,HI,15,YEAR,,ALL UTILIZATION PRACTICES,SALES,ANNUAL,,2017,OPERATIONS,,15,,,00,,00,49,96755,00000000,ALL CLASSES,,ZIP CODE,HAWAII,9000,2018-02-01 12:00:00.000,CROPS,,ALL PRODUCTION PRACTICES,CROP TOTALS,,CROP TOTALS,"SALES: (LESS THAN 50,000 $)",CROP TOTALS - OPERATIONS WITH SALES,SALES,CENSUS
,UNITED STATES,96755,HI,15,YEAR,,ALL UTILIZATION PRACTICES,SALES,ANNUAL,,2007,OPERATIONS,,15,,,00,,00,42,96755,00000000,ALL CLASSES,,ZIP CODE,HAWAII,9000,2012-01-01 00:00:00.000,CROPS,,ALL PRODUCTION PRACTICES,CROP TOTALS,,CROP TOTALS,"SALES: (LESS THAN 50,000 $)",CROP TOTALS - OPERATIONS WITH SALES,SALES,CENSUS
,UNITED STATES,96756,HI,15,YEAR,,ALL UTILIZATION PRACTICES,SALES,ANNUAL,,2022,OPERATIONS,,15,,,00,,00,17,96756,00000000,ALL CLASSES,,ZIP CODE,HAWAII,9000,2024-11-07 12:00:00.000,CROPS,,ALL PRODUCTION PRACTICES,CROP TOTALS,,CROP TOTALS,"SALES: (LESS THAN 50,000 $)",CROP TOTALS - OPERATIONS WITH SALES,SALES,CENSUS
,UNITED STATES,96756,HI,15,YEAR,,ALL UTILIZATION PRACTICES,SALES,ANNUAL,,2017,OPERATIONS,,15,,,00,,00,11,96756,00000000,ALL CLASSES,,ZIP CODE,HAWAII,9000,2018-02-01 12:00:00.000,CROPS,,ALL PRODUCTION PRACTICES,CROP TOTALS,,CROP TOTALS,"SALES: (LESS THAN 50,000 $)",CROP TOTALS - OPERATIONS WITH SALES,SALES,CENSUS
,UNITED STATES,96756,HI,15,YEAR,,ALL UTILIZATION PRACTICES,SALES,ANNUAL,,2007,OPERATIONS,,15,,,00,,00,17,96756,00000000,ALL CLASSES,,ZIP CODE,HAWAII,9000,2012-01-01 00:00:00.000,CROPS,,ALL PRODUCTION PRACTICES,CROP TOTALS,,CROP TOTALS,"SALES: (LESS THAN 50,000 $)",CROP TOTALS - OPERATIONS WITH SALES,SALES,CENSUS
,UNITED STATES,96757,HI,15,YEAR,,ALL UTILIZATION PRACTICES,SALES,ANNUAL,,2022,OPERATIONS,,15,,,00,,00,17,96757,00000000,ALL CLASSES,,ZIP CODE,HAWAII,9000,2024-11-07 12:00:00.000,CROPS,,ALL PRODUCTION PRACTICES,CROP TOTALS,,CROP TOTALS,"SALES: (LESS THAN 50,000 $)",CROP TOTALS - OPERATIONS WITH SALES,SALES,CENSUS
,UNITED STATES,96757,HI,15,YEAR,,ALL UTILIZATION PRACTICES,SALES,ANNUAL,,2017,OPERATIONS,,15,,,00,,00,4,96757,00000000,ALL CLASSES,,ZIP CODE,HAWAII,9000,2018-02-01 12:00:00.000,CROPS,,ALL PRODUCTION PRACTICES,CROP TOTALS,,CROP TOTALS,"SALES: (LESS THAN 50,000 $)",CROP TOTALS - OPERATIONS WITH SALES,SALES,CENSUS
,UNITED STATES,96757,HI,15,YEAR,,ALL UTILIZATION PRACTICES,SALES,ANNUAL,,2007,OPERATIONS,,15,,,00,,00,4,96757,00000000,ALL CLASSES,,ZIP CODE,HAWAII,9000,2012-01-01 00:00:00.000,CROPS,,ALL PRODUCTION PRACTICES,CROP TOTALS,,CROP TOTALS,"SALES: (LESS THAN 50,000 $)",CROP TOTALS - OPERATIONS WITH SALES,SALES,CENSUS
,UNITED STATES,96759,HI,15,YEAR,,ALL UTILIZATION PRACTICES,SALES,ANNUAL,,2022,OPERATIONS,,15,,,00,,00,9,96759,00000000,ALL CLASSES,,ZIP CODE,HAWAII,9000,2024-11-07 12:00:00.000,CROPS,,ALL PRODUCTION PRACTICES,CROP TOTALS,,CROP TOTALS,"SALES: (LESS THAN 50,000 $)",CROP TOTALS - OPERATIONS WITH SALES,SALES,CENSUS
,UNITED STATES,96759,HI,15,YEAR,,ALL UTILIZATION PRACTICES,SALES,ANNUAL,,2017,OPERATIONS,,15,,,00,,00,10,96759,00000000,ALL CLASSES,,ZIP CODE,HAWAII,9000,2018-02-01 12:00:00.000,CROPS,,ALL PRODUCTION PRACTICES,CROP TOTALS,,CROP TOTALS,"SALES: (LESS THAN 50,000 $)",CROP TOTALS - OPERATIONS WITH SALES,SALES,CENSUS
,UNITED STATES,96760,HI,15,YEAR,,ALL UTILIZATION PRACTICES,SALES,ANNUAL,,2022,OPERATIONS,,15,,,00,,00,62,96760,00000000,ALL CLASSES,,ZIP CODE,HAWAII,9000,2024-11-07 12:00:00.000,CROPS,,ALL PRODUCTION PRACTICES,CROP TOTALS,,CROP TOTALS,"SALES: (LESS THAN 50,000 $)",CROP TOTALS - OPERATIONS WITH SALES,SALES,CENSUS
,UNITED STATES,96760,HI,15,YEAR,,ALL UTILIZATION PRACTICES,SALES,ANNUAL,,2017,OPERATIONS,,15,,,00,,00,59,96760,00000000,ALL CLASSES,,ZIP CODE,HAWAII,9000,2018-02-01 12:00:00.000,CROPS,,ALL PRODUCTION PRACTICES,CROP TOTALS,,CROP TOTALS,"SALES: (LESS THAN 50,000 $)",CROP TOTALS - OPERATIONS WITH SALES,SALES,CENSUS
,UNITED STATES,96760,HI,15,YEAR,,ALL UTILIZATION PRACTICES,SALES,ANNUAL,,2007,OPERATIONS,,15,,,00,,00,79,96760,00000000,ALL CLASSES,,ZIP CODE,HAWAII,9000,2012-01-01 00:00:00.000,CROPS,,ALL PRODUCTION PRACTICES,CROP TOTALS,,CROP TOTALS,"SALES: (LESS THAN 50,000 $)",CROP TOTALS - OPERATIONS WITH SALES,SALES,CENSUS
,UNITED STATES,96761,HI,15,YEAR,,ALL UTILIZATION PRACTICES,SALES,ANNUAL,,2022,OPERATIONS,,15,,,00,,00,23,96761,00000000,ALL CLASSES,,ZIP CODE,HAWAII,9000,2024-11-07 12:00:00.000,CROPS,,ALL PRODUCTION PRACTICES,CROP TOTALS,,CROP TOTALS,"SALES: (LESS THAN 50,000 $)",CROP TOTALS - OPERATIONS WITH SALES,SALES,CENSUS
,UNITED STATES,96761,HI,15,YEAR,,ALL UTILIZATION PRACTICES,SALES,ANNUAL,,2017,OPERATIONS,,15,,,00,,00,45,96761,00000000,ALL CLASSES,,ZIP CODE,HAWAII,9000,2018-02-01 12:00:00.000,CROPS,,ALL PRODUCTION PRACTICES,CROP TOTALS,,CROP TOTALS,"SALES: (LESS THAN 50,000 $)",CROP TOTALS - OPERATIONS WITH SALES,SALES,CENSUS
,UNITED STATES,96761,HI,15,YEAR,,ALL UTILIZATION PRACTICES,SALES,ANNUAL,,2007,OPERATIONS,,15,,,00,,00,28,96761,00000000,ALL CLASSES,,ZIP CODE,HAWAII,9000,2012-01-01 00:00:00.000,CROPS,,ALL PRODUCTION PRACTICES,CROP TOTALS,,CROP TOTALS,"SALES: (LESS THAN 50,000 $)",CROP TOTALS - OPERATIONS WITH SALES,SALES,CENSUS
,UNITED STATES,96762,HI,15,YEAR,,ALL UTILIZATION PRACTICES,SALES,ANNUAL,,2022,OPERATIONS,,15,,,00,,00,6,96762,00000000,ALL CLASSES,,ZIP CODE,HAWAII,9000,2024-11-07 12:00:00.000,CROPS,,ALL PRODUCTION PRACTICES,CROP TOTALS,,CROP TOTALS,"SALES: (LESS THAN 50,000 $)",CROP TOTALS - OPERATIONS WITH SALES,SALES,CENSUS
,UNITED STATES,96762,HI,15,YEAR,,ALL UTILIZATION PRACTICES,SALES,ANNUAL,,2007,OPERATIONS,,15,,,00,,00,1,96762,00000000,ALL CLASSES,,ZIP CODE,HAWAII,9000,2012-01-01 00:00:00.000,CROPS,,ALL PRODUCTION PRACTICES,CROP TOTALS,,CROP TOTALS,"SALES: (LESS THAN 50,000 $)",CROP TOTALS - OPERATIONS WITH SALES,SALES,CENSUS
,UNITED STATES,96763,HI,15,YEAR,,ALL UTILIZATION PRACTICES,SALES,ANNUAL,,2022,OPERATIONS,,15,,,00,,00,6,96763,00000000,ALL CLASSES,,ZIP CODE,HAWAII,9000,2024-11-07 12:00:00.000,CROPS,,ALL PRODUCTION PRACTICES,CROP TOTALS,,CROP TOTALS,"SALES: (LESS THAN 50,000 $)",CROP TOTALS - OPERATIONS WITH SALES,SALES,CENSUS
,UNITED STATES,96763,HI,15,YEAR,,ALL UTILIZATION PRACTICES,SALES,ANNUAL,,2017,OPERATIONS,,15,,,00,,00,10,96763,00000000,ALL CLASSES,,ZIP CODE,HAWAII,9000,2018-02-01 12:00:00.000,CROPS,,ALL PRODUCTION PRACTICES,CROP TOTALS,,CROP TOTALS,"SALES: (LESS THAN 50,000 $)",CROP TOTALS - OPERATIONS WITH SALES,SALES,CENSUS
,UNITED STATES,96763,HI,15,YEAR,,ALL UTILIZATION PRACTICES,SALES,ANNUAL,,2007,OPERATIONS,,15,,,00,,00,5,96763,00000000,ALL CLASSES,,ZIP CODE,HAWAII,9000,2012-01-01 00:00:00.000,CROPS,,ALL PRODUCTION PRACTICES,CROP TOTALS,,CROP TOTALS,"SALES: (LESS THAN 50,000 $)",CROP TOTALS - OPERATIONS WITH SALES,SALES,CENSUS
,UNITED STATES,96764,HI,15,YEAR,,ALL UTILIZATION PRACTICES,SALES,ANNUAL,,2022,OPERATIONS,,15,,,00,,00,14,96764,00000000,ALL CLASSES,,ZIP CODE,HAWAII,9000,2024-11-07 12:00:00.000,CROPS,,ALL PRODUCTION PRACTICES,CROP TOTALS,,CROP TOTALS,"SALES: (LESS THAN 50,000 $)",CROP TOTALS - OPERATIONS WITH SALES,SALES,CENSUS
,UNITED STATES,96764,HI,15,YEAR,,ALL UTILIZATION PRACTICES,SALES,ANNUAL,,2017,OPERATIONS,,15,,,00,,00,12,96764,00000000,ALL CLASSES,,ZIP CODE,HAWAII,9000,2018-02-01 12:00:00.000,CROPS,,ALL PRODUCTION PRACTICES,CROP TOTALS,,CROP TOTALS,"SALES: (LESS THAN 50,000 $)",CROP TOTALS - OPERATIONS WITH SALES,SALES,CENSUS
,UNITED STATES,96764,HI,15,YEAR,,ALL UTILIZATION PRACTICES,SALES,ANNUAL,,2007,OPERATIONS,,15,,,00,,00,20,96764,00000000,ALL CLASSES,,ZIP CODE,HAWAII,9000,2012-01-01 00:00:00.000,CROPS,,ALL PRODUCTION PRACTICES,CROP TOTALS,,CROP TOTALS,"SALES: (LESS THAN 50,000 $)",CROP TOTALS - OPERATIONS WITH SALES,SALES,CENSUS
,UNITED STATES,96765,HI,15,YEAR,,ALL UTILIZATION PRACTICES,SALES,ANNUAL,,2022,OPERATIONS,,15,,,00,,00,2,96765,00000000,ALL CLASSES,,ZIP CODE,HAWAII,9000,2024-11-07 12:00:00.000,CROPS,,ALL PRODUCTION PRACTICES,CROP TOTALS,,CROP TOTALS,"SALES: (LESS THAN 50,000 $)",CROP TOTALS - OPERATIONS WITH SALES,SALES,CENSUS
,UNITED STATES,96765,HI,15,YEAR,,ALL UTILIZATION PRACTICES,SALES,ANNUAL,,2017,OPERATIONS,,15,,,00,,00,11,96765,00000000,ALL CLASSES,,ZIP CODE,HAWAII,9000,2018-02-01 12:00:00.000,CROPS,,ALL PRODUCTION PRACTICES,CROP TOTALS,,CROP TOTALS,"SALES: (LESS THAN 50,000 $)",CROP TOTALS - OPERATIONS WITH SALES,SALES,CENSUS
,UNITED STATES,96765,HI,15,YEAR,,ALL UTILIZATION PRACTICES,SALES,ANNUAL,,2007,OPERATIONS,,15,,,00,,00,14,96765,00000000,ALL CLASSES,,ZIP CODE,HAWAII,9000,2012-01-01 00:00:00.000,CROPS,,ALL PRODUCTION PRACTICES,CROP TOTALS,,CROP TOTALS,"SALES: (LESS THAN 50,000 $)",CROP TOTALS - OPERATIONS WITH SALES,SALES,CENSUS
,UNITED STATES,96766,HI,15,YEAR,,ALL UTILIZATION PRACTICES,SALES,ANNUAL,,2022,OPERATIONS,,15,,,00,,00,22,96766,00000000,ALL CLASSES,,ZIP CODE,HAWAII,9000,2024-11-07 12:00:00.000,CROPS,,ALL PRODUCTION PRACTICES,CROP TOTALS,,CROP TOTALS,"SALES: (LESS THAN 50,000 $)",CROP TOTALS - OPERATIONS WITH SALES,SALES,CENSUS
,UNITED STATES,96766,HI,15,YEAR,,ALL UTILIZATION PRACTICES,SALES,ANNUAL,,2017,OPERATIONS,,15,,,00,,00,26,96766,00000000,ALL CLASSES,,ZIP CODE,HAWAII,9000,2018-02-01 12:00:00.000,CROPS,,ALL PRODUCTION PRACTICES,CROP TOTALS,,CROP TOTALS,"SALES: (LESS THAN 50,000 $)",CROP TOTALS - OPERATIONS WITH SALES,SALES,CENSUS
,UNITED STATES,96766,HI,15,YEAR,,ALL UTILIZATION PRACTICES,SALES,ANNUAL,,2007,OPERATIONS,,15,,,00,,00,20,96766,00000000,ALL CLASSES,,ZIP CODE,HAWAII,9000,2012-01-01 00:00:00.000,CROPS,,ALL PRODUCTION PRACTICES,CROP TOTALS,,CROP TOTALS,"SALES: (LESS THAN 50,000 $)",CROP TOTALS - OPERATIONS WITH SALES,SALES,CENSUS
,UNITED STATES,96767,HI,15,YEAR,,ALL UTILIZATION PRACTICES,SALES,ANNUAL,,2022,OPERATIONS,,15,,,00,,00,4,96767,00000000,ALL CLASSES,,ZIP CODE,HAWAII,9000,2024-11-07 12:00:00.000,CROPS,,ALL PRODUCTION PRACTICES,CROP TOTALS,,CROP TOTALS,"SALES: (LESS THAN 50,000 $)",CROP TOTALS - OPERATIONS WITH SALES,SALES,CENSUS
,UNITED STATES,96767,HI,15,YEAR,,ALL UTILIZATION PRACTICES,SALES,ANNUAL,,2017,OPERATIONS,,15,,,00,,00,2,96767,00000000,ALL CLASSES,,ZIP CODE,HAWAII,9000,2018-02-01 12:00:00.000,CROPS,,ALL PRODUCTION PRACTICES,CROP TOTALS,,CROP TOTALS,"SALES: (LESS THAN 50,000 $)",CROP TOTALS - OPERATIONS WITH SALES,SALES,CENSUS
,UNITED STATES,96767,HI,15,YEAR,,ALL UTILIZATION PRACTICES,SALES,ANNUAL,,2007,OPERATIONS,,15,,,00,,00,2,96767,00000000,ALL CLASSES,,ZIP CODE,HAWAII,9000,2012-01-01 00:00:00.000,CROPS,,ALL PRODUCTION PRACTICES,CROP TOTALS,,CROP TOTALS,"SALES: (LESS THAN 50,000 $)",CROP TOTALS - OPERATIONS WITH SALES,SALES,CENSUS
,UNITED STATES,96768,HI,15,YEAR,,ALL UTILIZATION PRACTICES,SALES,ANNUAL,,2022,OPERATIONS,,15,,,00,,00,96,96768,00000000,ALL CLASSES,,ZIP CODE,HAWAII,9000,2024-11-07 12:00:00.000,CROPS,,ALL PRODUCTION PRACTICES,CROP TOTALS,,CROP TOTALS,"SALES: (LESS THAN 50,000 $)",CROP TOTALS - OPERATIONS WITH SALES,SALES,CENSUS
,UNITED STATES,96768,HI,15,YEAR,,ALL UTILIZATION PRACTICES,SALES,ANNUAL,,2017,OPERATIONS,,15,,,00,,00,117,96768,00000000,ALL CLASSES,,ZIP CODE,HAWAII,9000,2018-02-01 12:00:00.000,CROPS,,ALL PRODUCTION PRACTICES,CROP TOTALS,,CROP TOTALS,"SALES: (LESS THAN 50,000 $)",CROP TOTALS - OPERATIONS WITH SALES,SALES,CENSUS
,UNITED STATES,96768,HI,15,YEAR,,ALL UTILIZATION PRACTICES,SALES,ANNUAL,,2007,OPERATIONS,,15,,,00,,00,111,96768,00000000,ALL CLASSES,,ZIP CODE,HAWAII,9000,2012-01-01 00:00:00.000,CROPS,,ALL PRODUCTION PRACTICES,CROP TOTALS,,CROP TOTALS,"SALES: (LESS THAN 50,000 $)",CROP TOTALS - OPERATIONS WITH SALES,SALES,CENSUS
,UNITED STATES,96769,HI,15,YEAR,,ALL UTILIZATION PRACTICES,SALES,ANNUAL,,2017,OPERATIONS,,15,,,00,,00,3,96769,00000000,ALL CLASSES,,ZIP CODE,HAWAII,9000,2018-02-01 12:00:00.000,CROPS,,ALL PRODUCTION PRACTICES,CROP TOTALS,,CROP TOTALS,"SALES: (LESS THAN 50,000 $)",CROP TOTALS - OPERATIONS WITH SALES,SALES,CENSUS
,UNITED STATES,96769,HI,15,YEAR,,ALL UTILIZATION PRACTICES,SALES,ANNUAL,,2007,OPERATIONS,,15,,,00,,00,9,96769,00000000,ALL CLASSES,,ZIP CODE,HAWAII,9000,2012-01-01 00:00:00.000,CROPS,,ALL PRODUCTION PRACTICES,CROP TOTALS,,CROP TOTALS,"SALES: (LESS THAN 50,000 $)",CROP TOTALS - OPERATIONS WITH SALES,SALES,CENSUS
,UNITED STATES,96770,HI,15,YEAR,,ALL UTILIZATION PRACTICES,SALES,ANNUAL,,2022,OPERATIONS,,15,,,00,,00,2,96770,00000000,ALL CLASSES,,ZIP CODE,HAWAII,9000,2024-11-07 12:00:00.000,CROPS,,ALL PRODUCTION PRACTICES,CROP TOTALS,,CROP TOTALS,"SALES: (LESS THAN 50,000 $)",CROP TOTALS - OPERATIONS WITH SALES,SALES,CENSUS
,UNITED STATES,96770,HI,15,YEAR,,ALL UTILIZATION PRACTICES,SALES,ANNUAL,,2017,OPERATIONS,,15,,,00,,00,1,96770,00000000,ALL CLASSES,,ZIP CODE,HAWAII,9000,2018-02-01 12:00:00.000,CROPS,,ALL PRODUCTION PRACTICES,CROP TOTALS,,CROP TOTALS,"SALES: (LESS THAN 50,000 $)",CROP TOTALS - OPERATIONS WITH SALES,SALES,CENSUS
,UNITED STATES,96771,HI,15,YEAR,,ALL UTILIZATION PRACTICES,SALES,ANNUAL,,2022,OPERATIONS,,15,,,00,,00,30,96771,00000000,ALL CLASSES,,ZIP CODE,HAWAII,9000,2024-11-07 12:00:00.000,CROPS,,ALL PRODUCTION PRACTICES,CROP TOTALS,,CROP TOTALS,"SALES: (LESS THAN 50,000 $)",CROP TOTALS - OPERATIONS WITH SALES,SALES,CENSUS
,UNITED STATES,96771,HI,15,YEAR,,ALL UTILIZATION PRACTICES,SALES,ANNUAL,,2017,OPERATIONS,,15,,,00,,00,34,96771,00000000,ALL CLASSES,,ZIP CODE,HAWAII,9000,2018-02-01 12:00:00.000,CROPS,,ALL PRODUCTION PRACTICES,CROP TOTALS,,CROP TOTALS,"SALES: (LESS THAN 50,000 $)",CROP TOTALS - OPERATIONS WITH SALES,SALES,CENSUS
,UNITED STATES,96771,HI,15,YEAR,,ALL UTILIZATION PRACTICES,SALES,ANNUAL,,2007,OPERATIONS,,15,,,00,,00,42,96771,00000000,ALL CLASSES,,ZIP CODE,HAWAII,9000,2012-01-01 00:00:00.000,CROPS,,ALL PRODUCTION PRACTICES,CROP TOTALS,,CROP TOTALS,"SALES: (LESS THAN 50,000 $)",CROP TOTALS - OPERATIONS WITH SALES,SALES,CENSUS
,UNITED STATES,96772,HI,15,YEAR,,ALL UTILIZATION PRACTICES,SALES,ANNUAL,,2022,OPERATIONS,,15,,,00,,00,47,96772,00000000,ALL CLASSES,,ZIP CODE,HAWAII,9000,2024-11-07 12:00:00.000,CROPS,,ALL PRODUCTION PRACTICES,CROP TOTALS,,CROP TOTALS,"SALES: (LESS THAN 50,000 $)",CROP TOTALS - OPERATIONS WITH SALES,SALES,CENSUS
,UNITED STATES,96772,HI,15,YEAR,,ALL UTILIZATION PRACTICES,SALES,ANNUAL,,2017,OPERATIONS,,15,,,00,,00,25,96772,00000000,ALL CLASSES,,ZIP CODE,HAWAII,9000,2018-02-01 12:00:00.000,CROPS,,ALL PRODUCTION PRACTICES,CROP TOTALS,,CROP TOTALS,"SALES: (LESS THAN 50,000 $)",CROP TOTALS - OPERATIONS WITH SALES,SALES,CENSUS
,UNITED STATES,96772,HI,15,YEAR,,ALL UTILIZATION PRACTICES,SALES,ANNUAL,,2007,OPERATIONS,,15,,,00,,00,37,96772,00000000,ALL CLASSES,,ZIP CODE,HAWAII,9000,2012-01-01 00:00:00.000,CROPS,,ALL PRODUCTION PRACTICES,CROP TOTALS,,CROP TOTALS,"SALES: (LESS THAN 50,000 $)",CROP TOTALS - OPERATIONS WITH SALES,SALES,CENSUS
,UNITED STATES,96773,HI,15,YEAR,,ALL UTILIZATION PRACTICES,SALES,ANNUAL,,2022,OPERATIONS,,15,,,00,,00,17,96773,00000000,ALL CLASSES,,ZIP CODE,HAWAII,9000,2024-11-07 12:00:00.000,CROPS,,ALL PRODUCTION PRACTICES,CROP TOTALS,,CROP TOTALS,"SALES: (LESS THAN 50,000 $)",CROP TOTALS - OPERATIONS WITH SALES,SALES,CENSUS
,UNITED STATES,96773,HI,15,YEAR,,ALL UTILIZATION PRACTICES,SALES,ANNUAL,,2017,OPERATIONS,,15,,,00,,00,8,96773,00000000,ALL CLASSES,,ZIP CODE,HAWAII,9000,2018-02-01 12:00:00.000,CROPS,,ALL PRODUCTION PRACTICES,CROP TOTALS,,CROP TOTALS,"SALES: (LESS THAN 50,000 $)",CROP TOTALS - OPERATIONS WITH SALES,SALES,CENSUS
,UNITED STATES,96773,HI,15,YEAR,,ALL UTILIZATION PRACTICES,SALES,ANNUAL,,2007,OPERATIONS,,15,,,00,,00,9,96773,00000000,ALL CLASSES,,ZIP CODE,HAWAII,9000,2012-01-01 00:00:00.000,CROPS,,ALL PRODUCTION PRACTICES,CROP TOTALS,,CROP TOTALS,"SALES: (LESS THAN 50,000 $)",CROP TOTALS - OPERATIONS WITH SALES,SALES,CENSUS
,UNITED STATES,96774,HI,15,YEAR,,ALL UTILIZATION PRACTICES,SALES,ANNUAL,,2017,OPERATIONS,,15,,,00,,00,1,96774,00000000,ALL CLASSES,,ZIP CODE,HAWAII,9000,2018-02-01 12:00:00.000,CROPS,,ALL PRODUCTION PRACTICES,CROP TOTALS,,CROP TOTALS,"SALES: (LESS THAN 50,000 $)",CROP TOTALS - OPERATIONS WITH SALES,SALES,CENSUS
,UNITED STATES,96774,HI,15,YEAR,,ALL UTILIZATION PRACTICES,SALES,ANNUAL,,2007,OPERATIONS,,15,,,00,,00,2,96774,00000000,ALL CLASSES,,ZIP CODE,HAWAII,9000,2012-01-01 00:00:00.000,CROPS,,ALL PRODUCTION PRACTICES,CROP TOTALS,,CROP TOTALS,"SALES: (LESS THAN 50,000 $)",CROP TOTALS - OPERATIONS WITH SALES,SALES,CENSUS
,UNITED STATES,96776,HI,15,YEAR,,ALL UTILIZATION PRACTICES,SALES,ANNUAL,,2022,OPERATIONS,,15,,,00,,00,22,96776,00000000,ALL CLASSES,,ZIP CODE,HAWAII,9000,2024-11-07 12:00:00.000,CROPS,,ALL PRODUCTION PRACTICES,CROP TOTALS,,CROP TOTALS,"SALES: (LESS THAN 50,000 $)",CROP TOTALS - OPERATIONS WITH SALES,SALES,CENSUS
,UNITED STATES,96776,HI,15,YEAR,,ALL UTILIZATION PRACTICES,SALES,ANNUAL,,2017,OPERATIONS,,15,,,00,,00,27,96776,00000000,ALL CLASSES,,ZIP CODE,HAWAII,9000,2018-02-01 12:00:00.000,CROPS,,ALL PRODUCTION PRACTICES,CROP TOTALS,,CROP TOTALS,"SALES: (LESS THAN 50,000 $)",CROP TOTALS - OPERATIONS WITH SALES,SALES,CENSUS
,UNITED STATES,96776,HI,15,YEAR,,ALL UTILIZATION PRACTICES,SALES,ANNUAL,,2007,OPERATIONS,,15,,,00,,00,38,96776,00000000,ALL CLASSES,,ZIP CODE,HAWAII,9000,2012-01-01 00:00:00.000,CROPS,,ALL PRODUCTION PRACTICES,CROP TOTALS,,CROP TOTALS,"SALES: (LESS THAN 50,000 $)",CROP TOTALS - OPERATIONS WITH SALES,SALES,CENSUS
,UNITED STATES,96777,HI,15,YEAR,,ALL UTILIZATION PRACTICES,SALES,ANNUAL,,2022,OPERATIONS,,15,,,00,,00,16,96777,00000000,ALL CLASSES,,ZIP CODE,HAWAII,9000,2024-11-07 12:00:00.000,CROPS,,ALL PRODUCTION PRACTICES,CROP TOTALS,,CROP TOTALS,"SALES: (LESS THAN 50,000 $)",CROP TOTALS - OPERATIONS WITH SALES,SALES,CENSUS
,UNITED STATES,96777,HI,15,YEAR,,ALL UTILIZATION PRACTICES,SALES,ANNUAL,,2017,OPERATIONS,,15,,,00,,00,18,96777,00000000,ALL CLASSES,,ZIP CODE,HAWAII,9000,2018-02-01 12:00:00.000,CROPS,,ALL PRODUCTION PRACTICES,CROP TOTALS,,CROP TOTALS,"SALES: (LESS THAN 50,000 $)",CROP TOTALS - OPERATIONS WITH SALES,SALES,CENSUS
,UNITED STATES,96777,HI,15,YEAR,,ALL UTILIZATION PRACTICES,SALES,ANNUAL,,2007,OPERATIONS,,15,,,00,,00,29,96777,00000000,ALL CLASSES,,ZIP CODE,HAWAII,9000,2012-01-01 00:00:00.000,CROPS,,ALL PRODUCTION PRACTICES,CROP TOTALS,,CROP TOTALS,"SALES: (LESS THAN 50,000 $)",CROP TOTALS - OPERATIONS WITH SALES,SALES,CENSUS
,UNITED STATES,96778,HI,15,YEAR,,ALL UTILIZATION PRACTICES,SALES,ANNUAL,,2022,OPERATIONS,,15,,,00,,00,97,96778,00000000,ALL CLASSES,,ZIP CODE,HAWAII,9000,2024-11-07 12:00:00.000,CROPS,,ALL PRODUCTION PRACTICES,CROP TOTALS,,CROP TOTALS,"SALES: (LESS THAN 50,000 $)",CROP TOTALS - OPERATIONS WITH SALES,SALES,CENSUS
,UNITED STATES,96778,HI,15,YEAR,,ALL UTILIZATION PRACTICES,SALES,ANNUAL,,2017,OPERATIONS,,15,,,00,,00,154,96778,00000000,ALL CLASSES,,ZIP CODE,HAWAII,9000,2018-02-01 12:00:00.000,CROPS,,ALL PRODUCTION PRACTICES,CROP TOTALS,,CROP TOTALS,"SALES: (LESS THAN 50,000 $)",CROP TOTALS - OPERATIONS WITH SALES,SALES,CENSUS
,UNITED STATES,96778,HI,15,YEAR,,ALL UTILIZATION PRACTICES,SALES,ANNUAL,,2007,OPERATIONS,,15,,,00,,00,185,96778,00000000,ALL CLASSES,,ZIP CODE,HAWAII,9000,2012-01-01 00:00:00.000,CROPS,,ALL PRODUCTION PRACTICES,CROP TOTALS,,CROP TOTALS,"SALES: (LESS THAN 50,000 $)",CROP TOTALS - OPERATIONS WITH SALES,SALES,CENSUS
,UNITED STATES,96779,HI,15,YEAR,,ALL UTILIZATION PRACTICES,SALES,ANNUAL,,2022,OPERATIONS,,15,,,00,,00,27,96779,00000000,ALL CLASSES,,ZIP CODE,HAWAII,9000,2024-11-07 12:00:00.000,CROPS,,ALL PRODUCTION PRACTICES,CROP TOTALS,,CROP TOTALS,"SALES: (LESS THAN 50,000 $)",CROP TOTALS - OPERATIONS WITH SALES,SALES,CENSUS
,UNITED STATES,96779,HI,15,YEAR,,ALL UTILIZATION PRACTICES,SALES,ANNUAL,,2017,OPERATIONS,,15,,,00,,00,14,96779,00000000,ALL CLASSES,,ZIP CODE,HAWAII,9000,2018-02-01 12:00:00.000,CROPS,,ALL PRODUCTION PRACTICES,CROP TOTALS,,CROP TOTALS,"SALES: (LESS THAN 50,000 $)",CROP TOTALS - OPERATIONS WITH SALES,SALES,CENSUS
,UNITED STATES,96779,HI,15,YEAR,,ALL UTILIZATION PRACTICES,SALES,ANNUAL,,2007,OPERATIONS,,15,,,00,,00,19,96779,00000000,ALL CLASSES,,ZIP CODE,HAWAII,9000,2012-01-01 00:00:00.000,CROPS,,ALL PRODUCTION PRACTICES,CROP TOTALS,,CROP TOTALS,"SALES: (LESS THAN 50,000 $)",CROP TOTALS - OPERATIONS WITH SALES,SALES,CENSUS
,UNITED STATES,96780,HI,15,YEAR,,ALL UTILIZATION PRACTICES,SALES,ANNUAL,,2022,OPERATIONS,,15,,,00,,00,15,96780,00000000,ALL CLASSES,,ZIP CODE,HAWAII,9000,2024-11-07 12:00:00.000,CROPS,,ALL PRODUCTION PRACTICES,CROP TOTALS,,CROP TOTALS,"SALES: (LESS THAN 50,000 $)",CROP TOTALS - OPERATIONS WITH SALES,SALES,CENSUS
,UNITED STATES,96780,HI,15,YEAR,,ALL UTILIZATION PRACTICES,SALES,ANNUAL,,2017,OPERATIONS,,15,,,00,,00,6,96780,00000000,ALL CLASSES,,ZIP CODE,HAWAII,9000,2018-02-01 12:00:00.000,CROPS,,ALL PRODUCTION PRACTICES,CROP TOTALS,,CROP TOTALS,"SALES: (LESS THAN 50,000 $)",CROP TOTALS - OPERATIONS WITH SALES,SALES,CENSUS
,UNITED STATES,96780,HI,15,YEAR,,ALL UTILIZATION PRACTICES,SALES,ANNUAL,,2007,OPERATIONS,,15,,,00,,00,11,96780,00000000,ALL CLASSES,,ZIP CODE,HAWAII,9000,2012-01-01 00:00:00.000,CROPS,,ALL PRODUCTION PRACTICES,CROP TOTALS,,CROP TOTALS,"SALES: (LESS THAN 50,000 $)",CROP TOTALS - OPERATIONS WITH SALES,SALES,CENSUS
,UNITED STATES,96781,HI,15,YEAR,,ALL UTILIZATION PRACTICES,SALES,ANNUAL,,2022,OPERATIONS,,15,,,00,,00,21,96781,00000000,ALL CLASSES,,ZIP CODE,HAWAII,9000,2024-11-07 12:00:00.000,CROPS,,ALL PRODUCTION PRACTICES,CROP TOTALS,,CROP TOTALS,"SALES: (LESS THAN 50,000 $)",CROP TOTALS - OPERATIONS WITH SALES,SALES,CENSUS
,UNITED STATES,96781,HI,15,YEAR,,ALL UTILIZATION PRACTICES,SALES,ANNUAL,,2017,OPERATIONS,,15,,,00,,00,37,96781,00000000,ALL CLASSES,,ZIP CODE,HAWAII,9000,2018-02-01 12:00:00.000,CROPS,,ALL PRODUCTION PRACTICES,CROP TOTALS,,CROP TOTALS,"SALES: (LESS THAN 50,000 $)",CROP TOTALS - OPERATIONS WITH SALES,SALES,CENSUS
,UNITED STATES,96781,HI,15,YEAR,,ALL UTILIZATION PRACTICES,SALES,ANNUAL,,2007,OPERATIONS,,15,,,00,,00,23,96781,00000000,ALL CLASSES,,ZIP CODE,HAWAII,9000,2012-01-01 00:00:00.000,CROPS,,ALL PRODUCTION PRACTICES,CROP TOTALS,,CROP TOTALS,"SALES: (LESS THAN 50,000 $)",CROP TOTALS - OPERATIONS WITH SALES,SALES,CENSUS
,UNITED STATES,96782,HI,15,YEAR,,ALL UTILIZATION PRACTICES,SALES,ANNUAL,,2022,OPERATIONS,,15,,,00,,00,18,96782,00000000,ALL CLASSES,,ZIP CODE,HAWAII,9000,2024-11-07 12:00:00.000,CROPS,,ALL PRODUCTION PRACTICES,CROP TOTALS,,CROP TOTALS,"SALES: (LESS THAN 50,000 $)",CROP TOTALS - OPERATIONS WITH SALES,SALES,CENSUS
,UNITED STATES,96782,HI,15,YEAR,,ALL UTILIZATION PRACTICES,SALES,ANNUAL,,2017,OPERATIONS,,15,,,00,,00,8,96782,00000000,ALL CLASSES,,ZIP CODE,HAWAII,9000,2018-02-01 12:00:00.000,CROPS,,ALL PRODUCTION PRACTICES,CROP TOTALS,,CROP TOTALS,"SALES: (LESS THAN 50,000 $)",CROP TOTALS - OPERATIONS WITH SALES,SALES,CENSUS
,UNITED STATES,96782,HI,15,YEAR,,ALL UTILIZATION PRACTICES,SALES,ANNUAL,,2007,OPERATIONS,,15,,,00,,00,18,96782,00000000,ALL CLASSES,,ZIP CODE,HAWAII,9000,2012-01-01 00:00:00.000,CROPS,,ALL PRODUCTION PRACTICES,CROP TOTALS,,CROP TOTALS,"SALES: (LESS THAN 50,000 $)",CROP TOTALS - OPERATIONS WITH SALES,SALES,CENSUS
,UNITED STATES,96783,HI,15,YEAR,,ALL UTILIZATION PRACTICES,SALES,ANNUAL,,2022,OPERATIONS,,15,,,00,,00,49,96783,00000000,ALL CLASSES,,ZIP CODE,HAWAII,9000,2024-11-07 12:00:00.000,CROPS,,ALL PRODUCTION PRACTICES,CROP TOTALS,,CROP TOTALS,"SALES: (LESS THAN 50,000 $)",CROP TOTALS - OPERATIONS WITH SALES,SALES,CENSUS
,UNITED STATES,96783,HI,15,YEAR,,ALL UTILIZATION PRACTICES,SALES,ANNUAL,,2017,OPERATIONS,,15,,,00,,00,31,96783,00000000,ALL CLASSES,,ZIP CODE,HAWAII,9000,2018-02-01 12:00:00.000,CROPS,,ALL PRODUCTION PRACTICES,CROP TOTALS,,CROP TOTALS,"SALES: (LESS THAN 50,000 $)",CROP TOTALS - OPERATIONS WITH SALES,SALES,CENSUS
,UNITED STATES,96783,HI,15,YEAR,,ALL UTILIZATION PRACTICES,SALES,ANNUAL,,2007,OPERATIONS,,15,,,00,,00,47,96783,00000000,ALL CLASSES,,ZIP CODE,HAWAII,9000,2012-01-01 00:00:00.000,CROPS,,ALL PRODUCTION PRACTICES,CROP TOTALS,,CROP TOTALS,"SALES: (LESS THAN 50,000 $)",CROP TOTALS - OPERATIONS WITH SALES,SALES,CENSUS
,UNITED STATES,96784,HI,15,YEAR,,ALL UTILIZATION PRACTICES,SALES,ANNUAL,,2022,OPERATIONS,,15,,,00,,00,9,96784,00000000,ALL CLASSES,,ZIP CODE,HAWAII,9000,2024-11-07 12:00:00.000,CROPS,,ALL PRODUCTION PRACTICES,CROP TOTALS,,CROP TOTALS,"SALES: (LESS THAN 50,000 $)",CROP TOTALS - OPERATIONS WITH SALES,SALES,CENSUS
,UNITED STATES,96784,HI,15,YEAR,,ALL UTILIZATION PRACTICES,SALES,ANNUAL,,2017,OPERATIONS,,15,,,00,,00,4,96784,00000000,ALL CLASSES,,ZIP CODE,HAWAII,9000,2018-02-01 12:00:00.000,CROPS,,ALL PRODUCTION PRACTICES,CROP TOTALS,,CROP TOTALS,"SALES: (LESS THAN 50,000 $)",CROP TOTALS - OPERATIONS WITH SALES,SALES,CENSUS
,UNITED STATES,96784,HI,15,YEAR,,ALL UTILIZATION PRACTICES,SALES,ANNUAL,,2007,OPERATIONS,,15,,,00,,00,3,96784,00000000,ALL CLASSES,,ZIP CODE,HAWAII,9000,2012-01-01 00:00:00.000,CROPS,,ALL PRODUCTION PRACTICES,CROP TOTALS,,CROP TOTALS,"SALES: (LESS THAN 50,000 $)",CROP TOTALS - OPERATIONS WITH SALES,SALES,CENSUS
,UNITED STATES,96785,HI,15,YEAR,,ALL UTILIZATION PRACTICES,SALES,ANNUAL,,2022,OPERATIONS,,15,,,00,,00,43,96785,00000000,ALL CLASSES,,ZIP CODE,HAWAII,9000,2024-11-07 12:00:00.000,CROPS,,ALL PRODUCTION PRACTICES,CROP TOTALS,,CROP TOTALS,"SALES: (LESS THAN 50,000 $)",CROP TOTALS - OPERATIONS WITH SALES,SALES,CENSUS
,UNITED STATES,96785,HI,15,YEAR,,ALL UTILIZATION PRACTICES,SALES,ANNUAL,,2017,OPERATIONS,,15,,,00,,00,16,96785,00000000,ALL CLASSES,,ZIP CODE,HAWAII,9000,2018-02-01 12:00:00.000,CROPS,,ALL PRODUCTION PRACTICES,CROP TOTALS,,CROP TOTALS,"SALES: (LESS THAN 50,000 $)",CROP TOTALS - OPERATIONS WITH SALES,SALES,CENSUS
,UNITED STATES,96785,HI,15,YEAR,,ALL UTILIZATION PRACTICES,SALES,ANNUAL,,2007,OPERATIONS,,15,,,00,,00,21,96785,00000000,ALL CLASSES,,ZIP CODE,HAWAII,9000,2012-01-01 00:00:00.000,CROPS,,ALL PRODUCTION PRACTICES,CROP TOTALS,,CROP TOTALS,"SALES: (LESS THAN 50,000 $)",CROP TOTALS - OPERATIONS WITH SALES,SALES,CENSUS
,UNITED STATES,96786,HI,15,YEAR,,ALL UTILIZATION PRACTICES,SALES,ANNUAL,,2022,OPERATIONS,,15,,,00,,00,17,96786,00000000,ALL CLASSES,,ZIP CODE,HAWAII,9000,2024-11-07 12:00:00.000,CROPS,,ALL PRODUCTION PRACTICES,CROP TOTALS,,CROP TOTALS,"SALES: (LESS THAN 50,000 $)",CROP TOTALS - OPERATIONS WITH SALES,SALES,CENSUS
,UNITED STATES,96786,HI,15,YEAR,,ALL UTILIZATION PRACTICES,SALES,ANNUAL,,2017,OPERATIONS,,15,,,00,,00,25,96786,00000000,ALL CLASSES,,ZIP CODE,HAWAII,9000,2018-02-01 12:00:00.000,CROPS,,ALL PRODUCTION PRACTICES,CROP TOTALS,,CROP TOTALS,"SALES: (LESS THAN 50,000 $)",CROP TOTALS - OPERATIONS WITH SALES,SALES,CENSUS
,UNITED STATES,96786,HI,15,YEAR,,ALL UTILIZATION PRACTICES,SALES,ANNUAL,,2007,OPERATIONS,,15,,,00,,00,9,96786,00000000,ALL CLASSES,,ZIP CODE,HAWAII,9000,2012-01-01 00:00:00.000,CROPS,,ALL PRODUCTION PRACTICES,CROP TOTALS,,CROP TOTALS,"SALES: (LESS THAN 50,000 $)",CROP TOTALS - OPERATIONS WITH SALES,SALES,CENSUS
,UNITED STATES,96788,HI,15,YEAR,,ALL UTILIZATION PRACTICES,SALES,ANNUAL,,2022,OPERATIONS,,15,,,00,,00,9,96788,00000000,ALL CLASSES,,ZIP CODE,HAWAII,9000,2024-11-07 12:00:00.000,CROPS,,ALL PRODUCTION PRACTICES,CROP TOTALS,,CROP TOTALS,"SALES: (LESS THAN 50,000 $)",CROP TOTALS - OPERATIONS WITH SALES,SALES,CENSUS
,UNITED STATES,96788,HI,15,YEAR,,ALL UTILIZATION PRACTICES,SALES,ANNUAL,,2017,OPERATIONS,,15,,,00,,00,13,96788,00000000,ALL CLASSES,,ZIP CODE,HAWAII,9000,2018-02-01 12:00:00.000,CROPS,,ALL PRODUCTION PRACTICES,CROP TOTALS,,CROP TOTALS,"SALES: (LESS THAN 50,000 $)",CROP TOTALS - OPERATIONS WITH SALES,SALES,CENSUS
,UNITED STATES,96788,HI,15,YEAR,,ALL UTILIZATION PRACTICES,SALES,ANNUAL,,2007,OPERATIONS,,15,,,00,,00,5,96788,00000000,ALL CLASSES,,ZIP CODE,HAWAII,9000,2012-01-01 00:00:00.000,CROPS,,ALL PRODUCTION PRACTICES,CROP TOTALS,,CROP TOTALS,"SALES: (LESS THAN 50,000 $)",CROP TOTALS - OPERATIONS WITH SALES,SALES,CENSUS
,UNITED STATES,96789,HI,15,YEAR,,ALL UTILIZATION PRACTICES,SALES,ANNUAL,,2022,OPERATIONS,,15,,,00,,00,23,96789,00000000,ALL CLASSES,,ZIP CODE,HAWAII,9000,2024-11-07 12:00:00.000,CROPS,,ALL PRODUCTION PRACTICES,CROP TOTALS,,CROP TOTALS,"SALES: (LESS THAN 50,000 $)",CROP TOTALS - OPERATIONS WITH SALES,SALES,CENSUS
,UNITED STATES,96789,HI,15,YEAR,,ALL UTILIZATION PRACTICES,SALES,ANNUAL,,2017,OPERATIONS,,15,,,00,,00,29,96789,00000000,ALL CLASSES,,ZIP CODE,HAWAII,9000,2018-02-01 12:00:00.000,CROPS,,ALL PRODUCTION PRACTICES,CROP TOTALS,,CROP TOTALS,"SALES: (LESS THAN 50,000 $)",CROP TOTALS - OPERATIONS WITH SALES,SALES,CENSUS
,UNITED STATES,96789,HI,15,YEAR,,ALL UTILIZATION PRACTICES,SALES,ANNUAL,,2007,OPERATIONS,,15,,,00,,00,27,96789,00000000,ALL CLASSES,,ZIP CODE,HAWAII,9000,2012-01-01 00:00:00.000,CROPS,,ALL PRODUCTION PRACTICES,CROP TOTALS,,CROP TOTALS,"SALES: (LESS THAN 50,000 $)",CROP TOTALS - OPERATIONS WITH SALES,SALES,CENSUS
,UNITED STATES,96790,HI,15,YEAR,,ALL UTILIZATION PRACTICES,SALES,ANNUAL,,2022,OPERATIONS,,15,,,00,,00,259,96790,00000000,ALL CLASSES,,ZIP CODE,HAWAII,9000,2024-11-07 12:00:00.000,CROPS,,ALL PRODUCTION PRACTICES,CROP TOTALS,,CROP TOTALS,"SALES: (LESS THAN 50,000 $)",CROP TOTALS - OPERATIONS WITH SALES,SALES,CENSUS
,UNITED STATES,96790,HI,15,YEAR,,ALL UTILIZATION PRACTICES,SALES,ANNUAL,,2017,OPERATIONS,,15,,,00,,00,219,96790,00000000,ALL CLASSES,,ZIP CODE,HAWAII,9000,2018-02-01 12:00:00.000,CROPS,,ALL PRODUCTION PRACTICES,CROP TOTALS,,CROP TOTALS,"SALES: (LESS THAN 50,000 $)",CROP TOTALS - OPERATIONS WITH SALES,SALES,CENSUS
,UNITED STATES,96790,HI,15,YEAR,,ALL UTILIZATION PRACTICES,SALES,ANNUAL,,2007,OPERATIONS,,15,,,00,,00,203,96790,00000000,ALL CLASSES,,ZIP CODE,HAWAII,9000,2012-01-01 00:00:00.000,CROPS,,ALL PRODUCTION PRACTICES,CROP TOTALS,,CROP TOTALS,"SALES: (LESS THAN 50,000 $)",CROP TOTALS - OPERATIONS WITH SALES,SALES,CENSUS
,UNITED STATES,96791,HI,15,YEAR,,ALL UTILIZATION PRACTICES,SALES,ANNUAL,,2022,OPERATIONS,,15,,,00,,00,71,96791,00000000,ALL CLASSES,,ZIP CODE,HAWAII,9000,2024-11-07 12:00:00.000,CROPS,,ALL PRODUCTION PRACTICES,CROP TOTALS,,CROP TOTALS,"SALES: (LESS THAN 50,000 $)",CROP TOTALS - OPERATIONS WITH SALES,SALES,CENSUS
,UNITED STATES,96791,HI,15,YEAR,,ALL UTILIZATION PRACTICES,SALES,ANNUAL,,2017,OPERATIONS,,15,,,00,,00,39,96791,00000000,ALL CLASSES,,ZIP CODE,HAWAII,9000,2018-02-01 12:00:00.000,CROPS,,ALL PRODUCTION PRACTICES,CROP TOTALS,,CROP TOTALS,"SALES: (LESS THAN 50,000 $)",CROP TOTALS - OPERATIONS WITH SALES,SALES,CENSUS
,UNITED STATES,96791,HI,15,YEAR,,ALL UTILIZATION PRACTICES,SALES,ANNUAL,,2007,OPERATIONS,,15,,,00,,00,31,96791,00000000,ALL CLASSES,,ZIP CODE,HAWAII,9000,2012-01-01 00:00:00.000,CROPS,,ALL PRODUCTION PRACTICES,CROP TOTALS,,CROP TOTALS,"SALES: (LESS THAN 50,000 $)",CROP TOTALS - OPERATIONS WITH SALES,SALES,CENSUS
,UNITED STATES,96792,HI,15,YEAR,,ALL UTILIZATION PRACTICES,SALES,ANNUAL,,2022,OPERATIONS,,15,,,00,,00,63,96792,00000000,ALL CLASSES,,ZIP CODE,HAWAII,9000,2024-11-07 12:00:00.000,CROPS,,ALL PRODUCTION PRACTICES,CROP TOTALS,,CROP TOTALS,"SALES: (LESS THAN 50,000 $)",CROP TOTALS - OPERATIONS WITH SALES,SALES,CENSUS
,UNITED STATES,96792,HI,15,YEAR,,ALL UTILIZATION PRACTICES,SALES,ANNUAL,,2017,OPERATIONS,,15,,,00,,00,79,96792,00000000,ALL CLASSES,,ZIP CODE,HAWAII,9000,2018-02-01 12:00:00.000,CROPS,,ALL PRODUCTION PRACTICES,CROP TOTALS,,CROP TOTALS,"SALES: (LESS THAN 50,000 $)",CROP TOTALS - OPERATIONS WITH SALES,SALES,CENSUS
,UNITED STATES,96792,HI,15,YEAR,,ALL UTILIZATION PRACTICES,SALES,ANNUAL,,2007,OPERATIONS,,15,,,00,,00,111,96792,00000000,ALL CLASSES,,ZIP CODE,HAWAII,9000,2012-01-01 00:00:00.000,CROPS,,ALL PRODUCTION PRACTICES,CROP TOTALS,,CROP TOTALS,"SALES: (LESS THAN 50,000 $)",CROP TOTALS - OPERATIONS WITH SALES,SALES,CENSUS
,UNITED STATES,96793,HI,15,YEAR,,ALL UTILIZATION PRACTICES,SALES,ANNUAL,,2022,OPERATIONS,,15,,,00,,00,56,96793,00000000,ALL CLASSES,,ZIP CODE,HAWAII,9000,2024-11-07 12:00:00.000,CROPS,,ALL PRODUCTION PRACTICES,CROP TOTALS,,CROP TOTALS,"SALES: (LESS THAN 50,000 $)",CROP TOTALS - OPERATIONS WITH SALES,SALES,CENSUS
,UNITED STATES,96793,HI,15,YEAR,,ALL UTILIZATION PRACTICES,SALES,ANNUAL,,2017,OPERATIONS,,15,,,00,,00,60,96793,00000000,ALL CLASSES,,ZIP CODE,HAWAII,9000,2018-02-01 12:00:00.000,CROPS,,ALL PRODUCTION PRACTICES,CROP TOTALS,,CROP TOTALS,"SALES: (LESS THAN 50,000 $)",CROP TOTALS - OPERATIONS WITH SALES,SALES,CENSUS
,UNITED STATES,96793,HI,15,YEAR,,ALL UTILIZATION PRACTICES,SALES,ANNUAL,,2007,OPERATIONS,,15,,,00,,00,55,96793,00000000,ALL CLASSES,,ZIP CODE,HAWAII,9000,2012-01-01 00:00:00.000,CROPS,,ALL PRODUCTION PRACTICES,CROP TOTALS,,CROP TOTALS,"SALES: (LESS THAN 50,000 $)",CROP TOTALS - OPERATIONS WITH SALES,SALES,CENSUS
,UNITED STATES,96795,HI,15,YEAR,,ALL UTILIZATION PRACTICES,SALES,ANNUAL,,2022,OPERATIONS,,15,,,00,,00,75,96795,00000000,ALL CLASSES,,ZIP CODE,HAWAII,9000,2024-11-07 12:00:00.000,CROPS,,ALL PRODUCTION PRACTICES,CROP TOTALS,,CROP TOTALS,"SALES: (LESS THAN 50,000 $)",CROP TOTALS - OPERATIONS WITH SALES,SALES,CENSUS
,UNITED STATES,96795,HI,15,YEAR,,ALL UTILIZATION PRACTICES,SALES,ANNUAL,,2017,OPERATIONS,,15,,,00,,00,75,96795,00000000,ALL CLASSES,,ZIP CODE,HAWAII,9000,2018-02-01 12:00:00.000,CROPS,,ALL PRODUCTION PRACTICES,CROP TOTALS,,CROP TOTALS,"SALES: (LESS THAN 50,000 $)",CROP TOTALS - OPERATIONS WITH SALES,SALES,CENSUS
,UNITED STATES,96795,HI,15,YEAR,,ALL UTILIZATION PRACTICES,SALES,ANNUAL,,2007,OPERATIONS,,15,,,00,,00,63,96795,00000000,ALL CLASSES,,ZIP CODE,HAWAII,9000,2012-01-01 00:00:00.000,CROPS,,ALL PRODUCTION PRACTICES,CROP TOTALS,,CROP TOTALS,"SALES: (LESS THAN 50,000 $)",CROP TOTALS - OPERATIONS WITH SALES,SALES,CENSUS
,UNITED STATES,96796,HI,15,YEAR,,ALL UTILIZATION PRACTICES,SALES,ANNUAL,,2022,OPERATIONS,,15,,,00,,00,5,96796,00000000,ALL CLASSES,,ZIP CODE,HAWAII,9000,2024-11-07 12:00:00.000,CROPS,,ALL PRODUCTION PRACTICES,CROP TOTALS,,CROP TOTALS,"SALES: (LESS THAN 50,000 $)",CROP TOTALS - OPERATIONS WITH SALES,SALES,CENSUS
,UNITED STATES,96796,HI,15,YEAR,,ALL UTILIZATION PRACTICES,SALES,ANNUAL,,2017,OPERATIONS,,15,,,00,,00,4,96796,00000000,ALL CLASSES,,ZIP CODE,HAWAII,9000,2018-02-01 12:00:00.000,CROPS,,ALL PRODUCTION PRACTICES,CROP TOTALS,,CROP TOTALS,"SALES: (LESS THAN 50,000 $)",CROP TOTALS - OPERATIONS WITH SALES,SALES,CENSUS
,UNITED STATES,96796,HI,15,YEAR,,ALL UTILIZATION PRACTICES,SALES,ANNUAL,,2007,OPERATIONS,,15,,,00,,00,7,96796,00000000,ALL CLASSES,,ZIP CODE,HAWAII,9000,2012-01-01 00:00:00.000,CROPS,,ALL PRODUCTION PRACTICES,CROP TOTALS,,CROP TOTALS,"SALES: (LESS THAN 50,000 $)",CROP TOTALS - OPERATIONS WITH SALES,SALES,CENSUS
,UNITED STATES,96797,HI,15,YEAR,,ALL UTILIZATION PRACTICES,SALES,ANNUAL,,2022,OPERATIONS,,15,,,00,,00,32,96797,00000000,ALL CLASSES,,ZIP CODE,HAWAII,9000,2024-11-07 12:00:00.000,CROPS,,ALL PRODUCTION PRACTICES,CROP TOTALS,,CROP TOTALS,"SALES: (LESS THAN 50,000 $)",CROP TOTALS - OPERATIONS WITH SALES,SALES,CENSUS
,UNITED STATES,96797,HI,15,YEAR,,ALL UTILIZATION PRACTICES,SALES,ANNUAL,,2017,OPERATIONS,,15,,,00,,00,16,96797,00000000,ALL CLASSES,,ZIP CODE,HAWAII,9000,2018-02-01 12:00:00.000,CROPS,,ALL PRODUCTION PRACTICES,CROP TOTALS,,CROP TOTALS,"SALES: (LESS THAN 50,000 $)",CROP TOTALS - OPERATIONS WITH SALES,SALES,CENSUS
,UNITED STATES,96797,HI,15,YEAR,,ALL UTILIZATION PRACTICES,SALES,ANNUAL,,2007,OPERATIONS,,15,,,00,,00,14,96797,00000000,ALL CLASSES,,ZIP CODE,HAWAII,9000,2012-01-01 00:00:00.000,CROPS,,ALL PRODUCTION PRACTICES,CROP TOTALS,,CROP TOTALS,"SALES: (LESS THAN 50,000 $)",CROP TOTALS - OPERATIONS WITH SALES,SALES,CENSUS
,UNITED STATES,96801,HI,15,YEAR,,ALL UTILIZATION PRACTICES,SALES,ANNUAL,,2022,OPERATIONS,,15,,,00,,00,4,96801,00000000,ALL CLASSES,,ZIP CODE,HAWAII,9000,2024-11-07 12:00:00.000,CROPS,,ALL PRODUCTION PRACTICES,CROP TOTALS,,CROP TOTALS,"SALES: (LESS THAN 50,000 $)",CROP TOTALS - OPERATIONS WITH SALES,SALES,CENSUS
,UNITED STATES,96802,HI,15,YEAR,,ALL UTILIZATION PRACTICES,SALES,ANNUAL,,2007,OPERATIONS,,15,,,00,,00,2,96802,00000000,ALL CLASSES,,ZIP CODE,HAWAII,9000,2012-01-01 00:00:00.000,CROPS,,ALL PRODUCTION PRACTICES,CROP TOTALS,,CROP TOTALS,"SALES: (LESS THAN 50,000 $)",CROP TOTALS - OPERATIONS WITH SALES,SALES,CENSUS
,UNITED STATES,96806,HI,15,YEAR,,ALL UTILIZATION PRACTICES,SALES,ANNUAL,,2022,OPERATIONS,,15,,,00,,00,1,96806,00000000,ALL CLASSES,,ZIP CODE,HAWAII,9000,2024-11-07 12:00:00.000,CROPS,,ALL PRODUCTION PRACTICES,CROP TOTALS,,CROP TOTALS,"SALES: (LESS THAN 50,000 $)",CROP TOTALS - OPERATIONS WITH SALES,SALES,CENSUS
,UNITED STATES,96806,HI,15,YEAR,,ALL UTILIZATION PRACTICES,SALES,ANNUAL,,2007,OPERATIONS,,15,,,00,,00,2,96806,00000000,ALL CLASSES,,ZIP CODE,HAWAII,9000,2012-01-01 00:00:00.000,CROPS,,ALL PRODUCTION PRACTICES,CROP TOTALS,,CROP TOTALS,"SALES: (LESS THAN 50,000 $)",CROP TOTALS - OPERATIONS WITH SALES,SALES,CENSUS
,UNITED STATES,96811,HI,15,YEAR,,ALL UTILIZATION PRACTICES,SALES,ANNUAL,,2017,OPERATIONS,,15,,,00,,00,3,96811,00000000,ALL CLASSES,,ZIP CODE,HAWAII,9000,2018-02-01 12:00:00.000,CROPS,,ALL PRODUCTION PRACTICES,CROP TOTALS,,CROP TOTALS,"SALES: (LESS THAN 50,000 $)",CROP TOTALS - OPERATIONS WITH SALES,SALES,CENSUS
,UNITED STATES,96812,HI,15,YEAR,,ALL UTILIZATION PRACTICES,SALES,ANNUAL,,2022,OPERATIONS,,15,,,00,,00,2,96812,00000000,ALL CLASSES,,ZIP CODE,HAWAII,9000,2024-11-07 12:00:00.000,CROPS,,ALL PRODUCTION PRACTICES,CROP TOTALS,,CROP TOTALS,"SALES: (LESS THAN 50,000 $)",CROP TOTALS - OPERATIONS WITH SALES,SALES,CENSUS
,UNITED STATES,96812,HI,15,YEAR,,ALL UTILIZATION PRACTICES,SALES,ANNUAL,,2017,OPERATIONS,,15,,,00,,00,2,96812,00000000,ALL CLASSES,,ZIP CODE,HAWAII,9000,2018-02-01 12:00:00.000,CROPS,,ALL PRODUCTION PRACTICES,CROP TOTALS,,CROP TOTALS,"SALES: (LESS THAN 50,000 $)",CROP TOTALS - OPERATIONS WITH SALES,SALES,CENSUS
,UNITED STATES,96812,HI,15,YEAR,,ALL UTILIZATION PRACTICES,SALES,ANNUAL,,2007,OPERATIONS,,15,,,00,,00,5,96812,00000000,ALL CLASSES,,ZIP CODE,HAWAII,9000,2012-01-01 00:00:00.000,CROPS,,ALL PRODUCTION PRACTICES,CROP TOTALS,,CROP TOTALS,"SALES: (LESS THAN 50,000 $)",CROP TOTALS - OPERATIONS WITH SALES,SALES,CENSUS
,UNITED STATES,96813,HI,15,YEAR,,ALL UTILIZATION PRACTICES,SALES,ANNUAL,,2022,OPERATIONS,,15,,,00,,00,8,96813,00000000,ALL CLASSES,,ZIP CODE,HAWAII,9000,2024-11-07 12:00:00.000,CROPS,,ALL PRODUCTION PRACTICES,CROP TOTALS,,CROP TOTALS,"SALES: (LESS THAN 50,000 $)",CROP TOTALS - OPERATIONS WITH SALES,SALES,CENSUS
,UNITED STATES,96813,HI,15,YEAR,,ALL UTILIZATION PRACTICES,SALES,ANNUAL,,2017,OPERATIONS,,15,,,00,,00,9,96813,00000000,ALL CLASSES,,ZIP CODE,HAWAII,9000,2018-02-01 12:00:00.000,CROPS,,ALL PRODUCTION PRACTICES,CROP TOTALS,,CROP TOTALS,"SALES: (LESS THAN 50,000 $)",CROP TOTALS - OPERATIONS WITH SALES,SALES,CENSUS
,UNITED STATES,96813,HI,15,YEAR,,ALL UTILIZATION PRACTICES,SALES,ANNUAL,,2007,OPERATIONS,,15,,,00,,00,9,96813,00000000,ALL CLASSES,,ZIP CODE,HAWAII,9000,2012-01-01 00:00:00.000,CROPS,,ALL PRODUCTION PRACTICES,CROP TOTALS,,CROP TOTALS,"SALES: (LESS THAN 50,000 $)",CROP TOTALS - OPERATIONS WITH SALES,SALES,CENSUS
,UNITED STATES,96814,HI,15,YEAR,,ALL UTILIZATION PRACTICES,SALES,ANNUAL,,2022,OPERATIONS,,15,,,00,,00,9,96814,00000000,ALL CLASSES,,ZIP CODE,HAWAII,9000,2024-11-07 12:00:00.000,CROPS,,ALL PRODUCTION PRACTICES,CROP TOTALS,,CROP TOTALS,"SALES: (LESS THAN 50,000 $)",CROP TOTALS - OPERATIONS WITH SALES,SALES,CENSUS
,UNITED STATES,96814,HI,15,YEAR,,ALL UTILIZATION PRACTICES,SALES,ANNUAL,,2017,OPERATIONS,,15,,,00,,00,10,96814,00000000,ALL CLASSES,,ZIP CODE,HAWAII,9000,2018-02-01 12:00:00.000,CROPS,,ALL PRODUCTION PRACTICES,CROP TOTALS,,CROP TOTALS,"SALES: (LESS THAN 50,000 $)",CROP TOTALS - OPERATIONS WITH SALES,SALES,CENSUS
,UNITED STATES,96814,HI,15,YEAR,,ALL UTILIZATION PRACTICES,SALES,ANNUAL,,2007,OPERATIONS,,15,,,00,,00,1,96814,00000000,ALL CLASSES,,ZIP CODE,HAWAII,9000,2012-01-01 00:00:00.000,CROPS,,ALL PRODUCTION PRACTICES,CROP TOTALS,,CROP TOTALS,"SALES: (LESS THAN 50,000 $)",CROP TOTALS - OPERATIONS WITH SALES,SALES,CENSUS
,UNITED STATES,96815,HI,15,YEAR,,ALL UTILIZATION PRACTICES,SALES,ANNUAL,,2022,OPERATIONS,,15,,,00,,00,7,96815,00000000,ALL CLASSES,,ZIP CODE,HAWAII,9000,2024-11-07 12:00:00.000,CROPS,,ALL PRODUCTION PRACTICES,CROP TOTALS,,CROP TOTALS,"SALES: (LESS THAN 50,000 $)",CROP TOTALS - OPERATIONS WITH SALES,SALES,CENSUS
,UNITED STATES,96815,HI,15,YEAR,,ALL UTILIZATION PRACTICES,SALES,ANNUAL,,2017,OPERATIONS,,15,,,00,,00,5,96815,00000000,ALL CLASSES,,ZIP CODE,HAWAII,9000,2018-02-01 12:00:00.000,CROPS,,ALL PRODUCTION PRACTICES,CROP TOTALS,,CROP TOTALS,"SALES: (LESS THAN 50,000 $)",CROP TOTALS - OPERATIONS WITH SALES,SALES,CENSUS
,UNITED STATES,96815,HI,15,YEAR,,ALL UTILIZATION PRACTICES,SALES,ANNUAL,,2007,OPERATIONS,,15,,,00,,00,1,96815,00000000,ALL CLASSES,,ZIP CODE,HAWAII,9000,2012-01-01 00:00:00.000,CROPS,,ALL PRODUCTION PRACTICES,CROP TOTALS,,CROP TOTALS,"SALES: (LESS THAN 50,000 $)",CROP TOTALS - OPERATIONS WITH SALES,SALES,CENSUS
,UNITED STATES,96816,HI,15,YEAR,,ALL UTILIZATION PRACTICES,SALES,ANNUAL,,2022,OPERATIONS,,15,,,00,,00,42,96816,00000000,ALL CLASSES,,ZIP CODE,HAWAII,9000,2024-11-07 12:00:00.000,CROPS,,ALL PRODUCTION PRACTICES,CROP TOTALS,,CROP TOTALS,"SALES: (LESS THAN 50,000 $)",CROP TOTALS - OPERATIONS WITH SALES,SALES,CENSUS
,UNITED STATES,96816,HI,15,YEAR,,ALL UTILIZATION PRACTICES,SALES,ANNUAL,,2017,OPERATIONS,,15,,,00,,00,32,96816,00000000,ALL CLASSES,,ZIP CODE,HAWAII,9000,2018-02-01 12:00:00.000,CROPS,,ALL PRODUCTION PRACTICES,CROP TOTALS,,CROP TOTALS,"SALES: (LESS THAN 50,000 $)",CROP TOTALS - OPERATIONS WITH SALES,SALES,CENSUS
,UNITED STATES,96816,HI,15,YEAR,,ALL UTILIZATION PRACTICES,SALES,ANNUAL,,2007,OPERATIONS,,15,,,00,,00,23,96816,00000000,ALL CLASSES,,ZIP CODE,HAWAII,9000,2012-01-01 00:00:00.000,CROPS,,ALL PRODUCTION PRACTICES,CROP TOTALS,,CROP TOTALS,"SALES: (LESS THAN 50,000 $)",CROP TOTALS - OPERATIONS WITH SALES,SALES,CENSUS
,UNITED STATES,96817,HI,15,YEAR,,ALL UTILIZATION PRACTICES,SALES,ANNUAL,,2022,OPERATIONS,,15,,,00,,00,10,96817,00000000,ALL CLASSES,,ZIP CODE,HAWAII,9000,2024-11-07 12:00:00.000,CROPS,,ALL PRODUCTION PRACTICES,CROP TOTALS,,CROP TOTALS,"SALES: (LESS THAN 50,000 $)",CROP TOTALS - OPERATIONS WITH SALES,SALES,CENSUS
,UNITED STATES,96817,HI,15,YEAR,,ALL UTILIZATION PRACTICES,SALES,ANNUAL,,2017,OPERATIONS,,15,,,00,,00,5,96817,00000000,ALL CLASSES,,ZIP CODE,HAWAII,9000,2018-02-01 12:00:00.000,CROPS,,ALL PRODUCTION PRACTICES,CROP TOTALS,,CROP TOTALS,"SALES: (LESS THAN 50,000 $)",CROP TOTALS - OPERATIONS WITH SALES,SALES,CENSUS
,UNITED STATES,96817,HI,15,YEAR,,ALL UTILIZATION PRACTICES,SALES,ANNUAL,,2007,OPERATIONS,,15,,,00,,00,20,96817,00000000,ALL CLASSES,,ZIP CODE,HAWAII,9000,2012-01-01 00:00:00.000,CROPS,,ALL PRODUCTION PRACTICES,CROP TOTALS,,CROP TOTALS,"SALES: (LESS THAN 50,000 $)",CROP TOTALS - OPERATIONS WITH SALES,SALES,CENSUS
,UNITED STATES,96818,HI,15,YEAR,,ALL UTILIZATION PRACTICES,SALES,ANNUAL,,2022,OPERATIONS,,15,,,00,,00,7,96818,00000000,ALL CLASSES,,ZIP CODE,HAWAII,9000,2024-11-07 12:00:00.000,CROPS,,ALL PRODUCTION PRACTICES,CROP TOTALS,,CROP TOTALS,"SALES: (LESS THAN 50,000 $)",CROP TOTALS - OPERATIONS WITH SALES,SALES,CENSUS
,UNITED STATES,96818,HI,15,YEAR,,ALL UTILIZATION PRACTICES,SALES,ANNUAL,,2017,OPERATIONS,,15,,,00,,00,5,96818,00000000,ALL CLASSES,,ZIP CODE,HAWAII,9000,2018-02-01 12:00:00.000,CROPS,,ALL PRODUCTION PRACTICES,CROP TOTALS,,CROP TOTALS,"SALES: (LESS THAN 50,000 $)",CROP TOTALS - OPERATIONS WITH SALES,SALES,CENSUS
,UNITED STATES,96818,HI,15,YEAR,,ALL UTILIZATION PRACTICES,SALES,ANNUAL,,2007,OPERATIONS,,15,,,00,,00,14,96818,00000000,ALL CLASSES,,ZIP CODE,HAWAII,9000,2012-01-01 00:00:00.000,CROPS,,ALL PRODUCTION PRACTICES,CROP TOTALS,,CROP TOTALS,"SALES: (LESS THAN 50,000 $)",CROP TOTALS - OPERATIONS WITH SALES,SALES,CENSUS
,UNITED STATES,96819,HI,15,YEAR,,ALL UTILIZATION PRACTICES,SALES,ANNUAL,,2022,OPERATIONS,,15,,,00,,00,11,96819,00000000,ALL CLASSES,,ZIP CODE,HAWAII,9000,2024-11-07 12:00:00.000,CROPS,,ALL PRODUCTION PRACTICES,CROP TOTALS,,CROP TOTALS,"SALES: (LESS THAN 50,000 $)",CROP TOTALS - OPERATIONS WITH SALES,SALES,CENSUS
,UNITED STATES,96819,HI,15,YEAR,,ALL UTILIZATION PRACTICES,SALES,ANNUAL,,2017,OPERATIONS,,15,,,00,,00,7,96819,00000000,ALL CLASSES,,ZIP CODE,HAWAII,9000,2018-02-01 12:00:00.000,CROPS,,ALL PRODUCTION PRACTICES,CROP TOTALS,,CROP TOTALS,"SALES: (LESS THAN 50,000 $)",CROP TOTALS - OPERATIONS WITH SALES,SALES,CENSUS
,UNITED STATES,96819,HI,15,YEAR,,ALL UTILIZATION PRACTICES,SALES,ANNUAL,,2007,OPERATIONS,,15,,,00,,00,11,96819,00000000,ALL CLASSES,,ZIP CODE,HAWAII,9000,2012-01-01 00:00:00.000,CROPS,,ALL PRODUCTION PRACTICES,CROP TOTALS,,CROP TOTALS,"SALES: (LESS THAN 50,000 $)",CROP TOTALS - OPERATIONS WITH SALES,SALES,CENSUS
,UNITED STATES,96820,HI,15,YEAR,,ALL UTILIZATION PRACTICES,SALES,ANNUAL,,2022,OPERATIONS,,15,,,00,,00,4,96820,00000000,ALL CLASSES,,ZIP CODE,HAWAII,9000,2024-11-07 12:00:00.000,CROPS,,ALL PRODUCTION PRACTICES,CROP TOTALS,,CROP TOTALS,"SALES: (LESS THAN 50,000 $)",CROP TOTALS - OPERATIONS WITH SALES,SALES,CENSUS
,UNITED STATES,96821,HI,15,YEAR,,ALL UTILIZATION PRACTICES,SALES,ANNUAL,,2022,OPERATIONS,,15,,,00,,00,14,96821,00000000,ALL CLASSES,,ZIP CODE,HAWAII,9000,2024-11-07 12:00:00.000,CROPS,,ALL PRODUCTION PRACTICES,CROP TOTALS,,CROP TOTALS,"SALES: (LESS THAN 50,000 $)",CROP TOTALS - OPERATIONS WITH SALES,SALES,CENSUS
,UNITED STATES,96821,HI,15,YEAR,,ALL UTILIZATION PRACTICES,SALES,ANNUAL,,2017,OPERATIONS,,15,,,00,,00,13,96821,00000000,ALL CLASSES,,ZIP CODE,HAWAII,9000,2018-02-01 12:00:00.000,CROPS,,ALL PRODUCTION PRACTICES,CROP TOTALS,,CROP TOTALS,"SALES: (LESS THAN 50,000 $)",CROP TOTALS - OPERATIONS WITH SALES,SALES,CENSUS
,UNITED STATES,96821,HI,15,YEAR,,ALL UTILIZATION PRACTICES,SALES,ANNUAL,,2007,OPERATIONS,,15,,,00,,00,5,96821,00000000,ALL CLASSES,,ZIP CODE,HAWAII,9000,2012-01-01 00:00:00.000,CROPS,,ALL PRODUCTION PRACTICES,CROP TOTALS,,CROP TOTALS,"SALES: (LESS THAN 50,000 $)",CROP TOTALS - OPERATIONS WITH SALES,SALES,CENSUS
,UNITED STATES,96822,HI,15,YEAR,,ALL UTILIZATION PRACTICES,SALES,ANNUAL,,2022,OPERATIONS,,15,,,00,,00,8,96822,00000000,ALL CLASSES,,ZIP CODE,HAWAII,9000,2024-11-07 12:00:00.000,CROPS,,ALL PRODUCTION PRACTICES,CROP TOTALS,,CROP TOTALS,"SALES: (LESS THAN 50,000 $)",CROP TOTALS - OPERATIONS WITH SALES,SALES,CENSUS
,UNITED STATES,96822,HI,15,YEAR,,ALL UTILIZATION PRACTICES,SALES,ANNUAL,,2017,OPERATIONS,,15,,,00,,00,12,96822,00000000,ALL CLASSES,,ZIP CODE,HAWAII,9000,2018-02-01 12:00:00.000,CROPS,,ALL PRODUCTION PRACTICES,CROP TOTALS,,CROP TOTALS,"SALES: (LESS THAN 50,000 $)",CROP TOTALS - OPERATIONS WITH SALES,SALES,CENSUS
,UNITED STATES,96822,HI,15,YEAR,,ALL UTILIZATION PRACTICES,SALES,ANNUAL,,2007,OPERATIONS,,15,,,00,,00,14,96822,00000000,ALL CLASSES,,ZIP CODE,HAWAII,9000,2012-01-01 00:00:00.000,CROPS,,ALL PRODUCTION PRACTICES,CROP TOTALS,,CROP TOTALS,"SALES: (LESS THAN 50,000 $)",CROP TOTALS - OPERATIONS WITH SALES,SALES,CENSUS
,UNITED STATES,96825,HI,15,YEAR,,ALL UTILIZATION PRACTICES,SALES,ANNUAL,,2022,OPERATIONS,,15,,,00,,00,12,96825,00000000,ALL CLASSES,,ZIP CODE,HAWAII,9000,2024-11-07 12:00:00.000,CROPS,,ALL PRODUCTION PRACTICES,CROP TOTALS,,CROP TOTALS,"SALES: (LESS THAN 50,000 $)",CROP TOTALS - OPERATIONS WITH SALES,SALES,CENSUS
,UNITED STATES,96825,HI,15,YEAR,,ALL UTILIZATION PRACTICES,SALES,ANNUAL,,2017,OPERATIONS,,15,,,00,,00,12,96825,00000000,ALL CLASSES,,ZIP CODE,HAWAII,9000,2018-02-01 12:00:00.000,CROPS,,ALL PRODUCTION PRACTICES,CROP TOTALS,,CROP TOTALS,"SALES: (LESS THAN 50,000 $)",CROP TOTALS - OPERATIONS WITH SALES,SALES,CENSUS
,UNITED STATES,96825,HI,15,YEAR,,ALL UTILIZATION PRACTICES,SALES,ANNUAL,,2007,OPERATIONS,,15,,,00,,00,17,96825,00000000,ALL CLASSES,,ZIP CODE,HAWAII,9000,2012-01-01 00:00:00.000,CROPS,,ALL PRODUCTION PRACTICES,CROP TOTALS,,CROP TOTALS,"SALES: (LESS THAN 50,000 $)",CROP TOTALS - OPERATIONS WITH SALES,SALES,CENSUS
,UNITED STATES,96826,HI,15,YEAR,,ALL UTILIZATION PRACTICES,SALES,ANNUAL,,2022,OPERATIONS,,15,,,00,,00,2,96826,00000000,ALL CLASSES,,ZIP CODE,HAWAII,9000,2024-11-07 12:00:00.000,CROPS,,ALL PRODUCTION PRACTICES,CROP TOTALS,,CROP TOTALS,"SALES: (LESS THAN 50,000 $)",CROP TOTALS - OPERATIONS WITH SALES,SALES,CENSUS
,UNITED STATES,96826,HI,15,YEAR,,ALL UTILIZATION PRACTICES,SALES,ANNUAL,,2017,OPERATIONS,,15,,,00,,00,8,96826,00000000,ALL CLASSES,,ZIP CODE,HAWAII,9000,2018-02-01 12:00:00.000,CROPS,,ALL PRODUCTION PRACTICES,CROP TOTALS,,CROP TOTALS,"SALES: (LESS THAN 50,000 $)",CROP TOTALS - OPERATIONS WITH SALES,SALES,CENSUS
,UNITED STATES,96826,HI,15,YEAR,,ALL UTILIZATION PRACTICES,SALES,ANNUAL,,2007,OPERATIONS,,15,,,00,,00,2,96826,00000000,ALL CLASSES,,ZIP CODE,HAWAII,9000,2012-01-01 00:00:00.000,CROPS,,ALL PRODUCTION PRACTICES,CROP TOTALS,,CROP TOTALS,"SALES: (LESS THAN 50,000 $)",CROP TOTALS - OPERATIONS WITH SALES,SALES,CENSUS
,UNITED STATES,96837,HI,15,YEAR,,ALL UTILIZATION PRACTICES,SALES,ANNUAL,,2022,OPERATIONS,,15,,,00,,00,2,96837,00000000,ALL CLASSES,,ZIP CODE,HAWAII,9000,2024-11-07 12:00:00.000,CROPS,,ALL PRODUCTION PRACTICES,CROP TOTALS,,CROP TOTALS,"SALES: (LESS THAN 50,000 $)",CROP TOTALS - OPERATIONS WITH SALES,SALES,CENSUS
,UNITED STATES,96837,HI,15,YEAR,,ALL UTILIZATION PRACTICES,SALES,ANNUAL,,2017,OPERATIONS,,15,,,00,,00,3,96837,00000000,ALL CLASSES,,ZIP CODE,HAWAII,9000,2018-02-01 12:00:00.000,CROPS,,ALL PRODUCTION PRACTICES,CROP TOTALS,,CROP TOTALS,"SALES: (LESS THAN 50,000 $)",CROP TOTALS - OPERATIONS WITH SALES,SALES,CENSUS
,UNITED STATES,96839,HI,15,YEAR,,ALL UTILIZATION PRACTICES,SALES,ANNUAL,,2007,OPERATIONS,,15,,,00,,00,1,96839,00000000,ALL CLASSES,,ZIP CODE,HAWAII,9000,2012-01-01 00:00:00.000,CROPS,,ALL PRODUCTION PRACTICES,CROP TOTALS,,CROP TOTALS,"SALES: (LESS THAN 50,000 $)",CROP TOTALS - OPERATIONS WITH SALES,SALES,CENSUS
,UNITED STATES,99999,HI,15,YEAR,,ALL UTILIZATION PRACTICES,SALES,ANNUAL,,2022,OPERATIONS,,15,,,00,,00,185,99999,00000000,ALL CLASSES,,ZIP CODE,HAWAII,9000,2024-11-07 12:00:00.000,CROPS,,ALL PRODUCTION PRACTICES,CROP TOTALS,,CROP TOTALS,"SALES: (LESS THAN 50,000 $)",CROP TOTALS - OPERATIONS WITH SALES,SALES,CENSUS
,UNITED STATES,99999,HI,15,YEAR,,ALL UTILIZATION PRACTICES,SALES,ANNUAL,,2017,OPERATIONS,,15,,,00,,00,185,99999,00000000,ALL CLASSES,,ZIP CODE,HAWAII,9000,2018-02-01 12:00:00.000,CROPS,,ALL PRODUCTION PRACTICES,CROP TOTALS,,CROP TOTALS,"SALES: (LESS THAN 50,000 $)",CROP TOTALS - OPERATIONS WITH SALES,SALES,CENSUS
,UNITED STATES,99999,HI,15,YEAR,,ALL UTILIZATION PRACTICES,SALES,ANNUAL,,2007,OPERATIONS,,15,,,00,,00,158,99999,00000000,ALL CLASSES,,ZIP CODE,HAWAII,9000,2012-01-01 00:00:00.000,CROPS,,ALL PRODUCTION PRACTICES,CROP TOTALS,,CROP TOTALS,"SALES: (LESS THAN 50,000 $)",CROP TOTALS - OPERATIONS WITH SALES,SALES,CENSUS
11,UNITED STATES,"HAWAII, HAWAII ISLAND, HAWAII",HI,15,YEAR,001,ALL UTILIZATION PRACTICES,TOTAL,ANNUAL,,2022,OPERATIONS,,15,,001,00,HAWAII,00,"2,502",,00000000,ALL CLASSES,,COUNTY,HAWAII,9000,2024-07-02 12:00:00.000,CROPS,HAWAII ISLAND,ALL PRODUCTION PRACTICES,CROP TOTALS,10.2,CROP TOTALS,NOT SPECIFIED,CROP TOTALS - OPERATIONS WITH SALES,SALES,CENSUS
11,UNITED STATES,"HAWAII, HAWAII ISLAND, HAWAII",HI,15,YEAR,001,ALL UTILIZATION PRACTICES,TOTAL,ANNUAL,,2017,OPERATIONS,,15,,001,00,HAWAII,00,"2,853",,00000000,ALL CLASSES,,COUNTY,HAWAII,9000,2018-02-01 00:00:00.000,CROPS,HAWAII ISLAND,ALL PRODUCTION PRACTICES,CROP TOTALS,9.4,CROP TOTALS,NOT SPECIFIED,CROP TOTALS - OPERATIONS WITH SALES,SALES,CENSUS
11,UNITED STATES,"HAWAII, HAWAII ISLAND, HAWAII",HI,15,YEAR,001,ALL UTILIZATION PRACTICES,TOTAL,ANNUAL,,2012,OPERATIONS,,15,,001,00,HAWAII,00,"3,084",,00000000,ALL CLASSES,,COUNTY,HAWAII,9000,2012-12-31 00:00:00.000,CROPS,HAWAII ISLAND,ALL PRODUCTION PRACTICES,CROP TOTALS,10.7,CROP TOTALS,NOT SPECIFIED,CROP TOTALS - OPERATIONS WITH SALES,SALES,CENSUS
11,UNITED STATES,"HAWAII, HAWAII ISLAND, HAWAII",HI,15,YEAR,001,ALL UTILIZATION PRACTICES,TOTAL,ANNUAL,,2007,OPERATIONS,,15,,001,00,HAWAII,00,"3,218",,00000000,ALL CLASSES,,COUNTY,HAWAII,9000,2012-01-01 00:00:00.000,CROPS,HAWAII ISLAND,ALL PRODUCTION PRACTICES,CROP TOTALS,,CROP TOTALS,NOT SPECIFIED,CROP TOTALS - OPERATIONS WITH SALES,SALES,CENSUS
11,UNITED STATES,"HAWAII, HAWAII ISLAND, HAWAII",HI,15,YEAR,001,ALL UTILIZATION PRACTICES,TOTAL,ANNUAL,,2002,OPERATIONS,,15,,001,00,HAWAII,00,"2,660",,00000000,ALL CLASSES,,COUNTY,HAWAII,9000,2012-01-01 00:00:00.000,CROPS,HAWAII ISLAND,ALL PRODUCTION PRACTICES,CROP TOTALS,,CROP TOTALS,NOT SPECIFIED,CROP TOTALS - OPERATIONS WITH SALES,SALES,CENSUS
11,UNITED STATES,"HAWAII, HAWAII ISLAND, HAWAII",HI,15,YEAR,001,ALL UTILIZATION PRACTICES,TOTAL,ANNUAL,,1997,OPERATIONS,,15,,001,00,HAWAII,00,"2,627",,00000000,ALL CLASSES,,COUNTY,HAWAII,9000,2012-01-01 00:00:00.000,CROPS,HAWAII ISLAND,ALL PRODUCTION PRACTICES,CROP TOTALS,,CROP TOTALS,NOT SPECIFIED,CROP TOTALS - OPERATIONS WITH SALES,SALES,CENSUS
24,UNITED STATES,"HAWAII, KAUAI AND NIIHAU ISLANDS, KAUAI",HI,15,YEAR,007,ALL UTILIZATION PRACTICES,TOTAL,ANNUAL,,2022,OPERATIONS,,15,,007,00,KAUAI,00,373,,00000000,ALL CLASSES,,COUNTY,HAWAII,9000,2024-07-02 12:00:00.000,CROPS,KAUAI AND NIIHAU ISLANDS,ALL PRODUCTION PRACTICES,CROP TOTALS,10.2,CROP TOTALS,NOT SPECIFIED,CROP TOTALS - OPERATIONS WITH SALES,SALES,CENSUS
24,UNITED STATES,"HAWAII, KAUAI AND NIIHAU ISLANDS, KAUAI",HI,15,YEAR,007,ALL UTILIZATION PRACTICES,TOTAL,ANNUAL,,2017,OPERATIONS,,15,,007,00,KAUAI,00,478,,00000000,ALL CLASSES,,COUNTY,HAWAII,9000,2018-02-01 00:00:00.000,CROPS,KAUAI AND NIIHAU ISLANDS,ALL PRODUCTION PRACTICES,CROP TOTALS,9.4,CROP TOTALS,NOT SPECIFIED,CROP TOTALS - OPERATIONS WITH SALES,SALES,CENSUS
24,UNITED STATES,"HAWAII, KAUAI AND NIIHAU ISLANDS, KAUAI",HI,15,YEAR,007,ALL UTILIZATION PRACTICES,TOTAL,ANNUAL,,2012,OPERATIONS,,15,,007,00,KAUAI,00,364,,00000000,ALL CLASSES,,COUNTY,HAWAII,9000,2012-12-31 00:00:00.000,CROPS,KAUAI AND NIIHAU ISLANDS,ALL PRODUCTION PRACTICES,CROP TOTALS,10.7,CROP TOTALS,NOT SPECIFIED,CROP TOTALS - OPERATIONS WITH SALES,SALES,CENSUS
24,UNITED STATES,"HAWAII, KAUAI AND NIIHAU ISLANDS, KAUAI",HI,15,YEAR,007,ALL UTILIZATION PRACTICES,TOTAL,ANNUAL,,2007,OPERATIONS,,15,,007,00,KAUAI,00,544,,00000000,ALL CLASSES,,COUNTY,HAWAII,9000,2012-01-01 00:00:00.000,CROPS,KAUAI AND NIIHAU ISLANDS,ALL PRODUCTION PRACTICES,CROP TOTALS,,CROP TOTALS,NOT SPECIFIED,CROP TOTALS - OPERATIONS WITH SALES,SALES,CENSUS
24,UNITED STATES,"HAWAII, KAUAI AND NIIHAU ISLANDS, KAUAI",HI,15,YEAR,007,ALL UTILIZATION PRACTICES,TOTAL,ANNUAL,,2002,OPERATIONS,,15,,007,00,KAUAI,00,401,,00000000,ALL CLASSES,,COUNTY,HAWAII,9000,2012-01-01 00:00:00.000,CROPS,KAUAI AND NIIHAU ISLANDS,ALL PRODUCTION PRACTICES,CROP TOTALS,,CROP TOTALS,NOT SPECIFIED,CROP TOTALS - OPERATIONS WITH SALES,SALES,CENSUS
24,UNITED STATES,"HAWAII, KAUAI AND NIIHAU ISLANDS, KAUAI",HI,15,YEAR,007,ALL UTILIZATION PRACTICES,TOTAL,ANNUAL,,1997,OPERATIONS,,15,,007,00,KAUAI,00,301,,00000000,ALL CLASSES,,COUNTY,HAWAII,9000,2012-01-01 00:00:00.000,CROPS,KAUAI AND NIIHAU ISLANDS,ALL PRODUCTION PRACTICES,CROP TOTALS,,CROP TOTALS,NOT SPECIFIED,CROP TOTALS - OPERATIONS WITH SALES,SALES,CENSUS
35,UNITED STATES,"HAWAII, MAUI, MOLOKAI & LANAI ISLAND, MAUI & KALAWAO",HI,15,YEAR,009,ALL UTILIZATION PRACTICES,TOTAL,ANNUAL,,2022,OPERATIONS,,15,,009,00,MAUI & KALAWAO,00,980,,00000000,ALL CLASSES,,COUNTY,HAWAII,9000,2024-07-02 12:00:00.000,CROPS,"MAUI, MOLOKAI & LANAI ISLAND",ALL PRODUCTION PRACTICES,CROP TOTALS,10.2,CROP TOTALS,NOT SPECIFIED,CROP TOTALS - OPERATIONS WITH SALES,SALES,CENSUS
35,UNITED STATES,"HAWAII, MAUI, MOLOKAI & LANAI ISLAND, MAUI & KALAWAO",HI,15,YEAR,009,ALL UTILIZATION PRACTICES,TOTAL,ANNUAL,,2017,OPERATIONS,,15,,009,00,MAUI & KALAWAO,00,981,,00000000,ALL CLASSES,,COUNTY,HAWAII,9000,2018-02-01 00:00:00.000,CROPS,"MAUI, MOLOKAI & LANAI ISLAND",ALL PRODUCTION PRACTICES,CROP TOTALS,9.4,CROP TOTALS,NOT SPECIFIED,CROP TOTALS - OPERATIONS WITH SALES,SALES,CENSUS
35,UNITED STATES,"HAWAII, MAUI, MOLOKAI & LANAI ISLAND, MAUI & KALAWAO",HI,15,YEAR,009,ALL UTILIZATION PRACTICES,TOTAL,ANNUAL,,2012,OPERATIONS,,15,,009,00,MAUI & KALAWAO,00,819,,00000000,ALL CLASSES,,COUNTY,HAWAII,9000,2012-12-31 00:00:00.000,CROPS,"MAUI, MOLOKAI & LANAI ISLAND",ALL PRODUCTION PRACTICES,CROP TOTALS,10.7,CROP TOTALS,NOT SPECIFIED,CROP TOTALS - OPERATIONS WITH SALES,SALES,CENSUS
35,UNITED STATES,"HAWAII, MAUI, MOLOKAI & LANAI ISLAND, MAUI & KALAWAO",HI,15,YEAR,009,ALL UTILIZATION PRACTICES,TOTAL,ANNUAL,,2007,OPERATIONS,,15,,009,00,MAUI & KALAWAO,00,863,,00000000,ALL CLASSES,,COUNTY,HAWAII,9000,2012-01-01 00:00:00.000,CROPS,"MAUI, MOLOKAI & LANAI ISLAND",ALL PRODUCTION PRACTICES,CROP TOTALS,,CROP TOTALS,NOT SPECIFIED,CROP TOTALS - OPERATIONS WITH SALES,SALES,CENSUS
35,UNITED STATES,"HAWAII, MAUI, MOLOKAI & LANAI ISLAND, MAUI & KALAWAO",HI,15,YEAR,009,ALL UTILIZATION PRACTICES,TOTAL,ANNUAL,,2002,OPERATIONS,,15,,009,00,MAUI & KALAWAO,00,621,,00000000,ALL CLASSES,,COUNTY,HAWAII,9000,2012-01-01 00:00:00.000,CROPS,"MAUI, MOLOKAI & LANAI ISLAND",ALL PRODUCTION PRACTICES,CROP TOTALS,,CROP TOTALS,NOT SPECIFIED,CROP TOTALS - OPERATIONS WITH SALES,SALES,CENSUS
35,UNITED STATES,"HAWAII, MAUI, MOLOKAI & LANAI ISLAND, MAUI & KALAWAO",HI,15,YEAR,009,ALL UTILIZATION PRACTICES,TOTAL,ANNUAL,,1997,OPERATIONS,,15,,009,00,MAUI & KALAWAO,00,555,,00000000,ALL CLASSES,,COUNTY,HAWAII,9000,2012-01-01 00:00:00.000,CROPS,"MAUI, MOLOKAI & LANAI ISLAND",ALL PRODUCTION PRACTICES,CROP TOTALS,,CROP TOTALS,NOT SPECIFIED,CROP TOTALS - OPERATIONS WITH SALES,SALES,CENSUS
62,UNITED STATES,"HAWAII, OAHU ISLAND, HONOLULU",HI,15,YEAR,003,ALL UTILIZATION PRACTICES,TOTAL,ANNUAL,,2022,OPERATIONS,,15,,003,00,HONOLULU,00,833,,00000000,ALL CLASSES,,COUNTY,HAWAII,9000,2024-07-02 12:00:00.000,CROPS,OAHU ISLAND,ALL PRODUCTION PRACTICES,CROP TOTALS,10.2,CROP TOTALS,NOT SPECIFIED,CROP TOTALS - OPERATIONS WITH SALES,SALES,CENSUS
62,UNITED STATES,"HAWAII, OAHU ISLAND, HONOLULU",HI,15,YEAR,003,ALL UTILIZATION PRACTICES,TOTAL,ANNUAL,,2017,OPERATIONS,,15,,003,00,HONOLULU,00,719,,00000000,ALL CLASSES,,COUNTY,HAWAII,9000,2018-02-01 00:00:00.000,CROPS,OAHU ISLAND,ALL PRODUCTION PRACTICES,CROP TOTALS,9.4,CROP TOTALS,NOT SPECIFIED,CROP TOTALS - OPERATIONS WITH SALES,SALES,CENSUS
62,UNITED STATES,"HAWAII, OAHU ISLAND, HONOLULU",HI,15,YEAR,003,ALL UTILIZATION PRACTICES,TOTAL,ANNUAL,,2012,OPERATIONS,,15,,003,00,HONOLULU,00,790,,00000000,ALL CLASSES,,COUNTY,HAWAII,9000,2012-12-31 00:00:00.000,CROPS,OAHU ISLAND,ALL PRODUCTION PRACTICES,CROP TOTALS,10.7,CROP TOTALS,NOT SPECIFIED,CROP TOTALS - OPERATIONS WITH SALES,SALES,CENSUS
62,UNITED STATES,"HAWAII, OAHU ISLAND, HONOLULU",HI,15,YEAR,003,ALL UTILIZATION PRACTICES,TOTAL,ANNUAL,,2007,OPERATIONS,,15,,003,00,HONOLULU,00,751,,00000000,ALL CLASSES,,COUNTY,HAWAII,9000,2012-01-01 00:00:00.000,CROPS,OAHU ISLAND,ALL PRODUCTION PRACTICES,CROP TOTALS,,CROP TOTALS,NOT SPECIFIED,CROP TOTALS - OPERATIONS WITH SALES,SALES,CENSUS
62,UNITED STATES,"HAWAII, OAHU ISLAND, HONOLULU",HI,15,YEAR,003,ALL UTILIZATION PRACTICES,TOTAL,ANNUAL,,2002,OPERATIONS,,15,,003,00,HONOLULU,00,635,,00000000,ALL CLASSES,,COUNTY,HAWAII,9000,2012-01-01 00:00:00.000,CROPS,OAHU ISLAND,ALL PRODUCTION PRACTICES,CROP TOTALS,,CROP TOTALS,NOT SPECIFIED,CROP TOTALS - OPERATIONS WITH SALES,SALES,CENSUS
62,UNITED STATES,"HAWAII, OAHU ISLAND, HONOLULU",HI,15,YEAR,003,ALL UTILIZATION PRACTICES,TOTAL,ANNUAL,,1997,OPERATIONS,,15,,003,00,HONOLULU,00,725,,00000000,ALL CLASSES,,COUNTY,HAWAII,9000,2012-01-01 00:00:00.000,CROPS,OAHU ISLAND,ALL PRODUCTION PRACTICES,CROP TOTALS,,CROP TOTALS,NOT SPECIFIED,CROP TOTALS - OPERATIONS WITH SALES,SALES,CENSUS
,UNITED STATES,HAWAII,HI,15,YEAR,,ALL UTILIZATION PRACTICES,TOTAL,ANNUAL,,2022,OPERATIONS,,15,,,00,,00,"4,688",,00000000,ALL CLASSES,,STATE,HAWAII,9000,2024-07-02 12:00:00.000,CROPS,,ALL PRODUCTION PRACTICES,CROP TOTALS,10.5,CROP TOTALS,NOT SPECIFIED,CROP TOTALS - OPERATIONS WITH SALES,SALES,CENSUS
,UNITED STATES,HAWAII,HI,15,YEAR,,ALL UTILIZATION PRACTICES,TOTAL,ANNUAL,,2017,OPERATIONS,,15,,,00,,00,"5,031",,00000000,ALL CLASSES,,STATE,HAWAII,9000,2018-02-01 00:00:00.000,CROPS,,ALL PRODUCTION PRACTICES,CROP TOTALS,6.0,CROP TOTALS,NOT SPECIFIED,CROP TOTALS - OPERATIONS WITH SALES,SALES,CENSUS
,UNITED STATES,HAWAII,HI,15,YEAR,,ALL UTILIZATION PRACTICES,TOTAL,ANNUAL,,2012,OPERATIONS,,15,,,00,,00,"5,057",,00000000,ALL CLASSES,,STATE,HAWAII,9000,2012-12-31 00:00:00.000,CROPS,,ALL PRODUCTION PRACTICES,CROP TOTALS,10.9,CROP TOTALS,NOT SPECIFIED,CROP TOTALS - OPERATIONS WITH SALES,SALES,CENSUS
,UNITED STATES,HAWAII,HI,15,YEAR,,ALL UTILIZATION PRACTICES,TOTAL,ANNUAL,,2007,OPERATIONS,,15,,,00,,00,"5,376",,00000000,ALL CLASSES,,STATE,HAWAII,9000,2012-01-01 00:00:00.000,CROPS,,ALL PRODUCTION PRACTICES,CROP TOTALS,,CROP TOTALS,NOT SPECIFIED,CROP TOTALS - OPERATIONS WITH SALES,SALES,CENSUS
,UNITED STATES,HAWAII,HI,15,YEAR,,ALL UTILIZATION PRACTICES,TOTAL,ANNUAL,,2002,OPERATIONS,,15,,,00,,00,"4,317",,00000000,ALL CLASSES,,STATE,HAWAII,9000,2012-01-01 00:00:00.000,CROPS,,ALL PRODUCTION PRACTICES,CROP TOTALS,,CROP TOTALS,NOT SPECIFIED,CROP TOTALS - OPERATIONS WITH SALES,SALES,CENSUS
,UNITED STATES,HAWAII,HI,15,YEAR,,ALL UTILIZATION PRACTICES,TOTAL,ANNUAL,,1997,OPERATIONS,,15,,,00,,00,"4,208",,00000000,ALL CLASSES,,STATE,HAWAII,9000,2012-01-01 00:00:00.000,CROPS,,ALL PRODUCTION PRACTICES,CROP TOTALS,,CROP TOTALS,NOT SPECIFIED,CROP TOTALS - OPERATIONS WITH SALES,SALES,CENSUS
,UNITED STATES,96701,HI,15,YEAR,,ALL UTILIZATION PRACTICES,TOTAL,ANNUAL,,2022,OPERATIONS,,15,,,00,,00,25,96701,00000000,ALL CLASSES,,ZIP CODE,HAWAII,9000,2024-11-07 12:00:00.000,CROPS,,ALL PRODUCTION PRACTICES,CROP TOTALS,,CROP TOTALS,NOT SPECIFIED,CROP TOTALS - OPERATIONS WITH SALES,SALES,CENSUS
,UNITED STATES,96701,HI,15,YEAR,,ALL UTILIZATION PRACTICES,TOTAL,ANNUAL,,2017,OPERATIONS,,15,,,00,,00,11,96701,00000000,ALL CLASSES,,ZIP CODE,HAWAII,9000,2018-02-01 12:00:00.000,CROPS,,ALL PRODUCTION PRACTICES,CROP TOTALS,,CROP TOTALS,NOT SPECIFIED,CROP TOTALS - OPERATIONS WITH SALES,SALES,CENSUS
,UNITED STATES,96701,HI,15,YEAR,,ALL UTILIZATION PRACTICES,TOTAL,ANNUAL,,2007,OPERATIONS,,15,,,00,,00,19,96701,00000000,ALL CLASSES,,ZIP CODE,HAWAII,9000,2012-01-01 00:00:00.000,CROPS,,ALL PRODUCTION PRACTICES,CROP TOTALS,,CROP TOTALS,NOT SPECIFIED,CROP TOTALS - OPERATIONS WITH SALES,SALES,CENSUS
,UNITED STATES,96703,HI,15,YEAR,,ALL UTILIZATION PRACTICES,TOTAL,ANNUAL,,2022,OPERATIONS,,15,,,00,,00,23,96703,00000000,ALL CLASSES,,ZIP CODE,HAWAII,9000,2024-11-07 12:00:00.000,CROPS,,ALL PRODUCTION PRACTICES,CROP TOTALS,,CROP TOTALS,NOT SPECIFIED,CROP TOTALS - OPERATIONS WITH SALES,SALES,CENSUS
,UNITED STATES,96703,HI,15,YEAR,,ALL UTILIZATION PRACTICES,TOTAL,ANNUAL,,2017,OPERATIONS,,15,,,00,,00,47,96703,00000000,ALL CLASSES,,ZIP CODE,HAWAII,9000,2018-02-01 12:00:00.000,CROPS,,ALL PRODUCTION PRACTICES,CROP TOTALS,,CROP TOTALS,NOT SPECIFIED,CROP TOTALS - OPERATIONS WITH SALES,SALES,CENSUS
,UNITED STATES,96703,HI,15,YEAR,,ALL UTILIZATION PRACTICES,TOTAL,ANNUAL,,2007,OPERATIONS,,15,,,00,,00,40,96703,00000000,ALL CLASSES,,ZIP CODE,HAWAII,9000,2012-01-01 00:00:00.000,CROPS,,ALL PRODUCTION PRACTICES,CROP TOTALS,,CROP TOTALS,NOT SPECIFIED,CROP TOTALS - OPERATIONS WITH SALES,SALES,CENSUS
,UNITED STATES,96704,HI,15,YEAR,,ALL UTILIZATION PRACTICES,TOTAL,ANNUAL,,2022,OPERATIONS,,15,,,00,,00,304,96704,00000000,ALL CLASSES,,ZIP CODE,HAWAII,9000,2024-11-07 12:00:00.000,CROPS,,ALL PRODUCTION PRACTICES,CROP TOTALS,,CROP TOTALS,NOT SPECIFIED,CROP TOTALS - OPERATIONS WITH SALES,SALES,CENSUS
,UNITED STATES,96704,HI,15,YEAR,,ALL UTILIZATION PRACTICES,TOTAL,ANNUAL,,2017,OPERATIONS,,15,,,00,,00,420,96704,00000000,ALL CLASSES,,ZIP CODE,HAWAII,9000,2018-02-01 12:00:00.000,CROPS,,ALL PRODUCTION PRACTICES,CROP TOTALS,,CROP TOTALS,NOT SPECIFIED,CROP TOTALS - OPERATIONS WITH SALES,SALES,CENSUS
,UNITED STATES,96704,HI,15,YEAR,,ALL UTILIZATION PRACTICES,TOTAL,ANNUAL,,2007,OPERATIONS,,15,,,00,,00,422,96704,00000000,ALL CLASSES,,ZIP CODE,HAWAII,9000,2012-01-01 00:00:00.000,CROPS,,ALL PRODUCTION PRACTICES,CROP TOTALS,,CROP TOTALS,NOT SPECIFIED,CROP TOTALS - OPERATIONS WITH SALES,SALES,CENSUS
,UNITED STATES,96705,HI,15,YEAR,,ALL UTILIZATION PRACTICES,TOTAL,ANNUAL,,2022,OPERATIONS,,15,,,00,,00,1,96705,00000000,ALL CLASSES,,ZIP CODE,HAWAII,9000,2024-11-07 12:00:00.000,CROPS,,ALL PRODUCTION PRACTICES,CROP TOTALS,,CROP TOTALS,NOT SPECIFIED,CROP TOTALS - OPERATIONS WITH SALES,SALES,CENSUS
,UNITED STATES,96705,HI,15,YEAR,,ALL UTILIZATION PRACTICES,TOTAL,ANNUAL,,2007,OPERATIONS,,15,,,00,,00,7,96705,00000000,ALL CLASSES,,ZIP CODE,HAWAII,9000,2012-01-01 00:00:00.000,CROPS,,ALL PRODUCTION PRACTICES,CROP TOTALS,,CROP TOTALS,NOT SPECIFIED,CROP TOTALS - OPERATIONS WITH SALES,SALES,CENSUS
,UNITED STATES,96706,HI,15,YEAR,,ALL UTILIZATION PRACTICES,TOTAL,ANNUAL,,2022,OPERATIONS,,15,,,00,,00,16,96706,00000000,ALL CLASSES,,ZIP CODE,HAWAII,9000,2024-11-07 12:00:00.000,CROPS,,ALL PRODUCTION PRACTICES,CROP TOTALS,,CROP TOTALS,NOT SPECIFIED,CROP TOTALS - OPERATIONS WITH SALES,SALES,CENSUS
,UNITED STATES,96706,HI,15,YEAR,,ALL UTILIZATION PRACTICES,TOTAL,ANNUAL,,2017,OPERATIONS,,15,,,00,,00,14,96706,00000000,ALL CLASSES,,ZIP CODE,HAWAII,9000,2018-02-01 12:00:00.000,CROPS,,ALL PRODUCTION PRACTICES,CROP TOTALS,,CROP TOTALS,NOT SPECIFIED,CROP TOTALS - OPERATIONS WITH SALES,SALES,CENSUS
,UNITED STATES,96706,HI,15,YEAR,,ALL UTILIZATION PRACTICES,TOTAL,ANNUAL,,2007,OPERATIONS,,15,,,00,,00,11,96706,00000000,ALL CLASSES,,ZIP CODE,HAWAII,9000,2012-01-01 00:00:00.000,CROPS,,ALL PRODUCTION PRACTICES,CROP TOTALS,,CROP TOTALS,NOT SPECIFIED,CROP TOTALS - OPERATIONS WITH SALES,SALES,CENSUS
,UNITED STATES,96707,HI,15,YEAR,,ALL UTILIZATION PRACTICES,TOTAL,ANNUAL,,2022,OPERATIONS,,15,,,00,,00,14,96707,00000000,ALL CLASSES,,ZIP CODE,HAWAII,9000,2024-11-07 12:00:00.000,CROPS,,ALL PRODUCTION PRACTICES,CROP TOTALS,,CROP TOTALS,NOT SPECIFIED,CROP TOTALS - OPERATIONS WITH SALES,SALES,CENSUS
,UNITED STATES,96707,HI,15,YEAR,,ALL UTILIZATION PRACTICES,TOTAL,ANNUAL,,2017,OPERATIONS,,15,,,00,,00,7,96707,00000000,ALL CLASSES,,ZIP CODE,HAWAII,9000,2018-02-01 12:00:00.000,CROPS,,ALL PRODUCTION PRACTICES,CROP TOTALS,,CROP TOTALS,NOT SPECIFIED,CROP TOTALS - OPERATIONS WITH SALES,SALES,CENSUS
,UNITED STATES,96707,HI,15,YEAR,,ALL UTILIZATION PRACTICES,TOTAL,ANNUAL,,2007,OPERATIONS,,15,,,00,,00,8,96707,00000000,ALL CLASSES,,ZIP CODE,HAWAII,9000,2012-01-01 00:00:00.000,CROPS,,ALL PRODUCTION PRACTICES,CROP TOTALS,,CROP TOTALS,NOT SPECIFIED,CROP TOTALS - OPERATIONS WITH SALES,SALES,CENSUS
,UNITED STATES,96708,HI,15,YEAR,,ALL UTILIZATION PRACTICES,TOTAL,ANNUAL,,2022,OPERATIONS,,15,,,00,,00,175,96708,00000000,ALL CLASSES,,ZIP CODE,HAWAII,9000,2024-11-07 12:00:00.000,CROPS,,ALL PRODUCTION PRACTICES,CROP TOTALS,,CROP TOTALS,NOT SPECIFIED,CROP TOTALS - OPERATIONS WITH SALES,SALES,CENSUS
,UNITED STATES,96708,HI,15,YEAR,,ALL UTILIZATION PRACTICES,TOTAL,ANNUAL,,2017,OPERATIONS,,15,,,00,,00,179,96708,00000000,ALL CLASSES,,ZIP CODE,HAWAII,9000,2018-02-01 12:00:00.000,CROPS,,ALL PRODUCTION PRACTICES,CROP TOTALS,,CROP TOTALS,NOT SPECIFIED,CROP TOTALS - OPERATIONS WITH SALES,SALES,CENSUS
,UNITED STATES,96708,HI,15,YEAR,,ALL UTILIZATION PRACTICES,TOTAL,ANNUAL,,2007,OPERATIONS,,15,,,00,,00,160,96708,00000000,ALL CLASSES,,ZIP CODE,HAWAII,9000,2012-01-01 00:00:00.000,CROPS,,ALL PRODUCTION PRACTICES,CROP TOTALS,,CROP TOTALS,NOT SPECIFIED,CROP TOTALS - OPERATIONS WITH SALES,SALES,CENSUS
,UNITED STATES,96709,HI,15,YEAR,,ALL UTILIZATION PRACTICES,TOTAL,ANNUAL,,2017,OPERATIONS,,15,,,00,,00,2,96709,00000000,ALL CLASSES,,ZIP CODE,HAWAII,9000,2018-02-01 12:00:00.000,CROPS,,ALL PRODUCTION PRACTICES,CROP TOTALS,,CROP TOTALS,NOT SPECIFIED,CROP TOTALS - OPERATIONS WITH SALES,SALES,CENSUS
,UNITED STATES,96709,HI,15,YEAR,,ALL UTILIZATION PRACTICES,TOTAL,ANNUAL,,2007,OPERATIONS,,15,,,00,,00,3,96709,00000000,ALL CLASSES,,ZIP CODE,HAWAII,9000,2012-01-01 00:00:00.000,CROPS,,ALL PRODUCTION PRACTICES,CROP TOTALS,,CROP TOTALS,NOT SPECIFIED,CROP TOTALS - OPERATIONS WITH SALES,SALES,CENSUS
,UNITED STATES,96710,HI,15,YEAR,,ALL UTILIZATION PRACTICES,TOTAL,ANNUAL,,2022,OPERATIONS,,15,,,00,,00,24,96710,00000000,ALL CLASSES,,ZIP CODE,HAWAII,9000,2024-11-07 12:00:00.000,CROPS,,ALL PRODUCTION PRACTICES,CROP TOTALS,,CROP TOTALS,NOT SPECIFIED,CROP TOTALS - OPERATIONS WITH SALES,SALES,CENSUS
,UNITED STATES,96710,HI,15,YEAR,,ALL UTILIZATION PRACTICES,TOTAL,ANNUAL,,2017,OPERATIONS,,15,,,00,,00,52,96710,00000000,ALL CLASSES,,ZIP CODE,HAWAII,9000,2018-02-01 12:00:00.000,CROPS,,ALL PRODUCTION PRACTICES,CROP TOTALS,,CROP TOTALS,NOT SPECIFIED,CROP TOTALS - OPERATIONS WITH SALES,SALES,CENSUS
,UNITED STATES,96710,HI,15,YEAR,,ALL UTILIZATION PRACTICES,TOTAL,ANNUAL,,2007,OPERATIONS,,15,,,00,,00,50,96710,00000000,ALL CLASSES,,ZIP CODE,HAWAII,9000,2012-01-01 00:00:00.000,CROPS,,ALL PRODUCTION PRACTICES,CROP TOTALS,,CROP TOTALS,NOT SPECIFIED,CROP TOTALS - OPERATIONS WITH SALES,SALES,CENSUS
,UNITED STATES,96712,HI,15,YEAR,,ALL UTILIZATION PRACTICES,TOTAL,ANNUAL,,2022,OPERATIONS,,15,,,00,,00,64,96712,00000000,ALL CLASSES,,ZIP CODE,HAWAII,9000,2024-11-07 12:00:00.000,CROPS,,ALL PRODUCTION PRACTICES,CROP TOTALS,,CROP TOTALS,NOT SPECIFIED,CROP TOTALS - OPERATIONS WITH SALES,SALES,CENSUS
,UNITED STATES,96712,HI,15,YEAR,,ALL UTILIZATION PRACTICES,TOTAL,ANNUAL,,2017,OPERATIONS,,15,,,00,,00,34,96712,00000000,ALL CLASSES,,ZIP CODE,HAWAII,9000,2018-02-01 12:00:00.000,CROPS,,ALL PRODUCTION PRACTICES,CROP TOTALS,,CROP TOTALS,NOT SPECIFIED,CROP TOTALS - OPERATIONS WITH SALES,SALES,CENSUS
,UNITED STATES,96712,HI,15,YEAR,,ALL UTILIZATION PRACTICES,TOTAL,ANNUAL,,2007,OPERATIONS,,15,,,00,,00,38,96712,00000000,ALL CLASSES,,ZIP CODE,HAWAII,9000,2012-01-01 00:00:00.000,CROPS,,ALL PRODUCTION PRACTICES,CROP TOTALS,,CROP TOTALS,NOT SPECIFIED,CROP TOTALS - OPERATIONS WITH SALES,SALES,CENSUS
,UNITED STATES,96713,HI,15,YEAR,,ALL UTILIZATION PRACTICES,TOTAL,ANNUAL,,2022,OPERATIONS,,15,,,00,,00,60,96713,00000000,ALL CLASSES,,ZIP CODE,HAWAII,9000,2024-11-07 12:00:00.000,CROPS,,ALL PRODUCTION PRACTICES,CROP TOTALS,,CROP TOTALS,NOT SPECIFIED,CROP TOTALS - OPERATIONS WITH SALES,SALES,CENSUS
,UNITED STATES,96713,HI,15,YEAR,,ALL UTILIZATION PRACTICES,TOTAL,ANNUAL,,2017,OPERATIONS,,15,,,00,,00,53,96713,00000000,ALL CLASSES,,ZIP CODE,HAWAII,9000,2018-02-01 12:00:00.000,CROPS,,ALL PRODUCTION PRACTICES,CROP TOTALS,,CROP TOTALS,NOT SPECIFIED,CROP TOTALS - OPERATIONS WITH SALES,SALES,CENSUS
,UNITED STATES,96713,HI,15,YEAR,,ALL UTILIZATION PRACTICES,TOTAL,ANNUAL,,2007,OPERATIONS,,15,,,00,,00,49,96713,00000000,ALL CLASSES,,ZIP CODE,HAWAII,9000,2012-01-01 00:00:00.000,CROPS,,ALL PRODUCTION PRACTICES,CROP TOTALS,,CROP TOTALS,NOT SPECIFIED,CROP TOTALS - OPERATIONS WITH SALES,SALES,CENSUS
,UNITED STATES,96714,HI,15,YEAR,,ALL UTILIZATION PRACTICES,TOTAL,ANNUAL,,2022,OPERATIONS,,15,,,00,,00,24,96714,00000000,ALL CLASSES,,ZIP CODE,HAWAII,9000,2024-11-07 12:00:00.000,CROPS,,ALL PRODUCTION PRACTICES,CROP TOTALS,,CROP TOTALS,NOT SPECIFIED,CROP TOTALS - OPERATIONS WITH SALES,SALES,CENSUS
,UNITED STATES,96714,HI,15,YEAR,,ALL UTILIZATION PRACTICES,TOTAL,ANNUAL,,2017,OPERATIONS,,15,,,00,,00,24,96714,00000000,ALL CLASSES,,ZIP CODE,HAWAII,9000,2018-02-01 12:00:00.000,CROPS,,ALL PRODUCTION PRACTICES,CROP TOTALS,,CROP TOTALS,NOT SPECIFIED,CROP TOTALS - OPERATIONS WITH SALES,SALES,CENSUS
,UNITED STATES,96714,HI,15,YEAR,,ALL UTILIZATION PRACTICES,TOTAL,ANNUAL,,2007,OPERATIONS,,15,,,00,,00,56,96714,00000000,ALL CLASSES,,ZIP CODE,HAWAII,9000,2012-01-01 00:00:00.000,CROPS,,ALL PRODUCTION PRACTICES,CROP TOTALS,,CROP TOTALS,NOT SPECIFIED,CROP TOTALS - OPERATIONS WITH SALES,SALES,CENSUS
,UNITED STATES,96716,HI,15,YEAR,,ALL UTILIZATION PRACTICES,TOTAL,ANNUAL,,2022,OPERATIONS,,15,,,00,,00,8,96716,00000000,ALL CLASSES,,ZIP CODE,HAWAII,9000,2024-11-07 12:00:00.000,CROPS,,ALL PRODUCTION PRACTICES,CROP TOTALS,,CROP TOTALS,NOT SPECIFIED,CROP TOTALS - OPERATIONS WITH SALES,SALES,CENSUS
,UNITED STATES,96716,HI,15,YEAR,,ALL UTILIZATION PRACTICES,TOTAL,ANNUAL,,2017,OPERATIONS,,15,,,00,,00,17,96716,00000000,ALL CLASSES,,ZIP CODE,HAWAII,9000,2018-02-01 12:00:00.000,CROPS,,ALL PRODUCTION PRACTICES,CROP TOTALS,,CROP TOTALS,NOT SPECIFIED,CROP TOTALS - OPERATIONS WITH SALES,SALES,CENSUS
,UNITED STATES,96716,HI,15,YEAR,,ALL UTILIZATION PRACTICES,TOTAL,ANNUAL,,2007,OPERATIONS,,15,,,00,,00,27,96716,00000000,ALL CLASSES,,ZIP CODE,HAWAII,9000,2012-01-01 00:00:00.000,CROPS,,ALL PRODUCTION PRACTICES,CROP TOTALS,,CROP TOTALS,NOT SPECIFIED,CROP TOTALS - OPERATIONS WITH SALES,SALES,CENSUS
,UNITED STATES,96717,HI,15,YEAR,,ALL UTILIZATION PRACTICES,TOTAL,ANNUAL,,2022,OPERATIONS,,15,,,00,,00,20,96717,00000000,ALL CLASSES,,ZIP CODE,HAWAII,9000,2024-11-07 12:00:00.000,CROPS,,ALL PRODUCTION PRACTICES,CROP TOTALS,,CROP TOTALS,NOT SPECIFIED,CROP TOTALS - OPERATIONS WITH SALES,SALES,CENSUS
,UNITED STATES,96717,HI,15,YEAR,,ALL UTILIZATION PRACTICES,TOTAL,ANNUAL,,2017,OPERATIONS,,15,,,00,,00,11,96717,00000000,ALL CLASSES,,ZIP CODE,HAWAII,9000,2018-02-01 12:00:00.000,CROPS,,ALL PRODUCTION PRACTICES,CROP TOTALS,,CROP TOTALS,NOT SPECIFIED,CROP TOTALS - OPERATIONS WITH SALES,SALES,CENSUS
,UNITED STATES,96717,HI,15,YEAR,,ALL UTILIZATION PRACTICES,TOTAL,ANNUAL,,2007,OPERATIONS,,15,,,00,,00,18,96717,00000000,ALL CLASSES,,ZIP CODE,HAWAII,9000,2012-01-01 00:00:00.000,CROPS,,ALL PRODUCTION PRACTICES,CROP TOTALS,,CROP TOTALS,NOT SPECIFIED,CROP TOTALS - OPERATIONS WITH SALES,SALES,CENSUS
,UNITED STATES,96718,HI,15,YEAR,,ALL UTILIZATION PRACTICES,TOTAL,ANNUAL,,2022,OPERATIONS,,15,,,00,,00,2,96718,00000000,ALL CLASSES,,ZIP CODE,HAWAII,9000,2024-11-07 12:00:00.000,CROPS,,ALL PRODUCTION PRACTICES,CROP TOTALS,,CROP TOTALS,NOT SPECIFIED,CROP TOTALS - OPERATIONS WITH SALES,SALES,CENSUS
,UNITED STATES,96718,HI,15,YEAR,,ALL UTILIZATION PRACTICES,TOTAL,ANNUAL,,2017,OPERATIONS,,15,,,00,,00,3,96718,00000000,ALL CLASSES,,ZIP CODE,HAWAII,9000,2018-02-01 12:00:00.000,CROPS,,ALL PRODUCTION PRACTICES,CROP TOTALS,,CROP TOTALS,NOT SPECIFIED,CROP TOTALS - OPERATIONS WITH SALES,SALES,CENSUS
,UNITED STATES,96718,HI,15,YEAR,,ALL UTILIZATION PRACTICES,TOTAL,ANNUAL,,2007,OPERATIONS,,15,,,00,,00,1,96718,00000000,ALL CLASSES,,ZIP CODE,HAWAII,9000,2012-01-01 00:00:00.000,CROPS,,ALL PRODUCTION PRACTICES,CROP TOTALS,,CROP TOTALS,NOT SPECIFIED,CROP TOTALS - OPERATIONS WITH SALES,SALES,CENSUS
,UNITED STATES,96719,HI,15,YEAR,,ALL UTILIZATION PRACTICES,TOTAL,ANNUAL,,2022,OPERATIONS,,15,,,00,,00,36,96719,00000000,ALL CLASSES,,ZIP CODE,HAWAII,9000,2024-11-07 12:00:00.000,CROPS,,ALL PRODUCTION PRACTICES,CROP TOTALS,,CROP TOTALS,NOT SPECIFIED,CROP TOTALS - OPERATIONS WITH SALES,SALES,CENSUS
,UNITED STATES,96719,HI,15,YEAR,,ALL UTILIZATION PRACTICES,TOTAL,ANNUAL,,2017,OPERATIONS,,15,,,00,,00,32,96719,00000000,ALL CLASSES,,ZIP CODE,HAWAII,9000,2018-02-01 12:00:00.000,CROPS,,ALL PRODUCTION PRACTICES,CROP TOTALS,,CROP TOTALS,NOT SPECIFIED,CROP TOTALS - OPERATIONS WITH SALES,SALES,CENSUS
,UNITED STATES,96719,HI,15,YEAR,,ALL UTILIZATION PRACTICES,TOTAL,ANNUAL,,2007,OPERATIONS,,15,,,00,,00,38,96719,00000000,ALL CLASSES,,ZIP CODE,HAWAII,9000,2012-01-01 00:00:00.000,CROPS,,ALL PRODUCTION PRACTICES,CROP TOTALS,,CROP TOTALS,NOT SPECIFIED,CROP TOTALS - OPERATIONS WITH SALES,SALES,CENSUS
,UNITED STATES,96720,HI,15,YEAR,,ALL UTILIZATION PRACTICES,TOTAL,ANNUAL,,2022,OPERATIONS,,15,,,00,,00,247,96720,00000000,ALL CLASSES,,ZIP CODE,HAWAII,9000,2024-11-07 12:00:00.000,CROPS,,ALL PRODUCTION PRACTICES,CROP TOTALS,,CROP TOTALS,NOT SPECIFIED,CROP TOTALS - OPERATIONS WITH SALES,SALES,CENSUS
,UNITED STATES,96720,HI,15,YEAR,,ALL UTILIZATION PRACTICES,TOTAL,ANNUAL,,2017,OPERATIONS,,15,,,00,,00,259,96720,00000000,ALL CLASSES,,ZIP CODE,HAWAII,9000,2018-02-01 12:00:00.000,CROPS,,ALL PRODUCTION PRACTICES,CROP TOTALS,,CROP TOTALS,NOT SPECIFIED,CROP TOTALS - OPERATIONS WITH SALES,SALES,CENSUS
,UNITED STATES,96720,HI,15,YEAR,,ALL UTILIZATION PRACTICES,TOTAL,ANNUAL,,2007,OPERATIONS,,15,,,00,,00,372,96720,00000000,ALL CLASSES,,ZIP CODE,HAWAII,9000,2012-01-01 00:00:00.000,CROPS,,ALL PRODUCTION PRACTICES,CROP TOTALS,,CROP TOTALS,NOT SPECIFIED,CROP TOTALS - OPERATIONS WITH SALES,SALES,CENSUS
,UNITED STATES,96721,HI,15,YEAR,,ALL UTILIZATION PRACTICES,TOTAL,ANNUAL,,2022,OPERATIONS,,15,,,00,,00,12,96721,00000000,ALL CLASSES,,ZIP CODE,HAWAII,9000,2024-11-07 12:00:00.000,CROPS,,ALL PRODUCTION PRACTICES,CROP TOTALS,,CROP TOTALS,NOT SPECIFIED,CROP TOTALS - OPERATIONS WITH SALES,SALES,CENSUS
,UNITED STATES,96721,HI,15,YEAR,,ALL UTILIZATION PRACTICES,TOTAL,ANNUAL,,2017,OPERATIONS,,15,,,00,,00,16,96721,00000000,ALL CLASSES,,ZIP CODE,HAWAII,9000,2018-02-01 12:00:00.000,CROPS,,ALL PRODUCTION PRACTICES,CROP TOTALS,,CROP TOTALS,NOT SPECIFIED,CROP TOTALS - OPERATIONS WITH SALES,SALES,CENSUS
,UNITED STATES,96721,HI,15,YEAR,,ALL UTILIZATION PRACTICES,TOTAL,ANNUAL,,2007,OPERATIONS,,15,,,00,,00,41,96721,00000000,ALL CLASSES,,ZIP CODE,HAWAII,9000,2012-01-01 00:00:00.000,CROPS,,ALL PRODUCTION PRACTICES,CROP TOTALS,,CROP TOTALS,NOT SPECIFIED,CROP TOTALS - OPERATIONS WITH SALES,SALES,CENSUS
,UNITED STATES,96722,HI,15,YEAR,,ALL UTILIZATION PRACTICES,TOTAL,ANNUAL,,2022,OPERATIONS,,15,,,00,,00,13,96722,00000000,ALL CLASSES,,ZIP CODE,HAWAII,9000,2024-11-07 12:00:00.000,CROPS,,ALL PRODUCTION PRACTICES,CROP TOTALS,,CROP TOTALS,NOT SPECIFIED,CROP TOTALS - OPERATIONS WITH SALES,SALES,CENSUS
,UNITED STATES,96722,HI,15,YEAR,,ALL UTILIZATION PRACTICES,TOTAL,ANNUAL,,2017,OPERATIONS,,15,,,00,,00,6,96722,00000000,ALL CLASSES,,ZIP CODE,HAWAII,9000,2018-02-01 12:00:00.000,CROPS,,ALL PRODUCTION PRACTICES,CROP TOTALS,,CROP TOTALS,NOT SPECIFIED,CROP TOTALS - OPERATIONS WITH SALES,SALES,CENSUS
,UNITED STATES,96722,HI,15,YEAR,,ALL UTILIZATION PRACTICES,TOTAL,ANNUAL,,2007,OPERATIONS,,15,,,00,,00,4,96722,00000000,ALL CLASSES,,ZIP CODE,HAWAII,9000,2012-01-01 00:00:00.000,CROPS,,ALL PRODUCTION PRACTICES,CROP TOTALS,,CROP TOTALS,NOT SPECIFIED,CROP TOTALS - OPERATIONS WITH SALES,SALES,CENSUS
,UNITED STATES,96725,HI,15,YEAR,,ALL UTILIZATION PRACTICES,TOTAL,ANNUAL,,2022,OPERATIONS,,15,,,00,,00,169,96725,00000000,ALL CLASSES,,ZIP CODE,HAWAII,9000,2024-11-07 12:00:00.000,CROPS,,ALL PRODUCTION PRACTICES,CROP TOTALS,,CROP TOTALS,NOT SPECIFIED,CROP TOTALS - OPERATIONS WITH SALES,SALES,CENSUS
,UNITED STATES,96725,HI,15,YEAR,,ALL UTILIZATION PRACTICES,TOTAL,ANNUAL,,2017,OPERATIONS,,15,,,00,,00,184,96725,00000000,ALL CLASSES,,ZIP CODE,HAWAII,9000,2018-02-01 12:00:00.000,CROPS,,ALL PRODUCTION PRACTICES,CROP TOTALS,,CROP TOTALS,NOT SPECIFIED,CROP TOTALS - OPERATIONS WITH SALES,SALES,CENSUS
,UNITED STATES,96725,HI,15,YEAR,,ALL UTILIZATION PRACTICES,TOTAL,ANNUAL,,2007,OPERATIONS,,15,,,00,,00,223,96725,00000000,ALL CLASSES,,ZIP CODE,HAWAII,9000,2012-01-01 00:00:00.000,CROPS,,ALL PRODUCTION PRACTICES,CROP TOTALS,,CROP TOTALS,NOT SPECIFIED,CROP TOTALS - OPERATIONS WITH SALES,SALES,CENSUS
,UNITED STATES,96726,HI,15,YEAR,,ALL UTILIZATION PRACTICES,TOTAL,ANNUAL,,2022,OPERATIONS,,15,,,00,,00,80,96726,00000000,ALL CLASSES,,ZIP CODE,HAWAII,9000,2024-11-07 12:00:00.000,CROPS,,ALL PRODUCTION PRACTICES,CROP TOTALS,,CROP TOTALS,NOT SPECIFIED,CROP TOTALS - OPERATIONS WITH SALES,SALES,CENSUS
,UNITED STATES,96726,HI,15,YEAR,,ALL UTILIZATION PRACTICES,TOTAL,ANNUAL,,2017,OPERATIONS,,15,,,00,,00,121,96726,00000000,ALL CLASSES,,ZIP CODE,HAWAII,9000,2018-02-01 12:00:00.000,CROPS,,ALL PRODUCTION PRACTICES,CROP TOTALS,,CROP TOTALS,NOT SPECIFIED,CROP TOTALS - OPERATIONS WITH SALES,SALES,CENSUS
,UNITED STATES,96726,HI,15,YEAR,,ALL UTILIZATION PRACTICES,TOTAL,ANNUAL,,2007,OPERATIONS,,15,,,00,,00,128,96726,00000000,ALL CLASSES,,ZIP CODE,HAWAII,9000,2012-01-01 00:00:00.000,CROPS,,ALL PRODUCTION PRACTICES,CROP TOTALS,,CROP TOTALS,NOT SPECIFIED,CROP TOTALS - OPERATIONS WITH SALES,SALES,CENSUS
,UNITED STATES,96727,HI,15,YEAR,,ALL UTILIZATION PRACTICES,TOTAL,ANNUAL,,2022,OPERATIONS,,15,,,00,,00,94,96727,00000000,ALL CLASSES,,ZIP CODE,HAWAII,9000,2024-11-07 12:00:00.000,CROPS,,ALL PRODUCTION PRACTICES,CROP TOTALS,,CROP TOTALS,NOT SPECIFIED,CROP TOTALS - OPERATIONS WITH SALES,SALES,CENSUS
,UNITED STATES,96727,HI,15,YEAR,,ALL UTILIZATION PRACTICES,TOTAL,ANNUAL,,2017,OPERATIONS,,15,,,00,,00,92,96727,00000000,ALL CLASSES,,ZIP CODE,HAWAII,9000,2018-02-01 12:00:00.000,CROPS,,ALL PRODUCTION PRACTICES,CROP TOTALS,,CROP TOTALS,NOT SPECIFIED,CROP TOTALS - OPERATIONS WITH SALES,SALES,CENSUS
,UNITED STATES,96727,HI,15,YEAR,,ALL UTILIZATION PRACTICES,TOTAL,ANNUAL,,2007,OPERATIONS,,15,,,00,,00,121,96727,00000000,ALL CLASSES,,ZIP CODE,HAWAII,9000,2012-01-01 00:00:00.000,CROPS,,ALL PRODUCTION PRACTICES,CROP TOTALS,,CROP TOTALS,NOT SPECIFIED,CROP TOTALS - OPERATIONS WITH SALES,SALES,CENSUS
,UNITED STATES,96728,HI,15,YEAR,,ALL UTILIZATION PRACTICES,TOTAL,ANNUAL,,2022,OPERATIONS,,15,,,00,,00,21,96728,00000000,ALL CLASSES,,ZIP CODE,HAWAII,9000,2024-11-07 12:00:00.000,CROPS,,ALL PRODUCTION PRACTICES,CROP TOTALS,,CROP TOTALS,NOT SPECIFIED,CROP TOTALS - OPERATIONS WITH SALES,SALES,CENSUS
,UNITED STATES,96728,HI,15,YEAR,,ALL UTILIZATION PRACTICES,TOTAL,ANNUAL,,2017,OPERATIONS,,15,,,00,,00,18,96728,00000000,ALL CLASSES,,ZIP CODE,HAWAII,9000,2018-02-01 12:00:00.000,CROPS,,ALL PRODUCTION PRACTICES,CROP TOTALS,,CROP TOTALS,NOT SPECIFIED,CROP TOTALS - OPERATIONS WITH SALES,SALES,CENSUS
,UNITED STATES,96728,HI,15,YEAR,,ALL UTILIZATION PRACTICES,TOTAL,ANNUAL,,2007,OPERATIONS,,15,,,00,,00,10,96728,00000000,ALL CLASSES,,ZIP CODE,HAWAII,9000,2012-01-01 00:00:00.000,CROPS,,ALL PRODUCTION PRACTICES,CROP TOTALS,,CROP TOTALS,NOT SPECIFIED,CROP TOTALS - OPERATIONS WITH SALES,SALES,CENSUS
,UNITED STATES,96729,HI,15,YEAR,,ALL UTILIZATION PRACTICES,TOTAL,ANNUAL,,2022,OPERATIONS,,15,,,00,,00,16,96729,00000000,ALL CLASSES,,ZIP CODE,HAWAII,9000,2024-11-07 12:00:00.000,CROPS,,ALL PRODUCTION PRACTICES,CROP TOTALS,,CROP TOTALS,NOT SPECIFIED,CROP TOTALS - OPERATIONS WITH SALES,SALES,CENSUS
,UNITED STATES,96729,HI,15,YEAR,,ALL UTILIZATION PRACTICES,TOTAL,ANNUAL,,2017,OPERATIONS,,15,,,00,,00,27,96729,00000000,ALL CLASSES,,ZIP CODE,HAWAII,9000,2018-02-01 12:00:00.000,CROPS,,ALL PRODUCTION PRACTICES,CROP TOTALS,,CROP TOTALS,NOT SPECIFIED,CROP TOTALS - OPERATIONS WITH SALES,SALES,CENSUS
,UNITED STATES,96729,HI,15,YEAR,,ALL UTILIZATION PRACTICES,TOTAL,ANNUAL,,2007,OPERATIONS,,15,,,00,,00,28,96729,00000000,ALL CLASSES,,ZIP CODE,HAWAII,9000,2012-01-01 00:00:00.000,CROPS,,ALL PRODUCTION PRACTICES,CROP TOTALS,,CROP TOTALS,NOT SPECIFIED,CROP TOTALS - OPERATIONS WITH SALES,SALES,CENSUS
,UNITED STATES,96730,HI,15,YEAR,,ALL UTILIZATION PRACTICES,TOTAL,ANNUAL,,2022,OPERATIONS,,15,,,00,,00,3,96730,00000000,ALL CLASSES,,ZIP CODE,HAWAII,9000,2024-11-07 12:00:00.000,CROPS,,ALL PRODUCTION PRACTICES,CROP TOTALS,,CROP TOTALS,NOT SPECIFIED,CROP TOTALS - OPERATIONS WITH SALES,SALES,CENSUS
,UNITED STATES,96730,HI,15,YEAR,,ALL UTILIZATION PRACTICES,TOTAL,ANNUAL,,2017,OPERATIONS,,15,,,00,,00,2,96730,00000000,ALL CLASSES,,ZIP CODE,HAWAII,9000,2018-02-01 12:00:00.000,CROPS,,ALL PRODUCTION PRACTICES,CROP TOTALS,,CROP TOTALS,NOT SPECIFIED,CROP TOTALS - OPERATIONS WITH SALES,SALES,CENSUS
,UNITED STATES,96730,HI,15,YEAR,,ALL UTILIZATION PRACTICES,TOTAL,ANNUAL,,2007,OPERATIONS,,15,,,00,,00,9,96730,00000000,ALL CLASSES,,ZIP CODE,HAWAII,9000,2012-01-01 00:00:00.000,CROPS,,ALL PRODUCTION PRACTICES,CROP TOTALS,,CROP TOTALS,NOT SPECIFIED,CROP TOTALS - OPERATIONS WITH SALES,SALES,CENSUS
,UNITED STATES,96731,HI,15,YEAR,,ALL UTILIZATION PRACTICES,TOTAL,ANNUAL,,2022,OPERATIONS,,15,,,00,,00,11,96731,00000000,ALL CLASSES,,ZIP CODE,HAWAII,9000,2024-11-07 12:00:00.000,CROPS,,ALL PRODUCTION PRACTICES,CROP TOTALS,,CROP TOTALS,NOT SPECIFIED,CROP TOTALS - OPERATIONS WITH SALES,SALES,CENSUS
,UNITED STATES,96731,HI,15,YEAR,,ALL UTILIZATION PRACTICES,TOTAL,ANNUAL,,2017,OPERATIONS,,15,,,00,,00,16,96731,00000000,ALL CLASSES,,ZIP CODE,HAWAII,9000,2018-02-01 12:00:00.000,CROPS,,ALL PRODUCTION PRACTICES,CROP TOTALS,,CROP TOTALS,NOT SPECIFIED,CROP TOTALS - OPERATIONS WITH SALES,SALES,CENSUS
,UNITED STATES,96731,HI,15,YEAR,,ALL UTILIZATION PRACTICES,TOTAL,ANNUAL,,2007,OPERATIONS,,15,,,00,,00,28,96731,00000000,ALL CLASSES,,ZIP CODE,HAWAII,9000,2012-01-01 00:00:00.000,CROPS,,ALL PRODUCTION PRACTICES,CROP TOTALS,,CROP TOTALS,NOT SPECIFIED,CROP TOTALS - OPERATIONS WITH SALES,SALES,CENSUS
,UNITED STATES,96732,HI,15,YEAR,,ALL UTILIZATION PRACTICES,TOTAL,ANNUAL,,2022,OPERATIONS,,15,,,00,,00,13,96732,00000000,ALL CLASSES,,ZIP CODE,HAWAII,9000,2024-11-07 12:00:00.000,CROPS,,ALL PRODUCTION PRACTICES,CROP TOTALS,,CROP TOTALS,NOT SPECIFIED,CROP TOTALS - OPERATIONS WITH SALES,SALES,CENSUS
,UNITED STATES,96732,HI,15,YEAR,,ALL UTILIZATION PRACTICES,TOTAL,ANNUAL,,2017,OPERATIONS,,15,,,00,,00,24,96732,00000000,ALL CLASSES,,ZIP CODE,HAWAII,9000,2018-02-01 12:00:00.000,CROPS,,ALL PRODUCTION PRACTICES,CROP TOTALS,,CROP TOTALS,NOT SPECIFIED,CROP TOTALS - OPERATIONS WITH SALES,SALES,CENSUS
,UNITED STATES,96732,HI,15,YEAR,,ALL UTILIZATION PRACTICES,TOTAL,ANNUAL,,2007,OPERATIONS,,15,,,00,,00,22,96732,00000000,ALL CLASSES,,ZIP CODE,HAWAII,9000,2012-01-01 00:00:00.000,CROPS,,ALL PRODUCTION PRACTICES,CROP TOTALS,,CROP TOTALS,NOT SPECIFIED,CROP TOTALS - OPERATIONS WITH SALES,SALES,CENSUS
,UNITED STATES,96733,HI,15,YEAR,,ALL UTILIZATION PRACTICES,TOTAL,ANNUAL,,2022,OPERATIONS,,15,,,00,,00,3,96733,00000000,ALL CLASSES,,ZIP CODE,HAWAII,9000,2024-11-07 12:00:00.000,CROPS,,ALL PRODUCTION PRACTICES,CROP TOTALS,,CROP TOTALS,NOT SPECIFIED,CROP TOTALS - OPERATIONS WITH SALES,SALES,CENSUS
,UNITED STATES,96733,HI,15,YEAR,,ALL UTILIZATION PRACTICES,TOTAL,ANNUAL,,2017,OPERATIONS,,15,,,00,,00,7,96733,00000000,ALL CLASSES,,ZIP CODE,HAWAII,9000,2018-02-01 12:00:00.000,CROPS,,ALL PRODUCTION PRACTICES,CROP TOTALS,,CROP TOTALS,NOT SPECIFIED,CROP TOTALS - OPERATIONS WITH SALES,SALES,CENSUS
,UNITED STATES,96733,HI,15,YEAR,,ALL UTILIZATION PRACTICES,TOTAL,ANNUAL,,2007,OPERATIONS,,15,,,00,,00,10,96733,00000000,ALL CLASSES,,ZIP CODE,HAWAII,9000,2012-01-01 00:00:00.000,CROPS,,ALL PRODUCTION PRACTICES,CROP TOTALS,,CROP TOTALS,NOT SPECIFIED,CROP TOTALS - OPERATIONS WITH SALES,SALES,CENSUS
,UNITED STATES,96734,HI,15,YEAR,,ALL UTILIZATION PRACTICES,TOTAL,ANNUAL,,2022,OPERATIONS,,15,,,00,,00,23,96734,00000000,ALL CLASSES,,ZIP CODE,HAWAII,9000,2024-11-07 12:00:00.000,CROPS,,ALL PRODUCTION PRACTICES,CROP TOTALS,,CROP TOTALS,NOT SPECIFIED,CROP TOTALS - OPERATIONS WITH SALES,SALES,CENSUS
,UNITED STATES,96734,HI,15,YEAR,,ALL UTILIZATION PRACTICES,TOTAL,ANNUAL,,2017,OPERATIONS,,15,,,00,,00,22,96734,00000000,ALL CLASSES,,ZIP CODE,HAWAII,9000,2018-02-01 12:00:00.000,CROPS,,ALL PRODUCTION PRACTICES,CROP TOTALS,,CROP TOTALS,NOT SPECIFIED,CROP TOTALS - OPERATIONS WITH SALES,SALES,CENSUS
,UNITED STATES,96734,HI,15,YEAR,,ALL UTILIZATION PRACTICES,TOTAL,ANNUAL,,2007,OPERATIONS,,15,,,00,,00,23,96734,00000000,ALL CLASSES,,ZIP CODE,HAWAII,9000,2012-01-01 00:00:00.000,CROPS,,ALL PRODUCTION PRACTICES,CROP TOTALS,,CROP TOTALS,NOT SPECIFIED,CROP TOTALS - OPERATIONS WITH SALES,SALES,CENSUS
,UNITED STATES,96737,HI,15,YEAR,,ALL UTILIZATION PRACTICES,TOTAL,ANNUAL,,2022,OPERATIONS,,15,,,00,,00,23,96737,00000000,ALL CLASSES,,ZIP CODE,HAWAII,9000,2024-11-07 12:00:00.000,CROPS,,ALL PRODUCTION PRACTICES,CROP TOTALS,,CROP TOTALS,NOT SPECIFIED,CROP TOTALS - OPERATIONS WITH SALES,SALES,CENSUS
,UNITED STATES,96737,HI,15,YEAR,,ALL UTILIZATION PRACTICES,TOTAL,ANNUAL,,2017,OPERATIONS,,15,,,00,,00,23,96737,00000000,ALL CLASSES,,ZIP CODE,HAWAII,9000,2018-02-01 12:00:00.000,CROPS,,ALL PRODUCTION PRACTICES,CROP TOTALS,,CROP TOTALS,NOT SPECIFIED,CROP TOTALS - OPERATIONS WITH SALES,SALES,CENSUS
,UNITED STATES,96737,HI,15,YEAR,,ALL UTILIZATION PRACTICES,TOTAL,ANNUAL,,2007,OPERATIONS,,15,,,00,,00,19,96737,00000000,ALL CLASSES,,ZIP CODE,HAWAII,9000,2012-01-01 00:00:00.000,CROPS,,ALL PRODUCTION PRACTICES,CROP TOTALS,,CROP TOTALS,NOT SPECIFIED,CROP TOTALS - OPERATIONS WITH SALES,SALES,CENSUS
,UNITED STATES,96738,HI,15,YEAR,,ALL UTILIZATION PRACTICES,TOTAL,ANNUAL,,2022,OPERATIONS,,15,,,00,,00,5,96738,00000000,ALL CLASSES,,ZIP CODE,HAWAII,9000,2024-11-07 12:00:00.000,CROPS,,ALL PRODUCTION PRACTICES,CROP TOTALS,,CROP TOTALS,NOT SPECIFIED,CROP TOTALS - OPERATIONS WITH SALES,SALES,CENSUS
,UNITED STATES,96738,HI,15,YEAR,,ALL UTILIZATION PRACTICES,TOTAL,ANNUAL,,2017,OPERATIONS,,15,,,00,,00,5,96738,00000000,ALL CLASSES,,ZIP CODE,HAWAII,9000,2018-02-01 12:00:00.000,CROPS,,ALL PRODUCTION PRACTICES,CROP TOTALS,,CROP TOTALS,NOT SPECIFIED,CROP TOTALS - OPERATIONS WITH SALES,SALES,CENSUS
,UNITED STATES,96739,HI,15,YEAR,,ALL UTILIZATION PRACTICES,TOTAL,ANNUAL,,2022,OPERATIONS,,15,,,00,,00,5,96739,00000000,ALL CLASSES,,ZIP CODE,HAWAII,9000,2024-11-07 12:00:00.000,CROPS,,ALL PRODUCTION PRACTICES,CROP TOTALS,,CROP TOTALS,NOT SPECIFIED,CROP TOTALS - OPERATIONS WITH SALES,SALES,CENSUS
,UNITED STATES,96739,HI,15,YEAR,,ALL UTILIZATION PRACTICES,TOTAL,ANNUAL,,2017,OPERATIONS,,15,,,00,,00,16,96739,00000000,ALL CLASSES,,ZIP CODE,HAWAII,9000,2018-02-01 12:00:00.000,CROPS,,ALL PRODUCTION PRACTICES,CROP TOTALS,,CROP TOTALS,NOT SPECIFIED,CROP TOTALS - OPERATIONS WITH SALES,SALES,CENSUS
,UNITED STATES,96739,HI,15,YEAR,,ALL UTILIZATION PRACTICES,TOTAL,ANNUAL,,2007,OPERATIONS,,15,,,00,,00,12,96739,00000000,ALL CLASSES,,ZIP CODE,HAWAII,9000,2012-01-01 00:00:00.000,CROPS,,ALL PRODUCTION PRACTICES,CROP TOTALS,,CROP TOTALS,NOT SPECIFIED,CROP TOTALS - OPERATIONS WITH SALES,SALES,CENSUS
,UNITED STATES,96740,HI,15,YEAR,,ALL UTILIZATION PRACTICES,TOTAL,ANNUAL,,2022,OPERATIONS,,15,,,00,,00,156,96740,00000000,ALL CLASSES,,ZIP CODE,HAWAII,9000,2024-11-07 12:00:00.000,CROPS,,ALL PRODUCTION PRACTICES,CROP TOTALS,,CROP TOTALS,NOT SPECIFIED,CROP TOTALS - OPERATIONS WITH SALES,SALES,CENSUS
,UNITED STATES,96740,HI,15,YEAR,,ALL UTILIZATION PRACTICES,TOTAL,ANNUAL,,2017,OPERATIONS,,15,,,00,,00,196,96740,00000000,ALL CLASSES,,ZIP CODE,HAWAII,9000,2018-02-01 12:00:00.000,CROPS,,ALL PRODUCTION PRACTICES,CROP TOTALS,,CROP TOTALS,NOT SPECIFIED,CROP TOTALS - OPERATIONS WITH SALES,SALES,CENSUS
,UNITED STATES,96740,HI,15,YEAR,,ALL UTILIZATION PRACTICES,TOTAL,ANNUAL,,2007,OPERATIONS,,15,,,00,,00,165,96740,00000000,ALL CLASSES,,ZIP CODE,HAWAII,9000,2012-01-01 00:00:00.000,CROPS,,ALL PRODUCTION PRACTICES,CROP TOTALS,,CROP TOTALS,NOT SPECIFIED,CROP TOTALS - OPERATIONS WITH SALES,SALES,CENSUS
,UNITED STATES,96741,HI,15,YEAR,,ALL UTILIZATION PRACTICES,TOTAL,ANNUAL,,2022,OPERATIONS,,15,,,00,,00,31,96741,00000000,ALL CLASSES,,ZIP CODE,HAWAII,9000,2024-11-07 12:00:00.000,CROPS,,ALL PRODUCTION PRACTICES,CROP TOTALS,,CROP TOTALS,NOT SPECIFIED,CROP TOTALS - OPERATIONS WITH SALES,SALES,CENSUS
,UNITED STATES,96741,HI,15,YEAR,,ALL UTILIZATION PRACTICES,TOTAL,ANNUAL,,2017,OPERATIONS,,15,,,00,,00,25,96741,00000000,ALL CLASSES,,ZIP CODE,HAWAII,9000,2018-02-01 12:00:00.000,CROPS,,ALL PRODUCTION PRACTICES,CROP TOTALS,,CROP TOTALS,NOT SPECIFIED,CROP TOTALS - OPERATIONS WITH SALES,SALES,CENSUS
,UNITED STATES,96741,HI,15,YEAR,,ALL UTILIZATION PRACTICES,TOTAL,ANNUAL,,2007,OPERATIONS,,15,,,00,,00,37,96741,00000000,ALL CLASSES,,ZIP CODE,HAWAII,9000,2012-01-01 00:00:00.000,CROPS,,ALL PRODUCTION PRACTICES,CROP TOTALS,,CROP TOTALS,NOT SPECIFIED,CROP TOTALS - OPERATIONS WITH SALES,SALES,CENSUS
,UNITED STATES,96743,HI,15,YEAR,,ALL UTILIZATION PRACTICES,TOTAL,ANNUAL,,2022,OPERATIONS,,15,,,00,,00,130,96743,00000000,ALL CLASSES,,ZIP CODE,HAWAII,9000,2024-11-07 12:00:00.000,CROPS,,ALL PRODUCTION PRACTICES,CROP TOTALS,,CROP TOTALS,NOT SPECIFIED,CROP TOTALS - OPERATIONS WITH SALES,SALES,CENSUS
,UNITED STATES,96743,HI,15,YEAR,,ALL UTILIZATION PRACTICES,TOTAL,ANNUAL,,2017,OPERATIONS,,15,,,00,,00,120,96743,00000000,ALL CLASSES,,ZIP CODE,HAWAII,9000,2018-02-01 12:00:00.000,CROPS,,ALL PRODUCTION PRACTICES,CROP TOTALS,,CROP TOTALS,NOT SPECIFIED,CROP TOTALS - OPERATIONS WITH SALES,SALES,CENSUS
,UNITED STATES,96743,HI,15,YEAR,,ALL UTILIZATION PRACTICES,TOTAL,ANNUAL,,2007,OPERATIONS,,15,,,00,,00,106,96743,00000000,ALL CLASSES,,ZIP CODE,HAWAII,9000,2012-01-01 00:00:00.000,CROPS,,ALL PRODUCTION PRACTICES,CROP TOTALS,,CROP TOTALS,NOT SPECIFIED,CROP TOTALS - OPERATIONS WITH SALES,SALES,CENSUS
,UNITED STATES,96744,HI,15,YEAR,,ALL UTILIZATION PRACTICES,TOTAL,ANNUAL,,2022,OPERATIONS,,15,,,00,,00,133,96744,00000000,ALL CLASSES,,ZIP CODE,HAWAII,9000,2024-11-07 12:00:00.000,CROPS,,ALL PRODUCTION PRACTICES,CROP TOTALS,,CROP TOTALS,NOT SPECIFIED,CROP TOTALS - OPERATIONS WITH SALES,SALES,CENSUS
,UNITED STATES,96744,HI,15,YEAR,,ALL UTILIZATION PRACTICES,TOTAL,ANNUAL,,2017,OPERATIONS,,15,,,00,,00,115,96744,00000000,ALL CLASSES,,ZIP CODE,HAWAII,9000,2018-02-01 12:00:00.000,CROPS,,ALL PRODUCTION PRACTICES,CROP TOTALS,,CROP TOTALS,NOT SPECIFIED,CROP TOTALS - OPERATIONS WITH SALES,SALES,CENSUS
,UNITED STATES,96744,HI,15,YEAR,,ALL UTILIZATION PRACTICES,TOTAL,ANNUAL,,2007,OPERATIONS,,15,,,00,,00,142,96744,00000000,ALL CLASSES,,ZIP CODE,HAWAII,9000,2012-01-01 00:00:00.000,CROPS,,ALL PRODUCTION PRACTICES,CROP TOTALS,,CROP TOTALS,NOT SPECIFIED,CROP TOTALS - OPERATIONS WITH SALES,SALES,CENSUS
,UNITED STATES,96745,HI,15,YEAR,,ALL UTILIZATION PRACTICES,TOTAL,ANNUAL,,2022,OPERATIONS,,15,,,00,,00,63,96745,00000000,ALL CLASSES,,ZIP CODE,HAWAII,9000,2024-11-07 12:00:00.000,CROPS,,ALL PRODUCTION PRACTICES,CROP TOTALS,,CROP TOTALS,NOT SPECIFIED,CROP TOTALS - OPERATIONS WITH SALES,SALES,CENSUS
,UNITED STATES,96745,HI,15,YEAR,,ALL UTILIZATION PRACTICES,TOTAL,ANNUAL,,2017,OPERATIONS,,15,,,00,,00,71,96745,00000000,ALL CLASSES,,ZIP CODE,HAWAII,9000,2018-02-01 12:00:00.000,CROPS,,ALL PRODUCTION PRACTICES,CROP TOTALS,,CROP TOTALS,NOT SPECIFIED,CROP TOTALS - OPERATIONS WITH SALES,SALES,CENSUS
,UNITED STATES,96745,HI,15,YEAR,,ALL UTILIZATION PRACTICES,TOTAL,ANNUAL,,2007,OPERATIONS,,15,,,00,,00,73,96745,00000000,ALL CLASSES,,ZIP CODE,HAWAII,9000,2012-01-01 00:00:00.000,CROPS,,ALL PRODUCTION PRACTICES,CROP TOTALS,,CROP TOTALS,NOT SPECIFIED,CROP TOTALS - OPERATIONS WITH SALES,SALES,CENSUS
,UNITED STATES,96746,HI,15,YEAR,,ALL UTILIZATION PRACTICES,TOTAL,ANNUAL,,2022,OPERATIONS,,15,,,00,,00,76,96746,00000000,ALL CLASSES,,ZIP CODE,HAWAII,9000,2024-11-07 12:00:00.000,CROPS,,ALL PRODUCTION PRACTICES,CROP TOTALS,,CROP TOTALS,NOT SPECIFIED,CROP TOTALS - OPERATIONS WITH SALES,SALES,CENSUS
,UNITED STATES,96746,HI,15,YEAR,,ALL UTILIZATION PRACTICES,TOTAL,ANNUAL,,2017,OPERATIONS,,15,,,00,,00,142,96746,00000000,ALL CLASSES,,ZIP CODE,HAWAII,9000,2018-02-01 12:00:00.000,CROPS,,ALL PRODUCTION PRACTICES,CROP TOTALS,,CROP TOTALS,NOT SPECIFIED,CROP TOTALS - OPERATIONS WITH SALES,SALES,CENSUS
,UNITED STATES,96746,HI,15,YEAR,,ALL UTILIZATION PRACTICES,TOTAL,ANNUAL,,2007,OPERATIONS,,15,,,00,,00,128,96746,00000000,ALL CLASSES,,ZIP CODE,HAWAII,9000,2012-01-01 00:00:00.000,CROPS,,ALL PRODUCTION PRACTICES,CROP TOTALS,,CROP TOTALS,NOT SPECIFIED,CROP TOTALS - OPERATIONS WITH SALES,SALES,CENSUS
,UNITED STATES,96747,HI,15,YEAR,,ALL UTILIZATION PRACTICES,TOTAL,ANNUAL,,2022,OPERATIONS,,15,,,00,,00,2,96747,00000000,ALL CLASSES,,ZIP CODE,HAWAII,9000,2024-11-07 12:00:00.000,CROPS,,ALL PRODUCTION PRACTICES,CROP TOTALS,,CROP TOTALS,NOT SPECIFIED,CROP TOTALS - OPERATIONS WITH SALES,SALES,CENSUS
,UNITED STATES,96747,HI,15,YEAR,,ALL UTILIZATION PRACTICES,TOTAL,ANNUAL,,2017,OPERATIONS,,15,,,00,,00,4,96747,00000000,ALL CLASSES,,ZIP CODE,HAWAII,9000,2018-02-01 12:00:00.000,CROPS,,ALL PRODUCTION PRACTICES,CROP TOTALS,,CROP TOTALS,NOT SPECIFIED,CROP TOTALS - OPERATIONS WITH SALES,SALES,CENSUS
,UNITED STATES,96747,HI,15,YEAR,,ALL UTILIZATION PRACTICES,TOTAL,ANNUAL,,2007,OPERATIONS,,15,,,00,,00,2,96747,00000000,ALL CLASSES,,ZIP CODE,HAWAII,9000,2012-01-01 00:00:00.000,CROPS,,ALL PRODUCTION PRACTICES,CROP TOTALS,,CROP TOTALS,NOT SPECIFIED,CROP TOTALS - OPERATIONS WITH SALES,SALES,CENSUS
,UNITED STATES,96748,HI,15,YEAR,,ALL UTILIZATION PRACTICES,TOTAL,ANNUAL,,2022,OPERATIONS,,15,,,00,,00,44,96748,00000000,ALL CLASSES,,ZIP CODE,HAWAII,9000,2024-11-07 12:00:00.000,CROPS,,ALL PRODUCTION PRACTICES,CROP TOTALS,,CROP TOTALS,NOT SPECIFIED,CROP TOTALS - OPERATIONS WITH SALES,SALES,CENSUS
,UNITED STATES,96748,HI,15,YEAR,,ALL UTILIZATION PRACTICES,TOTAL,ANNUAL,,2017,OPERATIONS,,15,,,00,,00,48,96748,00000000,ALL CLASSES,,ZIP CODE,HAWAII,9000,2018-02-01 12:00:00.000,CROPS,,ALL PRODUCTION PRACTICES,CROP TOTALS,,CROP TOTALS,NOT SPECIFIED,CROP TOTALS - OPERATIONS WITH SALES,SALES,CENSUS
,UNITED STATES,96748,HI,15,YEAR,,ALL UTILIZATION PRACTICES,TOTAL,ANNUAL,,2007,OPERATIONS,,15,,,00,,00,43,96748,00000000,ALL CLASSES,,ZIP CODE,HAWAII,9000,2012-01-01 00:00:00.000,CROPS,,ALL PRODUCTION PRACTICES,CROP TOTALS,,CROP TOTALS,NOT SPECIFIED,CROP TOTALS - OPERATIONS WITH SALES,SALES,CENSUS
,UNITED STATES,96749,HI,15,YEAR,,ALL UTILIZATION PRACTICES,TOTAL,ANNUAL,,2022,OPERATIONS,,15,,,00,,00,107,96749,00000000,ALL CLASSES,,ZIP CODE,HAWAII,9000,2024-11-07 12:00:00.000,CROPS,,ALL PRODUCTION PRACTICES,CROP TOTALS,,CROP TOTALS,NOT SPECIFIED,CROP TOTALS - OPERATIONS WITH SALES,SALES,CENSUS
,UNITED STATES,96749,HI,15,YEAR,,ALL UTILIZATION PRACTICES,TOTAL,ANNUAL,,2017,OPERATIONS,,15,,,00,,00,123,96749,00000000,ALL CLASSES,,ZIP CODE,HAWAII,9000,2018-02-01 12:00:00.000,CROPS,,ALL PRODUCTION PRACTICES,CROP TOTALS,,CROP TOTALS,NOT SPECIFIED,CROP TOTALS - OPERATIONS WITH SALES,SALES,CENSUS
,UNITED STATES,96749,HI,15,YEAR,,ALL UTILIZATION PRACTICES,TOTAL,ANNUAL,,2007,OPERATIONS,,15,,,00,,00,245,96749,00000000,ALL CLASSES,,ZIP CODE,HAWAII,9000,2012-01-01 00:00:00.000,CROPS,,ALL PRODUCTION PRACTICES,CROP TOTALS,,CROP TOTALS,NOT SPECIFIED,CROP TOTALS - OPERATIONS WITH SALES,SALES,CENSUS
,UNITED STATES,96750,HI,15,YEAR,,ALL UTILIZATION PRACTICES,TOTAL,ANNUAL,,2022,OPERATIONS,,15,,,00,,00,239,96750,00000000,ALL CLASSES,,ZIP CODE,HAWAII,9000,2024-11-07 12:00:00.000,CROPS,,ALL PRODUCTION PRACTICES,CROP TOTALS,,CROP TOTALS,NOT SPECIFIED,CROP TOTALS - OPERATIONS WITH SALES,SALES,CENSUS
,UNITED STATES,96750,HI,15,YEAR,,ALL UTILIZATION PRACTICES,TOTAL,ANNUAL,,2017,OPERATIONS,,15,,,00,,00,299,96750,00000000,ALL CLASSES,,ZIP CODE,HAWAII,9000,2018-02-01 12:00:00.000,CROPS,,ALL PRODUCTION PRACTICES,CROP TOTALS,,CROP TOTALS,NOT SPECIFIED,CROP TOTALS - OPERATIONS WITH SALES,SALES,CENSUS
,UNITED STATES,96750,HI,15,YEAR,,ALL UTILIZATION PRACTICES,TOTAL,ANNUAL,,2007,OPERATIONS,,15,,,00,,00,296,96750,00000000,ALL CLASSES,,ZIP CODE,HAWAII,9000,2012-01-01 00:00:00.000,CROPS,,ALL PRODUCTION PRACTICES,CROP TOTALS,,CROP TOTALS,NOT SPECIFIED,CROP TOTALS - OPERATIONS WITH SALES,SALES,CENSUS
,UNITED STATES,96751,HI,15,YEAR,,ALL UTILIZATION PRACTICES,TOTAL,ANNUAL,,2022,OPERATIONS,,15,,,00,,00,2,96751,00000000,ALL CLASSES,,ZIP CODE,HAWAII,9000,2024-11-07 12:00:00.000,CROPS,,ALL PRODUCTION PRACTICES,CROP TOTALS,,CROP TOTALS,NOT SPECIFIED,CROP TOTALS - OPERATIONS WITH SALES,SALES,CENSUS
,UNITED STATES,96751,HI,15,YEAR,,ALL UTILIZATION PRACTICES,TOTAL,ANNUAL,,2017,OPERATIONS,,15,,,00,,00,6,96751,00000000,ALL CLASSES,,ZIP CODE,HAWAII,9000,2018-02-01 12:00:00.000,CROPS,,ALL PRODUCTION PRACTICES,CROP TOTALS,,CROP TOTALS,NOT SPECIFIED,CROP TOTALS - OPERATIONS WITH SALES,SALES,CENSUS
,UNITED STATES,96751,HI,15,YEAR,,ALL UTILIZATION PRACTICES,TOTAL,ANNUAL,,2007,OPERATIONS,,15,,,00,,00,4,96751,00000000,ALL CLASSES,,ZIP CODE,HAWAII,9000,2012-01-01 00:00:00.000,CROPS,,ALL PRODUCTION PRACTICES,CROP TOTALS,,CROP TOTALS,NOT SPECIFIED,CROP TOTALS - OPERATIONS WITH SALES,SALES,CENSUS
,UNITED STATES,96752,HI,15,YEAR,,ALL UTILIZATION PRACTICES,TOTAL,ANNUAL,,2022,OPERATIONS,,15,,,00,,00,6,96752,00000000,ALL CLASSES,,ZIP CODE,HAWAII,9000,2024-11-07 12:00:00.000,CROPS,,ALL PRODUCTION PRACTICES,CROP TOTALS,,CROP TOTALS,NOT SPECIFIED,CROP TOTALS - OPERATIONS WITH SALES,SALES,CENSUS
,UNITED STATES,96752,HI,15,YEAR,,ALL UTILIZATION PRACTICES,TOTAL,ANNUAL,,2017,OPERATIONS,,15,,,00,,00,7,96752,00000000,ALL CLASSES,,ZIP CODE,HAWAII,9000,2018-02-01 12:00:00.000,CROPS,,ALL PRODUCTION PRACTICES,CROP TOTALS,,CROP TOTALS,NOT SPECIFIED,CROP TOTALS - OPERATIONS WITH SALES,SALES,CENSUS
,UNITED STATES,96752,HI,15,YEAR,,ALL UTILIZATION PRACTICES,TOTAL,ANNUAL,,2007,OPERATIONS,,15,,,00,,00,11,96752,00000000,ALL CLASSES,,ZIP CODE,HAWAII,9000,2012-01-01 00:00:00.000,CROPS,,ALL PRODUCTION PRACTICES,CROP TOTALS,,CROP TOTALS,NOT SPECIFIED,CROP TOTALS - OPERATIONS WITH SALES,SALES,CENSUS
,UNITED STATES,96753,HI,15,YEAR,,ALL UTILIZATION PRACTICES,TOTAL,ANNUAL,,2022,OPERATIONS,,15,,,00,,00,43,96753,00000000,ALL CLASSES,,ZIP CODE,HAWAII,9000,2024-11-07 12:00:00.000,CROPS,,ALL PRODUCTION PRACTICES,CROP TOTALS,,CROP TOTALS,NOT SPECIFIED,CROP TOTALS - OPERATIONS WITH SALES,SALES,CENSUS
,UNITED STATES,96753,HI,15,YEAR,,ALL UTILIZATION PRACTICES,TOTAL,ANNUAL,,2017,OPERATIONS,,15,,,00,,00,40,96753,00000000,ALL CLASSES,,ZIP CODE,HAWAII,9000,2018-02-01 12:00:00.000,CROPS,,ALL PRODUCTION PRACTICES,CROP TOTALS,,CROP TOTALS,NOT SPECIFIED,CROP TOTALS - OPERATIONS WITH SALES,SALES,CENSUS
,UNITED STATES,96753,HI,15,YEAR,,ALL UTILIZATION PRACTICES,TOTAL,ANNUAL,,2007,OPERATIONS,,15,,,00,,00,19,96753,00000000,ALL CLASSES,,ZIP CODE,HAWAII,9000,2012-01-01 00:00:00.000,CROPS,,ALL PRODUCTION PRACTICES,CROP TOTALS,,CROP TOTALS,NOT SPECIFIED,CROP TOTALS - OPERATIONS WITH SALES,SALES,CENSUS
,UNITED STATES,96754,HI,15,YEAR,,ALL UTILIZATION PRACTICES,TOTAL,ANNUAL,,2022,OPERATIONS,,15,,,00,,00,92,96754,00000000,ALL CLASSES,,ZIP CODE,HAWAII,9000,2024-11-07 12:00:00.000,CROPS,,ALL PRODUCTION PRACTICES,CROP TOTALS,,CROP TOTALS,NOT SPECIFIED,CROP TOTALS - OPERATIONS WITH SALES,SALES,CENSUS
,UNITED STATES,96754,HI,15,YEAR,,ALL UTILIZATION PRACTICES,TOTAL,ANNUAL,,2017,OPERATIONS,,15,,,00,,00,95,96754,00000000,ALL CLASSES,,ZIP CODE,HAWAII,9000,2018-02-01 12:00:00.000,CROPS,,ALL PRODUCTION PRACTICES,CROP TOTALS,,CROP TOTALS,NOT SPECIFIED,CROP TOTALS - OPERATIONS WITH SALES,SALES,CENSUS
,UNITED STATES,96754,HI,15,YEAR,,ALL UTILIZATION PRACTICES,TOTAL,ANNUAL,,2007,OPERATIONS,,15,,,00,,00,137,96754,00000000,ALL CLASSES,,ZIP CODE,HAWAII,9000,2012-01-01 00:00:00.000,CROPS,,ALL PRODUCTION PRACTICES,CROP TOTALS,,CROP TOTALS,NOT SPECIFIED,CROP TOTALS - OPERATIONS WITH SALES,SALES,CENSUS
,UNITED STATES,96755,HI,15,YEAR,,ALL UTILIZATION PRACTICES,TOTAL,ANNUAL,,2022,OPERATIONS,,15,,,00,,00,52,96755,00000000,ALL CLASSES,,ZIP CODE,HAWAII,9000,2024-11-07 12:00:00.000,CROPS,,ALL PRODUCTION PRACTICES,CROP TOTALS,,CROP TOTALS,NOT SPECIFIED,CROP TOTALS - OPERATIONS WITH SALES,SALES,CENSUS
,UNITED STATES,96755,HI,15,YEAR,,ALL UTILIZATION PRACTICES,TOTAL,ANNUAL,,2017,OPERATIONS,,15,,,00,,00,57,96755,00000000,ALL CLASSES,,ZIP CODE,HAWAII,9000,2018-02-01 12:00:00.000,CROPS,,ALL PRODUCTION PRACTICES,CROP TOTALS,,CROP TOTALS,NOT SPECIFIED,CROP TOTALS - OPERATIONS WITH SALES,SALES,CENSUS
,UNITED STATES,96755,HI,15,YEAR,,ALL UTILIZATION PRACTICES,TOTAL,ANNUAL,,2007,OPERATIONS,,15,,,00,,00,51,96755,00000000,ALL CLASSES,,ZIP CODE,HAWAII,9000,2012-01-01 00:00:00.000,CROPS,,ALL PRODUCTION PRACTICES,CROP TOTALS,,CROP TOTALS,NOT SPECIFIED,CROP TOTALS - OPERATIONS WITH SALES,SALES,CENSUS
,UNITED STATES,96756,HI,15,YEAR,,ALL UTILIZATION PRACTICES,TOTAL,ANNUAL,,2022,OPERATIONS,,15,,,00,,00,22,96756,00000000,ALL CLASSES,,ZIP CODE,HAWAII,9000,2024-11-07 12:00:00.000,CROPS,,ALL PRODUCTION PRACTICES,CROP TOTALS,,CROP TOTALS,NOT SPECIFIED,CROP TOTALS - OPERATIONS WITH SALES,SALES,CENSUS
,UNITED STATES,96756,HI,15,YEAR,,ALL UTILIZATION PRACTICES,TOTAL,ANNUAL,,2017,OPERATIONS,,15,,,00,,00,14,96756,00000000,ALL CLASSES,,ZIP CODE,HAWAII,9000,2018-02-01 12:00:00.000,CROPS,,ALL PRODUCTION PRACTICES,CROP TOTALS,,CROP TOTALS,NOT SPECIFIED,CROP TOTALS - OPERATIONS WITH SALES,SALES,CENSUS
,UNITED STATES,96756,HI,15,YEAR,,ALL UTILIZATION PRACTICES,TOTAL,ANNUAL,,2007,OPERATIONS,,15,,,00,,00,17,96756,00000000,ALL CLASSES,,ZIP CODE,HAWAII,9000,2012-01-01 00:00:00.000,CROPS,,ALL PRODUCTION PRACTICES,CROP TOTALS,,CROP TOTALS,NOT SPECIFIED,CROP TOTALS - OPERATIONS WITH SALES,SALES,CENSUS
,UNITED STATES,96757,HI,15,YEAR,,ALL UTILIZATION PRACTICES,TOTAL,ANNUAL,,2022,OPERATIONS,,15,,,00,,00,19,96757,00000000,ALL CLASSES,,ZIP CODE,HAWAII,9000,2024-11-07 12:00:00.000,CROPS,,ALL PRODUCTION PRACTICES,CROP TOTALS,,CROP TOTALS,NOT SPECIFIED,CROP TOTALS - OPERATIONS WITH SALES,SALES,CENSUS
,UNITED STATES,96757,HI,15,YEAR,,ALL UTILIZATION PRACTICES,TOTAL,ANNUAL,,2017,OPERATIONS,,15,,,00,,00,5,96757,00000000,ALL CLASSES,,ZIP CODE,HAWAII,9000,2018-02-01 12:00:00.000,CROPS,,ALL PRODUCTION PRACTICES,CROP TOTALS,,CROP TOTALS,NOT SPECIFIED,CROP TOTALS - OPERATIONS WITH SALES,SALES,CENSUS
,UNITED STATES,96757,HI,15,YEAR,,ALL UTILIZATION PRACTICES,TOTAL,ANNUAL,,2007,OPERATIONS,,15,,,00,,00,6,96757,00000000,ALL CLASSES,,ZIP CODE,HAWAII,9000,2012-01-01 00:00:00.000,CROPS,,ALL PRODUCTION PRACTICES,CROP TOTALS,,CROP TOTALS,NOT SPECIFIED,CROP TOTALS - OPERATIONS WITH SALES,SALES,CENSUS
,UNITED STATES,96759,HI,15,YEAR,,ALL UTILIZATION PRACTICES,TOTAL,ANNUAL,,2022,OPERATIONS,,15,,,00,,00,22,96759,00000000,ALL CLASSES,,ZIP CODE,HAWAII,9000,2024-11-07 12:00:00.000,CROPS,,ALL PRODUCTION PRACTICES,CROP TOTALS,,CROP TOTALS,NOT SPECIFIED,CROP TOTALS - OPERATIONS WITH SALES,SALES,CENSUS
,UNITED STATES,96759,HI,15,YEAR,,ALL UTILIZATION PRACTICES,TOTAL,ANNUAL,,2017,OPERATIONS,,15,,,00,,00,22,96759,00000000,ALL CLASSES,,ZIP CODE,HAWAII,9000,2018-02-01 12:00:00.000,CROPS,,ALL PRODUCTION PRACTICES,CROP TOTALS,,CROP TOTALS,NOT SPECIFIED,CROP TOTALS - OPERATIONS WITH SALES,SALES,CENSUS
,UNITED STATES,96759,HI,15,YEAR,,ALL UTILIZATION PRACTICES,TOTAL,ANNUAL,,2007,OPERATIONS,,15,,,00,,00,3,96759,00000000,ALL CLASSES,,ZIP CODE,HAWAII,9000,2012-01-01 00:00:00.000,CROPS,,ALL PRODUCTION PRACTICES,CROP TOTALS,,CROP TOTALS,NOT SPECIFIED,CROP TOTALS - OPERATIONS WITH SALES,SALES,CENSUS
,UNITED STATES,96760,HI,15,YEAR,,ALL UTILIZATION PRACTICES,TOTAL,ANNUAL,,2022,OPERATIONS,,15,,,00,,00,73,96760,00000000,ALL CLASSES,,ZIP CODE,HAWAII,9000,2024-11-07 12:00:00.000,CROPS,,ALL PRODUCTION PRACTICES,CROP TOTALS,,CROP TOTALS,NOT SPECIFIED,CROP TOTALS - OPERATIONS WITH SALES,SALES,CENSUS
,UNITED STATES,96760,HI,15,YEAR,,ALL UTILIZATION PRACTICES,TOTAL,ANNUAL,,2017,OPERATIONS,,15,,,00,,00,77,96760,00000000,ALL CLASSES,,ZIP CODE,HAWAII,9000,2018-02-01 12:00:00.000,CROPS,,ALL PRODUCTION PRACTICES,CROP TOTALS,,CROP TOTALS,NOT SPECIFIED,CROP TOTALS - OPERATIONS WITH SALES,SALES,CENSUS
,UNITED STATES,96760,HI,15,YEAR,,ALL UTILIZATION PRACTICES,TOTAL,ANNUAL,,2007,OPERATIONS,,15,,,00,,00,94,96760,00000000,ALL CLASSES,,ZIP CODE,HAWAII,9000,2012-01-01 00:00:00.000,CROPS,,ALL PRODUCTION PRACTICES,CROP TOTALS,,CROP TOTALS,NOT SPECIFIED,CROP TOTALS - OPERATIONS WITH SALES,SALES,CENSUS
,UNITED STATES,96761,HI,15,YEAR,,ALL UTILIZATION PRACTICES,TOTAL,ANNUAL,,2022,OPERATIONS,,15,,,00,,00,27,96761,00000000,ALL CLASSES,,ZIP CODE,HAWAII,9000,2024-11-07 12:00:00.000,CROPS,,ALL PRODUCTION PRACTICES,CROP TOTALS,,CROP TOTALS,NOT SPECIFIED,CROP TOTALS - OPERATIONS WITH SALES,SALES,CENSUS
,UNITED STATES,96761,HI,15,YEAR,,ALL UTILIZATION PRACTICES,TOTAL,ANNUAL,,2017,OPERATIONS,,15,,,00,,00,49,96761,00000000,ALL CLASSES,,ZIP CODE,HAWAII,9000,2018-02-01 12:00:00.000,CROPS,,ALL PRODUCTION PRACTICES,CROP TOTALS,,CROP TOTALS,NOT SPECIFIED,CROP TOTALS - OPERATIONS WITH SALES,SALES,CENSUS
,UNITED STATES,96761,HI,15,YEAR,,ALL UTILIZATION PRACTICES,TOTAL,ANNUAL,,2007,OPERATIONS,,15,,,00,,00,33,96761,00000000,ALL CLASSES,,ZIP CODE,HAWAII,9000,2012-01-01 00:00:00.000,CROPS,,ALL PRODUCTION PRACTICES,CROP TOTALS,,CROP TOTALS,NOT SPECIFIED,CROP TOTALS - OPERATIONS WITH SALES,SALES,CENSUS
,UNITED STATES,96762,HI,15,YEAR,,ALL UTILIZATION PRACTICES,TOTAL,ANNUAL,,2022,OPERATIONS,,15,,,00,,00,7,96762,00000000,ALL CLASSES,,ZIP CODE,HAWAII,9000,2024-11-07 12:00:00.000,CROPS,,ALL PRODUCTION PRACTICES,CROP TOTALS,,CROP TOTALS,NOT SPECIFIED,CROP TOTALS - OPERATIONS WITH SALES,SALES,CENSUS
,UNITED STATES,96762,HI,15,YEAR,,ALL UTILIZATION PRACTICES,TOTAL,ANNUAL,,2007,OPERATIONS,,15,,,00,,00,1,96762,00000000,ALL CLASSES,,ZIP CODE,HAWAII,9000,2012-01-01 00:00:00.000,CROPS,,ALL PRODUCTION PRACTICES,CROP TOTALS,,CROP TOTALS,NOT SPECIFIED,CROP TOTALS - OPERATIONS WITH SALES,SALES,CENSUS
,UNITED STATES,96763,HI,15,YEAR,,ALL UTILIZATION PRACTICES,TOTAL,ANNUAL,,2022,OPERATIONS,,15,,,00,,00,7,96763,00000000,ALL CLASSES,,ZIP CODE,HAWAII,9000,2024-11-07 12:00:00.000,CROPS,,ALL PRODUCTION PRACTICES,CROP TOTALS,,CROP TOTALS,NOT SPECIFIED,CROP TOTALS - OPERATIONS WITH SALES,SALES,CENSUS
,UNITED STATES,96763,HI,15,YEAR,,ALL UTILIZATION PRACTICES,TOTAL,ANNUAL,,2017,OPERATIONS,,15,,,00,,00,10,96763,00000000,ALL CLASSES,,ZIP CODE,HAWAII,9000,2018-02-01 12:00:00.000,CROPS,,ALL PRODUCTION PRACTICES,CROP TOTALS,,CROP TOTALS,NOT SPECIFIED,CROP TOTALS - OPERATIONS WITH SALES,SALES,CENSUS
,UNITED STATES,96763,HI,15,YEAR,,ALL UTILIZATION PRACTICES,TOTAL,ANNUAL,,2007,OPERATIONS,,15,,,00,,00,5,96763,00000000,ALL CLASSES,,ZIP CODE,HAWAII,9000,2012-01-01 00:00:00.000,CROPS,,ALL PRODUCTION PRACTICES,CROP TOTALS,,CROP TOTALS,NOT SPECIFIED,CROP TOTALS - OPERATIONS WITH SALES,SALES,CENSUS
,UNITED STATES,96764,HI,15,YEAR,,ALL UTILIZATION PRACTICES,TOTAL,ANNUAL,,2022,OPERATIONS,,15,,,00,,00,15,96764,00000000,ALL CLASSES,,ZIP CODE,HAWAII,9000,2024-11-07 12:00:00.000,CROPS,,ALL PRODUCTION PRACTICES,CROP TOTALS,,CROP TOTALS,NOT SPECIFIED,CROP TOTALS - OPERATIONS WITH SALES,SALES,CENSUS
,UNITED STATES,96764,HI,15,YEAR,,ALL UTILIZATION PRACTICES,TOTAL,ANNUAL,,2017,OPERATIONS,,15,,,00,,00,14,96764,00000000,ALL CLASSES,,ZIP CODE,HAWAII,9000,2018-02-01 12:00:00.000,CROPS,,ALL PRODUCTION PRACTICES,CROP TOTALS,,CROP TOTALS,NOT SPECIFIED,CROP TOTALS - OPERATIONS WITH SALES,SALES,CENSUS
,UNITED STATES,96764,HI,15,YEAR,,ALL UTILIZATION PRACTICES,TOTAL,ANNUAL,,2007,OPERATIONS,,15,,,00,,00,22,96764,00000000,ALL CLASSES,,ZIP CODE,HAWAII,9000,2012-01-01 00:00:00.000,CROPS,,ALL PRODUCTION PRACTICES,CROP TOTALS,,CROP TOTALS,NOT SPECIFIED,CROP TOTALS - OPERATIONS WITH SALES,SALES,CENSUS
,UNITED STATES,96765,HI,15,YEAR,,ALL UTILIZATION PRACTICES,TOTAL,ANNUAL,,2022,OPERATIONS,,15,,,00,,00,2,96765,00000000,ALL CLASSES,,ZIP CODE,HAWAII,9000,2024-11-07 12:00:00.000,CROPS,,ALL PRODUCTION PRACTICES,CROP TOTALS,,CROP TOTALS,NOT SPECIFIED,CROP TOTALS - OPERATIONS WITH SALES,SALES,CENSUS
,UNITED STATES,96765,HI,15,YEAR,,ALL UTILIZATION PRACTICES,TOTAL,ANNUAL,,2017,OPERATIONS,,15,,,00,,00,13,96765,00000000,ALL CLASSES,,ZIP CODE,HAWAII,9000,2018-02-01 12:00:00.000,CROPS,,ALL PRODUCTION PRACTICES,CROP TOTALS,,CROP TOTALS,NOT SPECIFIED,CROP TOTALS - OPERATIONS WITH SALES,SALES,CENSUS
,UNITED STATES,96765,HI,15,YEAR,,ALL UTILIZATION PRACTICES,TOTAL,ANNUAL,,2007,OPERATIONS,,15,,,00,,00,14,96765,00000000,ALL CLASSES,,ZIP CODE,HAWAII,9000,2012-01-01 00:00:00.000,CROPS,,ALL PRODUCTION PRACTICES,CROP TOTALS,,CROP TOTALS,NOT SPECIFIED,CROP TOTALS - OPERATIONS WITH SALES,SALES,CENSUS
,UNITED STATES,96766,HI,15,YEAR,,ALL UTILIZATION PRACTICES,TOTAL,ANNUAL,,2022,OPERATIONS,,15,,,00,,00,29,96766,00000000,ALL CLASSES,,ZIP CODE,HAWAII,9000,2024-11-07 12:00:00.000,CROPS,,ALL PRODUCTION PRACTICES,CROP TOTALS,,CROP TOTALS,NOT SPECIFIED,CROP TOTALS - OPERATIONS WITH SALES,SALES,CENSUS
,UNITED STATES,96766,HI,15,YEAR,,ALL UTILIZATION PRACTICES,TOTAL,ANNUAL,,2017,OPERATIONS,,15,,,00,,00,33,96766,00000000,ALL CLASSES,,ZIP CODE,HAWAII,9000,2018-02-01 12:00:00.000,CROPS,,ALL PRODUCTION PRACTICES,CROP TOTALS,,CROP TOTALS,NOT SPECIFIED,CROP TOTALS - OPERATIONS WITH SALES,SALES,CENSUS
,UNITED STATES,96766,HI,15,YEAR,,ALL UTILIZATION PRACTICES,TOTAL,ANNUAL,,2007,OPERATIONS,,15,,,00,,00,27,96766,00000000,ALL CLASSES,,ZIP CODE,HAWAII,9000,2012-01-01 00:00:00.000,CROPS,,ALL PRODUCTION PRACTICES,CROP TOTALS,,CROP TOTALS,NOT SPECIFIED,CROP TOTALS - OPERATIONS WITH SALES,SALES,CENSUS
,UNITED STATES,96767,HI,15,YEAR,,ALL UTILIZATION PRACTICES,TOTAL,ANNUAL,,2022,OPERATIONS,,15,,,00,,00,4,96767,00000000,ALL CLASSES,,ZIP CODE,HAWAII,9000,2024-11-07 12:00:00.000,CROPS,,ALL PRODUCTION PRACTICES,CROP TOTALS,,CROP TOTALS,NOT SPECIFIED,CROP TOTALS - OPERATIONS WITH SALES,SALES,CENSUS
,UNITED STATES,96767,HI,15,YEAR,,ALL UTILIZATION PRACTICES,TOTAL,ANNUAL,,2017,OPERATIONS,,15,,,00,,00,2,96767,00000000,ALL CLASSES,,ZIP CODE,HAWAII,9000,2018-02-01 12:00:00.000,CROPS,,ALL PRODUCTION PRACTICES,CROP TOTALS,,CROP TOTALS,NOT SPECIFIED,CROP TOTALS - OPERATIONS WITH SALES,SALES,CENSUS
,UNITED STATES,96767,HI,15,YEAR,,ALL UTILIZATION PRACTICES,TOTAL,ANNUAL,,2007,OPERATIONS,,15,,,00,,00,2,96767,00000000,ALL CLASSES,,ZIP CODE,HAWAII,9000,2012-01-01 00:00:00.000,CROPS,,ALL PRODUCTION PRACTICES,CROP TOTALS,,CROP TOTALS,NOT SPECIFIED,CROP TOTALS - OPERATIONS WITH SALES,SALES,CENSUS
,UNITED STATES,96768,HI,15,YEAR,,ALL UTILIZATION PRACTICES,TOTAL,ANNUAL,,2022,OPERATIONS,,15,,,00,,00,109,96768,00000000,ALL CLASSES,,ZIP CODE,HAWAII,9000,2024-11-07 12:00:00.000,CROPS,,ALL PRODUCTION PRACTICES,CROP TOTALS,,CROP TOTALS,NOT SPECIFIED,CROP TOTALS - OPERATIONS WITH SALES,SALES,CENSUS
,UNITED STATES,96768,HI,15,YEAR,,ALL UTILIZATION PRACTICES,TOTAL,ANNUAL,,2017,OPERATIONS,,15,,,00,,00,128,96768,00000000,ALL CLASSES,,ZIP CODE,HAWAII,9000,2018-02-01 12:00:00.000,CROPS,,ALL PRODUCTION PRACTICES,CROP TOTALS,,CROP TOTALS,NOT SPECIFIED,CROP TOTALS - OPERATIONS WITH SALES,SALES,CENSUS
,UNITED STATES,96768,HI,15,YEAR,,ALL UTILIZATION PRACTICES,TOTAL,ANNUAL,,2007,OPERATIONS,,15,,,00,,00,132,96768,00000000,ALL CLASSES,,ZIP CODE,HAWAII,9000,2012-01-01 00:00:00.000,CROPS,,ALL PRODUCTION PRACTICES,CROP TOTALS,,CROP TOTALS,NOT SPECIFIED,CROP TOTALS - OPERATIONS WITH SALES,SALES,CENSUS
,UNITED STATES,96769,HI,15,YEAR,,ALL UTILIZATION PRACTICES,TOTAL,ANNUAL,,2017,OPERATIONS,,15,,,00,,00,3,96769,00000000,ALL CLASSES,,ZIP CODE,HAWAII,9000,2018-02-01 12:00:00.000,CROPS,,ALL PRODUCTION PRACTICES,CROP TOTALS,,CROP TOTALS,NOT SPECIFIED,CROP TOTALS - OPERATIONS WITH SALES,SALES,CENSUS
,UNITED STATES,96769,HI,15,YEAR,,ALL UTILIZATION PRACTICES,TOTAL,ANNUAL,,2007,OPERATIONS,,15,,,00,,00,9,96769,00000000,ALL CLASSES,,ZIP CODE,HAWAII,9000,2012-01-01 00:00:00.000,CROPS,,ALL PRODUCTION PRACTICES,CROP TOTALS,,CROP TOTALS,NOT SPECIFIED,CROP TOTALS - OPERATIONS WITH SALES,SALES,CENSUS
,UNITED STATES,96770,HI,15,YEAR,,ALL UTILIZATION PRACTICES,TOTAL,ANNUAL,,2022,OPERATIONS,,15,,,00,,00,2,96770,00000000,ALL CLASSES,,ZIP CODE,HAWAII,9000,2024-11-07 12:00:00.000,CROPS,,ALL PRODUCTION PRACTICES,CROP TOTALS,,CROP TOTALS,NOT SPECIFIED,CROP TOTALS - OPERATIONS WITH SALES,SALES,CENSUS
,UNITED STATES,96770,HI,15,YEAR,,ALL UTILIZATION PRACTICES,TOTAL,ANNUAL,,2017,OPERATIONS,,15,,,00,,00,1,96770,00000000,ALL CLASSES,,ZIP CODE,HAWAII,9000,2018-02-01 12:00:00.000,CROPS,,ALL PRODUCTION PRACTICES,CROP TOTALS,,CROP TOTALS,NOT SPECIFIED,CROP TOTALS - OPERATIONS WITH SALES,SALES,CENSUS
,UNITED STATES,96771,HI,15,YEAR,,ALL UTILIZATION PRACTICES,TOTAL,ANNUAL,,2022,OPERATIONS,,15,,,00,,00,44,96771,00000000,ALL CLASSES,,ZIP CODE,HAWAII,9000,2024-11-07 12:00:00.000,CROPS,,ALL PRODUCTION PRACTICES,CROP TOTALS,,CROP TOTALS,NOT SPECIFIED,CROP TOTALS - OPERATIONS WITH SALES,SALES,CENSUS
,UNITED STATES,96771,HI,15,YEAR,,ALL UTILIZATION PRACTICES,TOTAL,ANNUAL,,2017,OPERATIONS,,15,,,00,,00,56,96771,00000000,ALL CLASSES,,ZIP CODE,HAWAII,9000,2018-02-01 12:00:00.000,CROPS,,ALL PRODUCTION PRACTICES,CROP TOTALS,,CROP TOTALS,NOT SPECIFIED,CROP TOTALS - OPERATIONS WITH SALES,SALES,CENSUS
,UNITED STATES,96771,HI,15,YEAR,,ALL UTILIZATION PRACTICES,TOTAL,ANNUAL,,2007,OPERATIONS,,15,,,00,,00,52,96771,00000000,ALL CLASSES,,ZIP CODE,HAWAII,9000,2012-01-01 00:00:00.000,CROPS,,ALL PRODUCTION PRACTICES,CROP TOTALS,,CROP TOTALS,NOT SPECIFIED,CROP TOTALS - OPERATIONS WITH SALES,SALES,CENSUS
,UNITED STATES,96772,HI,15,YEAR,,ALL UTILIZATION PRACTICES,TOTAL,ANNUAL,,2022,OPERATIONS,,15,,,00,,00,52,96772,00000000,ALL CLASSES,,ZIP CODE,HAWAII,9000,2024-11-07 12:00:00.000,CROPS,,ALL PRODUCTION PRACTICES,CROP TOTALS,,CROP TOTALS,NOT SPECIFIED,CROP TOTALS - OPERATIONS WITH SALES,SALES,CENSUS
,UNITED STATES,96772,HI,15,YEAR,,ALL UTILIZATION PRACTICES,TOTAL,ANNUAL,,2017,OPERATIONS,,15,,,00,,00,35,96772,00000000,ALL CLASSES,,ZIP CODE,HAWAII,9000,2018-02-01 12:00:00.000,CROPS,,ALL PRODUCTION PRACTICES,CROP TOTALS,,CROP TOTALS,NOT SPECIFIED,CROP TOTALS - OPERATIONS WITH SALES,SALES,CENSUS
,UNITED STATES,96772,HI,15,YEAR,,ALL UTILIZATION PRACTICES,TOTAL,ANNUAL,,2007,OPERATIONS,,15,,,00,,00,38,96772,00000000,ALL CLASSES,,ZIP CODE,HAWAII,9000,2012-01-01 00:00:00.000,CROPS,,ALL PRODUCTION PRACTICES,CROP TOTALS,,CROP TOTALS,NOT SPECIFIED,CROP TOTALS - OPERATIONS WITH SALES,SALES,CENSUS
,UNITED STATES,96773,HI,15,YEAR,,ALL UTILIZATION PRACTICES,TOTAL,ANNUAL,,2022,OPERATIONS,,15,,,00,,00,22,96773,00000000,ALL CLASSES,,ZIP CODE,HAWAII,9000,2024-11-07 12:00:00.000,CROPS,,ALL PRODUCTION PRACTICES,CROP TOTALS,,CROP TOTALS,NOT SPECIFIED,CROP TOTALS - OPERATIONS WITH SALES,SALES,CENSUS
,UNITED STATES,96773,HI,15,YEAR,,ALL UTILIZATION PRACTICES,TOTAL,ANNUAL,,2017,OPERATIONS,,15,,,00,,00,11,96773,00000000,ALL CLASSES,,ZIP CODE,HAWAII,9000,2018-02-01 12:00:00.000,CROPS,,ALL PRODUCTION PRACTICES,CROP TOTALS,,CROP TOTALS,NOT SPECIFIED,CROP TOTALS - OPERATIONS WITH SALES,SALES,CENSUS
,UNITED STATES,96773,HI,15,YEAR,,ALL UTILIZATION PRACTICES,TOTAL,ANNUAL,,2007,OPERATIONS,,15,,,00,,00,11,96773,00000000,ALL CLASSES,,ZIP CODE,HAWAII,9000,2012-01-01 00:00:00.000,CROPS,,ALL PRODUCTION PRACTICES,CROP TOTALS,,CROP TOTALS,NOT SPECIFIED,CROP TOTALS - OPERATIONS WITH SALES,SALES,CENSUS
,UNITED STATES,96774,HI,15,YEAR,,ALL UTILIZATION PRACTICES,TOTAL,ANNUAL,,2017,OPERATIONS,,15,,,00,,00,1,96774,00000000,ALL CLASSES,,ZIP CODE,HAWAII,9000,2018-02-01 12:00:00.000,CROPS,,ALL PRODUCTION PRACTICES,CROP TOTALS,,CROP TOTALS,NOT SPECIFIED,CROP TOTALS - OPERATIONS WITH SALES,SALES,CENSUS
,UNITED STATES,96774,HI,15,YEAR,,ALL UTILIZATION PRACTICES,TOTAL,ANNUAL,,2007,OPERATIONS,,15,,,00,,00,2,96774,00000000,ALL CLASSES,,ZIP CODE,HAWAII,9000,2012-01-01 00:00:00.000,CROPS,,ALL PRODUCTION PRACTICES,CROP TOTALS,,CROP TOTALS,NOT SPECIFIED,CROP TOTALS - OPERATIONS WITH SALES,SALES,CENSUS
,UNITED STATES,96776,HI,15,YEAR,,ALL UTILIZATION PRACTICES,TOTAL,ANNUAL,,2022,OPERATIONS,,15,,,00,,00,27,96776,00000000,ALL CLASSES,,ZIP CODE,HAWAII,9000,2024-11-07 12:00:00.000,CROPS,,ALL PRODUCTION PRACTICES,CROP TOTALS,,CROP TOTALS,NOT SPECIFIED,CROP TOTALS - OPERATIONS WITH SALES,SALES,CENSUS
,UNITED STATES,96776,HI,15,YEAR,,ALL UTILIZATION PRACTICES,TOTAL,ANNUAL,,2017,OPERATIONS,,15,,,00,,00,35,96776,00000000,ALL CLASSES,,ZIP CODE,HAWAII,9000,2018-02-01 12:00:00.000,CROPS,,ALL PRODUCTION PRACTICES,CROP TOTALS,,CROP TOTALS,NOT SPECIFIED,CROP TOTALS - OPERATIONS WITH SALES,SALES,CENSUS
,UNITED STATES,96776,HI,15,YEAR,,ALL UTILIZATION PRACTICES,TOTAL,ANNUAL,,2007,OPERATIONS,,15,,,00,,00,40,96776,00000000,ALL CLASSES,,ZIP CODE,HAWAII,9000,2012-01-01 00:00:00.000,CROPS,,ALL PRODUCTION PRACTICES,CROP TOTALS,,CROP TOTALS,NOT SPECIFIED,CROP TOTALS - OPERATIONS WITH SALES,SALES,CENSUS
,UNITED STATES,96777,HI,15,YEAR,,ALL UTILIZATION PRACTICES,TOTAL,ANNUAL,,2022,OPERATIONS,,15,,,00,,00,32,96777,00000000,ALL CLASSES,,ZIP CODE,HAWAII,9000,2024-11-07 12:00:00.000,CROPS,,ALL PRODUCTION PRACTICES,CROP TOTALS,,CROP TOTALS,NOT SPECIFIED,CROP TOTALS - OPERATIONS WITH SALES,SALES,CENSUS
,UNITED STATES,96777,HI,15,YEAR,,ALL UTILIZATION PRACTICES,TOTAL,ANNUAL,,2017,OPERATIONS,,15,,,00,,00,52,96777,00000000,ALL CLASSES,,ZIP CODE,HAWAII,9000,2018-02-01 12:00:00.000,CROPS,,ALL PRODUCTION PRACTICES,CROP TOTALS,,CROP TOTALS,NOT SPECIFIED,CROP TOTALS - OPERATIONS WITH SALES,SALES,CENSUS
,UNITED STATES,96777,HI,15,YEAR,,ALL UTILIZATION PRACTICES,TOTAL,ANNUAL,,2007,OPERATIONS,,15,,,00,,00,36,96777,00000000,ALL CLASSES,,ZIP CODE,HAWAII,9000,2012-01-01 00:00:00.000,CROPS,,ALL PRODUCTION PRACTICES,CROP TOTALS,,CROP TOTALS,NOT SPECIFIED,CROP TOTALS - OPERATIONS WITH SALES,SALES,CENSUS
,UNITED STATES,96778,HI,15,YEAR,,ALL UTILIZATION PRACTICES,TOTAL,ANNUAL,,2022,OPERATIONS,,15,,,00,,00,113,96778,00000000,ALL CLASSES,,ZIP CODE,HAWAII,9000,2024-11-07 12:00:00.000,CROPS,,ALL PRODUCTION PRACTICES,CROP TOTALS,,CROP TOTALS,NOT SPECIFIED,CROP TOTALS - OPERATIONS WITH SALES,SALES,CENSUS
,UNITED STATES,96778,HI,15,YEAR,,ALL UTILIZATION PRACTICES,TOTAL,ANNUAL,,2017,OPERATIONS,,15,,,00,,00,173,96778,00000000,ALL CLASSES,,ZIP CODE,HAWAII,9000,2018-02-01 12:00:00.000,CROPS,,ALL PRODUCTION PRACTICES,CROP TOTALS,,CROP TOTALS,NOT SPECIFIED,CROP TOTALS - OPERATIONS WITH SALES,SALES,CENSUS
,UNITED STATES,96778,HI,15,YEAR,,ALL UTILIZATION PRACTICES,TOTAL,ANNUAL,,2007,OPERATIONS,,15,,,00,,00,229,96778,00000000,ALL CLASSES,,ZIP CODE,HAWAII,9000,2012-01-01 00:00:00.000,CROPS,,ALL PRODUCTION PRACTICES,CROP TOTALS,,CROP TOTALS,NOT SPECIFIED,CROP TOTALS - OPERATIONS WITH SALES,SALES,CENSUS
,UNITED STATES,96779,HI,15,YEAR,,ALL UTILIZATION PRACTICES,TOTAL,ANNUAL,,2022,OPERATIONS,,15,,,00,,00,32,96779,00000000,ALL CLASSES,,ZIP CODE,HAWAII,9000,2024-11-07 12:00:00.000,CROPS,,ALL PRODUCTION PRACTICES,CROP TOTALS,,CROP TOTALS,NOT SPECIFIED,CROP TOTALS - OPERATIONS WITH SALES,SALES,CENSUS
,UNITED STATES,96779,HI,15,YEAR,,ALL UTILIZATION PRACTICES,TOTAL,ANNUAL,,2017,OPERATIONS,,15,,,00,,00,18,96779,00000000,ALL CLASSES,,ZIP CODE,HAWAII,9000,2018-02-01 12:00:00.000,CROPS,,ALL PRODUCTION PRACTICES,CROP TOTALS,,CROP TOTALS,NOT SPECIFIED,CROP TOTALS - OPERATIONS WITH SALES,SALES,CENSUS
,UNITED STATES,96779,HI,15,YEAR,,ALL UTILIZATION PRACTICES,TOTAL,ANNUAL,,2007,OPERATIONS,,15,,,00,,00,20,96779,00000000,ALL CLASSES,,ZIP CODE,HAWAII,9000,2012-01-01 00:00:00.000,CROPS,,ALL PRODUCTION PRACTICES,CROP TOTALS,,CROP TOTALS,NOT SPECIFIED,CROP TOTALS - OPERATIONS WITH SALES,SALES,CENSUS
,UNITED STATES,96780,HI,15,YEAR,,ALL UTILIZATION PRACTICES,TOTAL,ANNUAL,,2022,OPERATIONS,,15,,,00,,00,15,96780,00000000,ALL CLASSES,,ZIP CODE,HAWAII,9000,2024-11-07 12:00:00.000,CROPS,,ALL PRODUCTION PRACTICES,CROP TOTALS,,CROP TOTALS,NOT SPECIFIED,CROP TOTALS - OPERATIONS WITH SALES,SALES,CENSUS
,UNITED STATES,96780,HI,15,YEAR,,ALL UTILIZATION PRACTICES,TOTAL,ANNUAL,,2017,OPERATIONS,,15,,,00,,00,8,96780,00000000,ALL CLASSES,,ZIP CODE,HAWAII,9000,2018-02-01 12:00:00.000,CROPS,,ALL PRODUCTION PRACTICES,CROP TOTALS,,CROP TOTALS,NOT SPECIFIED,CROP TOTALS - OPERATIONS WITH SALES,SALES,CENSUS
,UNITED STATES,96780,HI,15,YEAR,,ALL UTILIZATION PRACTICES,TOTAL,ANNUAL,,2007,OPERATIONS,,15,,,00,,00,11,96780,00000000,ALL CLASSES,,ZIP CODE,HAWAII,9000,2012-01-01 00:00:00.000,CROPS,,ALL PRODUCTION PRACTICES,CROP TOTALS,,CROP TOTALS,NOT SPECIFIED,CROP TOTALS - OPERATIONS WITH SALES,SALES,CENSUS
,UNITED STATES,96781,HI,15,YEAR,,ALL UTILIZATION PRACTICES,TOTAL,ANNUAL,,2022,OPERATIONS,,15,,,00,,00,25,96781,00000000,ALL CLASSES,,ZIP CODE,HAWAII,9000,2024-11-07 12:00:00.000,CROPS,,ALL PRODUCTION PRACTICES,CROP TOTALS,,CROP TOTALS,NOT SPECIFIED,CROP TOTALS - OPERATIONS WITH SALES,SALES,CENSUS
,UNITED STATES,96781,HI,15,YEAR,,ALL UTILIZATION PRACTICES,TOTAL,ANNUAL,,2017,OPERATIONS,,15,,,00,,00,42,96781,00000000,ALL CLASSES,,ZIP CODE,HAWAII,9000,2018-02-01 12:00:00.000,CROPS,,ALL PRODUCTION PRACTICES,CROP TOTALS,,CROP TOTALS,NOT SPECIFIED,CROP TOTALS - OPERATIONS WITH SALES,SALES,CENSUS
,UNITED STATES,96781,HI,15,YEAR,,ALL UTILIZATION PRACTICES,TOTAL,ANNUAL,,2007,OPERATIONS,,15,,,00,,00,26,96781,00000000,ALL CLASSES,,ZIP CODE,HAWAII,9000,2012-01-01 00:00:00.000,CROPS,,ALL PRODUCTION PRACTICES,CROP TOTALS,,CROP TOTALS,NOT SPECIFIED,CROP TOTALS - OPERATIONS WITH SALES,SALES,CENSUS
,UNITED STATES,96782,HI,15,YEAR,,ALL UTILIZATION PRACTICES,TOTAL,ANNUAL,,2022,OPERATIONS,,15,,,00,,00,19,96782,00000000,ALL CLASSES,,ZIP CODE,HAWAII,9000,2024-11-07 12:00:00.000,CROPS,,ALL PRODUCTION PRACTICES,CROP TOTALS,,CROP TOTALS,NOT SPECIFIED,CROP TOTALS - OPERATIONS WITH SALES,SALES,CENSUS
,UNITED STATES,96782,HI,15,YEAR,,ALL UTILIZATION PRACTICES,TOTAL,ANNUAL,,2017,OPERATIONS,,15,,,00,,00,9,96782,00000000,ALL CLASSES,,ZIP CODE,HAWAII,9000,2018-02-01 12:00:00.000,CROPS,,ALL PRODUCTION PRACTICES,CROP TOTALS,,CROP TOTALS,NOT SPECIFIED,CROP TOTALS - OPERATIONS WITH SALES,SALES,CENSUS
,UNITED STATES,96782,HI,15,YEAR,,ALL UTILIZATION PRACTICES,TOTAL,ANNUAL,,2007,OPERATIONS,,15,,,00,,00,20,96782,00000000,ALL CLASSES,,ZIP CODE,HAWAII,9000,2012-01-01 00:00:00.000,CROPS,,ALL PRODUCTION PRACTICES,CROP TOTALS,,CROP TOTALS,NOT SPECIFIED,CROP TOTALS - OPERATIONS WITH SALES,SALES,CENSUS
,UNITED STATES,96783,HI,15,YEAR,,ALL UTILIZATION PRACTICES,TOTAL,ANNUAL,,2022,OPERATIONS,,15,,,00,,00,62,96783,00000000,ALL CLASSES,,ZIP CODE,HAWAII,9000,2024-11-07 12:00:00.000,CROPS,,ALL PRODUCTION PRACTICES,CROP TOTALS,,CROP TOTALS,NOT SPECIFIED,CROP TOTALS - OPERATIONS WITH SALES,SALES,CENSUS
,UNITED STATES,96783,HI,15,YEAR,,ALL UTILIZATION PRACTICES,TOTAL,ANNUAL,,2017,OPERATIONS,,15,,,00,,00,35,96783,00000000,ALL CLASSES,,ZIP CODE,HAWAII,9000,2018-02-01 12:00:00.000,CROPS,,ALL PRODUCTION PRACTICES,CROP TOTALS,,CROP TOTALS,NOT SPECIFIED,CROP TOTALS - OPERATIONS WITH SALES,SALES,CENSUS
,UNITED STATES,96783,HI,15,YEAR,,ALL UTILIZATION PRACTICES,TOTAL,ANNUAL,,2007,OPERATIONS,,15,,,00,,00,52,96783,00000000,ALL CLASSES,,ZIP CODE,HAWAII,9000,2012-01-01 00:00:00.000,CROPS,,ALL PRODUCTION PRACTICES,CROP TOTALS,,CROP TOTALS,NOT SPECIFIED,CROP TOTALS - OPERATIONS WITH SALES,SALES,CENSUS
,UNITED STATES,96784,HI,15,YEAR,,ALL UTILIZATION PRACTICES,TOTAL,ANNUAL,,2022,OPERATIONS,,15,,,00,,00,10,96784,00000000,ALL CLASSES,,ZIP CODE,HAWAII,9000,2024-11-07 12:00:00.000,CROPS,,ALL PRODUCTION PRACTICES,CROP TOTALS,,CROP TOTALS,NOT SPECIFIED,CROP TOTALS - OPERATIONS WITH SALES,SALES,CENSUS
,UNITED STATES,96784,HI,15,YEAR,,ALL UTILIZATION PRACTICES,TOTAL,ANNUAL,,2017,OPERATIONS,,15,,,00,,00,6,96784,00000000,ALL CLASSES,,ZIP CODE,HAWAII,9000,2018-02-01 12:00:00.000,CROPS,,ALL PRODUCTION PRACTICES,CROP TOTALS,,CROP TOTALS,NOT SPECIFIED,CROP TOTALS - OPERATIONS WITH SALES,SALES,CENSUS
,UNITED STATES,96784,HI,15,YEAR,,ALL UTILIZATION PRACTICES,TOTAL,ANNUAL,,2007,OPERATIONS,,15,,,00,,00,7,96784,00000000,ALL CLASSES,,ZIP CODE,HAWAII,9000,2012-01-01 00:00:00.000,CROPS,,ALL PRODUCTION PRACTICES,CROP TOTALS,,CROP TOTALS,NOT SPECIFIED,CROP TOTALS - OPERATIONS WITH SALES,SALES,CENSUS
,UNITED STATES,96785,HI,15,YEAR,,ALL UTILIZATION PRACTICES,TOTAL,ANNUAL,,2022,OPERATIONS,,15,,,00,,00,47,96785,00000000,ALL CLASSES,,ZIP CODE,HAWAII,9000,2024-11-07 12:00:00.000,CROPS,,ALL PRODUCTION PRACTICES,CROP TOTALS,,CROP TOTALS,NOT SPECIFIED,CROP TOTALS - OPERATIONS WITH SALES,SALES,CENSUS
,UNITED STATES,96785,HI,15,YEAR,,ALL UTILIZATION PRACTICES,TOTAL,ANNUAL,,2017,OPERATIONS,,15,,,00,,00,19,96785,00000000,ALL CLASSES,,ZIP CODE,HAWAII,9000,2018-02-01 12:00:00.000,CROPS,,ALL PRODUCTION PRACTICES,CROP TOTALS,,CROP TOTALS,NOT SPECIFIED,CROP TOTALS - OPERATIONS WITH SALES,SALES,CENSUS
,UNITED STATES,96785,HI,15,YEAR,,ALL UTILIZATION PRACTICES,TOTAL,ANNUAL,,2007,OPERATIONS,,15,,,00,,00,27,96785,00000000,ALL CLASSES,,ZIP CODE,HAWAII,9000,2012-01-01 00:00:00.000,CROPS,,ALL PRODUCTION PRACTICES,CROP TOTALS,,CROP TOTALS,NOT SPECIFIED,CROP TOTALS - OPERATIONS WITH SALES,SALES,CENSUS
,UNITED STATES,96786,HI,15,YEAR,,ALL UTILIZATION PRACTICES,TOTAL,ANNUAL,,2022,OPERATIONS,,15,,,00,,00,21,96786,00000000,ALL CLASSES,,ZIP CODE,HAWAII,9000,2024-11-07 12:00:00.000,CROPS,,ALL PRODUCTION PRACTICES,CROP TOTALS,,CROP TOTALS,NOT SPECIFIED,CROP TOTALS - OPERATIONS WITH SALES,SALES,CENSUS
,UNITED STATES,96786,HI,15,YEAR,,ALL UTILIZATION PRACTICES,TOTAL,ANNUAL,,2017,OPERATIONS,,15,,,00,,00,31,96786,00000000,ALL CLASSES,,ZIP CODE,HAWAII,9000,2018-02-01 12:00:00.000,CROPS,,ALL PRODUCTION PRACTICES,CROP TOTALS,,CROP TOTALS,NOT SPECIFIED,CROP TOTALS - OPERATIONS WITH SALES,SALES,CENSUS
,UNITED STATES,96786,HI,15,YEAR,,ALL UTILIZATION PRACTICES,TOTAL,ANNUAL,,2007,OPERATIONS,,15,,,00,,00,12,96786,00000000,ALL CLASSES,,ZIP CODE,HAWAII,9000,2012-01-01 00:00:00.000,CROPS,,ALL PRODUCTION PRACTICES,CROP TOTALS,,CROP TOTALS,NOT SPECIFIED,CROP TOTALS - OPERATIONS WITH SALES,SALES,CENSUS
,UNITED STATES,96788,HI,15,YEAR,,ALL UTILIZATION PRACTICES,TOTAL,ANNUAL,,2022,OPERATIONS,,15,,,00,,00,11,96788,00000000,ALL CLASSES,,ZIP CODE,HAWAII,9000,2024-11-07 12:00:00.000,CROPS,,ALL PRODUCTION PRACTICES,CROP TOTALS,,CROP TOTALS,NOT SPECIFIED,CROP TOTALS - OPERATIONS WITH SALES,SALES,CENSUS
,UNITED STATES,96788,HI,15,YEAR,,ALL UTILIZATION PRACTICES,TOTAL,ANNUAL,,2017,OPERATIONS,,15,,,00,,00,15,96788,00000000,ALL CLASSES,,ZIP CODE,HAWAII,9000,2018-02-01 12:00:00.000,CROPS,,ALL PRODUCTION PRACTICES,CROP TOTALS,,CROP TOTALS,NOT SPECIFIED,CROP TOTALS - OPERATIONS WITH SALES,SALES,CENSUS
,UNITED STATES,96788,HI,15,YEAR,,ALL UTILIZATION PRACTICES,TOTAL,ANNUAL,,2007,OPERATIONS,,15,,,00,,00,6,96788,00000000,ALL CLASSES,,ZIP CODE,HAWAII,9000,2012-01-01 00:00:00.000,CROPS,,ALL PRODUCTION PRACTICES,CROP TOTALS,,CROP TOTALS,NOT SPECIFIED,CROP TOTALS - OPERATIONS WITH SALES,SALES,CENSUS
,UNITED STATES,96789,HI,15,YEAR,,ALL UTILIZATION PRACTICES,TOTAL,ANNUAL,,2022,OPERATIONS,,15,,,00,,00,38,96789,00000000,ALL CLASSES,,ZIP CODE,HAWAII,9000,2024-11-07 12:00:00.000,CROPS,,ALL PRODUCTION PRACTICES,CROP TOTALS,,CROP TOTALS,NOT SPECIFIED,CROP TOTALS - OPERATIONS WITH SALES,SALES,CENSUS
,UNITED STATES,96789,HI,15,YEAR,,ALL UTILIZATION PRACTICES,TOTAL,ANNUAL,,2017,OPERATIONS,,15,,,00,,00,36,96789,00000000,ALL CLASSES,,ZIP CODE,HAWAII,9000,2018-02-01 12:00:00.000,CROPS,,ALL PRODUCTION PRACTICES,CROP TOTALS,,CROP TOTALS,NOT SPECIFIED,CROP TOTALS - OPERATIONS WITH SALES,SALES,CENSUS
,UNITED STATES,96789,HI,15,YEAR,,ALL UTILIZATION PRACTICES,TOTAL,ANNUAL,,2007,OPERATIONS,,15,,,00,,00,40,96789,00000000,ALL CLASSES,,ZIP CODE,HAWAII,9000,2012-01-01 00:00:00.000,CROPS,,ALL PRODUCTION PRACTICES,CROP TOTALS,,CROP TOTALS,NOT SPECIFIED,CROP TOTALS - OPERATIONS WITH SALES,SALES,CENSUS
,UNITED STATES,96790,HI,15,YEAR,,ALL UTILIZATION PRACTICES,TOTAL,ANNUAL,,2022,OPERATIONS,,15,,,00,,00,304,96790,00000000,ALL CLASSES,,ZIP CODE,HAWAII,9000,2024-11-07 12:00:00.000,CROPS,,ALL PRODUCTION PRACTICES,CROP TOTALS,,CROP TOTALS,NOT SPECIFIED,CROP TOTALS - OPERATIONS WITH SALES,SALES,CENSUS
,UNITED STATES,96790,HI,15,YEAR,,ALL UTILIZATION PRACTICES,TOTAL,ANNUAL,,2017,OPERATIONS,,15,,,00,,00,258,96790,00000000,ALL CLASSES,,ZIP CODE,HAWAII,9000,2018-02-01 12:00:00.000,CROPS,,ALL PRODUCTION PRACTICES,CROP TOTALS,,CROP TOTALS,NOT SPECIFIED,CROP TOTALS - OPERATIONS WITH SALES,SALES,CENSUS
,UNITED STATES,96790,HI,15,YEAR,,ALL UTILIZATION PRACTICES,TOTAL,ANNUAL,,2007,OPERATIONS,,15,,,00,,00,231,96790,00000000,ALL CLASSES,,ZIP CODE,HAWAII,9000,2012-01-01 00:00:00.000,CROPS,,ALL PRODUCTION PRACTICES,CROP TOTALS,,CROP TOTALS,NOT SPECIFIED,CROP TOTALS - OPERATIONS WITH SALES,SALES,CENSUS
,UNITED STATES,96791,HI,15,YEAR,,ALL UTILIZATION PRACTICES,TOTAL,ANNUAL,,2022,OPERATIONS,,15,,,00,,00,77,96791,00000000,ALL CLASSES,,ZIP CODE,HAWAII,9000,2024-11-07 12:00:00.000,CROPS,,ALL PRODUCTION PRACTICES,CROP TOTALS,,CROP TOTALS,NOT SPECIFIED,CROP TOTALS - OPERATIONS WITH SALES,SALES,CENSUS
,UNITED STATES,96791,HI,15,YEAR,,ALL UTILIZATION PRACTICES,TOTAL,ANNUAL,,2017,OPERATIONS,,15,,,00,,00,42,96791,00000000,ALL CLASSES,,ZIP CODE,HAWAII,9000,2018-02-01 12:00:00.000,CROPS,,ALL PRODUCTION PRACTICES,CROP TOTALS,,CROP TOTALS,NOT SPECIFIED,CROP TOTALS - OPERATIONS WITH SALES,SALES,CENSUS
,UNITED STATES,96791,HI,15,YEAR,,ALL UTILIZATION PRACTICES,TOTAL,ANNUAL,,2007,OPERATIONS,,15,,,00,,00,35,96791,00000000,ALL CLASSES,,ZIP CODE,HAWAII,9000,2012-01-01 00:00:00.000,CROPS,,ALL PRODUCTION PRACTICES,CROP TOTALS,,CROP TOTALS,NOT SPECIFIED,CROP TOTALS - OPERATIONS WITH SALES,SALES,CENSUS
,UNITED STATES,96792,HI,15,YEAR,,ALL UTILIZATION PRACTICES,TOTAL,ANNUAL,,2022,OPERATIONS,,15,,,00,,00,100,96792,00000000,ALL CLASSES,,ZIP CODE,HAWAII,9000,2024-11-07 12:00:00.000,CROPS,,ALL PRODUCTION PRACTICES,CROP TOTALS,,CROP TOTALS,NOT SPECIFIED,CROP TOTALS - OPERATIONS WITH SALES,SALES,CENSUS
,UNITED STATES,96792,HI,15,YEAR,,ALL UTILIZATION PRACTICES,TOTAL,ANNUAL,,2017,OPERATIONS,,15,,,00,,00,108,96792,00000000,ALL CLASSES,,ZIP CODE,HAWAII,9000,2018-02-01 12:00:00.000,CROPS,,ALL PRODUCTION PRACTICES,CROP TOTALS,,CROP TOTALS,NOT SPECIFIED,CROP TOTALS - OPERATIONS WITH SALES,SALES,CENSUS
,UNITED STATES,96792,HI,15,YEAR,,ALL UTILIZATION PRACTICES,TOTAL,ANNUAL,,2007,OPERATIONS,,15,,,00,,00,139,96792,00000000,ALL CLASSES,,ZIP CODE,HAWAII,9000,2012-01-01 00:00:00.000,CROPS,,ALL PRODUCTION PRACTICES,CROP TOTALS,,CROP TOTALS,NOT SPECIFIED,CROP TOTALS - OPERATIONS WITH SALES,SALES,CENSUS
,UNITED STATES,96793,HI,15,YEAR,,ALL UTILIZATION PRACTICES,TOTAL,ANNUAL,,2022,OPERATIONS,,15,,,00,,00,58,96793,00000000,ALL CLASSES,,ZIP CODE,HAWAII,9000,2024-11-07 12:00:00.000,CROPS,,ALL PRODUCTION PRACTICES,CROP TOTALS,,CROP TOTALS,NOT SPECIFIED,CROP TOTALS - OPERATIONS WITH SALES,SALES,CENSUS
,UNITED STATES,96793,HI,15,YEAR,,ALL UTILIZATION PRACTICES,TOTAL,ANNUAL,,2017,OPERATIONS,,15,,,00,,00,79,96793,00000000,ALL CLASSES,,ZIP CODE,HAWAII,9000,2018-02-01 12:00:00.000,CROPS,,ALL PRODUCTION PRACTICES,CROP TOTALS,,CROP TOTALS,NOT SPECIFIED,CROP TOTALS - OPERATIONS WITH SALES,SALES,CENSUS
,UNITED STATES,96793,HI,15,YEAR,,ALL UTILIZATION PRACTICES,TOTAL,ANNUAL,,2007,OPERATIONS,,15,,,00,,00,65,96793,00000000,ALL CLASSES,,ZIP CODE,HAWAII,9000,2012-01-01 00:00:00.000,CROPS,,ALL PRODUCTION PRACTICES,CROP TOTALS,,CROP TOTALS,NOT SPECIFIED,CROP TOTALS - OPERATIONS WITH SALES,SALES,CENSUS
,UNITED STATES,96795,HI,15,YEAR,,ALL UTILIZATION PRACTICES,TOTAL,ANNUAL,,2022,OPERATIONS,,15,,,00,,00,98,96795,00000000,ALL CLASSES,,ZIP CODE,HAWAII,9000,2024-11-07 12:00:00.000,CROPS,,ALL PRODUCTION PRACTICES,CROP TOTALS,,CROP TOTALS,NOT SPECIFIED,CROP TOTALS - OPERATIONS WITH SALES,SALES,CENSUS
,UNITED STATES,96795,HI,15,YEAR,,ALL UTILIZATION PRACTICES,TOTAL,ANNUAL,,2017,OPERATIONS,,15,,,00,,00,104,96795,00000000,ALL CLASSES,,ZIP CODE,HAWAII,9000,2018-02-01 12:00:00.000,CROPS,,ALL PRODUCTION PRACTICES,CROP TOTALS,,CROP TOTALS,NOT SPECIFIED,CROP TOTALS - OPERATIONS WITH SALES,SALES,CENSUS
,UNITED STATES,96795,HI,15,YEAR,,ALL UTILIZATION PRACTICES,TOTAL,ANNUAL,,2007,OPERATIONS,,15,,,00,,00,95,96795,00000000,ALL CLASSES,,ZIP CODE,HAWAII,9000,2012-01-01 00:00:00.000,CROPS,,ALL PRODUCTION PRACTICES,CROP TOTALS,,CROP TOTALS,NOT SPECIFIED,CROP TOTALS - OPERATIONS WITH SALES,SALES,CENSUS
,UNITED STATES,96796,HI,15,YEAR,,ALL UTILIZATION PRACTICES,TOTAL,ANNUAL,,2022,OPERATIONS,,15,,,00,,00,6,96796,00000000,ALL CLASSES,,ZIP CODE,HAWAII,9000,2024-11-07 12:00:00.000,CROPS,,ALL PRODUCTION PRACTICES,CROP TOTALS,,CROP TOTALS,NOT SPECIFIED,CROP TOTALS - OPERATIONS WITH SALES,SALES,CENSUS
,UNITED STATES,96796,HI,15,YEAR,,ALL UTILIZATION PRACTICES,TOTAL,ANNUAL,,2017,OPERATIONS,,15,,,00,,00,5,96796,00000000,ALL CLASSES,,ZIP CODE,HAWAII,9000,2018-02-01 12:00:00.000,CROPS,,ALL PRODUCTION PRACTICES,CROP TOTALS,,CROP TOTALS,NOT SPECIFIED,CROP TOTALS - OPERATIONS WITH SALES,SALES,CENSUS
,UNITED STATES,96796,HI,15,YEAR,,ALL UTILIZATION PRACTICES,TOTAL,ANNUAL,,2007,OPERATIONS,,15,,,00,,00,8,96796,00000000,ALL CLASSES,,ZIP CODE,HAWAII,9000,2012-01-01 00:00:00.000,CROPS,,ALL PRODUCTION PRACTICES,CROP TOTALS,,CROP TOTALS,NOT SPECIFIED,CROP TOTALS - OPERATIONS WITH SALES,SALES,CENSUS
,UNITED STATES,96797,HI,15,YEAR,,ALL UTILIZATION PRACTICES,TOTAL,ANNUAL,,2022,OPERATIONS,,15,,,00,,00,36,96797,00000000,ALL CLASSES,,ZIP CODE,HAWAII,9000,2024-11-07 12:00:00.000,CROPS,,ALL PRODUCTION PRACTICES,CROP TOTALS,,CROP TOTALS,NOT SPECIFIED,CROP TOTALS - OPERATIONS WITH SALES,SALES,CENSUS
,UNITED STATES,96797,HI,15,YEAR,,ALL UTILIZATION PRACTICES,TOTAL,ANNUAL,,2017,OPERATIONS,,15,,,00,,00,30,96797,00000000,ALL CLASSES,,ZIP CODE,HAWAII,9000,2018-02-01 12:00:00.000,CROPS,,ALL PRODUCTION PRACTICES,CROP TOTALS,,CROP TOTALS,NOT SPECIFIED,CROP TOTALS - OPERATIONS WITH SALES,SALES,CENSUS
,UNITED STATES,96797,HI,15,YEAR,,ALL UTILIZATION PRACTICES,TOTAL,ANNUAL,,2007,OPERATIONS,,15,,,00,,00,20,96797,00000000,ALL CLASSES,,ZIP CODE,HAWAII,9000,2012-01-01 00:00:00.000,CROPS,,ALL PRODUCTION PRACTICES,CROP TOTALS,,CROP TOTALS,NOT SPECIFIED,CROP TOTALS - OPERATIONS WITH SALES,SALES,CENSUS
,UNITED STATES,96801,HI,15,YEAR,,ALL UTILIZATION PRACTICES,TOTAL,ANNUAL,,2022,OPERATIONS,,15,,,00,,00,5,96801,00000000,ALL CLASSES,,ZIP CODE,HAWAII,9000,2024-11-07 12:00:00.000,CROPS,,ALL PRODUCTION PRACTICES,CROP TOTALS,,CROP TOTALS,NOT SPECIFIED,CROP TOTALS - OPERATIONS WITH SALES,SALES,CENSUS
,UNITED STATES,96802,HI,15,YEAR,,ALL UTILIZATION PRACTICES,TOTAL,ANNUAL,,2007,OPERATIONS,,15,,,00,,00,2,96802,00000000,ALL CLASSES,,ZIP CODE,HAWAII,9000,2012-01-01 00:00:00.000,CROPS,,ALL PRODUCTION PRACTICES,CROP TOTALS,,CROP TOTALS,NOT SPECIFIED,CROP TOTALS - OPERATIONS WITH SALES,SALES,CENSUS
,UNITED STATES,96804,HI,15,YEAR,,ALL UTILIZATION PRACTICES,TOTAL,ANNUAL,,2007,OPERATIONS,,15,,,00,,00,1,96804,00000000,ALL CLASSES,,ZIP CODE,HAWAII,9000,2012-01-01 00:00:00.000,CROPS,,ALL PRODUCTION PRACTICES,CROP TOTALS,,CROP TOTALS,NOT SPECIFIED,CROP TOTALS - OPERATIONS WITH SALES,SALES,CENSUS
,UNITED STATES,96806,HI,15,YEAR,,ALL UTILIZATION PRACTICES,TOTAL,ANNUAL,,2022,OPERATIONS,,15,,,00,,00,1,96806,00000000,ALL CLASSES,,ZIP CODE,HAWAII,9000,2024-11-07 12:00:00.000,CROPS,,ALL PRODUCTION PRACTICES,CROP TOTALS,,CROP TOTALS,NOT SPECIFIED,CROP TOTALS - OPERATIONS WITH SALES,SALES,CENSUS
,UNITED STATES,96806,HI,15,YEAR,,ALL UTILIZATION PRACTICES,TOTAL,ANNUAL,,2007,OPERATIONS,,15,,,00,,00,2,96806,00000000,ALL CLASSES,,ZIP CODE,HAWAII,9000,2012-01-01 00:00:00.000,CROPS,,ALL PRODUCTION PRACTICES,CROP TOTALS,,CROP TOTALS,NOT SPECIFIED,CROP TOTALS - OPERATIONS WITH SALES,SALES,CENSUS
,UNITED STATES,96811,HI,15,YEAR,,ALL UTILIZATION PRACTICES,TOTAL,ANNUAL,,2017,OPERATIONS,,15,,,00,,00,3,96811,00000000,ALL CLASSES,,ZIP CODE,HAWAII,9000,2018-02-01 12:00:00.000,CROPS,,ALL PRODUCTION PRACTICES,CROP TOTALS,,CROP TOTALS,NOT SPECIFIED,CROP TOTALS - OPERATIONS WITH SALES,SALES,CENSUS
,UNITED STATES,96812,HI,15,YEAR,,ALL UTILIZATION PRACTICES,TOTAL,ANNUAL,,2022,OPERATIONS,,15,,,00,,00,3,96812,00000000,ALL CLASSES,,ZIP CODE,HAWAII,9000,2024-11-07 12:00:00.000,CROPS,,ALL PRODUCTION PRACTICES,CROP TOTALS,,CROP TOTALS,NOT SPECIFIED,CROP TOTALS - OPERATIONS WITH SALES,SALES,CENSUS
,UNITED STATES,96812,HI,15,YEAR,,ALL UTILIZATION PRACTICES,TOTAL,ANNUAL,,2017,OPERATIONS,,15,,,00,,00,2,96812,00000000,ALL CLASSES,,ZIP CODE,HAWAII,9000,2018-02-01 12:00:00.000,CROPS,,ALL PRODUCTION PRACTICES,CROP TOTALS,,CROP TOTALS,NOT SPECIFIED,CROP TOTALS - OPERATIONS WITH SALES,SALES,CENSUS
,UNITED STATES,96812,HI,15,YEAR,,ALL UTILIZATION PRACTICES,TOTAL,ANNUAL,,2007,OPERATIONS,,15,,,00,,00,5,96812,00000000,ALL CLASSES,,ZIP CODE,HAWAII,9000,2012-01-01 00:00:00.000,CROPS,,ALL PRODUCTION PRACTICES,CROP TOTALS,,CROP TOTALS,NOT SPECIFIED,CROP TOTALS - OPERATIONS WITH SALES,SALES,CENSUS
,UNITED STATES,96813,HI,15,YEAR,,ALL UTILIZATION PRACTICES,TOTAL,ANNUAL,,2022,OPERATIONS,,15,,,00,,00,8,96813,00000000,ALL CLASSES,,ZIP CODE,HAWAII,9000,2024-11-07 12:00:00.000,CROPS,,ALL PRODUCTION PRACTICES,CROP TOTALS,,CROP TOTALS,NOT SPECIFIED,CROP TOTALS - OPERATIONS WITH SALES,SALES,CENSUS
,UNITED STATES,96813,HI,15,YEAR,,ALL UTILIZATION PRACTICES,TOTAL,ANNUAL,,2017,OPERATIONS,,15,,,00,,00,10,96813,00000000,ALL CLASSES,,ZIP CODE,HAWAII,9000,2018-02-01 12:00:00.000,CROPS,,ALL PRODUCTION PRACTICES,CROP TOTALS,,CROP TOTALS,NOT SPECIFIED,CROP TOTALS - OPERATIONS WITH SALES,SALES,CENSUS
,UNITED STATES,96813,HI,15,YEAR,,ALL UTILIZATION PRACTICES,TOTAL,ANNUAL,,2007,OPERATIONS,,15,,,00,,00,9,96813,00000000,ALL CLASSES,,ZIP CODE,HAWAII,9000,2012-01-01 00:00:00.000,CROPS,,ALL PRODUCTION PRACTICES,CROP TOTALS,,CROP TOTALS,NOT SPECIFIED,CROP TOTALS - OPERATIONS WITH SALES,SALES,CENSUS
,UNITED STATES,96814,HI,15,YEAR,,ALL UTILIZATION PRACTICES,TOTAL,ANNUAL,,2022,OPERATIONS,,15,,,00,,00,12,96814,00000000,ALL CLASSES,,ZIP CODE,HAWAII,9000,2024-11-07 12:00:00.000,CROPS,,ALL PRODUCTION PRACTICES,CROP TOTALS,,CROP TOTALS,NOT SPECIFIED,CROP TOTALS - OPERATIONS WITH SALES,SALES,CENSUS
,UNITED STATES,96814,HI,15,YEAR,,ALL UTILIZATION PRACTICES,TOTAL,ANNUAL,,2017,OPERATIONS,,15,,,00,,00,11,96814,00000000,ALL CLASSES,,ZIP CODE,HAWAII,9000,2018-02-01 12:00:00.000,CROPS,,ALL PRODUCTION PRACTICES,CROP TOTALS,,CROP TOTALS,NOT SPECIFIED,CROP TOTALS - OPERATIONS WITH SALES,SALES,CENSUS
,UNITED STATES,96814,HI,15,YEAR,,ALL UTILIZATION PRACTICES,TOTAL,ANNUAL,,2007,OPERATIONS,,15,,,00,,00,2,96814,00000000,ALL CLASSES,,ZIP CODE,HAWAII,9000,2012-01-01 00:00:00.000,CROPS,,ALL PRODUCTION PRACTICES,CROP TOTALS,,CROP TOTALS,NOT SPECIFIED,CROP TOTALS - OPERATIONS WITH SALES,SALES,CENSUS
,UNITED STATES,96815,HI,15,YEAR,,ALL UTILIZATION PRACTICES,TOTAL,ANNUAL,,2022,OPERATIONS,,15,,,00,,00,7,96815,00000000,ALL CLASSES,,ZIP CODE,HAWAII,9000,2024-11-07 12:00:00.000,CROPS,,ALL PRODUCTION PRACTICES,CROP TOTALS,,CROP TOTALS,NOT SPECIFIED,CROP TOTALS - OPERATIONS WITH SALES,SALES,CENSUS
,UNITED STATES,96815,HI,15,YEAR,,ALL UTILIZATION PRACTICES,TOTAL,ANNUAL,,2017,OPERATIONS,,15,,,00,,00,8,96815,00000000,ALL CLASSES,,ZIP CODE,HAWAII,9000,2018-02-01 12:00:00.000,CROPS,,ALL PRODUCTION PRACTICES,CROP TOTALS,,CROP TOTALS,NOT SPECIFIED,CROP TOTALS - OPERATIONS WITH SALES,SALES,CENSUS
,UNITED STATES,96815,HI,15,YEAR,,ALL UTILIZATION PRACTICES,TOTAL,ANNUAL,,2007,OPERATIONS,,15,,,00,,00,5,96815,00000000,ALL CLASSES,,ZIP CODE,HAWAII,9000,2012-01-01 00:00:00.000,CROPS,,ALL PRODUCTION PRACTICES,CROP TOTALS,,CROP TOTALS,NOT SPECIFIED,CROP TOTALS - OPERATIONS WITH SALES,SALES,CENSUS
,UNITED STATES,96816,HI,15,YEAR,,ALL UTILIZATION PRACTICES,TOTAL,ANNUAL,,2022,OPERATIONS,,15,,,00,,00,47,96816,00000000,ALL CLASSES,,ZIP CODE,HAWAII,9000,2024-11-07 12:00:00.000,CROPS,,ALL PRODUCTION PRACTICES,CROP TOTALS,,CROP TOTALS,NOT SPECIFIED,CROP TOTALS - OPERATIONS WITH SALES,SALES,CENSUS
,UNITED STATES,96816,HI,15,YEAR,,ALL UTILIZATION PRACTICES,TOTAL,ANNUAL,,2017,OPERATIONS,,15,,,00,,00,34,96816,00000000,ALL CLASSES,,ZIP CODE,HAWAII,9000,2018-02-01 12:00:00.000,CROPS,,ALL PRODUCTION PRACTICES,CROP TOTALS,,CROP TOTALS,NOT SPECIFIED,CROP TOTALS - OPERATIONS WITH SALES,SALES,CENSUS
,UNITED STATES,96816,HI,15,YEAR,,ALL UTILIZATION PRACTICES,TOTAL,ANNUAL,,2007,OPERATIONS,,15,,,00,,00,29,96816,00000000,ALL CLASSES,,ZIP CODE,HAWAII,9000,2012-01-01 00:00:00.000,CROPS,,ALL PRODUCTION PRACTICES,CROP TOTALS,,CROP TOTALS,NOT SPECIFIED,CROP TOTALS - OPERATIONS WITH SALES,SALES,CENSUS
,UNITED STATES,96817,HI,15,YEAR,,ALL UTILIZATION PRACTICES,TOTAL,ANNUAL,,2022,OPERATIONS,,15,,,00,,00,15,96817,00000000,ALL CLASSES,,ZIP CODE,HAWAII,9000,2024-11-07 12:00:00.000,CROPS,,ALL PRODUCTION PRACTICES,CROP TOTALS,,CROP TOTALS,NOT SPECIFIED,CROP TOTALS - OPERATIONS WITH SALES,SALES,CENSUS
,UNITED STATES,96817,HI,15,YEAR,,ALL UTILIZATION PRACTICES,TOTAL,ANNUAL,,2017,OPERATIONS,,15,,,00,,00,8,96817,00000000,ALL CLASSES,,ZIP CODE,HAWAII,9000,2018-02-01 12:00:00.000,CROPS,,ALL PRODUCTION PRACTICES,CROP TOTALS,,CROP TOTALS,NOT SPECIFIED,CROP TOTALS - OPERATIONS WITH SALES,SALES,CENSUS
,UNITED STATES,96817,HI,15,YEAR,,ALL UTILIZATION PRACTICES,TOTAL,ANNUAL,,2007,OPERATIONS,,15,,,00,,00,21,96817,00000000,ALL CLASSES,,ZIP CODE,HAWAII,9000,2012-01-01 00:00:00.000,CROPS,,ALL PRODUCTION PRACTICES,CROP TOTALS,,CROP TOTALS,NOT SPECIFIED,CROP TOTALS - OPERATIONS WITH SALES,SALES,CENSUS
,UNITED STATES,96818,HI,15,YEAR,,ALL UTILIZATION PRACTICES,TOTAL,ANNUAL,,2022,OPERATIONS,,15,,,00,,00,7,96818,00000000,ALL CLASSES,,ZIP CODE,HAWAII,9000,2024-11-07 12:00:00.000,CROPS,,ALL PRODUCTION PRACTICES,CROP TOTALS,,CROP TOTALS,NOT SPECIFIED,CROP TOTALS - OPERATIONS WITH SALES,SALES,CENSUS
,UNITED STATES,96818,HI,15,YEAR,,ALL UTILIZATION PRACTICES,TOTAL,ANNUAL,,2017,OPERATIONS,,15,,,00,,00,5,96818,00000000,ALL CLASSES,,ZIP CODE,HAWAII,9000,2018-02-01 12:00:00.000,CROPS,,ALL PRODUCTION PRACTICES,CROP TOTALS,,CROP TOTALS,NOT SPECIFIED,CROP TOTALS - OPERATIONS WITH SALES,SALES,CENSUS
,UNITED STATES,96818,HI,15,YEAR,,ALL UTILIZATION PRACTICES,TOTAL,ANNUAL,,2007,OPERATIONS,,15,,,00,,00,15,96818,00000000,ALL CLASSES,,ZIP CODE,HAWAII,9000,2012-01-01 00:00:00.000,CROPS,,ALL PRODUCTION PRACTICES,CROP TOTALS,,CROP TOTALS,NOT SPECIFIED,CROP TOTALS - OPERATIONS WITH SALES,SALES,CENSUS
,UNITED STATES,96819,HI,15,YEAR,,ALL UTILIZATION PRACTICES,TOTAL,ANNUAL,,2022,OPERATIONS,,15,,,00,,00,12,96819,00000000,ALL CLASSES,,ZIP CODE,HAWAII,9000,2024-11-07 12:00:00.000,CROPS,,ALL PRODUCTION PRACTICES,CROP TOTALS,,CROP TOTALS,NOT SPECIFIED,CROP TOTALS - OPERATIONS WITH SALES,SALES,CENSUS
,UNITED STATES,96819,HI,15,YEAR,,ALL UTILIZATION PRACTICES,TOTAL,ANNUAL,,2017,OPERATIONS,,15,,,00,,00,14,96819,00000000,ALL CLASSES,,ZIP CODE,HAWAII,9000,2018-02-01 12:00:00.000,CROPS,,ALL PRODUCTION PRACTICES,CROP TOTALS,,CROP TOTALS,NOT SPECIFIED,CROP TOTALS - OPERATIONS WITH SALES,SALES,CENSUS
,UNITED STATES,96819,HI,15,YEAR,,ALL UTILIZATION PRACTICES,TOTAL,ANNUAL,,2007,OPERATIONS,,15,,,00,,00,17,96819,00000000,ALL CLASSES,,ZIP CODE,HAWAII,9000,2012-01-01 00:00:00.000,CROPS,,ALL PRODUCTION PRACTICES,CROP TOTALS,,CROP TOTALS,NOT SPECIFIED,CROP TOTALS - OPERATIONS WITH SALES,SALES,CENSUS
,UNITED STATES,96820,HI,15,YEAR,,ALL UTILIZATION PRACTICES,TOTAL,ANNUAL,,2022,OPERATIONS,,15,,,00,,00,4,96820,00000000,ALL CLASSES,,ZIP CODE,HAWAII,9000,2024-11-07 12:00:00.000,CROPS,,ALL PRODUCTION PRACTICES,CROP TOTALS,,CROP TOTALS,NOT SPECIFIED,CROP TOTALS - OPERATIONS WITH SALES,SALES,CENSUS
,UNITED STATES,96820,HI,15,YEAR,,ALL UTILIZATION PRACTICES,TOTAL,ANNUAL,,2017,OPERATIONS,,15,,,00,,00,3,96820,00000000,ALL CLASSES,,ZIP CODE,HAWAII,9000,2018-02-01 12:00:00.000,CROPS,,ALL PRODUCTION PRACTICES,CROP TOTALS,,CROP TOTALS,NOT SPECIFIED,CROP TOTALS - OPERATIONS WITH SALES,SALES,CENSUS
,UNITED STATES,96820,HI,15,YEAR,,ALL UTILIZATION PRACTICES,TOTAL,ANNUAL,,2007,OPERATIONS,,15,,,00,,00,1,96820,00000000,ALL CLASSES,,ZIP CODE,HAWAII,9000,2012-01-01 00:00:00.000,CROPS,,ALL PRODUCTION PRACTICES,CROP TOTALS,,CROP TOTALS,NOT SPECIFIED,CROP TOTALS - OPERATIONS WITH SALES,SALES,CENSUS
,UNITED STATES,96821,HI,15,YEAR,,ALL UTILIZATION PRACTICES,TOTAL,ANNUAL,,2022,OPERATIONS,,15,,,00,,00,17,96821,00000000,ALL CLASSES,,ZIP CODE,HAWAII,9000,2024-11-07 12:00:00.000,CROPS,,ALL PRODUCTION PRACTICES,CROP TOTALS,,CROP TOTALS,NOT SPECIFIED,CROP TOTALS - OPERATIONS WITH SALES,SALES,CENSUS
,UNITED STATES,96821,HI,15,YEAR,,ALL UTILIZATION PRACTICES,TOTAL,ANNUAL,,2017,OPERATIONS,,15,,,00,,00,19,96821,00000000,ALL CLASSES,,ZIP CODE,HAWAII,9000,2018-02-01 12:00:00.000,CROPS,,ALL PRODUCTION PRACTICES,CROP TOTALS,,CROP TOTALS,NOT SPECIFIED,CROP TOTALS - OPERATIONS WITH SALES,SALES,CENSUS
,UNITED STATES,96821,HI,15,YEAR,,ALL UTILIZATION PRACTICES,TOTAL,ANNUAL,,2007,OPERATIONS,,15,,,00,,00,6,96821,00000000,ALL CLASSES,,ZIP CODE,HAWAII,9000,2012-01-01 00:00:00.000,CROPS,,ALL PRODUCTION PRACTICES,CROP TOTALS,,CROP TOTALS,NOT SPECIFIED,CROP TOTALS - OPERATIONS WITH SALES,SALES,CENSUS
,UNITED STATES,96822,HI,15,YEAR,,ALL UTILIZATION PRACTICES,TOTAL,ANNUAL,,2022,OPERATIONS,,15,,,00,,00,13,96822,00000000,ALL CLASSES,,ZIP CODE,HAWAII,9000,2024-11-07 12:00:00.000,CROPS,,ALL PRODUCTION PRACTICES,CROP TOTALS,,CROP TOTALS,NOT SPECIFIED,CROP TOTALS - OPERATIONS WITH SALES,SALES,CENSUS
,UNITED STATES,96822,HI,15,YEAR,,ALL UTILIZATION PRACTICES,TOTAL,ANNUAL,,2017,OPERATIONS,,15,,,00,,00,14,96822,00000000,ALL CLASSES,,ZIP CODE,HAWAII,9000,2018-02-01 12:00:00.000,CROPS,,ALL PRODUCTION PRACTICES,CROP TOTALS,,CROP TOTALS,NOT SPECIFIED,CROP TOTALS - OPERATIONS WITH SALES,SALES,CENSUS
,UNITED STATES,96822,HI,15,YEAR,,ALL UTILIZATION PRACTICES,TOTAL,ANNUAL,,2007,OPERATIONS,,15,,,00,,00,16,96822,00000000,ALL CLASSES,,ZIP CODE,HAWAII,9000,2012-01-01 00:00:00.000,CROPS,,ALL PRODUCTION PRACTICES,CROP TOTALS,,CROP TOTALS,NOT SPECIFIED,CROP TOTALS - OPERATIONS WITH SALES,SALES,CENSUS
,UNITED STATES,96825,HI,15,YEAR,,ALL UTILIZATION PRACTICES,TOTAL,ANNUAL,,2022,OPERATIONS,,15,,,00,,00,22,96825,00000000,ALL CLASSES,,ZIP CODE,HAWAII,9000,2024-11-07 12:00:00.000,CROPS,,ALL PRODUCTION PRACTICES,CROP TOTALS,,CROP TOTALS,NOT SPECIFIED,CROP TOTALS - OPERATIONS WITH SALES,SALES,CENSUS
,UNITED STATES,96825,HI,15,YEAR,,ALL UTILIZATION PRACTICES,TOTAL,ANNUAL,,2017,OPERATIONS,,15,,,00,,00,15,96825,00000000,ALL CLASSES,,ZIP CODE,HAWAII,9000,2018-02-01 12:00:00.000,CROPS,,ALL PRODUCTION PRACTICES,CROP TOTALS,,CROP TOTALS,NOT SPECIFIED,CROP TOTALS - OPERATIONS WITH SALES,SALES,CENSUS
,UNITED STATES,96825,HI,15,YEAR,,ALL UTILIZATION PRACTICES,TOTAL,ANNUAL,,2007,OPERATIONS,,15,,,00,,00,21,96825,00000000,ALL CLASSES,,ZIP CODE,HAWAII,9000,2012-01-01 00:00:00.000,CROPS,,ALL PRODUCTION PRACTICES,CROP TOTALS,,CROP TOTALS,NOT SPECIFIED,CROP TOTALS - OPERATIONS WITH SALES,SALES,CENSUS
,UNITED STATES,96826,HI,15,YEAR,,ALL UTILIZATION PRACTICES,TOTAL,ANNUAL,,2022,OPERATIONS,,15,,,00,,00,2,96826,00000000,ALL CLASSES,,ZIP CODE,HAWAII,9000,2024-11-07 12:00:00.000,CROPS,,ALL PRODUCTION PRACTICES,CROP TOTALS,,CROP TOTALS,NOT SPECIFIED,CROP TOTALS - OPERATIONS WITH SALES,SALES,CENSUS
,UNITED STATES,96826,HI,15,YEAR,,ALL UTILIZATION PRACTICES,TOTAL,ANNUAL,,2017,OPERATIONS,,15,,,00,,00,8,96826,00000000,ALL CLASSES,,ZIP CODE,HAWAII,9000,2018-02-01 12:00:00.000,CROPS,,ALL PRODUCTION PRACTICES,CROP TOTALS,,CROP TOTALS,NOT SPECIFIED,CROP TOTALS - OPERATIONS WITH SALES,SALES,CENSUS
,UNITED STATES,96826,HI,15,YEAR,,ALL UTILIZATION PRACTICES,TOTAL,ANNUAL,,2007,OPERATIONS,,15,,,00,,00,3,96826,00000000,ALL CLASSES,,ZIP CODE,HAWAII,9000,2012-01-01 00:00:00.000,CROPS,,ALL PRODUCTION PRACTICES,CROP TOTALS,,CROP TOTALS,NOT SPECIFIED,CROP TOTALS - OPERATIONS WITH SALES,SALES,CENSUS
,UNITED STATES,96837,HI,15,YEAR,,ALL UTILIZATION PRACTICES,TOTAL,ANNUAL,,2022,OPERATIONS,,15,,,00,,00,2,96837,00000000,ALL CLASSES,,ZIP CODE,HAWAII,9000,2024-11-07 12:00:00.000,CROPS,,ALL PRODUCTION PRACTICES,CROP TOTALS,,CROP TOTALS,NOT SPECIFIED,CROP TOTALS - OPERATIONS WITH SALES,SALES,CENSUS
,UNITED STATES,96837,HI,15,YEAR,,ALL UTILIZATION PRACTICES,TOTAL,ANNUAL,,2017,OPERATIONS,,15,,,00,,00,3,96837,00000000,ALL CLASSES,,ZIP CODE,HAWAII,9000,2018-02-01 12:00:00.000,CROPS,,ALL PRODUCTION PRACTICES,CROP TOTALS,,CROP TOTALS,NOT SPECIFIED,CROP TOTALS - OPERATIONS WITH SALES,SALES,CENSUS
,UNITED STATES,96839,HI,15,YEAR,,ALL UTILIZATION PRACTICES,TOTAL,ANNUAL,,2007,OPERATIONS,,15,,,00,,00,1,96839,00000000,ALL CLASSES,,ZIP CODE,HAWAII,9000,2012-01-01 00:00:00.000,CROPS,,ALL PRODUCTION PRACTICES,CROP TOTALS,,CROP TOTALS,NOT SPECIFIED,CROP TOTALS - OPERATIONS WITH SALES,SALES,CENSUS
,UNITED STATES,99999,HI,15,YEAR,,ALL UTILIZATION PRACTICES,TOTAL,ANNUAL,,2022,OPERATIONS,,15,,,00,,00,214,99999,00000000,ALL CLASSES,,ZIP CODE,HAWAII,9000,2024-11-07 12:00:00.000,CROPS,,ALL PRODUCTION PRACTICES,CROP TOTALS,,CROP TOTALS,NOT SPECIFIED,CROP TOTALS - OPERATIONS WITH SALES,SALES,CENSUS
,UNITED STATES,99999,HI,15,YEAR,,ALL UTILIZATION PRACTICES,TOTAL,ANNUAL,,2017,OPERATIONS,,15,,,00,,00,203,99999,00000000,ALL CLASSES,,ZIP CODE,HAWAII,9000,2018-02-01 12:00:00.000,CROPS,,ALL PRODUCTION PRACTICES,CROP TOTALS,,CROP TOTALS,NOT SPECIFIED,CROP TOTALS - OPERATIONS WITH SALES,SALES,CENSUS
,UNITED STATES,99999,HI,15,YEAR,,ALL UTILIZATION PRACTICES,TOTAL,ANNUAL,,2007,OPERATIONS,,15,,,00,,00,177,99999,00000000,ALL CLASSES,,ZIP CODE,HAWAII,9000,2012-01-01 00:00:00.000,CROPS,,ALL PRODUCTION PRACTICES,CROP TOTALS,,CROP TOTALS,NOT SPECIFIED,CROP TOTALS - OPERATIONS WITH SALES,SALES,CENSUS
,UNITED STATES,HAWAII,HI,15,YEAR,,ALL UTILIZATION PRACTICES,TOTAL,ANNUAL,,2022,PCT OF FARM OPERATIONS,,15,,,00,,00,71.4,,00000000,ALL CLASSES,,STATE,HAWAII,9000,2024-07-02 12:00:00.000,CROPS,,ALL PRODUCTION PRACTICES,CROP TOTALS,1.2,CROP TOTALS,NOT SPECIFIED,"CROP TOTALS - SALES, MEASURED IN PCT OF FARM OPERATIONS",SALES,CENSUS
,UNITED STATES,HAWAII,HI,15,YEAR,,ALL UTILIZATION PRACTICES,TOTAL,ANNUAL,,2017,PCT OF FARM OPERATIONS,,15,,,00,,00,68.7,,00000000,ALL CLASSES,,STATE,HAWAII,9000,2018-02-01 00:00:00.000,CROPS,,ALL PRODUCTION PRACTICES,CROP TOTALS,6.5,CROP TOTALS,NOT SPECIFIED,"CROP TOTALS - SALES, MEASURED IN PCT OF FARM OPERATIONS",SALES,CENSUS
,UNITED STATES,HAWAII,HI,15,YEAR,,ALL UTILIZATION PRACTICES,TOTAL,ANNUAL,,2012,PCT OF FARM OPERATIONS,,15,,,00,,00,72.2,,00000000,ALL CLASSES,,STATE,HAWAII,9000,2012-12-31 00:00:00.000,CROPS,,ALL PRODUCTION PRACTICES,CROP TOTALS,2.4,CROP TOTALS,NOT SPECIFIED,"CROP TOTALS - SALES, MEASURED IN PCT OF FARM OPERATIONS",SALES,CENSUS
,UNITED STATES,HAWAII,HI,15,YEAR,,ALL UTILIZATION PRACTICES,TOTAL,ANNUAL,,2022,PCT OF FARM SALES,,15,,,00,,00,76.4,,00000000,ALL CLASSES,,STATE,HAWAII,9000,2024-07-02 12:00:00.000,CROPS,,ALL PRODUCTION PRACTICES,CROP TOTALS,1.5,CROP TOTALS,NOT SPECIFIED,"CROP TOTALS - SALES, MEASURED IN PCT OF FARM SALES",SALES,CENSUS
,UNITED STATES,HAWAII,HI,15,YEAR,,ALL UTILIZATION PRACTICES,TOTAL,ANNUAL,,2017,PCT OF FARM SALES,,15,,,00,,00,74,,00000000,ALL CLASSES,,STATE,HAWAII,9000,2018-02-01 00:00:00.000,CROPS,,ALL PRODUCTION PRACTICES,CROP TOTALS,5.8,CROP TOTALS,NOT SPECIFIED,"CROP TOTALS - SALES, MEASURED IN PCT OF FARM SALES",SALES,CENSUS
,UNITED STATES,HAWAII,HI,15,YEAR,,ALL UTILIZATION PRACTICES,TOTAL,ANNUAL,,2012,PCT OF FARM SALES,,15,,,00,,00,81.5,,00000000,ALL CLASSES,,STATE,HAWAII,9000,2012-12-31 00:00:00.000,CROPS,,ALL PRODUCTION PRACTICES,CROP TOTALS,1.7,CROP TOTALS,NOT SPECIFIED,"CROP TOTALS - SALES, MEASURED IN PCT OF FARM SALES",SALES,CENSUS
,UNITED STATES,HAWAII,HI,15,YEAR,,ALL UTILIZATION PRACTICES,TOTAL,ANNUAL,,2007,PCT OF FARM SALES,,15,,,00,,00,83.7,,00000000,ALL CLASSES,,STATE,HAWAII,9000,2012-01-01 00:00:00.000,CROPS,,ALL PRODUCTION PRACTICES,CROP TOTALS,,CROP TOTALS,NOT SPECIFIED,"CROP TOTALS - SALES, MEASURED IN PCT OF FARM SALES",SALES,CENSUS
,UNITED STATES,HAWAII,HI,15,YEAR,,ALL UTILIZATION PRACTICES,TOTAL,ANNUAL,,2002,PCT OF FARM SALES,,15,,,00,,00,83.5,,00000000,ALL CLASSES,,STATE,HAWAII,9000,2012-01-01 00:00:00.000,CROPS,,ALL PRODUCTION PRACTICES,CROP TOTALS,,CROP TOTALS,NOT SPECIFIED,"CROP TOTALS - SALES, MEASURED IN PCT OF FARM SALES",SALES,CENSUS
11,UNITED STATES,"HAWAII, HAWAII ISLAND, HAWAII",HI,15,YEAR,001,ALL UTILIZATION PRACTICES,ORGANIC STATUS,ANNUAL,,2007,$,,15,,001,00,HAWAII,00,                 (D),,00000000,ALL CLASSES,,COUNTY,HAWAII,9000,2012-01-01 00:00:00.000,CROPS,HAWAII ISLAND,ORGANIC,CROP TOTALS,,CROP TOTALS,ORGANIC STATUS: (NOP STANDARDS),"CROP TOTALS, ORGANIC - SALES, MEASURED IN $",SALES,CENSUS
24,UNITED STATES,"HAWAII, KAUAI AND NIIHAU ISLANDS, KAUAI",HI,15,YEAR,007,ALL UTILIZATION PRACTICES,ORGANIC STATUS,ANNUAL,,2007,$,,15,,007,00,KAUAI,00,"2,399,000",,00000000,ALL CLASSES,,COUNTY,HAWAII,9000,2012-01-01 00:00:00.000,CROPS,KAUAI AND NIIHAU ISLANDS,ORGANIC,CROP TOTALS,,CROP TOTALS,ORGANIC STATUS: (NOP STANDARDS),"CROP TOTALS, ORGANIC - SALES, MEASURED IN $",SALES,CENSUS
35,UNITED STATES,"HAWAII, MAUI, MOLOKAI & LANAI ISLAND, MAUI & KALAWAO",HI,15,YEAR,009,ALL UTILIZATION PRACTICES,ORGANIC STATUS,ANNUAL,,2007,$,,15,,009,00,MAUI & KALAWAO,00,                 (D),,00000000,ALL CLASSES,,COUNTY,HAWAII,9000,2012-01-01 00:00:00.000,CROPS,"MAUI, MOLOKAI & LANAI ISLAND",ORGANIC,CROP TOTALS,,CROP TOTALS,ORGANIC STATUS: (NOP STANDARDS),"CROP TOTALS, ORGANIC - SALES, MEASURED IN $",SALES,CENSUS
62,UNITED STATES,"HAWAII, OAHU ISLAND, HONOLULU",HI,15,YEAR,003,ALL UTILIZATION PRACTICES,ORGANIC STATUS,ANNUAL,,2007,$,,15,,003,00,HONOLULU,00,"366,000",,00000000,ALL CLASSES,,COUNTY,HAWAII,9000,2012-01-01 00:00:00.000,CROPS,OAHU ISLAND,ORGANIC,CROP TOTALS,,CROP TOTALS,ORGANIC STATUS: (NOP STANDARDS),"CROP TOTALS, ORGANIC - SALES, MEASURED IN $",SALES,CENSUS
,UNITED STATES,HAWAII,HI,15,YEAR,,ALL UTILIZATION PRACTICES,ORGANIC STATUS,ANNUAL,,2007,$,,15,,,00,,00,                 (D),,00000000,ALL CLASSES,,STATE,HAWAII,9000,2012-01-01 00:00:00.000,CROPS,,ORGANIC,CROP TOTALS,,CROP TOTALS,ORGANIC STATUS: (NOP STANDARDS),"CROP TOTALS, ORGANIC - SALES, MEASURED IN $",SALES,CENSUS
,UNITED STATES,HAWAII,HI,15,YEAR,,ALL UTILIZATION PRACTICES,ORGANIC STATUS,ANNUAL,,2014,$,,15,,,00,,00,                 (D),,00000000,ALL CLASSES,,STATE,HAWAII,9000,2015-01-31 00:00:00.000,CROPS,,ORGANIC,CROP TOTALS,(D),CROP TOTALS,ORGANIC STATUS: (NOP USDA CERTIFIED & EXEMPT),"CROP TOTALS, ORGANIC - SALES, MEASURED IN $",SALES,CENSUS
,UNITED STATES,HAWAII,HI,15,YEAR,,ALL UTILIZATION PRACTICES,ORGANIC STATUS,ANNUAL,,2008,$,,15,,,00,,00,"9,481,678",,00000000,ALL CLASSES,,STATE,HAWAII,9000,2012-01-01 00:00:00.000,CROPS,,ORGANIC,CROP TOTALS,,CROP TOTALS,ORGANIC STATUS: (NOP USDA CERTIFIED & EXEMPT),"CROP TOTALS, ORGANIC - SALES, MEASURED IN $",SALES,CENSUS
,UNITED STATES,HAWAII,HI,15,YEAR,,ALL UTILIZATION PRACTICES,ORGANIC STATUS,ANNUAL,,2021,$,,15,,,00,,00,"15,247,000",,00000000,ALL CLASSES,,STATE,HAWAII,9000,2022-12-15 12:00:00.000,CROPS,,ORGANIC,CROP TOTALS,33.0,CROP TOTALS,ORGANIC STATUS: (NOP USDA CERTIFIED),"CROP TOTALS, ORGANIC - SALES, MEASURED IN $",SALES,CENSUS
,UNITED STATES,HAWAII,HI,15,YEAR,,ALL UTILIZATION PRACTICES,ORGANIC STATUS,ANNUAL,,2019,$,,15,,,00,,00,"15,495,000",,00000000,ALL CLASSES,,STATE,HAWAII,9000,2018-02-01 00:00:00.000,CROPS,,ORGANIC,CROP TOTALS,26.4,CROP TOTALS,ORGANIC STATUS: (NOP USDA CERTIFIED),"CROP TOTALS, ORGANIC - SALES, MEASURED IN $",SALES,CENSUS
,UNITED STATES,HAWAII,HI,15,YEAR,,ALL UTILIZATION PRACTICES,ORGANIC STATUS,ANNUAL,,2016,$,,15,,,00,,00,"11,718,000",,00000000,ALL CLASSES,,STATE,HAWAII,9000,2016-01-31 00:00:00.000,CROPS,,ORGANIC,CROP TOTALS,11.2,CROP TOTALS,ORGANIC STATUS: (NOP USDA CERTIFIED),"CROP TOTALS, ORGANIC - SALES, MEASURED IN $",SALES,CENSUS
,UNITED STATES,HAWAII,HI,15,YEAR,,ALL UTILIZATION PRACTICES,ORGANIC STATUS,ANNUAL,,2015,$,,15,,,00,,00,                 (D),,00000000,ALL CLASSES,,STATE,HAWAII,9000,2015-01-31 00:00:00.000,CROPS,,ORGANIC,CROP TOTALS,(D),CROP TOTALS,ORGANIC STATUS: (NOP USDA CERTIFIED),"CROP TOTALS, ORGANIC - SALES, MEASURED IN $",SALES,CENSUS
,UNITED STATES,HAWAII,HI,15,YEAR,,ALL UTILIZATION PRACTICES,ORGANIC STATUS,ANNUAL,,2011,$,,15,,,00,,00,                 (D),,00000000,ALL CLASSES,,STATE,HAWAII,9000,2012-12-31 00:00:00.000,CROPS,,ORGANIC,CROP TOTALS,,CROP TOTALS,ORGANIC STATUS: (NOP USDA CERTIFIED),"CROP TOTALS, ORGANIC - SALES, MEASURED IN $",SALES,CENSUS
,UNITED STATES,HAWAII,HI,15,YEAR,,ALL UTILIZATION PRACTICES,ORGANIC STATUS AND SALES,ANNUAL,,2007,$,,15,,,00,,00,"4,650,000",,00000000,ALL CLASSES,,STATE,HAWAII,9000,2012-01-01 00:00:00.000,CROPS,,ORGANIC,CROP TOTALS,,CROP TOTALS,"ORGANIC STATUS: (NOP STANDARDS) AND SALES: (50,000 OR MORE $)","CROP TOTALS, ORGANIC - SALES, MEASURED IN $",SALES,CENSUS
,UNITED STATES,HAWAII,HI,15,YEAR,,ALL UTILIZATION PRACTICES,ORGANIC STATUS AND SALES,ANNUAL,,2007,$,,15,,,00,,00,                 (D),,00000000,ALL CLASSES,,STATE,HAWAII,9000,2012-01-01 00:00:00.000,CROPS,,ORGANIC,CROP TOTALS,,CROP TOTALS,"ORGANIC STATUS: (NOP STANDARDS) AND SALES: (LESS THAN 50,000 $)","CROP TOTALS, ORGANIC - SALES, MEASURED IN $",SALES,CENSUS
11,UNITED STATES,"HAWAII, HAWAII ISLAND, HAWAII",HI,15,YEAR,001,ALL UTILIZATION PRACTICES,ORGANIC STATUS,ANNUAL,,2007,OPERATIONS,,15,,001,00,HAWAII,00,291,,00000000,ALL CLASSES,,COUNTY,HAWAII,9000,2012-01-01 00:00:00.000,CROPS,HAWAII ISLAND,ORGANIC,CROP TOTALS,,CROP TOTALS,ORGANIC STATUS: (NOP STANDARDS),"CROP TOTALS, ORGANIC - OPERATIONS WITH SALES",SALES,CENSUS
24,UNITED STATES,"HAWAII, KAUAI AND NIIHAU ISLANDS, KAUAI",HI,15,YEAR,007,ALL UTILIZATION PRACTICES,ORGANIC STATUS,ANNUAL,,2007,OPERATIONS,,15,,007,00,KAUAI,00,70,,00000000,ALL CLASSES,,COUNTY,HAWAII,9000,2012-01-01 00:00:00.000,CROPS,KAUAI AND NIIHAU ISLANDS,ORGANIC,CROP TOTALS,,CROP TOTALS,ORGANIC STATUS: (NOP STANDARDS),"CROP TOTALS, ORGANIC - OPERATIONS WITH SALES",SALES,CENSUS
35,UNITED STATES,"HAWAII, MAUI, MOLOKAI & LANAI ISLAND, MAUI & KALAWAO",HI,15,YEAR,009,ALL UTILIZATION PRACTICES,ORGANIC STATUS,ANNUAL,,2007,OPERATIONS,,15,,009,00,MAUI & KALAWAO,00,128,,00000000,ALL CLASSES,,COUNTY,HAWAII,9000,2012-01-01 00:00:00.000,CROPS,"MAUI, MOLOKAI & LANAI ISLAND",ORGANIC,CROP TOTALS,,CROP TOTALS,ORGANIC STATUS: (NOP STANDARDS),"CROP TOTALS, ORGANIC - OPERATIONS WITH SALES",SALES,CENSUS
62,UNITED STATES,"HAWAII, OAHU ISLAND, HONOLULU",HI,15,YEAR,003,ALL UTILIZATION PRACTICES,ORGANIC STATUS,ANNUAL,,2007,OPERATIONS,,15,,003,00,HONOLULU,00,25,,00000000,ALL CLASSES,,COUNTY,HAWAII,9000,2012-01-01 00:00:00.000,CROPS,OAHU ISLAND,ORGANIC,CROP TOTALS,,CROP TOTALS,ORGANIC STATUS: (NOP STANDARDS),"CROP TOTALS, ORGANIC - OPERATIONS WITH SALES",SALES,CENSUS
,UNITED STATES,HAWAII,HI,15,YEAR,,ALL UTILIZATION PRACTICES,ORGANIC STATUS,ANNUAL,,2007,OPERATIONS,,15,,,00,,00,514,,00000000,ALL CLASSES,,STATE,HAWAII,9000,2012-01-01 00:00:00.000,CROPS,,ORGANIC,CROP TOTALS,,CROP TOTALS,ORGANIC STATUS: (NOP STANDARDS),"CROP TOTALS, ORGANIC - OPERATIONS WITH SALES",SALES,CENSUS
,UNITED STATES,HAWAII,HI,15,YEAR,,ALL UTILIZATION PRACTICES,ORGANIC STATUS,ANNUAL,,2014,OPERATIONS,,15,,,00,,00,162,,00000000,ALL CLASSES,,STATE,HAWAII,9000,2015-01-31 00:00:00.000,CROPS,,ORGANIC,CROP TOTALS,7.7,CROP TOTALS,ORGANIC STATUS: (NOP USDA CERTIFIED & EXEMPT),"CROP TOTALS, ORGANIC - OPERATIONS WITH SALES",SALES,CENSUS
,UNITED STATES,HAWAII,HI,15,YEAR,,ALL UTILIZATION PRACTICES,ORGANIC STATUS,ANNUAL,,2008,OPERATIONS,,15,,,00,,00,300,,00000000,ALL CLASSES,,STATE,HAWAII,9000,2012-01-01 00:00:00.000,CROPS,,ORGANIC,CROP TOTALS,,CROP TOTALS,ORGANIC STATUS: (NOP USDA CERTIFIED & EXEMPT),"CROP TOTALS, ORGANIC - OPERATIONS WITH SALES",SALES,CENSUS
,UNITED STATES,HAWAII,HI,15,YEAR,,ALL UTILIZATION PRACTICES,ORGANIC STATUS,ANNUAL,,2021,OPERATIONS,,15,,,00,,00,139,,00000000,ALL CLASSES,,STATE,HAWAII,9000,2022-12-15 12:00:00.000,CROPS,,ORGANIC,CROP TOTALS,9.1,CROP TOTALS,ORGANIC STATUS: (NOP USDA CERTIFIED),"CROP TOTALS, ORGANIC - OPERATIONS WITH SALES",SALES,CENSUS
,UNITED STATES,HAWAII,HI,15,YEAR,,ALL UTILIZATION PRACTICES,ORGANIC STATUS,ANNUAL,,2019,OPERATIONS,,15,,,00,,00,125,,00000000,ALL CLASSES,,STATE,HAWAII,9000,2018-02-01 00:00:00.000,CROPS,,ORGANIC,CROP TOTALS,6.0,CROP TOTALS,ORGANIC STATUS: (NOP USDA CERTIFIED),"CROP TOTALS, ORGANIC - OPERATIONS WITH SALES",SALES,CENSUS
,UNITED STATES,HAWAII,HI,15,YEAR,,ALL UTILIZATION PRACTICES,ORGANIC STATUS,ANNUAL,,2016,OPERATIONS,,15,,,00,,00,108,,00000000,ALL CLASSES,,STATE,HAWAII,9000,2016-01-31 00:00:00.000,CROPS,,ORGANIC,CROP TOTALS,4.6,CROP TOTALS,ORGANIC STATUS: (NOP USDA CERTIFIED),"CROP TOTALS, ORGANIC - OPERATIONS WITH SALES",SALES,CENSUS
,UNITED STATES,HAWAII,HI,15,YEAR,,ALL UTILIZATION PRACTICES,ORGANIC STATUS,ANNUAL,,2015,OPERATIONS,,15,,,00,,00,118,,00000000,ALL CLASSES,,STATE,HAWAII,9000,2015-01-31 00:00:00.000,CROPS,,ORGANIC,CROP TOTALS,7.4,CROP TOTALS,ORGANIC STATUS: (NOP USDA CERTIFIED),"CROP TOTALS, ORGANIC - OPERATIONS WITH SALES",SALES,CENSUS
,UNITED STATES,HAWAII,HI,15,YEAR,,ALL UTILIZATION PRACTICES,ORGANIC STATUS,ANNUAL,,2011,OPERATIONS,,15,,,00,,00,91,,00000000,ALL CLASSES,,STATE,HAWAII,9000,2012-12-31 00:00:00.000,CROPS,,ORGANIC,CROP TOTALS,,CROP TOTALS,ORGANIC STATUS: (NOP USDA CERTIFIED),"CROP TOTALS, ORGANIC - OPERATIONS WITH SALES",SALES,CENSUS
,UNITED STATES,HAWAII,HI,15,YEAR,,ALL UTILIZATION PRACTICES,ORGANIC STATUS AND SALES,ANNUAL,,2007,OPERATIONS,,15,,,00,,00,36,,00000000,ALL CLASSES,,STATE,HAWAII,9000,2012-01-01 00:00:00.000,CROPS,,ORGANIC,CROP TOTALS,,CROP TOTALS,"ORGANIC STATUS: (NOP STANDARDS) AND SALES: (50,000 OR MORE $)","CROP TOTALS, ORGANIC - OPERATIONS WITH SALES",SALES,CENSUS
,UNITED STATES,HAWAII,HI,15,YEAR,,ALL UTILIZATION PRACTICES,ORGANIC STATUS AND SALES,ANNUAL,,2007,OPERATIONS,,15,,,00,,00,478,,00000000,ALL CLASSES,,STATE,HAWAII,9000,2012-01-01 00:00:00.000,CROPS,,ORGANIC,CROP TOTALS,,CROP TOTALS,"ORGANIC STATUS: (NOP STANDARDS) AND SALES: (LESS THAN 50,000 $)","CROP TOTALS, ORGANIC - OPERATIONS WITH SALES",SALES,CENSUS
,UNITED STATES,HAWAII,HI,15,YEAR,,ALL UTILIZATION PRACTICES,ORGANIC STATUS,ANNUAL,,2019,OPERATIONS,,15,,,00,,00,2,,00000000,ALL CLASSES,,STATE,HAWAII,9000,2018-02-01 00:00:00.000,CROPS,,"ORGANIC, LOSS DUE TO GMO MATERIAL, CURRENT YEAR",CROP TOTALS,53.5,CROP TOTALS,ORGANIC STATUS: (NOP USDA CERTIFIED),"CROP TOTALS, ORGANIC, LOSS DUE TO GMO MATERIAL, CURRENT YEAR - OPERATIONS WITH LOSS",LOSS,CENSUS
,UNITED STATES,HAWAII,HI,15,YEAR,,ALL UTILIZATION PRACTICES,ORGANIC STATUS,ANNUAL,,2021,OPERATIONS,,15,,,00,,00,123,,00000000,ALL CLASSES,,STATE,HAWAII,9000,2022-12-15 12:00:00.000,CROPS,,"ORGANIC, LOSS DUE TO GMO MATERIAL, NONE",CROP TOTALS,13.3,CROP TOTALS,ORGANIC STATUS: (NOP USDA CERTIFIED),"CROP TOTALS, ORGANIC, LOSS DUE TO GMO MATERIAL, NONE - OPERATIONS WITH LOSS",LOSS,CENSUS
,UNITED STATES,HAWAII,HI,15,YEAR,,ALL UTILIZATION PRACTICES,ORGANIC STATUS,ANNUAL,,2019,OPERATIONS,,15,,,00,,00,120,,00000000,ALL CLASSES,,STATE,HAWAII,9000,2018-02-01 00:00:00.000,CROPS,,"ORGANIC, LOSS DUE TO GMO MATERIAL, NONE",CROP TOTALS,6.4,CROP TOTALS,ORGANIC STATUS: (NOP USDA CERTIFIED),"CROP TOTALS, ORGANIC, LOSS DUE TO GMO MATERIAL, NONE - OPERATIONS WITH LOSS",LOSS,CENSUS
,UNITED STATES,HAWAII,HI,15,YEAR,,ALL UTILIZATION PRACTICES,ORGANIC STATUS,ANNUAL,,2021,OPERATIONS,,15,,,00,,00,20,,00000000,ALL CLASSES,,STATE,HAWAII,9000,2022-12-15 12:00:00.000,CROPS,,"ORGANIC, LOSS DUE TO GMO MATERIAL, UNKNOWN",CROP TOTALS,46.3,CROP TOTALS,ORGANIC STATUS: (NOP USDA CERTIFIED),"CROP TOTALS, ORGANIC, LOSS DUE TO GMO MATERIAL, UNKNOWN - OPERATIONS WITH LOSS",LOSS,CENSUS
,UNITED STATES,HAWAII,HI,15,YEAR,,ALL UTILIZATION PRACTICES,ORGANIC STATUS,ANNUAL,,2019,OPERATIONS,,15,,,00,,00,7,,00000000,ALL CLASSES,,STATE,HAWAII,9000,2018-02-01 00:00:00.000,CROPS,,"ORGANIC, LOSS DUE TO GMO MATERIAL, UNKNOWN",CROP TOTALS,25.1,CROP TOTALS,ORGANIC STATUS: (NOP USDA CERTIFIED),"CROP TOTALS, ORGANIC, LOSS DUE TO GMO MATERIAL, UNKNOWN - OPERATIONS WITH LOSS",LOSS,CENSUS
,UNITED STATES,HAWAII,HI,15,YEAR,,ALL UTILIZATION PRACTICES,ORGANIC STATUS,ANNUAL,,2021,OPERATIONS,,15,,,00,,00,1,,00000000,ALL CLASSES,,STATE,HAWAII,9000,2022-12-15 12:00:00.000,CROPS,,"ORGANIC, LOSS DUE TO GMO MATERIAL, YEARS 2017 AND PRIOR",CROP TOTALS,(H),CROP TOTALS,ORGANIC STATUS: (NOP USDA CERTIFIED),"CROP TOTALS, ORGANIC, LOSS DUE TO GMO MATERIAL, YEARS 2017 AND PRIOR - OPERATIONS WITH LOSS",LOSS,CENSUS
,UNITED STATES,HAWAII,HI,15,YEAR,,ALL UTILIZATION PRACTICES,ORGANIC STATUS,ANNUAL,,2019,OPERATIONS,,15,,,00,,00,2,,00000000,ALL CLASSES,,STATE,HAWAII,9000,2018-02-01 00:00:00.000,CROPS,,"ORGANIC, LOSS DUE TO NON-NOP PESTICIDES, CURRENT YEAR",CROP TOTALS,96.1,CROP TOTALS,ORGANIC STATUS: (NOP USDA CERTIFIED),"CROP TOTALS, ORGANIC, LOSS DUE TO NON-NOP PESTICIDES, CURRENT YEAR - OPERATIONS WITH LOSS",LOSS,CENSUS
,UNITED STATES,HAWAII,HI,15,YEAR,,ALL UTILIZATION PRACTICES,ORGANIC STATUS,ANNUAL,,2021,OPERATIONS,,15,,,00,,00,126,,00000000,ALL CLASSES,,STATE,HAWAII,9000,2022-12-15 12:00:00.000,CROPS,,"ORGANIC, LOSS DUE TO NON-NOP PESTICIDES, NONE",CROP TOTALS,13.1,CROP TOTALS,ORGANIC STATUS: (NOP USDA CERTIFIED),"CROP TOTALS, ORGANIC, LOSS DUE TO NON-NOP PESTICIDES, NONE - OPERATIONS WITH LOSS",LOSS,CENSUS
,UNITED STATES,HAWAII,HI,15,YEAR,,ALL UTILIZATION PRACTICES,ORGANIC STATUS,ANNUAL,,2019,OPERATIONS,,15,,,00,,00,116,,00000000,ALL CLASSES,,STATE,HAWAII,9000,2018-02-01 00:00:00.000,CROPS,,"ORGANIC, LOSS DUE TO NON-NOP PESTICIDES, NONE",CROP TOTALS,5.8,CROP TOTALS,ORGANIC STATUS: (NOP USDA CERTIFIED),"CROP TOTALS, ORGANIC, LOSS DUE TO NON-NOP PESTICIDES, NONE - OPERATIONS WITH LOSS",LOSS,CENSUS
,UNITED STATES,HAWAII,HI,15,YEAR,,ALL UTILIZATION PRACTICES,ORGANIC STATUS,ANNUAL,,2021,OPERATIONS,,15,,,00,,00,15,,00000000,ALL CLASSES,,STATE,HAWAII,9000,2022-12-15 12:00:00.000,CROPS,,"ORGANIC, LOSS DUE TO NON-NOP PESTICIDES, UNKNOWN",CROP TOTALS,42.3,CROP TOTALS,ORGANIC STATUS: (NOP USDA CERTIFIED),"CROP TOTALS, ORGANIC, LOSS DUE TO NON-NOP PESTICIDES, UNKNOWN - OPERATIONS WITH LOSS",LOSS,CENSUS
,UNITED STATES,HAWAII,HI,15,YEAR,,ALL UTILIZATION PRACTICES,ORGANIC STATUS,ANNUAL,,2019,OPERATIONS,,15,,,00,,00,7,,00000000,ALL CLASSES,,STATE,HAWAII,9000,2018-02-01 00:00:00.000,CROPS,,"ORGANIC, LOSS DUE TO NON-NOP PESTICIDES, UNKNOWN",CROP TOTALS,23.6,CROP TOTALS,ORGANIC STATUS: (NOP USDA CERTIFIED),"CROP TOTALS, ORGANIC, LOSS DUE TO NON-NOP PESTICIDES, UNKNOWN - OPERATIONS WITH LOSS",LOSS,CENSUS
,UNITED STATES,HAWAII,HI,15,YEAR,,ALL UTILIZATION PRACTICES,ORGANIC STATUS,ANNUAL,,2021,OPERATIONS,,15,,,00,,00,3,,00000000,ALL CLASSES,,STATE,HAWAII,9000,2022-12-15 12:00:00.000,CROPS,,"ORGANIC, LOSS DUE TO NON-NOP PESTICIDES, YEARS 2017 AND PRIOR",CROP TOTALS,(H),CROP TOTALS,ORGANIC STATUS: (NOP USDA CERTIFIED),"CROP TOTALS, ORGANIC, LOSS DUE TO NON-NOP PESTICIDES, YEARS 2017 AND PRIOR - OPERATIONS WITH LOSS",LOSS,CENSUS
,UNITED STATES,HAWAII,HI,15,YEAR,,ALL UTILIZATION PRACTICES,ORGANIC STATUS,ANNUAL,,2019,OPERATIONS,,15,,,00,,00,4,,00000000,ALL CLASSES,,STATE,HAWAII,9000,2018-02-01 00:00:00.000,CROPS,,"ORGANIC, LOSS DUE TO NON-NOP PESTICIDES, YEARS 2017 AND PRIOR",CROP TOTALS,84.7,CROP TOTALS,ORGANIC STATUS: (NOP USDA CERTIFIED),"CROP TOTALS, ORGANIC, LOSS DUE TO NON-NOP PESTICIDES, YEARS 2017 AND PRIOR - OPERATIONS WITH LOSS",LOSS,CENSUS
,UNITED STATES,HAWAII,HI,15,YEAR,,ALL UTILIZATION PRACTICES,TOTAL,ANNUAL,,2023,$,,15,,,00,,00,"86,164,000",,00000000,(EXCL HORTICULTURE),,STATE,HAWAII,9000,2025-02-26 15:00:00.000,CROPS,,ALL PRODUCTION PRACTICES,CROP TOTALS,,CROP TOTALS,NOT SPECIFIED,"CROP TOTALS, (EXCL HORTICULTURE) - PRODUCTION, MEASURED IN $",PRODUCTION,SURVEY
,UNITED STATES,HAWAII,HI,15,YEAR,,ALL UTILIZATION PRACTICES,TOTAL,ANNUAL,,2022,$,,15,,,00,,00,"94,187,000",,00000000,(EXCL HORTICULTURE),,STATE,HAWAII,9000,2024-02-16 15:00:00.000,CROPS,,ALL PRODUCTION PRACTICES,CROP TOTALS,,CROP TOTALS,NOT SPECIFIED,"CROP TOTALS, (EXCL HORTICULTURE) - PRODUCTION, MEASURED IN $",PRODUCTION,SURVEY
,UNITED STATES,HAWAII,HI,15,YEAR,,ALL UTILIZATION PRACTICES,TOTAL,ANNUAL,,2021,$,,15,,,00,,00,"140,340,000",,00000000,(EXCL HORTICULTURE),,STATE,HAWAII,9000,2024-02-16 15:00:00.000,CROPS,,ALL PRODUCTION PRACTICES,CROP TOTALS,,CROP TOTALS,NOT SPECIFIED,"CROP TOTALS, (EXCL HORTICULTURE) - PRODUCTION, MEASURED IN $",PRODUCTION,SURVEY
,UNITED STATES,HAWAII,HI,15,YEAR,,ALL UTILIZATION PRACTICES,TOTAL,ANNUAL,,2020,$,,15,,,00,,00,"105,673,000",,00000000,(EXCL HORTICULTURE),,STATE,HAWAII,9000,2024-02-16 15:00:00.000,CROPS,,ALL PRODUCTION PRACTICES,CROP TOTALS,,CROP TOTALS,NOT SPECIFIED,"CROP TOTALS, (EXCL HORTICULTURE) - PRODUCTION, MEASURED IN $",PRODUCTION,SURVEY
,UNITED STATES,HAWAII,HI,15,YEAR,,ALL UTILIZATION PRACTICES,TOTAL,ANNUAL,,2019,$,,15,,,00,,00,"110,042,000",,00000000,(EXCL HORTICULTURE),,STATE,HAWAII,9000,2024-02-16 15:00:00.000,CROPS,,ALL PRODUCTION PRACTICES,CROP TOTALS,,CROP TOTALS,NOT SPECIFIED,"CROP TOTALS, (EXCL HORTICULTURE) - PRODUCTION, MEASURED IN $",PRODUCTION,SURVEY
,UNITED STATES,HAWAII,HI,15,YEAR,,ALL UTILIZATION PRACTICES,TOTAL,ANNUAL,,2018,$,,15,,,00,,00,"101,246,000",,00000000,(EXCL HORTICULTURE),,STATE,HAWAII,9000,2024-02-16 15:00:00.000,CROPS,,ALL PRODUCTION PRACTICES,CROP TOTALS,,CROP TOTALS,NOT SPECIFIED,"CROP TOTALS, (EXCL HORTICULTURE) - PRODUCTION, MEASURED IN $",PRODUCTION,SURVEY
,UNITED STATES,HAWAII,HI,15,YEAR,,ALL UTILIZATION PRACTICES,TOTAL,ANNUAL,,2017,$,,15,,,00,,00,"117,220,000",,00000000,(EXCL HORTICULTURE),,STATE,HAWAII,9000,2020-02-24 15:05:49.000,CROPS,,ALL PRODUCTION PRACTICES,CROP TOTALS,,CROP TOTALS,NOT SPECIFIED,"CROP TOTALS, (EXCL HORTICULTURE) - PRODUCTION, MEASURED IN $",PRODUCTION,SURVEY
,UNITED STATES,HAWAII,HI,15,YEAR,,ALL UTILIZATION PRACTICES,TOTAL,ANNUAL,,2016,$,,15,,,00,,00,"164,782,000",,00000000,(EXCL HORTICULTURE),,STATE,HAWAII,9000,2019-04-12 16:46:44.000,CROPS,,ALL PRODUCTION PRACTICES,CROP TOTALS,,CROP TOTALS,NOT SPECIFIED,"CROP TOTALS, (EXCL HORTICULTURE) - PRODUCTION, MEASURED IN $",PRODUCTION,SURVEY
,UNITED STATES,HAWAII,HI,15,YEAR,,ALL UTILIZATION PRACTICES,TOTAL,ANNUAL,,2015,$,,15,,,00,,00,"163,147,000",,00000000,(EXCL HORTICULTURE),,STATE,HAWAII,9000,2019-04-05 15:00:25.000,CROPS,,ALL PRODUCTION PRACTICES,CROP TOTALS,,CROP TOTALS,NOT SPECIFIED,"CROP TOTALS, (EXCL HORTICULTURE) - PRODUCTION, MEASURED IN $",PRODUCTION,SURVEY
,UNITED STATES,HAWAII,HI,15,YEAR,,ALL UTILIZATION PRACTICES,TOTAL,ANNUAL,,2014,$,,15,,,00,,00,"185,055,000",,00000000,(EXCL HORTICULTURE),,STATE,HAWAII,9000,2019-04-05 15:00:25.000,CROPS,,ALL PRODUCTION PRACTICES,CROP TOTALS,,CROP TOTALS,NOT SPECIFIED,"CROP TOTALS, (EXCL HORTICULTURE) - PRODUCTION, MEASURED IN $",PRODUCTION,SURVEY
,UNITED STATES,HAWAII,HI,15,YEAR,,ALL UTILIZATION PRACTICES,TOTAL,ANNUAL,,2013,$,,15,,,00,,00,"142,489,000",,00000000,(EXCL HORTICULTURE),,STATE,HAWAII,9000,2019-04-05 15:00:25.000,CROPS,,ALL PRODUCTION PRACTICES,CROP TOTALS,,CROP TOTALS,NOT SPECIFIED,"CROP TOTALS, (EXCL HORTICULTURE) - PRODUCTION, MEASURED IN $",PRODUCTION,SURVEY
,UNITED STATES,HAWAII,HI,15,YEAR,,ALL UTILIZATION PRACTICES,TOTAL,ANNUAL,,2012,$,,15,,,00,,00,"156,701,000",,00000000,(EXCL HORTICULTURE),,STATE,HAWAII,9000,2015-02-25 16:30:07.000,CROPS,,ALL PRODUCTION PRACTICES,CROP TOTALS,,CROP TOTALS,NOT SPECIFIED,"CROP TOTALS, (EXCL HORTICULTURE) - PRODUCTION, MEASURED IN $",PRODUCTION,SURVEY
,UNITED STATES,HAWAII,HI,15,YEAR,,ALL UTILIZATION PRACTICES,TOTAL,ANNUAL,,2011,$,,15,,,00,,00,"177,157,000",,00000000,(EXCL HORTICULTURE),,STATE,HAWAII,9000,2014-11-06 10:31:04.000,CROPS,,ALL PRODUCTION PRACTICES,CROP TOTALS,,CROP TOTALS,NOT SPECIFIED,"CROP TOTALS, (EXCL HORTICULTURE) - PRODUCTION, MEASURED IN $",PRODUCTION,SURVEY
,UNITED STATES,HAWAII,HI,15,YEAR,,ALL UTILIZATION PRACTICES,TOTAL,ANNUAL,,2010,$,,15,,,00,,00,"162,482,000",,00000000,(EXCL HORTICULTURE),,STATE,HAWAII,9000,2014-11-06 10:31:04.000,CROPS,,ALL PRODUCTION PRACTICES,CROP TOTALS,,CROP TOTALS,NOT SPECIFIED,"CROP TOTALS, (EXCL HORTICULTURE) - PRODUCTION, MEASURED IN $",PRODUCTION,SURVEY
,UNITED STATES,HAWAII,HI,15,YEAR,,ALL UTILIZATION PRACTICES,TOTAL,ANNUAL,,2009,$,,15,,,00,,00,"136,011,000",,00000000,(EXCL HORTICULTURE),,STATE,HAWAII,9000,2014-11-06 10:31:04.000,CROPS,,ALL PRODUCTION PRACTICES,CROP TOTALS,,CROP TOTALS,NOT SPECIFIED,"CROP TOTALS, (EXCL HORTICULTURE) - PRODUCTION, MEASURED IN $",PRODUCTION,SURVEY
,UNITED STATES,HAWAII,HI,15,YEAR,,ALL UTILIZATION PRACTICES,TOTAL,ANNUAL,,2008,$,,15,,,00,,00,"139,964,000",,00000000,(EXCL HORTICULTURE),,STATE,HAWAII,9000,2014-11-06 10:31:04.000,CROPS,,ALL PRODUCTION PRACTICES,CROP TOTALS,,CROP TOTALS,NOT SPECIFIED,"CROP TOTALS, (EXCL HORTICULTURE) - PRODUCTION, MEASURED IN $",PRODUCTION,SURVEY
,UNITED STATES,HAWAII,HI,15,YEAR,,ALL UTILIZATION PRACTICES,TOTAL,ANNUAL,,2007,$,,15,,,00,,00,"137,177,000",,00000000,(EXCL HORTICULTURE),,STATE,HAWAII,9000,2014-11-06 10:31:04.000,CROPS,,ALL PRODUCTION PRACTICES,CROP TOTALS,,CROP TOTALS,NOT SPECIFIED,"CROP TOTALS, (EXCL HORTICULTURE) - PRODUCTION, MEASURED IN $",PRODUCTION,SURVEY
